match_id,date,format,team1,team2,venue
524915,2011-12-16,BBL,Brisbane Heat,Sydney Sixers,Sydney Cricket Ground
524916,2011-12-17,BBL,Melbourne Stars,Sydney Thunder,Melbourne Cricket Ground
524917,2011-12-18,BBL,Adelaide Strikers,Melbourne Renegades,Adelaide Oval
524918,2011-12-18,BBL,Hobart Hurricanes,Perth Scorchers,Western Australia Cricket Association Ground
524919,2011-12-20,BBL,Melbourne Stars,Brisbane Heat,"Brisbane Cricket Ground, Woolloongabba"
524920,2011-12-21,BBL,Hobart Hurricanes,Sydney Sixers,Bellerive Oval
524921,2011-12-22,BBL,Melbourne Renegades,Perth Scorchers,Docklands Stadium
524922,2011-12-23,BBL,Adelaide Strikers,Sydney Thunder,Stadium Australia
524923,2011-12-27,BBL,Sydney Sixers,Melbourne Stars,Sydney Cricket Ground
524924,2011-12-28,BBL,Hobart Hurricanes,Adelaide Strikers,Adelaide Oval
524925,2011-12-29,BBL,Perth Scorchers,Brisbane Heat,Western Australia Cricket Association Ground
524926,2011-12-30,BBL,Melbourne Renegades,Sydney Thunder,Stadium Australia
524927,2012-01-01,BBL,Sydney Thunder,Hobart Hurricanes,Bellerive Oval
524928,2012-01-02,BBL,Sydney Sixers,Melbourne Renegades,Docklands Stadium
524930,2012-01-04,BBL,Perth Scorchers,Melbourne Stars,Melbourne Cricket Ground
524933,2012-01-08,BBL,Sydney Sixers,Sydney Thunder,Stadium Australia
524934,2012-01-08,BBL,Perth Scorchers,Adelaide Strikers,Western Australia Cricket Association Ground
524935,2012-01-09,BBL,Melbourne Stars,Hobart Hurricanes,Bellerive Oval
524936,2012-01-10,BBL,Sydney Sixers,Adelaide Strikers,Adelaide Oval
524938,2012-01-12,BBL,Brisbane Heat,Melbourne Renegades,Docklands Stadium
524939,2012-01-17,BBL,Brisbane Heat,Sydney Thunder,"Brisbane Cricket Ground, Woolloongabba"
524940,2012-01-18,BBL,Melbourne Renegades,Hobart Hurricanes,Bellerive Oval
524941,2012-01-18,BBL,Sydney Sixers,Perth Scorchers,Sydney Cricket Ground
524942,2012-01-19,BBL,Adelaide Strikers,Melbourne Stars,Melbourne Cricket Ground
524943,2012-01-21,BBL,Perth Scorchers,Melbourne Stars,Western Australia Cricket Association Ground
524944,2012-01-22,BBL,Sydney Sixers,Hobart Hurricanes,Bellerive Oval
524945,2012-01-28,BBL,Perth Scorchers,Sydney Sixers,Western Australia Cricket Association Ground
571232,2012-12-07,BBL,Melbourne Stars,Melbourne Renegades,Docklands Stadium
571233,2012-12-08,BBL,Sydney Thunder,Sydney Sixers,Sydney Cricket Ground
571234,2012-12-09,BBL,Brisbane Heat,Hobart Hurricanes,"Brisbane Cricket Ground, Woolloongabba"
571235,2012-12-09,BBL,Perth Scorchers,Adelaide Strikers,Western Australia Cricket Association Ground
571236,2012-12-12,BBL,Perth Scorchers,Melbourne Stars,Western Australia Cricket Association Ground
571237,2012-12-13,BBL,Adelaide Strikers,Brisbane Heat,Adelaide Oval
571238,2012-12-14,BBL,Sydney Thunder,Melbourne Renegades,Stadium Australia
571239,2012-12-15,BBL,Hobart Hurricanes,Melbourne Stars,Melbourne Cricket Ground
571240,2012-12-16,BBL,Sydney Sixers,Perth Scorchers,Sydney Cricket Ground
571241,2012-12-18,BBL,Brisbane Heat,Perth Scorchers,"Brisbane Cricket Ground, Woolloongabba"
571242,2012-12-19,BBL,Hobart Hurricanes,Melbourne Renegades,Docklands Stadium
571243,2012-12-20,BBL,Adelaide Strikers,Sydney Thunder,Stadium Australia
571245,2012-12-22,BBL,Brisbane Heat,Melbourne Renegades,Docklands Stadium
571247,2012-12-23,BBL,Sydney Sixers,Adelaide Strikers,Adelaide Oval
571248,2012-12-26,BBL,Sydney Sixers,Hobart Hurricanes,Sydney Cricket Ground
571249,2012-12-27,BBL,Melbourne Stars,Adelaide Strikers,Adelaide Oval
571250,2012-12-28,BBL,Sydney Thunder,Brisbane Heat,Stadium Australia
571251,2012-12-29,BBL,Perth Scorchers,Melbourne Renegades,Western Australia Cricket Association Ground
571252,2012-12-30,BBL,Sydney Thunder,Sydney Sixers,Stadium Australia
571254,2013-01-02,BBL,Melbourne Renegades,Adelaide Strikers,Docklands Stadium
571256,2013-01-04,BBL,Sydney Thunder,Perth Scorchers,Western Australia Cricket Association Ground
571258,2013-01-06,BBL,Melbourne Stars,Melbourne Renegades,Melbourne Cricket Ground
571259,2013-01-07,BBL,Brisbane Heat,Sydney Sixers,"Brisbane Cricket Ground, Woolloongabba"
571260,2013-01-08,BBL,Melbourne Stars,Sydney Thunder,Melbourne Cricket Ground
571262,2013-01-10,BBL,Perth Scorchers,Adelaide Strikers,Adelaide Oval
571264,2013-01-15,BBL,Brisbane Heat,Melbourne Renegades,Docklands Stadium
571265,2013-01-16,BBL,Melbourne Stars,Perth Scorchers,Western Australia Cricket Association Ground
571266,2013-01-19,BBL,Brisbane Heat,Perth Scorchers,Western Australia Cricket Association Ground
654031,2013-12-20,BBL,Melbourne Stars,Melbourne Renegades,Melbourne Cricket Ground
654033,2013-12-21,BBL,Sydney Thunder,Sydney Sixers,Sydney Cricket Ground
654035,2013-12-22,BBL,Adelaide Strikers,Hobart Hurricanes,Bellerive Oval
654037,2013-12-22,BBL,Perth Scorchers,Brisbane Heat,"Brisbane Cricket Ground, Woolloongabba"
654039,2013-12-26,BBL,Perth Scorchers,Melbourne Renegades,Western Australia Cricket Association Ground
654041,2013-12-27,BBL,Adelaide Strikers,Sydney Thunder,Stadium Australia
654043,2013-12-28,BBL,Brisbane Heat,Hobart Hurricanes,"Brisbane Cricket Ground, Woolloongabba"
654045,2013-12-29,BBL,Melbourne Stars,Sydney Sixers,Sydney Cricket Ground
654047,2013-12-30,BBL,Melbourne Renegades,Brisbane Heat,Docklands Stadium
654051,2014-01-01,BBL,Melbourne Renegades,Hobart Hurricanes,Bellerive Oval
654053,2014-01-01,BBL,Sydney Thunder,Melbourne Stars,Stadium Australia
654055,2014-01-02,BBL,Sydney Sixers,Brisbane Heat,"Brisbane Cricket Ground, Woolloongabba"
654057,2014-01-03,BBL,Sydney Thunder,Perth Scorchers,Western Australia Cricket Association Ground
654059,2014-01-04,BBL,Melbourne Renegades,Melbourne Stars,Docklands Stadium
654061,2014-01-05,BBL,Adelaide Strikers,Sydney Sixers,Adelaide Oval
654063,2014-01-07,BBL,Perth Scorchers,Hobart Hurricanes,Western Australia Cricket Association Ground
654065,2014-01-08,BBL,Brisbane Heat,Sydney Thunder,Stadium Australia
654067,2014-01-09,BBL,Adelaide Strikers,Melbourne Stars,Melbourne Cricket Ground
654069,2014-01-10,BBL,Perth Scorchers,Sydney Sixers,Sydney Cricket Ground
654071,2014-01-11,BBL,Hobart Hurricanes,Sydney Thunder,Bellerive Oval
654073,2014-01-11,BBL,Brisbane Heat,Melbourne Stars,"Brisbane Cricket Ground, Woolloongabba"
654075,2014-01-14,BBL,Melbourne Renegades,Sydney Thunder,Docklands Stadium
654077,2014-01-15,BBL,Sydney Sixers,Hobart Hurricanes,Sydney Cricket Ground
654079,2014-01-16,BBL,Perth Scorchers,Adelaide Strikers,Western Australia Cricket Association Ground
654081,2014-01-18,BBL,Brisbane Heat,Adelaide Strikers,Adelaide Oval
654083,2014-01-18,BBL,Sydney Sixers,Melbourne Renegades,Docklands Stadium
654085,2014-01-21,BBL,Hobart Hurricanes,Melbourne Stars,Melbourne Cricket Ground
654087,2014-01-22,BBL,Melbourne Renegades,Adelaide Strikers,Adelaide Oval
654089,2014-01-23,BBL,Hobart Hurricanes,Brisbane Heat,Bellerive Oval
654091,2014-01-25,BBL,Sydney Thunder,Sydney Sixers,Stadium Australia
654093,2014-01-27,BBL,Melbourne Stars,Perth Scorchers,Melbourne Cricket Ground
654095,2014-02-04,BBL,Melbourne Stars,Hobart Hurricanes,Melbourne Cricket Ground
654097,2014-02-05,BBL,Perth Scorchers,Sydney Sixers,Sydney Cricket Ground
654099,2014-02-07,BBL,Perth Scorchers,Hobart Hurricanes,Western Australia Cricket Association Ground
756735,2014-12-18,BBL,Melbourne Stars,Adelaide Strikers,Adelaide Oval
756737,2014-12-19,BBL,Melbourne Renegades,Sydney Sixers,Sydney Cricket Ground
756739,2014-12-20,BBL,Hobart Hurricanes,Melbourne Stars,Melbourne Cricket Ground
756741,2014-12-21,BBL,Sydney Thunder,Brisbane Heat,Stadium Australia
756743,2014-12-22,BBL,Perth Scorchers,Adelaide Strikers,Western Australia Cricket Association Ground
756745,2014-12-23,BBL,Hobart Hurricanes,Sydney Sixers,Bellerive Oval
756747,2014-12-26,BBL,Perth Scorchers,Melbourne Renegades,Western Australia Cricket Association Ground
756749,2014-12-27,BBL,Sydney Sixers,Sydney Thunder,Stadium Australia
756751,2014-12-28,BBL,Brisbane Heat,Melbourne Stars,"Brisbane Cricket Ground, Woolloongabba"
756753,2014-12-29,BBL,Perth Scorchers,Sydney Sixers,Sydney Cricket Ground
756755,2014-12-30,BBL,Sydney Thunder,Melbourne Renegades,Docklands Stadium
756757,2014-12-31,BBL,Hobart Hurricanes,Adelaide Strikers,Adelaide Oval
756759,2015-01-01,BBL,Sydney Thunder,Perth Scorchers,Western Australia Cricket Association Ground
756761,2015-01-02,BBL,Brisbane Heat,Hobart Hurricanes,Bellerive Oval
756763,2015-01-03,BBL,Melbourne Stars,Melbourne Renegades,Docklands Stadium
756765,2015-01-04,BBL,Brisbane Heat,Adelaide Strikers,"Brisbane Cricket Ground, Woolloongabba"
756767,2015-01-05,BBL,Sydney Sixers,Melbourne Stars,Melbourne Cricket Ground
756769,2015-01-06,BBL,Perth Scorchers,Adelaide Strikers,Adelaide Oval
756789,2015-01-07,BBL,Melbourne Renegades,Hobart Hurricanes,Bellerive Oval
756773,2015-01-08,BBL,Brisbane Heat,Perth Scorchers,Western Australia Cricket Association Ground
756777,2015-01-10,BBL,Melbourne Renegades,Melbourne Stars,Melbourne Cricket Ground
756779,2015-01-11,BBL,Perth Scorchers,Hobart Hurricanes,Bellerive Oval
756781,2015-01-11,BBL,Brisbane Heat,Sydney Sixers,"Brisbane Cricket Ground, Woolloongabba"
756783,2015-01-12,BBL,Adelaide Strikers,Sydney Thunder,Adelaide Oval
756785,2015-01-13,BBL,Brisbane Heat,Melbourne Renegades,Docklands Stadium
756787,2015-01-14,BBL,Adelaide Strikers,Sydney Sixers,Sydney Cricket Ground
756797,2015-01-15,BBL,Brisbane Heat,Hobart Hurricanes,"Brisbane Cricket Ground, Woolloongabba"
756791,2015-01-17,BBL,Sydney Thunder,Melbourne Stars,Sydney Showground Stadium
756793,2015-01-19,BBL,Adelaide Strikers,Melbourne Renegades,Docklands Stadium
756795,2015-01-21,BBL,Perth Scorchers,Melbourne Stars,Melbourne Cricket Ground
756775,2015-01-22,BBL,Sydney Thunder,Sydney Sixers,Sydney Cricket Ground
756799,2015-01-24,BBL,Sydney Sixers,Adelaide Strikers,Adelaide Oval
756801,2015-01-25,BBL,Perth Scorchers,Melbourne Stars,Western Australia Cricket Association Ground
756803,2015-01-28,BBL,Sydney Sixers,Perth Scorchers,Manuka Oval
897697,2015-12-18,BBL,Adelaide Strikers,Melbourne Stars,Adelaide Oval
897699,2015-12-19,BBL,Brisbane Heat,Melbourne Renegades,"Brisbane Cricket Ground, Woolloongabba"
897701,2015-12-20,BBL,Sydney Sixers,Hobart Hurricanes,Sydney Cricket Ground
897705,2015-12-21,BBL,Perth Scorchers,Adelaide Strikers,Western Australia Cricket Association Ground
897707,2015-12-22,BBL,Hobart Hurricanes,Brisbane Heat,Bellerive Oval
897709,2015-12-23,BBL,Melbourne Renegades,Sydney Sixers,Docklands Stadium
897711,2015-12-26,BBL,Brisbane Heat,Perth Scorchers,Western Australia Cricket Association Ground
897713,2015-12-27,BBL,Sydney Sixers,Melbourne Stars,Sydney Cricket Ground
897715,2015-12-28,BBL,Adelaide Strikers,Sydney Thunder,Sydney Showground Stadium
897717,2015-12-29,BBL,Hobart Hurricanes,Brisbane Heat,"Brisbane Cricket Ground, Woolloongabba"
897719,2015-12-30,BBL,Melbourne Renegades,Perth Scorchers,Docklands Stadium
897721,2015-12-31,BBL,Sydney Sixers,Adelaide Strikers,Adelaide Oval
897723,2016-01-01,BBL,Hobart Hurricanes,Sydney Thunder,Bellerive Oval
897725,2016-01-02,BBL,Melbourne Renegades,Melbourne Stars,Melbourne Cricket Ground
897727,2016-01-02,BBL,Sydney Sixers,Perth Scorchers,Western Australia Cricket Association Ground
897729,2016-01-03,BBL,Sydney Thunder,Brisbane Heat,"Brisbane Cricket Ground, Woolloongabba"
897731,2016-01-04,BBL,Hobart Hurricanes,Melbourne Renegades,Bellerive Oval
897733,2016-01-05,BBL,Adelaide Strikers,Perth Scorchers,Adelaide Oval
897735,2016-01-06,BBL,Hobart Hurricanes,Melbourne Stars,Melbourne Cricket Ground
897737,2016-01-07,BBL,Perth Scorchers,Sydney Thunder,Sydney Showground Stadium
897739,2016-01-08,BBL,Brisbane Heat,Adelaide Strikers,"Brisbane Cricket Ground, Woolloongabba"
897741,2016-01-09,BBL,Melbourne Renegades,Melbourne Stars,Docklands Stadium
897743,2016-01-10,BBL,Perth Scorchers,Hobart Hurricanes,Bellerive Oval
897745,2016-01-10,BBL,Brisbane Heat,Sydney Sixers,Sydney Cricket Ground
897747,2016-01-11,BBL,Sydney Thunder,Melbourne Renegades,Sydney Showground Stadium
897749,2016-01-13,BBL,Hobart Hurricanes,Adelaide Strikers,Adelaide Oval
897751,2016-01-14,BBL,Brisbane Heat,Melbourne Stars,Melbourne Cricket Ground
897753,2016-01-16,BBL,Sydney Thunder,Sydney Sixers,Sydney Cricket Ground
897757,2016-01-18,BBL,Adelaide Strikers,Melbourne Renegades,Docklands Stadium
897759,2016-01-21,BBL,Adelaide Strikers,Sydney Thunder,Adelaide Oval
897761,2016-01-22,BBL,Perth Scorchers,Melbourne Stars,Melbourne Cricket Ground
897763,2016-01-24,BBL,Melbourne Stars,Sydney Thunder,Melbourne Cricket Ground
1023581,2016-12-20,BBL,Sydney Thunder,Sydney Sixers,Sydney Showground Stadium
1023583,2016-12-21,BBL,Brisbane Heat,Adelaide Strikers,Adelaide Oval
1023585,2016-12-22,BBL,Melbourne Renegades,Sydney Thunder,Docklands Stadium
1023587,2016-12-23,BBL,Hobart Hurricanes,Sydney Sixers,Sydney Cricket Ground
1023589,2016-12-23,BBL,Perth Scorchers,Adelaide Strikers,Western Australia Cricket Association Ground
1023591,2016-12-26,BBL,Hobart Hurricanes,Melbourne Stars,Bellerive Oval
1023593,2016-12-27,BBL,Perth Scorchers,Sydney Sixers,Sydney Cricket Ground
1023595,2016-12-28,BBL,Sydney Thunder,Brisbane Heat,Sydney Showground Stadium
1023597,2016-12-29,BBL,Melbourne Renegades,Perth Scorchers,Docklands Stadium
1023599,2016-12-30,BBL,Hobart Hurricanes,Brisbane Heat,"Brisbane Cricket Ground, Woolloongabba"
1023601,2016-12-31,BBL,Adelaide Strikers,Sydney Sixers,Adelaide Oval
1023603,2017-01-01,BBL,Melbourne Renegades,Melbourne Stars,Melbourne Cricket Ground
1023605,2017-01-01,BBL,Perth Scorchers,Sydney Thunder,Western Australia Cricket Association Ground
1023607,2017-01-02,BBL,Adelaide Strikers,Hobart Hurricanes,Bellerive Oval
1023609,2017-01-03,BBL,Brisbane Heat,Sydney Sixers,"Brisbane Cricket Ground, Woolloongabba"
1023611,2017-01-04,BBL,Melbourne Stars,Sydney Thunder,Sydney Showground Stadium
1023613,2017-01-05,BBL,Perth Scorchers,Brisbane Heat,Western Australia Cricket Association Ground
1023615,2017-01-06,BBL,Hobart Hurricanes,Adelaide Strikers,Adelaide Oval
1023617,2017-01-07,BBL,Melbourne Stars,Melbourne Renegades,Docklands Stadium
1023619,2017-01-08,BBL,Hobart Hurricanes,Sydney Thunder,Bellerive Oval
1023621,2017-01-09,BBL,Melbourne Renegades,Sydney Sixers,Sydney Cricket Ground
1023623,2017-01-10,BBL,Adelaide Strikers,Melbourne Stars,Melbourne Cricket Ground
1023625,2017-01-11,BBL,Perth Scorchers,Brisbane Heat,"Brisbane Cricket Ground, Woolloongabba"
1023627,2017-01-12,BBL,Melbourne Renegades,Hobart Hurricanes,Docklands Stadium
1023629,2017-01-14,BBL,Sydney Sixers,Sydney Thunder,Sydney Cricket Ground
1023631,2017-01-14,BBL,Perth Scorchers,Melbourne Stars,Western Australia Cricket Association Ground
1023633,2017-01-16,BBL,Melbourne Renegades,Adelaide Strikers,Adelaide Oval
1023635,2017-01-17,BBL,Melbourne Stars,Brisbane Heat,Melbourne Cricket Ground
1023637,2017-01-18,BBL,Adelaide Strikers,Sydney Thunder,Sydney Showground Stadium
1023639,2017-01-20,BBL,Melbourne Renegades,Brisbane Heat,"Brisbane Cricket Ground, Woolloongabba"
1023641,2017-01-21,BBL,Hobart Hurricanes,Perth Scorchers,Bellerive Oval
1023643,2017-01-21,BBL,Melbourne Stars,Sydney Sixers,Melbourne Cricket Ground
1023645,2017-01-24,BBL,Melbourne Stars,Perth Scorchers,Western Australia Cricket Association Ground
1023647,2017-01-25,BBL,Brisbane Heat,Sydney Sixers,"Brisbane Cricket Ground, Woolloongabba"
1023649,2017-01-28,BBL,Sydney Sixers,Perth Scorchers,Western Australia Cricket Association Ground
1114856,2017-12-19,BBL,Sydney Sixers,Sydney Thunder,Sydney Showground Stadium
1114857,2017-12-20,BBL,Brisbane Heat,Melbourne Stars,"Brisbane Cricket Ground, Woolloongabba"
1114858,2017-12-21,BBL,Hobart Hurricanes,Melbourne Renegades,Bellerive Oval
1114859,2017-12-22,BBL,Adelaide Strikers,Sydney Thunder,Adelaide Oval
1114860,2017-12-23,BBL,Sydney Sixers,Perth Scorchers,Sydney Cricket Ground
1114861,2017-12-23,BBL,Brisbane Heat,Melbourne Renegades,Docklands Stadium
1114862,2017-12-26,BBL,Perth Scorchers,Melbourne Stars,W.A.C.A. Ground
1114863,2017-12-27,BBL,Sydney Thunder,Brisbane Heat,"Brisbane Cricket Ground, Woolloongabba"
1114864,2017-12-28,BBL,Adelaide Strikers,Sydney Sixers,Sydney Cricket Ground
1114865,2017-12-29,BBL,Melbourne Renegades,Perth Scorchers,Docklands Stadium
1114866,2017-12-30,BBL,Sydney Thunder,Hobart Hurricanes,Aurora Stadium
1114867,2017-12-31,BBL,Adelaide Strikers,Brisbane Heat,Adelaide Oval
1114868,2018-01-01,BBL,Hobart Hurricanes,Sydney Thunder,Sydney Showground Stadium
1114869,2018-01-01,BBL,Sydney Sixers,Perth Scorchers,W.A.C.A. Ground
1114870,2018-01-02,BBL,Melbourne Stars,Brisbane Heat,Melbourne Cricket Ground
1114871,2018-01-03,BBL,Sydney Sixers,Melbourne Renegades,"Simonds Stadium, South Geelong, Victoria"
1114872,2018-01-04,BBL,Hobart Hurricanes,Adelaide Strikers,Bellerive Oval
1114873,2018-01-05,BBL,Brisbane Heat,Perth Scorchers,"Brisbane Cricket Ground, Woolloongabba"
1114874,2018-01-06,BBL,Melbourne Stars,Melbourne Renegades,Melbourne Cricket Ground
1114875,2018-01-07,BBL,Adelaide Strikers,Sydney Thunder,Sydney Showground Stadium
1114876,2018-01-08,BBL,Hobart Hurricanes,Sydney Sixers,Bellerive Oval
1114877,2018-01-08,BBL,Melbourne Renegades,Perth Scorchers,W.A.C.A. Ground
1114878,2018-01-09,BBL,Melbourne Stars,Adelaide Strikers,Adelaide Oval
1114879,2018-01-10,BBL,Hobart Hurricanes,Brisbane Heat,"Brisbane Cricket Ground, Woolloongabba"
1114880,2018-01-11,BBL,Sydney Thunder,Perth Scorchers,Sydney Showground Stadium
1114881,2018-01-12,BBL,Melbourne Stars,Melbourne Renegades,Docklands Stadium
1114882,2018-01-13,BBL,Adelaide Strikers,Perth Scorchers,Traeger Park
1114883,2018-01-13,BBL,Sydney Thunder,Sydney Sixers,Sydney Cricket Ground
1114884,2018-01-15,BBL,Brisbane Heat,Hobart Hurricanes,Bellerive Oval
1114885,2018-01-16,BBL,Melbourne Stars,Sydney Sixers,Melbourne Cricket Ground
1114886,2018-01-17,BBL,Adelaide Strikers,Hobart Hurricanes,Adelaide Oval
1114887,2018-01-18,BBL,Brisbane Heat,Sydney Sixers,Sydney Cricket Ground
1114888,2018-01-20,BBL,Melbourne Stars,Sydney Thunder,Melbourne Cricket Ground
1114889,2018-01-20,BBL,Hobart Hurricanes,Perth Scorchers,W.A.C.A. Ground
1114890,2018-01-22,BBL,Adelaide Strikers,Melbourne Renegades,Docklands Stadium
1114891,2018-01-23,BBL,Melbourne Stars,Sydney Sixers,Sydney Cricket Ground
1114892,2018-01-24,BBL,Melbourne Renegades,Sydney Thunder,Manuka Oval
1114893,2018-01-25,BBL,Adelaide Strikers,Perth Scorchers,W.A.C.A. Ground
1114894,2018-01-27,BBL,Hobart Hurricanes,Melbourne Stars,Melbourne Cricket Ground
1114895,2018-01-27,BBL,Melbourne Renegades,Brisbane Heat,"Brisbane Cricket Ground, Woolloongabba"
1114896,2018-02-01,BBL,Hobart Hurricanes,Perth Scorchers,Perth Stadium
1114897,2018-02-02,BBL,Adelaide Strikers,Melbourne Renegades,Adelaide Oval
1114898,2018-02-04,BBL,Adelaide Strikers,Hobart Hurricanes,Adelaide Oval
1152511,2018-12-19,BBL,Brisbane Heat,Adelaide Strikers,"Brisbane Cricket Ground, Woolloongabba"
1152512,2018-12-20,BBL,Perth Scorchers,Melbourne Renegades,Docklands Stadium
1152513,2018-12-21,BBL,Sydney Thunder,Melbourne Stars,Manuka Oval
1152514,2018-12-22,BBL,Sydney Sixers,Perth Scorchers,Sydney Cricket Ground
1152515,2018-12-22,BBL,Hobart Hurricanes,Brisbane Heat,Carrara Oval
1152516,2018-12-23,BBL,Adelaide Strikers,Melbourne Renegades,Adelaide Oval
1152517,2018-12-24,BBL,Melbourne Stars,Hobart Hurricanes,Bellerive Oval
1152518,2018-12-24,BBL,Sydney Thunder,Sydney Sixers,Sydney Showground Stadium
1152519,2018-12-26,BBL,Adelaide Strikers,Perth Scorchers,Perth Stadium
1152520,2018-12-27,BBL,Sydney Sixers,Melbourne Stars,Sydney Cricket Ground
1152521,2018-12-28,BBL,Sydney Thunder,Hobart Hurricanes,Bellerive Oval
1152522,2018-12-29,BBL,Sydney Sixers,Melbourne Renegades,Docklands Stadium
1152523,2018-12-30,BBL,Perth Scorchers,Hobart Hurricanes,Aurora Stadium
1152524,2018-12-31,BBL,Adelaide Strikers,Sydney Thunder,Adelaide Oval
1152525,2019-01-01,BBL,Brisbane Heat,Sydney Sixers,Carrara Oval
1152526,2019-01-01,BBL,Melbourne Renegades,Melbourne Stars,Melbourne Cricket Ground
1152527,2019-01-02,BBL,Sydney Thunder,Perth Scorchers,Sydney Showground Stadium
1152528,2019-01-03,BBL,Adelaide Strikers,Melbourne Renegades,"Simonds Stadium, South Geelong, Victoria"
1152529,2019-01-04,BBL,Sydney Sixers,Hobart Hurricanes,Bellerive Oval
1152530,2019-01-05,BBL,Sydney Thunder,Melbourne Stars,Carrara Oval
1152531,2019-01-05,BBL,Perth Scorchers,Brisbane Heat,Perth Stadium
1152532,2019-01-06,BBL,Adelaide Strikers,Sydney Sixers,Adelaide Oval
1152533,2019-01-07,BBL,Hobart Hurricanes,Melbourne Renegades,Docklands Stadium
1152534,2019-01-08,BBL,Brisbane Heat,Sydney Thunder,Sydney Showground Stadium
1152535,2019-01-09,BBL,Melbourne Stars,Perth Scorchers,Melbourne Cricket Ground
1152536,2019-01-10,BBL,Brisbane Heat,Melbourne Renegades,"Brisbane Cricket Ground, Woolloongabba"
1152537,2019-01-11,BBL,Adelaide Strikers,Melbourne Stars,Adelaide Oval
1152538,2019-01-13,BBL,Sydney Thunder,Adelaide Strikers,Sydney Showground Stadium
1152539,2019-01-13,BBL,Brisbane Heat,Melbourne Renegades,Geelong Cricket Ground
1152540,2019-01-13,BBL,Sydney Sixers,Perth Scorchers,Perth Stadium
1152541,2019-01-14,BBL,Hobart Hurricanes,Melbourne Stars,Melbourne Cricket Ground
1152542,2019-01-16,BBL,Sydney Sixers,Melbourne Renegades,Sydney Cricket Ground
1152543,2019-01-17,BBL,Sydney Thunder,Brisbane Heat,"Brisbane Cricket Ground, Woolloongabba"
1152544,2019-01-18,BBL,Perth Scorchers,Hobart Hurricanes,Perth Stadium
1152545,2019-01-19,BBL,Melbourne Renegades,Melbourne Stars,Docklands Stadium
1152546,2019-01-20,BBL,Sydney Sixers,Brisbane Heat,Sydney Cricket Ground
1152547,2019-01-21,BBL,Adelaide Strikers,Hobart Hurricanes,Adelaide Oval
1152548,2019-01-22,BBL,Melbourne Renegades,Sydney Thunder,Sydney Showground Stadium
1152549,2019-01-23,BBL,Melbourne Stars,Adelaide Strikers,Ted Summerton Reserve
1152550,2019-01-23,BBL,Hobart Hurricanes,Sydney Sixers,Sydney Cricket Ground
1152551,2019-01-24,BBL,Perth Scorchers,Sydney Thunder,Perth Stadium
1152552,2019-01-27,BBL,Melbourne Stars,Brisbane Heat,Melbourne Cricket Ground
1152553,2019-01-28,BBL,Melbourne Renegades,Perth Scorchers,Perth Stadium
1152554,2019-01-29,BBL,Brisbane Heat,Hobart Hurricanes,Bellerive Oval
1152555,2019-01-29,BBL,Adelaide Strikers,Sydney Sixers,Sydney Cricket Ground
1152556,2019-01-30,BBL,Melbourne Renegades,Sydney Thunder,Docklands Stadium
1152557,2019-01-31,BBL,Hobart Hurricanes,Adelaide Strikers,Aurora Stadium
1152558,2019-02-01,BBL,Perth Scorchers,Brisbane Heat,"Brisbane Cricket Ground, Woolloongabba"
1152559,2019-02-02,BBL,Sydney Thunder,Sydney Sixers,Sydney Cricket Ground
1152560,2019-02-03,BBL,Adelaide Strikers,Brisbane Heat,Adelaide Oval
1152561,2019-02-03,BBL,Perth Scorchers,Melbourne Stars,Perth Stadium
1152562,2019-02-07,BBL,Hobart Hurricanes,Melbourne Renegades,Bellerive Oval
1152563,2019-02-08,BBL,Melbourne Stars,Brisbane Heat,"Brisbane Cricket Ground, Woolloongabba"
1152564,2019-02-09,BBL,Perth Scorchers,Adelaide Strikers,Adelaide Oval
1152565,2019-02-09,BBL,Hobart Hurricanes,Sydney Thunder,Manuka Oval
1152566,2019-02-10,BBL,Melbourne Stars,Sydney Sixers,Melbourne Cricket Ground
1152567,2019-02-14,BBL,Hobart Hurricanes,Melbourne Stars,Bellerive Oval
1152568,2019-02-15,BBL,Sydney Sixers,Melbourne Renegades,Docklands Stadium
1152569,2019-02-17,BBL,Melbourne Renegades,Melbourne Stars,Docklands Stadium
1195573,2019-12-17,BBL,Sydney Thunder,Brisbane Heat,"Brisbane Cricket Ground, Woolloongabba"
1195574,2019-12-18,BBL,Perth Scorchers,Sydney Sixers,Sydney Cricket Ground
1195575,2019-12-19,BBL,Melbourne Renegades,Sydney Thunder,"Simonds Stadium, South Geelong, Victoria"
1195576,2019-12-20,BBL,Hobart Hurricanes,Sydney Sixers,Traeger Park
1195577,2019-12-20,BBL,Melbourne Stars,Brisbane Heat,Carrara Oval
1195578,2019-12-21,BBL,Adelaide Strikers,Sydney Thunder,Manuka Oval
1195579,2019-12-21,BBL,Perth Scorchers,Melbourne Renegades,Perth Stadium
1195580,2019-12-22,BBL,Melbourne Stars,Hobart Hurricanes,Ted Summerton Reserve
1195581,2019-12-22,BBL,Brisbane Heat,Sydney Sixers,Sydney Cricket Ground
1195582,2019-12-23,BBL,Adelaide Strikers,Perth Scorchers,Adelaide Oval
1195583,2019-12-24,BBL,Melbourne Renegades,Hobart Hurricanes,Bellerive Oval
1195584,2019-12-26,BBL,Sydney Sixers,Perth Scorchers,Perth Stadium
1195585,2019-12-27,BBL,Adelaide Strikers,Melbourne Stars,Carrara Oval
1195586,2019-12-28,BBL,Sydney Thunder,Sydney Sixers,Sydney Cricket Ground
1195587,2019-12-29,BBL,Adelaide Strikers,Melbourne Renegades,Docklands Stadium
1195588,2019-12-30,BBL,Hobart Hurricanes,Melbourne Stars,Aurora Stadium
1195589,2019-12-31,BBL,Sydney Thunder,Adelaide Strikers,Adelaide Oval
1195590,2020-01-01,BBL,Perth Scorchers,Brisbane Heat,Carrara Oval
1195591,2020-01-02,BBL,Sydney Thunder,Melbourne Stars,Sydney Showground Stadium
1195592,2020-01-02,BBL,Melbourne Renegades,Sydney Sixers,Docklands Stadium
1195593,2020-01-03,BBL,Brisbane Heat,Hobart Hurricanes,Bellerive Oval
1195594,2020-01-04,BBL,Melbourne Renegades,Melbourne Stars,Melbourne Cricket Ground
1195595,2020-01-05,BBL,Adelaide Strikers,Sydney Sixers,International Sports Stadium
1195596,2020-01-05,BBL,Hobart Hurricanes,Perth Scorchers,Perth Stadium
1195597,2020-01-06,BBL,Brisbane Heat,Sydney Thunder,Sydney Showground Stadium
1195598,2020-01-07,BBL,Melbourne Renegades,Perth Scorchers,"Simonds Stadium, South Geelong, Victoria"
1195599,2020-01-08,BBL,Adelaide Strikers,Sydney Sixers,Adelaide Oval
1195600,2020-01-08,BBL,Sydney Thunder,Melbourne Stars,Melbourne Cricket Ground
1195601,2020-01-09,BBL,Hobart Hurricanes,Brisbane Heat,"Brisbane Cricket Ground, Woolloongabba"
1195602,2020-01-10,BBL,Melbourne Renegades,Melbourne Stars,Docklands Stadium
1195603,2020-01-11,BBL,Hobart Hurricanes,Sydney Thunder,Sydney Showground Stadium
1195604,2020-01-11,BBL,Perth Scorchers,Brisbane Heat,Perth Stadium
1195605,2020-01-12,BBL,Adelaide Strikers,Melbourne Renegades,Adelaide Oval
1195606,2020-01-12,BBL,Melbourne Stars,Sydney Sixers,Melbourne Cricket Ground
1195607,2020-01-13,BBL,Perth Scorchers,Hobart Hurricanes,Bellerive Oval
1195608,2020-01-14,BBL,Adelaide Strikers,Brisbane Heat,"Brisbane Cricket Ground, Woolloongabba"
1195609,2020-01-15,BBL,Melbourne Renegades,Sydney Thunder,Manuka Oval
1195610,2020-01-15,BBL,Perth Scorchers,Melbourne Stars,Perth Stadium
1195611,2020-01-16,BBL,Sydney Sixers,Hobart Hurricanes,Sydney Cricket Ground
1195612,2020-01-17,BBL,Brisbane Heat,Adelaide Strikers,Adelaide Oval
1195613,2020-01-18,BBL,Melbourne Stars,Perth Scorchers,Melbourne Cricket Ground
1195614,2020-01-18,BBL,Sydney Sixers,Sydney Thunder,Sydney Showground Stadium
1195615,2020-01-19,BBL,Adelaide Strikers,Hobart Hurricanes,Aurora Stadium
1195616,2020-01-19,BBL,Melbourne Renegades,Brisbane Heat,"Brisbane Cricket Ground, Woolloongabba"
1195617,2020-01-20,BBL,Sydney Sixers,Melbourne Stars,Sydney Cricket Ground
1195618,2020-01-20,BBL,Sydney Thunder,Perth Scorchers,Perth Stadium
1195619,2020-01-21,BBL,Hobart Hurricanes,Melbourne Renegades,Docklands Stadium
1195620,2020-01-22,BBL,Adelaide Strikers,Melbourne Stars,Adelaide Oval
1195621,2020-01-23,BBL,Brisbane Heat,Sydney Sixers,"Brisbane Cricket Ground, Woolloongabba"
1195622,2020-01-24,BBL,Hobart Hurricanes,Sydney Thunder,Bellerive Oval
1195623,2020-01-24,BBL,Adelaide Strikers,Perth Scorchers,Perth Stadium
1195624,2020-01-25,BBL,Melbourne Renegades,Sydney Sixers,Sydney Cricket Ground
1195625,2020-01-25,BBL,Brisbane Heat,Melbourne Stars,Melbourne Cricket Ground
1195626,2020-01-26,BBL,Perth Scorchers,Sydney Thunder,Sydney Showground Stadium
1195627,2020-01-26,BBL,Hobart Hurricanes,Adelaide Strikers,Adelaide Oval
1195628,2020-01-27,BBL,Brisbane Heat,Melbourne Renegades,Docklands Stadium
1195629,2020-01-30,BBL,Sydney Thunder,Hobart Hurricanes,Bellerive Oval
1195630,2020-01-31,BBL,Sydney Sixers,Melbourne Stars,Melbourne Cricket Ground
1195631,2020-02-01,BBL,Sydney Thunder,Adelaide Strikers,Adelaide Oval
1195632,2020-02-06,BBL,Melbourne Stars,Sydney Thunder,Melbourne Cricket Ground
1195633,2020-02-08,BBL,Sydney Sixers,Melbourne Stars,Sydney Cricket Ground
1226852,2020-12-10,BBL,Hobart Hurricanes,Sydney Sixers,Bellerive Oval
1226872,2020-12-11,BBL,Brisbane Heat,Melbourne Stars,Manuka Oval
1226828,2020-12-12,BBL,Melbourne Stars,Sydney Thunder,Manuka Oval
1226841,2020-12-12,BBL,Perth Scorchers,Melbourne Renegades,Bellerive Oval
1226837,2020-12-13,BBL,Sydney Sixers,Melbourne Renegades,Bellerive Oval
1226850,2020-12-13,BBL,Hobart Hurricanes,Adelaide Strikers,Bellerive Oval
1226866,2020-12-14,BBL,Brisbane Heat,Sydney Thunder,Manuka Oval
1226863,2020-12-15,BBL,Hobart Hurricanes,Adelaide Strikers,Aurora Stadium
1226867,2020-12-16,BBL,Perth Scorchers,Melbourne Stars,Aurora Stadium
1226830,2020-12-19,BBL,Melbourne Renegades,Hobart Hurricanes,Bellerive Oval
1226873,2020-12-20,BBL,Sydney Sixers,Adelaide Strikers,Bellerive Oval
1226831,2020-12-22,BBL,Perth Scorchers,Sydney Thunder,Manuka Oval
1226881,2020-12-23,BBL,Adelaide Strikers,Brisbane Heat,Brisbane Cricket Ground
1226846,2020-12-26,BBL,Melbourne Stars,Sydney Sixers,Carrara Oval
1226874,2020-12-26,BBL,Sydney Thunder,Melbourne Renegades,Manuka Oval
1226868,2020-12-27,BBL,Hobart Hurricanes,Brisbane Heat,Brisbane Cricket Ground
1226845,2020-12-28,BBL,Adelaide Strikers,Perth Scorchers,Adelaide Oval
1226854,2020-12-29,BBL,Sydney Thunder,Melbourne Stars,Manuka Oval
1226877,2020-12-29,BBL,Melbourne Renegades,Sydney Sixers,Carrara Oval
1226875,2020-12-30,BBL,Hobart Hurricanes,Brisbane Heat,Brisbane Cricket Ground
1226870,2020-12-31,BBL,Adelaide Strikers,Perth Scorchers,Adelaide Oval
1226856,2021-01-01,BBL,Melbourne Renegades,Sydney Thunder,Carrara Oval
1226832,2021-01-02,BBL,Sydney Sixers,Brisbane Heat,Brisbane Cricket Ground
1226844,2021-01-02,BBL,Hobart Hurricanes,Melbourne Stars,Bellerive Oval
1226842,2021-01-03,BBL,Adelaide Strikers,Sydney Sixers,Carrara Oval
1226853,2021-01-03,BBL,Perth Scorchers,Melbourne Renegades,Perth Stadium
1226851,2021-01-04,BBL,Sydney Thunder,Brisbane Heat,Brisbane Cricket Ground
1226879,2021-01-04,BBL,Melbourne Stars,Hobart Hurricanes,Bellerive Oval
1226833,2021-01-05,BBL,Adelaide Strikers,Melbourne Renegades,Adelaide Oval
1226829,2021-01-06,BBL,Perth Scorchers,Sydney Sixers,Perth Stadium
1226835,2021-01-07,BBL,Brisbane Heat,Melbourne Stars,Carrara Oval
1226871,2021-01-07,BBL,Sydney Thunder,Hobart Hurricanes,Perth Stadium
1226826,2021-01-08,BBL,Adelaide Strikers,Melbourne Renegades,Adelaide Oval
1226878,2021-01-09,BBL,Perth Scorchers,Sydney Thunder,Perth Stadium
1226855,2021-01-10,BBL,Brisbane Heat,Sydney Sixers,Carrara Oval
1226876,2021-01-11,BBL,Melbourne Stars,Adelaide Strikers,Adelaide Oval
1226857,2021-01-12,BBL,Hobart Hurricanes,Perth Scorchers,Perth Stadium
1226861,2021-01-13,BBL,Sydney Thunder,Sydney Sixers,Manuka Oval
1226843,2021-01-14,BBL,Melbourne Renegades,Brisbane Heat,Manuka Oval
1226839,2021-01-15,BBL,Melbourne Stars,Adelaide Strikers,Melbourne Cricket Ground
1226865,2021-01-16,BBL,Perth Scorchers,Sydney Sixers,Manuka Oval
1226864,2021-01-17,BBL,Melbourne Renegades,Melbourne Stars,Melbourne Cricket Ground
1226840,2021-01-18,BBL,Sydney Thunder,Hobart Hurricanes,Manuka Oval
1226838,2021-01-19,BBL,Perth Scorchers,Brisbane Heat,Docklands Stadium
1226869,2021-01-20,BBL,Melbourne Stars,Melbourne Renegades,Docklands Stadium
1226859,2021-01-21,BBL,Adelaide Strikers,Brisbane Heat,Adelaide Oval
1226834,2021-01-22,BBL,Perth Scorchers,Hobart Hurricanes,Docklands Stadium
1226880,2021-01-22,BBL,Sydney Thunder,Sydney Sixers,Adelaide Oval
1226848,2021-01-23,BBL,Brisbane Heat,Melbourne Renegades,Docklands Stadium
1226849,2021-01-23,BBL,Perth Scorchers,Melbourne Stars,Melbourne Cricket Ground
1226827,2021-01-24,BBL,Hobart Hurricanes,Sydney Sixers,Melbourne Cricket Ground
1226847,2021-01-24,BBL,Adelaide Strikers,Sydney Thunder,Adelaide Oval
1226836,2021-01-25,BBL,Adelaide Strikers,Sydney Thunder,Adelaide Oval
1226858,2021-01-26,BBL,Melbourne Stars,Sydney Sixers,Melbourne Cricket Ground
1226860,2021-01-26,BBL,Melbourne Renegades,Hobart Hurricanes,Melbourne Cricket Ground
1226862,2021-01-26,BBL,Brisbane Heat,Perth Scorchers,Adelaide Oval
1226883,2021-01-29,BBL,Adelaide Strikers,Brisbane Heat,Brisbane Cricket Ground
1226884,2021-01-30,BBL,Perth Scorchers,Sydney Sixers,Manuka Oval
1226885,2021-01-31,BBL,Sydney Thunder,Brisbane Heat,Manuka Oval
1226886,2021-02-04,BBL,Perth Scorchers,Brisbane Heat,Manuka Oval
1226882,2021-02-06,BBL,Sydney Sixers,Perth Scorchers,Sydney Cricket Ground
1269638,2021-12-05,BBL,Sydney Sixers,Melbourne Stars,Sydney Cricket Ground
1269639,2021-12-06,BBL,Brisbane Heat,Sydney Thunder,"Manuka Oval, Canberra"
1269640,2021-12-07,BBL,Melbourne Renegades,Adelaide Strikers,"Docklands Stadium, Melbourne"
1269641,2021-12-08,BBL,Sydney Sixers,Hobart Hurricanes,"Aurora Stadium, Launceston"
1269642,2021-12-08,BBL,Perth Scorchers,Brisbane Heat,Perth Stadium
1269643,2021-12-09,BBL,Adelaide Strikers,Melbourne Renegades,Adelaide Oval
1269644,2021-12-10,BBL,Melbourne Stars,Sydney Thunder,Melbourne Cricket Ground
1269645,2021-12-11,BBL,Hobart Hurricanes,Sydney Sixers,Sydney Cricket Ground
1269646,2021-12-11,BBL,Perth Scorchers,Adelaide Strikers,Sydney Showground Stadium
1269647,2021-12-12,BBL,Sydney Thunder,Melbourne Stars,Sydney Showground Stadium
1269648,2021-12-13,BBL,Melbourne Renegades,Brisbane Heat,Carrara Oval
1269649,2021-12-14,BBL,Perth Scorchers,Hobart Hurricanes,"Bellerive Oval, Hobart"
1269650,2021-12-15,BBL,Melbourne Stars,Sydney Sixers,Melbourne Cricket Ground
1269651,2021-12-19,BBL,Sydney Thunder,Brisbane Heat,"Brisbane Cricket Ground, Woolloongabba, Brisbane"
1269652,2021-12-20,BBL,Perth Scorchers,Hobart Hurricanes,"Bellerive Oval, Hobart"
1269653,2021-12-21,BBL,Adelaide Strikers,Sydney Sixers,Sydney Cricket Ground
1269654,2021-12-22,BBL,Perth Scorchers,Melbourne Renegades,"Docklands Stadium, Melbourne"
1269655,2021-12-23,BBL,Brisbane Heat,Adelaide Strikers,Adelaide Oval
1269656,2021-12-24,BBL,Hobart Hurricanes,Melbourne Stars,"Bellerive Oval, Hobart"
1269657,2021-12-26,BBL,Sydney Sixers,Sydney Thunder,Sydney Showground Stadium
1269658,2021-12-26,BBL,Melbourne Renegades,Perth Scorchers,"Docklands Stadium, Melbourne"
1269659,2021-12-27,BBL,Adelaide Strikers,Hobart Hurricanes,"Bellerive Oval, Hobart"
1269660,2021-12-27,BBL,Melbourne Stars,Brisbane Heat,"Brisbane Cricket Ground, Woolloongabba, Brisbane"
1269661,2021-12-28,BBL,Sydney Thunder,Perth Scorchers,"Manuka Oval, Canberra"
1269662,2021-12-29,BBL,Brisbane Heat,Sydney Sixers,Sydney Cricket Ground
1269663,2021-12-29,BBL,Hobart Hurricanes,Melbourne Renegades,"Docklands Stadium, Melbourne"
1269665,2021-12-31,BBL,Sydney Thunder,Adelaide Strikers,Adelaide Oval
1269666,2022-01-01,BBL,Brisbane Heat,Hobart Hurricanes,"Bellerive Oval, Hobart"
1269668,2022-01-02,BBL,Perth Scorchers,Melbourne Stars,"Junction Oval, Melbourne"
1269669,2022-01-02,BBL,Sydney Thunder,Adelaide Strikers,Sydney Showground Stadium
1269670,2022-01-03,BBL,Melbourne Stars,Melbourne Renegades,Melbourne Cricket Ground
1269675,2022-01-04,BBL,Perth Scorchers,Sydney Sixers,Carrara Oval
1269672,2022-01-05,BBL,Hobart Hurricanes,Adelaide Strikers,Adelaide Oval
1269673,2022-01-06,BBL,Perth Scorchers,Sydney Thunder,Carrara Oval
1269674,2022-01-06,BBL,Brisbane Heat,Melbourne Renegades,"GMHBA Stadium, South Geelong, Victoria"
1269677,2022-01-08,BBL,Sydney Thunder,Melbourne Renegades,"Docklands Stadium, Melbourne"
1269678,2022-01-08,BBL,Brisbane Heat,Hobart Hurricanes,"Brisbane Cricket Ground, Woolloongabba, Brisbane"
1269679,2022-01-09,BBL,Sydney Sixers,Perth Scorchers,"International Sports Stadium, Coffs Harbour"
1269680,2022-01-10,BBL,Adelaide Strikers,Melbourne Stars,Melbourne Cricket Ground
1269681,2022-01-10,BBL,Hobart Hurricanes,Sydney Thunder,Melbourne Cricket Ground
1269664,2022-01-11,BBL,Perth Scorchers,Melbourne Stars,"GMHBA Stadium, South Geelong, Victoria"
1269682,2022-01-11,BBL,Sydney Sixers,Melbourne Renegades,"GMHBA Stadium, South Geelong, Victoria"
1269683,2022-01-12,BBL,Adelaide Strikers,Brisbane Heat,"Brisbane Cricket Ground, Woolloongabba, Brisbane"
1269684,2022-01-13,BBL,Hobart Hurricanes,Sydney Thunder,"Docklands Stadium, Melbourne"
1269685,2022-01-13,BBL,Melbourne Renegades,Melbourne Stars,"Docklands Stadium, Melbourne"
1269686,2022-01-14,BBL,Perth Scorchers,Adelaide Strikers,Adelaide Oval
1269676,2022-01-15,BBL,Adelaide Strikers,Melbourne Stars,Adelaide Oval
1269687,2022-01-15,BBL,Sydney Sixers,Sydney Thunder,Sydney Cricket Ground
1269688,2022-01-16,BBL,Brisbane Heat,Melbourne Stars,Melbourne Cricket Ground
1269689,2022-01-17,BBL,Sydney Sixers,Adelaide Strikers,Adelaide Oval
1269690,2022-01-17,BBL,Brisbane Heat,Perth Scorchers,"Docklands Stadium, Melbourne"
1269691,2022-01-18,BBL,Hobart Hurricanes,Melbourne Renegades,"Docklands Stadium, Melbourne"
1269692,2022-01-19,BBL,Sydney Sixers,Brisbane Heat,"Brisbane Cricket Ground, Woolloongabba, Brisbane"
1269693,2022-01-19,BBL,Melbourne Stars,Hobart Hurricanes,Melbourne Cricket Ground
1269694,2022-01-19,BBL,Sydney Thunder,Melbourne Renegades,Melbourne Cricket Ground
1269671,2022-01-21,BBL,Adelaide Strikers,Hobart Hurricanes,Melbourne Cricket Ground
1269695,2022-01-22,BBL,Perth Scorchers,Sydney Sixers,"Docklands Stadium, Melbourne"
1269696,2022-01-23,BBL,Adelaide Strikers,Sydney Thunder,Melbourne Cricket Ground
1269697,2022-01-26,BBL,Adelaide Strikers,Sydney Sixers,Sydney Cricket Ground
1269698,2022-01-28,BBL,Perth Scorchers,Sydney Sixers,"Docklands Stadium, Melbourne"
1324624,2022-12-13,BBL,Melbourne Stars,Sydney Thunder,"Manuka Oval, Canberra"
1324625,2022-12-14,BBL,Adelaide Strikers,Sydney Sixers,Adelaide Oval
1324626,2022-12-15,BBL,Melbourne Renegades,Brisbane Heat,"Cazaly's Stadium, Cairns"
1324627,2022-12-16,BBL,Melbourne Stars,Hobart Hurricanes,Melbourne Cricket Ground
1324628,2022-12-16,BBL,Adelaide Strikers,Sydney Thunder,Sydney Showground Stadium
1324629,2022-12-17,BBL,Perth Scorchers,Sydney Sixers,Perth Stadium
1324630,2022-12-18,BBL,Sydney Thunder,Melbourne Renegades,"Docklands Stadium, Melbourne"
1324631,2022-12-19,BBL,Hobart Hurricanes,Perth Scorchers,"University of Tasmania Stadium, Launceston"
1324632,2022-12-20,BBL,Sydney Thunder,Adelaide Strikers,Adelaide Oval
1324633,2022-12-21,BBL,Brisbane Heat,Melbourne Renegades,"GMHBA Stadium, South Geelong, Victoria"
1324634,2022-12-22,BBL,Sydney Sixers,Hobart Hurricanes,Sydney Cricket Ground
1324635,2022-12-23,BBL,Perth Scorchers,Melbourne Stars,"Junction Oval, Melbourne"
1324636,2022-12-23,BBL,Brisbane Heat,Adelaide Strikers,"Brisbane Cricket Ground, Woolloongabba, Brisbane"
1324637,2022-12-24,BBL,Hobart Hurricanes,Melbourne Renegades,"Bellerive Oval, Hobart"
1324638,2022-12-26,BBL,Melbourne Stars,Sydney Sixers,Sydney Cricket Ground
1324639,2022-12-26,BBL,Adelaide Strikers,Perth Scorchers,Perth Stadium
1324640,2022-12-27,BBL,Brisbane Heat,Sydney Thunder,Sydney Showground Stadium
1324641,2022-12-28,BBL,Sydney Sixers,Melbourne Renegades,Sydney Cricket Ground
1324642,2022-12-29,BBL,Sydney Thunder,Brisbane Heat,Carrara Oval
1324643,2022-12-29,BBL,Melbourne Stars,Perth Scorchers,Perth Stadium
1324644,2022-12-30,BBL,Melbourne Renegades,Sydney Sixers,"GMHBA Stadium, South Geelong, Victoria"
1324645,2022-12-31,BBL,Sydney Thunder,Hobart Hurricanes,"Lavington Sports Oval, Albury"
1324646,2022-12-31,BBL,Melbourne Stars,Adelaide Strikers,Adelaide Oval
1324647,2023-01-01,BBL,Melbourne Renegades,Perth Scorchers,"Docklands Stadium, Melbourne"
1324648,2023-01-01,BBL,Brisbane Heat,Sydney Sixers,"Brisbane Cricket Ground, Woolloongabba, Brisbane"
1324649,2023-01-02,BBL,Adelaide Strikers,Hobart Hurricanes,"Bellerive Oval, Hobart"
1324650,2023-01-03,BBL,Melbourne Renegades,Melbourne Stars,Melbourne Cricket Ground
1324651,2023-01-04,BBL,Brisbane Heat,Sydney Sixers,"North Sydney Oval, Sydney"
1324652,2023-01-04,BBL,Perth Scorchers,Sydney Thunder,Perth Stadium
1324653,2023-01-05,BBL,Hobart Hurricanes,Adelaide Strikers,Adelaide Oval
1324654,2023-01-06,BBL,Melbourne Stars,Sydney Sixers,Melbourne Cricket Ground
1324655,2023-01-07,BBL,Hobart Hurricanes,Melbourne Renegades,"Docklands Stadium, Melbourne"
1324656,2023-01-07,BBL,Brisbane Heat,Perth Scorchers,Perth Stadium
1324657,2023-01-08,BBL,Sydney Thunder,Sydney Sixers,Sydney Showground Stadium
1324658,2023-01-09,BBL,Melbourne Stars,Hobart Hurricanes,"Bellerive Oval, Hobart"
1324659,2023-01-10,BBL,Adelaide Strikers,Melbourne Renegades,Adelaide Oval
1324660,2023-01-11,BBL,Brisbane Heat,Perth Scorchers,"Brisbane Cricket Ground, Woolloongabba, Brisbane"
1324661,2023-01-12,BBL,Adelaide Strikers,Melbourne Stars,Melbourne Cricket Ground
1324662,2023-01-13,BBL,Sydney Thunder,Perth Scorchers,Sydney Showground Stadium
1324663,2023-01-14,BBL,Brisbane Heat,Adelaide Strikers,Adelaide Oval
1324664,2023-01-14,BBL,Melbourne Renegades,Melbourne Stars,"Docklands Stadium, Melbourne"
1324665,2023-01-15,BBL,Sydney Thunder,Hobart Hurricanes,"Bellerive Oval, Hobart"
1324666,2023-01-15,BBL,Sydney Sixers,Perth Scorchers,Sydney Cricket Ground
1324667,2023-01-16,BBL,Melbourne Stars,Brisbane Heat,Melbourne Cricket Ground
1324668,2023-01-17,BBL,Sydney Sixers,Adelaide Strikers,"International Sports Stadium, Coffs Harbour"
1324669,2023-01-18,BBL,Hobart Hurricanes,Perth Scorchers,Perth Stadium
1324670,2023-01-19,BBL,Melbourne Renegades,Sydney Thunder,"Manuka Oval, Canberra"
1324671,2023-01-20,BBL,Adelaide Strikers,Perth Scorchers,Adelaide Oval
1324672,2023-01-20,BBL,Brisbane Heat,Hobart Hurricanes,"Brisbane Cricket Ground, Woolloongabba, Brisbane"
1324673,2023-01-21,BBL,Sydney Sixers,Sydney Thunder,Sydney Cricket Ground
1324674,2023-01-22,BBL,Brisbane Heat,Melbourne Stars,"Brisbane Cricket Ground, Woolloongabba, Brisbane"
1324675,2023-01-22,BBL,Perth Scorchers,Melbourne Renegades,Perth Stadium
1324676,2023-01-23,BBL,Sydney Sixers,Hobart Hurricanes,"Bellerive Oval, Hobart"
1324677,2023-01-24,BBL,Adelaide Strikers,Melbourne Renegades,"Docklands Stadium, Melbourne"
1324678,2023-01-25,BBL,Hobart Hurricanes,Brisbane Heat,"University of Tasmania Stadium, Launceston"
1324679,2023-01-25,BBL,Melbourne Stars,Sydney Thunder,Melbourne Cricket Ground
1324680,2023-01-27,BBL,Brisbane Heat,Sydney Thunder,Sydney Showground Stadium
1324681,2023-01-28,BBL,Sydney Sixers,Perth Scorchers,Perth Stadium
1324682,2023-01-29,BBL,Melbourne Renegades,Brisbane Heat,"Docklands Stadium, Melbourne"
1324683,2023-02-02,BBL,Sydney Sixers,Brisbane Heat,Sydney Cricket Ground
1324684,2023-02-04,BBL,Brisbane Heat,Perth Scorchers,Perth Stadium
1386094,2023-12-07,BBL,Brisbane Heat,Melbourne Stars,"Brisbane Cricket Ground, Woolloongabba, Brisbane"
1386095,2023-12-08,BBL,Sydney Sixers,Melbourne Renegades,Sydney Cricket Ground
1386097,2023-12-10,BBL,Perth Scorchers,Melbourne Renegades,"GMHBA Stadium, South Geelong, Victoria"
1386098,2023-12-11,BBL,Hobart Hurricanes,Sydney Sixers,"University of Tasmania Stadium, Launceston"
1386099,2023-12-12,BBL,Brisbane Heat,Sydney Thunder,"Manuka Oval, Canberra"
1386100,2023-12-13,BBL,Melbourne Stars,Perth Scorchers,Melbourne Cricket Ground
1386101,2023-12-19,BBL,Sydney Thunder,Adelaide Strikers,Adelaide Oval
1386102,2023-12-20,BBL,Hobart Hurricanes,Perth Scorchers,Perth Stadium
1386103,2023-12-21,BBL,Melbourne Renegades,Brisbane Heat,"Docklands Stadium, Melbourne"
1386104,2023-12-22,BBL,Sydney Sixers,Adelaide Strikers,Sydney Cricket Ground
1386105,2023-12-23,BBL,Melbourne Stars,Sydney Thunder,"Lavington Sports Oval, Albury"
1386106,2023-12-23,BBL,Melbourne Renegades,Hobart Hurricanes,"Bellerive Oval, Hobart"
1386107,2023-12-26,BBL,Sydney Sixers,Melbourne Stars,Sydney Cricket Ground
1386108,2023-12-26,BBL,Perth Scorchers,Melbourne Renegades,Perth Stadium
1386109,2023-12-27,BBL,Brisbane Heat,Sydney Thunder,"Brisbane Cricket Ground, Woolloongabba, Brisbane"
1386110,2023-12-28,BBL,Hobart Hurricanes,Melbourne Stars,"Bellerive Oval, Hobart"
1386111,2023-12-29,BBL,Adelaide Strikers,Melbourne Renegades,"Docklands Stadium, Melbourne"
1386112,2023-12-30,BBL,Sydney Thunder,Sydney Sixers,Sydney Showground Stadium
1386113,2023-12-31,BBL,Adelaide Strikers,Melbourne Stars,Adelaide Oval
1386114,2024-01-01,BBL,Sydney Thunder,Hobart Hurricanes,"Bellerive Oval, Hobart"
1386116,2024-01-02,BBL,Melbourne Renegades,Melbourne Stars,Melbourne Cricket Ground
1386117,2024-01-03,BBL,Sydney Sixers,Brisbane Heat,"International Sports Stadium, Coffs Harbour"
1386118,2024-01-03,BBL,Perth Scorchers,Adelaide Strikers,Perth Stadium
1386119,2024-01-04,BBL,Melbourne Renegades,Hobart Hurricanes,"Docklands Stadium, Melbourne"
1386120,2024-01-05,BBL,Perth Scorchers,Adelaide Strikers,Adelaide Oval
1386121,2024-01-06,BBL,Melbourne Stars,Sydney Sixers,Melbourne Cricket Ground
1386122,2024-01-07,BBL,Brisbane Heat,Hobart Hurricanes,"Brisbane Cricket Ground, Woolloongabba, Brisbane"
1386123,2024-01-08,BBL,Sydney Thunder,Perth Scorchers,Sydney Showground Stadium
1386124,2024-01-09,BBL,Hobart Hurricanes,Adelaide Strikers,Adelaide Oval
1386125,2024-01-10,BBL,Brisbane Heat,Perth Scorchers,"Brisbane Cricket Ground, Woolloongabba, Brisbane"
1386126,2024-01-11,BBL,Hobart Hurricanes,Adelaide Strikers,"Bellerive Oval, Hobart"
1386127,2024-01-12,BBL,Sydney Sixers,Sydney Thunder,Sydney Cricket Ground
1386128,2024-01-13,BBL,Perth Scorchers,Brisbane Heat,Perth Stadium
1386129,2024-01-13,BBL,Melbourne Stars,Melbourne Renegades,"Docklands Stadium, Melbourne"
1386130,2024-01-14,BBL,Sydney Thunder,Adelaide Strikers,"Manuka Oval, Canberra"
1386131,2024-01-15,BBL,Hobart Hurricanes,Melbourne Stars,Melbourne Cricket Ground
1386132,2024-01-16,BBL,Perth Scorchers,Sydney Sixers,Perth Stadium
1386134,2024-01-19,BBL,Sydney Sixers,Brisbane Heat,Carrara Oval
1386135,2024-01-20,BBL,Adelaide Strikers,Perth Scorchers,Perth Stadium
1386136,2024-01-22,BBL,Brisbane Heat,Adelaide Strikers,Carrara Oval
1386137,2024-01-24,BBL,Brisbane Heat,Sydney Sixers,Sydney Cricket Ground
1443057,2024-12-15,BBL,Melbourne Stars,Perth Scorchers,Perth Stadium
1443058,2024-12-16,BBL,Melbourne Renegades,Sydney Sixers,Sydney Cricket Ground
1443059,2024-12-17,BBL,Adelaide Strikers,Sydney Thunder,"Manuka Oval, Canberra"
1443060,2024-12-18,BBL,Melbourne Stars,Brisbane Heat,Melbourne Cricket Ground
1443061,2024-12-19,BBL,Hobart Hurricanes,Melbourne Renegades,"GMHBA Stadium, South Geelong, Victoria"
1443062,2024-12-20,BBL,Adelaide Strikers,Melbourne Stars,Adelaide Oval
1443063,2024-12-21,BBL,Perth Scorchers,Hobart Hurricanes,"Bellerive Oval, Hobart"
1443064,2024-12-21,BBL,Sydney Thunder,Sydney Sixers,Sydney Showground Stadium
1443065,2024-12-22,BBL,Adelaide Strikers,Brisbane Heat,"Brisbane Cricket Ground, Woolloongabba, Brisbane"
1443066,2024-12-23,BBL,Perth Scorchers,Melbourne Renegades,"Docklands Stadium, Melbourne"
1443067,2024-12-26,BBL,Melbourne Stars,Sydney Sixers,Sydney Cricket Ground
1443068,2024-12-26,BBL,Perth Scorchers,Brisbane Heat,Perth Stadium
1443069,2024-12-27,BBL,Hobart Hurricanes,Adelaide Strikers,Adelaide Oval
1443070,2024-12-28,BBL,Sydney Thunder,Melbourne Stars,"Manuka Oval, Canberra"
1443071,2024-12-29,BBL,Brisbane Heat,Sydney Sixers,"Brisbane Cricket Ground, Woolloongabba, Brisbane"
1443072,2024-12-30,BBL,Sydney Thunder,Melbourne Renegades,Sydney Showground Stadium
1443073,2024-12-31,BBL,Adelaide Strikers,Perth Scorchers,Adelaide Oval
1443074,2025-01-01,BBL,Hobart Hurricanes,Sydney Sixers,"Bellerive Oval, Hobart"
1443075,2025-01-01,BBL,Brisbane Heat,Melbourne Stars,"Brisbane Cricket Ground, Woolloongabba, Brisbane"
1443076,2025-01-02,BBL,Melbourne Renegades,Adelaide Strikers,"Docklands Stadium, Melbourne"
1443078,2025-01-03,BBL,Perth Scorchers,Sydney Thunder,Perth Stadium
1443079,2025-01-04,BBL,Melbourne Renegades,Melbourne Stars,Melbourne Cricket Ground
1443080,2025-01-05,BBL,Adelaide Strikers,Hobart Hurricanes,"Bellerive Oval, Hobart"
1443081,2025-01-06,BBL,Sydney Thunder,Brisbane Heat,"Brisbane Cricket Ground, Woolloongabba, Brisbane"
1443082,2025-01-07,BBL,Perth Scorchers,Melbourne Renegades,Perth Stadium
1443084,2025-01-09,BBL,Melbourne Stars,Sydney Sixers,Melbourne Cricket Ground
1443085,2025-01-10,BBL,Sydney Thunder,Hobart Hurricanes,"Bellerive Oval, Hobart"
1443086,2025-01-11,BBL,Sydney Sixers,Perth Scorchers,Sydney Cricket Ground
1443087,2025-01-11,BBL,Adelaide Strikers,Brisbane Heat,Adelaide Oval
1443088,2025-01-12,BBL,Melbourne Stars,Melbourne Renegades,"Docklands Stadium, Melbourne"
1443089,2025-01-13,BBL,Sydney Thunder,Perth Scorchers,Sydney Showground Stadium
1443090,2025-01-14,BBL,Melbourne Renegades,Hobart Hurricanes,"Bellerive Oval, Hobart"
1443091,2025-01-15,BBL,Adelaide Strikers,Sydney Sixers,Adelaide Oval
1443092,2025-01-16,BBL,Brisbane Heat,Hobart Hurricanes,"Brisbane Cricket Ground, Woolloongabba, Brisbane"
1443093,2025-01-17,BBL,Sydney Thunder,Sydney Sixers,Sydney Cricket Ground
1443094,2025-01-18,BBL,Brisbane Heat,Melbourne Renegades,"Docklands Stadium, Melbourne"
1443095,2025-01-18,BBL,Adelaide Strikers,Perth Scorchers,Perth Stadium
1443096,2025-01-19,BBL,Melbourne Stars,Hobart Hurricanes,Melbourne Cricket Ground
1443097,2025-01-21,BBL,Hobart Hurricanes,Sydney Sixers,"Bellerive Oval, Hobart"
1443098,2025-01-22,BBL,Sydney Thunder,Melbourne Stars,Sydney Showground Stadium
1443099,2025-01-24,BBL,Sydney Sixers,Sydney Thunder,Sydney Cricket Ground
1443100,2025-01-27,BBL,Sydney Thunder,Hobart Hurricanes,"Bellerive Oval, Hobart"
1493238,2025-12-14,BBL,Sydney Sixers,Perth Scorchers,Perth Stadium
1493239,2025-12-15,BBL,Melbourne Renegades,Brisbane Heat,"GMHBA Stadium, South Geelong, Victoria"
1493240,2025-12-16,BBL,Sydney Thunder,Hobart Hurricanes,"Bellerive Oval, Hobart"
1493241,2025-12-17,BBL,Sydney Sixers,Adelaide Strikers,Sydney Cricket Ground
1493242,2025-12-18,BBL,Hobart Hurricanes,Melbourne Stars,Melbourne Cricket Ground
1493243,2025-12-19,BBL,Perth Scorchers,Brisbane Heat,"Brisbane Cricket Ground, Woolloongabba, Brisbane"
1493244,2025-12-20,BBL,Sydney Sixers,Sydney Thunder,Sydney Showground Stadium
1493245,2025-12-21,BBL,Melbourne Renegades,Hobart Hurricanes,"GMHBA Stadium, South Geelong, Victoria"
1493246,2025-12-22,BBL,Sydney Thunder,Brisbane Heat,"Manuka Oval, Canberra"
1493247,2025-12-23,BBL,Adelaide Strikers,Melbourne Stars,Adelaide Oval
1493248,2025-12-26,BBL,Sydney Sixers,Melbourne Stars,Sydney Cricket Ground
1493249,2025-12-26,BBL,Perth Scorchers,Hobart Hurricanes,Perth Stadium
1493250,2025-12-27,BBL,Brisbane Heat,Adelaide Strikers,"Brisbane Cricket Ground, Woolloongabba, Brisbane"
1493251,2025-12-28,BBL,Sydney Thunder,Melbourne Stars,"Manuka Oval, Canberra"
1493252,2025-12-29,BBL,Melbourne Renegades,Hobart Hurricanes,"Bellerive Oval, Hobart"
1493253,2025-12-30,BBL,Perth Scorchers,Sydney Thunder,Sydney Showground Stadium
1493254,2025-12-31,BBL,Brisbane Heat,Adelaide Strikers,Adelaide Oval
1493255,2026-01-01,BBL,Melbourne Renegades,Sydney Sixers,"Docklands Stadium, Melbourne"
1493256,2026-01-01,BBL,Perth Scorchers,Hobart Hurricanes,"Bellerive Oval, Hobart"
1493257,2026-01-02,BBL,Melbourne Stars,Brisbane Heat,"Brisbane Cricket Ground, Woolloongabba, Brisbane"
1493258,2026-01-03,BBL,Sydney Thunder,Hobart Hurricanes,Sydney Showground Stadium
1493259,2026-01-04,BBL,Melbourne Stars,Melbourne Renegades,Melbourne Cricket Ground
1493260,2026-01-04,BBL,Perth Scorchers,Adelaide Strikers,Perth Stadium
1493261,2026-01-05,BBL,Brisbane Heat,Sydney Sixers,"International Sports Stadium, Coffs Harbour"
1493262,2026-01-06,BBL,Adelaide Strikers,Sydney Thunder,Adelaide Oval
1493263,2026-01-07,BBL,Perth Scorchers,Melbourne Renegades,Perth Stadium
1493264,2026-01-08,BBL,Melbourne Stars,Sydney Sixers,Melbourne Cricket Ground
1493265,2026-01-09,BBL,Hobart Hurricanes,Adelaide Strikers,"Bellerive Oval, Hobart"
1493266,2026-01-10,BBL,Sydney Thunder,Brisbane Heat,"Brisbane Cricket Ground, Woolloongabba, Brisbane"
1493267,2026-01-10,BBL,Melbourne Renegades,Melbourne Stars,"Docklands Stadium, Melbourne"
1493268,2026-01-11,BBL,Sydney Sixers,Hobart Hurricanes,Sydney Cricket Ground
1493269,2026-01-11,BBL,Perth Scorchers,Adelaide Strikers,Adelaide Oval
1493270,2026-01-12,BBL,Melbourne Renegades,Sydney Thunder,Sydney Showground Stadium
1493271,2026-01-13,BBL,Adelaide Strikers,Melbourne Stars,Melbourne Cricket Ground
1493272,2026-01-14,BBL,Brisbane Heat,Hobart Hurricanes,"Bellerive Oval, Hobart"
1493273,2026-01-15,BBL,Perth Scorchers,Melbourne Renegades,"Docklands Stadium, Melbourne"
1493274,2026-01-16,BBL,Sydney Thunder,Sydney Sixers,Sydney Cricket Ground
1493275,2026-01-17,BBL,Melbourne Renegades,Adelaide Strikers,Adelaide Oval
1493276,2026-01-17,BBL,Melbourne Stars,Perth Scorchers,Perth Stadium
1493277,2026-01-18,BBL,Brisbane Heat,Sydney Sixers,"Brisbane Cricket Ground, Woolloongabba, Brisbane"
1493278,2026-01-20,BBL,Perth Scorchers,Sydney Sixers,Perth Stadium
1493279,2026-01-21,BBL,Hobart Hurricanes,Melbourne Stars,"Bellerive Oval, Hobart"
1493280,2026-01-23,BBL,Sydney Sixers,Hobart Hurricanes,Sydney Cricket Ground
1493281,2026-01-25,BBL,Sydney Sixers,Perth Scorchers,Perth Stadium
635215,2013-07-30,CPL,Barbados Tridents,St Lucia Zouks,"Kensington Oval, Bridgetown"
635216,2013-07-31,CPL,Guyana Amazon Warriors,Trinidad & Tobago Red Steel,Providence Stadium
635217,2013-08-01,CPL,Barbados Tridents,Antigua Hawksbills,"Kensington Oval, Bridgetown"
635218,2013-08-02,CPL,Jamaica Tallawahs,Guyana Amazon Warriors,Providence Stadium
635219,2013-08-03,CPL,Trinidad & Tobago Red Steel,Barbados Tridents,"Kensington Oval, Bridgetown"
635220,2013-08-04,CPL,Antigua Hawksbills,Jamaica Tallawahs,Providence Stadium
635221,2013-08-04,CPL,Guyana Amazon Warriors,St Lucia Zouks,Providence Stadium
635222,2013-08-06,CPL,Antigua Hawksbills,St Lucia Zouks,"Daren Sammy National Cricket Stadium, Gros Islet"
635223,2013-08-07,CPL,Jamaica Tallawahs,Trinidad & Tobago Red Steel,"Queen's Park Oval, Port of Spain"
635225,2013-08-09,CPL,Trinidad & Tobago Red Steel,Guyana Amazon Warriors,"Queen's Park Oval, Port of Spain"
635226,2013-08-10,CPL,St Lucia Zouks,Jamaica Tallawahs,"Daren Sammy National Cricket Stadium, Gros Islet"
635227,2013-08-11,CPL,Guyana Amazon Warriors,Barbados Tridents,"Queen's Park Oval, Port of Spain"
635228,2013-08-11,CPL,Trinidad & Tobago Red Steel,Antigua Hawksbills,"Queen's Park Oval, Port of Spain"
635229,2013-08-13,CPL,Barbados Tridents,Antigua Hawksbills,"Sir Vivian Richards Stadium, North Sound"
635230,2013-08-15,CPL,Guyana Amazon Warriors,Jamaica Tallawahs,"Sabina Park, Kingston"
635231,2013-08-15,CPL,St Lucia Zouks,Antigua Hawksbills,"Sir Vivian Richards Stadium, North Sound"
635232,2013-08-17,CPL,Barbados Tridents,Jamaica Tallawahs,"Sabina Park, Kingston"
635233,2013-08-17,CPL,Antigua Hawksbills,Guyana Amazon Warriors,"Sir Vivian Richards Stadium, North Sound"
635234,2013-08-17,CPL,St Lucia Zouks,Trinidad & Tobago Red Steel,"Sabina Park, Kingston"
635235,2013-08-18,CPL,Trinidad & Tobago Red Steel,Jamaica Tallawahs,"Sabina Park, Kingston"
635236,2013-08-22,CPL,Trinidad & Tobago Red Steel,Guyana Amazon Warriors,"Queen's Park Oval, Port of Spain"
635237,2013-08-23,CPL,Barbados Tridents,Jamaica Tallawahs,"Queen's Park Oval, Port of Spain"
635238,2013-08-24,CPL,Guyana Amazon Warriors,Jamaica Tallawahs,"Queen's Park Oval, Port of Spain"
743137,2014-07-11,CPL,Antigua Hawksbills,Guyana Amazon Warriors,"National Cricket Stadium, St George's"
743139,2014-07-12,CPL,Barbados Tridents,Trinidad & Tobago Red Steel,"National Cricket Stadium, St George's"
743143,2014-07-17,CPL,Antigua Hawksbills,Jamaica Tallawahs,"Sir Vivian Richards Stadium, North Sound"
743147,2014-07-19,CPL,Antigua Hawksbills,Barbados Tridents,"Sir Vivian Richards Stadium, North Sound"
743149,2014-07-19,CPL,St Lucia Zouks,Guyana Amazon Warriors,Providence Stadium
743151,2014-07-20,CPL,Antigua Hawksbills,Trinidad & Tobago Red Steel,"Sir Vivian Richards Stadium, North Sound"
743153,2014-07-20,CPL,Jamaica Tallawahs,Guyana Amazon Warriors,Providence Stadium
743155,2014-07-23,CPL,Barbados Tridents,St Lucia Zouks,"Kensington Oval, Bridgetown"
743157,2014-07-24,CPL,Guyana Amazon Warriors,Trinidad & Tobago Red Steel,"Queen's Park Oval, Port of Spain"
743161,2014-07-26,CPL,Trinidad & Tobago Red Steel,Jamaica Tallawahs,"Queen's Park Oval, Port of Spain"
743163,2014-07-26,CPL,Guyana Amazon Warriors,Barbados Tridents,"Kensington Oval, Bridgetown"
743165,2014-07-27,CPL,St Lucia Zouks,Trinidad & Tobago Red Steel,"Queen's Park Oval, Port of Spain"
743167,2014-07-31,CPL,Antigua Hawksbills,Jamaica Tallawahs,"Sabina Park, Kingston"
743169,2014-07-31,CPL,St Lucia Zouks,Barbados Tridents,"Daren Sammy National Cricket Stadium, Gros Islet"
743171,2014-08-02,CPL,Guyana Amazon Warriors,Jamaica Tallawahs,"Sabina Park, Kingston"
743173,2014-08-02,CPL,St Lucia Zouks,Trinidad & Tobago Red Steel,"Daren Sammy National Cricket Stadium, Gros Islet"
743175,2014-08-03,CPL,Jamaica Tallawahs,Barbados Tridents,"Sabina Park, Kingston"
743177,2014-08-03,CPL,Antigua Hawksbills,St Lucia Zouks,"Daren Sammy National Cricket Stadium, Gros Islet"
743179,2014-08-07,CPL,Guyana Amazon Warriors,Antigua Hawksbills,"Warner Park, Basseterre"
743181,2014-08-07,CPL,Barbados Tridents,Trinidad & Tobago Red Steel,"Warner Park, Basseterre"
743183,2014-08-09,CPL,Jamaica Tallawahs,St Lucia Zouks,"Warner Park, Basseterre"
743185,2014-08-09,CPL,Trinidad & Tobago Red Steel,Antigua Hawksbills,"Warner Park, Basseterre"
743187,2014-08-10,CPL,St Lucia Zouks,Guyana Amazon Warriors,"Warner Park, Basseterre"
743189,2014-08-10,CPL,Barbados Tridents,Jamaica Tallawahs,"Warner Park, Basseterre"
743191,2014-08-13,CPL,Trinidad & Tobago Red Steel,Jamaica Tallawahs,"Warner Park, Basseterre"
743193,2014-08-14,CPL,Jamaica Tallawahs,Guyana Amazon Warriors,"Warner Park, Basseterre"
743195,2014-08-16,CPL,Barbados Tridents,Guyana Amazon Warriors,"Warner Park, Basseterre"
857703,2015-06-20,CPL,Barbados Tridents,Guyana Amazon Warriors,"Kensington Oval, Bridgetown"
857705,2015-06-21,CPL,St Lucia Zouks,Trinidad & Tobago Red Steel,"Daren Sammy National Cricket Stadium, Gros Islet"
857707,2015-06-23,CPL,Barbados Tridents,Jamaica Tallawahs,"Kensington Oval, Bridgetown"
857709,2015-06-24,CPL,St Kitts and Nevis Patriots,St Lucia Zouks,"Daren Sammy National Cricket Stadium, Gros Islet"
857711,2015-06-25,CPL,Trinidad & Tobago Red Steel,Barbados Tridents,"Kensington Oval, Bridgetown"
857713,2015-06-26,CPL,St Lucia Zouks,Guyana Amazon Warriors,"Daren Sammy National Cricket Stadium, Gros Islet"
857715,2015-06-27,CPL,St Kitts and Nevis Patriots,Barbados Tridents,"Kensington Oval, Bridgetown"
857717,2015-06-28,CPL,St Lucia Zouks,Jamaica Tallawahs,"Daren Sammy National Cricket Stadium, Gros Islet"
857719,2015-06-30,CPL,St Kitts and Nevis Patriots,Jamaica Tallawahs,"Warner Park, Basseterre"
857721,2015-07-01,CPL,Barbados Tridents,St Lucia Zouks,"Warner Park, Basseterre"
857723,2015-07-03,CPL,St Kitts and Nevis Patriots,Guyana Amazon Warriors,"Warner Park, Basseterre"
857725,2015-07-03,CPL,St Lucia Zouks,Barbados Tridents,"Warner Park, Basseterre"
857727,2015-07-04,CPL,St Kitts and Nevis Patriots,Jamaica Tallawahs,"Warner Park, Basseterre"
857729,2015-07-04,CPL,Guyana Amazon Warriors,Trinidad & Tobago Red Steel,"Warner Park, Basseterre"
857731,2015-07-06,CPL,Barbados Tridents,St Kitts and Nevis Patriots,"Warner Park, Basseterre"
857733,2015-07-07,CPL,St Lucia Zouks,Jamaica Tallawahs,"Sabina Park, Kingston"
857735,2015-07-08,CPL,St Kitts and Nevis Patriots,Guyana Amazon Warriors,"Warner Park, Basseterre"
857737,2015-07-09,CPL,Jamaica Tallawahs,Trinidad & Tobago Red Steel,"Sabina Park, Kingston"
857739,2015-07-10,CPL,St Kitts and Nevis Patriots,St Lucia Zouks,"Warner Park, Basseterre"
857741,2015-07-11,CPL,St Kitts and Nevis Patriots,Trinidad & Tobago Red Steel,"Warner Park, Basseterre"
857743,2015-07-11,CPL,Barbados Tridents,Jamaica Tallawahs,"Sabina Park, Kingston"
857745,2015-07-12,CPL,Guyana Amazon Warriors,Jamaica Tallawahs,"Sabina Park, Kingston"
857747,2015-07-14,CPL,Trinidad & Tobago Red Steel,St Lucia Zouks,"Queen's Park Oval, Port of Spain"
857751,2015-07-16,CPL,Trinidad & Tobago Red Steel,Barbados Tridents,"Queen's Park Oval, Port of Spain"
857753,2015-07-17,CPL,St Lucia Zouks,Guyana Amazon Warriors,Providence Stadium
857755,2015-07-18,CPL,Trinidad & Tobago Red Steel,St Kitts and Nevis Patriots,"Queen's Park Oval, Port of Spain"
857757,2015-07-18,CPL,Barbados Tridents,Guyana Amazon Warriors,Providence Stadium
857759,2015-07-19,CPL,Trinidad & Tobago Red Steel,Jamaica Tallawahs,"Queen's Park Oval, Port of Spain"
857761,2015-07-21,CPL,Trinidad & Tobago Red Steel,Guyana Amazon Warriors,Providence Stadium
857763,2015-07-23,CPL,Trinidad & Tobago Red Steel,Jamaica Tallawahs,"Queen's Park Oval, Port of Spain"
857765,2015-07-25,CPL,Guyana Amazon Warriors,Trinidad & Tobago Red Steel,"Queen's Park Oval, Port of Spain"
857767,2015-07-26,CPL,Trinidad & Tobago Red Steel,Barbados Tridents,"Queen's Park Oval, Port of Spain"
1025983,2016-06-29,CPL,Trinbago Knight Riders,St Lucia Zouks,"Queen's Park Oval, Port of Spain"
994669,2016-06-30,CPL,St Kitts and Nevis Patriots,Guyana Amazon Warriors,"Warner Park, Basseterre"
1025985,2016-07-01,CPL,Trinbago Knight Riders,Barbados Tridents,"Queen's Park Oval, Port of Spain"
1025987,2016-07-02,CPL,Trinbago Knight Riders,Guyana Amazon Warriors,"Queen's Park Oval, Port of Spain"
994671,2016-07-02,CPL,Jamaica Tallawahs,St Kitts and Nevis Patriots,"Warner Park, Basseterre"
994673,2016-07-03,CPL,St Kitts and Nevis Patriots,St Lucia Zouks,"Warner Park, Basseterre"
1025989,2016-07-04,CPL,Trinbago Knight Riders,Jamaica Tallawahs,"Queen's Park Oval, Port of Spain"
1018873,2016-07-10,CPL,Trinbago Knight Riders,Guyana Amazon Warriors,Providence Stadium
1019643,2016-07-11,CPL,Jamaica Tallawahs,Barbados Tridents,"Kensington Oval, Bridgetown"
1019645,2016-07-13,CPL,Barbados Tridents,St Kitts and Nevis Patriots,"Kensington Oval, Bridgetown"
1019769,2016-07-15,CPL,Guyana Amazon Warriors,Jamaica Tallawahs,"Sabina Park, Kingston"
1019647,2016-07-16,CPL,Barbados Tridents,Trinbago Knight Riders,"Kensington Oval, Bridgetown"
1019771,2016-07-16,CPL,Jamaica Tallawahs,St Kitts and Nevis Patriots,"Sabina Park, Kingston"
1019649,2016-07-17,CPL,Barbados Tridents,St Lucia Zouks,"Kensington Oval, Bridgetown"
1019773,2016-07-18,CPL,Jamaica Tallawahs,Trinbago Knight Riders,"Sabina Park, Kingston"
1019775,2016-07-20,CPL,Jamaica Tallawahs,Barbados Tridents,"Sabina Park, Kingston"
1011497,2016-07-21,CPL,St Lucia Zouks,St Kitts and Nevis Patriots,"Daren Sammy National Cricket Stadium, Gros Islet"
1011501,2016-07-24,CPL,Guyana Amazon Warriors,St Lucia Zouks,"Daren Sammy National Cricket Stadium, Gros Islet"
1011503,2016-07-26,CPL,St Lucia Zouks,Trinbago Knight Riders,"Daren Sammy National Cricket Stadium, Gros Islet"
994677,2016-07-28,CPL,Barbados Tridents,Guyana Amazon Warriors,Central Broward Regional Park Stadium Turf Ground
994679,2016-07-29,CPL,St Kitts and Nevis Patriots,Trinbago Knight Riders,Central Broward Regional Park Stadium Turf Ground
994681,2016-07-30,CPL,St Lucia Zouks,Jamaica Tallawahs,Central Broward Regional Park Stadium Turf Ground
994683,2016-07-30,CPL,Barbados Tridents,Guyana Amazon Warriors,Central Broward Regional Park Stadium Turf Ground
994685,2016-07-31,CPL,St Kitts and Nevis Patriots,Trinbago Knight Riders,Central Broward Regional Park Stadium Turf Ground
994687,2016-07-31,CPL,St Lucia Zouks,Jamaica Tallawahs,Central Broward Regional Park Stadium Turf Ground
1025665,2016-08-03,CPL,Jamaica Tallawahs,Guyana Amazon Warriors,"Warner Park, Basseterre"
1025667,2016-08-04,CPL,St Lucia Zouks,Trinbago Knight Riders,"Warner Park, Basseterre"
1025669,2016-08-05,CPL,Jamaica Tallawahs,Trinbago Knight Riders,"Warner Park, Basseterre"
1025671,2016-08-07,CPL,Guyana Amazon Warriors,Jamaica Tallawahs,"Warner Park, Basseterre"
1094672,2017-08-04,CPL,St Lucia Stars,Trinbago Knight Riders,"Daren Sammy National Cricket Stadium, Gros Islet"
1094673,2017-08-05,CPL,Guyana Amazon Warriors,St Kitts and Nevis Patriots,Central Broward Regional Park Stadium Turf Ground
1094674,2017-08-05,CPL,Barbados Tridents,Jamaica Tallawahs,Central Broward Regional Park Stadium Turf Ground
1094675,2017-08-06,CPL,St Kitts and Nevis Patriots,Guyana Amazon Warriors,Central Broward Regional Park Stadium Turf Ground
1094676,2017-08-06,CPL,Jamaica Tallawahs,Barbados Tridents,Central Broward Regional Park Stadium Turf Ground
1094677,2017-08-07,CPL,St Lucia Stars,Trinbago Knight Riders,"Queen's Park Oval, Port of Spain"
1094678,2017-08-09,CPL,Trinbago Knight Riders,Jamaica Tallawahs,"Queen's Park Oval, Port of Spain"
1094679,2017-08-10,CPL,Barbados Tridents,St Lucia Stars,"Daren Sammy National Cricket Stadium, Gros Islet"
1094680,2017-08-11,CPL,Guyana Amazon Warriors,Trinbago Knight Riders,"Queen's Park Oval, Port of Spain"
1094681,2017-08-12,CPL,St Kitts and Nevis Patriots,St Lucia Stars,"Daren Sammy National Cricket Stadium, Gros Islet"
1094682,2017-08-12,CPL,Barbados Tridents,Trinbago Knight Riders,"Queen's Park Oval, Port of Spain"
1094683,2017-08-13,CPL,St Lucia Stars,Guyana Amazon Warriors,"Daren Sammy National Cricket Stadium, Gros Islet"
1094684,2017-08-14,CPL,St Kitts and Nevis Patriots,Trinbago Knight Riders,"Queen's Park Oval, Port of Spain"
1094685,2017-08-15,CPL,St Lucia Stars,Jamaica Tallawahs,"Daren Sammy National Cricket Stadium, Gros Islet"
1094686,2017-08-17,CPL,Jamaica Tallawahs,Guyana Amazon Warriors,Providence Stadium
1094687,2017-08-18,CPL,Barbados Tridents,St Kitts and Nevis Patriots,"Warner Park, Basseterre"
1094688,2017-08-19,CPL,Guyana Amazon Warriors,Trinbago Knight Riders,Providence Stadium
1094689,2017-08-19,CPL,St Lucia Stars,St Kitts and Nevis Patriots,"Warner Park, Basseterre"
1094690,2017-08-20,CPL,Barbados Tridents,Guyana Amazon Warriors,Providence Stadium
1094691,2017-08-21,CPL,St Kitts and Nevis Patriots,Jamaica Tallawahs,"Warner Park, Basseterre"
1094692,2017-08-22,CPL,St Lucia Stars,Guyana Amazon Warriors,Providence Stadium
1094693,2017-08-23,CPL,St Kitts and Nevis Patriots,Trinbago Knight Riders,"Warner Park, Basseterre"
1094694,2017-08-25,CPL,St Lucia Stars,Jamaica Tallawahs,"Sabina Park, Kingston"
1094695,2017-08-26,CPL,Trinbago Knight Riders,Jamaica Tallawahs,"Sabina Park, Kingston"
1094696,2017-08-29,CPL,Guyana Amazon Warriors,Barbados Tridents,"Kensington Oval, Bridgetown"
1094697,2017-08-30,CPL,Jamaica Tallawahs,St Kitts and Nevis Patriots,"Sabina Park, Kingston"
1094698,2017-08-31,CPL,Barbados Tridents,St Lucia Stars,"Kensington Oval, Bridgetown"
1094699,2017-09-01,CPL,Jamaica Tallawahs,Guyana Amazon Warriors,"Sabina Park, Kingston"
1094700,2017-09-02,CPL,Barbados Tridents,Trinbago Knight Riders,"Kensington Oval, Bridgetown"
1094701,2017-09-03,CPL,Barbados Tridents,St Kitts and Nevis Patriots,"Kensington Oval, Bridgetown"
1094702,2017-09-05,CPL,St Kitts and Nevis Patriots,Trinbago Knight Riders,"Brian Lara Stadium, Tarouba"
1094703,2017-09-06,CPL,Jamaica Tallawahs,Guyana Amazon Warriors,"Brian Lara Stadium, Tarouba"
1094704,2017-09-07,CPL,Guyana Amazon Warriors,Trinbago Knight Riders,"Brian Lara Stadium, Tarouba"
1094705,2017-09-09,CPL,St Kitts and Nevis Patriots,Trinbago Knight Riders,"Brian Lara Stadium, Tarouba"
1148647,2018-08-08,CPL,Trinbago Knight Riders,St Lucia Stars,"Queen's Park Oval, Port of Spain"
1148648,2018-08-09,CPL,St Kitts and Nevis Patriots,Guyana Amazon Warriors,Providence Stadium
1148649,2018-08-10,CPL,Trinbago Knight Riders,Jamaica Tallawahs,"Queen's Park Oval, Port of Spain"
1148650,2018-08-11,CPL,Guyana Amazon Warriors,St Lucia Stars,Providence Stadium
1148651,2018-08-11,CPL,St Kitts and Nevis Patriots,Trinbago Knight Riders,"Queen's Park Oval, Port of Spain"
1148652,2018-08-12,CPL,Barbados Tridents,Guyana Amazon Warriors,Providence Stadium
1148653,2018-08-14,CPL,St Lucia Stars,Jamaica Tallawahs,"Sabina Park, Kingston"
1148654,2018-08-15,CPL,Jamaica Tallawahs,St Kitts and Nevis Patriots,"Sabina Park, Kingston"
1148655,2018-08-16,CPL,St Lucia Stars,Trinbago Knight Riders,"Daren Sammy National Cricket Stadium, Gros Islet"
1148656,2018-08-17,CPL,St Lucia Stars,Barbados Tridents,"Daren Sammy National Cricket Stadium, Gros Islet"
1148657,2018-08-18,CPL,Guyana Amazon Warriors,Jamaica Tallawahs,Central Broward Regional Park Stadium Turf Ground
1148658,2018-08-19,CPL,Jamaica Tallawahs,Trinbago Knight Riders,Central Broward Regional Park Stadium Turf Ground
1148659,2018-08-21,CPL,St Lucia Stars,St Kitts and Nevis Patriots,"Daren Sammy National Cricket Stadium, Gros Islet"
1148660,2018-08-22,CPL,Barbados Tridents,Jamaica Tallawahs,Central Broward Regional Park Stadium Turf Ground
1148661,2018-08-24,CPL,Guyana Amazon Warriors,St Lucia Stars,"Daren Sammy National Cricket Stadium, Gros Islet"
1148662,2018-08-25,CPL,Barbados Tridents,St Kitts and Nevis Patriots,"Kensington Oval, Bridgetown"
1148663,2018-08-25,CPL,Jamaica Tallawahs,St Lucia Stars,"Daren Sammy National Cricket Stadium, Gros Islet"
1148664,2018-08-26,CPL,Barbados Tridents,Trinbago Knight Riders,"Kensington Oval, Bridgetown"
1148665,2018-08-28,CPL,St Kitts and Nevis Patriots,Guyana Amazon Warriors,"Warner Park, Basseterre"
1148666,2018-08-29,CPL,Barbados Tridents,Jamaica Tallawahs,"Kensington Oval, Bridgetown"
1148668,2018-08-31,CPL,Barbados Tridents,Guyana Amazon Warriors,"Kensington Oval, Bridgetown"
1148669,2018-09-01,CPL,Trinbago Knight Riders,St Kitts and Nevis Patriots,"Warner Park, Basseterre"
1148670,2018-09-02,CPL,Barbados Tridents,St Lucia Stars,"Kensington Oval, Bridgetown"
1148671,2018-09-02,CPL,Jamaica Tallawahs,St Kitts and Nevis Patriots,"Warner Park, Basseterre"
1148672,2018-09-04,CPL,Barbados Tridents,St Kitts and Nevis Patriots,"Warner Park, Basseterre"
1148673,2018-09-05,CPL,Trinbago Knight Riders,Guyana Amazon Warriors,"Queen's Park Oval, Port of Spain"
1148674,2018-09-07,CPL,Trinbago Knight Riders,Barbados Tridents,"Queen's Park Oval, Port of Spain"
1148675,2018-09-08,CPL,Guyana Amazon Warriors,Jamaica Tallawahs,Providence Stadium
1148676,2018-09-09,CPL,Trinbago Knight Riders,Guyana Amazon Warriors,Providence Stadium
1148677,2018-09-11,CPL,Trinbago Knight Riders,Guyana Amazon Warriors,Providence Stadium
1148678,2018-09-12,CPL,Jamaica Tallawahs,St Kitts and Nevis Patriots,Providence Stadium
1148679,2018-09-14,CPL,Trinbago Knight Riders,St Kitts and Nevis Patriots,"Brian Lara Stadium, Tarouba"
1148680,2018-09-16,CPL,Guyana Amazon Warriors,Trinbago Knight Riders,"Brian Lara Stadium, Tarouba"
1185837,2019-09-04,CPL,Trinbago Knight Riders,St Kitts and Nevis Patriots,"Queen's Park Oval, Port of Spain"
1185838,2019-09-05,CPL,Guyana Amazon Warriors,St Lucia Zouks,Providence Stadium
1185839,2019-09-06,CPL,Trinbago Knight Riders,Jamaica Tallawahs,"Queen's Park Oval, Port of Spain"
1185840,2019-09-07,CPL,St Kitts and Nevis Patriots,Guyana Amazon Warriors,Providence Stadium
1185841,2019-09-08,CPL,St Lucia Zouks,Trinbago Knight Riders,"Queen's Park Oval, Port of Spain"
1185842,2019-09-08,CPL,Guyana Amazon Warriors,Barbados Tridents,Providence Stadium
1185843,2019-09-10,CPL,Jamaica Tallawahs,St Kitts and Nevis Patriots,"Warner Park, Basseterre"
1185844,2019-09-11,CPL,Barbados Tridents,St Kitts and Nevis Patriots,"Warner Park, Basseterre"
1185845,2019-09-12,CPL,Jamaica Tallawahs,St Lucia Zouks,"Sabina Park, Kingston"
1185846,2019-09-13,CPL,Trinbago Knight Riders,Jamaica Tallawahs,"Sabina Park, Kingston"
1185847,2019-09-14,CPL,St Kitts and Nevis Patriots,Guyana Amazon Warriors,"Warner Park, Basseterre"
1185848,2019-09-15,CPL,Barbados Tridents,Jamaica Tallawahs,"Sabina Park, Kingston"
1185849,2019-09-15,CPL,St Lucia Zouks,St Kitts and Nevis Patriots,"Warner Park, Basseterre"
1185850,2019-09-17,CPL,Trinbago Knight Riders,St Kitts and Nevis Patriots,"Warner Park, Basseterre"
1185851,2019-09-18,CPL,Guyana Amazon Warriors,Jamaica Tallawahs,"Sabina Park, Kingston"
1185852,2019-09-19,CPL,St Kitts and Nevis Patriots,Jamaica Tallawahs,"Sabina Park, Kingston"
1185853,2019-09-20,CPL,Barbados Tridents,St Lucia Zouks,"Daren Sammy National Cricket Stadium, Gros Islet"
1185854,2019-09-21,CPL,St Lucia Zouks,Trinbago Knight Riders,"Daren Sammy National Cricket Stadium, Gros Islet"
1185855,2019-09-22,CPL,Barbados Tridents,Guyana Amazon Warriors,"Kensington Oval, Bridgetown"
1185856,2019-09-23,CPL,Jamaica Tallawahs,Barbados Tridents,"Kensington Oval, Bridgetown"
1185857,2019-09-24,CPL,St Lucia Zouks,St Kitts and Nevis Patriots,"Daren Sammy National Cricket Stadium, Gros Islet"
1185858,2019-09-25,CPL,St Lucia Zouks,Guyana Amazon Warriors,"Daren Sammy National Cricket Stadium, Gros Islet"
1185859,2019-09-26,CPL,Barbados Tridents,Trinbago Knight Riders,"Kensington Oval, Bridgetown"
1185860,2019-09-27,CPL,Jamaica Tallawahs,St Lucia Zouks,"Daren Sammy National Cricket Stadium, Gros Islet"
1185861,2019-09-28,CPL,St Kitts and Nevis Patriots,Barbados Tridents,"Kensington Oval, Bridgetown"
1185862,2019-09-29,CPL,Barbados Tridents,St Lucia Zouks,"Kensington Oval, Bridgetown"
1185863,2019-09-30,CPL,Guyana Amazon Warriors,Trinbago Knight Riders,"Queen's Park Oval, Port of Spain"
1185864,2019-10-02,CPL,Trinbago Knight Riders,Barbados Tridents,"Queen's Park Oval, Port of Spain"
1185865,2019-10-03,CPL,Guyana Amazon Warriors,Jamaica Tallawahs,Providence Stadium
1185866,2019-10-04,CPL,Trinbago Knight Riders,Guyana Amazon Warriors,Providence Stadium
1185867,2019-10-06,CPL,Guyana Amazon Warriors,Barbados Tridents,Providence Stadium
1185868,2019-10-06,CPL,St Kitts and Nevis Patriots,Trinbago Knight Riders,Providence Stadium
1185869,2019-10-10,CPL,Barbados Tridents,Trinbago Knight Riders,"Brian Lara Stadium, Tarouba"
1185870,2019-10-12,CPL,Barbados Tridents,Guyana Amazon Warriors,"Brian Lara Stadium, Tarouba"
1227865,2020-08-18,CPL,Guyana Amazon Warriors,Trinbago Knight Riders,"Brian Lara Stadium, Tarouba"
1227866,2020-08-18,CPL,Barbados Tridents,St Kitts and Nevis Patriots,"Brian Lara Stadium, Tarouba"
1227867,2020-08-19,CPL,St Lucia Zouks,Jamaica Tallawahs,"Brian Lara Stadium, Tarouba"
1227868,2020-08-19,CPL,St Kitts and Nevis Patriots,Guyana Amazon Warriors,"Brian Lara Stadium, Tarouba"
1227869,2020-08-20,CPL,Barbados Tridents,St Lucia Zouks,"Brian Lara Stadium, Tarouba, Trinidad"
1227870,2020-08-20,CPL,Jamaica Tallawahs,Trinbago Knight Riders,"Brian Lara Stadium, Tarouba"
1227871,2020-08-22,CPL,St Lucia Zouks,St Kitts and Nevis Patriots,"Brian Lara Stadium, Tarouba"
1227872,2020-08-22,CPL,Guyana Amazon Warriors,Jamaica Tallawahs,"Brian Lara Stadium, Tarouba"
1227873,2020-08-23,CPL,Trinbago Knight Riders,Barbados Tridents,"Brian Lara Stadium, Tarouba"
1227874,2020-08-23,CPL,St Lucia Zouks,Guyana Amazon Warriors,"Brian Lara Stadium, Tarouba"
1227875,2020-08-25,CPL,Barbados Tridents,St Kitts and Nevis Patriots,"Queen's Park Oval, Port of Spain"
1227876,2020-08-25,CPL,Guyana Amazon Warriors,Jamaica Tallawahs,"Queen's Park Oval, Port of Spain"
1227877,2020-08-26,CPL,St Lucia Zouks,Trinbago Knight Riders,"Queen's Park Oval, Port of Spain, Trinidad"
1227878,2020-08-26,CPL,Barbados Tridents,Jamaica Tallawahs,"Queen's Park Oval, Port of Spain"
1227879,2020-08-27,CPL,St Kitts and Nevis Patriots,St Lucia Zouks,"Queen's Park Oval, Port of Spain"
1227880,2020-08-27,CPL,Guyana Amazon Warriors,Trinbago Knight Riders,"Queen's Park Oval, Port of Spain"
1227881,2020-08-29,CPL,Barbados Tridents,Trinbago Knight Riders,"Queen's Park Oval, Port of Spain"
1227882,2020-08-29,CPL,Jamaica Tallawahs,St Kitts and Nevis Patriots,"Queen's Park Oval, Port of Spain"
1227883,2020-08-30,CPL,St Lucia Zouks,Barbados Tridents,"Queen's Park Oval, Port of Spain"
1227884,2020-08-30,CPL,St Kitts and Nevis Patriots,Guyana Amazon Warriors,"Queen's Park Oval, Port of Spain"
1227885,2020-09-01,CPL,Trinbago Knight Riders,Jamaica Tallawahs,"Brian Lara Stadium, Tarouba"
1227886,2020-09-01,CPL,Barbados Tridents,Guyana Amazon Warriors,"Brian Lara Stadium, Tarouba"
1227887,2020-09-02,CPL,Trinbago Knight Riders,St Kitts and Nevis Patriots,"Brian Lara Stadium, Tarouba"
1227888,2020-09-02,CPL,St Lucia Zouks,Guyana Amazon Warriors,"Brian Lara Stadium, Tarouba"
1227889,2020-09-03,CPL,St Kitts and Nevis Patriots,Jamaica Tallawahs,"Brian Lara Stadium, Tarouba"
1227890,2020-09-03,CPL,Barbados Tridents,Guyana Amazon Warriors,"Brian Lara Stadium, Tarouba"
1227891,2020-09-05,CPL,Trinbago Knight Riders,St Lucia Zouks,"Brian Lara Stadium, Tarouba"
1227892,2020-09-05,CPL,Jamaica Tallawahs,Barbados Tridents,"Brian Lara Stadium, Tarouba"
1227893,2020-09-06,CPL,St Kitts and Nevis Patriots,Trinbago Knight Riders,"Brian Lara Stadium, Tarouba"
1227894,2020-09-06,CPL,St Lucia Zouks,Jamaica Tallawahs,"Brian Lara Stadium, Tarouba"
1227895,2020-09-08,CPL,Jamaica Tallawahs,Trinbago Knight Riders,"Brian Lara Stadium, Tarouba"
1227896,2020-09-08,CPL,Guyana Amazon Warriors,St Lucia Zouks,"Brian Lara Stadium, Tarouba"
1227897,2020-09-10,CPL,St Lucia Zouks,Trinbago Knight Riders,"Brian Lara Stadium, Tarouba"
1269700,2021-08-26,CPL,Guyana Amazon Warriors,Trinbago Knight Riders,"Warner Park, Basseterre, St Kitts"
1269701,2021-08-26,CPL,St Kitts and Nevis Patriots,Barbados Royals,"Warner Park, Basseterre, St Kitts"
1269702,2021-08-27,CPL,Jamaica Tallawahs,St Lucia Kings,"Warner Park, Basseterre, St Kitts"
1269703,2021-08-27,CPL,Barbados Royals,Trinbago Knight Riders,"Warner Park, Basseterre, St Kitts"
1269704,2021-08-28,CPL,Guyana Amazon Warriors,St Kitts and Nevis Patriots,"Warner Park, Basseterre, St Kitts"
1269705,2021-08-28,CPL,Barbados Royals,Jamaica Tallawahs,"Warner Park, Basseterre, St Kitts"
1269706,2021-08-29,CPL,St Lucia Kings,Trinbago Knight Riders,"Warner Park, Basseterre, St Kitts"
1269707,2021-08-29,CPL,Guyana Amazon Warriors,St Kitts and Nevis Patriots,"Warner Park, Basseterre, St Kitts"
1269708,2021-08-31,CPL,Trinbago Knight Riders,St Lucia Kings,"Warner Park, Basseterre, St Kitts"
1269709,2021-08-31,CPL,Barbados Royals,Jamaica Tallawahs,"Warner Park, Basseterre, St Kitts"
1269710,2021-09-01,CPL,Trinbago Knight Riders,Guyana Amazon Warriors,"Warner Park, Basseterre, St Kitts"
1269711,2021-09-01,CPL,Jamaica Tallawahs,St Kitts and Nevis Patriots,"Warner Park, Basseterre, St Kitts"
1269712,2021-09-02,CPL,St Lucia Kings,Guyana Amazon Warriors,"Warner Park, Basseterre, St Kitts"
1269713,2021-09-02,CPL,Barbados Royals,St Kitts and Nevis Patriots,"Warner Park, Basseterre, St Kitts"
1269714,2021-09-04,CPL,St Lucia Kings,St Kitts and Nevis Patriots,"Warner Park, Basseterre, St Kitts"
1269715,2021-09-04,CPL,Barbados Royals,Guyana Amazon Warriors,"Warner Park, Basseterre, St Kitts"
1269716,2021-09-05,CPL,St Kitts and Nevis Patriots,St Lucia Kings,"Warner Park, Basseterre, St Kitts"
1269717,2021-09-05,CPL,Jamaica Tallawahs,Trinbago Knight Riders,"Warner Park, Basseterre, St Kitts"
1269718,2021-09-07,CPL,Trinbago Knight Riders,Jamaica Tallawahs,"Warner Park, Basseterre, St Kitts"
1269719,2021-09-07,CPL,Barbados Royals,Guyana Amazon Warriors,"Warner Park, Basseterre, St Kitts"
1269720,2021-09-08,CPL,Jamaica Tallawahs,St Kitts and Nevis Patriots,"Warner Park, Basseterre, St Kitts"
1269721,2021-09-08,CPL,Guyana Amazon Warriors,St Lucia Kings,"Warner Park, Basseterre, St Kitts"
1269722,2021-09-09,CPL,Barbados Royals,Trinbago Knight Riders,"Warner Park, Basseterre, St Kitts"
1269723,2021-09-09,CPL,Jamaica Tallawahs,St Lucia Kings,"Warner Park, Basseterre, St Kitts"
1269724,2021-09-11,CPL,St Lucia Kings,Barbados Royals,"Warner Park, Basseterre, St Kitts"
1269725,2021-09-11,CPL,Guyana Amazon Warriors,Jamaica Tallawahs,"Warner Park, Basseterre, St Kitts"
1269726,2021-09-11,CPL,Trinbago Knight Riders,St Kitts and Nevis Patriots,"Warner Park, Basseterre, St Kitts"
1269727,2021-09-12,CPL,St Lucia Kings,Barbados Royals,"Warner Park, Basseterre, St Kitts"
1269728,2021-09-12,CPL,Guyana Amazon Warriors,Jamaica Tallawahs,"Warner Park, Basseterre, St Kitts"
1269729,2021-09-12,CPL,St Kitts and Nevis Patriots,Trinbago Knight Riders,"Warner Park, Basseterre, St Kitts"
1269730,2021-09-14,CPL,St Lucia Kings,Trinbago Knight Riders,"Warner Park, Basseterre, St Kitts"
1269731,2021-09-14,CPL,Guyana Amazon Warriors,St Kitts and Nevis Patriots,"Warner Park, Basseterre, St Kitts"
1269732,2021-09-15,CPL,St Lucia Kings,St Kitts and Nevis Patriots,"Warner Park, Basseterre, St Kitts"
1323144,2022-08-31,CPL,Jamaica Tallawahs,St Kitts and Nevis Patriots,"Warner Park, Basseterre, St Kitts"
1323145,2022-09-01,CPL,St Lucia Kings,Trinbago Knight Riders,"Warner Park, Basseterre, St Kitts"
1323146,2022-09-01,CPL,St Kitts and Nevis Patriots,Barbados Royals,"Warner Park, Basseterre, St Kitts"
1323147,2022-09-03,CPL,Guyana Amazon Warriors,Jamaica Tallawahs,"Warner Park, Basseterre, St Kitts"
1323149,2022-09-04,CPL,Barbados Royals,St Lucia Kings,"Warner Park, Basseterre, St Kitts"
1323151,2022-09-07,CPL,Barbados Royals,Trinbago Knight Riders,"Daren Sammy National Cricket Stadium, Gros Islet, St Lucia"
1323152,2022-09-07,CPL,Jamaica Tallawahs,St Lucia Kings,"Daren Sammy National Cricket Stadium, Gros Islet, St Lucia"
1323153,2022-09-08,CPL,Guyana Amazon Warriors,St Kitts and Nevis Patriots,"Daren Sammy National Cricket Stadium, Gros Islet, St Lucia"
1323154,2022-09-08,CPL,St Lucia Kings,Barbados Royals,"Daren Sammy National Cricket Stadium, Gros Islet, St Lucia"
1323155,2022-09-10,CPL,Jamaica Tallawahs,Trinbago Knight Riders,"Daren Sammy National Cricket Stadium, Gros Islet, St Lucia"
1323156,2022-09-10,CPL,St Lucia Kings,Guyana Amazon Warriors,"Daren Sammy National Cricket Stadium, Gros Islet, St Lucia"
1323157,2022-09-11,CPL,Jamaica Tallawahs,Barbados Royals,"Daren Sammy National Cricket Stadium, Gros Islet, St Lucia"
1323158,2022-09-11,CPL,St Lucia Kings,St Kitts and Nevis Patriots,"Daren Sammy National Cricket Stadium, Gros Islet, St Lucia"
1323159,2022-09-13,CPL,Trinbago Knight Riders,Barbados Royals,"Queen's Park Oval, Port of Spain, Trinidad"
1323160,2022-09-14,CPL,Jamaica Tallawahs,St Kitts and Nevis Patriots,"Queen's Park Oval, Port of Spain, Trinidad"
1323161,2022-09-14,CPL,Trinbago Knight Riders,Guyana Amazon Warriors,"Queen's Park Oval, Port of Spain, Trinidad"
1323162,2022-09-15,CPL,Barbados Royals,Jamaica Tallawahs,"Queen's Park Oval, Port of Spain, Trinidad"
1323163,2022-09-17,CPL,St Lucia Kings,St Kitts and Nevis Patriots,"Brian Lara Stadium, Tarouba, Trinidad"
1323164,2022-09-17,CPL,Jamaica Tallawahs,Trinbago Knight Riders,"Brian Lara Stadium, Tarouba, Trinidad"
1323165,2022-09-18,CPL,Barbados Royals,Guyana Amazon Warriors,"Brian Lara Stadium, Tarouba, Trinidad"
1323166,2022-09-18,CPL,St Lucia Kings,Trinbago Knight Riders,"Brian Lara Stadium, Tarouba, Trinidad"
1323167,2022-09-21,CPL,Barbados Royals,St Kitts and Nevis Patriots,"Providence Stadium, Guyana"
1323168,2022-09-21,CPL,Guyana Amazon Warriors,Jamaica Tallawahs,"Providence Stadium, Guyana"
1323169,2022-09-22,CPL,St Kitts and Nevis Patriots,Trinbago Knight Riders,"Providence Stadium, Guyana"
1323170,2022-09-22,CPL,St Lucia Kings,Guyana Amazon Warriors,"Providence Stadium, Guyana"
1323171,2022-09-24,CPL,Guyana Amazon Warriors,Trinbago Knight Riders,"Providence Stadium, Guyana"
1323173,2022-09-25,CPL,Barbados Royals,Guyana Amazon Warriors,"Providence Stadium, Guyana"
1323174,2022-09-27,CPL,Barbados Royals,Guyana Amazon Warriors,"Providence Stadium, Guyana"
1323175,2022-09-27,CPL,Jamaica Tallawahs,St Lucia Kings,"Providence Stadium, Guyana"
1323176,2022-09-28,CPL,Jamaica Tallawahs,Guyana Amazon Warriors,"Providence Stadium, Guyana"
1323177,2022-09-30,CPL,Barbados Royals,Jamaica Tallawahs,"Providence Stadium, Guyana"
1369558,2023-08-16,CPL,Jamaica Tallawahs,St Lucia Kings,"Daren Sammy National Cricket Stadium, Gros Islet, St Lucia"
1369559,2023-08-17,CPL,St Lucia Kings,Barbados Royals,"Daren Sammy National Cricket Stadium, Gros Islet, St Lucia"
1369560,2023-08-19,CPL,Trinbago Knight Riders,St Kitts and Nevis Patriots,"Daren Sammy National Cricket Stadium, Gros Islet, St Lucia"
1369561,2023-08-19,CPL,Guyana Amazon Warriors,St Lucia Kings,"Daren Sammy National Cricket Stadium, Gros Islet, St Lucia"
1369564,2023-08-23,CPL,St Kitts and Nevis Patriots,Jamaica Tallawahs,"Warner Park, Basseterre, St Kitts"
1369565,2023-08-24,CPL,Guyana Amazon Warriors,St Kitts and Nevis Patriots,"Warner Park, Basseterre, St Kitts"
1369566,2023-08-26,CPL,St Lucia Kings,Trinbago Knight Riders,"Warner Park, Basseterre, St Kitts"
1369567,2023-08-26,CPL,St Kitts and Nevis Patriots,Barbados Royals,"Warner Park, Basseterre, St Kitts"
1369568,2023-08-27,CPL,Guyana Amazon Warriors,Jamaica Tallawahs,"Warner Park, Basseterre, St Kitts"
1369569,2023-08-27,CPL,St Kitts and Nevis Patriots,Trinbago Knight Riders,"Warner Park, Basseterre, St Kitts"
1369570,2023-08-30,CPL,Trinbago Knight Riders,Barbados Royals,"Kensington Oval, Bridgetown, Barbados"
1369571,2023-08-31,CPL,Jamaica Tallawahs,Barbados Royals,"Kensington Oval, Bridgetown, Barbados"
1369572,2023-09-02,CPL,Guyana Amazon Warriors,St Kitts and Nevis Patriots,"Kensington Oval, Bridgetown, Barbados"
1369573,2023-09-02,CPL,St Lucia Kings,Barbados Royals,"Kensington Oval, Bridgetown, Barbados"
1369574,2023-09-03,CPL,Trinbago Knight Riders,Jamaica Tallawahs,"Kensington Oval, Bridgetown, Barbados"
1369575,2023-09-03,CPL,St Kitts and Nevis Patriots,Barbados Royals,"Kensington Oval, Bridgetown, Barbados"
1369576,2023-09-05,CPL,Trinbago Knight Riders,Guyana Amazon Warriors,"Queen's Park Oval, Port of Spain, Trinidad"
1369577,2023-09-06,CPL,Trinbago Knight Riders,Barbados Royals,"Queen's Park Oval, Port of Spain, Trinidad"
1369578,2023-09-09,CPL,St Lucia Kings,St Kitts and Nevis Patriots,"Brian Lara Stadium, Tarouba, Trinidad"
1369579,2023-09-09,CPL,Jamaica Tallawahs,Trinbago Knight Riders,"Brian Lara Stadium, Tarouba, Trinidad"
1369580,2023-09-10,CPL,Guyana Amazon Warriors,Barbados Royals,"Brian Lara Stadium, Tarouba, Trinidad"
1369581,2023-09-10,CPL,St Lucia Kings,Trinbago Knight Riders,"Brian Lara Stadium, Tarouba, Trinidad"
1369582,2023-09-13,CPL,Jamaica Tallawahs,Guyana Amazon Warriors,"Providence Stadium, Guyana"
1369583,2023-09-14,CPL,Guyana Amazon Warriors,St Lucia Kings,"Providence Stadium, Guyana"
1369584,2023-09-16,CPL,Jamaica Tallawahs,St Kitts and Nevis Patriots,"Providence Stadium, Guyana"
1369585,2023-09-16,CPL,Trinbago Knight Riders,Guyana Amazon Warriors,"Providence Stadium, Guyana"
1369586,2023-09-17,CPL,Jamaica Tallawahs,St Lucia Kings,"Providence Stadium, Guyana"
1369587,2023-09-17,CPL,Guyana Amazon Warriors,Barbados Royals,"Providence Stadium, Guyana"
1369588,2023-09-19,CPL,St Lucia Kings,Jamaica Tallawahs,"Providence Stadium, Guyana"
1369589,2023-09-20,CPL,Guyana Amazon Warriors,Trinbago Knight Riders,"Providence Stadium, Guyana"
1369590,2023-09-22,CPL,Guyana Amazon Warriors,Jamaica Tallawahs,"Providence Stadium, Guyana"
1369591,2023-09-24,CPL,Trinbago Knight Riders,Guyana Amazon Warriors,"Providence Stadium, Guyana"
1428678,2024-08-29,CPL,Antigua and Barbuda Falcons,St Kitts and Nevis Patriots,"Sir Vivian Richards Stadium, North Sound, Antigua"
1428679,2024-08-30,CPL,Antigua and Barbuda Falcons,Guyana Amazon Warriors,"Sir Vivian Richards Stadium, North Sound, Antigua"
1428680,2024-08-31,CPL,Trinbago Knight Riders,St Kitts and Nevis Patriots,"Warner Park, Basseterre, St Kitts"
1428681,2024-09-01,CPL,Antigua and Barbuda Falcons,Barbados Royals,"Sir Vivian Richards Stadium, North Sound, Antigua"
1428682,2024-09-01,CPL,St Kitts and Nevis Patriots,St Lucia Kings,"Warner Park, Basseterre, St Kitts"
1428683,2024-09-03,CPL,Antigua and Barbuda Falcons,St Lucia Kings,"Sir Vivian Richards Stadium, North Sound, Antigua"
1428684,2024-09-04,CPL,Guyana Amazon Warriors,St Kitts and Nevis Patriots,"Warner Park, Basseterre, St Kitts"
1428685,2024-09-05,CPL,Antigua and Barbuda Falcons,Trinbago Knight Riders,"Sir Vivian Richards Stadium, North Sound, Antigua"
1428686,2024-09-06,CPL,St Kitts and Nevis Patriots,Barbados Royals,"Warner Park, Basseterre, St Kitts"
1428687,2024-09-07,CPL,St Lucia Kings,Guyana Amazon Warriors,"Daren Sammy National Cricket Stadium, Gros Islet, St Lucia"
1428688,2024-09-08,CPL,St Kitts and Nevis Patriots,Antigua and Barbuda Falcons,"Warner Park, Basseterre, St Kitts"
1428689,2024-09-10,CPL,St Lucia Kings,Trinbago Knight Riders,"Daren Sammy National Cricket Stadium, Gros Islet, St Lucia"
1428690,2024-09-11,CPL,Antigua and Barbuda Falcons,Barbados Royals,"Kensington Oval, Bridgetown, Barbados"
1428691,2024-09-12,CPL,St Kitts and Nevis Patriots,St Lucia Kings,"Daren Sammy National Cricket Stadium, Gros Islet, St Lucia"
1428692,2024-09-13,CPL,Barbados Royals,Trinbago Knight Riders,"Kensington Oval, Bridgetown, Barbados"
1428693,2024-09-14,CPL,Barbados Royals,Guyana Amazon Warriors,"Kensington Oval, Bridgetown, Barbados"
1428694,2024-09-15,CPL,St Lucia Kings,Antigua and Barbuda Falcons,"Daren Sammy National Cricket Stadium, Gros Islet, St Lucia"
1428695,2024-09-17,CPL,St Kitts and Nevis Patriots,Barbados Royals,"Kensington Oval, Bridgetown, Barbados"
1428696,2024-09-18,CPL,Guyana Amazon Warriors,Trinbago Knight Riders,"Queen's Park Oval, Port of Spain, Trinidad"
1428697,2024-09-19,CPL,Trinbago Knight Riders,Antigua and Barbuda Falcons,"Queen's Park Oval, Port of Spain, Trinidad"
1428698,2024-09-20,CPL,Guyana Amazon Warriors,St Kitts and Nevis Patriots,"Providence Stadium, Guyana"
1428699,2024-09-21,CPL,Barbados Royals,St Lucia Kings,"Providence Stadium, Guyana"
1428700,2024-09-21,CPL,Guyana Amazon Warriors,Antigua and Barbuda Falcons,"Providence Stadium, Guyana"
1428701,2024-09-22,CPL,St Lucia Kings,Barbados Royals,"Providence Stadium, Guyana"
1428702,2024-09-22,CPL,St Kitts and Nevis Patriots,Trinbago Knight Riders,"Brian Lara Stadium, Tarouba, Trinidad"
1428703,2024-09-24,CPL,St Lucia Kings,Trinbago Knight Riders,"Brian Lara Stadium, Tarouba, Trinidad"
1428704,2024-09-25,CPL,Guyana Amazon Warriors,Barbados Royals,"Providence Stadium, Guyana"
1428705,2024-09-27,CPL,Trinbago Knight Riders,Barbados Royals,"Brian Lara Stadium, Tarouba, Trinidad"
1428706,2024-09-28,CPL,Guyana Amazon Warriors,St Lucia Kings,"Providence Stadium, Guyana"
1428707,2024-09-29,CPL,Trinbago Knight Riders,Guyana Amazon Warriors,"Providence Stadium, Guyana"
1428708,2024-10-01,CPL,Trinbago Knight Riders,Barbados Royals,"Providence Stadium, Guyana"
1428709,2024-10-02,CPL,St Lucia Kings,Guyana Amazon Warriors,"Providence Stadium, Guyana"
1428710,2024-10-04,CPL,Barbados Royals,Guyana Amazon Warriors,"Providence Stadium, Guyana"
1428711,2024-10-06,CPL,Guyana Amazon Warriors,St Lucia Kings,"Providence Stadium, Guyana"
1477972,2025-08-14,CPL,Antigua and Barbuda Falcons,St Kitts and Nevis Patriots,"Warner Park, Basseterre, St Kitts"
1477973,2025-08-15,CPL,St Kitts and Nevis Patriots,Guyana Amazon Warriors,"Warner Park, Basseterre, St Kitts"
1477974,2025-08-16,CPL,Barbados Royals,Antigua and Barbuda Falcons,"Sir Vivian Richards Stadium, North Sound, Antigua"
1477975,2025-08-17,CPL,Trinbago Knight Riders,St Kitts and Nevis Patriots,"Warner Park, Basseterre, St Kitts"
1477977,2025-08-19,CPL,St Lucia Kings,St Kitts and Nevis Patriots,"Warner Park, Basseterre, St Kitts"
1477978,2025-08-20,CPL,Antigua and Barbuda Falcons,Trinbago Knight Riders,"Sir Vivian Richards Stadium, North Sound, Antigua"
1477979,2025-08-21,CPL,St Kitts and Nevis Patriots,Barbados Royals,"Warner Park, Basseterre, St Kitts"
1477980,2025-08-22,CPL,Guyana Amazon Warriors,Antigua and Barbuda Falcons,"Sir Vivian Richards Stadium, North Sound, Antigua"
1477981,2025-08-23,CPL,Trinbago Knight Riders,St Lucia Kings,"Daren Sammy National Cricket Stadium, Gros Islet, St Lucia"
1477982,2025-08-24,CPL,St Kitts and Nevis Patriots,Antigua and Barbuda Falcons,"Sir Vivian Richards Stadium, North Sound, Antigua"
1477984,2025-08-26,CPL,Guyana Amazon Warriors,St Lucia Kings,"Daren Sammy National Cricket Stadium, Gros Islet, St Lucia"
1477985,2025-08-27,CPL,Antigua and Barbuda Falcons,Trinbago Knight Riders,"Brian Lara Stadium, Tarouba, Trinidad"
1477986,2025-08-28,CPL,St Kitts and Nevis Patriots,St Lucia Kings,"Daren Sammy National Cricket Stadium, Gros Islet, St Lucia"
1477987,2025-08-29,CPL,Barbados Royals,Trinbago Knight Riders,"Brian Lara Stadium, Tarouba, Trinidad"
1477988,2025-08-30,CPL,Guyana Amazon Warriors,Trinbago Knight Riders,"Brian Lara Stadium, Tarouba, Trinidad"
1477989,2025-08-31,CPL,Antigua and Barbuda Falcons,St Lucia Kings,"Daren Sammy National Cricket Stadium, Gros Islet, St Lucia"
1477990,2025-09-01,CPL,Trinbago Knight Riders,St Kitts and Nevis Patriots,"Brian Lara Stadium, Tarouba, Trinidad"
1477991,2025-09-03,CPL,Trinbago Knight Riders,St Lucia Kings,"Brian Lara Stadium, Tarouba, Trinidad"
1477992,2025-09-04,CPL,Barbados Royals,Guyana Amazon Warriors,"Kensington Oval, Bridgetown, Barbados"
1477993,2025-09-05,CPL,Barbados Royals,Antigua and Barbuda Falcons,"Kensington Oval, Bridgetown, Barbados"
1477994,2025-09-06,CPL,Trinbago Knight Riders,Guyana Amazon Warriors,"Providence Stadium, Guyana"
1477995,2025-09-07,CPL,Barbados Royals,St Lucia Kings,"Kensington Oval, Bridgetown, Barbados"
1477996,2025-09-07,CPL,St Kitts and Nevis Patriots,Guyana Amazon Warriors,"Providence Stadium, Guyana"
1477997,2025-09-10,CPL,Guyana Amazon Warriors,Antigua and Barbuda Falcons,"Providence Stadium, Guyana"
1477998,2025-09-11,CPL,St Kitts and Nevis Patriots,Barbados Royals,"Kensington Oval, Bridgetown, Barbados"
1477999,2025-09-12,CPL,Trinbago Knight Riders,Barbados Royals,"Kensington Oval, Bridgetown, Barbados"
1478000,2025-09-13,CPL,St Lucia Kings,Guyana Amazon Warriors,"Providence Stadium, Guyana"
1478001,2025-09-14,CPL,Guyana Amazon Warriors,Barbados Royals,"Providence Stadium, Guyana"
1478002,2025-09-16,CPL,Antigua and Barbuda Falcons,Trinbago Knight Riders,"Providence Stadium, Guyana"
1478003,2025-09-17,CPL,Guyana Amazon Warriors,St Lucia Kings,"Providence Stadium, Guyana"
1478004,2025-09-19,CPL,Trinbago Knight Riders,St Lucia Kings,"Providence Stadium, Guyana"
1478005,2025-09-21,CPL,Guyana Amazon Warriors,Trinbago Knight Riders,"Providence Stadium, Guyana"
1534179,2026-08-07,CPL,Jamaica Kingsmen,Antigua and Barbuda Falcons,"Arnos Vale Ground, Kingstown, St Vincent"
1534180,2026-08-08,CPL,St Kitts and Nevis Patriots,Trinbago Knight Riders,"Arnos Vale Ground, Kingstown, St Vincent"
1534181,2026-08-09,CPL,St Lucia Kings,Antigua and Barbuda Falcons,"Arnos Vale Ground, Kingstown, St Vincent"
1534182,2026-08-11,CPL,Barbados Tridents,Jamaica Kingsmen,"Sabina Park, Kingston, Jamaica"
1534183,2026-08-12,CPL,St Lucia Kings,St Kitts and Nevis Patriots,"Daren Sammy National Cricket Stadium, Gros Islet, St Lucia"
1534184,2026-08-13,CPL,Jamaica Kingsmen,Guyana Amazon Warriors,"Sabina Park, Kingston, Jamaica"
1534185,2026-08-14,CPL,Antigua and Barbuda Falcons,St Lucia Kings,"Daren Sammy National Cricket Stadium, Gros Islet, St Lucia"
1534186,2026-08-15,CPL,Trinbago Knight Riders,Jamaica Kingsmen,"Sabina Park, Kingston, Jamaica"
1534187,2026-08-16,CPL,Barbados Tridents,St Lucia Kings,"Daren Sammy National Cricket Stadium, Gros Islet, St Lucia"
1534188,2026-08-18,CPL,Jamaica Kingsmen,St Kitts and Nevis Patriots,"Sabina Park, Kingston, Jamaica"
1534189,2026-08-19,CPL,St Lucia Kings,Guyana Amazon Warriors,"Daren Sammy National Cricket Stadium, Gros Islet, St Lucia"
1534190,2026-08-20,CPL,St Kitts and Nevis Patriots,Antigua and Barbuda Falcons,"Sir Vivian Richards Stadium, North Sound, Antigua"
1534191,2026-08-21,CPL,Jamaica Kingsmen,St Lucia Kings,"Daren Sammy National Cricket Stadium, Gros Islet, St Lucia"
1534192,2026-08-22,CPL,Trinbago Knight Riders,Antigua and Barbuda Falcons,"Sir Vivian Richards Stadium, North Sound, Antigua"
1534193,2026-08-23,CPL,Antigua and Barbuda Falcons,Guyana Amazon Warriors,"Sir Vivian Richards Stadium, North Sound, Antigua"
1534194,2026-08-25,CPL,Antigua and Barbuda Falcons,Barbados Tridents,"Sir Vivian Richards Stadium, North Sound, Antigua"
1534195,2026-08-26,CPL,St Lucia Kings,Trinbago Knight Riders,"Queen's Park Oval, Port of Spain, Trinidad"
1534196,2026-08-27,CPL,Jamaica Kingsmen,St Kitts and Nevis Patriots,"Warner Park, Basseterre, St Kitts"
1534197,2026-08-28,CPL,Barbados Tridents,Trinbago Knight Riders,"Queen's Park Oval, Port of Spain, Trinidad"
1534198,2026-08-29,CPL,Trinbago Knight Riders,Jamaica Kingsmen,"Queen's Park Oval, Port of Spain, Trinidad"
1534200,2026-08-31,CPL,Guyana Amazon Warriors,Trinbago Knight Riders,"Queen's Park Oval, Port of Spain, Trinidad"
1534201,2026-09-01,CPL,Barbados Tridents,St Kitts and Nevis Patriots,"Warner Park, Basseterre, St Kitts"
1534202,2026-09-02,CPL,Antigua and Barbuda Falcons,Trinbago Knight Riders,"Queen's Park Oval, Port of Spain, Trinidad"
1534203,2026-09-03,CPL,St Kitts and Nevis Patriots,St Lucia Kings,"Warner Park, Basseterre, St Kitts"
1534204,2026-09-04,CPL,Jamaica Kingsmen,Guyana Amazon Warriors,"Providence Stadium, Guyana"
1534205,2026-09-05,CPL,Trinbago Knight Riders,Barbados Tridents,"Kensington Oval, Bridgetown, Barbados"
1534206,2026-09-06,CPL,St Kitts and Nevis Patriots,Guyana Amazon Warriors,"Providence Stadium, Guyana"
1534207,2026-09-06,CPL,St Lucia Kings,Barbados Tridents,"Kensington Oval, Bridgetown, Barbados"
1534208,2026-09-08,CPL,Antigua and Barbuda Falcons,Guyana Amazon Warriors,"Providence Stadium, Guyana"
1534209,2026-09-09,CPL,St Lucia Kings,Guyana Amazon Warriors,"Providence Stadium, Guyana"
1534210,2026-09-10,CPL,St Kitts and Nevis Patriots,Barbados Tridents,"Kensington Oval, Bridgetown, Barbados"
1534211,2026-09-11,CPL,Trinbago Knight Riders,Guyana Amazon Warriors,"Providence Stadium, Guyana"
1534212,2026-09-12,CPL,Jamaica Kingsmen,Barbados Tridents,"Kensington Oval, Bridgetown, Barbados"
1534213,2026-09-13,CPL,Guyana Amazon Warriors,Barbados Tridents,"Kensington Oval, Bridgetown, Barbados"
1534214,2026-09-16,CPL,Barbados Tridents,Jamaica Kingsmen,"Kensington Oval, Bridgetown, Barbados"
1534215,2026-09-17,CPL,Guyana Amazon Warriors,Antigua and Barbuda Falcons,"Kensington Oval, Bridgetown, Barbados"
1534216,2026-09-18,CPL,Guyana Amazon Warriors,Jamaica Kingsmen,"Kensington Oval, Bridgetown, Barbados"
1534217,2026-09-20,CPL,Jamaica Kingsmen,Antigua and Barbuda Falcons,"Kensington Oval, Bridgetown, Barbados"
335982,2008-04-18,IPL,Kolkata Knight Riders,Royal Challengers Bangalore,M Chinnaswamy Stadium
335983,2008-04-19,IPL,Chennai Super Kings,Kings XI Punjab,"Punjab Cricket Association Stadium, Mohali"
335984,2008-04-19,IPL,Rajasthan Royals,Delhi Daredevils,Feroz Shah Kotla
335985,2008-04-20,IPL,Mumbai Indians,Royal Challengers Bangalore,Wankhede Stadium
335986,2008-04-20,IPL,Deccan Chargers,Kolkata Knight Riders,Eden Gardens
335987,2008-04-21,IPL,Kings XI Punjab,Rajasthan Royals,Sawai Mansingh Stadium
335988,2008-04-22,IPL,Deccan Chargers,Delhi Daredevils,"Rajiv Gandhi International Stadium, Uppal"
335989,2008-04-23,IPL,Chennai Super Kings,Mumbai Indians,"MA Chidambaram Stadium, Chepauk"
335990,2008-04-24,IPL,Deccan Chargers,Rajasthan Royals,"Rajiv Gandhi International Stadium, Uppal"
335991,2008-04-25,IPL,Kings XI Punjab,Mumbai Indians,"Punjab Cricket Association Stadium, Mohali"
335992,2008-04-26,IPL,Royal Challengers Bangalore,Rajasthan Royals,M Chinnaswamy Stadium
335993,2008-04-26,IPL,Kolkata Knight Riders,Chennai Super Kings,"MA Chidambaram Stadium, Chepauk"
335994,2008-04-27,IPL,Mumbai Indians,Deccan Chargers,Dr DY Patil Sports Academy
335995,2008-04-27,IPL,Delhi Daredevils,Kings XI Punjab,"Punjab Cricket Association Stadium, Mohali"
335996,2008-04-28,IPL,Chennai Super Kings,Royal Challengers Bangalore,M Chinnaswamy Stadium
335997,2008-04-29,IPL,Kolkata Knight Riders,Mumbai Indians,Eden Gardens
335998,2008-04-30,IPL,Delhi Daredevils,Royal Challengers Bangalore,Feroz Shah Kotla
335999,2008-05-01,IPL,Deccan Chargers,Kings XI Punjab,"Rajiv Gandhi International Stadium, Uppal"
336000,2008-05-01,IPL,Rajasthan Royals,Kolkata Knight Riders,Sawai Mansingh Stadium
336001,2008-05-02,IPL,Chennai Super Kings,Delhi Daredevils,"MA Chidambaram Stadium, Chepauk"
336003,2008-05-03,IPL,Kings XI Punjab,Kolkata Knight Riders,"Punjab Cricket Association Stadium, Mohali"
336034,2008-05-03,IPL,Royal Challengers Bangalore,Deccan Chargers,M Chinnaswamy Stadium
336004,2008-05-04,IPL,Mumbai Indians,Delhi Daredevils,Dr DY Patil Sports Academy
336005,2008-05-04,IPL,Chennai Super Kings,Rajasthan Royals,Sawai Mansingh Stadium
336006,2008-05-05,IPL,Royal Challengers Bangalore,Kings XI Punjab,M Chinnaswamy Stadium
336007,2008-05-06,IPL,Chennai Super Kings,Deccan Chargers,"MA Chidambaram Stadium, Chepauk"
336008,2008-05-07,IPL,Rajasthan Royals,Mumbai Indians,Dr DY Patil Sports Academy
336009,2008-05-08,IPL,Delhi Daredevils,Chennai Super Kings,Feroz Shah Kotla
336010,2008-05-08,IPL,Kolkata Knight Riders,Royal Challengers Bangalore,Eden Gardens
336011,2008-05-09,IPL,Deccan Chargers,Rajasthan Royals,Sawai Mansingh Stadium
336013,2008-05-10,IPL,Chennai Super Kings,Kings XI Punjab,"MA Chidambaram Stadium, Chepauk"
336014,2008-05-11,IPL,Kolkata Knight Riders,Deccan Chargers,"Rajiv Gandhi International Stadium, Uppal"
336015,2008-05-11,IPL,Delhi Daredevils,Rajasthan Royals,Sawai Mansingh Stadium
336016,2008-05-12,IPL,Royal Challengers Bangalore,Kings XI Punjab,"Punjab Cricket Association Stadium, Mohali"
336017,2008-05-13,IPL,Kolkata Knight Riders,Delhi Daredevils,Eden Gardens
336018,2008-05-14,IPL,Chennai Super Kings,Mumbai Indians,Wankhede Stadium
336020,2008-05-15,IPL,Delhi Daredevils,Deccan Chargers,Feroz Shah Kotla
336021,2008-05-16,IPL,Kolkata Knight Riders,Mumbai Indians,Wankhede Stadium
336022,2008-05-17,IPL,Delhi Daredevils,Kings XI Punjab,Feroz Shah Kotla
336023,2008-05-17,IPL,Rajasthan Royals,Royal Challengers Bangalore,Sawai Mansingh Stadium
336024,2008-05-18,IPL,Mumbai Indians,Deccan Chargers,"Rajiv Gandhi International Stadium, Uppal"
336025,2008-05-18,IPL,Kolkata Knight Riders,Chennai Super Kings,Eden Gardens
336026,2008-05-19,IPL,Royal Challengers Bangalore,Delhi Daredevils,M Chinnaswamy Stadium
336027,2008-05-20,IPL,Kolkata Knight Riders,Rajasthan Royals,Eden Gardens
336028,2008-05-21,IPL,Kings XI Punjab,Mumbai Indians,Wankhede Stadium
336029,2008-05-21,IPL,Royal Challengers Bangalore,Chennai Super Kings,"MA Chidambaram Stadium, Chepauk"
336031,2008-05-23,IPL,Deccan Chargers,Kings XI Punjab,"Punjab Cricket Association Stadium, Mohali"
336032,2008-05-24,IPL,Mumbai Indians,Delhi Daredevils,Feroz Shah Kotla
336033,2008-05-24,IPL,Rajasthan Royals,Chennai Super Kings,"MA Chidambaram Stadium, Chepauk"
336002,2008-05-25,IPL,Deccan Chargers,Royal Challengers Bangalore,"Rajiv Gandhi International Stadium, Uppal"
336035,2008-05-25,IPL,Kings XI Punjab,Kolkata Knight Riders,Eden Gardens
336036,2008-05-26,IPL,Mumbai Indians,Rajasthan Royals,Sawai Mansingh Stadium
336037,2008-05-27,IPL,Deccan Chargers,Chennai Super Kings,"Rajiv Gandhi International Stadium, Uppal"
336012,2008-05-28,IPL,Royal Challengers Bangalore,Mumbai Indians,M Chinnaswamy Stadium
336019,2008-05-28,IPL,Kings XI Punjab,Rajasthan Royals,"Punjab Cricket Association Stadium, Mohali"
336038,2008-05-30,IPL,Rajasthan Royals,Delhi Daredevils,Wankhede Stadium
336039,2008-05-31,IPL,Kings XI Punjab,Chennai Super Kings,Wankhede Stadium
336040,2008-06-01,IPL,Chennai Super Kings,Rajasthan Royals,Dr DY Patil Sports Academy
392181,2009-04-18,IPL,Mumbai Indians,Chennai Super Kings,Newlands
392182,2009-04-18,IPL,Royal Challengers Bangalore,Rajasthan Royals,Newlands
392183,2009-04-19,IPL,Kings XI Punjab,Delhi Daredevils,Newlands
392184,2009-04-19,IPL,Kolkata Knight Riders,Deccan Chargers,Newlands
392185,2009-04-20,IPL,Chennai Super Kings,Royal Challengers Bangalore,St George's Park
392186,2009-04-21,IPL,Kings XI Punjab,Kolkata Knight Riders,Kingsmead
392188,2009-04-22,IPL,Deccan Chargers,Royal Challengers Bangalore,Newlands
392189,2009-04-23,IPL,Delhi Daredevils,Chennai Super Kings,Kingsmead
392190,2009-04-23,IPL,Rajasthan Royals,Kolkata Knight Riders,Newlands
392191,2009-04-24,IPL,Royal Challengers Bangalore,Kings XI Punjab,Kingsmead
392192,2009-04-25,IPL,Deccan Chargers,Mumbai Indians,Kingsmead
392194,2009-04-26,IPL,Royal Challengers Bangalore,Delhi Daredevils,St George's Park
392195,2009-04-26,IPL,Kings XI Punjab,Rajasthan Royals,Newlands
392196,2009-04-27,IPL,Chennai Super Kings,Deccan Chargers,Kingsmead
392197,2009-04-27,IPL,Mumbai Indians,Kolkata Knight Riders,St George's Park
392198,2009-04-28,IPL,Delhi Daredevils,Rajasthan Royals,SuperSport Park
392199,2009-04-29,IPL,Kolkata Knight Riders,Royal Challengers Bangalore,Kingsmead
392200,2009-04-29,IPL,Kings XI Punjab,Mumbai Indians,Kingsmead
392201,2009-04-30,IPL,Deccan Chargers,Delhi Daredevils,SuperSport Park
392202,2009-04-30,IPL,Chennai Super Kings,Rajasthan Royals,SuperSport Park
392203,2009-05-01,IPL,Mumbai Indians,Kolkata Knight Riders,Buffalo Park
392204,2009-05-01,IPL,Royal Challengers Bangalore,Kings XI Punjab,Kingsmead
392205,2009-05-02,IPL,Deccan Chargers,Rajasthan Royals,St George's Park
392206,2009-05-02,IPL,Chennai Super Kings,Delhi Daredevils,New Wanderers Stadium
392207,2009-05-03,IPL,Kolkata Knight Riders,Kings XI Punjab,St George's Park
392208,2009-05-03,IPL,Mumbai Indians,Royal Challengers Bangalore,New Wanderers Stadium
392209,2009-05-04,IPL,Chennai Super Kings,Deccan Chargers,Buffalo Park
392210,2009-05-05,IPL,Rajasthan Royals,Kings XI Punjab,Kingsmead
392211,2009-05-05,IPL,Kolkata Knight Riders,Delhi Daredevils,Kingsmead
392212,2009-05-06,IPL,Deccan Chargers,Mumbai Indians,SuperSport Park
392213,2009-05-07,IPL,Royal Challengers Bangalore,Rajasthan Royals,SuperSport Park
392214,2009-05-07,IPL,Chennai Super Kings,Kings XI Punjab,SuperSport Park
392215,2009-05-08,IPL,Mumbai Indians,Delhi Daredevils,Buffalo Park
392216,2009-05-09,IPL,Deccan Chargers,Kings XI Punjab,De Beers Diamond Oval
392217,2009-05-09,IPL,Rajasthan Royals,Chennai Super Kings,De Beers Diamond Oval
392218,2009-05-10,IPL,Mumbai Indians,Royal Challengers Bangalore,St George's Park
392219,2009-05-10,IPL,Kolkata Knight Riders,Delhi Daredevils,New Wanderers Stadium
392220,2009-05-11,IPL,Deccan Chargers,Rajasthan Royals,De Beers Diamond Oval
392221,2009-05-12,IPL,Kolkata Knight Riders,Royal Challengers Bangalore,SuperSport Park
392222,2009-05-12,IPL,Kings XI Punjab,Mumbai Indians,SuperSport Park
392223,2009-05-13,IPL,Delhi Daredevils,Deccan Chargers,Kingsmead
392224,2009-05-14,IPL,Chennai Super Kings,Royal Challengers Bangalore,Kingsmead
392225,2009-05-14,IPL,Rajasthan Royals,Mumbai Indians,Kingsmead
392226,2009-05-15,IPL,Delhi Daredevils,Kings XI Punjab,OUTsurance Oval
392227,2009-05-16,IPL,Mumbai Indians,Chennai Super Kings,St George's Park
392228,2009-05-16,IPL,Kolkata Knight Riders,Deccan Chargers,New Wanderers Stadium
392229,2009-05-17,IPL,Kings XI Punjab,Deccan Chargers,New Wanderers Stadium
392230,2009-05-17,IPL,Delhi Daredevils,Rajasthan Royals,OUTsurance Oval
392231,2009-05-18,IPL,Chennai Super Kings,Kolkata Knight Riders,SuperSport Park
392232,2009-05-19,IPL,Delhi Daredevils,Royal Challengers Bangalore,New Wanderers Stadium
392233,2009-05-20,IPL,Rajasthan Royals,Kolkata Knight Riders,Kingsmead
392234,2009-05-20,IPL,Chennai Super Kings,Kings XI Punjab,Kingsmead
392235,2009-05-21,IPL,Mumbai Indians,Delhi Daredevils,SuperSport Park
392236,2009-05-21,IPL,Royal Challengers Bangalore,Deccan Chargers,SuperSport Park
392237,2009-05-22,IPL,Delhi Daredevils,Deccan Chargers,SuperSport Park
392238,2009-05-23,IPL,Chennai Super Kings,Royal Challengers Bangalore,New Wanderers Stadium
392239,2009-05-24,IPL,Deccan Chargers,Royal Challengers Bangalore,New Wanderers Stadium
419106,2010-03-12,IPL,Kolkata Knight Riders,Deccan Chargers,Dr DY Patil Sports Academy
419107,2010-03-13,IPL,Mumbai Indians,Rajasthan Royals,Brabourne Stadium
419108,2010-03-13,IPL,Kings XI Punjab,Delhi Daredevils,"Punjab Cricket Association Stadium, Mohali"
419109,2010-03-14,IPL,Royal Challengers Bangalore,Kolkata Knight Riders,Eden Gardens
419110,2010-03-14,IPL,Deccan Chargers,Chennai Super Kings,"MA Chidambaram Stadium, Chepauk"
419111,2010-03-15,IPL,Rajasthan Royals,Delhi Daredevils,"Sardar Patel Stadium, Motera"
419112,2010-03-16,IPL,Kings XI Punjab,Royal Challengers Bangalore,M Chinnaswamy Stadium
419113,2010-03-16,IPL,Chennai Super Kings,Kolkata Knight Riders,Eden Gardens
419114,2010-03-17,IPL,Mumbai Indians,Delhi Daredevils,Feroz Shah Kotla
419115,2010-03-18,IPL,Rajasthan Royals,Royal Challengers Bangalore,M Chinnaswamy Stadium
419116,2010-03-19,IPL,Delhi Daredevils,Chennai Super Kings,Feroz Shah Kotla
419117,2010-03-19,IPL,Deccan Chargers,Kings XI Punjab,Barabati Stadium
419118,2010-03-20,IPL,Rajasthan Royals,Kolkata Knight Riders,"Sardar Patel Stadium, Motera"
419119,2010-03-20,IPL,Mumbai Indians,Royal Challengers Bangalore,Brabourne Stadium
419120,2010-03-21,IPL,Deccan Chargers,Delhi Daredevils,Barabati Stadium
419121,2010-03-21,IPL,Kings XI Punjab,Chennai Super Kings,"MA Chidambaram Stadium, Chepauk"
419122,2010-03-22,IPL,Kolkata Knight Riders,Mumbai Indians,Brabourne Stadium
419123,2010-03-23,IPL,Royal Challengers Bangalore,Chennai Super Kings,M Chinnaswamy Stadium
419124,2010-03-24,IPL,Rajasthan Royals,Kings XI Punjab,"Punjab Cricket Association Stadium, Mohali"
419125,2010-03-25,IPL,Chennai Super Kings,Mumbai Indians,"Brabourne Stadium, Mumbai"
419128,2010-03-25,IPL,Delhi Daredevils,Royal Challengers Bangalore,M Chinnaswamy Stadium
419126,2010-03-26,IPL,Deccan Chargers,Rajasthan Royals,"Sardar Patel Stadium, Motera"
419127,2010-03-27,IPL,Kolkata Knight Riders,Kings XI Punjab,"Punjab Cricket Association Stadium, Mohali"
419129,2010-03-28,IPL,Rajasthan Royals,Chennai Super Kings,"Sardar Patel Stadium, Motera"
419130,2010-03-28,IPL,Mumbai Indians,Deccan Chargers,Dr DY Patil Sports Academy
419131,2010-03-29,IPL,Delhi Daredevils,Kolkata Knight Riders,Feroz Shah Kotla
419132,2010-03-30,IPL,Kings XI Punjab,Mumbai Indians,Brabourne Stadium
419133,2010-03-31,IPL,Royal Challengers Bangalore,Chennai Super Kings,"MA Chidambaram Stadium, Chepauk"
419134,2010-03-31,IPL,Delhi Daredevils,Rajasthan Royals,Feroz Shah Kotla
419135,2010-04-01,IPL,Kolkata Knight Riders,Deccan Chargers,Eden Gardens
419136,2010-04-02,IPL,Kings XI Punjab,Royal Challengers Bangalore,"Punjab Cricket Association Stadium, Mohali"
419137,2010-04-03,IPL,Chennai Super Kings,Rajasthan Royals,"MA Chidambaram Stadium, Chepauk"
419138,2010-04-03,IPL,Mumbai Indians,Deccan Chargers,Brabourne Stadium
419139,2010-04-04,IPL,Kolkata Knight Riders,Kings XI Punjab,Eden Gardens
419140,2010-04-04,IPL,Delhi Daredevils,Royal Challengers Bangalore,Feroz Shah Kotla
419141,2010-04-05,IPL,Rajasthan Royals,Deccan Chargers,"Vidarbha Cricket Association Stadium, Jamtha"
419142,2010-04-06,IPL,Chennai Super Kings,Mumbai Indians,"MA Chidambaram Stadium, Chepauk"
419143,2010-04-07,IPL,Kings XI Punjab,Rajasthan Royals,Sawai Mansingh Stadium
419144,2010-04-07,IPL,Kolkata Knight Riders,Delhi Daredevils,Eden Gardens
419145,2010-04-08,IPL,Royal Challengers Bangalore,Deccan Chargers,M Chinnaswamy Stadium
419146,2010-04-09,IPL,Mumbai Indians,Kings XI Punjab,"Punjab Cricket Association Stadium, Mohali"
419147,2010-04-10,IPL,Chennai Super Kings,Deccan Chargers,"Vidarbha Cricket Association Stadium, Jamtha"
419148,2010-04-10,IPL,Kolkata Knight Riders,Royal Challengers Bangalore,M Chinnaswamy Stadium
419149,2010-04-11,IPL,Delhi Daredevils,Kings XI Punjab,Feroz Shah Kotla
419150,2010-04-11,IPL,Mumbai Indians,Rajasthan Royals,Sawai Mansingh Stadium
419151,2010-04-12,IPL,Deccan Chargers,Royal Challengers Bangalore,"Vidarbha Cricket Association Stadium, Jamtha"
419152,2010-04-13,IPL,Mumbai Indians,Delhi Daredevils,Brabourne Stadium
419153,2010-04-13,IPL,Kolkata Knight Riders,Chennai Super Kings,"MA Chidambaram Stadium, Chepauk"
419154,2010-04-14,IPL,Rajasthan Royals,Royal Challengers Bangalore,Sawai Mansingh Stadium
419155,2010-04-15,IPL,Chennai Super Kings,Delhi Daredevils,"MA Chidambaram Stadium, Chepauk"
419156,2010-04-16,IPL,Kings XI Punjab,Deccan Chargers,Himachal Pradesh Cricket Association Stadium
419157,2010-04-17,IPL,Mumbai Indians,Royal Challengers Bangalore,M Chinnaswamy Stadium
419158,2010-04-17,IPL,Rajasthan Royals,Kolkata Knight Riders,Eden Gardens
419159,2010-04-18,IPL,Kings XI Punjab,Chennai Super Kings,Himachal Pradesh Cricket Association Stadium
419160,2010-04-18,IPL,Deccan Chargers,Delhi Daredevils,Feroz Shah Kotla
419161,2010-04-19,IPL,Mumbai Indians,Kolkata Knight Riders,Eden Gardens
419162,2010-04-21,IPL,Mumbai Indians,Royal Challengers Bangalore,Dr DY Patil Sports Academy
419163,2010-04-22,IPL,Chennai Super Kings,Deccan Chargers,Dr DY Patil Sports Academy
419164,2010-04-24,IPL,Deccan Chargers,Royal Challengers Bangalore,Dr DY Patil Sports Academy
419165,2010-04-25,IPL,Chennai Super Kings,Mumbai Indians,Dr DY Patil Sports Academy
501198,2011-04-08,IPL,Chennai Super Kings,Kolkata Knight Riders,"MA Chidambaram Stadium, Chepauk"
501199,2011-04-09,IPL,Deccan Chargers,Rajasthan Royals,"Rajiv Gandhi International Stadium, Uppal"
501200,2011-04-09,IPL,Kochi Tuskers Kerala,Royal Challengers Bangalore,Nehru Stadium
501201,2011-04-10,IPL,Delhi Daredevils,Mumbai Indians,Feroz Shah Kotla
501202,2011-04-10,IPL,Kings XI Punjab,Pune Warriors,Dr DY Patil Sports Academy
501203,2011-04-11,IPL,Kolkata Knight Riders,Deccan Chargers,Eden Gardens
501204,2011-04-12,IPL,Delhi Daredevils,Rajasthan Royals,Sawai Mansingh Stadium
501205,2011-04-12,IPL,Royal Challengers Bangalore,Mumbai Indians,M Chinnaswamy Stadium
501206,2011-04-13,IPL,Chennai Super Kings,Kings XI Punjab,"Punjab Cricket Association Stadium, Mohali"
501207,2011-04-13,IPL,Kochi Tuskers Kerala,Pune Warriors,Dr DY Patil Sports Academy
501208,2011-04-14,IPL,Deccan Chargers,Royal Challengers Bangalore,"Rajiv Gandhi International Stadium, Uppal"
501209,2011-04-15,IPL,Rajasthan Royals,Kolkata Knight Riders,Sawai Mansingh Stadium
501210,2011-04-15,IPL,Mumbai Indians,Kochi Tuskers Kerala,Wankhede Stadium
501211,2011-04-16,IPL,Chennai Super Kings,Royal Challengers Bangalore,"MA Chidambaram Stadium, Chepauk"
501212,2011-04-16,IPL,Deccan Chargers,Kings XI Punjab,"Rajiv Gandhi International Stadium, Uppal"
501213,2011-04-17,IPL,Pune Warriors,Delhi Daredevils,Dr DY Patil Sports Academy
501214,2011-04-17,IPL,Rajasthan Royals,Kolkata Knight Riders,Eden Gardens
501215,2011-04-18,IPL,Chennai Super Kings,Kochi Tuskers Kerala,Nehru Stadium
501216,2011-04-19,IPL,Deccan Chargers,Delhi Daredevils,Feroz Shah Kotla
501218,2011-04-20,IPL,Pune Warriors,Mumbai Indians,Wankhede Stadium
501219,2011-04-20,IPL,Kochi Tuskers Kerala,Kolkata Knight Riders,Eden Gardens
501220,2011-04-21,IPL,Kings XI Punjab,Rajasthan Royals,"Punjab Cricket Association Stadium, Mohali"
501221,2011-04-22,IPL,Mumbai Indians,Chennai Super Kings,Wankhede Stadium
501222,2011-04-22,IPL,Kolkata Knight Riders,Royal Challengers Bangalore,Eden Gardens
501223,2011-04-23,IPL,Delhi Daredevils,Kings XI Punjab,Feroz Shah Kotla
501224,2011-04-24,IPL,Mumbai Indians,Deccan Chargers,"Rajiv Gandhi International Stadium, Uppal"
501225,2011-04-24,IPL,Kochi Tuskers Kerala,Rajasthan Royals,Sawai Mansingh Stadium
501226,2011-04-25,IPL,Chennai Super Kings,Pune Warriors,"MA Chidambaram Stadium, Chepauk"
501227,2011-04-26,IPL,Delhi Daredevils,Royal Challengers Bangalore,Feroz Shah Kotla
501228,2011-04-27,IPL,Pune Warriors,Chennai Super Kings,Dr DY Patil Sports Academy
501229,2011-04-27,IPL,Deccan Chargers,Kochi Tuskers Kerala,Nehru Stadium
501230,2011-04-28,IPL,Kolkata Knight Riders,Delhi Daredevils,Feroz Shah Kotla
501231,2011-04-29,IPL,Mumbai Indians,Rajasthan Royals,Sawai Mansingh Stadium
501232,2011-04-29,IPL,Royal Challengers Bangalore,Pune Warriors,M Chinnaswamy Stadium
501233,2011-04-30,IPL,Delhi Daredevils,Kochi Tuskers Kerala,Nehru Stadium
501234,2011-04-30,IPL,Kings XI Punjab,Kolkata Knight Riders,Eden Gardens
501235,2011-05-01,IPL,Pune Warriors,Rajasthan Royals,Sawai Mansingh Stadium
501236,2011-05-01,IPL,Chennai Super Kings,Deccan Chargers,"MA Chidambaram Stadium, Chepauk"
501237,2011-05-02,IPL,Mumbai Indians,Kings XI Punjab,Wankhede Stadium
501238,2011-05-02,IPL,Delhi Daredevils,Kochi Tuskers Kerala,Feroz Shah Kotla
501239,2011-05-03,IPL,Kolkata Knight Riders,Deccan Chargers,"Rajiv Gandhi International Stadium, Uppal"
501240,2011-05-04,IPL,Rajasthan Royals,Chennai Super Kings,"MA Chidambaram Stadium, Chepauk"
501241,2011-05-04,IPL,Mumbai Indians,Pune Warriors,Dr DY Patil Sports Academy
501242,2011-05-05,IPL,Kochi Tuskers Kerala,Kolkata Knight Riders,Nehru Stadium
501243,2011-05-05,IPL,Deccan Chargers,Delhi Daredevils,"Rajiv Gandhi International Stadium, Uppal"
501244,2011-05-06,IPL,Royal Challengers Bangalore,Kings XI Punjab,M Chinnaswamy Stadium
501245,2011-05-07,IPL,Chennai Super Kings,Kolkata Knight Riders,Eden Gardens
501246,2011-05-07,IPL,Mumbai Indians,Delhi Daredevils,Wankhede Stadium
501247,2011-05-08,IPL,Kochi Tuskers Kerala,Royal Challengers Bangalore,M Chinnaswamy Stadium
501248,2011-05-08,IPL,Kings XI Punjab,Pune Warriors,"Punjab Cricket Association Stadium, Mohali"
501249,2011-05-09,IPL,Chennai Super Kings,Rajasthan Royals,Sawai Mansingh Stadium
501250,2011-05-10,IPL,Deccan Chargers,Pune Warriors,"Rajiv Gandhi International Stadium, Uppal"
501251,2011-05-10,IPL,Kings XI Punjab,Mumbai Indians,"Punjab Cricket Association Stadium, Mohali"
501252,2011-05-11,IPL,Rajasthan Royals,Royal Challengers Bangalore,Sawai Mansingh Stadium
501253,2011-05-12,IPL,Chennai Super Kings,Delhi Daredevils,"MA Chidambaram Stadium, Chepauk"
501254,2011-05-13,IPL,Kochi Tuskers Kerala,Kings XI Punjab,Holkar Cricket Stadium
501255,2011-05-14,IPL,Kolkata Knight Riders,Royal Challengers Bangalore,M Chinnaswamy Stadium
501256,2011-05-14,IPL,Deccan Chargers,Mumbai Indians,Wankhede Stadium
501257,2011-05-15,IPL,Kings XI Punjab,Delhi Daredevils,Himachal Pradesh Cricket Association Stadium
501258,2011-05-15,IPL,Rajasthan Royals,Kochi Tuskers Kerala,Holkar Cricket Stadium
501259,2011-05-16,IPL,Pune Warriors,Deccan Chargers,Dr DY Patil Sports Academy
501260,2011-05-17,IPL,Kings XI Punjab,Royal Challengers Bangalore,Himachal Pradesh Cricket Association Stadium
501261,2011-05-18,IPL,Chennai Super Kings,Kochi Tuskers Kerala,"MA Chidambaram Stadium, Chepauk"
501262,2011-05-19,IPL,Pune Warriors,Kolkata Knight Riders,Dr DY Patil Sports Academy
501263,2011-05-20,IPL,Mumbai Indians,Rajasthan Royals,Wankhede Stadium
501264,2011-05-21,IPL,Deccan Chargers,Kings XI Punjab,Himachal Pradesh Cricket Association Stadium
501265,2011-05-21,IPL,Delhi Daredevils,Pune Warriors,Feroz Shah Kotla
501266,2011-05-22,IPL,Chennai Super Kings,Royal Challengers Bangalore,M Chinnaswamy Stadium
501267,2011-05-22,IPL,Kolkata Knight Riders,Mumbai Indians,Eden Gardens
501268,2011-05-24,IPL,Royal Challengers Bangalore,Chennai Super Kings,Wankhede Stadium
501269,2011-05-25,IPL,Kolkata Knight Riders,Mumbai Indians,Wankhede Stadium
501270,2011-05-27,IPL,Royal Challengers Bangalore,Mumbai Indians,"MA Chidambaram Stadium, Chepauk"
501271,2011-05-28,IPL,Chennai Super Kings,Royal Challengers Bangalore,"MA Chidambaram Stadium, Chepauk"
548306,2012-04-04,IPL,Chennai Super Kings,Mumbai Indians,"MA Chidambaram Stadium, Chepauk"
548307,2012-04-05,IPL,Kolkata Knight Riders,Delhi Daredevils,Eden Gardens
548308,2012-04-06,IPL,Pune Warriors,Mumbai Indians,Wankhede Stadium
548309,2012-04-06,IPL,Rajasthan Royals,Kings XI Punjab,Sawai Mansingh Stadium
548310,2012-04-07,IPL,Royal Challengers Bangalore,Delhi Daredevils,M Chinnaswamy Stadium
548311,2012-04-07,IPL,Chennai Super Kings,Deccan Chargers,Dr. Y.S. Rajasekhara Reddy ACA-VDCA Cricket Stadium
548312,2012-04-08,IPL,Rajasthan Royals,Kolkata Knight Riders,Sawai Mansingh Stadium
548313,2012-04-08,IPL,Pune Warriors,Kings XI Punjab,Subrata Roy Sahara Stadium
548314,2012-04-09,IPL,Deccan Chargers,Mumbai Indians,Dr. Y.S. Rajasekhara Reddy ACA-VDCA Cricket Stadium
548315,2012-04-10,IPL,Kolkata Knight Riders,Royal Challengers Bangalore,M Chinnaswamy Stadium
548316,2012-04-10,IPL,Chennai Super Kings,Delhi Daredevils,Feroz Shah Kotla
548317,2012-04-11,IPL,Mumbai Indians,Rajasthan Royals,Wankhede Stadium
548318,2012-04-12,IPL,Royal Challengers Bangalore,Chennai Super Kings,"MA Chidambaram Stadium, Chepauk"
548319,2012-04-12,IPL,Pune Warriors,Kings XI Punjab,"Punjab Cricket Association Stadium, Mohali"
548320,2012-04-13,IPL,Rajasthan Royals,Kolkata Knight Riders,Eden Gardens
548322,2012-04-14,IPL,Chennai Super Kings,Pune Warriors,Subrata Roy Sahara Stadium
548323,2012-04-15,IPL,Kings XI Punjab,Kolkata Knight Riders,Eden Gardens
548324,2012-04-15,IPL,Rajasthan Royals,Royal Challengers Bangalore,M Chinnaswamy Stadium
548325,2012-04-16,IPL,Mumbai Indians,Delhi Daredevils,Wankhede Stadium
548326,2012-04-17,IPL,Deccan Chargers,Rajasthan Royals,Sawai Mansingh Stadium
548327,2012-04-17,IPL,Pune Warriors,Royal Challengers Bangalore,M Chinnaswamy Stadium
548328,2012-04-18,IPL,Kings XI Punjab,Kolkata Knight Riders,"Punjab Cricket Association Stadium, Mohali"
548321,2012-04-19,IPL,Deccan Chargers,Delhi Daredevils,Feroz Shah Kotla
548330,2012-04-19,IPL,Chennai Super Kings,Pune Warriors,"MA Chidambaram Stadium, Chepauk"
548331,2012-04-20,IPL,Kings XI Punjab,Royal Challengers Bangalore,"Punjab Cricket Association Stadium, Mohali"
548332,2012-04-21,IPL,Rajasthan Royals,Chennai Super Kings,"MA Chidambaram Stadium, Chepauk"
548333,2012-04-21,IPL,Pune Warriors,Delhi Daredevils,Feroz Shah Kotla
548334,2012-04-22,IPL,Mumbai Indians,Kings XI Punjab,Wankhede Stadium
548335,2012-04-22,IPL,Deccan Chargers,Kolkata Knight Riders,Barabati Stadium
548336,2012-04-23,IPL,Royal Challengers Bangalore,Rajasthan Royals,Sawai Mansingh Stadium
548337,2012-04-24,IPL,Pune Warriors,Delhi Daredevils,Subrata Roy Sahara Stadium
548339,2012-04-25,IPL,Kings XI Punjab,Mumbai Indians,"Punjab Cricket Association Stadium, Mohali"
548341,2012-04-26,IPL,Deccan Chargers,Pune Warriors,Subrata Roy Sahara Stadium
548342,2012-04-27,IPL,Delhi Daredevils,Mumbai Indians,Feroz Shah Kotla
548343,2012-04-28,IPL,Kings XI Punjab,Chennai Super Kings,"MA Chidambaram Stadium, Chepauk"
548344,2012-04-28,IPL,Kolkata Knight Riders,Royal Challengers Bangalore,Eden Gardens
548345,2012-04-29,IPL,Delhi Daredevils,Rajasthan Royals,Feroz Shah Kotla
548346,2012-04-29,IPL,Deccan Chargers,Mumbai Indians,Wankhede Stadium
548347,2012-04-30,IPL,Chennai Super Kings,Kolkata Knight Riders,"MA Chidambaram Stadium, Chepauk"
548348,2012-05-01,IPL,Deccan Chargers,Pune Warriors,Barabati Stadium
548349,2012-05-01,IPL,Rajasthan Royals,Delhi Daredevils,Sawai Mansingh Stadium
548350,2012-05-02,IPL,Royal Challengers Bangalore,Kings XI Punjab,M Chinnaswamy Stadium
548351,2012-05-03,IPL,Mumbai Indians,Pune Warriors,Subrata Roy Sahara Stadium
548352,2012-05-04,IPL,Chennai Super Kings,Deccan Chargers,"MA Chidambaram Stadium, Chepauk"
548353,2012-05-05,IPL,Kolkata Knight Riders,Pune Warriors,Eden Gardens
548354,2012-05-05,IPL,Rajasthan Royals,Kings XI Punjab,"Punjab Cricket Association Stadium, Mohali"
548355,2012-05-06,IPL,Chennai Super Kings,Mumbai Indians,Wankhede Stadium
548356,2012-05-06,IPL,Deccan Chargers,Royal Challengers Bangalore,M Chinnaswamy Stadium
548357,2012-05-07,IPL,Delhi Daredevils,Kolkata Knight Riders,Feroz Shah Kotla
548358,2012-05-08,IPL,Pune Warriors,Rajasthan Royals,Subrata Roy Sahara Stadium
548359,2012-05-08,IPL,Kings XI Punjab,Deccan Chargers,"Rajiv Gandhi International Stadium, Uppal"
548360,2012-05-09,IPL,Mumbai Indians,Royal Challengers Bangalore,Wankhede Stadium
548329,2012-05-10,IPL,Deccan Chargers,Delhi Daredevils,"Rajiv Gandhi International Stadium, Uppal"
548361,2012-05-10,IPL,Rajasthan Royals,Chennai Super Kings,Sawai Mansingh Stadium
548362,2012-05-11,IPL,Royal Challengers Bangalore,Pune Warriors,Subrata Roy Sahara Stadium
548363,2012-05-12,IPL,Mumbai Indians,Kolkata Knight Riders,Eden Gardens
548364,2012-05-12,IPL,Delhi Daredevils,Chennai Super Kings,"MA Chidambaram Stadium, Chepauk"
548365,2012-05-13,IPL,Rajasthan Royals,Pune Warriors,Sawai Mansingh Stadium
548366,2012-05-13,IPL,Deccan Chargers,Kings XI Punjab,"Punjab Cricket Association Stadium, Mohali"
548367,2012-05-14,IPL,Royal Challengers Bangalore,Mumbai Indians,M Chinnaswamy Stadium
548368,2012-05-14,IPL,Kolkata Knight Riders,Chennai Super Kings,Eden Gardens
548369,2012-05-15,IPL,Kings XI Punjab,Delhi Daredevils,Feroz Shah Kotla
548370,2012-05-16,IPL,Kolkata Knight Riders,Mumbai Indians,Wankhede Stadium
548371,2012-05-17,IPL,Chennai Super Kings,Kings XI Punjab,Himachal Pradesh Cricket Association Stadium
548372,2012-05-17,IPL,Royal Challengers Bangalore,Delhi Daredevils,Feroz Shah Kotla
548373,2012-05-18,IPL,Rajasthan Royals,Deccan Chargers,"Rajiv Gandhi International Stadium, Uppal"
548374,2012-05-19,IPL,Kings XI Punjab,Delhi Daredevils,Himachal Pradesh Cricket Association Stadium
548375,2012-05-19,IPL,Kolkata Knight Riders,Pune Warriors,Subrata Roy Sahara Stadium
548376,2012-05-20,IPL,Deccan Chargers,Royal Challengers Bangalore,"Rajiv Gandhi International Stadium, Uppal"
548377,2012-05-20,IPL,Rajasthan Royals,Mumbai Indians,Sawai Mansingh Stadium
548378,2012-05-22,IPL,Kolkata Knight Riders,Delhi Daredevils,Subrata Roy Sahara Stadium
548379,2012-05-23,IPL,Chennai Super Kings,Mumbai Indians,M Chinnaswamy Stadium
548380,2012-05-25,IPL,Chennai Super Kings,Delhi Daredevils,"MA Chidambaram Stadium, Chepauk"
548381,2012-05-27,IPL,Chennai Super Kings,Kolkata Knight Riders,"MA Chidambaram Stadium, Chepauk"
597998,2013-04-03,IPL,Delhi Daredevils,Kolkata Knight Riders,Eden Gardens
597999,2013-04-04,IPL,Royal Challengers Bangalore,Mumbai Indians,M Chinnaswamy Stadium
598000,2013-04-05,IPL,Sunrisers Hyderabad,Pune Warriors,"Rajiv Gandhi International Stadium, Uppal"
598001,2013-04-06,IPL,Rajasthan Royals,Delhi Daredevils,Feroz Shah Kotla
598002,2013-04-06,IPL,Mumbai Indians,Chennai Super Kings,"MA Chidambaram Stadium, Chepauk"
598003,2013-04-07,IPL,Pune Warriors,Kings XI Punjab,Subrata Roy Sahara Stadium
598004,2013-04-07,IPL,Royal Challengers Bangalore,Sunrisers Hyderabad,"Rajiv Gandhi International Stadium, Uppal"
598005,2013-04-08,IPL,Rajasthan Royals,Kolkata Knight Riders,Sawai Mansingh Stadium
598006,2013-04-09,IPL,Mumbai Indians,Delhi Daredevils,Wankhede Stadium
598048,2013-04-09,IPL,Sunrisers Hyderabad,Royal Challengers Bangalore,M Chinnaswamy Stadium
598007,2013-04-10,IPL,Kings XI Punjab,Chennai Super Kings,"Punjab Cricket Association Stadium, Mohali"
598008,2013-04-11,IPL,Kolkata Knight Riders,Royal Challengers Bangalore,M Chinnaswamy Stadium
598009,2013-04-11,IPL,Rajasthan Royals,Pune Warriors,Subrata Roy Sahara Stadium
598010,2013-04-12,IPL,Delhi Daredevils,Sunrisers Hyderabad,Feroz Shah Kotla
598011,2013-04-13,IPL,Mumbai Indians,Pune Warriors,Wankhede Stadium
598012,2013-04-13,IPL,Royal Challengers Bangalore,Chennai Super Kings,"MA Chidambaram Stadium, Chepauk"
598013,2013-04-14,IPL,Kolkata Knight Riders,Sunrisers Hyderabad,Eden Gardens
598014,2013-04-14,IPL,Kings XI Punjab,Rajasthan Royals,Sawai Mansingh Stadium
598015,2013-04-15,IPL,Pune Warriors,Chennai Super Kings,"MA Chidambaram Stadium, Chepauk"
598016,2013-04-16,IPL,Kings XI Punjab,Kolkata Knight Riders,"Punjab Cricket Association Stadium, Mohali"
598017,2013-04-16,IPL,Delhi Daredevils,Royal Challengers Bangalore,M Chinnaswamy Stadium
598018,2013-04-17,IPL,Sunrisers Hyderabad,Pune Warriors,Maharashtra Cricket Association Stadium
598019,2013-04-17,IPL,Rajasthan Royals,Mumbai Indians,Sawai Mansingh Stadium
598020,2013-04-18,IPL,Chennai Super Kings,Delhi Daredevils,Feroz Shah Kotla
598021,2013-04-19,IPL,Kings XI Punjab,Sunrisers Hyderabad,"Rajiv Gandhi International Stadium, Uppal"
598022,2013-04-20,IPL,Kolkata Knight Riders,Chennai Super Kings,Eden Gardens
598023,2013-04-20,IPL,Rajasthan Royals,Royal Challengers Bangalore,M Chinnaswamy Stadium
598024,2013-04-21,IPL,Mumbai Indians,Delhi Daredevils,Feroz Shah Kotla
598025,2013-04-21,IPL,Pune Warriors,Kings XI Punjab,"Punjab Cricket Association Stadium, Mohali"
598026,2013-04-22,IPL,Rajasthan Royals,Chennai Super Kings,"MA Chidambaram Stadium, Chepauk"
598027,2013-04-23,IPL,Royal Challengers Bangalore,Pune Warriors,M Chinnaswamy Stadium
598059,2013-04-23,IPL,Delhi Daredevils,Kings XI Punjab,Feroz Shah Kotla
598029,2013-04-24,IPL,Kolkata Knight Riders,Mumbai Indians,Eden Gardens
598030,2013-04-25,IPL,Sunrisers Hyderabad,Chennai Super Kings,"MA Chidambaram Stadium, Chepauk"
598031,2013-04-26,IPL,Kings XI Punjab,Kolkata Knight Riders,Eden Gardens
598032,2013-04-27,IPL,Sunrisers Hyderabad,Rajasthan Royals,Sawai Mansingh Stadium
598033,2013-04-27,IPL,Mumbai Indians,Royal Challengers Bangalore,Wankhede Stadium
598034,2013-04-28,IPL,Chennai Super Kings,Kolkata Knight Riders,"MA Chidambaram Stadium, Chepauk"
598035,2013-04-28,IPL,Delhi Daredevils,Pune Warriors,Shaheed Veer Narayan Singh International Stadium
598036,2013-04-29,IPL,Royal Challengers Bangalore,Rajasthan Royals,Sawai Mansingh Stadium
598037,2013-04-29,IPL,Mumbai Indians,Kings XI Punjab,Wankhede Stadium
598038,2013-04-30,IPL,Chennai Super Kings,Pune Warriors,Subrata Roy Sahara Stadium
598039,2013-05-01,IPL,Mumbai Indians,Sunrisers Hyderabad,"Rajiv Gandhi International Stadium, Uppal"
598040,2013-05-01,IPL,Kolkata Knight Riders,Delhi Daredevils,Shaheed Veer Narayan Singh International Stadium
598041,2013-05-02,IPL,Chennai Super Kings,Kings XI Punjab,"MA Chidambaram Stadium, Chepauk"
598042,2013-05-02,IPL,Royal Challengers Bangalore,Pune Warriors,Subrata Roy Sahara Stadium
598043,2013-05-03,IPL,Rajasthan Royals,Kolkata Knight Riders,Eden Gardens
598044,2013-05-04,IPL,Delhi Daredevils,Sunrisers Hyderabad,"Rajiv Gandhi International Stadium, Uppal"
598046,2013-05-05,IPL,Mumbai Indians,Chennai Super Kings,Wankhede Stadium
598047,2013-05-05,IPL,Pune Warriors,Rajasthan Royals,Sawai Mansingh Stadium
598064,2013-05-06,IPL,Royal Challengers Bangalore,Kings XI Punjab,"Punjab Cricket Association Stadium, Mohali"
598049,2013-05-07,IPL,Delhi Daredevils,Rajasthan Royals,Sawai Mansingh Stadium
598050,2013-05-07,IPL,Mumbai Indians,Kolkata Knight Riders,Wankhede Stadium
598051,2013-05-08,IPL,Chennai Super Kings,Sunrisers Hyderabad,"Rajiv Gandhi International Stadium, Uppal"
598052,2013-05-09,IPL,Kings XI Punjab,Rajasthan Royals,"Punjab Cricket Association Stadium, Mohali"
598053,2013-05-09,IPL,Kolkata Knight Riders,Pune Warriors,Subrata Roy Sahara Stadium
598054,2013-05-10,IPL,Royal Challengers Bangalore,Delhi Daredevils,Feroz Shah Kotla
598055,2013-05-11,IPL,Pune Warriors,Mumbai Indians,Subrata Roy Sahara Stadium
598056,2013-05-11,IPL,Sunrisers Hyderabad,Kings XI Punjab,"Punjab Cricket Association Stadium, Mohali"
598057,2013-05-12,IPL,Royal Challengers Bangalore,Kolkata Knight Riders,JSCA International Stadium Complex
598058,2013-05-12,IPL,Chennai Super Kings,Rajasthan Royals,Sawai Mansingh Stadium
598060,2013-05-13,IPL,Sunrisers Hyderabad,Mumbai Indians,Wankhede Stadium
598045,2013-05-14,IPL,Royal Challengers Bangalore,Kings XI Punjab,M Chinnaswamy Stadium
598062,2013-05-14,IPL,Chennai Super Kings,Delhi Daredevils,"MA Chidambaram Stadium, Chepauk"
598061,2013-05-15,IPL,Pune Warriors,Kolkata Knight Riders,JSCA International Stadium Complex
598063,2013-05-15,IPL,Mumbai Indians,Rajasthan Royals,Wankhede Stadium
598028,2013-05-16,IPL,Kings XI Punjab,Delhi Daredevils,Himachal Pradesh Cricket Association Stadium
598065,2013-05-17,IPL,Sunrisers Hyderabad,Rajasthan Royals,"Rajiv Gandhi International Stadium, Uppal"
598066,2013-05-18,IPL,Kings XI Punjab,Mumbai Indians,Himachal Pradesh Cricket Association Stadium
598068,2013-05-18,IPL,Royal Challengers Bangalore,Chennai Super Kings,M Chinnaswamy Stadium
598067,2013-05-19,IPL,Pune Warriors,Delhi Daredevils,Subrata Roy Sahara Stadium
598069,2013-05-19,IPL,Kolkata Knight Riders,Sunrisers Hyderabad,"Rajiv Gandhi International Stadium, Uppal"
598070,2013-05-21,IPL,Chennai Super Kings,Mumbai Indians,Feroz Shah Kotla
598071,2013-05-22,IPL,Sunrisers Hyderabad,Rajasthan Royals,Feroz Shah Kotla
598072,2013-05-24,IPL,Rajasthan Royals,Mumbai Indians,Eden Gardens
598073,2013-05-26,IPL,Mumbai Indians,Chennai Super Kings,Eden Gardens
729279,2014-04-16,IPL,Kolkata Knight Riders,Mumbai Indians,Sheikh Zayed Stadium
729281,2014-04-17,IPL,Delhi Daredevils,Royal Challengers Bangalore,Sharjah Cricket Stadium
729283,2014-04-18,IPL,Chennai Super Kings,Kings XI Punjab,Sheikh Zayed Stadium
729285,2014-04-18,IPL,Sunrisers Hyderabad,Rajasthan Royals,Sheikh Zayed Stadium
729287,2014-04-19,IPL,Mumbai Indians,Royal Challengers Bangalore,Dubai International Cricket Stadium
729289,2014-04-19,IPL,Kolkata Knight Riders,Delhi Daredevils,Dubai International Cricket Stadium
729291,2014-04-20,IPL,Rajasthan Royals,Kings XI Punjab,Sharjah Cricket Stadium
729293,2014-04-21,IPL,Chennai Super Kings,Delhi Daredevils,Sheikh Zayed Stadium
729295,2014-04-22,IPL,Kings XI Punjab,Sunrisers Hyderabad,Sharjah Cricket Stadium
729297,2014-04-23,IPL,Chennai Super Kings,Rajasthan Royals,Dubai International Cricket Stadium
729299,2014-04-24,IPL,Kolkata Knight Riders,Royal Challengers Bangalore,Sharjah Cricket Stadium
729301,2014-04-25,IPL,Sunrisers Hyderabad,Delhi Daredevils,Dubai International Cricket Stadium
729303,2014-04-25,IPL,Mumbai Indians,Chennai Super Kings,Dubai International Cricket Stadium
729305,2014-04-26,IPL,Royal Challengers Bangalore,Rajasthan Royals,Sheikh Zayed Stadium
729307,2014-04-26,IPL,Kings XI Punjab,Kolkata Knight Riders,Sheikh Zayed Stadium
729309,2014-04-27,IPL,Mumbai Indians,Delhi Daredevils,Sharjah Cricket Stadium
729311,2014-04-27,IPL,Sunrisers Hyderabad,Chennai Super Kings,Sharjah Cricket Stadium
729313,2014-04-28,IPL,Royal Challengers Bangalore,Kings XI Punjab,Dubai International Cricket Stadium
729315,2014-04-29,IPL,Rajasthan Royals,Kolkata Knight Riders,Sheikh Zayed Stadium
729317,2014-04-30,IPL,Sunrisers Hyderabad,Mumbai Indians,Dubai International Cricket Stadium
733971,2014-05-02,IPL,Chennai Super Kings,Kolkata Knight Riders,JSCA International Stadium Complex
733973,2014-05-03,IPL,Kings XI Punjab,Mumbai Indians,Wankhede Stadium
733975,2014-05-03,IPL,Delhi Daredevils,Rajasthan Royals,Feroz Shah Kotla
733977,2014-05-04,IPL,Sunrisers Hyderabad,Royal Challengers Bangalore,M Chinnaswamy Stadium
733979,2014-05-05,IPL,Rajasthan Royals,Kolkata Knight Riders,"Sardar Patel Stadium, Motera"
733981,2014-05-05,IPL,Delhi Daredevils,Chennai Super Kings,Feroz Shah Kotla
733983,2014-05-06,IPL,Mumbai Indians,Royal Challengers Bangalore,Wankhede Stadium
733985,2014-05-07,IPL,Delhi Daredevils,Kolkata Knight Riders,Feroz Shah Kotla
733987,2014-05-07,IPL,Kings XI Punjab,Chennai Super Kings,Barabati Stadium
733989,2014-05-08,IPL,Sunrisers Hyderabad,Rajasthan Royals,"Sardar Patel Stadium, Motera"
733991,2014-05-09,IPL,Kings XI Punjab,Royal Challengers Bangalore,M Chinnaswamy Stadium
733993,2014-05-10,IPL,Delhi Daredevils,Sunrisers Hyderabad,Feroz Shah Kotla
733995,2014-05-10,IPL,Mumbai Indians,Chennai Super Kings,Wankhede Stadium
733997,2014-05-11,IPL,Kings XI Punjab,Kolkata Knight Riders,Barabati Stadium
733999,2014-05-11,IPL,Royal Challengers Bangalore,Rajasthan Royals,M Chinnaswamy Stadium
734001,2014-05-12,IPL,Sunrisers Hyderabad,Mumbai Indians,"Rajiv Gandhi International Stadium, Uppal"
734003,2014-05-13,IPL,Rajasthan Royals,Chennai Super Kings,JSCA International Stadium Complex
734005,2014-05-13,IPL,Royal Challengers Bangalore,Delhi Daredevils,M Chinnaswamy Stadium
734007,2014-05-14,IPL,Sunrisers Hyderabad,Kings XI Punjab,"Rajiv Gandhi International Stadium, Uppal"
734009,2014-05-14,IPL,Mumbai Indians,Kolkata Knight Riders,Barabati Stadium
734011,2014-05-15,IPL,Rajasthan Royals,Delhi Daredevils,"Sardar Patel Stadium, Motera"
734013,2014-05-18,IPL,Chennai Super Kings,Royal Challengers Bangalore,JSCA International Stadium Complex
734015,2014-05-18,IPL,Sunrisers Hyderabad,Kolkata Knight Riders,"Rajiv Gandhi International Stadium, Uppal"
734017,2014-05-19,IPL,Mumbai Indians,Rajasthan Royals,"Sardar Patel Stadium, Motera"
734019,2014-05-19,IPL,Delhi Daredevils,Kings XI Punjab,Feroz Shah Kotla
734021,2014-05-20,IPL,Royal Challengers Bangalore,Sunrisers Hyderabad,"Rajiv Gandhi International Stadium, Uppal"
734023,2014-05-20,IPL,Chennai Super Kings,Kolkata Knight Riders,Eden Gardens
734025,2014-05-21,IPL,Kings XI Punjab,Mumbai Indians,"Punjab Cricket Association Stadium, Mohali"
734027,2014-05-22,IPL,Kolkata Knight Riders,Royal Challengers Bangalore,Eden Gardens
734029,2014-05-22,IPL,Chennai Super Kings,Sunrisers Hyderabad,JSCA International Stadium Complex
734031,2014-05-23,IPL,Mumbai Indians,Delhi Daredevils,Wankhede Stadium
734033,2014-05-23,IPL,Kings XI Punjab,Rajasthan Royals,"Punjab Cricket Association Stadium, Mohali"
734035,2014-05-24,IPL,Royal Challengers Bangalore,Chennai Super Kings,M Chinnaswamy Stadium
734037,2014-05-24,IPL,Sunrisers Hyderabad,Kolkata Knight Riders,Eden Gardens
734039,2014-05-25,IPL,Delhi Daredevils,Kings XI Punjab,"Punjab Cricket Association Stadium, Mohali"
734041,2014-05-25,IPL,Rajasthan Royals,Mumbai Indians,Wankhede Stadium
734043,2014-05-27,IPL,Kolkata Knight Riders,Kings XI Punjab,Eden Gardens
734045,2014-05-28,IPL,Mumbai Indians,Chennai Super Kings,Brabourne Stadium
734047,2014-05-30,IPL,Kings XI Punjab,Chennai Super Kings,Wankhede Stadium
734049,2014-06-01,IPL,Kings XI Punjab,Kolkata Knight Riders,M Chinnaswamy Stadium
829705,2015-04-08,IPL,Mumbai Indians,Kolkata Knight Riders,Eden Gardens
829707,2015-04-09,IPL,Chennai Super Kings,Delhi Daredevils,"MA Chidambaram Stadium, Chepauk"
829709,2015-04-10,IPL,Rajasthan Royals,Kings XI Punjab,Maharashtra Cricket Association Stadium
829711,2015-04-11,IPL,Chennai Super Kings,Sunrisers Hyderabad,"MA Chidambaram Stadium, Chepauk"
829713,2015-04-11,IPL,Kolkata Knight Riders,Royal Challengers Bangalore,Eden Gardens
829715,2015-04-12,IPL,Delhi Daredevils,Rajasthan Royals,Feroz Shah Kotla
829717,2015-04-12,IPL,Kings XI Punjab,Mumbai Indians,Wankhede Stadium
829719,2015-04-13,IPL,Royal Challengers Bangalore,Sunrisers Hyderabad,M Chinnaswamy Stadium
829721,2015-04-14,IPL,Mumbai Indians,Rajasthan Royals,"Sardar Patel Stadium, Motera"
829725,2015-04-15,IPL,Kings XI Punjab,Delhi Daredevils,Maharashtra Cricket Association Stadium
829727,2015-04-16,IPL,Sunrisers Hyderabad,Rajasthan Royals,Dr. Y.S. Rajasekhara Reddy ACA-VDCA Cricket Stadium
829729,2015-04-17,IPL,Mumbai Indians,Chennai Super Kings,Wankhede Stadium
829731,2015-04-18,IPL,Delhi Daredevils,Sunrisers Hyderabad,Dr. Y.S. Rajasekhara Reddy ACA-VDCA Cricket Stadium
829733,2015-04-18,IPL,Kings XI Punjab,Kolkata Knight Riders,Maharashtra Cricket Association Stadium
829735,2015-04-19,IPL,Chennai Super Kings,Rajasthan Royals,"Sardar Patel Stadium, Motera"
829737,2015-04-19,IPL,Mumbai Indians,Royal Challengers Bangalore,M Chinnaswamy Stadium
829739,2015-04-20,IPL,Delhi Daredevils,Kolkata Knight Riders,Feroz Shah Kotla
829741,2015-04-21,IPL,Rajasthan Royals,Kings XI Punjab,"Sardar Patel Stadium, Motera"
829743,2015-04-22,IPL,Sunrisers Hyderabad,Kolkata Knight Riders,Dr. Y.S. Rajasekhara Reddy ACA-VDCA Cricket Stadium
829745,2015-04-22,IPL,Chennai Super Kings,Royal Challengers Bangalore,M Chinnaswamy Stadium
829747,2015-04-23,IPL,Delhi Daredevils,Mumbai Indians,Feroz Shah Kotla
829749,2015-04-24,IPL,Rajasthan Royals,Royal Challengers Bangalore,"Sardar Patel Stadium, Motera"
829751,2015-04-25,IPL,Mumbai Indians,Sunrisers Hyderabad,Wankhede Stadium
829753,2015-04-25,IPL,Chennai Super Kings,Kings XI Punjab,"MA Chidambaram Stadium, Chepauk"
829757,2015-04-26,IPL,Delhi Daredevils,Royal Challengers Bangalore,Feroz Shah Kotla
829759,2015-04-27,IPL,Sunrisers Hyderabad,Kings XI Punjab,"Punjab Cricket Association Stadium, Mohali"
829765,2015-04-28,IPL,Chennai Super Kings,Kolkata Knight Riders,"MA Chidambaram Stadium, Chepauk"
829763,2015-04-29,IPL,Royal Challengers Bangalore,Rajasthan Royals,M Chinnaswamy Stadium
829723,2015-04-30,IPL,Chennai Super Kings,Kolkata Knight Riders,Eden Gardens
829767,2015-05-01,IPL,Kings XI Punjab,Delhi Daredevils,Feroz Shah Kotla
829769,2015-05-01,IPL,Mumbai Indians,Rajasthan Royals,Wankhede Stadium
829771,2015-05-02,IPL,Kolkata Knight Riders,Royal Challengers Bangalore,M Chinnaswamy Stadium
829773,2015-05-02,IPL,Sunrisers Hyderabad,Chennai Super Kings,"Rajiv Gandhi International Stadium, Uppal"
829775,2015-05-03,IPL,Mumbai Indians,Kings XI Punjab,"Punjab Cricket Association Stadium, Mohali"
829777,2015-05-03,IPL,Rajasthan Royals,Delhi Daredevils,Brabourne Stadium
829779,2015-05-04,IPL,Chennai Super Kings,Royal Challengers Bangalore,"MA Chidambaram Stadium, Chepauk"
829781,2015-05-04,IPL,Kolkata Knight Riders,Sunrisers Hyderabad,Eden Gardens
829783,2015-05-05,IPL,Delhi Daredevils,Mumbai Indians,Wankhede Stadium
829785,2015-05-06,IPL,Royal Challengers Bangalore,Kings XI Punjab,M Chinnaswamy Stadium
829761,2015-05-07,IPL,Kolkata Knight Riders,Delhi Daredevils,Eden Gardens
829787,2015-05-07,IPL,Sunrisers Hyderabad,Rajasthan Royals,Brabourne Stadium
829789,2015-05-08,IPL,Chennai Super Kings,Mumbai Indians,"MA Chidambaram Stadium, Chepauk"
829791,2015-05-09,IPL,Kings XI Punjab,Kolkata Knight Riders,Eden Gardens
829793,2015-05-09,IPL,Sunrisers Hyderabad,Delhi Daredevils,Shaheed Veer Narayan Singh International Stadium
829795,2015-05-10,IPL,Royal Challengers Bangalore,Mumbai Indians,Wankhede Stadium
829797,2015-05-10,IPL,Chennai Super Kings,Rajasthan Royals,"MA Chidambaram Stadium, Chepauk"
829799,2015-05-11,IPL,Sunrisers Hyderabad,Kings XI Punjab,"Rajiv Gandhi International Stadium, Uppal"
829801,2015-05-12,IPL,Chennai Super Kings,Delhi Daredevils,Shaheed Veer Narayan Singh International Stadium
829803,2015-05-13,IPL,Kings XI Punjab,Royal Challengers Bangalore,"Punjab Cricket Association Stadium, Mohali"
829805,2015-05-14,IPL,Mumbai Indians,Kolkata Knight Riders,Wankhede Stadium
829807,2015-05-15,IPL,Sunrisers Hyderabad,Royal Challengers Bangalore,"Rajiv Gandhi International Stadium, Uppal"
829809,2015-05-16,IPL,Kings XI Punjab,Chennai Super Kings,"Punjab Cricket Association Stadium, Mohali"
829811,2015-05-16,IPL,Rajasthan Royals,Kolkata Knight Riders,Brabourne Stadium
829813,2015-05-17,IPL,Delhi Daredevils,Royal Challengers Bangalore,M Chinnaswamy Stadium
829815,2015-05-17,IPL,Sunrisers Hyderabad,Mumbai Indians,"Rajiv Gandhi International Stadium, Uppal"
829817,2015-05-19,IPL,Mumbai Indians,Chennai Super Kings,Wankhede Stadium
829819,2015-05-20,IPL,Royal Challengers Bangalore,Rajasthan Royals,Maharashtra Cricket Association Stadium
829821,2015-05-22,IPL,Royal Challengers Bangalore,Chennai Super Kings,JSCA International Stadium Complex
829823,2015-05-24,IPL,Mumbai Indians,Chennai Super Kings,Eden Gardens
980901,2016-04-09,IPL,Mumbai Indians,Rising Pune Supergiants,Wankhede Stadium
980903,2016-04-10,IPL,Delhi Daredevils,Kolkata Knight Riders,Eden Gardens
980905,2016-04-11,IPL,Kings XI Punjab,Gujarat Lions,"Punjab Cricket Association IS Bindra Stadium, Mohali"
980907,2016-04-12,IPL,Royal Challengers Bangalore,Sunrisers Hyderabad,M Chinnaswamy Stadium
980909,2016-04-13,IPL,Kolkata Knight Riders,Mumbai Indians,Eden Gardens
980911,2016-04-14,IPL,Rising Pune Supergiants,Gujarat Lions,Saurashtra Cricket Association Stadium
980913,2016-04-15,IPL,Kings XI Punjab,Delhi Daredevils,Feroz Shah Kotla
980915,2016-04-16,IPL,Sunrisers Hyderabad,Kolkata Knight Riders,"Rajiv Gandhi International Stadium, Uppal"
980917,2016-04-16,IPL,Mumbai Indians,Gujarat Lions,Wankhede Stadium
980919,2016-04-17,IPL,Rising Pune Supergiants,Kings XI Punjab,"Punjab Cricket Association IS Bindra Stadium, Mohali"
980921,2016-04-17,IPL,Royal Challengers Bangalore,Delhi Daredevils,M Chinnaswamy Stadium
980923,2016-04-18,IPL,Mumbai Indians,Sunrisers Hyderabad,"Rajiv Gandhi International Stadium, Uppal"
980925,2016-04-19,IPL,Kings XI Punjab,Kolkata Knight Riders,"Punjab Cricket Association IS Bindra Stadium, Mohali"
980927,2016-04-20,IPL,Royal Challengers Bangalore,Mumbai Indians,Wankhede Stadium
980929,2016-04-21,IPL,Gujarat Lions,Sunrisers Hyderabad,Saurashtra Cricket Association Stadium
980931,2016-04-22,IPL,Royal Challengers Bangalore,Rising Pune Supergiants,Maharashtra Cricket Association Stadium
980933,2016-04-23,IPL,Delhi Daredevils,Mumbai Indians,Feroz Shah Kotla
980935,2016-04-23,IPL,Kings XI Punjab,Sunrisers Hyderabad,"Rajiv Gandhi International Stadium, Uppal"
980937,2016-04-24,IPL,Royal Challengers Bangalore,Gujarat Lions,Saurashtra Cricket Association Stadium
980939,2016-04-24,IPL,Rising Pune Supergiants,Kolkata Knight Riders,Maharashtra Cricket Association Stadium
980941,2016-04-25,IPL,Mumbai Indians,Kings XI Punjab,"Punjab Cricket Association IS Bindra Stadium, Mohali"
980943,2016-04-26,IPL,Sunrisers Hyderabad,Rising Pune Supergiants,"Rajiv Gandhi International Stadium, Uppal"
980945,2016-04-27,IPL,Gujarat Lions,Delhi Daredevils,Feroz Shah Kotla
980947,2016-04-28,IPL,Kolkata Knight Riders,Mumbai Indians,Wankhede Stadium
980949,2016-04-29,IPL,Rising Pune Supergiants,Gujarat Lions,Maharashtra Cricket Association Stadium
980951,2016-04-30,IPL,Delhi Daredevils,Kolkata Knight Riders,Feroz Shah Kotla
980953,2016-04-30,IPL,Sunrisers Hyderabad,Royal Challengers Bangalore,"Rajiv Gandhi International Stadium, Uppal"
980955,2016-05-01,IPL,Kings XI Punjab,Gujarat Lions,Saurashtra Cricket Association Stadium
980957,2016-05-01,IPL,Rising Pune Supergiants,Mumbai Indians,Maharashtra Cricket Association Stadium
980959,2016-05-02,IPL,Royal Challengers Bangalore,Kolkata Knight Riders,M Chinnaswamy Stadium
980961,2016-05-03,IPL,Gujarat Lions,Delhi Daredevils,Saurashtra Cricket Association Stadium
980963,2016-05-04,IPL,Kolkata Knight Riders,Kings XI Punjab,Eden Gardens
980965,2016-05-05,IPL,Delhi Daredevils,Rising Pune Supergiants,Feroz Shah Kotla
980967,2016-05-06,IPL,Gujarat Lions,Sunrisers Hyderabad,"Rajiv Gandhi International Stadium, Uppal"
980969,2016-05-07,IPL,Rising Pune Supergiants,Royal Challengers Bangalore,M Chinnaswamy Stadium
980971,2016-05-07,IPL,Kings XI Punjab,Delhi Daredevils,"Punjab Cricket Association IS Bindra Stadium, Mohali"
980973,2016-05-08,IPL,Sunrisers Hyderabad,Mumbai Indians,Dr. Y.S. Rajasekhara Reddy ACA-VDCA Cricket Stadium
980975,2016-05-08,IPL,Kolkata Knight Riders,Gujarat Lions,Eden Gardens
980977,2016-05-09,IPL,Royal Challengers Bangalore,Kings XI Punjab,"Punjab Cricket Association IS Bindra Stadium, Mohali"
980979,2016-05-10,IPL,Sunrisers Hyderabad,Rising Pune Supergiants,Dr. Y.S. Rajasekhara Reddy ACA-VDCA Cricket Stadium
980981,2016-05-11,IPL,Royal Challengers Bangalore,Mumbai Indians,M Chinnaswamy Stadium
980983,2016-05-12,IPL,Sunrisers Hyderabad,Delhi Daredevils,"Rajiv Gandhi International Stadium, Uppal"
980985,2016-05-13,IPL,Mumbai Indians,Kings XI Punjab,Dr. Y.S. Rajasekhara Reddy ACA-VDCA Cricket Stadium
980987,2016-05-14,IPL,Royal Challengers Bangalore,Gujarat Lions,M Chinnaswamy Stadium
980989,2016-05-14,IPL,Rising Pune Supergiants,Kolkata Knight Riders,Eden Gardens
980991,2016-05-15,IPL,Kings XI Punjab,Sunrisers Hyderabad,"Punjab Cricket Association IS Bindra Stadium, Mohali"
980993,2016-05-15,IPL,Mumbai Indians,Delhi Daredevils,Dr. Y.S. Rajasekhara Reddy ACA-VDCA Cricket Stadium
980995,2016-05-16,IPL,Kolkata Knight Riders,Royal Challengers Bangalore,Eden Gardens
980997,2016-05-17,IPL,Delhi Daredevils,Rising Pune Supergiants,Dr. Y.S. Rajasekhara Reddy ACA-VDCA Cricket Stadium
980999,2016-05-18,IPL,Royal Challengers Bangalore,Kings XI Punjab,M Chinnaswamy Stadium
981001,2016-05-19,IPL,Kolkata Knight Riders,Gujarat Lions,Green Park
981003,2016-05-20,IPL,Sunrisers Hyderabad,Delhi Daredevils,Shaheed Veer Narayan Singh International Stadium
981005,2016-05-21,IPL,Kings XI Punjab,Rising Pune Supergiants,Dr. Y.S. Rajasekhara Reddy ACA-VDCA Cricket Stadium
981007,2016-05-21,IPL,Mumbai Indians,Gujarat Lions,Green Park
981009,2016-05-22,IPL,Kolkata Knight Riders,Sunrisers Hyderabad,Eden Gardens
981011,2016-05-22,IPL,Delhi Daredevils,Royal Challengers Bangalore,Shaheed Veer Narayan Singh International Stadium
981013,2016-05-24,IPL,Gujarat Lions,Royal Challengers Bangalore,M Chinnaswamy Stadium
981015,2016-05-25,IPL,Sunrisers Hyderabad,Kolkata Knight Riders,Feroz Shah Kotla
981017,2016-05-27,IPL,Gujarat Lions,Sunrisers Hyderabad,Feroz Shah Kotla
981019,2016-05-29,IPL,Sunrisers Hyderabad,Royal Challengers Bangalore,M Chinnaswamy Stadium
1082591,2017-04-05,IPL,Sunrisers Hyderabad,Royal Challengers Bangalore,"Rajiv Gandhi International Stadium, Uppal"
1082592,2017-04-06,IPL,Mumbai Indians,Rising Pune Supergiant,Maharashtra Cricket Association Stadium
1082593,2017-04-07,IPL,Gujarat Lions,Kolkata Knight Riders,Saurashtra Cricket Association Stadium
1082594,2017-04-08,IPL,Rising Pune Supergiant,Kings XI Punjab,Holkar Cricket Stadium
1082595,2017-04-08,IPL,Royal Challengers Bangalore,Delhi Daredevils,M.Chinnaswamy Stadium
1082596,2017-04-09,IPL,Gujarat Lions,Sunrisers Hyderabad,"Rajiv Gandhi International Stadium, Uppal"
1082597,2017-04-09,IPL,Kolkata Knight Riders,Mumbai Indians,Wankhede Stadium
1082598,2017-04-10,IPL,Royal Challengers Bangalore,Kings XI Punjab,Holkar Cricket Stadium
1082599,2017-04-11,IPL,Delhi Daredevils,Rising Pune Supergiant,Maharashtra Cricket Association Stadium
1082600,2017-04-12,IPL,Sunrisers Hyderabad,Mumbai Indians,Wankhede Stadium
1082601,2017-04-13,IPL,Kings XI Punjab,Kolkata Knight Riders,Eden Gardens
1082602,2017-04-14,IPL,Royal Challengers Bangalore,Mumbai Indians,M Chinnaswamy Stadium
1082603,2017-04-14,IPL,Rising Pune Supergiant,Gujarat Lions,Saurashtra Cricket Association Stadium
1082604,2017-04-15,IPL,Kolkata Knight Riders,Sunrisers Hyderabad,Eden Gardens
1082605,2017-04-15,IPL,Delhi Daredevils,Kings XI Punjab,Feroz Shah Kotla
1082606,2017-04-16,IPL,Gujarat Lions,Mumbai Indians,Wankhede Stadium
1082607,2017-04-16,IPL,Rising Pune Supergiant,Royal Challengers Bangalore,M Chinnaswamy Stadium
1082608,2017-04-17,IPL,Delhi Daredevils,Kolkata Knight Riders,Feroz Shah Kotla
1082609,2017-04-17,IPL,Sunrisers Hyderabad,Kings XI Punjab,"Rajiv Gandhi International Stadium, Uppal"
1082610,2017-04-18,IPL,Royal Challengers Bangalore,Gujarat Lions,Saurashtra Cricket Association Stadium
1082611,2017-04-19,IPL,Sunrisers Hyderabad,Delhi Daredevils,"Rajiv Gandhi International Stadium, Uppal"
1082612,2017-04-20,IPL,Kings XI Punjab,Mumbai Indians,Holkar Cricket Stadium
1082613,2017-04-21,IPL,Kolkata Knight Riders,Gujarat Lions,Eden Gardens
1082614,2017-04-22,IPL,Mumbai Indians,Delhi Daredevils,Wankhede Stadium
1082615,2017-04-22,IPL,Sunrisers Hyderabad,Rising Pune Supergiant,Maharashtra Cricket Association Stadium
1082616,2017-04-23,IPL,Kings XI Punjab,Gujarat Lions,Saurashtra Cricket Association Stadium
1082617,2017-04-23,IPL,Kolkata Knight Riders,Royal Challengers Bangalore,Eden Gardens
1082618,2017-04-24,IPL,Rising Pune Supergiant,Mumbai Indians,Wankhede Stadium
1082620,2017-04-26,IPL,Rising Pune Supergiant,Kolkata Knight Riders,Maharashtra Cricket Association Stadium
1082621,2017-04-27,IPL,Royal Challengers Bangalore,Gujarat Lions,M Chinnaswamy Stadium
1082622,2017-04-28,IPL,Delhi Daredevils,Kolkata Knight Riders,Eden Gardens
1082623,2017-04-28,IPL,Sunrisers Hyderabad,Kings XI Punjab,"Punjab Cricket Association IS Bindra Stadium, Mohali"
1082624,2017-04-29,IPL,Rising Pune Supergiant,Royal Challengers Bangalore,Maharashtra Cricket Association Stadium
1082625,2017-04-29,IPL,Gujarat Lions,Mumbai Indians,Saurashtra Cricket Association Stadium
1082626,2017-04-30,IPL,Delhi Daredevils,Kings XI Punjab,"Punjab Cricket Association IS Bindra Stadium, Mohali"
1082627,2017-04-30,IPL,Sunrisers Hyderabad,Kolkata Knight Riders,"Rajiv Gandhi International Stadium, Uppal"
1082628,2017-05-01,IPL,Royal Challengers Bangalore,Mumbai Indians,Wankhede Stadium
1082629,2017-05-01,IPL,Gujarat Lions,Rising Pune Supergiant,Maharashtra Cricket Association Stadium
1082630,2017-05-02,IPL,Sunrisers Hyderabad,Delhi Daredevils,Feroz Shah Kotla
1082631,2017-05-03,IPL,Kolkata Knight Riders,Rising Pune Supergiant,Eden Gardens
1082632,2017-05-04,IPL,Gujarat Lions,Delhi Daredevils,Feroz Shah Kotla
1082633,2017-05-05,IPL,Kings XI Punjab,Royal Challengers Bangalore,M Chinnaswamy Stadium
1082634,2017-05-06,IPL,Rising Pune Supergiant,Sunrisers Hyderabad,"Rajiv Gandhi International Stadium, Uppal"
1082635,2017-05-06,IPL,Mumbai Indians,Delhi Daredevils,Feroz Shah Kotla
1082636,2017-05-07,IPL,Royal Challengers Bangalore,Kolkata Knight Riders,M Chinnaswamy Stadium
1082637,2017-05-07,IPL,Kings XI Punjab,Gujarat Lions,"Punjab Cricket Association IS Bindra Stadium, Mohali"
1082638,2017-05-08,IPL,Mumbai Indians,Sunrisers Hyderabad,"Rajiv Gandhi International Stadium, Uppal"
1082639,2017-05-09,IPL,Kings XI Punjab,Kolkata Knight Riders,"Punjab Cricket Association IS Bindra Stadium, Mohali"
1082640,2017-05-10,IPL,Gujarat Lions,Delhi Daredevils,Green Park
1082641,2017-05-11,IPL,Kings XI Punjab,Mumbai Indians,Wankhede Stadium
1082642,2017-05-12,IPL,Delhi Daredevils,Rising Pune Supergiant,Feroz Shah Kotla
1082643,2017-05-13,IPL,Gujarat Lions,Sunrisers Hyderabad,Green Park
1082644,2017-05-13,IPL,Mumbai Indians,Kolkata Knight Riders,Eden Gardens
1082645,2017-05-14,IPL,Kings XI Punjab,Rising Pune Supergiant,Maharashtra Cricket Association Stadium
1082646,2017-05-14,IPL,Royal Challengers Bangalore,Delhi Daredevils,Feroz Shah Kotla
1082647,2017-05-16,IPL,Rising Pune Supergiant,Mumbai Indians,Wankhede Stadium
1082648,2017-05-17,IPL,Sunrisers Hyderabad,Kolkata Knight Riders,M Chinnaswamy Stadium
1082649,2017-05-19,IPL,Kolkata Knight Riders,Mumbai Indians,M Chinnaswamy Stadium
1082650,2017-05-21,IPL,Mumbai Indians,Rising Pune Supergiant,"Rajiv Gandhi International Stadium, Uppal"
1136561,2018-04-07,IPL,Mumbai Indians,Chennai Super Kings,Wankhede Stadium
1136562,2018-04-08,IPL,Delhi Daredevils,Kings XI Punjab,Punjab Cricket Association IS Bindra Stadium
1136563,2018-04-08,IPL,Royal Challengers Bangalore,Kolkata Knight Riders,Eden Gardens
1136564,2018-04-09,IPL,Rajasthan Royals,Sunrisers Hyderabad,Rajiv Gandhi International Stadium
1136565,2018-04-10,IPL,Kolkata Knight Riders,Chennai Super Kings,MA Chidambaram Stadium
1136566,2018-04-11,IPL,Rajasthan Royals,Delhi Daredevils,Sawai Mansingh Stadium
1136567,2018-04-12,IPL,Mumbai Indians,Sunrisers Hyderabad,Rajiv Gandhi International Stadium
1136568,2018-04-13,IPL,Kings XI Punjab,Royal Challengers Bangalore,M.Chinnaswamy Stadium
1136569,2018-04-14,IPL,Mumbai Indians,Delhi Daredevils,Wankhede Stadium
1136570,2018-04-14,IPL,Kolkata Knight Riders,Sunrisers Hyderabad,Eden Gardens
1136571,2018-04-15,IPL,Rajasthan Royals,Royal Challengers Bangalore,M.Chinnaswamy Stadium
1136572,2018-04-15,IPL,Kings XI Punjab,Chennai Super Kings,Punjab Cricket Association IS Bindra Stadium
1136573,2018-04-16,IPL,Kolkata Knight Riders,Delhi Daredevils,Eden Gardens
1136574,2018-04-17,IPL,Mumbai Indians,Royal Challengers Bangalore,Wankhede Stadium
1136575,2018-04-18,IPL,Rajasthan Royals,Kolkata Knight Riders,Sawai Mansingh Stadium
1136576,2018-04-19,IPL,Kings XI Punjab,Sunrisers Hyderabad,Punjab Cricket Association IS Bindra Stadium
1136577,2018-04-20,IPL,Chennai Super Kings,Rajasthan Royals,Maharashtra Cricket Association Stadium
1136578,2018-04-21,IPL,Kolkata Knight Riders,Kings XI Punjab,Eden Gardens
1136579,2018-04-21,IPL,Delhi Daredevils,Royal Challengers Bangalore,M.Chinnaswamy Stadium
1136580,2018-04-22,IPL,Chennai Super Kings,Sunrisers Hyderabad,Rajiv Gandhi International Stadium
1136581,2018-04-22,IPL,Mumbai Indians,Rajasthan Royals,Sawai Mansingh Stadium
1136582,2018-04-23,IPL,Kings XI Punjab,Delhi Daredevils,Arun Jaitley Stadium
1136583,2018-04-24,IPL,Sunrisers Hyderabad,Mumbai Indians,Wankhede Stadium
1136584,2018-04-25,IPL,Royal Challengers Bangalore,Chennai Super Kings,M.Chinnaswamy Stadium
1136585,2018-04-26,IPL,Sunrisers Hyderabad,Kings XI Punjab,Rajiv Gandhi International Stadium
1136586,2018-04-27,IPL,Delhi Daredevils,Kolkata Knight Riders,Arun Jaitley Stadium
1136587,2018-04-28,IPL,Chennai Super Kings,Mumbai Indians,Maharashtra Cricket Association Stadium
1136588,2018-04-29,IPL,Sunrisers Hyderabad,Rajasthan Royals,Sawai Mansingh Stadium
1136589,2018-04-29,IPL,Royal Challengers Bangalore,Kolkata Knight Riders,M.Chinnaswamy Stadium
1136590,2018-04-30,IPL,Chennai Super Kings,Delhi Daredevils,Maharashtra Cricket Association Stadium
1136591,2018-05-01,IPL,Royal Challengers Bangalore,Mumbai Indians,M.Chinnaswamy Stadium
1136592,2018-05-02,IPL,Delhi Daredevils,Rajasthan Royals,Arun Jaitley Stadium
1136593,2018-05-03,IPL,Chennai Super Kings,Kolkata Knight Riders,Eden Gardens
1136594,2018-05-04,IPL,Kings XI Punjab,Mumbai Indians,Holkar Cricket Stadium
1136595,2018-05-05,IPL,Royal Challengers Bangalore,Chennai Super Kings,Maharashtra Cricket Association Stadium
1136596,2018-05-05,IPL,Delhi Daredevils,Sunrisers Hyderabad,Rajiv Gandhi International Stadium
1136597,2018-05-06,IPL,Mumbai Indians,Kolkata Knight Riders,Wankhede Stadium
1136598,2018-05-06,IPL,Rajasthan Royals,Kings XI Punjab,Holkar Cricket Stadium
1136599,2018-05-07,IPL,Sunrisers Hyderabad,Royal Challengers Bangalore,Rajiv Gandhi International Stadium
1136600,2018-05-08,IPL,Rajasthan Royals,Kings XI Punjab,Sawai Mansingh Stadium
1136601,2018-05-09,IPL,Mumbai Indians,Kolkata Knight Riders,Eden Gardens
1136602,2018-05-10,IPL,Delhi Daredevils,Sunrisers Hyderabad,Arun Jaitley Stadium
1136603,2018-05-11,IPL,Chennai Super Kings,Rajasthan Royals,Sawai Mansingh Stadium
1136604,2018-05-12,IPL,Kolkata Knight Riders,Kings XI Punjab,Holkar Cricket Stadium
1136605,2018-05-12,IPL,Delhi Daredevils,Royal Challengers Bangalore,Arun Jaitley Stadium
1136606,2018-05-13,IPL,Sunrisers Hyderabad,Chennai Super Kings,Maharashtra Cricket Association Stadium
1136607,2018-05-13,IPL,Mumbai Indians,Rajasthan Royals,Wankhede Stadium
1136608,2018-05-14,IPL,Kings XI Punjab,Royal Challengers Bangalore,Holkar Cricket Stadium
1136609,2018-05-15,IPL,Rajasthan Royals,Kolkata Knight Riders,Eden Gardens
1136610,2018-05-16,IPL,Mumbai Indians,Kings XI Punjab,Wankhede Stadium
1136611,2018-05-17,IPL,Royal Challengers Bangalore,Sunrisers Hyderabad,M.Chinnaswamy Stadium
1136612,2018-05-18,IPL,Delhi Daredevils,Chennai Super Kings,Arun Jaitley Stadium
1136613,2018-05-19,IPL,Rajasthan Royals,Royal Challengers Bangalore,Sawai Mansingh Stadium
1136614,2018-05-19,IPL,Sunrisers Hyderabad,Kolkata Knight Riders,Rajiv Gandhi International Stadium
1136615,2018-05-20,IPL,Delhi Daredevils,Mumbai Indians,Arun Jaitley Stadium
1136616,2018-05-20,IPL,Kings XI Punjab,Chennai Super Kings,Maharashtra Cricket Association Stadium
1136617,2018-05-22,IPL,Sunrisers Hyderabad,Chennai Super Kings,Wankhede Stadium
1136618,2018-05-23,IPL,Kolkata Knight Riders,Rajasthan Royals,Eden Gardens
1136619,2018-05-25,IPL,Sunrisers Hyderabad,Kolkata Knight Riders,Eden Gardens
1136620,2018-05-27,IPL,Sunrisers Hyderabad,Chennai Super Kings,Wankhede Stadium
1175356,2019-03-23,IPL,Royal Challengers Bangalore,Chennai Super Kings,MA Chidambaram Stadium
1175357,2019-03-24,IPL,Sunrisers Hyderabad,Kolkata Knight Riders,Eden Gardens
1175358,2019-03-24,IPL,Delhi Capitals,Mumbai Indians,Wankhede Stadium
1175359,2019-03-25,IPL,Kings XI Punjab,Rajasthan Royals,Sawai Mansingh Stadium
1175360,2019-03-26,IPL,Delhi Capitals,Chennai Super Kings,Arun Jaitley Stadium
1175361,2019-03-27,IPL,Kolkata Knight Riders,Kings XI Punjab,Eden Gardens
1175362,2019-03-28,IPL,Mumbai Indians,Royal Challengers Bangalore,M.Chinnaswamy Stadium
1175363,2019-03-29,IPL,Rajasthan Royals,Sunrisers Hyderabad,Rajiv Gandhi International Stadium
1175364,2019-03-30,IPL,Mumbai Indians,Kings XI Punjab,Punjab Cricket Association IS Bindra Stadium
1175365,2019-03-30,IPL,Kolkata Knight Riders,Delhi Capitals,Arun Jaitley Stadium
1175366,2019-03-31,IPL,Sunrisers Hyderabad,Royal Challengers Bangalore,Rajiv Gandhi International Stadium
1175367,2019-03-31,IPL,Chennai Super Kings,Rajasthan Royals,MA Chidambaram Stadium
1175368,2019-04-01,IPL,Kings XI Punjab,Delhi Capitals,Punjab Cricket Association IS Bindra Stadium
1175369,2019-04-02,IPL,Royal Challengers Bangalore,Rajasthan Royals,Sawai Mansingh Stadium
1175370,2019-04-03,IPL,Mumbai Indians,Chennai Super Kings,Wankhede Stadium
1175371,2019-04-04,IPL,Delhi Capitals,Sunrisers Hyderabad,Arun Jaitley Stadium
1175372,2019-04-05,IPL,Royal Challengers Bangalore,Kolkata Knight Riders,M.Chinnaswamy Stadium
1178393,2019-04-06,IPL,Chennai Super Kings,Kings XI Punjab,MA Chidambaram Stadium
1178394,2019-04-06,IPL,Mumbai Indians,Sunrisers Hyderabad,Rajiv Gandhi International Stadium
1178395,2019-04-07,IPL,Royal Challengers Bangalore,Delhi Capitals,M.Chinnaswamy Stadium
1178396,2019-04-07,IPL,Rajasthan Royals,Kolkata Knight Riders,Sawai Mansingh Stadium
1178397,2019-04-08,IPL,Sunrisers Hyderabad,Kings XI Punjab,Punjab Cricket Association IS Bindra Stadium
1178398,2019-04-09,IPL,Kolkata Knight Riders,Chennai Super Kings,MA Chidambaram Stadium
1178399,2019-04-10,IPL,Kings XI Punjab,Mumbai Indians,Wankhede Stadium
1178400,2019-04-11,IPL,Rajasthan Royals,Chennai Super Kings,Sawai Mansingh Stadium
1178401,2019-04-12,IPL,Kolkata Knight Riders,Delhi Capitals,Eden Gardens
1178402,2019-04-13,IPL,Mumbai Indians,Rajasthan Royals,Wankhede Stadium
1178403,2019-04-13,IPL,Kings XI Punjab,Royal Challengers Bangalore,Punjab Cricket Association IS Bindra Stadium
1178404,2019-04-14,IPL,Kolkata Knight Riders,Chennai Super Kings,Eden Gardens
1178405,2019-04-14,IPL,Delhi Capitals,Sunrisers Hyderabad,Rajiv Gandhi International Stadium
1178406,2019-04-15,IPL,Royal Challengers Bangalore,Mumbai Indians,Wankhede Stadium
1178407,2019-04-16,IPL,Kings XI Punjab,Rajasthan Royals,Punjab Cricket Association IS Bindra Stadium
1178408,2019-04-17,IPL,Chennai Super Kings,Sunrisers Hyderabad,Rajiv Gandhi International Stadium
1178409,2019-04-18,IPL,Mumbai Indians,Delhi Capitals,Arun Jaitley Stadium
1178410,2019-04-19,IPL,Royal Challengers Bangalore,Kolkata Knight Riders,Eden Gardens
1178411,2019-04-20,IPL,Mumbai Indians,Rajasthan Royals,Sawai Mansingh Stadium
1178412,2019-04-20,IPL,Kings XI Punjab,Delhi Capitals,Arun Jaitley Stadium
1178413,2019-04-21,IPL,Kolkata Knight Riders,Sunrisers Hyderabad,Rajiv Gandhi International Stadium
1178414,2019-04-21,IPL,Royal Challengers Bangalore,Chennai Super Kings,M.Chinnaswamy Stadium
1178415,2019-04-22,IPL,Rajasthan Royals,Delhi Capitals,Sawai Mansingh Stadium
1178416,2019-04-23,IPL,Sunrisers Hyderabad,Chennai Super Kings,MA Chidambaram Stadium
1178417,2019-04-24,IPL,Royal Challengers Bangalore,Kings XI Punjab,M.Chinnaswamy Stadium
1178418,2019-04-25,IPL,Kolkata Knight Riders,Rajasthan Royals,Eden Gardens
1178419,2019-04-26,IPL,Mumbai Indians,Chennai Super Kings,MA Chidambaram Stadium
1178420,2019-04-27,IPL,Sunrisers Hyderabad,Rajasthan Royals,Sawai Mansingh Stadium
1178421,2019-04-28,IPL,Delhi Capitals,Royal Challengers Bangalore,Arun Jaitley Stadium
1178422,2019-04-28,IPL,Kolkata Knight Riders,Mumbai Indians,Eden Gardens
1178423,2019-04-29,IPL,Sunrisers Hyderabad,Kings XI Punjab,Rajiv Gandhi International Stadium
1178424,2019-04-30,IPL,Royal Challengers Bangalore,Rajasthan Royals,M.Chinnaswamy Stadium
1178425,2019-05-01,IPL,Chennai Super Kings,Delhi Capitals,MA Chidambaram Stadium
1178426,2019-05-02,IPL,Mumbai Indians,Sunrisers Hyderabad,Wankhede Stadium
1178427,2019-05-03,IPL,Kings XI Punjab,Kolkata Knight Riders,Punjab Cricket Association IS Bindra Stadium
1178428,2019-05-04,IPL,Rajasthan Royals,Delhi Capitals,Arun Jaitley Stadium
1178429,2019-05-04,IPL,Sunrisers Hyderabad,Royal Challengers Bangalore,M.Chinnaswamy Stadium
1178430,2019-05-05,IPL,Chennai Super Kings,Kings XI Punjab,Punjab Cricket Association IS Bindra Stadium
1178431,2019-05-05,IPL,Kolkata Knight Riders,Mumbai Indians,Wankhede Stadium
1181764,2019-05-07,IPL,Chennai Super Kings,Mumbai Indians,MA Chidambaram Stadium
1181766,2019-05-08,IPL,Sunrisers Hyderabad,Delhi Capitals,Dr. Y.S. Rajasekhara Reddy ACA-VDCA Cricket Stadium
1181767,2019-05-10,IPL,Delhi Capitals,Chennai Super Kings,Dr. Y.S. Rajasekhara Reddy ACA-VDCA Cricket Stadium
1181768,2019-05-12,IPL,Mumbai Indians,Chennai Super Kings,Rajiv Gandhi International Stadium
1216492,2020-09-19,IPL,Mumbai Indians,Chennai Super Kings,Sheikh Zayed Stadium
1216493,2020-09-20,IPL,Delhi Capitals,Kings XI Punjab,Dubai International Cricket Stadium
1216534,2020-09-21,IPL,Royal Challengers Bangalore,Sunrisers Hyderabad,Dubai International Cricket Stadium
1216496,2020-09-22,IPL,Rajasthan Royals,Chennai Super Kings,Sharjah Cricket Stadium
1216508,2020-09-23,IPL,Mumbai Indians,Kolkata Knight Riders,Sheikh Zayed Stadium
1216510,2020-09-24,IPL,Kings XI Punjab,Royal Challengers Bangalore,Dubai International Cricket Stadium
1216539,2020-09-25,IPL,Delhi Capitals,Chennai Super Kings,Dubai International Cricket Stadium
1216545,2020-09-26,IPL,Sunrisers Hyderabad,Kolkata Knight Riders,Sheikh Zayed Stadium
1216527,2020-09-27,IPL,Kings XI Punjab,Rajasthan Royals,Sharjah Cricket Stadium
1216547,2020-09-28,IPL,Royal Challengers Bangalore,Mumbai Indians,Dubai International Cricket Stadium
1216532,2020-09-29,IPL,Sunrisers Hyderabad,Delhi Capitals,Sheikh Zayed Stadium
1216504,2020-09-30,IPL,Kolkata Knight Riders,Rajasthan Royals,Dubai International Cricket Stadium
1216503,2020-10-01,IPL,Mumbai Indians,Kings XI Punjab,Sheikh Zayed Stadium
1216516,2020-10-02,IPL,Sunrisers Hyderabad,Chennai Super Kings,Dubai International Cricket Stadium
1216514,2020-10-03,IPL,Rajasthan Royals,Royal Challengers Bangalore,Sheikh Zayed Stadium
1216515,2020-10-03,IPL,Delhi Capitals,Kolkata Knight Riders,Sharjah Cricket Stadium
1216513,2020-10-04,IPL,Kings XI Punjab,Chennai Super Kings,Dubai International Cricket Stadium
1216538,2020-10-04,IPL,Mumbai Indians,Sunrisers Hyderabad,Sharjah Cricket Stadium
1216519,2020-10-05,IPL,Delhi Capitals,Royal Challengers Bangalore,Dubai International Cricket Stadium
1216511,2020-10-06,IPL,Mumbai Indians,Rajasthan Royals,Sheikh Zayed Stadium
1216501,2020-10-07,IPL,Kolkata Knight Riders,Chennai Super Kings,Sheikh Zayed Stadium
1216542,2020-10-08,IPL,Sunrisers Hyderabad,Kings XI Punjab,Dubai International Cricket Stadium
1216500,2020-10-09,IPL,Delhi Capitals,Rajasthan Royals,Sharjah Cricket Stadium
1216523,2020-10-10,IPL,Kolkata Knight Riders,Kings XI Punjab,Sheikh Zayed Stadium
1216525,2020-10-10,IPL,Royal Challengers Bangalore,Chennai Super Kings,Dubai International Cricket Stadium
1216507,2020-10-11,IPL,Sunrisers Hyderabad,Rajasthan Royals,Dubai International Cricket Stadium
1216529,2020-10-11,IPL,Delhi Capitals,Mumbai Indians,Sheikh Zayed Stadium
1216540,2020-10-12,IPL,Royal Challengers Bangalore,Kolkata Knight Riders,Sharjah Cricket Stadium
1216528,2020-10-13,IPL,Chennai Super Kings,Sunrisers Hyderabad,Dubai International Cricket Stadium
1216543,2020-10-14,IPL,Delhi Capitals,Rajasthan Royals,Dubai International Cricket Stadium
1216531,2020-10-15,IPL,Royal Challengers Bangalore,Kings XI Punjab,Sharjah Cricket Stadium
1216526,2020-10-16,IPL,Kolkata Knight Riders,Mumbai Indians,Sheikh Zayed Stadium
1216509,2020-10-17,IPL,Chennai Super Kings,Delhi Capitals,Sharjah Cricket Stadium
1216522,2020-10-17,IPL,Rajasthan Royals,Royal Challengers Bangalore,Dubai International Cricket Stadium
1216512,2020-10-18,IPL,Kolkata Knight Riders,Sunrisers Hyderabad,Sheikh Zayed Stadium
1216517,2020-10-18,IPL,Mumbai Indians,Kings XI Punjab,Dubai International Cricket Stadium
1216533,2020-10-19,IPL,Chennai Super Kings,Rajasthan Royals,Sheikh Zayed Stadium
1216546,2020-10-20,IPL,Delhi Capitals,Kings XI Punjab,Dubai International Cricket Stadium
1216494,2020-10-21,IPL,Kolkata Knight Riders,Royal Challengers Bangalore,Sheikh Zayed Stadium
1216518,2020-10-22,IPL,Rajasthan Royals,Sunrisers Hyderabad,Dubai International Cricket Stadium
1216521,2020-10-23,IPL,Chennai Super Kings,Mumbai Indians,Sharjah Cricket Stadium
1216497,2020-10-24,IPL,Kolkata Knight Riders,Delhi Capitals,Sheikh Zayed Stadium
1216498,2020-10-24,IPL,Kings XI Punjab,Sunrisers Hyderabad,Dubai International Cricket Stadium
1216541,2020-10-25,IPL,Mumbai Indians,Rajasthan Royals,Sheikh Zayed Stadium
1216544,2020-10-25,IPL,Royal Challengers Bangalore,Chennai Super Kings,Dubai International Cricket Stadium
1216520,2020-10-26,IPL,Kolkata Knight Riders,Kings XI Punjab,Sharjah Cricket Stadium
1216524,2020-10-27,IPL,Sunrisers Hyderabad,Delhi Capitals,Dubai International Cricket Stadium
1216499,2020-10-28,IPL,Royal Challengers Bangalore,Mumbai Indians,Sheikh Zayed Stadium
1216536,2020-10-29,IPL,Kolkata Knight Riders,Chennai Super Kings,Dubai International Cricket Stadium
1216537,2020-10-30,IPL,Kings XI Punjab,Rajasthan Royals,Sheikh Zayed Stadium
1216502,2020-10-31,IPL,Royal Challengers Bangalore,Sunrisers Hyderabad,Sharjah Cricket Stadium
1216535,2020-10-31,IPL,Delhi Capitals,Mumbai Indians,Dubai International Cricket Stadium
1216506,2020-11-01,IPL,Kings XI Punjab,Chennai Super Kings,Sheikh Zayed Stadium
1216530,2020-11-01,IPL,Kolkata Knight Riders,Rajasthan Royals,Dubai International Cricket Stadium
1216505,2020-11-02,IPL,Royal Challengers Bangalore,Delhi Capitals,Sheikh Zayed Stadium
1216495,2020-11-03,IPL,Mumbai Indians,Sunrisers Hyderabad,Sharjah Cricket Stadium
1237177,2020-11-05,IPL,Mumbai Indians,Delhi Capitals,Dubai International Cricket Stadium
1237178,2020-11-06,IPL,Royal Challengers Bangalore,Sunrisers Hyderabad,Sheikh Zayed Stadium
1237180,2020-11-08,IPL,Delhi Capitals,Sunrisers Hyderabad,Sheikh Zayed Stadium
1237181,2020-11-10,IPL,Delhi Capitals,Mumbai Indians,Dubai International Cricket Stadium
1254058,2021-04-09,IPL,Mumbai Indians,Royal Challengers Bangalore,"MA Chidambaram Stadium, Chepauk, Chennai"
1254059,2021-04-10,IPL,Chennai Super Kings,Delhi Capitals,"Wankhede Stadium, Mumbai"
1254060,2021-04-11,IPL,Kolkata Knight Riders,Sunrisers Hyderabad,"MA Chidambaram Stadium, Chepauk, Chennai"
1254061,2021-04-12,IPL,Punjab Kings,Rajasthan Royals,"Wankhede Stadium, Mumbai"
1254062,2021-04-13,IPL,Mumbai Indians,Kolkata Knight Riders,"MA Chidambaram Stadium, Chepauk, Chennai"
1254063,2021-04-14,IPL,Royal Challengers Bangalore,Sunrisers Hyderabad,"MA Chidambaram Stadium, Chepauk, Chennai"
1254064,2021-04-15,IPL,Delhi Capitals,Rajasthan Royals,"Wankhede Stadium, Mumbai"
1254065,2021-04-16,IPL,Punjab Kings,Chennai Super Kings,"Wankhede Stadium, Mumbai"
1254066,2021-04-17,IPL,Mumbai Indians,Sunrisers Hyderabad,"MA Chidambaram Stadium, Chepauk, Chennai"
1254067,2021-04-18,IPL,Royal Challengers Bangalore,Kolkata Knight Riders,"MA Chidambaram Stadium, Chepauk, Chennai"
1254068,2021-04-18,IPL,Punjab Kings,Delhi Capitals,"Wankhede Stadium, Mumbai"
1254069,2021-04-19,IPL,Chennai Super Kings,Rajasthan Royals,"Wankhede Stadium, Mumbai"
1254070,2021-04-20,IPL,Mumbai Indians,Delhi Capitals,"MA Chidambaram Stadium, Chepauk, Chennai"
1254071,2021-04-21,IPL,Punjab Kings,Sunrisers Hyderabad,"MA Chidambaram Stadium, Chepauk, Chennai"
1254072,2021-04-21,IPL,Chennai Super Kings,Kolkata Knight Riders,"Wankhede Stadium, Mumbai"
1254073,2021-04-22,IPL,Rajasthan Royals,Royal Challengers Bangalore,"Wankhede Stadium, Mumbai"
1254074,2021-04-23,IPL,Mumbai Indians,Punjab Kings,"MA Chidambaram Stadium, Chepauk, Chennai"
1254075,2021-04-24,IPL,Kolkata Knight Riders,Rajasthan Royals,"Wankhede Stadium, Mumbai"
1254076,2021-04-25,IPL,Chennai Super Kings,Royal Challengers Bangalore,"Wankhede Stadium, Mumbai"
1254077,2021-04-25,IPL,Delhi Capitals,Sunrisers Hyderabad,"MA Chidambaram Stadium, Chepauk, Chennai"
1254078,2021-04-26,IPL,Punjab Kings,Kolkata Knight Riders,"Narendra Modi Stadium, Ahmedabad"
1254079,2021-04-27,IPL,Royal Challengers Bangalore,Delhi Capitals,"Narendra Modi Stadium, Ahmedabad"
1254080,2021-04-28,IPL,Sunrisers Hyderabad,Chennai Super Kings,"Arun Jaitley Stadium, Delhi"
1254081,2021-04-29,IPL,Rajasthan Royals,Mumbai Indians,"Arun Jaitley Stadium, Delhi"
1254082,2021-04-29,IPL,Kolkata Knight Riders,Delhi Capitals,"Narendra Modi Stadium, Ahmedabad"
1254083,2021-04-30,IPL,Punjab Kings,Royal Challengers Bangalore,"Narendra Modi Stadium, Ahmedabad"
1254084,2021-05-01,IPL,Chennai Super Kings,Mumbai Indians,"Arun Jaitley Stadium, Delhi"
1254085,2021-05-02,IPL,Rajasthan Royals,Sunrisers Hyderabad,"Arun Jaitley Stadium, Delhi"
1254086,2021-05-02,IPL,Punjab Kings,Delhi Capitals,"Narendra Modi Stadium, Ahmedabad"
1254104,2021-09-19,IPL,Chennai Super Kings,Mumbai Indians,Dubai International Cricket Stadium
1254087,2021-09-20,IPL,Royal Challengers Bangalore,Kolkata Knight Riders,"Zayed Cricket Stadium, Abu Dhabi"
1254111,2021-09-21,IPL,Rajasthan Royals,Punjab Kings,Dubai International Cricket Stadium
1254105,2021-09-22,IPL,Sunrisers Hyderabad,Delhi Capitals,Dubai International Cricket Stadium
1254096,2021-09-23,IPL,Mumbai Indians,Kolkata Knight Riders,"Zayed Cricket Stadium, Abu Dhabi"
1254113,2021-09-24,IPL,Royal Challengers Bangalore,Chennai Super Kings,Sharjah Cricket Stadium
1254097,2021-09-25,IPL,Delhi Capitals,Rajasthan Royals,"Zayed Cricket Stadium, Abu Dhabi"
1254107,2021-09-25,IPL,Punjab Kings,Sunrisers Hyderabad,Sharjah Cricket Stadium
1254098,2021-09-26,IPL,Kolkata Knight Riders,Chennai Super Kings,"Zayed Cricket Stadium, Abu Dhabi"
1254108,2021-09-26,IPL,Royal Challengers Bangalore,Mumbai Indians,Dubai International Cricket Stadium
1254100,2021-09-27,IPL,Rajasthan Royals,Sunrisers Hyderabad,Dubai International Cricket Stadium
1254092,2021-09-28,IPL,Delhi Capitals,Kolkata Knight Riders,Sharjah Cricket Stadium
1254099,2021-09-28,IPL,Punjab Kings,Mumbai Indians,"Zayed Cricket Stadium, Abu Dhabi"
1254103,2021-09-29,IPL,Rajasthan Royals,Royal Challengers Bangalore,Dubai International Cricket Stadium
1254091,2021-09-30,IPL,Sunrisers Hyderabad,Chennai Super Kings,Sharjah Cricket Stadium
1254102,2021-10-01,IPL,Kolkata Knight Riders,Punjab Kings,Dubai International Cricket Stadium
1254089,2021-10-02,IPL,Chennai Super Kings,Rajasthan Royals,"Zayed Cricket Stadium, Abu Dhabi"
1254112,2021-10-02,IPL,Mumbai Indians,Delhi Capitals,Sharjah Cricket Stadium
1254090,2021-10-03,IPL,Royal Challengers Bangalore,Punjab Kings,Sharjah Cricket Stadium
1254109,2021-10-03,IPL,Sunrisers Hyderabad,Kolkata Knight Riders,Dubai International Cricket Stadium
1254110,2021-10-04,IPL,Chennai Super Kings,Delhi Capitals,Dubai International Cricket Stadium
1254093,2021-10-05,IPL,Rajasthan Royals,Mumbai Indians,Sharjah Cricket Stadium
1254095,2021-10-06,IPL,Sunrisers Hyderabad,Royal Challengers Bangalore,"Zayed Cricket Stadium, Abu Dhabi"
1254094,2021-10-07,IPL,Chennai Super Kings,Punjab Kings,Dubai International Cricket Stadium
1254106,2021-10-07,IPL,Kolkata Knight Riders,Rajasthan Royals,Sharjah Cricket Stadium
1254088,2021-10-08,IPL,Mumbai Indians,Sunrisers Hyderabad,"Zayed Cricket Stadium, Abu Dhabi"
1254101,2021-10-08,IPL,Delhi Capitals,Royal Challengers Bangalore,Dubai International Cricket Stadium
1254114,2021-10-10,IPL,Delhi Capitals,Chennai Super Kings,Dubai International Cricket Stadium
1254115,2021-10-11,IPL,Royal Challengers Bangalore,Kolkata Knight Riders,Sharjah Cricket Stadium
1254116,2021-10-13,IPL,Delhi Capitals,Kolkata Knight Riders,Sharjah Cricket Stadium
1254117,2021-10-15,IPL,Chennai Super Kings,Kolkata Knight Riders,Dubai International Cricket Stadium
1304047,2022-03-26,IPL,Chennai Super Kings,Kolkata Knight Riders,"Wankhede Stadium, Mumbai"
1304048,2022-03-27,IPL,Mumbai Indians,Delhi Capitals,"Brabourne Stadium, Mumbai"
1304049,2022-03-27,IPL,Royal Challengers Bangalore,Punjab Kings,"Dr DY Patil Sports Academy, Mumbai"
1304050,2022-03-28,IPL,Lucknow Super Giants,Gujarat Titans,"Wankhede Stadium, Mumbai"
1304051,2022-03-29,IPL,Rajasthan Royals,Sunrisers Hyderabad,"Maharashtra Cricket Association Stadium, Pune"
1304052,2022-03-30,IPL,Kolkata Knight Riders,Royal Challengers Bangalore,"Dr DY Patil Sports Academy, Mumbai"
1304053,2022-03-31,IPL,Chennai Super Kings,Lucknow Super Giants,"Brabourne Stadium, Mumbai"
1304054,2022-04-01,IPL,Punjab Kings,Kolkata Knight Riders,"Wankhede Stadium, Mumbai"
1304055,2022-04-02,IPL,Rajasthan Royals,Mumbai Indians,"Dr DY Patil Sports Academy, Mumbai"
1304056,2022-04-02,IPL,Gujarat Titans,Delhi Capitals,"Maharashtra Cricket Association Stadium, Pune"
1304057,2022-04-03,IPL,Punjab Kings,Chennai Super Kings,"Brabourne Stadium, Mumbai"
1304058,2022-04-04,IPL,Lucknow Super Giants,Sunrisers Hyderabad,"Dr DY Patil Sports Academy, Mumbai"
1304059,2022-04-05,IPL,Rajasthan Royals,Royal Challengers Bangalore,"Wankhede Stadium, Mumbai"
1304060,2022-04-06,IPL,Mumbai Indians,Kolkata Knight Riders,"Maharashtra Cricket Association Stadium, Pune"
1304061,2022-04-07,IPL,Delhi Capitals,Lucknow Super Giants,"Dr DY Patil Sports Academy, Mumbai"
1304062,2022-04-08,IPL,Punjab Kings,Gujarat Titans,"Brabourne Stadium, Mumbai"
1304063,2022-04-09,IPL,Chennai Super Kings,Sunrisers Hyderabad,"Dr DY Patil Sports Academy, Mumbai"
1304064,2022-04-09,IPL,Mumbai Indians,Royal Challengers Bangalore,"Maharashtra Cricket Association Stadium, Pune"
1304065,2022-04-10,IPL,Delhi Capitals,Kolkata Knight Riders,"Brabourne Stadium, Mumbai"
1304066,2022-04-10,IPL,Rajasthan Royals,Lucknow Super Giants,"Wankhede Stadium, Mumbai"
1304067,2022-04-11,IPL,Gujarat Titans,Sunrisers Hyderabad,"Dr DY Patil Sports Academy, Mumbai"
1304068,2022-04-12,IPL,Chennai Super Kings,Royal Challengers Bangalore,"Dr DY Patil Sports Academy, Mumbai"
1304069,2022-04-13,IPL,Punjab Kings,Mumbai Indians,"Maharashtra Cricket Association Stadium, Pune"
1304070,2022-04-14,IPL,Gujarat Titans,Rajasthan Royals,"Dr DY Patil Sports Academy, Mumbai"
1304071,2022-04-15,IPL,Kolkata Knight Riders,Sunrisers Hyderabad,"Brabourne Stadium, Mumbai"
1304072,2022-04-16,IPL,Lucknow Super Giants,Mumbai Indians,"Brabourne Stadium, Mumbai"
1304073,2022-04-16,IPL,Royal Challengers Bangalore,Delhi Capitals,"Wankhede Stadium, Mumbai"
1304074,2022-04-17,IPL,Punjab Kings,Sunrisers Hyderabad,"Dr DY Patil Sports Academy, Mumbai"
1304075,2022-04-17,IPL,Chennai Super Kings,Gujarat Titans,"Maharashtra Cricket Association Stadium, Pune"
1304076,2022-04-18,IPL,Rajasthan Royals,Kolkata Knight Riders,"Brabourne Stadium, Mumbai"
1304077,2022-04-19,IPL,Royal Challengers Bangalore,Lucknow Super Giants,"Dr DY Patil Sports Academy, Mumbai"
1304078,2022-04-20,IPL,Punjab Kings,Delhi Capitals,"Brabourne Stadium, Mumbai"
1304079,2022-04-21,IPL,Mumbai Indians,Chennai Super Kings,"Dr DY Patil Sports Academy, Mumbai"
1304080,2022-04-22,IPL,Rajasthan Royals,Delhi Capitals,"Wankhede Stadium, Mumbai"
1304081,2022-04-23,IPL,Gujarat Titans,Kolkata Knight Riders,"Dr DY Patil Sports Academy, Mumbai"
1304082,2022-04-23,IPL,Royal Challengers Bangalore,Sunrisers Hyderabad,"Brabourne Stadium, Mumbai"
1304083,2022-04-24,IPL,Lucknow Super Giants,Mumbai Indians,"Wankhede Stadium, Mumbai"
1304084,2022-04-25,IPL,Punjab Kings,Chennai Super Kings,"Wankhede Stadium, Mumbai"
1304085,2022-04-26,IPL,Rajasthan Royals,Royal Challengers Bangalore,"Maharashtra Cricket Association Stadium, Pune"
1304086,2022-04-27,IPL,Sunrisers Hyderabad,Gujarat Titans,"Wankhede Stadium, Mumbai"
1304087,2022-04-28,IPL,Kolkata Knight Riders,Delhi Capitals,"Wankhede Stadium, Mumbai"
1304088,2022-04-29,IPL,Lucknow Super Giants,Punjab Kings,"Maharashtra Cricket Association Stadium, Pune"
1304089,2022-04-30,IPL,Royal Challengers Bangalore,Gujarat Titans,"Brabourne Stadium, Mumbai"
1304090,2022-04-30,IPL,Rajasthan Royals,Mumbai Indians,"Dr DY Patil Sports Academy, Mumbai"
1304091,2022-05-01,IPL,Lucknow Super Giants,Delhi Capitals,"Wankhede Stadium, Mumbai"
1304092,2022-05-01,IPL,Chennai Super Kings,Sunrisers Hyderabad,"Maharashtra Cricket Association Stadium, Pune"
1304093,2022-05-02,IPL,Rajasthan Royals,Kolkata Knight Riders,"Wankhede Stadium, Mumbai"
1304094,2022-05-03,IPL,Gujarat Titans,Punjab Kings,"Dr DY Patil Sports Academy, Mumbai"
1304095,2022-05-04,IPL,Royal Challengers Bangalore,Chennai Super Kings,"Maharashtra Cricket Association Stadium, Pune"
1304096,2022-05-05,IPL,Delhi Capitals,Sunrisers Hyderabad,"Brabourne Stadium, Mumbai"
1304097,2022-05-06,IPL,Mumbai Indians,Gujarat Titans,"Brabourne Stadium, Mumbai"
1304098,2022-05-07,IPL,Punjab Kings,Rajasthan Royals,"Wankhede Stadium, Mumbai"
1304099,2022-05-07,IPL,Lucknow Super Giants,Kolkata Knight Riders,"Maharashtra Cricket Association Stadium, Pune"
1304100,2022-05-08,IPL,Royal Challengers Bangalore,Sunrisers Hyderabad,"Wankhede Stadium, Mumbai"
1304101,2022-05-08,IPL,Chennai Super Kings,Delhi Capitals,"Dr DY Patil Sports Academy, Mumbai"
1304102,2022-05-09,IPL,Kolkata Knight Riders,Mumbai Indians,"Dr DY Patil Sports Academy, Mumbai"
1304103,2022-05-10,IPL,Gujarat Titans,Lucknow Super Giants,"Maharashtra Cricket Association Stadium, Pune"
1304104,2022-05-11,IPL,Rajasthan Royals,Delhi Capitals,"Dr DY Patil Sports Academy, Mumbai"
1304105,2022-05-12,IPL,Chennai Super Kings,Mumbai Indians,"Wankhede Stadium, Mumbai"
1304106,2022-05-13,IPL,Punjab Kings,Royal Challengers Bangalore,"Brabourne Stadium, Mumbai"
1304107,2022-05-14,IPL,Kolkata Knight Riders,Sunrisers Hyderabad,"Maharashtra Cricket Association Stadium, Pune"
1304108,2022-05-15,IPL,Chennai Super Kings,Gujarat Titans,"Wankhede Stadium, Mumbai"
1304109,2022-05-15,IPL,Rajasthan Royals,Lucknow Super Giants,"Brabourne Stadium, Mumbai"
1304110,2022-05-16,IPL,Delhi Capitals,Punjab Kings,"Dr DY Patil Sports Academy, Mumbai"
1304111,2022-05-17,IPL,Sunrisers Hyderabad,Mumbai Indians,"Wankhede Stadium, Mumbai"
1304112,2022-05-18,IPL,Lucknow Super Giants,Kolkata Knight Riders,"Dr DY Patil Sports Academy, Mumbai"
1304113,2022-05-19,IPL,Gujarat Titans,Royal Challengers Bangalore,"Wankhede Stadium, Mumbai"
1304114,2022-05-20,IPL,Chennai Super Kings,Rajasthan Royals,"Brabourne Stadium, Mumbai"
1304115,2022-05-21,IPL,Delhi Capitals,Mumbai Indians,"Wankhede Stadium, Mumbai"
1304116,2022-05-22,IPL,Sunrisers Hyderabad,Punjab Kings,"Wankhede Stadium, Mumbai"
1312197,2022-05-24,IPL,Rajasthan Royals,Gujarat Titans,"Eden Gardens, Kolkata"
1312198,2022-05-25,IPL,Royal Challengers Bangalore,Lucknow Super Giants,"Eden Gardens, Kolkata"
1312199,2022-05-27,IPL,Royal Challengers Bangalore,Rajasthan Royals,"Narendra Modi Stadium, Ahmedabad"
1312200,2022-05-29,IPL,Rajasthan Royals,Gujarat Titans,"Narendra Modi Stadium, Ahmedabad"
1359475,2023-03-31,IPL,Chennai Super Kings,Gujarat Titans,"Narendra Modi Stadium, Ahmedabad"
1359476,2023-04-01,IPL,Punjab Kings,Kolkata Knight Riders,"Punjab Cricket Association IS Bindra Stadium, Mohali, Chandigarh"
1359477,2023-04-01,IPL,Lucknow Super Giants,Delhi Capitals,"Bharat Ratna Shri Atal Bihari Vajpayee Ekana Cricket Stadium, Lucknow"
1359478,2023-04-02,IPL,Rajasthan Royals,Sunrisers Hyderabad,"Rajiv Gandhi International Stadium, Uppal, Hyderabad"
1359479,2023-04-02,IPL,Mumbai Indians,Royal Challengers Bangalore,"M Chinnaswamy Stadium, Bengaluru"
1359480,2023-04-03,IPL,Chennai Super Kings,Lucknow Super Giants,"MA Chidambaram Stadium, Chepauk, Chennai"
1359481,2023-04-04,IPL,Delhi Capitals,Gujarat Titans,"Arun Jaitley Stadium, Delhi"
1359482,2023-04-05,IPL,Punjab Kings,Rajasthan Royals,"Barsapara Cricket Stadium, Guwahati"
1359483,2023-04-06,IPL,Kolkata Knight Riders,Royal Challengers Bangalore,"Eden Gardens, Kolkata"
1359484,2023-04-07,IPL,Sunrisers Hyderabad,Lucknow Super Giants,"Bharat Ratna Shri Atal Bihari Vajpayee Ekana Cricket Stadium, Lucknow"
1359485,2023-04-08,IPL,Rajasthan Royals,Delhi Capitals,"Barsapara Cricket Stadium, Guwahati"
1359486,2023-04-08,IPL,Mumbai Indians,Chennai Super Kings,"Wankhede Stadium, Mumbai"
1359487,2023-04-09,IPL,Gujarat Titans,Kolkata Knight Riders,"Narendra Modi Stadium, Ahmedabad"
1359488,2023-04-09,IPL,Punjab Kings,Sunrisers Hyderabad,"Rajiv Gandhi International Stadium, Uppal, Hyderabad"
1359489,2023-04-10,IPL,Royal Challengers Bangalore,Lucknow Super Giants,"M Chinnaswamy Stadium, Bengaluru"
1359490,2023-04-11,IPL,Delhi Capitals,Mumbai Indians,"Arun Jaitley Stadium, Delhi"
1359491,2023-04-12,IPL,Rajasthan Royals,Chennai Super Kings,"MA Chidambaram Stadium, Chepauk, Chennai"
1359492,2023-04-13,IPL,Punjab Kings,Gujarat Titans,"Punjab Cricket Association IS Bindra Stadium, Mohali, Chandigarh"
1359493,2023-04-14,IPL,Sunrisers Hyderabad,Kolkata Knight Riders,"Eden Gardens, Kolkata"
1359494,2023-04-15,IPL,Royal Challengers Bangalore,Delhi Capitals,"M Chinnaswamy Stadium, Bengaluru"
1359495,2023-04-15,IPL,Lucknow Super Giants,Punjab Kings,"Bharat Ratna Shri Atal Bihari Vajpayee Ekana Cricket Stadium, Lucknow"
1359496,2023-04-16,IPL,Kolkata Knight Riders,Mumbai Indians,"Wankhede Stadium, Mumbai"
1359497,2023-04-16,IPL,Gujarat Titans,Rajasthan Royals,"Narendra Modi Stadium, Ahmedabad"
1359498,2023-04-17,IPL,Chennai Super Kings,Royal Challengers Bangalore,"M Chinnaswamy Stadium, Bengaluru"
1359499,2023-04-18,IPL,Mumbai Indians,Sunrisers Hyderabad,"Rajiv Gandhi International Stadium, Uppal, Hyderabad"
1359500,2023-04-19,IPL,Lucknow Super Giants,Rajasthan Royals,"Sawai Mansingh Stadium, Jaipur"
1359501,2023-04-20,IPL,Royal Challengers Bangalore,Punjab Kings,"Punjab Cricket Association IS Bindra Stadium, Mohali, Chandigarh"
1359502,2023-04-20,IPL,Kolkata Knight Riders,Delhi Capitals,"Arun Jaitley Stadium, Delhi"
1359503,2023-04-21,IPL,Sunrisers Hyderabad,Chennai Super Kings,"MA Chidambaram Stadium, Chepauk, Chennai"
1359504,2023-04-22,IPL,Gujarat Titans,Lucknow Super Giants,"Bharat Ratna Shri Atal Bihari Vajpayee Ekana Cricket Stadium, Lucknow"
1359505,2023-04-22,IPL,Punjab Kings,Mumbai Indians,"Wankhede Stadium, Mumbai"
1359506,2023-04-23,IPL,Royal Challengers Bangalore,Rajasthan Royals,"M Chinnaswamy Stadium, Bengaluru"
1359507,2023-04-23,IPL,Chennai Super Kings,Kolkata Knight Riders,"Eden Gardens, Kolkata"
1359508,2023-04-24,IPL,Delhi Capitals,Sunrisers Hyderabad,"Rajiv Gandhi International Stadium, Uppal, Hyderabad"
1359509,2023-04-25,IPL,Gujarat Titans,Mumbai Indians,"Narendra Modi Stadium, Ahmedabad"
1359510,2023-04-26,IPL,Kolkata Knight Riders,Royal Challengers Bangalore,"M Chinnaswamy Stadium, Bengaluru"
1359511,2023-04-27,IPL,Rajasthan Royals,Chennai Super Kings,"Sawai Mansingh Stadium, Jaipur"
1359512,2023-04-28,IPL,Lucknow Super Giants,Punjab Kings,"Punjab Cricket Association IS Bindra Stadium, Mohali, Chandigarh"
1359513,2023-04-29,IPL,Kolkata Knight Riders,Gujarat Titans,"Eden Gardens, Kolkata"
1359514,2023-04-29,IPL,Sunrisers Hyderabad,Delhi Capitals,"Arun Jaitley Stadium, Delhi"
1359515,2023-04-30,IPL,Chennai Super Kings,Punjab Kings,"MA Chidambaram Stadium, Chepauk, Chennai"
1359516,2023-04-30,IPL,Rajasthan Royals,Mumbai Indians,"Wankhede Stadium, Mumbai"
1359517,2023-05-01,IPL,Royal Challengers Bangalore,Lucknow Super Giants,"Bharat Ratna Shri Atal Bihari Vajpayee Ekana Cricket Stadium, Lucknow"
1359518,2023-05-02,IPL,Delhi Capitals,Gujarat Titans,"Narendra Modi Stadium, Ahmedabad"
1359519,2023-05-03,IPL,Lucknow Super Giants,Chennai Super Kings,"Bharat Ratna Shri Atal Bihari Vajpayee Ekana Cricket Stadium, Lucknow"
1359520,2023-05-03,IPL,Punjab Kings,Mumbai Indians,"Punjab Cricket Association IS Bindra Stadium, Mohali, Chandigarh"
1359521,2023-05-04,IPL,Kolkata Knight Riders,Sunrisers Hyderabad,"Rajiv Gandhi International Stadium, Uppal, Hyderabad"
1359522,2023-05-05,IPL,Rajasthan Royals,Gujarat Titans,"Sawai Mansingh Stadium, Jaipur"
1359523,2023-05-06,IPL,Mumbai Indians,Chennai Super Kings,"MA Chidambaram Stadium, Chepauk, Chennai"
1359524,2023-05-06,IPL,Royal Challengers Bangalore,Delhi Capitals,"Arun Jaitley Stadium, Delhi"
1359525,2023-05-07,IPL,Gujarat Titans,Lucknow Super Giants,"Narendra Modi Stadium, Ahmedabad"
1359526,2023-05-07,IPL,Rajasthan Royals,Sunrisers Hyderabad,"Sawai Mansingh Stadium, Jaipur"
1359527,2023-05-08,IPL,Punjab Kings,Kolkata Knight Riders,"Eden Gardens, Kolkata"
1359528,2023-05-09,IPL,Royal Challengers Bangalore,Mumbai Indians,"Wankhede Stadium, Mumbai"
1359529,2023-05-10,IPL,Chennai Super Kings,Delhi Capitals,"MA Chidambaram Stadium, Chepauk, Chennai"
1359530,2023-05-11,IPL,Kolkata Knight Riders,Rajasthan Royals,"Eden Gardens, Kolkata"
1359531,2023-05-12,IPL,Mumbai Indians,Gujarat Titans,"Wankhede Stadium, Mumbai"
1359532,2023-05-13,IPL,Sunrisers Hyderabad,Lucknow Super Giants,"Rajiv Gandhi International Stadium, Uppal, Hyderabad"
1359533,2023-05-13,IPL,Punjab Kings,Delhi Capitals,"Arun Jaitley Stadium, Delhi"
1359534,2023-05-14,IPL,Royal Challengers Bangalore,Rajasthan Royals,"Sawai Mansingh Stadium, Jaipur"
1359535,2023-05-14,IPL,Chennai Super Kings,Kolkata Knight Riders,"MA Chidambaram Stadium, Chepauk, Chennai"
1359536,2023-05-15,IPL,Gujarat Titans,Sunrisers Hyderabad,"Narendra Modi Stadium, Ahmedabad"
1359537,2023-05-16,IPL,Lucknow Super Giants,Mumbai Indians,"Bharat Ratna Shri Atal Bihari Vajpayee Ekana Cricket Stadium, Lucknow"
1359538,2023-05-17,IPL,Delhi Capitals,Punjab Kings,"Himachal Pradesh Cricket Association Stadium, Dharamsala"
1359539,2023-05-18,IPL,Sunrisers Hyderabad,Royal Challengers Bangalore,"Rajiv Gandhi International Stadium, Uppal, Hyderabad"
1359540,2023-05-19,IPL,Punjab Kings,Rajasthan Royals,"Himachal Pradesh Cricket Association Stadium, Dharamsala"
1359541,2023-05-20,IPL,Chennai Super Kings,Delhi Capitals,"Arun Jaitley Stadium, Delhi"
1359542,2023-05-20,IPL,Lucknow Super Giants,Kolkata Knight Riders,"Eden Gardens, Kolkata"
1359543,2023-05-21,IPL,Sunrisers Hyderabad,Mumbai Indians,"Wankhede Stadium, Mumbai"
1359544,2023-05-21,IPL,Royal Challengers Bangalore,Gujarat Titans,"M Chinnaswamy Stadium, Bengaluru"
1370350,2023-05-23,IPL,Chennai Super Kings,Gujarat Titans,"MA Chidambaram Stadium, Chepauk, Chennai"
1370351,2023-05-24,IPL,Mumbai Indians,Lucknow Super Giants,"MA Chidambaram Stadium, Chepauk, Chennai"
1370352,2023-05-26,IPL,Gujarat Titans,Mumbai Indians,"Narendra Modi Stadium, Ahmedabad"
1370353,2023-05-29,IPL,Gujarat Titans,Chennai Super Kings,"Narendra Modi Stadium, Ahmedabad"
1422119,2024-03-22,IPL,Royal Challengers Bengaluru,Chennai Super Kings,"MA Chidambaram Stadium, Chepauk, Chennai"
1422120,2024-03-23,IPL,Delhi Capitals,Punjab Kings,"Maharaja Yadavindra Singh International Cricket Stadium, Mullanpur"
1422121,2024-03-23,IPL,Kolkata Knight Riders,Sunrisers Hyderabad,"Eden Gardens, Kolkata"
1422122,2024-03-24,IPL,Rajasthan Royals,Lucknow Super Giants,"Sawai Mansingh Stadium, Jaipur"
1422123,2024-03-24,IPL,Gujarat Titans,Mumbai Indians,"Narendra Modi Stadium, Ahmedabad"
1422124,2024-03-25,IPL,Punjab Kings,Royal Challengers Bengaluru,"M Chinnaswamy Stadium, Bengaluru"
1422125,2024-03-26,IPL,Chennai Super Kings,Gujarat Titans,"MA Chidambaram Stadium, Chepauk, Chennai"
1422126,2024-03-27,IPL,Sunrisers Hyderabad,Mumbai Indians,"Rajiv Gandhi International Stadium, Uppal, Hyderabad"
1422127,2024-03-28,IPL,Rajasthan Royals,Delhi Capitals,"Sawai Mansingh Stadium, Jaipur"
1422128,2024-03-29,IPL,Royal Challengers Bengaluru,Kolkata Knight Riders,"M Chinnaswamy Stadium, Bengaluru"
1422129,2024-03-30,IPL,Lucknow Super Giants,Punjab Kings,"Bharat Ratna Shri Atal Bihari Vajpayee Ekana Cricket Stadium, Lucknow"
1422130,2024-03-31,IPL,Sunrisers Hyderabad,Gujarat Titans,"Narendra Modi Stadium, Ahmedabad"
1422131,2024-03-31,IPL,Delhi Capitals,Chennai Super Kings,"Dr. Y.S. Rajasekhara Reddy ACA-VDCA Cricket Stadium, Visakhapatnam"
1422132,2024-04-01,IPL,Mumbai Indians,Rajasthan Royals,"Wankhede Stadium, Mumbai"
1422133,2024-04-02,IPL,Lucknow Super Giants,Royal Challengers Bengaluru,"M Chinnaswamy Stadium, Bengaluru"
1422134,2024-04-03,IPL,Kolkata Knight Riders,Delhi Capitals,"Dr. Y.S. Rajasekhara Reddy ACA-VDCA Cricket Stadium, Visakhapatnam"
1422135,2024-04-04,IPL,Gujarat Titans,Punjab Kings,"Narendra Modi Stadium, Ahmedabad"
1422136,2024-04-05,IPL,Chennai Super Kings,Sunrisers Hyderabad,"Rajiv Gandhi International Stadium, Uppal, Hyderabad"
1422137,2024-04-06,IPL,Royal Challengers Bengaluru,Rajasthan Royals,"Sawai Mansingh Stadium, Jaipur"
1422138,2024-04-07,IPL,Mumbai Indians,Delhi Capitals,"Wankhede Stadium, Mumbai"
1422139,2024-04-07,IPL,Lucknow Super Giants,Gujarat Titans,"Bharat Ratna Shri Atal Bihari Vajpayee Ekana Cricket Stadium, Lucknow"
1426260,2024-04-08,IPL,Kolkata Knight Riders,Chennai Super Kings,"MA Chidambaram Stadium, Chepauk, Chennai"
1426261,2024-04-09,IPL,Sunrisers Hyderabad,Punjab Kings,"Maharaja Yadavindra Singh International Cricket Stadium, Mullanpur"
1426262,2024-04-10,IPL,Rajasthan Royals,Gujarat Titans,"Sawai Mansingh Stadium, Jaipur"
1426263,2024-04-11,IPL,Royal Challengers Bengaluru,Mumbai Indians,"Wankhede Stadium, Mumbai"
1426264,2024-04-12,IPL,Lucknow Super Giants,Delhi Capitals,"Bharat Ratna Shri Atal Bihari Vajpayee Ekana Cricket Stadium, Lucknow"
1426265,2024-04-13,IPL,Punjab Kings,Rajasthan Royals,"Maharaja Yadavindra Singh International Cricket Stadium, Mullanpur"
1426266,2024-04-14,IPL,Lucknow Super Giants,Kolkata Knight Riders,"Eden Gardens, Kolkata"
1426267,2024-04-14,IPL,Chennai Super Kings,Mumbai Indians,"Wankhede Stadium, Mumbai"
1426268,2024-04-15,IPL,Sunrisers Hyderabad,Royal Challengers Bengaluru,"M Chinnaswamy Stadium, Bengaluru"
1426269,2024-04-16,IPL,Kolkata Knight Riders,Rajasthan Royals,"Eden Gardens, Kolkata"
1426270,2024-04-17,IPL,Gujarat Titans,Delhi Capitals,"Narendra Modi Stadium, Ahmedabad"
1426271,2024-04-18,IPL,Mumbai Indians,Punjab Kings,"Maharaja Yadavindra Singh International Cricket Stadium, Mullanpur"
1426272,2024-04-19,IPL,Chennai Super Kings,Lucknow Super Giants,"Bharat Ratna Shri Atal Bihari Vajpayee Ekana Cricket Stadium, Lucknow"
1426273,2024-04-20,IPL,Sunrisers Hyderabad,Delhi Capitals,"Arun Jaitley Stadium, Delhi"
1426274,2024-04-21,IPL,Kolkata Knight Riders,Royal Challengers Bengaluru,"Eden Gardens, Kolkata"
1426275,2024-04-21,IPL,Punjab Kings,Gujarat Titans,"Maharaja Yadavindra Singh International Cricket Stadium, Mullanpur"
1426276,2024-04-22,IPL,Mumbai Indians,Rajasthan Royals,"Sawai Mansingh Stadium, Jaipur"
1426277,2024-04-23,IPL,Chennai Super Kings,Lucknow Super Giants,"MA Chidambaram Stadium, Chepauk, Chennai"
1426278,2024-04-24,IPL,Delhi Capitals,Gujarat Titans,"Arun Jaitley Stadium, Delhi"
1426279,2024-04-25,IPL,Royal Challengers Bengaluru,Sunrisers Hyderabad,"Rajiv Gandhi International Stadium, Uppal, Hyderabad"
1426280,2024-04-26,IPL,Kolkata Knight Riders,Punjab Kings,"Eden Gardens, Kolkata"
1426281,2024-04-27,IPL,Delhi Capitals,Mumbai Indians,"Arun Jaitley Stadium, Delhi"
1426282,2024-04-27,IPL,Lucknow Super Giants,Rajasthan Royals,"Bharat Ratna Shri Atal Bihari Vajpayee Ekana Cricket Stadium, Lucknow"
1426283,2024-04-28,IPL,Gujarat Titans,Royal Challengers Bengaluru,"Narendra Modi Stadium, Ahmedabad"
1426284,2024-04-28,IPL,Chennai Super Kings,Sunrisers Hyderabad,"MA Chidambaram Stadium, Chepauk, Chennai"
1426285,2024-04-29,IPL,Delhi Capitals,Kolkata Knight Riders,"Eden Gardens, Kolkata"
1426286,2024-04-30,IPL,Mumbai Indians,Lucknow Super Giants,"Bharat Ratna Shri Atal Bihari Vajpayee Ekana Cricket Stadium, Lucknow"
1426287,2024-05-01,IPL,Chennai Super Kings,Punjab Kings,"MA Chidambaram Stadium, Chepauk, Chennai"
1426288,2024-05-02,IPL,Sunrisers Hyderabad,Rajasthan Royals,"Rajiv Gandhi International Stadium, Uppal, Hyderabad"
1426289,2024-05-03,IPL,Kolkata Knight Riders,Mumbai Indians,"Wankhede Stadium, Mumbai"
1426290,2024-05-04,IPL,Gujarat Titans,Royal Challengers Bengaluru,"M Chinnaswamy Stadium, Bengaluru"
1426291,2024-05-05,IPL,Chennai Super Kings,Punjab Kings,"Himachal Pradesh Cricket Association Stadium, Dharamsala"
1426292,2024-05-05,IPL,Kolkata Knight Riders,Lucknow Super Giants,"Bharat Ratna Shri Atal Bihari Vajpayee Ekana Cricket Stadium, Lucknow"
1426293,2024-05-06,IPL,Sunrisers Hyderabad,Mumbai Indians,"Wankhede Stadium, Mumbai"
1426294,2024-05-07,IPL,Delhi Capitals,Rajasthan Royals,"Arun Jaitley Stadium, Delhi"
1426295,2024-05-08,IPL,Lucknow Super Giants,Sunrisers Hyderabad,"Rajiv Gandhi International Stadium, Uppal, Hyderabad"
1426296,2024-05-09,IPL,Royal Challengers Bengaluru,Punjab Kings,"Himachal Pradesh Cricket Association Stadium, Dharamsala"
1426297,2024-05-10,IPL,Gujarat Titans,Chennai Super Kings,"Narendra Modi Stadium, Ahmedabad"
1426298,2024-05-11,IPL,Kolkata Knight Riders,Mumbai Indians,"Eden Gardens, Kolkata"
1426299,2024-05-12,IPL,Rajasthan Royals,Chennai Super Kings,"MA Chidambaram Stadium, Chepauk, Chennai"
1426300,2024-05-12,IPL,Royal Challengers Bengaluru,Delhi Capitals,"M Chinnaswamy Stadium, Bengaluru"
1426302,2024-05-14,IPL,Delhi Capitals,Lucknow Super Giants,"Arun Jaitley Stadium, Delhi"
1426303,2024-05-15,IPL,Rajasthan Royals,Punjab Kings,"Barsapara Cricket Stadium, Guwahati"
1426305,2024-05-17,IPL,Lucknow Super Giants,Mumbai Indians,"Wankhede Stadium, Mumbai"
1426306,2024-05-18,IPL,Royal Challengers Bengaluru,Chennai Super Kings,"M Chinnaswamy Stadium, Bengaluru"
1426307,2024-05-19,IPL,Punjab Kings,Sunrisers Hyderabad,"Rajiv Gandhi International Stadium, Uppal, Hyderabad"
1426309,2024-05-21,IPL,Sunrisers Hyderabad,Kolkata Knight Riders,"Narendra Modi Stadium, Ahmedabad"
1426310,2024-05-22,IPL,Royal Challengers Bengaluru,Rajasthan Royals,"Narendra Modi Stadium, Ahmedabad"
1426311,2024-05-24,IPL,Sunrisers Hyderabad,Rajasthan Royals,"MA Chidambaram Stadium, Chepauk, Chennai"
1426312,2024-05-26,IPL,Sunrisers Hyderabad,Kolkata Knight Riders,"MA Chidambaram Stadium, Chepauk, Chennai"
1473438,2025-03-22,IPL,Kolkata Knight Riders,Royal Challengers Bengaluru,"Eden Gardens, Kolkata"
1473439,2025-03-23,IPL,Sunrisers Hyderabad,Rajasthan Royals,"Rajiv Gandhi International Stadium, Uppal, Hyderabad"
1473440,2025-03-23,IPL,Mumbai Indians,Chennai Super Kings,"MA Chidambaram Stadium, Chepauk, Chennai"
1473441,2025-03-24,IPL,Lucknow Super Giants,Delhi Capitals,"Dr. Y.S. Rajasekhara Reddy ACA-VDCA Cricket Stadium, Visakhapatnam"
1473442,2025-03-25,IPL,Punjab Kings,Gujarat Titans,"Narendra Modi Stadium, Ahmedabad"
1473443,2025-03-26,IPL,Rajasthan Royals,Kolkata Knight Riders,"Barsapara Cricket Stadium, Guwahati"
1473444,2025-03-27,IPL,Sunrisers Hyderabad,Lucknow Super Giants,"Rajiv Gandhi International Stadium, Uppal, Hyderabad"
1473445,2025-03-28,IPL,Royal Challengers Bengaluru,Chennai Super Kings,"MA Chidambaram Stadium, Chepauk, Chennai"
1473446,2025-03-29,IPL,Gujarat Titans,Mumbai Indians,"Narendra Modi Stadium, Ahmedabad"
1473447,2025-03-30,IPL,Sunrisers Hyderabad,Delhi Capitals,"Dr. Y.S. Rajasekhara Reddy ACA-VDCA Cricket Stadium, Visakhapatnam"
1473448,2025-03-30,IPL,Rajasthan Royals,Chennai Super Kings,"Barsapara Cricket Stadium, Guwahati"
1473449,2025-03-31,IPL,Kolkata Knight Riders,Mumbai Indians,"Wankhede Stadium, Mumbai"
1473450,2025-04-01,IPL,Lucknow Super Giants,Punjab Kings,"Bharat Ratna Shri Atal Bihari Vajpayee Ekana Cricket Stadium, Lucknow"
1473451,2025-04-02,IPL,Royal Challengers Bengaluru,Gujarat Titans,"M Chinnaswamy Stadium, Bengaluru"
1473452,2025-04-03,IPL,Kolkata Knight Riders,Sunrisers Hyderabad,"Eden Gardens, Kolkata"
1473453,2025-04-04,IPL,Lucknow Super Giants,Mumbai Indians,"Bharat Ratna Shri Atal Bihari Vajpayee Ekana Cricket Stadium, Lucknow"
1473454,2025-04-05,IPL,Delhi Capitals,Chennai Super Kings,"MA Chidambaram Stadium, Chepauk, Chennai"
1473455,2025-04-05,IPL,Rajasthan Royals,Punjab Kings,"Maharaja Yadavindra Singh International Cricket Stadium, Mullanpur"
1473457,2025-04-06,IPL,Sunrisers Hyderabad,Gujarat Titans,"Rajiv Gandhi International Stadium, Uppal, Hyderabad"
1473458,2025-04-07,IPL,Royal Challengers Bengaluru,Mumbai Indians,"Wankhede Stadium, Mumbai"
1473456,2025-04-08,IPL,Lucknow Super Giants,Kolkata Knight Riders,"Eden Gardens, Kolkata"
1473459,2025-04-08,IPL,Punjab Kings,Chennai Super Kings,"Maharaja Yadavindra Singh International Cricket Stadium, Mullanpur"
1473460,2025-04-09,IPL,Gujarat Titans,Rajasthan Royals,"Narendra Modi Stadium, Ahmedabad"
1473461,2025-04-10,IPL,Royal Challengers Bengaluru,Delhi Capitals,"M Chinnaswamy Stadium, Bengaluru"
1473462,2025-04-11,IPL,Chennai Super Kings,Kolkata Knight Riders,"MA Chidambaram Stadium, Chepauk, Chennai"
1473463,2025-04-12,IPL,Gujarat Titans,Lucknow Super Giants,"Bharat Ratna Shri Atal Bihari Vajpayee Ekana Cricket Stadium, Lucknow"
1473464,2025-04-12,IPL,Punjab Kings,Sunrisers Hyderabad,"Rajiv Gandhi International Stadium, Uppal, Hyderabad"
1473465,2025-04-13,IPL,Rajasthan Royals,Royal Challengers Bengaluru,"Sawai Mansingh Stadium, Jaipur"
1473466,2025-04-13,IPL,Mumbai Indians,Delhi Capitals,"Arun Jaitley Stadium, Delhi"
1473467,2025-04-14,IPL,Lucknow Super Giants,Chennai Super Kings,"Bharat Ratna Shri Atal Bihari Vajpayee Ekana Cricket Stadium, Lucknow"
1473468,2025-04-15,IPL,Punjab Kings,Kolkata Knight Riders,"Maharaja Yadavindra Singh International Cricket Stadium, Mullanpur"
1473469,2025-04-16,IPL,Delhi Capitals,Rajasthan Royals,"Arun Jaitley Stadium, Delhi"
1473470,2025-04-17,IPL,Sunrisers Hyderabad,Mumbai Indians,"Wankhede Stadium, Mumbai"
1473471,2025-04-18,IPL,Royal Challengers Bengaluru,Punjab Kings,"M Chinnaswamy Stadium, Bengaluru"
1473472,2025-04-19,IPL,Delhi Capitals,Gujarat Titans,"Narendra Modi Stadium, Ahmedabad"
1473473,2025-04-19,IPL,Lucknow Super Giants,Rajasthan Royals,"Sawai Mansingh Stadium, Jaipur"
1473474,2025-04-20,IPL,Punjab Kings,Royal Challengers Bengaluru,"Maharaja Yadavindra Singh International Cricket Stadium, Mullanpur"
1473475,2025-04-20,IPL,Chennai Super Kings,Mumbai Indians,"Wankhede Stadium, Mumbai"
1473476,2025-04-21,IPL,Gujarat Titans,Kolkata Knight Riders,"Eden Gardens, Kolkata"
1473477,2025-04-22,IPL,Lucknow Super Giants,Delhi Capitals,"Bharat Ratna Shri Atal Bihari Vajpayee Ekana Cricket Stadium, Lucknow"
1473478,2025-04-23,IPL,Sunrisers Hyderabad,Mumbai Indians,"Rajiv Gandhi International Stadium, Uppal, Hyderabad"
1473479,2025-04-24,IPL,Royal Challengers Bengaluru,Rajasthan Royals,"M Chinnaswamy Stadium, Bengaluru"
1473480,2025-04-25,IPL,Chennai Super Kings,Sunrisers Hyderabad,"MA Chidambaram Stadium, Chepauk, Chennai"
1473481,2025-04-26,IPL,Punjab Kings,Kolkata Knight Riders,"Eden Gardens, Kolkata"
1473482,2025-04-27,IPL,Mumbai Indians,Lucknow Super Giants,"Wankhede Stadium, Mumbai"
1473483,2025-04-27,IPL,Delhi Capitals,Royal Challengers Bengaluru,"Arun Jaitley Stadium, Delhi"
1473484,2025-04-28,IPL,Gujarat Titans,Rajasthan Royals,"Sawai Mansingh Stadium, Jaipur"
1473485,2025-04-29,IPL,Kolkata Knight Riders,Delhi Capitals,"Arun Jaitley Stadium, Delhi"
1473486,2025-04-30,IPL,Chennai Super Kings,Punjab Kings,"MA Chidambaram Stadium, Chepauk, Chennai"
1473487,2025-05-01,IPL,Mumbai Indians,Rajasthan Royals,"Sawai Mansingh Stadium, Jaipur"
1473488,2025-05-02,IPL,Gujarat Titans,Sunrisers Hyderabad,"Narendra Modi Stadium, Ahmedabad"
1473489,2025-05-03,IPL,Royal Challengers Bengaluru,Chennai Super Kings,"M Chinnaswamy Stadium, Bengaluru"
1473490,2025-05-04,IPL,Kolkata Knight Riders,Rajasthan Royals,"Eden Gardens, Kolkata"
1473491,2025-05-04,IPL,Punjab Kings,Lucknow Super Giants,"Himachal Pradesh Cricket Association Stadium, Dharamsala"
1473492,2025-05-05,IPL,Delhi Capitals,Sunrisers Hyderabad,"Rajiv Gandhi International Stadium, Uppal, Hyderabad"
1473493,2025-05-06,IPL,Mumbai Indians,Gujarat Titans,"Wankhede Stadium, Mumbai"
1473494,2025-05-07,IPL,Kolkata Knight Riders,Chennai Super Kings,"Eden Gardens, Kolkata"
1473495,2025-05-08,IPL,Punjab Kings,Delhi Capitals,"Himachal Pradesh Cricket Association Stadium, Dharamsala"
1473497,2025-05-18,IPL,Punjab Kings,Rajasthan Royals,"Sawai Mansingh Stadium, Jaipur"
1473498,2025-05-18,IPL,Delhi Capitals,Gujarat Titans,"Arun Jaitley Stadium, Delhi"
1473499,2025-05-19,IPL,Lucknow Super Giants,Sunrisers Hyderabad,"Bharat Ratna Shri Atal Bihari Vajpayee Ekana Cricket Stadium, Lucknow"
1473500,2025-05-20,IPL,Chennai Super Kings,Rajasthan Royals,"Arun Jaitley Stadium, Delhi"
1473501,2025-05-21,IPL,Mumbai Indians,Delhi Capitals,"Wankhede Stadium, Mumbai"
1473502,2025-05-22,IPL,Lucknow Super Giants,Gujarat Titans,"Narendra Modi Stadium, Ahmedabad"
1473503,2025-05-23,IPL,Sunrisers Hyderabad,Royal Challengers Bengaluru,"Bharat Ratna Shri Atal Bihari Vajpayee Ekana Cricket Stadium, Lucknow"
1485779,2025-05-24,IPL,Punjab Kings,Delhi Capitals,"Sawai Mansingh Stadium, Jaipur"
1473504,2025-05-25,IPL,Chennai Super Kings,Gujarat Titans,"Narendra Modi Stadium, Ahmedabad"
1473505,2025-05-25,IPL,Sunrisers Hyderabad,Kolkata Knight Riders,"Arun Jaitley Stadium, Delhi"
1473506,2025-05-26,IPL,Mumbai Indians,Punjab Kings,"Sawai Mansingh Stadium, Jaipur"
1473507,2025-05-27,IPL,Lucknow Super Giants,Royal Challengers Bengaluru,"Bharat Ratna Shri Atal Bihari Vajpayee Ekana Cricket Stadium, Lucknow"
1473508,2025-05-29,IPL,Punjab Kings,Royal Challengers Bengaluru,"Maharaja Yadavindra Singh International Cricket Stadium, Mullanpur"
1473509,2025-05-30,IPL,Mumbai Indians,Gujarat Titans,"Maharaja Yadavindra Singh International Cricket Stadium, New Chandigarh"
1473510,2025-06-01,IPL,Mumbai Indians,Punjab Kings,"Narendra Modi Stadium, Ahmedabad"
1473511,2025-06-03,IPL,Royal Challengers Bengaluru,Punjab Kings,"Narendra Modi Stadium, Ahmedabad"
1527674,2026-03-28,IPL,Sunrisers Hyderabad,Royal Challengers Bengaluru,"M Chinnaswamy Stadium, Bengaluru"
1527675,2026-03-29,IPL,Kolkata Knight Riders,Mumbai Indians,"Wankhede Stadium, Mumbai"
1527676,2026-03-30,IPL,Chennai Super Kings,Rajasthan Royals,"Barsapara Cricket Stadium, Guwahati"
1527677,2026-03-31,IPL,Gujarat Titans,Punjab Kings,"Maharaja Yadavindra Singh International Cricket Stadium, New Chandigarh"
1527678,2026-04-01,IPL,Lucknow Super Giants,Delhi Capitals,"Bharat Ratna Shri Atal Bihari Vajpayee Ekana Cricket Stadium, Lucknow"
1527679,2026-04-02,IPL,Sunrisers Hyderabad,Kolkata Knight Riders,"Eden Gardens, Kolkata"
1527680,2026-04-03,IPL,Chennai Super Kings,Punjab Kings,"MA Chidambaram Stadium, Chepauk, Chennai"
1527681,2026-04-04,IPL,Mumbai Indians,Delhi Capitals,"Arun Jaitley Stadium, Delhi"
1527682,2026-04-04,IPL,Rajasthan Royals,Gujarat Titans,"Narendra Modi Stadium, Ahmedabad"
1527683,2026-04-05,IPL,Sunrisers Hyderabad,Lucknow Super Giants,"Rajiv Gandhi International Stadium, Uppal, Hyderabad"
1527684,2026-04-05,IPL,Royal Challengers Bengaluru,Chennai Super Kings,"M Chinnaswamy Stadium, Bengaluru"
1527685,2026-04-06,IPL,Kolkata Knight Riders,Punjab Kings,"Eden Gardens, Kolkata"
1527686,2026-04-07,IPL,Rajasthan Royals,Mumbai Indians,"Barsapara Cricket Stadium, Guwahati"
1527687,2026-04-08,IPL,Gujarat Titans,Delhi Capitals,"Arun Jaitley Stadium, Delhi"
1527688,2026-04-09,IPL,Kolkata Knight Riders,Lucknow Super Giants,"Eden Gardens, Kolkata"
1527689,2026-04-10,IPL,Royal Challengers Bengaluru,Rajasthan Royals,"Barsapara Cricket Stadium, Guwahati"
1527690,2026-04-11,IPL,Sunrisers Hyderabad,Punjab Kings,"Maharaja Yadavindra Singh International Cricket Stadium, New Chandigarh"
1527691,2026-04-11,IPL,Chennai Super Kings,Delhi Capitals,"MA Chidambaram Stadium, Chepauk, Chennai"
1527692,2026-04-12,IPL,Lucknow Super Giants,Gujarat Titans,"Bharat Ratna Shri Atal Bihari Vajpayee Ekana Cricket Stadium, Lucknow"
1527693,2026-04-12,IPL,Royal Challengers Bengaluru,Mumbai Indians,"Wankhede Stadium, Mumbai"
1529264,2026-04-13,IPL,Sunrisers Hyderabad,Rajasthan Royals,"Rajiv Gandhi International Stadium, Uppal, Hyderabad"
1529265,2026-04-14,IPL,Chennai Super Kings,Kolkata Knight Riders,"MA Chidambaram Stadium, Chepauk, Chennai"
1529266,2026-04-15,IPL,Lucknow Super Giants,Royal Challengers Bengaluru,"M Chinnaswamy Stadium, Bengaluru"
1529267,2026-04-16,IPL,Mumbai Indians,Punjab Kings,"Wankhede Stadium, Mumbai"
1529268,2026-04-17,IPL,Kolkata Knight Riders,Gujarat Titans,"Narendra Modi Stadium, Ahmedabad"
1529269,2026-04-18,IPL,Royal Challengers Bengaluru,Delhi Capitals,"M Chinnaswamy Stadium, Bengaluru"
1529270,2026-04-18,IPL,Sunrisers Hyderabad,Chennai Super Kings,"Rajiv Gandhi International Stadium, Uppal, Hyderabad"
1529271,2026-04-19,IPL,Rajasthan Royals,Kolkata Knight Riders,"Eden Gardens, Kolkata"
1529272,2026-04-19,IPL,Punjab Kings,Lucknow Super Giants,"Maharaja Yadavindra Singh International Cricket Stadium, New Chandigarh"
1529273,2026-04-20,IPL,Mumbai Indians,Gujarat Titans,"Narendra Modi Stadium, Ahmedabad"
1529274,2026-04-21,IPL,Sunrisers Hyderabad,Delhi Capitals,"Rajiv Gandhi International Stadium, Uppal, Hyderabad"
1529275,2026-04-22,IPL,Rajasthan Royals,Lucknow Super Giants,"Bharat Ratna Shri Atal Bihari Vajpayee Ekana Cricket Stadium, Lucknow"
1529276,2026-04-23,IPL,Chennai Super Kings,Mumbai Indians,"Wankhede Stadium, Mumbai"
1529277,2026-04-24,IPL,Gujarat Titans,Royal Challengers Bengaluru,"M Chinnaswamy Stadium, Bengaluru"
1529278,2026-04-25,IPL,Delhi Capitals,Punjab Kings,"Arun Jaitley Stadium, Delhi"
1529279,2026-04-25,IPL,Rajasthan Royals,Sunrisers Hyderabad,"Sawai Mansingh Stadium, Jaipur"
1529280,2026-04-26,IPL,Chennai Super Kings,Gujarat Titans,"MA Chidambaram Stadium, Chepauk, Chennai"
1529281,2026-04-26,IPL,Kolkata Knight Riders,Lucknow Super Giants,"Bharat Ratna Shri Atal Bihari Vajpayee Ekana Cricket Stadium, Lucknow"
1529282,2026-04-27,IPL,Delhi Capitals,Royal Challengers Bengaluru,"Arun Jaitley Stadium, Delhi"
1529283,2026-04-28,IPL,Punjab Kings,Rajasthan Royals,"Maharaja Yadavindra Singh International Cricket Stadium, New Chandigarh"
1529284,2026-04-29,IPL,Mumbai Indians,Sunrisers Hyderabad,"Wankhede Stadium, Mumbai"
1529285,2026-04-30,IPL,Royal Challengers Bengaluru,Gujarat Titans,"Narendra Modi Stadium, Ahmedabad"
1529286,2026-05-01,IPL,Rajasthan Royals,Delhi Capitals,"Sawai Mansingh Stadium, Jaipur"
1529287,2026-05-02,IPL,Mumbai Indians,Chennai Super Kings,"MA Chidambaram Stadium, Chepauk, Chennai"
1529288,2026-05-03,IPL,Sunrisers Hyderabad,Kolkata Knight Riders,"Rajiv Gandhi International Stadium, Uppal, Hyderabad"
1529289,2026-05-03,IPL,Punjab Kings,Gujarat Titans,"Narendra Modi Stadium, Ahmedabad"
1529290,2026-05-04,IPL,Lucknow Super Giants,Mumbai Indians,"Wankhede Stadium, Mumbai"
1529291,2026-05-05,IPL,Delhi Capitals,Chennai Super Kings,"Arun Jaitley Stadium, Delhi"
1529292,2026-05-06,IPL,Sunrisers Hyderabad,Punjab Kings,"Rajiv Gandhi International Stadium, Uppal, Hyderabad"
1529293,2026-05-07,IPL,Lucknow Super Giants,Royal Challengers Bengaluru,"Bharat Ratna Shri Atal Bihari Vajpayee Ekana Cricket Stadium, Lucknow"
1529294,2026-05-08,IPL,Delhi Capitals,Kolkata Knight Riders,"Arun Jaitley Stadium, Delhi"
1529295,2026-05-09,IPL,Gujarat Titans,Rajasthan Royals,"Sawai Mansingh Stadium, Jaipur"
1529296,2026-05-10,IPL,Lucknow Super Giants,Chennai Super Kings,"MA Chidambaram Stadium, Chepauk, Chennai"
1529297,2026-05-10,IPL,Mumbai Indians,Royal Challengers Bengaluru,"Shaheed Veer Narayan Singh International Stadium, Raipur"
1529298,2026-05-11,IPL,Punjab Kings,Delhi Capitals,"Himachal Pradesh Cricket Association Stadium, Dharamsala"
1529299,2026-05-12,IPL,Gujarat Titans,Sunrisers Hyderabad,"Narendra Modi Stadium, Ahmedabad"
1529300,2026-05-13,IPL,Kolkata Knight Riders,Royal Challengers Bengaluru,"Shaheed Veer Narayan Singh International Stadium, Raipur"
1529301,2026-05-14,IPL,Punjab Kings,Mumbai Indians,"Himachal Pradesh Cricket Association Stadium, Dharamsala"
1529302,2026-05-15,IPL,Chennai Super Kings,Lucknow Super Giants,"Bharat Ratna Shri Atal Bihari Vajpayee Ekana Cricket Stadium, Lucknow"
1529303,2026-05-16,IPL,Kolkata Knight Riders,Gujarat Titans,"Eden Gardens, Kolkata"
1529304,2026-05-17,IPL,Royal Challengers Bengaluru,Punjab Kings,"Himachal Pradesh Cricket Association Stadium, Dharamsala"
1529305,2026-05-17,IPL,Rajasthan Royals,Delhi Capitals,"Arun Jaitley Stadium, Delhi"
1529306,2026-05-18,IPL,Chennai Super Kings,Sunrisers Hyderabad,"MA Chidambaram Stadium, Chepauk, Chennai"
1529307,2026-05-19,IPL,Lucknow Super Giants,Rajasthan Royals,"Sawai Mansingh Stadium, Jaipur"
1529308,2026-05-20,IPL,Mumbai Indians,Kolkata Knight Riders,"Eden Gardens, Kolkata"
1529309,2026-05-21,IPL,Gujarat Titans,Chennai Super Kings,"Narendra Modi Stadium, Ahmedabad"
1529310,2026-05-22,IPL,Sunrisers Hyderabad,Royal Challengers Bengaluru,"Rajiv Gandhi International Stadium, Uppal, Hyderabad"
1529311,2026-05-23,IPL,Lucknow Super Giants,Punjab Kings,"Bharat Ratna Shri Atal Bihari Vajpayee Ekana Cricket Stadium, Lucknow"
1529312,2026-05-24,IPL,Rajasthan Royals,Mumbai Indians,"Wankhede Stadium, Mumbai"
1529313,2026-05-24,IPL,Delhi Capitals,Kolkata Knight Riders,"Eden Gardens, Kolkata"
1535462,2026-05-26,IPL,Royal Challengers Bengaluru,Gujarat Titans,"Himachal Pradesh Cricket Association Stadium, Dharamsala"
1535463,2026-05-27,IPL,Rajasthan Royals,Sunrisers Hyderabad,"Maharaja Yadavindra Singh International Cricket Stadium, New Chandigarh"
1535464,2026-05-29,IPL,Rajasthan Royals,Gujarat Titans,"Maharaja Yadavindra Singh International Cricket Stadium, New Chandigarh"
1535465,2026-05-31,IPL,Gujarat Titans,Royal Challengers Bengaluru,"Narendra Modi Stadium, Ahmedabad"
66283,2002-06-27,ODI,England,Sri Lanka,"Trent Bridge, Nottingham"
66284,2002-06-29,ODI,England,India,"Lord's, London"
64814,2002-12-29,ODI,New Zealand,India,"McLean Park, Napier"
64815,2003-01-01,ODI,India,New Zealand,"Jade Stadium, Christchurch"
64816,2003-01-04,ODI,India,New Zealand,"Davies Park, Queenstown"
64817,2003-01-08,ODI,New Zealand,India,"Westpac Stadium, Wellington"
65634,2003-01-09,ODI,Sri Lanka,Australia,Sydney Cricket Ground
65635,2003-01-11,ODI,Australia,England,"Bellerive Oval, Hobart"
65636,2003-01-13,ODI,Sri Lanka,England,Sydney Cricket Ground
64819,2003-01-14,ODI,India,New Zealand,"Westpac Park, Hamilton"
65637,2003-01-15,ODI,Sri Lanka,Australia,"Brisbane Cricket Ground, Woolloongabba, Brisbane"
65638,2003-01-17,ODI,England,Sri Lanka,Adelaide Oval
65639,2003-01-19,ODI,England,Australia,Adelaide Oval
65640,2003-01-21,ODI,Sri Lanka,Australia,Melbourne Cricket Ground
65641,2003-01-23,ODI,England,Australia,Sydney Cricket Ground
65642,2003-01-25,ODI,Australia,England,Melbourne Cricket Ground
65235,2003-02-09,ODI,West Indies,South Africa,"Newlands, Cape Town"
65236,2003-02-10,ODI,Zimbabwe,Namibia,Harare Sports Club
65237,2003-02-10,ODI,Sri Lanka,New Zealand,"Goodyear Park, Bloemfontein"
65238,2003-02-11,ODI,Australia,Pakistan,"New Wanderers Stadium, Johannesburg"
65239,2003-02-11,ODI,Canada,Bangladesh,"Kingsmead, Durban"
65240,2003-02-12,ODI,Kenya,South Africa,"North West Cricket Stadium, Potchefstroom"
65241,2003-02-12,ODI,India,Netherlands,"Boland Bank Park, Paarl"
65242,2003-02-13,ODI,New Zealand,West Indies,"St George's Park, Port Elizabeth"
65244,2003-02-15,ODI,India,Australia,"SuperSport Park, Centurion"
65245,2003-02-15,ODI,Canada,Kenya,"Newlands, Cape Town"
65246,2003-02-16,ODI,Netherlands,England,"Buffalo Park, East London"
65247,2003-02-16,ODI,Pakistan,Namibia,"De Beers Diamond Oval, Kimberley"
65248,2003-02-16,ODI,South Africa,New Zealand,"New Wanderers Stadium, Johannesburg"
65249,2003-02-18,ODI,West Indies,Bangladesh,"Willowmoore Park, Benoni"
65250,2003-02-19,ODI,India,Zimbabwe,Harare Sports Club
65251,2003-02-19,ODI,Canada,Sri Lanka,"Boland Bank Park, Paarl"
65252,2003-02-19,ODI,England,Namibia,"St George's Park, Port Elizabeth"
65254,2003-02-22,ODI,Bangladesh,South Africa,"Goodyear Park, Bloemfontein"
65255,2003-02-22,ODI,England,Pakistan,"Newlands, Cape Town"
65256,2003-02-23,ODI,Canada,West Indies,"SuperSport Park, Centurion"
65257,2003-02-23,ODI,India,Namibia,"City Oval, Pietermaritzburg"
65258,2003-02-24,ODI,Kenya,Sri Lanka,"Gymkhana Club Ground, Nairobi"
65259,2003-02-24,ODI,Zimbabwe,Australia,"Queens Sports Club, Bulawayo"
65260,2003-02-25,ODI,Pakistan,Netherlands,"Boland Bank Park, Paarl"
65261,2003-02-26,ODI,Bangladesh,New Zealand,"De Beers Diamond Oval, Kimberley"
65262,2003-02-26,ODI,India,England,"Kingsmead, Durban"
65263,2003-02-27,ODI,Australia,Namibia,"North West Cricket Stadium, Potchefstroom"
65264,2003-02-27,ODI,South Africa,Canada,"Buffalo Park, East London"
65265,2003-02-28,ODI,Zimbabwe,Netherlands,"Queens Sports Club, Bulawayo"
65266,2003-02-28,ODI,Sri Lanka,West Indies,"Newlands, Cape Town"
65267,2003-03-01,ODI,Kenya,Bangladesh,"New Wanderers Stadium, Johannesburg"
65268,2003-03-01,ODI,Pakistan,India,"SuperSport Park, Centurion"
65269,2003-03-02,ODI,England,Australia,"St George's Park, Port Elizabeth"
65270,2003-03-03,ODI,Canada,New Zealand,"Willowmoore Park, Benoni"
65271,2003-03-03,ODI,Netherlands,Namibia,"Goodyear Park, Bloemfontein"
65272,2003-03-03,ODI,Sri Lanka,South Africa,"Kingsmead, Durban"
65273,2003-03-04,ODI,Pakistan,Zimbabwe,"Queens Sports Club, Bulawayo"
65275,2003-03-07,ODI,Australia,Sri Lanka,"SuperSport Park, Centurion"
65276,2003-03-07,ODI,Kenya,India,"Newlands, Cape Town"
65277,2003-03-08,ODI,Zimbabwe,New Zealand,"Goodyear Park, Bloemfontein"
65278,2003-03-10,ODI,India,Sri Lanka,"New Wanderers Stadium, Johannesburg"
65279,2003-03-11,ODI,Australia,New Zealand,"St George's Park, Port Elizabeth"
65280,2003-03-12,ODI,Zimbabwe,Kenya,"Goodyear Park, Bloemfontein"
65281,2003-03-14,ODI,New Zealand,India,"SuperSport Park, Centurion"
65282,2003-03-15,ODI,Sri Lanka,Zimbabwe,"Buffalo Park, East London"
65283,2003-03-15,ODI,Kenya,Australia,"Kingsmead, Durban"
65284,2003-03-18,ODI,Australia,Sri Lanka,"St George's Park, Port Elizabeth"
65285,2003-03-20,ODI,India,Kenya,"Kingsmead, Durban"
65286,2003-03-23,ODI,Australia,India,"New Wanderers Stadium, Johannesburg"
65803,2003-04-03,ODI,Pakistan,Zimbabwe,Sharjah Cricket Association Stadium
65804,2003-04-04,ODI,Sri Lanka,Pakistan,Sharjah Cricket Association Stadium
65805,2003-04-05,ODI,Kenya,Zimbabwe,Sharjah Cricket Association Stadium
65806,2003-04-06,ODI,Sri Lanka,Kenya,Sharjah Cricket Association Stadium
65807,2003-04-07,ODI,Sri Lanka,Zimbabwe,Sharjah Cricket Association Stadium
65808,2003-04-08,ODI,Pakistan,Kenya,Sharjah Cricket Association Stadium
65809,2003-04-10,ODI,Zimbabwe,Pakistan,Sharjah Cricket Association Stadium
66356,2003-04-21,ODI,India,South Africa,"Bangabandhu National Stadium, Dhaka"
66357,2003-05-10,ODI,Pakistan,Sri Lanka,Rangiri Dambulla International Stadium
66358,2003-05-11,ODI,Pakistan,New Zealand,Rangiri Dambulla International Stadium
64820,2003-05-17,ODI,Australia,West Indies,"Sabina Park, Kingston, Jamaica"
66361,2003-05-19,ODI,New Zealand,Sri Lanka,Rangiri Dambulla International Stadium
66363,2003-05-23,ODI,Pakistan,New Zealand,Rangiri Dambulla International Stadium
64825,2003-05-30,ODI,Australia,West Indies,"Queen's Park (New), St George's, Grenada"
64826,2003-06-01,ODI,Australia,West Indies,"Queen's Park (New), St George's, Grenada"
64827,2003-06-07,ODI,Sri Lanka,West Indies,"Kensington Oval, Bridgetown, Barbados"
64829,2003-06-11,ODI,Sri Lanka,West Indies,"Arnos Vale Ground, Kingstown, St Vincent"
65029,2003-06-17,ODI,England,Pakistan,"Old Trafford, Manchester"
65030,2003-06-20,ODI,Pakistan,England,"Kennington Oval, London"
65031,2003-06-22,ODI,Pakistan,England,"Lord's, London"
66293,2003-06-26,ODI,England,Zimbabwe,"Trent Bridge, Nottingham"
66294,2003-06-28,ODI,South Africa,England,"Kennington Oval, London"
66295,2003-06-29,ODI,South Africa,Zimbabwe,"St Lawrence Ground, Canterbury"
66296,2003-07-01,ODI,England,Zimbabwe,"Headingley, Leeds"
66297,2003-07-03,ODI,England,South Africa,"Old Trafford, Manchester"
66299,2003-07-06,ODI,Zimbabwe,England,"The Royal & Sun Alliance County Ground, Bristol"
66301,2003-07-10,ODI,Zimbabwe,South Africa,"The Rose Bowl, Southampton"
66302,2003-07-12,ODI,South Africa,England,"Lord's, London"
64830,2003-08-02,ODI,Bangladesh,Australia,"Bundaberg Rum Stadium, Cairns"
64831,2003-08-03,ODI,Bangladesh,Australia,"Bundaberg Rum Stadium, Cairns"
64832,2003-08-06,ODI,Australia,Bangladesh,"Marrara Cricket Ground, Darwin"
64833,2003-09-09,ODI,Pakistan,Bangladesh,Multan Cricket Stadium
64836,2003-09-18,ODI,Bangladesh,Pakistan,Rawalpindi Cricket Stadium
64837,2003-09-21,ODI,Pakistan,Bangladesh,"National Stadium, Karachi"
64838,2003-10-03,ODI,Pakistan,South Africa,"Gaddafi Stadium, Lahore"
64839,2003-10-05,ODI,Pakistan,South Africa,"Gaddafi Stadium, Lahore"
64840,2003-10-07,ODI,Pakistan,South Africa,"Iqbal Stadium, Faisalabad"
64841,2003-10-10,ODI,Pakistan,South Africa,Rawalpindi Cricket Stadium
64842,2003-10-12,ODI,Pakistan,South Africa,Rawalpindi Cricket Stadium
66364,2003-10-23,ODI,India,New Zealand,"MA Chidambaram Stadium, Chepauk, Chennai"
66365,2003-10-26,ODI,India,Australia,"Captain Roop Singh Stadium, Gwalior"
66366,2003-10-29,ODI,New Zealand,Australia,"Nahar Singh Stadium, Faridabad"
66367,2003-11-01,ODI,Australia,India,"Wankhede Stadium, Mumbai"
66368,2003-11-03,ODI,New Zealand,Australia,"Nehru Stadium, Poona"
66369,2003-11-06,ODI,India,New Zealand,"Barabati Stadium, Cuttack"
64843,2003-11-07,ODI,Bangladesh,England,"MA Aziz Stadium, Chittagong"
64844,2003-11-10,ODI,Bangladesh,England,"Bangabandhu National Stadium, Dhaka"
64845,2003-11-12,ODI,Bangladesh,England,"Bangabandhu National Stadium, Dhaka"
66372,2003-11-15,ODI,India,New Zealand,"Lal Bahadur Shastri Stadium, Hyderabad, Deccan"
64846,2003-11-18,ODI,England,Sri Lanka,Rangiri Dambulla International Stadium
64848,2003-11-23,ODI,West Indies,Zimbabwe,"Queens Sports Club, Bulawayo"
64849,2003-11-26,ODI,Zimbabwe,West Indies,Harare Sports Club
64850,2003-11-29,ODI,New Zealand,Pakistan,"Gaddafi Stadium, Lahore"
64851,2003-11-29,ODI,West Indies,Zimbabwe,Harare Sports Club
64852,2003-11-30,ODI,Zimbabwe,West Indies,Harare Sports Club
64853,2003-12-01,ODI,Pakistan,New Zealand,"Gaddafi Stadium, Lahore"
64855,2003-12-05,ODI,New Zealand,Pakistan,Rawalpindi Cricket Stadium
64857,2004-01-03,ODI,Pakistan,New Zealand,Eden Park
65643,2004-01-09,ODI,Australia,India,Melbourne Cricket Ground
65644,2004-01-11,ODI,Australia,Zimbabwe,Sydney Cricket Ground
65645,2004-01-14,ODI,Zimbabwe,India,Bellerive Oval
65646,2004-01-16,ODI,Australia,Zimbabwe,Bellerive Oval
65647,2004-01-18,ODI,India,Australia,Brisbane Cricket Ground
65648,2004-01-20,ODI,India,Zimbabwe,Brisbane Cricket Ground
65649,2004-01-22,ODI,India,Australia,Sydney Cricket Ground
64862,2004-01-25,ODI,South Africa,West Indies,Newlands
65652,2004-01-29,ODI,Australia,Zimbabwe,Melbourne Cricket Ground
64864,2004-01-30,ODI,West Indies,South Africa,Kingsmead
64865,2004-02-01,ODI,South Africa,West Indies,SuperSport Park
65653,2004-02-01,ODI,India,Australia,W.A.C.A. Ground
65655,2004-02-06,ODI,India,Australia,Melbourne Cricket Ground
65656,2004-02-08,ODI,Australia,India,Sydney Cricket Ground
64870,2004-02-20,ODI,Australia,Sri Lanka,Rangiri Dambulla International Stadium
64871,2004-02-22,ODI,Sri Lanka,Australia,Rangiri Dambulla International Stadium
64872,2004-02-25,ODI,South Africa,New Zealand,Carisbrook
64874,2004-02-27,ODI,Australia,Sri Lanka,R.Premadasa Stadium
64881,2004-03-14,ODI,Bangladesh,Zimbabwe,Harare Sports Club
64882,2004-03-16,ODI,Pakistan,India,Rawalpindi Cricket Stadium
64883,2004-03-19,ODI,India,Pakistan,Arbab Niaz Stadium
64884,2004-03-21,ODI,Pakistan,India,Gaddafi Stadium
64885,2004-03-24,ODI,India,Pakistan,Gaddafi Stadium
64887,2004-04-20,ODI,Zimbabwe,Sri Lanka,Queens Sports Club
64889,2004-04-24,ODI,West Indies,England,Queen's Park Oval
64891,2004-04-27,ODI,Sri Lanka,Zimbabwe,Harare Sports Club
64894,2004-05-02,ODI,England,West Indies,Daren Sammy National Cricket Stadium
64896,2004-05-15,ODI,Bangladesh,West Indies,Arnos Vale Ground
64897,2004-05-16,ODI,West Indies,Bangladesh,Arnos Vale Ground
64898,2004-05-19,ODI,Bangladesh,West Indies,National Cricket Stadium
64899,2004-05-25,ODI,Zimbabwe,Australia,Harare Sports Club
64900,2004-05-27,ODI,Australia,Zimbabwe,Harare Sports Club
64901,2004-05-29,ODI,Zimbabwe,Australia,Harare Sports Club
66304,2004-06-27,ODI,England,West Indies,Trent Bridge
66305,2004-06-29,ODI,England,New Zealand,Riverside Ground
66306,2004-07-01,ODI,West Indies,England,Headingley
66309,2004-07-06,ODI,England,West Indies,Lord's
66311,2004-07-10,ODI,New Zealand,West Indies,Lord's
65708,2004-07-17,ODI,Pakistan,Bangladesh,Sinhalese Sports Club
65713,2004-07-21,ODI,Pakistan,Sri Lanka,R.Premadasa Stadium
65714,2004-07-23,ODI,Bangladesh,Sri Lanka,R.Premadasa Stadium
65716,2004-07-27,ODI,India,Sri Lanka,R.Premadasa Stadium
65718,2004-08-01,ODI,Sri Lanka,India,R.Premadasa Stadium
66374,2004-08-21,ODI,Pakistan,India,VRA Cricket Ground
66375,2004-08-23,ODI,Australia,India,VRA Cricket Ground
64905,2004-08-28,ODI,South Africa,Sri Lanka,Rangiri Dambulla International Stadium
64906,2004-08-31,ODI,Sri Lanka,South Africa,Sinhalese Sports Club
65032,2004-09-01,ODI,India,England,Trent Bridge
65033,2004-09-03,ODI,England,India,Kennington Oval
66377,2004-09-04,ODI,Australia,Pakistan,Lord's
65034,2004-09-05,ODI,India,England,Lord's
66196,2004-09-10,ODI,England,Zimbabwe,Edgbaston
66197,2004-09-10,ODI,New Zealand,United States of America,Kennington Oval
66198,2004-09-11,ODI,India,Kenya,The Rose Bowl
66200,2004-09-13,ODI,United States of America,Australia,The Rose Bowl
66201,2004-09-14,ODI,Zimbabwe,Sri Lanka,Kennington Oval
66202,2004-09-14,ODI,Kenya,Pakistan,Edgbaston
66203,2004-09-15,ODI,West Indies,Bangladesh,The Rose Bowl
66204,2004-09-16,ODI,New Zealand,Australia,Kennington Oval
66205,2004-09-17,ODI,England,Sri Lanka,The Rose Bowl
66206,2004-09-18,ODI,South Africa,West Indies,Kennington Oval
66207,2004-09-19,ODI,India,Pakistan,Edgbaston
66208,2004-09-21,ODI,Australia,England,Edgbaston
66209,2004-09-22,ODI,Pakistan,West Indies,The Rose Bowl
66210,2004-09-25,ODI,England,West Indies,Kennington Oval
66378,2004-09-30,ODI,Pakistan,Zimbabwe,Multan Cricket Stadium
66379,2004-10-03,ODI,Zimbabwe,Pakistan,Arbab Niaz Stadium
66380,2004-10-06,ODI,Sri Lanka,Pakistan,National Stadium
66381,2004-10-09,ODI,Zimbabwe,Sri Lanka,Rawalpindi Cricket Stadium
66383,2004-10-16,ODI,Sri Lanka,Pakistan,Gaddafi Stadium
64907,2004-11-02,ODI,New Zealand,Bangladesh,MA Aziz Stadium
64910,2004-11-28,ODI,Zimbabwe,England,Harare Sports Club
64911,2004-12-01,ODI,England,Zimbabwe,Harare Sports Club
64913,2004-12-05,ODI,England,Zimbabwe,Queens Sports Club
66385,2004-12-05,ODI,Australia,New Zealand,Docklands Stadium
66386,2004-12-08,ODI,Australia,New Zealand,Sydney Cricket Ground
64914,2004-12-23,ODI,India,Bangladesh,MA Aziz Stadium
64917,2004-12-27,ODI,India,Bangladesh,Bangabandhu National Stadium
65659,2005-01-19,ODI,West Indies,Pakistan,"Brisbane Cricket Ground, Woolloongabba"
65660,2005-01-21,ODI,West Indies,Australia,"Brisbane Cricket Ground, Woolloongabba"
65661,2005-01-23,ODI,Pakistan,Australia,Sydney Cricket Ground
64919,2005-01-24,ODI,Zimbabwe,Bangladesh,MA Aziz Stadium
65662,2005-01-26,ODI,Australia,West Indies,Adelaide Oval
64922,2005-01-30,ODI,South Africa,England,The Wanderers Stadium
65664,2005-01-30,ODI,Australia,Pakistan,W.A.C.A. Ground
64923,2005-01-31,ODI,Zimbabwe,Bangladesh,Bangabandhu National Stadium
65665,2005-02-01,ODI,Pakistan,West Indies,W.A.C.A. Ground
64924,2005-02-02,ODI,England,South Africa,Mangaung Oval
64925,2005-02-04,ODI,England,South Africa,St George's Park
65666,2005-02-04,ODI,Australia,Pakistan,Melbourne Cricket Ground
64926,2005-02-06,ODI,South Africa,England,Newlands
64927,2005-02-09,ODI,South Africa,England,Buffalo Park
64928,2005-02-11,ODI,South Africa,England,Kingsmead
64929,2005-02-13,ODI,England,South Africa,SuperSport Park
64932,2005-02-25,ODI,South Africa,Zimbabwe,The Wanderers Stadium
64933,2005-02-26,ODI,Australia,New Zealand,Eden Park
64934,2005-02-27,ODI,South Africa,Zimbabwe,Kingsmead
64935,2005-03-01,ODI,New Zealand,Australia,Basin Reserve
64936,2005-03-02,ODI,Zimbabwe,South Africa,St George's Park
64939,2005-04-05,ODI,India,Pakistan,Dr. Y.S. Rajasekhara Reddy ACA-VDCA Cricket Stadium
64941,2005-04-12,ODI,India,Pakistan,"Sardar Patel (Gujarat) Stadium, Motera"
64942,2005-04-15,ODI,India,Pakistan,Green Park
64943,2005-04-17,ODI,Pakistan,India,Arun Jaitley Stadium
208835,2005-05-08,ODI,West Indies,South Africa,"Sabina Park, Kingston"
209339,2005-05-15,ODI,West Indies,South Africa,"Queen's Park Oval, Port of Spain"
209582,2005-05-18,ODI,Pakistan,West Indies,"Arnos Vale Ground, Kingstown"
209768,2005-05-22,ODI,Pakistan,West Indies,"Daren Sammy National Cricket Stadium, Gros Islet"
211244,2005-06-16,ODI,Bangladesh,England,Kennington Oval
211364,2005-06-18,ODI,Australia,Bangladesh,Sophia Gardens
211678,2005-06-23,ODI,Australia,England,Riverside Ground
211824,2005-06-25,ODI,Bangladesh,Australia,Old Trafford
211860,2005-06-26,ODI,Bangladesh,England,Headingley
212020,2005-06-28,ODI,Australia,England,Edgbaston
212253,2005-06-30,ODI,Bangladesh,Australia,St Lawrence Ground
212452,2005-07-02,ODI,Australia,England,Lord's
213288,2005-07-12,ODI,England,Australia,Kennington Oval
214742,2005-07-31,ODI,West Indies,India,Rangiri Dambulla International Stadium
214852,2005-08-02,ODI,Sri Lanka,West Indies,Rangiri Dambulla International Stadium
215134,2005-08-06,ODI,West Indies,Sri Lanka,"R.Premadasa Stadium, Khettarama"
216271,2005-08-17,ODI,Africa XI,Asia XI,SuperSport Park
216669,2005-08-21,ODI,Africa XI,Asia XI,Kingsmead
217481,2005-08-29,ODI,India,Zimbabwe,Harare Sports Club
217647,2005-08-31,ODI,Sri Lanka,Bangladesh,Sinhalese Sports Club Ground
217648,2005-08-31,ODI,New Zealand,Zimbabwe,Harare Sports Club
217979,2005-09-04,ODI,Zimbabwe,India,Harare Sports Club
218250,2005-09-06,ODI,India,New Zealand,Harare Sports Club
221083,2005-10-07,ODI,Australia,ICC World XI,Docklands Stadium
221337,2005-10-09,ODI,Australia,ICC World XI,Docklands Stadium
223018,2005-10-25,ODI,India,Sri Lanka,Vidarbha C.A. Ground
223334,2005-10-28,ODI,Sri Lanka,India,"Punjab Cricket Association IS Bindra Stadium, Mohali"
223335,2005-10-28,ODI,South Africa,New Zealand,Newlands
223542,2005-10-30,ODI,New Zealand,South Africa,St George's Park
223902,2005-11-03,ODI,Sri Lanka,India,Nehru Stadium
224044,2005-11-04,ODI,South Africa,New Zealand,Kingsmead
224227,2005-11-06,ODI,New Zealand,South Africa,SuperSport Park
224231,2005-11-06,ODI,India,Sri Lanka,"Sardar Patel (Gujarat) Stadium, Motera"
224556,2005-11-09,ODI,Sri Lanka,India,Madhavrao Scindia Cricket Ground
225437,2005-11-12,ODI,Sri Lanka,India,Reliance Stadium
225959,2005-11-16,ODI,India,South Africa,"Rajiv Gandhi International Stadium, Uppal"
226359,2005-11-28,ODI,South Africa,India,Wankhede Stadium
226364,2005-12-03,ODI,Australia,New Zealand,Eden Park
226352,2005-12-10,ODI,England,Pakistan,Gaddafi Stadium
226354,2005-12-15,ODI,Pakistan,England,National Stadium
226356,2005-12-21,ODI,England,Pakistan,Rawalpindi Cricket Stadium
226390,2005-12-31,ODI,Sri Lanka,New Zealand,John Davies Oval
226391,2006-01-03,ODI,Sri Lanka,New Zealand,Jade Stadium
226392,2006-01-06,ODI,New Zealand,Sri Lanka,Westpac Stadium
226375,2006-01-15,ODI,Australia,South Africa,"Brisbane Cricket Ground, Woolloongabba"
226383,2006-01-17,ODI,Sri Lanka,South Africa,"Brisbane Cricket Ground, Woolloongabba"
226376,2006-01-20,ODI,Australia,South Africa,Docklands Stadium
226380,2006-01-22,ODI,Sri Lanka,Australia,Sydney Cricket Ground
226384,2006-01-24,ODI,South Africa,Sri Lanka,Adelaide Oval
226381,2006-01-26,ODI,Sri Lanka,Australia,Adelaide Oval
226382,2006-01-29,ODI,Sri Lanka,Australia,Western Australia Cricket Association Ground
226385,2006-01-31,ODI,Sri Lanka,South Africa,Western Australia Cricket Association Ground
226377,2006-02-03,ODI,Australia,South Africa,Docklands Stadium
226378,2006-02-05,ODI,Australia,South Africa,Sydney Cricket Ground
235831,2006-02-06,ODI,India,Pakistan,Arbab Niaz Stadium
226386,2006-02-07,ODI,Sri Lanka,South Africa,Bellerive Oval
236358,2006-02-10,ODI,Sri Lanka,Australia,Adelaide Oval
236520,2006-02-11,ODI,Pakistan,India,Rawalpindi Cricket Stadium
236595,2006-02-12,ODI,Australia,Sri Lanka,Sydney Cricket Ground
236809,2006-02-13,ODI,Pakistan,India,Gaddafi Stadium
236963,2006-02-14,ODI,Sri Lanka,Australia,"Brisbane Cricket Ground, Woolloongabba"
237222,2006-02-16,ODI,Pakistan,India,Multan Cricket Stadium
237568,2006-02-18,ODI,New Zealand,West Indies,Westpac Stadium
237571,2006-02-19,ODI,Pakistan,India,National Stadium
237574,2006-02-20,ODI,Bangladesh,Sri Lanka,Shaheed Chandu Stadium
238169,2006-02-22,ODI,Sri Lanka,Bangladesh,Shaheed Chandu Stadium
238176,2006-02-22,ODI,West Indies,New Zealand,Queenstown Events Centre
238170,2006-02-25,ODI,Sri Lanka,Bangladesh,Chittagong Divisional Stadium
238177,2006-02-25,ODI,New Zealand,West Indies,Jade Stadium
238196,2006-02-26,ODI,Australia,South Africa,SuperSport Park
238178,2006-03-01,ODI,New Zealand,West Indies,McLean Park
238197,2006-03-03,ODI,South Africa,Australia,Newlands
238179,2006-03-04,ODI,New Zealand,West Indies,Eden Park
238198,2006-03-05,ODI,Australia,South Africa,St George's Park
238199,2006-03-10,ODI,South Africa,Australia,Kingsmead
238200,2006-03-12,ODI,Australia,South Africa,New Wanderers Stadium
238213,2006-03-17,ODI,Pakistan,Sri Lanka,R Premadasa Stadium
238214,2006-03-19,ODI,Sri Lanka,Pakistan,R Premadasa Stadium
238215,2006-03-22,ODI,Sri Lanka,Pakistan,Sinhalese Sports Club Ground
238188,2006-03-28,ODI,India,England,Feroz Shah Kotla
238189,2006-03-31,ODI,England,India,Nahar Singh Stadium
238190,2006-04-03,ODI,India,England,"Nehru Stadium, Fatorda"
238193,2006-04-12,ODI,India,England,Keenan Stadium
238194,2006-04-15,ODI,England,India,Maharani Usharaje Trust Cricket Ground
244510,2006-04-18,ODI,India,Pakistan,Sheikh Zayed Stadium
244511,2006-04-19,ODI,India,Pakistan,Sheikh Zayed Stadium
238173,2006-04-23,ODI,Bangladesh,Australia,Chittagong Divisional Stadium
238174,2006-04-26,ODI,Australia,Bangladesh,Narayanganj Osmani Stadium
238175,2006-04-28,ODI,Bangladesh,Australia,Narayanganj Osmani Stadium
239907,2006-04-29,ODI,Zimbabwe,West Indies,"Antigua Recreation Ground, St John's"
239908,2006-04-30,ODI,West Indies,Zimbabwe,"Antigua Recreation Ground, St John's"
239911,2006-05-10,ODI,Zimbabwe,West Indies,"Beausejour Stadium, Gros Islet"
239912,2006-05-13,ODI,West Indies,Zimbabwe,"Queen's Park Oval, Port of Spain"
239913,2006-05-14,ODI,West Indies,Zimbabwe,"Queen's Park Oval, Port of Spain"
239916,2006-05-20,ODI,West Indies,India,"Sabina Park, Kingston"
239917,2006-05-23,ODI,India,West Indies,"Warner Park, Basseterre"
239918,2006-05-26,ODI,India,West Indies,"Queen's Park Oval, Port of Spain"
239919,2006-05-28,ODI,West Indies,India,"Queen's Park Oval, Port of Spain"
225171,2006-06-13,ODI,England,Ireland,"Civil Service Cricket Club, Stormont"
225250,2006-06-17,ODI,Sri Lanka,England,Lord's
225251,2006-06-20,ODI,Sri Lanka,England,Kennington Oval
225252,2006-06-24,ODI,England,Sri Lanka,Riverside Ground
225253,2006-06-28,ODI,Sri Lanka,England,Old Trafford
225254,2006-07-01,ODI,England,Sri Lanka,Headingley
249207,2006-08-06,ODI,Zimbabwe,Bangladesh,Harare Sports Club
249378,2006-08-12,ODI,Kenya,Bangladesh,Gymkhana Club Ground
249379,2006-08-13,ODI,Kenya,Bangladesh,Gymkhana Club Ground
249380,2006-08-15,ODI,Kenya,Bangladesh,Gymkhana Club Ground
256665,2006-08-18,ODI,India,Sri Lanka,Sinhalese Sports Club Ground
225245,2006-08-30,ODI,England,Pakistan,Sophia Gardens
225246,2006-09-02,ODI,England,Pakistan,Lord's
225247,2006-09-05,ODI,England,Pakistan,The Rose Bowl
225248,2006-09-08,ODI,Pakistan,England,Trent Bridge
225249,2006-09-10,ODI,Pakistan,England,Edgbaston
256607,2006-09-14,ODI,India,West Indies,Kinrara Academy Oval
255961,2006-09-15,ODI,Zimbabwe,South Africa,Goodyear Park
256608,2006-09-16,ODI,Australia,India,Kinrara Academy Oval
256610,2006-09-18,ODI,Australia,West Indies,Kinrara Academy Oval
259793,2006-09-18,ODI,Zimbabwe,South Africa,Buffalo Park
256612,2006-09-20,ODI,India,West Indies,Kinrara Academy Oval
257470,2006-09-20,ODI,South Africa,Zimbabwe,Sedgars Park
256614,2006-09-22,ODI,Australia,India,Kinrara Academy Oval
256615,2006-09-24,ODI,Australia,West Indies,Kinrara Academy Oval
249739,2006-10-07,ODI,Sri Lanka,Bangladesh,"Punjab Cricket Association Stadium, Mohali"
249740,2006-10-08,ODI,Zimbabwe,West Indies,"Sardar Patel Stadium, Motera"
249741,2006-10-10,ODI,Sri Lanka,Zimbabwe,"Sardar Patel Stadium, Motera"
249742,2006-10-11,ODI,Bangladesh,West Indies,Sawai Mansingh Stadium
249743,2006-10-13,ODI,Bangladesh,Zimbabwe,Sawai Mansingh Stadium
249744,2006-10-14,ODI,West Indies,Sri Lanka,Brabourne Stadium
249745,2006-10-15,ODI,England,India,Sawai Mansingh Stadium
249746,2006-10-16,ODI,New Zealand,South Africa,Brabourne Stadium
249747,2006-10-17,ODI,Sri Lanka,Pakistan,Sawai Mansingh Stadium
249748,2006-10-18,ODI,West Indies,Australia,Brabourne Stadium
249749,2006-10-20,ODI,New Zealand,Sri Lanka,Brabourne Stadium
249750,2006-10-21,ODI,England,Australia,Sawai Mansingh Stadium
249751,2006-10-24,ODI,South Africa,Sri Lanka,"Sardar Patel Stadium, Motera"
249752,2006-10-25,ODI,New Zealand,Pakistan,"Punjab Cricket Association Stadium, Mohali"
249753,2006-10-26,ODI,India,West Indies,"Sardar Patel Stadium, Motera"
249754,2006-10-27,ODI,South Africa,Pakistan,"Punjab Cricket Association Stadium, Mohali"
249755,2006-10-28,ODI,West Indies,England,"Sardar Patel Stadium, Motera"
249756,2006-10-29,ODI,India,Australia,"Punjab Cricket Association Stadium, Mohali"
249757,2006-11-01,ODI,Australia,New Zealand,"Punjab Cricket Association Stadium, Mohali"
249758,2006-11-02,ODI,South Africa,West Indies,Sawai Mansingh Stadium
249759,2006-11-05,ODI,West Indies,Australia,Brabourne Stadium
249211,2006-11-22,ODI,South Africa,India,Kingsmead
249212,2006-11-26,ODI,South Africa,India,Newlands
259384,2006-11-27,ODI,Bermuda,Canada,Sedgars Park
249213,2006-11-29,ODI,South Africa,India,St George's Park
259390,2006-11-30,ODI,Bermuda,Canada,Willowmoore Park
259391,2006-12-01,ODI,Canada,Netherlands,Willowmoore Park
259389,2006-12-02,ODI,Netherlands,Bermuda,Willowmoore Park
249214,2006-12-03,ODI,India,South Africa,SuperSport Park
264068,2006-12-03,ODI,Zimbabwe,Bangladesh,Shaheed Chandu Stadium
264069,2006-12-05,ODI,Bangladesh,Zimbabwe,Shaheed Chandu Stadium
257769,2006-12-07,ODI,West Indies,Pakistan,Iqbal Stadium
264070,2006-12-08,ODI,Zimbabwe,Bangladesh,Shere Bangla National Stadium
264071,2006-12-09,ODI,Zimbabwe,Bangladesh,Shere Bangla National Stadium
257770,2006-12-10,ODI,West Indies,Pakistan,Gaddafi Stadium
257771,2006-12-13,ODI,Pakistan,West Indies,Multan Cricket Stadium
257772,2006-12-16,ODI,West Indies,Pakistan,National Stadium
251489,2006-12-28,ODI,New Zealand,Sri Lanka,McLean Park
251491,2007-01-02,ODI,Sri Lanka,New Zealand,Jade Stadium
251492,2007-01-06,ODI,Sri Lanka,New Zealand,Eden Park
249232,2007-01-12,ODI,England,Australia,Melbourne Cricket Ground
249228,2007-01-14,ODI,Australia,New Zealand,Bellerive Oval
249236,2007-01-16,ODI,New Zealand,England,Bellerive Oval
249233,2007-01-19,ODI,England,Australia,"Brisbane Cricket Ground, Woolloongabba"
249229,2007-01-21,ODI,New Zealand,Australia,Sydney Cricket Ground
271465,2007-01-22,ODI,South Africa,Pakistan,Harlequins
249237,2007-01-23,ODI,New Zealand,England,Adelaide Oval
271466,2007-01-24,ODI,Pakistan,South Africa,"Sinovich Park, Sinoville"
249234,2007-01-26,ODI,England,Australia,Adelaide Oval
267708,2007-01-27,ODI,India,West Indies,"MA Chidambaram Stadium, Chepauk"
249230,2007-01-28,ODI,Australia,New Zealand,Western Australia Cricket Association Ground
249238,2007-01-30,ODI,New Zealand,England,Western Australia Cricket Association Ground
267709,2007-01-31,ODI,India,West Indies,Indian Petrochemicals Corporation Limited Sports Complex Ground
249235,2007-02-02,ODI,England,Australia,Sydney Cricket Ground
267386,2007-02-02,ODI,Canada,Bermuda,Gymkhana Club Ground
249231,2007-02-04,ODI,New Zealand,Australia,Melbourne Cricket Ground
250668,2007-02-04,ODI,South Africa,Pakistan,SuperSport Park
267387,2007-02-04,ODI,Bermuda,Netherlands,Ruaraka Sports Club Ground
267389,2007-02-04,ODI,Scotland,Kenya,Gymkhana Club Ground
267391,2007-02-05,ODI,Kenya,Canada,Jaffery Sports Club Ground
249239,2007-02-06,ODI,England,New Zealand,"Brisbane Cricket Ground, Woolloongabba"
250669,2007-02-07,ODI,Pakistan,South Africa,Kingsmead
267710,2007-02-08,ODI,Sri Lanka,India,Eden Gardens
249240,2007-02-09,ODI,Australia,England,Melbourne Cricket Ground
250670,2007-02-09,ODI,Pakistan,South Africa,St George's Park
249241,2007-02-11,ODI,England,Australia,Sydney Cricket Ground
250671,2007-02-11,ODI,Pakistan,South Africa,Newlands
267712,2007-02-11,ODI,Sri Lanka,India,Madhavrao Scindia Cricket Ground
250672,2007-02-14,ODI,Pakistan,South Africa,New Wanderers Stadium
267715,2007-02-14,ODI,Sri Lanka,India,"Nehru Stadium, Fatorda"
251494,2007-02-16,ODI,Australia,New Zealand,Westpac Stadium
267713,2007-02-17,ODI,Sri Lanka,India,Andhra Cricket Association-Visakhapatnam District Cricket Association Stadium
251495,2007-02-18,ODI,Australia,New Zealand,Eden Park
251496,2007-02-20,ODI,Australia,New Zealand,Seddon Park
276226,2007-03-05,ODI,New Zealand,Australia,"MA Chidambaram Stadium, Chepauk"
247457,2007-03-13,ODI,West Indies,Pakistan,"Sabina Park, Kingston"
247458,2007-03-14,ODI,Australia,Scotland,"Warner Park, Basseterre"
247460,2007-03-15,ODI,Sri Lanka,Bermuda,"Queen's Park Oval, Port of Spain"
247461,2007-03-15,ODI,Ireland,Zimbabwe,"Sabina Park, Kingston"
247462,2007-03-16,ODI,South Africa,Netherlands,"Warner Park, Basseterre"
247463,2007-03-16,ODI,England,New Zealand,"Beausejour Stadium, Gros Islet"
247464,2007-03-17,ODI,India,Bangladesh,"Queen's Park Oval, Port of Spain"
247465,2007-03-17,ODI,Pakistan,Ireland,"Sabina Park, Kingston"
247466,2007-03-18,ODI,Australia,Netherlands,"Warner Park, Basseterre"
247467,2007-03-18,ODI,England,Canada,"Beausejour Stadium, Gros Islet"
247468,2007-03-19,ODI,India,Bermuda,"Queen's Park Oval, Port of Spain"
247469,2007-03-19,ODI,Zimbabwe,West Indies,"Sabina Park, Kingston"
247470,2007-03-20,ODI,Scotland,South Africa,"Warner Park, Basseterre"
247471,2007-03-20,ODI,New Zealand,Kenya,"Beausejour Stadium, Gros Islet"
247472,2007-03-21,ODI,Sri Lanka,Bangladesh,"Queen's Park Oval, Port of Spain"
247473,2007-03-21,ODI,Pakistan,Zimbabwe,"Sabina Park, Kingston"
247474,2007-03-22,ODI,Scotland,Netherlands,"Warner Park, Basseterre"
247475,2007-03-22,ODI,New Zealand,Canada,"Beausejour Stadium, Gros Islet"
247476,2007-03-23,ODI,Sri Lanka,India,"Queen's Park Oval, Port of Spain"
247477,2007-03-23,ODI,Ireland,West Indies,"Sabina Park, Kingston"
247478,2007-03-24,ODI,Australia,South Africa,"Warner Park, Basseterre"
247479,2007-03-24,ODI,Kenya,England,"Beausejour Stadium, Gros Islet"
247480,2007-03-25,ODI,Bermuda,Bangladesh,"Queen's Park Oval, Port of Spain"
247481,2007-03-27,ODI,Australia,West Indies,"Sir Vivian Richards Stadium, North Sound"
247482,2007-03-28,ODI,Sri Lanka,South Africa,Providence Stadium
247483,2007-03-29,ODI,West Indies,New Zealand,"Sir Vivian Richards Stadium, North Sound"
247484,2007-03-30,ODI,England,Ireland,Providence Stadium
247485,2007-03-31,ODI,Bangladesh,Australia,"Sir Vivian Richards Stadium, North Sound"
247486,2007-04-01,ODI,Sri Lanka,West Indies,Providence Stadium
247487,2007-04-02,ODI,Bangladesh,New Zealand,"Sir Vivian Richards Stadium, North Sound"
247488,2007-04-03,ODI,Ireland,South Africa,Providence Stadium
247489,2007-04-04,ODI,Sri Lanka,England,"Sir Vivian Richards Stadium, North Sound"
247490,2007-04-07,ODI,Bangladesh,South Africa,Providence Stadium
247491,2007-04-08,ODI,England,Australia,"Sir Vivian Richards Stadium, North Sound"
247492,2007-04-09,ODI,New Zealand,Ireland,Providence Stadium
247493,2007-04-10,ODI,South Africa,West Indies,"National Cricket Stadium, St George's"
247494,2007-04-11,ODI,Bangladesh,England,"Kensington Oval, Bridgetown"
247495,2007-04-12,ODI,New Zealand,Sri Lanka,"National Cricket Stadium, St George's"
247496,2007-04-13,ODI,Ireland,Australia,"Kensington Oval, Bridgetown"
247497,2007-04-14,ODI,South Africa,New Zealand,"National Cricket Stadium, St George's"
247498,2007-04-15,ODI,Ireland,Bangladesh,"Kensington Oval, Bridgetown"
247499,2007-04-16,ODI,Sri Lanka,Australia,"National Cricket Stadium, St George's"
247500,2007-04-17,ODI,England,South Africa,"Kensington Oval, Bridgetown"
247501,2007-04-18,ODI,Ireland,Sri Lanka,"National Cricket Stadium, St George's"
247502,2007-04-19,ODI,West Indies,Bangladesh,"Kensington Oval, Bridgetown"
247503,2007-04-20,ODI,Australia,New Zealand,"National Cricket Stadium, St George's"
247504,2007-04-21,ODI,West Indies,England,"Kensington Oval, Bridgetown"
247505,2007-04-24,ODI,Sri Lanka,New Zealand,"Sabina Park, Kingston"
247506,2007-04-25,ODI,South Africa,Australia,"Beausejour Stadium, Gros Islet"
247507,2007-04-28,ODI,Australia,Sri Lanka,"Kensington Oval, Bridgetown"
282688,2007-05-10,ODI,Bangladesh,India,Shere Bangla National Stadium
282689,2007-05-12,ODI,India,Bangladesh,Shere Bangla National Stadium
289107,2007-06-06,ODI,Asia XI,Africa XI,M Chinnaswamy Stadium
289108,2007-06-09,ODI,Asia XI,Africa XI,"MA Chidambaram Stadium, Chepauk"
289110,2007-06-10,ODI,Asia XI,Africa XI,"MA Chidambaram Stadium, Chepauk"
293071,2007-06-23,ODI,Ireland,India,"Civil Service Cricket Club, Stormont"
293072,2007-06-24,ODI,South Africa,Ireland,"Civil Service Cricket Club, Stormont"
293076,2007-06-26,ODI,India,South Africa,"Civil Service Cricket Club, Stormont"
293077,2007-06-29,ODI,South Africa,India,"Civil Service Cricket Club, Stormont"
258465,2007-07-01,ODI,England,West Indies,Lord's
293078,2007-07-01,ODI,South Africa,India,"Civil Service Cricket Club, Stormont"
258466,2007-07-04,ODI,West Indies,England,Edgbaston
258467,2007-07-07,ODI,West Indies,England,Trent Bridge
295785,2007-07-13,ODI,Scotland,Netherlands,"Civil Service Cricket Club, Stormont"
295788,2007-07-14,ODI,Ireland,West Indies,Clontarf Cricket Club Ground
293481,2007-07-20,ODI,Sri Lanka,Bangladesh,P Saravanamuttu Stadium
293482,2007-07-23,ODI,Bangladesh,Sri Lanka,R Premadasa Stadium
293483,2007-07-25,ODI,Sri Lanka,Bangladesh,R Premadasa Stadium
275789,2007-08-16,ODI,Scotland,India,Titwood
258471,2007-08-21,ODI,England,India,The Rose Bowl
300486,2007-08-22,ODI,Zimbabwe,South Africa,Queens Sports Club
258472,2007-08-24,ODI,India,England,County Ground
300487,2007-08-25,ODI,Zimbabwe,South Africa,Harare Sports Club
300488,2007-08-26,ODI,South Africa,Zimbabwe,Harare Sports Club
258473,2007-08-27,ODI,England,India,Edgbaston
258474,2007-08-30,ODI,India,England,Old Trafford
258475,2007-09-02,ODI,India,England,Headingley
258476,2007-09-05,ODI,England,India,Kennington Oval
258477,2007-09-08,ODI,India,England,Lord's
297793,2007-09-29,ODI,Australia,India,M Chinnaswamy Stadium
291217,2007-10-01,ODI,Sri Lanka,England,Rangiri Dambulla International Stadium
297794,2007-10-02,ODI,Australia,India,Nehru Stadium
291218,2007-10-04,ODI,England,Sri Lanka,Rangiri Dambulla International Stadium
297795,2007-10-05,ODI,Australia,India,"Rajiv Gandhi International Stadium, Uppal"
297796,2007-10-08,ODI,India,Australia,Sector 16 Stadium
291220,2007-10-10,ODI,Sri Lanka,England,R Premadasa Stadium
297797,2007-10-11,ODI,India,Australia,Reliance Stadium
291221,2007-10-13,ODI,Sri Lanka,England,R Premadasa Stadium
297798,2007-10-14,ODI,Australia,India,Vidarbha Cricket Association Ground
297799,2007-10-17,ODI,Australia,India,Wankhede Stadium
296685,2007-10-18,ODI,Canada,Kenya,Gymkhana Club Ground
299006,2007-10-18,ODI,South Africa,Pakistan,Gaddafi Stadium
296687,2007-10-20,ODI,Canada,Kenya,Gymkhana Club Ground
299007,2007-10-20,ODI,Pakistan,South Africa,Gaddafi Stadium
299008,2007-10-23,ODI,South Africa,Pakistan,Iqbal Stadium
313992,2007-10-25,ODI,Bermuda,Kenya,Gymkhana Club Ground
299009,2007-10-26,ODI,Pakistan,South Africa,Multan Cricket Stadium
313993,2007-10-27,ODI,Bermuda,Kenya,Gymkhana Club Ground
313994,2007-10-28,ODI,Bermuda,Kenya,Gymkhana Club Ground
299010,2007-10-29,ODI,South Africa,Pakistan,Gaddafi Stadium
297801,2007-11-05,ODI,Pakistan,India,Nehru Stadium
297802,2007-11-08,ODI,India,Pakistan,"Punjab Cricket Association Stadium, Mohali"
297803,2007-11-11,ODI,India,Pakistan,Green Park
297804,2007-11-15,ODI,Pakistan,India,Captain Roop Singh Stadium
297805,2007-11-18,ODI,Pakistan,India,Sawai Mansingh Stadium
298796,2007-11-25,ODI,New Zealand,South Africa,Kingsmead
298797,2007-11-30,ODI,South Africa,New Zealand,St George's Park
317578,2007-11-30,ODI,Zimbabwe,West Indies,Harare Sports Club
298798,2007-12-02,ODI,New Zealand,South Africa,Newlands
317579,2007-12-02,ODI,West Indies,Zimbabwe,Harare Sports Club
317581,2007-12-07,ODI,Zimbabwe,West Indies,Queens Sports Club
291345,2007-12-14,ODI,New Zealand,Australia,Adelaide Oval
291346,2007-12-16,ODI,New Zealand,Australia,Sydney Cricket Ground
291347,2007-12-20,ODI,Australia,New Zealand,Bellerive Oval
300426,2007-12-26,ODI,Bangladesh,New Zealand,Eden Park
300427,2007-12-28,ODI,New Zealand,Bangladesh,McLean Park
300428,2007-12-31,ODI,Bangladesh,New Zealand,Queenstown Events Centre
298805,2008-01-20,ODI,West Indies,South Africa,SuperSport Park
325800,2008-01-21,ODI,Pakistan,Zimbabwe,National Stadium
325801,2008-01-24,ODI,Zimbabwe,Pakistan,"Niaz Stadium, Hyderabad"
298806,2008-01-25,ODI,South Africa,West Indies,Newlands
298807,2008-01-27,ODI,West Indies,South Africa,St George's Park
325802,2008-01-27,ODI,Pakistan,Zimbabwe,Multan Cricket Stadium
325803,2008-01-30,ODI,Zimbabwe,Pakistan,Iqbal Stadium
298808,2008-02-01,ODI,West Indies,South Africa,Kingsmead
325804,2008-02-02,ODI,Zimbabwe,Pakistan,Sheikhupura Stadium
291359,2008-02-03,ODI,India,Australia,"Brisbane Cricket Ground, Woolloongabba"
298809,2008-02-03,ODI,West Indies,South Africa,New Wanderers Stadium
291360,2008-02-05,ODI,India,Sri Lanka,"Brisbane Cricket Ground, Woolloongabba"
291361,2008-02-08,ODI,Australia,Sri Lanka,Sydney Cricket Ground
300437,2008-02-09,ODI,England,New Zealand,Westpac Stadium
291362,2008-02-10,ODI,Australia,India,Melbourne Cricket Ground
300438,2008-02-12,ODI,England,New Zealand,Seddon Park
291364,2008-02-15,ODI,Australia,Sri Lanka,Western Australia Cricket Association Ground
300439,2008-02-15,ODI,New Zealand,England,Eden Park
291365,2008-02-17,ODI,Australia,India,Adelaide Oval
291366,2008-02-19,ODI,Sri Lanka,India,Adelaide Oval
300440,2008-02-20,ODI,England,New Zealand,McLean Park
312291,2008-02-21,ODI,South Africa,Netherlands,Stellenbosch University 1
291367,2008-02-22,ODI,Australia,Sri Lanka,Melbourne Cricket Ground
312295,2008-02-22,ODI,Ireland,South Africa,Stellenbosch University 1
312296,2008-02-22,ODI,Pakistan,Netherlands,Stellenbosch University 2
300441,2008-02-23,ODI,England,New Zealand,AMI Stadium
291368,2008-02-24,ODI,Australia,India,Sydney Cricket Ground
291369,2008-02-26,ODI,Sri Lanka,India,Bellerive Oval
291370,2008-02-29,ODI,Sri Lanka,Australia,Melbourne Cricket Ground
291371,2008-03-02,ODI,Australia,India,Sydney Cricket Ground
291372,2008-03-04,ODI,India,Australia,"Brisbane Cricket Ground, Woolloongabba"
323949,2008-03-09,ODI,Bangladesh,South Africa,Chittagong Divisional Stadium
323950,2008-03-12,ODI,Bangladesh,South Africa,Shere Bangla National Stadium
323951,2008-03-14,ODI,Bangladesh,South Africa,Shere Bangla National Stadium
343759,2008-04-08,ODI,Pakistan,Bangladesh,Gaddafi Stadium
319134,2008-04-10,ODI,Sri Lanka,West Indies,"Queen's Park Oval, Port of Spain"
343760,2008-04-11,ODI,Bangladesh,Pakistan,Iqbal Stadium
319135,2008-04-12,ODI,Sri Lanka,West Indies,"Queen's Park Oval, Port of Spain"
343761,2008-04-13,ODI,Pakistan,Bangladesh,Gaddafi Stadium
319136,2008-04-15,ODI,Sri Lanka,West Indies,"Beausejour Stadium, Gros Islet"
343762,2008-04-16,ODI,Bangladesh,Pakistan,Multan Cricket Stadium
343763,2008-04-19,ODI,Pakistan,Bangladesh,National Stadium
341302,2008-05-08,ODI,Sri Lanka,India,Welagedara Stadium
341306,2008-05-11,ODI,India,Sri Lanka,Welagedara Stadium
345468,2008-06-08,ODI,Pakistan,Bangladesh,Shere Bangla National Stadium
345469,2008-06-10,ODI,India,Pakistan,Shere Bangla National Stadium
345470,2008-06-12,ODI,Bangladesh,India,Shere Bangla National Stadium
345471,2008-06-14,ODI,Pakistan,India,Shere Bangla National Stadium
296904,2008-06-15,ODI,England,New Zealand,Riverside Ground
296905,2008-06-18,ODI,England,New Zealand,Edgbaston
296906,2008-06-21,ODI,New Zealand,England,County Ground
319143,2008-06-24,ODI,Australia,West Indies,"Arnos Vale Ground, Kingstown"
335346,2008-06-24,ODI,Bangladesh,United Arab Emirates,Gaddafi Stadium
335347,2008-06-24,ODI,Pakistan,Hong Kong,National Stadium
296907,2008-06-25,ODI,England,New Zealand,Kennington Oval
335348,2008-06-25,ODI,Sri Lanka,Bangladesh,Gaddafi Stadium
335349,2008-06-25,ODI,India,Hong Kong,National Stadium
335350,2008-06-26,ODI,Sri Lanka,United Arab Emirates,Gaddafi Stadium
335351,2008-06-26,ODI,Pakistan,India,National Stadium
319144,2008-06-27,ODI,Australia,West Indies,"National Cricket Stadium, St George's"
296908,2008-06-28,ODI,New Zealand,England,Lord's
335352,2008-06-28,ODI,Bangladesh,India,National Stadium
319145,2008-06-29,ODI,West Indies,Australia,"National Cricket Stadium, St George's"
325569,2008-06-29,ODI,Bermuda,Canada,Maple Leaf North-West Ground
335353,2008-06-29,ODI,Sri Lanka,Pakistan,National Stadium
335354,2008-06-30,ODI,Sri Lanka,Bangladesh,National Stadium
335355,2008-07-02,ODI,India,Pakistan,National Stadium
335356,2008-07-03,ODI,Sri Lanka,India,National Stadium
319146,2008-07-04,ODI,Australia,West Indies,"Warner Park, Basseterre"
335357,2008-07-04,ODI,Bangladesh,Pakistan,National Stadium
319147,2008-07-06,ODI,Australia,West Indies,"Warner Park, Basseterre"
335358,2008-07-06,ODI,Sri Lanka,India,National Stadium
325579,2008-07-29,ODI,Netherlands,Scotland,Clontarf Cricket Club Ground
325580,2008-07-31,ODI,Scotland,Ireland,Clontarf Cricket Club Ground
325572,2008-08-12,ODI,Kenya,Scotland,Cambusdoon New Ground
343732,2008-08-18,ODI,India,Sri Lanka,Rangiri Dambulla International Stadium
343733,2008-08-20,ODI,Sri Lanka,India,Rangiri Dambulla International Stadium
296914,2008-08-22,ODI,England,South Africa,Headingley
343734,2008-08-24,ODI,India,Sri Lanka,R Premadasa Stadium
325576,2008-08-25,ODI,Ireland,Kenya,"Civil Service Cricket Club, Stormont"
296915,2008-08-26,ODI,South Africa,England,Trent Bridge
366341,2008-08-27,ODI,India,Sri Lanka,R Premadasa Stadium
296916,2008-08-29,ODI,England,South Africa,Kennington Oval
343736,2008-08-29,ODI,Sri Lanka,India,R Premadasa Stadium
336201,2008-08-30,ODI,Australia,Bangladesh,Marrara Cricket Ground
296917,2008-08-31,ODI,South Africa,England,Lord's
296918,2008-09-03,ODI,South Africa,England,Sophia Gardens
336202,2008-09-03,ODI,Bangladesh,Australia,Marrara Cricket Ground
336204,2008-09-06,ODI,Australia,Bangladesh,Marrara Cricket Ground
325581,2008-10-17,ODI,Zimbabwe,Ireland,Gymkhana Club Ground
360800,2008-10-31,ODI,South Africa,Kenya,OUTsurance Oval
350348,2008-11-07,ODI,South Africa,Bangladesh,Senwes Park
374059,2008-11-12,ODI,West Indies,Pakistan,Sheikh Zayed Stadium
361043,2008-11-14,ODI,India,England,Madhavrao Scindia Cricket Ground
374060,2008-11-14,ODI,Pakistan,West Indies,Sheikh Zayed Stadium
361044,2008-11-17,ODI,India,England,Maharani Usharaje Trust Cricket Ground
361045,2008-11-20,ODI,England,India,Green Park
375456,2008-11-20,ODI,Zimbabwe,Sri Lanka,Harare Sports Club
375457,2008-11-22,ODI,Zimbabwe,Sri Lanka,Harare Sports Club
361046,2008-11-23,ODI,India,England,M Chinnaswamy Stadium
375460,2008-11-24,ODI,Sri Lanka,Zimbabwe,Harare Sports Club
361047,2008-11-26,ODI,England,India,Barabati Stadium
375462,2008-11-30,ODI,Sri Lanka,Zimbabwe,Harare Sports Club
366709,2008-12-31,ODI,West Indies,New Zealand,Queenstown Events Centre
366711,2009-01-07,ODI,West Indies,New Zealand,Westpac Stadium
378753,2009-01-10,ODI,Zimbabwe,Bangladesh,Shere Bangla National Stadium
378755,2009-01-14,ODI,Sri Lanka,Bangladesh,Shere Bangla National Stadium
351684,2009-01-16,ODI,Australia,South Africa,Melbourne Cricket Ground
351685,2009-01-18,ODI,Australia,South Africa,Bellerive Oval
385749,2009-01-20,ODI,Sri Lanka,Pakistan,National Stadium
385750,2009-01-21,ODI,Sri Lanka,Pakistan,National Stadium
351686,2009-01-23,ODI,Australia,South Africa,Sydney Cricket Ground
378759,2009-01-23,ODI,Zimbabwe,Bangladesh,Shere Bangla National Stadium
385751,2009-01-24,ODI,Sri Lanka,Pakistan,Gaddafi Stadium
351687,2009-01-26,ODI,Australia,South Africa,Adelaide Oval
386530,2009-01-28,ODI,Sri Lanka,India,Rangiri Dambulla International Stadium
351688,2009-01-30,ODI,South Africa,Australia,Western Australia Cricket Association Ground
385025,2009-01-31,ODI,Kenya,Zimbabwe,Gymkhana Club Ground
386531,2009-01-31,ODI,India,Sri Lanka,R Premadasa Stadium
351689,2009-02-01,ODI,Australia,New Zealand,Western Australia Cricket Association Ground
386532,2009-02-03,ODI,India,Sri Lanka,R Premadasa Stadium
386533,2009-02-05,ODI,India,Sri Lanka,R Premadasa Stadium
351690,2009-02-06,ODI,Australia,New Zealand,Melbourne Cricket Ground
351691,2009-02-08,ODI,Australia,New Zealand,Sydney Cricket Ground
386534,2009-02-08,ODI,Sri Lanka,India,R Premadasa Stadium
351692,2009-02-10,ODI,New Zealand,Australia,Adelaide Oval
351693,2009-02-13,ODI,Australia,New Zealand,"Brisbane Cricket Ground, Woolloongabba"
366623,2009-03-03,ODI,India,New Zealand,McLean Park
366626,2009-03-06,ODI,India,New Zealand,Westpac Stadium
366627,2009-03-08,ODI,India,New Zealand,AMI Stadium
357962,2009-03-10,ODI,India,England,North Sydney Oval
366624,2009-03-11,ODI,New Zealand,India,Seddon Park
366625,2009-03-14,ODI,India,New Zealand,Eden Park
352665,2009-03-20,ODI,England,West Indies,Providence Stadium
352666,2009-03-22,ODI,West Indies,England,Providence Stadium
352667,2009-03-27,ODI,England,West Indies,"Kensington Oval, Bridgetown"
352668,2009-03-29,ODI,West Indies,England,"Kensington Oval, Bridgetown"
390204,2009-04-01,ODI,Scotland,Ireland,Willowmoore Park
350477,2009-04-03,ODI,Australia,South Africa,Kingsmead
352669,2009-04-03,ODI,England,West Indies,"Beausejour Stadium, Gros Islet"
350478,2009-04-05,ODI,Australia,South Africa,SuperSport Park
390227,2009-04-08,ODI,Canada,Scotland,Willowmoore Park
350479,2009-04-09,ODI,South Africa,Australia,Newlands
350480,2009-04-13,ODI,South Africa,Australia,St George's Park
350481,2009-04-17,ODI,Australia,South Africa,New Wanderers Stadium
392616,2009-04-22,ODI,Australia,Pakistan,Dubai Sports City Cricket Stadium
392617,2009-04-24,ODI,Pakistan,Australia,Dubai Sports City Cricket Stadium
392618,2009-04-27,ODI,Australia,Pakistan,Sheikh Zayed Stadium
392619,2009-05-01,ODI,Pakistan,Australia,Sheikh Zayed Stadium
392620,2009-05-03,ODI,Australia,Pakistan,Sheikh Zayed Stadium
380715,2009-05-24,ODI,West Indies,England,County Ground
380716,2009-05-26,ODI,England,West Indies,Edgbaston
377313,2009-06-26,ODI,India,West Indies,"Sabina Park, Kingston"
377314,2009-06-28,ODI,India,West Indies,"Sabina Park, Kingston"
383283,2009-06-29,ODI,Australia,England,County Ground
377315,2009-07-03,ODI,West Indies,India,"Beausejour Stadium, Gros Islet"
377316,2009-07-05,ODI,West Indies,India,"Beausejour Stadium, Gros Islet"
401073,2009-07-26,ODI,Bangladesh,West Indies,"Windsor Park, Roseau"
401074,2009-07-28,ODI,West Indies,Bangladesh,"Windsor Park, Roseau"
403370,2009-07-30,ODI,Sri Lanka,Pakistan,Rangiri Dambulla International Stadium
401075,2009-07-31,ODI,West Indies,Bangladesh,"Warner Park, Basseterre"
403371,2009-08-01,ODI,Pakistan,Sri Lanka,Rangiri Dambulla International Stadium
403372,2009-08-03,ODI,Pakistan,Sri Lanka,Rangiri Dambulla International Stadium
403373,2009-08-07,ODI,Pakistan,Sri Lanka,R Premadasa Stadium
403374,2009-08-09,ODI,Pakistan,Sri Lanka,R Premadasa Stadium
410337,2009-08-09,ODI,Zimbabwe,Bangladesh,Queens Sports Club
410338,2009-08-11,ODI,Bangladesh,Zimbabwe,Queens Sports Club
410339,2009-08-14,ODI,Zimbabwe,Bangladesh,Queens Sports Club
410340,2009-08-16,ODI,Zimbabwe,Bangladesh,Queens Sports Club
410341,2009-08-18,ODI,Zimbabwe,Bangladesh,Queens Sports Club
415162,2009-08-19,ODI,Kenya,Canada,Maple Leaf North-West Ground
383275,2009-08-27,ODI,England,Ireland,"Civil Service Cricket Club, Stormont"
350043,2009-09-04,ODI,Australia,England,Kennington Oval
350044,2009-09-06,ODI,Australia,England,Lord's
403380,2009-09-08,ODI,Sri Lanka,New Zealand,R Premadasa Stadium
350045,2009-09-09,ODI,England,Australia,The Rose Bowl
403382,2009-09-11,ODI,New Zealand,India,R Premadasa Stadium
350046,2009-09-12,ODI,England,Australia,Lord's
403381,2009-09-12,ODI,Sri Lanka,India,R Premadasa Stadium
403383,2009-09-14,ODI,India,Sri Lanka,R Premadasa Stadium
350047,2009-09-15,ODI,England,Australia,Trent Bridge
350048,2009-09-17,ODI,Australia,England,Trent Bridge
350049,2009-09-20,ODI,Australia,England,Riverside Ground
415273,2009-09-22,ODI,Sri Lanka,South Africa,SuperSport Park
415274,2009-09-23,ODI,West Indies,Pakistan,New Wanderers Stadium
415275,2009-09-24,ODI,New Zealand,South Africa,SuperSport Park
415276,2009-09-25,ODI,Sri Lanka,England,New Wanderers Stadium
415277,2009-09-26,ODI,Australia,West Indies,New Wanderers Stadium
415278,2009-09-26,ODI,Pakistan,India,SuperSport Park
415279,2009-09-27,ODI,New Zealand,Sri Lanka,New Wanderers Stadium
415280,2009-09-27,ODI,England,South Africa,SuperSport Park
415281,2009-09-28,ODI,Australia,India,SuperSport Park
415282,2009-09-29,ODI,England,New Zealand,New Wanderers Stadium
415283,2009-09-30,ODI,Pakistan,Australia,SuperSport Park
415284,2009-09-30,ODI,West Indies,India,New Wanderers Stadium
415285,2009-10-02,ODI,England,Australia,SuperSport Park
415286,2009-10-03,ODI,Pakistan,New Zealand,New Wanderers Stadium
415287,2009-10-05,ODI,New Zealand,Australia,SuperSport Park
423387,2009-10-21,ODI,West Indies,South Africa,Boland Bank Park
416236,2009-10-25,ODI,Australia,India,Reliance Stadium
422626,2009-10-27,ODI,Bangladesh,Zimbabwe,Shere Bangla National Stadium
416237,2009-10-28,ODI,India,Australia,"Vidarbha Cricket Association Stadium, Jamtha"
422627,2009-10-29,ODI,Zimbabwe,Bangladesh,Shere Bangla National Stadium
416238,2009-10-31,ODI,Australia,India,Feroz Shah Kotla
422628,2009-10-31,ODI,Zimbabwe,Bangladesh,Shere Bangla National Stadium
416239,2009-11-02,ODI,Australia,India,"Punjab Cricket Association Stadium, Mohali"
422629,2009-11-03,ODI,Zimbabwe,Bangladesh,Zohur Ahmed Chowdhury Stadium
426720,2009-11-03,ODI,Pakistan,New Zealand,Sheikh Zayed Stadium
416240,2009-11-05,ODI,Australia,India,"Rajiv Gandhi International Stadium, Uppal"
422630,2009-11-05,ODI,Zimbabwe,Bangladesh,Zohur Ahmed Chowdhury Stadium
426721,2009-11-06,ODI,New Zealand,Pakistan,Sheikh Zayed Stadium
416241,2009-11-08,ODI,India,Australia,Nehru Stadium
430508,2009-11-08,ODI,South Africa,Zimbabwe,Willowmoore Park
426722,2009-11-09,ODI,New Zealand,Pakistan,Sheikh Zayed Stadium
430509,2009-11-10,ODI,South Africa,Zimbabwe,SuperSport Park
387566,2009-11-22,ODI,South Africa,England,SuperSport Park
387567,2009-11-27,ODI,South Africa,England,Newlands
387568,2009-11-29,ODI,South Africa,England,St George's Park
430886,2009-12-15,ODI,India,Sri Lanka,Madhavrao Scindia Cricket Ground
430887,2009-12-18,ODI,India,Sri Lanka,"Vidarbha Cricket Association Stadium, Jamtha"
430888,2009-12-21,ODI,Sri Lanka,India,Barabati Stadium
430889,2009-12-24,ODI,Sri Lanka,India,Eden Gardens
430890,2009-12-27,ODI,Sri Lanka,India,Feroz Shah Kotla
434258,2010-01-04,ODI,Bangladesh,Sri Lanka,Shere Bangla National Stadium
434259,2010-01-05,ODI,India,Sri Lanka,Shere Bangla National Stadium
434260,2010-01-07,ODI,Bangladesh,India,Shere Bangla National Stadium
434261,2010-01-08,ODI,Bangladesh,Sri Lanka,Shere Bangla National Stadium
434262,2010-01-10,ODI,Sri Lanka,India,Shere Bangla National Stadium
434263,2010-01-11,ODI,Bangladesh,India,Shere Bangla National Stadium
434264,2010-01-13,ODI,India,Sri Lanka,Shere Bangla National Stadium
406202,2010-01-22,ODI,Pakistan,Australia,"Brisbane Cricket Ground, Woolloongabba"
406203,2010-01-24,ODI,Australia,Pakistan,Sydney Cricket Ground
406204,2010-01-26,ODI,Australia,Pakistan,Adelaide Oval
406205,2010-01-29,ODI,Australia,Pakistan,Western Australia Cricket Association Ground
406206,2010-01-31,ODI,Pakistan,Australia,Western Australia Cricket Association Ground
423783,2010-02-05,ODI,New Zealand,Bangladesh,McLean Park
406192,2010-02-07,ODI,Australia,West Indies,Melbourne Cricket Ground
423784,2010-02-08,ODI,Bangladesh,New Zealand,University Oval
406193,2010-02-09,ODI,West Indies,Australia,Adelaide Oval
423785,2010-02-11,ODI,Bangladesh,New Zealand,AMI Stadium
406194,2010-02-12,ODI,Australia,West Indies,Sydney Cricket Ground
406195,2010-02-14,ODI,Australia,West Indies,"Brisbane Cricket Ground, Woolloongabba"
406196,2010-02-19,ODI,Australia,West Indies,Melbourne Cricket Ground
441827,2010-02-21,ODI,India,South Africa,Sawai Mansingh Stadium
441828,2010-02-24,ODI,India,South Africa,Captain Roop Singh Stadium
441829,2010-02-27,ODI,South Africa,India,"Sardar Patel Stadium, Motera"
426420,2010-02-28,ODI,Bangladesh,England,Shere Bangla National Stadium
426421,2010-03-02,ODI,Bangladesh,England,Shere Bangla National Stadium
423791,2010-03-03,ODI,Australia,New Zealand,McLean Park
439140,2010-03-04,ODI,Zimbabwe,West Indies,Providence Stadium
426422,2010-03-05,ODI,England,Bangladesh,Zohur Ahmed Chowdhury Stadium
423792,2010-03-06,ODI,Australia,New Zealand,Eden Park
439141,2010-03-06,ODI,Zimbabwe,West Indies,Providence Stadium
423793,2010-03-09,ODI,New Zealand,Australia,Seddon Park
439142,2010-03-10,ODI,West Indies,Zimbabwe,"Arnos Vale Ground, Kingstown"
423794,2010-03-11,ODI,New Zealand,Australia,Eden Park
439143,2010-03-12,ODI,Zimbabwe,West Indies,"Arnos Vale Ground, Kingstown"
423795,2010-03-13,ODI,New Zealand,Australia,Westpac Stadium
439144,2010-03-14,ODI,Zimbabwe,West Indies,"Arnos Vale Ground, Kingstown"
439147,2010-05-22,ODI,South Africa,West Indies,"Sir Vivian Richards Stadium, North Sound"
439148,2010-05-24,ODI,South Africa,West Indies,"Sir Vivian Richards Stadium, North Sound"
439149,2010-05-28,ODI,South Africa,West Indies,"Windsor Park, Roseau"
452146,2010-05-28,ODI,India,Zimbabwe,Queens Sports Club
439150,2010-05-30,ODI,West Indies,South Africa,"Windsor Park, Roseau"
452147,2010-05-30,ODI,Sri Lanka,India,Queens Sports Club
452148,2010-06-01,ODI,Zimbabwe,Sri Lanka,Queens Sports Club
439151,2010-06-03,ODI,West Indies,South Africa,"Queen's Park Oval, Port of Spain"
452149,2010-06-03,ODI,India,Zimbabwe,Harare Sports Club
452150,2010-06-05,ODI,India,Sri Lanka,Harare Sports Club
452151,2010-06-07,ODI,Sri Lanka,Zimbabwe,Harare Sports Club
452152,2010-06-09,ODI,Zimbabwe,Sri Lanka,Harare Sports Club
455231,2010-06-15,ODI,Sri Lanka,Pakistan,Rangiri Dambulla International Stadium
455232,2010-06-16,ODI,Bangladesh,India,Rangiri Dambulla International Stadium
426384,2010-06-17,ODI,Australia,Ireland,Clontarf Cricket Club Ground
455233,2010-06-18,ODI,Sri Lanka,Bangladesh,Rangiri Dambulla International Stadium
455234,2010-06-19,ODI,Pakistan,India,Rangiri Dambulla International Stadium
455235,2010-06-21,ODI,Pakistan,Bangladesh,Rangiri Dambulla International Stadium
426387,2010-06-22,ODI,Australia,England,The Rose Bowl
455236,2010-06-22,ODI,India,Sri Lanka,Rangiri Dambulla International Stadium
426388,2010-06-24,ODI,Australia,England,Sophia Gardens
455237,2010-06-24,ODI,India,Sri Lanka,Rangiri Dambulla International Stadium
426389,2010-06-27,ODI,Australia,England,Old Trafford
426390,2010-06-30,ODI,Australia,England,Kennington Oval
426391,2010-07-03,ODI,Australia,England,Lord's
450379,2010-07-07,ODI,Canada,Ireland,VRA Ground
426403,2010-07-08,ODI,Bangladesh,England,Trent Bridge
426404,2010-07-10,ODI,Bangladesh,England,County Ground
426405,2010-07-12,ODI,England,Bangladesh,Edgbaston
450107,2010-07-16,ODI,Ireland,Bangladesh,"Civil Service Cricket Club, Stormont"
456662,2010-08-10,ODI,New Zealand,India,Rangiri Dambulla International Stadium
456664,2010-08-13,ODI,New Zealand,Sri Lanka,Rangiri Dambulla International Stadium
456663,2010-08-16,ODI,Sri Lanka,India,Rangiri Dambulla International Stadium
464720,2010-08-18,ODI,Netherlands,Ireland,Clontarf Cricket Club Ground
473315,2010-08-19,ODI,Sri Lanka,New Zealand,Rangiri Dambulla International Stadium
456666,2010-08-22,ODI,India,Sri Lanka,Rangiri Dambulla International Stadium
456665,2010-08-25,ODI,India,New Zealand,Rangiri Dambulla International Stadium
456668,2010-08-28,ODI,Sri Lanka,India,Rangiri Dambulla International Stadium
464723,2010-09-06,ODI,Ireland,Canada,"Toronto Cricket, Skating and Curling Club"
426428,2010-09-10,ODI,England,Pakistan,Riverside Ground
426429,2010-09-12,ODI,Pakistan,England,Headingley
426430,2010-09-17,ODI,Pakistan,England,Kennington Oval
426431,2010-09-20,ODI,Pakistan,England,Lord's
426432,2010-09-22,ODI,England,Pakistan,The Rose Bowl
476596,2010-10-05,ODI,Bangladesh,New Zealand,Shere Bangla National Stadium
476598,2010-10-11,ODI,New Zealand,Bangladesh,Shere Bangla National Stadium
476599,2010-10-14,ODI,Bangladesh,New Zealand,Shere Bangla National Stadium
463143,2010-10-15,ODI,South Africa,Zimbabwe,OUTsurance Oval
463144,2010-10-17,ODI,Zimbabwe,South Africa,Senwes Park
476600,2010-10-17,ODI,Bangladesh,New Zealand,Shere Bangla National Stadium
464529,2010-10-20,ODI,Australia,India,Dr. Y.S. Rajasekhara Reddy ACA-VDCA Cricket Stadium
463145,2010-10-22,ODI,South Africa,Zimbabwe,Willowmoore Park
461566,2010-10-29,ODI,Pakistan,South Africa,Sheikh Zayed Stadium
461567,2010-10-31,ODI,South Africa,Pakistan,Sheikh Zayed Stadium
461568,2010-11-02,ODI,South Africa,Pakistan,Dubai International Cricket Stadium
446957,2010-11-03,ODI,Australia,Sri Lanka,Melbourne Cricket Ground
446958,2010-11-05,ODI,Sri Lanka,Australia,Sydney Cricket Ground
461569,2010-11-05,ODI,South Africa,Pakistan,Dubai International Cricket Stadium
446959,2010-11-07,ODI,Sri Lanka,Australia,"Brisbane Cricket Ground, Woolloongabba"
461570,2010-11-08,ODI,South Africa,Pakistan,Dubai International Cricket Stadium
467883,2010-11-28,ODI,India,New Zealand,Nehru Stadium
467884,2010-12-01,ODI,New Zealand,India,Sawai Mansingh Stadium
486520,2010-12-01,ODI,Zimbabwe,Bangladesh,Shere Bangla National Stadium
486522,2010-12-03,ODI,Zimbabwe,Bangladesh,Shere Bangla National Stadium
467885,2010-12-04,ODI,New Zealand,India,Reliance Stadium
486523,2010-12-06,ODI,Bangladesh,Zimbabwe,Shere Bangla National Stadium
467886,2010-12-07,ODI,New Zealand,India,M Chinnaswamy Stadium
467887,2010-12-10,ODI,New Zealand,India,"MA Chidambaram Stadium, Chepauk"
486526,2010-12-12,ODI,Zimbabwe,Bangladesh,Zahur Ahmed Chowdhury Stadium
463150,2011-01-12,ODI,South Africa,India,Kingsmead
463151,2011-01-15,ODI,India,South Africa,New Wanderers Stadium
446962,2011-01-16,ODI,England,Australia,Melbourne Cricket Ground
463152,2011-01-18,ODI,South Africa,India,Newlands
446963,2011-01-21,ODI,Australia,England,Bellerive Oval
463153,2011-01-21,ODI,South Africa,India,St George's Park
473923,2011-01-22,ODI,Pakistan,New Zealand,Westpac Stadium
446964,2011-01-23,ODI,England,Australia,Sydney Cricket Ground
463154,2011-01-23,ODI,South Africa,India,SuperSport Park
446965,2011-01-26,ODI,England,Australia,Adelaide Oval
473924,2011-01-26,ODI,Pakistan,New Zealand,Queenstown Events Centre
473925,2011-01-29,ODI,Pakistan,New Zealand,AMI Stadium
446966,2011-01-30,ODI,Australia,England,"Brisbane Cricket Ground, Woolloongabba"
464990,2011-01-31,ODI,West Indies,Sri Lanka,Sinhalese Sports Club Ground
473926,2011-02-01,ODI,New Zealand,Pakistan,McLean Park
446967,2011-02-02,ODI,England,Australia,Sydney Cricket Ground
464991,2011-02-03,ODI,West Indies,Sri Lanka,Sinhalese Sports Club Ground
473927,2011-02-03,ODI,Pakistan,New Zealand,Seddon Park
473928,2011-02-05,ODI,New Zealand,Pakistan,Eden Park
446968,2011-02-06,ODI,Australia,England,Western Australia Cricket Association Ground
464992,2011-02-06,ODI,Sri Lanka,West Indies,Sinhalese Sports Club Ground
433558,2011-02-19,ODI,India,Bangladesh,Shere Bangla National Stadium
433559,2011-02-20,ODI,Kenya,New Zealand,"MA Chidambaram Stadium, Chepauk"
433560,2011-02-20,ODI,Sri Lanka,Canada,"Mahinda Rajapaksa International Cricket Stadium, Sooriyawewa"
433561,2011-02-21,ODI,Australia,Zimbabwe,"Sardar Patel Stadium, Motera"
433562,2011-02-22,ODI,Netherlands,England,"Vidarbha Cricket Association Stadium, Jamtha"
433563,2011-02-23,ODI,Pakistan,Kenya,"Mahinda Rajapaksa International Cricket Stadium, Sooriyawewa"
433564,2011-02-24,ODI,West Indies,South Africa,Feroz Shah Kotla
433565,2011-02-25,ODI,New Zealand,Australia,"Vidarbha Cricket Association Stadium, Jamtha"
433566,2011-02-25,ODI,Bangladesh,Ireland,Shere Bangla National Stadium
433567,2011-02-26,ODI,Pakistan,Sri Lanka,R Premadasa Stadium
433568,2011-02-27,ODI,India,England,M Chinnaswamy Stadium
433569,2011-02-28,ODI,West Indies,Netherlands,Feroz Shah Kotla
433570,2011-02-28,ODI,Zimbabwe,Canada,"Vidarbha Cricket Association Stadium, Jamtha"
433571,2011-03-01,ODI,Kenya,Sri Lanka,R Premadasa Stadium
433572,2011-03-02,ODI,England,Ireland,M Chinnaswamy Stadium
433573,2011-03-03,ODI,South Africa,Netherlands,"Punjab Cricket Association Stadium, Mohali"
433574,2011-03-03,ODI,Pakistan,Canada,R Premadasa Stadium
433575,2011-03-04,ODI,Zimbabwe,New Zealand,"Sardar Patel Stadium, Motera"
433576,2011-03-04,ODI,Bangladesh,West Indies,Shere Bangla National Stadium
433577,2011-03-05,ODI,Sri Lanka,Australia,R Premadasa Stadium
433578,2011-03-06,ODI,Ireland,India,M Chinnaswamy Stadium
433579,2011-03-06,ODI,England,South Africa,"MA Chidambaram Stadium, Chepauk"
433580,2011-03-07,ODI,Kenya,Canada,Feroz Shah Kotla
433581,2011-03-08,ODI,New Zealand,Pakistan,Pallekele International Cricket Stadium
433582,2011-03-09,ODI,Netherlands,India,Feroz Shah Kotla
433583,2011-03-10,ODI,Sri Lanka,Zimbabwe,Pallekele International Cricket Stadium
433584,2011-03-11,ODI,West Indies,Ireland,"Punjab Cricket Association Stadium, Mohali"
433585,2011-03-11,ODI,England,Bangladesh,Zahur Ahmed Chowdhury Stadium
433586,2011-03-12,ODI,India,South Africa,"Vidarbha Cricket Association Stadium, Jamtha"
433587,2011-03-13,ODI,New Zealand,Canada,Wankhede Stadium
433588,2011-03-13,ODI,Australia,Kenya,M Chinnaswamy Stadium
433589,2011-03-14,ODI,Zimbabwe,Pakistan,Pallekele International Cricket Stadium
433590,2011-03-14,ODI,Netherlands,Bangladesh,Zahur Ahmed Chowdhury Stadium
433591,2011-03-15,ODI,South Africa,Ireland,Eden Gardens
433592,2011-03-16,ODI,Canada,Australia,M Chinnaswamy Stadium
433593,2011-03-17,ODI,England,West Indies,"MA Chidambaram Stadium, Chepauk"
433594,2011-03-18,ODI,Sri Lanka,New Zealand,Wankhede Stadium
433595,2011-03-18,ODI,Netherlands,Ireland,Eden Gardens
433596,2011-03-19,ODI,Australia,Pakistan,R Premadasa Stadium
433597,2011-03-19,ODI,South Africa,Bangladesh,Shere Bangla National Stadium
433598,2011-03-20,ODI,Zimbabwe,Kenya,Eden Gardens
433599,2011-03-20,ODI,India,West Indies,"MA Chidambaram Stadium, Chepauk"
433600,2011-03-23,ODI,West Indies,Pakistan,Shere Bangla National Stadium
433601,2011-03-24,ODI,Australia,India,"Sardar Patel Stadium, Motera"
433602,2011-03-25,ODI,New Zealand,South Africa,Shere Bangla National Stadium
433603,2011-03-26,ODI,England,Sri Lanka,R Premadasa Stadium
433604,2011-03-29,ODI,New Zealand,Sri Lanka,R Premadasa Stadium
433605,2011-03-30,ODI,India,Pakistan,"Punjab Cricket Association Stadium, Mohali"
433606,2011-04-02,ODI,Sri Lanka,India,Wankhede Stadium
503363,2011-04-09,ODI,Australia,Bangladesh,Shere Bangla National Stadium
503364,2011-04-11,ODI,Bangladesh,Australia,Shere Bangla National Stadium
503365,2011-04-13,ODI,Australia,Bangladesh,Shere Bangla National Stadium
489213,2011-04-23,ODI,West Indies,Pakistan,"Beausejour Stadium, Gros Islet"
489214,2011-04-25,ODI,West Indies,Pakistan,"Beausejour Stadium, Gros Islet"
489215,2011-04-28,ODI,West Indies,Pakistan,"Kensington Oval, Bridgetown"
489216,2011-05-02,ODI,Pakistan,West Indies,"Kensington Oval, Bridgetown"
489217,2011-05-05,ODI,Pakistan,West Indies,Providence Stadium
489221,2011-06-06,ODI,West Indies,India,"Queen's Park Oval, Port of Spain"
489222,2011-06-08,ODI,West Indies,India,"Queen's Park Oval, Port of Spain"
489223,2011-06-11,ODI,West Indies,India,"Sir Vivian Richards Stadium, North Sound"
489224,2011-06-13,ODI,West Indies,India,"Sir Vivian Richards Stadium, North Sound"
489225,2011-06-16,ODI,India,West Indies,"Sabina Park, Kingston"
474467,2011-06-28,ODI,England,Sri Lanka,Kennington Oval
504779,2011-06-29,ODI,Netherlands,Scotland,Mannofield Park
474468,2011-07-01,ODI,Sri Lanka,England,Headingley
474469,2011-07-03,ODI,England,Sri Lanka,Lord's
474470,2011-07-06,ODI,Sri Lanka,England,Trent Bridge
474471,2011-07-09,ODI,England,Sri Lanka,Old Trafford
516206,2011-08-10,ODI,Sri Lanka,Australia,Pallekele International Cricket Stadium
522246,2011-08-12,ODI,Bangladesh,Zimbabwe,Harare Sports Club
516207,2011-08-14,ODI,Sri Lanka,Australia,"Mahinda Rajapaksa International Cricket Stadium, Sooriyawewa"
522247,2011-08-14,ODI,Bangladesh,Zimbabwe,Harare Sports Club
516208,2011-08-16,ODI,Sri Lanka,Australia,"Mahinda Rajapaksa International Cricket Stadium, Sooriyawewa"
522248,2011-08-16,ODI,Zimbabwe,Bangladesh,Harare Sports Club
522249,2011-08-19,ODI,Zimbabwe,Bangladesh,Queens Sports Club
516209,2011-08-20,ODI,Sri Lanka,Australia,R Premadasa Stadium
522250,2011-08-21,ODI,Bangladesh,Zimbabwe,Queens Sports Club
516210,2011-08-22,ODI,Australia,Sri Lanka,R Premadasa Stadium
483126,2011-08-25,ODI,England,Ireland,Clontarf Cricket Club Ground
474477,2011-09-03,ODI,India,England,Riverside Ground
474478,2011-09-06,ODI,India,England,The Rose Bowl
523732,2011-09-08,ODI,Pakistan,Zimbabwe,Queens Sports Club
474479,2011-09-09,ODI,India,England,Kennington Oval
474480,2011-09-11,ODI,India,England,Lord's
523733,2011-09-11,ODI,Zimbabwe,Pakistan,Harare Sports Club
523734,2011-09-14,ODI,Pakistan,Zimbabwe,Harare Sports Club
474481,2011-09-16,ODI,India,England,Sophia Gardens
523804,2011-09-19,ODI,Ireland,Canada,Clontarf Cricket Club Ground
523805,2011-09-20,ODI,Ireland,Canada,Clontarf Cricket Club Ground
531983,2011-10-13,ODI,West Indies,Bangladesh,Shere Bangla National Stadium
521218,2011-10-14,ODI,India,England,"Rajiv Gandhi International Stadium, Uppal"
531984,2011-10-15,ODI,Bangladesh,West Indies,Shere Bangla National Stadium
521219,2011-10-17,ODI,England,India,Feroz Shah Kotla
531985,2011-10-18,ODI,West Indies,Bangladesh,Zahur Ahmed Chowdhury Stadium
514025,2011-10-19,ODI,Australia,South Africa,SuperSport Park
521220,2011-10-20,ODI,England,India,"Punjab Cricket Association Stadium, Mohali"
527014,2011-10-20,ODI,Zimbabwe,New Zealand,Harare Sports Club
527679,2011-10-21,ODI,England,South Africa,Senwes Park
527015,2011-10-22,ODI,Zimbabwe,New Zealand,Harare Sports Club
514026,2011-10-23,ODI,South Africa,Australia,St George's Park
521221,2011-10-23,ODI,England,India,Wankhede Stadium
527680,2011-10-23,ODI,England,South Africa,Senwes Park
521222,2011-10-25,ODI,India,England,Eden Gardens
527016,2011-10-25,ODI,New Zealand,Zimbabwe,Queens Sports Club
527681,2011-10-25,ODI,South Africa,England,Senwes Park
514027,2011-10-28,ODI,South Africa,Australia,Kingsmead
530427,2011-11-11,ODI,Sri Lanka,Pakistan,Dubai International Cricket Stadium
530428,2011-11-14,ODI,Sri Lanka,Pakistan,Dubai International Cricket Stadium
530429,2011-11-18,ODI,Pakistan,Sri Lanka,Dubai International Cricket Stadium
530430,2011-11-20,ODI,Pakistan,Sri Lanka,Sharjah Cricket Stadium
530431,2011-11-23,ODI,Sri Lanka,Pakistan,Sheikh Zayed Stadium
536929,2011-11-29,ODI,West Indies,India,Barabati Stadium
538069,2011-12-01,ODI,Bangladesh,Pakistan,Shere Bangla National Stadium
536930,2011-12-02,ODI,West Indies,India,Dr. Y.S. Rajasekhara Reddy ACA-VDCA Cricket Stadium
538070,2011-12-03,ODI,Pakistan,Bangladesh,Shere Bangla National Stadium
536931,2011-12-05,ODI,West Indies,India,"Sardar Patel Stadium, Motera"
538071,2011-12-06,ODI,Pakistan,Bangladesh,Zahur Ahmed Chowdhury Stadium
536932,2011-12-08,ODI,India,West Indies,Holkar Cricket Stadium
536933,2011-12-11,ODI,India,West Indies,"MA Chidambaram Stadium, Chepauk"
514035,2012-01-11,ODI,South Africa,Sri Lanka,Boland Park
514036,2012-01-14,ODI,Sri Lanka,South Africa,Buffalo Park
514037,2012-01-17,ODI,Sri Lanka,South Africa,Chevrolet Park
514038,2012-01-20,ODI,South Africa,Sri Lanka,De Beers Diamond Oval
514039,2012-01-22,ODI,South Africa,Sri Lanka,New Wanderers Stadium
520592,2012-02-03,ODI,New Zealand,Zimbabwe,University Oval
518956,2012-02-05,ODI,Australia,India,Melbourne Cricket Ground
520593,2012-02-06,ODI,New Zealand,Zimbabwe,Cobham Oval (New)
518957,2012-02-08,ODI,Sri Lanka,India,Western Australia Cricket Association Ground
520594,2012-02-09,ODI,New Zealand,Zimbabwe,McLean Park
518958,2012-02-10,ODI,Australia,Sri Lanka,Western Australia Cricket Association Ground
518959,2012-02-12,ODI,Australia,India,Adelaide Oval
531631,2012-02-13,ODI,England,Pakistan,Sheikh Zayed Stadium
518960,2012-02-14,ODI,Sri Lanka,India,Adelaide Oval
531632,2012-02-15,ODI,England,Pakistan,Sheikh Zayed Stadium
518961,2012-02-17,ODI,Australia,Sri Lanka,Sydney Cricket Ground
531633,2012-02-18,ODI,Pakistan,England,Dubai International Cricket Stadium
543881,2012-02-18,ODI,Ireland,Kenya,Mombasa Sports Club Ground
518962,2012-02-19,ODI,Australia,India,"Brisbane Cricket Ground, Woolloongabba"
543882,2012-02-20,ODI,Ireland,Kenya,Mombasa Sports Club Ground
518963,2012-02-21,ODI,Sri Lanka,India,"Brisbane Cricket Ground, Woolloongabba"
531634,2012-02-21,ODI,Pakistan,England,Dubai International Cricket Stadium
518964,2012-02-24,ODI,Australia,Sri Lanka,Bellerive Oval
520600,2012-02-25,ODI,New Zealand,South Africa,Westpac Stadium
518965,2012-02-26,ODI,Australia,India,Sydney Cricket Ground
518966,2012-02-28,ODI,Sri Lanka,India,Bellerive Oval
520601,2012-02-29,ODI,New Zealand,South Africa,McLean Park
518967,2012-03-02,ODI,Sri Lanka,Australia,Melbourne Cricket Ground
520602,2012-03-03,ODI,New Zealand,South Africa,Eden Park
518968,2012-03-04,ODI,Australia,Sri Lanka,"Brisbane Cricket Ground, Woolloongabba"
518969,2012-03-06,ODI,Australia,Sri Lanka,Adelaide Oval
518970,2012-03-08,ODI,Australia,Sri Lanka,Adelaide Oval
535794,2012-03-11,ODI,Pakistan,Bangladesh,Shere Bangla National Stadium
535795,2012-03-13,ODI,India,Sri Lanka,Shere Bangla National Stadium
535796,2012-03-15,ODI,Sri Lanka,Pakistan,Shere Bangla National Stadium
535797,2012-03-16,ODI,India,Bangladesh,Shere Bangla National Stadium
540168,2012-03-16,ODI,Australia,West Indies,"Arnos Vale Ground, Kingstown"
535798,2012-03-18,ODI,Pakistan,India,Shere Bangla National Stadium
540169,2012-03-18,ODI,Australia,West Indies,"Arnos Vale Ground, Kingstown"
535799,2012-03-20,ODI,Sri Lanka,Bangladesh,Shere Bangla National Stadium
540170,2012-03-20,ODI,Australia,West Indies,"Arnos Vale Ground, Kingstown"
535800,2012-03-22,ODI,Pakistan,Bangladesh,Shere Bangla National Stadium
540171,2012-03-23,ODI,West Indies,Australia,"Beausejour Stadium, Gros Islet"
540172,2012-03-25,ODI,Australia,West Indies,"Beausejour Stadium, Gros Islet"
562439,2012-06-07,ODI,Sri Lanka,Pakistan,Pallekele International Cricket Stadium
562440,2012-06-09,ODI,Sri Lanka,Pakistan,Pallekele International Cricket Stadium
562441,2012-06-13,ODI,Pakistan,Sri Lanka,R Premadasa Stadium
534209,2012-06-16,ODI,England,West Indies,The Rose Bowl
562442,2012-06-16,ODI,Sri Lanka,Pakistan,R Premadasa Stadium
562443,2012-06-18,ODI,Pakistan,Sri Lanka,R Premadasa Stadium
534210,2012-06-19,ODI,West Indies,England,Kennington Oval
534214,2012-06-23,ODI,Ireland,Australia,"Civil Service Cricket Club, Stormont"
534215,2012-06-29,ODI,England,Australia,Lord's
534216,2012-07-01,ODI,Australia,England,Kennington Oval
542852,2012-07-01,ODI,England,India,Lord's
542853,2012-07-04,ODI,India,England,County Ground
542854,2012-07-05,ODI,India,England,County Ground
560923,2012-07-05,ODI,New Zealand,West Indies,"Sabina Park, Kingston"
534218,2012-07-07,ODI,Australia,England,Riverside Ground
560924,2012-07-07,ODI,West Indies,New Zealand,"Sabina Park, Kingston"
534219,2012-07-10,ODI,Australia,England,Old Trafford
542856,2012-07-11,ODI,India,England,Sir Paul Getty's Ground
560925,2012-07-11,ODI,New Zealand,West Indies,"Warner Park, Basseterre"
560926,2012-07-14,ODI,West Indies,New Zealand,"Warner Park, Basseterre"
560927,2012-07-16,ODI,West Indies,New Zealand,"Warner Park, Basseterre"
564781,2012-07-21,ODI,India,Sri Lanka,"Mahinda Rajapaksa International Cricket Stadium, Sooriyawewa"
564782,2012-07-24,ODI,India,Sri Lanka,"Mahinda Rajapaksa International Cricket Stadium, Sooriyawewa"
564783,2012-07-28,ODI,Sri Lanka,India,R Premadasa Stadium
564784,2012-07-31,ODI,Sri Lanka,India,R Premadasa Stadium
564785,2012-08-04,ODI,India,Sri Lanka,Pallekele International Cricket Stadium
534228,2012-08-24,ODI,England,South Africa,Sophia Gardens
534229,2012-08-28,ODI,South Africa,England,The Rose Bowl
571145,2012-08-28,ODI,Pakistan,Australia,Sharjah Cricket Stadium
534230,2012-08-31,ODI,South Africa,England,Kennington Oval
571146,2012-08-31,ODI,Australia,Pakistan,Sheikh Zayed Stadium
534231,2012-09-02,ODI,South Africa,England,Lord's
571147,2012-09-03,ODI,Pakistan,Australia,Sharjah Cricket Stadium
534232,2012-09-05,ODI,England,South Africa,Trent Bridge
582188,2012-11-04,ODI,New Zealand,Sri Lanka,Pallekele International Cricket Stadium
582189,2012-11-06,ODI,New Zealand,Sri Lanka,Pallekele International Cricket Stadium
582190,2012-11-10,ODI,New Zealand,Sri Lanka,"Mahinda Rajapaksa International Cricket Stadium, Sooriyawewa"
582191,2012-11-12,ODI,Sri Lanka,New Zealand,"Mahinda Rajapaksa International Cricket Stadium, Sooriyawewa"
587471,2012-11-30,ODI,West Indies,Bangladesh,Sheikh Abu Naser Stadium
587472,2012-12-02,ODI,Bangladesh,West Indies,Sheikh Abu Naser Stadium
587473,2012-12-05,ODI,Bangladesh,West Indies,Shere Bangla National Stadium
587474,2012-12-07,ODI,West Indies,Bangladesh,Shere Bangla National Stadium
587475,2012-12-08,ODI,West Indies,Bangladesh,Shere Bangla National Stadium
584546,2012-12-12,ODI,Australia,New Zealand,Sydney Cricket Ground
584547,2012-12-14,ODI,New Zealand,Australia,North Sydney Oval
584549,2012-12-19,ODI,Australia,New Zealand,North Sydney Oval
589308,2012-12-30,ODI,India,Pakistan,"MA Chidambaram Stadium, Chepauk"
589309,2013-01-03,ODI,Pakistan,India,Eden Gardens
589310,2013-01-06,ODI,India,Pakistan,Feroz Shah Kotla
565812,2013-01-11,ODI,England,India,Saurashtra Cricket Association Stadium
573014,2013-01-11,ODI,Australia,Sri Lanka,Melbourne Cricket Ground
573015,2013-01-13,ODI,Australia,Sri Lanka,Adelaide Oval
565813,2013-01-15,ODI,India,England,Nehru Stadium
573016,2013-01-18,ODI,Australia,Sri Lanka,"Brisbane Cricket Ground, Woolloongabba"
565814,2013-01-19,ODI,England,India,JSCA International Stadium Complex
567358,2013-01-19,ODI,South Africa,New Zealand,Boland Park
573017,2013-01-20,ODI,Australia,Sri Lanka,Sydney Cricket Ground
567359,2013-01-22,ODI,New Zealand,South Africa,De Beers Diamond Oval
565815,2013-01-23,ODI,England,India,"Punjab Cricket Association Stadium, Mohali"
573018,2013-01-23,ODI,Australia,Sri Lanka,Bellerive Oval
567360,2013-01-25,ODI,New Zealand,South Africa,Senwes Park
565816,2013-01-27,ODI,India,England,Himachal Pradesh Cricket Association Stadium
594891,2013-01-31,ODI,India,West Indies,Brabourne Stadium
573022,2013-02-01,ODI,West Indies,Australia,Western Australia Cricket Association Ground
594894,2013-02-01,ODI,England,Sri Lanka,Brabourne Stadium
573023,2013-02-03,ODI,Australia,West Indies,Western Australia Cricket Association Ground
594897,2013-02-03,ODI,England,India,Brabourne Stadium
594901,2013-02-05,ODI,Sri Lanka,India,Brabourne Stadium
573024,2013-02-06,ODI,Australia,West Indies,Manuka Oval
573025,2013-02-08,ODI,West Indies,Australia,Sydney Cricket Ground
594904,2013-02-08,ODI,Australia,England,Brabourne Stadium
573026,2013-02-10,ODI,Australia,West Indies,Melbourne Cricket Ground
594907,2013-02-10,ODI,Sri Lanka,Australia,Brabourne Stadium
594909,2013-02-11,ODI,West Indies,New Zealand,Brabourne Stadium
594912,2013-02-13,ODI,England,New Zealand,Brabourne Stadium
594914,2013-02-15,ODI,New Zealand,England,Brabourne Stadium
569240,2013-02-17,ODI,England,New Zealand,Seddon Park
594915,2013-02-17,ODI,Australia,West Indies,Brabourne Stadium
569241,2013-02-20,ODI,New Zealand,England,McLean Park
593983,2013-02-22,ODI,West Indies,Zimbabwe,"National Cricket Stadium, St George's"
603239,2013-02-22,ODI,Sri Lanka,West Indies,Rangiri Dambulla International Stadium
569242,2013-02-23,ODI,New Zealand,England,Eden Park
603240,2013-02-24,ODI,West Indies,Sri Lanka,Rangiri Dambulla International Stadium
593985,2013-02-26,ODI,Zimbabwe,West Indies,"National Cricket Stadium, St George's"
603241,2013-02-26,ODI,West Indies,Sri Lanka,Rangiri Dambulla International Stadium
567368,2013-03-10,ODI,South Africa,Pakistan,Chevrolet Park
592266,2013-03-11,ODI,Canada,Kenya,ICC Global Cricket Academy
567369,2013-03-15,ODI,South Africa,Pakistan,SuperSport Park
567370,2013-03-17,ODI,South Africa,Pakistan,New Wanderers Stadium
567371,2013-03-21,ODI,South Africa,Pakistan,Kingsmead
602474,2013-03-23,ODI,Bangladesh,Sri Lanka,"Mahinda Rajapaksa International Cricket Stadium, Sooriyawewa"
567372,2013-03-24,ODI,Pakistan,South Africa,Willowmoore Park
602475,2013-03-25,ODI,Sri Lanka,Bangladesh,"Mahinda Rajapaksa International Cricket Stadium, Sooriyawewa"
602476,2013-03-28,ODI,Sri Lanka,Bangladesh,Pallekele International Cricket Stadium
623573,2013-05-03,ODI,Bangladesh,Zimbabwe,Queens Sports Club
623574,2013-05-05,ODI,Bangladesh,Zimbabwe,Queens Sports Club
623575,2013-05-08,ODI,Bangladesh,Zimbabwe,Queens Sports Club
601077,2013-05-17,ODI,Pakistan,Scotland,"Grange Cricket Club Ground, Raeburn Place"
601612,2013-05-23,ODI,Pakistan,Ireland,Clontarf Cricket Club Ground
601613,2013-05-26,ODI,Ireland,Pakistan,Clontarf Cricket Club Ground
566923,2013-05-31,ODI,England,New Zealand,Lord's
566924,2013-06-02,ODI,New Zealand,England,The Rose Bowl
566925,2013-06-05,ODI,England,New Zealand,Trent Bridge
578614,2013-06-06,ODI,India,South Africa,Sophia Gardens
578615,2013-06-07,ODI,Pakistan,West Indies,Kennington Oval
578616,2013-06-08,ODI,England,Australia,Edgbaston
578617,2013-06-09,ODI,Sri Lanka,New Zealand,Sophia Gardens
578618,2013-06-10,ODI,South Africa,Pakistan,Edgbaston
578619,2013-06-11,ODI,West Indies,India,Kennington Oval
578620,2013-06-12,ODI,Australia,New Zealand,Edgbaston
578621,2013-06-13,ODI,England,Sri Lanka,Kennington Oval
578622,2013-06-14,ODI,South Africa,West Indies,Sophia Gardens
578623,2013-06-15,ODI,Pakistan,India,Edgbaston
578624,2013-06-16,ODI,England,New Zealand,Sophia Gardens
578625,2013-06-17,ODI,Sri Lanka,Australia,Kennington Oval
566946,2013-06-19,ODI,South Africa,England,Kennington Oval
566947,2013-06-20,ODI,Sri Lanka,India,Sophia Gardens
566948,2013-06-23,ODI,India,England,Edgbaston
597923,2013-06-28,ODI,Sri Lanka,West Indies,"Sabina Park, Kingston"
597924,2013-06-30,ODI,India,West Indies,"Sabina Park, Kingston"
627006,2013-07-01,ODI,England,Pakistan,Louth Cricket Club
597925,2013-07-02,ODI,Sri Lanka,India,"Sabina Park, Kingston"
627007,2013-07-03,ODI,Pakistan,England,Haslegrave Ground
597926,2013-07-05,ODI,India,West Indies,"Queen's Park Oval, Port of Spain"
597927,2013-07-07,ODI,Sri Lanka,West Indies,"Queen's Park Oval, Port of Spain"
631138,2013-07-07,ODI,Ireland,Netherlands,VRA Ground
597928,2013-07-09,ODI,India,Sri Lanka,"Queen's Park Oval, Port of Spain"
597929,2013-07-11,ODI,Sri Lanka,India,"Queen's Park Oval, Port of Spain"
645635,2013-07-14,ODI,Pakistan,West Indies,Providence Stadium
645637,2013-07-16,ODI,West Indies,Pakistan,Providence Stadium
644943,2013-07-17,ODI,Pakistan,Ireland,"Observatory Lane, Rathmines"
644945,2013-07-19,ODI,Pakistan,Ireland,YMCA Cricket Club
645639,2013-07-19,ODI,Pakistan,West Indies,"Beausejour Stadium, Gros Islet"
635653,2013-07-20,ODI,Sri Lanka,South Africa,R Premadasa Stadium
645641,2013-07-21,ODI,West Indies,Pakistan,"Beausejour Stadium, Gros Islet"
635654,2013-07-23,ODI,Sri Lanka,South Africa,R Premadasa Stadium
643665,2013-07-24,ODI,Zimbabwe,India,Harare Sports Club
645643,2013-07-24,ODI,West Indies,Pakistan,"Beausejour Stadium, Gros Islet"
635655,2013-07-26,ODI,South Africa,Sri Lanka,Pallekele International Cricket Stadium
643667,2013-07-26,ODI,India,Zimbabwe,Harare Sports Club
635656,2013-07-28,ODI,South Africa,Sri Lanka,Pallekele International Cricket Stadium
643669,2013-07-28,ODI,Zimbabwe,India,Harare Sports Club
635657,2013-07-31,ODI,Sri Lanka,South Africa,R Premadasa Stadium
643675,2013-08-01,ODI,Zimbabwe,India,Queens Sports Club
643677,2013-08-03,ODI,Zimbabwe,India,Queens Sports Club
593723,2013-08-20,ODI,Australia,England,Lord's
593724,2013-08-23,ODI,England,Australia,County Ground
593725,2013-08-25,ODI,Australia,England,County Ground
659549,2013-08-27,ODI,Pakistan,Zimbabwe,Harare Sports Club
660825,2013-08-27,ODI,Netherlands,Canada,Maple Leaf North-West Ground
659551,2013-08-29,ODI,Pakistan,Zimbabwe,Harare Sports Club
660827,2013-08-29,ODI,Canada,Netherlands,Maple Leaf North-West Ground
659553,2013-08-31,ODI,Pakistan,Zimbabwe,Harare Sports Club
566940,2013-09-03,ODI,Ireland,England,"The Village, Malahide"
660837,2013-09-06,ODI,Scotland,Ireland,"Civil Service Cricket Club, Stormont"
566942,2013-09-08,ODI,Australia,England,Old Trafford
566943,2013-09-11,ODI,England,Australia,Edgbaston
566944,2013-09-14,ODI,Australia,England,Sophia Gardens
566945,2013-09-16,ODI,Australia,England,The Rose Bowl
664299,2013-09-20,ODI,Bangladesh,South Africa,Willowmoore Park
664303,2013-09-24,ODI,Bangladesh,South Africa,SuperSport Park
647249,2013-10-13,ODI,Australia,India,Maharashtra Cricket Association Stadium
647251,2013-10-16,ODI,Australia,India,Sawai Mansingh Stadium
647253,2013-10-19,ODI,India,Australia,"Punjab Cricket Association Stadium, Mohali"
647255,2013-10-23,ODI,Australia,India,JSCA International Stadium Complex
668511,2013-10-26,ODI,South Africa,Sri Lanka,Senwes Park
668513,2013-10-28,ODI,Sri Lanka,South Africa,Senwes Park
668953,2013-10-29,ODI,Bangladesh,New Zealand,Shere Bangla National Stadium
647259,2013-10-30,ODI,Australia,India,"Vidarbha Cricket Association Stadium, Jamtha"
649091,2013-10-30,ODI,South Africa,Pakistan,Sharjah Cricket Stadium
668955,2013-10-31,ODI,Bangladesh,New Zealand,Shere Bangla National Stadium
649093,2013-11-01,ODI,Pakistan,South Africa,Dubai International Cricket Stadium
647261,2013-11-02,ODI,India,Australia,M Chinnaswamy Stadium
668957,2013-11-03,ODI,New Zealand,Bangladesh,Khan Shaheb Osman Ali Stadium
649095,2013-11-06,ODI,South Africa,Pakistan,Sheikh Zayed Stadium
649097,2013-11-08,ODI,South Africa,Pakistan,Sheikh Zayed Stadium
668961,2013-11-10,ODI,Sri Lanka,New Zealand,"Mahinda Rajapaksa International Cricket Stadium, Sooriyawewa"
649099,2013-11-11,ODI,South Africa,Pakistan,Sharjah Cricket Stadium
668963,2013-11-12,ODI,Sri Lanka,New Zealand,"Mahinda Rajapaksa International Cricket Stadium, Sooriyawewa"
668965,2013-11-16,ODI,Sri Lanka,New Zealand,Rangiri Dambulla International Stadium
676529,2013-11-21,ODI,West Indies,India,Nehru Stadium
676531,2013-11-24,ODI,India,West Indies,Dr. Y.S. Rajasekhara Reddy ACA-VDCA Cricket Stadium
685731,2013-11-24,ODI,Pakistan,South Africa,Newlands
676533,2013-11-27,ODI,West Indies,India,Green Park
685733,2013-11-27,ODI,Pakistan,South Africa,St George's Park
685735,2013-11-30,ODI,Pakistan,South Africa,SuperSport Park
648651,2013-12-05,ODI,South Africa,India,New Wanderers Stadium
648653,2013-12-08,ODI,South Africa,India,Kingsmead
648655,2013-12-11,ODI,South Africa,India,SuperSport Park
657637,2013-12-18,ODI,Pakistan,Sri Lanka,Sharjah Cricket Stadium
657639,2013-12-20,ODI,Pakistan,Sri Lanka,Dubai International Cricket Stadium
657641,2013-12-22,ODI,Pakistan,Sri Lanka,Sharjah Cricket Stadium
657643,2013-12-25,ODI,Sri Lanka,Pakistan,Sheikh Zayed Stadium
661685,2013-12-26,ODI,New Zealand,West Indies,Eden Park
657645,2013-12-27,ODI,Pakistan,Sri Lanka,Sheikh Zayed Stadium
661689,2014-01-01,ODI,New Zealand,West Indies,Queenstown Events Centre
661691,2014-01-04,ODI,New Zealand,West Indies,Saxton Oval
661693,2014-01-08,ODI,West Indies,New Zealand,Seddon Park
636159,2014-01-12,ODI,England,Australia,Melbourne Cricket Ground
636160,2014-01-17,ODI,England,Australia,"Brisbane Cricket Ground, Woolloongabba"
636161,2014-01-19,ODI,England,Australia,Sydney Cricket Ground
667641,2014-01-19,ODI,New Zealand,India,McLean Park
667643,2014-01-22,ODI,New Zealand,India,Seddon Park
666041,2014-01-23,ODI,Australia,England,Melbourne Cricket Ground
696731,2014-01-23,ODI,Scotland,Canada,Hagley Oval
696733,2014-01-23,ODI,Netherlands,Kenya,Bert Sutcliffe Oval
636162,2014-01-24,ODI,England,Australia,Western Australia Cricket Association Ground
667645,2014-01-25,ODI,New Zealand,India,Eden Park
636163,2014-01-26,ODI,Australia,England,Adelaide Oval
667647,2014-01-28,ODI,India,New Zealand,Seddon Park
696747,2014-01-28,ODI,Canada,Netherlands,Bay Oval
696759,2014-01-30,ODI,Kenya,Scotland,Hagley Oval
667649,2014-01-31,ODI,New Zealand,India,Westpac Stadium
690355,2014-02-17,ODI,Sri Lanka,Bangladesh,Shere Bangla National Stadium
690357,2014-02-20,ODI,Sri Lanka,Bangladesh,Shere Bangla National Stadium
690359,2014-02-22,ODI,Bangladesh,Sri Lanka,Shere Bangla National Stadium
702139,2014-02-23,ODI,Ireland,West Indies,"Sabina Park, Kingston"
710291,2014-02-25,ODI,Sri Lanka,Pakistan,Khan Shaheb Osman Ali Stadium
710293,2014-02-26,ODI,Bangladesh,India,Khan Shaheb Osman Ali Stadium
636533,2014-02-28,ODI,West Indies,England,"Sir Vivian Richards Stadium, North Sound"
710297,2014-02-28,ODI,India,Sri Lanka,Khan Shaheb Osman Ali Stadium
636534,2014-03-02,ODI,West Indies,England,"Sir Vivian Richards Stadium, North Sound"
710301,2014-03-02,ODI,India,Pakistan,Shere Bangla National Stadium
710305,2014-03-04,ODI,Bangladesh,Pakistan,Shere Bangla National Stadium
636535,2014-03-05,ODI,England,West Indies,"Sir Vivian Richards Stadium, North Sound"
710309,2014-03-06,ODI,Bangladesh,Sri Lanka,Shere Bangla National Stadium
710311,2014-03-08,ODI,Pakistan,Sri Lanka,Shere Bangla National Stadium
736511,2014-05-04,ODI,Hong Kong,United Arab Emirates,Kinrara Academy Oval
706767,2014-05-06,ODI,Sri Lanka,Ireland,"Clontarf Cricket Club Ground, Dublin"
684679,2014-05-09,ODI,England,Scotland,Mannofield Park
667889,2014-05-22,ODI,England,Sri Lanka,Kennington Oval
667891,2014-05-25,ODI,Sri Lanka,England,Riverside Ground
667893,2014-05-28,ODI,Sri Lanka,England,Old Trafford
667895,2014-05-31,ODI,Sri Lanka,England,Lord's
667897,2014-06-03,ODI,England,Sri Lanka,Edgbaston
744679,2014-06-15,ODI,Bangladesh,India,Shere Bangla National Stadium
744681,2014-06-17,ODI,India,Bangladesh,Shere Bangla National Stadium
744683,2014-06-19,ODI,India,Bangladesh,Shere Bangla National Stadium
730083,2014-07-06,ODI,South Africa,Sri Lanka,R Premadasa Stadium
730085,2014-07-09,ODI,Sri Lanka,South Africa,Pallekele International Cricket Stadium
730087,2014-07-12,ODI,South Africa,Sri Lanka,"Mahinda Rajapaksa International Cricket Stadium, Sooriyawewa"
736437,2014-08-17,ODI,South Africa,Zimbabwe,Queens Sports Club
736439,2014-08-19,ODI,South Africa,Zimbabwe,Queens Sports Club
730287,2014-08-20,ODI,Bangladesh,West Indies,"National Cricket Stadium, St George's"
722389,2014-08-21,ODI,India,England,North Marine Road Ground
736441,2014-08-21,ODI,Zimbabwe,South Africa,Queens Sports Club
730289,2014-08-22,ODI,West Indies,Bangladesh,"National Cricket Stadium, St George's"
722391,2014-08-23,ODI,England,India,North Marine Road Ground
745159,2014-08-23,ODI,Sri Lanka,Pakistan,"Mahinda Rajapaksa International Cricket Stadium, Sooriyawewa"
754787,2014-08-23,ODI,Pakistan,Australia,Peter Burge Oval
730291,2014-08-25,ODI,West Indies,Bangladesh,"Warner Park, Basseterre"
736443,2014-08-25,ODI,Australia,Zimbabwe,Harare Sports Club
745161,2014-08-26,ODI,Sri Lanka,Pakistan,"Mahinda Rajapaksa International Cricket Stadium, Sooriyawewa"
754789,2014-08-26,ODI,Pakistan,Australia,Peter Burge Oval
667723,2014-08-27,ODI,India,England,Sophia Gardens
736445,2014-08-27,ODI,Australia,South Africa,Harare Sports Club
736447,2014-08-29,ODI,South Africa,Zimbabwe,Harare Sports Club
667725,2014-08-30,ODI,England,India,Trent Bridge
745163,2014-08-30,ODI,Pakistan,Sri Lanka,Rangiri Dambulla International Stadium
736449,2014-08-31,ODI,Australia,Zimbabwe,Harare Sports Club
667727,2014-09-02,ODI,England,India,Edgbaston
736451,2014-09-02,ODI,Australia,South Africa,Harare Sports Club
736453,2014-09-04,ODI,South Africa,Zimbabwe,Harare Sports Club
667729,2014-09-05,ODI,England,India,Headingley
736455,2014-09-06,ODI,Australia,South Africa,Harare Sports Club
727935,2014-09-08,ODI,Scotland,Ireland,"The Village, Malahide"
727937,2014-09-10,ODI,Scotland,Ireland,"The Village, Malahide"
727939,2014-09-12,ODI,Ireland,Scotland,"The Village, Malahide"
727919,2014-10-07,ODI,Australia,Pakistan,Sharjah Cricket Stadium
770121,2014-10-08,ODI,West Indies,India,Nehru Stadium
727921,2014-10-10,ODI,Pakistan,Australia,Dubai International Cricket Stadium
770123,2014-10-11,ODI,India,West Indies,Feroz Shah Kotla
727923,2014-10-12,ODI,Australia,Pakistan,Sheikh Zayed Stadium
757505,2014-10-17,ODI,Sri Lanka,South Africa,Sinhalese Sports Club Ground
770127,2014-10-17,ODI,India,West Indies,Himachal Pradesh Cricket Association Stadium
757507,2014-10-19,ODI,South Africa,Sri Lanka,Sinhalese Sports Club Ground
749771,2014-10-21,ODI,New Zealand,South Africa,Bay Oval
757509,2014-10-21,ODI,Sri Lanka,South Africa,Sinhalese Sports Club Ground
749773,2014-10-24,ODI,South Africa,New Zealand,Bay Oval
749775,2014-10-27,ODI,South Africa,New Zealand,Seddon Park
792289,2014-11-02,ODI,India,Sri Lanka,Barabati Stadium
792291,2014-11-06,ODI,Sri Lanka,India,"Sardar Patel Stadium, Motera"
792293,2014-11-09,ODI,Sri Lanka,India,"Rajiv Gandhi International Stadium, Uppal"
754809,2014-11-11,ODI,West Indies,Australia,Hurstville Oval
754811,2014-11-13,ODI,Australia,West Indies,Hurstville Oval
792295,2014-11-13,ODI,India,Sri Lanka,Eden Gardens
754723,2014-11-14,ODI,Australia,South Africa,Western Australia Cricket Association Ground
754725,2014-11-16,ODI,Australia,South Africa,Western Australia Cricket Association Ground
754813,2014-11-16,ODI,West Indies,Australia,Bradman Oval
792297,2014-11-16,ODI,Sri Lanka,India,JSCA International Stadium Complex
754815,2014-11-18,ODI,Australia,West Indies,Bradman Oval
754727,2014-11-19,ODI,Australia,South Africa,Manuka Oval
754729,2014-11-21,ODI,South Africa,Australia,Melbourne Cricket Ground
760787,2014-11-21,ODI,Bangladesh,Zimbabwe,Zahur Ahmed Chowdhury Stadium
754731,2014-11-23,ODI,South Africa,Australia,Sydney Cricket Ground
760789,2014-11-23,ODI,Bangladesh,Zimbabwe,Zahur Ahmed Chowdhury Stadium
750663,2014-11-26,ODI,Sri Lanka,England,R Premadasa Stadium
760791,2014-11-26,ODI,Bangladesh,Zimbabwe,Shere Bangla National Stadium
760793,2014-11-28,ODI,Bangladesh,Zimbabwe,Shere Bangla National Stadium
750665,2014-11-29,ODI,England,Sri Lanka,R Premadasa Stadium
760795,2014-12-01,ODI,Zimbabwe,Bangladesh,Shere Bangla National Stadium
750667,2014-12-03,ODI,Sri Lanka,England,"Mahinda Rajapaksa International Cricket Stadium, Sooriyawewa"
750669,2014-12-07,ODI,England,Sri Lanka,R Premadasa Stadium
742619,2014-12-08,ODI,New Zealand,Pakistan,Dubai International Cricket Stadium
750671,2014-12-10,ODI,Sri Lanka,England,Pallekele International Cricket Stadium
742621,2014-12-12,ODI,Pakistan,New Zealand,Sharjah Cricket Stadium
750673,2014-12-13,ODI,Sri Lanka,England,Pallekele International Cricket Stadium
742623,2014-12-14,ODI,Pakistan,New Zealand,Sharjah Cricket Stadium
750675,2014-12-16,ODI,Sri Lanka,England,R Premadasa Stadium
742625,2014-12-17,ODI,New Zealand,Pakistan,Sheikh Zayed Stadium
742627,2014-12-19,ODI,New Zealand,Pakistan,Sheikh Zayed Stadium
749781,2015-01-11,ODI,Sri Lanka,New Zealand,Hagley Oval
808863,2015-01-11,ODI,Pakistan,Sri Lanka,Sharjah Cricket Stadium
810829,2015-01-12,ODI,Scotland,Ireland,Dubai International Cricket Stadium
808865,2015-01-13,ODI,Sri Lanka,Pakistan,Sharjah Cricket Stadium
749783,2015-01-15,ODI,New Zealand,Sri Lanka,Seddon Park
722339,2015-01-16,ODI,South Africa,West Indies,Kingsmead
754751,2015-01-16,ODI,England,Australia,Sydney Cricket Ground
749785,2015-01-17,ODI,New Zealand,Sri Lanka,Eden Park
722341,2015-01-18,ODI,South Africa,West Indies,New Wanderers Stadium
754749,2015-01-18,ODI,India,Australia,Melbourne Cricket Ground
749787,2015-01-20,ODI,Sri Lanka,New Zealand,Saxton Oval
754753,2015-01-20,ODI,India,England,"Brisbane Cricket Ground, Woolloongabba"
722343,2015-01-21,ODI,West Indies,South Africa,Buffalo Park
749789,2015-01-23,ODI,New Zealand,Sri Lanka,University Oval
754755,2015-01-23,ODI,England,Australia,Bellerive Oval
722345,2015-01-25,ODI,South Africa,West Indies,St George's Park
749791,2015-01-25,ODI,New Zealand,Sri Lanka,University Oval
754757,2015-01-26,ODI,India,Australia,Sydney Cricket Ground
722347,2015-01-28,ODI,South Africa,West Indies,SuperSport Park
749793,2015-01-29,ODI,Sri Lanka,New Zealand,Westpac Stadium
754759,2015-01-30,ODI,India,England,Western Australia Cricket Association Ground
749795,2015-01-31,ODI,Pakistan,New Zealand,Westpac Stadium
754761,2015-02-01,ODI,Australia,England,Western Australia Cricket Association Ground
749797,2015-02-03,ODI,New Zealand,Pakistan,McLean Park
656399,2015-02-14,ODI,New Zealand,Sri Lanka,Hagley Oval
656401,2015-02-14,ODI,Australia,England,Melbourne Cricket Ground
656403,2015-02-15,ODI,South Africa,Zimbabwe,Seddon Park
656405,2015-02-15,ODI,India,Pakistan,Adelaide Oval
656407,2015-02-16,ODI,West Indies,Ireland,Saxton Oval
656409,2015-02-17,ODI,Scotland,New Zealand,University Oval
656413,2015-02-19,ODI,United Arab Emirates,Zimbabwe,Saxton Oval
656415,2015-02-20,ODI,England,New Zealand,Westpac Stadium
656417,2015-02-21,ODI,West Indies,Pakistan,Hagley Oval
656423,2015-02-22,ODI,India,South Africa,Melbourne Cricket Ground
656425,2015-02-23,ODI,England,Scotland,Hagley Oval
656427,2015-02-24,ODI,West Indies,Zimbabwe,Manuka Oval
656429,2015-02-25,ODI,United Arab Emirates,Ireland,"Brisbane Cricket Ground, Woolloongabba"
656433,2015-02-26,ODI,Sri Lanka,Bangladesh,Melbourne Cricket Ground
656435,2015-02-27,ODI,South Africa,West Indies,Sydney Cricket Ground
656437,2015-02-28,ODI,Australia,New Zealand,Eden Park
656439,2015-02-28,ODI,United Arab Emirates,India,Western Australia Cricket Association Ground
656441,2015-03-01,ODI,England,Sri Lanka,Westpac Stadium
656443,2015-03-01,ODI,Pakistan,Zimbabwe,"Brisbane Cricket Ground, Woolloongabba"
656445,2015-03-03,ODI,South Africa,Ireland,Manuka Oval
656447,2015-03-04,ODI,Pakistan,United Arab Emirates,McLean Park
656451,2015-03-05,ODI,Scotland,Bangladesh,Saxton Oval
656453,2015-03-06,ODI,West Indies,India,Western Australia Cricket Association Ground
656455,2015-03-07,ODI,Pakistan,South Africa,Eden Park
656457,2015-03-07,ODI,Ireland,Zimbabwe,Bellerive Oval
656461,2015-03-08,ODI,Australia,Sri Lanka,Sydney Cricket Ground
656463,2015-03-09,ODI,Bangladesh,England,Adelaide Oval
656465,2015-03-10,ODI,Ireland,India,Seddon Park
656467,2015-03-11,ODI,Sri Lanka,Scotland,Bellerive Oval
656469,2015-03-12,ODI,South Africa,United Arab Emirates,Westpac Stadium
656471,2015-03-13,ODI,Bangladesh,New Zealand,Seddon Park
656475,2015-03-14,ODI,Zimbabwe,India,Eden Park
656477,2015-03-14,ODI,Scotland,Australia,Bellerive Oval
656479,2015-03-15,ODI,United Arab Emirates,West Indies,McLean Park
656481,2015-03-15,ODI,Ireland,Pakistan,Adelaide Oval
828245,2015-03-17,ODI,Pakistan,South Africa,Sharjah Cricket Stadium
656483,2015-03-18,ODI,Sri Lanka,South Africa,Sydney Cricket Ground
656485,2015-03-19,ODI,India,Bangladesh,Melbourne Cricket Ground
656487,2015-03-20,ODI,Pakistan,Australia,Adelaide Oval
656489,2015-03-21,ODI,New Zealand,West Indies,Westpac Stadium
656491,2015-03-24,ODI,South Africa,New Zealand,Eden Park
656493,2015-03-26,ODI,Australia,India,Sydney Cricket Ground
656495,2015-03-29,ODI,New Zealand,Australia,Melbourne Cricket Ground
858485,2015-04-17,ODI,Bangladesh,Pakistan,Shere Bangla National Stadium
858487,2015-04-19,ODI,Pakistan,Bangladesh,Shere Bangla National Stadium
858489,2015-04-22,ODI,Pakistan,Bangladesh,Shere Bangla National Stadium
760889,2015-05-08,ODI,Ireland,England,"The Village, Malahide"
868727,2015-05-26,ODI,Pakistan,Zimbabwe,Gaddafi Stadium
868729,2015-05-29,ODI,Zimbabwe,Pakistan,Gaddafi Stadium
868731,2015-05-31,ODI,Pakistan,Zimbabwe,Gaddafi Stadium
743943,2015-06-09,ODI,England,New Zealand,Edgbaston
743945,2015-06-12,ODI,New Zealand,England,Kennington Oval
743947,2015-06-14,ODI,England,New Zealand,The Rose Bowl
743949,2015-06-17,ODI,New Zealand,England,Trent Bridge
870731,2015-06-18,ODI,Bangladesh,India,Shere Bangla National Stadium
743951,2015-06-20,ODI,New Zealand,England,Riverside Ground
870733,2015-06-21,ODI,India,Bangladesh,Shere Bangla National Stadium
870735,2015-06-24,ODI,India,Bangladesh,Shere Bangla National Stadium
872481,2015-07-06,ODI,New Zealand,India,M Chinnaswamy Stadium
872483,2015-07-08,ODI,New Zealand,India,M Chinnaswamy Stadium
817207,2015-07-10,ODI,Bangladesh,South Africa,Shere Bangla National Stadium
885959,2015-07-10,ODI,India,Zimbabwe,Harare Sports Club
860269,2015-07-11,ODI,Sri Lanka,Pakistan,Rangiri Dambulla International Stadium
817209,2015-07-12,ODI,South Africa,Bangladesh,Shere Bangla National Stadium
885965,2015-07-12,ODI,India,Zimbabwe,Harare Sports Club
885967,2015-07-14,ODI,India,Zimbabwe,Harare Sports Club
817211,2015-07-15,ODI,South Africa,Bangladesh,Zahur Ahmed Chowdhury Stadium
860271,2015-07-15,ODI,Pakistan,Sri Lanka,Pallekele International Cricket Stadium
860273,2015-07-19,ODI,Pakistan,Sri Lanka,R Premadasa Stadium
798369,2015-07-21,ODI,Australia,England,County Ground
860275,2015-07-22,ODI,Sri Lanka,Pakistan,R Premadasa Stadium
798371,2015-07-23,ODI,Australia,England,County Ground
798373,2015-07-26,ODI,Australia,England,"County Ground, New Road"
860277,2015-07-26,ODI,Sri Lanka,Pakistan,"Mahinda Rajapaksa International Cricket Stadium, Sooriyawewa"
894287,2015-08-02,ODI,New Zealand,Zimbabwe,Harare Sports Club
894289,2015-08-04,ODI,Zimbabwe,New Zealand,Harare Sports Club
894291,2015-08-07,ODI,New Zealand,Zimbabwe,Harare Sports Club
848843,2015-08-19,ODI,South Africa,New Zealand,SuperSport Park
848845,2015-08-23,ODI,South Africa,New Zealand,Senwes Park
848847,2015-08-26,ODI,South Africa,New Zealand,Kingsmead
743973,2015-08-27,ODI,Australia,Ireland,"Civil Service Cricket Club, Stormont"
743977,2015-09-03,ODI,Australia,England,The Rose Bowl
743979,2015-09-05,ODI,Australia,England,Lord's
743981,2015-09-08,ODI,England,Australia,Old Trafford
743983,2015-09-11,ODI,Australia,England,Headingley
743985,2015-09-13,ODI,England,Australia,Old Trafford
919607,2015-10-01,ODI,Pakistan,Zimbabwe,Harare Sports Club
919609,2015-10-03,ODI,Zimbabwe,Pakistan,Harare Sports Club
919611,2015-10-05,ODI,Zimbabwe,Pakistan,Harare Sports Club
923327,2015-10-06,ODI,Bangladesh,Pakistan,Southend Club Cricket Stadium
919613,2015-10-09,ODI,Ireland,Zimbabwe,Harare Sports Club
903593,2015-10-11,ODI,South Africa,India,Green Park
919615,2015-10-11,ODI,Ireland,Zimbabwe,Harare Sports Club
919617,2015-10-13,ODI,Zimbabwe,Ireland,Harare Sports Club
903595,2015-10-14,ODI,India,South Africa,Holkar Cricket Stadium
903597,2015-10-18,ODI,South Africa,India,Saurashtra Cricket Association Stadium
903599,2015-10-22,ODI,India,South Africa,"MA Chidambaram Stadium, Chepauk"
903601,2015-10-25,ODI,South Africa,India,Wankhede Stadium
915777,2015-11-01,ODI,West Indies,Sri Lanka,R Premadasa Stadium
916645,2015-11-03,ODI,New Zealand,Sri Lanka,Bert Sutcliffe Oval
915779,2015-11-04,ODI,West Indies,Sri Lanka,R Premadasa Stadium
916647,2015-11-05,ODI,Sri Lanka,New Zealand,Bert Sutcliffe Oval
915781,2015-11-07,ODI,West Indies,Sri Lanka,Pallekele International Cricket Stadium
931390,2015-11-07,ODI,Bangladesh,Zimbabwe,Shere Bangla National Stadium
931392,2015-11-09,ODI,Bangladesh,Zimbabwe,Shere Bangla National Stadium
902641,2015-11-11,ODI,England,Pakistan,Sheikh Zayed Stadium
931394,2015-11-11,ODI,Bangladesh,Zimbabwe,Shere Bangla National Stadium
902643,2015-11-13,ODI,England,Pakistan,Sheikh Zayed Stadium
911049,2015-11-16,ODI,Hong Kong,United Arab Emirates,ICC Academy
902645,2015-11-17,ODI,Pakistan,England,Sharjah Cricket Stadium
902647,2015-11-20,ODI,England,Pakistan,Dubai International Cricket Stadium
914207,2015-12-26,ODI,Sri Lanka,New Zealand,Hagley Oval
914209,2015-12-28,ODI,Sri Lanka,New Zealand,Hagley Oval
914211,2015-12-31,ODI,New Zealand,Sri Lanka,Saxton Oval
914213,2016-01-02,ODI,New Zealand,Sri Lanka,Saxton Oval
914215,2016-01-05,ODI,New Zealand,Sri Lanka,Bay Oval
895807,2016-01-12,ODI,India,Australia,Western Australia Cricket Association Ground
895809,2016-01-15,ODI,India,Australia,"Brisbane Cricket Ground, Woolloongabba"
895811,2016-01-17,ODI,India,Australia,Melbourne Cricket Ground
895813,2016-01-20,ODI,Australia,India,Manuka Oval
895815,2016-01-23,ODI,Australia,India,Sydney Cricket Ground
914227,2016-01-25,ODI,New Zealand,Pakistan,Basin Reserve
914265,2016-01-31,ODI,Pakistan,New Zealand,Eden Park
800469,2016-02-03,ODI,England,South Africa,Mangaung Oval
914231,2016-02-03,ODI,New Zealand,Australia,Eden Park
800471,2016-02-06,ODI,South Africa,England,St George's Park
914233,2016-02-06,ODI,New Zealand,Australia,Westpac Stadium
895797,2016-02-07,ODI,Australia,India,Bellerive Oval
907375,2016-02-07,ODI,South Africa,England,Willowmoore Park
914235,2016-02-08,ODI,New Zealand,Australia,Seddon Park
800473,2016-02-09,ODI,England,South Africa,SuperSport Park
800475,2016-02-12,ODI,England,South Africa,New Wanderers Stadium
800477,2016-02-14,ODI,England,South Africa,Newlands
916661,2016-02-20,ODI,New Zealand,Australia,Bay Oval
916663,2016-02-22,ODI,New Zealand,Australia,Bay Oval
907389,2016-02-24,ODI,West Indies,South Africa,Buffalo Park
907391,2016-02-27,ODI,West Indies,South Africa,Buffalo Park
907393,2016-02-29,ODI,South Africa,West Indies,Buffalo Park
932849,2016-06-03,ODI,South Africa,West Indies,Providence Stadium
932851,2016-06-05,ODI,West Indies,Australia,Providence Stadium
932853,2016-06-07,ODI,South Africa,Australia,Providence Stadium
1007649,2016-06-11,ODI,Zimbabwe,India,Harare Sports Club
932855,2016-06-11,ODI,Australia,South Africa,"Warner Park, Basseterre"
1007651,2016-06-13,ODI,Zimbabwe,India,Harare Sports Club
932857,2016-06-13,ODI,Australia,West Indies,"Warner Park, Basseterre"
1007653,2016-06-15,ODI,Zimbabwe,India,Harare Sports Club
932859,2016-06-15,ODI,South Africa,West Indies,"Warner Park, Basseterre"
913621,2016-06-18,ODI,Sri Lanka,Ireland,"The Village, Malahide"
932861,2016-06-19,ODI,South Africa,Australia,"Kensington Oval, Bridgetown"
946545,2016-06-20,ODI,Pakistan,England,Grace Road
913623,2016-06-21,ODI,Sri Lanka,England,Trent Bridge
932863,2016-06-21,ODI,West Indies,Australia,"Kensington Oval, Bridgetown"
946547,2016-06-22,ODI,England,Pakistan,"County Ground, New Road"
913625,2016-06-24,ODI,Sri Lanka,England,Edgbaston
932865,2016-06-24,ODI,West Indies,South Africa,"Kensington Oval, Bridgetown"
913627,2016-06-26,ODI,Sri Lanka,England,County Ground
932867,2016-06-26,ODI,Australia,West Indies,"Kensington Oval, Bridgetown"
946549,2016-06-27,ODI,England,Pakistan,County Ground
913629,2016-06-29,ODI,Sri Lanka,England,Kennington Oval
913631,2016-07-02,ODI,England,Sri Lanka,Sophia Gardens
962017,2016-08-11,ODI,South Africa,Ireland,The Hills Cricket Club Ground
997993,2016-08-14,ODI,Scotland,United Arab Emirates,"Grange Cricket Club Ground, Raeburn Place"
997995,2016-08-16,ODI,United Arab Emirates,Scotland,"Grange Cricket Club Ground, Raeburn Place"
913649,2016-08-18,ODI,Pakistan,Ireland,"The Village, Malahide"
995457,2016-08-21,ODI,Sri Lanka,Australia,R Premadasa Stadium
913653,2016-08-24,ODI,Pakistan,England,The Rose Bowl
995459,2016-08-24,ODI,Sri Lanka,Australia,R Premadasa Stadium
913655,2016-08-27,ODI,Pakistan,England,Lord's
995461,2016-08-28,ODI,Sri Lanka,Australia,Rangiri Dambulla International Stadium
913657,2016-08-30,ODI,England,Pakistan,Trent Bridge
995463,2016-08-31,ODI,Sri Lanka,Australia,Rangiri Dambulla International Stadium
913659,2016-09-01,ODI,Pakistan,England,Headingley
913661,2016-09-04,ODI,England,Pakistan,Sophia Gardens
995465,2016-09-04,ODI,Sri Lanka,Australia,Pallekele International Cricket Stadium
1004283,2016-09-08,ODI,Scotland,Hong Kong,"Grange Cricket Club Ground, Raeburn Place"
1004285,2016-09-10,ODI,Scotland,Hong Kong,"Grange Cricket Club Ground, Raeburn Place"
1044203,2016-09-18,ODI,Sri Lanka,Australia,Rangiri Dambulla International Stadium
1044209,2016-09-25,ODI,Australia,Sri Lanka,Khettarama Stadium
936131,2016-09-25,ODI,South Africa,Ireland,Willowmoore Park
936133,2016-09-27,ODI,Ireland,Australia,Willowmoore Park
1050223,2016-09-30,ODI,Pakistan,West Indies,Sharjah Cricket Stadium
936135,2016-09-30,ODI,Australia,South Africa,SuperSport Park
1050225,2016-10-02,ODI,Pakistan,West Indies,Sharjah Cricket Stadium
936137,2016-10-02,ODI,South Africa,Australia,New Wanderers Stadium
1050227,2016-10-05,ODI,Pakistan,West Indies,Sheikh Zayed Stadium
936139,2016-10-05,ODI,Australia,South Africa,Kingsmead
1029819,2016-10-07,ODI,England,Bangladesh,Shere Bangla National Stadium
1029821,2016-10-09,ODI,Bangladesh,England,Shere Bangla National Stadium
936141,2016-10-09,ODI,Australia,South Africa,St George's Park
935813,2016-10-11,ODI,New Zealand,South Africa,Diamond Oval
1029823,2016-10-12,ODI,Bangladesh,England,Zahur Ahmed Chowdhury Stadium
936143,2016-10-12,ODI,South Africa,Australia,Newlands
1030219,2016-10-16,ODI,New Zealand,India,Himachal Pradesh Cricket Association Stadium
935817,2016-10-17,ODI,South Africa,New Zealand,Boland Park
935819,2016-10-19,ODI,New Zealand,South Africa,Boland Park
1030221,2016-10-20,ODI,New Zealand,India,Feroz Shah Kotla
935821,2016-10-22,ODI,New Zealand,South Africa,Boland Park
1030223,2016-10-23,ODI,New Zealand,India,"Punjab Cricket Association Stadium, Mohali"
935823,2016-10-24,ODI,New Zealand,South Africa,Boland Park
1030225,2016-10-26,ODI,New Zealand,India,JSCA International Stadium Complex
1030227,2016-10-29,ODI,India,New Zealand,Dr. Y.S. Rajasekhara Reddy ACA-VDCA Cricket Stadium
1026847,2016-11-04,ODI,Hong Kong,Papua New Guinea,"Mission Road Ground, Mong Kok"
1026849,2016-11-06,ODI,Papua New Guinea,Hong Kong,"Mission Road Ground, Mong Kok"
1026851,2016-11-08,ODI,Papua New Guinea,Hong Kong,"Mission Road Ground, Mong Kok"
1062580,2016-11-09,ODI,Sri Lanka,England,Sinhalese Sports Club Ground
1050607,2016-11-11,ODI,New Zealand,Pakistan,Bert Sutcliffe Oval
1050609,2016-11-13,ODI,Pakistan,New Zealand,Bert Sutcliffe Oval
1059710,2016-11-14,ODI,Zimbabwe,Sri Lanka,Harare Sports Club
1059195,2016-11-15,ODI,Sri Lanka,England,R Premadasa Stadium
1059711,2016-11-16,ODI,West Indies,Sri Lanka,Harare Sports Club
1050611,2016-11-17,ODI,Pakistan,New Zealand,Saxton Oval
1059196,2016-11-17,ODI,England,Sri Lanka,R Premadasa Stadium
1043953,2016-11-18,ODI,South Africa,Australia,Manuka Oval
1059712,2016-11-19,ODI,Zimbabwe,West Indies,Queens Sports Club
1043955,2016-11-20,ODI,Australia,South Africa,Manuka Oval
1059713,2016-11-21,ODI,Zimbabwe,Sri Lanka,Queens Sports Club
1059714,2016-11-23,ODI,Sri Lanka,West Indies,Queens Sports Club
1059715,2016-11-25,ODI,Zimbabwe,West Indies,Queens Sports Club
1059716,2016-11-27,ODI,Zimbabwe,Sri Lanka,Queens Sports Club
1043961,2016-11-29,ODI,Australia,South Africa,International Sports Stadium
1001371,2016-12-04,ODI,Australia,New Zealand,Sydney Cricket Ground
1001373,2016-12-06,ODI,Australia,New Zealand,Manuka Oval
1001375,2016-12-09,ODI,Australia,New Zealand,Melbourne Cricket Ground
1019973,2016-12-26,ODI,New Zealand,Bangladesh,Hagley Oval
1019975,2016-12-29,ODI,New Zealand,Bangladesh,Saxton Oval
1019977,2016-12-31,ODI,Bangladesh,New Zealand,Saxton Oval
1000887,2017-01-13,ODI,Australia,Pakistan,"Brisbane Cricket Ground, Woolloongabba"
1000889,2017-01-15,ODI,Australia,Pakistan,Melbourne Cricket Ground
1034819,2017-01-15,ODI,England,India,Maharashtra Cricket Association Stadium
1041523,2017-01-18,ODI,South Africa,Bangladesh,Sheikh Kamal International Cricket Stadium
1000891,2017-01-19,ODI,Pakistan,Australia,Western Australia Cricket Association Ground
1034821,2017-01-19,ODI,India,England,Barabati Stadium
1041525,2017-01-20,ODI,Bangladesh,South Africa,Sheikh Kamal International Cricket Stadium
1000893,2017-01-22,ODI,Australia,Pakistan,Sydney Cricket Ground
1034823,2017-01-22,ODI,England,India,Eden Gardens
1078659,2017-01-22,ODI,Scotland,Hong Kong,Sheikh Zayed Stadium
1078660,2017-01-24,ODI,Scotland,United Arab Emirates,Dubai International Cricket Stadium
1000895,2017-01-26,ODI,Australia,Pakistan,Adelaide Oval
1078661,2017-01-26,ODI,Hong Kong,United Arab Emirates,Dubai International Cricket Stadium
936159,2017-01-28,ODI,Sri Lanka,South Africa,St George's Park
1020013,2017-01-30,ODI,New Zealand,Australia,Eden Park
936161,2017-02-01,ODI,South Africa,Sri Lanka,Kingsmead
936163,2017-02-04,ODI,Sri Lanka,South Africa,New Wanderers Stadium
1020017,2017-02-05,ODI,New Zealand,Australia,Seddon Park
1073401,2017-02-07,ODI,India,Sri Lanka,P Sara Oval
1073403,2017-02-07,ODI,South Africa,Pakistan,Nondescripts Cricket Club Ground
936165,2017-02-07,ODI,South Africa,Sri Lanka,Newlands
1073405,2017-02-08,ODI,Sri Lanka,Ireland,Nondescripts Cricket Club Ground
1073408,2017-02-08,ODI,Pakistan,Bangladesh,P Sara Oval
1073411,2017-02-10,ODI,India,Ireland,P Sara Oval
936167,2017-02-10,ODI,South Africa,Sri Lanka,SuperSport Park
1073413,2017-02-11,ODI,Bangladesh,South Africa,P Sara Oval
1073421,2017-02-15,ODI,India,South Africa,P Sara Oval
1073422,2017-02-15,ODI,Pakistan,Sri Lanka,Nondescripts Cricket Club Ground
1073423,2017-02-15,ODI,Ireland,Bangladesh,Colombo Cricket Club Ground
1073424,2017-02-17,ODI,Sri Lanka,South Africa,P Sara Oval
1073425,2017-02-17,ODI,Bangladesh,India,Nondescripts Cricket Club Ground
1073426,2017-02-17,ODI,Pakistan,Ireland,Colombo Cricket Club Ground
1020031,2017-02-19,ODI,New Zealand,South Africa,Seddon Park
1073427,2017-02-19,ODI,Pakistan,India,P Sara Oval
1073428,2017-02-19,ODI,Sri Lanka,Bangladesh,Nondescripts Cricket Club Ground
1073429,2017-02-19,ODI,Ireland,South Africa,Colombo Cricket Club Ground
1073430,2017-02-21,ODI,South Africa,India,P Sara Oval
1020033,2017-02-22,ODI,New Zealand,South Africa,Hagley Oval
1020035,2017-02-25,ODI,South Africa,New Zealand,Westpac Stadium
1050623,2017-02-26,ODI,Australia,New Zealand,Eden Park No 2
1020037,2017-03-01,ODI,South Africa,New Zealand,Seddon Park
1050625,2017-03-02,ODI,New Zealand,Australia,Bay Oval
1080630,2017-03-02,ODI,Ireland,United Arab Emirates,ICC Global Cricket Academy
1027315,2017-03-03,ODI,England,West Indies,"Sir Vivian Richards Stadium, North Sound"
1020039,2017-03-04,ODI,New Zealand,South Africa,Eden Park
1080631,2017-03-04,ODI,United Arab Emirates,Ireland,ICC Global Cricket Academy
1027317,2017-03-05,ODI,West Indies,England,"Sir Vivian Richards Stadium, North Sound"
1050627,2017-03-05,ODI,New Zealand,Australia,Bay Oval
1027319,2017-03-09,ODI,England,West Indies,"Kensington Oval, Bridgetown"
1083446,2017-03-25,ODI,Bangladesh,Sri Lanka,Rangiri Dambulla International Stadium
1083447,2017-03-28,ODI,Sri Lanka,Bangladesh,Rangiri Dambulla International Stadium
1083448,2017-04-01,ODI,Sri Lanka,Bangladesh,Sinhalese Sports Club Ground
1068737,2017-04-02,ODI,Papua New Guinea,United Arab Emirates,Sheikh Zayed Stadium
1089183,2017-04-04,ODI,United Arab Emirates,Papua New Guinea,Sheikh Zayed Stadium
1077949,2017-04-07,ODI,Pakistan,West Indies,Providence Stadium
1077950,2017-04-09,ODI,Pakistan,West Indies,Providence Stadium
1077951,2017-04-11,ODI,West Indies,Pakistan,Providence Stadium
1029001,2017-05-05,ODI,Ireland,England,County Ground
1029003,2017-05-07,ODI,England,Ireland,Lord's
1089521,2017-05-07,ODI,Ireland,India,North-West University No1 Ground
1089522,2017-05-09,ODI,South Africa,India,North-West University No1 Ground
1089524,2017-05-11,ODI,South Africa,Ireland,Senwes Park
1033361,2017-05-12,ODI,Bangladesh,Ireland,Malahide
1033363,2017-05-14,ODI,New Zealand,Ireland,Malahide
1033365,2017-05-17,ODI,Bangladesh,New Zealand,Clontarf Cricket Club Ground
1089528,2017-05-17,ODI,South Africa,India,Senwes Park
1033367,2017-05-19,ODI,Ireland,Bangladesh,Malahide
1089530,2017-05-19,ODI,South Africa,Ireland,North-West University No1 Ground
1033369,2017-05-21,ODI,New Zealand,Ireland,Malahide
1089533,2017-05-21,ODI,South Africa,India,Senwes Park
1031425,2017-05-24,ODI,England,South Africa,Headingley
1033371,2017-05-24,ODI,New Zealand,Bangladesh,Clontarf Cricket Club Ground
1031427,2017-05-27,ODI,England,South Africa,The Rose Bowl
1031429,2017-05-29,ODI,England,South Africa,Lord's
1022347,2017-06-01,ODI,Bangladesh,England,Kennington Oval
1022349,2017-06-02,ODI,New Zealand,Australia,Edgbaston
1022351,2017-06-03,ODI,South Africa,Sri Lanka,Kennington Oval
1022353,2017-06-04,ODI,India,Pakistan,Edgbaston
1022355,2017-06-05,ODI,Bangladesh,Australia,Kennington Oval
1022357,2017-06-06,ODI,England,New Zealand,Sophia Gardens
1022359,2017-06-07,ODI,South Africa,Pakistan,Edgbaston
1022361,2017-06-08,ODI,India,Sri Lanka,Kennington Oval
1022363,2017-06-09,ODI,New Zealand,Bangladesh,Sophia Gardens
1022365,2017-06-10,ODI,Australia,England,Edgbaston
1022367,2017-06-11,ODI,South Africa,India,Kennington Oval
1022369,2017-06-12,ODI,Sri Lanka,Pakistan,Sophia Gardens
1022371,2017-06-14,ODI,England,Pakistan,Sophia Gardens
1022373,2017-06-15,ODI,Bangladesh,India,Edgbaston
1089419,2017-06-15,ODI,Scotland,Zimbabwe,"Grange Cricket Club Ground, Raeburn Place"
1089420,2017-06-17,ODI,Scotland,Zimbabwe,"Grange Cricket Club Ground, Raeburn Place"
1022375,2017-06-18,ODI,Pakistan,India,Kennington Oval
1098206,2017-06-23,ODI,India,West Indies,"Queen's Park Oval, Port of Spain"
1085945,2017-06-24,ODI,Sri Lanka,New Zealand,County Ground
1085946,2017-06-24,ODI,India,England,County Ground
1085947,2017-06-25,ODI,Pakistan,South Africa,Grace Road
1098207,2017-06-25,ODI,India,West Indies,"Queen's Park Oval, Port of Spain"
1085948,2017-06-26,ODI,West Indies,Australia,County Ground
1085949,2017-06-27,ODI,England,Pakistan,Grace Road
1085951,2017-06-29,ODI,West Indies,India,County Ground
1085952,2017-06-29,ODI,Sri Lanka,Australia,County Ground
1098208,2017-06-30,ODI,India,West Indies,"Sir Vivian Richards Stadium, North Sound"
1104478,2017-06-30,ODI,Sri Lanka,Zimbabwe,Galle International Stadium
1085953,2017-07-02,ODI,Sri Lanka,England,County Ground
1085954,2017-07-02,ODI,New Zealand,Australia,County Ground
1085955,2017-07-02,ODI,India,Pakistan,County Ground
1085956,2017-07-02,ODI,West Indies,South Africa,Grace Road
1098209,2017-07-02,ODI,West Indies,India,"Sir Vivian Richards Stadium, North Sound"
1104479,2017-07-02,ODI,Zimbabwe,Sri Lanka,Galle International Stadium
1085957,2017-07-05,ODI,England,South Africa,County Ground
1085958,2017-07-05,ODI,India,Sri Lanka,County Ground
1085959,2017-07-05,ODI,Australia,Pakistan,Grace Road
1085960,2017-07-06,ODI,West Indies,New Zealand,County Ground
1098210,2017-07-06,ODI,West Indies,India,"Sabina Park, Kingston"
1104480,2017-07-06,ODI,Zimbabwe,Sri Lanka,"Mahinda Rajapaksa International Cricket Stadium, Sooriyawewa"
1085961,2017-07-08,ODI,Pakistan,New Zealand,County Ground
1085962,2017-07-08,ODI,South Africa,India,Grace Road
1104481,2017-07-08,ODI,Sri Lanka,Zimbabwe,"Mahinda Rajapaksa International Cricket Stadium, Sooriyawewa"
1085963,2017-07-09,ODI,England,Australia,County Ground
1085964,2017-07-09,ODI,West Indies,Sri Lanka,County Ground
1104482,2017-07-10,ODI,Sri Lanka,Zimbabwe,"Mahinda Rajapaksa International Cricket Stadium, Sooriyawewa"
1085965,2017-07-11,ODI,West Indies,Pakistan,Grace Road
1085966,2017-07-12,ODI,Sri Lanka,South Africa,County Ground
1085967,2017-07-12,ODI,India,Australia,County Ground
1085968,2017-07-12,ODI,England,New Zealand,County Ground
1085969,2017-07-15,ODI,Australia,South Africa,County Ground
1085970,2017-07-15,ODI,England,West Indies,County Ground
1085971,2017-07-15,ODI,India,New Zealand,County Ground
1085972,2017-07-15,ODI,Sri Lanka,Pakistan,Grace Road
1085973,2017-07-18,ODI,South Africa,England,County Ground
1085974,2017-07-20,ODI,India,Australia,County Ground
1085975,2017-07-23,ODI,England,India,Lord's
1109605,2017-08-20,ODI,Sri Lanka,India,Rangiri Dambulla International Stadium
1109606,2017-08-24,ODI,Sri Lanka,India,Pallekele International Cricket Stadium
1109607,2017-08-27,ODI,Sri Lanka,India,Pallekele International Cricket Stadium
1109608,2017-08-31,ODI,India,Sri Lanka,"R.Premadasa Stadium, Khettarama"
1109609,2017-09-03,ODI,Sri Lanka,India,"R.Premadasa Stadium, Khettarama"
1119496,2017-09-17,ODI,India,Australia,"MA Chidambaram Stadium, Chepauk"
1031667,2017-09-19,ODI,West Indies,England,Old Trafford
1031669,2017-09-21,ODI,England,West Indies,Trent Bridge
1119497,2017-09-21,ODI,India,Australia,Eden Gardens
1031671,2017-09-24,ODI,England,West Indies,County Ground
1119498,2017-09-24,ODI,Australia,India,Holkar Cricket Stadium
1031673,2017-09-27,ODI,West Indies,England,Kennington Oval
1119499,2017-09-28,ODI,Australia,India,M.Chinnaswamy Stadium
1031675,2017-09-29,ODI,West Indies,England,The Rose Bowl
1119500,2017-10-01,ODI,Australia,India,"Vidarbha Cricket Association Stadium, Jamtha"
1120286,2017-10-13,ODI,Pakistan,Sri Lanka,Dubai International Cricket Stadium
1075504,2017-10-15,ODI,Bangladesh,South Africa,Diamond Oval
1120287,2017-10-16,ODI,Pakistan,Sri Lanka,Sheikh Zayed Stadium
1075505,2017-10-18,ODI,South Africa,Bangladesh,Boland Park
1120288,2017-10-18,ODI,Sri Lanka,Pakistan,Sheikh Zayed Stadium
1120289,2017-10-20,ODI,Sri Lanka,Pakistan,Sharjah Cricket Stadium
1075506,2017-10-22,ODI,South Africa,Bangladesh,Buffalo Park
1086063,2017-10-22,ODI,England,Australia,Allan Border Field
1120090,2017-10-22,ODI,India,New Zealand,Wankhede Stadium
1120290,2017-10-23,ODI,Sri Lanka,Pakistan,Sharjah Cricket Stadium
1120091,2017-10-25,ODI,New Zealand,India,Maharashtra Cricket Association Stadium
1086064,2017-10-26,ODI,Australia,England,International Sports Stadium
1120092,2017-10-29,ODI,India,New Zealand,Green Park
1122904,2017-10-31,ODI,New Zealand,Pakistan,Sharjah Cricket Stadium
1122905,2017-11-02,ODI,Pakistan,New Zealand,Sharjah Cricket Stadium
1122906,2017-11-05,ODI,New Zealand,Pakistan,Sharjah Cricket Stadium
1124089,2017-12-06,ODI,Hong Kong,Papua New Guinea,ICC Academy
1122726,2017-12-10,ODI,India,Sri Lanka,Himachal Pradesh Cricket Association Stadium
1122727,2017-12-13,ODI,India,Sri Lanka,"Punjab Cricket Association IS Bindra Stadium, Mohali"
1122728,2017-12-17,ODI,Sri Lanka,India,Dr. Y.S. Rajasekhara Reddy ACA-VDCA Cricket Stadium
1115795,2017-12-20,ODI,West Indies,New Zealand,Cobham Oval (New)
1115796,2017-12-23,ODI,New Zealand,West Indies,Hagley Oval
1115797,2017-12-26,ODI,New Zealand,West Indies,Hagley Oval
1115802,2018-01-06,ODI,New Zealand,Pakistan,Basin Reserve
1115803,2018-01-09,ODI,Pakistan,New Zealand,Saxton Oval
1131274,2018-01-11,ODI,United Arab Emirates,Ireland,ICC Academy
1115804,2018-01-13,ODI,New Zealand,Pakistan,University Oval
1131275,2018-01-13,ODI,Ireland,United Arab Emirates,ICC Academy
1072310,2018-01-14,ODI,Australia,England,Melbourne Cricket Ground
1130737,2018-01-15,ODI,Zimbabwe,Bangladesh,"Shere Bangla National Stadium, Mirpur"
1115805,2018-01-16,ODI,Pakistan,New Zealand,Seddon Park
1131276,2018-01-16,ODI,Scotland,Ireland,ICC Academy
1130738,2018-01-17,ODI,Zimbabwe,Sri Lanka,"Shere Bangla National Stadium, Mirpur"
1131277,2018-01-18,ODI,Ireland,Scotland,ICC Academy
1072311,2018-01-19,ODI,Australia,England,"Brisbane Cricket Ground, Woolloongabba"
1115806,2018-01-19,ODI,New Zealand,Pakistan,Basin Reserve
1130739,2018-01-19,ODI,Bangladesh,Sri Lanka,"Shere Bangla National Stadium, Mirpur"
1072312,2018-01-21,ODI,England,Australia,Sydney Cricket Ground
1130740,2018-01-21,ODI,Zimbabwe,Sri Lanka,"Shere Bangla National Stadium, Mirpur"
1131278,2018-01-21,ODI,Scotland,United Arab Emirates,ICC Academy
1130741,2018-01-23,ODI,Bangladesh,Zimbabwe,"Shere Bangla National Stadium, Mirpur"
1131279,2018-01-23,ODI,Scotland,United Arab Emirates,ICC Academy
1130742,2018-01-25,ODI,Bangladesh,Sri Lanka,"Shere Bangla National Stadium, Mirpur"
1072313,2018-01-26,ODI,England,Australia,Adelaide Oval
1130743,2018-01-27,ODI,Sri Lanka,Bangladesh,"Shere Bangla National Stadium, Mirpur"
1072314,2018-01-28,ODI,England,Australia,Perth Stadium
1122279,2018-02-01,ODI,South Africa,India,Kingsmead
1122280,2018-02-04,ODI,South Africa,India,SuperSport Park
1122281,2018-02-07,ODI,India,South Africa,Newlands
1122282,2018-02-10,ODI,India,South Africa,The Wanderers Stadium
1122283,2018-02-13,ODI,India,South Africa,St George's Park
1122284,2018-02-16,ODI,South Africa,India,SuperSport Park
1115775,2018-02-25,ODI,England,New Zealand,Seddon Park
1115776,2018-02-28,ODI,New Zealand,England,Bay Oval
1115777,2018-03-03,ODI,England,New Zealand,Westpac Stadium
1134540,2018-03-04,ODI,United Arab Emirates,Papua New Guinea,Harare Sports Club
1138191,2018-03-04,ODI,New Zealand,West Indies,Bert Sutcliffe Oval
1133002,2018-03-06,ODI,Papua New Guinea,Ireland,Harare Sports Club
1133003,2018-03-06,ODI,West Indies,United Arab Emirates,Old Hararians
1133005,2018-03-06,ODI,Hong Kong,Scotland,Bulawayo Athletic Club
1115778,2018-03-07,ODI,England,New Zealand,University Oval
1133007,2018-03-08,ODI,Papua New Guinea,West Indies,Old Hararians
1138192,2018-03-08,ODI,West Indies,New Zealand,Bert Sutcliffe Oval
1115779,2018-03-10,ODI,New Zealand,England,Hagley Oval
1133010,2018-03-10,ODI,West Indies,Ireland,Harare Sports Club
1133012,2018-03-10,ODI,Zimbabwe,Hong Kong,Queens Sports Club
1138193,2018-03-11,ODI,New Zealand,West Indies,Hagley Oval
1131232,2018-03-12,ODI,India,Australia,Reliance Stadium
1133015,2018-03-12,ODI,Ireland,United Arab Emirates,Old Hararians
1133017,2018-03-12,ODI,Zimbabwe,Scotland,Queens Sports Club
1131233,2018-03-15,ODI,Australia,India,Reliance Stadium
1133019,2018-03-15,ODI,Scotland,United Arab Emirates,Queens Sports Club
1133022,2018-03-16,ODI,Zimbabwe,Ireland,Harare Sports Club
1133023,2018-03-17,ODI,Papua New Guinea,Hong Kong,Old Hararians
1133025,2018-03-18,ODI,Ireland,Scotland,Harare Sports Club
1133026,2018-03-19,ODI,Zimbabwe,West Indies,Harare Sports Club
1133028,2018-03-21,ODI,West Indies,Scotland,Harare Sports Club
1133029,2018-03-22,ODI,United Arab Emirates,Zimbabwe,Harare Sports Club
1138200,2018-03-22,ODI,Pakistan,Sri Lanka,Rangiri Dambulla International Stadium
1138201,2018-03-24,ODI,Pakistan,Sri Lanka,Rangiri Dambulla International Stadium
1131777,2018-04-09,ODI,India,England,"Vidarbha Cricket Association Stadium, Jamtha"
1131778,2018-04-12,ODI,England,India,"Vidarbha Cricket Association Stadium, Jamtha"
1144435,2018-05-04,ODI,South Africa,Bangladesh,Senwes Park
1144436,2018-05-06,ODI,Bangladesh,South Africa,Senwes Park
1144437,2018-05-09,ODI,Bangladesh,South Africa,Diamond Oval
1144438,2018-05-11,ODI,South Africa,Bangladesh,Diamond Oval
1144439,2018-05-14,ODI,Bangladesh,South Africa,Mangaung Oval
1126717,2018-06-09,ODI,England,South Africa,"County Ground, New Road"
1145892,2018-06-10,ODI,New Zealand,Ireland,The Vineyard
1126718,2018-06-12,ODI,England,South Africa,County Ground
1119537,2018-06-13,ODI,Australia,England,Kennington Oval
1126719,2018-06-15,ODI,South Africa,England,St Lawrence Ground
1119538,2018-06-16,ODI,England,Australia,Sophia Gardens
1119539,2018-06-19,ODI,England,Australia,Trent Bridge
1119540,2018-06-21,ODI,Australia,England,Riverside Ground
1119541,2018-06-24,ODI,Australia,England,Old Trafford
1126727,2018-07-07,ODI,England,New Zealand,Headingley
1126728,2018-07-10,ODI,England,New Zealand,County Ground
1119546,2018-07-12,ODI,England,India,Trent Bridge
1126729,2018-07-13,ODI,England,New Zealand,Grace Road
1142920,2018-07-13,ODI,Pakistan,Zimbabwe,Queens Sports Club
1119547,2018-07-14,ODI,England,India,Lord's
1142921,2018-07-16,ODI,Zimbabwe,Pakistan,Queens Sports Club
1119548,2018-07-17,ODI,India,England,Headingley
1142922,2018-07-18,ODI,Zimbabwe,Pakistan,Queens Sports Club
1142923,2018-07-20,ODI,Pakistan,Zimbabwe,Queens Sports Club
1142924,2018-07-22,ODI,Pakistan,Zimbabwe,Queens Sports Club
1146720,2018-07-22,ODI,Bangladesh,West Indies,Providence Stadium
1146721,2018-07-25,ODI,West Indies,Bangladesh,Providence Stadium
1146722,2018-07-28,ODI,Bangladesh,West Indies,"Warner Park, Basseterre"
1142584,2018-07-29,ODI,Sri Lanka,South Africa,Rangiri Dambulla International Stadium
1142585,2018-08-01,ODI,Sri Lanka,South Africa,Rangiri Dambulla International Stadium
1142586,2018-08-05,ODI,South Africa,Sri Lanka,Pallekele International Cricket Stadium
1142587,2018-08-08,ODI,Sri Lanka,South Africa,Pallekele International Cricket Stadium
1142588,2018-08-12,ODI,Sri Lanka,South Africa,"R.Premadasa Stadium, Khettarama"
1154649,2018-08-30,ODI,United Arab Emirates,Nepal,Kinrara Academy Oval
1157706,2018-09-11,ODI,Sri Lanka,India,Galle International Stadium
1157707,2018-09-13,ODI,India,Sri Lanka,Galle International Stadium
1153243,2018-09-15,ODI,Bangladesh,Sri Lanka,Dubai International Cricket Stadium
1153244,2018-09-16,ODI,Hong Kong,Pakistan,Dubai International Cricket Stadium
1156212,2018-09-16,ODI,South Africa,West Indies,"Kensington Oval, Bridgetown"
1157708,2018-09-16,ODI,India,Sri Lanka,Chilaw Marians Cricket Club Ground
1153246,2018-09-18,ODI,India,Hong Kong,Dubai International Cricket Stadium
1153247,2018-09-19,ODI,Pakistan,India,Dubai International Cricket Stadium
1153249,2018-09-21,ODI,Bangladesh,India,Dubai International Cricket Stadium
1156214,2018-09-22,ODI,West Indies,South Africa,"Kensington Oval, Bridgetown"
1153251,2018-09-23,ODI,Pakistan,India,Dubai International Cricket Stadium
1153254,2018-09-26,ODI,Bangladesh,Pakistan,Sheikh Zayed Stadium
1153255,2018-09-28,ODI,Bangladesh,India,Dubai International Cricket Stadium
1144146,2018-09-30,ODI,Zimbabwe,South Africa,Diamond Oval
1144147,2018-10-03,ODI,South Africa,Zimbabwe,Mangaung Oval
1144148,2018-10-06,ODI,Zimbabwe,South Africa,Boland Park
1140379,2018-10-10,ODI,England,Sri Lanka,Rangiri Dambulla International Stadium
1140380,2018-10-13,ODI,England,Sri Lanka,Rangiri Dambulla International Stadium
1140381,2018-10-17,ODI,Sri Lanka,England,Pallekele International Cricket Stadium
1161228,2018-10-18,ODI,Pakistan,Australia,Kinrara Academy Oval
1140382,2018-10-20,ODI,Sri Lanka,England,Pallekele International Cricket Stadium
1161229,2018-10-20,ODI,Australia,Pakistan,Kinrara Academy Oval
1153635,2018-10-21,ODI,Bangladesh,Zimbabwe,"Shere Bangla National Stadium, Mirpur"
1157754,2018-10-21,ODI,West Indies,India,Barsapara Cricket Stadium
1161230,2018-10-22,ODI,Australia,Pakistan,Kinrara Academy Oval
1140383,2018-10-23,ODI,Sri Lanka,England,"R.Premadasa Stadium, Khettarama"
1153636,2018-10-24,ODI,Zimbabwe,Bangladesh,Zahur Ahmed Chowdhury Stadium
1157755,2018-10-24,ODI,India,West Indies,Dr. Y.S. Rajasekhara Reddy ACA-VDCA Cricket Stadium
1153637,2018-10-26,ODI,Zimbabwe,Bangladesh,Zahur Ahmed Chowdhury Stadium
1157756,2018-10-27,ODI,West Indies,India,Maharashtra Cricket Association Stadium
1157757,2018-10-29,ODI,India,West Indies,Brabourne Stadium
1157758,2018-11-01,ODI,West Indies,India,Greenfield International Stadium
1144986,2018-11-04,ODI,Australia,South Africa,Perth Stadium
1157378,2018-11-07,ODI,New Zealand,Pakistan,Sheikh Zayed Stadium
1144987,2018-11-09,ODI,Australia,South Africa,Adelaide Oval
1157379,2018-11-09,ODI,New Zealand,Pakistan,Sheikh Zayed Stadium
1144988,2018-11-11,ODI,South Africa,Australia,Bellerive Oval
1157380,2018-11-11,ODI,Pakistan,New Zealand,Dubai International Cricket Stadium
1153314,2018-12-09,ODI,West Indies,Bangladesh,"Shere Bangla National Stadium, Mirpur"
1153315,2018-12-11,ODI,Bangladesh,West Indies,"Shere Bangla National Stadium, Mirpur"
1153316,2018-12-14,ODI,West Indies,Bangladesh,Sylhet International Cricket Stadium
1153840,2019-01-03,ODI,New Zealand,Sri Lanka,Bay Oval
1153841,2019-01-05,ODI,New Zealand,Sri Lanka,Bay Oval
1153842,2019-01-08,ODI,New Zealand,Sri Lanka,Saxton Oval
1144997,2019-01-12,ODI,Australia,India,Sydney Cricket Ground
1144998,2019-01-15,ODI,Australia,India,Adelaide Oval
1144999,2019-01-18,ODI,Australia,India,Melbourne Cricket Ground
1144156,2019-01-19,ODI,South Africa,Pakistan,St George's Park
1144157,2019-01-22,ODI,Pakistan,South Africa,Kingsmead
1153691,2019-01-23,ODI,New Zealand,India,McLean Park
1153855,2019-01-24,ODI,New Zealand,India,McLean Park
1144158,2019-01-25,ODI,Pakistan,South Africa,SuperSport Park
1170454,2019-01-25,ODI,Nepal,United Arab Emirates,ICC Academy
1153692,2019-01-26,ODI,India,New Zealand,Bay Oval
1170455,2019-01-26,ODI,Nepal,United Arab Emirates,ICC Academy
1144159,2019-01-27,ODI,South Africa,Pakistan,The Wanderers Stadium
1153693,2019-01-28,ODI,New Zealand,India,Bay Oval
1170456,2019-01-28,ODI,United Arab Emirates,Nepal,ICC Academy
1153856,2019-01-29,ODI,New Zealand,India,Bay Oval
1144160,2019-01-30,ODI,Pakistan,South Africa,Newlands
1153694,2019-01-31,ODI,India,New Zealand,Seddon Park
1153857,2019-02-01,ODI,India,New Zealand,Seddon Park
1153695,2019-02-03,ODI,India,New Zealand,Westpac Stadium
1172210,2019-02-07,ODI,West Indies,Pakistan,Dubai International Cricket Stadium
1172211,2019-02-09,ODI,Pakistan,West Indies,ICC Academy
1168164,2019-02-11,ODI,South Africa,Sri Lanka,Senwes Park
1153844,2019-02-13,ODI,Bangladesh,New Zealand,McLean Park
1168165,2019-02-14,ODI,South Africa,Sri Lanka,Senwes Park
1153845,2019-02-16,ODI,Bangladesh,New Zealand,Hagley Oval
1168166,2019-02-17,ODI,Sri Lanka,South Africa,Senwes Park
1153846,2019-02-20,ODI,New Zealand,Bangladesh,University Oval
1158066,2019-02-20,ODI,West Indies,England,"Kensington Oval, Barbados"
1144982,2019-02-22,ODI,Australia,New Zealand,W.A.C.A. Ground
1158067,2019-02-22,ODI,West Indies,England,"Kensington Oval, Barbados"
1172160,2019-02-22,ODI,India,England,Wankhede Stadium
1144983,2019-02-24,ODI,Australia,New Zealand,Karen Rolton Oval
1172161,2019-02-25,ODI,England,India,Wankhede Stadium
1158069,2019-02-27,ODI,England,West Indies,"National Cricket Stadium, Grenada"
1172162,2019-02-28,ODI,India,England,Wankhede Stadium
1158070,2019-03-02,ODI,England,West Indies,"Darren Sammy National Cricket Stadium, St Lucia"
1168242,2019-03-02,ODI,Australia,India,"Rajiv Gandhi International Stadium, Uppal"
1144167,2019-03-03,ODI,Sri Lanka,South Africa,The Wanderers Stadium
1144984,2019-03-03,ODI,New Zealand,Australia,Junction Oval
1168243,2019-03-05,ODI,India,Australia,"Vidarbha Cricket Association Stadium, Jamtha"
1144168,2019-03-06,ODI,South Africa,Sri Lanka,SuperSport Park
1168244,2019-03-08,ODI,Australia,India,JSCA International Stadium Complex
1144169,2019-03-10,ODI,South Africa,Sri Lanka,Kingsmead
1168245,2019-03-10,ODI,India,Australia,"Punjab Cricket Association IS Bindra Stadium, Mohali"
1144170,2019-03-13,ODI,Sri Lanka,South Africa,St George's Park
1168246,2019-03-13,ODI,Australia,India,Arun Jaitley Stadium
1144171,2019-03-16,ODI,Sri Lanka,South Africa,Newlands
1176432,2019-03-16,ODI,England,Sri Lanka,"Mahinda Rajapaksa International Cricket Stadium, Sooriyawewa"
1176433,2019-03-18,ODI,Sri Lanka,England,"Mahinda Rajapaksa International Cricket Stadium, Sooriyawewa"
1176434,2019-03-21,ODI,Sri Lanka,England,FTZ Sports Complex (BOI)
1174238,2019-03-22,ODI,Pakistan,Australia,Sharjah Cricket Stadium
1174239,2019-03-24,ODI,Pakistan,Australia,Sharjah Cricket Stadium
1174240,2019-03-27,ODI,Australia,Pakistan,Sheikh Zayed Stadium
1174241,2019-03-29,ODI,Australia,Pakistan,Dubai International Cricket Stadium
1174242,2019-03-31,ODI,Australia,Pakistan,Dubai International Cricket Stadium
1179272,2019-04-10,ODI,United Arab Emirates,Zimbabwe,Harare Sports Club
1179273,2019-04-12,ODI,United Arab Emirates,Zimbabwe,Harare Sports Club
1179275,2019-04-16,ODI,United Arab Emirates,Zimbabwe,Harare Sports Club
1174844,2019-04-27,ODI,United States of America,Papua New Guinea,Affies Park
1174845,2019-04-27,ODI,Namibia,Oman,Wanderers Cricket Ground
1161014,2019-05-03,ODI,Ireland,England,"The Village, Malahide"
1168508,2019-05-05,ODI,West Indies,Ireland,Castle Avenue
1177015,2019-05-06,ODI,South Africa,Pakistan,Senwes Park
1168509,2019-05-07,ODI,West Indies,Bangladesh,Castle Avenue
1152841,2019-05-08,ODI,Pakistan,England,Kennington Oval
1177016,2019-05-09,ODI,Pakistan,South Africa,Senwes Park
1152842,2019-05-11,ODI,England,Pakistan,The Rose Bowl
1168511,2019-05-11,ODI,Ireland,West Indies,"The Village, Malahide"
1177017,2019-05-12,ODI,South Africa,Pakistan,Willowmoore Park
1168512,2019-05-13,ODI,West Indies,Bangladesh,"The Village, Malahide"
1152843,2019-05-14,ODI,Pakistan,England,County Ground
1168513,2019-05-15,ODI,Ireland,Bangladesh,Castle Avenue
1152844,2019-05-17,ODI,Pakistan,England,Trent Bridge
1168514,2019-05-17,ODI,West Indies,Bangladesh,"The Village, Malahide"
1152845,2019-05-19,ODI,England,Pakistan,Headingley
1169332,2019-05-21,ODI,Sri Lanka,Scotland,"Grange Cricket Club, Raeburn Place"
1144483,2019-05-30,ODI,England,South Africa,Kennington Oval
1144484,2019-05-31,ODI,Pakistan,West Indies,Trent Bridge
1144485,2019-06-01,ODI,Sri Lanka,New Zealand,Sophia Gardens
1144487,2019-06-02,ODI,Bangladesh,South Africa,Kennington Oval
1144488,2019-06-03,ODI,Pakistan,England,Trent Bridge
1144490,2019-06-05,ODI,South Africa,India,The Rose Bowl
1144491,2019-06-05,ODI,Bangladesh,New Zealand,Kennington Oval
1144492,2019-06-06,ODI,Australia,West Indies,Trent Bridge
1168016,2019-06-06,ODI,England,West Indies,Grace Road
1144494,2019-06-08,ODI,England,Bangladesh,Sophia Gardens
1144496,2019-06-09,ODI,India,Australia,Kennington Oval
1168017,2019-06-09,ODI,England,West Indies,"County Ground, New Road"
1144497,2019-06-10,ODI,South Africa,West Indies,The Rose Bowl
1144499,2019-06-12,ODI,Australia,Pakistan,The Cooper Associates County Ground
1168018,2019-06-13,ODI,England,West Indies,County Ground
1144501,2019-06-14,ODI,West Indies,England,The Rose Bowl
1144502,2019-06-15,ODI,Australia,Sri Lanka,Kennington Oval
1144504,2019-06-16,ODI,India,Pakistan,Old Trafford
1144505,2019-06-17,ODI,West Indies,Bangladesh,The Cooper Associates County Ground
1144507,2019-06-19,ODI,South Africa,New Zealand,Edgbaston
1188377,2019-06-19,ODI,Zimbabwe,Netherlands,Sportpark Het Schootsveld
1144508,2019-06-20,ODI,Australia,Bangladesh,Trent Bridge
1144509,2019-06-21,ODI,Sri Lanka,England,Headingley
1188378,2019-06-21,ODI,Zimbabwe,Netherlands,Sportpark Het Schootsveld
1144511,2019-06-22,ODI,New Zealand,West Indies,Old Trafford
1144512,2019-06-23,ODI,Pakistan,South Africa,Lord's
1144514,2019-06-25,ODI,Australia,England,Lord's
1144515,2019-06-26,ODI,New Zealand,Pakistan,Edgbaston
1144516,2019-06-27,ODI,India,West Indies,Old Trafford
1144517,2019-06-28,ODI,Sri Lanka,South Africa,Riverside Ground
1144519,2019-06-29,ODI,Australia,New Zealand,Lord's
1144520,2019-06-30,ODI,England,India,Edgbaston
1144521,2019-07-01,ODI,Sri Lanka,West Indies,Riverside Ground
1168517,2019-07-01,ODI,Zimbabwe,Ireland,"Bready Cricket Club, Magheramason"
1144522,2019-07-02,ODI,India,Bangladesh,Edgbaston
1168022,2019-07-02,ODI,England,Australia,Grace Road
1144523,2019-07-03,ODI,England,New Zealand,Riverside Ground
1168023,2019-07-04,ODI,England,Australia,Grace Road
1168518,2019-07-04,ODI,Ireland,Zimbabwe,"Civil Service Cricket Club, Stormont"
1144525,2019-07-05,ODI,Pakistan,Bangladesh,Lord's
1144526,2019-07-06,ODI,Sri Lanka,India,Headingley
1144527,2019-07-06,ODI,South Africa,Australia,Old Trafford
1168024,2019-07-07,ODI,Australia,England,St Lawrence Ground
1168519,2019-07-07,ODI,Zimbabwe,Ireland,"Civil Service Cricket Club, Stormont"
1144528,2019-07-09,ODI,New Zealand,India,Old Trafford
1144529,2019-07-11,ODI,Australia,England,Edgbaston
1144530,2019-07-14,ODI,New Zealand,England,Lord's
1193504,2019-07-26,ODI,Sri Lanka,Bangladesh,"R.Premadasa Stadium, Khettarama"
1193505,2019-07-28,ODI,Bangladesh,Sri Lanka,"R.Premadasa Stadium, Khettarama"
1193506,2019-07-31,ODI,Sri Lanka,Bangladesh,"R.Premadasa Stadium, Khettarama"
1188624,2019-08-08,ODI,West Indies,India,"Providence Stadium, Guyana"
1188625,2019-08-11,ODI,India,West Indies,"Queen's Park Oval, Trinidad"
1188626,2019-08-14,ODI,West Indies,India,"Queen's Park Oval, Trinidad"
1196670,2019-08-14,ODI,Papua New Guinea,Oman,Mannofield Park
1196671,2019-08-15,ODI,Scotland,Oman,Mannofield Park
1196672,2019-08-17,ODI,Papua New Guinea,Scotland,Mannofield Park
1196673,2019-08-18,ODI,Scotland,Oman,Mannofield Park
1196674,2019-08-20,ODI,Scotland,Papua New Guinea,Mannofield Park
1196675,2019-08-21,ODI,Papua New Guinea,Oman,Mannofield Park
1198472,2019-09-05,ODI,Australia,West Indies,"Coolidge Cricket Ground, Antigua"
1198474,2019-09-11,ODI,West Indies,Australia,"Sir Vivian Richards Stadium, Antigua"
1199225,2019-09-13,ODI,United States of America,Papua New Guinea,Central Broward Regional Park Stadium Turf Ground
1199226,2019-09-17,ODI,Namibia,United States of America,Central Broward Regional Park Stadium Turf Ground
1199227,2019-09-19,ODI,United States of America,Papua New Guinea,Central Broward Regional Park Stadium Turf Ground
1199229,2019-09-22,ODI,Papua New Guinea,Namibia,Central Broward Regional Park Stadium Turf Ground
1199230,2019-09-23,ODI,Namibia,Papua New Guinea,Central Broward Regional Park Stadium Turf Ground
1198487,2019-09-30,ODI,Pakistan,Sri Lanka,National Stadium
1198488,2019-10-02,ODI,Sri Lanka,Pakistan,National Stadium
1183513,2019-10-05,ODI,Australia,Sri Lanka,Allan Border Field
1183514,2019-10-07,ODI,Australia,Sri Lanka,Allan Border Field
1183515,2019-10-09,ODI,Sri Lanka,Australia,Allan Border Field
1200180,2019-10-09,ODI,South Africa,India,Reliance Stadium
1200181,2019-10-11,ODI,South Africa,India,Reliance Stadium
1200182,2019-10-14,ODI,India,South Africa,Reliance Stadium
1202249,2019-11-01,ODI,West Indies,India,"Sir Vivian Richards Stadium, North Sound"
1202250,2019-11-03,ODI,India,West Indies,"Sir Vivian Richards Stadium, Antigua"
1202251,2019-11-06,ODI,West Indies,India,"Sir Vivian Richards Stadium, Antigua"
1206059,2019-12-08,ODI,United Arab Emirates,United States of America,Sharjah Cricket Stadium
1206060,2019-12-09,ODI,United States of America,Scotland,Sharjah Cricket Stadium
1208344,2019-12-09,ODI,England,Pakistan,Kinrara Academy Oval
1206062,2019-12-12,ODI,United States of America,United Arab Emirates,ICC Academy
1208345,2019-12-12,ODI,England,Pakistan,Kinrara Academy Oval
1206063,2019-12-14,ODI,United States of America,Scotland,ICC Academy
1208346,2019-12-14,ODI,Pakistan,England,Kinrara Academy Oval
1187021,2019-12-15,ODI,India,West Indies,"MA Chidambaram Stadium, Chepauk"
1206064,2019-12-15,ODI,Scotland,United Arab Emirates,ICC Academy
1187022,2019-12-18,ODI,India,West Indies,Dr. Y.S. Rajasekhara Reddy ACA-VDCA Cricket Stadium
1187023,2019-12-22,ODI,West Indies,India,Barabati Stadium
1211169,2020-01-05,ODI,United Arab Emirates,Oman,Al Amerat Cricket Ground Oman Cricket (Ministry Turf 1)
1211170,2020-01-06,ODI,United Arab Emirates,Namibia,Al Amerat Cricket Ground Oman Cricket (Ministry Turf 1)
1203673,2020-01-07,ODI,Ireland,West Indies,"Kensington Oval, Barbados"
1211171,2020-01-08,ODI,Namibia,Oman,Al Amerat Cricket Ground Oman Cricket (Ministry Turf 1)
1203674,2020-01-09,ODI,Ireland,West Indies,"Kensington Oval, Barbados"
1211173,2020-01-09,ODI,Namibia,United Arab Emirates,Al Amerat Cricket Ground Oman Cricket (Ministry Turf 1)
1203675,2020-01-12,ODI,Ireland,West Indies,"National Cricket Stadium, Grenada"
1187027,2020-01-14,ODI,India,Australia,Wankhede Stadium
1187028,2020-01-17,ODI,India,Australia,Saurashtra Cricket Association Stadium
1187029,2020-01-19,ODI,Australia,India,M.Chinnaswamy Stadium
1187714,2020-01-25,ODI,New Zealand,South Africa,Eden Park Outer Oval
1187715,2020-01-27,ODI,New Zealand,South Africa,Eden Park Outer Oval
1187716,2020-01-30,ODI,New Zealand,South Africa,Seddon Park
1185310,2020-02-04,ODI,England,South Africa,Newlands
1187682,2020-02-05,ODI,India,New Zealand,Seddon Park
1215122,2020-02-05,ODI,Oman,Nepal,Tribhuvan University International Cricket Ground
1215123,2020-02-06,ODI,United States of America,Oman,Tribhuvan University International Cricket Ground
1185311,2020-02-07,ODI,South Africa,England,Kingsmead
1187683,2020-02-08,ODI,New Zealand,India,Eden Park
1215124,2020-02-08,ODI,Nepal,United States of America,Tribhuvan University International Cricket Ground
1185312,2020-02-09,ODI,South Africa,England,The Wanderers Stadium
1215125,2020-02-09,ODI,Nepal,Oman,Tribhuvan University International Cricket Ground
1187684,2020-02-11,ODI,India,New Zealand,Bay Oval
1215126,2020-02-11,ODI,Oman,United States of America,Tribhuvan University International Cricket Ground
1215127,2020-02-12,ODI,United States of America,Nepal,Tribhuvan University International Cricket Ground
1213871,2020-02-22,ODI,West Indies,Sri Lanka,Sinhalese Sports Club Ground
1213872,2020-02-26,ODI,Sri Lanka,West Indies,"Mahinda Rajapaksa International Cricket Stadium, Sooriyawewa"
1185319,2020-02-29,ODI,South Africa,Australia,Boland Park
1213873,2020-03-01,ODI,Sri Lanka,West Indies,Pallekele International Cricket Stadium
1214667,2020-03-01,ODI,Bangladesh,Zimbabwe,Sylhet International Cricket Stadium
1214668,2020-03-03,ODI,Bangladesh,Zimbabwe,Sylhet International Cricket Stadium
1185320,2020-03-04,ODI,Australia,South Africa,Mangaung Oval
1214669,2020-03-06,ODI,Bangladesh,Zimbabwe,Sylhet International Cricket Stadium
1185321,2020-03-07,ODI,Australia,South Africa,Senwes Park
1183537,2020-03-13,ODI,Australia,New Zealand,Sydney Cricket Ground
1198247,2020-07-30,ODI,Ireland,England,The Rose Bowl
1198248,2020-08-01,ODI,Ireland,England,The Rose Bowl
1198249,2020-08-04,ODI,England,Ireland,The Rose Bowl
1198238,2020-09-11,ODI,Australia,England,Old Trafford
1198239,2020-09-13,ODI,England,Australia,Old Trafford
1198240,2020-09-16,ODI,England,Australia,Old Trafford
1223944,2020-10-03,ODI,New Zealand,Australia,Allan Border Field
1223945,2020-10-05,ODI,New Zealand,Australia,Allan Border Field
1223946,2020-10-07,ODI,Australia,New Zealand,Allan Border Field
1233461,2020-10-30,ODI,Pakistan,Zimbabwe,Rawalpindi Cricket Stadium
1233462,2020-11-01,ODI,Zimbabwe,Pakistan,Rawalpindi Cricket Stadium
1233463,2020-11-03,ODI,Zimbabwe,Pakistan,Rawalpindi Cricket Stadium
1223955,2020-11-27,ODI,Australia,India,Sydney Cricket Ground
1223956,2020-11-29,ODI,Australia,India,Sydney Cricket Ground
1223957,2020-12-02,ODI,India,Australia,Manuka Oval
1244524,2021-01-08,ODI,Ireland,United Arab Emirates,Sheikh Zayed Stadium
1244525,2021-01-18,ODI,Ireland,United Arab Emirates,Sheikh Zayed Stadium
1244022,2021-01-20,ODI,West Indies,Bangladesh,Shere Bangla National Stadium
1244843,2021-01-20,ODI,South Africa,Pakistan,Kingsmead
1244023,2021-01-22,ODI,West Indies,Bangladesh,Shere Bangla National Stadium
1244844,2021-01-23,ODI,South Africa,Pakistan,Kingsmead
1244024,2021-01-25,ODI,Bangladesh,West Indies,Zahur Ahmed Chowdhury Stadium
1244845,2021-01-26,ODI,South Africa,Pakistan,Kingsmead
1249232,2021-02-23,ODI,New Zealand,England,Hagley Oval
1249233,2021-02-26,ODI,New Zealand,England,University Oval
1249234,2021-02-28,ODI,England,New Zealand,University Oval
1253267,2021-03-07,ODI,India,South Africa,Bharat Ratna Shri Atal Bihari Vajpayee Ekana Cricket Stadium
1253268,2021-03-09,ODI,South Africa,India,Bharat Ratna Shri Atal Bihari Vajpayee Ekana Cricket Stadium
1252069,2021-03-10,ODI,Sri Lanka,West Indies,Sir Vivian Richards Stadium
1252070,2021-03-12,ODI,Sri Lanka,West Indies,Sir Vivian Richards Stadium
1253269,2021-03-12,ODI,India,South Africa,Bharat Ratna Shri Atal Bihari Vajpai Ekana Cricket Stadium
1252071,2021-03-14,ODI,Sri Lanka,West Indies,Sir Vivian Richards Stadium
1253270,2021-03-14,ODI,India,South Africa,Bharat Ratna Shri Atal Bihari Vajpai Ekana Cricket Stadium
1253271,2021-03-17,ODI,India,South Africa,Bharat Ratna Shri Atal Bihari Vajpayee Ekana Cricket Stadium
1233976,2021-03-20,ODI,Bangladesh,New Zealand,University Oval
1233977,2021-03-23,ODI,Bangladesh,New Zealand,Hagley Oval
1243393,2021-03-23,ODI,India,England,Maharashtra Cricket Association Stadium
1233978,2021-03-26,ODI,New Zealand,Bangladesh,Basin Reserve
1243394,2021-03-26,ODI,India,England,Maharashtra Cricket Association Stadium
1243395,2021-03-28,ODI,India,England,Maharashtra Cricket Association Stadium
1251572,2021-04-02,ODI,South Africa,Pakistan,"SuperSport Park, Centurion"
1249241,2021-04-04,ODI,New Zealand,Australia,Bay Oval
1251573,2021-04-04,ODI,South Africa,Pakistan,The Wanderers Stadium
1249242,2021-04-07,ODI,Australia,New Zealand,"Bay Oval, Mount Maunganui"
1251574,2021-04-07,ODI,Pakistan,South Africa,"SuperSport Park, Centurion"
1249243,2021-04-10,ODI,Australia,New Zealand,"Bay Oval, Mount Maunganui"
1260084,2021-05-19,ODI,Netherlands,Scotland,"Hazelaarweg, Rotterdam"
1260085,2021-05-20,ODI,Netherlands,Scotland,"Hazelaarweg, Rotterdam"
1262344,2021-05-23,ODI,Bangladesh,Sri Lanka,"Shere Bangla National Stadium, Mirpur"
1262346,2021-05-25,ODI,Bangladesh,Sri Lanka,Sher-e-Bangla National Cricket Stadium
1262347,2021-05-28,ODI,Sri Lanka,Bangladesh,"Shere Bangla National Stadium, Mirpur"
1251962,2021-06-02,ODI,Netherlands,Ireland,"Sportpark Maarschalkerweerd, Utrecht"
1251963,2021-06-04,ODI,Netherlands,Ireland,"Sportpark Maarschalkerweerd, Utrecht"
1251964,2021-06-07,ODI,Ireland,Netherlands,"Sportpark Maarschalkerweerd, Utrecht"
1260094,2021-06-27,ODI,India,England,"County Ground, Bristol"
1239534,2021-06-29,ODI,Sri Lanka,England,"Riverside Ground, Chester-le-Street"
1260095,2021-06-30,ODI,India,England,"The Cooper Associates County Ground, Taunton"
1239535,2021-07-01,ODI,Sri Lanka,England,"Kennington Oval, London"
1260096,2021-07-03,ODI,England,India,"County Ground, New Road, Worcester"
1239536,2021-07-04,ODI,Sri Lanka,England,"County Ground, Bristol"
1267325,2021-07-07,ODI,Pakistan,West Indies,"Coolidge Cricket Ground, Antigua"
1239537,2021-07-08,ODI,Pakistan,England,"Sophia Gardens, Cardiff"
1267326,2021-07-09,ODI,Pakistan,West Indies,"Coolidge Cricket Ground, Antigua"
1239538,2021-07-10,ODI,England,Pakistan,"Lord's, London"
1251950,2021-07-11,ODI,Ireland,South Africa,"The Village, Malahide, Dublin"
1267327,2021-07-12,ODI,Pakistan,West Indies,"Sir Vivian Richards Stadium, North Sound, Antigua"
1239539,2021-07-13,ODI,Pakistan,England,"Edgbaston, Birmingham"
1251951,2021-07-13,ODI,Ireland,South Africa,"The Village, Malahide, Dublin"
1267328,2021-07-15,ODI,West Indies,Pakistan,"Sir Vivian Richards Stadium, North Sound, Antigua"
1251952,2021-07-16,ODI,South Africa,Ireland,"The Village, Malahide, Dublin"
1267677,2021-07-16,ODI,Bangladesh,Zimbabwe,Harare Sports Club
1262755,2021-07-18,ODI,Sri Lanka,India,"R Premadasa Stadium, Colombo"
1267329,2021-07-18,ODI,Pakistan,West Indies,"Coolidge Cricket Ground, Antigua"
1267678,2021-07-18,ODI,Zimbabwe,Bangladesh,Harare Sports Club
1262756,2021-07-20,ODI,Sri Lanka,India,"R Premadasa Stadium, Colombo"
1263161,2021-07-20,ODI,Australia,West Indies,"Kensington Oval, Bridgetown, Barbados"
1267679,2021-07-20,ODI,Zimbabwe,Bangladesh,Harare Sports Club
1263162,2021-07-22,ODI,Australia,West Indies,"Kensington Oval, Bridgetown, Barbados"
1262757,2021-07-23,ODI,India,Sri Lanka,"R Premadasa Stadium, Colombo"
1263163,2021-07-26,ODI,West Indies,Australia,"Kensington Oval, Bridgetown, Barbados"
1271627,2021-09-02,ODI,Sri Lanka,South Africa,"R Premadasa Stadium, Colombo"
1271628,2021-09-04,ODI,South Africa,Sri Lanka,"R Premadasa Stadium, Colombo"
1276293,2021-09-06,ODI,Papua New Guinea,United States of America,Al Amerat Cricket Ground Oman Cricket (Ministry Turf 2)
1271629,2021-09-07,ODI,Sri Lanka,South Africa,"R Premadasa Stadium, Colombo"
1273418,2021-09-07,ODI,West Indies,South Africa,"Coolidge Cricket Ground, Antigua"
1276295,2021-09-07,ODI,Papua New Guinea,Nepal,Al Amerat Cricket Ground Oman Cricket (Ministry Turf 1)
1272379,2021-09-08,ODI,Zimbabwe,Ireland,"Civil Service Cricket Club, Stormont, Belfast"
1276294,2021-09-09,ODI,United States of America,Papua New Guinea,Al Amerat Cricket Ground Oman Cricket (Ministry Turf 2)
1272380,2021-09-10,ODI,Ireland,Zimbabwe,"Civil Service Cricket Club, Stormont, Belfast"
1273419,2021-09-10,ODI,West Indies,South Africa,"Coolidge Cricket Ground, Antigua"
1276296,2021-09-10,ODI,Nepal,Papua New Guinea,Al Amerat Cricket Ground Oman Cricket (Ministry Turf 1)
1272381,2021-09-13,ODI,Zimbabwe,Ireland,"Civil Service Cricket Club, Stormont, Belfast"
1273420,2021-09-13,ODI,West Indies,South Africa,"Coolidge Cricket Ground, Antigua"
1275249,2021-09-13,ODI,United States of America,Nepal,Al Amerat Cricket Ground Oman Cricket (Ministry Turf 1)
1275250,2021-09-14,ODI,Nepal,Oman,Al Amerat Cricket Ground Oman Cricket (Ministry Turf 1)
1260103,2021-09-16,ODI,England,New Zealand,"County Ground, Bristol"
1273421,2021-09-16,ODI,South Africa,West Indies,"Sir Vivian Richards Stadium, North Sound, Antigua"
1275251,2021-09-16,ODI,United States of America,Oman,Al Amerat Cricket Ground Oman Cricket (Ministry Turf 1)
1260104,2021-09-19,ODI,England,New Zealand,"County Ground, New Road, Worcester"
1273422,2021-09-19,ODI,West Indies,South Africa,"Sir Vivian Richards Stadium, North Sound, Antigua"
1275253,2021-09-19,ODI,Oman,Nepal,Al Amerat Cricket Ground Oman Cricket (Ministry Turf 1)
1260105,2021-09-21,ODI,England,New Zealand,"Grace Road, Leicester"
1263617,2021-09-21,ODI,India,Australia,"Ray Mitchell Oval, Harrup Park, Mackay"
1260106,2021-09-23,ODI,New Zealand,England,"County Ground, Derby"
1263618,2021-09-24,ODI,India,Australia,"Ray Mitchell Oval, Harrup Park, Mackay"
1275255,2021-09-25,ODI,Papua New Guinea,Scotland,Al Amerat Cricket Ground Oman Cricket (Ministry Turf 2)
1260107,2021-09-26,ODI,England,New Zealand,"St Lawrence Ground, Canterbury"
1263619,2021-09-26,ODI,Australia,India,"Ray Mitchell Oval, Harrup Park, Mackay"
1275256,2021-09-26,ODI,Oman,Papua New Guinea,Al Amerat Cricket Ground Oman Cricket (Ministry Turf 2)
1275257,2021-09-28,ODI,Scotland,Oman,Al Amerat Cricket Ground Oman Cricket (Ministry Turf 2)
1275258,2021-09-29,ODI,Papua New Guinea,Scotland,Al Amerat Cricket Ground Oman Cricket (Ministry Turf 1)
1275259,2021-10-01,ODI,Papua New Guinea,Oman,Al Amerat Cricket Ground Oman Cricket (Ministry Turf 1)
1275260,2021-10-02,ODI,Scotland,Oman,Al Amerat Cricket Ground Oman Cricket (Ministry Turf 1)
1281417,2021-10-05,ODI,Ireland,Zimbabwe,Harare Sports Club
1281418,2021-10-07,ODI,Ireland,Zimbabwe,Harare Sports Club
1281419,2021-10-09,ODI,Zimbabwe,Ireland,Harare Sports Club
1281420,2021-10-11,ODI,Ireland,Zimbabwe,Harare Sports Club
1288209,2021-11-08,ODI,West Indies,Pakistan,"National Stadium, Karachi"
1288210,2021-11-11,ODI,West Indies,Pakistan,"National Stadium, Karachi"
1288211,2021-11-14,ODI,Pakistan,West Indies,"National Stadium, Karachi"
1288322,2021-11-15,ODI,Zimbabwe,Bangladesh,"Queens Sports Club, Bulawayo"
1286901,2021-11-21,ODI,Pakistan,Bangladesh,"Old Hararians, Harare"
1277073,2021-11-26,ODI,South Africa,Netherlands,"SuperSport Park, Centurion"
1290881,2021-11-26,ODI,Namibia,Oman,"Wanderers Cricket Ground, Windhoek"
1286915,2021-11-27,ODI,Pakistan,Zimbabwe,"Sunrise Sports Club, Harare"
1277085,2022-01-08,ODI,West Indies,Ireland,"Sabina Park, Kingston, Jamaica"
1277086,2022-01-13,ODI,West Indies,Ireland,"Sabina Park, Kingston, Jamaica"
1277087,2022-01-16,ODI,West Indies,Ireland,"Sabina Park, Kingston, Jamaica"
1294969,2022-01-16,ODI,Zimbabwe,Sri Lanka,Pallekele International Cricket Stadium
1294970,2022-01-18,ODI,Zimbabwe,Sri Lanka,Pallekele International Cricket Stadium
1277082,2022-01-19,ODI,South Africa,India,"Boland Park, Paarl"
1277083,2022-01-21,ODI,India,South Africa,"Boland Park, Paarl"
1294971,2022-01-21,ODI,Sri Lanka,Zimbabwe,Pallekele International Cricket Stadium
1277084,2022-01-23,ODI,South Africa,India,"Newlands, Cape Town"
1277092,2022-01-28,ODI,West Indies,South Africa,"The Wanderers Stadium, Johannesburg"
1277093,2022-01-31,ODI,South Africa,West Indies,"The Wanderers Stadium, Johannesburg"
1263575,2022-02-03,ODI,Australia,England,"Manuka Oval, Canberra"
1277094,2022-02-03,ODI,South Africa,West Indies,"The Wanderers Stadium, Johannesburg"
1299586,2022-02-05,ODI,Oman,United Arab Emirates,Al Amerat Cricket Ground Oman Cricket (Ministry Turf 1)
1263576,2022-02-06,ODI,England,Australia,"Junction Oval, Melbourne"
1277095,2022-02-06,ODI,West Indies,South Africa,"The Wanderers Stadium, Johannesburg"
1278676,2022-02-06,ODI,West Indies,India,"Narendra Modi Stadium, Ahmedabad"
1299587,2022-02-06,ODI,Oman,United Arab Emirates,Al Amerat Cricket Ground Oman Cricket (Ministry Turf 1)
1263577,2022-02-08,ODI,England,Australia,"Junction Oval, Melbourne"
1299588,2022-02-08,ODI,Oman,United Arab Emirates,Al Amerat Cricket Ground Oman Cricket (Ministry Turf 1)
1278677,2022-02-09,ODI,India,West Indies,"Narendra Modi Stadium, Ahmedabad"
1278678,2022-02-11,ODI,India,West Indies,"Narendra Modi Stadium, Ahmedabad"
1289032,2022-02-12,ODI,New Zealand,India,"John Davies Oval, Queenstown"
1289033,2022-02-15,ODI,India,New Zealand,"John Davies Oval, Queenstown"
1289034,2022-02-18,ODI,India,New Zealand,"John Davies Oval, Queenstown"
1289035,2022-02-22,ODI,New Zealand,India,"John Davies Oval, Queenstown"
1289036,2022-02-24,ODI,New Zealand,India,"John Davies Oval, Queenstown"
1243908,2022-03-04,ODI,West Indies,New Zealand,"Bay Oval, Mount Maunganui"
1243909,2022-03-05,ODI,South Africa,Bangladesh,"University Oval, Dunedin"
1243910,2022-03-05,ODI,Australia,England,"Seddon Park, Hamilton"
1302616,2022-03-05,ODI,Oman,United Arab Emirates,"ICC Academy, Dubai"
1243911,2022-03-06,ODI,India,Pakistan,"Bay Oval, Mount Maunganui"
1302617,2022-03-06,ODI,Namibia,Oman,"ICC Academy, Dubai"
1243912,2022-03-07,ODI,Bangladesh,New Zealand,"University Oval, Dunedin"
1243913,2022-03-08,ODI,Pakistan,Australia,"Bay Oval, Mount Maunganui"
1302618,2022-03-08,ODI,Namibia,United Arab Emirates,"ICC Academy, Dubai"
1243914,2022-03-09,ODI,West Indies,England,"University Oval, Dunedin"
1302619,2022-03-09,ODI,Oman,United Arab Emirates,"ICC Academy, Dubai"
1243915,2022-03-10,ODI,New Zealand,India,"Seddon Park, Hamilton"
1243916,2022-03-11,ODI,South Africa,Pakistan,"Bay Oval, Mount Maunganui"
1302620,2022-03-11,ODI,Namibia,Oman,Sharjah Cricket Stadium
1243917,2022-03-12,ODI,India,West Indies,"Seddon Park, Hamilton"
1302621,2022-03-12,ODI,United Arab Emirates,Namibia,Sharjah Cricket Stadium
1243918,2022-03-13,ODI,Australia,New Zealand,"Basin Reserve, Wellington"
1243919,2022-03-14,ODI,England,South Africa,"Bay Oval, Mount Maunganui"
1243920,2022-03-14,ODI,Bangladesh,Pakistan,"Seddon Park, Hamilton"
1302622,2022-03-14,ODI,Oman,Namibia,Dubai International Cricket Stadium
1243921,2022-03-15,ODI,West Indies,Australia,"Basin Reserve, Wellington"
1302623,2022-03-15,ODI,Papua New Guinea,United Arab Emirates,Sharjah Cricket Stadium
1243922,2022-03-16,ODI,India,England,"Bay Oval, Mount Maunganui"
1302624,2022-03-16,ODI,Papua New Guinea,Nepal,Sharjah Cricket Stadium
1243923,2022-03-17,ODI,New Zealand,South Africa,"Seddon Park, Hamilton"
1243924,2022-03-18,ODI,West Indies,Bangladesh,"Bay Oval, Mount Maunganui"
1277097,2022-03-18,ODI,Bangladesh,South Africa,"SuperSport Park, Centurion"
1302625,2022-03-18,ODI,United Arab Emirates,Nepal,Dubai International Cricket Stadium
1243925,2022-03-19,ODI,India,Australia,"Eden Park, Auckland"
1302626,2022-03-19,ODI,United Arab Emirates,Papua New Guinea,Dubai International Cricket Stadium
1243926,2022-03-20,ODI,New Zealand,England,"Eden Park, Auckland"
1277098,2022-03-20,ODI,Bangladesh,South Africa,"The Wanderers Stadium, Johannesburg"
1243927,2022-03-21,ODI,West Indies,Pakistan,"Seddon Park, Hamilton"
1302627,2022-03-21,ODI,United Arab Emirates,Nepal,Dubai International Cricket Stadium
1243928,2022-03-22,ODI,South Africa,Australia,"Basin Reserve, Wellington"
1243929,2022-03-22,ODI,India,Bangladesh,"Seddon Park, Hamilton"
1302628,2022-03-22,ODI,Papua New Guinea,Nepal,Dubai International Cricket Stadium
1277099,2022-03-23,ODI,South Africa,Bangladesh,"SuperSport Park, Centurion"
1243930,2022-03-24,ODI,South Africa,West Indies,"Basin Reserve, Wellington"
1243931,2022-03-24,ODI,Pakistan,England,"Hagley Oval, Christchurch"
1243932,2022-03-25,ODI,Bangladesh,Australia,"Basin Reserve, Wellington"
1305496,2022-03-25,ODI,Papua New Guinea,Nepal,"Tribhuvan University International Cricket Ground, Kirtipur"
1243933,2022-03-26,ODI,New Zealand,Pakistan,"Hagley Oval, Christchurch"
1305497,2022-03-26,ODI,Nepal,Papua New Guinea,"Tribhuvan University International Cricket Ground, Kirtipur"
1243934,2022-03-27,ODI,England,Bangladesh,"Basin Reserve, Wellington"
1243935,2022-03-27,ODI,India,South Africa,"Hagley Oval, Christchurch"
1288313,2022-03-29,ODI,Australia,Pakistan,"Gaddafi Stadium, Lahore"
1288987,2022-03-29,ODI,Netherlands,New Zealand,"Bay Oval, Mount Maunganui"
1243936,2022-03-30,ODI,Australia,West Indies,"Basin Reserve, Wellington"
1243937,2022-03-31,ODI,England,South Africa,"Hagley Oval, Christchurch"
1288314,2022-03-31,ODI,Australia,Pakistan,"Gaddafi Stadium, Lahore"
1288315,2022-04-02,ODI,Australia,Pakistan,"Gaddafi Stadium, Lahore"
1288988,2022-04-02,ODI,New Zealand,Netherlands,"Seddon Park, Hamilton"
1243938,2022-04-03,ODI,Australia,England,"Hagley Oval, Christchurch"
1288989,2022-04-04,ODI,New Zealand,Netherlands,"Seddon Park, Hamilton"
1308244,2022-04-09,ODI,Scotland,Papua New Guinea,Dubai International Cricket Stadium
1308245,2022-04-10,ODI,Scotland,Oman,Dubai International Cricket Stadium
1308246,2022-04-12,ODI,Papua New Guinea,Oman,Dubai International Cricket Stadium
1308247,2022-04-13,ODI,Scotland,Papua New Guinea,Dubai International Cricket Stadium
1308248,2022-04-15,ODI,Oman,Scotland,Dubai International Cricket Stadium
1308249,2022-04-16,ODI,Oman,Papua New Guinea,Dubai International Cricket Stadium
1312798,2022-05-28,ODI,United States of America,Scotland,"Choice Moosa Stadium, Pearland"
1312799,2022-05-29,ODI,Scotland,United States of America,"Choice Moosa Stadium, Pearland"
1302349,2022-05-31,ODI,Netherlands,West Indies,"VRA Ground, Amstelveen"
1312800,2022-05-31,ODI,United Arab Emirates,Scotland,"Moosa Cricket Stadium, Pearland"
1310984,2022-06-01,ODI,Sri Lanka,Pakistan,"Southend Club Cricket Stadium, Karachi"
1312801,2022-06-01,ODI,United Arab Emirates,United States of America,"Moosa Cricket Stadium, Pearland"
1302350,2022-06-02,ODI,Netherlands,West Indies,"VRA Ground, Amstelveen"
1310985,2022-06-03,ODI,Pakistan,Sri Lanka,"Southend Club Cricket Stadium, Karachi"
1312802,2022-06-03,ODI,Scotland,United Arab Emirates,"Moosa Cricket Stadium, Pearland"
1302351,2022-06-04,ODI,West Indies,Netherlands,"VRA Ground, Amstelveen"
1312803,2022-06-04,ODI,United States of America,United Arab Emirates,"Moosa Cricket Stadium, Pearland"
1310986,2022-06-05,ODI,Sri Lanka,Pakistan,"Southend Club Cricket Stadium, Karachi"
1312804,2022-06-08,ODI,United States of America,Oman,"Moosa Cricket Stadium, Pearland"
1315038,2022-06-08,ODI,West Indies,Pakistan,Multan Cricket Stadium
1312805,2022-06-09,ODI,Oman,Nepal,"Moosa Cricket Stadium, Pearland"
1315039,2022-06-10,ODI,Pakistan,West Indies,Multan Cricket Stadium
1312806,2022-06-11,ODI,Nepal,United States of America,"Moosa Cricket Stadium, Pearland"
1316645,2022-06-11,ODI,Ireland,South Africa,"Castle Avenue, Dublin"
1312807,2022-06-12,ODI,Oman,United States of America,"Moosa Cricket Stadium, Pearland"
1315040,2022-06-12,ODI,Pakistan,West Indies,Multan Cricket Stadium
1307296,2022-06-14,ODI,Sri Lanka,Australia,Pallekele International Cricket Stadium
1312808,2022-06-14,ODI,Oman,Nepal,"Moosa Cricket Stadium, Pearland"
1316646,2022-06-14,ODI,Ireland,South Africa,"Castle Avenue, Dublin"
1312809,2022-06-15,ODI,United States of America,Nepal,"Moosa Cricket Stadium, Pearland"
1307297,2022-06-16,ODI,Sri Lanka,Australia,Pallekele International Cricket Stadium
1281444,2022-06-17,ODI,England,Netherlands,"VRA Ground, Amstelveen"
1316647,2022-06-17,ODI,South Africa,Ireland,"Castle Avenue, Dublin"
1281445,2022-06-19,ODI,Netherlands,England,"VRA Ground, Amstelveen"
1307298,2022-06-19,ODI,Australia,Sri Lanka,"R Premadasa Stadium, Colombo"
1307299,2022-06-21,ODI,Sri Lanka,Australia,"R Premadasa Stadium, Colombo"
1281446,2022-06-22,ODI,Netherlands,England,"VRA Ground, Amstelveen"
1307300,2022-06-24,ODI,Sri Lanka,Australia,"R Premadasa Stadium, Colombo"
1319712,2022-07-01,ODI,Sri Lanka,India,Pallekele International Cricket Stadium
1319713,2022-07-04,ODI,Sri Lanka,India,Pallekele International Cricket Stadium
1319714,2022-07-07,ODI,India,Sri Lanka,Pallekele International Cricket Stadium
1303309,2022-07-10,ODI,Ireland,New Zealand,"The Village, Malahide, Dublin"
1317152,2022-07-10,ODI,West Indies,Bangladesh,"Providence Stadium, Guyana"
1301328,2022-07-11,ODI,South Africa,England,"County Ground, Northampton"
1322031,2022-07-11,ODI,Namibia,Nepal,"Cambusdoon New Ground, Ayr"
1276907,2022-07-12,ODI,England,India,"Kennington Oval, London"
1303310,2022-07-12,ODI,Ireland,New Zealand,"The Village, Malahide, Dublin"
1317153,2022-07-13,ODI,West Indies,Bangladesh,"Providence Stadium, Guyana"
1322032,2022-07-13,ODI,Scotland,Nepal,"Titwood, Glasgow"
1276908,2022-07-14,ODI,England,India,"Lord's, London"
1322033,2022-07-14,ODI,Namibia,Scotland,"Titwood, Glasgow"
1301329,2022-07-15,ODI,England,South Africa,"County Ground, Bristol"
1303311,2022-07-15,ODI,New Zealand,Ireland,"The Village, Malahide, Dublin"
1317154,2022-07-16,ODI,West Indies,Bangladesh,"Providence Stadium, Guyana"
1322034,2022-07-16,ODI,Namibia,Nepal,"Cambusdoon New Ground, Ayr"
1276909,2022-07-17,ODI,England,India,"Old Trafford, Manchester"
1322035,2022-07-17,ODI,Nepal,Scotland,"Titwood, Glasgow"
1301330,2022-07-18,ODI,England,South Africa,"Grace Road, Leicester"
1276910,2022-07-19,ODI,South Africa,England,"Riverside Ground, Chester-le-Street"
1276911,2022-07-22,ODI,England,South Africa,"Old Trafford, Manchester"
1317900,2022-07-22,ODI,India,West Indies,"Queen's Park Oval, Port of Spain, Trinidad"
1276912,2022-07-24,ODI,South Africa,England,"Headingley, Leeds"
1317901,2022-07-24,ODI,West Indies,India,"Queen's Park Oval, Port of Spain, Trinidad"
1317902,2022-07-27,ODI,India,West Indies,"Queen's Park Oval, Port of Spain, Trinidad"
1307479,2022-07-31,ODI,Scotland,New Zealand,"Grange Cricket Club Ground, Raeburn Place, Edinburgh"
1323292,2022-08-05,ODI,Bangladesh,Zimbabwe,Harare Sports Club
1323293,2022-08-07,ODI,Bangladesh,Zimbabwe,Harare Sports Club
1322036,2022-08-10,ODI,Scotland,United Arab Emirates,"Mannofield Park, Aberdeen"
1323294,2022-08-10,ODI,Bangladesh,Zimbabwe,Harare Sports Club
1322037,2022-08-11,ODI,United Arab Emirates,United States of America,"Mannofield Park, Aberdeen"
1322038,2022-08-13,ODI,United States of America,Scotland,"Mannofield Park, Aberdeen"
1322039,2022-08-14,ODI,Scotland,United Arab Emirates,"Mannofield Park, Aberdeen"
1311737,2022-08-16,ODI,Pakistan,Netherlands,"Hazelaarweg, Rotterdam"
1317911,2022-08-17,ODI,New Zealand,West Indies,"Kensington Oval, Bridgetown, Barbados"
1322041,2022-08-17,ODI,Scotland,United States of America,"Mannofield Park, Aberdeen"
1311738,2022-08-18,ODI,Netherlands,Pakistan,"Hazelaarweg, Rotterdam"
1325549,2022-08-18,ODI,Zimbabwe,India,Harare Sports Club
1317912,2022-08-19,ODI,New Zealand,West Indies,"Kensington Oval, Bridgetown, Barbados"
1325550,2022-08-20,ODI,Zimbabwe,India,Harare Sports Club
1311739,2022-08-21,ODI,Pakistan,Netherlands,"Hazelaarweg, Rotterdam"
1317913,2022-08-21,ODI,West Indies,New Zealand,"Kensington Oval, Bridgetown, Barbados"
1325551,2022-08-22,ODI,India,Zimbabwe,Harare Sports Club
1328485,2022-08-22,ODI,Netherlands,Ireland,"VRA Ground, Amstelveen"
1328486,2022-08-24,ODI,Ireland,Netherlands,"VRA Ground, Amstelveen"
1328487,2022-08-26,ODI,Netherlands,Ireland,"Sportpark Westvliet, The Hague"
1317476,2022-08-28,ODI,Zimbabwe,Australia,"Tony Ireland Stadium, Townsville"
1317477,2022-08-31,ODI,Zimbabwe,Australia,"Tony Ireland Stadium, Townsville"
1317478,2022-09-03,ODI,Australia,Zimbabwe,"Riverway Stadium, Townsville"
1317479,2022-09-06,ODI,New Zealand,Australia,"Cazaly's Stadium, Cairns"
1317480,2022-09-08,ODI,Australia,New Zealand,"Cazaly's Stadium, Cairns"
1317481,2022-09-11,ODI,Australia,New Zealand,"Cazaly's Stadium, Cairns"
1331365,2022-09-11,ODI,United States of America,Papua New Guinea,"Amini Park, Port Moresby"
1331366,2022-09-13,ODI,Papua New Guinea,United States of America,"Amini Park, Port Moresby"
1331367,2022-09-15,ODI,Namibia,United States of America,"Amini Park, Port Moresby"
1331368,2022-09-17,ODI,Namibia,United States of America,"Amini Park, Port Moresby"
1301337,2022-09-18,ODI,England,India,"County Ground, Hove"
1334412,2022-09-19,ODI,West Indies,New Zealand,"Sir Vivian Richards Stadium, North Sound, Antigua"
1331369,2022-09-20,ODI,Namibia,Papua New Guinea,"Amini Park, Port Moresby"
1301338,2022-09-21,ODI,India,England,"St Lawrence Ground, Canterbury"
1331370,2022-09-21,ODI,Namibia,Papua New Guinea,"Amini Park, Port Moresby"
1334413,2022-09-22,ODI,West Indies,New Zealand,"Sir Vivian Richards Stadium, North Sound, Antigua"
1301339,2022-09-24,ODI,India,England,"Lord's, London"
1334414,2022-09-25,ODI,New Zealand,West Indies,"Sir Vivian Richards Stadium, North Sound, Antigua"
1327509,2022-10-06,ODI,South Africa,India,"Bharat Ratna Shri Atal Bihari Vajpayee Ekana Cricket Stadium, Lucknow"
1327510,2022-10-09,ODI,South Africa,India,"JSCA International Stadium Complex, Ranchi"
1327511,2022-10-11,ODI,South Africa,India,"Arun Jaitley Stadium, Delhi"
1308233,2022-11-04,ODI,Pakistan,Ireland,"Gaddafi Stadium, Lahore"
1308234,2022-11-06,ODI,Ireland,Pakistan,"Gaddafi Stadium, Lahore"
1308235,2022-11-09,ODI,Ireland,Pakistan,"Gaddafi Stadium, Lahore"
1343683,2022-11-14,ODI,United Arab Emirates,Nepal,"Tribhuvan University International Cricket Ground, Kirtipur"
1343684,2022-11-16,ODI,United Arab Emirates,Nepal,"Tribhuvan University International Cricket Ground, Kirtipur"
1317489,2022-11-17,ODI,England,Australia,Adelaide Oval
1343685,2022-11-18,ODI,United Arab Emirates,Nepal,"Tribhuvan University International Cricket Ground, Kirtipur"
1317490,2022-11-19,ODI,Australia,England,Sydney Cricket Ground
1341969,2022-11-19,ODI,Papua New Guinea,Namibia,"Wanderers Cricket Ground, Windhoek"
1341970,2022-11-20,ODI,United States of America,Namibia,"Wanderers Cricket Ground, Windhoek"
1344503,2022-11-20,ODI,Thailand,Netherlands,Royal Chiangmai Golf Club
1317491,2022-11-22,ODI,Australia,England,Melbourne Cricket Ground
1341971,2022-11-22,ODI,Papua New Guinea,United States of America,"Wanderers Cricket Ground, Windhoek"
1344504,2022-11-22,ODI,Thailand,Netherlands,Royal Chiangmai Golf Club
1341972,2022-11-23,ODI,Papua New Guinea,Namibia,"Wanderers Cricket Ground, Windhoek"
1344505,2022-11-24,ODI,Thailand,Netherlands,Royal Chiangmai Golf Club
1322278,2022-11-25,ODI,India,New Zealand,"Eden Park, Auckland"
1341973,2022-11-25,ODI,United States of America,Papua New Guinea,"Wanderers Cricket Ground, Windhoek"
1341974,2022-11-26,ODI,United States of America,Namibia,"Wanderers Cricket Ground, Windhoek"
1344506,2022-11-26,ODI,Netherlands,Thailand,Royal Chiangmai Golf Club
1322279,2022-11-27,ODI,India,New Zealand,"Seddon Park, Hamilton"
1322280,2022-11-30,ODI,India,New Zealand,"Hagley Oval, Christchurch"
1341975,2022-12-01,ODI,Namibia,Scotland,"United Cricket Club Ground, Windhoek"
1341976,2022-12-02,ODI,Nepal,Namibia,"United Cricket Club Ground, Windhoek"
1340845,2022-12-04,ODI,India,Bangladesh,"Shere Bangla National Stadium, Mirpur"
1341977,2022-12-04,ODI,Nepal,Scotland,"United Cricket Club Ground, Windhoek"
1343931,2022-12-04,ODI,England,West Indies,"Sir Vivian Richards Stadium, North Sound, Antigua"
1341978,2022-12-05,ODI,Scotland,Namibia,"United Cricket Club Ground, Windhoek"
1343932,2022-12-06,ODI,England,West Indies,"Sir Vivian Richards Stadium, North Sound, Antigua"
1340846,2022-12-07,ODI,Bangladesh,India,"Shere Bangla National Stadium, Mirpur"
1341979,2022-12-07,ODI,Namibia,Nepal,"United Cricket Club Ground, Windhoek"
1341980,2022-12-08,ODI,Nepal,Scotland,"United Cricket Club Ground, Windhoek"
1343933,2022-12-09,ODI,England,West Indies,"Sir Vivian Richards Stadium, North Sound, Antigua"
1340847,2022-12-10,ODI,India,Bangladesh,"Zahur Ahmed Chowdhury Stadium, Chattogram"
1322341,2022-12-11,ODI,Bangladesh,New Zealand,"Basin Reserve, Wellington"
1322342,2022-12-14,ODI,Bangladesh,New Zealand,"McLean Park, Napier"
1322343,2022-12-17,ODI,New Zealand,Bangladesh,"Seddon Park, Hamilton"
1339611,2023-01-09,ODI,New Zealand,Pakistan,"National Stadium, Karachi"
1348643,2023-01-10,ODI,India,Sri Lanka,"Barsapara Cricket Stadium, Guwahati"
1339612,2023-01-11,ODI,New Zealand,Pakistan,"National Stadium, Karachi"
1348644,2023-01-12,ODI,Sri Lanka,India,"Eden Gardens, Kolkata"
1339613,2023-01-13,ODI,Pakistan,New Zealand,"National Stadium, Karachi"
1348645,2023-01-15,ODI,India,Sri Lanka,"Greenfield International Stadium, Thiruvananthapuram"
1345092,2023-01-16,ODI,Pakistan,Australia,"Allan Border Field, Brisbane"
1345093,2023-01-18,ODI,Pakistan,Australia,"Allan Border Field, Brisbane"
1348326,2023-01-18,ODI,Ireland,Zimbabwe,Harare Sports Club
1348646,2023-01-18,ODI,India,New Zealand,"Rajiv Gandhi International Stadium, Uppal, Hyderabad"
1345094,2023-01-21,ODI,Australia,Pakistan,"North Sydney Oval, Sydney"
1348327,2023-01-21,ODI,Ireland,Zimbabwe,Harare Sports Club
1348647,2023-01-21,ODI,New Zealand,India,"Shaheed Veer Narayan Singh International Stadium, Raipur"
1348328,2023-01-23,ODI,Zimbabwe,Ireland,Harare Sports Club
1348648,2023-01-24,ODI,India,New Zealand,"Holkar Cricket Stadium, Indore"
1339595,2023-01-27,ODI,South Africa,England,"Mangaung Oval, Bloemfontein"
1339596,2023-01-29,ODI,England,South Africa,"Mangaung Oval, Bloemfontein"
1339597,2023-02-01,ODI,England,South Africa,"Diamond Oval, Kimberley"
1358073,2023-02-14,ODI,Namibia,Nepal,"Tribhuvan University International Cricket Ground, Kirtipur"
1358074,2023-02-15,ODI,Namibia,Scotland,"Tribhuvan University International Cricket Ground, Kirtipur"
1358075,2023-02-17,ODI,Scotland,Nepal,"Tribhuvan University International Cricket Ground, Kirtipur"
1358076,2023-02-18,ODI,Namibia,Nepal,"Tribhuvan University International Cricket Ground, Kirtipur"
1358077,2023-02-20,ODI,Scotland,Namibia,"Tribhuvan University International Cricket Ground, Kirtipur"
1358078,2023-02-21,ODI,Scotland,Nepal,"Tribhuvan University International Cricket Ground, Kirtipur"
1358079,2023-02-23,ODI,Namibia,United Arab Emirates,Dubai International Cricket Stadium
1358080,2023-02-25,ODI,United Arab Emirates,Namibia,Dubai International Cricket Stadium
1358082,2023-02-28,ODI,Papua New Guinea,United Arab Emirates,Dubai International Cricket Stadium
1351397,2023-03-01,ODI,Bangladesh,England,"Shere Bangla National Stadium, Mirpur"
1358083,2023-03-02,ODI,United Arab Emirates,Nepal,Dubai International Cricket Stadium
1351398,2023-03-03,ODI,England,Bangladesh,"Shere Bangla National Stadium, Mirpur"
1358084,2023-03-03,ODI,Papua New Guinea,Nepal,Dubai International Cricket Stadium
1358085,2023-03-05,ODI,United Arab Emirates,Papua New Guinea,Dubai International Cricket Stadium
1351399,2023-03-06,ODI,Bangladesh,England,"Zahur Ahmed Chowdhury Stadium, Chattogram"
1358086,2023-03-06,ODI,Nepal,United Arab Emirates,Dubai International Cricket Stadium
1358087,2023-03-09,ODI,Nepal,Papua New Guinea,"Tribhuvan University International Cricket Ground, Kirtipur"
1358088,2023-03-10,ODI,Papua New Guinea,United Arab Emirates,"Tribhuvan University International Cricket Ground, Kirtipur"
1358089,2023-03-12,ODI,Nepal,United Arab Emirates,"Tribhuvan University International Cricket Ground, Kirtipur"
1358090,2023-03-13,ODI,Papua New Guinea,Nepal,"Tribhuvan University International Cricket Ground, Kirtipur"
1358091,2023-03-15,ODI,Papua New Guinea,United Arab Emirates,"Tribhuvan University International Cricket Ground, Kirtipur"
1358092,2023-03-16,ODI,United Arab Emirates,Nepal,"Tribhuvan University International Cricket Ground, Kirtipur"
1348656,2023-03-17,ODI,Australia,India,"Wankhede Stadium, Mumbai"
1339602,2023-03-18,ODI,West Indies,South Africa,"Buffalo Park, East London"
1355717,2023-03-18,ODI,Bangladesh,Ireland,Sylhet International Cricket Stadium
1348657,2023-03-19,ODI,India,Australia,"Dr. Y.S. Rajasekhara Reddy ACA-VDCA Cricket Stadium, Visakhapatnam"
1355718,2023-03-20,ODI,Bangladesh,Ireland,Sylhet International Cricket Stadium
1339603,2023-03-21,ODI,West Indies,South Africa,"Senwes Park, Potchefstroom"
1362379,2023-03-21,ODI,Zimbabwe,Netherlands,Harare Sports Club
1348658,2023-03-22,ODI,Australia,India,"MA Chidambaram Stadium, Chepauk, Chennai"
1355719,2023-03-23,ODI,Ireland,Bangladesh,Sylhet International Cricket Stadium
1362380,2023-03-23,ODI,Zimbabwe,Netherlands,Harare Sports Club
1322359,2023-03-25,ODI,New Zealand,Sri Lanka,"Eden Park, Auckland"
1362381,2023-03-25,ODI,Netherlands,Zimbabwe,Harare Sports Club
1365092,2023-03-26,ODI,United States of America,Namibia,"Wanderers Cricket Ground, Windhoek"
1365093,2023-03-27,ODI,United Arab Emirates,Papua New Guinea,"Wanderers Cricket Ground, Windhoek"
1365095,2023-03-29,ODI,Canada,United States of America,"Wanderers Cricket Ground, Windhoek"
1365097,2023-03-30,ODI,Jersey,Namibia,"Wanderers Cricket Ground, Windhoek"
1365098,2023-03-30,ODI,United Arab Emirates,United States of America,"United Cricket Club Ground, Windhoek"
1322361,2023-03-31,ODI,Sri Lanka,New Zealand,"Seddon Park, Hamilton"
1339607,2023-03-31,ODI,Netherlands,South Africa,"Willowmoore Park, Benoni"
1365099,2023-04-01,ODI,Canada,United Arab Emirates,"Wanderers Cricket Ground, Windhoek"
1365100,2023-04-01,ODI,Jersey,Papua New Guinea,"United Cricket Club Ground, Windhoek"
1339608,2023-04-02,ODI,South Africa,Netherlands,"The Wanderers Stadium, Johannesburg"
1365101,2023-04-02,ODI,United States of America,Papua New Guinea,"Wanderers Cricket Ground, Windhoek"
1365102,2023-04-02,ODI,United Arab Emirates,Namibia,"United Cricket Club Ground, Windhoek"
1365103,2023-04-04,ODI,Namibia,Canada,"Wanderers Cricket Ground, Windhoek"
1365104,2023-04-04,ODI,United States of America,Jersey,"United Cricket Club Ground, Windhoek"
1365105,2023-04-05,ODI,United Arab Emirates,Jersey,"Wanderers Cricket Ground, Windhoek"
1365106,2023-04-05,ODI,Canada,Papua New Guinea,"United Cricket Club Ground, Windhoek"
1368830,2023-04-19,ODI,Thailand,Zimbabwe,"Terdthai Cricket Ground, Bangkok"
1367985,2023-04-21,ODI,Nepal,Oman,"Tribhuvan University International Cricket Ground, Kirtipur"
1368831,2023-04-21,ODI,Thailand,Zimbabwe,"Terdthai Cricket Ground, Bangkok"
1368832,2023-04-23,ODI,Zimbabwe,Thailand,"Terdthai Cricket Ground, Bangkok"
1339619,2023-04-27,ODI,New Zealand,Pakistan,Rawalpindi Cricket Stadium
1339620,2023-04-29,ODI,New Zealand,Pakistan,Rawalpindi Cricket Stadium
1368000,2023-04-29,ODI,United Arab Emirates,Oman,Mulpani Cricket Ground
1368849,2023-04-29,ODI,Sri Lanka,Bangladesh,"P Sara Oval, Colombo"
1368002,2023-05-01,ODI,United Arab Emirates,Nepal,"Tribhuvan University International Cricket Ground, Kirtipur"
1339621,2023-05-03,ODI,Pakistan,New Zealand,"National Stadium, Karachi"
1368851,2023-05-04,ODI,Sri Lanka,Bangladesh,"Sinhalese Sports Club Ground, Colombo"
1339622,2023-05-05,ODI,Pakistan,New Zealand,"National Stadium, Karachi"
1339623,2023-05-07,ODI,New Zealand,Pakistan,"National Stadium, Karachi"
1364124,2023-05-09,ODI,Bangladesh,Ireland,"County Ground, Chelmsford"
1364125,2023-05-12,ODI,Ireland,Bangladesh,"County Ground, Chelmsford"
1365552,2023-05-14,ODI,Bangladesh,Ireland,"County Ground, Chelmsford"
1377005,2023-06-04,ODI,United Arab Emirates,West Indies,Sharjah Cricket Stadium
1377006,2023-06-06,ODI,West Indies,United Arab Emirates,Sharjah Cricket Stadium
1377007,2023-06-09,ODI,United Arab Emirates,West Indies,Sharjah Cricket Stadium
1377746,2023-06-18,ODI,Nepal,Zimbabwe,Harare Sports Club
1377747,2023-06-18,ODI,West Indies,United States of America,"Takashinga Sports Club, Highfield, Harare"
1377748,2023-06-19,ODI,Sri Lanka,United Arab Emirates,"Queens Sports Club, Bulawayo"
1377749,2023-06-19,ODI,Ireland,Oman,Bulawayo Athletic Club
1377750,2023-06-20,ODI,Netherlands,Zimbabwe,Harare Sports Club
1377751,2023-06-20,ODI,United States of America,Nepal,"Takashinga Sports Club, Highfield, Harare"
1377752,2023-06-21,ODI,Ireland,Scotland,"Queens Sports Club, Bulawayo"
1377753,2023-06-21,ODI,United Arab Emirates,Oman,Bulawayo Athletic Club
1377754,2023-06-22,ODI,West Indies,Nepal,Harare Sports Club
1377755,2023-06-22,ODI,United States of America,Netherlands,"Takashinga Sports Club, Highfield, Harare"
1377756,2023-06-23,ODI,Oman,Sri Lanka,"Queens Sports Club, Bulawayo"
1377757,2023-06-23,ODI,Scotland,United Arab Emirates,Bulawayo Athletic Club
1377758,2023-06-24,ODI,Zimbabwe,West Indies,Harare Sports Club
1377759,2023-06-24,ODI,Nepal,Netherlands,"Takashinga Sports Club, Highfield, Harare"
1377760,2023-06-25,ODI,Sri Lanka,Ireland,"Queens Sports Club, Bulawayo"
1377761,2023-06-25,ODI,Scotland,Oman,Bulawayo Athletic Club
1377762,2023-06-26,ODI,Zimbabwe,United States of America,Harare Sports Club
1377763,2023-06-26,ODI,West Indies,Netherlands,"Takashinga Sports Club, Highfield, Harare"
1378191,2023-06-26,ODI,West Indies,Ireland,"Daren Sammy National Cricket Stadium, Gros Islet, St Lucia"
1377764,2023-06-27,ODI,Sri Lanka,Scotland,"Queens Sports Club, Bulawayo"
1377765,2023-06-27,ODI,Ireland,United Arab Emirates,Bulawayo Athletic Club
1379757,2023-06-27,ODI,New Zealand,Sri Lanka,Galle International Stadium
1378192,2023-06-28,ODI,Ireland,West Indies,"Daren Sammy National Cricket Stadium, Gros Islet, St Lucia"
1377766,2023-06-29,ODI,Zimbabwe,Oman,"Queens Sports Club, Bulawayo"
1377767,2023-06-30,ODI,Sri Lanka,Netherlands,"Queens Sports Club, Bulawayo"
1377768,2023-06-30,ODI,United States of America,Ireland,"Takashinga Sports Club, Highfield, Harare"
1379758,2023-06-30,ODI,New Zealand,Sri Lanka,Galle International Stadium
1377769,2023-07-01,ODI,West Indies,Scotland,Harare Sports Club
1378193,2023-07-01,ODI,Ireland,West Indies,"Daren Sammy National Cricket Stadium, Gros Islet, St Lucia"
1377770,2023-07-02,ODI,Zimbabwe,Sri Lanka,"Queens Sports Club, Bulawayo"
1377771,2023-07-02,ODI,United Arab Emirates,Nepal,"Takashinga Sports Club, Highfield, Harare"
1377772,2023-07-03,ODI,Netherlands,Oman,Harare Sports Club
1379759,2023-07-03,ODI,New Zealand,Sri Lanka,Galle International Stadium
1384542,2023-07-03,ODI,Netherlands,Thailand,"VRA Ground, Amstelveen"
1377773,2023-07-04,ODI,Scotland,Zimbabwe,"Queens Sports Club, Bulawayo"
1377774,2023-07-04,ODI,Nepal,Ireland,"Takashinga Sports Club, Highfield, Harare"
1377775,2023-07-05,ODI,Oman,West Indies,Harare Sports Club
1377776,2023-07-06,ODI,Scotland,Netherlands,"Queens Sports Club, Bulawayo"
1377777,2023-07-06,ODI,United Arab Emirates,United States of America,"Takashinga Sports Club, Highfield, Harare"
1377778,2023-07-07,ODI,West Indies,Sri Lanka,Harare Sports Club
1384544,2023-07-07,ODI,Thailand,Netherlands,"VRA Ground, Amstelveen"
1377779,2023-07-09,ODI,Sri Lanka,Netherlands,Harare Sports Club
1336077,2023-07-12,ODI,Australia,England,"County Ground, Bristol"
1336078,2023-07-16,ODI,Australia,England,"The Rose Bowl, Southampton"
1382166,2023-07-16,ODI,Bangladesh,India,"Shere Bangla National Stadium, Mirpur"
1336079,2023-07-18,ODI,England,Australia,"The Cooper Associates County Ground, Taunton"
1382167,2023-07-19,ODI,India,Bangladesh,"Shere Bangla National Stadium, Mirpur"
1382168,2023-07-22,ODI,Bangladesh,India,"Shere Bangla National Stadium, Mirpur"
1378198,2023-07-25,ODI,Australia,Ireland,"Castle Avenue, Dublin"
1381214,2023-07-27,ODI,West Indies,India,"Kensington Oval, Bridgetown, Barbados"
1378199,2023-07-29,ODI,Ireland,Australia,"Castle Avenue, Dublin"
1381215,2023-07-29,ODI,India,West Indies,"Kensington Oval, Bridgetown, Barbados"
1381216,2023-08-01,ODI,India,West Indies,"Brian Lara Stadium, Tarouba, Trinidad"
1388392,2023-08-30,ODI,Pakistan,Nepal,Multan Cricket Stadium
1388393,2023-08-31,ODI,Bangladesh,Sri Lanka,Pallekele International Cricket Stadium
1388394,2023-09-02,ODI,India,Pakistan,Pallekele International Cricket Stadium
1388398,2023-09-04,ODI,Nepal,India,Pallekele International Cricket Stadium
1388401,2023-09-06,ODI,Bangladesh,Pakistan,"Gaddafi Stadium, Lahore"
1373571,2023-09-07,ODI,South Africa,Australia,"Mangaung Oval, Bloemfontein"
1336052,2023-09-08,ODI,England,New Zealand,"Sophia Gardens, Cardiff"
1382169,2023-09-08,ODI,South Africa,Pakistan,"National Stadium, Karachi"
1336083,2023-09-09,ODI,Sri Lanka,England,"Riverside Ground, Chester-le-Street"
1373572,2023-09-09,ODI,Australia,South Africa,"Mangaung Oval, Bloemfontein"
1388403,2023-09-09,ODI,Sri Lanka,Bangladesh,"R Premadasa Stadium, Colombo"
1336053,2023-09-10,ODI,England,New Zealand,"The Rose Bowl, Southampton"
1388406,2023-09-10,ODI,India,Pakistan,"R Premadasa Stadium, Colombo"
1382170,2023-09-11,ODI,Pakistan,South Africa,"National Stadium, Karachi"
1336084,2023-09-12,ODI,Sri Lanka,England,"County Ground, Northampton"
1373573,2023-09-12,ODI,South Africa,Australia,"Sedgars Park, Potchefstroom"
1388407,2023-09-12,ODI,India,Sri Lanka,"R Premadasa Stadium, Colombo"
1336054,2023-09-13,ODI,England,New Zealand,"Kennington Oval, London"
1336085,2023-09-14,ODI,England,Sri Lanka,"Grace Road, Leicester"
1382171,2023-09-14,ODI,South Africa,Pakistan,"National Stadium, Karachi"
1388410,2023-09-14,ODI,Pakistan,Sri Lanka,"R Premadasa Stadium, Colombo"
1336055,2023-09-15,ODI,England,New Zealand,"Lord's, London"
1373574,2023-09-15,ODI,South Africa,Australia,"SuperSport Park, Centurion"
1388412,2023-09-15,ODI,Bangladesh,India,"R Premadasa Stadium, Colombo"
1373575,2023-09-17,ODI,South Africa,Australia,"The Wanderers Stadium, Johannesburg"
1388414,2023-09-17,ODI,Sri Lanka,India,"R Premadasa Stadium, Colombo"
1395700,2023-09-21,ODI,New Zealand,Bangladesh,"Shere Bangla National Stadium, Mirpur"
1389388,2023-09-22,ODI,Australia,India,"Punjab Cricket Association IS Bindra Stadium, Mohali, Chandigarh"
1336129,2023-09-23,ODI,England,Ireland,"Trent Bridge, Nottingham"
1395701,2023-09-23,ODI,New Zealand,Bangladesh,"Shere Bangla National Stadium, Mirpur"
1389389,2023-09-24,ODI,India,Australia,"Holkar Cricket Stadium, Indore"
1392348,2023-09-24,ODI,New Zealand,South Africa,"Senwes Park, Potchefstroom"
1336130,2023-09-26,ODI,England,Ireland,"County Ground, Bristol"
1395702,2023-09-26,ODI,Bangladesh,New Zealand,"Shere Bangla National Stadium, Mirpur"
1389390,2023-09-27,ODI,Australia,India,"Saurashtra Cricket Association Stadium, Rajkot"
1392349,2023-09-28,ODI,New Zealand,South Africa,"City Oval, Pietermaritzburg"
1392350,2023-10-01,ODI,South Africa,New Zealand,"Kingsmead, Durban"
1384392,2023-10-05,ODI,England,New Zealand,"Narendra Modi Stadium, Ahmedabad"
1384393,2023-10-06,ODI,Pakistan,Netherlands,"Rajiv Gandhi International Stadium, Uppal, Hyderabad"
1384395,2023-10-07,ODI,South Africa,Sri Lanka,"Arun Jaitley Stadium, Delhi"
1375866,2023-10-08,ODI,West Indies,Australia,"Allan Border Field, Brisbane"
1384396,2023-10-08,ODI,Australia,India,"MA Chidambaram Stadium, Chepauk, Chennai"
1384397,2023-10-09,ODI,New Zealand,Netherlands,"Rajiv Gandhi International Stadium, Uppal, Hyderabad"
1384398,2023-10-10,ODI,England,Bangladesh,"Himachal Pradesh Cricket Association Stadium, Dharamsala"
1384399,2023-10-10,ODI,Sri Lanka,Pakistan,"Rajiv Gandhi International Stadium, Uppal, Hyderabad"
1375867,2023-10-12,ODI,West Indies,Australia,"Junction Oval, Melbourne"
1384401,2023-10-12,ODI,South Africa,Australia,"Bharat Ratna Shri Atal Bihari Vajpayee Ekana Cricket Stadium, Lucknow"
1384402,2023-10-13,ODI,Bangladesh,New Zealand,"MA Chidambaram Stadium, Chepauk, Chennai"
1375868,2023-10-14,ODI,West Indies,Australia,"Junction Oval, Melbourne"
1384403,2023-10-14,ODI,Pakistan,India,"Narendra Modi Stadium, Ahmedabad"
1384405,2023-10-16,ODI,Sri Lanka,Australia,"Bharat Ratna Shri Atal Bihari Vajpayee Ekana Cricket Stadium, Lucknow"
1384406,2023-10-17,ODI,Netherlands,South Africa,"Himachal Pradesh Cricket Association Stadium, Dharamsala"
1403683,2023-10-17,ODI,Scotland,Ireland,"Desert Springs Cricket Ground, Almeria"
1384408,2023-10-19,ODI,Bangladesh,India,"Maharashtra Cricket Association Stadium, Pune"
1403684,2023-10-19,ODI,Ireland,Scotland,"Desert Springs Cricket Ground, Almeria"
1384409,2023-10-20,ODI,Australia,Pakistan,"M Chinnaswamy Stadium, Bengaluru"
1384410,2023-10-21,ODI,Netherlands,Sri Lanka,"Bharat Ratna Shri Atal Bihari Vajpayee Ekana Cricket Stadium, Lucknow"
1384411,2023-10-21,ODI,South Africa,England,"Wankhede Stadium, Mumbai"
1403685,2023-10-21,ODI,Ireland,Scotland,"Desert Springs Cricket Ground, Almeria"
1384412,2023-10-22,ODI,New Zealand,India,"Himachal Pradesh Cricket Association Stadium, Dharamsala"
1384414,2023-10-24,ODI,South Africa,Bangladesh,"Wankhede Stadium, Mumbai"
1384415,2023-10-25,ODI,Australia,Netherlands,"Arun Jaitley Stadium, Delhi"
1384416,2023-10-26,ODI,England,Sri Lanka,"M Chinnaswamy Stadium, Bengaluru"
1384417,2023-10-27,ODI,Pakistan,South Africa,"MA Chidambaram Stadium, Chepauk, Chennai"
1384418,2023-10-28,ODI,Australia,New Zealand,"Himachal Pradesh Cricket Association Stadium, Dharamsala"
1384419,2023-10-28,ODI,Netherlands,Bangladesh,"Eden Gardens, Kolkata"
1384420,2023-10-29,ODI,India,England,"Bharat Ratna Shri Atal Bihari Vajpayee Ekana Cricket Stadium, Lucknow"
1384422,2023-10-31,ODI,Bangladesh,Pakistan,"Eden Gardens, Kolkata"
1384423,2023-11-01,ODI,South Africa,New Zealand,"Maharashtra Cricket Association Stadium, Pune"
1384424,2023-11-02,ODI,India,Sri Lanka,"Wankhede Stadium, Mumbai"
1384426,2023-11-04,ODI,New Zealand,Pakistan,"M Chinnaswamy Stadium, Bengaluru"
1384427,2023-11-04,ODI,Australia,England,"Narendra Modi Stadium, Ahmedabad"
1405124,2023-11-04,ODI,Bangladesh,Pakistan,"Shere Bangla National Stadium, Mirpur"
1384428,2023-11-05,ODI,India,South Africa,"Eden Gardens, Kolkata"
1384429,2023-11-06,ODI,Sri Lanka,Bangladesh,"Arun Jaitley Stadium, Delhi"
1405125,2023-11-07,ODI,Bangladesh,Pakistan,"Shere Bangla National Stadium, Mirpur"
1384431,2023-11-08,ODI,England,Netherlands,"Maharashtra Cricket Association Stadium, Pune"
1384432,2023-11-09,ODI,Sri Lanka,New Zealand,"M Chinnaswamy Stadium, Bengaluru"
1405126,2023-11-10,ODI,Pakistan,Bangladesh,"Shere Bangla National Stadium, Mirpur"
1384434,2023-11-11,ODI,Bangladesh,Australia,"Maharashtra Cricket Association Stadium, Pune"
1384435,2023-11-11,ODI,England,Pakistan,"Eden Gardens, Kolkata"
1384436,2023-11-12,ODI,India,Netherlands,"M Chinnaswamy Stadium, Bengaluru"
1384437,2023-11-15,ODI,India,New Zealand,"Wankhede Stadium, Mumbai"
1384438,2023-11-16,ODI,South Africa,Australia,"Eden Gardens, Kolkata"
1384439,2023-11-19,ODI,India,Australia,"Narendra Modi Stadium, Ahmedabad"
1373576,2023-12-03,ODI,England,West Indies,"Sir Vivian Richards Stadium, North Sound, Antigua"
1373577,2023-12-06,ODI,West Indies,England,"Sir Vivian Richards Stadium, North Sound, Antigua"
1373578,2023-12-09,ODI,England,West Indies,"Kensington Oval, Bridgetown, Barbados"
1388199,2023-12-12,ODI,New Zealand,Pakistan,"John Davies Oval, Queenstown"
1408106,2023-12-13,ODI,Zimbabwe,Ireland,Harare Sports Club
1388200,2023-12-15,ODI,Pakistan,New Zealand,"Hagley Oval, Christchurch"
1408107,2023-12-15,ODI,Zimbabwe,Ireland,Harare Sports Club
1398258,2023-12-16,ODI,Bangladesh,South Africa,"Buffalo Park, East London"
1387600,2023-12-17,ODI,South Africa,India,"The Wanderers Stadium, Johannesburg"
1408102,2023-12-17,ODI,New Zealand,Bangladesh,"University Oval, Dunedin"
1408108,2023-12-17,ODI,Zimbabwe,Ireland,Harare Sports Club
1388201,2023-12-18,ODI,New Zealand,Pakistan,"Hagley Oval, Christchurch"
1387601,2023-12-19,ODI,India,South Africa,"St George's Park, Gqeberha"
1388211,2023-12-20,ODI,Bangladesh,New Zealand,"Saxton Oval, Nelson"
1398259,2023-12-20,ODI,Bangladesh,South Africa,"Senwes Park, Potchefstroom"
1387602,2023-12-21,ODI,India,South Africa,"Boland Park, Paarl"
1388212,2023-12-23,ODI,New Zealand,Bangladesh,"McLean Park, Napier"
1398260,2023-12-23,ODI,South Africa,Bangladesh,"Willowmoore Park, Benoni"
1406078,2023-12-28,ODI,India,Australia,"Wankhede Stadium, Mumbai"
1406079,2023-12-30,ODI,Australia,India,"Wankhede Stadium, Mumbai"
1406080,2024-01-02,ODI,Australia,India,"Wankhede Stadium, Mumbai"
1412539,2024-01-06,ODI,Sri Lanka,Zimbabwe,"R Premadasa Stadium, Colombo"
1412540,2024-01-08,ODI,Zimbabwe,Sri Lanka,"R Premadasa Stadium, Colombo"
1412541,2024-01-11,ODI,Zimbabwe,Sri Lanka,"R Premadasa Stadium, Colombo"
1415980,2024-01-18,ODI,Zimbabwe,Ireland,Harare Sports Club
1415981,2024-01-21,ODI,Zimbabwe,Ireland,Harare Sports Club
1415982,2024-01-23,ODI,Ireland,Zimbabwe,Harare Sports Club
1375847,2024-02-02,ODI,West Indies,Australia,Melbourne Cricket Ground
1375872,2024-02-03,ODI,South Africa,Australia,Adelaide Oval
1375848,2024-02-04,ODI,Australia,West Indies,Sydney Cricket Ground
1375849,2024-02-06,ODI,West Indies,Australia,"Manuka Oval, Canberra"
1375873,2024-02-07,ODI,South Africa,Australia,"North Sydney Oval, Sydney"
1420220,2024-02-08,ODI,Nepal,Canada,"Tribhuvan University International Cricket Ground, Kirtipur"
1375874,2024-02-10,ODI,Australia,South Africa,"North Sydney Oval, Sydney"
1420221,2024-02-10,ODI,Canada,Nepal,"Tribhuvan University International Cricket Ground, Kirtipur"
1420222,2024-02-12,ODI,Canada,Nepal,"Tribhuvan University International Cricket Ground, Kirtipur"
1420529,2024-02-15,ODI,Nepal,Namibia,"Tribhuvan University International Cricket Ground, Kirtipur"
1420530,2024-02-17,ODI,Netherlands,Nepal,"Tribhuvan University International Cricket Ground, Kirtipur"
1420531,2024-02-19,ODI,Namibia,Netherlands,"Tribhuvan University International Cricket Ground, Kirtipur"
1420532,2024-02-21,ODI,Nepal,Namibia,"Tribhuvan University International Cricket Ground, Kirtipur"
1420533,2024-02-23,ODI,Namibia,Netherlands,"Tribhuvan University International Cricket Ground, Kirtipur"
1420534,2024-02-25,ODI,Nepal,Netherlands,"Tribhuvan University International Cricket Ground, Kirtipur"
1421069,2024-02-28,ODI,United Arab Emirates,Canada,Dubai International Cricket Stadium
1421070,2024-03-01,ODI,Scotland,Canada,Dubai International Cricket Stadium
1421071,2024-03-03,ODI,United Arab Emirates,Scotland,Dubai International Cricket Stadium
1421072,2024-03-05,ODI,Canada,United Arab Emirates,Dubai International Cricket Stadium
1421073,2024-03-07,ODI,Scotland,Canada,Dubai International Cricket Stadium
1419827,2024-03-13,ODI,Sri Lanka,Bangladesh,"Zahur Ahmed Chowdhury Stadium, Chattogram"
1419828,2024-03-15,ODI,Bangladesh,Sri Lanka,"Zahur Ahmed Chowdhury Stadium, Chattogram"
1419829,2024-03-18,ODI,Sri Lanka,Bangladesh,"Zahur Ahmed Chowdhury Stadium, Chattogram"
1425061,2024-03-21,ODI,Australia,Bangladesh,"Shere Bangla National Stadium, Mirpur"
1425062,2024-03-24,ODI,Bangladesh,Australia,"Shere Bangla National Stadium, Mirpur"
1426046,2024-03-26,ODI,Papua New Guinea,Zimbabwe,Harare Sports Club
1425063,2024-03-27,ODI,Bangladesh,Australia,"Shere Bangla National Stadium, Mirpur"
1426047,2024-03-28,ODI,Zimbabwe,Papua New Guinea,Harare Sports Club
1388207,2024-04-01,ODI,New Zealand,England,"Basin Reserve, Wellington"
1388208,2024-04-04,ODI,England,New Zealand,"Seddon Park, Hamilton"
1388209,2024-04-07,ODI,England,New Zealand,"Seddon Park, Hamilton"
1398265,2024-04-09,ODI,South Africa,Sri Lanka,"Buffalo Park, East London"
1427423,2024-04-11,ODI,United States of America,Papua New Guinea,"ICC Academy, Dubai"
1427424,2024-04-12,ODI,Scotland,Papua New Guinea,"ICC Academy, Dubai"
1398266,2024-04-13,ODI,Sri Lanka,South Africa,"Diamond Oval, Kimberley"
1427425,2024-04-14,ODI,Scotland,United States of America,"ICC Academy, Dubai"
1398267,2024-04-17,ODI,South Africa,Sri Lanka,"Senwes Park, Potchefstroom"
1426081,2024-04-18,ODI,West Indies,Pakistan,"National Stadium, Karachi"
1426082,2024-04-21,ODI,Pakistan,West Indies,"National Stadium, Karachi"
1426083,2024-04-23,ODI,West Indies,Pakistan,"National Stadium, Karachi"
1398271,2024-05-23,ODI,England,Pakistan,"County Ground, Derby"
1398272,2024-05-26,ODI,Pakistan,England,"The Cooper Associates County Ground, Taunton"
1398273,2024-05-29,ODI,England,Pakistan,"County Ground, Chelmsford"
1436886,2024-06-15,ODI,West Indies,Sri Lanka,"Mahinda Rajapaksa International Cricket Stadium, Sooriyawewa, Hambantota"
1434287,2024-06-16,ODI,India,South Africa,"M Chinnaswamy Stadium, Bengaluru"
1436887,2024-06-18,ODI,West Indies,Sri Lanka,"Mahinda Rajapaksa International Cricket Stadium, Sooriyawewa, Hambantota"
1434288,2024-06-19,ODI,India,South Africa,"M Chinnaswamy Stadium, Bengaluru"
1436888,2024-06-21,ODI,Sri Lanka,West Indies,"Mahinda Rajapaksa International Cricket Stadium, Sooriyawewa, Hambantota"
1434289,2024-06-23,ODI,South Africa,India,"M Chinnaswamy Stadium, Bengaluru"
1398274,2024-06-26,ODI,New Zealand,England,"Riverside Ground, Chester-le-Street"
1398275,2024-06-30,ODI,New Zealand,England,"County Ground, New Road, Worcester"
1398276,2024-07-03,ODI,New Zealand,England,"County Ground, Bristol"
1428956,2024-07-16,ODI,Oman,Scotland,"Forthill, Dundee"
1428957,2024-07-18,ODI,Oman,Namibia,"Forthill, Dundee"
1428958,2024-07-20,ODI,Scotland,Namibia,"Forthill, Dundee"
1428959,2024-07-22,ODI,Oman,Scotland,"Forthill, Dundee"
1428960,2024-07-24,ODI,Namibia,Oman,"Forthill, Dundee"
1428961,2024-07-26,ODI,Scotland,Namibia,"Forthill, Dundee"
1442990,2024-08-02,ODI,Sri Lanka,India,"R Premadasa Stadium, Colombo"
1442991,2024-08-04,ODI,Sri Lanka,India,"R Premadasa Stadium, Colombo"
1444543,2024-08-05,ODI,Papua New Guinea,Netherlands,"Sportpark Maarschalkerweerd, Utrecht"
1444544,2024-08-06,ODI,Scotland,Papua New Guinea,"Sportpark Maarschalkerweerd, Utrecht"
1442992,2024-08-07,ODI,Sri Lanka,India,"R Premadasa Stadium, Colombo"
1444545,2024-08-08,ODI,Scotland,Netherlands,"VRA Ground, Amstelveen"
1444546,2024-08-09,ODI,Papua New Guinea,Netherlands,"VRA Ground, Amstelveen"
1444547,2024-08-11,ODI,Papua New Guinea,Scotland,"VRA Ground, Amstelveen"
1445034,2024-08-11,ODI,Canada,Netherlands,"Sportpark Westvliet, The Hague"
1444548,2024-08-12,ODI,Scotland,Netherlands,"VRA Ground, Amstelveen"
1445035,2024-08-13,ODI,United States of America,Canada,"Sportpark Westvliet, The Hague"
1445036,2024-08-15,ODI,Netherlands,United States of America,"Sportpark Westvliet, The Hague"
1430814,2024-08-16,ODI,Sri Lanka,Ireland,"Civil Service Cricket Club, Stormont, Belfast"
1445037,2024-08-17,ODI,Netherlands,Canada,"Hazelaarweg, Rotterdam"
1430815,2024-08-18,ODI,Ireland,Sri Lanka,"Civil Service Cricket Club, Stormont, Belfast"
1445038,2024-08-19,ODI,United States of America,Canada,"Hazelaarweg, Rotterdam"
1430816,2024-08-20,ODI,Ireland,Sri Lanka,"Civil Service Cricket Club, Stormont, Belfast"
1445039,2024-08-21,ODI,Netherlands,United States of America,"Hazelaarweg, Rotterdam"
1430817,2024-09-07,ODI,Ireland,England,"Civil Service Cricket Club, Stormont, Belfast"
1430818,2024-09-09,ODI,England,Ireland,"Civil Service Cricket Club, Stormont, Belfast"
1430819,2024-09-11,ODI,England,Ireland,"Civil Service Cricket Club, Stormont, Belfast"
1450690,2024-09-16,ODI,Namibia,United States of America,"United Cricket Club Ground, Windhoek"
1450696,2024-09-16,ODI,Canada,Nepal,"Maple Leaf North-West Ground, King City"
1450691,2024-09-18,ODI,United Arab Emirates,United States of America,"United Cricket Club Ground, Windhoek"
1450697,2024-09-18,ODI,Nepal,Oman,"Maple Leaf North-West Ground, King City"
1385700,2024-09-19,ODI,England,Australia,"Trent Bridge, Nottingham"
1450692,2024-09-20,ODI,Namibia,United Arab Emirates,"United Cricket Club Ground, Windhoek"
1450698,2024-09-20,ODI,Canada,Oman,"Maple Leaf North-West Ground, King City"
1385701,2024-09-21,ODI,Australia,England,"Headingley, Leeds"
1450693,2024-09-22,ODI,Namibia,United States of America,"United Cricket Club Ground, Windhoek"
1450699,2024-09-22,ODI,Nepal,Canada,"Maple Leaf North-West Ground, King City"
1385702,2024-09-24,ODI,Australia,England,"Riverside Ground, Chester-le-Street"
1450694,2024-09-24,ODI,United States of America,United Arab Emirates,"United Cricket Club Ground, Windhoek"
1450695,2024-09-26,ODI,United Arab Emirates,Namibia,"Wanderers Cricket Ground, Windhoek"
1450701,2024-09-26,ODI,Oman,Canada,"Maple Leaf North-West Ground, King City"
1385703,2024-09-27,ODI,England,Australia,"Lord's, London"
1385704,2024-09-29,ODI,England,Australia,"County Ground, Bristol"
1431088,2024-10-02,ODI,South Africa,Ireland,"Zayed Cricket Stadium, Abu Dhabi"
1431089,2024-10-04,ODI,South Africa,Ireland,"Zayed Cricket Stadium, Abu Dhabi"
1431090,2024-10-07,ODI,Ireland,South Africa,"Zayed Cricket Stadium, Abu Dhabi"
1455367,2024-10-17,ODI,United States of America,Zimbabwe,Harare Sports Club
1451817,2024-10-20,ODI,West Indies,Sri Lanka,Pallekele International Cricket Stadium
1455368,2024-10-20,ODI,United States of America,Zimbabwe,Harare Sports Club
1451818,2024-10-23,ODI,West Indies,Sri Lanka,Pallekele International Cricket Stadium
1455369,2024-10-23,ODI,Zimbabwe,United States of America,Harare Sports Club
1454391,2024-10-24,ODI,India,New Zealand,"Narendra Modi Stadium, Ahmedabad"
1450702,2024-10-25,ODI,United States of America,Scotland,"Grand Prairie Stadium, Dallas"
1451819,2024-10-26,ODI,Sri Lanka,West Indies,Pallekele International Cricket Stadium
1455370,2024-10-26,ODI,Zimbabwe,United States of America,Harare Sports Club
1454392,2024-10-27,ODI,New Zealand,India,"Narendra Modi Stadium, Ahmedabad"
1455371,2024-10-28,ODI,Zimbabwe,United States of America,Harare Sports Club
1450704,2024-10-29,ODI,Scotland,Nepal,"Grand Prairie Stadium, Dallas"
1454393,2024-10-29,ODI,New Zealand,India,"Narendra Modi Stadium, Ahmedabad"
1433370,2024-10-31,ODI,England,West Indies,"Sir Vivian Richards Stadium, North Sound, Antigua"
1450705,2024-10-31,ODI,Scotland,United States of America,"Grand Prairie Stadium, Dallas"
1457464,2024-11-01,ODI,United Arab Emirates,Oman,Al Amerat Cricket Ground Oman Cricket (Ministry Turf 1)
1433371,2024-11-02,ODI,West Indies,England,"Sir Vivian Richards Stadium, North Sound, Antigua"
1450706,2024-11-02,ODI,United States of America,Nepal,"Grand Prairie Stadium, Dallas"
1457465,2024-11-03,ODI,United Arab Emirates,Netherlands,Al Amerat Cricket Ground Oman Cricket (Ministry Turf 1)
1426549,2024-11-04,ODI,Pakistan,Australia,Melbourne Cricket Ground
1450707,2024-11-04,ODI,Nepal,Scotland,"Grand Prairie Stadium, Dallas"
1457466,2024-11-05,ODI,Netherlands,Oman,Al Amerat Cricket Ground Oman Cricket (Ministry Turf 1)
1433372,2024-11-06,ODI,England,West Indies,"Kensington Oval, Bridgetown, Barbados"
1457467,2024-11-07,ODI,United Arab Emirates,Oman,Al Amerat Cricket Ground Oman Cricket (Ministry Turf 1)
1426550,2024-11-08,ODI,Australia,Pakistan,Adelaide Oval
1457468,2024-11-09,ODI,Netherlands,United Arab Emirates,Al Amerat Cricket Ground Oman Cricket (Ministry Turf 1)
1426551,2024-11-10,ODI,Australia,Pakistan,Perth Stadium
1457469,2024-11-11,ODI,Oman,Netherlands,Al Amerat Cricket Ground Oman Cricket (Ministry Turf 1)
1456443,2024-11-13,ODI,Sri Lanka,New Zealand,Rangiri Dambulla International Stadium
1456444,2024-11-17,ODI,New Zealand,Sri Lanka,Pallekele International Cricket Stadium
1456445,2024-11-19,ODI,New Zealand,Sri Lanka,Pallekele International Cricket Stadium
1444649,2024-11-24,ODI,Zimbabwe,Pakistan,"Queens Sports Club, Bulawayo"
1444650,2024-11-26,ODI,Zimbabwe,Pakistan,"Queens Sports Club, Bulawayo"
1458411,2024-11-27,ODI,Bangladesh,Ireland,"Shere Bangla National Stadium, Mirpur"
1444651,2024-11-28,ODI,Pakistan,Zimbabwe,"Queens Sports Club, Bulawayo"
1458412,2024-11-30,ODI,Ireland,Bangladesh,"Shere Bangla National Stadium, Mirpur"
1458413,2024-12-02,ODI,Ireland,Bangladesh,"Shere Bangla National Stadium, Mirpur"
1432228,2024-12-04,ODI,England,South Africa,"Diamond Oval, Kimberley"
1426620,2024-12-05,ODI,India,Australia,"Allan Border Field, Brisbane"
1426621,2024-12-08,ODI,Australia,India,"Allan Border Field, Brisbane"
1432229,2024-12-08,ODI,South Africa,England,"Kingsmead, Durban"
1433380,2024-12-08,ODI,Bangladesh,West Indies,"Warner Park, Basseterre, St Kitts"
1433381,2024-12-10,ODI,Bangladesh,West Indies,"Warner Park, Basseterre, St Kitts"
1426622,2024-12-11,ODI,Australia,India,"Western Australia Cricket Association Ground, Perth"
1432230,2024-12-11,ODI,South Africa,England,"Senwes Park, Potchefstroom"
1433382,2024-12-12,ODI,Bangladesh,West Indies,"Warner Park, Basseterre, St Kitts"
1432214,2024-12-17,ODI,South Africa,Pakistan,"Boland Park, Paarl"
1432215,2024-12-19,ODI,Pakistan,South Africa,"Newlands, Cape Town"
1443566,2024-12-21,ODI,Australia,New Zealand,"Basin Reserve, Wellington"
1432216,2024-12-22,ODI,Pakistan,South Africa,"The Wanderers Stadium, Johannesburg"
1459894,2024-12-22,ODI,India,West Indies,"Kotambi Stadium, Vadodara"
1443567,2024-12-23,ODI,Australia,New Zealand,"Basin Reserve, Wellington"
1459895,2024-12-24,ODI,India,West Indies,"Kotambi Stadium, Vadodara"
1459896,2024-12-27,ODI,West Indies,India,"Kotambi Stadium, Vadodara"
1443546,2025-01-05,ODI,Sri Lanka,New Zealand,"Basin Reserve, Wellington"
1443547,2025-01-08,ODI,New Zealand,Sri Lanka,"Seddon Park, Hamilton"
1459897,2025-01-10,ODI,Ireland,India,"Saurashtra Cricket Association Stadium, Rajkot"
1443548,2025-01-11,ODI,Sri Lanka,New Zealand,"Eden Park, Auckland"
1426623,2025-01-12,ODI,England,Australia,"North Sydney Oval, Sydney"
1459898,2025-01-12,ODI,India,Ireland,"Saurashtra Cricket Association Stadium, Rajkot"
1426624,2025-01-14,ODI,Australia,England,"Junction Oval, Melbourne"
1459899,2025-01-15,ODI,India,Ireland,"Saurashtra Cricket Association Stadium, Rajkot"
1426625,2025-01-17,ODI,Australia,England,"Bellerive Oval, Hobart"
1468399,2025-01-19,ODI,Bangladesh,West Indies,"Warner Park, Basseterre, St Kitts"
1468400,2025-01-21,ODI,Bangladesh,West Indies,"Warner Park, Basseterre, St Kitts"
1468401,2025-01-24,ODI,Bangladesh,West Indies,"Warner Park, Basseterre, St Kitts"
1439904,2025-02-06,ODI,England,India,"Vidarbha Cricket Association Stadium, Jamtha, Nagpur"
1442220,2025-02-08,ODI,New Zealand,Pakistan,"Gaddafi Stadium, Lahore"
1468879,2025-02-08,ODI,United States of America,Namibia,Al Amerat Cricket Ground Oman Cricket (Ministry Turf 1)
1439905,2025-02-09,ODI,England,India,"Barabati Stadium, Cuttack"
1442221,2025-02-10,ODI,South Africa,New Zealand,"Gaddafi Stadium, Lahore"
1468880,2025-02-10,ODI,Namibia,Oman,Al Amerat Cricket Ground Oman Cricket (Ministry Turf 1)
1439906,2025-02-12,ODI,India,England,"Narendra Modi Stadium, Ahmedabad"
1442222,2025-02-12,ODI,South Africa,Pakistan,"National Stadium, Karachi"
1459908,2025-02-12,ODI,Sri Lanka,Australia,"R Premadasa Stadium, Colombo"
1468881,2025-02-12,ODI,United States of America,Oman,Al Amerat Cricket Ground Oman Cricket (Ministry Turf 1)
1442223,2025-02-14,ODI,Pakistan,New Zealand,"National Stadium, Karachi"
1467701,2025-02-14,ODI,Zimbabwe,Ireland,Harare Sports Club
1468882,2025-02-14,ODI,United States of America,Namibia,Al Amerat Cricket Ground Oman Cricket (Ministry Turf 1)
1469168,2025-02-14,ODI,Sri Lanka,Australia,"R Premadasa Stadium, Colombo"
1467702,2025-02-16,ODI,Zimbabwe,Ireland,Harare Sports Club
1468883,2025-02-16,ODI,Namibia,Oman,Al Amerat Cricket Ground Oman Cricket (Ministry Turf 1)
1467703,2025-02-18,ODI,Ireland,Zimbabwe,Harare Sports Club
1468884,2025-02-18,ODI,United States of America,Oman,Al Amerat Cricket Ground Oman Cricket (Ministry Turf 1)
1466414,2025-02-19,ODI,New Zealand,Pakistan,"National Stadium, Karachi"
1466415,2025-02-20,ODI,Bangladesh,India,Dubai International Cricket Stadium
1466417,2025-02-22,ODI,England,Australia,"Gaddafi Stadium, Lahore"
1466418,2025-02-23,ODI,Pakistan,India,Dubai International Cricket Stadium
1466419,2025-02-24,ODI,Bangladesh,New Zealand,Rawalpindi Cricket Stadium
1466424,2025-03-01,ODI,England,South Africa,"National Stadium, Karachi"
1466425,2025-03-02,ODI,India,New Zealand,Dubai International Cricket Stadium
1443568,2025-03-04,ODI,Sri Lanka,New Zealand,"McLean Park, Napier"
1466426,2025-03-04,ODI,Australia,India,Dubai International Cricket Stadium
1466427,2025-03-05,ODI,New Zealand,South Africa,"Gaddafi Stadium, Lahore"
1443569,2025-03-07,ODI,New Zealand,Sri Lanka,"Saxton Oval, Nelson"
1474410,2025-03-07,ODI,Netherlands,Namibia,"Wanderers Cricket Ground, Windhoek"
1443570,2025-03-09,ODI,New Zealand,Sri Lanka,"Saxton Oval, Nelson"
1466428,2025-03-09,ODI,New Zealand,India,Dubai International Cricket Stadium
1474411,2025-03-09,ODI,Canada,Namibia,"Wanderers Cricket Ground, Windhoek"
1474413,2025-03-13,ODI,Namibia,Netherlands,"Wanderers Cricket Ground, Windhoek"
1474414,2025-03-15,ODI,Namibia,Canada,"Wanderers Cricket Ground, Windhoek"
1443554,2025-03-29,ODI,New Zealand,Pakistan,"McLean Park, Napier"
1443555,2025-04-02,ODI,New Zealand,Pakistan,"Seddon Park, Hamilton"
1443556,2025-04-05,ODI,New Zealand,Pakistan,"Bay Oval, Mount Maunganui"
1477009,2025-04-09,ODI,Pakistan,Ireland,"Gaddafi Stadium, Lahore"
1477010,2025-04-09,ODI,Scotland,West Indies,Lahore City Cricket Association Ground
1477011,2025-04-10,ODI,Bangladesh,Thailand,Lahore City Cricket Association Ground
1477012,2025-04-11,ODI,Scotland,Pakistan,Lahore City Cricket Association Ground
1477013,2025-04-11,ODI,West Indies,Ireland,"Gaddafi Stadium, Lahore"
1477014,2025-04-13,ODI,Scotland,Thailand,Lahore City Cricket Association Ground
1477015,2025-04-13,ODI,Ireland,Bangladesh,"Gaddafi Stadium, Lahore"
1477016,2025-04-14,ODI,Pakistan,West Indies,"Gaddafi Stadium, Lahore"
1477017,2025-04-15,ODI,Ireland,Thailand,Lahore City Cricket Association Ground
1477018,2025-04-15,ODI,Bangladesh,Scotland,"Gaddafi Stadium, Lahore"
1477019,2025-04-17,ODI,Bangladesh,West Indies,Lahore City Cricket Association Ground
1477020,2025-04-17,ODI,Pakistan,Thailand,"Gaddafi Stadium, Lahore"
1477021,2025-04-18,ODI,Scotland,Ireland,"Gaddafi Stadium, Lahore"
1477022,2025-04-19,ODI,Bangladesh,Pakistan,Lahore City Cricket Association Ground
1477023,2025-04-19,ODI,Thailand,West Indies,"Gaddafi Stadium, Lahore"
1476980,2025-04-27,ODI,Sri Lanka,India,"R Premadasa Stadium, Colombo"
1476981,2025-04-29,ODI,India,South Africa,"R Premadasa Stadium, Colombo"
1481712,2025-05-01,ODI,Zimbabwe,United States of America,"Grand Prairie Stadium, Dallas"
1476982,2025-05-02,ODI,South Africa,Sri Lanka,"R Premadasa Stadium, Colombo"
1481713,2025-05-03,ODI,Zimbabwe,United States of America,"Grand Prairie Stadium, Dallas"
1421074,2025-05-04,ODI,United Arab Emirates,Scotland,"VRA Ground, Amstelveen"
1476983,2025-05-04,ODI,India,Sri Lanka,"R Premadasa Stadium, Colombo"
1481530,2025-05-06,ODI,Netherlands,United Arab Emirates,"VRA Ground, Amstelveen"
1476984,2025-05-07,ODI,India,South Africa,"R Premadasa Stadium, Colombo"
1481531,2025-05-08,ODI,United Arab Emirates,Scotland,"VRA Ground, Amstelveen"
1476985,2025-05-09,ODI,South Africa,Sri Lanka,"R Premadasa Stadium, Colombo"
1481532,2025-05-10,ODI,Netherlands,Scotland,"VRA Ground, Amstelveen"
1476986,2025-05-11,ODI,India,Sri Lanka,"R Premadasa Stadium, Colombo"
1481533,2025-05-12,ODI,United Arab Emirates,Netherlands,"Sportpark Maarschalkerweerd, Utrecht"
1481534,2025-05-14,ODI,United Arab Emirates,Scotland,"Sportpark Maarschalkerweerd, Utrecht"
1481535,2025-05-16,ODI,Scotland,Netherlands,"Sportpark Maarschalkerweerd, Utrecht"
1482564,2025-05-17,ODI,United States of America,Canada,"Central Broward Regional Park Stadium Turf Ground, Lauderhill"
1482565,2025-05-19,ODI,Oman,Canada,"Central Broward Regional Park Stadium Turf Ground, Lauderhill"
1472511,2025-05-21,ODI,Ireland,West Indies,"Castle Avenue, Dublin"
1482566,2025-05-21,ODI,Oman,United States of America,"Central Broward Regional Park Stadium Turf Ground, Lauderhill"
1472512,2025-05-23,ODI,West Indies,Ireland,"Castle Avenue, Dublin"
1482567,2025-05-23,ODI,Canada,Oman,"Central Broward Regional Park Stadium Turf Ground, Lauderhill"
1472513,2025-05-25,ODI,West Indies,Ireland,"Castle Avenue, Dublin"
1482568,2025-05-25,ODI,United States of America,Canada,"Central Broward Regional Park Stadium Turf Ground, Lauderhill"
1482569,2025-05-27,ODI,United States of America,Oman,"Central Broward Regional Park Stadium Turf Ground, Lauderhill"
1448343,2025-05-29,ODI,England,West Indies,"Edgbaston, Birmingham"
1448394,2025-05-30,ODI,England,West Indies,"County Ground, Derby"
1448344,2025-06-01,ODI,West Indies,England,"Sophia Gardens, Cardiff"
1486772,2025-06-02,ODI,Scotland,Nepal,"Forthill, Dundee"
1448345,2025-06-03,ODI,West Indies,England,"Kennington Oval, London"
1448395,2025-06-04,ODI,England,West Indies,"Grace Road, Leicester"
1486773,2025-06-04,ODI,Netherlands,Nepal,"Forthill, Dundee"
1486774,2025-06-06,ODI,Scotland,Netherlands,"Forthill, Dundee"
1448396,2025-06-07,ODI,West Indies,England,"The Cooper Associates County Ground, Taunton"
1486775,2025-06-08,ODI,Scotland,Nepal,"Forthill, Dundee"
1486776,2025-06-10,ODI,Nepal,Netherlands,"Forthill, Dundee"
1472534,2025-06-11,ODI,South Africa,West Indies,"Three Ws Oval, Cave Hill, Barbados"
1486777,2025-06-12,ODI,Scotland,Netherlands,"Forthill, Dundee"
1472535,2025-06-14,ODI,South Africa,West Indies,"Three Ws Oval, Cave Hill, Barbados"
1472536,2025-06-17,ODI,South Africa,West Indies,"Three Ws Oval, Cave Hill, Barbados"
1485505,2025-07-02,ODI,Sri Lanka,Bangladesh,"R Premadasa Stadium, Colombo"
1485506,2025-07-05,ODI,Bangladesh,Sri Lanka,"R Premadasa Stadium, Colombo"
1485507,2025-07-08,ODI,Sri Lanka,Bangladesh,Pallekele International Cricket Stadium
1448402,2025-07-16,ODI,England,India,"The Rose Bowl, Southampton"
1448403,2025-07-19,ODI,India,England,"Lord's, London"
1448404,2025-07-22,ODI,India,England,"Riverside Ground, Chester-le-Street"
1476990,2025-07-26,ODI,Ireland,Zimbabwe,"Civil Service Cricket Club, Stormont, Belfast"
1476991,2025-07-28,ODI,Zimbabwe,Ireland,"Civil Service Cricket Club, Stormont, Belfast"
1472528,2025-08-08,ODI,West Indies,Pakistan,"Brian Lara Stadium, Tarouba, Trinidad"
1472529,2025-08-10,ODI,Pakistan,West Indies,"Brian Lara Stadium, Tarouba, Trinidad"
1472530,2025-08-12,ODI,West Indies,Pakistan,"Brian Lara Stadium, Tarouba, Trinidad"
1478901,2025-08-19,ODI,South Africa,Australia,"Cazaly's Stadium, Cairns"
1478902,2025-08-22,ODI,South Africa,Australia,"Great Barrier Reef Arena, Mackay"
1478903,2025-08-24,ODI,Australia,South Africa,"Great Barrier Reef Arena, Mackay"
1498181,2025-08-27,ODI,Canada,Namibia,"Maple Leaf North-West Ground, King City"
1492821,2025-08-29,ODI,Sri Lanka,Zimbabwe,Harare Sports Club
1492822,2025-08-31,ODI,Zimbabwe,Sri Lanka,Harare Sports Club
1498183,2025-08-31,ODI,Canada,Scotland,"Maple Leaf North-West Ground, King City"
1448354,2025-09-02,ODI,England,South Africa,"Headingley, Leeds"
1498184,2025-09-02,ODI,Namibia,Canada,"Maple Leaf North-West Ground, King City"
1448355,2025-09-04,ODI,South Africa,England,"Lord's, London"
1498185,2025-09-04,ODI,Scotland,Namibia,"Maple Leaf North-West Ground, King City"
1448356,2025-09-07,ODI,England,South Africa,"The Rose Bowl, Southampton"
1488248,2025-09-14,ODI,India,Australia,"Maharaja Yadavindra Singh International Cricket Stadium, New Chandigarh"
1500387,2025-09-16,ODI,Pakistan,South Africa,"Gaddafi Stadium, Lahore"
1488249,2025-09-17,ODI,India,Australia,"Maharaja Yadavindra Singh International Cricket Stadium, New Chandigarh"
1500388,2025-09-19,ODI,South Africa,Pakistan,"Gaddafi Stadium, Lahore"
1488250,2025-09-20,ODI,Australia,India,"Arun Jaitley Stadium, Delhi"
1500389,2025-09-22,ODI,South Africa,Pakistan,"Gaddafi Stadium, Lahore"
1503561,2025-09-26,ODI,United Arab Emirates,Zimbabwe,"Queens Sports Club, Bulawayo"
1503562,2025-09-28,ODI,United Arab Emirates,Zimbabwe,"Queens Sports Club, Bulawayo"
1490413,2025-09-30,ODI,India,Sri Lanka,"Barsapara Cricket Stadium, Guwahati"
1503563,2025-09-30,ODI,Zimbabwe,United Arab Emirates,"Queens Sports Club, Bulawayo"
1490414,2025-10-01,ODI,Australia,New Zealand,"Holkar Cricket Stadium, Indore"
1490415,2025-10-02,ODI,Pakistan,Bangladesh,"R Premadasa Stadium, Colombo"
1503564,2025-10-02,ODI,United Arab Emirates,Zimbabwe,"Queens Sports Club, Bulawayo"
1490416,2025-10-03,ODI,South Africa,England,"Barsapara Cricket Stadium, Guwahati"
1490418,2025-10-05,ODI,India,Pakistan,"R Premadasa Stadium, Colombo"
1490419,2025-10-06,ODI,New Zealand,South Africa,"Holkar Cricket Stadium, Indore"
1490420,2025-10-07,ODI,Bangladesh,England,"Barsapara Cricket Stadium, Guwahati"
1490421,2025-10-08,ODI,Australia,Pakistan,"R Premadasa Stadium, Colombo"
1490422,2025-10-09,ODI,India,South Africa,"Dr. Y.S. Rajasekhara Reddy ACA-VDCA Cricket Stadium, Visakhapatnam"
1490423,2025-10-10,ODI,New Zealand,Bangladesh,"Barsapara Cricket Stadium, Guwahati"
1490424,2025-10-11,ODI,England,Sri Lanka,"R Premadasa Stadium, Colombo"
1490425,2025-10-12,ODI,India,Australia,"Dr. Y.S. Rajasekhara Reddy ACA-VDCA Cricket Stadium, Visakhapatnam"
1490426,2025-10-13,ODI,Bangladesh,South Africa,"Dr. Y.S. Rajasekhara Reddy ACA-VDCA Cricket Stadium, Visakhapatnam"
1506450,2025-10-13,ODI,Papua New Guinea,United Arab Emirates,"Amini Park, Port Moresby"
1490427,2025-10-14,ODI,Sri Lanka,New Zealand,"R Premadasa Stadium, Colombo"
1490428,2025-10-15,ODI,England,Pakistan,"R Premadasa Stadium, Colombo"
1506451,2025-10-15,ODI,United Arab Emirates,Papua New Guinea,"Amini Park, Port Moresby"
1490429,2025-10-16,ODI,Bangladesh,Australia,"Dr. Y.S. Rajasekhara Reddy ACA-VDCA Cricket Stadium, Visakhapatnam"
1490430,2025-10-17,ODI,Sri Lanka,South Africa,"R Premadasa Stadium, Colombo"
1506452,2025-10-17,ODI,United Arab Emirates,Papua New Guinea,"Amini Park, Port Moresby"
1490431,2025-10-18,ODI,Pakistan,New Zealand,"R Premadasa Stadium, Colombo"
1505122,2025-10-18,ODI,Bangladesh,West Indies,"Shere Bangla National Stadium, Mirpur"
1478904,2025-10-19,ODI,India,Australia,Perth Stadium
1490432,2025-10-19,ODI,England,India,"Holkar Cricket Stadium, Indore"
1506453,2025-10-19,ODI,Papua New Guinea,United Arab Emirates,"Amini Park, Port Moresby"
1490433,2025-10-20,ODI,Sri Lanka,Bangladesh,"Dr DY Patil Sports Academy, Navi Mumbai"
1490434,2025-10-21,ODI,South Africa,Pakistan,"R Premadasa Stadium, Colombo"
1505123,2025-10-21,ODI,Bangladesh,West Indies,"Shere Bangla National Stadium, Mirpur"
1490435,2025-10-22,ODI,England,Australia,"Holkar Cricket Stadium, Indore"
1478905,2025-10-23,ODI,India,Australia,Adelaide Oval
1490436,2025-10-23,ODI,India,New Zealand,"Dr DY Patil Sports Academy, Navi Mumbai"
1505124,2025-10-23,ODI,Bangladesh,West Indies,"Shere Bangla National Stadium, Mirpur"
1490437,2025-10-24,ODI,Pakistan,Sri Lanka,"R Premadasa Stadium, Colombo"
1478906,2025-10-25,ODI,Australia,India,Sydney Cricket Ground
1490438,2025-10-25,ODI,South Africa,Australia,"Holkar Cricket Stadium, Indore"
1490439,2025-10-26,ODI,New Zealand,England,"Dr. Y.S. Rajasekhara Reddy ACA-VDCA Cricket Stadium, Visakhapatnam"
1490440,2025-10-26,ODI,Bangladesh,India,"Dr DY Patil Sports Academy, Navi Mumbai"
1507884,2025-10-26,ODI,United States of America,Nepal,Dubai International Cricket Stadium
1507885,2025-10-28,ODI,United Arab Emirates,United States of America,Dubai International Cricket Stadium
1490441,2025-10-29,ODI,South Africa,England,"Barsapara Cricket Stadium, Guwahati"
1491721,2025-10-29,ODI,England,New Zealand,"Seddon Park, Hamilton"
1490442,2025-10-30,ODI,Australia,India,"Dr DY Patil Sports Academy, Navi Mumbai"
1507886,2025-10-30,ODI,Nepal,United Arab Emirates,"ICC Academy, Dubai"
1491722,2025-11-01,ODI,England,New Zealand,"Sky Stadium, Wellington"
1507887,2025-11-01,ODI,Nepal,United States of America,"ICC Academy, Dubai"
1490443,2025-11-02,ODI,India,South Africa,"Dr DY Patil Sports Academy, Navi Mumbai"
1507888,2025-11-03,ODI,United States of America,United Arab Emirates,Dubai International Cricket Stadium
1501898,2025-11-04,ODI,South Africa,Pakistan,"Iqbal Stadium, Faisalabad"
1507889,2025-11-05,ODI,Nepal,United Arab Emirates,"ICC Academy, Dubai"
1501899,2025-11-06,ODI,Pakistan,South Africa,"Iqbal Stadium, Faisalabad"
1501900,2025-11-08,ODI,South Africa,Pakistan,"Iqbal Stadium, Faisalabad"
1502167,2025-11-11,ODI,Pakistan,Sri Lanka,Rawalpindi Cricket Stadium
1502168,2025-11-14,ODI,Sri Lanka,Pakistan,Rawalpindi Cricket Stadium
1491728,2025-11-16,ODI,New Zealand,West Indies,"Hagley Oval, Christchurch"
1502169,2025-11-16,ODI,Sri Lanka,Pakistan,Rawalpindi Cricket Stadium
1491729,2025-11-19,ODI,West Indies,New Zealand,"McLean Park, Napier"
1491730,2025-11-22,ODI,West Indies,New Zealand,"Seddon Park, Hamilton"
1479573,2025-11-30,ODI,India,South Africa,"JSCA International Stadium Complex, Ranchi"
1479574,2025-12-03,ODI,India,South Africa,"Shaheed Veer Narayan Singh International Stadium, Raipur"
1479575,2025-12-06,ODI,South Africa,India,"Dr. Y.S. Rajasekhara Reddy ACA-VDCA Cricket Stadium, Visakhapatnam"
1477594,2025-12-13,ODI,Ireland,South Africa,"Buffalo Park, East London"
1477595,2025-12-16,ODI,South Africa,Ireland,"St George's Park, Gqeberha"
1477596,2025-12-19,ODI,Ireland,South Africa,"The Wanderers Stadium, Johannesburg"
1490231,2026-01-11,ODI,New Zealand,India,"Kotambi Stadium, Vadodara"
1490232,2026-01-14,ODI,India,New Zealand,"Niranjan Shah Stadium, Rajkot"
1490233,2026-01-18,ODI,New Zealand,India,"Holkar Cricket Stadium, Indore"
1507716,2026-01-22,ODI,Sri Lanka,England,"R Premadasa Stadium, Colombo"
1507717,2026-01-24,ODI,Sri Lanka,England,"R Premadasa Stadium, Colombo"
1507718,2026-01-27,ODI,England,Sri Lanka,"R Premadasa Stadium, Colombo"
1523978,2026-02-20,ODI,Sri Lanka,West Indies,"National Cricket Stadium, St George's, Grenada"
1477601,2026-02-22,ODI,South Africa,Pakistan,"Mangaung Oval, Bloemfontein"
1523979,2026-02-22,ODI,Sri Lanka,West Indies,"National Cricket Stadium, St George's, Grenada"
1478915,2026-02-24,ODI,India,Australia,"Allan Border Field, Brisbane"
1477602,2026-02-25,ODI,South Africa,Pakistan,"SuperSport Park, Centurion"
1523980,2026-02-25,ODI,Sri Lanka,West Indies,"National Cricket Stadium, St George's, Grenada"
1478916,2026-02-27,ODI,India,Australia,"Bellerive Oval, Hobart"
1477603,2026-03-01,ODI,Pakistan,South Africa,"Kingsmead, Durban"
1478917,2026-03-01,ODI,Australia,India,"Bellerive Oval, Hobart"
1491702,2026-03-05,ODI,New Zealand,Zimbabwe,"University Oval, Dunedin"
1491703,2026-03-08,ODI,Zimbabwe,New Zealand,"University Oval, Dunedin"
1491704,2026-03-11,ODI,New Zealand,Zimbabwe,"University Oval, Dunedin"
1525652,2026-03-11,ODI,Pakistan,Bangladesh,"Shere Bangla National Stadium, Mirpur"
1525653,2026-03-13,ODI,Pakistan,Bangladesh,"Shere Bangla National Stadium, Mirpur"
1525654,2026-03-15,ODI,Bangladesh,Pakistan,"Shere Bangla National Stadium, Mirpur"
1526567,2026-03-27,ODI,Australia,West Indies,"Warner Park, Basseterre, St Kitts"
1491710,2026-03-29,ODI,New Zealand,South Africa,"Hagley Oval, Christchurch"
1526568,2026-03-29,ODI,Australia,West Indies,"Warner Park, Basseterre, St Kitts"
1491711,2026-04-01,ODI,South Africa,New Zealand,"Basin Reserve, Wellington"
1526569,2026-04-02,ODI,West Indies,Australia,"Warner Park, Basseterre, St Kitts"
1491712,2026-04-04,ODI,New Zealand,South Africa,"Basin Reserve, Wellington"
1529140,2026-04-04,ODI,Namibia,Oman,"Namibia Cricket Ground, Windhoek"
1529141,2026-04-06,ODI,Namibia,Scotland,"Namibia Cricket Ground, Windhoek"
1529142,2026-04-08,ODI,Oman,Scotland,"Namibia Cricket Ground, Windhoek"
1529143,2026-04-10,ODI,Oman,Namibia,"Namibia Cricket Ground, Windhoek"
1529144,2026-04-12,ODI,Namibia,Scotland,"Namibia Cricket Ground, Windhoek"
1528272,2026-04-17,ODI,New Zealand,Bangladesh,"Shere Bangla National Stadium, Mirpur"
1528273,2026-04-20,ODI,New Zealand,Bangladesh,"Shere Bangla National Stadium, Mirpur"
1528279,2026-04-20,ODI,Sri Lanka,Bangladesh,"Shahid Kamruzzaman Stadium, Rajshahi"
1528280,2026-04-22,ODI,Bangladesh,Sri Lanka,"Shahid Kamruzzaman Stadium, Rajshahi"
1528274,2026-04-23,ODI,Bangladesh,New Zealand,"Bir Sreshtho Flight Lieutenant Matiur Rahman Stadium, Chattogram"
1528281,2026-04-25,ODI,Bangladesh,Sri Lanka,"Shahid Kamruzzaman Stadium, Rajshahi"
1531696,2026-04-25,ODI,Nepal,United Arab Emirates,"Tribhuvan University International Cricket Ground, Kirtipur"
1531697,2026-04-27,ODI,United Arab Emirates,Oman,"Tribhuvan University International Cricket Ground, Kirtipur"
1531698,2026-04-29,ODI,Oman,Nepal,"Tribhuvan University International Cricket Ground, Kirtipur"
1531699,2026-05-01,ODI,Nepal,United Arab Emirates,"Tribhuvan University International Cricket Ground, Kirtipur"
1531700,2026-05-03,ODI,United Arab Emirates,Oman,"Tribhuvan University International Cricket Ground, Kirtipur"
1534071,2026-05-04,ODI,Pakistan,Zimbabwe,"National Stadium, Karachi"
1531701,2026-05-05,ODI,Nepal,Oman,"Tribhuvan University International Cricket Ground, Kirtipur"
1534072,2026-05-06,ODI,Pakistan,Zimbabwe,"National Stadium, Karachi"
1534073,2026-05-09,ODI,Zimbabwe,Pakistan,"National Stadium, Karachi"
1496542,2026-05-10,ODI,New Zealand,England,"Riverside Ground, Chester-le-Street"
1531702,2026-05-12,ODI,Scotland,Nepal,"Tribhuvan University International Cricket Ground, Kirtipur"
1531703,2026-05-14,ODI,Scotland,United States of America,"Tribhuvan University International Cricket Ground, Kirtipur"
1496544,2026-05-16,ODI,England,New Zealand,"Sophia Gardens, Cardiff"
1531704,2026-05-16,ODI,United States of America,Nepal,"Tribhuvan University International Cricket Ground, Kirtipur"
1531705,2026-05-18,ODI,Scotland,Nepal,"Tribhuvan University International Cricket Ground, Kirtipur"
1531706,2026-05-20,ODI,Scotland,United States of America,"Tribhuvan University International Cricket Ground, Kirtipur"
1531707,2026-05-22,ODI,Nepal,United States of America,"Tribhuvan University International Cricket Ground, Kirtipur"
1535645,2026-05-30,ODI,Australia,Pakistan,Rawalpindi Cricket Stadium
1535646,2026-06-02,ODI,Australia,Pakistan,"Gaddafi Stadium, Lahore"
1538304,2026-06-03,ODI,Sri Lanka,West Indies,"Sabina Park, Kingston, Jamaica"
1535647,2026-06-04,ODI,Australia,Pakistan,"Gaddafi Stadium, Lahore"
1538425,2026-06-06,ODI,Canada,United States of America,"Maple Leaf North-West Ground, King City"
1538426,2026-06-08,ODI,Netherlands,United States of America,"Maple Leaf North-West Ground, King City"
1532480,2026-06-09,ODI,Bangladesh,Australia,"Shere Bangla National Stadium, Mirpur"
1538427,2026-06-10,ODI,Netherlands,Canada,"Maple Leaf North-West Ground, King City"
1532481,2026-06-11,ODI,Australia,Bangladesh,"Shere Bangla National Stadium, Mirpur"
1538428,2026-06-12,ODI,Canada,United States of America,"Maple Leaf North-West Ground, King City"
1532482,2026-06-14,ODI,Bangladesh,Australia,"Shere Bangla National Stadium, Mirpur"
1538430,2026-06-16,ODI,Netherlands,Canada,"Maple Leaf North-West Ground, King City"
1538298,2026-07-06,ODI,Zimbabwe,Bangladesh,Harare Sports Club
1538299,2026-07-09,ODI,Zimbabwe,Bangladesh,Harare Sports Club
1528544,2026-07-10,ODI,Ireland,West Indies,"Bready Cricket Club, Magheramason, Bready"
1538300,2026-07-11,ODI,Zimbabwe,Bangladesh,Harare Sports Club
1538624,2026-07-11,ODI,New Zealand,West Indies,"Providence Stadium, Guyana"
1528545,2026-07-12,ODI,Ireland,West Indies,"Bready Cricket Club, Magheramason, Bready"
1538625,2026-07-13,ODI,West Indies,New Zealand,"Providence Stadium, Guyana"
1496579,2026-07-14,ODI,England,India,"Edgbaston, Birmingham"
1528546,2026-07-15,ODI,West Indies,Ireland,"Bready Cricket Club, Magheramason, Bready"
1496580,2026-07-16,ODI,India,England,"Sophia Gardens, Cardiff"
1538626,2026-07-16,ODI,West Indies,New Zealand,"Providence Stadium, Guyana"
1496581,2026-07-19,ODI,England,India,"Lord's, London"
1538627,2026-07-19,ODI,West Indies,New Zealand,"Kensington Oval, Bridgetown, Barbados"
1538628,2026-07-21,ODI,New Zealand,West Indies,"Kensington Oval, Bridgetown, Barbados"
1544124,2026-07-21,ODI,Nepal,Namibia,"Sportpark Maarschalkerweerd, Utrecht"
1540540,2026-07-23,ODI,Sri Lanka,Pakistan,"Mahinda Rajapaksa International Cricket Stadium, Sooriyawewa, Hambantota"
1544125,2026-07-23,ODI,Nepal,Netherlands,"Sportpark Maarschalkerweerd, Utrecht"
1540541,2026-07-25,ODI,Pakistan,Sri Lanka,"Mahinda Rajapaksa International Cricket Stadium, Sooriyawewa, Hambantota"
1544126,2026-07-25,ODI,Netherlands,Namibia,"Sportpark Maarschalkerweerd, Utrecht"
1544127,2026-07-27,ODI,Namibia,Nepal,"Sportpark Maarschalkerweerd, Utrecht"
1540542,2026-07-28,ODI,Pakistan,Sri Lanka,"Mahinda Rajapaksa International Cricket Stadium, Sooriyawewa, Hambantota"
1544128,2026-07-29,ODI,Netherlands,Nepal,"Sportpark Maarschalkerweerd, Utrecht"
1544129,2026-07-31,ODI,Netherlands,Namibia,"Sportpark Maarschalkerweerd, Utrecht"
1546000,2026-08-07,ODI,Scotland,Canada,"Forthill, Dundee"
1546001,2026-08-09,ODI,United Arab Emirates,Scotland,"Forthill, Dundee"
1546002,2026-08-11,ODI,United Arab Emirates,Canada,"Forthill, Dundee"
1546003,2026-08-13,ODI,Scotland,Canada,"Forthill, Dundee"
1549210,2026-08-13,ODI,Thailand,Papua New Guinea,"Amini Park, Port Moresby"
1549211,2026-08-15,ODI,Thailand,Papua New Guinea,"Amini Park, Port Moresby"
1549212,2026-08-17,ODI,Papua New Guinea,Thailand,"Amini Park, Port Moresby"
1549973,2026-08-30,ODI,Netherlands,Scotland,"New Williamfield No1 Oval, Stirling"
1496552,2026-09-01,ODI,Ireland,England,"Grace Road, Leicester"
1496553,2026-09-03,ODI,Ireland,England,"County Ground, Derby"
1496554,2026-09-06,ODI,England,Ireland,"County Ground, New Road, Worcester"
1549965,2026-09-08,ODI,United Arab Emirates,Oman,"YSD-UKM Cricket Oval, Bangi"
1549531,2026-09-09,ODI,South Africa,Namibia,"Namibia Cricket Ground, Windhoek"
1549966,2026-09-10,ODI,Nepal,Oman,"Bayuemas Oval, Kuala Lumpur"
1549532,2026-09-11,ODI,South Africa,Namibia,"Namibia Cricket Ground, Windhoek"
1549969,2026-09-12,ODI,Nepal,United Arab Emirates,"Bayuemas Oval, Kuala Lumpur"
1549533,2026-09-13,ODI,Namibia,South Africa,"Namibia Cricket Ground, Windhoek"
1530203,2026-09-15,ODI,Australia,Zimbabwe,Harare Sports Club
1530204,2026-09-18,ODI,Australia,Zimbabwe,Harare Sports Club
1530205,2026-09-20,ODI,Zimbabwe,Australia,Harare Sports Club
1496588,2026-09-22,ODI,England,Sri Lanka,"Riverside Ground, Chester-le-Street"
1496589,2026-09-24,ODI,Sri Lanka,England,"Headingley, Leeds"
1525655,2026-09-24,ODI,South Africa,Australia,"Kingsmead, Durban"
1554975,2026-09-24,ODI,West Indies,Zimbabwe,Harare Sports Club
1496590,2026-09-27,ODI,England,Sri Lanka,"Kennington Oval, London"
1525656,2026-09-27,ODI,South Africa,Australia,"The Wanderers Stadium, Johannesburg"
1529227,2026-09-27,ODI,West Indies,India,"Greenfield International Stadium, Thiruvananthapuram"
1554976,2026-09-27,ODI,West Indies,Zimbabwe,Harare Sports Club
1525657,2026-09-30,ODI,Australia,South Africa,"Senwes Park, Potchefstroom"
1529228,2026-09-30,ODI,West Indies,India,"Barsapara Cricket Stadium, Guwahati"
1554977,2026-09-30,ODI,West Indies,Zimbabwe,Harare Sports Club
1529229,2026-10-03,ODI,India,West Indies,"Maharaja Yadavindra Singh International Cricket Stadium, New Chandigarh"
1554409,2026-10-03,ODI,Namibia,United Arab Emirates,"Grand Prairie Stadium, Dallas"
1554410,2026-10-05,ODI,United Arab Emirates,United States of America,"Grand Prairie Stadium, Dallas"
959175,2016-02-04,PSL,Islamabad United,Quetta Gladiators,Dubai International Cricket Stadium
959177,2016-02-05,PSL,Lahore Qalandars,Karachi Kings,Dubai International Cricket Stadium
959179,2016-02-05,PSL,Peshawar Zalmi,Islamabad United,Dubai International Cricket Stadium
959181,2016-02-06,PSL,Karachi Kings,Quetta Gladiators,Dubai International Cricket Stadium
959183,2016-02-06,PSL,Lahore Qalandars,Peshawar Zalmi,Dubai International Cricket Stadium
959185,2016-02-07,PSL,Islamabad United,Karachi Kings,Dubai International Cricket Stadium
959187,2016-02-07,PSL,Peshawar Zalmi,Quetta Gladiators,Dubai International Cricket Stadium
959189,2016-02-08,PSL,Lahore Qalandars,Quetta Gladiators,Dubai International Cricket Stadium
959191,2016-02-10,PSL,Lahore Qalandars,Islamabad United,Sharjah Cricket Stadium
959195,2016-02-11,PSL,Islamabad United,Quetta Gladiators,Sharjah Cricket Stadium
959197,2016-02-12,PSL,Karachi Kings,Lahore Qalandars,Sharjah Cricket Stadium
959199,2016-02-12,PSL,Islamabad United,Peshawar Zalmi,Sharjah Cricket Stadium
959201,2016-02-13,PSL,Karachi Kings,Quetta Gladiators,Sharjah Cricket Stadium
959203,2016-02-13,PSL,Lahore Qalandars,Peshawar Zalmi,Sharjah Cricket Stadium
959205,2016-02-14,PSL,Karachi Kings,Islamabad United,Sharjah Cricket Stadium
959207,2016-02-14,PSL,Quetta Gladiators,Peshawar Zalmi,Sharjah Cricket Stadium
959209,2016-02-16,PSL,Lahore Qalandars,Quetta Gladiators,Dubai International Cricket Stadium
959211,2016-02-17,PSL,Karachi Kings,Peshawar Zalmi,Dubai International Cricket Stadium
959213,2016-02-17,PSL,Lahore Qalandars,Islamabad United,Dubai International Cricket Stadium
959215,2016-02-19,PSL,Quetta Gladiators,Peshawar Zalmi,Dubai International Cricket Stadium
959217,2016-02-20,PSL,Karachi Kings,Islamabad United,Dubai International Cricket Stadium
959219,2016-02-21,PSL,Islamabad United,Peshawar Zalmi,Dubai International Cricket Stadium
959221,2016-02-23,PSL,Quetta Gladiators,Islamabad United,Dubai International Cricket Stadium
1075986,2017-02-09,PSL,Peshawar Zalmi,Islamabad United,Dubai International Cricket Stadium
1075987,2017-02-10,PSL,Quetta Gladiators,Lahore Qalandars,Dubai International Cricket Stadium
1075988,2017-02-10,PSL,Karachi Kings,Peshawar Zalmi,Dubai International Cricket Stadium
1075989,2017-02-11,PSL,Islamabad United,Lahore Qalandars,Dubai International Cricket Stadium
1075990,2017-02-11,PSL,Karachi Kings,Quetta Gladiators,Dubai International Cricket Stadium
1075991,2017-02-12,PSL,Lahore Qalandars,Peshawar Zalmi,Dubai International Cricket Stadium
1075992,2017-02-15,PSL,Quetta Gladiators,Islamabad United,Sharjah Cricket Stadium
1075993,2017-02-16,PSL,Lahore Qalandars,Karachi Kings,Sharjah Cricket Stadium
1075994,2017-02-17,PSL,Peshawar Zalmi,Quetta Gladiators,Sharjah Cricket Stadium
1075995,2017-02-17,PSL,Islamabad United,Karachi Kings,Sharjah Cricket Stadium
1075996,2017-02-18,PSL,Lahore Qalandars,Quetta Gladiators,Sharjah Cricket Stadium
1075997,2017-02-18,PSL,Peshawar Zalmi,Islamabad United,Sharjah Cricket Stadium
1075998,2017-02-19,PSL,Karachi Kings,Peshawar Zalmi,Sharjah Cricket Stadium
1075999,2017-02-20,PSL,Islamabad United,Lahore Qalandars,Sharjah Cricket Stadium
1076000,2017-02-23,PSL,Karachi Kings,Quetta Gladiators,Dubai International Cricket Stadium
1076001,2017-02-24,PSL,Peshawar Zalmi,Lahore Qalandars,Dubai International Cricket Stadium
1076002,2017-02-24,PSL,Islamabad United,Quetta Gladiators,Dubai International Cricket Stadium
1076003,2017-02-25,PSL,Lahore Qalandars,Karachi Kings,Dubai International Cricket Stadium
1076004,2017-02-25,PSL,Quetta Gladiators,Peshawar Zalmi,Dubai International Cricket Stadium
1076005,2017-02-26,PSL,Islamabad United,Karachi Kings,Dubai International Cricket Stadium
1076006,2017-02-28,PSL,Quetta Gladiators,Peshawar Zalmi,Sharjah Cricket Stadium
1076007,2017-03-01,PSL,Karachi Kings,Islamabad United,Sharjah Cricket Stadium
1076008,2017-03-03,PSL,Peshawar Zalmi,Karachi Kings,Dubai International Cricket Stadium
1076009,2017-03-05,PSL,Peshawar Zalmi,Quetta Gladiators,Gaddafi Stadium
1128818,2018-02-22,PSL,Peshawar Zalmi,Multan Sultans,Dubai International Cricket Stadium
1128819,2018-02-23,PSL,Karachi Kings,Quetta Gladiators,Dubai International Cricket Stadium
1128820,2018-02-23,PSL,Multan Sultans,Lahore Qalandars,Dubai International Cricket Stadium
1128821,2018-02-24,PSL,Peshawar Zalmi,Islamabad United,Dubai International Cricket Stadium
1128822,2018-02-24,PSL,Lahore Qalandars,Quetta Gladiators,Dubai International Cricket Stadium
1128823,2018-02-25,PSL,Multan Sultans,Islamabad United,Dubai International Cricket Stadium
1128824,2018-02-25,PSL,Peshawar Zalmi,Karachi Kings,Dubai International Cricket Stadium
1128825,2018-02-26,PSL,Karachi Kings,Lahore Qalandars,Dubai International Cricket Stadium
1128826,2018-02-28,PSL,Islamabad United,Quetta Gladiators,Sharjah Cricket Stadium
1128827,2018-03-01,PSL,Quetta Gladiators,Peshawar Zalmi,Sharjah Cricket Stadium
1128829,2018-03-02,PSL,Islamabad United,Lahore Qalandars,Sharjah Cricket Stadium
1128830,2018-03-03,PSL,Quetta Gladiators,Multan Sultans,Sharjah Cricket Stadium
1128831,2018-03-03,PSL,Lahore Qalandars,Peshawar Zalmi,Sharjah Cricket Stadium
1128832,2018-03-04,PSL,Karachi Kings,Islamabad United,Sharjah Cricket Stadium
1128833,2018-03-06,PSL,Multan Sultans,Peshawar Zalmi,Dubai International Cricket Stadium
1128834,2018-03-07,PSL,Multan Sultans,Quetta Gladiators,Dubai International Cricket Stadium
1128835,2018-03-08,PSL,Lahore Qalandars,Islamabad United,Dubai International Cricket Stadium
1128836,2018-03-08,PSL,Quetta Gladiators,Karachi Kings,Dubai International Cricket Stadium
1128837,2018-03-09,PSL,Multan Sultans,Lahore Qalandars,Dubai International Cricket Stadium
1128838,2018-03-09,PSL,Islamabad United,Peshawar Zalmi,Dubai International Cricket Stadium
1128839,2018-03-10,PSL,Karachi Kings,Multan Sultans,Dubai International Cricket Stadium
1128840,2018-03-10,PSL,Peshawar Zalmi,Quetta Gladiators,Dubai International Cricket Stadium
1128841,2018-03-11,PSL,Karachi Kings,Lahore Qalandars,Dubai International Cricket Stadium
1128842,2018-03-13,PSL,Islamabad United,Multan Sultans,Sharjah Cricket Stadium
1128843,2018-03-14,PSL,Lahore Qalandars,Quetta Gladiators,Sharjah Cricket Stadium
1128844,2018-03-15,PSL,Peshawar Zalmi,Karachi Kings,Sharjah Cricket Stadium
1128845,2018-03-15,PSL,Quetta Gladiators,Islamabad United,Sharjah Cricket Stadium
1128846,2018-03-16,PSL,Lahore Qalandars,Peshawar Zalmi,Sharjah Cricket Stadium
1128847,2018-03-16,PSL,Islamabad United,Karachi Kings,Sharjah Cricket Stadium
1128848,2018-03-18,PSL,Karachi Kings,Islamabad United,Dubai International Cricket Stadium
1128849,2018-03-20,PSL,Peshawar Zalmi,Quetta Gladiators,Gaddafi Stadium
1128850,2018-03-21,PSL,Peshawar Zalmi,Karachi Kings,Gaddafi Stadium
1128851,2018-03-25,PSL,Peshawar Zalmi,Islamabad United,National Stadium
1168820,2019-02-14,PSL,Lahore Qalandars,Islamabad United,Dubai International Cricket Stadium
1168821,2019-02-15,PSL,Karachi Kings,Multan Sultans,Dubai International Cricket Stadium
1168822,2019-02-15,PSL,Peshawar Zalmi,Quetta Gladiators,Dubai International Cricket Stadium
1168823,2019-02-16,PSL,Islamabad United,Multan Sultans,Dubai International Cricket Stadium
1168824,2019-02-16,PSL,Lahore Qalandars,Karachi Kings,Dubai International Cricket Stadium
1168825,2019-02-17,PSL,Islamabad United,Quetta Gladiators,Dubai International Cricket Stadium
1168826,2019-02-17,PSL,Lahore Qalandars,Peshawar Zalmi,Dubai International Cricket Stadium
1168827,2019-02-20,PSL,Multan Sultans,Quetta Gladiators,Sharjah Cricket Stadium
1168828,2019-02-21,PSL,Peshawar Zalmi,Karachi Kings,Sharjah Cricket Stadium
1168829,2019-02-22,PSL,Multan Sultans,Lahore Qalandars,Sharjah Cricket Stadium
1168830,2019-02-22,PSL,Islamabad United,Peshawar Zalmi,Sharjah Cricket Stadium
1168831,2019-02-23,PSL,Lahore Qalandars,Quetta Gladiators,Sharjah Cricket Stadium
1168832,2019-02-23,PSL,Karachi Kings,Islamabad United,Sharjah Cricket Stadium
1168833,2019-02-24,PSL,Multan Sultans,Peshawar Zalmi,Sharjah Cricket Stadium
1168834,2019-02-24,PSL,Quetta Gladiators,Karachi Kings,Sharjah Cricket Stadium
1168835,2019-02-26,PSL,Islamabad United,Multan Sultans,Dubai International Cricket Stadium
1168836,2019-02-27,PSL,Quetta Gladiators,Lahore Qalandars,Dubai International Cricket Stadium
1168837,2019-02-27,PSL,Karachi Kings,Islamabad United,Dubai International Cricket Stadium
1168838,2019-02-28,PSL,Multan Sultans,Peshawar Zalmi,Dubai International Cricket Stadium
1168839,2019-02-28,PSL,Lahore Qalandars,Karachi Kings,Dubai International Cricket Stadium
1168840,2019-03-01,PSL,Islamabad United,Peshawar Zalmi,Dubai International Cricket Stadium
1168841,2019-03-01,PSL,Multan Sultans,Quetta Gladiators,Dubai International Cricket Stadium
1168842,2019-03-04,PSL,Peshawar Zalmi,Quetta Gladiators,Sheikh Zayed Stadium
1168843,2019-03-04,PSL,Multan Sultans,Karachi Kings,Sheikh Zayed Stadium
1168844,2019-03-05,PSL,Lahore Qalandars,Peshawar Zalmi,Sheikh Zayed Stadium
1168845,2019-03-05,PSL,Quetta Gladiators,Islamabad United,Sheikh Zayed Stadium
1168847,2019-03-09,PSL,Islamabad United,Lahore Qalandars,National Stadium
1168848,2019-03-10,PSL,Karachi Kings,Quetta Gladiators,National Stadium
1168846,2019-03-11,PSL,Peshawar Zalmi,Karachi Kings,National Stadium
1168849,2019-03-11,PSL,Lahore Qalandars,Multan Sultans,National Stadium
1168851,2019-03-13,PSL,Quetta Gladiators,Peshawar Zalmi,National Stadium
1168850,2019-03-14,PSL,Karachi Kings,Islamabad United,National Stadium
1168852,2019-03-15,PSL,Peshawar Zalmi,Islamabad United,National Stadium
1168853,2019-03-17,PSL,Peshawar Zalmi,Quetta Gladiators,National Stadium
1211642,2020-02-20,PSL,Islamabad United,Quetta Gladiators,National Stadium
1211643,2020-02-21,PSL,Karachi Kings,Peshawar Zalmi,National Stadium
1211644,2020-02-21,PSL,Lahore Qalandars,Multan Sultans,Gaddafi Stadium
1211645,2020-02-22,PSL,Quetta Gladiators,Peshawar Zalmi,National Stadium
1211646,2020-02-22,PSL,Multan Sultans,Islamabad United,Gaddafi Stadium
1211647,2020-02-23,PSL,Karachi Kings,Quetta Gladiators,National Stadium
1211648,2020-02-23,PSL,Lahore Qalandars,Islamabad United,Gaddafi Stadium
1211649,2020-02-26,PSL,Peshawar Zalmi,Multan Sultans,Multan Cricket Stadium
1211650,2020-02-27,PSL,Islamabad United,Quetta Gladiators,Rawalpindi Cricket Stadium
1211651,2020-02-28,PSL,Multan Sultans,Karachi Kings,Multan Cricket Stadium
1211652,2020-02-28,PSL,Peshawar Zalmi,Lahore Qalandars,Rawalpindi Cricket Stadium
1211653,2020-02-29,PSL,Multan Sultans,Quetta Gladiators,Multan Cricket Stadium
1211655,2020-03-01,PSL,Islamabad United,Karachi Kings,Rawalpindi Cricket Stadium
1211656,2020-03-02,PSL,Peshawar Zalmi,Karachi Kings,Rawalpindi Cricket Stadium
1211657,2020-03-03,PSL,Lahore Qalandars,Quetta Gladiators,Gaddafi Stadium
1211658,2020-03-04,PSL,Islamabad United,Lahore Qalandars,Gaddafi Stadium
1211659,2020-03-05,PSL,Peshawar Zalmi,Quetta Gladiators,Rawalpindi Cricket Stadium
1211660,2020-03-06,PSL,Multan Sultans,Karachi Kings,Gaddafi Stadium
1211661,2020-03-07,PSL,Islamabad United,Peshawar Zalmi,Rawalpindi Cricket Stadium
1211662,2020-03-07,PSL,Quetta Gladiators,Lahore Qalandars,Gaddafi Stadium
1211663,2020-03-08,PSL,Islamabad United,Multan Sultans,Rawalpindi Cricket Stadium
1211664,2020-03-08,PSL,Karachi Kings,Lahore Qalandars,Gaddafi Stadium
1211665,2020-03-10,PSL,Peshawar Zalmi,Lahore Qalandars,Gaddafi Stadium
1211667,2020-03-12,PSL,Lahore Qalandars,Karachi Kings,National Stadium
1211668,2020-03-13,PSL,Multan Sultans,Peshawar Zalmi,National Stadium
1211669,2020-03-14,PSL,Islamabad United,Karachi Kings,National Stadium
1211670,2020-03-15,PSL,Multan Sultans,Lahore Qalandars,Gaddafi Stadium
1211671,2020-03-15,PSL,Karachi Kings,Quetta Gladiators,National Stadium
1211672,2020-11-14,PSL,Multan Sultans,Karachi Kings,National Stadium
1211673,2020-11-14,PSL,Peshawar Zalmi,Lahore Qalandars,National Stadium
1211675,2020-11-15,PSL,Lahore Qalandars,Multan Sultans,National Stadium
1231146,2020-11-17,PSL,Lahore Qalandars,Karachi Kings,National Stadium
1247011,2021-02-20,PSL,Quetta Gladiators,Karachi Kings,National Stadium
1247012,2021-02-21,PSL,Peshawar Zalmi,Lahore Qalandars,National Stadium
1247013,2021-02-21,PSL,Multan Sultans,Islamabad United,National Stadium
1247014,2021-02-22,PSL,Quetta Gladiators,Lahore Qalandars,National Stadium
1247015,2021-02-23,PSL,Multan Sultans,Peshawar Zalmi,National Stadium
1247016,2021-02-24,PSL,Karachi Kings,Islamabad United,National Stadium
1247017,2021-02-26,PSL,Lahore Qalandars,Multan Sultans,National Stadium
1247018,2021-02-26,PSL,Quetta Gladiators,Peshawar Zalmi,National Stadium
1247019,2021-02-27,PSL,Multan Sultans,Karachi Kings,National Stadium
1247020,2021-02-27,PSL,Islamabad United,Peshawar Zalmi,National Stadium
1247021,2021-02-28,PSL,Karachi Kings,Lahore Qalandars,National Stadium
1247022,2021-03-02,PSL,Quetta Gladiators,Islamabad United,National Stadium
1247023,2021-03-03,PSL,Peshawar Zalmi,Karachi Kings,National Stadium
1247024,2021-03-03,PSL,Quetta Gladiators,Multan Sultans,National Stadium
1247027,2021-06-09,PSL,Islamabad United,Lahore Qalandars,"Sheikh Zayed Stadium, Abu Dhabi"
1247025,2021-06-10,PSL,Multan Sultans,Karachi Kings,"Sheikh Zayed Stadium, Abu Dhabi"
1247026,2021-06-10,PSL,Lahore Qalandars,Peshawar Zalmi,"Sheikh Zayed Stadium, Abu Dhabi"
1247028,2021-06-11,PSL,Quetta Gladiators,Islamabad United,"Sheikh Zayed Stadium, Abu Dhabi"
1247030,2021-06-12,PSL,Peshawar Zalmi,Quetta Gladiators,"Sheikh Zayed Stadium, Abu Dhabi"
1247029,2021-06-13,PSL,Islamabad United,Lahore Qalandars,"Sheikh Zayed Stadium, Abu Dhabi"
1247031,2021-06-13,PSL,Peshawar Zalmi,Multan Sultans,"Sheikh Zayed Stadium, Abu Dhabi"
1247032,2021-06-14,PSL,Karachi Kings,Islamabad United,"Sheikh Zayed Stadium, Abu Dhabi"
1247033,2021-06-15,PSL,Quetta Gladiators,Lahore Qalandars,"Sheikh Zayed Stadium, Abu Dhabi"
1247034,2021-06-15,PSL,Karachi Kings,Peshawar Zalmi,"Sheikh Zayed Stadium, Abu Dhabi"
1247035,2021-06-16,PSL,Multan Sultans,Quetta Gladiators,"Sheikh Zayed Stadium, Abu Dhabi"
1247036,2021-06-17,PSL,Islamabad United,Peshawar Zalmi,"Sheikh Zayed Stadium, Abu Dhabi"
1247037,2021-06-17,PSL,Karachi Kings,Lahore Qalandars,"Sheikh Zayed Stadium, Abu Dhabi"
1247038,2021-06-18,PSL,Multan Sultans,Lahore Qalandars,"Sheikh Zayed Stadium, Abu Dhabi"
1247039,2021-06-19,PSL,Karachi Kings,Quetta Gladiators,"Sheikh Zayed Stadium, Abu Dhabi"
1247040,2021-06-19,PSL,Multan Sultans,Islamabad United,"Sheikh Zayed Stadium, Abu Dhabi"
1247041,2021-06-21,PSL,Multan Sultans,Islamabad United,"Sheikh Zayed Stadium, Abu Dhabi"
1247042,2021-06-21,PSL,Karachi Kings,Peshawar Zalmi,"Sheikh Zayed Stadium, Abu Dhabi"
1247043,2021-06-22,PSL,Islamabad United,Peshawar Zalmi,"Sheikh Zayed Stadium, Abu Dhabi"
1247044,2021-06-24,PSL,Multan Sultans,Peshawar Zalmi,"Sheikh Zayed Stadium, Abu Dhabi"
1293000,2022-01-27,PSL,Karachi Kings,Multan Sultans,"National Stadium, Karachi"
1293001,2022-01-28,PSL,Quetta Gladiators,Peshawar Zalmi,"National Stadium, Karachi"
1293002,2022-01-29,PSL,Lahore Qalandars,Multan Sultans,"National Stadium, Karachi"
1293003,2022-01-29,PSL,Karachi Kings,Quetta Gladiators,"National Stadium, Karachi"
1293004,2022-01-30,PSL,Peshawar Zalmi,Islamabad United,"National Stadium, Karachi"
1293005,2022-01-30,PSL,Karachi Kings,Lahore Qalandars,"National Stadium, Karachi"
1293006,2022-01-31,PSL,Multan Sultans,Quetta Gladiators,"National Stadium, Karachi"
1293007,2022-02-01,PSL,Multan Sultans,Islamabad United,"National Stadium, Karachi"
1293008,2022-02-02,PSL,Lahore Qalandars,Peshawar Zalmi,"National Stadium, Karachi"
1293009,2022-02-03,PSL,Islamabad United,Quetta Gladiators,"National Stadium, Karachi"
1293010,2022-02-04,PSL,Peshawar Zalmi,Karachi Kings,"National Stadium, Karachi"
1293011,2022-02-05,PSL,Lahore Qalandars,Islamabad United,"National Stadium, Karachi"
1293012,2022-02-05,PSL,Multan Sultans,Peshawar Zalmi,"National Stadium, Karachi"
1293013,2022-02-06,PSL,Islamabad United,Karachi Kings,"National Stadium, Karachi"
1293014,2022-02-07,PSL,Lahore Qalandars,Quetta Gladiators,"National Stadium, Karachi"
1293015,2022-02-10,PSL,Multan Sultans,Peshawar Zalmi,"Gaddafi Stadium, Lahore"
1293016,2022-02-11,PSL,Lahore Qalandars,Multan Sultans,"Gaddafi Stadium, Lahore"
1293017,2022-02-12,PSL,Islamabad United,Quetta Gladiators,"Gaddafi Stadium, Lahore"
1293018,2022-02-13,PSL,Peshawar Zalmi,Karachi Kings,"Gaddafi Stadium, Lahore"
1293019,2022-02-13,PSL,Quetta Gladiators,Lahore Qalandars,"Gaddafi Stadium, Lahore"
1293020,2022-02-14,PSL,Islamabad United,Karachi Kings,"Gaddafi Stadium, Lahore"
1293021,2022-02-15,PSL,Peshawar Zalmi,Quetta Gladiators,"Gaddafi Stadium, Lahore"
1293022,2022-02-16,PSL,Karachi Kings,Multan Sultans,"Gaddafi Stadium, Lahore"
1293023,2022-02-17,PSL,Peshawar Zalmi,Islamabad United,"Gaddafi Stadium, Lahore"
1293024,2022-02-18,PSL,Multan Sultans,Quetta Gladiators,"Gaddafi Stadium, Lahore"
1293025,2022-02-18,PSL,Karachi Kings,Lahore Qalandars,"Gaddafi Stadium, Lahore"
1293026,2022-02-19,PSL,Lahore Qalandars,Islamabad United,"Gaddafi Stadium, Lahore"
1293027,2022-02-20,PSL,Quetta Gladiators,Karachi Kings,"Gaddafi Stadium, Lahore"
1293028,2022-02-20,PSL,Islamabad United,Multan Sultans,"Gaddafi Stadium, Lahore"
1293029,2022-02-21,PSL,Peshawar Zalmi,Lahore Qalandars,"Gaddafi Stadium, Lahore"
1293030,2022-02-23,PSL,Multan Sultans,Lahore Qalandars,"Gaddafi Stadium, Lahore"
1293031,2022-02-24,PSL,Peshawar Zalmi,Islamabad United,"Gaddafi Stadium, Lahore"
1293032,2022-02-25,PSL,Lahore Qalandars,Islamabad United,"Gaddafi Stadium, Lahore"
1293033,2022-02-27,PSL,Lahore Qalandars,Multan Sultans,"Gaddafi Stadium, Lahore"
1354924,2023-02-13,PSL,Lahore Qalandars,Multan Sultans,Multan Cricket Stadium
1354925,2023-02-14,PSL,Peshawar Zalmi,Karachi Kings,"National Stadium, Karachi"
1354926,2023-02-15,PSL,Quetta Gladiators,Multan Sultans,Multan Cricket Stadium
1354927,2023-02-16,PSL,Karachi Kings,Islamabad United,"National Stadium, Karachi"
1354928,2023-02-17,PSL,Multan Sultans,Peshawar Zalmi,Multan Cricket Stadium
1354929,2023-02-18,PSL,Quetta Gladiators,Karachi Kings,"National Stadium, Karachi"
1354930,2023-02-19,PSL,Multan Sultans,Islamabad United,Multan Cricket Stadium
1354931,2023-02-19,PSL,Karachi Kings,Lahore Qalandars,"National Stadium, Karachi"
1354932,2023-02-20,PSL,Quetta Gladiators,Peshawar Zalmi,"National Stadium, Karachi"
1354933,2023-02-21,PSL,Lahore Qalandars,Quetta Gladiators,"National Stadium, Karachi"
1354934,2023-02-22,PSL,Multan Sultans,Karachi Kings,Multan Cricket Stadium
1354935,2023-02-23,PSL,Peshawar Zalmi,Islamabad United,"National Stadium, Karachi"
1354936,2023-02-24,PSL,Islamabad United,Quetta Gladiators,"National Stadium, Karachi"
1354937,2023-02-26,PSL,Karachi Kings,Multan Sultans,"National Stadium, Karachi"
1354938,2023-02-26,PSL,Lahore Qalandars,Peshawar Zalmi,"Gaddafi Stadium, Lahore"
1354939,2023-02-27,PSL,Lahore Qalandars,Islamabad United,"Gaddafi Stadium, Lahore"
1354940,2023-03-01,PSL,Peshawar Zalmi,Karachi Kings,Rawalpindi Cricket Stadium
1354941,2023-03-02,PSL,Lahore Qalandars,Quetta Gladiators,"Gaddafi Stadium, Lahore"
1354942,2023-03-03,PSL,Karachi Kings,Islamabad United,Rawalpindi Cricket Stadium
1354943,2023-03-04,PSL,Lahore Qalandars,Multan Sultans,"Gaddafi Stadium, Lahore"
1354944,2023-03-05,PSL,Quetta Gladiators,Islamabad United,Rawalpindi Cricket Stadium
1354945,2023-03-06,PSL,Karachi Kings,Quetta Gladiators,Rawalpindi Cricket Stadium
1354946,2023-03-07,PSL,Peshawar Zalmi,Lahore Qalandars,Rawalpindi Cricket Stadium
1354947,2023-03-07,PSL,Multan Sultans,Islamabad United,Rawalpindi Cricket Stadium
1354948,2023-03-08,PSL,Peshawar Zalmi,Quetta Gladiators,Rawalpindi Cricket Stadium
1354949,2023-03-09,PSL,Lahore Qalandars,Islamabad United,Rawalpindi Cricket Stadium
1354950,2023-03-10,PSL,Peshawar Zalmi,Multan Sultans,Rawalpindi Cricket Stadium
1354951,2023-03-11,PSL,Multan Sultans,Quetta Gladiators,Rawalpindi Cricket Stadium
1354952,2023-03-12,PSL,Peshawar Zalmi,Islamabad United,Rawalpindi Cricket Stadium
1354953,2023-03-12,PSL,Karachi Kings,Lahore Qalandars,"Gaddafi Stadium, Lahore"
1354954,2023-03-15,PSL,Multan Sultans,Lahore Qalandars,"Gaddafi Stadium, Lahore"
1354955,2023-03-16,PSL,Peshawar Zalmi,Islamabad United,"Gaddafi Stadium, Lahore"
1354956,2023-03-17,PSL,Peshawar Zalmi,Lahore Qalandars,"Gaddafi Stadium, Lahore"
1354957,2023-03-18,PSL,Lahore Qalandars,Multan Sultans,"Gaddafi Stadium, Lahore"
1416472,2024-02-17,PSL,Lahore Qalandars,Islamabad United,"Gaddafi Stadium, Lahore"
1416473,2024-02-18,PSL,Quetta Gladiators,Peshawar Zalmi,"Gaddafi Stadium, Lahore"
1416474,2024-02-18,PSL,Multan Sultans,Karachi Kings,Multan Cricket Stadium
1416475,2024-02-19,PSL,Lahore Qalandars,Quetta Gladiators,"Gaddafi Stadium, Lahore"
1416476,2024-02-20,PSL,Islamabad United,Multan Sultans,Multan Cricket Stadium
1416477,2024-02-21,PSL,Peshawar Zalmi,Karachi Kings,"Gaddafi Stadium, Lahore"
1416478,2024-02-21,PSL,Lahore Qalandars,Multan Sultans,Multan Cricket Stadium
1416479,2024-02-22,PSL,Islamabad United,Quetta Gladiators,"Gaddafi Stadium, Lahore"
1416480,2024-02-23,PSL,Peshawar Zalmi,Multan Sultans,Multan Cricket Stadium
1416481,2024-02-24,PSL,Lahore Qalandars,Karachi Kings,"Gaddafi Stadium, Lahore"
1416482,2024-02-25,PSL,Multan Sultans,Quetta Gladiators,Multan Cricket Stadium
1416483,2024-02-25,PSL,Peshawar Zalmi,Lahore Qalandars,"Gaddafi Stadium, Lahore"
1416484,2024-02-26,PSL,Peshawar Zalmi,Islamabad United,"Gaddafi Stadium, Lahore"
1416485,2024-02-27,PSL,Multan Sultans,Lahore Qalandars,"Gaddafi Stadium, Lahore"
1416486,2024-02-28,PSL,Karachi Kings,Islamabad United,"National Stadium, Karachi"
1416487,2024-02-29,PSL,Karachi Kings,Quetta Gladiators,"National Stadium, Karachi"
1416490,2024-03-03,PSL,Multan Sultans,Karachi Kings,"National Stadium, Karachi"
1416491,2024-03-04,PSL,Islamabad United,Peshawar Zalmi,Rawalpindi Cricket Stadium
1416492,2024-03-05,PSL,Peshawar Zalmi,Multan Sultans,Rawalpindi Cricket Stadium
1416493,2024-03-06,PSL,Quetta Gladiators,Karachi Kings,Rawalpindi Cricket Stadium
1416494,2024-03-06,PSL,Lahore Qalandars,Islamabad United,Rawalpindi Cricket Stadium
1416495,2024-03-07,PSL,Karachi Kings,Islamabad United,Rawalpindi Cricket Stadium
1416496,2024-03-08,PSL,Peshawar Zalmi,Quetta Gladiators,Rawalpindi Cricket Stadium
1416497,2024-03-09,PSL,Lahore Qalandars,Karachi Kings,"National Stadium, Karachi"
1416498,2024-03-10,PSL,Multan Sultans,Islamabad United,Rawalpindi Cricket Stadium
1416499,2024-03-10,PSL,Lahore Qalandars,Quetta Gladiators,"National Stadium, Karachi"
1416500,2024-03-11,PSL,Peshawar Zalmi,Karachi Kings,"National Stadium, Karachi"
1416501,2024-03-12,PSL,Multan Sultans,Quetta Gladiators,"National Stadium, Karachi"
1416502,2024-03-14,PSL,Peshawar Zalmi,Multan Sultans,"National Stadium, Karachi"
1416503,2024-03-15,PSL,Islamabad United,Quetta Gladiators,"National Stadium, Karachi"
1416504,2024-03-16,PSL,Peshawar Zalmi,Islamabad United,"National Stadium, Karachi"
1416505,2024-03-18,PSL,Multan Sultans,Islamabad United,"National Stadium, Karachi"
1475238,2025-04-11,PSL,Lahore Qalandars,Islamabad United,Rawalpindi Cricket Stadium
1475239,2025-04-12,PSL,Quetta Gladiators,Peshawar Zalmi,Rawalpindi Cricket Stadium
1475240,2025-04-12,PSL,Multan Sultans,Karachi Kings,"National Stadium, Karachi"
1475241,2025-04-13,PSL,Lahore Qalandars,Quetta Gladiators,Rawalpindi Cricket Stadium
1475242,2025-04-14,PSL,Islamabad United,Peshawar Zalmi,Rawalpindi Cricket Stadium
1475243,2025-04-15,PSL,Lahore Qalandars,Karachi Kings,"National Stadium, Karachi"
1475244,2025-04-16,PSL,Islamabad United,Multan Sultans,Rawalpindi Cricket Stadium
1475245,2025-04-18,PSL,Karachi Kings,Quetta Gladiators,"National Stadium, Karachi"
1475246,2025-04-19,PSL,Peshawar Zalmi,Multan Sultans,Rawalpindi Cricket Stadium
1475247,2025-04-20,PSL,Karachi Kings,Islamabad United,"National Stadium, Karachi"
1475248,2025-04-21,PSL,Peshawar Zalmi,Karachi Kings,"National Stadium, Karachi"
1475249,2025-04-22,PSL,Multan Sultans,Lahore Qalandars,Multan Cricket Stadium
1475250,2025-04-23,PSL,Multan Sultans,Islamabad United,Multan Cricket Stadium
1475251,2025-04-24,PSL,Lahore Qalandars,Peshawar Zalmi,"Gaddafi Stadium, Lahore"
1475252,2025-04-25,PSL,Quetta Gladiators,Karachi Kings,"Gaddafi Stadium, Lahore"
1475253,2025-04-26,PSL,Multan Sultans,Lahore Qalandars,"Gaddafi Stadium, Lahore"
1475254,2025-04-27,PSL,Quetta Gladiators,Peshawar Zalmi,"Gaddafi Stadium, Lahore"
1475255,2025-04-29,PSL,Multan Sultans,Quetta Gladiators,"Gaddafi Stadium, Lahore"
1475256,2025-04-30,PSL,Lahore Qalandars,Islamabad United,"Gaddafi Stadium, Lahore"
1475257,2025-05-01,PSL,Karachi Kings,Multan Sultans,"Gaddafi Stadium, Lahore"
1475258,2025-05-01,PSL,Lahore Qalandars,Quetta Gladiators,"Gaddafi Stadium, Lahore"
1475259,2025-05-02,PSL,Islamabad United,Peshawar Zalmi,"Gaddafi Stadium, Lahore"
1475260,2025-05-03,PSL,Islamabad United,Quetta Gladiators,"Gaddafi Stadium, Lahore"
1475261,2025-05-04,PSL,Lahore Qalandars,Karachi Kings,"Gaddafi Stadium, Lahore"
1475262,2025-05-05,PSL,Multan Sultans,Peshawar Zalmi,Multan Cricket Stadium
1475263,2025-05-07,PSL,Quetta Gladiators,Islamabad United,Rawalpindi Cricket Stadium
1475264,2025-05-17,PSL,Karachi Kings,Peshawar Zalmi,Rawalpindi Cricket Stadium
1475265,2025-05-18,PSL,Multan Sultans,Quetta Gladiators,Rawalpindi Cricket Stadium
1475266,2025-05-18,PSL,Lahore Qalandars,Peshawar Zalmi,Rawalpindi Cricket Stadium
1475267,2025-05-19,PSL,Islamabad United,Karachi Kings,Rawalpindi Cricket Stadium
1475268,2025-05-21,PSL,Quetta Gladiators,Islamabad United,"Gaddafi Stadium, Lahore"
1475269,2025-05-22,PSL,Karachi Kings,Lahore Qalandars,"Gaddafi Stadium, Lahore"
1475270,2025-05-23,PSL,Lahore Qalandars,Islamabad United,"Gaddafi Stadium, Lahore"
1475271,2025-05-25,PSL,Quetta Gladiators,Lahore Qalandars,"Gaddafi Stadium, Lahore"
1527552,2026-03-26,PSL,Lahore Qalandars,Hyderabad Kingsmen,"Gaddafi Stadium, Lahore"
1527553,2026-03-27,PSL,Karachi Kings,Quetta Gladiators,"Gaddafi Stadium, Lahore"
1527554,2026-03-28,PSL,Rawalpindiz,Peshawar Zalmi,"Gaddafi Stadium, Lahore"
1527555,2026-03-28,PSL,Islamabad United,Multan Sultans,"Gaddafi Stadium, Lahore"
1527556,2026-03-29,PSL,Quetta Gladiators,Hyderabad Kingsmen,"Gaddafi Stadium, Lahore"
1527557,2026-03-29,PSL,Lahore Qalandars,Karachi Kings,"Gaddafi Stadium, Lahore"
1527559,2026-04-01,PSL,Hyderabad Kingsmen,Multan Sultans,"Gaddafi Stadium, Lahore"
1527560,2026-04-02,PSL,Quetta Gladiators,Islamabad United,"Gaddafi Stadium, Lahore"
1527561,2026-04-02,PSL,Rawalpindiz,Karachi Kings,"Gaddafi Stadium, Lahore"
1527562,2026-04-03,PSL,Lahore Qalandars,Multan Sultans,"Gaddafi Stadium, Lahore"
1527563,2026-04-04,PSL,Rawalpindiz,Islamabad United,"Gaddafi Stadium, Lahore"
1527564,2026-04-05,PSL,Quetta Gladiators,Multan Sultans,"Gaddafi Stadium, Lahore"
1527565,2026-04-06,PSL,Rawalpindiz,Multan Sultans,"Gaddafi Stadium, Lahore"
1527566,2026-04-08,PSL,Hyderabad Kingsmen,Peshawar Zalmi,"National Stadium, Karachi"
1527567,2026-04-09,PSL,Lahore Qalandars,Islamabad United,"National Stadium, Karachi"
1527568,2026-04-09,PSL,Peshawar Zalmi,Karachi Kings,"National Stadium, Karachi"
1527569,2026-04-10,PSL,Quetta Gladiators,Rawalpindiz,"National Stadium, Karachi"
1527570,2026-04-11,PSL,Peshawar Zalmi,Lahore Qalandars,"National Stadium, Karachi"
1527571,2026-04-11,PSL,Karachi Kings,Hyderabad Kingsmen,"National Stadium, Karachi"
1527572,2026-04-12,PSL,Islamabad United,Hyderabad Kingsmen,"National Stadium, Karachi"
1527573,2026-04-13,PSL,Peshawar Zalmi,Multan Sultans,"National Stadium, Karachi"
1527574,2026-04-15,PSL,Quetta Gladiators,Peshawar Zalmi,"National Stadium, Karachi"
1527575,2026-04-16,PSL,Rawalpindiz,Hyderabad Kingsmen,"National Stadium, Karachi"
1527576,2026-04-16,PSL,Karachi Kings,Islamabad United,"National Stadium, Karachi"
1527577,2026-04-17,PSL,Lahore Qalandars,Quetta Gladiators,"National Stadium, Karachi"
1527578,2026-04-18,PSL,Lahore Qalandars,Rawalpindiz,"National Stadium, Karachi"
1527579,2026-04-19,PSL,Multan Sultans,Karachi Kings,"National Stadium, Karachi"
1527580,2026-04-19,PSL,Peshawar Zalmi,Quetta Gladiators,"National Stadium, Karachi"
1527581,2026-04-21,PSL,Lahore Qalandars,Quetta Gladiators,"Gaddafi Stadium, Lahore"
1527582,2026-04-21,PSL,Rawalpindiz,Multan Sultans,"National Stadium, Karachi"
1527583,2026-04-22,PSL,Karachi Kings,Peshawar Zalmi,"Gaddafi Stadium, Lahore"
1527584,2026-04-22,PSL,Multan Sultans,Hyderabad Kingsmen,"National Stadium, Karachi"
1527585,2026-04-23,PSL,Islamabad United,Rawalpindiz,"National Stadium, Karachi"
1527586,2026-04-23,PSL,Lahore Qalandars,Karachi Kings,"Gaddafi Stadium, Lahore"
1527587,2026-04-24,PSL,Hyderabad Kingsmen,Islamabad United,"National Stadium, Karachi"
1527588,2026-04-25,PSL,Quetta Gladiators,Karachi Kings,"Gaddafi Stadium, Lahore"
1527589,2026-04-25,PSL,Peshawar Zalmi,Lahore Qalandars,"Gaddafi Stadium, Lahore"
1527590,2026-04-26,PSL,Hyderabad Kingsmen,Rawalpindiz,"National Stadium, Karachi"
1527591,2026-04-26,PSL,Multan Sultans,Islamabad United,"National Stadium, Karachi"
1527592,2026-04-28,PSL,Peshawar Zalmi,Islamabad United,"National Stadium, Karachi"
1527593,2026-04-29,PSL,Multan Sultans,Hyderabad Kingsmen,"Gaddafi Stadium, Lahore"
1527594,2026-05-01,PSL,Hyderabad Kingsmen,Islamabad United,"Gaddafi Stadium, Lahore"
1527595,2026-05-03,PSL,Hyderabad Kingsmen,Peshawar Zalmi,"Gaddafi Stadium, Lahore"
211048,2005-02-17,T20I,Australia,New Zealand,Eden Park
211028,2005-06-13,T20I,England,Australia,The Rose Bowl
222678,2005-10-21,T20I,South Africa,New Zealand,New Wanderers Stadium
226374,2006-01-09,T20I,Australia,South Africa,"Brisbane Cricket Ground, Woolloongabba"
237242,2006-02-16,T20I,West Indies,New Zealand,Eden Park
238195,2006-02-24,T20I,South Africa,Australia,New Wanderers Stadium
225271,2006-06-15,T20I,Sri Lanka,England,The Rose Bowl
225263,2006-08-28,T20I,England,Pakistan,County Ground
255954,2006-12-01,T20I,South Africa,India,New Wanderers Stadium
251487,2006-12-22,T20I,New Zealand,Sri Lanka,Westpac Stadium
251488,2006-12-26,T20I,Sri Lanka,New Zealand,Eden Park
249227,2007-01-09,T20I,Australia,England,Sydney Cricket Ground
258463,2007-06-28,T20I,West Indies,England,Kennington Oval
258464,2007-06-29,T20I,West Indies,England,Kennington Oval
306987,2007-09-01,T20I,Kenya,Bangladesh,Gymkhana Club Ground
306989,2007-09-02,T20I,Pakistan,Bangladesh,Gymkhana Club Ground
306991,2007-09-04,T20I,Kenya,Pakistan,Gymkhana Club Ground
287853,2007-09-11,T20I,West Indies,South Africa,New Wanderers Stadium
287854,2007-09-12,T20I,Kenya,New Zealand,Kingsmead
287855,2007-09-12,T20I,Pakistan,Scotland,Kingsmead
287856,2007-09-12,T20I,Australia,Zimbabwe,Newlands
287857,2007-09-13,T20I,West Indies,Bangladesh,New Wanderers Stadium
287858,2007-09-13,T20I,England,Zimbabwe,Newlands
287860,2007-09-14,T20I,Sri Lanka,Kenya,New Wanderers Stadium
287861,2007-09-14,T20I,England,Australia,Newlands
287862,2007-09-14,T20I,India,Pakistan,Kingsmead
287863,2007-09-15,T20I,New Zealand,Sri Lanka,New Wanderers Stadium
287864,2007-09-15,T20I,Bangladesh,South Africa,Newlands
287865,2007-09-16,T20I,New Zealand,India,New Wanderers Stadium
287866,2007-09-16,T20I,Bangladesh,Australia,Newlands
287867,2007-09-16,T20I,South Africa,England,Newlands
287868,2007-09-17,T20I,Pakistan,Sri Lanka,New Wanderers Stadium
287869,2007-09-18,T20I,New Zealand,England,Kingsmead
287870,2007-09-18,T20I,Australia,Pakistan,New Wanderers Stadium
287871,2007-09-18,T20I,Sri Lanka,Bangladesh,New Wanderers Stadium
287872,2007-09-19,T20I,New Zealand,South Africa,Kingsmead
287873,2007-09-19,T20I,India,England,Kingsmead
287874,2007-09-20,T20I,Sri Lanka,Australia,Newlands
287875,2007-09-20,T20I,Bangladesh,Pakistan,Newlands
287876,2007-09-20,T20I,India,South Africa,Kingsmead
287877,2007-09-22,T20I,New Zealand,Pakistan,Newlands
287878,2007-09-22,T20I,India,Australia,Kingsmead
287879,2007-09-24,T20I,India,Pakistan,New Wanderers Stadium
297800,2007-10-20,T20I,Australia,India,Brabourne Stadium
298795,2007-11-23,T20I,New Zealand,South Africa,New Wanderers Stadium
291343,2007-12-11,T20I,Australia,New Zealand,Western Australia Cricket Association Ground
319112,2007-12-16,T20I,South Africa,West Indies,St George's Park
298804,2008-01-18,T20I,West Indies,South Africa,New Wanderers Stadium
291356,2008-02-01,T20I,India,Australia,Melbourne Cricket Ground
300435,2008-02-05,T20I,England,New Zealand,Eden Park
300436,2008-02-07,T20I,England,New Zealand,Jade Stadium
343764,2008-04-20,T20I,Pakistan,Bangladesh,National Stadium
296903,2008-06-13,T20I,New Zealand,England,Old Trafford
319142,2008-06-20,T20I,Australia,West Indies,"Kensington Oval, Bridgetown"
354456,2008-08-03,T20I,Bermuda,Scotland,"Civil Service Cricket Club, Stormont"
361530,2008-08-04,T20I,Kenya,Ireland,"Civil Service Cricket Club, Stormont"
361531,2008-08-04,T20I,Scotland,Netherlands,"Civil Service Cricket Club, Stormont"
361656,2008-10-11,T20I,Sri Lanka,Pakistan,Maple Leaf North-West Ground
361660,2008-10-13,T20I,Pakistan,Sri Lanka,Maple Leaf North-West Ground
350347,2008-11-05,T20I,South Africa,Bangladesh,New Wanderers Stadium
366707,2008-12-26,T20I,New Zealand,West Indies,"Eden Park, Auckland"
366708,2008-12-28,T20I,New Zealand,West Indies,Seddon Park
351694,2009-01-11,T20I,Australia,South Africa,Melbourne Cricket Ground
351695,2009-01-13,T20I,South Africa,Australia,"Brisbane Cricket Ground, Woolloongabba"
386535,2009-02-10,T20I,Sri Lanka,India,R Premadasa Stadium
351696,2009-02-15,T20I,Australia,New Zealand,Sydney Cricket Ground
386494,2009-02-25,T20I,India,New Zealand,AMI Stadium
366622,2009-02-27,T20I,India,New Zealand,Westpac Stadium
352674,2009-03-15,T20I,England,West Indies,"Queen's Park Oval, Port of Spain"
350475,2009-03-27,T20I,Australia,South Africa,New Wanderers Stadium
350476,2009-03-29,T20I,South Africa,Australia,SuperSport Park
392615,2009-05-07,T20I,Australia,Pakistan,Dubai International Cricket Stadium
355991,2009-06-05,T20I,England,Netherlands,Lord's
355992,2009-06-06,T20I,Scotland,New Zealand,Kennington Oval
355993,2009-06-06,T20I,Australia,West Indies,Kennington Oval
355994,2009-06-06,T20I,India,Bangladesh,Trent Bridge
355995,2009-06-07,T20I,South Africa,Scotland,Kennington Oval
355996,2009-06-07,T20I,England,Pakistan,Kennington Oval
355997,2009-06-08,T20I,Bangladesh,Ireland,Trent Bridge
355998,2009-06-08,T20I,Australia,Sri Lanka,Trent Bridge
355999,2009-06-09,T20I,Pakistan,Netherlands,Lord's
356000,2009-06-09,T20I,South Africa,New Zealand,Lord's
356001,2009-06-10,T20I,Ireland,India,Trent Bridge
356002,2009-06-10,T20I,Sri Lanka,West Indies,Trent Bridge
356003,2009-06-11,T20I,New Zealand,Ireland,Trent Bridge
356004,2009-06-11,T20I,England,South Africa,Trent Bridge
356005,2009-06-12,T20I,Sri Lanka,Pakistan,Lord's
356006,2009-06-12,T20I,India,West Indies,Lord's
356007,2009-06-13,T20I,South Africa,West Indies,Kennington Oval
356008,2009-06-13,T20I,New Zealand,Pakistan,Kennington Oval
356009,2009-06-14,T20I,Sri Lanka,Ireland,Lord's
356010,2009-06-14,T20I,England,India,Lord's
356011,2009-06-15,T20I,England,West Indies,Kennington Oval
356012,2009-06-15,T20I,Pakistan,Ireland,Kennington Oval
356013,2009-06-16,T20I,Sri Lanka,New Zealand,Trent Bridge
356014,2009-06-16,T20I,South Africa,India,Trent Bridge
355988,2009-06-18,T20I,New Zealand,India,Trent Bridge
356015,2009-06-18,T20I,Pakistan,South Africa,Trent Bridge
355989,2009-06-19,T20I,Australia,England,Kennington Oval
356016,2009-06-19,T20I,Sri Lanka,West Indies,Kennington Oval
356017,2009-06-21,T20I,Sri Lanka,Pakistan,Lord's
391794,2009-06-25,T20I,Australia,England,County Ground
401076,2009-08-02,T20I,Bangladesh,West Indies,"Warner Park, Basseterre"
403375,2009-08-12,T20I,Pakistan,Sri Lanka,R Premadasa Stadium
350050,2009-08-30,T20I,Australia,England,Old Trafford
403385,2009-09-02,T20I,New Zealand,Sri Lanka,R Premadasa Stadium
403386,2009-09-04,T20I,New Zealand,Sri Lanka,R Premadasa Stadium
423391,2009-10-28,T20I,West Indies,South Africa,Boland Bank Park
426723,2009-11-12,T20I,Pakistan,New Zealand,Dubai International Cricket Stadium
387563,2009-11-13,T20I,England,South Africa,New Wanderers Stadium
426724,2009-11-13,T20I,Pakistan,New Zealand,Dubai International Cricket Stadium
387564,2009-11-15,T20I,South Africa,England,SuperSport Park
430884,2009-12-09,T20I,Sri Lanka,India,"Vidarbha Cricket Association Stadium, Jamtha"
430885,2009-12-12,T20I,Sri Lanka,India,"Punjab Cricket Association Stadium, Mohali"
423782,2010-02-03,T20I,Bangladesh,New Zealand,Seddon Park
406207,2010-02-05,T20I,Australia,Pakistan,Melbourne Cricket Ground
439497,2010-02-09,T20I,Canada,Netherlands,Dubai International Cricket Stadium
439499,2010-02-10,T20I,Canada,Kenya,Dubai International Cricket Stadium
439505,2010-02-11,T20I,Ireland,Scotland,Dubai International Cricket Stadium
439510,2010-02-13,T20I,Ireland,Netherlands,Dubai International Cricket Stadium
440945,2010-02-19,T20I,Pakistan,England,Dubai International Cricket Stadium
440946,2010-02-20,T20I,England,Pakistan,Dubai International Cricket Stadium
406197,2010-02-21,T20I,Australia,West Indies,Bellerive Oval
406198,2010-02-23,T20I,West Indies,Australia,Sydney Cricket Ground
423787,2010-02-26,T20I,New Zealand,Australia,Westpac Stadium
423788,2010-02-28,T20I,New Zealand,Australia,AMI Stadium
439139,2010-02-28,T20I,Zimbabwe,West Indies,"Queen's Park Oval, Port of Spain"
412677,2010-04-30,T20I,West Indies,Ireland,Providence Stadium
412678,2010-04-30,T20I,Sri Lanka,New Zealand,Providence Stadium
412680,2010-05-01,T20I,Pakistan,Bangladesh,"Beausejour Stadium, Gros Islet"
412682,2010-05-02,T20I,India,South Africa,"Beausejour Stadium, Gros Islet"
412683,2010-05-02,T20I,Australia,Pakistan,"Beausejour Stadium, Gros Islet"
412685,2010-05-03,T20I,England,West Indies,Providence Stadium
412686,2010-05-03,T20I,Sri Lanka,Zimbabwe,Providence Stadium
412681,2010-05-04,T20I,England,Ireland,Providence Stadium
412684,2010-05-04,T20I,Zimbabwe,New Zealand,Providence Stadium
412688,2010-05-05,T20I,Australia,Bangladesh,"Kensington Oval, Bridgetown"
412689,2010-05-06,T20I,Pakistan,England,"Kensington Oval, Bridgetown"
412690,2010-05-06,T20I,South Africa,New Zealand,"Kensington Oval, Bridgetown"
412691,2010-05-07,T20I,Australia,India,"Kensington Oval, Bridgetown"
412692,2010-05-07,T20I,Sri Lanka,West Indies,"Kensington Oval, Bridgetown"
412693,2010-05-08,T20I,New Zealand,Pakistan,"Kensington Oval, Bridgetown"
412694,2010-05-08,T20I,England,South Africa,"Kensington Oval, Bridgetown"
412695,2010-05-09,T20I,West Indies,India,"Kensington Oval, Bridgetown"
412696,2010-05-09,T20I,Australia,Sri Lanka,"Kensington Oval, Bridgetown"
412697,2010-05-10,T20I,Pakistan,South Africa,"Beausejour Stadium, Gros Islet"
412698,2010-05-10,T20I,New Zealand,England,"Beausejour Stadium, Gros Islet"
412699,2010-05-11,T20I,India,Sri Lanka,"Beausejour Stadium, Gros Islet"
412700,2010-05-11,T20I,West Indies,Australia,"Beausejour Stadium, Gros Islet"
412701,2010-05-13,T20I,Sri Lanka,England,"Beausejour Stadium, Gros Islet"
412716,2010-05-13,T20I,India,Australia,"Beausejour Stadium, Gros Islet"
412702,2010-05-14,T20I,Pakistan,Australia,"Beausejour Stadium, Gros Islet"
412717,2010-05-14,T20I,New Zealand,West Indies,"Beausejour Stadium, Gros Islet"
412703,2010-05-16,T20I,Australia,England,"Kensington Oval, Bridgetown"
412718,2010-05-16,T20I,Australia,New Zealand,"Kensington Oval, Bridgetown"
439146,2010-05-19,T20I,South Africa,West Indies,"Sir Vivian Richards Stadium, North Sound"
447539,2010-05-20,T20I,South Africa,West Indies,"Sir Vivian Richards Stadium, North Sound"
456991,2010-05-22,T20I,New Zealand,Sri Lanka,Central Broward Regional Park Stadium Turf Ground
456992,2010-05-23,T20I,New Zealand,Sri Lanka,Central Broward Regional Park Stadium Turf Ground
452153,2010-06-12,T20I,Zimbabwe,India,Harare Sports Club
452154,2010-06-13,T20I,Zimbabwe,India,Harare Sports Club
426392,2010-07-05,T20I,Pakistan,Australia,Edgbaston
426393,2010-07-06,T20I,Pakistan,Australia,Edgbaston
426417,2010-09-05,T20I,Pakistan,England,Sophia Gardens
426418,2010-09-07,T20I,Pakistan,England,Sophia Gardens
463141,2010-10-08,T20I,Zimbabwe,South Africa,OUTsurance Oval
463142,2010-10-10,T20I,South Africa,Zimbabwe,De Beers Diamond Oval
478279,2010-10-26,T20I,Pakistan,South Africa,Sheikh Zayed Stadium
461565,2010-10-27,T20I,Pakistan,South Africa,Sheikh Zayed Stadium
446956,2010-10-31,T20I,Australia,Sri Lanka,Western Australia Cricket Association Ground
473918,2010-12-26,T20I,Pakistan,New Zealand,Eden Park
473919,2010-12-28,T20I,New Zealand,Pakistan,Seddon Park
473920,2010-12-30,T20I,Pakistan,New Zealand,AMI Stadium
476947,2010-12-30,T20I,New Zealand,Australia,Saxton Oval
463149,2011-01-09,T20I,India,South Africa,Moses Mabhida Stadium
446960,2011-01-12,T20I,Australia,England,Adelaide Oval
446961,2011-01-14,T20I,Australia,England,Melbourne Cricket Ground
489212,2011-04-21,T20I,West Indies,Pakistan,"Beausejour Stadium, Gros Islet"
489220,2011-06-04,T20I,India,West Indies,"Queen's Park Oval, Port of Spain"
474466,2011-06-25,T20I,England,Sri Lanka,County Ground
492547,2011-06-26,T20I,England,India,County Ground
516204,2011-08-06,T20I,Sri Lanka,Australia,Pallekele International Cricket Stadium
516205,2011-08-08,T20I,Sri Lanka,Australia,Pallekele International Cricket Stadium
474476,2011-08-31,T20I,India,England,Old Trafford
523735,2011-09-16,T20I,Pakistan,Zimbabwe,Harare Sports Club
523736,2011-09-18,T20I,Pakistan,Zimbabwe,Harare Sports Club
525816,2011-09-23,T20I,West Indies,England,Kennington Oval
525817,2011-09-25,T20I,West Indies,England,Kennington Oval
531982,2011-10-11,T20I,West Indies,Bangladesh,Shere Bangla National Stadium
514023,2011-10-13,T20I,South Africa,Australia,Newlands
527012,2011-10-15,T20I,Zimbabwe,New Zealand,Harare Sports Club
514024,2011-10-16,T20I,Australia,South Africa,New Wanderers Stadium
527013,2011-10-17,T20I,New Zealand,Zimbabwe,Harare Sports Club
521217,2011-10-29,T20I,India,England,Eden Gardens
527683,2011-10-29,T20I,South Africa,England,Senwes Park
530432,2011-11-25,T20I,Sri Lanka,Pakistan,Sheikh Zayed Stadium
538068,2011-11-29,T20I,Pakistan,Bangladesh,Shere Bangla National Stadium
518954,2012-02-01,T20I,Australia,India,Stadium Australia
518955,2012-02-03,T20I,Australia,India,Melbourne Cricket Ground
520595,2012-02-11,T20I,Zimbabwe,New Zealand,Eden Park
520596,2012-02-14,T20I,Zimbabwe,New Zealand,Seddon Park
520597,2012-02-17,T20I,South Africa,New Zealand,Westpac Stadium
527688,2012-02-17,T20I,New Zealand,England,Westpac Stadium
520598,2012-02-19,T20I,New Zealand,South Africa,Seddon Park
527689,2012-02-19,T20I,England,New Zealand,Seddon Park
520599,2012-02-22,T20I,South Africa,New Zealand,Eden Park
527690,2012-02-22,T20I,England,New Zealand,Eden Park
543883,2012-02-22,T20I,Kenya,Ireland,Mombasa Sports Club Ground
531635,2012-02-23,T20I,Pakistan,England,Dubai International Cricket Stadium
543884,2012-02-23,T20I,Kenya,Ireland,Mombasa Sports Club Ground
543885,2012-02-24,T20I,Ireland,Kenya,Mombasa Sports Club Ground
531636,2012-02-25,T20I,England,Pakistan,Dubai International Cricket Stadium
531637,2012-02-27,T20I,England,Pakistan,Sheikh Zayed Stadium
546410,2012-03-13,T20I,Netherlands,Canada,Dubai International Cricket Stadium
546414,2012-03-14,T20I,Kenya,Ireland,Dubai International Cricket Stadium
546442,2012-03-18,T20I,Ireland,Scotland,Dubai International Cricket Stadium
546462,2012-03-22,T20I,Canada,Ireland,Dubai International Cricket Stadium
546470,2012-03-23,T20I,Netherlands,Ireland,Dubai International Cricket Stadium
546473,2012-03-23,T20I,Canada,Scotland,Dubai International Cricket Stadium
540173,2012-03-27,T20I,West Indies,Australia,"Beausejour Stadium, Gros Islet"
540174,2012-03-30,T20I,West Indies,Australia,"Kensington Oval, Bridgetown"
556252,2012-03-30,T20I,South Africa,India,New Wanderers Stadium
562437,2012-06-01,T20I,Sri Lanka,Pakistan,"Mahinda Rajapaksa International Cricket Stadium, Sooriyawewa"
562438,2012-06-03,T20I,Pakistan,Sri Lanka,"Mahinda Rajapaksa International Cricket Stadium, Sooriyawewa"
534208,2012-06-24,T20I,West Indies,England,Trent Bridge
542850,2012-06-26,T20I,England,India,St Lawrence Ground
542851,2012-06-28,T20I,India,England,County Ground
560921,2012-06-30,T20I,West Indies,New Zealand,Central Broward Regional Park Stadium Turf Ground
560922,2012-07-01,T20I,West Indies,New Zealand,Central Broward Regional Park Stadium Turf Ground
567071,2012-07-18,T20I,Bangladesh,Ireland,"Civil Service Cricket Club, Stormont"
567205,2012-07-25,T20I,Netherlands,Bangladesh,Sportpark Westvliet
573672,2012-07-26,T20I,Bangladesh,Netherlands,Sportpark Westvliet
564786,2012-08-07,T20I,India,Sri Lanka,Pallekele International Cricket Stadium
565844,2012-09-04,T20I,Pakistan,England,Haslegrave Ground
565845,2012-09-05,T20I,England,Pakistan,Haslegrave Ground
571148,2012-09-05,T20I,Australia,Pakistan,Dubai International Cricket Stadium
571149,2012-09-07,T20I,Pakistan,Australia,Dubai International Cricket Stadium
534233,2012-09-08,T20I,England,South Africa,Riverside Ground
551593,2012-09-08,T20I,West Indies,England,Riverside Ground
534234,2012-09-10,T20I,South Africa,England,Old Trafford
551594,2012-09-10,T20I,England,West Indies,Old Trafford
571150,2012-09-10,T20I,Australia,Pakistan,Dubai International Cricket Stadium
565820,2012-09-11,T20I,New Zealand,India,"MA Chidambaram Stadium, Chepauk"
534235,2012-09-12,T20I,England,South Africa,Edgbaston
551595,2012-09-13,T20I,England,West Indies,County Ground
551596,2012-09-15,T20I,England,West Indies,County Ground
551597,2012-09-16,T20I,England,West Indies,Arundel Castle Cricket Club Ground
533272,2012-09-18,T20I,Sri Lanka,Zimbabwe,"Mahinda Rajapaksa International Cricket Stadium, Sooriyawewa"
533273,2012-09-19,T20I,Ireland,Australia,R Premadasa Stadium
533275,2012-09-20,T20I,Zimbabwe,South Africa,"Mahinda Rajapaksa International Cricket Stadium, Sooriyawewa"
533276,2012-09-21,T20I,New Zealand,Bangladesh,Pallekele International Cricket Stadium
533278,2012-09-22,T20I,South Africa,Sri Lanka,"Mahinda Rajapaksa International Cricket Stadium, Sooriyawewa"
533279,2012-09-22,T20I,West Indies,Australia,R Premadasa Stadium
533280,2012-09-23,T20I,Pakistan,New Zealand,Pallekele International Cricket Stadium
533281,2012-09-23,T20I,India,England,R Premadasa Stadium
533282,2012-09-24,T20I,Ireland,West Indies,R Premadasa Stadium
533283,2012-09-25,T20I,Bangladesh,Pakistan,Pallekele International Cricket Stadium
533299,2012-09-26,T20I,Sri Lanka,South Africa,Galle International Stadium
533300,2012-09-26,T20I,New Zealand,West Indies,Galle International Stadium
533284,2012-09-27,T20I,New Zealand,Sri Lanka,Pallekele International Cricket Stadium
533285,2012-09-27,T20I,West Indies,England,Pallekele International Cricket Stadium
533301,2012-09-27,T20I,England,Pakistan,Galle International Stadium
533302,2012-09-27,T20I,India,Australia,Galle International Stadium
533286,2012-09-28,T20I,South Africa,Pakistan,R Premadasa Stadium
533287,2012-09-28,T20I,India,Australia,R Premadasa Stadium
533303,2012-09-28,T20I,New Zealand,South Africa,Galle International Stadium
533304,2012-09-28,T20I,Sri Lanka,West Indies,Galle International Stadium
533288,2012-09-29,T20I,New Zealand,England,Pallekele International Cricket Stadium
533289,2012-09-29,T20I,West Indies,Sri Lanka,Pallekele International Cricket Stadium
533305,2012-09-29,T20I,Australia,Pakistan,Galle International Stadium
533306,2012-09-29,T20I,India,England,Galle International Stadium
533290,2012-09-30,T20I,South Africa,Australia,R Premadasa Stadium
533291,2012-09-30,T20I,Pakistan,India,R Premadasa Stadium
533307,2012-09-30,T20I,South Africa,West Indies,Galle International Stadium
533308,2012-09-30,T20I,Sri Lanka,New Zealand,Galle International Stadium
533292,2012-10-01,T20I,West Indies,New Zealand,Pallekele International Cricket Stadium
533293,2012-10-01,T20I,Sri Lanka,England,Pallekele International Cricket Stadium
533309,2012-10-01,T20I,Pakistan,India,Galle International Stadium
533310,2012-10-01,T20I,Australia,England,Galle International Stadium
533294,2012-10-02,T20I,Pakistan,Australia,R Premadasa Stadium
533295,2012-10-02,T20I,India,South Africa,R Premadasa Stadium
584772,2012-10-03,T20I,Sri Lanka,India,Nondescripts Cricket Club Ground
533296,2012-10-04,T20I,Sri Lanka,Pakistan,R Premadasa Stadium
533311,2012-10-04,T20I,New Zealand,England,R Premadasa Stadium
533297,2012-10-05,T20I,West Indies,Australia,R Premadasa Stadium
533298,2012-10-07,T20I,West Indies,Sri Lanka,R Premadasa Stadium
533313,2012-10-07,T20I,Australia,England,R Premadasa Stadium
584923,2012-10-28,T20I,Bangladesh,Sri Lanka,Guanggong International Cricket Stadium
584924,2012-10-28,T20I,Pakistan,India,Guanggong International Cricket Stadium
582186,2012-10-30,T20I,New Zealand,Sri Lanka,Pallekele International Cricket Stadium
584928,2012-10-30,T20I,Bangladesh,Pakistan,Guanggong International Cricket Stadium
584929,2012-10-31,T20I,India,Pakistan,Guanggong International Cricket Stadium
587476,2012-12-10,T20I,West Indies,Bangladesh,Shere Bangla National Stadium
565810,2012-12-20,T20I,England,India,Subrata Roy Sahara Stadium
567353,2012-12-21,T20I,New Zealand,South Africa,Kingsmead
565811,2012-12-22,T20I,India,England,Wankhede Stadium
567354,2012-12-23,T20I,South Africa,New Zealand,Buffalo Park
589306,2012-12-25,T20I,India,Pakistan,M Chinnaswamy Stadium
567355,2012-12-26,T20I,South Africa,New Zealand,St George's Park
589307,2012-12-28,T20I,India,Pakistan,"Sardar Patel Stadium, Motera"
588498,2013-01-19,T20I,South Africa,West Indies,"Beausejour Stadium, Gros Islet"
588499,2013-01-20,T20I,South Africa,West Indies,"Beausejour Stadium, Gros Islet"
573019,2013-01-26,T20I,Australia,Sri Lanka,Stadium Australia
573020,2013-01-28,T20I,Sri Lanka,Australia,Melbourne Cricket Ground
569237,2013-02-09,T20I,England,New Zealand,Eden Park
569238,2013-02-12,T20I,New Zealand,England,Seddon Park
573027,2013-02-13,T20I,West Indies,Australia,"Brisbane Cricket Ground, Woolloongabba"
569239,2013-02-15,T20I,New Zealand,England,Westpac Stadium
593986,2013-03-02,T20I,Zimbabwe,West Indies,"Sir Vivian Richards Stadium, North Sound"
567367,2013-03-03,T20I,Pakistan,South Africa,SuperSport Park
593987,2013-03-03,T20I,West Indies,Zimbabwe,"Sir Vivian Richards Stadium, North Sound"
603243,2013-03-03,T20I,Sri Lanka,West Indies,R Premadasa Stadium
603244,2013-03-05,T20I,West Indies,Sri Lanka,R Premadasa Stadium
603246,2013-03-08,T20I,West Indies,Sri Lanka,R Premadasa Stadium
592268,2013-03-15,T20I,Kenya,Canada,ICC Global Cricket Academy
592269,2013-03-16,T20I,Kenya,Canada,ICC Global Cricket Academy
602477,2013-03-31,T20I,Sri Lanka,Bangladesh,Pallekele International Cricket Stadium
630951,2013-04-19,T20I,Netherlands,Kenya,Wanderers Cricket Ground
592276,2013-04-20,T20I,Netherlands,Kenya,Wanderers Cricket Ground
623571,2013-05-11,T20I,Zimbabwe,Bangladesh,Queens Sports Club
623572,2013-05-12,T20I,Bangladesh,Zimbabwe,Queens Sports Club
566926,2013-06-25,T20I,New Zealand,England,Kennington Oval
627008,2013-07-05,T20I,England,Pakistan,Haslegrave Ground
644941,2013-07-16,T20I,Pakistan,Ireland,YMCA Cricket Club
645645,2013-07-27,T20I,West Indies,Pakistan,"Arnos Vale Ground, Kingstown"
645647,2013-07-28,T20I,Pakistan,West Indies,"Arnos Vale Ground, Kingstown"
640947,2013-07-29,T20I,Ireland,Pakistan,YMCA Cricket Club
640955,2013-07-31,T20I,Pakistan,Sri Lanka,YMCA Cricket Club
635658,2013-08-02,T20I,South Africa,Sri Lanka,R Premadasa Stadium
635659,2013-08-04,T20I,South Africa,Sri Lanka,"Mahinda Rajapaksa International Cricket Stadium, Sooriyawewa"
635660,2013-08-06,T20I,South Africa,Sri Lanka,"Mahinda Rajapaksa International Cricket Stadium, Sooriyawewa"
659545,2013-08-23,T20I,Pakistan,Zimbabwe,Harare Sports Club
659547,2013-08-24,T20I,Pakistan,Zimbabwe,Harare Sports Club
593726,2013-08-27,T20I,England,Australia,County Ground
566937,2013-08-29,T20I,Australia,England,The Rose Bowl
566938,2013-08-31,T20I,England,Australia,Riverside Ground
664293,2013-09-14,T20I,Bangladesh,South Africa,Senwes Park
664295,2013-09-15,T20I,South Africa,Bangladesh,Senwes Park
647247,2013-10-10,T20I,Australia,India,Saurashtra Cricket Association Stadium
668515,2013-10-31,T20I,Sri Lanka,South Africa,Senwes Park
668517,2013-11-02,T20I,Sri Lanka,South Africa,Senwes Park
668519,2013-11-04,T20I,Sri Lanka,South Africa,Senwes Park
668959,2013-11-06,T20I,New Zealand,Bangladesh,Shere Bangla National Stadium
649101,2013-11-13,T20I,Pakistan,South Africa,Dubai International Cricket Stadium
649103,2013-11-15,T20I,South Africa,Pakistan,Dubai International Cricket Stadium
660113,2013-11-16,T20I,Ireland,Canada,Sheikh Zayed Stadium
660149,2013-11-19,T20I,Kenya,Scotland,ICC Academy
685727,2013-11-20,T20I,South Africa,Pakistan,New Wanderers Stadium
668969,2013-11-21,T20I,New Zealand,Sri Lanka,Pallekele International Cricket Stadium
660173,2013-11-22,T20I,Scotland,Netherlands,ICC Academy
685729,2013-11-22,T20I,Pakistan,South Africa,Newlands
660185,2013-11-23,T20I,Netherlands,Kenya,ICC Academy
660209,2013-11-26,T20I,Kenya,Canada,Sharjah Cricket Stadium
660223,2013-11-28,T20I,Scotland,Netherlands,Sheikh Zayed Stadium
657633,2013-12-11,T20I,Sri Lanka,Pakistan,Dubai International Cricket Stadium
657635,2013-12-13,T20I,Sri Lanka,Pakistan,Dubai International Cricket Stadium
661695,2014-01-11,T20I,New Zealand,West Indies,Eden Park
661697,2014-01-15,T20I,West Indies,New Zealand,Westpac Stadium
698983,2014-01-19,T20I,South Africa,Pakistan,West End Park International Cricket Stadium
698985,2014-01-19,T20I,Pakistan,Ireland,West End Park International Cricket Stadium
698987,2014-01-20,T20I,South Africa,Ireland,West End Park International Cricket Stadium
698995,2014-01-24,T20I,South Africa,Pakistan,West End Park International Cricket Stadium
636164,2014-01-29,T20I,Australia,England,Bellerive Oval
636165,2014-01-31,T20I,England,Australia,Melbourne Cricket Ground
636166,2014-02-02,T20I,Australia,England,Stadium Australia
690351,2014-02-12,T20I,Sri Lanka,Bangladesh,Zahur Ahmed Chowdhury Stadium
690353,2014-02-14,T20I,Bangladesh,Sri Lanka,Zahur Ahmed Chowdhury Stadium
702141,2014-02-19,T20I,West Indies,Ireland,"Sabina Park, Kingston"
702143,2014-02-21,T20I,West Indies,Ireland,"Sabina Park, Kingston"
636536,2014-03-09,T20I,West Indies,England,"Kensington Oval, Bridgetown"
636537,2014-03-11,T20I,England,West Indies,"Kensington Oval, Bridgetown"
648681,2014-03-12,T20I,South Africa,Australia,Kingsmead
636538,2014-03-13,T20I,England,West Indies,"Kensington Oval, Bridgetown"
648683,2014-03-14,T20I,South Africa,Australia,SuperSport Park
682899,2014-03-16,T20I,Nepal,Hong Kong,Zahur Ahmed Chowdhury Stadium
682901,2014-03-17,T20I,Zimbabwe,Ireland,Sylhet Stadium
682903,2014-03-17,T20I,United Arab Emirates,Netherlands,Sylhet Stadium
682907,2014-03-18,T20I,Nepal,Bangladesh,Zahur Ahmed Chowdhury Stadium
682909,2014-03-19,T20I,Netherlands,Zimbabwe,Sylhet Stadium
682911,2014-03-19,T20I,United Arab Emirates,Ireland,Sylhet Stadium
682915,2014-03-20,T20I,Bangladesh,Hong Kong,Zahur Ahmed Chowdhury Stadium
682917,2014-03-21,T20I,United Arab Emirates,Zimbabwe,Sylhet Stadium
682919,2014-03-21,T20I,Ireland,Netherlands,Sylhet Stadium
682921,2014-03-21,T20I,Pakistan,India,Shere Bangla National Stadium
682923,2014-03-22,T20I,Sri Lanka,South Africa,Zahur Ahmed Chowdhury Stadium
682925,2014-03-22,T20I,England,New Zealand,Zahur Ahmed Chowdhury Stadium
682927,2014-03-23,T20I,Pakistan,Australia,Shere Bangla National Stadium
682929,2014-03-23,T20I,West Indies,India,Shere Bangla National Stadium
682967,2014-03-23,T20I,New Zealand,Australia,Sylhet Stadium
682931,2014-03-24,T20I,South Africa,New Zealand,Zahur Ahmed Chowdhury Stadium
682933,2014-03-24,T20I,Netherlands,Sri Lanka,Zahur Ahmed Chowdhury Stadium
682971,2014-03-24,T20I,West Indies,England,Sylhet Stadium
682973,2014-03-24,T20I,Sri Lanka,India,Sylhet Stadium
682935,2014-03-25,T20I,West Indies,Bangladesh,Shere Bangla National Stadium
682975,2014-03-25,T20I,New Zealand,Ireland,Sylhet Stadium
682979,2014-03-26,T20I,West Indies,Bangladesh,Sylhet Stadium
682981,2014-03-26,T20I,India,England,Sylhet Stadium
682937,2014-03-27,T20I,South Africa,Netherlands,Zahur Ahmed Chowdhury Stadium
682939,2014-03-27,T20I,Sri Lanka,England,Zahur Ahmed Chowdhury Stadium
682985,2014-03-27,T20I,New Zealand,Pakistan,Sylhet Stadium
682941,2014-03-28,T20I,Australia,West Indies,Shere Bangla National Stadium
682943,2014-03-28,T20I,Bangladesh,India,Shere Bangla National Stadium
682989,2014-03-28,T20I,Sri Lanka,West Indies,Sylhet Stadium
682945,2014-03-29,T20I,Netherlands,New Zealand,Zahur Ahmed Chowdhury Stadium
682947,2014-03-29,T20I,South Africa,England,Zahur Ahmed Chowdhury Stadium
682991,2014-03-29,T20I,South Africa,Ireland,Sylhet Stadium
682993,2014-03-29,T20I,Australia,Pakistan,Sylhet Stadium
682949,2014-03-30,T20I,Pakistan,Bangladesh,Shere Bangla National Stadium
682951,2014-03-30,T20I,India,Australia,Shere Bangla National Stadium
682995,2014-03-30,T20I,India,Bangladesh,Sylhet Stadium
682997,2014-03-30,T20I,Sri Lanka,England,Sylhet Stadium
682953,2014-03-31,T20I,Netherlands,England,Zahur Ahmed Chowdhury Stadium
682955,2014-03-31,T20I,Sri Lanka,New Zealand,Zahur Ahmed Chowdhury Stadium
682999,2014-03-31,T20I,Pakistan,Ireland,Sylhet Stadium
683001,2014-03-31,T20I,New Zealand,South Africa,Sylhet Stadium
682957,2014-04-01,T20I,Bangladesh,Australia,Shere Bangla National Stadium
682959,2014-04-01,T20I,West Indies,Pakistan,Shere Bangla National Stadium
683003,2014-04-01,T20I,Bangladesh,Sri Lanka,Sylhet Stadium
683005,2014-04-01,T20I,West Indies,India,Sylhet Stadium
683007,2014-04-02,T20I,Sri Lanka,New Zealand,Sylhet Stadium
683009,2014-04-02,T20I,India,Pakistan,Sylhet Stadium
682961,2014-04-03,T20I,Sri Lanka,West Indies,Shere Bangla National Stadium
683011,2014-04-03,T20I,Australia,West Indies,Shere Bangla National Stadium
718465,2014-04-03,T20I,Pakistan,Sri Lanka,Sylhet Stadium
718467,2014-04-03,T20I,Bangladesh,Ireland,Sylhet Stadium
682963,2014-04-04,T20I,South Africa,India,Shere Bangla National Stadium
683013,2014-04-04,T20I,South Africa,England,Shere Bangla National Stadium
682965,2014-04-06,T20I,India,Sri Lanka,Shere Bangla National Stadium
683015,2014-04-06,T20I,England,Australia,Shere Bangla National Stadium
667887,2014-05-20,T20I,Sri Lanka,England,Kennington Oval
730283,2014-07-05,T20I,West Indies,New Zealand,"Windsor Park, Roseau"
730285,2014-07-06,T20I,West Indies,New Zealand,"Windsor Park, Roseau"
730293,2014-08-27,T20I,Bangladesh,West Indies,"Warner Park, Basseterre"
754793,2014-08-30,T20I,Pakistan,Australia,Kerrydale Oval
754795,2014-08-31,T20I,Australia,Pakistan,Kerrydale Oval
693433,2014-09-01,T20I,South Africa,England,County Ground
693435,2014-09-03,T20I,England,South Africa,County Ground
754797,2014-09-03,T20I,Pakistan,Australia,Kerrydale Oval
754799,2014-09-05,T20I,Australia,Pakistan,Kerrydale Oval
667731,2014-09-07,T20I,England,India,Edgbaston
693437,2014-09-07,T20I,England,South Africa,Edgbaston
727917,2014-10-05,T20I,Pakistan,Australia,Dubai International Cricket Stadium
757511,2014-10-23,T20I,Sri Lanka,South Africa,Colts Cricket Club Ground
757513,2014-10-25,T20I,Sri Lanka,South Africa,Colts Cricket Club Ground
757515,2014-10-26,T20I,Sri Lanka,South Africa,Mercantile Cricket Association Ground
754801,2014-11-02,T20I,West Indies,Australia,North Sydney Oval
754717,2014-11-05,T20I,Australia,South Africa,Adelaide Oval
754719,2014-11-07,T20I,South Africa,Australia,Melbourne Cricket Ground
754805,2014-11-07,T20I,West Indies,Australia,Melbourne Cricket Ground
754721,2014-11-09,T20I,South Africa,Australia,Stadium Australia
802327,2014-11-24,T20I,Nepal,Hong Kong,P Sara Oval
742617,2014-12-04,T20I,New Zealand,Pakistan,Dubai International Cricket Stadium
754039,2014-12-05,T20I,New Zealand,Pakistan,Dubai International Cricket Stadium
722335,2015-01-09,T20I,South Africa,West Indies,Newlands
722337,2015-01-11,T20I,South Africa,West Indies,New Wanderers Stadium
736063,2015-01-14,T20I,South Africa,West Indies,Kingsmead
808869,2015-01-16,T20I,Pakistan,Sri Lanka,Sharjah Cricket Stadium
808871,2015-01-17,T20I,Pakistan,Sri Lanka,Sharjah Cricket Stadium
828247,2015-03-19,T20I,South Africa,Pakistan,Sharjah Cricket Stadium
828249,2015-03-20,T20I,South Africa,Pakistan,Sharjah Cricket Stadium
828251,2015-03-22,T20I,Pakistan,South Africa,Sharjah Cricket Stadium
858491,2015-04-24,T20I,Pakistan,Bangladesh,Shere Bangla National Stadium
868723,2015-05-22,T20I,Zimbabwe,Pakistan,Gaddafi Stadium
856117,2015-05-23,T20I,West Indies,Sri Lanka,R Premadasa Stadium
868725,2015-05-24,T20I,Zimbabwe,Pakistan,Gaddafi Stadium
856119,2015-05-25,T20I,Sri Lanka,West Indies,R Premadasa Stadium
856121,2015-05-26,T20I,Sri Lanka,West Indies,R Premadasa Stadium
889463,2015-06-20,T20I,Ireland,Scotland,"Bready Cricket Club, Magheramason"
743953,2015-06-23,T20I,England,New Zealand,Old Trafford
883343,2015-07-01,T20I,Netherlands,Nepal,VRA Ground
883345,2015-07-02,T20I,Netherlands,Nepal,Hazelaarweg
817203,2015-07-05,T20I,South Africa,Bangladesh,Shere Bangla National Stadium
817205,2015-07-07,T20I,South Africa,Bangladesh,Shere Bangla National Stadium
875457,2015-07-09,T20I,United Arab Emirates,Scotland,"Grange Cricket Club Ground, Raeburn Place"
875471,2015-07-11,T20I,Netherlands,Scotland,"Grange Cricket Club Ground, Raeburn Place"
875481,2015-07-12,T20I,United Arab Emirates,Netherlands,"Grange Cricket Club Ground, Raeburn Place"
875491,2015-07-13,T20I,Nepal,Ireland,"Civil Service Cricket Club, Stormont"
875501,2015-07-15,T20I,Ireland,Papua New Guinea,"Civil Service Cricket Club, Stormont"
875507,2015-07-15,T20I,Nepal,Hong Kong,"Civil Service Cricket Club, Stormont"
875513,2015-07-17,T20I,Nepal,Papua New Guinea,"The Village, Malahide"
875521,2015-07-17,T20I,Hong Kong,Ireland,"The Village, Malahide"
885969,2015-07-17,T20I,India,Zimbabwe,Harare Sports Club
885971,2015-07-19,T20I,Zimbabwe,India,Harare Sports Club
875549,2015-07-25,T20I,Hong Kong,Scotland,"The Village, Malahide"
875553,2015-07-25,T20I,Ireland,Netherlands,"The Village, Malahide"
860279,2015-07-30,T20I,Pakistan,Sri Lanka,R Premadasa Stadium
860281,2015-08-01,T20I,Sri Lanka,Pakistan,R Premadasa Stadium
894293,2015-08-09,T20I,New Zealand,Zimbabwe,Harare Sports Club
848839,2015-08-14,T20I,New Zealand,South Africa,Kingsmead
848841,2015-08-16,T20I,New Zealand,South Africa,SuperSport Park
798615,2015-08-19,T20I,Australia,Ireland,YMCA Cricket Club
798619,2015-08-21,T20I,Australia,Ireland,YMCA Cricket Club
798621,2015-08-22,T20I,Australia,Ireland,YMCA Cricket Club
798377,2015-08-26,T20I,Australia,England,County Ground
798379,2015-08-28,T20I,Australia,England,County Ground
743975,2015-08-31,T20I,England,Australia,Sophia Gardens
919603,2015-09-27,T20I,Pakistan,Zimbabwe,Harare Sports Club
919605,2015-09-29,T20I,Pakistan,Zimbabwe,Harare Sports Club
923321,2015-09-30,T20I,Pakistan,Bangladesh,Southend Club Cricket Stadium
923323,2015-10-01,T20I,Pakistan,Bangladesh,Southend Club Cricket Stadium
903587,2015-10-02,T20I,India,South Africa,Himachal Pradesh Cricket Association Stadium
903589,2015-10-05,T20I,India,South Africa,Barabati Stadium
892043,2015-10-29,T20I,Pakistan,West Indies,"National Cricket Stadium, St George's"
915783,2015-11-09,T20I,Sri Lanka,West Indies,Pallekele International Cricket Stadium
915785,2015-11-11,T20I,West Indies,Sri Lanka,R Premadasa Stadium
931396,2015-11-13,T20I,Zimbabwe,Bangladesh,Shere Bangla National Stadium
931398,2015-11-15,T20I,Bangladesh,Zimbabwe,Shere Bangla National Stadium
930575,2015-11-21,T20I,Hong Kong,Oman,Sheikh Zayed Stadium
930573,2015-11-22,T20I,Oman,United Arab Emirates,Sheikh Zayed Stadium
930577,2015-11-25,T20I,Oman,Hong Kong,Sheikh Zayed Stadium
902649,2015-11-26,T20I,England,Pakistan,Dubai International Cricket Stadium
930579,2015-11-26,T20I,Oman,Hong Kong,Sheikh Zayed Stadium
902651,2015-11-27,T20I,England,Pakistan,Dubai International Cricket Stadium
902653,2015-11-30,T20I,England,Pakistan,Sharjah Cricket Stadium
881755,2015-12-05,T20I,Bangladesh,Ireland,Terdthai Cricket Ground
914217,2016-01-07,T20I,New Zealand,Sri Lanka,Bay Oval
914219,2016-01-10,T20I,Sri Lanka,New Zealand,Eden Park
914221,2016-01-15,T20I,Pakistan,New Zealand,Eden Park
958415,2016-01-15,T20I,Zimbabwe,Bangladesh,Sheikh Abu Naser Stadium
914223,2016-01-17,T20I,Pakistan,New Zealand,Seddon Park
958417,2016-01-17,T20I,Bangladesh,Zimbabwe,Sheikh Abu Naser Stadium
958419,2016-01-20,T20I,Zimbabwe,Bangladesh,Sheikh Abu Naser Stadium
914225,2016-01-22,T20I,New Zealand,Pakistan,Westpac Stadium
958421,2016-01-22,T20I,Zimbabwe,Bangladesh,Sheikh Abu Naser Stadium
895817,2016-01-26,T20I,India,Australia,Adelaide Oval
895789,2016-01-29,T20I,Australia,India,Melbourne Cricket Ground
953103,2016-01-30,T20I,Scotland,Hong Kong,"Mission Road Ground, Mong Kok"
895791,2016-01-31,T20I,Australia,India,Sydney Cricket Ground
953105,2016-01-31,T20I,Scotland,Hong Kong,"Mission Road Ground, Mong Kok"
967081,2016-02-03,T20I,Netherlands,United Arab Emirates,ICC Academy
966373,2016-02-04,T20I,United Arab Emirates,Scotland,ICC Academy
954735,2016-02-07,T20I,Ireland,Papua New Guinea,Tony Ireland Stadium
954737,2016-02-09,T20I,Papua New Guinea,Ireland,Tony Ireland Stadium
963697,2016-02-09,T20I,India,Sri Lanka,Maharashtra Cricket Association Stadium
963699,2016-02-12,T20I,India,Sri Lanka,JSCA International Stadium Complex
954741,2016-02-14,T20I,Ireland,United Arab Emirates,Sheikh Zayed Stadium
963701,2016-02-14,T20I,Sri Lanka,India,Dr. Y.S. Rajasekhara Reddy ACA-VDCA Cricket Stadium
954743,2016-02-16,T20I,United Arab Emirates,Ireland,Sheikh Zayed Stadium
907381,2016-02-18,T20I,England,South Africa,Boland Park
800479,2016-02-19,T20I,England,South Africa,Newlands
966735,2016-02-19,T20I,Oman,Hong Kong,Khan Shaheb Osman Ali Stadium
800481,2016-02-21,T20I,England,South Africa,New Wanderers Stadium
966739,2016-02-21,T20I,Hong Kong,United Arab Emirates,Khan Shaheb Osman Ali Stadium
966743,2016-02-22,T20I,United Arab Emirates,Oman,Shere Bangla National Stadium
966745,2016-02-24,T20I,India,Bangladesh,Shere Bangla National Stadium
966747,2016-02-25,T20I,Sri Lanka,United Arab Emirates,Shere Bangla National Stadium
966749,2016-02-26,T20I,Bangladesh,United Arab Emirates,Shere Bangla National Stadium
966751,2016-02-27,T20I,Pakistan,India,Shere Bangla National Stadium
966753,2016-02-28,T20I,Bangladesh,Sri Lanka,Shere Bangla National Stadium
966755,2016-02-29,T20I,United Arab Emirates,Pakistan,Shere Bangla National Stadium
966757,2016-03-01,T20I,Sri Lanka,India,Shere Bangla National Stadium
966759,2016-03-02,T20I,Pakistan,Bangladesh,Shere Bangla National Stadium
966761,2016-03-03,T20I,United Arab Emirates,India,Shere Bangla National Stadium
884347,2016-03-04,T20I,Australia,South Africa,Kingsmead
907395,2016-03-04,T20I,South Africa,West Indies,Kingsmead
966763,2016-03-04,T20I,Sri Lanka,Pakistan,Shere Bangla National Stadium
884349,2016-03-06,T20I,South Africa,Australia,New Wanderers Stadium
966765,2016-03-06,T20I,Bangladesh,India,Shere Bangla National Stadium
951305,2016-03-08,T20I,Zimbabwe,Hong Kong,"Vidarbha Cricket Association Stadium, Jamtha"
884351,2016-03-09,T20I,South Africa,Australia,Newlands
907399,2016-03-09,T20I,South Africa,West Indies,Newlands
951309,2016-03-09,T20I,Bangladesh,Netherlands,Himachal Pradesh Cricket Association Stadium
951311,2016-03-09,T20I,Ireland,Oman,Himachal Pradesh Cricket Association Stadium
951313,2016-03-10,T20I,Zimbabwe,Scotland,"Vidarbha Cricket Association Stadium, Jamtha"
951319,2016-03-11,T20I,Bangladesh,Ireland,Himachal Pradesh Cricket Association Stadium
951323,2016-03-12,T20I,Hong Kong,Scotland,"Vidarbha Cricket Association Stadium, Jamtha"
951325,2016-03-13,T20I,Netherlands,Ireland,Himachal Pradesh Cricket Association Stadium
951327,2016-03-13,T20I,Bangladesh,Oman,Himachal Pradesh Cricket Association Stadium
951329,2016-03-15,T20I,New Zealand,India,"Vidarbha Cricket Association Stadium, Jamtha"
951375,2016-03-15,T20I,India,Bangladesh,M Chinnaswamy Stadium
951377,2016-03-15,T20I,Sri Lanka,New Zealand,Feroz Shah Kotla
951331,2016-03-16,T20I,England,West Indies,Wankhede Stadium
951333,2016-03-16,T20I,Pakistan,Bangladesh,Eden Gardens
951379,2016-03-16,T20I,West Indies,Pakistan,"MA Chidambaram Stadium, Chepauk"
951381,2016-03-17,T20I,England,Bangladesh,M Chinnaswamy Stadium
951337,2016-03-18,T20I,New Zealand,Australia,Himachal Pradesh Cricket Association Stadium
951339,2016-03-18,T20I,South Africa,England,Wankhede Stadium
951383,2016-03-18,T20I,New Zealand,Ireland,"Punjab Cricket Association IS Bindra Stadium, Mohali"
951385,2016-03-18,T20I,South Africa,Australia,"Vidarbha Cricket Association Stadium, Jamtha"
951341,2016-03-19,T20I,Pakistan,India,Eden Gardens
951345,2016-03-20,T20I,Sri Lanka,West Indies,M Chinnaswamy Stadium
951389,2016-03-20,T20I,West Indies,Bangladesh,"MA Chidambaram Stadium, Chepauk"
951391,2016-03-20,T20I,Sri Lanka,Ireland,"Punjab Cricket Association IS Bindra Stadium, Mohali"
951347,2016-03-21,T20I,Bangladesh,Australia,M Chinnaswamy Stadium
951393,2016-03-21,T20I,Australia,New Zealand,"Vidarbha Cricket Association Stadium, Jamtha"
951349,2016-03-22,T20I,New Zealand,Pakistan,"Punjab Cricket Association IS Bindra Stadium, Mohali"
951395,2016-03-22,T20I,India,England,Himachal Pradesh Cricket Association Stadium
951353,2016-03-23,T20I,India,Bangladesh,M Chinnaswamy Stadium
951397,2016-03-23,T20I,South Africa,Ireland,"MA Chidambaram Stadium, Chepauk"
951399,2016-03-24,T20I,West Indies,England,Himachal Pradesh Cricket Association Stadium
951401,2016-03-24,T20I,Sri Lanka,Australia,Feroz Shah Kotla
951403,2016-03-24,T20I,Bangladesh,Pakistan,Feroz Shah Kotla
951355,2016-03-25,T20I,Australia,Pakistan,"Punjab Cricket Association IS Bindra Stadium, Mohali"
951357,2016-03-25,T20I,South Africa,West Indies,"Vidarbha Cricket Association Stadium, Jamtha"
951359,2016-03-26,T20I,New Zealand,Bangladesh,Eden Gardens
951361,2016-03-26,T20I,England,Sri Lanka,Feroz Shah Kotla
951405,2016-03-26,T20I,Ireland,Australia,Feroz Shah Kotla
951407,2016-03-26,T20I,South Africa,New Zealand,M Chinnaswamy Stadium
951363,2016-03-27,T20I,Australia,India,"Punjab Cricket Association IS Bindra Stadium, Mohali"
951409,2016-03-27,T20I,West Indies,India,"Punjab Cricket Association IS Bindra Stadium, Mohali"
951411,2016-03-27,T20I,England,Pakistan,"MA Chidambaram Stadium, Chepauk"
951367,2016-03-28,T20I,Sri Lanka,South Africa,Feroz Shah Kotla
951369,2016-03-30,T20I,New Zealand,England,Feroz Shah Kotla
951415,2016-03-30,T20I,Australia,England,Feroz Shah Kotla
951371,2016-03-31,T20I,India,West Indies,Wankhede Stadium
951417,2016-03-31,T20I,West Indies,New Zealand,Wankhede Stadium
951373,2016-04-03,T20I,England,West Indies,Eden Gardens
951419,2016-04-03,T20I,Australia,West Indies,Eden Gardens
1007655,2016-06-18,T20I,Zimbabwe,India,Harare Sports Club
1007657,2016-06-20,T20I,Zimbabwe,India,Harare Sports Club
1007659,2016-06-22,T20I,India,Zimbabwe,Harare Sports Club
946551,2016-07-03,T20I,England,Pakistan,County Ground
913633,2016-07-05,T20I,Sri Lanka,England,The Rose Bowl
946553,2016-07-05,T20I,England,Pakistan,The Rose Bowl
946555,2016-07-07,T20I,England,Pakistan,County Ground
1041615,2016-08-27,T20I,West Indies,India,Central Broward Regional Park Stadium Turf Ground
1041617,2016-08-28,T20I,West Indies,India,Central Broward Regional Park Stadium Turf Ground
1004729,2016-09-05,T20I,Hong Kong,Ireland,"Bready Cricket Club, Magheramason"
962023,2016-09-05,T20I,Ireland,Bangladesh,"Bready Cricket Club, Magheramason"
995467,2016-09-06,T20I,Australia,Sri Lanka,Pallekele International Cricket Stadium
913663,2016-09-07,T20I,England,Pakistan,Old Trafford
995469,2016-09-09,T20I,Sri Lanka,Australia,R Premadasa Stadium
1050217,2016-09-23,T20I,West Indies,Pakistan,Dubai International Cricket Stadium
1050219,2016-09-24,T20I,Pakistan,West Indies,Dubai International Cricket Stadium
1044211,2016-09-27,T20I,Sri Lanka,Australia,Sinhalese Sports Club Ground
1050221,2016-09-27,T20I,West Indies,Pakistan,Sheikh Zayed Stadium
1050615,2016-11-21,T20I,New Zealand,Pakistan,Saxton Oval
1065348,2016-12-04,T20I,India,Pakistan,Asian Institute of Technology Ground
1019979,2017-01-03,T20I,Bangladesh,New Zealand,McLean Park
1019981,2017-01-06,T20I,New Zealand,Bangladesh,Bay Oval
1019983,2017-01-08,T20I,New Zealand,Bangladesh,Bay Oval
1074957,2017-01-14,T20I,Scotland,Hong Kong,Sheikh Zayed Stadium
1074959,2017-01-15,T20I,Oman,Netherlands,Sheikh Zayed Stadium
1074961,2017-01-16,T20I,Hong Kong,Oman,Sheikh Zayed Stadium
1074964,2017-01-17,T20I,Scotland,Netherlands,Sheikh Zayed Stadium
1074965,2017-01-18,T20I,Ireland,United Arab Emirates,Dubai International Cricket Stadium
1074966,2017-01-18,T20I,Hong Kong,Netherlands,Dubai International Cricket Stadium
1074968,2017-01-19,T20I,Oman,Scotland,Dubai International Cricket Stadium
1074970,2017-01-20,T20I,Ireland,Scotland,Dubai International Cricket Stadium
936153,2017-01-20,T20I,South Africa,Sri Lanka,SuperSport Park
936155,2017-01-22,T20I,South Africa,Sri Lanka,New Wanderers Stadium
936157,2017-01-25,T20I,South Africa,Sri Lanka,Newlands
1034825,2017-01-26,T20I,India,England,Green Park
1034827,2017-01-29,T20I,India,England,"Vidarbha Cricket Association Stadium, Jamtha"
1034829,2017-02-01,T20I,India,England,M Chinnaswamy Stadium
1001349,2017-02-17,T20I,Australia,Sri Lanka,Melbourne Cricket Ground
1020029,2017-02-17,T20I,South Africa,New Zealand,Eden Park
1043989,2017-02-17,T20I,Australia,New Zealand,Melbourne Cricket Ground
1001351,2017-02-19,T20I,Australia,Sri Lanka,"Simonds Stadium, South Geelong"
1043991,2017-02-19,T20I,New Zealand,Australia,"Simonds Stadium, South Geelong"
1001353,2017-02-22,T20I,Australia,Sri Lanka,Adelaide Oval
1043993,2017-02-22,T20I,New Zealand,Australia,Adelaide Oval
1077947,2017-03-26,T20I,West Indies,Pakistan,"Kensington Oval, Bridgetown"
1077948,2017-03-30,T20I,Pakistan,West Indies,"Queen's Park Oval, Port of Spain"
1085495,2017-04-01,T20I,Pakistan,West Indies,"Queen's Park Oval, Port of Spain"
1085496,2017-04-02,T20I,West Indies,Pakistan,"Queen's Park Oval, Port of Spain"
1083449,2017-04-04,T20I,Bangladesh,Sri Lanka,R Premadasa Stadium
1083450,2017-04-06,T20I,Bangladesh,Sri Lanka,R Premadasa Stadium
1089202,2017-04-12,T20I,Papua New Guinea,United Arab Emirates,Sheikh Zayed Stadium
1089203,2017-04-14,T20I,United Arab Emirates,Papua New Guinea,Sheikh Zayed Stadium
1031431,2017-06-21,T20I,South Africa,England,The Rose Bowl
1031433,2017-06-23,T20I,South Africa,England,County Ground
1031435,2017-06-25,T20I,England,South Africa,Sophia Gardens
1098211,2017-07-09,T20I,India,West Indies,"Sabina Park, Kingston"
1109610,2017-09-06,T20I,Sri Lanka,India,"R.Premadasa Stadium, Khettarama"
1117821,2017-09-12,T20I,Pakistan,ICC World XI,Gaddafi Stadium
1117822,2017-09-13,T20I,Pakistan,ICC World XI,Gaddafi Stadium
1117824,2017-09-15,T20I,Pakistan,ICC World XI,Gaddafi Stadium
1031665,2017-09-16,T20I,West Indies,England,Riverside Ground
1119501,2017-10-07,T20I,Australia,India,JSCA International Stadium Complex
1119502,2017-10-10,T20I,India,Australia,Barsapara Cricket Stadium
1122902,2017-10-21,T20I,West Indies,Sri Lanka,Coolidge Cricket Ground
1075507,2017-10-26,T20I,South Africa,Bangladesh,Mangaung Oval
1120291,2017-10-26,T20I,Sri Lanka,Pakistan,Sheikh Zayed Stadium
1120292,2017-10-27,T20I,Sri Lanka,Pakistan,Sheikh Zayed Stadium
1075508,2017-10-29,T20I,South Africa,Bangladesh,Senwes Park
1120293,2017-10-29,T20I,Pakistan,Sri Lanka,Gaddafi Stadium
1120093,2017-11-01,T20I,India,New Zealand,Arun Jaitley Stadium
1120094,2017-11-04,T20I,New Zealand,India,Saurashtra Cricket Association Stadium
1120095,2017-11-07,T20I,India,New Zealand,Greenfield International Stadium
1122908,2017-11-09,T20I,New Zealand,Pakistan,Sharjah Cricket Stadium
1122909,2017-11-12,T20I,New Zealand,Pakistan,Sharjah Cricket Stadium
1122910,2017-11-14,T20I,Pakistan,New Zealand,Sharjah Cricket Stadium
1086067,2017-11-17,T20I,England,Australia,North Sydney Oval
1086068,2017-11-19,T20I,England,Australia,Manuka Oval
1086069,2017-11-21,T20I,Australia,England,Manuka Oval
1122729,2017-12-20,T20I,India,Sri Lanka,Barabati Stadium
1122730,2017-12-22,T20I,India,Sri Lanka,Holkar Cricket Stadium
1122731,2017-12-24,T20I,Sri Lanka,India,Wankhede Stadium
1115798,2017-12-29,T20I,New Zealand,West Indies,Saxton Oval
1115799,2018-01-01,T20I,New Zealand,West Indies,Bay Oval
1115800,2018-01-03,T20I,New Zealand,West Indies,Bay Oval
1115807,2018-01-22,T20I,Pakistan,New Zealand,Westpac Stadium
1115808,2018-01-25,T20I,Pakistan,New Zealand,Eden Park
1115809,2018-01-28,T20I,Pakistan,New Zealand,Bay Oval
1072316,2018-02-03,T20I,New Zealand,Australia,Sydney Cricket Ground
1072317,2018-02-07,T20I,England,Australia,Bellerive Oval
1072318,2018-02-10,T20I,England,Australia,Melbourne Cricket Ground
1072319,2018-02-13,T20I,New Zealand,England,Westpac Stadium
1123206,2018-02-13,T20I,South Africa,India,Senwes Park
1130746,2018-02-15,T20I,Bangladesh,Sri Lanka,"Shere Bangla National Stadium, Mirpur"
1072320,2018-02-16,T20I,New Zealand,Australia,Eden Park
1123207,2018-02-16,T20I,South Africa,India,Buffalo Park
1072321,2018-02-18,T20I,England,New Zealand,Seddon Park
1122285,2018-02-18,T20I,India,South Africa,The Wanderers Stadium
1130747,2018-02-18,T20I,Sri Lanka,Bangladesh,Sylhet International Cricket Stadium
1072322,2018-02-21,T20I,New Zealand,Australia,Eden Park
1122286,2018-02-21,T20I,India,South Africa,SuperSport Park
1122287,2018-02-24,T20I,India,South Africa,Newlands
1133817,2018-03-06,T20I,India,Sri Lanka,"R.Premadasa Stadium, Khettarama"
1133818,2018-03-08,T20I,Bangladesh,India,"R.Premadasa Stadium, Khettarama"
1133819,2018-03-10,T20I,Sri Lanka,Bangladesh,"R.Premadasa Stadium, Khettarama"
1133820,2018-03-12,T20I,Sri Lanka,India,"R.Premadasa Stadium, Khettarama"
1133821,2018-03-14,T20I,India,Bangladesh,"R.Premadasa Stadium, Khettarama"
1138194,2018-03-14,T20I,New Zealand,West Indies,Bay Oval
1133822,2018-03-16,T20I,Sri Lanka,Bangladesh,"R.Premadasa Stadium, Khettarama"
1138195,2018-03-16,T20I,New Zealand,West Indies,Bay Oval
1133823,2018-03-18,T20I,Bangladesh,India,"R.Premadasa Stadium, Khettarama"
1138196,2018-03-20,T20I,New Zealand,West Indies,Pukekura Park
1131235,2018-03-22,T20I,India,Australia,Brabourne Stadium
1131236,2018-03-23,T20I,Australia,England,Brabourne Stadium
1131237,2018-03-25,T20I,India,England,Brabourne Stadium
1138198,2018-03-25,T20I,West Indies,New Zealand,Seddon Park
1131238,2018-03-26,T20I,Australia,India,Brabourne Stadium
1131239,2018-03-28,T20I,England,Australia,Brabourne Stadium
1138202,2018-03-28,T20I,Sri Lanka,Pakistan,Sinhalese Sports Club Ground
1131240,2018-03-29,T20I,England,India,Brabourne Stadium
1138203,2018-03-30,T20I,Pakistan,Sri Lanka,Nondescripts Cricket Club Ground
1131241,2018-03-31,T20I,Australia,England,Brabourne Stadium
1140069,2018-04-01,T20I,Pakistan,West Indies,National Stadium
1140070,2018-04-02,T20I,Pakistan,West Indies,National Stadium
1140071,2018-04-03,T20I,West Indies,Pakistan,National Stadium
1144441,2018-05-19,T20I,South Africa,Bangladesh,Mangaung Oval
1144442,2018-05-20,T20I,South Africa,Bangladesh,Mangaung Oval
1141232,2018-05-31,T20I,West Indies,ICC World XI,Lord's
1148048,2018-06-03,T20I,India,Malaysia,Kinrara Academy Oval
1148050,2018-06-03,T20I,Thailand,Pakistan,Kinrara Academy Oval
1148051,2018-06-04,T20I,Pakistan,Bangladesh,Kinrara Academy Oval
1148052,2018-06-04,T20I,India,Thailand,Royal Selangor Club
1148053,2018-06-04,T20I,Sri Lanka,Malaysia,Royal Selangor Club
1145890,2018-06-06,T20I,Ireland,New Zealand,YMCA Cricket Club
1148054,2018-06-06,T20I,Pakistan,Sri Lanka,Kinrara Academy Oval
1148055,2018-06-06,T20I,Malaysia,Thailand,Royal Selangor Club
1148056,2018-06-06,T20I,India,Bangladesh,Kinrara Academy Oval
1148057,2018-06-07,T20I,Thailand,Bangladesh,Kinrara Academy Oval
1148058,2018-06-07,T20I,Pakistan,Malaysia,Royal Selangor Club
1148059,2018-06-07,T20I,Sri Lanka,India,Royal Selangor Club
1148060,2018-06-09,T20I,Pakistan,India,Kinrara Academy Oval
1148061,2018-06-09,T20I,Sri Lanka,Thailand,Royal Selangor Club
1148062,2018-06-09,T20I,Bangladesh,Malaysia,Kinrara Academy Oval
1148063,2018-06-10,T20I,India,Bangladesh,Kinrara Academy Oval
1127300,2018-06-12,T20I,Pakistan,Scotland,"Grange Cricket Club, Raeburn Place"
1142501,2018-06-12,T20I,Netherlands,Ireland,Hazelaarweg
1127301,2018-06-13,T20I,Pakistan,Scotland,"Grange Cricket Club, Raeburn Place"
1142502,2018-06-13,T20I,Ireland,Netherlands,Hazelaarweg
1142503,2018-06-16,T20I,Ireland,Scotland,Sportpark Het Schootsveld
1142504,2018-06-17,T20I,Scotland,Ireland,Sportpark Het Schootsveld
1142505,2018-06-19,T20I,Netherlands,Scotland,VRA Ground
1126720,2018-06-20,T20I,New Zealand,South Africa,The Cooper Associates County Ground
1126721,2018-06-20,T20I,England,South Africa,The Cooper Associates County Ground
1142506,2018-06-20,T20I,Scotland,Netherlands,VRA Ground
1126722,2018-06-23,T20I,England,South Africa,The Cooper Associates County Ground
1126723,2018-06-23,T20I,England,New Zealand,The Cooper Associates County Ground
1119542,2018-06-27,T20I,England,Australia,Edgbaston
1140992,2018-06-27,T20I,India,Ireland,"The Village, Malahide"
1126724,2018-06-28,T20I,South Africa,New Zealand,County Ground
1126725,2018-06-28,T20I,New Zealand,England,County Ground
1145894,2018-06-28,T20I,Ireland,Bangladesh,YMCA Cricket Club
1140993,2018-06-29,T20I,India,Ireland,"The Village, Malahide"
1145895,2018-06-29,T20I,Ireland,Bangladesh,"The Village, Malahide, Dublin"
1126726,2018-07-01,T20I,New Zealand,England,County Ground
1142913,2018-07-01,T20I,Pakistan,Zimbabwe,Harare Sports Club
1145896,2018-07-01,T20I,Bangladesh,Ireland,"Pembroke Cricket Club, Sandymount"
1142914,2018-07-02,T20I,Pakistan,Australia,Harare Sports Club
1119543,2018-07-03,T20I,England,India,Old Trafford
1142915,2018-07-03,T20I,Australia,Zimbabwe,Harare Sports Club
1142916,2018-07-04,T20I,Zimbabwe,Pakistan,Harare Sports Club
1142917,2018-07-05,T20I,Pakistan,Australia,Harare Sports Club
1119544,2018-07-06,T20I,India,England,Sophia Gardens
1142918,2018-07-06,T20I,Zimbabwe,Australia,Harare Sports Club
1147717,2018-07-07,T20I,Thailand,Ireland,Sportpark Maarschalkerweerd
1147718,2018-07-07,T20I,Uganda,Scotland,VRA Ground
1147719,2018-07-07,T20I,Netherlands,United Arab Emirates,Sportpark Maarschalkerweerd
1147720,2018-07-07,T20I,Papua New Guinea,Bangladesh,VRA Ground
1119545,2018-07-08,T20I,England,India,County Ground
1142919,2018-07-08,T20I,Australia,Pakistan,Harare Sports Club
1147722,2018-07-08,T20I,Scotland,Ireland,VRA Ground
1147723,2018-07-08,T20I,Netherlands,Bangladesh,Sportpark Maarschalkerweerd
1147724,2018-07-08,T20I,United Arab Emirates,Papua New Guinea,VRA Ground
1147725,2018-07-10,T20I,Scotland,Thailand,Sportpark Maarschalkerweerd
1147726,2018-07-10,T20I,Uganda,Ireland,VRA Ground
1147727,2018-07-10,T20I,United Arab Emirates,Bangladesh,Sportpark Maarschalkerweerd
1147728,2018-07-10,T20I,Papua New Guinea,Netherlands,VRA Ground
1147729,2018-07-12,T20I,Ireland,Papua New Guinea,VRA Ground
1147730,2018-07-12,T20I,Netherlands,Uganda,Sportpark Maarschalkerweerd
1147731,2018-07-12,T20I,Bangladesh,Scotland,VRA Ground
1147732,2018-07-12,T20I,United Arab Emirates,Thailand,Sportpark Maarschalkerweerd
1147733,2018-07-14,T20I,Netherlands,United Arab Emirates,VRA Ground
1147734,2018-07-14,T20I,Papua New Guinea,Scotland,Sportpark Maarschalkerweerd
1147735,2018-07-14,T20I,Thailand,Uganda,VRA Ground
1147736,2018-07-14,T20I,Bangladesh,Ireland,Sportpark Maarschalkerweerd
1141835,2018-07-29,T20I,Netherlands,Nepal,Lord's
1146723,2018-07-31,T20I,Bangladesh,West Indies,"Warner Park, Basseterre"
1146724,2018-08-04,T20I,Bangladesh,West Indies,Central Broward Regional Park Stadium Turf Ground
1146725,2018-08-05,T20I,Bangladesh,West Indies,Central Broward Regional Park Stadium Turf Ground
1142589,2018-08-14,T20I,South Africa,Sri Lanka,"R.Premadasa Stadium, Khettarama"
1158344,2018-08-20,T20I,Botswana,Lesotho,Botswana Cricket Association Oval 1
1158345,2018-08-20,T20I,Malawi,Namibia,Botswana Cricket Association Oval 2
1158348,2018-08-21,T20I,Sierra Leone,Namibia,Botswana Cricket Association Oval 1
1158349,2018-08-21,T20I,Mozambique,Lesotho,Botswana Cricket Association Oval 2
1158350,2018-08-21,T20I,Mozambique,Botswana,Botswana Cricket Association Oval 1
1158352,2018-08-23,T20I,Botswana,Sierra Leone,Botswana Cricket Association Oval 1
1158353,2018-08-23,T20I,Mozambique,Namibia,Botswana Cricket Association Oval 2
1158354,2018-08-23,T20I,Namibia,Lesotho,"Botswana Cricket Association Oval 1, Gaborone"
1158355,2018-08-23,T20I,Sierra Leone,Malawi,Botswana Cricket Association Oval 2
1158356,2018-08-24,T20I,Sierra Leone,Lesotho,Botswana Cricket Association Oval 1
1158358,2018-08-24,T20I,Botswana,Namibia,Botswana Cricket Association Oval 1
1158359,2018-08-25,T20I,Lesotho,Malawi,Botswana Cricket Association Oval 1
1158361,2018-08-25,T20I,Sierra Leone,Namibia,Botswana Cricket Association Oval 1
1157710,2018-09-21,T20I,Sri Lanka,India,Colts Cricket Club Ground
1157711,2018-09-22,T20I,Sri Lanka,India,Colombo Cricket Club Ground
1157712,2018-09-24,T20I,Sri Lanka,India,Colombo Cricket Club Ground
1157713,2018-09-25,T20I,India,Sri Lanka,Chilaw Marians Cricket Club Ground
1156216,2018-09-28,T20I,South Africa,West Indies,"Brian Lara Stadium, Tarouba"
1144978,2018-09-29,T20I,New Zealand,Australia,North Sydney Oval
1144979,2018-10-01,T20I,New Zealand,Australia,Allan Border Field
1156218,2018-10-04,T20I,West Indies,South Africa,"Brian Lara Stadium, Tarouba"
1144980,2018-10-05,T20I,New Zealand,Australia,Manuka Oval
1156219,2018-10-06,T20I,West Indies,South Africa,"Brian Lara Stadium, Tarouba"
1144149,2018-10-09,T20I,South Africa,Zimbabwe,Buffalo Park
1144150,2018-10-12,T20I,Zimbabwe,South Africa,Senwes Park
1162727,2018-10-22,T20I,United Arab Emirates,Australia,Tolerance Oval
1157372,2018-10-24,T20I,Pakistan,Australia,Sheikh Zayed Stadium
1161231,2018-10-25,T20I,Australia,Pakistan,Kinrara Academy Oval
1157373,2018-10-26,T20I,Pakistan,Australia,Dubai International Cricket Stadium
1140384,2018-10-27,T20I,England,Sri Lanka,"R.Premadasa Stadium, Khettarama"
1161232,2018-10-27,T20I,Pakistan,Australia,Kinrara Academy Oval
1157374,2018-10-28,T20I,Pakistan,Australia,Dubai International Cricket Stadium
1161233,2018-10-29,T20I,Pakistan,Australia,Kinrara Academy Oval
1157375,2018-10-31,T20I,Pakistan,New Zealand,Sheikh Zayed Stadium
1157376,2018-11-02,T20I,New Zealand,Pakistan,Dubai International Cricket Stadium
1157377,2018-11-04,T20I,Pakistan,New Zealand,Dubai International Cricket Stadium
1157759,2018-11-04,T20I,West Indies,India,Eden Gardens
1157760,2018-11-06,T20I,India,West Indies,Bharat Ratna Shri Atal Bihari Vajpayee Ekana Cricket Stadium
1150533,2018-11-09,T20I,India,New Zealand,Providence Stadium
1150534,2018-11-09,T20I,Australia,Pakistan,Providence Stadium
1150535,2018-11-09,T20I,West Indies,Bangladesh,Providence Stadium
1150537,2018-11-11,T20I,Pakistan,India,Providence Stadium
1150538,2018-11-11,T20I,Ireland,Australia,Providence Stadium
1157761,2018-11-11,T20I,West Indies,India,"MA Chidambaram Stadium, Chepauk"
1150539,2018-11-12,T20I,Bangladesh,England,"Daren Sammy National Cricket Stadium, Gros Islet"
1150540,2018-11-12,T20I,Sri Lanka,South Africa,"Daren Sammy National Cricket Stadium, Gros Islet"
1150541,2018-11-13,T20I,Pakistan,Ireland,Providence Stadium
1150542,2018-11-13,T20I,Australia,New Zealand,Providence Stadium
1150543,2018-11-14,T20I,Sri Lanka,Bangladesh,"Daren Sammy National Cricket Stadium, Gros Islet"
1150544,2018-11-14,T20I,West Indies,South Africa,"Daren Sammy National Cricket Stadium, Gros Islet"
1150545,2018-11-15,T20I,India,Ireland,Providence Stadium
1150546,2018-11-15,T20I,New Zealand,Pakistan,Providence Stadium
1150547,2018-11-16,T20I,South Africa,England,"Daren Sammy National Cricket Stadium, Gros Islet"
1150548,2018-11-16,T20I,West Indies,Sri Lanka,"Daren Sammy National Cricket Stadium, Gros Islet"
1144989,2018-11-17,T20I,South Africa,Australia,Carrara Oval
1150549,2018-11-17,T20I,India,Australia,Providence Stadium
1150550,2018-11-17,T20I,Ireland,New Zealand,Providence Stadium
1150551,2018-11-18,T20I,England,West Indies,"Daren Sammy National Cricket Stadium, Gros Islet"
1150552,2018-11-18,T20I,South Africa,Bangladesh,"Daren Sammy National Cricket Stadium, Gros Islet"
1144990,2018-11-21,T20I,Australia,India,"Brisbane Cricket Ground, Woolloongabba"
1150553,2018-11-22,T20I,Australia,West Indies,"Sir Vivian Richards Stadium, North Sound"
1150554,2018-11-22,T20I,India,England,"Sir Vivian Richards Stadium, North Sound"
1144991,2018-11-23,T20I,Australia,India,Melbourne Cricket Ground
1150555,2018-11-24,T20I,England,Australia,"Sir Vivian Richards Stadium, North Sound"
1144992,2018-11-25,T20I,Australia,India,Sydney Cricket Ground
1153317,2018-12-17,T20I,Bangladesh,West Indies,Sylhet International Cricket Stadium
1153318,2018-12-20,T20I,Bangladesh,West Indies,"Shere Bangla National Stadium, Mirpur"
1153319,2018-12-22,T20I,West Indies,Bangladesh,"Shere Bangla National Stadium, Mirpur"
1153843,2019-01-11,T20I,New Zealand,Sri Lanka,Eden Park
1170457,2019-01-31,T20I,United Arab Emirates,Nepal,ICC Academy
1172469,2019-01-31,T20I,West Indies,Pakistan,Southend Club Cricket Stadium
1144161,2019-02-01,T20I,South Africa,Pakistan,Newlands
1168160,2019-02-01,T20I,Sri Lanka,South Africa,Newlands
1170458,2019-02-01,T20I,United Arab Emirates,Nepal,ICC Academy
1172470,2019-02-01,T20I,Pakistan,West Indies,Southend Club Cricket Stadium
1144162,2019-02-03,T20I,South Africa,Pakistan,The Wanderers Stadium
1170459,2019-02-03,T20I,Nepal,United Arab Emirates,ICC Academy
1172471,2019-02-03,T20I,Pakistan,West Indies,Southend Club Cricket Stadium
1144163,2019-02-06,T20I,Pakistan,South Africa,SuperSport Park
1153696,2019-02-06,T20I,New Zealand,India,Westpac Stadium
1168162,2019-02-06,T20I,South Africa,Sri Lanka,SuperSport Park
1153697,2019-02-08,T20I,New Zealand,India,Eden Park
1153698,2019-02-10,T20I,New Zealand,India,Seddon Park
1172505,2019-02-13,T20I,Scotland,Netherlands,Al Amerat Cricket Ground Oman Cricket (Ministry Turf 1)
1172506,2019-02-13,T20I,Ireland,Oman,Al Amerat Cricket Ground Oman Cricket (Ministry Turf 1)
1172507,2019-02-15,T20I,Oman,Netherlands,Al Amerat Cricket Ground Oman Cricket (Ministry Turf 1)
1172508,2019-02-15,T20I,Ireland,Scotland,Al Amerat Cricket Ground Oman Cricket (Ministry Turf 1)
1172509,2019-02-17,T20I,Netherlands,Ireland,Al Amerat Cricket Ground Oman Cricket (Ministry Turf 1)
1172510,2019-02-17,T20I,Oman,Scotland,Al Amerat Cricket Ground Oman Cricket (Ministry Turf 1)
1172910,2019-02-18,T20I,China,Thailand,Terdthai Cricket Ground
1172911,2019-02-18,T20I,Malaysia,Kuwait,Asian Institute of Technology Ground
1172912,2019-02-18,T20I,United Arab Emirates,Hong Kong,Asian Institute of Technology Ground
1172913,2019-02-19,T20I,Nepal,Malaysia,Terdthai Cricket Ground
1172914,2019-02-19,T20I,Hong Kong,China,Terdthai Cricket Ground
1172915,2019-02-19,T20I,United Arab Emirates,Kuwait,Asian Institute of Technology Ground
1172916,2019-02-21,T20I,United Arab Emirates,Malaysia,Terdthai Cricket Ground
1172917,2019-02-21,T20I,Thailand,Nepal,Asian Institute of Technology Ground
1172918,2019-02-21,T20I,Kuwait,China,Asian Institute of Technology Ground
1172919,2019-02-22,T20I,United Arab Emirates,Nepal,Terdthai Cricket Ground
1172920,2019-02-22,T20I,Thailand,Hong Kong,Asian Institute of Technology Ground
1172921,2019-02-22,T20I,Malaysia,China,Terdthai Cricket Ground
1168247,2019-02-24,T20I,India,Australia,Dr. Y.S. Rajasekhara Reddy ACA-VDCA Cricket Stadium
1172922,2019-02-24,T20I,United Arab Emirates,China,Terdthai Cricket Ground
1172923,2019-02-24,T20I,Kuwait,Thailand,Asian Institute of Technology Ground
1172924,2019-02-24,T20I,Hong Kong,Nepal,Asian Institute of Technology Ground
1172925,2019-02-25,T20I,Thailand,Malaysia,Terdthai Cricket Ground
1172926,2019-02-25,T20I,Nepal,China,Terdthai Cricket Ground
1172927,2019-02-25,T20I,Kuwait,Hong Kong,Asian Institute of Technology Ground
1168248,2019-02-27,T20I,India,Australia,M.Chinnaswamy Stadium
1172929,2019-02-27,T20I,Nepal,Kuwait,Asian Institute of Technology Ground
1172930,2019-02-27,T20I,Thailand,United Arab Emirates,Asian Institute of Technology Ground
1172163,2019-03-04,T20I,England,India,Barsapara Cricket Stadium
1158071,2019-03-05,T20I,West Indies,England,"Darren Sammy National Cricket Stadium, St Lucia"
1172164,2019-03-07,T20I,India,England,Barsapara Cricket Stadium
1158072,2019-03-08,T20I,England,West Indies,"Warner Park, St Kitts"
1172165,2019-03-09,T20I,England,India,Barsapara Cricket Stadium
1158073,2019-03-10,T20I,West Indies,England,"Warner Park, St Kitts"
1177484,2019-03-15,T20I,United States of America,United Arab Emirates,ICC Academy
1177485,2019-03-16,T20I,United Arab Emirates,United States of America,ICC Academy
1144172,2019-03-19,T20I,Sri Lanka,South Africa,Newlands
1144173,2019-03-22,T20I,South Africa,Sri Lanka,SuperSport Park
1176792,2019-03-22,T20I,Papua New Guinea,Philippines,Amini Park
1176793,2019-03-22,T20I,Vanuatu,Papua New Guinea,Amini Park
1176794,2019-03-23,T20I,Vanuatu,Philippines,Amini Park
1176795,2019-03-23,T20I,Papua New Guinea,Philippines,Amini Park
1144174,2019-03-24,T20I,South Africa,Sri Lanka,The Wanderers Stadium
1176435,2019-03-24,T20I,Sri Lanka,England,P Sara Oval
1176796,2019-03-24,T20I,Philippines,Vanuatu,Amini Park
1176797,2019-03-24,T20I,Vanuatu,Papua New Guinea,Amini Park
1176436,2019-03-26,T20I,Sri Lanka,England,P Sara Oval
1176437,2019-03-28,T20I,England,Sri Lanka,P Sara Oval
1179016,2019-04-01,T20I,Botswana,Namibia,United Cricket Club Ground
1179610,2019-04-02,T20I,Namibia,Botswana,United Cricket Club Ground
1179017,2019-04-03,T20I,Namibia,Botswana,United Cricket Club Ground
1152840,2019-05-05,T20I,Pakistan,England,Sophia Gardens
1182642,2019-05-05,T20I,Zimbabwe,Mozambique,Old Hararians
1182644,2019-05-05,T20I,Uganda,Sierra Leone,Old Hararians
1182646,2019-05-06,T20I,Mozambique,Nigeria,Old Hararians
1182648,2019-05-06,T20I,Namibia,Uganda,Old Hararians
1182649,2019-05-06,T20I,Zimbabwe,Tanzania,Takashinga Sports Club
1182904,2019-05-06,T20I,Papua New Guinea,Vanuatu,"Ground 1, Independence Park"
1182905,2019-05-06,T20I,Japan,Indonesia,"Ground 2, Independence Park"
1182906,2019-05-06,T20I,Indonesia,Papua New Guinea,"Ground 1, Independence Park"
1182909,2019-05-07,T20I,Fiji,Papua New Guinea,"Ground 2, Independence Park"
1182650,2019-05-08,T20I,Mozambique,Rwanda,Old Hararians
1182652,2019-05-08,T20I,Uganda,Kenya,Old Hararians
1182653,2019-05-08,T20I,Sierra Leone,Namibia,Takashinga Sports Club
1182654,2019-05-09,T20I,Zimbabwe,Rwanda,Old Hararians
1182912,2019-05-09,T20I,Vanuatu,Samoa,"Ground 1, Independence Park"
1182913,2019-05-09,T20I,Japan,Fiji,"Ground 2, Independence Park"
1182914,2019-05-09,T20I,Japan,Papua New Guinea,"Ground 1, Independence Park"
1182916,2019-05-10,T20I,Fiji,Indonesia,"Ground 1, Independence Park"
1182917,2019-05-10,T20I,Japan,Vanuatu,"Ground 2, Independence Park"
1182918,2019-05-10,T20I,Samoa,Papua New Guinea,"Ground 1, Independence Park"
1182656,2019-05-11,T20I,Nigeria,Zimbabwe,Old Hararians
1182657,2019-05-11,T20I,Tanzania,Rwanda,Takashinga Sports Club
1182658,2019-05-12,T20I,Zimbabwe,Namibia,Harare Sports Club
1177018,2019-05-15,T20I,South Africa,Pakistan,LC de Villiers Oval
1177019,2019-05-18,T20I,Pakistan,South Africa,City Oval
1183856,2019-05-18,T20I,United States of America,Canada,Central Broward Regional Park Stadium Turf Ground
1177020,2019-05-19,T20I,South Africa,Pakistan,City Oval
1183857,2019-05-19,T20I,United States of America,Canada,Central Broward Regional Park Stadium Turf Ground
1184258,2019-05-20,T20I,Ghana,Namibia,Kyambogo Cricket Oval
1184260,2019-05-20,T20I,Uganda,Botswana,Lugogo Cricket Oval
1184261,2019-05-21,T20I,Kenya,Ghana,Kyambogo Cricket Oval
1184262,2019-05-21,T20I,Namibia,Uganda,Kyambogo Cricket Oval
1184263,2019-05-21,T20I,Nigeria,Botswana,Lugogo Cricket Oval
1177021,2019-05-22,T20I,Pakistan,South Africa,Willowmoore Park
1184900,2019-05-22,T20I,Nigeria,Ghana,Kyambogo Cricket Oval
1184901,2019-05-22,T20I,Botswana,Namibia,Kyambogo Cricket Oval
1184902,2019-05-22,T20I,Kenya,Uganda,Lugogo Cricket Oval
1177022,2019-05-23,T20I,Pakistan,South Africa,Willowmoore Park
1184266,2019-05-23,T20I,Ghana,Uganda,Kyambogo Cricket Oval
1178996,2019-05-25,T20I,Germany,Italy,Sportpark Maarschalkerweerd
1185154,2019-05-26,T20I,West Indies,Ireland,YMCA Cricket Club
1185155,2019-05-28,T20I,West Indies,Ireland,Sydney Parade
1185156,2019-05-29,T20I,West Indies,Ireland,Sydney Parade
1185181,2019-06-15,T20I,Guernsey,Germany,King George V Sports Ground
1185184,2019-06-16,T20I,Jersey,Denmark,King George V Sports Ground
1185185,2019-06-16,T20I,Italy,Guernsey,College Field
1185186,2019-06-16,T20I,Jersey,Norway,King George V Sports Ground
1185182,2019-06-17,T20I,Denmark,Norway,King George V Sports Ground
1185187,2019-06-18,T20I,Denmark,Guernsey,King George V Sports Ground
1188785,2019-06-18,T20I,Mali,Rwanda,Gahanga International Cricket Stadium. Rwanda
1188786,2019-06-18,T20I,Tanzania,Uganda,Gahanga International Cricket Stadium. Rwanda
1185191,2019-06-19,T20I,Norway,Guernsey,King George V Sports Ground
1185192,2019-06-19,T20I,Jersey,Italy,College Field
1185193,2019-06-19,T20I,Denmark,Germany,King George V Sports Ground
1188784,2019-06-19,T20I,Uganda,Rwanda,Gahanga International Cricket Stadium. Rwanda
1185188,2019-06-20,T20I,Norway,Germany,College Field
1185190,2019-06-20,T20I,Jersey,Germany,College Field
1189743,2019-06-20,T20I,Guernsey,Denmark,King George V Sports Ground
1189744,2019-06-20,T20I,Denmark,Italy,King George V Sports Ground
1168020,2019-06-21,T20I,England,West Indies,County Ground
1188379,2019-06-23,T20I,Netherlands,Zimbabwe,Hazelaarweg
1186488,2019-06-24,T20I,Thailand,Malaysia,Kinrara Academy Oval
1188380,2019-06-25,T20I,Netherlands,Zimbabwe,Hazelaarweg
1186490,2019-06-26,T20I,Thailand,Maldives,Kinrara Academy Oval
1190605,2019-06-26,T20I,Netherlands,Scotland,La Manga Club Top Ground
1186491,2019-06-27,T20I,Thailand,Malaysia,Kinrara Academy Oval
1190606,2019-06-27,T20I,Netherlands,Germany,La Manga Club Top Ground
1190607,2019-06-27,T20I,Scotland,Netherlands,La Manga Club Top Ground
1186492,2019-06-28,T20I,Malaysia,Maldives,Kinrara Academy Oval
1186493,2019-06-29,T20I,Maldives,Thailand,Kinrara Academy Oval
1190608,2019-06-29,T20I,Scotland,Germany,La Manga Club Top Ground
1168521,2019-07-12,T20I,Zimbabwe,Ireland,"Bready Cricket Club, Magheramason"
1192223,2019-07-13,T20I,Malaysia,Nepal,Kinrara Academy Oval
1168522,2019-07-14,T20I,Ireland,Zimbabwe,Bready
1192224,2019-07-14,T20I,Nepal,Malaysia,Kinrara Academy Oval
1190767,2019-07-22,T20I,Singapore,Qatar,Indian Association Ground
1190768,2019-07-22,T20I,Malaysia,Kuwait,Indian Association Ground
1190769,2019-07-23,T20I,Nepal,Qatar,Indian Association Ground
1190771,2019-07-24,T20I,Malaysia,Nepal,Indian Association Ground
1168026,2019-07-26,T20I,Australia,England,County Ground
1190772,2019-07-26,T20I,Kuwait,Qatar,Indian Association Ground
1190773,2019-07-26,T20I,Malaysia,Singapore,Indian Association Ground
1190774,2019-07-27,T20I,Kuwait,Nepal,Indian Association Ground
1190775,2019-07-27,T20I,Malaysia,Qatar,Indian Association Ground
1168027,2019-07-28,T20I,England,Australia,"County Ground, Hove"
1190776,2019-07-28,T20I,Singapore,Nepal,Indian Association Ground
1168028,2019-07-31,T20I,England,Australia,County Ground
1188621,2019-08-03,T20I,West Indies,India,Central Broward Regional Park Stadium Turf Ground
1188622,2019-08-04,T20I,India,West Indies,Central Broward Regional Park Stadium Turf Ground
1191006,2019-08-05,T20I,Netherlands,United Arab Emirates,VRA Ground
1188623,2019-08-06,T20I,West Indies,India,"Providence Stadium, Guyana"
1190744,2019-08-08,T20I,Ireland,Netherlands,Sportpark Het Schootsveld
1191008,2019-08-08,T20I,Netherlands,United Arab Emirates,Sportpark Westvliet
1190746,2019-08-09,T20I,Netherlands,Scotland,Sportpark Het Schootsveld
1190747,2019-08-09,T20I,Thailand,Ireland,Sportpark Het Schootsveld
1190749,2019-08-10,T20I,Scotland,Ireland,Sportpark Het Schootsveld
1190750,2019-08-12,T20I,Thailand,Scotland,Sportpark Het Schootsveld
1190751,2019-08-12,T20I,Ireland,Netherlands,Sportpark Het Schootsveld
1190752,2019-08-13,T20I,Ireland,Thailand,Sportpark Het Schootsveld
1190753,2019-08-13,T20I,Scotland,Netherlands,Sportpark Het Schootsveld
1190754,2019-08-14,T20I,Scotland,Ireland,Sportpark Het Schootsveld
1190755,2019-08-14,T20I,Thailand,Netherlands,Sportpark Het Schootsveld
1197396,2019-08-18,T20I,Bermuda,United States of America,"White Hill Field, Sandys Parish"
1197397,2019-08-18,T20I,Canada,Cayman Islands,"White Hill Field, Sandys Parish"
1197398,2019-08-19,T20I,Bermuda,Canada,National Stadium
1197399,2019-08-19,T20I,Cayman Islands,United States of America,National Stadium
1197507,2019-08-19,T20I,Namibia,Botswana,United Cricket Club Ground
1197508,2019-08-20,T20I,Namibia,Botswana,United Cricket Club Ground
1197400,2019-08-21,T20I,Cayman Islands,Bermuda,"White Hill Field, Sandys Parish"
1197401,2019-08-21,T20I,United States of America,Canada,"White Hill Field, Sandys Parish"
1197402,2019-08-22,T20I,Cayman Islands,Canada,"White Hill Field, Sandys Parish"
1197403,2019-08-22,T20I,United States of America,Bermuda,Bermuda National Stadium
1197509,2019-08-22,T20I,Namibia,Botswana,United Cricket Club Ground
1197510,2019-08-23,T20I,Botswana,Namibia,United Cricket Club Ground
1197404,2019-08-24,T20I,Cayman Islands,United States of America,"White Hill Field, Sandys Parish"
1197406,2019-08-25,T20I,Canada,United States of America,"White Hill Field, Sandys Parish"
1197407,2019-08-25,T20I,Cayman Islands,Bermuda,"White Hill Field, Sandys Parish"
1198217,2019-08-28,T20I,Malaysia,Singapore,Indian Association Ground
1198218,2019-08-29,T20I,Singapore,Malaysia,Indian Association Ground
1198219,2019-08-30,T20I,Malaysia,Singapore,Indian Association Ground
1197049,2019-08-31,T20I,Scotland,United States of America,Forthill
1192875,2019-09-01,T20I,Sri Lanka,New Zealand,Pallekele International Cricket Stadium
1197051,2019-09-01,T20I,Thailand,Namibia,Forthill
1197052,2019-09-01,T20I,Scotland,Papua New Guinea,Lochlands
1197053,2019-09-01,T20I,Ireland,Netherlands,Forthill
1197054,2019-09-01,T20I,United States of America,Bangladesh,Lochlands
1197047,2019-09-02,T20I,Bangladesh,Papua New Guinea,Forthill
1192876,2019-09-03,T20I,Sri Lanka,New Zealand,Pallekele International Cricket Stadium
1197055,2019-09-03,T20I,Thailand,Ireland,Forthill
1197056,2019-09-03,T20I,Namibia,Netherlands,Lochlands
1197057,2019-09-03,T20I,Bangladesh,Scotland,Forthill
1197058,2019-09-03,T20I,Papua New Guinea,United States of America,Lochlands
1197059,2019-09-05,T20I,Ireland,Bangladesh,Forthill
1197061,2019-09-05,T20I,Papua New Guinea,Thailand,Forthill
1197062,2019-09-05,T20I,Namibia,Scotland,Lochlands
1192877,2019-09-06,T20I,Sri Lanka,New Zealand,Pallekele International Cricket Stadium
1196033,2019-09-07,T20I,Nigeria,Rwanda,Gahanga International Cricket Stadium. Rwanda
1197063,2019-09-07,T20I,Papua New Guinea,Ireland,Forthill
1197064,2019-09-07,T20I,Namibia,United States of America,Lochlands
1197065,2019-09-07,T20I,Bangladesh,Thailand,Forthill
1197066,2019-09-07,T20I,Scotland,Netherlands,Lochlands
1197140,2019-09-13,T20I,Zimbabwe,Bangladesh,"Shere Bangla National Stadium, Mirpur"
1198475,2019-09-14,T20I,West Indies,Australia,"Kensington Oval, Barbados"
1198476,2019-09-16,T20I,West Indies,Australia,"Kensington Oval, Barbados"
1200425,2019-09-16,T20I,Scotland,Netherlands,"The Village, Malahide"
1200426,2019-09-17,T20I,Scotland,Ireland,"The Village, Malahide"
1187005,2019-09-18,T20I,South Africa,India,"Punjab Cricket Association IS Bindra Stadium, Mohali"
1197143,2019-09-18,T20I,Bangladesh,Zimbabwe,Zahur Ahmed Chowdhury Stadium
1198477,2019-09-18,T20I,West Indies,Australia,"Kensington Oval, Barbados"
1200427,2019-09-18,T20I,Ireland,Netherlands,"The Village, Malahide"
1197246,2019-09-19,T20I,Japan,South Korea,Yeonhui Cricket Ground
1197247,2019-09-19,T20I,Hong Kong,China,Yeonhui Cricket Ground
1200428,2019-09-19,T20I,Netherlands,Scotland,"The Village, Malahide"
1197248,2019-09-20,T20I,Hong Kong,Japan,Yeonhui Cricket Ground
1197249,2019-09-20,T20I,China,South Korea,Yeonhui Cricket Ground
1187006,2019-09-22,T20I,India,South Africa,M.Chinnaswamy Stadium
1197253,2019-09-22,T20I,China,Hong Kong,Yeonhui Cricket Ground
1198478,2019-09-24,T20I,India,South Africa,Lalabhai Contractor Stadium
1201680,2019-09-27,T20I,Nepal,Zimbabwe,Indian Association Ground
1201681,2019-09-28,T20I,Singapore,Nepal,Indian Association Ground
1183510,2019-09-29,T20I,Australia,Sri Lanka,North Sydney Oval
1201682,2019-09-29,T20I,Singapore,Zimbabwe,Indian Association Ground
1202007,2019-09-29,T20I,Vanuatu,Malaysia,Kinrara Academy Oval
1183511,2019-09-30,T20I,Sri Lanka,Australia,North Sydney Oval
1198481,2019-10-01,T20I,India,South Africa,Lalabhai Contractor Stadium
1201683,2019-10-01,T20I,Zimbabwe,Nepal,Indian Association Ground
1202008,2019-10-01,T20I,Vanuatu,Malaysia,Kinrara Academy Oval
1183512,2019-10-02,T20I,Australia,Sri Lanka,North Sydney Oval
1202009,2019-10-02,T20I,Malaysia,Vanuatu,Kinrara Academy Oval
1201685,2019-10-03,T20I,Singapore,Zimbabwe,Indian Association Ground
1202010,2019-10-03,T20I,Malaysia,Vanuatu,Kinrara Academy Oval
1202366,2019-10-03,T20I,South Africa,India,Lalabhai Contractor Stadium
1198482,2019-10-04,T20I,South Africa,India,Lalabhai Contractor Stadium
1202011,2019-10-04,T20I,Malaysia,Vanuatu,Kinrara Academy Oval
1197521,2019-10-05,T20I,Netherlands,Ireland,Al Amerat Cricket Ground Oman Cricket (Ministry Turf 1)
1198489,2019-10-05,T20I,Sri Lanka,Pakistan,Gaddafi Stadium
1197522,2019-10-06,T20I,Oman,Ireland,Al Amerat Cricket Ground Oman Cricket (Ministry Turf 1)
1197523,2019-10-06,T20I,Hong Kong,Nepal,Al Amerat Cricket Ground Oman Cricket (Ministry Turf 1)
1197524,2019-10-07,T20I,Netherlands,Nepal,Al Amerat Cricket Ground Oman Cricket (Ministry Turf 1)
1197525,2019-10-07,T20I,Ireland,Hong Kong,Al Amerat Cricket Ground Oman Cricket (Ministry Turf 1)
1198490,2019-10-07,T20I,Sri Lanka,Pakistan,Gaddafi Stadium
1197526,2019-10-09,T20I,Ireland,Nepal,Al Amerat Cricket Ground Oman Cricket (Ministry Turf 1)
1197527,2019-10-09,T20I,Netherlands,Oman,Al Amerat Cricket Ground Oman Cricket (Ministry Turf 1)
1198491,2019-10-09,T20I,Sri Lanka,Pakistan,Gaddafi Stadium
1197528,2019-10-10,T20I,Netherlands,Hong Kong,Al Amerat Cricket Ground Oman Cricket (Ministry Turf 1)
1197529,2019-10-10,T20I,Nepal,Oman,Al Amerat Cricket Ground Oman Cricket (Ministry Turf 1)
1199499,2019-10-18,T20I,Singapore,Scotland,ICC Academy
1199500,2019-10-18,T20I,Hong Kong,Ireland,Sheikh Zayed Stadium
1199501,2019-10-18,T20I,Netherlands,Kenya,ICC Academy
1199502,2019-10-18,T20I,United Arab Emirates,Oman,Sheikh Zayed Stadium
1199503,2019-10-19,T20I,Bermuda,Papua New Guinea,ICC Academy
1199504,2019-10-19,T20I,Jersey,Nigeria,Sheikh Zayed Stadium
1199505,2019-10-19,T20I,Netherlands,Namibia,ICC Academy
1199506,2019-10-19,T20I,Scotland,Kenya,ICC Academy Ground No 2
1199507,2019-10-19,T20I,Ireland,United Arab Emirates,Sheikh Zayed Stadium
1199508,2019-10-20,T20I,Papua New Guinea,Namibia,ICC Academy Ground No 2
1199509,2019-10-20,T20I,Canada,Jersey,Tolerance Oval
1199510,2019-10-20,T20I,Bermuda,Singapore,ICC Academy Ground No 2
1199511,2019-10-20,T20I,Hong Kong,Oman,Sheikh Zayed Stadium
1199512,2019-10-21,T20I,Scotland,Papua New Guinea,ICC Academy
1199513,2019-10-21,T20I,Hong Kong,United Arab Emirates,Sheikh Zayed Stadium
1199514,2019-10-21,T20I,Ireland,Oman,Tolerance Oval
1199515,2019-10-21,T20I,Kenya,Bermuda,ICC Academy
1199516,2019-10-21,T20I,Canada,Nigeria,Sheikh Zayed Stadium
1199517,2019-10-22,T20I,Namibia,Scotland,ICC Academy
1199518,2019-10-22,T20I,Singapore,Netherlands,ICC Academy
1199519,2019-10-22,T20I,Jersey,United Arab Emirates,Tolerance Oval
1199520,2019-10-23,T20I,Bermuda,Namibia,ICC Academy Ground No 2
1199521,2019-10-23,T20I,Nigeria,Oman,Tolerance Oval
1199522,2019-10-23,T20I,Singapore,Kenya,ICC Academy Ground No 2
1199523,2019-10-23,T20I,Canada,Ireland,Sheikh Zayed Stadium
1199524,2019-10-23,T20I,Hong Kong,Jersey,Sheikh Zayed Stadium
1199525,2019-10-24,T20I,Netherlands,Papua New Guinea,ICC Academy
1199526,2019-10-24,T20I,Nigeria,United Arab Emirates,Tolerance Oval
1199527,2019-10-24,T20I,Hong Kong,Canada,Tolerance Oval
1199528,2019-10-24,T20I,Scotland,Bermuda,Dubai International Cricket Stadium
1199529,2019-10-25,T20I,Papua New Guinea,Singapore,Dubai International Cricket Stadium
1199530,2019-10-25,T20I,Jersey,Ireland,Tolerance Oval
1199531,2019-10-25,T20I,Namibia,Kenya,Dubai International Cricket Stadium
1199532,2019-10-25,T20I,Canada,Oman,Sheikh Zayed Stadium
1201668,2019-10-25,T20I,Portugal,Spain,La Manga Club Bottom Ground
1199533,2019-10-26,T20I,Nigeria,Ireland,Sheikh Zayed Stadium
1199534,2019-10-26,T20I,Netherlands,Bermuda,Dubai International Cricket Stadium
1199535,2019-10-26,T20I,Namibia,Singapore,Dubai International Cricket Stadium
1201669,2019-10-26,T20I,Gibraltar,Portugal,La Manga Club Bottom Ground
1201670,2019-10-26,T20I,Gibraltar,Spain,La Manga Club Bottom Ground
1201671,2019-10-26,T20I,Spain,Portugal,La Manga Club Bottom Ground
1204726,2019-10-26,T20I,Pakistan,Bangladesh,Gaddafi Stadium
1183524,2019-10-27,T20I,Australia,Sri Lanka,Adelaide Oval
1199536,2019-10-27,T20I,Papua New Guinea,Kenya,Dubai International Cricket Stadium
1199537,2019-10-27,T20I,Nigeria,Hong Kong,Tolerance Oval
1199538,2019-10-27,T20I,Jersey,Oman,Sheikh Zayed Stadium
1199539,2019-10-27,T20I,Scotland,Netherlands,Dubai International Cricket Stadium
1199540,2019-10-27,T20I,United Arab Emirates,Canada,Sheikh Zayed Stadium
1201673,2019-10-27,T20I,Gibraltar,Spain,La Manga Club Bottom Ground
1199541,2019-10-29,T20I,United Arab Emirates,Netherlands,Dubai International Cricket Stadium
1199542,2019-10-29,T20I,Namibia,Oman,Dubai International Cricket Stadium
1183525,2019-10-30,T20I,Sri Lanka,Australia,"Brisbane Cricket Ground, Woolloongabba"
1199543,2019-10-30,T20I,Scotland,United Arab Emirates,Dubai International Cricket Stadium
1199544,2019-10-30,T20I,Oman,Hong Kong,Dubai International Cricket Stadium
1199545,2019-10-31,T20I,Oman,Scotland,ICC Academy
1183526,2019-11-01,T20I,Sri Lanka,Australia,Melbourne Cricket Ground
1187665,2019-11-01,T20I,New Zealand,England,Hagley Oval
1199546,2019-11-01,T20I,Netherlands,Ireland,Dubai International Cricket Stadium
1199547,2019-11-01,T20I,Papua New Guinea,Namibia,Dubai International Cricket Stadium
1199548,2019-11-02,T20I,Ireland,Namibia,Dubai International Cricket Stadium
1199549,2019-11-02,T20I,Papua New Guinea,Netherlands,Dubai International Cricket Stadium
1183527,2019-11-03,T20I,Pakistan,Australia,Sydney Cricket Ground
1187013,2019-11-03,T20I,India,Bangladesh,Arun Jaitley Stadium
1187666,2019-11-03,T20I,New Zealand,England,Westpac Stadium
1183528,2019-11-05,T20I,Pakistan,Australia,Manuka Oval
1187667,2019-11-05,T20I,New Zealand,England,Saxton Oval
1187014,2019-11-07,T20I,Bangladesh,India,Saurashtra Cricket Association Stadium
1183529,2019-11-08,T20I,Pakistan,Australia,Perth Stadium
1187668,2019-11-08,T20I,England,New Zealand,McLean Park
1202252,2019-11-09,T20I,India,West Indies,"Darren Sammy National Cricket Stadium, St Lucia"
1187015,2019-11-10,T20I,India,Bangladesh,"Vidarbha Cricket Association Stadium, Jamtha"
1187669,2019-11-10,T20I,New Zealand,England,Eden Park
1202253,2019-11-10,T20I,West Indies,India,"Darren Sammy National Cricket Stadium, St Lucia"
1202254,2019-11-14,T20I,West Indies,India,"Providence Stadium, Guyana"
1202255,2019-11-17,T20I,India,West Indies,"Providence Stadium, Guyana"
1202256,2019-11-20,T20I,India,West Indies,"Providence Stadium, Guyana"
1208804,2019-12-02,T20I,Maldives,Nepal,Pokhara Rangasala
1208806,2019-12-04,T20I,Nepal,Bangladesh,Pokhara Rangasala
1208606,2019-12-05,T20I,Nepal,Bhutan,Tribhuvan University International Cricket Ground
1208808,2019-12-05,T20I,Bangladesh,Maldives,Pokhara Rangasala
1187018,2019-12-06,T20I,West Indies,India,"Rajiv Gandhi International Stadium, Uppal"
1208609,2019-12-06,T20I,Nepal,Maldives,Tribhuvan University International Cricket Ground
1208612,2019-12-07,T20I,Bhutan,Maldives,Tribhuvan University International Cricket Ground
1208810,2019-12-07,T20I,Maldives,Nepal,Pokhara Rangasala
1187019,2019-12-08,T20I,India,West Indies,Greenfield International Stadium
1208613,2019-12-09,T20I,Maldives,Nepal,Tribhuvan University International Cricket Ground
1187020,2019-12-11,T20I,India,West Indies,Wankhede Stadium
1208347,2019-12-17,T20I,England,Pakistan,Kinrara Academy Oval
1208348,2019-12-19,T20I,England,Pakistan,Kinrara Academy Oval
1208349,2019-12-20,T20I,England,Pakistan,Kinrara Academy Oval
1202243,2020-01-07,T20I,Sri Lanka,India,Holkar Cricket Stadium
1202244,2020-01-10,T20I,India,Sri Lanka,Maharashtra Cricket Association Stadium
1203676,2020-01-15,T20I,Ireland,West Indies,"National Cricket Stadium, Grenada"
1203677,2020-01-18,T20I,Ireland,West Indies,"Warner Park, St Kitts"
1203678,2020-01-19,T20I,Ireland,West Indies,"Warner Park, St Kitts"
1187677,2020-01-24,T20I,New Zealand,India,Eden Park
1213058,2020-01-24,T20I,Bangladesh,Pakistan,Gaddafi Stadium
1213059,2020-01-25,T20I,Bangladesh,Pakistan,Gaddafi Stadium
1187678,2020-01-26,T20I,New Zealand,India,Eden Park
1187679,2020-01-29,T20I,India,New Zealand,Seddon Park
1183543,2020-01-31,T20I,England,India,Manuka Oval
1187680,2020-01-31,T20I,India,New Zealand,Westpac Stadium
1183544,2020-02-01,T20I,England,Australia,Manuka Oval
1183545,2020-02-02,T20I,India,Australia,Manuka Oval
1187681,2020-02-02,T20I,India,New Zealand,Bay Oval
1187717,2020-02-02,T20I,South Africa,New Zealand,Bay Oval
1214763,2020-02-04,T20I,Germany,Oman,Al Amerat Cricket Ground Oman Cricket (Ministry Turf 1)
1214764,2020-02-05,T20I,Oman,Germany,Al Amerat Cricket Ground Oman Cricket (Ministry Turf 1)
1187718,2020-02-06,T20I,South Africa,New Zealand,Seddon Park
1183546,2020-02-07,T20I,India,England,Junction Oval
1214765,2020-02-07,T20I,Germany,Oman,Al Amerat Cricket Ground Oman Cricket (Ministry Turf 1)
1183547,2020-02-08,T20I,Australia,India,Junction Oval
1214766,2020-02-08,T20I,Germany,Oman,Al Amerat Cricket Ground Oman Cricket (Ministry Turf 1)
1183548,2020-02-09,T20I,Australia,England,Junction Oval
1187719,2020-02-09,T20I,New Zealand,South Africa,Basin Reserve
1187720,2020-02-10,T20I,New Zealand,South Africa,Basin Reserve
1183549,2020-02-12,T20I,Australia,India,Junction Oval
1185313,2020-02-12,T20I,South Africa,England,Buffalo Park
1185314,2020-02-14,T20I,England,South Africa,Kingsmead
1185315,2020-02-16,T20I,South Africa,England,SuperSport Park
1215136,2020-02-20,T20I,Malaysia,Hong Kong,Kinrara Academy Oval
1173048,2020-02-21,T20I,India,Australia,Sydney Showground Stadium
1185316,2020-02-21,T20I,Australia,South Africa,The Wanderers Stadium
1215137,2020-02-21,T20I,Malaysia,Hong Kong,Kinrara Academy Oval
1173049,2020-02-22,T20I,Thailand,West Indies,W.A.C.A. Ground
1173050,2020-02-22,T20I,Sri Lanka,New Zealand,W.A.C.A. Ground
1173051,2020-02-23,T20I,England,South Africa,W.A.C.A. Ground
1185317,2020-02-23,T20I,South Africa,Australia,St George's Park
1215138,2020-02-23,T20I,Malaysia,Hong Kong,Kinrara Academy Oval
1173052,2020-02-24,T20I,Sri Lanka,Australia,W.A.C.A. Ground
1173053,2020-02-24,T20I,India,Bangladesh,W.A.C.A. Ground
1215139,2020-02-24,T20I,Malaysia,Hong Kong,Kinrara Academy Oval
1215159,2020-02-25,T20I,Maldives,Oman,Al Amerat Cricket Ground Oman Cricket (Ministry Turf 1)
1215160,2020-02-25,T20I,United Arab Emirates,Saudi Arabia,Al Amerat Cricket Ground Oman Cricket (Ministry Turf 2)
1215161,2020-02-25,T20I,Qatar,Bahrain,Al Amerat Cricket Ground Oman Cricket (Ministry Turf 1)
1215162,2020-02-25,T20I,Iran,Kuwait,Al Amerat Cricket Ground Oman Cricket (Ministry Turf 2)
1173054,2020-02-26,T20I,England,Thailand,Manuka Oval
1173055,2020-02-26,T20I,West Indies,Pakistan,Manuka Oval
1185318,2020-02-26,T20I,Australia,South Africa,Newlands
1215140,2020-02-26,T20I,Hong Kong,Malaysia,Kinrara Academy Oval
1215163,2020-02-26,T20I,Kuwait,Bahrain,Al Amerat Cricket Ground Oman Cricket (Ministry Turf 1)
1215164,2020-02-26,T20I,United Arab Emirates,Qatar,Al Amerat Cricket Ground Oman Cricket (Ministry Turf 2)
1173056,2020-02-27,T20I,India,New Zealand,Junction Oval
1173057,2020-02-27,T20I,Australia,Bangladesh,Manuka Oval
1215165,2020-02-27,T20I,United Arab Emirates,Kuwait,Al Amerat Cricket Ground Oman Cricket (Ministry Turf 1)
1173058,2020-02-28,T20I,South Africa,Thailand,Manuka Oval
1173059,2020-02-28,T20I,England,Pakistan,Manuka Oval
1173060,2020-02-29,T20I,New Zealand,Bangladesh,Junction Oval
1173061,2020-02-29,T20I,Sri Lanka,India,Junction Oval
1217738,2020-02-29,T20I,Singapore,Thailand,Terdthai Cricket Ground
1173062,2020-03-01,T20I,South Africa,Pakistan,Sydney Showground Stadium
1173063,2020-03-01,T20I,England,West Indies,Sydney Showground Stadium
1217740,2020-03-01,T20I,Hong Kong,Nepal,Terdthai Cricket Ground
1217741,2020-03-01,T20I,Thailand,Malaysia,Terdthai Cricket Ground
1173064,2020-03-02,T20I,Bangladesh,Sri Lanka,Junction Oval
1173065,2020-03-02,T20I,Australia,New Zealand,Junction Oval
1173066,2020-03-03,T20I,Thailand,Pakistan,Sydney Showground Stadium
1217742,2020-03-03,T20I,Singapore,Malaysia,Terdthai Cricket Ground
1217743,2020-03-03,T20I,Thailand,Hong Kong,Terdthai Cricket Ground
1213874,2020-03-04,T20I,West Indies,Sri Lanka,Pallekele International Cricket Stadium
1217744,2020-03-04,T20I,Thailand,Nepal,Terdthai Cricket Ground
1217745,2020-03-04,T20I,Singapore,Hong Kong,Terdthai Cricket Ground
1173069,2020-03-05,T20I,Australia,South Africa,Sydney Cricket Ground
1213875,2020-03-06,T20I,Sri Lanka,West Indies,Pallekele International Cricket Stadium
1217747,2020-03-06,T20I,Malaysia,Hong Kong,Terdthai Cricket Ground
1173070,2020-03-08,T20I,Australia,India,Melbourne Cricket Ground
1207081,2020-03-08,T20I,Germany,Spain,Desert Springs Cricket Ground
1214670,2020-03-09,T20I,Bangladesh,Zimbabwe,"Shere Bangla National Stadium, Mirpur"
1214671,2020-03-11,T20I,Zimbabwe,Bangladesh,"Shere Bangla National Stadium, Mirpur"
1229204,2020-08-12,T20I,Germany,Austria,"Seebarn Cricket Centre, Lower Austria"
1229205,2020-08-13,T20I,Germany,Austria,Seebarn Cricket Centre
1229207,2020-08-14,T20I,Germany,Austria,Seebarn Cricket Centre
1229208,2020-08-15,T20I,Germany,Austria,Seebarn Cricket Centre
1229824,2020-08-21,T20I,Isle of Man,Guernsey,College Field
1198244,2020-08-28,T20I,England,Pakistan,Old Trafford
1229820,2020-08-29,T20I,Belgium,Luxembourg,Pierre Werner Cricket Ground
1198245,2020-08-30,T20I,Pakistan,England,Old Trafford
1229822,2020-08-30,T20I,Belgium,Czech Republic,Pierre Werner Cricket Ground
1229823,2020-08-30,T20I,Belgium,Luxembourg,Pierre Werner Cricket Ground
1198246,2020-09-01,T20I,Pakistan,England,Old Trafford
1198235,2020-09-04,T20I,England,Australia,The Rose Bowl
1198236,2020-09-06,T20I,Australia,England,The Rose Bowl
1198237,2020-09-08,T20I,England,Australia,The Rose Bowl
1230855,2020-09-21,T20I,England,West Indies,County Ground
1230856,2020-09-23,T20I,England,West Indies,County Ground
1223941,2020-09-26,T20I,Australia,New Zealand,Allan Border Field
1230857,2020-09-26,T20I,England,West Indies,County Ground
1223942,2020-09-27,T20I,New Zealand,Australia,Allan Border Field
1230858,2020-09-28,T20I,England,West Indies,County Ground
1223943,2020-09-30,T20I,Australia,New Zealand,Allan Border Field
1230859,2020-09-30,T20I,West Indies,England,County Ground
1235829,2020-10-16,T20I,Bulgaria,Romania,Moara Vlasiei Cricket Ground
1235830,2020-10-17,T20I,Romania,Bulgaria,Moara Vlasiei Cricket Ground
1235832,2020-10-18,T20I,Bulgaria,Romania,Moara Vlasiei Cricket Ground
1233464,2020-11-07,T20I,Zimbabwe,Pakistan,Rawalpindi Cricket Stadium
1233465,2020-11-08,T20I,Zimbabwe,Pakistan,Rawalpindi Cricket Stadium
1233466,2020-11-10,T20I,Zimbabwe,Pakistan,Rawalpindi Cricket Stadium
1233954,2020-11-27,T20I,West Indies,New Zealand,Eden Park
1237122,2020-11-27,T20I,South Africa,England,Newlands
1233955,2020-11-29,T20I,New Zealand,West Indies,Bay Oval
1237123,2020-11-29,T20I,South Africa,England,Boland Park
1233956,2020-11-30,T20I,West Indies,New Zealand,Bay Oval
1237124,2020-12-01,T20I,South Africa,England,Newlands
1223952,2020-12-04,T20I,India,Australia,Manuka Oval
1223953,2020-12-06,T20I,Australia,India,Sydney Cricket Ground
1223954,2020-12-08,T20I,Australia,India,Sydney Cricket Ground
1233959,2020-12-18,T20I,Pakistan,New Zealand,Eden Park
1233960,2020-12-20,T20I,Pakistan,New Zealand,Seddon Park
1233961,2020-12-22,T20I,New Zealand,Pakistan,McLean Park
1244846,2021-01-29,T20I,Pakistan,South Africa,Kingsmead
1244847,2021-01-31,T20I,South Africa,Pakistan,Kingsmead
1244848,2021-02-03,T20I,Pakistan,South Africa,Kingsmead
1243019,2021-02-11,T20I,Pakistan,South Africa,Gaddafi Stadium
1243020,2021-02-13,T20I,Pakistan,South Africa,Gaddafi Stadium
1243021,2021-02-14,T20I,South Africa,Pakistan,Gaddafi Stadium
1233971,2021-02-22,T20I,New Zealand,Australia,Hagley Oval
1233972,2021-02-25,T20I,New Zealand,Australia,University Oval
1233973,2021-03-03,T20I,Australia,New Zealand,Westpac Stadium
1249235,2021-03-03,T20I,New Zealand,England,Westpac Stadium
1252066,2021-03-03,T20I,Sri Lanka,West Indies,"Coolidge Cricket Ground, Antigua"
1233974,2021-03-05,T20I,Australia,New Zealand,Westpac Stadium
1249236,2021-03-05,T20I,New Zealand,England,Westpac Stadium
1252067,2021-03-05,T20I,Sri Lanka,West Indies,"Coolidge Cricket Ground, Antigua"
1233975,2021-03-07,T20I,Australia,New Zealand,Sky Stadium
1249237,2021-03-07,T20I,England,New Zealand,Sky Stadium
1252068,2021-03-07,T20I,Sri Lanka,West Indies,"Coolidge Cricket Ground, Antigua"
1243388,2021-03-12,T20I,India,England,Narendra Modi Stadium
1243389,2021-03-14,T20I,England,India,Narendra Modi Stadium
1243390,2021-03-16,T20I,India,England,Narendra Modi Stadium
1243391,2021-03-18,T20I,India,England,Narendra Modi Stadium
1243392,2021-03-20,T20I,India,England,Narendra Modi Stadium
1253272,2021-03-20,T20I,India,South Africa,Bharat Ratna Shri Atal Bihari Vajpayee Ekana Cricket Stadium
1253273,2021-03-21,T20I,India,South Africa,Bharat Ratna Shri Atal Bihari Vajpayee Ekana Cricket Stadium
1253274,2021-03-23,T20I,South Africa,India,Bharat Ratna Shri Atal Bihari Vajpayee Ekana Cricket Stadium
1233979,2021-03-28,T20I,New Zealand,Bangladesh,Seddon Park
1249238,2021-03-28,T20I,New Zealand,Australia,Seddon Park
1233980,2021-03-30,T20I,New Zealand,Bangladesh,McLean Park
1249239,2021-03-30,T20I,Australia,New Zealand,McLean Park
1233981,2021-04-01,T20I,New Zealand,Bangladesh,Eden Park
1249240,2021-04-01,T20I,Australia,New Zealand,Eden Park
1257404,2021-04-03,T20I,Uganda,Namibia,Wanderers
1257405,2021-04-05,T20I,Namibia,Uganda,"Wanderers Cricket Ground, Windhoek"
1251575,2021-04-10,T20I,South Africa,Pakistan,"The Wanderers Stadium, Johannesburg"
1251576,2021-04-12,T20I,Pakistan,South Africa,"The Wanderers Stadium, Johannesburg"
1251577,2021-04-14,T20I,South Africa,Pakistan,"SuperSport Park, Centurion"
1251578,2021-04-16,T20I,South Africa,Pakistan,"SuperSport Park, Centurion"
1257945,2021-04-17,T20I,Netherlands,Nepal,"Tribhuvan University International Cricket Ground, Kirtipur"
1257946,2021-04-18,T20I,Netherlands,Malaysia,"Tribhuvan University International Cricket Ground, Kirtipur"
1257947,2021-04-19,T20I,Malaysia,Nepal,"Tribhuvan University International Cricket Ground, Kirtipur"
1257948,2021-04-20,T20I,Nepal,Netherlands,"Tribhuvan University International Cricket Ground, Kirtipur"
1257183,2021-04-21,T20I,Pakistan,Zimbabwe,Harare Sports Club
1257949,2021-04-21,T20I,Netherlands,Malaysia,"Tribhuvan University International Cricket Ground, Kirtipur"
1257950,2021-04-22,T20I,Nepal,Malaysia,"Tribhuvan University International Cricket Ground, Kirtipur"
1257184,2021-04-23,T20I,Zimbabwe,Pakistan,Harare Sports Club
1257951,2021-04-24,T20I,Nepal,Netherlands,"Tribhuvan University International Cricket Ground, Kirtipur"
1257185,2021-04-25,T20I,Pakistan,Zimbabwe,Harare Sports Club
1263708,2021-05-21,T20I,Luxembourg,Czech Republic,"Scott Page Field, Vinor"
1263710,2021-05-22,T20I,Austria,Czech Republic,"Scott Page Field, Vinor"
1263711,2021-05-22,T20I,Czech Republic,Luxembourg,"Scott Page Field, Vinor"
1263712,2021-05-23,T20I,Austria,Luxembourg,"Scott Page Field, Vinor"
1263713,2021-05-23,T20I,Czech Republic,Austria,"Scott Page Field, Vinor"
1262918,2021-05-24,T20I,Scotland,Ireland,"Civil Service Cricket Club, Stormont, Belfast"
1262917,2021-05-25,T20I,Ireland,Scotland,"Civil Service Cricket Club, Stormont, Belfast"
1262919,2021-05-26,T20I,Ireland,Scotland,"Civil Service Cricket Club, Stormont, Belfast"
1262920,2021-05-27,T20I,Scotland,Ireland,"Civil Service Cricket Club, Stormont, Belfast"
1265214,2021-06-06,T20I,Nigeria,Namibia,Gahanga International Cricket Stadium. Rwanda
1265215,2021-06-07,T20I,Botswana,Kenya,Gahanga International Cricket Stadium. Rwanda
1265216,2021-06-07,T20I,Namibia,Rwanda,Gahanga International Cricket Stadium. Rwanda
1265218,2021-06-08,T20I,Namibia,Botswana,Gahanga International Cricket Stadium. Rwanda
1265220,2021-06-09,T20I,Rwanda,Nigeria,Gahanga International Cricket Stadium. Rwanda
1265221,2021-06-10,T20I,Kenya,Rwanda,Gahanga International Cricket Stadium. Rwanda
1265222,2021-06-10,T20I,Botswana,Nigeria,Gahanga International Cricket Stadium. Rwanda
1265223,2021-06-11,T20I,Namibia,Nigeria,Gahanga International Cricket Stadium. Rwanda
1265224,2021-06-11,T20I,Kenya,Rwanda,Gahanga International Cricket Stadium. Rwanda
1265225,2021-06-12,T20I,Rwanda,Nigeria,Gahanga International Cricket Stadium. Rwanda
1265226,2021-06-12,T20I,Namibia,Kenya,Gahanga International Cricket Stadium. Rwanda
1249206,2021-06-23,T20I,Sri Lanka,England,"Sophia Gardens, Cardiff"
1249207,2021-06-24,T20I,Sri Lanka,England,"Sophia Gardens, Cardiff"
1267304,2021-06-24,T20I,Greece,Romania,"National Sports Academy, Sofia"
1267306,2021-06-25,T20I,Serbia,Greece,"National Sports Academy, Sofia"
1267307,2021-06-25,T20I,Bulgaria,Romania,"National Sports Academy, Sofia"
1267308,2021-06-25,T20I,Romania,Serbia,"National Sports Academy, Sofia"
1249208,2021-06-26,T20I,England,Sri Lanka,"The Rose Bowl, Southampton"
1263151,2021-06-26,T20I,South Africa,West Indies,"National Cricket Stadium, St George's, Grenada"
1267310,2021-06-26,T20I,Serbia,Romania,"National Sports Academy, Sofia"
1267311,2021-06-26,T20I,Bulgaria,Greece,"National Sports Academy, Sofia"
1263152,2021-06-27,T20I,South Africa,West Indies,"National Cricket Stadium, St George's, Grenada"
1263153,2021-06-29,T20I,South Africa,West Indies,"National Cricket Stadium, St George's, Grenada"
1267322,2021-06-30,T20I,West Indies,Pakistan,"Sir Vivian Richards Stadium, North Sound, Antigua"
1263154,2021-07-01,T20I,West Indies,South Africa,"National Cricket Stadium, St George's, Grenada"
1267323,2021-07-02,T20I,West Indies,Pakistan,"Coolidge Cricket Ground, Antigua"
1263155,2021-07-03,T20I,South Africa,West Indies,"National Cricket Stadium, St George's, Grenada"
1267324,2021-07-04,T20I,Pakistan,West Indies,"Sir Vivian Richards Stadium, North Sound, Antigua"
1268188,2021-07-08,T20I,Belgium,Malta,Marsa Sports Club
1268747,2021-07-08,T20I,France,Germany,Bayer Uerdingen Cricket Ground
1260097,2021-07-09,T20I,England,India,"County Ground, Northampton"
1263156,2021-07-09,T20I,West Indies,Australia,"Daren Sammy National Cricket Stadium, Gros Islet, St Lucia"
1268190,2021-07-09,T20I,Malta,Belgium,Marsa Sports Club
1268749,2021-07-09,T20I,Germany,France,Bayer Uerdingen Cricket Ground
1263157,2021-07-10,T20I,West Indies,Australia,"Daren Sammy National Cricket Stadium, Gros Islet, St Lucia"
1268191,2021-07-10,T20I,Belgium,Malta,Marsa Sports Club
1260098,2021-07-11,T20I,India,England,"County Ground, Hove"
1263158,2021-07-12,T20I,Australia,West Indies,"Daren Sammy National Cricket Stadium, Gros Islet, St Lucia"
1260099,2021-07-14,T20I,India,England,"County Ground, Chelmsford"
1263159,2021-07-14,T20I,Australia,West Indies,"Daren Sammy National Cricket Stadium, Gros Islet, St Lucia"
1239540,2021-07-16,T20I,Pakistan,England,"Trent Bridge, Nottingham"
1263160,2021-07-16,T20I,West Indies,Australia,"Daren Sammy National Cricket Stadium, Gros Islet, St Lucia"
1239541,2021-07-18,T20I,England,Pakistan,"Headingley, Leeds"
1251953,2021-07-19,T20I,South Africa,Ireland,"The Village, Malahide, Dublin"
1239542,2021-07-20,T20I,Pakistan,England,"Old Trafford, Manchester"
1251954,2021-07-22,T20I,South Africa,Ireland,"Civil Service Cricket Club, Stormont, Belfast"
1267680,2021-07-22,T20I,Zimbabwe,Bangladesh,Harare Sports Club
1267681,2021-07-23,T20I,Zimbabwe,Bangladesh,Harare Sports Club
1251955,2021-07-24,T20I,South Africa,Ireland,"Civil Service Cricket Club, Stormont, Belfast"
1262758,2021-07-25,T20I,India,Sri Lanka,"R Premadasa Stadium, Colombo"
1267682,2021-07-25,T20I,Zimbabwe,Bangladesh,Harare Sports Club
1268757,2021-07-26,T20I,Ireland,Netherlands,"The Village, Malahide, Dublin"
1262759,2021-07-28,T20I,India,Sri Lanka,"R Premadasa Stadium, Colombo"
1263164,2021-07-28,T20I,West Indies,Pakistan,"Kensington Oval, Bridgetown, Barbados"
1262760,2021-07-29,T20I,India,Sri Lanka,"R Premadasa Stadium, Colombo"
1268759,2021-07-29,T20I,Netherlands,Ireland,"The Village, Malahide, Dublin"
1268760,2021-07-30,T20I,Ireland,Netherlands,"The Village, Malahide, Dublin"
1263165,2021-07-31,T20I,Pakistan,West Indies,"Providence Stadium, Guyana"
1263166,2021-08-01,T20I,West Indies,Pakistan,"Providence Stadium, Guyana"
1263167,2021-08-03,T20I,West Indies,Pakistan,"Providence Stadium, Guyana"
1270834,2021-08-03,T20I,Bangladesh,Australia,"Shere Bangla National Stadium, Mirpur"
1270835,2021-08-04,T20I,Australia,Bangladesh,"Shere Bangla National Stadium, Mirpur"
1271445,2021-08-05,T20I,Norway,Germany,Bayer Uerdingen Cricket Ground
1271446,2021-08-05,T20I,Norway,France,Bayer Uerdingen Cricket Ground
1270836,2021-08-06,T20I,Bangladesh,Australia,"Shere Bangla National Stadium, Mirpur"
1271447,2021-08-06,T20I,France,Germany,Bayer Uerdingen Cricket Ground
1270837,2021-08-07,T20I,Bangladesh,Australia,"Shere Bangla National Stadium, Mirpur"
1271448,2021-08-07,T20I,Germany,France,Bayer Uerdingen Cricket Ground
1271449,2021-08-07,T20I,Norway,France,Bayer Uerdingen Cricket Ground
1271450,2021-08-08,T20I,Norway,Germany,Bayer Uerdingen Cricket Ground
1270838,2021-08-09,T20I,Bangladesh,Australia,"Shere Bangla National Stadium, Mirpur"
1273133,2021-08-14,T20I,Denmark,Sweden,"Svanholm Park, Brondby"
1273134,2021-08-15,T20I,Sweden,Denmark,"Svanholm Park, Brondby"
1273141,2021-08-18,T20I,Ghana,Rwanda,Gahanga International Cricket Stadium. Rwanda
1273136,2021-08-20,T20I,Gibraltar,Malta,Gucherre Cricket Ground
1273143,2021-08-20,T20I,Rwanda,Ghana,Gahanga International Cricket Stadium. Rwanda
1273138,2021-08-21,T20I,Malta,Gibraltar,Gucherre Cricket Ground
1273145,2021-08-21,T20I,Rwanda,Ghana,Gahanga International Cricket Stadium. Rwanda
1273146,2021-08-21,T20I,Sweden,Finland,Kerava National Cricket Ground
1273139,2021-08-22,T20I,Portugal,Gibraltar,Gucherre Cricket Ground
1273148,2021-08-22,T20I,Finland,Sweden,Kerava National Cricket Ground
1274595,2021-08-26,T20I,Netherlands,Scotland,La Manga Club Top Ground
1274596,2021-08-26,T20I,Ireland,Germany,La Manga Club Bottom Ground
1274597,2021-08-26,T20I,France,Netherlands,La Manga Club Top Ground
1272373,2021-08-27,T20I,Zimbabwe,Ireland,"Castle Avenue, Dublin"
1272900,2021-08-27,T20I,Thailand,Zimbabwe,"Takashinga Sports Club, Highfield, Harare"
1274600,2021-08-27,T20I,France,Germany,La Manga Club Bottom Ground
1274601,2021-08-27,T20I,Ireland,Scotland,La Manga Club Top Ground
1274602,2021-08-27,T20I,Germany,Netherlands,La Manga Club Bottom Ground
1272901,2021-08-28,T20I,Thailand,Zimbabwe,"Takashinga Sports Club, Highfield, Harare"
1272374,2021-08-29,T20I,Zimbabwe,Ireland,"Castle Avenue, Dublin"
1274604,2021-08-29,T20I,France,Ireland,La Manga Club Bottom Ground
1274608,2021-08-29,T20I,Germany,Scotland,La Manga Club Top Ground
1275074,2021-08-29,T20I,Norway,Sweden,Guttsta Wicked Cricket Club
1272902,2021-08-30,T20I,Thailand,Zimbabwe,"Takashinga Sports Club, Highfield, Harare"
1274606,2021-08-30,T20I,France,Scotland,La Manga Club Bottom Ground
1274609,2021-08-30,T20I,Ireland,Netherlands,La Manga Club Top Ground
1273415,2021-08-31,T20I,South Africa,West Indies,"Sir Vivian Richards Stadium, North Sound, Antigua"
1260100,2021-09-01,T20I,England,New Zealand,"County Ground, Chelmsford"
1272093,2021-09-01,T20I,New Zealand,Bangladesh,"Shere Bangla National Stadium, Mirpur"
1272375,2021-09-01,T20I,Ireland,Zimbabwe,"Bready Cricket Club, Magheramason, Bready"
1272376,2021-09-02,T20I,Ireland,Zimbabwe,"Bready Cricket Club, Magheramason, Bready"
1273416,2021-09-02,T20I,South Africa,West Indies,"Sir Vivian Richards Stadium, North Sound, Antigua"
1275269,2021-09-02,T20I,Luxembourg,Bulgaria,"Moara Vlasiei Cricket Ground, Ilfov County"
1275270,2021-09-02,T20I,Hungary,Czech Republic,"Moara Vlasiei Cricket Ground, Ilfov County"
1272094,2021-09-03,T20I,Bangladesh,New Zealand,"Shere Bangla National Stadium, Mirpur"
1275268,2021-09-03,T20I,Romania,Czech Republic,"Moara Vlasiei Cricket Ground, Ilfov County"
1275271,2021-09-03,T20I,Bulgaria,Malta,"Moara Vlasiei Cricket Ground, Ilfov County"
1275272,2021-09-03,T20I,Romania,Hungary,"Moara Vlasiei Cricket Ground, Ilfov County"
1260101,2021-09-04,T20I,England,New Zealand,"County Ground, Hove"
1272377,2021-09-04,T20I,Zimbabwe,Ireland,"Bready Cricket Club, Magheramason, Bready"
1273417,2021-09-04,T20I,South Africa,West Indies,"Sir Vivian Richards Stadium, North Sound, Antigua"
1275274,2021-09-04,T20I,Luxembourg,Hungary,"Moara Vlasiei Cricket Ground, Ilfov County"
1275275,2021-09-04,T20I,Romania,Malta,"Moara Vlasiei Cricket Ground, Ilfov County"
1272095,2021-09-05,T20I,New Zealand,Bangladesh,"Shere Bangla National Stadium, Mirpur"
1275276,2021-09-05,T20I,Malta,Hungary,"Moara Vlasiei Cricket Ground, Ilfov County"
1275277,2021-09-05,T20I,Romania,Luxembourg,"Moara Vlasiei Cricket Ground, Ilfov County"
1272096,2021-09-08,T20I,New Zealand,Bangladesh,"Shere Bangla National Stadium, Mirpur"
1260102,2021-09-09,T20I,New Zealand,England,"The Cooper Associates County Ground, Taunton"
1275104,2021-09-09,T20I,Mozambique,Rwanda,"Botswana Cricket Association Oval 1, Gaborone"
1275106,2021-09-09,T20I,Botswana,Eswatini,"Botswana Cricket Association Oval 1, Gaborone"
1275107,2021-09-09,T20I,Sierra Leone,Nigeria,"Botswana Cricket Association Oval 2, Gaborone"
1271630,2021-09-10,T20I,South Africa,Sri Lanka,"R Premadasa Stadium, Colombo"
1272097,2021-09-10,T20I,New Zealand,Bangladesh,"Shere Bangla National Stadium, Mirpur"
1275044,2021-09-10,T20I,Kenya,Uganda,Entebbe Cricket Oval
1275052,2021-09-10,T20I,Spain,Germany,"Desert Springs Cricket Ground, Almeria"
1275108,2021-09-10,T20I,Tanzania,Zimbabwe,"Botswana Cricket Association Oval 1, Gaborone"
1275110,2021-09-10,T20I,Botswana,Mozambique,"Botswana Cricket Association Oval 1, Gaborone"
1275111,2021-09-10,T20I,Namibia,Nigeria,"Botswana Cricket Association Oval 2, Gaborone"
1275039,2021-09-11,T20I,Nigeria,Kenya,Entebbe Cricket Oval
1275040,2021-09-11,T20I,Uganda,Nigeria,Entebbe Cricket Oval
1275053,2021-09-11,T20I,Germany,Spain,"Desert Springs Cricket Ground, Almeria"
1275112,2021-09-11,T20I,Eswatini,Zimbabwe,"Botswana Cricket Association Oval 1, Gaborone"
1275114,2021-09-11,T20I,Tanzania,Mozambique,"Botswana Cricket Association Oval 1, Gaborone"
1271631,2021-09-12,T20I,Sri Lanka,South Africa,"R Premadasa Stadium, Colombo"
1275116,2021-09-12,T20I,Rwanda,Eswatini,"Botswana Cricket Association Oval 1, Gaborone"
1275042,2021-09-13,T20I,Kenya,Nigeria,Entebbe Cricket Oval
1275043,2021-09-13,T20I,Nigeria,Uganda,Entebbe Cricket Oval
1275118,2021-09-13,T20I,Tanzania,Rwanda,"Botswana Cricket Association Oval 1, Gaborone"
1271632,2021-09-14,T20I,Sri Lanka,South Africa,"R Premadasa Stadium, Colombo"
1275122,2021-09-14,T20I,Tanzania,Eswatini,"Botswana Cricket Association Oval 1, Gaborone"
1275125,2021-09-14,T20I,Sierra Leone,Uganda,"Botswana Cricket Association Oval 2, Gaborone"
1273271,2021-09-15,T20I,Scotland,Zimbabwe,"Grange Cricket Club Ground, Raeburn Place, Edinburgh"
1275047,2021-09-15,T20I,Uganda,Nigeria,Entebbe Cricket Oval
1275113,2021-09-15,T20I,Cameroon,Sierra Leone,"Botswana Cricket Association Oval 2, Gaborone"
1275045,2021-09-16,T20I,Nigeria,Kenya,Entebbe Cricket Oval
1275126,2021-09-16,T20I,Mozambique,Eswatini,"Botswana Cricket Association Oval 1, Gaborone"
1275127,2021-09-16,T20I,Zimbabwe,Rwanda,"Botswana Cricket Association Oval 2, Gaborone"
1275128,2021-09-16,T20I,Botswana,Tanzania,"Botswana Cricket Association Oval 1, Gaborone"
1273272,2021-09-17,T20I,Zimbabwe,Scotland,"Grange Cricket Club Ground, Raeburn Place, Edinburgh"
1275051,2021-09-17,T20I,Uganda,Kenya,Entebbe Cricket Oval
1275129,2021-09-17,T20I,Zimbabwe,Uganda,"Botswana Cricket Association Oval 1, Gaborone"
1273273,2021-09-19,T20I,Scotland,Zimbabwe,"Grange Cricket Club Ground, Raeburn Place, Edinburgh"
1275131,2021-09-19,T20I,Uganda,Tanzania,"Botswana Cricket Association Oval 1, Gaborone"
1275132,2021-09-19,T20I,Zimbabwe,Namibia,"Botswana Cricket Association Oval 1, Gaborone"
1279379,2021-10-05,T20I,Estonia,Cyprus,Happy Valley Ground
1279381,2021-10-06,T20I,Cyprus,Isle of Man,Happy Valley Ground
1279382,2021-10-06,T20I,Estonia,Isle of Man,Happy Valley Ground
1263621,2021-10-07,T20I,India,Australia,Carrara Oval
1279383,2021-10-07,T20I,Cyprus,Isle of Man,Happy Valley Ground
1280060,2021-10-07,T20I,United Arab Emirates,Ireland,"ICC Academy, Dubai"
1279385,2021-10-08,T20I,Cyprus,Estonia,Happy Valley Ground
1279386,2021-10-08,T20I,Estonia,Isle of Man,Happy Valley Ground
1280061,2021-10-08,T20I,United Arab Emirates,Ireland,"ICC Academy, Dubai"
1280063,2021-10-08,T20I,Papua New Guinea,Scotland,"ICC Academy, Dubai"
1263622,2021-10-09,T20I,India,Australia,Carrara Oval
1280058,2021-10-09,T20I,Scotland,Namibia,"ICC Academy, Dubai"
1263623,2021-10-10,T20I,Australia,India,Carrara Oval
1280059,2021-10-10,T20I,Namibia,Papua New Guinea,"ICC Academy, Dubai"
1280062,2021-10-10,T20I,Ireland,United Arab Emirates,"ICC Academy, Dubai"
1282738,2021-10-15,T20I,Jersey,Germany,"Desert Springs Cricket Ground, Almeria"
1282739,2021-10-15,T20I,Denmark,Italy,"Desert Springs Cricket Ground, Almeria"
1282740,2021-10-16,T20I,Denmark,Germany,"Desert Springs Cricket Ground, Almeria"
1282741,2021-10-16,T20I,Jersey,Italy,"Desert Springs Cricket Ground, Almeria"
1283021,2021-10-16,T20I,Rwanda,Ghana,Gahanga International Cricket Stadium. Rwanda
1283023,2021-10-16,T20I,Seychelles,Ghana,Gahanga International Cricket Stadium. Rwanda
1283024,2021-10-16,T20I,Malawi,Uganda,Integrated Polytechnic Regional Centre
1273712,2021-10-17,T20I,Papua New Guinea,Oman,Al Amerat Cricket Ground Oman Cricket (Ministry Turf 1)
1273713,2021-10-17,T20I,Scotland,Bangladesh,Al Amerat Cricket Ground Oman Cricket (Ministry Turf 1)
1282742,2021-10-17,T20I,Jersey,Denmark,"Desert Springs Cricket Ground, Almeria"
1282743,2021-10-17,T20I,Italy,Germany,"Desert Springs Cricket Ground, Almeria"
1283025,2021-10-17,T20I,Lesotho,Seychelles,Gahanga International Cricket Stadium. Rwanda
1283026,2021-10-17,T20I,Swaziland,Malawi,Integrated Polytechnic Regional Centre
1283028,2021-10-17,T20I,Uganda,Rwanda,Integrated Polytechnic Regional Centre
1273714,2021-10-18,T20I,Netherlands,Ireland,"Zayed Cricket Stadium, Abu Dhabi"
1273715,2021-10-18,T20I,Namibia,Sri Lanka,"Zayed Cricket Stadium, Abu Dhabi"
1273716,2021-10-19,T20I,Scotland,Papua New Guinea,Al Amerat Cricket Ground Oman Cricket (Ministry Turf 1)
1273717,2021-10-19,T20I,Bangladesh,Oman,Al Amerat Cricket Ground Oman Cricket (Ministry Turf 1)
1282744,2021-10-19,T20I,Italy,Denmark,"Desert Springs Cricket Ground, Almeria"
1282745,2021-10-19,T20I,Germany,Jersey,"Desert Springs Cricket Ground, Almeria"
1282929,2021-10-19,T20I,Argentina,Brazil,"Reforma Athletic Club, Naucalpan"
1282930,2021-10-19,T20I,Canada,United States of America,"Reforma Athletic Club, Naucalpan"
1283029,2021-10-19,T20I,Malawi,Ghana,Gahanga International Cricket Stadium. Rwanda
1283030,2021-10-19,T20I,Lesotho,Uganda,Integrated Polytechnic Regional Centre
1283032,2021-10-19,T20I,Swaziland,Uganda,Integrated Polytechnic Regional Centre
1283089,2021-10-19,T20I,Nigeria,Sierra Leone,University of Lagos Cricket Oval
1273718,2021-10-20,T20I,Netherlands,Namibia,"Zayed Cricket Stadium, Abu Dhabi"
1273719,2021-10-20,T20I,Sri Lanka,Ireland,"Zayed Cricket Stadium, Abu Dhabi"
1282746,2021-10-20,T20I,Italy,Jersey,"Desert Springs Cricket Ground, Almeria"
1282747,2021-10-20,T20I,Germany,Denmark,"Desert Springs Cricket Ground, Almeria"
1283033,2021-10-20,T20I,Malawi,Seychelles,Gahanga International Cricket Stadium. Rwanda
1283034,2021-10-20,T20I,Swaziland,Ghana,Integrated Polytechnic Regional Centre
1283035,2021-10-20,T20I,Swaziland,Seychelles,Gahanga International Cricket Stadium. Rwanda
1283036,2021-10-20,T20I,Rwanda,Lesotho,Integrated Polytechnic Regional Centre
1273720,2021-10-21,T20I,Bangladesh,Papua New Guinea,Al Amerat Cricket Ground Oman Cricket (Ministry Turf 1)
1273721,2021-10-21,T20I,Oman,Scotland,Al Amerat Cricket Ground Oman Cricket (Ministry Turf 1)
1282272,2021-10-21,T20I,Malta,Gibraltar,Marsa Sports Club
1282748,2021-10-21,T20I,Italy,Germany,"Desert Springs Cricket Ground, Almeria"
1282749,2021-10-21,T20I,Denmark,Jersey,"Desert Springs Cricket Ground, Almeria"
1283037,2021-10-21,T20I,Uganda,Ghana,Gahanga International Cricket Stadium. Rwanda
1283091,2021-10-21,T20I,Nigeria,Sierra Leone,University of Lagos Cricket Oval
1273722,2021-10-22,T20I,Ireland,Namibia,Sharjah Cricket Stadium
1273723,2021-10-22,T20I,Netherlands,Sri Lanka,Sharjah Cricket Stadium
1282273,2021-10-22,T20I,Gibraltar,Switzerland,Marsa Sports Club
1282275,2021-10-22,T20I,Bulgaria,Switzerland,Marsa Sports Club
1283038,2021-10-22,T20I,Swaziland,Rwanda,Gahanga International Cricket Stadium. Rwanda
1283040,2021-10-22,T20I,Malawi,Rwanda,Gahanga International Cricket Stadium. Rwanda
1283041,2021-10-22,T20I,Uganda,Seychelles,Integrated Polytechnic Regional Centre
1273724,2021-10-23,T20I,South Africa,Australia,"Zayed Cricket Stadium, Abu Dhabi"
1273725,2021-10-23,T20I,West Indies,England,Dubai International Cricket Stadium
1282276,2021-10-23,T20I,Switzerland,Malta,Marsa Sports Club
1283092,2021-10-23,T20I,Sierra Leone,Nigeria,University of Lagos Cricket Oval
1284489,2021-10-23,T20I,Maldives,Saudi Arabia,"West End Park International Cricket Stadium, Doha"
1273726,2021-10-24,T20I,Bangladesh,Sri Lanka,Sharjah Cricket Stadium
1273727,2021-10-24,T20I,India,Pakistan,Dubai International Cricket Stadium
1282278,2021-10-24,T20I,Gibraltar,Bulgaria,Marsa Sports Club
1282279,2021-10-24,T20I,Malta,Switzerland,Marsa Sports Club
1282935,2021-10-24,T20I,Canada,United States of America,"Reforma Athletic Club, Naucalpan"
1283093,2021-10-24,T20I,Nigeria,Sierra Leone,University of Lagos Cricket Oval
1284490,2021-10-24,T20I,Bahrain,Kuwait,"West End Park International Cricket Stadium, Doha"
1284491,2021-10-24,T20I,Qatar,Maldives,"West End Park International Cricket Stadium, Doha"
1273729,2021-10-26,T20I,West Indies,South Africa,Dubai International Cricket Stadium
1273730,2021-10-26,T20I,New Zealand,Pakistan,Sharjah Cricket Stadium
1283094,2021-10-26,T20I,Nigeria,Sierra Leone,University of Lagos Cricket Oval
1273731,2021-10-27,T20I,Bangladesh,England,"Zayed Cricket Stadium, Abu Dhabi"
1273732,2021-10-27,T20I,Scotland,Namibia,"Zayed Cricket Stadium, Abu Dhabi"
1284493,2021-10-27,T20I,Maldives,Bahrain,"West End Park International Cricket Stadium, Doha"
1273733,2021-10-28,T20I,Sri Lanka,Australia,Dubai International Cricket Stadium
1284495,2021-10-28,T20I,Maldives,Kuwait,"West End Park International Cricket Stadium, Doha"
1284496,2021-10-28,T20I,Bahrain,Saudi Arabia,"West End Park International Cricket Stadium, Doha"
1273734,2021-10-29,T20I,West Indies,Bangladesh,Sharjah Cricket Stadium
1284497,2021-10-29,T20I,Kuwait,Qatar,"West End Park International Cricket Stadium, Doha"
1273736,2021-10-30,T20I,Sri Lanka,South Africa,Sharjah Cricket Stadium
1273737,2021-10-30,T20I,Australia,England,Dubai International Cricket Stadium
1273739,2021-10-31,T20I,India,New Zealand,Dubai International Cricket Stadium
1273740,2021-11-01,T20I,England,Sri Lanka,Sharjah Cricket Stadium
1273741,2021-11-02,T20I,Bangladesh,South Africa,"Zayed Cricket Stadium, Abu Dhabi"
1273742,2021-11-02,T20I,Pakistan,Namibia,"Zayed Cricket Stadium, Abu Dhabi"
1283042,2021-11-02,T20I,Botswana,Sierra Leone,Gahanga International Cricket Stadium. Rwanda
1283043,2021-11-02,T20I,Tanzania,Mozambique,Gahanga International Cricket Stadium. Rwanda
1273743,2021-11-03,T20I,New Zealand,Scotland,Dubai International Cricket Stadium
1283044,2021-11-03,T20I,Mozambique,Cameroon,Gahanga International Cricket Stadium. Rwanda
1283045,2021-11-03,T20I,Sierra Leone,Tanzania,Gahanga International Cricket Stadium. Rwanda
1273745,2021-11-04,T20I,Bangladesh,Australia,Dubai International Cricket Stadium
1273746,2021-11-04,T20I,Sri Lanka,West Indies,"Zayed Cricket Stadium, Abu Dhabi"
1273747,2021-11-05,T20I,New Zealand,Namibia,Sharjah Cricket Stadium
1273748,2021-11-05,T20I,Scotland,India,Dubai International Cricket Stadium
1283046,2021-11-05,T20I,Cameroon,Botswana,Gahanga International Cricket Stadium. Rwanda
1283047,2021-11-05,T20I,Mozambique,Sierra Leone,Gahanga International Cricket Stadium. Rwanda
1273749,2021-11-06,T20I,West Indies,Australia,"Zayed Cricket Stadium, Abu Dhabi"
1273750,2021-11-06,T20I,South Africa,England,Sharjah Cricket Stadium
1283048,2021-11-06,T20I,Botswana,Mozambique,Gahanga International Cricket Stadium. Rwanda
1283049,2021-11-06,T20I,Tanzania,Cameroon,Gahanga International Cricket Stadium. Rwanda
1273752,2021-11-07,T20I,Pakistan,Scotland,Sharjah Cricket Stadium
1283050,2021-11-07,T20I,Cameroon,Sierra Leone,Gahanga International Cricket Stadium. Rwanda
1283051,2021-11-07,T20I,Tanzania,Botswana,Gahanga International Cricket Stadium. Rwanda
1286667,2021-11-07,T20I,Belize,United States of America,"Coolidge Cricket Ground, Antigua"
1273753,2021-11-08,T20I,Namibia,India,Dubai International Cricket Stadium
1286670,2021-11-08,T20I,Canada,Belize,"Coolidge Cricket Ground, Antigua"
1286671,2021-11-08,T20I,Bahamas,Argentina,"Sir Vivian Richards Stadium, North Sound, Antigua"
1286672,2021-11-08,T20I,Belize,Panama,"Coolidge Cricket Ground, Antigua"
1286673,2021-11-08,T20I,United States of America,Bermuda,"Sir Vivian Richards Stadium, North Sound, Antigua"
1273754,2021-11-10,T20I,England,New Zealand,"Zayed Cricket Stadium, Abu Dhabi"
1286674,2021-11-10,T20I,Canada,United States of America,"Coolidge Cricket Ground, Antigua"
1286675,2021-11-10,T20I,Argentina,Belize,"Sir Vivian Richards Stadium, North Sound, Antigua"
1286677,2021-11-10,T20I,Bermuda,Bahamas,"Coolidge Cricket Ground, Antigua"
1273755,2021-11-11,T20I,Pakistan,Australia,Dubai International Cricket Stadium
1286681,2021-11-11,T20I,Argentina,United States of America,"Sir Vivian Richards Stadium, North Sound, Antigua"
1286682,2021-11-13,T20I,Bahamas,United States of America,"Coolidge Cricket Ground, Antigua"
1286683,2021-11-13,T20I,Belize,Bermuda,"Sir Vivian Richards Stadium, North Sound, Antigua"
1286684,2021-11-13,T20I,Panama,Bahamas,"Coolidge Cricket Ground, Antigua"
1286685,2021-11-13,T20I,Argentina,Canada,"Sir Vivian Richards Stadium, North Sound, Antigua"
1273756,2021-11-14,T20I,New Zealand,Australia,Dubai International Cricket Stadium
1286686,2021-11-14,T20I,Canada,Panama,"Coolidge Cricket Ground, Antigua"
1289284,2021-11-16,T20I,Nepal,Qatar,"West End Park International Cricket Stadium, Doha"
1278671,2021-11-17,T20I,New Zealand,India,"Sawai Mansingh Stadium, Jaipur"
1289042,2021-11-17,T20I,Nigeria,Tanzania,Gahanga International Cricket Stadium. Rwanda
1289043,2021-11-17,T20I,Kenya,Uganda,Integrated Polytechnic Regional Centre
1289044,2021-11-17,T20I,Uganda,Nigeria,Gahanga International Cricket Stadium. Rwanda
1289045,2021-11-17,T20I,Tanzania,Kenya,Integrated Polytechnic Regional Centre
1289285,2021-11-17,T20I,Nepal,Qatar,"West End Park International Cricket Stadium, Doha"
1289046,2021-11-18,T20I,Tanzania,Uganda,Gahanga International Cricket Stadium. Rwanda
1289047,2021-11-18,T20I,Nigeria,Kenya,Integrated Polytechnic Regional Centre
1289048,2021-11-18,T20I,Tanzania,Kenya,Gahanga International Cricket Stadium. Rwanda
1289049,2021-11-18,T20I,Nigeria,Uganda,Integrated Polytechnic Regional Centre
1289286,2021-11-18,T20I,Nepal,Qatar,"West End Park International Cricket Stadium, Doha"
1277974,2021-11-19,T20I,Bangladesh,Pakistan,"Shere Bangla National Stadium, Mirpur"
1278672,2021-11-19,T20I,New Zealand,India,"JSCA International Stadium Complex, Ranchi"
1277975,2021-11-20,T20I,Bangladesh,Pakistan,"Shere Bangla National Stadium, Mirpur"
1289050,2021-11-20,T20I,Tanzania,Uganda,Gahanga International Cricket Stadium. Rwanda
1289051,2021-11-20,T20I,Kenya,Nigeria,Integrated Polytechnic Regional Centre
1289052,2021-11-20,T20I,Kenya,Uganda,Gahanga International Cricket Stadium. Rwanda
1289053,2021-11-20,T20I,Tanzania,Nigeria,Integrated Polytechnic Regional Centre
1278673,2021-11-21,T20I,India,New Zealand,"Eden Gardens, Kolkata"
1277976,2021-11-22,T20I,Bangladesh,Pakistan,"Shere Bangla National Stadium, Mirpur"
1286968,2021-11-22,T20I,United Arab Emirates,Malaysia,"ICC Academy, Dubai"
1286970,2021-11-22,T20I,Bhutan,Kuwait,"ICC Academy, Dubai"
1286971,2021-11-23,T20I,United Arab Emirates,Hong Kong,"ICC Academy, Dubai"
1286972,2021-11-23,T20I,Malaysia,Kuwait,"ICC Academy, Dubai"
1286973,2021-11-23,T20I,Bhutan,Nepal,"ICC Academy Ground No 2, Dubai"
1286974,2021-11-25,T20I,Malaysia,Hong Kong,"ICC Academy Ground No 2, Dubai"
1286975,2021-11-25,T20I,Kuwait,Nepal,"ICC Academy, Dubai"
1286976,2021-11-25,T20I,United Arab Emirates,Bhutan,"ICC Academy Ground No 2, Dubai"
1286978,2021-11-26,T20I,Hong Kong,Bhutan,"ICC Academy, Dubai"
1286979,2021-11-26,T20I,Kuwait,United Arab Emirates,"ICC Academy Ground No 2, Dubai"
1286980,2021-11-28,T20I,United Arab Emirates,Nepal,"ICC Academy Ground No 2, Dubai"
1286981,2021-11-28,T20I,Malaysia,Bhutan,"ICC Academy, Dubai"
1286982,2021-11-28,T20I,Hong Kong,Kuwait,"ICC Academy, Dubai"
1287773,2021-12-13,T20I,Pakistan,West Indies,"National Stadium, Karachi"
1287774,2021-12-14,T20I,Pakistan,West Indies,"National Stadium, Karachi"
1287775,2021-12-16,T20I,West Indies,Pakistan,"National Stadium, Karachi"
1291187,2021-12-22,T20I,United States of America,Ireland,"Central Broward Regional Park Stadium Turf Ground, Lauderhill"
1291188,2021-12-23,T20I,Ireland,United States of America,"Central Broward Regional Park Stadium Turf Ground, Lauderhill"
1296027,2022-01-18,T20I,Malaysia,Bangladesh,"Kinrara Academy Oval, Kuala Lumpur"
1296028,2022-01-18,T20I,Sri Lanka,Scotland,"Kinrara Academy Oval, Kuala Lumpur"
1296029,2022-01-19,T20I,Bangladesh,Kenya,"Kinrara Academy Oval, Kuala Lumpur"
1296030,2022-01-19,T20I,Scotland,Malaysia,"Kinrara Academy Oval, Kuala Lumpur"
1263572,2022-01-20,T20I,England,Australia,Adelaide Oval
1296031,2022-01-20,T20I,Kenya,Sri Lanka,"Kinrara Academy Oval, Kuala Lumpur"
1256720,2022-01-22,T20I,England,West Indies,"Kensington Oval, Bridgetown, Barbados"
1263573,2022-01-22,T20I,England,Australia,Adelaide Oval
1296032,2022-01-22,T20I,Scotland,Kenya,"Kinrara Academy Oval, Kuala Lumpur"
1296033,2022-01-22,T20I,Sri Lanka,Malaysia,"Kinrara Academy Oval, Kuala Lumpur"
1256721,2022-01-23,T20I,England,West Indies,"Kensington Oval, Bridgetown, Barbados"
1296034,2022-01-23,T20I,Scotland,Bangladesh,"Kinrara Academy Oval, Kuala Lumpur"
1296035,2022-01-23,T20I,Kenya,Malaysia,"Kinrara Academy Oval, Kuala Lumpur"
1296036,2022-01-24,T20I,Sri Lanka,Bangladesh,"Kinrara Academy Oval, Kuala Lumpur"
1256722,2022-01-26,T20I,West Indies,England,"Kensington Oval, Bridgetown, Barbados"
1256723,2022-01-29,T20I,England,West Indies,"Kensington Oval, Bridgetown, Barbados"
1256724,2022-01-30,T20I,West Indies,England,"Kensington Oval, Bridgetown, Barbados"
1289031,2022-02-09,T20I,New Zealand,India,"John Davies Oval, Queenstown"
1263471,2022-02-11,T20I,Australia,Sri Lanka,Sydney Cricket Ground
1299593,2022-02-11,T20I,Oman,Nepal,Al Amerat Cricket Ground Oman Cricket (Ministry Turf 1)
1299594,2022-02-12,T20I,Oman,Ireland,Al Amerat Cricket Ground Oman Cricket (Ministry Turf 1)
1299638,2022-02-12,T20I,United Arab Emirates,Nepal,Al Amerat Cricket Ground Oman Cricket (Ministry Turf 1)
1263472,2022-02-13,T20I,Australia,Sri Lanka,Sydney Cricket Ground
1299592,2022-02-13,T20I,United Arab Emirates,Ireland,Al Amerat Cricket Ground Oman Cricket (Ministry Turf 1)
1299595,2022-02-14,T20I,United Arab Emirates,Oman,Al Amerat Cricket Ground Oman Cricket (Ministry Turf 1)
1299596,2022-02-14,T20I,Ireland,Nepal,Al Amerat Cricket Ground Oman Cricket (Ministry Turf 1)
1263473,2022-02-15,T20I,Sri Lanka,Australia,"Manuka Oval, Canberra"
1278679,2022-02-16,T20I,West Indies,India,"Eden Gardens, Kolkata"
1263474,2022-02-18,T20I,Sri Lanka,Australia,Melbourne Cricket Ground
1278680,2022-02-18,T20I,India,West Indies,"Eden Gardens, Kolkata"
1299566,2022-02-18,T20I,Nepal,Oman,Al Amerat Cricket Ground Oman Cricket (Ministry Turf 1)
1299567,2022-02-18,T20I,Canada,Philippines,Al Amerat Cricket Ground Oman Cricket (Ministry Turf 2)
1299568,2022-02-18,T20I,United Arab Emirates,Ireland,Al Amerat Cricket Ground Oman Cricket (Ministry Turf 1)
1299569,2022-02-18,T20I,Germany,Bahrain,Al Amerat Cricket Ground Oman Cricket (Ministry Turf 2)
1299570,2022-02-19,T20I,Canada,Oman,Al Amerat Cricket Ground Oman Cricket (Ministry Turf 1)
1299571,2022-02-19,T20I,Nepal,Philippines,Al Amerat Cricket Ground Oman Cricket (Ministry Turf 2)
1299572,2022-02-19,T20I,United Arab Emirates,Germany,Al Amerat Cricket Ground Oman Cricket (Ministry Turf 1)
1299573,2022-02-19,T20I,Ireland,Bahrain,Al Amerat Cricket Ground Oman Cricket (Ministry Turf 2)
1263475,2022-02-20,T20I,Australia,Sri Lanka,Melbourne Cricket Ground
1278681,2022-02-20,T20I,India,West Indies,"Eden Gardens, Kolkata"
1299574,2022-02-21,T20I,Germany,Ireland,Al Amerat Cricket Ground Oman Cricket (Ministry Turf 1)
1299575,2022-02-21,T20I,Bahrain,United Arab Emirates,Al Amerat Cricket Ground Oman Cricket (Ministry Turf 2)
1299576,2022-02-21,T20I,Canada,Nepal,Al Amerat Cricket Ground Oman Cricket (Ministry Turf 1)
1299577,2022-02-21,T20I,Philippines,Oman,Al Amerat Cricket Ground Oman Cricket (Ministry Turf 2)
1299578,2022-02-22,T20I,Germany,Canada,Al Amerat Cricket Ground Oman Cricket (Ministry Turf 1)
1299579,2022-02-22,T20I,Bahrain,Philippines,Al Amerat Cricket Ground Oman Cricket (Ministry Turf 2)
1299580,2022-02-22,T20I,United Arab Emirates,Nepal,Al Amerat Cricket Ground Oman Cricket (Ministry Turf 1)
1299581,2022-02-22,T20I,Ireland,Oman,Al Amerat Cricket Ground Oman Cricket (Ministry Turf 2)
1278684,2022-02-24,T20I,India,Sri Lanka,"Bharat Ratna Shri Atal Bihari Vajpayee Ekana Cricket Stadium, Lucknow"
1299582,2022-02-24,T20I,Bahrain,Canada,Al Amerat Cricket Ground Oman Cricket (Ministry Turf 1)
1299583,2022-02-24,T20I,Philippines,Germany,Al Amerat Cricket Ground Oman Cricket (Ministry Turf 2)
1299584,2022-02-24,T20I,Oman,Nepal,Al Amerat Cricket Ground Oman Cricket (Ministry Turf 2)
1299585,2022-02-24,T20I,Ireland,United Arab Emirates,Al Amerat Cricket Ground Oman Cricket (Ministry Turf 1)
1278685,2022-02-26,T20I,Sri Lanka,India,"Himachal Pradesh Cricket Association Stadium, Dharamsala"
1278686,2022-02-27,T20I,Sri Lanka,India,"Himachal Pradesh Cricket Association Stadium, Dharamsala"
1306384,2022-03-20,T20I,Qatar,United Arab Emirates,Al Amerat Cricket Ground Oman Cricket (Ministry Turf 2)
1306385,2022-03-20,T20I,Saudi Arabia,Kuwait,Al Amerat Cricket Ground Oman Cricket (Ministry Turf 2)
1306386,2022-03-21,T20I,Qatar,Bahrain,Al Amerat Cricket Ground Oman Cricket (Ministry Turf 2)
1306387,2022-03-21,T20I,Oman,Saudi Arabia,Al Amerat Cricket Ground Oman Cricket (Ministry Turf 2)
1306388,2022-03-21,T20I,United Arab Emirates,Kuwait,Al Amerat Cricket Ground Oman Cricket (Ministry Turf 2)
1306389,2022-03-22,T20I,Bahrain,Saudi Arabia,Al Amerat Cricket Ground Oman Cricket (Ministry Turf 2)
1306390,2022-03-22,T20I,Qatar,Kuwait,Al Amerat Cricket Ground Oman Cricket (Ministry Turf 2)
1306391,2022-03-22,T20I,United Arab Emirates,Oman,Al Amerat Cricket Ground Oman Cricket (Ministry Turf 2)
1306392,2022-03-24,T20I,Oman,Kuwait,Al Amerat Cricket Ground Oman Cricket (Ministry Turf 1)
1306393,2022-03-24,T20I,Saudi Arabia,United Arab Emirates,Al Amerat Cricket Ground Oman Cricket (Ministry Turf 2)
1306394,2022-03-25,T20I,Qatar,Saudi Arabia,Al Amerat Cricket Ground Oman Cricket (Ministry Turf 1)
1306395,2022-03-25,T20I,Kuwait,Bahrain,Al Amerat Cricket Ground Oman Cricket (Ministry Turf 2)
1306396,2022-03-26,T20I,Oman,Qatar,Al Amerat Cricket Ground Oman Cricket (Ministry Turf 1)
1306397,2022-03-26,T20I,United Arab Emirates,Bahrain,Al Amerat Cricket Ground Oman Cricket (Ministry Turf 2)
1305498,2022-03-28,T20I,Nepal,Papua New Guinea,"Tribhuvan University International Cricket Ground, Kirtipur"
1305499,2022-03-29,T20I,Malaysia,Papua New Guinea,"Tribhuvan University International Cricket Ground, Kirtipur"
1305500,2022-03-30,T20I,Malaysia,Nepal,"Tribhuvan University International Cricket Ground, Kirtipur"
1305501,2022-03-31,T20I,Nepal,Papua New Guinea,"Tribhuvan University International Cricket Ground, Kirtipur"
1305502,2022-04-01,T20I,Malaysia,Papua New Guinea,"Tribhuvan University International Cricket Ground, Kirtipur"
1305503,2022-04-02,T20I,Nepal,Malaysia,"Tribhuvan University International Cricket Ground, Kirtipur"
1305504,2022-04-04,T20I,Nepal,Papua New Guinea,"Tribhuvan University International Cricket Ground, Kirtipur"
1288316,2022-04-05,T20I,Pakistan,Australia,"Gaddafi Stadium, Lahore"
1309701,2022-04-08,T20I,Uganda,Namibia,"United Cricket Club Ground, Windhoek"
1309702,2022-04-09,T20I,Namibia,Uganda,"United Cricket Club Ground, Windhoek"
1309703,2022-04-10,T20I,Namibia,Uganda,"United Cricket Club Ground, Windhoek"
1310888,2022-04-20,T20I,Zimbabwe,Namibia,"Centre for Cricket Development Ground, Windhoek"
1310887,2022-04-21,T20I,Zimbabwe,Uganda,"Centre for Cricket Development Ground, Windhoek"
1310889,2022-04-21,T20I,Namibia,Uganda,"Centre for Cricket Development Ground, Windhoek"
1310890,2022-04-22,T20I,Zimbabwe,Uganda,"Centre for Cricket Development Ground, Windhoek"
1310891,2022-04-23,T20I,Namibia,Zimbabwe,"Centre for Cricket Development Ground, Windhoek"
1310892,2022-04-23,T20I,Namibia,Uganda,"Centre for Cricket Development Ground, Windhoek"
1310893,2022-04-24,T20I,Zimbabwe,Uganda,"Centre for Cricket Development Ground, Windhoek"
1310894,2022-04-24,T20I,Zimbabwe,Namibia,"Centre for Cricket Development Ground, Windhoek"
1310895,2022-04-25,T20I,Uganda,Namibia,"Centre for Cricket Development Ground, Windhoek"
1310896,2022-04-26,T20I,Namibia,Zimbabwe,"Centre for Cricket Development Ground, Windhoek"
1311744,2022-04-27,T20I,Hong Kong,United Arab Emirates,"Malek Cricket Ground, Ajman"
1311745,2022-04-28,T20I,United Arab Emirates,Hong Kong,"Malek Cricket Ground, Ajman"
1310161,2022-04-29,T20I,Norway,Guernsey,"Desert Springs Cricket Ground, Almeria"
1311746,2022-04-29,T20I,United Arab Emirates,Hong Kong,"Malek Cricket Ground, Ajman"
1310162,2022-04-30,T20I,Spain,Norway,"Desert Springs Cricket Ground, Almeria"
1310163,2022-04-30,T20I,Norway,Guernsey,"Desert Springs Cricket Ground, Almeria"
1310164,2022-04-30,T20I,Guernsey,Spain,"Desert Springs Cricket Ground, Almeria"
1311747,2022-04-30,T20I,Hong Kong,United Arab Emirates,"Malek Cricket Ground, Ajman"
1310165,2022-05-01,T20I,Spain,Guernsey,"Desert Springs Cricket Ground, Almeria"
1310166,2022-05-01,T20I,Spain,Norway,"Desert Springs Cricket Ground, Almeria"
1310167,2022-05-07,T20I,Denmark,Finland,"Svanholm Park, Brondby"
1310169,2022-05-08,T20I,Denmark,Finland,"Svanholm Park, Brondby"
1310170,2022-05-10,T20I,Gibraltar,Malta,Marsa Sports Club
1310171,2022-05-10,T20I,Malta,Hungary,Marsa Sports Club
1310172,2022-05-10,T20I,Gibraltar,Hungary,Marsa Sports Club
1310173,2022-05-11,T20I,Romania,Malta,Marsa Sports Club
1310174,2022-05-11,T20I,Czech Republic,Gibraltar,Marsa Sports Club
1310175,2022-05-11,T20I,Hungary,Bulgaria,Marsa Sports Club
1310176,2022-05-12,T20I,Malta,Czech Republic,Marsa Sports Club
1310177,2022-05-12,T20I,Czech Republic,Bulgaria,Marsa Sports Club
1310178,2022-05-12,T20I,Romania,Hungary,Marsa Sports Club
1310179,2022-05-13,T20I,Gibraltar,Bulgaria,Marsa Sports Club
1310180,2022-05-13,T20I,Romania,Czech Republic,Marsa Sports Club
1310181,2022-05-13,T20I,Bulgaria,Romania,Marsa Sports Club
1310182,2022-05-14,T20I,Hungary,Czech Republic,Marsa Sports Club
1310183,2022-05-14,T20I,Gibraltar,Romania,Marsa Sports Club
1310184,2022-05-14,T20I,Bulgaria,Malta,Marsa Sports Club
1310185,2022-05-15,T20I,Gibraltar,Bulgaria,Marsa Sports Club
1310186,2022-05-15,T20I,Czech Republic,Hungary,Marsa Sports Club
1310187,2022-05-15,T20I,Romania,Malta,Marsa Sports Club
1314897,2022-05-16,T20I,Uganda,Nepal,"Tribhuvan University International Cricket Ground, Kirtipur"
1310938,2022-05-17,T20I,Zimbabwe,Namibia,"Queens Sports Club, Bulawayo"
1314898,2022-05-17,T20I,Nepal,Uganda,"Tribhuvan University International Cricket Ground, Kirtipur"
1310939,2022-05-19,T20I,Zimbabwe,Namibia,"Queens Sports Club, Bulawayo"
1314899,2022-05-19,T20I,Nepal,Uganda,"Tribhuvan University International Cricket Ground, Kirtipur"
1310188,2022-05-20,T20I,Jersey,Guernsey,"College Field, St Peter Port"
1314900,2022-05-20,T20I,Nepal,Uganda,"Tribhuvan University International Cricket Ground, Kirtipur"
1310940,2022-05-21,T20I,Namibia,Zimbabwe,"Queens Sports Club, Bulawayo"
1314901,2022-05-21,T20I,Nepal,Uganda,"Tribhuvan University International Cricket Ground, Kirtipur"
1310941,2022-05-22,T20I,Zimbabwe,Namibia,"Queens Sports Club, Bulawayo"
1310942,2022-05-24,T20I,Namibia,Zimbabwe,"Queens Sports Club, Bulawayo"
1310981,2022-05-24,T20I,Sri Lanka,Pakistan,"Southend Club Cricket Stadium, Karachi"
1310982,2022-05-26,T20I,Sri Lanka,Pakistan,"Southend Club Cricket Stadium, Karachi"
1310983,2022-05-28,T20I,Sri Lanka,Pakistan,"Southend Club Cricket Stadium, Karachi"
1316642,2022-06-03,T20I,Ireland,South Africa,"Pembroke Cricket Club, Sandymount, Dublin"
1316643,2022-06-06,T20I,Ireland,South Africa,"Pembroke Cricket Club, Sandymount, Dublin"
1307293,2022-06-07,T20I,Sri Lanka,Australia,"R Premadasa Stadium, Colombo"
1307294,2022-06-08,T20I,Sri Lanka,Australia,"R Premadasa Stadium, Colombo"
1316644,2022-06-08,T20I,Ireland,South Africa,"Pembroke Cricket Club, Sandymount, Dublin"
1278687,2022-06-09,T20I,India,South Africa,"Arun Jaitley Stadium, Delhi"
1318357,2022-06-09,T20I,Germany,Austria,Bayer Uerdingen Cricket Ground
1318358,2022-06-09,T20I,Sweden,Germany,Bayer Uerdingen Cricket Ground
1318373,2022-06-09,T20I,Rwanda,Uganda,Gahanga International Cricket Stadium. Rwanda
1318375,2022-06-09,T20I,Brazil,Nigeria,Gahanga International Cricket Stadium. Rwanda
1318359,2022-06-10,T20I,Austria,Germany,Bayer Uerdingen Cricket Ground
1318360,2022-06-10,T20I,Austria,Sweden,Bayer Uerdingen Cricket Ground
1318376,2022-06-10,T20I,Uganda,Kenya,Gahanga International Cricket Stadium. Rwanda
1318377,2022-06-10,T20I,Tanzania,Botswana,Integrated Polytechnic Regional Centre
1318378,2022-06-10,T20I,Rwanda,Brazil,Gahanga International Cricket Stadium. Rwanda
1318379,2022-06-10,T20I,Germany,Nigeria,Integrated Polytechnic Regional Centre
1307295,2022-06-11,T20I,Australia,Sri Lanka,Pallekele International Cricket Stadium
1318361,2022-06-11,T20I,Austria,Sweden,Bayer Uerdingen Cricket Ground
1318362,2022-06-11,T20I,Germany,Sweden,Bayer Uerdingen Cricket Ground
1318380,2022-06-11,T20I,Brazil,Germany,Gahanga International Cricket Stadium. Rwanda
1318381,2022-06-11,T20I,Uganda,Tanzania,Integrated Polytechnic Regional Centre
1318382,2022-06-11,T20I,Rwanda,Kenya,Gahanga International Cricket Stadium. Rwanda
1318383,2022-06-11,T20I,Botswana,Nigeria,Integrated Polytechnic Regional Centre
1278688,2022-06-12,T20I,India,South Africa,"Barabati Stadium, Cuttack"
1278689,2022-06-14,T20I,India,South Africa,"Dr. Y.S. Rajasekhara Reddy ACA-VDCA Cricket Stadium, Visakhapatnam"
1318393,2022-06-15,T20I,Botswana,Rwanda,Gahanga International Cricket Stadium. Rwanda
1318394,2022-06-15,T20I,Uganda,Germany,Integrated Polytechnic Regional Centre
1318395,2022-06-15,T20I,Nigeria,Tanzania,Gahanga International Cricket Stadium. Rwanda
1318396,2022-06-15,T20I,Kenya,Brazil,Integrated Polytechnic Regional Centre
1278690,2022-06-17,T20I,India,South Africa,"Saurashtra Cricket Association Stadium, Rajkot"
1320190,2022-06-17,T20I,Malaysia,Singapore,"Kinrara Academy Oval, Kuala Lumpur"
1320191,2022-06-17,T20I,Nepal,Bhutan,"UKM-YSD Cricket Oval, Bangi"
1320192,2022-06-17,T20I,Oman,United Arab Emirates,"UKM-YSD Cricket Oval, Bangi"
1320193,2022-06-17,T20I,Bahrain,Kuwait,"Kinrara Academy Oval, Kuala Lumpur"
1318404,2022-06-18,T20I,Tanzania,Kenya,Gahanga International Cricket Stadium. Rwanda
1320194,2022-06-18,T20I,Singapore,United Arab Emirates,"Kinrara Academy Oval, Kuala Lumpur"
1320195,2022-06-18,T20I,Hong Kong,Bhutan,"UKM-YSD Cricket Oval, Bangi"
1320196,2022-06-18,T20I,Qatar,Malaysia,"UKM-YSD Cricket Oval, Bangi"
1320197,2022-06-18,T20I,Nepal,Kuwait,"Kinrara Academy Oval, Kuala Lumpur"
1278691,2022-06-19,T20I,India,South Africa,"M Chinnaswamy Stadium, Bangalore"
1320198,2022-06-19,T20I,Bahrain,Hong Kong,"Kinrara Academy Oval, Kuala Lumpur"
1320199,2022-06-19,T20I,Oman,Qatar,"UKM-YSD Cricket Oval, Bangi"
1320200,2022-06-20,T20I,United Arab Emirates,Malaysia,"UKM-YSD Cricket Oval, Bangi"
1320201,2022-06-20,T20I,Bahrain,Nepal,"Kinrara Academy Oval, Kuala Lumpur"
1320202,2022-06-20,T20I,Oman,Singapore,"Kinrara Academy Oval, Kuala Lumpur"
1320203,2022-06-21,T20I,Singapore,Qatar,"UKM-YSD Cricket Oval, Bangi"
1320204,2022-06-21,T20I,Bhutan,Kuwait,"Kinrara Academy Oval, Kuala Lumpur"
1320205,2022-06-21,T20I,Nepal,Hong Kong,"Kinrara Academy Oval, Kuala Lumpur"
1320206,2022-06-22,T20I,Malaysia,Oman,"Kinrara Academy Oval, Kuala Lumpur"
1320207,2022-06-22,T20I,Hong Kong,Kuwait,"UKM-YSD Cricket Oval, Bangi"
1320208,2022-06-22,T20I,United Arab Emirates,Qatar,"Kinrara Academy Oval, Kuala Lumpur"
1320209,2022-06-22,T20I,Bhutan,Bahrain,"UKM-YSD Cricket Oval, Bangi"
1319709,2022-06-23,T20I,India,Sri Lanka,Rangiri Dambulla International Stadium
1317136,2022-06-24,T20I,Serbia,Bulgaria,"National Sports Academy, Sofia"
1320210,2022-06-24,T20I,United Arab Emirates,Nepal,"Kinrara Academy Oval, Kuala Lumpur"
1320211,2022-06-24,T20I,Malaysia,Hong Kong,"Kinrara Academy Oval, Kuala Lumpur"
1317137,2022-06-25,T20I,Serbia,Bulgaria,"National Sports Academy, Sofia"
1319710,2022-06-25,T20I,Sri Lanka,India,Rangiri Dambulla International Stadium
1320212,2022-06-25,T20I,Malaysia,United Arab Emirates,"Kinrara Academy Oval, Kuala Lumpur"
1320997,2022-06-25,T20I,Jersey,Guernsey,"Grainville, St Saviour"
1303307,2022-06-26,T20I,Ireland,India,"The Village, Malahide, Dublin"
1317139,2022-06-26,T20I,Serbia,Bulgaria,"National Sports Academy, Sofia"
1319711,2022-06-27,T20I,India,Sri Lanka,Rangiri Dambulla International Stadium
1303308,2022-06-28,T20I,India,Ireland,"The Village, Malahide, Dublin"
1320969,2022-06-28,T20I,Gibraltar,Belgium,"Meersen, Gent"
1321311,2022-06-28,T20I,Malaysia,Singapore,"Indian Association Ground, Singapore"
1321335,2022-06-28,T20I,Netherlands,Namibia,"Sportpark Harga, Schiedam"
1320973,2022-06-29,T20I,Portugal,Malta,"Meersen, Gent"
1320974,2022-06-29,T20I,Denmark,Gibraltar,"Royal Brussels Cricket Club Ground, Waterloo"
1320975,2022-06-29,T20I,Israel,Spain,"Meersen, Gent"
1320976,2022-06-29,T20I,Hungary,Belgium,"Royal Brussels Cricket Club Ground, Waterloo"
1321312,2022-06-29,T20I,Malaysia,Singapore,"Indian Association Ground, Singapore"
1321313,2022-06-30,T20I,Singapore,Malaysia,"Indian Association Ground, Singapore"
1321336,2022-06-30,T20I,Namibia,Netherlands,"Sportpark Westvliet, Voorburg"
1320977,2022-07-01,T20I,Portugal,Spain,"Meersen, Gent"
1320978,2022-07-01,T20I,Hungary,Gibraltar,"Royal Brussels Cricket Club Ground, Waterloo"
1320979,2022-07-01,T20I,Malta,Israel,"Meersen, Gent"
1320980,2022-07-01,T20I,Belgium,Denmark,"Royal Brussels Cricket Club Ground, Waterloo"
1321337,2022-07-01,T20I,Netherlands,Namibia,"Sportpark Westvliet, Voorburg"
1317149,2022-07-02,T20I,Bangladesh,West Indies,"Windsor Park, Roseau, Dominica"
1320982,2022-07-02,T20I,Belgium,Portugal,"Royal Brussels Cricket Club Ground, Waterloo"
1320984,2022-07-02,T20I,Denmark,Spain,"Royal Brussels Cricket Club Ground, Waterloo"
1321998,2022-07-02,T20I,Malaysia,Bhutan,"UKM-YSD Cricket Oval, Bangi"
1322011,2022-07-02,T20I,Singapore,Papua New Guinea,"Indian Association Ground, Singapore"
1317150,2022-07-03,T20I,West Indies,Bangladesh,"Windsor Park, Roseau, Dominica"
1320985,2022-07-03,T20I,Israel,Hungary,"Royal Brussels Cricket Club Ground, Waterloo"
1320987,2022-07-03,T20I,Gibraltar,Malta,"Royal Brussels Cricket Club Ground, Waterloo"
1322012,2022-07-03,T20I,Singapore,Papua New Guinea,"Indian Association Ground, Singapore"
1320986,2022-07-04,T20I,Spain,Belgium,"Royal Brussels Cricket Club Ground, Waterloo"
1320988,2022-07-04,T20I,Portugal,Denmark,"Royal Brussels Cricket Club Ground, Waterloo"
1322001,2022-07-04,T20I,Thailand,Malaysia,"UKM-YSD Cricket Oval, Bangi"
1322002,2022-07-04,T20I,Bhutan,Maldives,"UKM-YSD Cricket Oval, Bangi"
1322003,2022-07-06,T20I,Thailand,Bhutan,"UKM-YSD Cricket Oval, Bangi"
1322004,2022-07-06,T20I,Maldives,Malaysia,"UKM-YSD Cricket Oval, Bangi"
1276904,2022-07-07,T20I,India,England,"The Rose Bowl, Southampton"
1317151,2022-07-07,T20I,Bangladesh,West Indies,"Providence Stadium, Guyana"
1322005,2022-07-07,T20I,Bhutan,Maldives,"UKM-YSD Cricket Oval, Bangi"
1322006,2022-07-07,T20I,Thailand,Malaysia,"UKM-YSD Cricket Oval, Bangi"
1321305,2022-07-08,T20I,Luxembourg,Austria,"Scott Page Field, Vinor"
1321306,2022-07-08,T20I,Luxembourg,Czech Republic,"Scott Page Field, Vinor"
1322007,2022-07-08,T20I,Maldives,Thailand,"UKM-YSD Cricket Oval, Bangi"
1322018,2022-07-08,T20I,Singapore,Malaysia,"Indian Association Ground, Singapore"
1323550,2022-07-08,T20I,Bulgaria,Serbia,Lisicji Jarak Cricket Ground
1276905,2022-07-09,T20I,India,England,"Edgbaston, Birmingham"
1321307,2022-07-09,T20I,Czech Republic,Austria,"Scott Page Field, Vinor"
1321308,2022-07-09,T20I,Austria,Luxembourg,"Scott Page Field, Vinor"
1322009,2022-07-09,T20I,Bhutan,Thailand,"UKM-YSD Cricket Oval, Bangi"
1322019,2022-07-09,T20I,Malaysia,Singapore,"Indian Association Ground, Singapore"
1323551,2022-07-09,T20I,Bulgaria,Serbia,Lisicji Jarak Cricket Ground
1276906,2022-07-10,T20I,England,India,"Trent Bridge, Nottingham"
1321309,2022-07-10,T20I,Czech Republic,Luxembourg,"Scott Page Field, Vinor"
1321310,2022-07-10,T20I,Austria,Czech Republic,"Scott Page Field, Vinor"
1322020,2022-07-10,T20I,Malaysia,Singapore,"Indian Association Ground, Singapore"
1321465,2022-07-11,T20I,Zimbabwe,Singapore,"Queens Sports Club, Bulawayo"
1321466,2022-07-11,T20I,Jersey,United States of America,Bulawayo Athletic Club
1321467,2022-07-11,T20I,Netherlands,Papua New Guinea,"Queens Sports Club, Bulawayo"
1321468,2022-07-11,T20I,Hong Kong,Uganda,Bulawayo Athletic Club
1322010,2022-07-11,T20I,Bhutan,Malaysia,"UKM-YSD Cricket Oval, Bangi"
1321258,2022-07-12,T20I,Cyprus,Isle of Man,Kerava National Cricket Ground
1321259,2022-07-12,T20I,Finland,Sweden,Tikkurila Cricket Ground
1321260,2022-07-12,T20I,Romania,Turkey,Kerava National Cricket Ground
1321469,2022-07-12,T20I,Zimbabwe,Jersey,"Queens Sports Club, Bulawayo"
1321470,2022-07-12,T20I,United States of America,Singapore,Bulawayo Athletic Club
1321471,2022-07-12,T20I,Hong Kong,Netherlands,"Queens Sports Club, Bulawayo"
1321472,2022-07-12,T20I,Uganda,Papua New Guinea,Bulawayo Athletic Club
1321261,2022-07-13,T20I,Cyprus,Romania,Tikkurila Cricket Ground
1321262,2022-07-13,T20I,Croatia,Sweden,Kerava National Cricket Ground
1321263,2022-07-13,T20I,Isle of Man,Serbia,Tikkurila Cricket Ground
1321264,2022-07-13,T20I,Finland,Italy,Kerava National Cricket Ground
1321473,2022-07-14,T20I,Netherlands,Uganda,"Queens Sports Club, Bulawayo"
1321474,2022-07-14,T20I,Papua New Guinea,Hong Kong,Bulawayo Athletic Club
1321475,2022-07-14,T20I,Zimbabwe,United States of America,"Queens Sports Club, Bulawayo"
1321265,2022-07-15,T20I,Italy,Sweden,Tikkurila Cricket Ground
1321266,2022-07-15,T20I,Turkey,Serbia,Kerava National Cricket Ground
1321267,2022-07-15,T20I,Croatia,Greece,Tikkurila Cricket Ground
1321268,2022-07-15,T20I,Romania,Isle of Man,Kerava National Cricket Ground
1321477,2022-07-15,T20I,Uganda,Jersey,"Queens Sports Club, Bulawayo"
1321478,2022-07-15,T20I,Singapore,Hong Kong,Bulawayo Athletic Club
1321479,2022-07-15,T20I,Zimbabwe,Papua New Guinea,"Queens Sports Club, Bulawayo"
1321480,2022-07-15,T20I,United States of America,Netherlands,Bulawayo Athletic Club
1317635,2022-07-16,T20I,Pakistan,Australia,"Bready Cricket Club, Magheramason, Bready"
1321269,2022-07-16,T20I,Romania,Serbia,Tikkurila Cricket Ground
1321270,2022-07-16,T20I,Finland,Greece,Kerava National Cricket Ground
1321271,2022-07-16,T20I,Cyprus,Turkey,Tikkurila Cricket Ground
1321272,2022-07-16,T20I,Italy,Croatia,Kerava National Cricket Ground
1317636,2022-07-17,T20I,Ireland,Australia,"Bready Cricket Club, Magheramason, Bready"
1321481,2022-07-17,T20I,Uganda,Hong Kong,"Queens Sports Club, Bulawayo"
1321482,2022-07-17,T20I,Singapore,Jersey,Bulawayo Athletic Club
1321483,2022-07-17,T20I,Papua New Guinea,United States of America,Bulawayo Athletic Club
1321484,2022-07-17,T20I,Zimbabwe,Netherlands,"Queens Sports Club, Bulawayo"
1303312,2022-07-18,T20I,New Zealand,Ireland,"Civil Service Cricket Club, Stormont, Belfast"
1321273,2022-07-18,T20I,Sweden,Greece,Tikkurila Cricket Ground
1321274,2022-07-18,T20I,Cyprus,Serbia,Kerava National Cricket Ground
1321275,2022-07-18,T20I,Croatia,Finland,Tikkurila Cricket Ground
1321276,2022-07-18,T20I,Isle of Man,Turkey,Kerava National Cricket Ground
1317637,2022-07-19,T20I,Pakistan,Ireland,"Bready Cricket Club, Magheramason, Bready"
1321277,2022-07-19,T20I,Serbia,Croatia,Tikkurila Cricket Ground
1321278,2022-07-19,T20I,Finland,Cyprus,Kerava National Cricket Ground
1321279,2022-07-19,T20I,Romania,Sweden,Tikkurila Cricket Ground
1321280,2022-07-19,T20I,Isle of Man,Italy,Kerava National Cricket Ground
1303313,2022-07-20,T20I,New Zealand,Ireland,"Civil Service Cricket Club, Stormont, Belfast"
1301331,2022-07-21,T20I,South Africa,England,"County Ground, Chelmsford"
1317638,2022-07-21,T20I,Australia,Ireland,"Bready Cricket Club, Magheramason, Bready"
1303314,2022-07-22,T20I,Ireland,New Zealand,"Civil Service Cricket Club, Stormont, Belfast"
1301332,2022-07-23,T20I,South Africa,England,"County Ground, New Road, Worcester"
1317639,2022-07-23,T20I,Pakistan,Australia,"Bready Cricket Club, Magheramason, Bready"
1321281,2022-07-24,T20I,Austria,Luxembourg,Tikkurila Cricket Ground
1321282,2022-07-24,T20I,Estonia,Norway,Kerava National Cricket Ground
1321283,2022-07-24,T20I,Guernsey,Bulgaria,Tikkurila Cricket Ground
1321284,2022-07-24,T20I,France,Czech Republic,Kerava National Cricket Ground
1301333,2022-07-25,T20I,England,South Africa,"County Ground, Derby"
1321286,2022-07-25,T20I,Austria,Slovenia,Kerava National Cricket Ground
1321287,2022-07-25,T20I,France,Switzerland,Tikkurila Cricket Ground
1321288,2022-07-25,T20I,Guernsey,Luxembourg,Kerava National Cricket Ground
1276913,2022-07-27,T20I,England,South Africa,"County Ground, Bristol"
1307477,2022-07-27,T20I,New Zealand,Scotland,"Grange Cricket Club Ground, Raeburn Place, Edinburgh"
1321289,2022-07-27,T20I,Guernsey,Austria,Tikkurila Cricket Ground
1321290,2022-07-27,T20I,Switzerland,Estonia,Kerava National Cricket Ground
1321291,2022-07-27,T20I,Slovenia,Bulgaria,Tikkurila Cricket Ground
1321292,2022-07-27,T20I,France,Norway,Kerava National Cricket Ground
1276914,2022-07-28,T20I,South Africa,England,"Sophia Gardens, Cardiff"
1321293,2022-07-28,T20I,Norway,Switzerland,Tikkurila Cricket Ground
1321294,2022-07-28,T20I,Luxembourg,Bulgaria,Kerava National Cricket Ground
1321295,2022-07-28,T20I,Czech Republic,Estonia,Tikkurila Cricket Ground
1321296,2022-07-28,T20I,Slovenia,Guernsey,Kerava National Cricket Ground
1289259,2022-07-29,T20I,India,Australia,"Edgbaston, Birmingham"
1289260,2022-07-29,T20I,Barbados,Pakistan,"Edgbaston, Birmingham"
1307478,2022-07-29,T20I,New Zealand,Scotland,"Grange Cricket Club Ground, Raeburn Place, Edinburgh"
1317903,2022-07-29,T20I,India,West Indies,"Brian Lara Stadium, Tarouba, Trinidad"
1289261,2022-07-30,T20I,New Zealand,South Africa,"Edgbaston, Birmingham"
1289262,2022-07-30,T20I,Sri Lanka,England,"Edgbaston, Birmingham"
1321298,2022-07-30,T20I,Switzerland,Czech Republic,Kerava National Cricket Ground
1321299,2022-07-30,T20I,Luxembourg,Slovenia,Tikkurila Cricket Ground
1323295,2022-07-30,T20I,Zimbabwe,Bangladesh,Harare Sports Club
1276915,2022-07-31,T20I,South Africa,England,"The Rose Bowl, Southampton"
1289263,2022-07-31,T20I,Pakistan,India,"Edgbaston, Birmingham"
1289264,2022-07-31,T20I,Barbados,Australia,"Edgbaston, Birmingham"
1321301,2022-07-31,T20I,Bulgaria,Czech Republic,Tikkurila Cricket Ground
1321302,2022-07-31,T20I,Guernsey,France,Kerava National Cricket Ground
1321303,2022-07-31,T20I,Luxembourg,Switzerland,Tikkurila Cricket Ground
1321304,2022-07-31,T20I,Norway,Austria,Kerava National Cricket Ground
1323296,2022-07-31,T20I,Zimbabwe,Bangladesh,Harare Sports Club
1317904,2022-08-01,T20I,India,West Indies,"Warner Park, Basseterre, St Kitts"
1289265,2022-08-02,T20I,England,South Africa,"Edgbaston, Birmingham"
1289266,2022-08-02,T20I,New Zealand,Sri Lanka,"Edgbaston, Birmingham"
1317905,2022-08-02,T20I,West Indies,India,"Warner Park, Basseterre, St Kitts"
1323297,2022-08-02,T20I,Zimbabwe,Bangladesh,Harare Sports Club
1289267,2022-08-03,T20I,Australia,Pakistan,"Edgbaston, Birmingham"
1289268,2022-08-03,T20I,India,Barbados,"Edgbaston, Birmingham"
1303315,2022-08-03,T20I,South Africa,Ireland,"County Ground, Bristol"
1289269,2022-08-04,T20I,Sri Lanka,South Africa,"Edgbaston, Birmingham"
1289270,2022-08-04,T20I,New Zealand,England,"Edgbaston, Birmingham"
1310901,2022-08-04,T20I,New Zealand,Netherlands,"Sportpark Westvliet, The Hague"
1303316,2022-08-05,T20I,South Africa,Ireland,"County Ground, Bristol"
1310902,2022-08-05,T20I,Netherlands,New Zealand,"Sportpark Westvliet, The Hague"
1289271,2022-08-06,T20I,India,England,"Edgbaston, Birmingham"
1289272,2022-08-06,T20I,New Zealand,Australia,"Edgbaston, Birmingham"
1317906,2022-08-06,T20I,India,West Indies,"Central Broward Regional Park Stadium Turf Ground, Lauderhill"
1289273,2022-08-07,T20I,England,New Zealand,"Edgbaston, Birmingham"
1289274,2022-08-07,T20I,Australia,India,"Edgbaston, Birmingham"
1317907,2022-08-07,T20I,India,West Indies,"Central Broward Regional Park Stadium Turf Ground, Lauderhill"
1317908,2022-08-10,T20I,New Zealand,West Indies,"Sabina Park, Kingston, Jamaica"
1317909,2022-08-12,T20I,New Zealand,West Indies,"Sabina Park, Kingston, Jamaica"
1328470,2022-08-13,T20I,Kuwait,Bahrain,Al Amerat Cricket Ground Oman Cricket (Ministry Turf 1)
1317910,2022-08-14,T20I,New Zealand,West Indies,"Sabina Park, Kingston, Jamaica"
1328471,2022-08-14,T20I,Bahrain,Kuwait,Al Amerat Cricket Ground Oman Cricket (Ministry Turf 1)
1328473,2022-08-17,T20I,Kuwait,Bahrain,Al Amerat Cricket Ground Oman Cricket (Ministry Turf 1)
1328849,2022-08-20,T20I,Hong Kong,Singapore,Al Amerat Cricket Ground Oman Cricket (Ministry Turf 1)
1328850,2022-08-21,T20I,United Arab Emirates,Kuwait,Al Amerat Cricket Ground Oman Cricket (Ministry Turf 1)
1328851,2022-08-22,T20I,United Arab Emirates,Singapore,Al Amerat Cricket Ground Oman Cricket (Ministry Turf 1)
1328852,2022-08-23,T20I,Kuwait,Hong Kong,Al Amerat Cricket Ground Oman Cricket (Ministry Turf 1)
1328853,2022-08-24,T20I,Singapore,Kuwait,Al Amerat Cricket Ground Oman Cricket (Ministry Turf 1)
1328854,2022-08-24,T20I,United Arab Emirates,Hong Kong,Al Amerat Cricket Ground Oman Cricket (Ministry Turf 1)
1328474,2022-08-25,T20I,Kenya,Nepal,"Gymkhana Club Ground, Nairobi"
1327270,2022-08-28,T20I,Pakistan,India,Dubai International Cricket Stadium
1328476,2022-08-28,T20I,Kenya,Nepal,"Gymkhana Club Ground, Nairobi"
1328477,2022-08-29,T20I,Kenya,Nepal,"Gymkhana Club Ground, Nairobi"
1328478,2022-08-30,T20I,Nepal,Kenya,"Gymkhana Club Ground, Nairobi"
1327272,2022-08-31,T20I,India,Hong Kong,Dubai International Cricket Stadium
1327273,2022-09-01,T20I,Bangladesh,Sri Lanka,Dubai International Cricket Stadium
1327274,2022-09-02,T20I,Pakistan,Hong Kong,Sharjah Cricket Stadium
1327276,2022-09-04,T20I,India,Pakistan,Dubai International Cricket Stadium
1330807,2022-09-05,T20I,Scotland,Ireland,"Grange Cricket Club Ground, Raeburn Place, Edinburgh"
1327277,2022-09-06,T20I,India,Sri Lanka,Dubai International Cricket Stadium
1330808,2022-09-06,T20I,Scotland,Ireland,"Grange Cricket Club Ground, Raeburn Place, Edinburgh"
1327280,2022-09-09,T20I,Pakistan,Sri Lanka,Dubai International Cricket Stadium
1301334,2022-09-10,T20I,India,England,"Riverside Ground, Chester-le-Street"
1333920,2022-09-10,T20I,Cook Islands,Fiji,"Independence Park, Port Vila"
1333921,2022-09-10,T20I,Samoa,Vanuatu,"Independence Park, Port Vila"
1327281,2022-09-11,T20I,Sri Lanka,Pakistan,Dubai International Cricket Stadium
1333922,2022-09-11,T20I,Vanuatu,Cook Islands,"Independence Park, Port Vila"
1333923,2022-09-11,T20I,Samoa,Fiji,"Independence Park, Port Vila"
1329247,2022-09-12,T20I,Zimbabwe,United Arab Emirates,"ICC Academy, Dubai"
1301335,2022-09-13,T20I,England,India,"County Ground, Derby"
1329250,2022-09-13,T20I,United States of America,United Arab Emirates,"ICC Academy, Dubai"
1333924,2022-09-13,T20I,Samoa,Cook Islands,"Independence Park, Port Vila"
1333925,2022-09-13,T20I,Vanuatu,Fiji,"Independence Park, Port Vila"
1333926,2022-09-14,T20I,Samoa,Vanuatu,"Independence Park, Port Vila"
1333927,2022-09-14,T20I,Fiji,Cook Islands,"Independence Park, Port Vila"
1301336,2022-09-15,T20I,India,England,"County Ground, Bristol"
1332496,2022-09-15,T20I,Botswana,Uganda,"Willowmoore Park, Benoni"
1333928,2022-09-15,T20I,Fiji,Samoa,"Independence Park, Port Vila"
1333929,2022-09-15,T20I,Vanuatu,Cook Islands,"Independence Park, Port Vila"
1332498,2022-09-16,T20I,Ghana,Mozambique,"Willowmoore Park, Benoni"
1332497,2022-09-17,T20I,Kenya,Tanzania,"Willowmoore Park, Benoni"
1331384,2022-09-18,T20I,United Arab Emirates,Thailand,"Sheikh Zayed Stadium, Abu Dhabi"
1331385,2022-09-18,T20I,Bangladesh,Ireland,"Sheikh Zayed Stadium, Abu Dhabi"
1331386,2022-09-18,T20I,Papua New Guinea,Zimbabwe,"Tolerance Oval, Abu Dhabi"
1331387,2022-09-18,T20I,Scotland,United States of America,"Tolerance Oval, Abu Dhabi"
1332503,2022-09-18,T20I,Uganda,Mozambique,"Willowmoore Park, Benoni"
1332507,2022-09-18,T20I,Botswana,Ghana,"Willowmoore Park, Benoni"
1331388,2022-09-19,T20I,Thailand,Zimbabwe,"Sheikh Zayed Stadium, Abu Dhabi"
1331389,2022-09-19,T20I,Scotland,Bangladesh,"Sheikh Zayed Stadium, Abu Dhabi"
1331390,2022-09-19,T20I,Papua New Guinea,United Arab Emirates,"Tolerance Oval, Abu Dhabi"
1331391,2022-09-19,T20I,United States of America,Ireland,"Tolerance Oval, Abu Dhabi"
1332504,2022-09-19,T20I,Botswana,Mozambique,"Willowmoore Park, Benoni"
1332506,2022-09-19,T20I,Cameroon,Kenya,"Willowmoore Park, Benoni"
1327228,2022-09-20,T20I,Pakistan,England,"National Stadium, Karachi"
1327503,2022-09-20,T20I,India,Australia,"Punjab Cricket Association IS Bindra Stadium, Mohali, Chandigarh"
1332501,2022-09-20,T20I,Ghana,Uganda,"Willowmoore Park, Benoni"
1332505,2022-09-20,T20I,Tanzania,Malawi,"Willowmoore Park, Benoni"
1331392,2022-09-21,T20I,Bangladesh,United States of America,"Sheikh Zayed Stadium, Abu Dhabi"
1331394,2022-09-21,T20I,Ireland,Scotland,"Tolerance Oval, Abu Dhabi"
1331395,2022-09-21,T20I,Zimbabwe,United Arab Emirates,"Tolerance Oval, Abu Dhabi"
1332508,2022-09-21,T20I,Kenya,Uganda,"Willowmoore Park, Benoni"
1332509,2022-09-21,T20I,Botswana,Tanzania,"Willowmoore Park, Benoni"
1327229,2022-09-22,T20I,England,Pakistan,"National Stadium, Karachi"
1332510,2022-09-22,T20I,Tanzania,Uganda,"Willowmoore Park, Benoni"
1327230,2022-09-23,T20I,England,Pakistan,"National Stadium, Karachi"
1327504,2022-09-23,T20I,Australia,India,"Vidarbha Cricket Association Stadium, Jamtha, Nagpur"
1331396,2022-09-23,T20I,Ireland,Zimbabwe,"Sheikh Zayed Stadium, Abu Dhabi"
1331397,2022-09-23,T20I,Scotland,United Arab Emirates,"Tolerance Oval, Abu Dhabi"
1331398,2022-09-23,T20I,Bangladesh,Thailand,"Sheikh Zayed Stadium, Abu Dhabi"
1331399,2022-09-23,T20I,United States of America,Papua New Guinea,"Tolerance Oval, Abu Dhabi"
1327231,2022-09-25,T20I,Pakistan,England,"National Stadium, Karachi"
1327505,2022-09-25,T20I,Australia,India,"Rajiv Gandhi International Stadium, Uppal, Hyderabad"
1331400,2022-09-25,T20I,Zimbabwe,Thailand,"Sheikh Zayed Stadium, Abu Dhabi"
1331401,2022-09-25,T20I,Bangladesh,Ireland,"Sheikh Zayed Stadium, Abu Dhabi"
1331402,2022-09-25,T20I,United States of America,United Arab Emirates,"Tolerance Oval, Abu Dhabi"
1331403,2022-09-25,T20I,Scotland,Papua New Guinea,"Tolerance Oval, Abu Dhabi"
1336031,2022-09-25,T20I,Bangladesh,United Arab Emirates,Dubai International Cricket Stadium
1336032,2022-09-27,T20I,Bangladesh,United Arab Emirates,Dubai International Cricket Stadium
1327232,2022-09-28,T20I,Pakistan,England,"Gaddafi Stadium, Lahore"
1327506,2022-09-28,T20I,South Africa,India,"Greenfield International Stadium, Thiruvananthapuram"
1334415,2022-09-28,T20I,West Indies,New Zealand,"Sir Vivian Richards Stadium, North Sound, Antigua"
1327233,2022-09-30,T20I,Pakistan,England,"Gaddafi Stadium, Lahore"
1334416,2022-10-01,T20I,West Indies,New Zealand,"Sir Vivian Richards Stadium, North Sound, Antigua"
1335785,2022-10-01,T20I,Thailand,Bangladesh,"Sylhet International Cricket Stadium, Academy Ground"
1335786,2022-10-01,T20I,India,Sri Lanka,"Sylhet International Cricket Stadium, Academy Ground"
1327234,2022-10-02,T20I,England,Pakistan,"Gaddafi Stadium, Lahore"
1327507,2022-10-02,T20I,India,South Africa,"Barsapara Cricket Stadium, Guwahati"
1334417,2022-10-02,T20I,West Indies,New Zealand,"Sir Vivian Richards Stadium, North Sound, Antigua"
1335787,2022-10-02,T20I,Malaysia,Pakistan,"Sylhet International Cricket Stadium, Academy Ground"
1335788,2022-10-02,T20I,Sri Lanka,United Arab Emirates,"Sylhet International Cricket Stadium, Academy Ground"
1335789,2022-10-03,T20I,Bangladesh,Pakistan,"Sylhet International Cricket Stadium, Academy Ground"
1335790,2022-10-03,T20I,India,Malaysia,"Sylhet International Cricket Stadium, Academy Ground"
1327508,2022-10-04,T20I,South Africa,India,"Holkar Cricket Stadium, Indore"
1335791,2022-10-04,T20I,Sri Lanka,Thailand,"Sylhet International Cricket Stadium, Academy Ground"
1335792,2022-10-04,T20I,India,United Arab Emirates,"Sylhet International Cricket Stadium, Academy Ground"
1317482,2022-10-05,T20I,West Indies,Australia,Carrara Oval
1334418,2022-10-05,T20I,New Zealand,West Indies,"Sir Vivian Richards Stadium, North Sound, Antigua"
1335793,2022-10-05,T20I,Malaysia,United Arab Emirates,"Sylhet International Cricket Stadium, Academy Ground"
1334419,2022-10-06,T20I,West Indies,New Zealand,"Sir Vivian Richards Stadium, North Sound, Antigua"
1335794,2022-10-06,T20I,Pakistan,Thailand,Sylhet International Cricket Stadium
1335795,2022-10-06,T20I,Bangladesh,Malaysia,Sylhet International Cricket Stadium
1317483,2022-10-07,T20I,Australia,West Indies,"Brisbane Cricket Ground, Woolloongabba, Brisbane"
1322334,2022-10-07,T20I,Pakistan,Bangladesh,"Hagley Oval, Christchurch"
1335796,2022-10-07,T20I,Thailand,United Arab Emirates,Sylhet International Cricket Stadium
1335797,2022-10-07,T20I,Pakistan,India,Sylhet International Cricket Stadium
1322335,2022-10-08,T20I,New Zealand,Pakistan,"Hagley Oval, Christchurch"
1335798,2022-10-08,T20I,Sri Lanka,Malaysia,Sylhet International Cricket Stadium
1335799,2022-10-08,T20I,India,Bangladesh,Sylhet International Cricket Stadium
1317486,2022-10-09,T20I,England,Australia,Perth Stadium
1322336,2022-10-09,T20I,Bangladesh,New Zealand,"Hagley Oval, Christchurch"
1335800,2022-10-09,T20I,Thailand,Malaysia,Sylhet International Cricket Stadium
1335801,2022-10-09,T20I,Pakistan,United Arab Emirates,Sylhet International Cricket Stadium
1333931,2022-10-10,T20I,Japan,Indonesia,Sano International Cricket Ground
1335802,2022-10-10,T20I,Sri Lanka,Bangladesh,Sylhet International Cricket Stadium
1335803,2022-10-10,T20I,Thailand,India,Sylhet International Cricket Stadium
1322337,2022-10-11,T20I,Pakistan,New Zealand,"Hagley Oval, Christchurch"
1333932,2022-10-11,T20I,Japan,Indonesia,Sano International Cricket Ground
1335805,2022-10-11,T20I,Sri Lanka,Pakistan,Sylhet International Cricket Stadium
1317487,2022-10-12,T20I,England,Australia,"Manuka Oval, Canberra"
1322338,2022-10-12,T20I,New Zealand,Bangladesh,"Hagley Oval, Christchurch"
1322339,2022-10-13,T20I,Bangladesh,Pakistan,"Hagley Oval, Christchurch"
1335806,2022-10-13,T20I,India,Thailand,Sylhet International Cricket Stadium
1335807,2022-10-13,T20I,Sri Lanka,Pakistan,Sylhet International Cricket Stadium
1317488,2022-10-14,T20I,England,Australia,"Manuka Oval, Canberra"
1322340,2022-10-14,T20I,New Zealand,Pakistan,"Hagley Oval, Christchurch"
1335808,2022-10-15,T20I,Sri Lanka,India,Sylhet International Cricket Stadium
1336951,2022-10-15,T20I,Indonesia,South Korea,Sano International Cricket Ground
1336952,2022-10-15,T20I,Japan,South Korea,Sano International Cricket Ground
1298135,2022-10-16,T20I,Namibia,Sri Lanka,"GMHBA Stadium, South Geelong, Victoria"
1298136,2022-10-16,T20I,United Arab Emirates,Netherlands,"GMHBA Stadium, South Geelong, Victoria"
1336953,2022-10-16,T20I,Indonesia,Japan,Sano International Cricket Ground
1298137,2022-10-17,T20I,Scotland,West Indies,"Bellerive Oval, Hobart"
1298138,2022-10-17,T20I,Zimbabwe,Ireland,"Bellerive Oval, Hobart"
1298139,2022-10-18,T20I,Namibia,Netherlands,"GMHBA Stadium, South Geelong, Victoria"
1298140,2022-10-18,T20I,Sri Lanka,United Arab Emirates,"GMHBA Stadium, South Geelong, Victoria"
1336955,2022-10-18,T20I,Japan,Indonesia,Sano International Cricket Ground
1336956,2022-10-18,T20I,South Korea,Indonesia,Sano International Cricket Ground
1298141,2022-10-19,T20I,Scotland,Ireland,"Bellerive Oval, Hobart"
1298142,2022-10-19,T20I,West Indies,Zimbabwe,"Bellerive Oval, Hobart"
1298143,2022-10-20,T20I,Sri Lanka,Netherlands,"GMHBA Stadium, South Geelong, Victoria"
1298144,2022-10-20,T20I,United Arab Emirates,Namibia,"GMHBA Stadium, South Geelong, Victoria"
1298145,2022-10-21,T20I,West Indies,Ireland,"Bellerive Oval, Hobart"
1298146,2022-10-21,T20I,Scotland,Zimbabwe,"Bellerive Oval, Hobart"
1298147,2022-10-22,T20I,New Zealand,Australia,Sydney Cricket Ground
1298149,2022-10-23,T20I,Ireland,Sri Lanka,"Bellerive Oval, Hobart"
1298150,2022-10-23,T20I,Pakistan,India,Melbourne Cricket Ground
1298151,2022-10-24,T20I,Bangladesh,Netherlands,"Bellerive Oval, Hobart"
1298152,2022-10-24,T20I,Zimbabwe,South Africa,"Bellerive Oval, Hobart"
1298153,2022-10-25,T20I,Sri Lanka,Australia,Perth Stadium
1298154,2022-10-26,T20I,Ireland,England,Melbourne Cricket Ground
1298156,2022-10-27,T20I,South Africa,Bangladesh,Sydney Cricket Ground
1298157,2022-10-27,T20I,India,Netherlands,Sydney Cricket Ground
1298158,2022-10-27,T20I,Zimbabwe,Pakistan,Perth Stadium
1336979,2022-10-27,T20I,Japan,Hong Kong,Kaizuka Cricket Ground
1336980,2022-10-28,T20I,Japan,Hong Kong,Kaizuka Cricket Ground
1298161,2022-10-29,T20I,New Zealand,Sri Lanka,Sydney Cricket Ground
1336981,2022-10-29,T20I,Hong Kong,Japan,Kaizuka Cricket Ground
1298162,2022-10-30,T20I,Bangladesh,Zimbabwe,"Brisbane Cricket Ground, Woolloongabba, Brisbane"
1298163,2022-10-30,T20I,Netherlands,Pakistan,Perth Stadium
1298164,2022-10-30,T20I,India,South Africa,Perth Stadium
1336982,2022-10-30,T20I,Hong Kong,Japan,Kaizuka Cricket Ground
1298165,2022-10-31,T20I,Australia,Ireland,"Brisbane Cricket Ground, Woolloongabba, Brisbane"
1298167,2022-11-01,T20I,England,New Zealand,"Brisbane Cricket Ground, Woolloongabba, Brisbane"
1298168,2022-11-02,T20I,Zimbabwe,Netherlands,Adelaide Oval
1298169,2022-11-02,T20I,India,Bangladesh,Adelaide Oval
1298170,2022-11-03,T20I,Pakistan,South Africa,Sydney Cricket Ground
1298171,2022-11-04,T20I,New Zealand,Ireland,Adelaide Oval
1339205,2022-11-04,T20I,Italy,Germany,"Desert Springs Cricket Ground, Almeria"
1298173,2022-11-05,T20I,Sri Lanka,England,Sydney Cricket Ground
1339207,2022-11-05,T20I,Italy,Spain,"Desert Springs Cricket Ground, Almeria"
1339208,2022-11-05,T20I,Germany,Spain,"Desert Springs Cricket Ground, Almeria"
1298174,2022-11-06,T20I,Netherlands,South Africa,Adelaide Oval
1298175,2022-11-06,T20I,Bangladesh,Pakistan,Adelaide Oval
1298176,2022-11-06,T20I,India,Zimbabwe,Melbourne Cricket Ground
1339209,2022-11-06,T20I,Spain,Germany,"Desert Springs Cricket Ground, Almeria"
1339210,2022-11-06,T20I,Italy,Spain,"Desert Springs Cricket Ground, Almeria"
1298177,2022-11-09,T20I,New Zealand,Pakistan,Sydney Cricket Ground
1298178,2022-11-10,T20I,India,England,Adelaide Oval
1308236,2022-11-12,T20I,Pakistan,Ireland,"Gaddafi Stadium, Lahore"
1298179,2022-11-13,T20I,Pakistan,England,Melbourne Cricket Ground
1339555,2022-11-13,T20I,Spain,Norway,"Desert Springs Cricket Ground, Almeria"
1308237,2022-11-14,T20I,Ireland,Pakistan,"Gaddafi Stadium, Lahore"
1339558,2022-11-14,T20I,Spain,Sweden,"Desert Springs Cricket Ground, Almeria"
1344782,2022-11-14,T20I,Saudi Arabia,Oman,Al Amerat Cricket Ground Oman Cricket (Ministry Turf 1)
1344783,2022-11-14,T20I,Bahrain,Canada,Al Amerat Cricket Ground Oman Cricket (Ministry Turf 1)
1344784,2022-11-15,T20I,Canada,Saudi Arabia,Al Amerat Cricket Ground Oman Cricket (Ministry Turf 1)
1344785,2022-11-15,T20I,Oman,Bahrain,Al Amerat Cricket Ground Oman Cricket (Ministry Turf 1)
1308238,2022-11-16,T20I,Ireland,Pakistan,"Gaddafi Stadium, Lahore"
1344786,2022-11-16,T20I,Bahrain,Saudi Arabia,Al Amerat Cricket Ground Oman Cricket (Ministry Turf 1)
1344787,2022-11-16,T20I,Canada,Oman,Al Amerat Cricket Ground Oman Cricket (Ministry Turf 1)
1343740,2022-11-17,T20I,Botswana,Rwanda,Gahanga International Cricket Stadium. Rwanda
1343741,2022-11-17,T20I,Lesotho,Mali,Integrated Polytechnic Regional Centre
1343742,2022-11-17,T20I,Kenya,St Helena,Gahanga International Cricket Stadium. Rwanda
1343743,2022-11-17,T20I,Botswana,Seychelles,Integrated Polytechnic Regional Centre
1344788,2022-11-17,T20I,Saudi Arabia,Oman,Al Amerat Cricket Ground Oman Cricket (Ministry Turf 1)
1344789,2022-11-17,T20I,Canada,Bahrain,Al Amerat Cricket Ground Oman Cricket (Ministry Turf 1)
1343744,2022-11-18,T20I,Rwanda,St Helena,Gahanga International Cricket Stadium. Rwanda
1343745,2022-11-18,T20I,Lesotho,Botswana,Integrated Polytechnic Regional Centre
1343746,2022-11-18,T20I,Kenya,Malawi,Gahanga International Cricket Stadium. Rwanda
1343747,2022-11-18,T20I,Seychelles,Mali,Integrated Polytechnic Regional Centre
1344790,2022-11-19,T20I,Canada,Saudi Arabia,Al Amerat Cricket Ground Oman Cricket (Ministry Turf 1)
1344791,2022-11-19,T20I,Oman,Bahrain,Al Amerat Cricket Ground Oman Cricket (Ministry Turf 1)
1322276,2022-11-20,T20I,India,New Zealand,"Bay Oval, Mount Maunganui"
1343749,2022-11-20,T20I,Mali,Kenya,Integrated Polytechnic Regional Centre
1343750,2022-11-20,T20I,Rwanda,Kenya,Gahanga International Cricket Stadium. Rwanda
1344792,2022-11-20,T20I,Oman,Canada,Al Amerat Cricket Ground Oman Cricket (Ministry Turf 1)
1344793,2022-11-20,T20I,Bahrain,Saudi Arabia,Al Amerat Cricket Ground Oman Cricket (Ministry Turf 1)
1343753,2022-11-21,T20I,Kenya,Lesotho,Integrated Polytechnic Regional Centre
1344794,2022-11-21,T20I,Saudi Arabia,Bahrain,Al Amerat Cricket Ground Oman Cricket (Ministry Turf 1)
1344795,2022-11-21,T20I,Oman,Canada,Al Amerat Cricket Ground Oman Cricket (Ministry Turf 1)
1322277,2022-11-22,T20I,New Zealand,India,"McLean Park, Napier"
1343756,2022-11-22,T20I,Mali,Botswana,Gahanga International Cricket Stadium. Rwanda
1343757,2022-11-22,T20I,St Helena,Lesotho,Integrated Polytechnic Regional Centre
1343758,2022-11-22,T20I,Seychelles,Malawi,Gahanga International Cricket Stadium. Rwanda
1343760,2022-11-24,T20I,St Helena,Malawi,Gahanga International Cricket Stadium. Rwanda
1343761,2022-11-24,T20I,Rwanda,Seychelles,Integrated Polytechnic Regional Centre
1343762,2022-11-24,T20I,Botswana,Kenya,Gahanga International Cricket Stadium. Rwanda
1343763,2022-11-24,T20I,Mali,Rwanda,Integrated Polytechnic Regional Centre
1343764,2022-11-25,T20I,Seychelles,Kenya,Gahanga International Cricket Stadium. Rwanda
1343767,2022-11-25,T20I,Rwanda,Lesotho,Integrated Polytechnic Regional Centre
1344507,2022-11-29,T20I,Netherlands,Thailand,Royal Chiangmai Golf Club
1344508,2022-11-30,T20I,Thailand,Netherlands,Royal Chiangmai Golf Club
1343768,2022-12-01,T20I,Sierra Leone,Tanzania,Gahanga International Cricket Stadium. Rwanda
1343770,2022-12-01,T20I,Mozambique,Nigeria,Gahanga International Cricket Stadium. Rwanda
1343771,2022-12-01,T20I,Gambia,Eswatini,Integrated Polytechnic Regional Centre
1343772,2022-12-02,T20I,Sierra Leone,Nigeria,Gahanga International Cricket Stadium. Rwanda
1343773,2022-12-02,T20I,Ghana,Mozambique,Integrated Polytechnic Regional Centre
1343774,2022-12-02,T20I,Cameroon,Sierra Leone,Gahanga International Cricket Stadium. Rwanda
1343775,2022-12-02,T20I,Eswatini,Mozambique,Integrated Polytechnic Regional Centre
1344509,2022-12-02,T20I,Netherlands,Thailand,Royal Chiangmai Golf Club
1344619,2022-12-02,T20I,New Zealand,Bangladesh,"Hagley Oval, Christchurch"
1344510,2022-12-03,T20I,Thailand,Netherlands,Royal Chiangmai Golf Club
1343776,2022-12-04,T20I,Cameroon,Mozambique,Gahanga International Cricket Stadium. Rwanda
1343777,2022-12-04,T20I,Nigeria,Eswatini,Integrated Polytechnic Regional Centre
1343778,2022-12-04,T20I,Ghana,Tanzania,Gahanga International Cricket Stadium. Rwanda
1344620,2022-12-04,T20I,New Zealand,Bangladesh,"University Oval, Dunedin"
1343780,2022-12-05,T20I,Mozambique,Tanzania,Gahanga International Cricket Stadium. Rwanda
1343781,2022-12-05,T20I,Sierra Leone,Eswatini,Integrated Polytechnic Regional Centre
1343782,2022-12-05,T20I,Cameroon,Nigeria,Gahanga International Cricket Stadium. Rwanda
1343783,2022-12-05,T20I,Ghana,Sierra Leone,Integrated Polytechnic Regional Centre
1343784,2022-12-06,T20I,Tanzania,Eswatini,Gahanga International Cricket Stadium. Rwanda
1343785,2022-12-06,T20I,Gambia,Sierra Leone,Integrated Polytechnic Regional Centre
1343786,2022-12-06,T20I,Gambia,Tanzania,Gahanga International Cricket Stadium. Rwanda
1344621,2022-12-07,T20I,New Zealand,Bangladesh,"John Davies Oval, Queenstown"
1343788,2022-12-08,T20I,Ghana,Gambia,Gahanga International Cricket Stadium. Rwanda
1343790,2022-12-08,T20I,Nigeria,Tanzania,Gahanga International Cricket Stadium. Rwanda
1343791,2022-12-08,T20I,Mozambique,Gambia,Integrated Polytechnic Regional Centre
1343793,2022-12-09,T20I,Gambia,Cameroon,Integrated Polytechnic Regional Centre
1343794,2022-12-09,T20I,Ghana,Nigeria,Gahanga International Cricket Stadium. Rwanda
1343795,2022-12-09,T20I,Tanzania,Cameroon,Integrated Polytechnic Regional Centre
1345424,2022-12-09,T20I,India,Australia,"Dr DY Patil Sports Academy, Mumbai"
1343934,2022-12-11,T20I,West Indies,England,"Sir Vivian Richards Stadium, North Sound, Antigua"
1345425,2022-12-11,T20I,Australia,India,"Dr DY Patil Sports Academy, Mumbai"
1349124,2022-12-13,T20I,Tanzania,Rwanda,"Gahanga International Cricket Stadium, Rwanda"
1343935,2022-12-14,T20I,England,West Indies,"Kensington Oval, Bridgetown, Barbados"
1345426,2022-12-14,T20I,Australia,India,"Brabourne Stadium, Mumbai"
1349126,2022-12-14,T20I,Uganda,Rwanda,"Gahanga International Cricket Stadium, Rwanda"
1349127,2022-12-14,T20I,Tanzania,Uganda,"Gahanga International Cricket Stadium, Rwanda"
1346539,2022-12-15,T20I,Qatar,Kenya,"Gymkhana Club Ground, Nairobi"
1349128,2022-12-15,T20I,Uganda,Rwanda,"Gahanga International Cricket Stadium, Rwanda"
1349129,2022-12-15,T20I,Uganda,Tanzania,"Gahanga International Cricket Stadium, Rwanda"
1349379,2022-12-15,T20I,Singapore,Qatar,"UKM-YSD Cricket Oval, Bangi"
1349131,2022-12-16,T20I,Rwanda,Tanzania,"Gahanga International Cricket Stadium, Rwanda"
1349380,2022-12-16,T20I,Qatar,Malaysia,"UKM-YSD Cricket Oval, Bangi"
1343936,2022-12-17,T20I,England,West Indies,"Kensington Oval, Bridgetown, Barbados"
1345427,2022-12-17,T20I,Australia,India,"Brabourne Stadium, Mumbai"
1343937,2022-12-18,T20I,England,West Indies,"Kensington Oval, Bridgetown, Barbados"
1346543,2022-12-18,T20I,Kenya,Uganda,"Gymkhana Club Ground, Nairobi"
1349132,2022-12-18,T20I,Uganda,Tanzania,"Gahanga International Cricket Stadium, Rwanda"
1349133,2022-12-18,T20I,Rwanda,Tanzania,"Gahanga International Cricket Stadium, Rwanda"
1349150,2022-12-18,T20I,Tanzania,Qatar,"Gymkhana Club Ground, Nairobi"
1349382,2022-12-18,T20I,Bahrain,Qatar,"UKM-YSD Cricket Oval, Bangi"
1349383,2022-12-18,T20I,Malaysia,Singapore,"UKM-YSD Cricket Oval, Bangi"
1346545,2022-12-19,T20I,Tanzania,Kenya,"Gymkhana Club Ground, Nairobi"
1349134,2022-12-19,T20I,Uganda,Tanzania,"Gahanga International Cricket Stadium, Rwanda"
1349384,2022-12-19,T20I,Singapore,Qatar,"UKM-YSD Cricket Oval, Bangi"
1349385,2022-12-19,T20I,Bahrain,Malaysia,"UKM-YSD Cricket Oval, Bangi"
1345428,2022-12-20,T20I,Australia,India,"Brabourne Stadium, Mumbai"
1349136,2022-12-20,T20I,Tanzania,Rwanda,"Gahanga International Cricket Stadium, Rwanda"
1349137,2022-12-20,T20I,Rwanda,Uganda,"Gahanga International Cricket Stadium, Rwanda"
1349151,2022-12-21,T20I,Tanzania,Qatar,"Gymkhana Club Ground, Nairobi"
1349152,2022-12-21,T20I,Kenya,Uganda,"Gymkhana Club Ground, Nairobi"
1349386,2022-12-21,T20I,Singapore,Bahrain,"UKM-YSD Cricket Oval, Bangi"
1349387,2022-12-21,T20I,Malaysia,Qatar,"UKM-YSD Cricket Oval, Bangi"
1343938,2022-12-22,T20I,West Indies,England,"Kensington Oval, Bridgetown, Barbados"
1349138,2022-12-22,T20I,Tanzania,Rwanda,"Gahanga International Cricket Stadium, Rwanda"
1349139,2022-12-22,T20I,Uganda,Tanzania,"Gahanga International Cricket Stadium, Rwanda"
1349388,2022-12-22,T20I,Malaysia,Singapore,"UKM-YSD Cricket Oval, Bangi"
1349389,2022-12-22,T20I,Bahrain,Qatar,"UKM-YSD Cricket Oval, Bangi"
1349140,2022-12-23,T20I,Uganda,Rwanda,"Gahanga International Cricket Stadium, Rwanda"
1349390,2022-12-23,T20I,Singapore,Qatar,"UKM-YSD Cricket Oval, Bangi"
1349391,2022-12-23,T20I,Malaysia,Bahrain,"UKM-YSD Cricket Oval, Bangi"
1348640,2023-01-03,T20I,India,Sri Lanka,"Wankhede Stadium, Mumbai"
1348641,2023-01-05,T20I,Sri Lanka,India,"Maharashtra Cricket Association Stadium, Pune"
1348642,2023-01-07,T20I,India,Sri Lanka,"Saurashtra Cricket Association Stadium, Rajkot"
1348323,2023-01-12,T20I,Ireland,Zimbabwe,Harare Sports Club
1348324,2023-01-14,T20I,Zimbabwe,Ireland,Harare Sports Club
1348325,2023-01-15,T20I,Ireland,Zimbabwe,Harare Sports Club
1344511,2023-01-19,T20I,India,South Africa,"Buffalo Park, East London"
1344512,2023-01-21,T20I,South Africa,West Indies,"Buffalo Park, East London"
1344513,2023-01-23,T20I,India,West Indies,"Buffalo Park, East London"
1345095,2023-01-24,T20I,Pakistan,Australia,"North Sydney Oval, Sydney"
1344514,2023-01-25,T20I,West Indies,South Africa,"Buffalo Park, East London"
1345096,2023-01-26,T20I,Pakistan,Australia,"Bellerive Oval, Hobart"
1348649,2023-01-27,T20I,New Zealand,India,"JSCA International Stadium Complex, Ranchi"
1344515,2023-01-28,T20I,India,South Africa,"Buffalo Park, East London"
1348650,2023-01-29,T20I,New Zealand,India,"Bharat Ratna Shri Atal Bihari Vajpayee Ekana Cricket Stadium, Lucknow"
1344516,2023-01-30,T20I,West Indies,India,"Buffalo Park, East London"
1348651,2023-02-01,T20I,India,New Zealand,"Narendra Modi Stadium, Ahmedabad"
1344517,2023-02-02,T20I,India,South Africa,"Buffalo Park, East London"
1355838,2023-02-09,T20I,Singapore,Cambodia,Morodok Techo National Stadium
1338040,2023-02-10,T20I,Sri Lanka,South Africa,"Newlands, Cape Town"
1355839,2023-02-10,T20I,Cambodia,Singapore,Morodok Techo National Stadium
1338041,2023-02-11,T20I,West Indies,England,"Boland Park, Paarl"
1338042,2023-02-11,T20I,Australia,New Zealand,"Boland Park, Paarl"
1355840,2023-02-11,T20I,Cambodia,Singapore,Morodok Techo National Stadium
1338043,2023-02-12,T20I,Pakistan,India,"Newlands, Cape Town"
1338044,2023-02-12,T20I,Bangladesh,Sri Lanka,"Newlands, Cape Town"
1355841,2023-02-12,T20I,Cambodia,Singapore,Morodok Techo National Stadium
1338045,2023-02-13,T20I,Ireland,England,"Boland Park, Paarl"
1338046,2023-02-13,T20I,South Africa,New Zealand,"Boland Park, Paarl"
1338047,2023-02-14,T20I,Bangladesh,Australia,"St George's Park, Gqeberha"
1338048,2023-02-15,T20I,West Indies,India,"Newlands, Cape Town"
1338049,2023-02-15,T20I,Pakistan,Ireland,"Newlands, Cape Town"
1338050,2023-02-16,T20I,Sri Lanka,Australia,"St George's Park, Gqeberha"
1338051,2023-02-17,T20I,New Zealand,Bangladesh,"Newlands, Cape Town"
1338052,2023-02-17,T20I,Ireland,West Indies,"Newlands, Cape Town"
1338053,2023-02-18,T20I,England,India,"St George's Park, Gqeberha"
1338054,2023-02-18,T20I,South Africa,Australia,"St George's Park, Gqeberha"
1338055,2023-02-19,T20I,West Indies,Pakistan,"Boland Park, Paarl"
1338056,2023-02-19,T20I,New Zealand,Sri Lanka,"Boland Park, Paarl"
1338057,2023-02-20,T20I,India,Ireland,"St George's Park, Gqeberha"
1338058,2023-02-21,T20I,England,Pakistan,"Newlands, Cape Town"
1338059,2023-02-21,T20I,Bangladesh,South Africa,"Newlands, Cape Town"
1359786,2023-02-21,T20I,Argentina,Bermuda,"St Albans Club, Buenos Aires"
1359787,2023-02-22,T20I,Bermuda,Argentina,"Belgrano Athletic Club Ground, Buenos Aires"
1338060,2023-02-23,T20I,Australia,India,"Newlands, Cape Town"
1338061,2023-02-24,T20I,South Africa,England,"Newlands, Cape Town"
1354799,2023-02-24,T20I,Spain,Isle of Man,La Manga Club Bottom Ground
1354800,2023-02-25,T20I,Isle of Man,Spain,La Manga Club Bottom Ground
1359794,2023-02-25,T20I,Panama,Argentina,"Hurlingham Club Ground, Buenos Aires"
1359795,2023-02-25,T20I,Bermuda,Cayman Islands,"St Albans Club, Buenos Aires"
1338062,2023-02-26,T20I,Australia,South Africa,"Newlands, Cape Town"
1354802,2023-02-26,T20I,Isle of Man,Spain,La Manga Club Bottom Ground
1359792,2023-02-26,T20I,Panama,Bahamas,"Hurlingham Club Ground, Buenos Aires"
1359793,2023-02-26,T20I,Bermuda,Argentina,"Belgrano Athletic Club Ground, Buenos Aires"
1359788,2023-02-28,T20I,Cayman Islands,Bahamas,"St Albans Club, Buenos Aires"
1359789,2023-02-28,T20I,Bermuda,Panama,"Belgrano Athletic Club Ground, Buenos Aires"
1359798,2023-03-02,T20I,Argentina,Bahamas,"St Albans Club, Buenos Aires"
1359799,2023-03-02,T20I,Cayman Islands,Panama,"Hurlingham Club Ground, Buenos Aires"
1359800,2023-03-04,T20I,Bahamas,Bermuda,"Hurlingham Club Ground, Buenos Aires"
1359802,2023-03-04,T20I,Argentina,Cayman Islands,"Belgrano Athletic Club Ground, Buenos Aires"
1361770,2023-03-08,T20I,Kuwait,Malaysia,"Mission Road Ground, Mong Kok, Hong Kong"
1361771,2023-03-08,T20I,Hong Kong,Bahrain,"Mission Road Ground, Mong Kok, Hong Kong"
1351400,2023-03-09,T20I,England,Bangladesh,"Zahur Ahmed Chowdhury Stadium, Chattogram"
1361772,2023-03-09,T20I,Malaysia,Bahrain,"Mission Road Ground, Mong Kok, Hong Kong"
1361773,2023-03-09,T20I,Hong Kong,Kuwait,"Mission Road Ground, Mong Kok, Hong Kong"
1361774,2023-03-11,T20I,Kuwait,Bahrain,"Mission Road Ground, Mong Kok, Hong Kong"
1361775,2023-03-11,T20I,Malaysia,Hong Kong,"Mission Road Ground, Mong Kok, Hong Kong"
1351401,2023-03-12,T20I,England,Bangladesh,"Shere Bangla National Stadium, Mirpur"
1361776,2023-03-12,T20I,Bahrain,Kuwait,"Mission Road Ground, Mong Kok, Hong Kong"
1362242,2023-03-12,T20I,Hong Kong,Malaysia,"Mission Road Ground, Mong Kok, Hong Kong"
1351402,2023-03-14,T20I,Bangladesh,England,"Shere Bangla National Stadium, Mirpur"
1339604,2023-03-25,T20I,South Africa,West Indies,"SuperSport Park, Centurion"
1339605,2023-03-26,T20I,West Indies,South Africa,"SuperSport Park, Centurion"
1355720,2023-03-27,T20I,Bangladesh,Ireland,"Zahur Ahmed Chowdhury Stadium, Chattogram"
1365310,2023-03-27,T20I,Rwanda,Ghana,Tafawa Balewa Square (TBS) Cricket Oval
1339606,2023-03-28,T20I,West Indies,South Africa,"The Wanderers Stadium, Johannesburg"
1355721,2023-03-29,T20I,Bangladesh,Ireland,"Zahur Ahmed Chowdhury Stadium, Chattogram"
1355722,2023-03-31,T20I,Bangladesh,Ireland,"Zahur Ahmed Chowdhury Stadium, Chattogram"
1322362,2023-04-02,T20I,Sri Lanka,New Zealand,"Eden Park, Auckland"
1322363,2023-04-05,T20I,Sri Lanka,New Zealand,"University Oval, Dunedin"
1322364,2023-04-08,T20I,Sri Lanka,New Zealand,"John Davies Oval, Queenstown"
1367722,2023-04-10,T20I,Portugal,Gibraltar,Santarem Cricket Ground
1367723,2023-04-11,T20I,Gibraltar,Portugal,Santarem Cricket Ground
1339614,2023-04-14,T20I,Pakistan,New Zealand,"Gaddafi Stadium, Lahore"
1339615,2023-04-15,T20I,Pakistan,New Zealand,"Gaddafi Stadium, Lahore"
1339616,2023-04-17,T20I,New Zealand,Pakistan,"Gaddafi Stadium, Lahore"
1339617,2023-04-20,T20I,New Zealand,Pakistan,Rawalpindi Cricket Stadium
1339618,2023-04-24,T20I,Pakistan,New Zealand,Rawalpindi Cricket Stadium
1365321,2023-04-25,T20I,Zimbabwe,Thailand,"Terdthai Cricket Ground, Bangkok"
1370902,2023-04-25,T20I,United Arab Emirates,Uganda,"United Cricket Club Ground, Windhoek"
1370903,2023-04-25,T20I,Namibia,Hong Kong,"United Cricket Club Ground, Windhoek"
1370904,2023-04-26,T20I,United Arab Emirates,Hong Kong,"United Cricket Club Ground, Windhoek"
1365322,2023-04-27,T20I,Zimbabwe,Thailand,"Terdthai Cricket Ground, Bangkok"
1370905,2023-04-27,T20I,Hong Kong,Uganda,"United Cricket Club Ground, Windhoek"
1370906,2023-04-27,T20I,United Arab Emirates,Namibia,"United Cricket Club Ground, Windhoek"
1365323,2023-04-28,T20I,Zimbabwe,Thailand,"Terdthai Cricket Ground, Bangkok"
1370908,2023-04-29,T20I,Namibia,Uganda,"United Cricket Club Ground, Windhoek"
1370910,2023-04-30,T20I,Namibia,United Arab Emirates,"United Cricket Club Ground, Windhoek"
1370911,2023-05-01,T20I,United Arab Emirates,Hong Kong,"United Cricket Club Ground, Windhoek"
1370912,2023-05-01,T20I,Namibia,Uganda,"United Cricket Club Ground, Windhoek"
1370914,2023-05-02,T20I,Uganda,Namibia,"United Cricket Club Ground, Windhoek"
1367725,2023-05-04,T20I,Gibraltar,Portugal,Europa Sports Complex
1367726,2023-05-04,T20I,Portugal,Malta,Europa Sports Complex
1367727,2023-05-05,T20I,Gibraltar,Malta,Europa Sports Complex
1367729,2023-05-05,T20I,Portugal,Malta,Europa Sports Complex
1367728,2023-05-06,T20I,Gibraltar,Portugal,Europa Sports Complex
1367730,2023-05-06,T20I,Gibraltar,Malta,Europa Sports Complex
1367733,2023-05-06,T20I,Malta,Portugal,Europa Sports Complex
1367731,2023-05-07,T20I,Malta,Gibraltar,Europa Sports Complex
1367732,2023-05-07,T20I,Gibraltar,Portugal,Europa Sports Complex
1371604,2023-05-09,T20I,Sri Lanka,Bangladesh,"Sinhalese Sports Club Ground, Colombo"
1371605,2023-05-11,T20I,Bangladesh,Sri Lanka,"Sinhalese Sports Club Ground, Colombo"
1371606,2023-05-12,T20I,Sri Lanka,Bangladesh,"Sinhalese Sports Club Ground, Colombo"
1370782,2023-05-18,T20I,Norway,Denmark,"Svanholm Park, Brondby"
1370783,2023-05-18,T20I,Denmark,Finland,"Svanholm Park, Brondby"
1370785,2023-05-19,T20I,Denmark,Sweden,"Svanholm Park, Brondby"
1370787,2023-05-19,T20I,Finland,Denmark,"Svanholm Park, Brondby"
1370790,2023-05-20,T20I,Finland,Norway,"Solvangs Park, Glostrup"
1370791,2023-05-21,T20I,Sweden,Finland,"Solvangs Park, Glostrup"
1376121,2023-05-29,T20I,Nepal,Malaysia,"YSD-UKM Cricket Oval, Bangi"
1378006,2023-05-29,T20I,Italy,Jersey,"Grainville, St Saviour, Jersey"
1378007,2023-05-29,T20I,Turkey,Sweden,"FB Fields, St Clement"
1378008,2023-05-29,T20I,France,Italy,"Grainville, St Saviour, Jersey"
1376122,2023-05-30,T20I,Malaysia,Nepal,"YSD-UKM Cricket Oval, Bangi"
1378010,2023-05-30,T20I,Jersey,Germany,"Grainville, St Saviour, Jersey"
1378011,2023-05-30,T20I,France,Sweden,"FB Fields, St Clement"
1378012,2023-05-30,T20I,Turkey,Jersey,"Grainville, St Saviour, Jersey"
1376123,2023-06-01,T20I,Nepal,Malaysia,"YSD-UKM Cricket Oval, Bangi"
1378014,2023-06-01,T20I,Germany,Italy,"Grainville, St Saviour, Jersey"
1378015,2023-06-01,T20I,France,Turkey,"FB Fields, St Clement"
1378016,2023-06-01,T20I,Sweden,Germany,"Grainville, St Saviour, Jersey"
1378017,2023-06-01,T20I,France,Jersey,"FB Fields, St Clement"
1378018,2023-06-02,T20I,Italy,Turkey,"Grainville, St Saviour, Jersey"
1378019,2023-06-02,T20I,Jersey,Sweden,"FB Fields, St Clement"
1378020,2023-06-02,T20I,France,Germany,"Grainville, St Saviour, Jersey"
1376124,2023-06-03,T20I,Nepal,Malaysia,"YSD-UKM Cricket Oval, Bangi"
1376125,2023-06-04,T20I,Malaysia,Nepal,"YSD-UKM Cricket Oval, Bangi"
1379577,2023-06-10,T20I,Kenya,Uganda,"Gymkhana Club Ground, Nairobi"
1380583,2023-06-10,T20I,Belgium,Germany,Bayer Uerdingen Cricket Ground
1379578,2023-06-11,T20I,Rwanda,Uganda,"Gymkhana Club Ground, Nairobi"
1379580,2023-06-11,T20I,Botswana,Kenya,"Gymkhana Club Ground, Nairobi"
1380584,2023-06-11,T20I,Belgium,Germany,Bayer Uerdingen Cricket Ground
1380586,2023-06-11,T20I,Czech Republic,Hungary,"Scott Page Field, Vinor"
1379586,2023-06-13,T20I,Rwanda,Botswana,"Gymkhana Club Ground, Nairobi"
1379589,2023-06-13,T20I,Uganda,Kenya,"Gymkhana Club Ground, Nairobi"
1379582,2023-06-14,T20I,Rwanda,Kenya,"Gymkhana Club Ground, Nairobi"
1379583,2023-06-14,T20I,Uganda,Botswana,"Gymkhana Club Ground, Nairobi"
1379695,2023-06-14,T20I,Malaysia,United Arab Emirates,"Mission Road Ground, Mong Kok, Hong Kong"
1379584,2023-06-15,T20I,Rwanda,Uganda,"Gymkhana Club Ground, Nairobi"
1379590,2023-06-15,T20I,Botswana,Kenya,"Gymkhana Club Ground, Nairobi"
1379575,2023-06-17,T20I,Botswana,Uganda,"Gymkhana Club Ground, Nairobi"
1379576,2023-06-17,T20I,Rwanda,Kenya,"Gymkhana Club Ground, Nairobi"
1379579,2023-06-18,T20I,Botswana,Rwanda,"Gymkhana Club Ground, Nairobi"
1379581,2023-06-18,T20I,Kenya,Uganda,"Gymkhana Club Ground, Nairobi"
1379585,2023-06-19,T20I,Botswana,Kenya,"Gymkhana Club Ground, Nairobi"
1379587,2023-06-19,T20I,Uganda,Rwanda,"Gymkhana Club Ground, Nairobi"
1379592,2023-06-21,T20I,Uganda,Kenya,"Gymkhana Club Ground, Nairobi"
1381453,2023-06-23,T20I,Serbia,Turkey,"National Sports Academy, Sofia"
1381454,2023-06-23,T20I,Croatia,Bulgaria,"National Sports Academy, Sofia"
1381455,2023-06-23,T20I,Bulgaria,Serbia,"National Sports Academy, Sofia"
1381456,2023-06-24,T20I,Croatia,Turkey,"National Sports Academy, Sofia"
1381457,2023-06-24,T20I,Croatia,Serbia,"National Sports Academy, Sofia"
1381458,2023-06-24,T20I,Turkey,Bulgaria,"National Sports Academy, Sofia"
1381451,2023-06-29,T20I,Austria,Germany,"Sportpark Het Schootsveld, Deventer"
1381452,2023-06-30,T20I,Austria,Germany,"Sportpark Het Schootsveld, Deventer"
1336074,2023-07-01,T20I,England,Australia,"Edgbaston, Birmingham"
1378194,2023-07-04,T20I,Ireland,West Indies,"Daren Sammy National Cricket Stadium, Gros Islet, St Lucia"
1336075,2023-07-05,T20I,England,Australia,"Kennington Oval, London"
1378195,2023-07-06,T20I,Ireland,West Indies,"Daren Sammy National Cricket Stadium, Gros Islet, St Lucia"
1336076,2023-07-08,T20I,Australia,England,"Lord's, London"
1378196,2023-07-08,T20I,Ireland,West Indies,"Daren Sammy National Cricket Stadium, Gros Islet, St Lucia"
1379760,2023-07-08,T20I,Sri Lanka,New Zealand,"P Sara Oval, Colombo"
1382163,2023-07-09,T20I,Bangladesh,India,"Shere Bangla National Stadium, Mirpur"
1379761,2023-07-10,T20I,Sri Lanka,New Zealand,"P Sara Oval, Colombo"
1384545,2023-07-10,T20I,Scotland,Thailand,"Sportpark Maarschalkerweerd, Utrecht"
1384582,2023-07-10,T20I,France,Malta,Marsa Sports Club
1382164,2023-07-11,T20I,India,Bangladesh,"Shere Bangla National Stadium, Mirpur"
1384546,2023-07-11,T20I,Thailand,Netherlands,"Sportpark Maarschalkerweerd, Utrecht"
1384584,2023-07-11,T20I,Malta,Luxembourg,Marsa Sports Club
1384585,2023-07-11,T20I,France,Luxembourg,Marsa Sports Club
1379762,2023-07-12,T20I,New Zealand,Sri Lanka,"P Sara Oval, Colombo"
1384547,2023-07-12,T20I,Scotland,Netherlands,"Sportpark Maarschalkerweerd, Utrecht"
1384586,2023-07-12,T20I,Malta,Luxembourg,Marsa Sports Club
1384587,2023-07-12,T20I,Luxembourg,France,Marsa Sports Club
1384588,2023-07-12,T20I,France,Malta,Marsa Sports Club
1382165,2023-07-13,T20I,India,Bangladesh,"Shere Bangla National Stadium, Mirpur"
1384548,2023-07-13,T20I,Thailand,Scotland,"Sportpark Maarschalkerweerd, Utrecht"
1384589,2023-07-13,T20I,Luxembourg,Malta,Marsa Sports Club
1384590,2023-07-13,T20I,Romania,Switzerland,Marsa Sports Club
1384591,2023-07-13,T20I,France,Romania,Marsa Sports Club
1384549,2023-07-14,T20I,Netherlands,Thailand,"Sportpark Maarschalkerweerd, Utrecht"
1384592,2023-07-14,T20I,Luxembourg,Switzerland,Marsa Sports Club
1384593,2023-07-14,T20I,Malta,Romania,Marsa Sports Club
1384594,2023-07-14,T20I,France,Switzerland,Marsa Sports Club
1384550,2023-07-15,T20I,Scotland,Netherlands,"Sportpark Maarschalkerweerd, Utrecht"
1384595,2023-07-15,T20I,Romania,Luxembourg,Marsa Sports Club
1384596,2023-07-15,T20I,Malta,Switzerland,Marsa Sports Club
1384597,2023-07-15,T20I,France,Luxembourg,Marsa Sports Club
1384598,2023-07-16,T20I,France,Malta,Marsa Sports Club
1384599,2023-07-16,T20I,Luxembourg,Romania,Marsa Sports Club
1384600,2023-07-16,T20I,Malta,Switzerland,Marsa Sports Club
1383068,2023-07-20,T20I,Austria,Jersey,"Grange Cricket Club Ground, Raeburn Place, Edinburgh"
1383069,2023-07-20,T20I,Ireland,Italy,"Goldenacre, Edinburgh"
1383070,2023-07-20,T20I,Scotland,Germany,"Goldenacre, Edinburgh"
1383071,2023-07-21,T20I,Denmark,Ireland,"Grange Cricket Club Ground, Raeburn Place, Edinburgh"
1383072,2023-07-21,T20I,Austria,Germany,"Goldenacre, Edinburgh"
1383073,2023-07-21,T20I,Scotland,Jersey,"Grange Cricket Club Ground, Raeburn Place, Edinburgh"
1383089,2023-07-22,T20I,Japan,Philippines,"Amini Park, Port Moresby"
1383090,2023-07-22,T20I,Vanuatu,Papua New Guinea,"Amini Park, Port Moresby"
1383074,2023-07-23,T20I,Ireland,Austria,"Grange Cricket Club Ground, Raeburn Place, Edinburgh"
1383075,2023-07-23,T20I,Italy,Jersey,"Goldenacre, Edinburgh"
1383076,2023-07-23,T20I,Denmark,Germany,"Grange Cricket Club Ground, Raeburn Place, Edinburgh"
1383091,2023-07-23,T20I,Japan,Vanuatu,"Amini Park, Port Moresby"
1383077,2023-07-24,T20I,Scotland,Italy,"Grange Cricket Club Ground, Raeburn Place, Edinburgh"
1383078,2023-07-24,T20I,Austria,Denmark,"Goldenacre, Edinburgh"
1383079,2023-07-24,T20I,Jersey,Ireland,"Goldenacre, Edinburgh"
1383080,2023-07-25,T20I,Italy,Denmark,"Grange Cricket Club Ground, Raeburn Place, Edinburgh"
1383081,2023-07-25,T20I,Scotland,Austria,"Goldenacre, Edinburgh"
1383082,2023-07-25,T20I,Jersey,Germany,"Grange Cricket Club Ground, Raeburn Place, Edinburgh"
1383093,2023-07-25,T20I,Vanuatu,Philippines,"Amini Park, Port Moresby"
1383094,2023-07-25,T20I,Japan,Papua New Guinea,"Amini Park, Port Moresby"
1383095,2023-07-26,T20I,Papua New Guinea,Vanuatu,"Amini Park, Port Moresby"
1383096,2023-07-26,T20I,Japan,Philippines,"Amini Park, Port Moresby"
1383101,2023-07-26,T20I,China,Malaysia,"Bayuemas Oval, Kuala Lumpur"
1383102,2023-07-26,T20I,Bhutan,Myanmar,"Bayuemas Oval, Kuala Lumpur"
1383083,2023-07-27,T20I,Scotland,Denmark,"Grange Cricket Club Ground, Raeburn Place, Edinburgh"
1383103,2023-07-27,T20I,China,Thailand,"Bayuemas Oval, Kuala Lumpur"
1383104,2023-07-27,T20I,Malaysia,Bhutan,"Bayuemas Oval, Kuala Lumpur"
1383086,2023-07-28,T20I,Germany,Italy,"Grange Cricket Club Ground, Raeburn Place, Edinburgh"
1383087,2023-07-28,T20I,Jersey,Denmark,"Goldenacre, Edinburgh"
1383088,2023-07-28,T20I,Scotland,Ireland,"Grange Cricket Club Ground, Raeburn Place, Edinburgh"
1383097,2023-07-28,T20I,Japan,Vanuatu,"Amini Park, Port Moresby"
1383098,2023-07-28,T20I,Papua New Guinea,Philippines,"Amini Park, Port Moresby"
1383105,2023-07-28,T20I,Thailand,Myanmar,"Bayuemas Oval, Kuala Lumpur"
1383099,2023-07-29,T20I,Philippines,Vanuatu,"Amini Park, Port Moresby"
1383100,2023-07-29,T20I,Japan,Papua New Guinea,"Amini Park, Port Moresby"
1383106,2023-07-30,T20I,Bhutan,China,"Bayuemas Oval, Kuala Lumpur"
1383107,2023-07-30,T20I,Malaysia,Myanmar,"Bayuemas Oval, Kuala Lumpur"
1383108,2023-07-31,T20I,Bhutan,Thailand,"Bayuemas Oval, Kuala Lumpur"
1383109,2023-07-31,T20I,Myanmar,China,"Bayuemas Oval, Kuala Lumpur"
1383110,2023-08-01,T20I,Thailand,Malaysia,"Bayuemas Oval, Kuala Lumpur"
1381217,2023-08-03,T20I,West Indies,India,"Brian Lara Stadium, Tarouba, Trinidad"
1387944,2023-08-04,T20I,Greece,Isle of Man,"Moara Vlasiei Cricket Ground, Ilfov County"
1387945,2023-08-04,T20I,Malta,Greece,"Moara Vlasiei Cricket Ground, Ilfov County"
1387946,2023-08-04,T20I,Romania,Isle of Man,"Moara Vlasiei Cricket Ground, Ilfov County"
1387947,2023-08-05,T20I,Greece,Romania,"Moara Vlasiei Cricket Ground, Ilfov County"
1387948,2023-08-05,T20I,Malta,Isle of Man,"Moara Vlasiei Cricket Ground, Ilfov County"
1387949,2023-08-05,T20I,Romania,Malta,"Moara Vlasiei Cricket Ground, Ilfov County"
1390167,2023-08-05,T20I,Hungary,Croatia,"GB Oval, Szodliget"
1381218,2023-08-06,T20I,India,West Indies,"Providence Stadium, Guyana"
1387951,2023-08-06,T20I,Greece,Isle of Man,"Moara Vlasiei Cricket Ground, Ilfov County"
1390169,2023-08-06,T20I,Croatia,Hungary,"GB Oval, Szodliget"
1381219,2023-08-08,T20I,West Indies,India,"Providence Stadium, Guyana"
1381220,2023-08-12,T20I,West Indies,India,"Central Broward Regional Park Stadium Turf Ground, Lauderhill"
1381221,2023-08-13,T20I,India,West Indies,"Central Broward Regional Park Stadium Turf Ground, Lauderhill"
1378200,2023-08-14,T20I,Netherlands,Ireland,"VRA Ground, Amstelveen"
1387243,2023-08-14,T20I,Guernsey,Germany,"Sportpark Het Schootsveld, Deventer"
1387245,2023-08-15,T20I,Guernsey,Germany,"Sportpark Het Schootsveld, Deventer"
1378201,2023-08-16,T20I,Ireland,Netherlands,"VRA Ground, Amstelveen"
1377727,2023-08-17,T20I,New Zealand,United Arab Emirates,Dubai International Cricket Stadium
1378202,2023-08-17,T20I,Netherlands,Ireland,"VRA Ground, Amstelveen"
1384634,2023-08-18,T20I,Ireland,India,"Malahide, Dublin"
1391332,2023-08-18,T20I,Romania,Malta,"Moara Vlasiei Cricket Ground, Ilfov County"
1377728,2023-08-19,T20I,New Zealand,United Arab Emirates,Dubai International Cricket Stadium
1391333,2023-08-19,T20I,Romania,Malta,"Moara Vlasiei Cricket Ground, Ilfov County"
1377729,2023-08-20,T20I,New Zealand,United Arab Emirates,Dubai International Cricket Stadium
1384637,2023-08-20,T20I,India,Ireland,"Malahide, Dublin"
1391336,2023-08-20,T20I,Malta,Romania,"Moara Vlasiei Cricket Ground, Ilfov County"
1393309,2023-08-20,T20I,Uganda,Rwanda,"Gahanga International Cricket Stadium, Rwanda"
1393310,2023-08-20,T20I,Tanzania,Uganda,"Gahanga International Cricket Stadium, Rwanda"
1393311,2023-08-21,T20I,Uganda,Tanzania,"Gahanga International Cricket Stadium, Rwanda"
1393312,2023-08-22,T20I,Uganda,Rwanda,"Gahanga International Cricket Stadium, Rwanda"
1393328,2023-08-22,T20I,Rwanda,Tanzania,"Gahanga International Cricket Stadium, Rwanda"
1393590,2023-08-22,T20I,Kuwait,Malaysia,"Bayuemas Oval, Kuala Lumpur"
1393591,2023-08-22,T20I,Hong Kong,Nepal,"Bayuemas Oval, Kuala Lumpur"
1393592,2023-08-23,T20I,Malaysia,Hong Kong,"Bayuemas Oval, Kuala Lumpur"
1393593,2023-08-23,T20I,Nepal,Kuwait,"Bayuemas Oval, Kuala Lumpur"
1391650,2023-08-24,T20I,Singapore,Myanmar,"Indian Association Ground, Singapore"
1391707,2023-08-24,T20I,Netherlands,Jersey,"Sportpark Maarschalkerweerd, Utrecht"
1393313,2023-08-24,T20I,Uganda,Rwanda,"Gahanga International Cricket Stadium, Rwanda"
1393314,2023-08-24,T20I,Uganda,Tanzania,"Gahanga International Cricket Stadium, Rwanda"
1391655,2023-08-25,T20I,Denmark,Sweden,Tikkurila Cricket Ground
1391709,2023-08-25,T20I,Netherlands,Jersey,"Sportpark Maarschalkerweerd, Utrecht"
1393315,2023-08-25,T20I,Rwanda,Tanzania,"Gahanga International Cricket Stadium, Rwanda"
1393329,2023-08-25,T20I,Uganda,Tanzania,"Gahanga International Cricket Stadium, Rwanda"
1393594,2023-08-25,T20I,Hong Kong,Kuwait,"Bayuemas Oval, Kuala Lumpur"
1393595,2023-08-25,T20I,Nepal,Malaysia,"Bayuemas Oval, Kuala Lumpur"
1391651,2023-08-26,T20I,Singapore,Myanmar,"Indian Association Ground, Singapore"
1391658,2023-08-26,T20I,Denmark,Sweden,Kerava National Cricket Ground
1393597,2023-08-26,T20I,Hong Kong,Nepal,"Bayuemas Oval, Kuala Lumpur"
1391652,2023-08-27,T20I,Singapore,Myanmar,Turf City B Cricket Ground
1393316,2023-08-27,T20I,Rwanda,Uganda,"Gahanga International Cricket Stadium, Rwanda"
1393330,2023-08-27,T20I,Tanzania,Rwanda,"Gahanga International Cricket Stadium, Rwanda"
1393317,2023-08-28,T20I,Uganda,Tanzania,"Gahanga International Cricket Stadium, Rwanda"
1393318,2023-08-28,T20I,Rwanda,Uganda,"Gahanga International Cricket Stadium, Rwanda"
1393876,2023-08-28,T20I,Japan,Vanuatu,Vanuatu Cricket Ground
1336048,2023-08-30,T20I,New Zealand,England,"Riverside Ground, Chester-le-Street"
1373568,2023-08-30,T20I,Australia,South Africa,"Kingsmead, Durban"
1393319,2023-08-30,T20I,Uganda,Tanzania,"Gahanga International Cricket Stadium, Rwanda"
1393331,2023-08-30,T20I,Tanzania,Rwanda,"Gahanga International Cricket Stadium, Rwanda"
1393877,2023-08-30,T20I,Vanuatu,Japan,Vanuatu Cricket Ground
1336080,2023-08-31,T20I,England,Sri Lanka,"County Ground, Hove"
1393320,2023-08-31,T20I,Rwanda,Uganda,"Gahanga International Cricket Stadium, Rwanda"
1393332,2023-08-31,T20I,Tanzania,Rwanda,"Gahanga International Cricket Stadium, Rwanda"
1394751,2023-08-31,T20I,Nepal,Malaysia,"Bayuemas Oval, Kuala Lumpur"
1394752,2023-08-31,T20I,Qatar,Bahrain,"UKM-YSD Cricket Oval, Bangi"
1394753,2023-08-31,T20I,Bhutan,United Arab Emirates,"Selangor Turf Club, Kuala Lumpur"
1394754,2023-08-31,T20I,Kuwait,China,"Bayuemas Oval, Kuala Lumpur"
1394755,2023-08-31,T20I,Myanmar,Hong Kong,"UKM-YSD Cricket Oval, Bangi"
1336049,2023-09-01,T20I,England,New Zealand,"Old Trafford, Manchester"
1373569,2023-09-01,T20I,South Africa,Australia,"Kingsmead, Durban"
1382160,2023-09-01,T20I,South Africa,Pakistan,"National Stadium, Karachi"
1394757,2023-09-01,T20I,China,Hong Kong,"Selangor Turf Club, Kuala Lumpur"
1394758,2023-09-01,T20I,Qatar,Bhutan,"Bayuemas Oval, Kuala Lumpur"
1394759,2023-09-01,T20I,Malaysia,United Arab Emirates,"UKM-YSD Cricket Oval, Bangi"
1394760,2023-09-01,T20I,Bahrain,Nepal,"Selangor Turf Club, Kuala Lumpur"
1394792,2023-09-01,T20I,Japan,Cook Islands,Vanuatu Cricket Ground
1394794,2023-09-01,T20I,Papua New Guinea,Vanuatu,Vanuatu Cricket Ground
1394795,2023-09-01,T20I,Fiji,Samoa,Vanuatu Cricket Ground (Oval 2)
1336081,2023-09-02,T20I,England,Sri Lanka,"County Ground, Chelmsford"
1394796,2023-09-02,T20I,Papua New Guinea,Cook Islands,Vanuatu Cricket Ground
1394798,2023-09-02,T20I,Japan,Samoa,Vanuatu Cricket Ground (Oval 2)
1394917,2023-09-02,T20I,Kenya,Botswana,"Botswana Cricket Association Oval 1, Gaborone"
1394918,2023-09-02,T20I,Malawi,Lesotho,"Botswana Cricket Association Oval 2, Gaborone"
1394919,2023-09-02,T20I,Mozambique,Eswatini,"Botswana Cricket Association Oval 1, Gaborone"
1394920,2023-09-02,T20I,Cameroon,Sierra Leone,"Botswana Cricket Association Oval 2, Gaborone"
1336050,2023-09-03,T20I,New Zealand,England,"Edgbaston, Birmingham"
1373570,2023-09-03,T20I,South Africa,Australia,"Kingsmead, Durban"
1382161,2023-09-03,T20I,South Africa,Pakistan,"National Stadium, Karachi"
1394761,2023-09-03,T20I,Malaysia,Bahrain,"Bayuemas Oval, Kuala Lumpur"
1394762,2023-09-03,T20I,Bhutan,Nepal,"UKM-YSD Cricket Oval, Bangi"
1394763,2023-09-03,T20I,United Arab Emirates,Qatar,"Selangor Turf Club, Kuala Lumpur"
1394764,2023-09-03,T20I,Kuwait,Hong Kong,"Bayuemas Oval, Kuala Lumpur"
1394765,2023-09-03,T20I,China,Thailand,"UKM-YSD Cricket Oval, Bangi"
1394921,2023-09-03,T20I,Malawi,Kenya,"Botswana Cricket Association Oval 1, Gaborone"
1394922,2023-09-03,T20I,Botswana,Lesotho,"Botswana Cricket Association Oval 2, Gaborone"
1394923,2023-09-03,T20I,Mozambique,Sierra Leone,"Botswana Cricket Association Oval 1, Gaborone"
1394924,2023-09-03,T20I,Cameroon,Eswatini,"Botswana Cricket Association Oval 2, Gaborone"
1382162,2023-09-04,T20I,Pakistan,South Africa,"National Stadium, Karachi"
1394766,2023-09-04,T20I,United Arab Emirates,Bahrain,"Bayuemas Oval, Kuala Lumpur"
1394767,2023-09-04,T20I,Qatar,Nepal,"UKM-YSD Cricket Oval, Bangi"
1394768,2023-09-04,T20I,Bhutan,Malaysia,"Selangor Turf Club, Kuala Lumpur"
1394769,2023-09-04,T20I,Myanmar,China,"UKM-YSD Cricket Oval, Bangi"
1394770,2023-09-04,T20I,Kuwait,Thailand,"Selangor Turf Club, Kuala Lumpur"
1394799,2023-09-04,T20I,Samoa,Papua New Guinea,Vanuatu Cricket Ground
1394800,2023-09-04,T20I,Cook Islands,Vanuatu,Vanuatu Cricket Ground (Oval 2)
1394801,2023-09-04,T20I,Indonesia,Cook Islands,Vanuatu Cricket Ground
1394802,2023-09-04,T20I,Fiji,Japan,Vanuatu Cricket Ground (Oval 2)
1395007,2023-09-04,T20I,United States of America,Argentina,"Woodley Cricket Field, Los Angeles"
1395008,2023-09-04,T20I,Canada,Brazil,"Woodley Cricket Field, Los Angeles"
1336051,2023-09-05,T20I,England,New Zealand,"Trent Bridge, Nottingham"
1394805,2023-09-05,T20I,Samoa,Indonesia,Vanuatu Cricket Ground (Oval 2)
1394925,2023-09-05,T20I,Cameroon,Mozambique,"Botswana Cricket Association Oval 1, Gaborone"
1394926,2023-09-05,T20I,Sierra Leone,Eswatini,"Botswana Cricket Association Oval 2, Gaborone"
1394927,2023-09-05,T20I,Botswana,Malawi,"Botswana Cricket Association Oval 1, Gaborone"
1394928,2023-09-05,T20I,Kenya,Lesotho,"Botswana Cricket Association Oval 2, Gaborone"
1395009,2023-09-05,T20I,United States of America,Brazil,"Woodley Cricket Field, Los Angeles"
1395010,2023-09-05,T20I,Canada,Argentina,"Woodley Cricket Field, Los Angeles"
1336082,2023-09-06,T20I,England,Sri Lanka,"County Ground, Derby"
1394774,2023-09-06,T20I,Kuwait,Myanmar,"Bayuemas Oval, Kuala Lumpur"
1394775,2023-09-06,T20I,Thailand,Hong Kong,"UKM-YSD Cricket Oval, Bangi"
1394929,2023-09-06,T20I,Botswana,Sierra Leone,"Botswana Cricket Association Oval 1, Gaborone"
1394930,2023-09-06,T20I,Kenya,Cameroon,"Botswana Cricket Association Oval 1, Gaborone"
1395026,2023-09-06,T20I,France,Netherlands,"Desert Springs Cricket Ground, Almeria"
1394797,2023-09-07,T20I,Vanuatu,Indonesia,Vanuatu Cricket Ground (Oval 2)
1394806,2023-09-07,T20I,Japan,Indonesia,Vanuatu Cricket Ground
1394807,2023-09-07,T20I,Fiji,Papua New Guinea,Vanuatu Cricket Ground (Oval 2)
1395011,2023-09-07,T20I,United States of America,Canada,"Woodley Cricket Field, Los Angeles"
1395012,2023-09-07,T20I,Brazil,Argentina,"Woodley Cricket Field, Los Angeles"
1395028,2023-09-07,T20I,Netherlands,Scotland,"Desert Springs Cricket Ground, Almeria"
1395029,2023-09-07,T20I,Italy,France,"Desert Springs Cricket Ground, Almeria"
1394776,2023-09-08,T20I,United Arab Emirates,Hong Kong,"Bayuemas Oval, Kuala Lumpur"
1394777,2023-09-08,T20I,Thailand,Nepal,"UKM-YSD Cricket Oval, Bangi"
1394809,2023-09-08,T20I,Samoa,Vanuatu,Vanuatu Cricket Ground
1394810,2023-09-08,T20I,Fiji,Cook Islands,Vanuatu Cricket Ground (Oval 2)
1394811,2023-09-08,T20I,Papua New Guinea,Indonesia,Vanuatu Cricket Ground
1394931,2023-09-08,T20I,Cameroon,Sierra Leone,"Botswana Cricket Association Oval 1, Gaborone"
1394932,2023-09-08,T20I,Botswana,Kenya,"Botswana Cricket Association Oval 1, Gaborone"
1395013,2023-09-08,T20I,Canada,Brazil,"Woodley Cricket Field, Los Angeles"
1395014,2023-09-08,T20I,United States of America,Argentina,"Woodley Cricket Field, Los Angeles"
1395030,2023-09-08,T20I,Italy,Netherlands,"Desert Springs Cricket Ground, Almeria"
1395031,2023-09-08,T20I,France,Scotland,"Desert Springs Cricket Ground, Almeria"
1394778,2023-09-09,T20I,United Arab Emirates,Thailand,"Bayuemas Oval, Kuala Lumpur"
1395015,2023-09-10,T20I,Canada,Argentina,"Woodley Cricket Field, Los Angeles"
1395016,2023-09-10,T20I,Brazil,United States of America,"Woodley Cricket Field, Los Angeles"
1395032,2023-09-10,T20I,Scotland,Italy,"Desert Springs Cricket Ground, Almeria"
1395033,2023-09-10,T20I,France,Netherlands,"Desert Springs Cricket Ground, Almeria"
1395017,2023-09-11,T20I,Argentina,Brazil,"Woodley Cricket Field, Los Angeles"
1395018,2023-09-11,T20I,United States of America,Canada,"Woodley Cricket Field, Los Angeles"
1395035,2023-09-11,T20I,Scotland,Netherlands,"Desert Springs Cricket Ground, Almeria"
1395036,2023-09-12,T20I,Scotland,France,"Desert Springs Cricket Ground, Almeria"
1395037,2023-09-12,T20I,Italy,Netherlands,"Desert Springs Cricket Ground, Almeria"
1392802,2023-09-15,T20I,Saudi Arabia,Kuwait,"West End Park International Cricket Stadium, Doha"
1392803,2023-09-15,T20I,Qatar,Bahrain,"West End Park International Cricket Stadium, Doha"
1392805,2023-09-16,T20I,Bahrain,Kuwait,"West End Park International Cricket Stadium, Doha"
1392808,2023-09-18,T20I,Qatar,Kuwait,"West End Park International Cricket Stadium, Doha"
1392809,2023-09-18,T20I,Saudi Arabia,Bahrain,"West End Park International Cricket Stadium, Doha"
1392811,2023-09-19,T20I,Bahrain,Oman,"West End Park International Cricket Stadium, Doha"
1398295,2023-09-19,T20I,Malaysia,Hong Kong,"Bayuemas Oval, Kuala Lumpur"
1392812,2023-09-20,T20I,United Arab Emirates,Qatar,"West End Park International Cricket Stadium, Doha"
1398296,2023-09-20,T20I,Malaysia,Papua New Guinea,"Bayuemas Oval, Kuala Lumpur"
1399055,2023-09-21,T20I,India,Malaysia,Zhejiang University of Technology Cricket Field
1397437,2023-09-22,T20I,Bahrain,United Arab Emirates,"West End Park International Cricket Stadium, Doha"
1397438,2023-09-22,T20I,Oman,Kuwait,"West End Park International Cricket Stadium, Doha"
1398298,2023-09-22,T20I,Malaysia,Hong Kong,"Bayuemas Oval, Kuala Lumpur"
1399057,2023-09-22,T20I,Thailand,Sri Lanka,Zhejiang University of Technology Cricket Field
1397439,2023-09-23,T20I,United Arab Emirates,Oman,"West End Park International Cricket Stadium, Doha"
1398299,2023-09-23,T20I,Malaysia,Papua New Guinea,"Bayuemas Oval, Kuala Lumpur"
1398300,2023-09-24,T20I,Hong Kong,Papua New Guinea,"Bayuemas Oval, Kuala Lumpur"
1399059,2023-09-24,T20I,Bangladesh,India,Zhejiang University of Technology Cricket Field
1399060,2023-09-24,T20I,Pakistan,Sri Lanka,Zhejiang University of Technology Cricket Field
1399061,2023-09-25,T20I,Pakistan,Bangladesh,Zhejiang University of Technology Cricket Field
1399062,2023-09-25,T20I,India,Sri Lanka,Zhejiang University of Technology Cricket Field
1400036,2023-09-26,T20I,United Arab Emirates,Namibia,Dubai International Cricket Stadium
1399104,2023-09-27,T20I,Nepal,Mongolia,Zhejiang University of Technology Cricket Field
1400037,2023-09-27,T20I,United Arab Emirates,Namibia,Dubai International Cricket Stadium
1399138,2023-09-28,T20I,Qatar,Kuwait,"West End Park International Cricket Stadium, Doha"
1399140,2023-09-29,T20I,Maldives,Kuwait,"West End Park International Cricket Stadium, Doha"
1400038,2023-09-29,T20I,United Arab Emirates,Namibia,Dubai International Cricket Stadium
1391338,2023-09-30,T20I,Estonia,Gibraltar,Europa Sports Complex
1399150,2023-09-30,T20I,Bermuda,Canada,"White Hill Field, Sandys Parish"
1399151,2023-09-30,T20I,Panama,Cayman Islands,"White Hill Field, Sandys Parish"
1400039,2023-09-30,T20I,Namibia,United Arab Emirates,Dubai International Cricket Stadium
1375863,2023-10-01,T20I,West Indies,Australia,"North Sydney Oval, Sydney"
1399142,2023-10-01,T20I,Maldives,Qatar,"West End Park International Cricket Stadium, Doha"
1399143,2023-10-01,T20I,Kuwait,Saudi Arabia,"West End Park International Cricket Stadium, Doha"
1399152,2023-10-01,T20I,Panama,Bermuda,"White Hill Field, Sandys Parish"
1399153,2023-10-01,T20I,Canada,Cayman Islands,"White Hill Field, Sandys Parish"
1375864,2023-10-02,T20I,Australia,West Indies,"North Sydney Oval, Sydney"
1399144,2023-10-02,T20I,Qatar,Kuwait,"West End Park International Cricket Stadium, Doha"
1399145,2023-10-02,T20I,Maldives,Saudi Arabia,"West End Park International Cricket Stadium, Doha"
1400040,2023-10-02,T20I,United Arab Emirates,Namibia,Dubai International Cricket Stadium
1399113,2023-10-03,T20I,India,Nepal,Zhejiang University of Technology Cricket Field
1399114,2023-10-03,T20I,Pakistan,Hong Kong,Zhejiang University of Technology Cricket Field
1399154,2023-10-03,T20I,Canada,Panama,"National Stadium, Hamilton"
1399155,2023-10-03,T20I,Bermuda,Cayman Islands,"National Stadium, Hamilton"
1400041,2023-10-03,T20I,Namibia,United Arab Emirates,"ICC Academy, Dubai"
1399116,2023-10-04,T20I,Bangladesh,Malaysia,Zhejiang University of Technology Cricket Field
1399146,2023-10-04,T20I,Maldives,Kuwait,"West End Park International Cricket Stadium, Doha"
1399156,2023-10-04,T20I,Canada,Cayman Islands,"National Stadium, Hamilton"
1399157,2023-10-04,T20I,Panama,Bermuda,"National Stadium, Hamilton"
1400972,2023-10-04,T20I,Nigeria,Rwanda,"Tafawa Balewa Square Cricket Oval, Lagos"
1400973,2023-10-04,T20I,Sierra Leone,Ghana,"Tafawa Balewa Square Cricket Oval, Lagos"
1375865,2023-10-05,T20I,Australia,West Indies,"Allan Border Field, Brisbane"
1399148,2023-10-05,T20I,Qatar,Maldives,"West End Park International Cricket Stadium, Doha"
1399149,2023-10-05,T20I,Saudi Arabia,Kuwait,"West End Park International Cricket Stadium, Doha"
1400053,2023-10-05,T20I,Serbia,Gibraltar,Europa Sports Complex
1400974,2023-10-05,T20I,Nigeria,Sierra Leone,"Tafawa Balewa Square Cricket Oval, Lagos"
1400975,2023-10-05,T20I,Rwanda,Ghana,"Tafawa Balewa Square Cricket Oval, Lagos"
1399117,2023-10-06,T20I,Bangladesh,India,Zhejiang University of Technology Cricket Field
1400976,2023-10-06,T20I,Nigeria,Ghana,"Tafawa Balewa Square Cricket Oval, Lagos"
1400977,2023-10-06,T20I,Rwanda,Sierra Leone,"Tafawa Balewa Square Cricket Oval, Lagos"
1399119,2023-10-07,T20I,Pakistan,Bangladesh,Zhejiang University of Technology Cricket Field
1399161,2023-10-07,T20I,Canada,Bermuda,"National Stadium, Hamilton"
1400978,2023-10-07,T20I,Rwanda,Nigeria,"Tafawa Balewa Square Cricket Oval, Lagos"
1392352,2023-10-08,T20I,New Zealand,South Africa,"Buffalo Park, East London"
1400980,2023-10-08,T20I,Sierra Leone,Nigeria,"Tafawa Balewa Square Cricket Oval, Lagos"
1400981,2023-10-08,T20I,Rwanda,Ghana,"Tafawa Balewa Square Cricket Oval, Lagos"
1400982,2023-10-10,T20I,Nigeria,Ghana,"Tafawa Balewa Square Cricket Oval, Lagos"
1400983,2023-10-10,T20I,Sierra Leone,Rwanda,"Tafawa Balewa Square Cricket Oval, Lagos"
1400984,2023-10-11,T20I,Ghana,Nigeria,"Tafawa Balewa Square Cricket Oval, Lagos"
1400985,2023-10-11,T20I,Sierra Leone,Rwanda,"Tafawa Balewa Square Cricket Oval, Lagos"
1400986,2023-10-12,T20I,Ghana,Rwanda,"Tafawa Balewa Square Cricket Oval, Lagos"
1400987,2023-10-12,T20I,Nigeria,Sierra Leone,"Tafawa Balewa Square Cricket Oval, Lagos"
1392354,2023-10-14,T20I,South Africa,New Zealand,"Willowmoore Park, Benoni"
1400988,2023-10-14,T20I,Rwanda,Nigeria,"Tafawa Balewa Square Cricket Oval, Lagos"
1400989,2023-10-14,T20I,Ghana,Sierra Leone,"Tafawa Balewa Square Cricket Oval, Lagos"
1402765,2023-10-14,T20I,Argentina,Chile,San Albano
1392355,2023-10-15,T20I,South Africa,New Zealand,"Willowmoore Park, Benoni"
1400055,2023-10-15,T20I,Gibraltar,Luxembourg,Europa Sports Complex
1400990,2023-10-15,T20I,Ghana,Sierra Leone,"Tafawa Balewa Square Cricket Oval, Lagos"
1400991,2023-10-15,T20I,Nigeria,Rwanda,"Tafawa Balewa Square Cricket Oval, Lagos"
1402766,2023-10-15,T20I,Argentina,Chile,San Albano
1403288,2023-10-18,T20I,United Arab Emirates,Nepal,Mulpani Cricket Ground
1403297,2023-10-18,T20I,Chile,Mexico,St Georges Quilmes
1403289,2023-10-19,T20I,Hong Kong,Nepal,Mulpani Cricket Ground
1403301,2023-10-19,T20I,Mexico,Argentina,St Georges Quilmes
1403305,2023-10-20,T20I,Chile,Argentina,St Georges Quilmes
1403290,2023-10-21,T20I,Nepal,Hong Kong,Mulpani Cricket Ground
1403291,2023-10-22,T20I,Hong Kong,United Arab Emirates,Mulpani Cricket Ground
1403292,2023-10-23,T20I,United Arab Emirates,Nepal,Mulpani Cricket Ground
1403686,2023-10-23,T20I,Scotland,Ireland,"Desert Springs Cricket Ground, Almeria"
1403687,2023-10-24,T20I,Ireland,Scotland,"Desert Springs Cricket Ground, Almeria"
1404390,2023-10-24,T20I,Zimbabwe,Namibia,"Wanderers Cricket Ground, Windhoek"
1403293,2023-10-25,T20I,Hong Kong,United Arab Emirates,Mulpani Cricket Ground
1404391,2023-10-25,T20I,Namibia,Zimbabwe,"Wanderers Cricket Ground, Windhoek"
1405121,2023-10-25,T20I,Pakistan,Bangladesh,"Zahur Ahmed Chowdhury Stadium, Chattogram"
1403294,2023-10-27,T20I,Nepal,United Arab Emirates,"Tribhuvan University International Cricket Ground, Kirtipur"
1404392,2023-10-27,T20I,Namibia,Zimbabwe,"United Cricket Club Ground, Windhoek"
1405122,2023-10-27,T20I,Bangladesh,Pakistan,"Zahur Ahmed Chowdhury Stadium, Chattogram"
1404393,2023-10-29,T20I,Zimbabwe,Namibia,"United Cricket Club Ground, Windhoek"
1405123,2023-10-29,T20I,Pakistan,Bangladesh,"Zahur Ahmed Chowdhury Stadium, Chattogram"
1404394,2023-10-30,T20I,Namibia,Zimbabwe,"United Cricket Club Ground, Windhoek"
1405313,2023-10-30,T20I,Bahrain,United Arab Emirates,Mulpani Cricket Ground
1405314,2023-10-30,T20I,Singapore,Nepal,"Tribhuvan University International Cricket Ground, Kirtipur"
1405315,2023-10-30,T20I,Oman,Malaysia,"Tribhuvan University International Cricket Ground, Kirtipur"
1405316,2023-10-30,T20I,Hong Kong,Kuwait,Mulpani Cricket Ground
1405317,2023-10-31,T20I,Oman,Singapore,"Tribhuvan University International Cricket Ground, Kirtipur"
1405318,2023-10-31,T20I,Bahrain,Hong Kong,Mulpani Cricket Ground
1405319,2023-10-31,T20I,Malaysia,Nepal,"Tribhuvan University International Cricket Ground, Kirtipur"
1405320,2023-10-31,T20I,Kuwait,United Arab Emirates,Mulpani Cricket Ground
1405321,2023-11-02,T20I,Oman,Nepal,"Tribhuvan University International Cricket Ground, Kirtipur"
1405322,2023-11-02,T20I,United Arab Emirates,Hong Kong,Mulpani Cricket Ground
1405323,2023-11-02,T20I,Malaysia,Singapore,"Tribhuvan University International Cricket Ground, Kirtipur"
1405324,2023-11-02,T20I,Bahrain,Kuwait,Mulpani Cricket Ground
1405325,2023-11-03,T20I,Bahrain,Oman,"Tribhuvan University International Cricket Ground, Kirtipur"
1405326,2023-11-03,T20I,United Arab Emirates,Nepal,Mulpani Cricket Ground
1405327,2023-11-05,T20I,Nepal,Oman,"Tribhuvan University International Cricket Ground, Kirtipur"
1407868,2023-11-15,T20I,Tanzania,Nepal,Hong Kong Cricket Club
1407869,2023-11-15,T20I,Japan,Hong Kong,Hong Kong Cricket Club
1407866,2023-11-16,T20I,Tanzania,Japan,Hong Kong Cricket Club
1407867,2023-11-16,T20I,Nepal,Hong Kong,Hong Kong Cricket Club
1407864,2023-11-18,T20I,Nepal,Japan,Hong Kong Cricket Club
1407865,2023-11-18,T20I,Tanzania,Hong Kong,Hong Kong Cricket Club
1407870,2023-11-19,T20I,Nepal,Japan,Hong Kong Cricket Club
1407871,2023-11-19,T20I,Tanzania,Hong Kong,Hong Kong Cricket Club
1407714,2023-11-20,T20I,Cambodia,Indonesia,Udayana Cricket Ground
1407716,2023-11-21,T20I,Indonesia,Cambodia,Udayana Cricket Ground
1407089,2023-11-22,T20I,Kenya,Rwanda,"United Cricket Club Ground, Windhoek"
1407090,2023-11-22,T20I,Tanzania,Uganda,"Wanderers Cricket Ground, Windhoek"
1407091,2023-11-22,T20I,Zimbabwe,Namibia,"Wanderers Cricket Ground, Windhoek"
1407718,2023-11-22,T20I,Indonesia,Cambodia,Udayana Cricket Ground
1389391,2023-11-23,T20I,Australia,India,"Dr. Y.S. Rajasekhara Reddy ACA-VDCA Cricket Stadium, Visakhapatnam"
1407092,2023-11-23,T20I,Nigeria,Kenya,"United Cricket Club Ground, Windhoek"
1407093,2023-11-23,T20I,Tanzania,Zimbabwe,"United Cricket Club Ground, Windhoek"
1407719,2023-11-23,T20I,Cambodia,Indonesia,Udayana Cricket Ground
1407094,2023-11-24,T20I,Nigeria,Rwanda,"Wanderers Cricket Ground, Windhoek"
1407095,2023-11-24,T20I,Uganda,Namibia,"Wanderers Cricket Ground, Windhoek"
1407096,2023-11-25,T20I,Kenya,Tanzania,"Wanderers Cricket Ground, Windhoek"
1407097,2023-11-25,T20I,Namibia,Rwanda,"Wanderers Cricket Ground, Windhoek"
1389392,2023-11-26,T20I,India,Australia,"Greenfield International Stadium, Thiruvananthapuram"
1407098,2023-11-26,T20I,Tanzania,Nigeria,"United Cricket Club Ground, Windhoek"
1407099,2023-11-26,T20I,Zimbabwe,Uganda,"United Cricket Club Ground, Windhoek"
1407100,2023-11-27,T20I,Nigeria,Uganda,"United Cricket Club Ground, Windhoek"
1407101,2023-11-27,T20I,Zimbabwe,Rwanda,"Wanderers Cricket Ground, Windhoek"
1407102,2023-11-27,T20I,Kenya,Namibia,"United Cricket Club Ground, Windhoek"
1389393,2023-11-28,T20I,India,Australia,"Barsapara Cricket Stadium, Guwahati"
1407103,2023-11-28,T20I,Namibia,Tanzania,"Wanderers Cricket Ground, Windhoek"
1407104,2023-11-29,T20I,Nigeria,Zimbabwe,"United Cricket Club Ground, Windhoek"
1407105,2023-11-29,T20I,Tanzania,Rwanda,"Wanderers Cricket Ground, Windhoek"
1407106,2023-11-29,T20I,Uganda,Kenya,"Wanderers Cricket Ground, Windhoek"
1407107,2023-11-30,T20I,Zimbabwe,Kenya,"United Cricket Club Ground, Windhoek"
1407108,2023-11-30,T20I,Rwanda,Uganda,"Wanderers Cricket Ground, Windhoek"
1407109,2023-11-30,T20I,Nigeria,Namibia,"Wanderers Cricket Ground, Windhoek"
1389394,2023-12-01,T20I,India,Australia,"Shaheed Veer Narayan Singh International Stadium, Raipur"
1388196,2023-12-03,T20I,New Zealand,Pakistan,"University Oval, Dunedin"
1389395,2023-12-03,T20I,India,Australia,"M Chinnaswamy Stadium, Bengaluru"
1398254,2023-12-03,T20I,Bangladesh,South Africa,"Willowmoore Park, Benoni"
1388197,2023-12-05,T20I,Pakistan,New Zealand,"University Oval, Dunedin"
1398255,2023-12-06,T20I,Bangladesh,South Africa,"Diamond Oval, Kimberley"
1406073,2023-12-06,T20I,England,India,"Wankhede Stadium, Mumbai"
1408103,2023-12-07,T20I,Ireland,Zimbabwe,Harare Sports Club
1398256,2023-12-08,T20I,Bangladesh,South Africa,"Diamond Oval, Kimberley"
1388198,2023-12-09,T20I,Pakistan,New Zealand,"John Davies Oval, Queenstown"
1406074,2023-12-09,T20I,India,England,"Wankhede Stadium, Mumbai"
1408104,2023-12-09,T20I,Zimbabwe,Ireland,Harare Sports Club
1411261,2023-12-09,T20I,Zimbabwe,Kenya,Entebbe Cricket Oval
1411262,2023-12-09,T20I,Botswana,Tanzania,Entebbe Cricket Oval
1406075,2023-12-10,T20I,England,India,"Wankhede Stadium, Mumbai"
1408105,2023-12-10,T20I,Zimbabwe,Ireland,Harare Sports Club
1411263,2023-12-10,T20I,Namibia,Nigeria,Entebbe Cricket Oval
1411264,2023-12-10,T20I,Rwanda,Uganda,Entebbe Cricket Oval
1411265,2023-12-11,T20I,Kenya,Tanzania,Entebbe Cricket Oval
1411266,2023-12-11,T20I,Zimbabwe,Botswana,Entebbe Cricket Oval
1373579,2023-12-12,T20I,England,West Indies,"Kensington Oval, Bridgetown, Barbados"
1387598,2023-12-12,T20I,India,South Africa,"St George's Park, Gqeberha"
1411267,2023-12-12,T20I,Rwanda,Nigeria,Entebbe Cricket Oval
1411268,2023-12-12,T20I,Namibia,Uganda,Entebbe Cricket Oval
1411269,2023-12-13,T20I,Botswana,Kenya,Entebbe Cricket Oval
1411270,2023-12-13,T20I,Tanzania,Zimbabwe,Entebbe Cricket Oval
1373580,2023-12-14,T20I,West Indies,England,"National Cricket Stadium, St George's, Grenada"
1387599,2023-12-14,T20I,India,South Africa,"The Wanderers Stadium, Johannesburg"
1411271,2023-12-14,T20I,Namibia,Rwanda,Entebbe Cricket Oval
1411272,2023-12-14,T20I,Nigeria,Uganda,Entebbe Cricket Oval
1373581,2023-12-16,T20I,West Indies,England,"National Cricket Stadium, St George's, Grenada"
1411273,2023-12-16,T20I,Zimbabwe,Namibia,Entebbe Cricket Oval
1411274,2023-12-16,T20I,Uganda,Tanzania,Entebbe Cricket Oval
1411276,2023-12-17,T20I,Uganda,Zimbabwe,Entebbe Cricket Oval
1373582,2023-12-19,T20I,England,West Indies,"Brian Lara Stadium, Tarouba, Trinidad"
1373583,2023-12-21,T20I,England,West Indies,"Brian Lara Stadium, Tarouba, Trinidad"
1412530,2023-12-22,T20I,Philippines,Indonesia,Udayana Cricket Ground
1412531,2023-12-23,T20I,Philippines,Indonesia,Udayana Cricket Ground
1412533,2023-12-24,T20I,Indonesia,Philippines,Udayana Cricket Ground
1412535,2023-12-26,T20I,Indonesia,Philippines,Udayana Cricket Ground
1388213,2023-12-27,T20I,New Zealand,Bangladesh,"McLean Park, Napier"
1388214,2023-12-29,T20I,New Zealand,Bangladesh,"Bay Oval, Mount Maunganui"
1388215,2023-12-31,T20I,Bangladesh,New Zealand,"Bay Oval, Mount Maunganui"
1406081,2024-01-05,T20I,Australia,India,"Dr DY Patil Sports Academy, Mumbai"
1406082,2024-01-07,T20I,India,Australia,"Dr DY Patil Sports Academy, Mumbai"
1406083,2024-01-09,T20I,India,Australia,"Dr DY Patil Sports Academy, Mumbai"
1388216,2024-01-12,T20I,New Zealand,Pakistan,"Eden Park, Auckland"
1388217,2024-01-14,T20I,New Zealand,Pakistan,"Seddon Park, Hamilton"
1412542,2024-01-14,T20I,Zimbabwe,Sri Lanka,"R Premadasa Stadium, Colombo"
1412543,2024-01-16,T20I,Sri Lanka,Zimbabwe,"R Premadasa Stadium, Colombo"
1388218,2024-01-17,T20I,New Zealand,Pakistan,"University Oval, Dunedin"
1412544,2024-01-18,T20I,Zimbabwe,Sri Lanka,"R Premadasa Stadium, Colombo"
1388219,2024-01-19,T20I,Pakistan,New Zealand,"Hagley Oval, Christchurch"
1388220,2024-01-21,T20I,Pakistan,New Zealand,"Hagley Oval, Christchurch"
1415983,2024-01-26,T20I,Ireland,Zimbabwe,Harare Sports Club
1375869,2024-01-27,T20I,South Africa,Australia,"Manuka Oval, Canberra"
1418176,2024-01-27,T20I,Myanmar,Cambodia,"Terdthai Cricket Ground, Bangkok"
1375870,2024-01-28,T20I,Australia,South Africa,"Manuka Oval, Canberra"
1415984,2024-01-28,T20I,Ireland,Zimbabwe,Harare Sports Club
1418177,2024-01-28,T20I,Cambodia,China,"Terdthai Cricket Ground, Bangkok"
1375871,2024-01-30,T20I,South Africa,Australia,"Bellerive Oval, Hobart"
1415985,2024-01-30,T20I,Ireland,Zimbabwe,Harare Sports Club
1415986,2024-02-01,T20I,Zimbabwe,Ireland,Harare Sports Club
1418181,2024-02-01,T20I,Indonesia,Bhutan,"Terdthai Cricket Ground, Bangkok"
1415987,2024-02-02,T20I,Ireland,Zimbabwe,Harare Sports Club
1418182,2024-02-02,T20I,Singapore,Maldives,"Terdthai Cricket Ground, Bangkok"
1418183,2024-02-02,T20I,Japan,Thailand,"Terdthai Cricket Ground, Bangkok"
1418184,2024-02-03,T20I,Bhutan,Saudi Arabia,"Terdthai Cricket Ground, Bangkok"
1418185,2024-02-03,T20I,Indonesia,Cambodia,"Terdthai Cricket Ground, Bangkok"
1418186,2024-02-04,T20I,Singapore,Thailand,"Terdthai Cricket Ground, Bangkok"
1418187,2024-02-04,T20I,Japan,Maldives,"Terdthai Cricket Ground, Bangkok"
1419510,2024-02-04,T20I,Malaysia,Kuwait,Johor Cricket Academy Oval
1418188,2024-02-05,T20I,Saudi Arabia,Indonesia,"Terdthai Cricket Ground, Bangkok"
1419511,2024-02-05,T20I,Kuwait,Malaysia,Johor Cricket Academy Oval
1418190,2024-02-06,T20I,Singapore,Japan,"Terdthai Cricket Ground, Bangkok"
1418191,2024-02-06,T20I,Maldives,Thailand,"Terdthai Cricket Ground, Bangkok"
1418192,2024-02-07,T20I,Indonesia,Thailand,"Terdthai Cricket Ground, Bangkok"
1418193,2024-02-07,T20I,Maldives,Bhutan,"Terdthai Cricket Ground, Bangkok"
1375850,2024-02-09,T20I,Australia,West Indies,"Bellerive Oval, Hobart"
1418194,2024-02-09,T20I,Japan,Saudi Arabia,"Terdthai Cricket Ground, Bangkok"
1418195,2024-02-09,T20I,Singapore,Cambodia,"Terdthai Cricket Ground, Bangkok"
1419906,2024-02-10,T20I,Myanmar,Thailand,"Bayuemas Oval, Kuala Lumpur"
1419907,2024-02-10,T20I,United Arab Emirates,China,"YSD-UKM Cricket Oval, Bangi"
1419908,2024-02-10,T20I,Indonesia,Malaysia,"Royal Selangor Club, Kuala Lumpur"
1419909,2024-02-10,T20I,Hong Kong,Nepal,"Selangor Turf Club, Kuala Lumpur"
1419910,2024-02-10,T20I,Singapore,Kuwait,"Bayuemas Oval, Kuala Lumpur"
1419911,2024-02-10,T20I,Japan,Oman,"YSD-UKM Cricket Oval, Bangi"
1419912,2024-02-10,T20I,Bahrain,Qatar,"Royal Selangor Club, Kuala Lumpur"
1419913,2024-02-10,T20I,Bhutan,Maldives,"Selangor Turf Club, Kuala Lumpur"
1375851,2024-02-11,T20I,Australia,West Indies,Adelaide Oval
1418196,2024-02-11,T20I,Japan,Singapore,"Terdthai Cricket Ground, Bangkok"
1418197,2024-02-11,T20I,Cambodia,Saudi Arabia,"Terdthai Cricket Ground, Bangkok"
1419914,2024-02-11,T20I,Thailand,Kuwait,"YSD-UKM Cricket Oval, Bangi"
1419915,2024-02-11,T20I,United Arab Emirates,Oman,"Royal Selangor Club, Kuala Lumpur"
1419916,2024-02-11,T20I,Indonesia,Bahrain,"Selangor Turf Club, Kuala Lumpur"
1419917,2024-02-11,T20I,Bhutan,Nepal,"Bayuemas Oval, Kuala Lumpur"
1419918,2024-02-11,T20I,Singapore,Myanmar,"YSD-UKM Cricket Oval, Bangi"
1419919,2024-02-11,T20I,China,Japan,"Royal Selangor Club, Kuala Lumpur"
1419920,2024-02-11,T20I,Malaysia,Qatar,"Selangor Turf Club, Kuala Lumpur"
1419921,2024-02-11,T20I,Hong Kong,Maldives,"Bayuemas Oval, Kuala Lumpur"
1420801,2024-02-12,T20I,Bhutan,Thailand,"Terdthai Cricket Ground, Bangkok"
1420802,2024-02-12,T20I,Saudi Arabia,Maldives,"Terdthai Cricket Ground, Bangkok"
1375852,2024-02-13,T20I,West Indies,Australia,Perth Stadium
1419922,2024-02-13,T20I,Kuwait,Myanmar,"Royal Selangor Club, Kuala Lumpur"
1419923,2024-02-13,T20I,Oman,China,"Selangor Turf Club, Kuala Lumpur"
1419924,2024-02-13,T20I,Malaysia,Bahrain,"Bayuemas Oval, Kuala Lumpur"
1419925,2024-02-13,T20I,Hong Kong,Bhutan,"YSD-UKM Cricket Oval, Bangi"
1419926,2024-02-13,T20I,Thailand,Singapore,"Royal Selangor Club, Kuala Lumpur"
1419927,2024-02-13,T20I,Japan,United Arab Emirates,"Selangor Turf Club, Kuala Lumpur"
1419928,2024-02-13,T20I,Qatar,Indonesia,"Bayuemas Oval, Kuala Lumpur"
1419929,2024-02-13,T20I,Nepal,Maldives,"YSD-UKM Cricket Oval, Bangi"
1420803,2024-02-13,T20I,Thailand,Saudi Arabia,"Terdthai Cricket Ground, Bangkok"
1420804,2024-02-13,T20I,Bhutan,Maldives,"Terdthai Cricket Ground, Bangkok"
1418539,2024-02-14,T20I,Hong Kong,China,"Mission Road Ground, Mong Kok, Hong Kong"
1418540,2024-02-14,T20I,Japan,Hong Kong,"Mission Road Ground, Mong Kok, Hong Kong"
1419930,2024-02-14,T20I,Hong Kong,Thailand,"Bayuemas Oval, Kuala Lumpur"
1419931,2024-02-14,T20I,United Arab Emirates,Indonesia,"YSD-UKM Cricket Oval, Bangi"
1419932,2024-02-14,T20I,Malaysia,Japan,"Bayuemas Oval, Kuala Lumpur"
1419933,2024-02-14,T20I,Kuwait,Nepal,"YSD-UKM Cricket Oval, Bangi"
1418541,2024-02-15,T20I,Japan,China,"Mission Road Ground, Mong Kok, Hong Kong"
1418542,2024-02-15,T20I,Hong Kong,Japan,"Mission Road Ground, Mong Kok, Hong Kong"
1420805,2024-02-15,T20I,Maldives,Thailand,"Terdthai Cricket Ground, Bangkok"
1420806,2024-02-15,T20I,Saudi Arabia,Bhutan,"Terdthai Cricket Ground, Bangkok"
1418543,2024-02-16,T20I,China,Hong Kong,"Mission Road Ground, Mong Kok, Hong Kong"
1418544,2024-02-16,T20I,Japan,China,"Mission Road Ground, Mong Kok, Hong Kong"
1419934,2024-02-16,T20I,United Arab Emirates,Thailand,"Bayuemas Oval, Kuala Lumpur"
1419935,2024-02-16,T20I,Nepal,Malaysia,"Bayuemas Oval, Kuala Lumpur"
1420807,2024-02-16,T20I,Thailand,Saudi Arabia,"Terdthai Cricket Ground, Bangkok"
1420808,2024-02-16,T20I,Maldives,Bhutan,"Terdthai Cricket Ground, Bangkok"
1418545,2024-02-17,T20I,Hong Kong,Japan,"Mission Road Ground, Mong Kok, Hong Kong"
1419936,2024-02-18,T20I,United Arab Emirates,Malaysia,"Bayuemas Oval, Kuala Lumpur"
1388223,2024-02-21,T20I,New Zealand,Australia,"Sky Stadium, Wellington"
1388224,2024-02-23,T20I,Australia,New Zealand,"Eden Park, Auckland"
1388225,2024-02-25,T20I,Australia,New Zealand,"Eden Park, Auckland"
1422037,2024-02-27,T20I,Namibia,Nepal,"Tribhuvan University International Cricket Ground, Kirtipur"
1422802,2024-02-27,T20I,Hong Kong,Qatar,University of Doha for Science and Technology
1422038,2024-02-28,T20I,Netherlands,Nepal,"Tribhuvan University International Cricket Ground, Kirtipur"
1422039,2024-02-29,T20I,Netherlands,Namibia,"Tribhuvan University International Cricket Ground, Kirtipur"
1422803,2024-02-29,T20I,Hong Kong,Qatar,University of Doha for Science and Technology
1422040,2024-03-01,T20I,Nepal,Namibia,"Tribhuvan University International Cricket Ground, Kirtipur"
1422804,2024-03-01,T20I,Qatar,Hong Kong,"West End Park International Cricket Stadium, Doha"
1422041,2024-03-02,T20I,Netherlands,Nepal,"Tribhuvan University International Cricket Ground, Kirtipur"
1422042,2024-03-03,T20I,Namibia,Netherlands,"Tribhuvan University International Cricket Ground, Kirtipur"
1419824,2024-03-04,T20I,Sri Lanka,Bangladesh,Sylhet International Cricket Stadium
1422043,2024-03-05,T20I,Nepal,Netherlands,"Tribhuvan University International Cricket Ground, Kirtipur"
1422807,2024-03-05,T20I,Vanuatu,Tanzania,"Bayuemas Oval, Kuala Lumpur"
1422808,2024-03-05,T20I,Kuwait,Bahrain,"Bayuemas Oval, Kuala Lumpur"
1419825,2024-03-06,T20I,Sri Lanka,Bangladesh,Sylhet International Cricket Stadium
1422809,2024-03-06,T20I,Tanzania,Kuwait,"Bayuemas Oval, Kuala Lumpur"
1422810,2024-03-06,T20I,Malaysia,Vanuatu,"Bayuemas Oval, Kuala Lumpur"
1423372,2024-03-06,T20I,Papua New Guinea,Oman,Al Amerat Cricket Ground Oman Cricket (Ministry Turf 1)
1422811,2024-03-07,T20I,Malaysia,Bahrain,"Bayuemas Oval, Kuala Lumpur"
1422812,2024-03-07,T20I,Vanuatu,Kuwait,"Bayuemas Oval, Kuala Lumpur"
1423373,2024-03-07,T20I,Oman,Papua New Guinea,Al Amerat Cricket Ground Oman Cricket (Ministry Turf 1)
1423459,2024-03-07,T20I,Namibia,South Africa,"Achimota Senior Secondary School A Field, Accra"
1423460,2024-03-07,T20I,Tanzania,Nigeria,"Achimota Senior Secondary School B Field, Accra"
1423374,2024-03-08,T20I,Papua New Guinea,Oman,Al Amerat Cricket Ground Oman Cricket (Ministry Turf 1)
1423463,2024-03-08,T20I,Tanzania,South Africa,"Achimota Senior Secondary School A Field, Accra"
1423464,2024-03-08,T20I,Nigeria,Namibia,"Achimota Senior Secondary School B Field, Accra"
1423465,2024-03-08,T20I,Uganda,Zimbabwe,"Achimota Senior Secondary School A Field, Accra"
1419826,2024-03-09,T20I,Sri Lanka,Bangladesh,Sylhet International Cricket Stadium
1422813,2024-03-09,T20I,Kuwait,Malaysia,"Bayuemas Oval, Kuala Lumpur"
1422814,2024-03-09,T20I,Bahrain,Tanzania,"Bayuemas Oval, Kuala Lumpur"
1423439,2024-03-09,T20I,Hong Kong,Nepal,"Mission Road Ground, Mong Kok, Hong Kong"
1422815,2024-03-10,T20I,Bahrain,Vanuatu,"Bayuemas Oval, Kuala Lumpur"
1422816,2024-03-10,T20I,Tanzania,Malaysia,"Bayuemas Oval, Kuala Lumpur"
1423440,2024-03-10,T20I,Hong Kong,Nepal,"Mission Road Ground, Mong Kok, Hong Kong"
1423467,2024-03-10,T20I,Namibia,Tanzania,"Achimota Senior Secondary School A Field, Accra"
1423470,2024-03-10,T20I,Uganda,Rwanda,"Achimota Senior Secondary School B Field, Accra"
1421078,2024-03-11,T20I,Scotland,United Arab Emirates,Dubai International Cricket Stadium
1422817,2024-03-11,T20I,Vanuatu,Kuwait,"Bayuemas Oval, Kuala Lumpur"
1422818,2024-03-11,T20I,Malaysia,Bahrain,"Bayuemas Oval, Kuala Lumpur"
1423471,2024-03-11,T20I,South Africa,Uganda,"Achimota Senior Secondary School A Field, Accra"
1423472,2024-03-11,T20I,Nigeria,Zimbabwe,"Achimota Senior Secondary School A Field, Accra"
1423441,2024-03-12,T20I,Nepal,Papua New Guinea,"Mission Road Ground, Mong Kok, Hong Kong"
1423442,2024-03-12,T20I,Hong Kong,Papua New Guinea,"Mission Road Ground, Mong Kok, Hong Kong"
1421079,2024-03-13,T20I,Scotland,United Arab Emirates,Dubai International Cricket Stadium
1423444,2024-03-13,T20I,Papua New Guinea,Nepal,"Mission Road Ground, Mong Kok, Hong Kong"
1423473,2024-03-13,T20I,Uganda,Nigeria,"Achimota Senior Secondary School A Field, Accra"
1423474,2024-03-13,T20I,Zimbabwe,South Africa,"Achimota Senior Secondary School A Field, Accra"
1421080,2024-03-14,T20I,Scotland,United Arab Emirates,Dubai International Cricket Stadium
1425110,2024-03-16,T20I,Papua New Guinea,Malaysia,"Bayuemas Oval, Kuala Lumpur"
1424752,2024-03-17,T20I,Zimbabwe,Namibia,"Achimota Senior Secondary School A Field, Accra"
1424753,2024-03-17,T20I,Tanzania,Nigeria,"Achimota Senior Secondary School B Field, Accra"
1424754,2024-03-17,T20I,South Africa,Ghana,"Achimota Senior Secondary School A Field, Accra"
1424755,2024-03-17,T20I,Uganda,Kenya,"Achimota Senior Secondary School B Field, Accra"
1425111,2024-03-17,T20I,Malaysia,Papua New Guinea,"Bayuemas Oval, Kuala Lumpur"
1424756,2024-03-18,T20I,Tanzania,Zimbabwe,"Achimota Senior Secondary School A Field, Accra"
1424757,2024-03-18,T20I,Namibia,Nigeria,"Achimota Senior Secondary School B Field, Accra"
1424759,2024-03-18,T20I,Uganda,Ghana,"Achimota Senior Secondary School B Field, Accra"
1388202,2024-03-19,T20I,England,New Zealand,"University Oval, Dunedin"
1424761,2024-03-20,T20I,Ghana,Kenya,"Achimota Senior Secondary School B Field, Accra"
1424762,2024-03-20,T20I,Nigeria,Zimbabwe,"Achimota Senior Secondary School A Field, Accra"
1424763,2024-03-20,T20I,Tanzania,Namibia,"Achimota Senior Secondary School B Field, Accra"
1424764,2024-03-21,T20I,Namibia,Uganda,"Achimota Senior Secondary School A Field, Accra"
1424765,2024-03-21,T20I,Zimbabwe,Kenya,"Achimota Senior Secondary School A Field, Accra"
1388203,2024-03-22,T20I,England,New Zealand,"Saxton Oval, Nelson"
1424766,2024-03-23,T20I,Uganda,Kenya,"Achimota Senior Secondary School A Field, Accra"
1424767,2024-03-23,T20I,Namibia,Zimbabwe,"Achimota Senior Secondary School A Field, Accra"
1388204,2024-03-24,T20I,New Zealand,England,"Saxton Oval, Nelson"
1388205,2024-03-27,T20I,England,New Zealand,"Basin Reserve, Wellington"
1398261,2024-03-27,T20I,South Africa,Sri Lanka,"Willowmoore Park, Benoni"
1388206,2024-03-29,T20I,New Zealand,England,"Basin Reserve, Wellington"
1398262,2024-03-30,T20I,South Africa,Sri Lanka,"Senwes Park, Potchefstroom"
1426048,2024-03-30,T20I,Papua New Guinea,Zimbabwe,Harare Sports Club
1425064,2024-03-31,T20I,Bangladesh,Australia,"Shere Bangla National Stadium, Mirpur"
1426049,2024-03-31,T20I,Zimbabwe,Papua New Guinea,Harare Sports Club
1426450,2024-04-01,T20I,Oman,Namibia,Al Amerat Cricket Ground Oman Cricket (Ministry Turf 1)
1425065,2024-04-02,T20I,Australia,Bangladesh,"Shere Bangla National Stadium, Mirpur"
1426050,2024-04-02,T20I,Zimbabwe,Papua New Guinea,Harare Sports Club
1426451,2024-04-02,T20I,Oman,Namibia,Al Amerat Cricket Ground Oman Cricket (Ministry Turf 1)
1398263,2024-04-03,T20I,South Africa,Sri Lanka,"Buffalo Park, East London"
1425066,2024-04-04,T20I,Australia,Bangladesh,"Shere Bangla National Stadium, Mirpur"
1426452,2024-04-04,T20I,Namibia,Oman,Al Amerat Cricket Ground Oman Cricket (Ministry Turf 1)
1426453,2024-04-05,T20I,Namibia,Oman,Al Amerat Cricket Ground Oman Cricket (Ministry Turf 1)
1425121,2024-04-07,T20I,Canada,United States of America,Prairie View Cricket Complex
1426454,2024-04-07,T20I,Namibia,Oman,Al Amerat Cricket Ground Oman Cricket (Ministry Turf 1)
1425122,2024-04-09,T20I,United States of America,Canada,Prairie View Cricket Complex
1425124,2024-04-12,T20I,United States of America,Canada,Prairie View Cricket Complex
1426455,2024-04-12,T20I,Oman,Bahrain,Al Amerat Cricket Ground Oman Cricket (Ministry Turf 1)
1426456,2024-04-12,T20I,Kuwait,United Arab Emirates,Al Amerat Cricket Ground Oman Cricket (Ministry Turf 2)
1426457,2024-04-12,T20I,Malaysia,Nepal,Al Amerat Cricket Ground Oman Cricket (Ministry Turf 1)
1426458,2024-04-12,T20I,Hong Kong,Qatar,Al Amerat Cricket Ground Oman Cricket (Ministry Turf 2)
1428743,2024-04-12,T20I,Mexico,Costa Rica,Los Reyes Polo Club
1425125,2024-04-13,T20I,Canada,United States of America,Prairie View Cricket Complex
1426459,2024-04-13,T20I,Cambodia,Kuwait,Al Amerat Cricket Ground Oman Cricket (Ministry Turf 1)
1426460,2024-04-13,T20I,United Arab Emirates,Bahrain,Al Amerat Cricket Ground Oman Cricket (Ministry Turf 2)
1426461,2024-04-13,T20I,Nepal,Qatar,Al Amerat Cricket Ground Oman Cricket (Ministry Turf 1)
1426462,2024-04-13,T20I,Malaysia,Saudi Arabia,Al Amerat Cricket Ground Oman Cricket (Ministry Turf 2)
1428745,2024-04-13,T20I,Costa Rica,Mexico,Los Reyes Polo Club
1426463,2024-04-14,T20I,Oman,Cambodia,Al Amerat Cricket Ground Oman Cricket (Ministry Turf 2)
1426464,2024-04-14,T20I,Saudi Arabia,Hong Kong,Al Amerat Cricket Ground Oman Cricket (Ministry Turf 2)
1426479,2024-04-14,T20I,Jersey,Spain,La Manga Club Top Ground
1428746,2024-04-14,T20I,Mexico,Costa Rica,Los Reyes Polo Club
1426465,2024-04-15,T20I,Hong Kong,Nepal,Al Amerat Cricket Ground Oman Cricket (Ministry Turf 1)
1426466,2024-04-15,T20I,Malaysia,Qatar,Al Amerat Cricket Ground Oman Cricket (Ministry Turf 2)
1426467,2024-04-15,T20I,United Arab Emirates,Oman,Al Amerat Cricket Ground Oman Cricket (Ministry Turf 1)
1426468,2024-04-15,T20I,Kuwait,Bahrain,Al Amerat Cricket Ground Oman Cricket (Ministry Turf 2)
1426469,2024-04-16,T20I,Qatar,Saudi Arabia,Al Amerat Cricket Ground Oman Cricket (Ministry Turf 1)
1426470,2024-04-16,T20I,Cambodia,Bahrain,Al Amerat Cricket Ground Oman Cricket (Ministry Turf 1)
1426471,2024-04-17,T20I,Malaysia,Hong Kong,Al Amerat Cricket Ground Oman Cricket (Ministry Turf 1)
1426472,2024-04-17,T20I,Saudi Arabia,Nepal,Al Amerat Cricket Ground Oman Cricket (Ministry Turf 2)
1426473,2024-04-17,T20I,Cambodia,United Arab Emirates,Al Amerat Cricket Ground Oman Cricket (Ministry Turf 1)
1426474,2024-04-17,T20I,Oman,Kuwait,Al Amerat Cricket Ground Oman Cricket (Ministry Turf 2)
1429008,2024-04-18,T20I,Thailand,Ireland,"7he Sevens Stadium, Dubai"
1426475,2024-04-19,T20I,Nepal,United Arab Emirates,Al Amerat Cricket Ground Oman Cricket (Ministry Turf 1)
1426476,2024-04-19,T20I,Hong Kong,Oman,Al Amerat Cricket Ground Oman Cricket (Ministry Turf 1)
1424830,2024-04-20,T20I,New Zealand,Pakistan,Rawalpindi Cricket Stadium
1426477,2024-04-20,T20I,Nepal,Hong Kong,Al Amerat Cricket Ground Oman Cricket (Ministry Turf 1)
1427420,2024-04-20,T20I,Gibraltar,Estonia,Europa Sports Complex
1424831,2024-04-21,T20I,Pakistan,New Zealand,Rawalpindi Cricket Stadium
1426478,2024-04-21,T20I,United Arab Emirates,Oman,Al Amerat Cricket Ground Oman Cricket (Ministry Turf 1)
1427421,2024-04-21,T20I,Gibraltar,Estonia,Europa Sports Complex
1429009,2024-04-21,T20I,Indonesia,Mongolia,Udayana Cricket Ground
1429011,2024-04-22,T20I,Mongolia,Indonesia,Udayana Cricket Ground
1429622,2024-04-22,T20I,Botswana,Lesotho,"Botswana Cricket Association Oval 1, Gaborone"
1429623,2024-04-22,T20I,Mozambique,Rwanda,"Botswana Cricket Association Oval 2, Gaborone"
1429624,2024-04-22,T20I,Lesotho,Rwanda,"Botswana Cricket Association Oval 1, Gaborone"
1429625,2024-04-22,T20I,Mozambique,Botswana,"Botswana Cricket Association Oval 2, Gaborone"
1429626,2024-04-23,T20I,Botswana,Rwanda,"Botswana Cricket Association Oval 1, Gaborone"
1429627,2024-04-23,T20I,Mozambique,Lesotho,"Botswana Cricket Association Oval 2, Gaborone"
1429628,2024-04-23,T20I,Mozambique,Botswana,"Botswana Cricket Association Oval 1, Gaborone"
1429013,2024-04-24,T20I,Indonesia,Mongolia,Udayana Cricket Ground
1424832,2024-04-25,T20I,New Zealand,Pakistan,"Gaddafi Stadium, Lahore"
1425638,2024-04-25,T20I,Sri Lanka,Thailand,"Tolerance Oval, Abu Dhabi"
1425639,2024-04-25,T20I,United Arab Emirates,Ireland,"Zayed Cricket Stadium, Abu Dhabi"
1425640,2024-04-25,T20I,Scotland,Uganda,"Tolerance Oval, Abu Dhabi"
1425641,2024-04-25,T20I,Zimbabwe,Vanuatu,"Zayed Cricket Stadium, Abu Dhabi"
1429630,2024-04-25,T20I,Mozambique,Rwanda,"Botswana Cricket Association Oval 1, Gaborone"
1429631,2024-04-25,T20I,Botswana,Lesotho,"Botswana Cricket Association Oval 2, Gaborone"
1429632,2024-04-25,T20I,Botswana,Rwanda,"Botswana Cricket Association Oval 1, Gaborone"
1426084,2024-04-26,T20I,West Indies,Pakistan,"National Stadium, Karachi"
1429634,2024-04-26,T20I,Mozambique,Lesotho,"Botswana Cricket Association Oval 1, Gaborone"
1429635,2024-04-26,T20I,Botswana,Rwanda,"Botswana Cricket Association Oval 1, Gaborone"
1424833,2024-04-27,T20I,Pakistan,New Zealand,"Gaddafi Stadium, Lahore"
1425642,2024-04-27,T20I,Netherlands,Vanuatu,"Tolerance Oval, Abu Dhabi"
1425643,2024-04-27,T20I,United States of America,Uganda,"Zayed Cricket Stadium, Abu Dhabi"
1425644,2024-04-27,T20I,United Arab Emirates,Zimbabwe,"Tolerance Oval, Abu Dhabi"
1425645,2024-04-27,T20I,Scotland,Sri Lanka,"Zayed Cricket Stadium, Abu Dhabi"
1426085,2024-04-28,T20I,Pakistan,West Indies,"National Stadium, Karachi"
1429393,2024-04-28,T20I,India,Bangladesh,Sylhet International Cricket Stadium
1425646,2024-04-29,T20I,Scotland,United States of America,"Tolerance Oval, Abu Dhabi"
1425647,2024-04-29,T20I,Ireland,Zimbabwe,"Zayed Cricket Stadium, Abu Dhabi"
1425648,2024-04-29,T20I,Uganda,Thailand,"Tolerance Oval, Abu Dhabi"
1425649,2024-04-29,T20I,Netherlands,United Arab Emirates,"Zayed Cricket Stadium, Abu Dhabi"
1426086,2024-04-30,T20I,West Indies,Pakistan,"National Stadium, Karachi"
1429394,2024-04-30,T20I,Bangladesh,India,Sylhet International Cricket Stadium
1425650,2024-05-01,T20I,Netherlands,Zimbabwe,"Tolerance Oval, Abu Dhabi"
1425651,2024-05-01,T20I,Sri Lanka,Uganda,"Zayed Cricket Stadium, Abu Dhabi"
1425652,2024-05-01,T20I,Vanuatu,Ireland,"Tolerance Oval, Abu Dhabi"
1425653,2024-05-01,T20I,United States of America,Thailand,"Zayed Cricket Stadium, Abu Dhabi"
1431607,2024-05-01,T20I,Thailand,Indonesia,Udayana Cricket Ground
1426087,2024-05-02,T20I,West Indies,Pakistan,"National Stadium, Karachi"
1429395,2024-05-02,T20I,Bangladesh,India,Sylhet International Cricket Stadium
1431608,2024-05-02,T20I,Thailand,Indonesia,Udayana Cricket Ground
1425126,2024-05-03,T20I,Zimbabwe,Bangladesh,"Zahur Ahmed Chowdhury Stadium, Chattogram"
1425654,2024-05-03,T20I,Thailand,Scotland,"Tolerance Oval, Abu Dhabi"
1425655,2024-05-03,T20I,United Arab Emirates,Vanuatu,"Zayed Cricket Stadium, Abu Dhabi"
1425656,2024-05-03,T20I,Sri Lanka,United States of America,"Tolerance Oval, Abu Dhabi"
1425657,2024-05-03,T20I,Ireland,Netherlands,"Zayed Cricket Stadium, Abu Dhabi"
1426088,2024-05-03,T20I,Pakistan,West Indies,"National Stadium, Karachi"
1431609,2024-05-04,T20I,Indonesia,Thailand,Udayana Cricket Ground
1425127,2024-05-05,T20I,Zimbabwe,Bangladesh,"Zahur Ahmed Chowdhury Stadium, Chattogram"
1425658,2024-05-05,T20I,Ireland,Scotland,"Zayed Cricket Stadium, Abu Dhabi"
1425659,2024-05-05,T20I,Sri Lanka,United Arab Emirates,"Zayed Cricket Stadium, Abu Dhabi"
1431610,2024-05-05,T20I,Thailand,Indonesia,Udayana Cricket Ground
1429396,2024-05-06,T20I,India,Bangladesh,Sylhet International Cricket Stadium
1431611,2024-05-06,T20I,Indonesia,Thailand,Udayana Cricket Ground
1425128,2024-05-07,T20I,Bangladesh,Zimbabwe,"Zahur Ahmed Chowdhury Stadium, Chattogram"
1425660,2024-05-07,T20I,Sri Lanka,Scotland,"Zayed Cricket Stadium, Abu Dhabi"
1431120,2024-05-07,T20I,Japan,Mongolia,Sano International Cricket Ground
1431121,2024-05-08,T20I,Japan,Mongolia,Sano International Cricket Ground
1429397,2024-05-09,T20I,India,Bangladesh,Sylhet International Cricket Stadium
1431123,2024-05-09,T20I,Mongolia,Japan,Sano International Cricket Ground
1432194,2024-05-09,T20I,France,Malta,Dreux Sport Cricket Club
1425129,2024-05-10,T20I,Bangladesh,Zimbabwe,"Shere Bangla National Stadium, Mirpur"
1426830,2024-05-10,T20I,Pakistan,Ireland,"Castle Avenue, Dublin"
1432196,2024-05-10,T20I,Belgium,France,Dreux Sport Cricket Club
1432197,2024-05-10,T20I,Belgium,Malta,Dreux Sport Cricket Club
1398268,2024-05-11,T20I,England,Pakistan,"Edgbaston, Birmingham"
1431124,2024-05-11,T20I,Japan,Mongolia,Sano International Cricket Ground
1432198,2024-05-11,T20I,Malta,Belgium,Dreux Sport Cricket Club
1432199,2024-05-11,T20I,Belgium,France,Dreux Sport Cricket Club
1425130,2024-05-12,T20I,Bangladesh,Zimbabwe,"Shere Bangla National Stadium, Mirpur"
1426831,2024-05-12,T20I,Ireland,Pakistan,"Castle Avenue, Dublin"
1431126,2024-05-12,T20I,Japan,Mongolia,Sano International Cricket Ground
1432200,2024-05-12,T20I,France,Belgium,Dreux Sport Cricket Club
1426832,2024-05-14,T20I,Ireland,Pakistan,"Castle Avenue, Dublin"
1398269,2024-05-17,T20I,England,Pakistan,"County Ground, Northampton"
1428151,2024-05-18,T20I,Netherlands,Scotland,"Sportpark Westvliet, The Hague"
1398270,2024-05-19,T20I,England,Pakistan,"Headingley, Leeds"
1428152,2024-05-19,T20I,Ireland,Netherlands,"Sportpark Westvliet, The Hague"
1425131,2024-05-21,T20I,Bangladesh,United States of America,Prairie View Cricket Complex
1428154,2024-05-22,T20I,Scotland,Netherlands,"Sportpark Westvliet, The Hague"
1425132,2024-05-23,T20I,United States of America,Bangladesh,Prairie View Cricket Complex
1428155,2024-05-23,T20I,Scotland,Ireland,"Sportpark Westvliet, The Hague"
1433362,2024-05-23,T20I,West Indies,South Africa,"Sabina Park, Kingston, Jamaica"
1428156,2024-05-24,T20I,Ireland,Netherlands,"Sportpark Westvliet, The Hague"
1434155,2024-05-24,T20I,Bulgaria,Gibraltar,"Moara Vlasiei Cricket Ground, Ilfov County"
1434157,2024-05-24,T20I,Bulgaria,Romania,"Moara Vlasiei Cricket Ground, Ilfov County"
1385688,2024-05-25,T20I,England,Pakistan,"Edgbaston, Birmingham"
1425133,2024-05-25,T20I,United States of America,Bangladesh,Prairie View Cricket Complex
1433363,2024-05-25,T20I,West Indies,South Africa,"Sabina Park, Kingston, Jamaica"
1434160,2024-05-25,T20I,Romania,Gibraltar,"Moara Vlasiei Cricket Ground, Ilfov County"
1433364,2024-05-26,T20I,South Africa,West Indies,"Sabina Park, Kingston, Jamaica"
1434161,2024-05-26,T20I,Romania,Bulgaria,"Moara Vlasiei Cricket Ground, Ilfov County"
1433772,2024-05-28,T20I,Netherlands,Italy,"Sportpark Harga, Schiedam"
1385690,2024-05-30,T20I,Pakistan,England,"Kennington Oval, London"
1433775,2024-05-30,T20I,Italy,Netherlands,"Sportpark Harga, Schiedam"
1435618,2024-05-30,T20I,Rwanda,Cameroon,"Gahanga International Cricket Stadium, Rwanda"
1435620,2024-05-30,T20I,Uganda,Botswana,"Gahanga International Cricket Stadium, Rwanda"
1435623,2024-05-31,T20I,Uganda,Nigeria,"Gahanga B Ground, Rwanda"
1435624,2024-05-31,T20I,Botswana,Cameroon,"Gahanga International Cricket Stadium, Rwanda"
1435625,2024-05-31,T20I,Malawi,Rwanda,"Gahanga B Ground, Rwanda"
1415701,2024-06-01,T20I,Canada,United States of America,"Grand Prairie Stadium, Dallas"
1435626,2024-06-01,T20I,Rwanda,Botswana,"Gahanga International Cricket Stadium, Rwanda"
1435627,2024-06-01,T20I,Kenya,Malawi,"Gahanga B Ground, Rwanda"
1435628,2024-06-01,T20I,Cameroon,Nigeria,"Gahanga International Cricket Stadium, Rwanda"
1415702,2024-06-02,T20I,Papua New Guinea,West Indies,"Providence Stadium, Guyana"
1415703,2024-06-02,T20I,Oman,Namibia,"Kensington Oval, Bridgetown, Barbados"
1435621,2024-06-02,T20I,Kenya,Nigeria,"Gahanga B Ground, Rwanda"
1415704,2024-06-03,T20I,Sri Lanka,South Africa,"Nassau County International Cricket Stadium, New York"
1435630,2024-06-03,T20I,Uganda,Malawi,"Gahanga International Cricket Stadium, Rwanda"
1435632,2024-06-03,T20I,Botswana,Nigeria,"Gahanga International Cricket Stadium, Rwanda"
1435633,2024-06-03,T20I,Rwanda,Kenya,"Gahanga B Ground, Rwanda"
1415706,2024-06-04,T20I,Scotland,England,"Kensington Oval, Bridgetown, Barbados"
1415707,2024-06-04,T20I,Nepal,Netherlands,"Grand Prairie Stadium, Dallas"
1435634,2024-06-04,T20I,Nigeria,Rwanda,"Gahanga International Cricket Stadium, Rwanda"
1435635,2024-06-04,T20I,Kenya,Uganda,"Gahanga B Ground, Rwanda"
1435637,2024-06-04,T20I,Cameroon,Malawi,"Gahanga B Ground, Rwanda"
1415708,2024-06-05,T20I,Ireland,India,"Nassau County International Cricket Stadium, New York"
1415709,2024-06-05,T20I,Papua New Guinea,Uganda,"Providence Stadium, Guyana"
1415710,2024-06-05,T20I,Australia,Oman,"Kensington Oval, Bridgetown, Barbados"
1435638,2024-06-05,T20I,Cameroon,Kenya,"Gahanga International Cricket Stadium, Rwanda"
1435639,2024-06-05,T20I,Botswana,Malawi,"Gahanga B Ground, Rwanda"
1435640,2024-06-05,T20I,Uganda,Rwanda,"Gahanga International Cricket Stadium, Rwanda"
1415711,2024-06-06,T20I,Pakistan,United States of America,"Grand Prairie Stadium, Dallas"
1415712,2024-06-06,T20I,Namibia,Scotland,"Kensington Oval, Bridgetown, Barbados"
1415713,2024-06-07,T20I,Canada,Ireland,"Nassau County International Cricket Stadium, New York"
1415715,2024-06-07,T20I,Sri Lanka,Bangladesh,"Grand Prairie Stadium, Dallas"
1435643,2024-06-07,T20I,Uganda,Cameroon,Gahanga International Cricket Stadium. Rwanda
1435644,2024-06-07,T20I,Nigeria,Malawi,"Gahanga B Ground, Rwanda"
1435645,2024-06-07,T20I,Kenya,Botswana,"Gahanga B Ground, Rwanda"
1415716,2024-06-08,T20I,Netherlands,South Africa,"Nassau County International Cricket Stadium, New York"
1415717,2024-06-08,T20I,Australia,England,"Kensington Oval, Bridgetown, Barbados"
1415718,2024-06-08,T20I,West Indies,Uganda,"Providence Stadium, Guyana"
1435646,2024-06-08,T20I,Cameroon,Malawi,"Gahanga B Ground, Rwanda"
1435647,2024-06-08,T20I,Kenya,Botswana,"Gahanga International Cricket Stadium, Rwanda"
1435648,2024-06-08,T20I,Nigeria,Rwanda,"Gahanga B Ground, Rwanda"
1415719,2024-06-09,T20I,India,Pakistan,"Nassau County International Cricket Stadium, New York"
1415720,2024-06-09,T20I,Oman,Scotland,"Sir Vivian Richards Stadium, North Sound, Antigua"
1436471,2024-06-09,T20I,Italy,Luxembourg,Roma Cricket Ground
1436472,2024-06-09,T20I,Portugal,Hungary,"Simar Cricket Ground, Rome"
1436473,2024-06-09,T20I,France,Isle of Man,Roma Cricket Ground
1436474,2024-06-09,T20I,Austria,Romania,"Simar Cricket Ground, Rome"
1415721,2024-06-10,T20I,South Africa,Bangladesh,"Nassau County International Cricket Stadium, New York"
1436475,2024-06-10,T20I,Israel,Austria,Roma Cricket Ground
1436476,2024-06-10,T20I,Isle of Man,Turkey,"Simar Cricket Ground, Rome"
1436477,2024-06-10,T20I,Portugal,Romania,Roma Cricket Ground
1436478,2024-06-10,T20I,France,Italy,"Simar Cricket Ground, Rome"
1415722,2024-06-11,T20I,Canada,Pakistan,"Nassau County International Cricket Stadium, New York"
1415724,2024-06-11,T20I,Namibia,Australia,"Sir Vivian Richards Stadium, North Sound, Antigua"
1415725,2024-06-12,T20I,United States of America,India,"Nassau County International Cricket Stadium, New York"
1415726,2024-06-12,T20I,West Indies,New Zealand,"Brian Lara Stadium, Tarouba, Trinidad"
1436479,2024-06-12,T20I,Isle of Man,Italy,Roma Cricket Ground
1436480,2024-06-12,T20I,Portugal,Austria,"Simar Cricket Ground, Rome"
1436481,2024-06-12,T20I,Luxembourg,Turkey,Roma Cricket Ground
1436482,2024-06-12,T20I,Israel,Hungary,"Simar Cricket Ground, Rome"
1415727,2024-06-13,T20I,Bangladesh,Netherlands,"Arnos Vale Ground, Kingstown, St Vincent"
1415728,2024-06-13,T20I,Oman,England,"Sir Vivian Richards Stadium, North Sound, Antigua"
1436483,2024-06-13,T20I,Hungary,Romania,Roma Cricket Ground
1436484,2024-06-13,T20I,France,Luxembourg,"Simar Cricket Ground, Rome"
1436485,2024-06-13,T20I,Portugal,Israel,Roma Cricket Ground
1436486,2024-06-13,T20I,Turkey,Italy,"Simar Cricket Ground, Rome"
1415731,2024-06-14,T20I,South Africa,Nepal,"Arnos Vale Ground, Kingstown, St Vincent"
1415732,2024-06-14,T20I,Uganda,New Zealand,"Brian Lara Stadium, Tarouba, Trinidad"
1438090,2024-06-14,T20I,Gibraltar,Czech Republic,"Scott Page Field, Vinor"
1438091,2024-06-14,T20I,Croatia,Czech Republic,"Scott Page Field, Vinor"
1438257,2024-06-14,T20I,Norway,Finland,Kerava National Cricket Ground
1415734,2024-06-15,T20I,England,Namibia,"Sir Vivian Richards Stadium, North Sound, Antigua"
1415735,2024-06-15,T20I,Scotland,Australia,"Daren Sammy National Cricket Stadium, Gros Islet, St Lucia"
1436487,2024-06-15,T20I,Isle of Man,Luxembourg,Roma Cricket Ground
1436488,2024-06-15,T20I,Austria,Hungary,"Simar Cricket Ground, Rome"
1436489,2024-06-15,T20I,France,Turkey,Roma Cricket Ground
1436490,2024-06-15,T20I,Romania,Israel,"Simar Cricket Ground, Rome"
1438092,2024-06-15,T20I,Croatia,Gibraltar,"Scott Page Field, Vinor"
1438093,2024-06-15,T20I,Czech Republic,Croatia,"Scott Page Field, Vinor"
1438259,2024-06-15,T20I,Finland,Norway,Kerava National Cricket Ground
1415736,2024-06-16,T20I,Ireland,Pakistan,"Central Broward Regional Park Stadium Turf Ground, Lauderhill"
1415737,2024-06-16,T20I,Bangladesh,Nepal,"Arnos Vale Ground, Kingstown, St Vincent"
1415738,2024-06-16,T20I,Sri Lanka,Netherlands,"Daren Sammy National Cricket Stadium, Gros Islet, St Lucia"
1436491,2024-06-16,T20I,Luxembourg,Israel,Roma Cricket Ground
1436492,2024-06-16,T20I,France,Austria,"Simar Cricket Ground, Rome"
1436493,2024-06-16,T20I,Portugal,Isle of Man,Roma Cricket Ground
1436494,2024-06-16,T20I,Italy,Romania,"Simar Cricket Ground, Rome"
1438073,2024-06-16,T20I,Denmark,Jersey,"Svanholm Park, Brondby"
1438094,2024-06-16,T20I,Croatia,Gibraltar,"Scott Page Field, Vinor"
1438095,2024-06-16,T20I,Gibraltar,Czech Republic,"Scott Page Field, Vinor"
1438262,2024-06-16,T20I,Finland,Norway,Kerava National Cricket Ground
1415739,2024-06-17,T20I,Papua New Guinea,New Zealand,"Brian Lara Stadium, Tarouba, Trinidad"
1438075,2024-06-17,T20I,Cyprus,Estonia,Happy Valley Ground
1438102,2024-06-17,T20I,Netherlands,Hong Kong,"Sportpark Maarschalkerweerd, Utrecht"
1438077,2024-06-18,T20I,Cyprus,Estonia,Happy Valley Ground
1438103,2024-06-18,T20I,Hong Kong,Netherlands,"Sportpark Maarschalkerweerd, Utrecht"
1415741,2024-06-19,T20I,South Africa,United States of America,"Sir Vivian Richards Stadium, North Sound, Antigua"
1415742,2024-06-19,T20I,West Indies,England,"Daren Sammy National Cricket Stadium, Gros Islet, St Lucia"
1438079,2024-06-19,T20I,Estonia,Cyprus,Happy Valley Ground
1438104,2024-06-19,T20I,Hong Kong,Netherlands,"Sportpark Maarschalkerweerd, Utrecht"
1415744,2024-06-20,T20I,Bangladesh,Australia,"Sir Vivian Richards Stadium, North Sound, Antigua"
1415745,2024-06-21,T20I,South Africa,England,"Daren Sammy National Cricket Stadium, Gros Islet, St Lucia"
1415746,2024-06-21,T20I,United States of America,West Indies,"Kensington Oval, Bridgetown, Barbados"
1415747,2024-06-22,T20I,India,Bangladesh,"Sir Vivian Richards Stadium, North Sound, Antigua"
1440129,2024-06-22,T20I,Guernsey,Jersey,"King George V Sports Ground, Castel"
1415749,2024-06-23,T20I,United States of America,England,"Kensington Oval, Bridgetown, Barbados"
1415750,2024-06-23,T20I,West Indies,South Africa,"Sir Vivian Richards Stadium, North Sound, Antigua"
1440131,2024-06-23,T20I,Jersey,Guernsey,"Guernsey Rovers Athletic Club Ground, Port Soif"
1415751,2024-06-24,T20I,India,Australia,"Daren Sammy National Cricket Stadium, Gros Islet, St Lucia"
1436889,2024-06-24,T20I,West Indies,Sri Lanka,"Mahinda Rajapaksa International Cricket Stadium, Sooriyawewa, Hambantota"
1436890,2024-06-26,T20I,Sri Lanka,West Indies,"Mahinda Rajapaksa International Cricket Stadium, Sooriyawewa, Hambantota"
1415754,2024-06-27,T20I,India,England,"Providence Stadium, Guyana"
1436891,2024-06-28,T20I,Sri Lanka,West Indies,"Mahinda Rajapaksa International Cricket Stadium, Sooriyawewa, Hambantota"
1441133,2024-06-28,T20I,Malawi,Rwanda,"Sikh Union Club Ground, Nairobi"
1415755,2024-06-29,T20I,India,South Africa,"Kensington Oval, Bridgetown, Barbados"
1441135,2024-06-29,T20I,Rwanda,Kenya,"Sikh Union Club Ground, Nairobi"
1441136,2024-07-01,T20I,Malawi,Kenya,"Sikh Union Club Ground, Nairobi"
1440443,2024-07-02,T20I,Indonesia,Bhutan,Udayana Cricket Ground
1440444,2024-07-02,T20I,Singapore,Indonesia,Udayana Cricket Ground
1440446,2024-07-03,T20I,Bhutan,Indonesia,Udayana Cricket Ground
1441140,2024-07-03,T20I,Rwanda,Kenya,"Sikh Union Club Ground, Nairobi"
1434291,2024-07-05,T20I,South Africa,India,"MA Chidambaram Stadium, Chepauk, Chennai"
1440447,2024-07-05,T20I,Indonesia,Singapore,Udayana Cricket Ground
1441145,2024-07-05,T20I,Kenya,Rwanda,"Sikh Union Club Ground, Nairobi"
1398277,2024-07-06,T20I,England,New Zealand,"The Rose Bowl, Southampton"
1420223,2024-07-06,T20I,Zimbabwe,India,Harare Sports Club
1440448,2024-07-06,T20I,Bhutan,Singapore,Udayana Cricket Ground
1420224,2024-07-07,T20I,India,Zimbabwe,Harare Sports Club
1434292,2024-07-07,T20I,South Africa,India,"MA Chidambaram Stadium, Chepauk, Chennai"
1439813,2024-07-07,T20I,Jersey,Serbia,Bayer Uerdingen Cricket Ground
1439815,2024-07-07,T20I,Switzerland,Belgium,Bayer Uerdingen Cricket Ground
1440449,2024-07-07,T20I,Indonesia,Bhutan,Udayana Cricket Ground
1440450,2024-07-07,T20I,Indonesia,Singapore,Udayana Cricket Ground
1439814,2024-07-08,T20I,Germany,Gibraltar,Bayer Uerdingen Cricket Ground
1439816,2024-07-08,T20I,Norway,Sweden,Bayer Uerdingen Cricket Ground
1439818,2024-07-08,T20I,Croatia,Belgium,Bayer Uerdingen Cricket Ground
1440451,2024-07-08,T20I,Bhutan,Singapore,Udayana Cricket Ground
1398278,2024-07-09,T20I,England,New Zealand,"County Ground, Hove"
1434293,2024-07-09,T20I,South Africa,India,"MA Chidambaram Stadium, Chepauk, Chennai"
1439817,2024-07-09,T20I,Slovenia,Norway,Bayer Uerdingen Cricket Ground
1439819,2024-07-09,T20I,Germany,Sweden,Bayer Uerdingen Cricket Ground
1439820,2024-07-09,T20I,Jersey,Switzerland,Bayer Uerdingen Cricket Ground
1420225,2024-07-10,T20I,India,Zimbabwe,Harare Sports Club
1439821,2024-07-10,T20I,Jersey,Belgium,Bayer Uerdingen Cricket Ground
1439823,2024-07-10,T20I,Croatia,Serbia,Bayer Uerdingen Cricket Ground
1439824,2024-07-10,T20I,Gibraltar,Slovenia,Bayer Uerdingen Cricket Ground
1398279,2024-07-11,T20I,New Zealand,England,"St Lawrence Ground, Canterbury"
1439822,2024-07-11,T20I,Norway,Germany,Bayer Uerdingen Cricket Ground
1439825,2024-07-11,T20I,Gibraltar,Sweden,Bayer Uerdingen Cricket Ground
1439826,2024-07-11,T20I,Switzerland,Serbia,Bayer Uerdingen Cricket Ground
1439829,2024-07-12,T20I,Belgium,Serbia,Bayer Uerdingen Cricket Ground
1442735,2024-07-12,T20I,Kenya,Nigeria,"Sikh Union Club Ground, Nairobi"
1398280,2024-07-13,T20I,New Zealand,England,"Kennington Oval, London"
1420226,2024-07-13,T20I,Zimbabwe,India,Harare Sports Club
1439830,2024-07-13,T20I,Norway,Gibraltar,Bayer Uerdingen Cricket Ground
1439831,2024-07-13,T20I,Croatia,Switzerland,Bayer Uerdingen Cricket Ground
1439832,2024-07-13,T20I,Slovenia,Sweden,Bayer Uerdingen Cricket Ground
1442736,2024-07-13,T20I,Nigeria,Kenya,"Sikh Union Club Ground, Nairobi"
1420227,2024-07-14,T20I,India,Zimbabwe,Harare Sports Club
1439833,2024-07-14,T20I,Croatia,Germany,Bayer Uerdingen Cricket Ground
1439836,2024-07-14,T20I,Norway,Jersey,Bayer Uerdingen Cricket Ground
1442996,2024-07-14,T20I,Jersey,Guernsey,"Grainville, St Saviour"
1442737,2024-07-15,T20I,Kenya,Nigeria,"Sikh Union Club Ground, Nairobi"
1442738,2024-07-16,T20I,Nigeria,Kenya,"Sikh Union Club Ground, Nairobi"
1398281,2024-07-17,T20I,England,New Zealand,"Lord's, London"
1442739,2024-07-17,T20I,Nigeria,Kenya,"Sikh Union Club Ground, Nairobi"
1426756,2024-07-19,T20I,United Arab Emirates,Nepal,Rangiri Dambulla International Stadium
1426757,2024-07-19,T20I,Pakistan,India,Rangiri Dambulla International Stadium
1426758,2024-07-20,T20I,Thailand,Malaysia,Rangiri Dambulla International Stadium
1426759,2024-07-20,T20I,Bangladesh,Sri Lanka,Rangiri Dambulla International Stadium
1426760,2024-07-21,T20I,India,United Arab Emirates,Rangiri Dambulla International Stadium
1426761,2024-07-21,T20I,Nepal,Pakistan,Rangiri Dambulla International Stadium
1426762,2024-07-22,T20I,Sri Lanka,Malaysia,Rangiri Dambulla International Stadium
1426763,2024-07-22,T20I,Thailand,Bangladesh,Rangiri Dambulla International Stadium
1426764,2024-07-23,T20I,United Arab Emirates,Pakistan,Rangiri Dambulla International Stadium
1426765,2024-07-23,T20I,India,Nepal,Rangiri Dambulla International Stadium
1426766,2024-07-24,T20I,Bangladesh,Malaysia,Rangiri Dambulla International Stadium
1426767,2024-07-24,T20I,Thailand,Sri Lanka,Rangiri Dambulla International Stadium
1426768,2024-07-26,T20I,Bangladesh,India,Rangiri Dambulla International Stadium
1426769,2024-07-26,T20I,Pakistan,Sri Lanka,Rangiri Dambulla International Stadium
1444531,2024-07-26,T20I,Germany,Italy,Bayer Uerdingen Cricket Ground
1444532,2024-07-26,T20I,Germany,Jersey,Bayer Uerdingen Cricket Ground
1442987,2024-07-27,T20I,India,Sri Lanka,Pallekele International Cricket Stadium
1444534,2024-07-27,T20I,Italy,Germany,Bayer Uerdingen Cricket Ground
1444535,2024-07-27,T20I,Germany,Jersey,Bayer Uerdingen Cricket Ground
1444536,2024-07-27,T20I,Italy,Jersey,Bayer Uerdingen Cricket Ground
1426770,2024-07-28,T20I,India,Sri Lanka,Rangiri Dambulla International Stadium
1444537,2024-07-28,T20I,Germany,Italy,Bayer Uerdingen Cricket Ground
1442989,2024-07-30,T20I,India,Sri Lanka,Pallekele International Cricket Stadium
1444947,2024-08-02,T20I,Croatia,Spain,"Mladost Cricket Ground, Zagreb"
1444948,2024-08-03,T20I,Croatia,Spain,"Mladost Cricket Ground, Zagreb"
1444950,2024-08-04,T20I,Spain,Croatia,"Mladost Cricket Ground, Zagreb"
1445491,2024-08-10,T20I,Norway,Estonia,"Ekeberg Cricket Ground 1, Oslo"
1430812,2024-08-11,T20I,Ireland,Sri Lanka,"Pembroke Cricket Club, Sandymount, Dublin"
1445485,2024-08-11,T20I,Denmark,Norway,"Ekeberg Cricket Ground 1, Oslo"
1445489,2024-08-11,T20I,Norway,Guernsey,"Ekeberg Cricket Ground 1, Oslo"
1445493,2024-08-11,T20I,Estonia,Denmark,"Ekeberg Cricket Ground 2, Oslo"
1430813,2024-08-13,T20I,Ireland,Sri Lanka,"Pembroke Cricket Club, Sandymount, Dublin"
1444549,2024-08-14,T20I,Netherlands,Papua New Guinea,"VRA Ground, Amstelveen"
1444550,2024-08-15,T20I,Scotland,Papua New Guinea,"VRA Ground, Amstelveen"
1444551,2024-08-16,T20I,Scotland,Netherlands,"VRA Ground, Amstelveen"
1444952,2024-08-17,T20I,Vanuatu,Cook Islands,"Faleata Oval No 2, Apia"
1444953,2024-08-17,T20I,Fiji,Samoa,"Faleata Oval No 2, Apia"
1444954,2024-08-19,T20I,Samoa,Cook Islands,"Faleata Oval No 2, Apia"
1444955,2024-08-19,T20I,Vanuatu,Fiji,"Faleata Oval No 2, Apia"
1444956,2024-08-20,T20I,Samoa,Vanuatu,"Faleata Oval No 2, Apia"
1444957,2024-08-20,T20I,Fiji,Cook Islands,"Faleata Oval No 2, Apia"
1443766,2024-08-21,T20I,Spain,Cyprus,"King George V Sports Ground, Castel"
1443767,2024-08-21,T20I,Bulgaria,Guernsey,"Guernsey Rovers Athletic Club Ground, Port Soif"
1443768,2024-08-21,T20I,Denmark,Czech Republic,"King George V Sports Ground, Castel"
1443769,2024-08-21,T20I,Malta,Finland,"Guernsey Rovers Athletic Club Ground, Port Soif"
1444958,2024-08-21,T20I,Samoa,Fiji,"Faleata Oval No 2, Apia"
1444959,2024-08-21,T20I,Vanuatu,Cook Islands,"Faleata Oval No 2, Apia"
1446771,2024-08-21,T20I,Hong Kong,Kuwait,"Selangor Turf Club, Kuala Lumpur"
1447543,2024-08-21,T20I,Malta,Isle of Man,Marsa Sports Club
1443770,2024-08-22,T20I,Finland,Estonia,"King George V Sports Ground, Castel"
1443771,2024-08-22,T20I,Denmark,Greece,"Guernsey Rovers Athletic Club Ground, Port Soif"
1443772,2024-08-22,T20I,Malta,Guernsey,"King George V Sports Ground, Castel"
1443773,2024-08-22,T20I,Spain,Czech Republic,"Guernsey Rovers Athletic Club Ground, Port Soif"
1446772,2024-08-22,T20I,Kuwait,Malaysia,"Selangor Turf Club, Kuala Lumpur"
1433367,2024-08-23,T20I,South Africa,West Indies,"Brian Lara Stadium, Tarouba, Trinidad"
1444960,2024-08-23,T20I,Vanuatu,Fiji,"Faleata Oval No 2, Apia"
1444961,2024-08-23,T20I,Samoa,Cook Islands,"Faleata Oval No 2, Apia"
1446761,2024-08-23,T20I,Canada,Netherlands,"Sportpark Maarschalkerweerd, Utrecht"
1446773,2024-08-23,T20I,Malaysia,Hong Kong,"Selangor Turf Club, Kuala Lumpur"
1443775,2024-08-24,T20I,Finland,Guernsey,"Guernsey Rovers Athletic Club Ground, Port Soif"
1443776,2024-08-24,T20I,Greece,Cyprus,"King George V Sports Ground, Castel"
1443777,2024-08-24,T20I,Bulgaria,Estonia,"Guernsey Rovers Athletic Club Ground, Port Soif"
1444962,2024-08-24,T20I,Fiji,Cook Islands,"Faleata Oval No 2, Apia"
1444963,2024-08-24,T20I,Samoa,Vanuatu,"Faleata Oval No 2, Apia"
1446762,2024-08-24,T20I,Canada,United States of America,"Sportpark Maarschalkerweerd, Utrecht"
1446774,2024-08-24,T20I,Hong Kong,Kuwait,"Selangor Turf Club, Kuala Lumpur"
1447550,2024-08-24,T20I,Isle of Man,Greece,Marsa Sports Club
1433368,2024-08-25,T20I,West Indies,South Africa,"Brian Lara Stadium, Tarouba, Trinidad"
1443778,2024-08-25,T20I,Malta,Bulgaria,"King George V Sports Ground, Castel"
1443779,2024-08-25,T20I,Cyprus,Czech Republic,"Guernsey Rovers Athletic Club Ground, Port Soif"
1443780,2024-08-25,T20I,Estonia,Guernsey,"King George V Sports Ground, Castel"
1443781,2024-08-25,T20I,Greece,Spain,"Guernsey Rovers Athletic Club Ground, Port Soif"
1446763,2024-08-25,T20I,Netherlands,United States of America,"Sportpark Maarschalkerweerd, Utrecht"
1446775,2024-08-25,T20I,Kuwait,Malaysia,"Selangor Turf Club, Kuala Lumpur"
1447551,2024-08-25,T20I,Greece,Serbia,Marsa Sports Club
1447553,2024-08-25,T20I,Greece,Isle of Man,Marsa Sports Club
1446764,2024-08-26,T20I,Canada,Netherlands,"Sportpark Maarschalkerweerd, Utrecht"
1446776,2024-08-26,T20I,Hong Kong,Malaysia,"Selangor Turf Club, Kuala Lumpur"
1433369,2024-08-27,T20I,South Africa,West Indies,"Brian Lara Stadium, Tarouba, Trinidad"
1443782,2024-08-27,T20I,Denmark,Cyprus,"King George V Sports Ground, Castel"
1443783,2024-08-27,T20I,Finland,Bulgaria,"Guernsey Rovers Athletic Club Ground, Port Soif"
1443784,2024-08-27,T20I,Czech Republic,Greece,"King George V Sports Ground, Castel"
1443785,2024-08-27,T20I,Malta,Estonia,"Guernsey Rovers Athletic Club Ground, Port Soif"
1446765,2024-08-27,T20I,United States of America,Canada,"Sportpark Westvliet, The Hague"
1446777,2024-08-27,T20I,Hong Kong,Kuwait,"Selangor Turf Club, Kuala Lumpur"
1443786,2024-08-28,T20I,Spain,Finland,"King George V Sports Ground, Castel"
1443787,2024-08-28,T20I,Cyprus,Malta,"Guernsey Rovers Athletic Club Ground, Port Soif"
1443788,2024-08-28,T20I,Czech Republic,Estonia,"Guernsey Rovers Athletic Club Ground, Port Soif"
1443789,2024-08-28,T20I,Denmark,Guernsey,"King George V Sports Ground, Castel"
1446766,2024-08-28,T20I,Netherlands,United States of America,"Sportpark Westvliet, The Hague"
1447477,2024-08-30,T20I,Malaysia,Maldives,"Bayuemas Oval, Kuala Lumpur"
1447478,2024-08-30,T20I,Myanmar,Hong Kong,"YSD-UKM Cricket Oval, Bangi"
1447479,2024-08-30,T20I,Kuwait,Mongolia,"Bayuemas Oval, Kuala Lumpur"
1447480,2024-08-31,T20I,Singapore,Maldives,"Bayuemas Oval, Kuala Lumpur"
1447481,2024-08-31,T20I,Myanmar,Malaysia,"YSD-UKM Cricket Oval, Bangi"
1447482,2024-08-31,T20I,Mongolia,Hong Kong,"Bayuemas Oval, Kuala Lumpur"
1447483,2024-09-02,T20I,Hong Kong,Singapore,"Bayuemas Oval, Kuala Lumpur"
1447484,2024-09-02,T20I,Kuwait,Maldives,"YSD-UKM Cricket Oval, Bangi"
1447485,2024-09-02,T20I,Myanmar,Mongolia,"YSD-UKM Cricket Oval, Bangi"
1447486,2024-09-03,T20I,Maldives,Hong Kong,"YSD-UKM Cricket Oval, Bangi"
1447487,2024-09-03,T20I,Myanmar,Kuwait,"Bayuemas Oval, Kuala Lumpur"
1447488,2024-09-03,T20I,Malaysia,Singapore,"YSD-UKM Cricket Oval, Bangi"
1440463,2024-09-04,T20I,Scotland,Australia,"Grange Cricket Club Ground, Raeburn Place, Edinburgh"
1447489,2024-09-05,T20I,Malaysia,Kuwait,"Bayuemas Oval, Kuala Lumpur"
1447490,2024-09-05,T20I,Mongolia,Singapore,"YSD-UKM Cricket Oval, Bangi"
1447491,2024-09-05,T20I,Myanmar,Maldives,"Bayuemas Oval, Kuala Lumpur"
1440464,2024-09-06,T20I,Australia,Scotland,"Grange Cricket Club Ground, Raeburn Place, Edinburgh"
1447492,2024-09-06,T20I,Maldives,Mongolia,"Bayuemas Oval, Kuala Lumpur"
1447493,2024-09-06,T20I,Kuwait,Singapore,"YSD-UKM Cricket Oval, Bangi"
1449019,2024-09-06,T20I,Namibia,United Arab Emirates,"Wanderers Cricket Ground, Windhoek"
1440465,2024-09-07,T20I,Scotland,Australia,"Grange Cricket Club Ground, Raeburn Place, Edinburgh"
1447494,2024-09-07,T20I,Malaysia,Hong Kong,"Bayuemas Oval, Kuala Lumpur"
1449020,2024-09-07,T20I,United Arab Emirates,Zimbabwe,"Wanderers Cricket Ground, Windhoek"
1449021,2024-09-08,T20I,Zimbabwe,Namibia,"Wanderers Cricket Ground, Windhoek"
1447495,2024-09-09,T20I,Myanmar,Singapore,"Bayuemas Oval, Kuala Lumpur"
1447496,2024-09-09,T20I,Mongolia,Malaysia,"YSD-UKM Cricket Oval, Bangi"
1447497,2024-09-09,T20I,Hong Kong,Kuwait,"YSD-UKM Cricket Oval, Bangi"
1449022,2024-09-09,T20I,United Arab Emirates,Namibia,"Wanderers Cricket Ground, Windhoek"
1449023,2024-09-10,T20I,Zimbabwe,United Arab Emirates,"Wanderers Cricket Ground, Windhoek"
1450462,2024-09-10,T20I,Kenya,Rwanda,"Sikh Union Club Ground, Nairobi"
1385697,2024-09-11,T20I,Australia,England,"The Rose Bowl, Southampton"
1449024,2024-09-11,T20I,Zimbabwe,Namibia,"Wanderers Cricket Ground, Windhoek"
1450463,2024-09-11,T20I,Rwanda,Kenya,"Sikh Union Club Ground, Nairobi"
1449025,2024-09-12,T20I,Namibia,United Arab Emirates,"Wanderers Cricket Ground, Windhoek"
1385698,2024-09-13,T20I,Australia,England,"Sophia Gardens, Cardiff"
1449026,2024-09-13,T20I,Zimbabwe,United Arab Emirates,"Wanderers Cricket Ground, Windhoek"
1450465,2024-09-13,T20I,Kenya,Rwanda,"Sikh Union Club Ground, Nairobi"
1430820,2024-09-14,T20I,England,Ireland,"Castle Avenue, Dublin"
1449027,2024-09-14,T20I,Namibia,Zimbabwe,"Wanderers Cricket Ground, Windhoek"
1450198,2024-09-14,T20I,Denmark,Norway,Koge Cricket Club
1450199,2024-09-14,T20I,Austria,Luxembourg,Koge Cricket Club 2
1450200,2024-09-14,T20I,Austria,Denmark,Koge Cricket Club
1450466,2024-09-14,T20I,Rwanda,Kenya,"Sikh Union Club Ground, Nairobi"
1450467,2024-09-14,T20I,Serbia,Cyprus,Lisicji Jarak Cricket Ground
1430821,2024-09-15,T20I,England,Ireland,"Castle Avenue, Dublin"
1450202,2024-09-15,T20I,Denmark,Luxembourg,Koge Cricket Club
1450204,2024-09-15,T20I,Norway,Luxembourg,Koge Cricket Club 2
1449011,2024-09-16,T20I,South Africa,Pakistan,Multan Cricket Stadium
1449012,2024-09-18,T20I,Pakistan,South Africa,Multan Cricket Stadium
1426617,2024-09-19,T20I,New Zealand,Australia,"Great Barrier Reef Arena, Mackay"
1449013,2024-09-20,T20I,Pakistan,South Africa,Multan Cricket Stadium
1450751,2024-09-21,T20I,Malawi,Lesotho,"Gymkhana Club Ground, Dar-es-Salaam"
1450752,2024-09-21,T20I,Cameroon,Ghana,"Gymkhana Club Ground, Dar-es-Salaam"
1450753,2024-09-21,T20I,Mali,Tanzania,University of Dar-es-Salaam Ground
1451291,2024-09-21,T20I,Spain,Greece,"Marina Ground, Corfu"
1426618,2024-09-22,T20I,Australia,New Zealand,"Great Barrier Reef Arena, Mackay"
1450754,2024-09-22,T20I,Mali,Cameroon,"Gymkhana Club Ground, Dar-es-Salaam"
1450755,2024-09-22,T20I,Malawi,Ghana,University of Dar-es-Salaam Ground
1451293,2024-09-22,T20I,Greece,Spain,"Marina Ground, Corfu"
1426619,2024-09-24,T20I,New Zealand,Australia,"Allan Border Field, Brisbane"
1450757,2024-09-24,T20I,Ghana,Lesotho,University of Dar-es-Salaam Ground
1450758,2024-09-24,T20I,Cameroon,Tanzania,"Gymkhana Club Ground, Dar-es-Salaam"
1450759,2024-09-24,T20I,Mali,Malawi,University of Dar-es-Salaam Ground
1450760,2024-09-25,T20I,Ghana,Tanzania,University of Dar-es-Salaam Ground
1450761,2024-09-25,T20I,Lesotho,Mali,"Gymkhana Club Ground, Dar-es-Salaam"
1450762,2024-09-25,T20I,Cameroon,Malawi,University of Dar-es-Salaam Ground
1450766,2024-09-25,T20I,Japan,Indonesia,"Yeonhui Cricket Ground, Incheon"
1450763,2024-09-26,T20I,Mali,Ghana,"Gymkhana Club Ground, Dar-es-Salaam"
1450764,2024-09-26,T20I,Lesotho,Cameroon,University of Dar-es-Salaam Ground
1450765,2024-09-26,T20I,Tanzania,Malawi,"Gymkhana Club Ground, Dar-es-Salaam"
1450767,2024-09-26,T20I,Japan,Philippines,"Yeonhui Cricket Ground, Incheon"
1431086,2024-09-27,T20I,Ireland,South Africa,"Zayed Cricket Stadium, Abu Dhabi"
1450768,2024-09-28,T20I,Philippines,Japan,"Yeonhui Cricket Ground, Incheon"
1450769,2024-09-28,T20I,South Korea,Indonesia,"Yeonhui Cricket Ground, Incheon"
1450823,2024-09-28,T20I,Canada,Nepal,"Maple Leaf North-West Ground, King City"
1431087,2024-09-29,T20I,Ireland,South Africa,"Zayed Cricket Stadium, Abu Dhabi"
1450770,2024-09-29,T20I,Philippines,Indonesia,"Yeonhui Cricket Ground, Incheon"
1450771,2024-09-29,T20I,South Korea,Japan,"Yeonhui Cricket Ground, Incheon"
1450817,2024-09-29,T20I,United Arab Emirates,Namibia,"Wanderers Cricket Ground, Windhoek"
1450824,2024-09-29,T20I,Nepal,Oman,"Maple Leaf North-West Ground, King City"
1450818,2024-09-30,T20I,United States of America,United Arab Emirates,"Wanderers Cricket Ground, Windhoek"
1450825,2024-09-30,T20I,Canada,Oman,"Maple Leaf North-West Ground, King City"
1452624,2024-09-30,T20I,Serbia,Gibraltar,Europa Sports Complex
1450772,2024-10-01,T20I,Japan,Indonesia,"Yeonhui Cricket Ground, Incheon"
1450773,2024-10-01,T20I,Philippines,South Korea,"Yeonhui Cricket Ground, Incheon"
1450819,2024-10-01,T20I,United States of America,Namibia,"Wanderers Cricket Ground, Windhoek"
1450826,2024-10-01,T20I,Nepal,Canada,"Maple Leaf North-West Ground, King City"
1451303,2024-10-01,T20I,Singapore,Japan,Sano International Cricket Ground
1450774,2024-10-02,T20I,Japan,Philippines,"Yeonhui Cricket Ground, Incheon"
1450775,2024-10-02,T20I,Indonesia,South Korea,"Yeonhui Cricket Ground, Incheon"
1450820,2024-10-02,T20I,Namibia,United Arab Emirates,"Wanderers Cricket Ground, Windhoek"
1450827,2024-10-02,T20I,Nepal,Oman,"Maple Leaf North-West Ground, King City"
1451304,2024-10-02,T20I,Singapore,Japan,Sano International Cricket Ground
1432422,2024-10-03,T20I,Bangladesh,Scotland,Sharjah Cricket Stadium
1432423,2024-10-03,T20I,Pakistan,Sri Lanka,Sharjah Cricket Stadium
1450828,2024-10-03,T20I,Oman,Canada,"Maple Leaf North-West Ground, King City"
1432424,2024-10-04,T20I,West Indies,South Africa,Dubai International Cricket Stadium
1432425,2024-10-04,T20I,New Zealand,India,Dubai International Cricket Stadium
1450776,2024-10-04,T20I,Indonesia,Philippines,"Yeonhui Cricket Ground, Incheon"
1450777,2024-10-04,T20I,Japan,South Korea,"Yeonhui Cricket Ground, Incheon"
1450821,2024-10-04,T20I,United Arab Emirates,United States of America,"Wanderers Cricket Ground, Windhoek"
1451305,2024-10-04,T20I,Japan,Singapore,Sano International Cricket Ground
1432426,2024-10-05,T20I,Sri Lanka,Australia,Sharjah Cricket Stadium
1432427,2024-10-05,T20I,England,Bangladesh,Sharjah Cricket Stadium
1450778,2024-10-05,T20I,Philippines,South Korea,"Yeonhui Cricket Ground, Incheon"
1450779,2024-10-05,T20I,Japan,Indonesia,"Yeonhui Cricket Ground, Incheon"
1450822,2024-10-05,T20I,Namibia,United States of America,"Wanderers Cricket Ground, Windhoek"
1451306,2024-10-05,T20I,Japan,Singapore,Sano International Cricket Ground
1432428,2024-10-06,T20I,Pakistan,India,Dubai International Cricket Stadium
1432429,2024-10-06,T20I,Scotland,West Indies,Dubai International Cricket Stadium
1439893,2024-10-06,T20I,Bangladesh,India,"Shrimant Madhavrao Scindia Cricket Stadium, Gwalior"
1451307,2024-10-06,T20I,Japan,Singapore,Sano International Cricket Ground
1432430,2024-10-07,T20I,South Africa,England,Sharjah Cricket Stadium
1432431,2024-10-08,T20I,Australia,New Zealand,Sharjah Cricket Stadium
1451308,2024-10-08,T20I,Hong Kong,Japan,"Yeonhui Cricket Ground, Incheon"
1432432,2024-10-09,T20I,South Africa,Scotland,Dubai International Cricket Stadium
1432433,2024-10-09,T20I,India,Sri Lanka,Dubai International Cricket Stadium
1439894,2024-10-09,T20I,India,Bangladesh,"Arun Jaitley Stadium, Delhi"
1451311,2024-10-09,T20I,Hong Kong,China,"Yeonhui Cricket Ground, Incheon"
1454384,2024-10-09,T20I,Malawi,Rwanda,"TCA Oval, Blantyre"
1432434,2024-10-10,T20I,Bangladesh,West Indies,Sharjah Cricket Stadium
1454385,2024-10-10,T20I,Malawi,Rwanda,"TCA Oval, Blantyre"
1432435,2024-10-11,T20I,Pakistan,Australia,Dubai International Cricket Stadium
1432436,2024-10-12,T20I,Sri Lanka,New Zealand,Sharjah Cricket Stadium
1432437,2024-10-12,T20I,Bangladesh,South Africa,Dubai International Cricket Stadium
1439895,2024-10-12,T20I,India,Bangladesh,"Rajiv Gandhi International Stadium, Uppal, Hyderabad"
1451317,2024-10-12,T20I,Hong Kong,South Korea,"Yeonhui Cricket Ground, Incheon"
1453903,2024-10-12,T20I,Brazil,Mexico,Sao Fernando Polo and Cricket Club
1454935,2024-10-12,T20I,Serbia,Bulgaria,Lisicji Jarak Cricket Ground
1432438,2024-10-13,T20I,Scotland,England,Sharjah Cricket Stadium
1432439,2024-10-13,T20I,Australia,India,Sharjah Cricket Stadium
1451318,2024-10-13,T20I,South Korea,China,"Yeonhui Cricket Ground, Incheon"
1451814,2024-10-13,T20I,Sri Lanka,West Indies,Rangiri Dambulla International Stadium
1453909,2024-10-13,T20I,Mexico,Argentina,Sao Fernando Polo and Cricket Club
1454388,2024-10-13,T20I,Malawi,Rwanda,"TCA Oval, Blantyre"
1454936,2024-10-13,T20I,Bulgaria,Serbia,Lisicji Jarak Cricket Ground
1432440,2024-10-14,T20I,New Zealand,Pakistan,Dubai International Cricket Stadium
1432441,2024-10-15,T20I,England,West Indies,Dubai International Cricket Stadium
1451815,2024-10-15,T20I,Sri Lanka,West Indies,Rangiri Dambulla International Stadium
1432442,2024-10-17,T20I,Australia,South Africa,Dubai International Cricket Stadium
1451816,2024-10-17,T20I,West Indies,Sri Lanka,Rangiri Dambulla International Stadium
1453518,2024-10-17,T20I,Nepal,United States of America,"Grand Prairie Stadium, Dallas"
1432443,2024-10-18,T20I,New Zealand,West Indies,Sharjah Cricket Stadium
1456013,2024-10-18,T20I,Kenya,Seychelles,"Sikh Union Club Ground, Nairobi"
1453519,2024-10-19,T20I,Nepal,United States of America,"Grand Prairie Stadium, Dallas"
1453911,2024-10-19,T20I,Thailand,Bhutan,Gelephu International Cricket Ground
1453912,2024-10-19,T20I,Indonesia,Maldives,Gelephu International Cricket Ground
1453922,2024-10-19,T20I,Zimbabwe,Seychelles,"Gymkhana Club Ground, Nairobi"
1453923,2024-10-19,T20I,Kenya,Mozambique,"Ruaraka Sports Club Ground, Nairobi"
1432444,2024-10-20,T20I,New Zealand,South Africa,Dubai International Cricket Stadium
1453520,2024-10-20,T20I,United States of America,Nepal,"Grand Prairie Stadium, Dallas"
1453913,2024-10-20,T20I,Maldives,Bhutan,Gelephu International Cricket Ground
1453914,2024-10-20,T20I,Indonesia,Thailand,Gelephu International Cricket Ground
1453927,2024-10-20,T20I,Mozambique,Zimbabwe,"Gymkhana Club Ground, Nairobi"
1453929,2024-10-20,T20I,Rwanda,Kenya,"Gymkhana Club Ground, Nairobi"
1456121,2024-10-21,T20I,Singapore,Myanmar,Singapore National Cricket Ground
1453915,2024-10-22,T20I,Thailand,Maldives,Gelephu International Cricket Ground
1453916,2024-10-22,T20I,Bhutan,Indonesia,Gelephu International Cricket Ground
1453933,2024-10-22,T20I,Mozambique,Seychelles,"Gymkhana Club Ground, Nairobi"
1453934,2024-10-22,T20I,Kenya,Gambia,"Gymkhana Club Ground, Nairobi"
1453935,2024-10-22,T20I,Zimbabwe,Rwanda,"Ruaraka Sports Club Ground, Nairobi"
1456122,2024-10-22,T20I,Kuwait,Myanmar,Singapore National Cricket Ground
1456123,2024-10-22,T20I,Singapore,Kuwait,Singapore National Cricket Ground
1453917,2024-10-23,T20I,Thailand,Indonesia,Gelephu International Cricket Ground
1453918,2024-10-23,T20I,Bhutan,Maldives,Gelephu International Cricket Ground
1453930,2024-10-23,T20I,Seychelles,Kenya,"Ruaraka Sports Club Ground, Nairobi"
1453931,2024-10-23,T20I,Rwanda,Mozambique,"Gymkhana Club Ground, Nairobi"
1453932,2024-10-23,T20I,Zimbabwe,Gambia,"Ruaraka Sports Club Ground, Nairobi"
1453919,2024-10-24,T20I,Indonesia,Bhutan,Gelephu International Cricket Ground
1453924,2024-10-24,T20I,Rwanda,Seychelles,"Ruaraka Sports Club Ground, Nairobi"
1453925,2024-10-24,T20I,Zimbabwe,Kenya,"Gymkhana Club Ground, Nairobi"
1453926,2024-10-24,T20I,Gambia,Mozambique,"Ruaraka Sports Club Ground, Nairobi"
1456124,2024-10-24,T20I,Singapore,Myanmar,Singapore National Cricket Ground
1456125,2024-10-25,T20I,Myanmar,Kuwait,Singapore National Cricket Ground
1456126,2024-10-26,T20I,Singapore,Kuwait,Singapore National Cricket Ground
1456854,2024-10-26,T20I,Bulgaria,Greece,"Marina Ground, Corfu"
1456127,2024-10-27,T20I,Myanmar,Singapore,Singapore National Cricket Ground
1456128,2024-10-28,T20I,Kuwait,Myanmar,Singapore National Cricket Ground
1457350,2024-10-28,T20I,Bahrain,Uganda,Jinja Cricket Ground
1456129,2024-10-29,T20I,Singapore,Kuwait,Singapore National Cricket Ground
1457351,2024-10-29,T20I,Bahrain,Uganda,Jinja Cricket Ground
1457354,2024-10-29,T20I,Rwanda,Kenya,"Gahanga B Ground, Rwanda"
1456130,2024-10-30,T20I,Kuwait,Myanmar,Singapore National Cricket Ground
1457355,2024-10-30,T20I,Kenya,Rwanda,"Gahanga B Ground, Rwanda"
1457356,2024-10-31,T20I,Rwanda,Kenya,"Gahanga B Ground, Rwanda"
1457357,2024-11-02,T20I,Kenya,Rwanda,"Gahanga B Ground, Rwanda"
1456860,2024-11-07,T20I,Mongolia,China,Zhejiang University of Technology Cricket Field
1456861,2024-11-07,T20I,Myanmar,Hong Kong,Zhejiang University of Technology Cricket Field
1449301,2024-11-08,T20I,India,South Africa,"Kingsmead, Durban"
1456858,2024-11-08,T20I,China,Hong Kong,Zhejiang University of Technology Cricket Field
1456859,2024-11-08,T20I,Myanmar,Mongolia,Zhejiang University of Technology Cricket Field
1433373,2024-11-09,T20I,West Indies,England,"Kensington Oval, Bridgetown, Barbados"
1456441,2024-11-09,T20I,New Zealand,Sri Lanka,Rangiri Dambulla International Stadium
1456862,2024-11-09,T20I,Myanmar,China,Zhejiang University of Technology Cricket Field
1456863,2024-11-09,T20I,Mongolia,Hong Kong,Zhejiang University of Technology Cricket Field
1433374,2024-11-10,T20I,West Indies,England,"Kensington Oval, Bridgetown, Barbados"
1449302,2024-11-10,T20I,India,South Africa,"St George's Park, Gqeberha"
1456442,2024-11-10,T20I,New Zealand,Sri Lanka,Rangiri Dambulla International Stadium
1456864,2024-11-10,T20I,Mongolia,Myanmar,Zhejiang University of Technology Cricket Field
1456865,2024-11-10,T20I,China,Hong Kong,Zhejiang University of Technology Cricket Field
1456867,2024-11-12,T20I,Indonesia,Myanmar,Udayana Cricket Ground
1449303,2024-11-13,T20I,India,South Africa,"SuperSport Park, Centurion"
1454819,2024-11-13,T20I,Netherlands,Oman,Al Amerat Cricket Ground Oman Cricket (Ministry Turf 1)
1456868,2024-11-13,T20I,Myanmar,Indonesia,Udayana Cricket Ground
1426552,2024-11-14,T20I,Australia,Pakistan,"Brisbane Cricket Ground, Woolloongabba, Brisbane"
1433375,2024-11-14,T20I,West Indies,England,"Daren Sammy National Cricket Stadium, Gros Islet, St Lucia"
1454820,2024-11-14,T20I,Netherlands,Oman,Al Amerat Cricket Ground Oman Cricket (Ministry Turf 1)
1449304,2024-11-15,T20I,India,South Africa,"The Wanderers Stadium, Johannesburg"
1456869,2024-11-15,T20I,Myanmar,Indonesia,Udayana Cricket Ground
1426553,2024-11-16,T20I,Australia,Pakistan,Sydney Cricket Ground
1433376,2024-11-16,T20I,England,West Indies,"Daren Sammy National Cricket Stadium, Gros Islet, St Lucia"
1454821,2024-11-16,T20I,Netherlands,Oman,Al Amerat Cricket Ground Oman Cricket (Ministry Turf 1)
1456870,2024-11-16,T20I,Myanmar,Indonesia,Udayana Cricket Ground
1459718,2024-11-16,T20I,Costa Rica,Mexico,"Reforma Athletic Club, Naucalpan"
1433377,2024-11-17,T20I,West Indies,England,"Daren Sammy National Cricket Stadium, Gros Islet, St Lucia"
1456871,2024-11-17,T20I,Indonesia,Myanmar,Udayana Cricket Ground
1459720,2024-11-17,T20I,Costa Rica,Mexico,Las Caballerizas
1426554,2024-11-18,T20I,Pakistan,Australia,"Bellerive Oval, Hobart"
1456872,2024-11-19,T20I,Myanmar,Indonesia,Udayana Cricket Ground
1457217,2024-11-19,T20I,Thailand,Qatar,"West End Park International Cricket Stadium, Doha"
1457218,2024-11-19,T20I,United Arab Emirates,Bhutan,University of Doha for Science and Technology
1457219,2024-11-19,T20I,Bahrain,Saudi Arabia,"West End Park International Cricket Stadium, Doha"
1457220,2024-11-20,T20I,Thailand,Cambodia,"West End Park International Cricket Stadium, Doha"
1457221,2024-11-20,T20I,Bhutan,Qatar,University of Doha for Science and Technology
1457222,2024-11-20,T20I,United Arab Emirates,Saudi Arabia,"West End Park International Cricket Stadium, Doha"
1457223,2024-11-22,T20I,Cambodia,United Arab Emirates,"West End Park International Cricket Stadium, Doha"
1457224,2024-11-22,T20I,Bahrain,Thailand,University of Doha for Science and Technology
1457225,2024-11-22,T20I,Saudi Arabia,Bhutan,University of Doha for Science and Technology
1457226,2024-11-23,T20I,Bahrain,Bhutan,"West End Park International Cricket Stadium, Doha"
1457227,2024-11-23,T20I,United Arab Emirates,Thailand,University of Doha for Science and Technology
1457228,2024-11-23,T20I,Qatar,Cambodia,University of Doha for Science and Technology
1459374,2024-11-23,T20I,Botswana,Eswatini,"Tafawa Balewa Square Cricket Oval, Lagos"
1459375,2024-11-23,T20I,Sierra Leone,Ivory Coast,"Tafawa Balewa Square Cricket Oval, Lagos"
1459376,2024-11-23,T20I,Nigeria,St Helena,University of Lagos Cricket Oval
1432225,2024-11-24,T20I,South Africa,England,"Buffalo Park, East London"
1459386,2024-11-24,T20I,Sierra Leone,Botswana,University of Lagos Cricket Oval
1459387,2024-11-24,T20I,Nigeria,Ivory Coast,"Tafawa Balewa Square Cricket Oval, Lagos"
1459388,2024-11-24,T20I,Eswatini,St Helena,University of Lagos Cricket Oval
1457229,2024-11-25,T20I,Qatar,Bahrain,"West End Park International Cricket Stadium, Doha"
1457230,2024-11-25,T20I,Cambodia,Saudi Arabia,University of Doha for Science and Technology
1457231,2024-11-25,T20I,Thailand,Bhutan,"West End Park International Cricket Stadium, Doha"
1457232,2024-11-26,T20I,Thailand,Saudi Arabia,"West End Park International Cricket Stadium, Doha"
1457233,2024-11-26,T20I,Bahrain,Cambodia,University of Doha for Science and Technology
1457234,2024-11-26,T20I,United Arab Emirates,Qatar,"West End Park International Cricket Stadium, Doha"
1459380,2024-11-26,T20I,St Helena,Sierra Leone,"Nigeria Cricket Federation Oval 1, Abuja"
1459381,2024-11-26,T20I,Eswatini,Nigeria,"Nigeria Cricket Federation Oval 1, Abuja"
1459382,2024-11-26,T20I,Ivory Coast,Botswana,"Nigeria Cricket Federation Oval 2, Abuja"
1432226,2024-11-27,T20I,England,South Africa,"Willowmoore Park, Benoni"
1459383,2024-11-27,T20I,Nigeria,Sierra Leone,"Nigeria Cricket Federation Oval 2, Abuja"
1459384,2024-11-27,T20I,St Helena,Botswana,"Nigeria Cricket Federation Oval 1, Abuja"
1459385,2024-11-27,T20I,Ivory Coast,Eswatini,"Nigeria Cricket Federation Oval 2, Abuja"
1457235,2024-11-28,T20I,Bhutan,Cambodia,"West End Park International Cricket Stadium, Doha"
1457236,2024-11-28,T20I,Saudi Arabia,Qatar,University of Doha for Science and Technology
1459278,2024-11-28,T20I,Bahrain,United Arab Emirates,University of Doha for Science and Technology
1459377,2024-11-28,T20I,Ivory Coast,St Helena,"Nigeria Cricket Federation Oval 1, Abuja"
1459378,2024-11-28,T20I,Sierra Leone,Eswatini,"Nigeria Cricket Federation Oval 2, Abuja"
1459379,2024-11-28,T20I,Nigeria,Botswana,"Nigeria Cricket Federation Oval 2, Abuja"
1432227,2024-11-30,T20I,South Africa,England,"SuperSport Park, Centurion"
1444652,2024-12-01,T20I,Pakistan,Zimbabwe,"Queens Sports Club, Bulawayo"
1462926,2024-12-02,T20I,Bermuda,Argentina,"Hurlingham Club Ground, Buenos Aires"
1444653,2024-12-03,T20I,Zimbabwe,Pakistan,"Queens Sports Club, Bulawayo"
1462850,2024-12-04,T20I,Namibia,Thailand,"Mission Road Ground, Mong Kok, Hong Kong"
1462851,2024-12-04,T20I,Hong Kong,China,"Mission Road Ground, Mong Kok, Hong Kong"
1462912,2024-12-04,T20I,Uganda,Botswana,"Gahanga International Cricket Stadium, Rwanda"
1462916,2024-12-04,T20I,Rwanda,Nigeria,"Gahanga International Cricket Stadium, Rwanda"
1463008,2024-12-04,T20I,Bahrain,Qatar,"West End Park International Cricket Stadium, Doha"
1444654,2024-12-05,T20I,Pakistan,Zimbabwe,"Queens Sports Club, Bulawayo"
1458414,2024-12-05,T20I,Ireland,Bangladesh,Sylhet Stadium
1462852,2024-12-05,T20I,China,Namibia,"Mission Road Ground, Mong Kok, Hong Kong"
1462853,2024-12-05,T20I,Thailand,Hong Kong,"Mission Road Ground, Mong Kok, Hong Kong"
1462919,2024-12-05,T20I,Nigeria,Botswana,"Gahanga International Cricket Stadium, Rwanda"
1462921,2024-12-05,T20I,Uganda,Rwanda,"Gahanga International Cricket Stadium, Rwanda"
1462877,2024-12-06,T20I,Panama,Suriname,"St Albans Club, Buenos Aires"
1462878,2024-12-06,T20I,Bahamas,Brazil,"St George's College Ground, Buenos Aires"
1462915,2024-12-06,T20I,Nigeria,Uganda,"Gahanga International Cricket Stadium, Rwanda"
1462924,2024-12-06,T20I,Botswana,Rwanda,"Gahanga International Cricket Stadium, Rwanda"
1463009,2024-12-06,T20I,Bahrain,Qatar,"West End Park International Cricket Stadium, Doha"
1458415,2024-12-07,T20I,Ireland,Bangladesh,Sylhet Stadium
1462854,2024-12-07,T20I,Thailand,China,"Mission Road Ground, Mong Kok, Hong Kong"
1462855,2024-12-07,T20I,Hong Kong,Namibia,"Mission Road Ground, Mong Kok, Hong Kong"
1462880,2024-12-07,T20I,Mexico,Brazil,"Hurlingham Club Ground, Buenos Aires"
1462881,2024-12-07,T20I,Argentina,Belize,"St George's College Ground, Buenos Aires"
1462882,2024-12-07,T20I,Bermuda,Suriname,"Hurlingham Club Ground, Buenos Aires"
1462883,2024-12-07,T20I,Cayman Islands,Panama,"St George's College Ground, Buenos Aires"
1462927,2024-12-07,T20I,Nigeria,Botswana,"Gahanga International Cricket Stadium, Rwanda"
1462931,2024-12-07,T20I,Uganda,Rwanda,"Gahanga International Cricket Stadium, Rwanda"
1463010,2024-12-07,T20I,Bahrain,Qatar,"West End Park International Cricket Stadium, Doha"
1462856,2024-12-08,T20I,Hong Kong,China,"Mission Road Ground, Mong Kok, Hong Kong"
1462857,2024-12-08,T20I,Thailand,Namibia,"Mission Road Ground, Mong Kok, Hong Kong"
1462884,2024-12-08,T20I,Panama,Bermuda,"St Albans Club, Buenos Aires"
1462885,2024-12-08,T20I,Bahamas,Argentina,"Hurlingham Club Ground, Buenos Aires"
1462886,2024-12-08,T20I,Suriname,Brazil,"St Albans Club, Buenos Aires"
1462887,2024-12-08,T20I,Cayman Islands,Belize,"Hurlingham Club Ground, Buenos Aires"
1462914,2024-12-08,T20I,Rwanda,Botswana,"Gahanga International Cricket Stadium, Rwanda"
1462925,2024-12-08,T20I,Nigeria,Uganda,"Gahanga International Cricket Stadium, Rwanda"
1463011,2024-12-08,T20I,Bahrain,Qatar,"West End Park International Cricket Stadium, Doha"
1458416,2024-12-09,T20I,Bangladesh,Ireland,Sylhet Stadium
1462922,2024-12-09,T20I,Nigeria,Rwanda,"Gahanga International Cricket Stadium, Rwanda"
1462928,2024-12-09,T20I,Uganda,Botswana,"Gahanga International Cricket Stadium, Rwanda"
1432211,2024-12-10,T20I,South Africa,Pakistan,"Kingsmead, Durban"
1462858,2024-12-10,T20I,Malaysia,Namibia,"Selangor Turf Club, Kuala Lumpur"
1462888,2024-12-10,T20I,Cayman Islands,Suriname,"Hurlingham Club Ground, Buenos Aires"
1462889,2024-12-10,T20I,Bahamas,Belize,"St Albans Club, Buenos Aires"
1462890,2024-12-10,T20I,Mexico,Bermuda,"Hurlingham Club Ground, Buenos Aires"
1462891,2024-12-10,T20I,Panama,Argentina,"St Albans Club, Buenos Aires"
1462892,2024-12-11,T20I,Mexico,Cayman Islands,"St George's College Ground, Buenos Aires"
1462893,2024-12-11,T20I,Bahamas,Panama,"Hurlingham Club Ground, Buenos Aires"
1462894,2024-12-11,T20I,Bermuda,Brazil,"St George's College Ground, Buenos Aires"
1462895,2024-12-11,T20I,Suriname,Argentina,"Hurlingham Club Ground, Buenos Aires"
1462917,2024-12-11,T20I,Uganda,Nigeria,"Gahanga International Cricket Stadium, Rwanda"
1462918,2024-12-11,T20I,Rwanda,Botswana,"Gahanga International Cricket Stadium, Rwanda"
1462860,2024-12-12,T20I,Malaysia,Namibia,"Selangor Turf Club, Kuala Lumpur"
1462896,2024-12-12,T20I,Panama,Brazil,"Belgrano Athletic Club Ground, Buenos Aires"
1462897,2024-12-12,T20I,Suriname,Mexico,"St George's College Ground, Buenos Aires"
1462898,2024-12-12,T20I,Bahamas,Cayman Islands,"Belgrano Athletic Club Ground, Buenos Aires"
1462899,2024-12-12,T20I,Bermuda,Belize,"St George's College Ground, Buenos Aires"
1462920,2024-12-12,T20I,Botswana,Nigeria,"Gahanga International Cricket Stadium, Rwanda"
1462923,2024-12-12,T20I,Uganda,Rwanda,"Gahanga International Cricket Stadium, Rwanda"
1432212,2024-12-13,T20I,Pakistan,South Africa,"SuperSport Park, Centurion"
1462913,2024-12-13,T20I,Nigeria,Rwanda,"Gahanga International Cricket Stadium, Rwanda"
1462930,2024-12-13,T20I,Uganda,Botswana,"Gahanga International Cricket Stadium, Rwanda"
1463652,2024-12-13,T20I,Bahrain,United Arab Emirates,"ICC Academy, Dubai"
1463653,2024-12-13,T20I,Saudi Arabia,Kuwait,"ICC Academy, Dubai"
1462900,2024-12-14,T20I,Cayman Islands,Brazil,"St Albans Club, Buenos Aires"
1462901,2024-12-14,T20I,Bahamas,Suriname,"Belgrano Athletic Club Ground, Buenos Aires"
1462902,2024-12-14,T20I,Panama,Belize,"St Albans Club, Buenos Aires"
1462903,2024-12-14,T20I,Argentina,Mexico,"Belgrano Athletic Club Ground, Buenos Aires"
1462932,2024-12-14,T20I,Nigeria,Uganda,"Gahanga International Cricket Stadium, Rwanda"
1463654,2024-12-14,T20I,Bahrain,Kuwait,"ICC Academy, Dubai"
1463655,2024-12-14,T20I,Oman,Qatar,"ICC Academy, Dubai"
1433383,2024-12-15,T20I,Bangladesh,West Indies,"Arnos Vale Ground, Kingstown, St Vincent"
1459891,2024-12-15,T20I,India,West Indies,"Dr DY Patil Sports Academy, Navi Mumbai"
1462904,2024-12-15,T20I,Brazil,Belize,"Belgrano Athletic Club Ground, Buenos Aires"
1462905,2024-12-15,T20I,Cayman Islands,Argentina,"Hurlingham Club Ground, Buenos Aires"
1462906,2024-12-15,T20I,Bermuda,Bahamas,"Belgrano Athletic Club Ground, Buenos Aires"
1462907,2024-12-15,T20I,Panama,Mexico,"Hurlingham Club Ground, Buenos Aires"
1463656,2024-12-15,T20I,United Arab Emirates,Oman,"ICC Academy, Dubai"
1463657,2024-12-15,T20I,Qatar,Saudi Arabia,"ICC Academy, Dubai"
1464722,2024-12-15,T20I,Gibraltar,Jersey,Europa Sports Complex
1462908,2024-12-16,T20I,Bermuda,Cayman Islands,"St Albans Club, Buenos Aires"
1462909,2024-12-16,T20I,Bahamas,Mexico,"St George's College Ground, Buenos Aires"
1462910,2024-12-16,T20I,Belize,Suriname,"St Albans Club, Buenos Aires"
1462911,2024-12-16,T20I,Argentina,Brazil,"St George's College Ground, Buenos Aires"
1463658,2024-12-16,T20I,Saudi Arabia,Bahrain,"ICC Academy, Dubai"
1463659,2024-12-16,T20I,United Arab Emirates,Kuwait,"ICC Academy, Dubai"
1464723,2024-12-16,T20I,Gibraltar,Jersey,Europa Sports Complex
1433384,2024-12-17,T20I,Bangladesh,West Indies,"Arnos Vale Ground, Kingstown, St Vincent"
1459892,2024-12-17,T20I,India,West Indies,"Dr DY Patil Sports Academy, Navi Mumbai"
1463660,2024-12-17,T20I,Qatar,Kuwait,"ICC Academy, Dubai"
1463661,2024-12-17,T20I,Oman,Bahrain,"ICC Academy, Dubai"
1463662,2024-12-18,T20I,Oman,Saudi Arabia,"ICC Academy, Dubai"
1463663,2024-12-18,T20I,United Arab Emirates,Qatar,"ICC Academy, Dubai"
1433385,2024-12-19,T20I,Bangladesh,West Indies,"Arnos Vale Ground, Kingstown, St Vincent"
1459893,2024-12-19,T20I,India,West Indies,"Dr DY Patil Sports Academy, Navi Mumbai"
1463664,2024-12-19,T20I,Saudi Arabia,United Arab Emirates,"ICC Academy, Dubai"
1463665,2024-12-20,T20I,Bahrain,Qatar,"ICC Academy, Dubai"
1463666,2024-12-20,T20I,Oman,Kuwait,"ICC Academy, Dubai"
1463667,2024-12-21,T20I,United Arab Emirates,Kuwait,Dubai International Cricket Stadium
1464725,2024-12-22,T20I,Bhutan,Myanmar,Gelephu International Cricket Ground
1464726,2024-12-24,T20I,Myanmar,Bhutan,Gelephu International Cricket Ground
1464730,2024-12-24,T20I,Singapore,Philippines,Singapore National Cricket Ground
1464727,2024-12-26,T20I,Bhutan,Myanmar,Gelephu International Cricket Ground
1464731,2024-12-26,T20I,Philippines,Singapore,Singapore National Cricket Ground
1464728,2024-12-27,T20I,Bhutan,Myanmar,Gelephu International Cricket Ground
1464732,2024-12-27,T20I,Singapore,Philippines,Singapore National Cricket Ground
1443543,2024-12-28,T20I,New Zealand,Sri Lanka,"Bay Oval, Mount Maunganui"
1443544,2024-12-30,T20I,New Zealand,Sri Lanka,"Bay Oval, Mount Maunganui"
1443545,2025-01-02,T20I,Sri Lanka,New Zealand,"Saxton Oval, Nelson"
1426626,2025-01-20,T20I,Australia,England,Sydney Cricket Ground
1439899,2025-01-22,T20I,England,India,"Eden Gardens, Kolkata"
1426627,2025-01-23,T20I,Australia,England,"Manuka Oval, Canberra"
1426628,2025-01-25,T20I,Australia,England,Adelaide Oval
1439900,2025-01-25,T20I,England,India,"MA Chidambaram Stadium, Chepauk, Chennai"
1468402,2025-01-27,T20I,Bangladesh,West Indies,"Warner Park, Basseterre, St Kitts"
1439901,2025-01-28,T20I,England,India,"Saurashtra Cricket Association Stadium, Rajkot"
1468403,2025-01-29,T20I,West Indies,Bangladesh,"Warner Park, Basseterre, St Kitts"
1468724,2025-01-30,T20I,Netherlands,Nepal,"Tribhuvan University International Cricket Ground, Kirtipur"
1439902,2025-01-31,T20I,India,England,"Maharashtra Cricket Association Stadium, Pune"
1468404,2025-01-31,T20I,Bangladesh,West Indies,"Warner Park, Basseterre, St Kitts"
1468726,2025-01-31,T20I,Netherlands,Thailand,"Tribhuvan University International Cricket Ground, Kirtipur"
1468725,2025-02-01,T20I,Nepal,Thailand,"Tribhuvan University International Cricket Ground, Kirtipur"
1439903,2025-02-02,T20I,India,England,"Wankhede Stadium, Mumbai"
1468727,2025-02-02,T20I,Netherlands,Nepal,"Tribhuvan University International Cricket Ground, Kirtipur"
1468729,2025-02-03,T20I,Thailand,Netherlands,"Tribhuvan University International Cricket Ground, Kirtipur"
1470186,2025-02-03,T20I,Hungary,Malta,Marsa Sports Club
1470187,2025-02-03,T20I,Malta,Austria,Marsa Sports Club
1468728,2025-02-04,T20I,Thailand,Nepal,"Tribhuvan University International Cricket Ground, Kirtipur"
1470188,2025-02-04,T20I,Hungary,Austria,Marsa Sports Club
1470189,2025-02-04,T20I,Malta,Hungary,Marsa Sports Club
1468730,2025-02-05,T20I,Nepal,Netherlands,"Tribhuvan University International Cricket Ground, Kirtipur"
1470190,2025-02-05,T20I,Malta,Austria,Marsa Sports Club
1470191,2025-02-05,T20I,Austria,Hungary,Marsa Sports Club
1468732,2025-02-06,T20I,Thailand,Netherlands,"Tribhuvan University International Cricket Ground, Kirtipur"
1468731,2025-02-07,T20I,Nepal,Thailand,"Tribhuvan University International Cricket Ground, Kirtipur"
1471822,2025-02-19,T20I,Bahrain,Indonesia,Udayana Cricket Ground
1471823,2025-02-20,T20I,Indonesia,Bahrain,Udayana Cricket Ground
1473145,2025-02-20,T20I,Oman,United States of America,Al Amerat Cricket Ground Oman Cricket (Ministry Turf 1)
1473146,2025-02-21,T20I,Oman,United States of America,Al Amerat Cricket Ground Oman Cricket (Ministry Turf 1)
1467704,2025-02-22,T20I,Zimbabwe,Ireland,Harare Sports Club
1471824,2025-02-22,T20I,Bahrain,Indonesia,Udayana Cricket Ground
1467705,2025-02-23,T20I,Ireland,Zimbabwe,Harare Sports Club
1471825,2025-02-23,T20I,Bahrain,Indonesia,Udayana Cricket Ground
1473147,2025-02-23,T20I,Oman,United States of America,Al Amerat Cricket Ground Oman Cricket (Ministry Turf 1)
1471826,2025-02-24,T20I,Indonesia,Bahrain,Udayana Cricket Ground
1467706,2025-02-25,T20I,Zimbabwe,Ireland,Harare Sports Club
1474260,2025-02-28,T20I,Bahrain,Singapore,Singapore National Cricket Ground
1474261,2025-03-01,T20I,Singapore,Bahrain,Singapore National Cricket Ground
1474262,2025-03-02,T20I,Singapore,Bahrain,Singapore National Cricket Ground
1474263,2025-03-04,T20I,Singapore,Bahrain,Singapore National Cricket Ground
1476152,2025-03-08,T20I,Hong Kong,Uganda,Entebbe Cricket Oval
1476153,2025-03-08,T20I,Nepal,Namibia,Entebbe Cricket Oval
1476154,2025-03-09,T20I,Uganda,Nepal,Entebbe Cricket Oval
1476155,2025-03-09,T20I,Namibia,Hong Kong,Entebbe Cricket Oval
1474423,2025-03-10,T20I,Vanuatu,Samoa,"N'Du Stadium, Noumea, New Caledonia"
1474981,2025-03-10,T20I,Canada,United States of America,"St Albans Club, Buenos Aires"
1474982,2025-03-10,T20I,Brazil,Argentina,"St Albans Club, Buenos Aires"
1475525,2025-03-10,T20I,Malaysia,Bahrain,"Bayuemas Oval, Kuala Lumpur"
1476156,2025-03-10,T20I,Uganda,Namibia,Entebbe Cricket Oval
1476157,2025-03-10,T20I,Hong Kong,Nepal,Entebbe Cricket Oval
1474424,2025-03-11,T20I,Vanuatu,France,"N'Du Stadium, Noumea, New Caledonia"
1474983,2025-03-11,T20I,United States of America,Brazil,"St Albans Club, Buenos Aires"
1474984,2025-03-11,T20I,Argentina,Canada,"St Albans Club, Buenos Aires"
1475526,2025-03-11,T20I,Hong Kong,Bahrain,"Bayuemas Oval, Kuala Lumpur"
1474426,2025-03-12,T20I,France,Samoa,"N'Du Stadium, Noumea, New Caledonia"
1474427,2025-03-12,T20I,Vanuatu,Fiji,"N'Du Stadium, Noumea, New Caledonia"
1475527,2025-03-12,T20I,Hong Kong,Malaysia,"Bayuemas Oval, Kuala Lumpur"
1476158,2025-03-12,T20I,Namibia,Nepal,Entebbe Cricket Oval
1476159,2025-03-12,T20I,Uganda,Hong Kong,Entebbe Cricket Oval
1474422,2025-03-13,T20I,Fiji,France,"N'Du Stadium, Noumea, New Caledonia"
1474985,2025-03-13,T20I,United States of America,Argentina,"St Albans Club, Buenos Aires"
1474986,2025-03-13,T20I,Brazil,Canada,"St Albans Club, Buenos Aires"
1475528,2025-03-13,T20I,Bahrain,Malaysia,"Bayuemas Oval, Kuala Lumpur"
1476160,2025-03-13,T20I,Hong Kong,Namibia,Entebbe Cricket Oval
1476161,2025-03-13,T20I,Uganda,Nepal,Entebbe Cricket Oval
1443571,2025-03-14,T20I,New Zealand,Sri Lanka,"Hagley Oval, Christchurch"
1474429,2025-03-14,T20I,Vanuatu,Samoa,"N'Du Stadium, Noumea, New Caledonia"
1474987,2025-03-14,T20I,Canada,Argentina,"St Albans Club, Buenos Aires"
1474988,2025-03-14,T20I,United States of America,Brazil,"St Albans Club, Buenos Aires"
1475529,2025-03-14,T20I,Hong Kong,Bahrain,"Bayuemas Oval, Kuala Lumpur"
1476162,2025-03-14,T20I,Hong Kong,Nepal,Entebbe Cricket Oval
1476163,2025-03-14,T20I,Uganda,Namibia,Entebbe Cricket Oval
1475530,2025-03-15,T20I,Malaysia,Hong Kong,"Bayuemas Oval, Kuala Lumpur"
1443549,2025-03-16,T20I,Pakistan,New Zealand,"Hagley Oval, Christchurch"
1443572,2025-03-16,T20I,Sri Lanka,New Zealand,"Hagley Oval, Christchurch"
1474990,2025-03-16,T20I,Argentina,United States of America,"St Albans Club, Buenos Aires"
1476165,2025-03-16,T20I,Namibia,Uganda,Entebbe Cricket Oval
1474991,2025-03-17,T20I,Argentina,Brazil,"St Albans Club, Buenos Aires"
1474992,2025-03-17,T20I,United States of America,Canada,"St Albans Club, Buenos Aires"
1475531,2025-03-17,T20I,Hong Kong,Bahrain,"Bayuemas Oval, Kuala Lumpur"
1443550,2025-03-18,T20I,Pakistan,New Zealand,"University Oval, Dunedin"
1443573,2025-03-18,T20I,New Zealand,Sri Lanka,"University Oval, Dunedin"
1476795,2025-03-19,T20I,Canada,Namibia,"Namibia Cricket Ground, Windhoek"
1443551,2025-03-21,T20I,New Zealand,Pakistan,"Eden Park, Auckland"
1443574,2025-03-21,T20I,New Zealand,Australia,"Eden Park, Auckland"
1476797,2025-03-22,T20I,Canada,Namibia,"Namibia Cricket Ground, Windhoek"
1443552,2025-03-23,T20I,New Zealand,Pakistan,"Bay Oval, Mount Maunganui"
1443575,2025-03-23,T20I,Australia,New Zealand,"Bay Oval, Mount Maunganui"
1476798,2025-03-23,T20I,Canada,Namibia,"Namibia Cricket Ground, Windhoek"
1443553,2025-03-26,T20I,Pakistan,New Zealand,"Sky Stadium, Wellington"
1443576,2025-03-26,T20I,Australia,New Zealand,"Sky Stadium, Wellington"
1478228,2025-04-07,T20I,Norway,Portugal,Santarem Cricket Ground
1478229,2025-04-08,T20I,Norway,Portugal,Santarem Cricket Ground
1479929,2025-04-08,T20I,Uganda,Namibia,"High Performance Oval, Windhoek"
1477679,2025-04-09,T20I,Cook Islands,Indonesia,Udayana Cricket Ground
1478230,2025-04-09,T20I,Portugal,Norway,Santarem Cricket Ground
1479320,2025-04-09,T20I,Qatar,Nepal,"Mission Road Ground, Mong Kok, Hong Kong"
1479321,2025-04-09,T20I,Hong Kong,Kuwait,"Mission Road Ground, Mong Kok, Hong Kong"
1479930,2025-04-09,T20I,Uganda,Namibia,"High Performance Oval, Windhoek"
1477680,2025-04-10,T20I,Indonesia,Philippines,Udayana Cricket Ground
1479322,2025-04-10,T20I,Kuwait,Nepal,"Mission Road Ground, Mong Kok, Hong Kong"
1479323,2025-04-10,T20I,Hong Kong,Qatar,"Mission Road Ground, Mong Kok, Hong Kong"
1477681,2025-04-11,T20I,Cook Islands,Philippines,Udayana Cricket Ground
1479931,2025-04-11,T20I,Namibia,Uganda,"High Performance Oval, Windhoek"
1477682,2025-04-12,T20I,Cook Islands,Indonesia,Udayana Cricket Ground
1479324,2025-04-12,T20I,Qatar,Kuwait,"Mission Road Ground, Mong Kok, Hong Kong"
1479325,2025-04-12,T20I,Hong Kong,Nepal,"Mission Road Ground, Mong Kok, Hong Kong"
1479932,2025-04-12,T20I,Namibia,Uganda,"High Performance Oval, Windhoek"
1479326,2025-04-13,T20I,Hong Kong,Qatar,"Mission Road Ground, Mong Kok, Hong Kong"
1479327,2025-04-13,T20I,Kuwait,Nepal,"Mission Road Ground, Mong Kok, Hong Kong"
1479933,2025-04-14,T20I,Namibia,Uganda,"High Performance Oval, Windhoek"
1479934,2025-04-15,T20I,Namibia,Uganda,"High Performance Oval, Windhoek"
1481295,2025-04-17,T20I,Mexico,Costa Rica,"Clayton Panama, Panama City"
1481296,2025-04-17,T20I,Panama,Turks and Caicos Island,"Clayton Panama, Panama City"
1481297,2025-04-18,T20I,Costa Rica,Panama,"Clayton Panama, Panama City"
1481298,2025-04-18,T20I,Turks and Caicos Island,Mexico,"Clayton Panama, Panama City"
1481299,2025-04-19,T20I,Costa Rica,Turks and Caicos Island,"Clayton Panama, Panama City"
1481300,2025-04-19,T20I,Panama,Mexico,"Clayton Panama, Panama City"
1481303,2025-04-19,T20I,United States of America,Cayman Islands,"Jimmy Powell Oval, Cayman Islands"
1481304,2025-04-19,T20I,Bermuda,Canada,"Jimmy Powell Oval, Cayman Islands"
1481301,2025-04-20,T20I,Turks and Caicos Island,Costa Rica,"Clayton Panama, Panama City"
1481305,2025-04-20,T20I,United States of America,Bahamas,"Jimmy Powell Oval, Cayman Islands"
1481306,2025-04-20,T20I,Bermuda,Cayman Islands,"Jimmy Powell Oval, Cayman Islands"
1481307,2025-04-21,T20I,Bahamas,Canada,"Jimmy Powell Oval, Cayman Islands"
1481308,2025-04-21,T20I,Bermuda,United States of America,"Jimmy Powell Oval, Cayman Islands"
1481309,2025-04-23,T20I,Canada,Cayman Islands,"Jimmy Powell Oval, Cayman Islands"
1481310,2025-04-23,T20I,Bahamas,Bermuda,"Jimmy Powell Oval, Cayman Islands"
1481311,2025-04-24,T20I,Cayman Islands,Bahamas,"Jimmy Powell Oval, Cayman Islands"
1481312,2025-04-24,T20I,Canada,United States of America,"Jimmy Powell Oval, Cayman Islands"
1482088,2025-04-24,T20I,Saudi Arabia,Thailand,"Bayuemas Oval, Kuala Lumpur"
1482089,2025-04-24,T20I,Malaysia,Singapore,"Bayuemas Oval, Kuala Lumpur"
1481709,2025-04-25,T20I,Zimbabwe,United States of America,"Grand Prairie Stadium, Dallas"
1482090,2025-04-25,T20I,Thailand,Malaysia,"Bayuemas Oval, Kuala Lumpur"
1482091,2025-04-25,T20I,Saudi Arabia,Singapore,"Bayuemas Oval, Kuala Lumpur"
1477662,2025-04-26,T20I,Botswana,Eswatini,"Botswana Cricket Association Oval 1, Gaborone"
1477663,2025-04-26,T20I,Mozambique,Sierra Leone,"Botswana Cricket Association Oval 2, Gaborone"
1477665,2025-04-26,T20I,Botswana,Mozambique,"Botswana Cricket Association Oval 2, Gaborone"
1477671,2025-04-26,T20I,Eswatini,Sierra Leone,"Botswana Cricket Association Oval 1, Gaborone"
1481313,2025-04-26,T20I,Cayman Islands,Canada,"Jimmy Powell Oval, Cayman Islands"
1481314,2025-04-26,T20I,Bermuda,United States of America,"Jimmy Powell Oval, Cayman Islands"
1482092,2025-04-26,T20I,Saudi Arabia,Malaysia,"Bayuemas Oval, Kuala Lumpur"
1482093,2025-04-26,T20I,Singapore,Thailand,"Bayuemas Oval, Kuala Lumpur"
1477667,2025-04-27,T20I,Mozambique,Eswatini,"Botswana Cricket Association Oval 2, Gaborone"
1477668,2025-04-27,T20I,Sierra Leone,Botswana,"Botswana Cricket Association Oval 1, Gaborone"
1477669,2025-04-27,T20I,Sierra Leone,Eswatini,"Botswana Cricket Association Oval 2, Gaborone"
1477670,2025-04-27,T20I,Botswana,Mozambique,"Botswana Cricket Association Oval 1, Gaborone"
1481315,2025-04-27,T20I,Canada,United States of America,"Jimmy Powell Oval, Cayman Islands"
1481710,2025-04-27,T20I,Zimbabwe,United States of America,"Grand Prairie Stadium, Dallas"
1482094,2025-04-28,T20I,Saudi Arabia,Thailand,"Bayuemas Oval, Kuala Lumpur"
1482095,2025-04-28,T20I,Singapore,Malaysia,"Bayuemas Oval, Kuala Lumpur"
1477664,2025-04-29,T20I,Eswatini,Botswana,"Botswana Cricket Association Oval 2, Gaborone"
1477666,2025-04-29,T20I,Mozambique,Sierra Leone,"Botswana Cricket Association Oval 1, Gaborone"
1477674,2025-04-29,T20I,Botswana,Sierra Leone,"Botswana Cricket Association Oval 1, Gaborone"
1477675,2025-04-29,T20I,Mozambique,Eswatini,"Botswana Cricket Association Oval 2, Gaborone"
1481711,2025-04-29,T20I,Zimbabwe,United States of America,"Grand Prairie Stadium, Dallas"
1482096,2025-04-29,T20I,Malaysia,Thailand,"Bayuemas Oval, Kuala Lumpur"
1482097,2025-04-29,T20I,Singapore,Saudi Arabia,"Bayuemas Oval, Kuala Lumpur"
1477672,2025-04-30,T20I,Mozambique,Eswatini,"Botswana Cricket Association Oval 1, Gaborone"
1477673,2025-04-30,T20I,Sierra Leone,Botswana,"Botswana Cricket Association Oval 1, Gaborone"
1482098,2025-04-30,T20I,Malaysia,Saudi Arabia,"Bayuemas Oval, Kuala Lumpur"
1482100,2025-05-02,T20I,Singapore,Thailand,"Bayuemas Oval, Kuala Lumpur"
1482101,2025-05-02,T20I,Malaysia,Saudi Arabia,"Bayuemas Oval, Kuala Lumpur"
1483063,2025-05-02,T20I,Cyprus,Czech Republic,"Scott Page Field, Vinor"
1483941,2025-05-02,T20I,Bahrain,Oman,Al Amerat Cricket Ground Oman Cricket (Ministry Turf 2)
1483065,2025-05-03,T20I,Czech Republic,Cyprus,"Scott Page Field, Vinor"
1483754,2025-05-03,T20I,United Arab Emirates,Hong Kong,"Terdthai Cricket Ground, Bangkok"
1483755,2025-05-03,T20I,Kuwait,Thailand,"Terdthai Cricket Ground, Bangkok"
1483942,2025-05-03,T20I,Oman,Bahrain,Al Amerat Cricket Ground Oman Cricket (Ministry Turf 1)
1483067,2025-05-04,T20I,Czech Republic,Cyprus,"Scott Page Field, Vinor"
1483756,2025-05-04,T20I,Thailand,Hong Kong,"Terdthai Cricket Ground, Bangkok"
1483757,2025-05-04,T20I,United Arab Emirates,Kuwait,"Terdthai Cricket Ground, Bangkok"
1483068,2025-05-05,T20I,Croatia,Malta,Marsa Sports Club
1483943,2025-05-05,T20I,Bahrain,Oman,Al Amerat Cricket Ground Oman Cricket (Ministry Turf 1)
1482828,2025-05-06,T20I,Malta,Estonia,Marsa Sports Club
1483758,2025-05-06,T20I,Hong Kong,Kuwait,"Terdthai Cricket Ground, Bangkok"
1483759,2025-05-06,T20I,Thailand,United Arab Emirates,"Terdthai Cricket Ground, Bangkok"
1482819,2025-05-07,T20I,Thailand,Cook Islands,Sano International Cricket Ground
1482830,2025-05-07,T20I,Malta,Estonia,Marsa Sports Club
1482820,2025-05-08,T20I,Japan,Thailand,Sano International Cricket Ground
1482821,2025-05-09,T20I,Cook Islands,Thailand,Sano International Cricket Ground
1482822,2025-05-09,T20I,Japan,Cook Islands,Sano International Cricket Ground
1483760,2025-05-09,T20I,Kuwait,Thailand,"Terdthai Cricket Ground, Bangkok"
1483762,2025-05-09,T20I,Malaysia,United Arab Emirates,"Asian Institute of Technology Ground, Bangkok"
1483070,2025-05-10,T20I,Germany,Greece,"Marina Ground, Corfu"
1483763,2025-05-10,T20I,Bahrain,Nepal,"Terdthai Cricket Ground, Bangkok"
1483765,2025-05-10,T20I,United Arab Emirates,Qatar,"Terdthai Cricket Ground, Bangkok"
1482825,2025-05-11,T20I,Japan,Thailand,Sano International Cricket Ground
1483072,2025-05-11,T20I,Germany,Greece,"Marina Ground, Corfu"
1483766,2025-05-12,T20I,Kuwait,Bhutan,"Terdthai Cricket Ground, Bangkok"
1483767,2025-05-12,T20I,Bahrain,Hong Kong,"Terdthai Cricket Ground, Bangkok"
1482826,2025-05-13,T20I,Cook Islands,Japan,Sano International Cricket Ground
1483770,2025-05-13,T20I,Nepal,Hong Kong,"Asian Institute of Technology Ground, Bangkok"
1482827,2025-05-14,T20I,Japan,Cook Islands,Sano International Cricket Ground
1477676,2025-05-15,T20I,Bulgaria,Estonia,Estonian National Cricket and Rugby Field
1483772,2025-05-15,T20I,Thailand,Bhutan,"Terdthai Cricket Ground, Bangkok"
1483773,2025-05-15,T20I,Bahrain,Nepal,"Terdthai Cricket Ground, Bangkok"
1483775,2025-05-16,T20I,Kuwait,Bhutan,"Terdthai Cricket Ground, Bangkok"
1483777,2025-05-16,T20I,Qatar,Malaysia,"Terdthai Cricket Ground, Bangkok"
1484051,2025-05-17,T20I,Bangladesh,United Arab Emirates,Sharjah Cricket Stadium
1486225,2025-05-17,T20I,Austria,Slovenia,"Velden Cricket Ground, Latschach"
1483778,2025-05-18,T20I,Thailand,United Arab Emirates,"Terdthai Cricket Ground, Bangkok"
1486227,2025-05-18,T20I,Slovenia,Austria,"Ballpark Ground, Graz"
1483779,2025-05-19,T20I,United Arab Emirates,Nepal,"Terdthai Cricket Ground, Bangkok"
1484052,2025-05-19,T20I,Bangladesh,United Arab Emirates,Sharjah Cricket Stadium
1485778,2025-05-20,T20I,Thailand,Nepal,"Terdthai Cricket Ground, Bangkok"
1448391,2025-05-21,T20I,West Indies,England,"St Lawrence Ground, Canterbury"
1486582,2025-05-21,T20I,Bangladesh,United Arab Emirates,Sharjah Cricket Stadium
1448392,2025-05-23,T20I,West Indies,England,"County Ground, Hove"
1486088,2025-05-25,T20I,Jersey,Italy,Roma Cricket Ground
1486089,2025-05-25,T20I,Sweden,Spain,"Simar Cricket Ground, Rome"
1486090,2025-05-25,T20I,Isle of Man,Italy,Roma Cricket Ground
1486091,2025-05-25,T20I,Germany,Spain,"Simar Cricket Ground, Rome"
1448393,2025-05-26,T20I,England,West Indies,"County Ground, Chelmsford"
1486092,2025-05-26,T20I,Germany,Jersey,Roma Cricket Ground
1486093,2025-05-26,T20I,Sweden,Isle of Man,"Simar Cricket Ground, Rome"
1486094,2025-05-26,T20I,Spain,Jersey,Roma Cricket Ground
1486095,2025-05-26,T20I,Sweden,Italy,"Simar Cricket Ground, Rome"
1483785,2025-05-28,T20I,Pakistan,Bangladesh,"Gaddafi Stadium, Lahore"
1483808,2025-05-28,T20I,Belgium,Switzerland,"Stars Arena Hofstade, Zemst"
1486096,2025-05-28,T20I,Italy,Germany,Roma Cricket Ground
1486097,2025-05-28,T20I,Isle of Man,Spain,"Simar Cricket Ground, Rome"
1486098,2025-05-28,T20I,Germany,Sweden,Roma Cricket Ground
1486099,2025-05-28,T20I,Jersey,Isle of Man,"Simar Cricket Ground, Rome"
1483810,2025-05-29,T20I,Belgium,Switzerland,"Stars Arena Hofstade, Zemst"
1486100,2025-05-29,T20I,Italy,Spain,Roma Cricket Ground
1486101,2025-05-29,T20I,Sweden,Jersey,"Simar Cricket Ground, Rome"
1486102,2025-05-29,T20I,Isle of Man,Germany,Roma Cricket Ground
1483786,2025-05-30,T20I,Pakistan,Bangladesh,"Gaddafi Stadium, Lahore"
1483788,2025-05-30,T20I,Austria,Switzerland,"Velden Cricket Ground, Latschach"
1485343,2025-05-30,T20I,Belgium,Portugal,"Stars Arena Hofstade, Zemst"
1485345,2025-05-30,T20I,Malta,Portugal,"Stars Arena Hofstade, Zemst"
1485346,2025-05-30,T20I,Malta,Belgium,"Stars Arena Hofstade, Zemst"
1483789,2025-05-31,T20I,Austria,Switzerland,"Velden Cricket Ground, Latschach"
1485344,2025-05-31,T20I,Belgium,Portugal,"Stars Arena Hofstade, Zemst"
1485347,2025-05-31,T20I,Malta,Portugal,"Stars Arena Hofstade, Zemst"
1485348,2025-05-31,T20I,Belgium,Malta,"Stars Arena Hofstade, Zemst"
1483787,2025-06-01,T20I,Bangladesh,Pakistan,"Gaddafi Stadium, Lahore"
1486224,2025-06-01,T20I,Belgium,Portugal,"Stars Arena Hofstade, Zemst"
1486785,2025-06-01,T20I,Austria,Switzerland,"Velden Cricket Ground, Latschach"
1487693,2025-06-03,T20I,Rwanda,Cameroon,"Gahanga International Cricket Stadium, Rwanda"
1487695,2025-06-03,T20I,Tanzania,Sierra Leone,"Gahanga International Cricket Stadium, Rwanda"
1487696,2025-06-03,T20I,Malawi,Brazil,"Gahanga B Ground, Rwanda"
1485406,2025-06-04,T20I,Hong Kong,Japan,Sano International Cricket Ground
1485407,2025-06-04,T20I,Philippines,China,Sano International Cricket Ground
1487697,2025-06-04,T20I,Rwanda,Sierra Leone,"Gahanga International Cricket Stadium, Rwanda"
1487698,2025-06-04,T20I,Cameroon,Uganda,"Gahanga B Ground, Rwanda"
1487699,2025-06-04,T20I,Nigeria,Brazil,"Gahanga International Cricket Stadium, Rwanda"
1487700,2025-06-04,T20I,Tanzania,Malawi,"Gahanga B Ground, Rwanda"
1485409,2025-06-05,T20I,Mongolia,China,Sano International Cricket Ground
1487702,2025-06-05,T20I,Cameroon,Sierra Leone,"Gahanga B Ground, Rwanda"
1487703,2025-06-05,T20I,Rwanda,Malawi,"Gahanga International Cricket Stadium, Rwanda"
1487704,2025-06-05,T20I,Tanzania,Nigeria,"Gahanga B Ground, Rwanda"
1448346,2025-06-06,T20I,England,West Indies,"Riverside Ground, Chester-le-Street"
1485410,2025-06-06,T20I,Japan,China,Sano International Cricket Ground
1485411,2025-06-06,T20I,Philippines,Mongolia,Sano International Cricket Ground
1487706,2025-06-06,T20I,Sierra Leone,Uganda,"Gahanga B Ground, Rwanda"
1487707,2025-06-06,T20I,Cameroon,Malawi,"Gahanga International Cricket Stadium, Rwanda"
1487708,2025-06-06,T20I,Rwanda,Nigeria,"Gahanga B Ground, Rwanda"
1487813,2025-06-06,T20I,Jersey,Guernsey,"Grainville, St Saviour"
1485412,2025-06-07,T20I,Japan,Philippines,Sano International Cricket Ground
1485413,2025-06-07,T20I,Mongolia,Hong Kong,Sano International Cricket Ground
1486790,2025-06-07,T20I,Slovenia,Serbia,Lisicji Jarak Cricket Ground
1487709,2025-06-07,T20I,Brazil,Uganda,"Gahanga International Cricket Stadium, Rwanda"
1487710,2025-06-07,T20I,Malawi,Sierra Leone,"Gahanga B Ground, Rwanda"
1487712,2025-06-07,T20I,Nigeria,Cameroon,"Gahanga B Ground, Rwanda"
1487814,2025-06-07,T20I,Guernsey,Jersey,"Grainville, St Saviour"
1448347,2025-06-08,T20I,West Indies,England,"County Ground, Bristol"
1483731,2025-06-08,T20I,Czech Republic,Austria,"Scott Page Field, Vinor"
1483732,2025-06-08,T20I,Norway,Czech Republic,"Scott Page Field, Vinor"
1485414,2025-06-08,T20I,Philippines,China,Sano International Cricket Ground
1485415,2025-06-08,T20I,Japan,Hong Kong,Sano International Cricket Ground
1486791,2025-06-08,T20I,Serbia,Slovenia,Lisicji Jarak Cricket Ground
1487713,2025-06-08,T20I,Uganda,Malawi,"Gahanga International Cricket Stadium, Rwanda"
1487714,2025-06-08,T20I,Brazil,Tanzania,"Gahanga B Ground, Rwanda"
1487715,2025-06-08,T20I,Nigeria,Sierra Leone,"Gahanga International Cricket Stadium, Rwanda"
1489041,2025-06-08,T20I,Mongolia,Philippines,Sano International Cricket Ground 2
1483733,2025-06-09,T20I,Norway,Austria,"Scott Page Field, Vinor"
1483734,2025-06-09,T20I,Austria,Czech Republic,"Scott Page Field, Vinor"
1487652,2025-06-09,T20I,Netherlands,United States of America,"Sportpark Maarschalkerweerd, Utrecht"
1448348,2025-06-10,T20I,England,West Indies,"The Rose Bowl, Southampton"
1483735,2025-06-10,T20I,Norway,Czech Republic,"Scott Page Field, Vinor"
1483736,2025-06-10,T20I,Norway,Austria,"Scott Page Field, Vinor"
1487717,2025-06-10,T20I,Uganda,Tanzania,"Gahanga International Cricket Stadium, Rwanda"
1487720,2025-06-10,T20I,Rwanda,Brazil,"Gahanga B Ground, Rwanda"
1487653,2025-06-11,T20I,Netherlands,United States of America,"Sportpark Maarschalkerweerd, Utrecht"
1487721,2025-06-11,T20I,Nigeria,Uganda,"Gahanga International Cricket Stadium, Rwanda"
1487722,2025-06-11,T20I,Rwanda,Tanzania,"Gahanga B Ground, Rwanda"
1487723,2025-06-11,T20I,Brazil,Cameroon,"Gahanga International Cricket Stadium, Rwanda"
1488319,2025-06-11,T20I,Indonesia,Cambodia,Udayana Cricket Ground
1487654,2025-06-12,T20I,Netherlands,United States of America,"Sportpark Maarschalkerweerd, Utrecht"
1487658,2025-06-12,T20I,Austria,Gibraltar,"Scott Page Field, Vinor"
1487725,2025-06-12,T20I,Tanzania,Cameroon,"Gahanga International Cricket Stadium, Rwanda"
1487726,2025-06-12,T20I,Uganda,Rwanda,"Gahanga B Ground, Rwanda"
1487728,2025-06-12,T20I,Sierra Leone,Brazil,"Gahanga B Ground, Rwanda"
1488320,2025-06-12,T20I,Indonesia,Cambodia,Udayana Cricket Ground
1489581,2025-06-12,T20I,Canada,Bahamas,"Maple Leaf North-East Ground, King City"
1489582,2025-06-12,T20I,Bermuda,Cayman Islands,"Maple Leaf North-East Ground, King City"
1487655,2025-06-13,T20I,Netherlands,United States of America,"Sportpark Maarschalkerweerd, Utrecht"
1487660,2025-06-13,T20I,Gibraltar,Czech Republic,"Scott Page Field, Vinor"
1487661,2025-06-13,T20I,Czech Republic,Austria,"Scott Page Field, Vinor"
1487729,2025-06-13,T20I,Tanzania,Rwanda,"Gahanga International Cricket Stadium, Rwanda"
1488338,2025-06-13,T20I,Denmark,Finland,"Ishoj Cricket Club, Vejledalen"
1489584,2025-06-13,T20I,Bermuda,Bahamas,"Maple Leaf North-East Ground, King City"
1489585,2025-06-13,T20I,Canada,Cayman Islands,"Maple Leaf North-East Ground, King City"
1487731,2025-06-14,T20I,Uganda,Rwanda,"Gahanga B Ground, Rwanda"
1488322,2025-06-14,T20I,Cambodia,Indonesia,Udayana Cricket Ground
1488339,2025-06-14,T20I,Finland,Norway,"Ishoj Cricket Club, Vejledalen"
1488340,2025-06-14,T20I,Denmark,Sweden,Koge Cricket Club
1488341,2025-06-14,T20I,Denmark,Norway,Koge Cricket Club
1488342,2025-06-14,T20I,Sweden,Finland,"Ishoj Cricket Club, Vejledalen"
1472516,2025-06-15,T20I,West Indies,Ireland,"Bready Cricket Club, Magheramason, Bready"
1485938,2025-06-15,T20I,Scotland,Netherlands,"Titwood, Glasgow"
1488324,2025-06-15,T20I,Indonesia,Cambodia,Udayana Cricket Ground
1488326,2025-06-15,T20I,Canada,Bermuda,"Maple Leaf North-West Ground, King City"
1488327,2025-06-15,T20I,Cayman Islands,Bahamas,"Maple Leaf North-West Ground, King City"
1488343,2025-06-15,T20I,Sweden,Norway,"Ishoj Cricket Club, Vejledalen"
1488344,2025-06-15,T20I,Finland,Norway,"Ishoj Cricket Club, Vejledalen"
1489042,2025-06-15,T20I,Vanuatu,Samoa,"Amini Park, Port Moresby"
1485939,2025-06-16,T20I,Netherlands,Nepal,"Titwood, Glasgow"
1488328,2025-06-16,T20I,Canada,Cayman Islands,"Maple Leaf North-West Ground, King City"
1488329,2025-06-16,T20I,Bahamas,Bermuda,"Maple Leaf North-West Ground, King City"
1489043,2025-06-16,T20I,Papua New Guinea,Vanuatu,"Amini Park, Port Moresby"
1490239,2025-06-16,T20I,Cambodia,Indonesia,Udayana Cricket Ground
1485940,2025-06-17,T20I,Scotland,Nepal,"Titwood, Glasgow"
1489044,2025-06-17,T20I,Samoa,Papua New Guinea,"Amini Park, Port Moresby"
1485942,2025-06-18,T20I,Netherlands,Scotland,"Titwood, Glasgow"
1488330,2025-06-18,T20I,Cayman Islands,Bermuda,"Maple Leaf North-West Ground, King City"
1488331,2025-06-18,T20I,Bahamas,Canada,"Maple Leaf North-West Ground, King City"
1485941,2025-06-19,T20I,Netherlands,Nepal,"Titwood, Glasgow"
1488332,2025-06-19,T20I,Bermuda,Bahamas,"Maple Leaf North-West Ground, King City"
1488333,2025-06-19,T20I,Canada,Cayman Islands,"Maple Leaf North-West Ground, King City"
1489045,2025-06-19,T20I,Vanuatu,Samoa,"Amini Park, Port Moresby"
1472537,2025-06-20,T20I,South Africa,West Indies,"Three Ws Oval, Cave Hill, Barbados"
1485943,2025-06-20,T20I,Scotland,Nepal,"Titwood, Glasgow"
1489046,2025-06-20,T20I,Papua New Guinea,Vanuatu,"Amini Park, Port Moresby"
1486786,2025-06-21,T20I,Hungary,Slovenia,"GB Oval, Szodliget"
1487631,2025-06-21,T20I,Switzerland,Luxembourg,Pierre Werner Cricket Ground
1488334,2025-06-21,T20I,Bahamas,Canada,"Maple Leaf North-West Ground, King City"
1488335,2025-06-21,T20I,Bermuda,Cayman Islands,"Maple Leaf North-West Ground, King City"
1489047,2025-06-21,T20I,Papua New Guinea,Samoa,"Amini Park, Port Moresby"
1472538,2025-06-22,T20I,South Africa,West Indies,"Three Ws Oval, Cave Hill, Barbados"
1486788,2025-06-22,T20I,Slovenia,Hungary,"GB Oval, Szodliget"
1487633,2025-06-22,T20I,Switzerland,Luxembourg,Pierre Werner Cricket Ground
1488336,2025-06-22,T20I,Cayman Islands,Bahamas,"Maple Leaf North-West Ground, King City"
1472539,2025-06-23,T20I,South Africa,West Indies,"Three Ws Oval, Cave Hill, Barbados"
1490882,2025-06-26,T20I,France,Malta,"Moara Vlasiei Cricket Ground, Ilfov County"
1490884,2025-06-26,T20I,Belgium,Malta,"Moara Vlasiei Cricket Ground, Ilfov County"
1490885,2025-06-27,T20I,Hungary,Austria,"Moara Vlasiei Cricket Ground, Ilfov County"
1490886,2025-06-27,T20I,Belgium,France,"Moara Vlasiei Cricket Ground, Ilfov County"
1490887,2025-06-27,T20I,Hungary,Romania,"Moara Vlasiei Cricket Ground, Ilfov County"
1448397,2025-06-28,T20I,India,England,"Trent Bridge, Nottingham"
1490888,2025-06-28,T20I,Belgium,Austria,"Moara Vlasiei Cricket Ground, Ilfov County"
1490889,2025-06-28,T20I,Malta,Romania,"Moara Vlasiei Cricket Ground, Ilfov County"
1490890,2025-06-29,T20I,Hungary,France,"Moara Vlasiei Cricket Ground, Ilfov County"
1448398,2025-07-01,T20I,India,England,"County Ground, Bristol"
1490225,2025-07-02,T20I,Singapore,Indonesia,Singapore National Cricket Ground
1490226,2025-07-03,T20I,Singapore,Indonesia,Singapore National Cricket Ground
1448399,2025-07-04,T20I,England,India,"Kennington Oval, London"
1490227,2025-07-05,T20I,Indonesia,Singapore,Singapore National Cricket Ground
1490471,2025-07-05,T20I,Jersey,Netherlands,"Sportpark Westvliet, Voorburg"
1490472,2025-07-05,T20I,Guernsey,Italy,"Sportpark Westvliet, Voorburg"
1492880,2025-07-05,T20I,Malawi,Germany,"TCA Oval, Blantyre"
1490870,2025-07-06,T20I,Philippines,Indonesia,Udayana Cricket Ground
1492881,2025-07-06,T20I,Bahrain,Germany,"TCA Oval, Blantyre"
1490854,2025-07-07,T20I,Turkey,Greece,"Vassil Levski National Sports Academy, Sofia"
1490855,2025-07-07,T20I,Bulgaria,Serbia,"Vassil Levski National Sports Academy, Sofia"
1490856,2025-07-07,T20I,Turkey,Serbia,"Vassil Levski National Sports Academy, Sofia"
1490871,2025-07-07,T20I,South Korea,Philippines,Udayana Cricket Ground
1490872,2025-07-07,T20I,Indonesia,Philippines,Udayana Cricket Ground
1492883,2025-07-07,T20I,Tanzania,Germany,"TCA Oval, Blantyre"
1492884,2025-07-07,T20I,Malawi,Bahrain,"TCA Oval, Blantyre"
1490475,2025-07-08,T20I,Jersey,Guernsey,"Sportpark Westvliet, Voorburg"
1490476,2025-07-08,T20I,Scotland,Netherlands,"Sportpark Westvliet, Voorburg"
1490857,2025-07-08,T20I,Greece,Bulgaria,"Vassil Levski National Sports Academy, Sofia"
1490858,2025-07-08,T20I,Serbia,Greece,"Vassil Levski National Sports Academy, Sofia"
1490859,2025-07-08,T20I,Turkey,Bulgaria,"Vassil Levski National Sports Academy, Sofia"
1490873,2025-07-08,T20I,Indonesia,South Korea,Udayana Cricket Ground
1492879,2025-07-08,T20I,Bahrain,Tanzania,"TCA Oval, Blantyre"
1448400,2025-07-09,T20I,England,India,"Old Trafford, Manchester"
1490477,2025-07-09,T20I,Italy,Scotland,"Sportpark Westvliet, Voorburg"
1490478,2025-07-09,T20I,Netherlands,Guernsey,"Sportpark Westvliet, Voorburg"
1490860,2025-07-09,T20I,Bulgaria,Serbia,"Vassil Levski National Sports Academy, Sofia"
1490861,2025-07-09,T20I,Turkey,Greece,"Vassil Levski National Sports Academy, Sofia"
1490874,2025-07-09,T20I,South Korea,Philippines,Udayana Cricket Ground
1490875,2025-07-09,T20I,South Korea,Indonesia,Udayana Cricket Ground
1485508,2025-07-10,T20I,Bangladesh,Sri Lanka,Pallekele International Cricket Stadium
1490876,2025-07-10,T20I,Indonesia,Philippines,Udayana Cricket Ground
1490877,2025-07-10,T20I,Philippines,South Korea,Udayana Cricket Ground
1491604,2025-07-10,T20I,Bulgaria,Gibraltar,"Vassil Levski National Sports Academy, Sofia"
1491605,2025-07-10,T20I,Turkey,Bulgaria,"Vassil Levski National Sports Academy, Sofia"
1492887,2025-07-10,T20I,Tanzania,Bahrain,"TCA Oval, Blantyre"
1492888,2025-07-10,T20I,Malawi,Germany,"TCA Oval, Blantyre"
1490479,2025-07-11,T20I,Scotland,Jersey,"Sportpark Westvliet, Voorburg"
1490480,2025-07-11,T20I,Italy,Netherlands,"Sportpark Westvliet, Voorburg"
1491606,2025-07-11,T20I,Turkey,Gibraltar,"Vassil Levski National Sports Academy, Sofia"
1491607,2025-07-11,T20I,Gibraltar,Bulgaria,"Vassil Levski National Sports Academy, Sofia"
1448401,2025-07-12,T20I,India,England,"Edgbaston, Birmingham"
1490878,2025-07-12,T20I,Indonesia,South Korea,Udayana Cricket Ground
1490879,2025-07-12,T20I,Philippines,South Korea,Udayana Cricket Ground
1491608,2025-07-12,T20I,Turkey,Bulgaria,"Vassil Levski National Sports Academy, Sofia"
1491609,2025-07-12,T20I,Turkey,Gibraltar,"Vassil Levski National Sports Academy, Sofia"
1492889,2025-07-12,T20I,Malawi,Bahrain,"TCA Oval, Blantyre"
1492890,2025-07-12,T20I,Germany,Tanzania,"TCA Oval, Blantyre"
1485509,2025-07-13,T20I,Bangladesh,Sri Lanka,Rangiri Dambulla International Stadium
1490880,2025-07-13,T20I,Indonesia,Philippines,Udayana Cricket Ground
1490881,2025-07-13,T20I,South Korea,Indonesia,Udayana Cricket Ground
1491610,2025-07-13,T20I,Gibraltar,Bulgaria,"Vassil Levski National Sports Academy, Sofia"
1492891,2025-07-13,T20I,Germany,Malawi,"TCA Oval, Blantyre"
1492892,2025-07-13,T20I,Bahrain,Tanzania,"TCA Oval, Blantyre"
1478865,2025-07-14,T20I,Zimbabwe,South Africa,Harare Sports Club
1478866,2025-07-16,T20I,New Zealand,South Africa,Harare Sports Club
1485510,2025-07-16,T20I,Sri Lanka,Bangladesh,"R Premadasa Stadium, Colombo"
1494115,2025-07-17,T20I,Kenya,Nigeria,Entebbe Cricket Oval
1478867,2025-07-18,T20I,Zimbabwe,New Zealand,Harare Sports Club
1494090,2025-07-18,T20I,Hong Kong,Malaysia,Singapore National Cricket Ground
1494091,2025-07-18,T20I,Singapore,Samoa,Singapore National Cricket Ground
1494116,2025-07-18,T20I,Uganda,Nigeria,Entebbe Cricket Oval
1495453,2025-07-18,T20I,Rwanda,Bahrain,"Gahanga International Cricket Stadium, Rwanda"
1494092,2025-07-19,T20I,Singapore,Malaysia,Singapore National Cricket Ground
1494093,2025-07-19,T20I,Hong Kong,Samoa,Singapore National Cricket Ground
1494108,2025-07-19,T20I,Uganda,United Arab Emirates,Entebbe Cricket Oval
1494577,2025-07-19,T20I,Estonia,Finland,Kerava National Cricket Ground
1494578,2025-07-19,T20I,Finland,Switzerland,Kerava National Cricket Ground
1494579,2025-07-19,T20I,Switzerland,Estonia,Kerava National Cricket Ground
1494766,2025-07-19,T20I,Qatar,Saudi Arabia,"West End Park International Cricket Stadium, Doha"
1495454,2025-07-19,T20I,Malawi,Bahrain,"Gahanga International Cricket Stadium, Rwanda"
1495455,2025-07-19,T20I,Malawi,Rwanda,"Gahanga International Cricket Stadium, Rwanda"
1472520,2025-07-20,T20I,West Indies,Australia,"Sabina Park, Kingston, Jamaica"
1476987,2025-07-20,T20I,Zimbabwe,Ireland,"Pembroke Cricket Club, Sandymount, Dublin"
1478868,2025-07-20,T20I,Zimbabwe,South Africa,Harare Sports Club
1491903,2025-07-20,T20I,Pakistan,Bangladesh,"Shere Bangla National Stadium, Mirpur"
1494094,2025-07-20,T20I,Hong Kong,Singapore,Singapore National Cricket Ground
1494095,2025-07-20,T20I,Samoa,Malaysia,Singapore National Cricket Ground
1494124,2025-07-20,T20I,Lesotho,Rwanda,"Botswana Cricket Association Oval 1, Gaborone"
1494125,2025-07-20,T20I,Botswana,Eswatini,"Botswana Cricket Association Oval 2, Gaborone"
1494126,2025-07-20,T20I,Malawi,Cameroon,"Botswana Cricket Association Oval 1, Gaborone"
1494127,2025-07-20,T20I,Sierra Leone,Mozambique,"Botswana Cricket Association Oval 2, Gaborone"
1494580,2025-07-20,T20I,Estonia,Finland,Kerava National Cricket Ground
1494581,2025-07-20,T20I,Finland,Switzerland,Kerava National Cricket Ground
1495456,2025-07-20,T20I,Malawi,Bahrain,"Gahanga International Cricket Stadium, Rwanda"
1495457,2025-07-20,T20I,Rwanda,Bahrain,"Gahanga International Cricket Stadium, Rwanda"
1494103,2025-07-21,T20I,Uganda,Kenya,Entebbe Cricket Oval
1494118,2025-07-21,T20I,Nigeria,United Arab Emirates,Entebbe Cricket Oval
1494128,2025-07-21,T20I,Mozambique,Botswana,"Botswana Cricket Association Oval 1, Gaborone"
1494129,2025-07-21,T20I,Rwanda,Malawi,"Botswana Cricket Association Oval 2, Gaborone"
1494130,2025-07-21,T20I,Sierra Leone,Eswatini,"Botswana Cricket Association Oval 1, Gaborone"
1494131,2025-07-21,T20I,Cameroon,Lesotho,"Botswana Cricket Association Oval 2, Gaborone"
1494767,2025-07-21,T20I,Saudi Arabia,Qatar,"West End Park International Cricket Stadium, Doha"
1472521,2025-07-22,T20I,West Indies,Australia,"Sabina Park, Kingston, Jamaica"
1476988,2025-07-22,T20I,Ireland,Zimbabwe,"Pembroke Cricket Club, Sandymount, Dublin"
1478869,2025-07-22,T20I,South Africa,New Zealand,Harare Sports Club
1491904,2025-07-22,T20I,Bangladesh,Pakistan,"Shere Bangla National Stadium, Mirpur"
1494096,2025-07-22,T20I,Hong Kong,Malaysia,Singapore National Cricket Ground
1494097,2025-07-22,T20I,Samoa,Singapore,Singapore National Cricket Ground
1494583,2025-07-22,T20I,Uganda,Nigeria,Entebbe Cricket Oval
1494768,2025-07-22,T20I,Qatar,Saudi Arabia,"West End Park International Cricket Stadium, Doha"
1495458,2025-07-22,T20I,Malawi,Rwanda,"Gahanga International Cricket Stadium, Rwanda"
1495459,2025-07-22,T20I,Bahrain,Rwanda,"Gahanga International Cricket Stadium, Rwanda"
1476989,2025-07-23,T20I,Ireland,Zimbabwe,"Pembroke Cricket Club, Sandymount, Dublin"
1494098,2025-07-23,T20I,Samoa,Hong Kong,Singapore National Cricket Ground
1494099,2025-07-23,T20I,Malaysia,Singapore,Singapore National Cricket Ground
1494110,2025-07-23,T20I,Kenya,United Arab Emirates,Entebbe Cricket Oval
1494132,2025-07-23,T20I,Malawi,Lesotho,"Botswana Cricket Association Oval 1, Gaborone"
1494133,2025-07-23,T20I,Mozambique,Eswatini,"Botswana Cricket Association Oval 2, Gaborone"
1494134,2025-07-23,T20I,Botswana,Sierra Leone,"Botswana Cricket Association Oval 1, Gaborone"
1494135,2025-07-23,T20I,Cameroon,Rwanda,"Botswana Cricket Association Oval 2, Gaborone"
1494769,2025-07-23,T20I,Saudi Arabia,Qatar,"West End Park International Cricket Stadium, Doha"
1495460,2025-07-23,T20I,Rwanda,Malawi,"Gahanga International Cricket Stadium, Rwanda"
1495461,2025-07-23,T20I,Bahrain,Malawi,"Gahanga International Cricket Stadium, Rwanda"
1478870,2025-07-24,T20I,New Zealand,Zimbabwe,Harare Sports Club
1491905,2025-07-24,T20I,Pakistan,Bangladesh,"Shere Bangla National Stadium, Mirpur"
1494100,2025-07-24,T20I,Samoa,Malaysia,Singapore National Cricket Ground
1494101,2025-07-24,T20I,Hong Kong,Singapore,Singapore National Cricket Ground
1494136,2025-07-24,T20I,Cameroon,Eswatini,"Botswana Cricket Association Oval 2, Gaborone"
1494137,2025-07-24,T20I,Rwanda,Botswana,"Botswana Cricket Association Oval 1, Gaborone"
1494138,2025-07-24,T20I,Lesotho,Mozambique,"Botswana Cricket Association Oval 2, Gaborone"
1494139,2025-07-24,T20I,Malawi,Sierra Leone,"Botswana Cricket Association Oval 1, Gaborone"
1472522,2025-07-25,T20I,West Indies,Australia,"Warner Park, Basseterre, St Kitts"
1494114,2025-07-25,T20I,Kenya,Uganda,Entebbe Cricket Oval
1495462,2025-07-25,T20I,Bahrain,Rwanda,"Gahanga International Cricket Stadium, Rwanda"
1495463,2025-07-25,T20I,Malawi,Bahrain,"Gahanga International Cricket Stadium, Rwanda"
1495654,2025-07-25,T20I,Romania,Austria,"GB Oval, Szodliget"
1495655,2025-07-25,T20I,Hungary,Romania,"GB Oval, Szodliget"
1495656,2025-07-25,T20I,Hungary,Luxembourg,"GB Oval, Szodliget"
1472523,2025-07-26,T20I,West Indies,Australia,"Warner Park, Basseterre, St Kitts"
1478871,2025-07-26,T20I,New Zealand,South Africa,Harare Sports Club
1494102,2025-07-26,T20I,Hong Kong,Malaysia,Singapore National Cricket Ground
1494113,2025-07-26,T20I,United Arab Emirates,Nigeria,Entebbe Cricket Oval
1494140,2025-07-26,T20I,Botswana,Malawi,"Botswana Cricket Association Oval 1, Gaborone"
1494141,2025-07-26,T20I,Lesotho,Eswatini,"Botswana Cricket Association Oval 2, Gaborone"
1494142,2025-07-26,T20I,Mozambique,Cameroon,"Botswana Cricket Association Oval 2, Gaborone"
1494143,2025-07-26,T20I,Rwanda,Sierra Leone,"Botswana Cricket Association Oval 1, Gaborone"
1494771,2025-07-26,T20I,Finland,Estonia,Estonian National Cricket and Rugby Field
1495464,2025-07-26,T20I,Rwanda,Malawi,"Gahanga International Cricket Stadium, Rwanda"
1495657,2025-07-26,T20I,Romania,Luxembourg,"GB Oval, Szodliget"
1495658,2025-07-26,T20I,Hungary,Austria,"GB Oval, Szodliget"
1495659,2025-07-26,T20I,Austria,Luxembourg,"GB Oval, Szodliget"
1494111,2025-07-27,T20I,Uganda,United Arab Emirates,Entebbe Cricket Oval
1494584,2025-07-27,T20I,Nigeria,Kenya,Entebbe Cricket Oval
1494772,2025-07-27,T20I,Estonia,Finland,Estonian National Cricket and Rugby Field
1495465,2025-07-27,T20I,Bahrain,Malawi,"Gahanga International Cricket Stadium, Rwanda"
1495660,2025-07-27,T20I,Hungary,Luxembourg,"GB Oval, Szodliget"
1495661,2025-07-27,T20I,Austria,Romania,"GB Oval, Szodliget"
1472524,2025-07-28,T20I,West Indies,Australia,"Warner Park, Basseterre, St Kitts"
1472525,2025-07-31,T20I,Pakistan,West Indies,"Central Broward Regional Park Stadium Turf Ground, Lauderhill"
1472526,2025-08-02,T20I,Pakistan,West Indies,"Central Broward Regional Park Stadium Turf Ground, Lauderhill"
1494773,2025-08-02,T20I,Switzerland,Estonia,Estonian National Cricket and Rugby Field
1472527,2025-08-03,T20I,Pakistan,West Indies,"Central Broward Regional Park Stadium Turf Ground, Lauderhill"
1494774,2025-08-03,T20I,Switzerland,Estonia,Estonian National Cricket and Rugby Field
1476992,2025-08-06,T20I,Ireland,Pakistan,"Clontarf Cricket Club Ground, Dublin"
1496828,2025-08-07,T20I,Cyprus,Croatia,"Mladost Cricket Ground, Zagreb"
1476993,2025-08-08,T20I,Pakistan,Ireland,"Clontarf Cricket Club Ground, Dublin"
1496821,2025-08-08,T20I,Sweden,Austria,"Botkyrka Cricket Center, Stockholm"
1496822,2025-08-08,T20I,Norway,France,"Botkyrka Cricket Center, Stockholm"
1496830,2025-08-08,T20I,Croatia,Cyprus,"Mladost Cricket Ground, Zagreb"
1496823,2025-08-09,T20I,Norway,Sweden,"Botkyrka Cricket Center, Stockholm"
1496824,2025-08-09,T20I,France,Austria,"Botkyrka Cricket Center, Stockholm"
1476994,2025-08-10,T20I,Ireland,Pakistan,"Clontarf Cricket Club Ground, Dublin"
1478898,2025-08-10,T20I,Australia,South Africa,"Marrara Stadium, Darwin"
1496825,2025-08-10,T20I,Sweden,France,"Botkyrka Cricket Center, Stockholm"
1496826,2025-08-10,T20I,Norway,Austria,"Botkyrka Cricket Center, Stockholm"
1478899,2025-08-12,T20I,South Africa,Australia,"Marrara Stadium, Darwin"
1498203,2025-08-13,T20I,Singapore,Cambodia,Singapore National Cricket Ground
1498204,2025-08-14,T20I,Singapore,Cambodia,Singapore National Cricket Ground
1498689,2025-08-14,T20I,Guernsey,Papua New Guinea,"King George V Sports Ground, Castel"
1478900,2025-08-16,T20I,South Africa,Australia,"Cazaly's Stadium, Cairns"
1498205,2025-08-16,T20I,Singapore,Cambodia,Singapore National Cricket Ground
1496827,2025-08-17,T20I,Sweden,Norway,"Stubberudmyra Cricket Ground, Oslo"
1498191,2025-08-17,T20I,Sweden,Hungary,"Stubberudmyra Cricket Ground, Oslo"
1498192,2025-08-17,T20I,Norway,Hungary,"Stubberudmyra Cricket Ground, Oslo"
1498206,2025-08-20,T20I,Netherlands,Italy,"Hazelaarweg, Rotterdam"
1498207,2025-08-20,T20I,Germany,Ireland,"Hazelaarweg, Rotterdam"
1498208,2025-08-21,T20I,Netherlands,Ireland,"Hazelaarweg, Rotterdam"
1498209,2025-08-21,T20I,Germany,Italy,"Hazelaarweg, Rotterdam"
1499011,2025-08-21,T20I,Czech Republic,Romania,"Moara Vlasiei Cricket Ground, Ilfov County"
1499013,2025-08-22,T20I,Romania,Czech Republic,"Moara Vlasiei Cricket Ground, Ilfov County"
1498210,2025-08-23,T20I,Ireland,Italy,"Hazelaarweg, Rotterdam"
1498211,2025-08-23,T20I,Netherlands,Germany,"Hazelaarweg, Rotterdam"
1498696,2025-08-23,T20I,Belgium,Austria,"Velden Cricket Ground, Latschach"
1498212,2025-08-24,T20I,Ireland,Germany,"Hazelaarweg, Rotterdam"
1498213,2025-08-24,T20I,Italy,Netherlands,"Hazelaarweg, Rotterdam"
1498698,2025-08-24,T20I,Belgium,Austria,"Velden Cricket Ground, Latschach"
1498214,2025-08-26,T20I,Germany,Italy,"Hazelaarweg, Rotterdam"
1498215,2025-08-26,T20I,Netherlands,Ireland,"Hazelaarweg, Rotterdam"
1498216,2025-08-27,T20I,Netherlands,Germany,"Hazelaarweg, Rotterdam"
1498217,2025-08-27,T20I,Ireland,Italy,"Hazelaarweg, Rotterdam"
1499021,2025-08-29,T20I,Finland,Germany,"Ishoj Cricket Club, Vejledalen"
1499022,2025-08-29,T20I,Sweden,Norway,Albertslund Cricket Club
1497874,2025-08-30,T20I,Pakistan,United Arab Emirates,Sharjah Cricket Stadium
1498662,2025-08-30,T20I,Netherlands,Bangladesh,Sylhet International Cricket Stadium
1498690,2025-08-30,T20I,Guernsey,Switzerland,"King George V Sports Ground, Castel"
1499023,2025-08-30,T20I,Finland,Norway,"Ishoj Cricket Club, Vejledalen"
1499024,2025-08-30,T20I,Sweden,Denmark,Albertslund Cricket Club
1499025,2025-08-30,T20I,Finland,Denmark,Albertslund Cricket Club
1499026,2025-08-30,T20I,Germany,Norway,"Ishoj Cricket Club, Vejledalen"
1498707,2025-08-31,T20I,Nigeria,Sierra Leone,"Namibia Cricket Ground, Windhoek"
1498708,2025-08-31,T20I,Kenya,Rwanda,"High Performance Oval, Windhoek"
1498709,2025-08-31,T20I,Zimbabwe,Namibia,"Namibia Cricket Ground, Windhoek"
1498710,2025-08-31,T20I,Tanzania,Uganda,"High Performance Oval, Windhoek"
1499027,2025-08-31,T20I,Norway,Denmark,Albertslund Cricket Club
1499028,2025-08-31,T20I,Germany,Sweden,"Ishoj Cricket Club, Vejledalen"
1499029,2025-08-31,T20I,Germany,Denmark,"Ishoj Cricket Club, Vejledalen"
1499030,2025-08-31,T20I,Sweden,Finland,Albertslund Cricket Club
1500635,2025-08-31,T20I,Isle of Man,Brazil,"New Farnley CC, Leeds"
1498663,2025-09-01,T20I,Netherlands,Bangladesh,Sylhet International Cricket Stadium
1498711,2025-09-01,T20I,Sierra Leone,Zimbabwe,"Namibia Cricket Ground, Windhoek"
1498712,2025-09-01,T20I,Tanzania,Kenya,"High Performance Oval, Windhoek"
1498713,2025-09-01,T20I,Nigeria,Namibia,"Namibia Cricket Ground, Windhoek"
1498714,2025-09-01,T20I,Rwanda,Uganda,"High Performance Oval, Windhoek"
1500636,2025-09-01,T20I,Brazil,Isle of Man,"New Farnley CC, Leeds"
1500638,2025-09-02,T20I,Jersey,Isle of Man,"New Farnley CC, Leeds"
1492823,2025-09-03,T20I,Zimbabwe,Sri Lanka,Harare Sports Club
1498664,2025-09-03,T20I,Bangladesh,Netherlands,Sylhet International Cricket Stadium
1498715,2025-09-03,T20I,Tanzania,Rwanda,"Namibia Cricket Ground, Windhoek"
1498716,2025-09-03,T20I,Namibia,Sierra Leone,"High Performance Oval, Windhoek"
1498717,2025-09-03,T20I,Kenya,Uganda,"Namibia Cricket Ground, Windhoek"
1498718,2025-09-03,T20I,Nigeria,Zimbabwe,"High Performance Oval, Windhoek"
1497877,2025-09-04,T20I,Pakistan,United Arab Emirates,Sharjah Cricket Stadium
1498719,2025-09-04,T20I,Uganda,Zimbabwe,"Namibia Cricket Ground, Windhoek"
1498720,2025-09-04,T20I,Kenya,Nigeria,"High Performance Oval, Windhoek"
1498721,2025-09-04,T20I,Tanzania,Namibia,"Namibia Cricket Ground, Windhoek"
1498722,2025-09-04,T20I,Rwanda,Sierra Leone,"High Performance Oval, Windhoek"
1499779,2025-09-05,T20I,Japan,Fiji,"Albert Park 1, Suva"
1492824,2025-09-06,T20I,Sri Lanka,Zimbabwe,Harare Sports Club
1498723,2025-09-06,T20I,Tanzania,Uganda,"Namibia Cricket Ground, Windhoek"
1498724,2025-09-06,T20I,Nigeria,Sierra Leone,"High Performance Oval, Windhoek"
1498725,2025-09-06,T20I,Rwanda,Kenya,"High Performance Oval, Windhoek"
1498726,2025-09-06,T20I,Namibia,Zimbabwe,"Namibia Cricket Ground, Windhoek"
1499780,2025-09-06,T20I,Japan,Fiji,"Albert Park 1, Suva"
1499781,2025-09-06,T20I,Czech Republic,Estonia,Estonian National Cricket and Rugby Field
1492825,2025-09-07,T20I,Zimbabwe,Sri Lanka,Harare Sports Club
1499783,2025-09-07,T20I,Czech Republic,Estonia,Estonian National Cricket and Rugby Field
1499784,2025-09-09,T20I,Cook Islands,Fiji,"Albert Park 1, Suva"
1499785,2025-09-09,T20I,Papua New Guinea,Japan,"Albert Park 2, Suva"
1499786,2025-09-09,T20I,Vanuatu,Indonesia,"Albert Park 1, Suva"
1499787,2025-09-09,T20I,Philippines,Samoa,"Albert Park 2, Suva"
1448357,2025-09-10,T20I,South Africa,England,"Sophia Gardens, Cardiff"
1496921,2025-09-10,T20I,United Arab Emirates,India,Dubai International Cricket Stadium
1499788,2025-09-10,T20I,Japan,Samoa,"Albert Park 1, Suva"
1499789,2025-09-10,T20I,Indonesia,Fiji,"Albert Park 2, Suva"
1499790,2025-09-10,T20I,Papua New Guinea,Philippines,"Albert Park 1, Suva"
1499791,2025-09-10,T20I,Cook Islands,Vanuatu,"Albert Park 2, Suva"
1496922,2025-09-11,T20I,Hong Kong,Bangladesh,"Zayed Cricket Stadium, Abu Dhabi"
1448358,2025-09-12,T20I,England,South Africa,"Old Trafford, Manchester"
1496923,2025-09-12,T20I,Pakistan,Oman,Dubai International Cricket Stadium
1499792,2025-09-12,T20I,Indonesia,Cook Islands,"Albert Park 1, Suva"
1499794,2025-09-12,T20I,Vanuatu,Fiji,"Albert Park 1, Suva"
1499795,2025-09-12,T20I,Samoa,Papua New Guinea,"Albert Park 2, Suva"
1500864,2025-09-12,T20I,Switzerland,Luxembourg,Pierre Werner Cricket Ground
1501502,2025-09-12,T20I,Eswatini,Mozambique,Malkerns Country Club oval
1496924,2025-09-13,T20I,Bangladesh,Sri Lanka,"Zayed Cricket Stadium, Abu Dhabi"
1499796,2025-09-13,T20I,Samoa,Cook Islands,"Albert Park 1, Suva"
1499797,2025-09-13,T20I,Philippines,Fiji,"Albert Park 2, Suva"
1499798,2025-09-13,T20I,Indonesia,Papua New Guinea,"Albert Park 1, Suva"
1499799,2025-09-13,T20I,Vanuatu,Japan,"Albert Park 2, Suva"
1500866,2025-09-13,T20I,Austria,Switzerland,Pierre Werner Cricket Ground
1501504,2025-09-13,T20I,Eswatini,Mozambique,Malkerns Country Club oval
1496925,2025-09-14,T20I,Pakistan,India,Dubai International Cricket Stadium
1500867,2025-09-14,T20I,Austria,Luxembourg,Pierre Werner Cricket Ground
1500868,2025-09-14,T20I,Luxembourg,Switzerland,Pierre Werner Cricket Ground
1501506,2025-09-14,T20I,Eswatini,Mozambique,Malkerns Country Club oval
1496926,2025-09-15,T20I,United Arab Emirates,Oman,"Zayed Cricket Stadium, Abu Dhabi"
1496927,2025-09-15,T20I,Hong Kong,Sri Lanka,Dubai International Cricket Stadium
1499800,2025-09-15,T20I,Samoa,Fiji,"Albert Park 1, Suva"
1499801,2025-09-15,T20I,Cook Islands,Philippines,"Albert Park 2, Suva"
1499802,2025-09-15,T20I,Japan,Indonesia,"Albert Park 2, Suva"
1499803,2025-09-15,T20I,Vanuatu,Papua New Guinea,"Albert Park 1, Suva"
1502164,2025-09-15,T20I,Zimbabwe,Namibia,"Queens Sports Club, Bulawayo"
1502165,2025-09-16,T20I,Namibia,Zimbabwe,"Queens Sports Club, Bulawayo"
1448360,2025-09-17,T20I,Ireland,England,"The Village, Malahide, Dublin"
1496929,2025-09-17,T20I,Pakistan,United Arab Emirates,Dubai International Cricket Stadium
1502166,2025-09-18,T20I,Namibia,Zimbabwe,"Queens Sports Club, Bulawayo"
1496931,2025-09-19,T20I,India,Oman,"Zayed Cricket Stadium, Abu Dhabi"
1496932,2025-09-20,T20I,Sri Lanka,Bangladesh,Dubai International Cricket Stadium
1448362,2025-09-21,T20I,Ireland,England,"The Village, Malahide, Dublin"
1496933,2025-09-21,T20I,Pakistan,India,Dubai International Cricket Stadium
1496934,2025-09-23,T20I,Sri Lanka,Pakistan,"Zayed Cricket Stadium, Abu Dhabi"
1496935,2025-09-24,T20I,India,Bangladesh,Dubai International Cricket Stadium
1496936,2025-09-25,T20I,Pakistan,Bangladesh,Dubai International Cricket Stadium
1496937,2025-09-26,T20I,India,Sri Lanka,Dubai International Cricket Stadium
1502743,2025-09-26,T20I,Namibia,Kenya,Harare Sports Club
1502744,2025-09-26,T20I,Malawi,Nigeria,"Takashinga Sports Club, Highfield, Harare"
1502745,2025-09-26,T20I,Uganda,Zimbabwe,Harare Sports Club
1502746,2025-09-26,T20I,Botswana,Tanzania,"Takashinga Sports Club, Highfield, Harare"
1489968,2025-09-27,T20I,Nepal,West Indies,Sharjah Cricket Stadium
1496938,2025-09-28,T20I,Pakistan,India,Dubai International Cricket Stadium
1502747,2025-09-28,T20I,Namibia,Nigeria,Harare Sports Club
1502748,2025-09-28,T20I,Tanzania,Uganda,"Takashinga Sports Club, Highfield, Harare"
1502749,2025-09-28,T20I,Zimbabwe,Botswana,Harare Sports Club
1502750,2025-09-28,T20I,Malawi,Kenya,"Takashinga Sports Club, Highfield, Harare"
1489969,2025-09-29,T20I,Nepal,West Indies,Sharjah Cricket Stadium
1504941,2025-09-29,T20I,Kuwait,Oman,Al Amerat Cricket Ground Oman Cricket (Ministry Turf 1)
1489970,2025-09-30,T20I,Nepal,West Indies,Sharjah Cricket Stadium
1502751,2025-09-30,T20I,Zimbabwe,Tanzania,Harare Sports Club
1502752,2025-09-30,T20I,Botswana,Uganda,"Takashinga Sports Club, Highfield, Harare"
1502753,2025-09-30,T20I,Malawi,Namibia,Harare Sports Club
1502754,2025-09-30,T20I,Nigeria,Kenya,"Takashinga Sports Club, Highfield, Harare"
1491714,2025-10-01,T20I,New Zealand,Australia,"Bay Oval, Mount Maunganui"
1502755,2025-10-02,T20I,Namibia,Tanzania,Harare Sports Club
1502756,2025-10-02,T20I,Nigeria,Botswana,"Takashinga Sports Club, Highfield, Harare"
1502757,2025-10-02,T20I,Kenya,Zimbabwe,Harare Sports Club
1502758,2025-10-02,T20I,Uganda,Malawi,"Takashinga Sports Club, Highfield, Harare"
1505114,2025-10-02,T20I,Malaysia,Nepal,"Bayuemas Oval, Kuala Lumpur"
1491715,2025-10-03,T20I,Australia,New Zealand,"Bay Oval, Mount Maunganui"
1491716,2025-10-04,T20I,New Zealand,Australia,"Bay Oval, Mount Maunganui"
1502759,2025-10-04,T20I,Kenya,Tanzania,Harare Sports Club
1502760,2025-10-04,T20I,Malawi,Botswana,"Takashinga Sports Club, Highfield, Harare"
1502761,2025-10-04,T20I,Uganda,Nigeria,"Takashinga Sports Club, Highfield, Harare"
1502762,2025-10-04,T20I,Namibia,Zimbabwe,Harare Sports Club
1505115,2025-10-04,T20I,Malaysia,Nepal,"Bayuemas Oval, Kuala Lumpur"
1503565,2025-10-05,T20I,United Arab Emirates,Zimbabwe,"Queens Sports Club, Bulawayo"
1505116,2025-10-05,T20I,Malaysia,Nepal,"Bayuemas Oval, Kuala Lumpur"
1503566,2025-10-06,T20I,United Arab Emirates,Zimbabwe,"Queens Sports Club, Bulawayo"
1505117,2025-10-07,T20I,Malaysia,Nepal,"Bayuemas Oval, Kuala Lumpur"
1503450,2025-10-08,T20I,Samoa,Oman,Al Amerat Cricket Ground Oman Cricket (Ministry Turf 2)
1503451,2025-10-08,T20I,Qatar,United Arab Emirates,Al Amerat Cricket Ground Oman Cricket (Ministry Turf 1)
1503452,2025-10-08,T20I,Nepal,Kuwait,Al Amerat Cricket Ground Oman Cricket (Ministry Turf 1)
1505118,2025-10-08,T20I,Malaysia,Nepal,"Bayuemas Oval, Kuala Lumpur"
1503453,2025-10-09,T20I,Malaysia,Qatar,Al Amerat Cricket Ground Oman Cricket (Ministry Turf 2)
1503454,2025-10-09,T20I,Kuwait,Japan,Al Amerat Cricket Ground Oman Cricket (Ministry Turf 1)
1503455,2025-10-09,T20I,Papua New Guinea,Samoa,Al Amerat Cricket Ground Oman Cricket (Ministry Turf 1)
1506181,2025-10-09,T20I,Romania,Austria,"Moara Vlasiei Cricket Ground, Ilfov County"
1506182,2025-10-09,T20I,Turkey,Bulgaria,"Moara Vlasiei Cricket Ground, Ilfov County"
1503456,2025-10-10,T20I,Malaysia,United Arab Emirates,Al Amerat Cricket Ground Oman Cricket (Ministry Turf 2)
1503457,2025-10-10,T20I,Japan,Nepal,Al Amerat Cricket Ground Oman Cricket (Ministry Turf 1)
1503458,2025-10-10,T20I,Oman,Papua New Guinea,Al Amerat Cricket Ground Oman Cricket (Ministry Turf 1)
1506183,2025-10-10,T20I,Austria,Turkey,"Moara Vlasiei Cricket Ground, Ilfov County"
1506184,2025-10-10,T20I,Romania,Turkey,"Moara Vlasiei Cricket Ground, Ilfov County"
1506185,2025-10-10,T20I,Romania,Bulgaria,"Moara Vlasiei Cricket Ground, Ilfov County"
1487824,2025-10-11,T20I,South Africa,Namibia,"Namibia Cricket Ground, Windhoek"
1506186,2025-10-11,T20I,Norway,Turkey,"Moara Vlasiei Cricket Ground, Ilfov County"
1506187,2025-10-11,T20I,Bulgaria,Austria,"Moara Vlasiei Cricket Ground, Ilfov County"
1506188,2025-10-11,T20I,Norway,Romania,"Moara Vlasiei Cricket Ground, Ilfov County"
1503459,2025-10-12,T20I,Oman,Qatar,Al Amerat Cricket Ground Oman Cricket (Ministry Turf 2)
1503460,2025-10-12,T20I,Nepal,United Arab Emirates,Al Amerat Cricket Ground Oman Cricket (Ministry Turf 1)
1503461,2025-10-12,T20I,Japan,Samoa,Al Amerat Cricket Ground Oman Cricket (Ministry Turf 1)
1506189,2025-10-12,T20I,Austria,Norway,"Moara Vlasiei Cricket Ground, Ilfov County"
1506190,2025-10-12,T20I,Norway,Bulgaria,"Moara Vlasiei Cricket Ground, Ilfov County"
1503462,2025-10-13,T20I,United Arab Emirates,Oman,Al Amerat Cricket Ground Oman Cricket (Ministry Turf 1)
1503463,2025-10-13,T20I,Nepal,Qatar,Al Amerat Cricket Ground Oman Cricket (Ministry Turf 1)
1503464,2025-10-15,T20I,Japan,Qatar,Al Amerat Cricket Ground Oman Cricket (Ministry Turf 2)
1503465,2025-10-15,T20I,United Arab Emirates,Samoa,Al Amerat Cricket Ground Oman Cricket (Ministry Turf 1)
1503466,2025-10-15,T20I,Nepal,Oman,Al Amerat Cricket Ground Oman Cricket (Ministry Turf 1)
1503467,2025-10-16,T20I,Japan,United Arab Emirates,Al Amerat Cricket Ground Oman Cricket (Ministry Turf 1)
1503468,2025-10-16,T20I,Samoa,Qatar,Al Amerat Cricket Ground Oman Cricket (Ministry Turf 1)
1503469,2025-10-17,T20I,Japan,Oman,Al Amerat Cricket Ground Oman Cricket (Ministry Turf 2)
1503470,2025-10-17,T20I,Nepal,Samoa,Al Amerat Cricket Ground Oman Cricket (Ministry Turf 1)
1491717,2025-10-18,T20I,England,New Zealand,"Hagley Oval, Christchurch"
1506436,2025-10-18,T20I,Romania,Austria,"Moara Vlasiei Cricket Ground, Ilfov County"
1506438,2025-10-19,T20I,Romania,Austria,"Moara Vlasiei Cricket Ground, Ilfov County"
1491718,2025-10-20,T20I,England,New Zealand,"Hagley Oval, Christchurch"
1506664,2025-10-20,T20I,Canada,Uganda,"Lugogo Cricket Oval, Kampala"
1506665,2025-10-21,T20I,Canada,Uganda,"Lugogo Cricket Oval, Kampala"
1491719,2025-10-23,T20I,New Zealand,England,"Eden Park, Auckland"
1506666,2025-10-23,T20I,Uganda,Canada,"Lugogo Cricket Oval, Kampala"
1506667,2025-10-24,T20I,Uganda,Canada,"Lugogo Cricket Oval, Kampala"
1506668,2025-10-26,T20I,Uganda,Canada,"Lugogo Cricket Oval, Kampala"
1505125,2025-10-27,T20I,West Indies,Bangladesh,"Bir Sreshtho Flight Lieutenant Matiur Rahman Stadium, Chattogram"
1501895,2025-10-28,T20I,South Africa,Pakistan,Rawalpindi Cricket Stadium
1478907,2025-10-29,T20I,India,Australia,"Manuka Oval, Canberra"
1505126,2025-10-29,T20I,West Indies,Bangladesh,"Bir Sreshtho Flight Lieutenant Matiur Rahman Stadium, Chattogram"
1507418,2025-10-30,T20I,Panama,Mexico,"Sao Fernando Polo and Cricket Club, Campo Sede"
1478908,2025-10-31,T20I,India,Australia,Melbourne Cricket Ground
1501896,2025-10-31,T20I,South Africa,Pakistan,"Gaddafi Stadium, Lahore"
1505127,2025-10-31,T20I,Bangladesh,West Indies,"Bir Sreshtho Flight Lieutenant Matiur Rahman Stadium, Chattogram"
1506440,2025-10-31,T20I,Cyprus,Serbia,Happy Valley Ground
1501897,2025-11-01,T20I,South Africa,Pakistan,"Gaddafi Stadium, Lahore"
1506442,2025-11-01,T20I,Serbia,Bulgaria,Happy Valley Ground 2
1478909,2025-11-02,T20I,Australia,India,"Bellerive Oval, Hobart"
1506444,2025-11-02,T20I,Bulgaria,Cyprus,Happy Valley Ground 2
1506446,2025-11-03,T20I,Bulgaria,Cyprus,Happy Valley Ground 2
1506669,2025-11-04,T20I,Canada,Tanzania,University of Dar-es-Salaam Ground
1491723,2025-11-05,T20I,West Indies,New Zealand,"Eden Park, Auckland"
1506670,2025-11-05,T20I,Tanzania,Canada,"Gymkhana Club Ground, Dar-es-Salaam"
1478910,2025-11-06,T20I,India,Australia,Carrara Oval
1491724,2025-11-06,T20I,New Zealand,West Indies,"Eden Park, Auckland"
1508269,2025-11-06,T20I,Myanmar,Indonesia,Udayana Cricket Ground
1508270,2025-11-06,T20I,Timor-Leste,Indonesia,Udayana Cricket Ground
1508271,2025-11-07,T20I,Timor-Leste,Myanmar,Udayana Cricket Ground
1478911,2025-11-08,T20I,India,Australia,"Brisbane Cricket Ground, Woolloongabba, Brisbane"
1508272,2025-11-08,T20I,Timor-Leste,Indonesia,Udayana Cricket Ground
1508273,2025-11-08,T20I,Indonesia,Myanmar,Udayana Cricket Ground
1491725,2025-11-09,T20I,New Zealand,West Indies,"Saxton Oval, Nelson"
1508274,2025-11-09,T20I,Timor-Leste,Myanmar,Udayana Cricket Ground
1491726,2025-11-10,T20I,West Indies,New Zealand,"Saxton Oval, Nelson"
1508275,2025-11-11,T20I,Myanmar,Indonesia,Udayana Cricket Ground
1508276,2025-11-11,T20I,Timor-Leste,Indonesia,Udayana Cricket Ground
1508277,2025-11-12,T20I,Myanmar,Timor-Leste,Udayana Cricket Ground
1510724,2025-11-12,T20I,Qatar,Hong Kong,"West End Park International Cricket Stadium, Doha"
1491727,2025-11-13,T20I,West Indies,New Zealand,"University Oval, Dunedin"
1508278,2025-11-13,T20I,Timor-Leste,Indonesia,Udayana Cricket Ground
1508279,2025-11-13,T20I,Myanmar,Indonesia,Udayana Cricket Ground
1510725,2025-11-13,T20I,Hong Kong,Qatar,University of Doha for Science and Technology
1508280,2025-11-14,T20I,Myanmar,Timor-Leste,Udayana Cricket Ground
1510279,2025-11-14,T20I,Scotland,Papua New Guinea,"Terdthai Cricket Ground, Bangkok"
1510280,2025-11-14,T20I,Thailand,Namibia,"Terdthai Cricket Ground, Bangkok"
1510281,2025-11-15,T20I,Namibia,Papua New Guinea,"Terdthai Cricket Ground, Bangkok"
1510282,2025-11-15,T20I,Thailand,Scotland,"Terdthai Cricket Ground, Bangkok"
1509859,2025-11-16,T20I,United Arab Emirates,Oman,"West End Park International Cricket Stadium, Doha"
1510283,2025-11-17,T20I,Namibia,Scotland,"Terdthai Cricket Ground, Bangkok"
1510284,2025-11-17,T20I,Papua New Guinea,Thailand,"Terdthai Cricket Ground, Bangkok"
1502048,2025-11-18,T20I,Zimbabwe,Pakistan,Rawalpindi Cricket Stadium
1510178,2025-11-18,T20I,Bahrain,Indonesia,Udayana Cricket Ground
1510179,2025-11-19,T20I,Bahrain,Indonesia,Udayana Cricket Ground
1502049,2025-11-20,T20I,Zimbabwe,Sri Lanka,Rawalpindi Cricket Stadium
1510285,2025-11-20,T20I,Thailand,Netherlands,"Terdthai Cricket Ground, Bangkok"
1510286,2025-11-20,T20I,Papua New Guinea,United Arab Emirates,"Asian Institute of Technology Ground, Bangkok"
1510287,2025-11-20,T20I,Namibia,Tanzania,"Asian Institute of Technology Ground, Bangkok"
1510288,2025-11-20,T20I,Scotland,Uganda,"Terdthai Cricket Ground, Bangkok"
1510180,2025-11-21,T20I,Indonesia,Bahrain,Udayana Cricket Ground
1510289,2025-11-21,T20I,United Arab Emirates,Netherlands,"Asian Institute of Technology Ground, Bangkok"
1510290,2025-11-21,T20I,Papua New Guinea,Thailand,"Terdthai Cricket Ground, Bangkok"
1510291,2025-11-21,T20I,Namibia,Uganda,"Terdthai Cricket Ground, Bangkok"
1510292,2025-11-21,T20I,Scotland,Tanzania,"Asian Institute of Technology Ground, Bangkok"
1502050,2025-11-22,T20I,Sri Lanka,Pakistan,Rawalpindi Cricket Stadium
1502051,2025-11-23,T20I,Pakistan,Zimbabwe,Rawalpindi Cricket Stadium
1510293,2025-11-23,T20I,Tanzania,Netherlands,"Asian Institute of Technology Ground, Bangkok"
1510294,2025-11-23,T20I,Uganda,Papua New Guinea,"Terdthai Cricket Ground, Bangkok"
1510295,2025-11-23,T20I,United Arab Emirates,Scotland,"Terdthai Cricket Ground, Bangkok"
1510296,2025-11-23,T20I,Thailand,Namibia,"Asian Institute of Technology Ground, Bangkok"
1511998,2025-11-24,T20I,Thailand,Malaysia,"Bayuemas Oval, Kuala Lumpur"
1502052,2025-11-25,T20I,Zimbabwe,Sri Lanka,Rawalpindi Cricket Stadium
1510297,2025-11-25,T20I,Thailand,Tanzania,"Terdthai Cricket Ground, Bangkok"
1510298,2025-11-25,T20I,Uganda,United Arab Emirates,"Asian Institute of Technology Ground, Bangkok"
1510299,2025-11-25,T20I,Namibia,Scotland,"Asian Institute of Technology Ground, Bangkok"
1510300,2025-11-25,T20I,Papua New Guinea,Netherlands,"Terdthai Cricket Ground, Bangkok"
1511999,2025-11-25,T20I,Bahrain,Malaysia,"Bayuemas Oval, Kuala Lumpur"
1510301,2025-11-26,T20I,Tanzania,United Arab Emirates,"Terdthai Cricket Ground, Bangkok"
1510302,2025-11-26,T20I,Uganda,Thailand,"Asian Institute of Technology Ground, Bangkok"
1510303,2025-11-26,T20I,Netherlands,Namibia,"Terdthai Cricket Ground, Bangkok"
1510304,2025-11-26,T20I,Papua New Guinea,Scotland,"Asian Institute of Technology Ground, Bangkok"
1502053,2025-11-27,T20I,Sri Lanka,Pakistan,Rawalpindi Cricket Stadium
1506014,2025-11-27,T20I,Ireland,Bangladesh,"Bir Sreshtho Flight Lieutenant Matiur Rahman Stadium, Chattogram"
1510313,2025-11-27,T20I,Singapore,Myanmar,Singapore National Cricket Ground
1512000,2025-11-27,T20I,Thailand,Bahrain,"Bayuemas Oval, Kuala Lumpur"
1510305,2025-11-28,T20I,United Arab Emirates,Thailand,"Terdthai Cricket Ground, Bangkok"
1510306,2025-11-28,T20I,Tanzania,Uganda,"Asian Institute of Technology Ground, Bangkok"
1510307,2025-11-28,T20I,Papua New Guinea,Namibia,"Asian Institute of Technology Ground, Bangkok"
1510308,2025-11-28,T20I,Netherlands,Scotland,"Terdthai Cricket Ground, Bangkok"
1511993,2025-11-28,T20I,Brazil,Argentina,"St Albans Club, Buenos Aires"
1502054,2025-11-29,T20I,Sri Lanka,Pakistan,Rawalpindi Cricket Stadium
1506015,2025-11-29,T20I,Ireland,Bangladesh,"Bir Sreshtho Flight Lieutenant Matiur Rahman Stadium, Chattogram"
1510314,2025-11-29,T20I,Singapore,Myanmar,Singapore National Cricket Ground
1511994,2025-11-29,T20I,Brazil,Argentina,"St Albans Club, Buenos Aires"
1510309,2025-11-30,T20I,Uganda,Netherlands,"Terdthai Cricket Ground, Bangkok"
1510310,2025-11-30,T20I,United Arab Emirates,Namibia,"Asian Institute of Technology Ground, Bangkok"
1510311,2025-11-30,T20I,Scotland,Thailand,"Asian Institute of Technology Ground, Bangkok"
1510312,2025-11-30,T20I,Papua New Guinea,Tanzania,"Terdthai Cricket Ground, Bangkok"
1510315,2025-11-30,T20I,Myanmar,Singapore,Singapore National Cricket Ground
1511996,2025-11-30,T20I,Argentina,Brazil,"St Albans Club, Buenos Aires"
1512002,2025-11-30,T20I,Thailand,Bahrain,"Bayuemas Oval, Kuala Lumpur"
1506016,2025-12-02,T20I,Ireland,Bangladesh,"Bir Sreshtho Flight Lieutenant Matiur Rahman Stadium, Chattogram"
1513086,2025-12-04,T20I,Nigeria,Zambia,"Nigeria Cricket Federation Oval 1, Abuja"
1513087,2025-12-04,T20I,Sierra Leone,Rwanda,"Nigeria Cricket Federation Oval 1, Abuja"
1477591,2025-12-05,T20I,South Africa,Ireland,"Newlands, Cape Town"
1513088,2025-12-05,T20I,Zambia,Rwanda,"Nigeria Cricket Federation Oval 1, Abuja"
1513297,2025-12-05,T20I,Nigeria,Sierra Leone,"Nigeria Cricket Federation Oval 1, Abuja"
1514473,2025-12-05,T20I,Croatia,Spain,La Manga Club Top Ground
1513089,2025-12-06,T20I,Nigeria,Rwanda,"Nigeria Cricket Federation Oval 1, Abuja"
1513090,2025-12-06,T20I,Zambia,Sierra Leone,"Nigeria Cricket Federation Oval 1, Abuja"
1514474,2025-12-06,T20I,Spain,Croatia,La Manga Club Top Ground
1514510,2025-12-06,T20I,Bahrain,Oman,Al Amerat Cricket Ground Oman Cricket (Ministry Turf 2)
1477592,2025-12-07,T20I,South Africa,Ireland,"Boland Park, Paarl"
1513091,2025-12-07,T20I,Sierra Leone,Nigeria,"Nigeria Cricket Federation Oval 1, Abuja"
1513092,2025-12-07,T20I,Zambia,Rwanda,"Nigeria Cricket Federation Oval 1, Abuja"
1514476,2025-12-07,T20I,Spain,Croatia,La Manga Club Top Ground
1514511,2025-12-07,T20I,Oman,Qatar,Al Amerat Cricket Ground Oman Cricket (Ministry Turf 2)
1513093,2025-12-08,T20I,Rwanda,Sierra Leone,"Nigeria Cricket Federation Oval 1, Abuja"
1513094,2025-12-08,T20I,Nigeria,Zambia,"Nigeria Cricket Federation Oval 1, Abuja"
1479576,2025-12-09,T20I,India,South Africa,"Barabati Stadium, Cuttack"
1513095,2025-12-09,T20I,Rwanda,Nigeria,"Nigeria Cricket Federation Oval 1, Abuja"
1513096,2025-12-09,T20I,Sierra Leone,Zambia,"Nigeria Cricket Federation Oval 1, Abuja"
1513099,2025-12-09,T20I,Bahrain,Bhutan,Gelephu International Cricket Ground
1513824,2025-12-09,T20I,Thailand,Indonesia,"Terdthai Cricket Ground, Bangkok"
1513825,2025-12-09,T20I,Malaysia,Philippines,"Terdthai Cricket Ground, Bangkok"
1513826,2025-12-10,T20I,Indonesia,Malaysia,"Terdthai Cricket Ground, Bangkok"
1513827,2025-12-10,T20I,Philippines,Singapore,"Terdthai Cricket Ground, Bangkok"
1514513,2025-12-10,T20I,Oman,Qatar,Al Amerat Cricket Ground Oman Cricket (Ministry Turf 2)
1479577,2025-12-11,T20I,South Africa,India,"Maharaja Yadavindra Singh International Cricket Stadium, New Chandigarh"
1513097,2025-12-11,T20I,Zambia,Rwanda,"Nigeria Cricket Federation Oval 1, Abuja"
1513100,2025-12-11,T20I,Bahrain,Bhutan,Gelephu International Cricket Ground
1513298,2025-12-11,T20I,Nigeria,Sierra Leone,"Nigeria Cricket Federation Oval 1, Abuja"
1513828,2025-12-11,T20I,Singapore,Thailand,"Terdthai Cricket Ground, Bangkok"
1513829,2025-12-11,T20I,Philippines,Indonesia,"Terdthai Cricket Ground, Bangkok"
1513101,2025-12-12,T20I,Bahrain,Bhutan,Gelephu International Cricket Ground
1513299,2025-12-12,T20I,Nigeria,Zambia,"Nigeria Cricket Federation Oval 1, Abuja"
1513300,2025-12-12,T20I,Rwanda,Sierra Leone,"Nigeria Cricket Federation Oval 1, Abuja"
1513830,2025-12-12,T20I,Indonesia,Singapore,"Terdthai Cricket Ground, Bangkok"
1513831,2025-12-12,T20I,Thailand,Malaysia,"Terdthai Cricket Ground, Bangkok"
1514514,2025-12-12,T20I,Kuwait,Qatar,Al Amerat Cricket Ground Oman Cricket (Ministry Turf 1)
1514515,2025-12-12,T20I,Oman,United Arab Emirates,Al Amerat Cricket Ground Oman Cricket (Ministry Turf 1)
1514516,2025-12-12,T20I,Bahrain,Saudi Arabia,Al Amerat Cricket Ground Oman Cricket (Ministry Turf 1)
1513102,2025-12-13,T20I,Bhutan,Bahrain,Gelephu International Cricket Ground
1513301,2025-12-13,T20I,Nigeria,Rwanda,"Nigeria Cricket Federation Oval 1, Abuja"
1513302,2025-12-13,T20I,Zambia,Sierra Leone,"Nigeria Cricket Federation Oval 1, Abuja"
1513832,2025-12-13,T20I,Thailand,Philippines,"Terdthai Cricket Ground, Bangkok"
1513833,2025-12-13,T20I,Singapore,Malaysia,"Terdthai Cricket Ground, Bangkok"
1514517,2025-12-13,T20I,United Arab Emirates,Qatar,Al Amerat Cricket Ground Oman Cricket (Ministry Turf 1)
1514518,2025-12-13,T20I,Oman,Saudi Arabia,Al Amerat Cricket Ground Oman Cricket (Ministry Turf 1)
1514519,2025-12-13,T20I,Bahrain,Kuwait,Al Amerat Cricket Ground Oman Cricket (Ministry Turf 1)
1479578,2025-12-14,T20I,South Africa,India,"Himachal Pradesh Cricket Association Stadium, Dharamsala"
1513303,2025-12-14,T20I,Zambia,Sierra Leone,"Nigeria Cricket Federation Oval 1, Abuja"
1513304,2025-12-14,T20I,Nigeria,Rwanda,"Nigeria Cricket Federation Oval 1, Abuja"
1513755,2025-12-15,T20I,Myanmar,Thailand,"Terdthai Cricket Ground, Bangkok"
1513756,2025-12-15,T20I,Malaysia,Indonesia,"Terdthai Cricket Ground, Bangkok"
1514520,2025-12-15,T20I,Bahrain,Oman,Al Amerat Cricket Ground Oman Cricket (Ministry Turf 1)
1514521,2025-12-15,T20I,Saudi Arabia,Qatar,Al Amerat Cricket Ground Oman Cricket (Ministry Turf 1)
1514522,2025-12-15,T20I,Kuwait,United Arab Emirates,Al Amerat Cricket Ground Oman Cricket (Ministry Turf 1)
1513757,2025-12-16,T20I,Indonesia,Philippines,"Terdthai Cricket Ground, Bangkok"
1513758,2025-12-16,T20I,Thailand,Singapore,"Terdthai Cricket Ground, Bangkok"
1514523,2025-12-16,T20I,Qatar,Bahrain,Al Amerat Cricket Ground Oman Cricket (Ministry Turf 1)
1514524,2025-12-16,T20I,United Arab Emirates,Saudi Arabia,Al Amerat Cricket Ground Oman Cricket (Ministry Turf 1)
1514525,2025-12-16,T20I,Kuwait,Oman,Al Amerat Cricket Ground Oman Cricket (Ministry Turf 1)
1513759,2025-12-17,T20I,Philippines,Malaysia,"Terdthai Cricket Ground, Bangkok"
1513760,2025-12-17,T20I,Myanmar,Singapore,"Terdthai Cricket Ground, Bangkok"
1513761,2025-12-18,T20I,Thailand,Indonesia,"Terdthai Cricket Ground, Bangkok"
1513762,2025-12-18,T20I,Malaysia,Myanmar,"Terdthai Cricket Ground, Bangkok"
1514526,2025-12-18,T20I,Saudi Arabia,Kuwait,Al Amerat Cricket Ground Oman Cricket (Ministry Turf 1)
1514527,2025-12-18,T20I,United Arab Emirates,Bahrain,Al Amerat Cricket Ground Oman Cricket (Ministry Turf 1)
1514528,2025-12-18,T20I,Qatar,Oman,Al Amerat Cricket Ground Oman Cricket (Ministry Turf 1)
1479580,2025-12-19,T20I,India,South Africa,"Narendra Modi Stadium, Ahmedabad"
1513763,2025-12-19,T20I,Myanmar,Indonesia,"Terdthai Cricket Ground, Bangkok"
1513764,2025-12-19,T20I,Malaysia,Thailand,"Terdthai Cricket Ground, Bangkok"
1514529,2025-12-19,T20I,Oman,United Arab Emirates,Al Amerat Cricket Ground Oman Cricket (Ministry Turf 1)
1513735,2025-12-21,T20I,Sri Lanka,India,"Dr. Y.S. Rajasekhara Reddy ACA-VDCA Cricket Stadium, Visakhapatnam"
1513736,2025-12-23,T20I,Sri Lanka,India,"Dr. Y.S. Rajasekhara Reddy ACA-VDCA Cricket Stadium, Visakhapatnam"
1515010,2025-12-23,T20I,Myanmar,Bhutan,Gelephu International Cricket Ground
1515542,2025-12-23,T20I,Indonesia,Cambodia,Udayana Cricket Ground
1515011,2025-12-24,T20I,Bhutan,Myanmar,Gelephu International Cricket Ground
1515544,2025-12-24,T20I,Cambodia,Indonesia,Udayana Cricket Ground
1515545,2025-12-25,T20I,Indonesia,Cambodia,Udayana Cricket Ground
1513737,2025-12-26,T20I,Sri Lanka,India,"Greenfield International Stadium, Thiruvananthapuram"
1515012,2025-12-26,T20I,Bhutan,Myanmar,Gelephu International Cricket Ground
1515546,2025-12-26,T20I,Cambodia,Indonesia,Udayana Cricket Ground
1515013,2025-12-27,T20I,Bhutan,Myanmar,Gelephu International Cricket Ground
1515547,2025-12-27,T20I,Cambodia,Indonesia,Udayana Cricket Ground
1513738,2025-12-28,T20I,India,Sri Lanka,"Greenfield International Stadium, Thiruvananthapuram"
1515014,2025-12-29,T20I,Bhutan,Myanmar,Gelephu International Cricket Ground
1515549,2025-12-29,T20I,Cambodia,Indonesia,Udayana Cricket Ground
1513739,2025-12-30,T20I,India,Sri Lanka,"Greenfield International Stadium, Thiruvananthapuram"
1514480,2026-01-07,T20I,Sri Lanka,Pakistan,Rangiri Dambulla International Stadium
1514482,2026-01-11,T20I,Sri Lanka,Pakistan,Rangiri Dambulla International Stadium
1515208,2026-01-18,T20I,Netherlands,Zimbabwe,"Tribhuvan University International Cricket Ground, Kirtipur"
1515209,2026-01-18,T20I,Bangladesh,United States of America,Mulpani Cricket Ground
1515210,2026-01-18,T20I,Ireland,Papua New Guinea,Mulpani Cricket Ground
1515211,2026-01-18,T20I,Nepal,Thailand,"Tribhuvan University International Cricket Ground, Kirtipur"
1515212,2026-01-20,T20I,Bangladesh,Papua New Guinea,"Tribhuvan University International Cricket Ground, Kirtipur"
1515213,2026-01-20,T20I,Thailand,Zimbabwe,Mulpani Cricket Ground
1515214,2026-01-20,T20I,Netherlands,Scotland,"Tribhuvan University International Cricket Ground, Kirtipur"
1515215,2026-01-20,T20I,Namibia,United States of America,Mulpani Cricket Ground
1519145,2026-01-20,T20I,Malaysia,Bhutan,Gelephu International Cricket Ground
1490234,2026-01-21,T20I,India,New Zealand,"Vidarbha Cricket Association Stadium, Jamtha, Nagpur"
1519146,2026-01-21,T20I,Hong Kong,Malaysia,Gelephu International Cricket Ground
1515216,2026-01-22,T20I,Ireland,United States of America,Mulpani Cricket Ground
1515217,2026-01-22,T20I,Netherlands,Nepal,"Tribhuvan University International Cricket Ground, Kirtipur"
1515218,2026-01-22,T20I,Bangladesh,Namibia,"Tribhuvan University International Cricket Ground, Kirtipur"
1515219,2026-01-22,T20I,Zimbabwe,Scotland,Mulpani Cricket Ground
1519147,2026-01-22,T20I,Hong Kong,Bhutan,Gelephu International Cricket Ground
1490235,2026-01-23,T20I,New Zealand,India,"Shaheed Veer Narayan Singh International Stadium, Raipur"
1519136,2026-01-23,T20I,Italy,Ireland,"7he Sevens Stadium, Dubai"
1515220,2026-01-24,T20I,Thailand,Scotland,"Tribhuvan University International Cricket Ground, Kirtipur"
1515221,2026-01-24,T20I,Namibia,Papua New Guinea,Mulpani Cricket Ground
1515222,2026-01-24,T20I,Zimbabwe,Nepal,"Tribhuvan University International Cricket Ground, Kirtipur"
1515223,2026-01-24,T20I,Bangladesh,Ireland,Mulpani Cricket Ground
1519148,2026-01-24,T20I,Malaysia,Bhutan,Gelephu International Cricket Ground
1490236,2026-01-25,T20I,New Zealand,India,"Barsapara Cricket Stadium, Guwahati"
1519137,2026-01-25,T20I,Ireland,Italy,"7he Sevens Stadium, Dubai"
1519149,2026-01-25,T20I,Hong Kong,Bhutan,Gelephu International Cricket Ground
1515224,2026-01-26,T20I,Scotland,Nepal,"Tribhuvan University International Cricket Ground, Kirtipur"
1515225,2026-01-26,T20I,Papua New Guinea,United States of America,Mulpani Cricket Ground
1515226,2026-01-26,T20I,Namibia,Ireland,"Tribhuvan University International Cricket Ground, Kirtipur"
1515227,2026-01-26,T20I,Netherlands,Thailand,Mulpani Cricket Ground
1519138,2026-01-26,T20I,Ireland,Italy,"7he Sevens Stadium, Dubai"
1519150,2026-01-26,T20I,Malaysia,Hong Kong,Gelephu International Cricket Ground
1477609,2026-01-27,T20I,West Indies,South Africa,"Boland Park, Paarl"
1519151,2026-01-27,T20I,Malaysia,Bhutan,Gelephu International Cricket Ground
1490237,2026-01-28,T20I,New Zealand,India,"Dr. Y.S. Rajasekhara Reddy ACA-VDCA Cricket Stadium, Visakhapatnam"
1515228,2026-01-28,T20I,Scotland,Ireland,"Tribhuvan University International Cricket Ground, Kirtipur"
1515229,2026-01-28,T20I,Bangladesh,Thailand,Mulpani Cricket Ground
1515230,2026-01-28,T20I,United States of America,Netherlands,"Tribhuvan University International Cricket Ground, Kirtipur"
1477610,2026-01-29,T20I,West Indies,South Africa,"SuperSport Park, Centurion"
1519139,2026-01-29,T20I,Ireland,United Arab Emirates,Dubai International Cricket Stadium
1519152,2026-01-29,T20I,Hong Kong,Bhutan,Gelephu International Cricket Ground
1519636,2026-01-29,T20I,Pakistan,Australia,"Gaddafi Stadium, Lahore"
1507719,2026-01-30,T20I,Sri Lanka,England,Pallekele International Cricket Stadium
1515231,2026-01-30,T20I,Bangladesh,Scotland,"Tribhuvan University International Cricket Ground, Kirtipur"
1515232,2026-01-30,T20I,Ireland,Netherlands,Mulpani Cricket Ground
1515233,2026-01-30,T20I,United States of America,Thailand,Mulpani Cricket Ground
1477611,2026-01-31,T20I,West Indies,South Africa,"The Wanderers Stadium, Johannesburg"
1490238,2026-01-31,T20I,India,New Zealand,"Greenfield International Stadium, Thiruvananthapuram"
1519140,2026-01-31,T20I,Ireland,United Arab Emirates,Dubai International Cricket Stadium
1519637,2026-01-31,T20I,Pakistan,Australia,"Gaddafi Stadium, Lahore"
1507720,2026-02-01,T20I,Sri Lanka,England,Pallekele International Cricket Stadium
1515234,2026-02-01,T20I,Ireland,Thailand,"Tribhuvan University International Cricket Ground, Kirtipur"
1515235,2026-02-01,T20I,Netherlands,Bangladesh,Mulpani Cricket Ground
1515236,2026-02-01,T20I,Scotland,United States of America,"Tribhuvan University International Cricket Ground, Kirtipur"
1519638,2026-02-01,T20I,Pakistan,Australia,"Gaddafi Stadium, Lahore"
1507721,2026-02-03,T20I,England,Sri Lanka,Pallekele International Cricket Stadium
1520970,2026-02-03,T20I,Oman,Denmark,Al Amerat Cricket Ground Oman Cricket (Ministry Turf 2)
1520971,2026-02-04,T20I,Oman,Denmark,Al Amerat Cricket Ground Oman Cricket (Ministry Turf 2)
1520972,2026-02-06,T20I,Oman,Denmark,Al Amerat Cricket Ground Oman Cricket (Ministry Turf 1)
1512719,2026-02-07,T20I,Netherlands,Pakistan,"Sinhalese Sports Club Ground, Colombo"
1512720,2026-02-07,T20I,West Indies,Scotland,"Eden Gardens, Kolkata"
1512721,2026-02-07,T20I,India,United States of America,"Wankhede Stadium, Mumbai"
1520973,2026-02-07,T20I,Oman,Denmark,Al Amerat Cricket Ground Oman Cricket (Ministry Turf 2)
1512723,2026-02-08,T20I,England,Nepal,"Wankhede Stadium, Mumbai"
1512724,2026-02-08,T20I,Sri Lanka,Ireland,"R Premadasa Stadium, Colombo"
1512725,2026-02-09,T20I,Scotland,Italy,"Eden Gardens, Kolkata"
1512726,2026-02-09,T20I,Oman,Zimbabwe,"Sinhalese Sports Club Ground, Colombo"
1512727,2026-02-09,T20I,South Africa,Canada,"Narendra Modi Stadium, Ahmedabad"
1522984,2026-02-09,T20I,Oman,Qatar,"West End Park International Cricket Stadium, Doha"
1477597,2026-02-10,T20I,Pakistan,South Africa,"Senwes Park, Potchefstroom"
1512728,2026-02-10,T20I,Namibia,Netherlands,"Arun Jaitley Stadium, Delhi"
1512729,2026-02-10,T20I,United Arab Emirates,New Zealand,"MA Chidambaram Stadium, Chepauk, Chennai"
1512730,2026-02-10,T20I,Pakistan,United States of America,"Sinhalese Sports Club Ground, Colombo"
1522985,2026-02-10,T20I,Oman,Qatar,"West End Park International Cricket Stadium, Doha"
1512732,2026-02-11,T20I,Australia,Ireland,"R Premadasa Stadium, Colombo"
1512733,2026-02-11,T20I,West Indies,England,"Wankhede Stadium, Mumbai"
1522994,2026-02-11,T20I,Qatar,Bahrain,"West End Park International Cricket Stadium, Doha"
1512734,2026-02-12,T20I,Sri Lanka,Oman,Pallekele International Cricket Stadium
1512735,2026-02-12,T20I,Nepal,Italy,"Wankhede Stadium, Mumbai"
1512736,2026-02-12,T20I,India,Namibia,"Arun Jaitley Stadium, Delhi"
1522986,2026-02-12,T20I,Oman,Qatar,"West End Park International Cricket Stadium, Doha"
1477598,2026-02-13,T20I,Pakistan,South Africa,"Willowmoore Park, Benoni"
1512737,2026-02-13,T20I,Zimbabwe,Australia,"R Premadasa Stadium, Colombo"
1512738,2026-02-13,T20I,Canada,United Arab Emirates,"Arun Jaitley Stadium, Delhi"
1512739,2026-02-13,T20I,United States of America,Netherlands,"MA Chidambaram Stadium, Chepauk, Chennai"
1522987,2026-02-13,T20I,Qatar,Oman,"West End Park International Cricket Stadium, Doha"
1522995,2026-02-13,T20I,Qatar,Bahrain,"West End Park International Cricket Stadium, Doha"
1512740,2026-02-14,T20I,Ireland,Oman,"Sinhalese Sports Club Ground, Colombo"
1512741,2026-02-14,T20I,Scotland,England,"Eden Gardens, Kolkata"
1512742,2026-02-14,T20I,New Zealand,South Africa,"Narendra Modi Stadium, Ahmedabad"
1522068,2026-02-14,T20I,Thailand,Malaysia,"Terdthai Cricket Ground, Bangkok"
1522988,2026-02-14,T20I,Qatar,Oman,"West End Park International Cricket Stadium, Doha"
1522996,2026-02-14,T20I,Qatar,Bahrain,"West End Park International Cricket Stadium, Doha"
1478912,2026-02-15,T20I,Australia,India,Sydney Cricket Ground
1512743,2026-02-15,T20I,Nepal,West Indies,"Wankhede Stadium, Mumbai"
1512744,2026-02-15,T20I,United States of America,Namibia,"MA Chidambaram Stadium, Chepauk, Chennai"
1512745,2026-02-15,T20I,India,Pakistan,"R Premadasa Stadium, Colombo"
1522997,2026-02-15,T20I,Qatar,Bahrain,"West End Park International Cricket Stadium, Doha"
1477599,2026-02-16,T20I,Pakistan,South Africa,"Willowmoore Park, Benoni"
1512747,2026-02-16,T20I,England,Italy,"Eden Gardens, Kolkata"
1512748,2026-02-16,T20I,Australia,Sri Lanka,Pallekele International Cricket Stadium
1512749,2026-02-17,T20I,Canada,New Zealand,"MA Chidambaram Stadium, Chepauk, Chennai"
1512751,2026-02-17,T20I,Scotland,Nepal,"Wankhede Stadium, Mumbai"
1512752,2026-02-18,T20I,United Arab Emirates,South Africa,"Arun Jaitley Stadium, Delhi"
1512753,2026-02-18,T20I,Pakistan,Namibia,"Sinhalese Sports Club Ground, Colombo"
1512754,2026-02-18,T20I,India,Netherlands,"Narendra Modi Stadium, Ahmedabad"
1478913,2026-02-19,T20I,Australia,India,"Manuka Oval, Canberra"
1512755,2026-02-19,T20I,West Indies,Italy,"Eden Gardens, Kolkata"
1512756,2026-02-19,T20I,Sri Lanka,Zimbabwe,"R Premadasa Stadium, Colombo"
1512758,2026-02-20,T20I,Oman,Australia,Pallekele International Cricket Stadium
1478914,2026-02-21,T20I,India,Australia,Adelaide Oval
1512760,2026-02-22,T20I,England,Sri Lanka,Pallekele International Cricket Stadium
1512761,2026-02-22,T20I,South Africa,India,"Narendra Modi Stadium, Ahmedabad"
1512762,2026-02-23,T20I,West Indies,Zimbabwe,"Wankhede Stadium, Mumbai"
1512763,2026-02-24,T20I,Pakistan,England,Pallekele International Cricket Stadium
1491699,2026-02-25,T20I,New Zealand,Zimbabwe,"Seddon Park, Hamilton"
1512764,2026-02-25,T20I,New Zealand,Sri Lanka,"R Premadasa Stadium, Colombo"
1522998,2026-02-25,T20I,Japan,Thailand,"Terdthai Cricket Ground, Bangkok"
1522999,2026-02-25,T20I,Bhutan,Bahrain,"Terdthai Cricket Ground, Bangkok"
1525159,2026-02-25,T20I,Kuwait,Hong Kong,"Mission Road Ground, Mong Kok, Hong Kong"
1512765,2026-02-26,T20I,West Indies,South Africa,"Narendra Modi Stadium, Ahmedabad"
1512766,2026-02-26,T20I,India,Zimbabwe,"MA Chidambaram Stadium, Chepauk, Chennai"
1523000,2026-02-26,T20I,Thailand,Bhutan,"Terdthai Cricket Ground, Bangkok"
1523001,2026-02-26,T20I,Bahrain,Japan,"Terdthai Cricket Ground, Bangkok"
1525160,2026-02-26,T20I,Hong Kong,Kuwait,"Mission Road Ground, Mong Kok, Hong Kong"
1491700,2026-02-27,T20I,New Zealand,Zimbabwe,"Seddon Park, Hamilton"
1512767,2026-02-27,T20I,New Zealand,England,"R Premadasa Stadium, Colombo"
1523002,2026-02-27,T20I,Japan,Bhutan,"Terdthai Cricket Ground, Bangkok"
1523003,2026-02-27,T20I,Bahrain,Thailand,"Terdthai Cricket Ground, Bangkok"
1512768,2026-02-28,T20I,Pakistan,Sri Lanka,Pallekele International Cricket Stadium
1523004,2026-02-28,T20I,Bhutan,Thailand,"Terdthai Cricket Ground, Bangkok"
1523005,2026-02-28,T20I,Japan,Bahrain,"Terdthai Cricket Ground, Bangkok"
1523981,2026-02-28,T20I,West Indies,Sri Lanka,"National Cricket Stadium, St George's, Grenada"
1491701,2026-03-01,T20I,Zimbabwe,New Zealand,"Seddon Park, Hamilton"
1512769,2026-03-01,T20I,Zimbabwe,South Africa,"Arun Jaitley Stadium, Delhi"
1512770,2026-03-01,T20I,West Indies,India,"Eden Gardens, Kolkata"
1523982,2026-03-01,T20I,West Indies,Sri Lanka,"National Cricket Stadium, St George's, Grenada"
1525162,2026-03-01,T20I,Hong Kong,Kuwait,"Mission Road Ground, Mong Kok, Hong Kong"
1523983,2026-03-03,T20I,West Indies,Sri Lanka,"National Cricket Stadium, St George's, Grenada"
1512771,2026-03-04,T20I,South Africa,New Zealand,"Eden Gardens, Kolkata"
1512772,2026-03-05,T20I,India,England,"Wankhede Stadium, Mumbai"
1527157,2026-03-07,T20I,Malaysia,Bahrain,"Bayuemas Oval, Kuala Lumpur"
1512773,2026-03-08,T20I,India,New Zealand,"Narendra Modi Stadium, Ahmedabad"
1525166,2026-03-08,T20I,Argentina,Cayman Islands,"Jimmy Powell Oval, Cayman Islands"
1525167,2026-03-08,T20I,Mexico,Suriname,"Jimmy Powell Oval, Cayman Islands"
1527158,2026-03-08,T20I,Bahrain,Malaysia,"Bayuemas Oval, Kuala Lumpur"
1525168,2026-03-09,T20I,Argentina,Suriname,"Jimmy Powell Oval, Cayman Islands"
1525169,2026-03-09,T20I,Mexico,Cayman Islands,"Jimmy Powell Oval, Cayman Islands"
1527277,2026-03-09,T20I,Lesotho,Botswana,"Botswana Cricket Association Oval 1, Gaborone"
1527159,2026-03-10,T20I,Malaysia,Bahrain,"Bayuemas Oval, Kuala Lumpur"
1527278,2026-03-10,T20I,Lesotho,Botswana,"Botswana Cricket Association Oval 1, Gaborone"
1525170,2026-03-11,T20I,Suriname,Cayman Islands,"Jimmy Powell Oval, Cayman Islands"
1525171,2026-03-11,T20I,Argentina,Mexico,"Jimmy Powell Oval, Cayman Islands"
1525172,2026-03-12,T20I,Cayman Islands,Mexico,"Jimmy Powell Oval, Cayman Islands"
1525173,2026-03-12,T20I,Suriname,Argentina,"Jimmy Powell Oval, Cayman Islands"
1527279,2026-03-12,T20I,Botswana,Lesotho,"Botswana Cricket Association Oval 1, Gaborone"
1527280,2026-03-13,T20I,Botswana,Lesotho,"Botswana Cricket Association Oval 1, Gaborone"
1525174,2026-03-14,T20I,Argentina,Mexico,"Jimmy Powell Oval, Cayman Islands"
1525175,2026-03-14,T20I,Suriname,Cayman Islands,"Jimmy Powell Oval, Cayman Islands"
1527770,2026-03-14,T20I,Cyprus,Austria,Happy Valley Ground 2
1491705,2026-03-15,T20I,New Zealand,South Africa,"Bay Oval, Mount Maunganui"
1525176,2026-03-15,T20I,Mexico,Suriname,"Jimmy Powell Oval, Cayman Islands"
1525177,2026-03-15,T20I,Argentina,Cayman Islands,"Jimmy Powell Oval, Cayman Islands"
1527281,2026-03-15,T20I,Botswana,Lesotho,"Botswana Cricket Association Oval 1, Gaborone"
1527773,2026-03-16,T20I,Cyprus,Austria,Happy Valley Ground 2
1491706,2026-03-17,T20I,South Africa,New Zealand,"Seddon Park, Hamilton"
1526564,2026-03-19,T20I,Australia,West Indies,"Arnos Vale Ground, Kingstown, St Vincent"
1491707,2026-03-20,T20I,South Africa,New Zealand,"Eden Park, Auckland"
1526693,2026-03-20,T20I,Rwanda,Ghana,"Tafawa Balewa Square Cricket Oval, Lagos"
1526565,2026-03-21,T20I,Australia,West Indies,"Arnos Vale Ground, Kingstown, St Vincent"
1491708,2026-03-22,T20I,South Africa,New Zealand,"Sky Stadium, Wellington"
1526697,2026-03-22,T20I,Nigeria,Ghana,"Tafawa Balewa Square Cricket Oval, Lagos"
1526566,2026-03-23,T20I,Australia,West Indies,"Arnos Vale Ground, Kingstown, St Vincent"
1526699,2026-03-24,T20I,Nigeria,Rwanda,"Tafawa Balewa Square Cricket Oval, Lagos"
1526840,2026-03-24,T20I,Malawi,Tanzania,"Achimota Senior Secondary School A Field, Accra"
1526841,2026-03-24,T20I,Eswatini,St Helena,"Achimota Senior Secondary School A Field, Accra"
1526842,2026-03-24,T20I,Seychelles,Ghana,"Achimota Senior Secondary School B Field, Accra"
1491709,2026-03-25,T20I,New Zealand,South Africa,"Hagley Oval, Christchurch"
1526843,2026-03-25,T20I,St Helena,Seychelles,"Achimota Senior Secondary School A Field, Accra"
1526844,2026-03-25,T20I,Tanzania,Eswatini,"Achimota Senior Secondary School B Field, Accra"
1526845,2026-03-25,T20I,Malawi,Ghana,"Achimota Senior Secondary School A Field, Accra"
1526846,2026-03-27,T20I,St Helena,Ghana,"Achimota Senior Secondary School A Field, Accra"
1526847,2026-03-27,T20I,Eswatini,Malawi,"Achimota Senior Secondary School B Field, Accra"
1526848,2026-03-27,T20I,Tanzania,Seychelles,"Achimota Senior Secondary School B Field, Accra"
1526849,2026-03-28,T20I,Tanzania,St Helena,"Achimota Senior Secondary School B Field, Accra"
1526850,2026-03-28,T20I,Seychelles,Malawi,"Achimota Senior Secondary School A Field, Accra"
1526851,2026-03-28,T20I,Ghana,Eswatini,"Achimota Senior Secondary School B Field, Accra"
1528293,2026-03-28,T20I,Nigeria,Rwanda,"Tafawa Balewa Square Cricket Oval, Lagos"
1529377,2026-04-02,T20I,Mexico,Costa Rica,"Reforma Athletic Club, Naucalpan"
1529378,2026-04-03,T20I,Costa Rica,Brazil,"Reforma Athletic Club, Naucalpan"
1529379,2026-04-03,T20I,Mexico,Brazil,"Reforma Athletic Club, Naucalpan"
1529780,2026-04-03,T20I,Cyprus,Greece,Happy Valley Ground 2
1529380,2026-04-04,T20I,Brazil,Costa Rica,"Reforma Athletic Club, Naucalpan"
1529381,2026-04-04,T20I,Costa Rica,Mexico,"Reforma Athletic Club, Naucalpan"
1529782,2026-04-04,T20I,Cyprus,Greece,Happy Valley Ground 2
1528299,2026-04-05,T20I,Norway,France,Santarem Cricket Ground
1528300,2026-04-05,T20I,France,Portugal,Santarem Cricket Ground
1529382,2026-04-05,T20I,Mexico,Brazil,"Reforma Athletic Club, Naucalpan"
1529784,2026-04-05,T20I,Cyprus,Greece,Happy Valley Ground 2
1528301,2026-04-06,T20I,Portugal,Norway,Santarem Cricket Ground
1528302,2026-04-06,T20I,Portugal,France,Santarem Cricket Ground
1528317,2026-04-06,T20I,Brazil,Botswana,"Botswana Cricket Association Oval 1, Gaborone"
1528318,2026-04-06,T20I,Lesotho,Malawi,"Botswana Cricket Association Oval 2, Gaborone"
1528319,2026-04-06,T20I,Mozambique,Zambia,"Botswana Cricket Association Oval 1, Gaborone"
1528320,2026-04-06,T20I,Botswana,Lesotho,"Botswana Cricket Association Oval 2, Gaborone"
1528303,2026-04-07,T20I,France,Norway,Santarem Cricket Ground
1528321,2026-04-07,T20I,Brazil,Malawi,"Botswana Cricket Association Oval 1, Gaborone"
1528322,2026-04-07,T20I,Mozambique,Botswana,"Botswana Cricket Association Oval 2, Gaborone"
1528323,2026-04-07,T20I,Zambia,Lesotho,"Botswana Cricket Association Oval 1, Gaborone"
1528324,2026-04-07,T20I,Mozambique,Brazil,"Botswana Cricket Association Oval 2, Gaborone"
1529787,2026-04-07,T20I,Indonesia,Sweden,Udayana Cricket Ground
1528305,2026-04-08,T20I,Portugal,Norway,Santarem Cricket Ground
1528306,2026-04-08,T20I,Portugal,France,Santarem Cricket Ground
1528325,2026-04-08,T20I,Botswana,Malawi,"Botswana Cricket Association Oval 1, Gaborone"
1528326,2026-04-08,T20I,Brazil,Zambia,"Botswana Cricket Association Oval 2, Gaborone"
1528327,2026-04-08,T20I,Mozambique,Lesotho,"Botswana Cricket Association Oval 1, Gaborone"
1528328,2026-04-08,T20I,Botswana,Zambia,"Botswana Cricket Association Oval 2, Gaborone"
1528307,2026-04-09,T20I,Norway,France,Santarem Cricket Ground
1528308,2026-04-09,T20I,Portugal,France,Santarem Cricket Ground
1528329,2026-04-09,T20I,Mozambique,Malawi,"Botswana Cricket Association Oval 1, Gaborone"
1528330,2026-04-09,T20I,Brazil,Lesotho,"Botswana Cricket Association Oval 2, Gaborone"
1528331,2026-04-09,T20I,Zambia,Malawi,"Botswana Cricket Association Oval 1, Gaborone"
1529789,2026-04-09,T20I,Indonesia,Sweden,Udayana Cricket Ground
1528332,2026-04-10,T20I,Botswana,Brazil,"Botswana Cricket Association Oval 1, Gaborone"
1528333,2026-04-10,T20I,Lesotho,Malawi,"Botswana Cricket Association Oval 2, Gaborone"
1528334,2026-04-10,T20I,Mozambique,Brazil,"Botswana Cricket Association Oval 1, Gaborone"
1528335,2026-04-10,T20I,Malawi,Zambia,"Botswana Cricket Association Oval 2, Gaborone"
1528336,2026-04-11,T20I,Botswana,Mozambique,"Botswana Cricket Association Oval 1, Gaborone"
1528337,2026-04-11,T20I,Lesotho,Zambia,"Botswana Cricket Association Oval 2, Gaborone"
1528338,2026-04-11,T20I,Mozambique,Malawi,"Botswana Cricket Association Oval 2, Gaborone"
1529786,2026-04-11,T20I,Botswana,Brazil,"Botswana Cricket Association Oval 1, Gaborone"
1529791,2026-04-11,T20I,Indonesia,Sweden,Udayana Cricket Ground
1529793,2026-04-13,T20I,Sweden,Indonesia,Udayana Cricket Ground
1529145,2026-04-15,T20I,Namibia,Scotland,"Namibia Cricket Ground, Windhoek"
1527253,2026-04-17,T20I,India,South Africa,"Kingsmead, Durban"
1529146,2026-04-17,T20I,Scotland,Namibia,"Namibia Cricket Ground, Windhoek"
1529147,2026-04-18,T20I,Scotland,Namibia,"Namibia Cricket Ground, Windhoek"
1531150,2026-04-18,T20I,Italy,Rwanda,"Gahanga International Cricket Stadium, Rwanda"
1531151,2026-04-18,T20I,United States of America,Nepal,"Gahanga International Cricket Stadium, Rwanda"
1527254,2026-04-19,T20I,India,South Africa,"Kingsmead, Durban"
1531152,2026-04-19,T20I,Rwanda,Vanuatu,"Gahanga B Ground, Rwanda"
1531153,2026-04-19,T20I,Nepal,Italy,"Gahanga B Ground, Rwanda"
1531694,2026-04-20,T20I,Nepal,United Arab Emirates,"Tribhuvan University International Cricket Ground, Kirtipur"
1531154,2026-04-21,T20I,Rwanda,United States of America,"Gahanga International Cricket Stadium, Rwanda"
1531155,2026-04-21,T20I,Vanuatu,Italy,"Gahanga International Cricket Stadium, Rwanda"
1531695,2026-04-21,T20I,United Arab Emirates,Nepal,"Tribhuvan University International Cricket Ground, Kirtipur"
1527255,2026-04-22,T20I,India,South Africa,"The Wanderers Stadium, Johannesburg"
1531156,2026-04-22,T20I,Rwanda,Nepal,"Gahanga B Ground, Rwanda"
1531157,2026-04-22,T20I,United States of America,Vanuatu,"Gahanga B Ground, Rwanda"
1531158,2026-04-24,T20I,Vanuatu,Nepal,"Gahanga International Cricket Stadium, Rwanda"
1531159,2026-04-24,T20I,United States of America,Italy,"Gahanga International Cricket Stadium, Rwanda"
1527256,2026-04-25,T20I,India,South Africa,"The Wanderers Stadium, Johannesburg"
1531171,2026-04-25,T20I,Chile,Costa Rica,Los Reyes Polo Club
1531160,2026-04-26,T20I,Rwanda,Vanuatu,"Gahanga B Ground, Rwanda"
1531161,2026-04-26,T20I,Nepal,United States of America,"Gahanga B Ground, Rwanda"
1531172,2026-04-26,T20I,Chile,Costa Rica,Los Reyes Polo Club
1527257,2026-04-27,T20I,South Africa,India,"Willowmoore Park, Benoni"
1528275,2026-04-27,T20I,New Zealand,Bangladesh,"Bir Sreshtho Flight Lieutenant Matiur Rahman Stadium, Chattogram"
1531162,2026-04-27,T20I,Italy,Rwanda,"Gahanga International Cricket Stadium, Rwanda"
1531163,2026-04-27,T20I,United States of America,Vanuatu,"Gahanga International Cricket Stadium, Rwanda"
1528282,2026-04-28,T20I,Sri Lanka,Bangladesh,Sylhet International Cricket Stadium
1531164,2026-04-28,T20I,Nepal,Rwanda,"Gahanga B Ground, Rwanda"
1531165,2026-04-28,T20I,Vanuatu,Italy,"Gahanga B Ground, Rwanda"
1528283,2026-04-30,T20I,Sri Lanka,Bangladesh,Sylhet International Cricket Stadium
1531166,2026-04-30,T20I,Italy,United States of America,"Gahanga International Cricket Stadium, Rwanda"
1531167,2026-04-30,T20I,Nepal,Vanuatu,"Gahanga International Cricket Stadium, Rwanda"
1531168,2026-05-01,T20I,United States of America,Rwanda,"Gahanga B Ground, Rwanda"
1531169,2026-05-01,T20I,Italy,Nepal,"Gahanga B Ground, Rwanda"
1533385,2026-05-01,T20I,Germany,Austria,Bayer Uerdingen Cricket Ground
1533390,2026-05-01,T20I,Indonesia,Malaysia,"Bayuemas Oval, Kuala Lumpur"
1528277,2026-05-02,T20I,Bangladesh,New Zealand,"Shere Bangla National Stadium, Mirpur"
1528284,2026-05-02,T20I,Sri Lanka,Bangladesh,Sylhet International Cricket Stadium
1533387,2026-05-02,T20I,Germany,Austria,Bayer Uerdingen Cricket Ground
1533391,2026-05-02,T20I,Malaysia,Indonesia,"Bayuemas Oval, Kuala Lumpur"
1533394,2026-05-02,T20I,Isle of Man,Guernsey,"King George V Sports Ground, Castel"
1533389,2026-05-03,T20I,Austria,Germany,Bayer Uerdingen Cricket Ground
1533395,2026-05-03,T20I,Guernsey,Isle of Man,"King George V Sports Ground, Castel"
1533392,2026-05-04,T20I,Malaysia,Indonesia,"Bayuemas Oval, Kuala Lumpur"
1533393,2026-05-05,T20I,Indonesia,Malaysia,"Bayuemas Oval, Kuala Lumpur"
1531681,2026-05-07,T20I,Malta,Gibraltar,Marsa Sports Club
1534321,2026-05-07,T20I,Malaysia,China,"Mission Road Ground, Mong Kok, Hong Kong"
1534322,2026-05-07,T20I,Hong Kong,Malaysia,"Mission Road Ground, Mong Kok, Hong Kong"
1531683,2026-05-08,T20I,Gibraltar,Malta,Marsa Sports Club
1532637,2026-05-08,T20I,Indonesia,Philippines,Sano International Cricket Ground
1532638,2026-05-08,T20I,Vanuatu,Fiji,"Korogi Sports Park, Nisshin"
1532639,2026-05-08,T20I,South Korea,Cook Islands,"Korogi Sports Park, Nisshin"
1533397,2026-05-08,T20I,Cyprus,Finland,Happy Valley Ground
1534323,2026-05-08,T20I,China,Malaysia,"Mission Road Ground, Mong Kok, Hong Kong"
1534324,2026-05-08,T20I,Hong Kong,China,"Mission Road Ground, Mong Kok, Hong Kong"
1534590,2026-05-08,T20I,Romania,Bulgaria,"Moara Vlasiei Cricket Ground, Ilfov County"
1531685,2026-05-09,T20I,Gibraltar,Malta,Marsa Sports Club
1532640,2026-05-09,T20I,Indonesia,Samoa,Sano International Cricket Ground
1532641,2026-05-09,T20I,Japan,Vanuatu,"Korogi Sports Park, Nisshin"
1532642,2026-05-09,T20I,Papua New Guinea,South Korea,"Korogi Sports Park, Nisshin"
1533399,2026-05-09,T20I,Finland,Cyprus,Happy Valley Ground
1534065,2026-05-09,T20I,Greece,Denmark,"Marina Ground, Corfu"
1534591,2026-05-09,T20I,Romania,Bulgaria,"Moara Vlasiei Cricket Ground, Ilfov County"
1532643,2026-05-10,T20I,Samoa,Philippines,Sano International Cricket Ground
1532644,2026-05-10,T20I,Fiji,Japan,"Korogi Sports Park, Nisshin"
1532645,2026-05-10,T20I,Papua New Guinea,Cook Islands,"Korogi Sports Park, Nisshin"
1534067,2026-05-10,T20I,Greece,Denmark,"Marina Ground, Corfu"
1534325,2026-05-10,T20I,Hong Kong,Malaysia,"Mission Road Ground, Mong Kok, Hong Kong"
1534326,2026-05-10,T20I,Hong Kong,China,"Mission Road Ground, Mong Kok, Hong Kong"
1534594,2026-05-10,T20I,Romania,Bulgaria,"Moara Vlasiei Cricket Ground, Ilfov County"
1534327,2026-05-11,T20I,Hong Kong,Malaysia,"Mission Road Ground, Mong Kok, Hong Kong"
1532646,2026-05-12,T20I,Vanuatu,Samoa,Sano International Cricket Ground
1532647,2026-05-12,T20I,Philippines,South Korea,Sano International Cricket Ground 2
1532648,2026-05-12,T20I,Japan,Indonesia,Sano International Cricket Ground
1534074,2026-05-12,T20I,Pakistan,Zimbabwe,"National Stadium, Karachi"
1532649,2026-05-13,T20I,Fiji,South Korea,Sano International Cricket Ground 2
1532650,2026-05-13,T20I,Samoa,Papua New Guinea,Sano International Cricket Ground
1532651,2026-05-13,T20I,Cook Islands,Vanuatu,Sano International Cricket Ground
1532652,2026-05-14,T20I,Fiji,Philippines,Sano International Cricket Ground 2
1532653,2026-05-14,T20I,Papua New Guinea,Indonesia,Sano International Cricket Ground
1532654,2026-05-14,T20I,Japan,Cook Islands,Sano International Cricket Ground
1534075,2026-05-14,T20I,Pakistan,Zimbabwe,"National Stadium, Karachi"
1534076,2026-05-15,T20I,Pakistan,Zimbabwe,"National Stadium, Karachi"
1532655,2026-05-16,T20I,Vanuatu,Indonesia,Sano International Cricket Ground
1532656,2026-05-16,T20I,Samoa,Japan,Sano International Cricket Ground
1532657,2026-05-16,T20I,Philippines,South Korea,Sano International Cricket Ground 2
1534038,2026-05-16,T20I,Cyprus,France,Happy Valley Ground
1534039,2026-05-16,T20I,Guernsey,Sweden,Happy Valley Ground 2
1534040,2026-05-16,T20I,Switzerland,Jersey,Happy Valley Ground
1534041,2026-05-16,T20I,Malta,Austria,Happy Valley Ground 2
1532658,2026-05-17,T20I,Fiji,South Korea,Sano International Cricket Ground 2
1532659,2026-05-17,T20I,Cook Islands,Indonesia,Sano International Cricket Ground
1532660,2026-05-17,T20I,Papua New Guinea,Vanuatu,Sano International Cricket Ground
1534042,2026-05-17,T20I,Malta,Guernsey,Happy Valley Ground
1534043,2026-05-17,T20I,France,Croatia,Happy Valley Ground 2
1534044,2026-05-17,T20I,Slovenia,Austria,Happy Valley Ground
1534045,2026-05-17,T20I,Jersey,Cyprus,Happy Valley Ground 2
1532662,2026-05-18,T20I,Cook Islands,Samoa,Sano International Cricket Ground
1532663,2026-05-18,T20I,Japan,Papua New Guinea,Sano International Cricket Ground
1534046,2026-05-19,T20I,France,Jersey,Happy Valley Ground
1534047,2026-05-19,T20I,Slovenia,Sweden,Happy Valley Ground 2
1534048,2026-05-19,T20I,Croatia,Switzerland,Happy Valley Ground
1534049,2026-05-19,T20I,Guernsey,Austria,Happy Valley Ground 2
1496545,2026-05-20,T20I,New Zealand,England,"County Ground, Derby"
1534050,2026-05-20,T20I,Slovenia,Guernsey,Happy Valley Ground
1534051,2026-05-20,T20I,Switzerland,Cyprus,Happy Valley Ground 2
1534052,2026-05-20,T20I,Sweden,Malta,Happy Valley Ground
1534053,2026-05-20,T20I,Jersey,Croatia,Happy Valley Ground 2
1536409,2026-05-20,T20I,Malaysia,Nepal,"Bayuemas Oval, Kuala Lumpur"
1534054,2026-05-22,T20I,France,Switzerland,Happy Valley Ground
1534055,2026-05-22,T20I,Austria,Sweden,Happy Valley Ground 2
1534056,2026-05-22,T20I,Croatia,Cyprus,Happy Valley Ground
1534057,2026-05-22,T20I,Slovenia,Malta,Happy Valley Ground 2
1536410,2026-05-22,T20I,Malaysia,Nepal,"Bayuemas Oval, Kuala Lumpur"
1496546,2026-05-23,T20I,New Zealand,England,"St Lawrence Ground, Canterbury"
1534058,2026-05-23,T20I,France,Sweden,Happy Valley Ground 2
1534059,2026-05-23,T20I,Malta,Switzerland,Happy Valley Ground
1534060,2026-05-23,T20I,Croatia,Austria,Happy Valley Ground
1534061,2026-05-23,T20I,Guernsey,Jersey,Happy Valley Ground 2
1535413,2026-05-23,T20I,Cameroon,Rwanda,"Botswana Cricket Association Oval 1, Gaborone"
1535414,2026-05-23,T20I,Botswana,Sierra Leone,"Botswana Cricket Association Oval 1, Gaborone"
1535415,2026-05-23,T20I,Kenya,Mali,"Botswana Cricket Association Oval 2, Gaborone"
1535416,2026-05-24,T20I,Rwanda,Ivory Coast,"Botswana Cricket Association Oval 1, Gaborone"
1535417,2026-05-24,T20I,Mali,Botswana,"Botswana Cricket Association Oval 1, Gaborone"
1535418,2026-05-24,T20I,Sierra Leone,Cameroon,"Botswana Cricket Association Oval 2, Gaborone"
1496547,2026-05-25,T20I,New Zealand,England,"County Ground, Hove"
1535419,2026-05-25,T20I,Kenya,Rwanda,"Botswana Cricket Association Oval 1, Gaborone"
1535420,2026-05-25,T20I,Botswana,Cameroon,"Botswana Cricket Association Oval 2, Gaborone"
1535421,2026-05-25,T20I,Ivory Coast,Mali,"Botswana Cricket Association Oval 2, Gaborone"
1535422,2026-05-26,T20I,Mali,Rwanda,"Botswana Cricket Association Oval 2, Gaborone"
1535423,2026-05-26,T20I,Kenya,Sierra Leone,"Botswana Cricket Association Oval 1, Gaborone"
1535424,2026-05-26,T20I,Cameroon,Ivory Coast,"Botswana Cricket Association Oval 2, Gaborone"
1536399,2026-05-26,T20I,Thailand,Hong Kong,"Bayuemas Oval, Kuala Lumpur"
1536400,2026-05-26,T20I,Indonesia,China,"Bayuemas Oval, Kuala Lumpur"
1536401,2026-05-27,T20I,Malaysia,Thailand,"Bayuemas Oval, Kuala Lumpur"
1536402,2026-05-27,T20I,Nepal,China,"Bayuemas Oval, Kuala Lumpur"
1496548,2026-05-28,T20I,India,England,"County Ground, Chelmsford"
1528538,2026-05-28,T20I,Ireland,West Indies,"Castle Avenue, Dublin"
1535425,2026-05-28,T20I,Botswana,Ivory Coast,"Botswana Cricket Association Oval 1, Gaborone"
1535426,2026-05-28,T20I,Sierra Leone,Rwanda,"Botswana Cricket Association Oval 2, Gaborone"
1535427,2026-05-28,T20I,Cameroon,Kenya,"Botswana Cricket Association Oval 1, Gaborone"
1535591,2026-05-28,T20I,Netherlands,Scotland,"Grange Cricket Club Ground, Raeburn Place, Edinburgh"
1536403,2026-05-28,T20I,Malaysia,Hong Kong,"Bayuemas Oval, Kuala Lumpur"
1536404,2026-05-28,T20I,Indonesia,Nepal,"Bayuemas Oval, Kuala Lumpur"
1528539,2026-05-29,T20I,West Indies,Pakistan,"Castle Avenue, Dublin"
1535428,2026-05-29,T20I,Cameroon,Mali,"Botswana Cricket Association Oval 1, Gaborone"
1535429,2026-05-29,T20I,Ivory Coast,Sierra Leone,"Botswana Cricket Association Oval 2, Gaborone"
1535430,2026-05-29,T20I,Kenya,Botswana,"Botswana Cricket Association Oval 2, Gaborone"
1538636,2026-05-29,T20I,Bahrain,Oman,"Selangor Turf Club, Kuala Lumpur"
1496549,2026-05-30,T20I,England,India,"County Ground, Bristol"
1535431,2026-05-30,T20I,Mali,Sierra Leone,"Botswana Cricket Association Oval 1, Gaborone"
1535432,2026-05-30,T20I,Ivory Coast,Kenya,"Botswana Cricket Association Oval 2, Gaborone"
1535433,2026-05-30,T20I,Rwanda,Botswana,"Botswana Cricket Association Oval 1, Gaborone"
1535592,2026-05-30,T20I,Bangladesh,Scotland,"Grange Cricket Club Ground, Raeburn Place, Edinburgh"
1536405,2026-05-30,T20I,Thailand,China,"Bayuemas Oval, Kuala Lumpur"
1536406,2026-05-30,T20I,Nepal,Malaysia,"Bayuemas Oval, Kuala Lumpur"
1538634,2026-05-30,T20I,Myanmar,Kuwait,"YSD-UKM Cricket Oval, Bangi"
1538637,2026-05-30,T20I,Oman,Bahrain,"Selangor Turf Club, Kuala Lumpur"
1528540,2026-05-31,T20I,Pakistan,Ireland,"Castle Avenue, Dublin"
1535593,2026-05-31,T20I,Netherlands,Bangladesh,"Grange Cricket Club Ground, Raeburn Place, Edinburgh"
1536407,2026-05-31,T20I,Nepal,China,"Bayuemas Oval, Kuala Lumpur"
1536408,2026-05-31,T20I,Malaysia,Thailand,"Bayuemas Oval, Kuala Lumpur"
1538635,2026-05-31,T20I,Myanmar,Kuwait,"YSD-UKM Cricket Oval, Bangi"
1528541,2026-06-01,T20I,West Indies,Ireland,"Castle Avenue, Dublin"
1538442,2026-06-01,T20I,Oman,Singapore,Singapore National Cricket Ground
1538443,2026-06-01,T20I,Bahrain,Hong Kong,Singapore National Cricket Ground
1496550,2026-06-02,T20I,India,England,"The Cooper Associates County Ground, Taunton"
1535594,2026-06-02,T20I,Bangladesh,Scotland,"Grange Cricket Club Ground, Raeburn Place, Edinburgh"
1538211,2026-06-02,T20I,Mozambique,Lesotho,Malkerns Country Club oval
1538445,2026-06-02,T20I,China,Malaysia,Singapore National Cricket Ground
1528542,2026-06-03,T20I,Pakistan,West Indies,"Castle Avenue, Dublin"
1535595,2026-06-03,T20I,Scotland,Netherlands,"Grange Cricket Club Ground, Raeburn Place, Edinburgh"
1536612,2026-06-03,T20I,Malaysia,Kuwait,"Bayuemas Oval, Kuala Lumpur"
1536613,2026-06-03,T20I,Saudi Arabia,United Arab Emirates,"YSD-UKM Cricket Oval, Bangi"
1536614,2026-06-03,T20I,Mongolia,Thailand,"Selangor Turf Club, Kuala Lumpur"
1536615,2026-06-03,T20I,Qatar,Nepal,"Kolej Tuanku Jaafar Cricket Oval, Mantin"
1536616,2026-06-03,T20I,Bahrain,Myanmar,"Bayuemas Oval, Kuala Lumpur"
1536617,2026-06-03,T20I,Oman,China,"YSD-UKM Cricket Oval, Bangi"
1536618,2026-06-03,T20I,Singapore,Indonesia,"Selangor Turf Club, Kuala Lumpur"
1536619,2026-06-03,T20I,Hong Kong,Bhutan,"Kolej Tuanku Jaafar Cricket Oval, Mantin"
1538213,2026-06-03,T20I,Eswatini,Mozambique,Malkerns Country Club oval
1538446,2026-06-03,T20I,Oman,Bahrain,Singapore National Cricket Ground
1538447,2026-06-03,T20I,Singapore,Hong Kong,Singapore National Cricket Ground
1535596,2026-06-04,T20I,Bangladesh,Netherlands,"Grange Cricket Club Ground, Raeburn Place, Edinburgh"
1536620,2026-06-04,T20I,Malaysia,Singapore,"Bayuemas Oval, Kuala Lumpur"
1536621,2026-06-04,T20I,Bahrain,Thailand,"YSD-UKM Cricket Oval, Bangi"
1536622,2026-06-04,T20I,Oman,United Arab Emirates,"Selangor Turf Club, Kuala Lumpur"
1536623,2026-06-04,T20I,Nepal,Bhutan,"Kolej Tuanku Jaafar Cricket Oval, Mantin"
1536624,2026-06-04,T20I,Japan,Mongolia,"Bayuemas Oval, Kuala Lumpur"
1536625,2026-06-04,T20I,Philippines,Saudi Arabia,"YSD-UKM Cricket Oval, Bangi"
1536626,2026-06-04,T20I,Kuwait,Indonesia,"Selangor Turf Club, Kuala Lumpur"
1536627,2026-06-04,T20I,Hong Kong,Qatar,"Kolej Tuanku Jaafar Cricket Oval, Mantin"
1538214,2026-06-04,T20I,Mozambique,Lesotho,Malkerns Country Club oval
1538215,2026-06-04,T20I,Lesotho,Eswatini,Malkerns Country Club oval
1538449,2026-06-04,T20I,Nepal,Malaysia,Singapore National Cricket Ground
1538450,2026-06-05,T20I,Bahrain,Singapore,Singapore National Cricket Ground
1538451,2026-06-05,T20I,Hong Kong,Oman,Singapore National Cricket Ground
1536628,2026-06-06,T20I,Malaysia,Indonesia,"Bayuemas Oval, Kuala Lumpur"
1536629,2026-06-06,T20I,Philippines,China,"YSD-UKM Cricket Oval, Bangi"
1536630,2026-06-06,T20I,Japan,Myanmar,"Selangor Turf Club, Kuala Lumpur"
1536631,2026-06-06,T20I,Qatar,Bhutan,"Kolej Tuanku Jaafar Cricket Oval, Mantin"
1536632,2026-06-06,T20I,Bahrain,Mongolia,"Bayuemas Oval, Kuala Lumpur"
1536633,2026-06-06,T20I,Saudi Arabia,Oman,"YSD-UKM Cricket Oval, Bangi"
1536634,2026-06-06,T20I,Singapore,Kuwait,"Selangor Turf Club, Kuala Lumpur"
1536635,2026-06-06,T20I,Hong Kong,Nepal,"Kolej Tuanku Jaafar Cricket Oval, Mantin"
1538216,2026-06-06,T20I,Mozambique,Eswatini,Malkerns Country Club oval
1538217,2026-06-06,T20I,Mozambique,Lesotho,Malkerns Country Club oval
1536636,2026-06-07,T20I,Myanmar,Thailand,"Bayuemas Oval, Kuala Lumpur"
1536637,2026-06-07,T20I,United Arab Emirates,China,"YSD-UKM Cricket Oval, Bangi"
1536638,2026-06-07,T20I,Japan,Bahrain,"Bayuemas Oval, Kuala Lumpur"
1536639,2026-06-07,T20I,Oman,Philippines,"YSD-UKM Cricket Oval, Bangi"
1538218,2026-06-07,T20I,Lesotho,Eswatini,Malkerns Country Club oval
1538219,2026-06-07,T20I,Mozambique,Eswatini,Malkerns Country Club oval
1538452,2026-06-07,T20I,Oman,Nepal,Singapore National Cricket Ground
1538453,2026-06-07,T20I,Malaysia,Hong Kong,Singapore National Cricket Ground
1538454,2026-06-08,T20I,Oman,Malaysia,Singapore National Cricket Ground
1538455,2026-06-08,T20I,Hong Kong,Nepal,Singapore National Cricket Ground
1536640,2026-06-09,T20I,Thailand,Japan,"Bayuemas Oval, Kuala Lumpur"
1536641,2026-06-09,T20I,Myanmar,Mongolia,"YSD-UKM Cricket Oval, Bangi"
1536642,2026-06-09,T20I,United Arab Emirates,Philippines,"Bayuemas Oval, Kuala Lumpur"
1536643,2026-06-09,T20I,Saudi Arabia,China,"YSD-UKM Cricket Oval, Bangi"
1536644,2026-06-10,T20I,Thailand,Nepal,"Bayuemas Oval, Kuala Lumpur"
1536645,2026-06-10,T20I,Hong Kong,Japan,"YSD-UKM Cricket Oval, Bangi"
1536646,2026-06-10,T20I,United Arab Emirates,Malaysia,"Bayuemas Oval, Kuala Lumpur"
1536647,2026-06-10,T20I,Indonesia,Oman,"YSD-UKM Cricket Oval, Bangi"
1539491,2026-06-10,T20I,Nigeria,Malawi,"Gahanga B Ground, Rwanda"
1538307,2026-06-11,T20I,Sri Lanka,West Indies,"Sabina Park, Kingston, Jamaica"
1539464,2026-06-11,T20I,Norway,Sweden,"Botkyrka Cricket Center, Stockholm"
1539465,2026-06-11,T20I,Austria,Finland,"Botkyrka Cricket Center, Stockholm"
1539493,2026-06-11,T20I,Nigeria,Brazil,"Gahanga International Cricket Stadium, Rwanda"
1539494,2026-06-11,T20I,Rwanda,Malawi,"Gahanga B Ground, Rwanda"
1490677,2026-06-12,T20I,England,Sri Lanka,"Edgbaston, Birmingham"
1536648,2026-06-12,T20I,Indonesia,Thailand,"Bayuemas Oval, Kuala Lumpur"
1536649,2026-06-12,T20I,Hong Kong,United Arab Emirates,"Bayuemas Oval, Kuala Lumpur"
1539466,2026-06-12,T20I,Sweden,Finland,"Botkyrka Cricket Center, Stockholm"
1539467,2026-06-12,T20I,Norway,Austria,"Botkyrka Cricket Center, Stockholm"
1539496,2026-06-12,T20I,Rwanda,Nigeria,"Gahanga International Cricket Stadium, Rwanda"
1539497,2026-06-12,T20I,Brazil,Malawi,"Gahanga B Ground, Rwanda"
1490678,2026-06-13,T20I,Scotland,Ireland,"Old Trafford, Manchester"
1490679,2026-06-13,T20I,Australia,South Africa,"Old Trafford, Manchester"
1490680,2026-06-13,T20I,New Zealand,West Indies,"The Rose Bowl, Southampton"
1536650,2026-06-13,T20I,Hong Kong,Indonesia,"Bayuemas Oval, Kuala Lumpur"
1536651,2026-06-13,T20I,United Arab Emirates,Thailand,"Bayuemas Oval, Kuala Lumpur"
1538308,2026-06-13,T20I,Sri Lanka,West Indies,"Sabina Park, Kingston, Jamaica"
1539468,2026-06-13,T20I,Finland,Norway,"Botkyrka Cricket Center, Stockholm"
1539469,2026-06-13,T20I,Sweden,Austria,"Botkyrka Cricket Center, Stockholm"
1490681,2026-06-14,T20I,Netherlands,Bangladesh,"Edgbaston, Birmingham"
1490682,2026-06-14,T20I,India,Pakistan,"Edgbaston, Birmingham"
1538309,2026-06-14,T20I,Sri Lanka,West Indies,"Sabina Park, Kingston, Jamaica"
1539470,2026-06-14,T20I,Norway,Austria,"Botkyrka Cricket Center, Stockholm"
1539471,2026-06-14,T20I,Finland,Sweden,"Botkyrka Cricket Center, Stockholm"
1539500,2026-06-14,T20I,Rwanda,Brazil,"Gahanga B Ground, Rwanda"
1539501,2026-06-14,T20I,Malawi,Nigeria,"Gahanga International Cricket Stadium, Rwanda"
1539583,2026-06-14,T20I,Jersey,Guernsey,"Grainville, St Saviour"
1539503,2026-06-15,T20I,Nigeria,Brazil,"Gahanga B Ground, Rwanda"
1539504,2026-06-15,T20I,Rwanda,Malawi,"Gahanga International Cricket Stadium, Rwanda"
1490683,2026-06-16,T20I,New Zealand,Sri Lanka,"The Rose Bowl, Southampton"
1490684,2026-06-16,T20I,Ireland,England,"The Rose Bowl, Southampton"
1490685,2026-06-17,T20I,Bangladesh,Australia,"Headingley, Leeds"
1490686,2026-06-17,T20I,India,Netherlands,"Headingley, Leeds"
1490687,2026-06-17,T20I,Pakistan,South Africa,"Edgbaston, Birmingham"
1539506,2026-06-17,T20I,Brazil,Malawi,"Gahanga International Cricket Stadium, Rwanda"
1490688,2026-06-18,T20I,West Indies,Scotland,"Headingley, Leeds"
1539472,2026-06-18,T20I,Denmark,Germany,"Svanholm Park, Brondby"
1539507,2026-06-18,T20I,Rwanda,Brazil,"Gahanga B Ground, Rwanda"
1539739,2026-06-18,T20I,Nigeria,Hong Kong,"Namibia Cricket Ground, Windhoek"
1540322,2026-06-18,T20I,Cyprus,Malta,Happy Valley Ground
1490689,2026-06-19,T20I,New Zealand,Ireland,"The Rose Bowl, Southampton"
1532484,2026-06-19,T20I,Australia,Bangladesh,"Bir Sreshtho Flight Lieutenant Matiur Rahman Stadium, Chattogram"
1539473,2026-06-19,T20I,Germany,Denmark,"Svanholm Park, Brondby"
1539509,2026-06-19,T20I,Rwanda,Nigeria,"Gahanga B Ground, Rwanda"
1539740,2026-06-19,T20I,Hong Kong,Namibia,"Namibia Cricket Ground, Windhoek"
1540308,2026-06-19,T20I,Belgium,Romania,"Moara Vlasiei Cricket Ground, Ilfov County"
1540309,2026-06-19,T20I,Romania,Switzerland,"Moara Vlasiei Cricket Ground, Ilfov County"
1540310,2026-06-19,T20I,Hungary,Switzerland,"Moara Vlasiei Cricket Ground, Ilfov County"
1540324,2026-06-19,T20I,Malta,Cyprus,Happy Valley Ground
1490690,2026-06-20,T20I,Australia,Netherlands,"The Rose Bowl, Southampton"
1490691,2026-06-20,T20I,Bangladesh,Pakistan,"The Rose Bowl, Southampton"
1490692,2026-06-20,T20I,England,Scotland,"Headingley, Leeds"
1539475,2026-06-20,T20I,Germany,Denmark,"Svanholm Park, Brondby"
1539510,2026-06-20,T20I,Brazil,Nigeria,"Gahanga International Cricket Stadium, Rwanda"
1539741,2026-06-20,T20I,Namibia,Nigeria,"Namibia Cricket Ground, Windhoek"
1540311,2026-06-20,T20I,Hungary,Romania,"Moara Vlasiei Cricket Ground, Ilfov County"
1540312,2026-06-20,T20I,Belgium,Hungary,"Moara Vlasiei Cricket Ground, Ilfov County"
1540313,2026-06-20,T20I,Belgium,Switzerland,"Moara Vlasiei Cricket Ground, Ilfov County"
1540326,2026-06-20,T20I,Cyprus,Malta,Happy Valley Ground
1490693,2026-06-21,T20I,Sri Lanka,West Indies,"County Ground, Bristol"
1490694,2026-06-21,T20I,India,South Africa,"Old Trafford, Manchester"
1532485,2026-06-21,T20I,Bangladesh,Australia,"Bir Sreshtho Flight Lieutenant Matiur Rahman Stadium, Chattogram"
1539730,2026-06-21,T20I,Bahamas,Bermuda,"White Hill Field, Sandys Parish"
1539742,2026-06-21,T20I,Nigeria,Hong Kong,"Namibia Cricket Ground, Windhoek"
1540314,2026-06-21,T20I,Belgium,Hungary,"Moara Vlasiei Cricket Ground, Ilfov County"
1540315,2026-06-21,T20I,Romania,Switzerland,"Moara Vlasiei Cricket Ground, Ilfov County"
1540316,2026-06-21,T20I,Belgium,Romania,"Moara Vlasiei Cricket Ground, Ilfov County"
1539731,2026-06-22,T20I,Belize,Bermuda,"White Hill Field, Sandys Parish"
1539732,2026-06-22,T20I,Panama,Brazil,"White Hill Field, Sandys Parish"
1539743,2026-06-22,T20I,Namibia,Hong Kong,"Namibia Cricket Ground, Windhoek"
1541804,2026-06-22,T20I,Singapore,Uzbekistan,Singapore National Cricket Ground
1490695,2026-06-23,T20I,Scotland,New Zealand,"County Ground, Bristol"
1490696,2026-06-23,T20I,Ireland,Sri Lanka,"County Ground, Bristol"
1490697,2026-06-23,T20I,Australia,Pakistan,"Headingley, Leeds"
1539744,2026-06-23,T20I,Namibia,Nigeria,"Namibia Cricket Ground, Windhoek"
1541805,2026-06-23,T20I,Indonesia,Uzbekistan,Singapore National Cricket Ground
1541806,2026-06-23,T20I,Singapore,Thailand,Singapore National Cricket Ground
1490698,2026-06-24,T20I,England,West Indies,"Lord's, London"
1539733,2026-06-24,T20I,Bahamas,Panama,"White Hill Field, Sandys Parish"
1539734,2026-06-24,T20I,Brazil,Belize,"White Hill Field, Sandys Parish"
1490699,2026-06-25,T20I,Bangladesh,India,"Old Trafford, Manchester"
1490700,2026-06-25,T20I,South Africa,Netherlands,"County Ground, Bristol"
1539735,2026-06-25,T20I,Panama,Bermuda,"White Hill Field, Sandys Parish"
1539736,2026-06-25,T20I,Brazil,Bahamas,"White Hill Field, Sandys Parish"
1541807,2026-06-25,T20I,Uzbekistan,Thailand,Singapore National Cricket Ground
1541808,2026-06-25,T20I,Singapore,Indonesia,Singapore National Cricket Ground
1490701,2026-06-26,T20I,Scotland,Sri Lanka,"Old Trafford, Manchester"
1528548,2026-06-26,T20I,Ireland,India,"Civil Service Cricket Club, Stormont, Belfast"
1539476,2026-06-26,T20I,Serbia,Luxembourg,"Scott Page Field, Vinor"
1539477,2026-06-26,T20I,Czech Republic,Luxembourg,"Scott Page Field, Vinor"
1539512,2026-06-26,T20I,Norway,Luxembourg,"Banks Field, Vinor"
1541615,2026-06-26,T20I,Bulgaria,Serbia,"Vassil Levski National Sports Academy, Sofia"
1541809,2026-06-26,T20I,Indonesia,Uzbekistan,Singapore National Cricket Ground
1541810,2026-06-26,T20I,Thailand,Singapore,Singapore National Cricket Ground
1490702,2026-06-27,T20I,Pakistan,Netherlands,"County Ground, Bristol"
1490703,2026-06-27,T20I,West Indies,Ireland,"County Ground, Bristol"
1490704,2026-06-27,T20I,New Zealand,England,"Kennington Oval, London"
1539479,2026-06-27,T20I,Serbia,Luxembourg,"Scott Page Field, Vinor"
1539514,2026-06-27,T20I,Czech Republic,Norway,"Banks Field, Vinor"
1539515,2026-06-27,T20I,Norway,Luxembourg,"Banks Field, Vinor"
1539737,2026-06-27,T20I,Bahamas,Belize,"White Hill Field, Sandys Parish"
1539738,2026-06-27,T20I,Bermuda,Brazil,"White Hill Field, Sandys Parish"
1540948,2026-06-27,T20I,Denmark,Switzerland,Albertslund Cricket Club
1541616,2026-06-27,T20I,Bulgaria,Serbia,"Vassil Levski National Sports Academy, Sofia"
1542988,2026-06-27,T20I,Hungary,Austria,"GB Oval, Szodliget"
1490705,2026-06-28,T20I,Bangladesh,South Africa,"Lord's, London"
1490706,2026-06-28,T20I,India,Australia,"Lord's, London"
1528549,2026-06-28,T20I,Ireland,India,"Civil Service Cricket Club, Stormont, Belfast"
1539480,2026-06-28,T20I,Czech Republic,Luxembourg,"Scott Page Field, Vinor"
1539517,2026-06-28,T20I,Norway,Czech Republic,"Banks Field, Vinor"
1541618,2026-06-28,T20I,Bulgaria,Serbia,"Vassil Levski National Sports Academy, Sofia"
1542989,2026-06-28,T20I,Hungary,Austria,"GB Oval, Szodliget"
1490707,2026-06-30,T20I,West Indies,Australia,"Kennington Oval, London"
1496574,2026-07-01,T20I,India,England,"Riverside Ground, Chester-le-Street"
1540317,2026-07-01,T20I,Portugal,Sweden,"Botkyrka Cricket Center, Stockholm"
1490708,2026-07-02,T20I,England,South Africa,"Kennington Oval, London"
1540319,2026-07-02,T20I,Sweden,Portugal,"Botkyrka Cricket Center, Stockholm"
1543356,2026-07-03,T20I,Portugal,Finland,Kerava National Cricket Ground
1496575,2026-07-04,T20I,India,England,"Old Trafford, Manchester"
1543358,2026-07-04,T20I,Portugal,Finland,Kerava National Cricket Ground
1490709,2026-07-05,T20I,England,Australia,"Lord's, London"
1496576,2026-07-07,T20I,England,India,"Trent Bridge, Nottingham"
1543361,2026-07-08,T20I,Denmark,Estonia,"Svanholm Park, Brondby"
1543362,2026-07-08,T20I,Gibraltar,Belgium,Koge Cricket Club
1543364,2026-07-08,T20I,Serbia,Romania,Koge Cricket Club
1496577,2026-07-09,T20I,India,England,"County Ground, Bristol"
1543365,2026-07-09,T20I,Denmark,Turkey,Koge Cricket Club
1543366,2026-07-09,T20I,Estonia,Norway,Koge Cricket Club
1543367,2026-07-10,T20I,Gibraltar,Romania,"Svanholm Park, Brondby"
1543368,2026-07-10,T20I,Hungary,Estonia,Koge Cricket Club
1543369,2026-07-10,T20I,Belgium,Serbia,"Svanholm Park, Brondby"
1543370,2026-07-10,T20I,Turkey,Norway,Koge Cricket Club
1544137,2026-07-10,T20I,Germany,Switzerland,SSC Karlsruhe
1496578,2026-07-11,T20I,England,India,"The Rose Bowl, Southampton"
1544139,2026-07-11,T20I,Germany,Switzerland,SSC Karlsruhe
1543371,2026-07-12,T20I,Denmark,Norway,"Svanholm Park, Brondby"
1543372,2026-07-12,T20I,Belgium,Romania,Koge Cricket Club
1543373,2026-07-12,T20I,Hungary,Turkey,"Svanholm Park, Brondby"
1543374,2026-07-12,T20I,Serbia,Gibraltar,Koge Cricket Club
1544141,2026-07-12,T20I,Switzerland,Germany,SSC Karlsruhe
1543375,2026-07-13,T20I,Denmark,Hungary,"Svanholm Park, Brondby"
1543376,2026-07-13,T20I,Turkey,Estonia,"Svanholm Park, Brondby"
1543377,2026-07-14,T20I,Serbia,Estonia,Koge Cricket Club
1543378,2026-07-14,T20I,Norway,Gibraltar,Koge Cricket Club
1544120,2026-07-14,T20I,Hungary,Belgium,"Svanholm Park, Brondby"
1544121,2026-07-14,T20I,Denmark,Romania,"Svanholm Park, Brondby"
1538301,2026-07-15,T20I,Zimbabwe,Bangladesh,"Queens Sports Club, Bulawayo"
1538302,2026-07-17,T20I,Bangladesh,Zimbabwe,"Queens Sports Club, Bulawayo"
1538303,2026-07-19,T20I,Zimbabwe,Bangladesh,"Queens Sports Club, Bulawayo"
1544599,2026-07-21,T20I,Hong Kong,Uganda,"High Performance Oval, Windhoek"
1544600,2026-07-21,T20I,Tanzania,Namibia,"High Performance Oval, Windhoek"
1544601,2026-07-22,T20I,Namibia,Uganda,"High Performance Oval, Windhoek"
1544602,2026-07-22,T20I,Hong Kong,Tanzania,"High Performance Oval, Windhoek"
1530060,2026-07-23,T20I,Zimbabwe,India,Harare Sports Club
1544603,2026-07-24,T20I,Uganda,Tanzania,"High Performance Oval, Windhoek"
1544604,2026-07-24,T20I,Hong Kong,Namibia,"High Performance Oval, Windhoek"
1530061,2026-07-25,T20I,India,Zimbabwe,Harare Sports Club
1544605,2026-07-25,T20I,Tanzania,Namibia,"High Performance Oval, Windhoek"
1544606,2026-07-25,T20I,Hong Kong,Uganda,"Namibia Cricket Ground, Windhoek"
1546377,2026-07-25,T20I,France,Romania,"Moara Vlasiei Cricket Ground, Ilfov County"
1546378,2026-07-25,T20I,Austria,Turkey,"Moara Vlasiei Cricket Ground, Ilfov County"
1547107,2026-07-25,T20I,Estonia,Finland,Estonian National Cricket and Rugby Field
1530062,2026-07-26,T20I,India,Zimbabwe,Harare Sports Club
1546379,2026-07-26,T20I,Romania,Austria,"Moara Vlasiei Cricket Ground, Ilfov County"
1546380,2026-07-26,T20I,Turkey,Romania,"Moara Vlasiei Cricket Ground, Ilfov County"
1544607,2026-07-27,T20I,Tanzania,Hong Kong,"Namibia Cricket Ground, Windhoek"
1544608,2026-07-27,T20I,Uganda,Namibia,"Namibia Cricket Ground, Windhoek"
1546381,2026-07-27,T20I,France,Turkey,"Moara Vlasiei Cricket Ground, Ilfov County"
1546382,2026-07-27,T20I,Israel,Romania,"Moara Vlasiei Cricket Ground, Ilfov County"
1544609,2026-07-28,T20I,Hong Kong,Namibia,"Namibia Cricket Ground, Windhoek"
1544610,2026-07-28,T20I,Uganda,Tanzania,"Namibia Cricket Ground, Windhoek"
1546383,2026-07-28,T20I,Israel,Austria,"Moara Vlasiei Cricket Ground, Ilfov County"
1546384,2026-07-28,T20I,Turkey,Israel,"Moara Vlasiei Cricket Ground, Ilfov County"
1546385,2026-07-28,T20I,France,Austria,"Moara Vlasiei Cricket Ground, Ilfov County"
1544142,2026-07-29,T20I,Canada,Argentina,"St George's College Ground, Buenos Aires"
1546386,2026-07-29,T20I,Israel,France,"Moara Vlasiei Cricket Ground, Ilfov County"
1546387,2026-07-29,T20I,Turkey,France,"Moara Vlasiei Cricket Ground, Ilfov County"
1544143,2026-07-30,T20I,Canada,Argentina,"St George's College Ground, Buenos Aires"
1544611,2026-07-30,T20I,Hong Kong,Tanzania,"Namibia Cricket Ground, Windhoek"
1544612,2026-07-30,T20I,Uganda,Namibia,"Namibia Cricket Ground, Windhoek"
1546388,2026-07-30,T20I,Austria,Romania,"Moara Vlasiei Cricket Ground, Ilfov County"
1546389,2026-07-30,T20I,France,Romania,"Moara Vlasiei Cricket Ground, Ilfov County"
1540543,2026-07-31,T20I,Pakistan,Sri Lanka,Rangiri Dambulla International Stadium
1544144,2026-07-31,T20I,Argentina,Canada,"St George's College Ground, Buenos Aires"
1548122,2026-07-31,T20I,Bahrain,Kenya,"Gymkhana Club Ground, Nairobi"
1544145,2026-08-01,T20I,Argentina,Canada,"St George's College Ground, Buenos Aires"
1548123,2026-08-01,T20I,Bahrain,Kenya,"Gymkhana Club Ground, Nairobi"
1540544,2026-08-02,T20I,Pakistan,Sri Lanka,Rangiri Dambulla International Stadium
1544147,2026-08-02,T20I,Argentina,Canada,"St George's College Ground, Buenos Aires"
1540545,2026-08-04,T20I,Sri Lanka,Pakistan,Rangiri Dambulla International Stadium
1545655,2026-08-06,T20I,Mexico,Panama,"Los Pinos Polo Club 1, Cundinamarca"
1545656,2026-08-07,T20I,Panama,Brazil,"Los Pinos Polo Club 1, Cundinamarca"
1545657,2026-08-08,T20I,Brazil,Mexico,"Los Pinos Polo Club 1, Cundinamarca"
1545658,2026-08-08,T20I,Peru,Panama,"Los Pinos Polo Club 2, Cundinamarca"
1545659,2026-08-08,T20I,Mexico,Peru,"Los Pinos Polo Club 1, Cundinamarca"
1549355,2026-08-09,T20I,Brazil,Panama,"Los Pinos Polo Club 1, Cundinamarca"
1549208,2026-08-10,T20I,Thailand,Papua New Guinea,"Amini Park, Port Moresby"
1547089,2026-08-11,T20I,Zambia,Rwanda,"TCA Oval, Blantyre"
1547090,2026-08-11,T20I,Malawi,Zambia,"TCA Oval, Blantyre"
1549209,2026-08-11,T20I,Papua New Guinea,Thailand,"Amini Park, Port Moresby"
1549394,2026-08-11,T20I,Germany,Finland,Kerava National Cricket Ground
1547091,2026-08-12,T20I,Malawi,Rwanda,"TCA Oval, Blantyre"
1547092,2026-08-12,T20I,Zambia,Rwanda,"TCA Oval, Blantyre"
1545660,2026-08-14,T20I,Finland,Spain,Kerava National Cricket Ground
1545661,2026-08-14,T20I,Portugal,Israel,Tikkurila Cricket Ground
1545662,2026-08-14,T20I,Luxembourg,Isle of Man,Kerava National Cricket Ground
1545663,2026-08-14,T20I,Germany,Czech Republic,Tikkurila Cricket Ground
1547094,2026-08-14,T20I,Malawi,Rwanda,"TCA Oval, Blantyre"
1545664,2026-08-15,T20I,Greece,Czech Republic,Kerava National Cricket Ground
1545665,2026-08-15,T20I,Isle of Man,Spain,Tikkurila Cricket Ground
1545666,2026-08-15,T20I,Germany,Portugal,Kerava National Cricket Ground
1545667,2026-08-15,T20I,Finland,Bulgaria,Tikkurila Cricket Ground
1547095,2026-08-15,T20I,Rwanda,Zambia,"TCA Oval, Blantyre"
1547096,2026-08-15,T20I,Zambia,Malawi,"TCA Oval, Blantyre"
1547097,2026-08-16,T20I,Malawi,Rwanda,"TCA Oval, Blantyre"
1545668,2026-08-17,T20I,Israel,Germany,Kerava National Cricket Ground
1545669,2026-08-17,T20I,Isle of Man,Bulgaria,Tikkurila Cricket Ground
1545670,2026-08-17,T20I,Greece,Portugal,Kerava National Cricket Ground
1545671,2026-08-17,T20I,Spain,Luxembourg,Tikkurila Cricket Ground
1545672,2026-08-18,T20I,Greece,Germany,Kerava National Cricket Ground
1545673,2026-08-18,T20I,Finland,Luxembourg,Tikkurila Cricket Ground
1545674,2026-08-18,T20I,Czech Republic,Israel,Kerava National Cricket Ground
1545675,2026-08-18,T20I,Bulgaria,Spain,Tikkurila Cricket Ground
1545676,2026-08-20,T20I,Bulgaria,Luxembourg,Kerava National Cricket Ground
1545677,2026-08-20,T20I,Portugal,Czech Republic,Tikkurila Cricket Ground
1545679,2026-08-20,T20I,Israel,Greece,Tikkurila Cricket Ground
1545680,2026-08-21,T20I,Germany,Finland,Kerava National Cricket Ground
1545681,2026-08-21,T20I,Bulgaria,Czech Republic,Tikkurila Cricket Ground
1545682,2026-08-21,T20I,Israel,Isle of Man,Tikkurila Cricket Ground
1545683,2026-08-21,T20I,Portugal,Spain,Kerava National Cricket Ground
1548522,2026-08-22,T20I,Belgium,Luxembourg,Pierre Werner Cricket Ground
1548524,2026-08-23,T20I,Belgium,Luxembourg,Pierre Werner Cricket Ground
1549194,2026-08-26,T20I,Austria,Turkey,"Moara Vlasiei Cricket Ground, Ilfov County"
1549195,2026-08-26,T20I,Romania,Isle of Man,"Moara Vlasiei Cricket Ground, Ilfov County"
1549196,2026-08-26,T20I,Austria,Guernsey,"Moara Vlasiei Cricket Ground, Ilfov County"
1549197,2026-08-27,T20I,Greece,Isle of Man,"Moara Vlasiei Cricket Ground, Ilfov County"
1549198,2026-08-27,T20I,Czech Republic,Turkey,"Moara Vlasiei Cricket Ground, Ilfov County"
1548658,2026-08-28,T20I,Germany,Sweden,"GelsenTrabPark, Gelsenkirchen"
1548659,2026-08-28,T20I,Sweden,Denmark,"GelsenTrabPark, Gelsenkirchen"
1548891,2026-08-28,T20I,Thailand,Hong Kong,Dubai International Cricket Stadium
1549200,2026-08-28,T20I,Romania,Greece,"Moara Vlasiei Cricket Ground, Ilfov County"
1549201,2026-08-28,T20I,Turkey,Guernsey,"Moara Vlasiei Cricket Ground, Ilfov County"
1549202,2026-08-28,T20I,Czech Republic,Austria,"Moara Vlasiei Cricket Ground, Ilfov County"
1549524,2026-08-28,T20I,Namibia,South Africa,"Namibia Cricket Ground, Windhoek"
1548660,2026-08-29,T20I,Germany,Denmark,"GelsenTrabPark, Gelsenkirchen"
1548661,2026-08-29,T20I,Sweden,Germany,"GelsenTrabPark, Gelsenkirchen"
1548892,2026-08-29,T20I,United Arab Emirates,Sri Lanka,Dubai International Cricket Stadium
1549203,2026-08-29,T20I,Greece,Norway,"Moara Vlasiei Cricket Ground, Ilfov County"
1549204,2026-08-29,T20I,Czech Republic,Guernsey,"Moara Vlasiei Cricket Ground, Ilfov County"
1549205,2026-08-29,T20I,Isle of Man,Norway,"Moara Vlasiei Cricket Ground, Ilfov County"
1549525,2026-08-29,T20I,Zimbabwe,South Africa,"Namibia Cricket Ground, Windhoek"
1548663,2026-08-30,T20I,Germany,Denmark,"GelsenTrabPark, Gelsenkirchen"
1548893,2026-08-30,T20I,India,Thailand,Dubai International Cricket Stadium
1549206,2026-08-30,T20I,Norway,Austria,"Moara Vlasiei Cricket Ground, Ilfov County"
1549207,2026-08-30,T20I,Isle of Man,Turkey,"Moara Vlasiei Cricket Ground, Ilfov County"
1548894,2026-08-31,T20I,Bangladesh,Indonesia,Dubai International Cricket Stadium
1549526,2026-08-31,T20I,Zimbabwe,Namibia,"Namibia Cricket Ground, Windhoek"
1548895,2026-09-01,T20I,Pakistan,Thailand,Dubai International Cricket Stadium
1549527,2026-09-01,T20I,South Africa,Zimbabwe,"Namibia Cricket Ground, Windhoek"
1548896,2026-09-02,T20I,Sri Lanka,Indonesia,Dubai International Cricket Stadium
1548897,2026-09-03,T20I,India,Hong Kong,Dubai International Cricket Stadium
1549528,2026-09-03,T20I,Namibia,Zimbabwe,"Namibia Cricket Ground, Windhoek"
1548898,2026-09-04,T20I,Indonesia,United Arab Emirates,Dubai International Cricket Stadium
1549529,2026-09-04,T20I,South Africa,Namibia,"Namibia Cricket Ground, Windhoek"
1551066,2026-09-04,T20I,Croatia,Serbia,Lisicji Jarak Cricket Ground
1551067,2026-09-04,T20I,Croatia,Bulgaria,Lisicji Jarak Cricket Ground
1551072,2026-09-04,T20I,Portugal,Belgium,"Scott Page Field, Vinor"
1551073,2026-09-04,T20I,Portugal,Czech Republic,"Scott Page Field, Vinor"
1551074,2026-09-04,T20I,Czech Republic,Belgium,"Scott Page Field, Vinor"
1548899,2026-09-05,T20I,Pakistan,India,Dubai International Cricket Stadium
1551069,2026-09-05,T20I,Bulgaria,Serbia,Lisicji Jarak Cricket Ground
1551075,2026-09-05,T20I,Belgium,Portugal,"Scott Page Field, Vinor"
1551076,2026-09-05,T20I,Belgium,Czech Republic,"Scott Page Field, Vinor"
1551077,2026-09-05,T20I,Portugal,Czech Republic,"Scott Page Field, Vinor"
1548900,2026-09-06,T20I,Bangladesh,Sri Lanka,Dubai International Cricket Stadium
1549530,2026-09-06,T20I,South Africa,Zimbabwe,"Namibia Cricket Ground, Windhoek"
1551070,2026-09-06,T20I,Serbia,Croatia,Lisicji Jarak Cricket Ground
1551071,2026-09-06,T20I,Bulgaria,Serbia,Lisicji Jarak Cricket Ground
1551078,2026-09-06,T20I,Belgium,Portugal,"Scott Page Field, Vinor"
1551079,2026-09-06,T20I,Czech Republic,Portugal,"Scott Page Field, Vinor"
1548901,2026-09-07,T20I,Pakistan,Hong Kong,Dubai International Cricket Stadium
1548902,2026-09-08,T20I,Bangladesh,United Arab Emirates,Dubai International Cricket Stadium
1552906,2026-09-08,T20I,Rwanda,Botswana,"Gahanga B Ground, Rwanda"
1552907,2026-09-08,T20I,Kenya,Sierra Leone,"Gahanga B Ground, Rwanda"
1552908,2026-09-09,T20I,Uganda,Sierra Leone,"Gahanga B Ground, Rwanda"
1552909,2026-09-09,T20I,Rwanda,Kenya,"Gahanga B Ground, Rwanda"
1548903,2026-09-10,T20I,India,Bangladesh,Dubai International Cricket Stadium
1552910,2026-09-10,T20I,Botswana,Uganda,"Gahanga B Ground, Rwanda"
1552911,2026-09-10,T20I,Rwanda,Sierra Leone,"Gahanga B Ground, Rwanda"
1543887,2026-09-11,T20I,Zimbabwe,South Africa,"Queens Sports Club, Bulawayo"
1548904,2026-09-11,T20I,Pakistan,Sri Lanka,Dubai International Cricket Stadium
1552912,2026-09-11,T20I,Uganda,Rwanda,"Gahanga B Ground, Rwanda"
1552913,2026-09-11,T20I,Botswana,Kenya,"Gahanga B Ground, Rwanda"
1552312,2026-09-12,T20I,Malaysia,Japan,Sano International Cricket Ground
1552914,2026-09-12,T20I,Uganda,Kenya,"Gahanga B Ground, Rwanda"
1552915,2026-09-12,T20I,Botswana,Sierra Leone,"Gahanga B Ground, Rwanda"
1543888,2026-09-13,T20I,South Africa,Zimbabwe,"Queens Sports Club, Bulawayo"
1548905,2026-09-13,T20I,India,Sri Lanka,Dubai International Cricket Stadium
1552313,2026-09-13,T20I,Japan,Malaysia,Sano International Cricket Ground
1552916,2026-09-13,T20I,Sierra Leone,Kenya,"Gahanga B Ground, Rwanda"
1552917,2026-09-13,T20I,Rwanda,Botswana,"Gahanga B Ground, Rwanda"
1552895,2026-09-14,T20I,Malaysia,United Arab Emirates,"Bayuemas Oval, Kuala Lumpur"
1496585,2026-09-15,T20I,England,Sri Lanka,"The Rose Bowl, Southampton"
1543889,2026-09-15,T20I,South Africa,Zimbabwe,"Queens Sports Club, Bulawayo"
1552918,2026-09-15,T20I,Sierra Leone,Uganda,"Gahanga International Cricket Stadium, Rwanda"
1552919,2026-09-15,T20I,Kenya,Rwanda,"Gahanga International Cricket Stadium, Rwanda"
1552896,2026-09-16,T20I,Malaysia,United Arab Emirates,"Bayuemas Oval, Kuala Lumpur"
1552920,2026-09-16,T20I,Botswana,Uganda,"Gahanga International Cricket Stadium, Rwanda"
1552921,2026-09-16,T20I,Sierra Leone,Rwanda,"Gahanga International Cricket Stadium, Rwanda"
1496586,2026-09-17,T20I,Sri Lanka,England,"Sophia Gardens, Cardiff"
1543890,2026-09-17,T20I,South Africa,Zimbabwe,"Queens Sports Club, Bulawayo"
1550475,2026-09-17,T20I,Thailand,Pakistan,"Korogi Sports Park, Nisshin"
1552897,2026-09-17,T20I,United Arab Emirates,Malaysia,"Bayuemas Oval, Kuala Lumpur"
1552922,2026-09-17,T20I,Uganda,Rwanda,"Gahanga International Cricket Stadium, Rwanda"
1552923,2026-09-17,T20I,Kenya,Botswana,"Gahanga International Cricket Stadium, Rwanda"
1550476,2026-09-18,T20I,Sri Lanka,Malaysia,"Korogi Sports Park, Nisshin"
1550477,2026-09-18,T20I,Japan,India,"Korogi Sports Park, Nisshin"
1552924,2026-09-18,T20I,Uganda,Kenya,"Gahanga International Cricket Stadium, Rwanda"
1552925,2026-09-18,T20I,Botswana,Sierra Leone,"Gahanga International Cricket Stadium, Rwanda"
1496587,2026-09-19,T20I,Sri Lanka,England,"Old Trafford, Manchester"
1543891,2026-09-19,T20I,South Africa,Zimbabwe,"Queens Sports Club, Bulawayo"
1552306,2026-09-19,T20I,Japan,Hong Kong,Sano International Cricket Ground
1552926,2026-09-19,T20I,Kenya,Uganda,"Gahanga International Cricket Stadium, Rwanda"
1550478,2026-09-20,T20I,Pakistan,Sri Lanka,"Korogi Sports Park, Nisshin"
1550479,2026-09-20,T20I,India,Bangladesh,"Korogi Sports Park, Nisshin"
1554583,2026-09-21,T20I,Ghana,Nigeria,"Tafawa Balewa Square Cricket Oval, Lagos"
1550480,2026-09-22,T20I,Pakistan,Bangladesh,"Korogi Sports Park, Nisshin"
1550481,2026-09-22,T20I,India,Sri Lanka,"Korogi Sports Park, Nisshin"
1552859,2026-09-22,T20I,India,Japan,Sano International Cricket Ground
1554585,2026-09-22,T20I,Ghana,Sierra Leone,"Tafawa Balewa Square Cricket Oval, Lagos"
1552797,2026-09-23,T20I,Cayman Islands,Bermuda,"Jimmy Powell Oval, Cayman Islands"
1555256,2026-09-23,T20I,Chile,Costa Rica,"Pocos Oval, Pocos de Caldas"
1552767,2026-09-24,T20I,Hong Kong,Malaysia,"Korogi Sports Park, Nisshin"
1552795,2026-09-24,T20I,Cayman Islands,Bahamas,"Jimmy Powell Oval, Cayman Islands"
1552768,2026-09-25,T20I,Hong Kong,Oman,"Korogi Sports Park, Nisshin"
1554589,2026-09-25,T20I,Sierra Leone,Ghana,"Tafawa Balewa Square Cricket Oval, Lagos"
1555259,2026-09-25,T20I,Chile,Costa Rica,"Pocos Oval, Pocos de Caldas"
1552770,2026-09-26,T20I,Nepal,Japan,"Korogi Sports Park, Nisshin"
1552800,2026-09-26,T20I,Bahamas,Bermuda,"Jimmy Powell Oval, Cayman Islands"
1554592,2026-09-26,T20I,Nigeria,Ghana,"Tafawa Balewa Square Cricket Oval, Lagos"
1552801,2026-09-27,T20I,Bermuda,Cayman Islands,"Jimmy Powell Oval, Cayman Islands"
1554594,2026-09-27,T20I,Nigeria,Sierra Leone,"Tafawa Balewa Square Cricket Oval, Lagos"
1552776,2026-10-01,T20I,Bangladesh,Pakistan,"Korogi Sports Park, Nisshin"
1552777,2026-10-01,T20I,India,Sri Lanka,"Korogi Sports Park, Nisshin"
1552778,2026-10-03,T20I,Sri Lanka,Bangladesh,"Korogi Sports Park, Nisshin"
1552779,2026-10-03,T20I,India,Pakistan,"Korogi Sports Park, Nisshin"
1554978,2026-10-03,T20I,Zimbabwe,West Indies,"Takashinga Sports Club, Highfield, Harare"
1555135,2026-10-03,T20I,Indonesia,South Korea,"Yeonhui Cricket Ground, Incheon"
1555136,2026-10-04,T20I,Indonesia,South Korea,"Yeonhui Cricket Ground, Incheon"
1554533,2026-10-05,T20I,Bhutan,Myanmar,"Bayuemas Oval, Kuala Lumpur"
1554534,2026-10-05,T20I,Bahrain,Thailand,"YSD-UKM Cricket Oval, Bangi"
1554535,2026-10-05,T20I,Kuwait,Qatar,"Bayuemas Oval, Kuala Lumpur"
1554979,2026-10-05,T20I,Zimbabwe,West Indies,"Takashinga Sports Club, Highfield, Harare"
1555137,2026-10-05,T20I,Indonesia,South Korea,"Yeonhui Cricket Ground, Incheon"
1529230,2026-10-06,T20I,West Indies,India,"Bharat Ratna Shri Atal Bihari Vajpayee Ekana Cricket Stadium, Lucknow"
1554536,2026-10-06,T20I,Thailand,Qatar,"Bayuemas Oval, Kuala Lumpur"
1554537,2026-10-06,T20I,Bahrain,Bhutan,"Bayuemas Oval, Kuala Lumpur"
1554538,2026-10-06,T20I,Mongolia,Kuwait,"YSD-UKM Cricket Oval, Bangi"
1554980,2026-10-07,T20I,Zimbabwe,West Indies,"Takashinga Sports Club, Highfield, Harare"
63963,2001-12-19,Test,England,India,"M Chinnaswamy Stadium, Bangalore"
64012,2002-12-26,Test,Australia,England,Melbourne Cricket Ground
64022,2002-12-26,Test,South Africa,Pakistan,"Kingsmead, Durban"
64013,2003-01-02,Test,England,Australia,Sydney Cricket Ground
64023,2003-01-02,Test,South Africa,Pakistan,"Newlands, Cape Town"
67517,2003-02-22,Test,Australia,England,"Bankstown Oval, Sydney"
64027,2003-05-09,Test,Australia,West Indies,"Antigua Recreation Ground, St John's, Antigua"
64036,2003-07-18,Test,Bangladesh,Australia,"Marrara Cricket Ground, Darwin"
64038,2003-07-24,Test,South Africa,England,"Edgbaston, Birmingham"
64040,2003-08-14,Test,England,South Africa,"Trent Bridge, Nottingham"
64041,2003-08-21,Test,South Africa,England,"Headingley, Leeds"
64045,2003-09-03,Test,Bangladesh,Pakistan,Multan Cricket Stadium
64042,2003-09-04,Test,South Africa,England,"Kennington Oval, London"
64048,2003-10-09,Test,Australia,Zimbabwe,"Western Australia Cricket Association Ground, Perth"
64047,2003-10-16,Test,New Zealand,India,"Punjab Cricket Association Stadium, Mohali, Chandigarh"
64049,2003-10-17,Test,Zimbabwe,Australia,Sydney Cricket Ground
64050,2003-10-17,Test,South Africa,Pakistan,"Gaddafi Stadium, Lahore"
64052,2003-10-21,Test,Bangladesh,England,"Bangabandhu National Stadium, Dhaka"
64051,2003-10-24,Test,South Africa,Pakistan,"Iqbal Stadium, Faisalabad"
64053,2003-10-29,Test,England,Bangladesh,"MA Aziz Stadium, Chittagong"
64055,2003-11-12,Test,West Indies,Zimbabwe,"Queens Sports Club, Bulawayo"
64059,2003-12-04,Test,Australia,India,"Brisbane Cricket Ground, Woolloongabba, Brisbane"
64063,2003-12-12,Test,South Africa,West Indies,"New Wanderers Stadium, Johannesburg"
64058,2003-12-18,Test,England,Sri Lanka,"Sinhalese Sports Club Ground, Colombo"
64062,2004-01-02,Test,India,Australia,Sydney Cricket Ground
64071,2004-03-08,Test,Australia,Sri Lanka,Galle International Stadium
64075,2004-03-18,Test,South Africa,New Zealand,Eden Park
64076,2004-03-26,Test,New Zealand,South Africa,"Basin Reserve, Wellington"
64080,2004-04-10,Test,West Indies,England,Antigua Recreation Ground
64083,2004-04-13,Test,Pakistan,India,Rawalpindi Cricket Stadium
64094,2004-07-29,Test,England,West Indies,Edgbaston
64096,2004-08-19,Test,England,West Indies,Kennington Oval
64100,2004-10-14,Test,Australia,India,MA Chidambaram Stadium
64104,2004-10-26,Test,New Zealand,Bangladesh,MA Aziz Stadium
64102,2004-11-03,Test,India,Australia,Wankhede Stadium
64107,2004-11-18,Test,New Zealand,Australia,Brisbane Cricket Ground
64109,2004-11-20,Test,South Africa,India,Green Park
64108,2004-11-26,Test,Australia,New Zealand,Adelaide Oval
64110,2004-11-28,Test,South Africa,India,Eden Gardens
64111,2004-12-10,Test,Bangladesh,India,Bangabandhu National Stadium
64113,2004-12-16,Test,Australia,Pakistan,W.A.C.A. Ground
64118,2005-01-02,Test,South Africa,England,Newlands
64123,2005-03-04,Test,Zimbabwe,South Africa,Newlands
64128,2005-03-10,Test,New Zealand,Australia,AMI Stadium
64124,2005-03-11,Test,Zimbabwe,South Africa,SuperSport Park
64129,2005-03-18,Test,Australia,New Zealand,Basin Reserve
64134,2005-04-11,Test,Sri Lanka,New Zealand,Basin Reserve
207334,2005-04-21,Test,West Indies,South Africa,Kensington Oval
208321,2005-04-29,Test,South Africa,West Indies,Antigua Recreation Ground
210366,2005-06-03,Test,Bangladesh,England,Riverside Ground
213856,2005-07-21,Test,Australia,England,"Lord's, London"
215010,2005-08-04,Test,England,Australia,"Edgbaston, Birmingham"
215253,2005-08-07,Test,New Zealand,Zimbabwe,Harare Sports Club
216055,2005-08-15,Test,Zimbabwe,New Zealand,Queens Sports Club
216932,2005-08-24,Test,Australia,England,"County Ground, New Road, Worcester"
216994,2005-08-25,Test,England,Australia,"Trent Bridge, Nottingham"
218383,2005-09-08,Test,England,Australia,"Kennington Oval, London"
218813,2005-09-12,Test,Bangladesh,Sri Lanka,R.Premadasa Stadium
219062,2005-09-13,Test,Zimbabwe,India,Queens Sports Club
219612,2005-09-20,Test,Sri Lanka,Bangladesh,P Sara Oval
221840,2005-10-14,Test,Australia,ICC World XI,Sydney Cricket Ground
225443,2005-11-12,Test,Pakistan,England,Multan Cricket Stadium
226120,2005-11-17,Test,West Indies,Australia,Bellerive Oval
226350,2005-11-20,Test,Pakistan,England,Iqbal Stadium
226363,2005-12-18,Test,India,Sri Lanka,Sardar Patel Stadium
226372,2005-12-26,Test,Australia,South Africa,Melbourne Cricket Ground
226373,2006-01-02,Test,South Africa,Australia,Sydney Cricket Ground
233797,2006-01-21,Test,Pakistan,India,Iqbal Stadium
234783,2006-01-29,Test,Pakistan,India,National Stadium
238167,2006-02-28,Test,Bangladesh,Sri Lanka,Zahur Ahmed Chowdhury Stadium
239025,2006-03-01,Test,England,India,Vidarbha C.A. Ground
238168,2006-03-08,Test,Bangladesh,Sri Lanka,Shaheed Chandu Stadium
238180,2006-03-09,Test,New Zealand,West Indies,Eden Park
238186,2006-03-09,Test,England,India,"Punjab Cricket Association IS Bindra Stadium, Mohali"
238201,2006-03-16,Test,South Africa,Australia,Newlands
238202,2006-03-24,Test,Australia,South Africa,Kingsmead
238203,2006-03-31,Test,South Africa,Australia,The Wanderers Stadium
238217,2006-04-03,Test,Sri Lanka,Pakistan,Asgiriya Stadium
238171,2006-04-09,Test,Bangladesh,Australia,Khan Shaheb Osman Ali Stadium
238205,2006-04-15,Test,South Africa,New Zealand,SuperSport Park
238206,2006-04-27,Test,New Zealand,South Africa,Newlands
238207,2006-05-05,Test,New Zealand,South Africa,The Wanderers Stadium
225264,2006-05-11,Test,England,Sri Lanka,Lord's
225265,2006-05-25,Test,Sri Lanka,England,Edgbaston
225266,2006-06-02,Test,Sri Lanka,England,Trent Bridge
239920,2006-06-02,Test,India,West Indies,"Antigua Recreation Ground, St John's"
239921,2006-06-10,Test,India,West Indies,"Daren Sammy National Cricket Stadium, Gros Islet"
239922,2006-06-22,Test,West Indies,India,"Warner Park, Basseterre"
239923,2006-06-30,Test,India,West Indies,"Sabina Park, Kingston"
225255,2006-07-13,Test,England,Pakistan,Lord's
225256,2006-07-27,Test,Pakistan,England,Old Trafford
249193,2006-07-27,Test,South Africa,Sri Lanka,Sinhalese Sports Club Ground
225257,2006-08-04,Test,England,Pakistan,Headingley
249194,2006-08-04,Test,South Africa,Sri Lanka,P Sara Oval
225164,2006-08-08,Test,England,India,"Grace Road, Leicester"
225258,2006-08-17,Test,England,Pakistan,Kennington Oval
257765,2006-11-11,Test,West Indies,Pakistan,Gaddafi Stadium
257766,2006-11-19,Test,Pakistan,West Indies,Multan Cricket Stadium
249222,2006-11-23,Test,Australia,England,"Brisbane Cricket Ground, Woolloongabba"
249223,2006-12-01,Test,England,Australia,Adelaide Oval
251485,2006-12-07,Test,Sri Lanka,New Zealand,AMI Stadium
249224,2006-12-14,Test,Australia,England,W.A.C.A. Ground
249215,2006-12-15,Test,India,South Africa,The Wanderers Stadium
251486,2006-12-15,Test,Sri Lanka,New Zealand,Basin Reserve
249216,2006-12-26,Test,South Africa,India,Kingsmead
249225,2006-12-26,Test,England,Australia,Melbourne Cricket Ground
249217,2007-01-02,Test,India,South Africa,Newlands
249226,2007-01-02,Test,England,Australia,Sydney Cricket Ground
250666,2007-01-19,Test,South Africa,Pakistan,St George's Park
250667,2007-01-26,Test,Pakistan,South Africa,Newlands
258459,2007-05-17,Test,England,West Indies,Lord's
282691,2007-05-18,Test,India,Bangladesh,Zahur Ahmed Chowdhury Stadium
258460,2007-05-25,Test,England,West Indies,Headingley
282692,2007-05-25,Test,India,Bangladesh,"Shere Bangla National Stadium, Mirpur"
258461,2007-06-07,Test,England,West Indies,Old Trafford
258462,2007-06-15,Test,West Indies,England,Riverside Ground
293478,2007-06-25,Test,Bangladesh,Sri Lanka,Sinhalese Sports Club Ground
293479,2007-07-03,Test,Bangladesh,Sri Lanka,P Sara Oval
293480,2007-07-11,Test,Bangladesh,Sri Lanka,Asgiriya Stadium
258468,2007-07-19,Test,England,India,Lord's
258469,2007-07-27,Test,England,India,Trent Bridge
258470,2007-08-09,Test,India,England,Kennington Oval
299004,2007-10-01,Test,South Africa,Pakistan,National Stadium
299005,2007-10-08,Test,South Africa,Pakistan,Gaddafi Stadium
291338,2007-11-08,Test,Australia,Sri Lanka,"Brisbane Cricket Ground, Woolloongabba"
298793,2007-11-08,Test,South Africa,New Zealand,The Wanderers Stadium
291339,2007-11-16,Test,Australia,Sri Lanka,Bellerive Oval
298794,2007-11-16,Test,New Zealand,South Africa,SuperSport Park
297806,2007-11-22,Test,Pakistan,India,Arun Jaitley Stadium
297807,2007-11-30,Test,India,Pakistan,Eden Gardens
291222,2007-12-01,Test,Sri Lanka,England,Asgiriya Stadium
297808,2007-12-08,Test,India,Pakistan,M.Chinnaswamy Stadium
291223,2007-12-09,Test,England,Sri Lanka,Sinhalese Sports Club Ground
291224,2007-12-18,Test,Sri Lanka,England,Galle International Stadium
291351,2007-12-26,Test,Australia,India,Melbourne Cricket Ground
298801,2007-12-26,Test,West Indies,South Africa,St George's Park
291352,2008-01-02,Test,Australia,India,Sydney Cricket Ground
298802,2008-01-02,Test,West Indies,South Africa,Newlands
300429,2008-01-04,Test,Bangladesh,New Zealand,University Oval
298803,2008-01-10,Test,West Indies,South Africa,Kingsmead
300430,2008-01-12,Test,Bangladesh,New Zealand,Basin Reserve
291353,2008-01-16,Test,India,Australia,Western Australia Cricket Association Ground
291354,2008-01-24,Test,India,Australia,Adelaide Oval
312450,2008-02-15,Test,Australia,England,"Bradman Oval, Bowral"
323947,2008-02-22,Test,Bangladesh,South Africa,Shere Bangla National Stadium
323948,2008-02-29,Test,South Africa,Bangladesh,Chittagong Divisional Stadium
300442,2008-03-05,Test,New Zealand,England,Seddon Park
300443,2008-03-13,Test,England,New Zealand,Basin Reserve
300444,2008-03-22,Test,England,New Zealand,McLean Park
319132,2008-03-22,Test,Sri Lanka,West Indies,Providence Stadium
332911,2008-03-26,Test,South Africa,India,"MA Chidambaram Stadium, Chepauk"
319133,2008-04-03,Test,Sri Lanka,West Indies,"Queen's Park Oval, Port of Spain"
332912,2008-04-03,Test,India,South Africa,"Sardar Patel Stadium, Motera"
332913,2008-04-11,Test,South Africa,India,Green Park
296900,2008-05-15,Test,New Zealand,England,Lord's
319139,2008-05-22,Test,Australia,West Indies,"Sabina Park, Kingston"
296901,2008-05-23,Test,New Zealand,England,Old Trafford
319140,2008-05-30,Test,Australia,West Indies,"Sir Vivian Richards Stadium, North Sound"
296902,2008-06-05,Test,England,New Zealand,Trent Bridge
319141,2008-06-12,Test,Australia,West Indies,"Kensington Oval, Bridgetown"
296909,2008-07-10,Test,England,South Africa,Lord's
296910,2008-07-18,Test,England,South Africa,Headingley
343729,2008-07-23,Test,Sri Lanka,India,Sinhalese Sports Club Ground
296911,2008-07-30,Test,England,South Africa,Edgbaston
343730,2008-07-31,Test,India,Sri Lanka,Galle International Stadium
296912,2008-08-07,Test,South Africa,England,Kennington Oval
343731,2008-08-08,Test,India,Sri Lanka,P Saravanamuttu Stadium
345669,2008-10-09,Test,Australia,India,M Chinnaswamy Stadium
345670,2008-10-17,Test,India,Australia,"Punjab Cricket Association Stadium, Mohali"
361759,2008-10-25,Test,New Zealand,Bangladesh,Shere Bangla National Stadium
345671,2008-10-29,Test,India,Australia,Feroz Shah Kotla
345672,2008-11-06,Test,India,Australia,"Vidarbha Cricket Association Stadium, Jamtha"
350345,2008-11-19,Test,South Africa,Bangladesh,OUTsurance Oval
351679,2008-11-20,Test,Australia,New Zealand,"Brisbane Cricket Ground, Woolloongabba"
350346,2008-11-26,Test,Bangladesh,South Africa,SuperSport Park
351680,2008-11-28,Test,New Zealand,Australia,Adelaide Oval
361050,2008-12-11,Test,England,India,"MA Chidambaram Stadium, Chepauk"
351681,2008-12-17,Test,Australia,South Africa,Western Australia Cricket Association Ground
361051,2008-12-19,Test,India,England,"Punjab Cricket Association Stadium, Mohali"
351682,2008-12-26,Test,Australia,South Africa,Melbourne Cricket Ground
351683,2009-01-03,Test,Australia,South Africa,Sydney Cricket Ground
378751,2009-01-03,Test,Sri Lanka,Bangladesh,Chittagong Divisional Stadium
352661,2009-02-04,Test,England,West Indies,"Sabina Park, Kingston"
352662,2009-02-13,Test,England,West Indies,"Sir Vivian Richards Stadium, North Sound"
390680,2009-02-15,Test,England,West Indies,"Antigua Recreation Ground, St John's"
388993,2009-02-21,Test,Sri Lanka,Pakistan,National Stadium
350472,2009-02-26,Test,Australia,South Africa,New Wanderers Stadium
352663,2009-02-26,Test,England,West Indies,"Kensington Oval, Bridgetown"
388994,2009-03-01,Test,Sri Lanka,Pakistan,Gaddafi Stadium
350473,2009-03-06,Test,Australia,South Africa,Kingsmead
352664,2009-03-06,Test,England,West Indies,"Queen's Park Oval, Port of Spain"
366628,2009-03-18,Test,New Zealand,India,Seddon Park
350474,2009-03-19,Test,Australia,South Africa,Newlands
386496,2009-03-26,Test,New Zealand,India,McLean Park
366629,2009-04-03,Test,India,New Zealand,Basin Reserve
380712,2009-05-06,Test,England,West Indies,Lord's
380713,2009-05-14,Test,England,West Indies,Riverside Ground
403367,2009-07-04,Test,Sri Lanka,Pakistan,Galle International Stadium
345970,2009-07-08,Test,England,Australia,Sophia Gardens
401071,2009-07-09,Test,Bangladesh,West Indies,"Arnos Vale Ground, Kingstown"
383288,2009-07-10,Test,Australia,England,"County Ground, New Road, Worcester"
403368,2009-07-12,Test,Pakistan,Sri Lanka,P Sara Oval
345971,2009-07-16,Test,England,Australia,Lord's
401072,2009-07-17,Test,West Indies,Bangladesh,"National Cricket Stadium, St George's"
403369,2009-07-20,Test,Pakistan,Sri Lanka,Sinhalese Sports Club Ground
345972,2009-07-30,Test,Australia,England,Edgbaston
345973,2009-08-07,Test,England,Australia,Headingley
403378,2009-08-18,Test,Sri Lanka,New Zealand,Galle International Stadium
345974,2009-08-20,Test,England,Australia,Kennington Oval
403379,2009-08-26,Test,Sri Lanka,New Zealand,Sinhalese Sports Club Ground
430881,2009-11-16,Test,India,Sri Lanka,"Sardar Patel Stadium, Motera"
423778,2009-11-24,Test,New Zealand,Pakistan,University Oval
430882,2009-11-24,Test,India,Sri Lanka,Green Park
406189,2009-11-26,Test,Australia,West Indies,"Brisbane Cricket Ground, Woolloongabba"
430883,2009-12-02,Test,Sri Lanka,India,Brabourne Stadium
423779,2009-12-03,Test,Pakistan,New Zealand,Basin Reserve
406190,2009-12-04,Test,West Indies,Australia,Adelaide Oval
423780,2009-12-11,Test,Pakistan,New Zealand,McLean Park
387570,2009-12-16,Test,South Africa,England,SuperSport Park
406191,2009-12-16,Test,Australia,West Indies,Western Australia Cricket Association Ground
387571,2009-12-26,Test,South Africa,England,Kingsmead
406199,2009-12-26,Test,Australia,Pakistan,Melbourne Cricket Ground
387572,2010-01-03,Test,South Africa,England,Newlands
406200,2010-01-03,Test,Australia,Pakistan,Sydney Cricket Ground
387573,2010-01-14,Test,England,South Africa,New Wanderers Stadium
406201,2010-01-14,Test,Australia,Pakistan,Bellerive Oval
434256,2010-01-17,Test,India,Bangladesh,Zahur Ahmed Chowdhury Stadium
434257,2010-01-24,Test,Bangladesh,India,Shere Bangla National Stadium
441825,2010-02-06,Test,South Africa,India,"Vidarbha Cricket Association Stadium, Jamtha"
441826,2010-02-14,Test,South Africa,India,Eden Gardens
423786,2010-02-15,Test,New Zealand,Bangladesh,Seddon Park
426423,2010-03-12,Test,England,Bangladesh,Zohur Ahmed Chowdhury Stadium
423789,2010-03-19,Test,Australia,New Zealand,Basin Reserve
426424,2010-03-20,Test,Bangladesh,England,Shere Bangla National Stadium
423790,2010-03-27,Test,Australia,New Zealand,Seddon Park
426401,2010-05-27,Test,England,Bangladesh,Lord's
426402,2010-06-04,Test,England,Bangladesh,Old Trafford
439152,2010-06-10,Test,South Africa,West Indies,"Queen's Park Oval, Port of Spain"
439153,2010-06-18,Test,South Africa,West Indies,"Warner Park, Basseterre"
439154,2010-06-26,Test,West Indies,South Africa,"Kensington Oval, Bridgetown"
426394,2010-07-13,Test,Australia,Pakistan,Lord's
456669,2010-07-18,Test,Sri Lanka,India,Galle International Stadium
426395,2010-07-21,Test,Australia,Pakistan,Headingley
456670,2010-07-26,Test,Sri Lanka,India,Sinhalese Sports Club Ground
426413,2010-07-29,Test,England,Pakistan,Trent Bridge
456671,2010-08-03,Test,Sri Lanka,India,P Sara Oval
426414,2010-08-06,Test,Pakistan,England,Edgbaston
426415,2010-08-18,Test,England,Pakistan,Kennington Oval
426416,2010-08-26,Test,England,Pakistan,Lord's
464526,2010-10-01,Test,Australia,India,"Punjab Cricket Association Stadium, Mohali"
464527,2010-10-09,Test,Australia,India,M Chinnaswamy Stadium
464531,2010-11-04,Test,India,New Zealand,"Sardar Patel Stadium, Motera"
461571,2010-11-12,Test,South Africa,Pakistan,Dubai International Cricket Stadium
464532,2010-11-12,Test,New Zealand,India,"Rajiv Gandhi International Stadium, Uppal"
464987,2010-11-15,Test,West Indies,Sri Lanka,Galle International Stadium
461572,2010-11-20,Test,South Africa,Pakistan,Sheikh Zayed Stadium
464533,2010-11-20,Test,New Zealand,India,"Vidarbha Cricket Association Stadium, Jamtha"
464988,2010-11-23,Test,Sri Lanka,West Indies,R Premadasa Stadium
428749,2010-11-25,Test,England,Australia,"Brisbane Cricket Ground, Woolloongabba"
464989,2010-12-01,Test,West Indies,Sri Lanka,Pallekele International Cricket Stadium
428750,2010-12-03,Test,Australia,England,Adelaide Oval
428751,2010-12-16,Test,Australia,England,Western Australia Cricket Association Ground
463146,2010-12-16,Test,India,South Africa,SuperSport Park
428752,2010-12-26,Test,Australia,England,Melbourne Cricket Ground
463147,2010-12-26,Test,India,South Africa,Kingsmead
463148,2011-01-02,Test,South Africa,India,Newlands
428753,2011-01-03,Test,Australia,England,Sydney Cricket Ground
473921,2011-01-07,Test,New Zealand,Pakistan,Seddon Park
473922,2011-01-15,Test,New Zealand,Pakistan,Basin Reserve
474625,2011-01-22,Test,England,Australia,"Bankstown Oval, Sydney"
489218,2011-05-12,Test,West Indies,Pakistan,Providence Stadium
489219,2011-05-20,Test,Pakistan,West Indies,"Warner Park, Basseterre"
474463,2011-05-26,Test,Sri Lanka,England,Sophia Gardens
474464,2011-06-03,Test,England,Sri Lanka,Lord's
474465,2011-06-16,Test,Sri Lanka,England,The Rose Bowl
489226,2011-06-20,Test,India,West Indies,"Sabina Park, Kingston"
489227,2011-06-28,Test,India,West Indies,"Kensington Oval, Bridgetown"
489228,2011-07-06,Test,West Indies,India,"Windsor Park, Roseau"
474472,2011-07-21,Test,England,India,Lord's
474473,2011-07-29,Test,England,India,Trent Bridge
522245,2011-08-04,Test,Zimbabwe,Bangladesh,Harare Sports Club
474474,2011-08-10,Test,India,England,Edgbaston
474475,2011-08-18,Test,England,India,Kennington Oval
516212,2011-08-31,Test,Australia,Sri Lanka,Galle International Stadium
523731,2011-09-01,Test,Zimbabwe,Pakistan,Queens Sports Club
516213,2011-09-08,Test,Sri Lanka,Australia,Pallekele International Cricket Stadium
516214,2011-09-16,Test,Australia,Sri Lanka,Sinhalese Sports Club Ground
530424,2011-10-18,Test,Sri Lanka,Pakistan,Sheikh Zayed Stadium
531986,2011-10-21,Test,Bangladesh,West Indies,Zahur Ahmed Chowdhury Stadium
530425,2011-10-26,Test,Sri Lanka,Pakistan,Dubai International Cricket Stadium
531987,2011-10-29,Test,West Indies,Bangladesh,Shere Bangla National Stadium
527017,2011-11-01,Test,New Zealand,Zimbabwe,Queens Sports Club
530426,2011-11-03,Test,Sri Lanka,Pakistan,Sharjah Cricket Stadium
535997,2011-11-06,Test,West Indies,India,Feroz Shah Kotla
514029,2011-11-09,Test,Australia,South Africa,Newlands
535998,2011-11-14,Test,India,West Indies,Eden Gardens
514030,2011-11-17,Test,South Africa,Australia,New Wanderers Stadium
535999,2011-11-22,Test,West Indies,India,Wankhede Stadium
518947,2011-12-01,Test,New Zealand,Australia,"Brisbane Cricket Ground, Woolloongabba"
518948,2011-12-09,Test,New Zealand,Australia,Bellerive Oval
538072,2011-12-09,Test,Bangladesh,Pakistan,Zahur Ahmed Chowdhury Stadium
514032,2011-12-15,Test,Sri Lanka,South Africa,SuperSport Park
538073,2011-12-17,Test,Bangladesh,Pakistan,Shere Bangla National Stadium
514033,2011-12-26,Test,Sri Lanka,South Africa,Kingsmead
518950,2011-12-26,Test,Australia,India,Melbourne Cricket Ground
514034,2012-01-03,Test,South Africa,Sri Lanka,Newlands
518951,2012-01-03,Test,India,Australia,Sydney Cricket Ground
518952,2012-01-13,Test,India,Australia,Western Australia Cricket Association Ground
531628,2012-01-17,Test,England,Pakistan,Dubai International Cricket Stadium
518953,2012-01-24,Test,Australia,India,Adelaide Oval
531629,2012-01-25,Test,Pakistan,England,Sheikh Zayed Stadium
520591,2012-01-26,Test,New Zealand,Zimbabwe,McLean Park
531630,2012-02-03,Test,Pakistan,England,Dubai International Cricket Stadium
520603,2012-03-07,Test,South Africa,New Zealand,University Oval
520604,2012-03-15,Test,New Zealand,South Africa,Seddon Park
520605,2012-03-23,Test,South Africa,New Zealand,Basin Reserve
521225,2012-03-26,Test,Sri Lanka,England,Galle International Stadium
521226,2012-04-03,Test,Sri Lanka,England,P Sara Oval
540176,2012-04-07,Test,West Indies,Australia,"Kensington Oval, Bridgetown"
540177,2012-04-15,Test,Australia,West Indies,"Queen's Park Oval, Port of Spain"
540178,2012-04-23,Test,Australia,West Indies,"Windsor Park, Roseau"
534205,2012-05-17,Test,West Indies,England,Lord's
534206,2012-05-25,Test,West Indies,England,Trent Bridge
534207,2012-06-07,Test,West Indies,England,Edgbaston
562444,2012-06-22,Test,Sri Lanka,Pakistan,Galle International Stadium
562445,2012-06-30,Test,Pakistan,Sri Lanka,Sinhalese Sports Club Ground
562446,2012-07-08,Test,Pakistan,Sri Lanka,Pallekele International Cricket Stadium
534225,2012-07-19,Test,England,South Africa,Kennington Oval
560929,2012-07-25,Test,New Zealand,West Indies,"Sir Vivian Richards Stadium, North Sound"
534226,2012-08-02,Test,South Africa,England,Headingley
560930,2012-08-02,Test,New Zealand,West Indies,"Sabina Park, Kingston"
534227,2012-08-16,Test,South Africa,England,Lord's
565817,2012-08-23,Test,India,New Zealand,"Rajiv Gandhi International Stadium, Uppal"
565818,2012-08-31,Test,New Zealand,India,M Chinnaswamy Stadium
573007,2012-11-09,Test,South Africa,Australia,"Brisbane Cricket Ground, Woolloongabba"
587469,2012-11-13,Test,West Indies,Bangladesh,Shere Bangla National Stadium
565806,2012-11-15,Test,India,England,"Sardar Patel Stadium, Motera"
582192,2012-11-17,Test,New Zealand,Sri Lanka,Galle International Stadium
587470,2012-11-21,Test,Bangladesh,West Indies,Sheikh Abu Naser Stadium
573008,2012-11-22,Test,Australia,South Africa,Adelaide Oval
565807,2012-11-23,Test,India,England,Wankhede Stadium
582193,2012-11-25,Test,New Zealand,Sri Lanka,P Sara Oval
573009,2012-11-30,Test,South Africa,Australia,Western Australia Cricket Association Ground
565808,2012-12-05,Test,India,England,Eden Gardens
565809,2012-12-13,Test,England,India,"Vidarbha Cricket Association Stadium, Jamtha"
573011,2012-12-14,Test,Australia,Sri Lanka,Bellerive Oval
573012,2012-12-26,Test,Sri Lanka,Australia,Melbourne Cricket Ground
567356,2013-01-02,Test,New Zealand,South Africa,Newlands
573013,2013-01-03,Test,Sri Lanka,Australia,Sydney Cricket Ground
567357,2013-01-11,Test,South Africa,New Zealand,St George's Park
567363,2013-02-01,Test,South Africa,Pakistan,New Wanderers Stadium
567364,2013-02-14,Test,Pakistan,South Africa,Newlands
567365,2013-02-22,Test,South Africa,Pakistan,SuperSport Park
598812,2013-02-22,Test,Australia,India,"MA Chidambaram Stadium, Chepauk"
598813,2013-03-02,Test,Australia,India,"Rajiv Gandhi International Stadium, Uppal"
569243,2013-03-06,Test,England,New Zealand,University Oval
602472,2013-03-08,Test,Sri Lanka,Bangladesh,Galle International Stadium
593988,2013-03-12,Test,Zimbabwe,West Indies,"Kensington Oval, Bridgetown"
569244,2013-03-14,Test,England,New Zealand,Basin Reserve
598814,2013-03-14,Test,Australia,India,"Punjab Cricket Association Stadium, Mohali"
602473,2013-03-16,Test,Bangladesh,Sri Lanka,R Premadasa Stadium
593989,2013-03-20,Test,Zimbabwe,West Indies,"Windsor Park, Roseau"
569245,2013-03-22,Test,New Zealand,England,Eden Park
598815,2013-03-22,Test,Australia,India,Feroz Shah Kotla
623576,2013-04-17,Test,Zimbabwe,Bangladesh,Harare Sports Club
623577,2013-04-25,Test,Bangladesh,Zimbabwe,Harare Sports Club
566921,2013-05-16,Test,England,New Zealand,Lord's
566922,2013-05-24,Test,England,New Zealand,Headingley
566932,2013-07-10,Test,England,Australia,Trent Bridge
566933,2013-07-18,Test,England,Australia,Lord's
566934,2013-08-01,Test,Australia,England,Old Trafford
566935,2013-08-09,Test,England,Australia,Riverside Ground
593722,2013-08-11,Test,Australia,England,Sir Paul Getty's Ground
566936,2013-08-21,Test,Australia,England,Kennington Oval
659555,2013-09-03,Test,Pakistan,Zimbabwe,Harare Sports Club
659557,2013-09-10,Test,Zimbabwe,Pakistan,Harare Sports Club
668949,2013-10-09,Test,New Zealand,Bangladesh,Zahur Ahmed Chowdhury Stadium
649087,2013-10-14,Test,South Africa,Pakistan,Sheikh Zayed Stadium
668951,2013-10-21,Test,Bangladesh,New Zealand,Shere Bangla National Stadium
649089,2013-10-23,Test,Pakistan,South Africa,Dubai International Cricket Stadium
676525,2013-11-06,Test,West Indies,India,Eden Gardens
676527,2013-11-14,Test,West Indies,India,Wankhede Stadium
592397,2013-11-21,Test,Australia,England,"Brisbane Cricket Ground, Woolloongabba"
661679,2013-12-03,Test,New Zealand,West Indies,University Oval
592398,2013-12-05,Test,Australia,England,Adelaide Oval
661681,2013-12-11,Test,New Zealand,West Indies,Basin Reserve
592399,2013-12-13,Test,Australia,England,Western Australia Cricket Association Ground
648665,2013-12-18,Test,India,South Africa,New Wanderers Stadium
661683,2013-12-19,Test,West Indies,New Zealand,Seddon Park
592400,2013-12-26,Test,England,Australia,Melbourne Cricket Ground
648667,2013-12-26,Test,India,South Africa,Kingsmead
657647,2013-12-31,Test,Sri Lanka,Pakistan,Sheikh Zayed Stadium
592401,2014-01-03,Test,Australia,England,Sydney Cricket Ground
657649,2014-01-08,Test,Pakistan,Sri Lanka,Dubai International Cricket Stadium
657651,2014-01-16,Test,Sri Lanka,Pakistan,Sharjah Cricket Stadium
690347,2014-01-27,Test,Bangladesh,Sri Lanka,Shere Bangla National Stadium
690349,2014-02-04,Test,Sri Lanka,Bangladesh,Zahur Ahmed Chowdhury Stadium
667651,2014-02-06,Test,New Zealand,India,Eden Park
648673,2014-02-12,Test,Australia,South Africa,SuperSport Park
667653,2014-02-14,Test,New Zealand,India,Basin Reserve
648675,2014-02-20,Test,South Africa,Australia,St George's Park
648677,2014-03-01,Test,Australia,South Africa,Newlands
730277,2014-06-08,Test,New Zealand,West Indies,"Sabina Park, Kingston"
667899,2014-06-12,Test,England,Sri Lanka,Lord's
730279,2014-06-16,Test,New Zealand,West Indies,"Queen's Park Oval, Port of Spain"
667901,2014-06-20,Test,Sri Lanka,England,Headingley
730281,2014-06-26,Test,New Zealand,West Indies,"Kensington Oval, Bridgetown"
667711,2014-07-09,Test,India,England,Trent Bridge
730089,2014-07-16,Test,South Africa,Sri Lanka,Galle International Stadium
667713,2014-07-17,Test,India,England,Lord's
730091,2014-07-24,Test,Sri Lanka,South Africa,Sinhalese Sports Club Ground
667715,2014-07-27,Test,England,India,The Rose Bowl
745153,2014-08-06,Test,Pakistan,Sri Lanka,Galle International Stadium
667717,2014-08-07,Test,India,England,Old Trafford
736435,2014-08-09,Test,Zimbabwe,South Africa,Harare Sports Club
722387,2014-08-13,Test,England,India,Sir Paul Getty's Ground
745155,2014-08-14,Test,Sri Lanka,Pakistan,Sinhalese Sports Club Ground
667719,2014-08-15,Test,India,England,Kennington Oval
730295,2014-09-05,Test,West Indies,Bangladesh,"Arnos Vale Ground, Kingstown"
730297,2014-09-13,Test,West Indies,Bangladesh,"Beausejour Stadium, Gros Islet"
727927,2014-10-22,Test,Pakistan,Australia,Dubai International Cricket Stadium
760781,2014-10-25,Test,Zimbabwe,Bangladesh,Shere Bangla National Stadium
727929,2014-10-30,Test,Pakistan,Australia,Sheikh Zayed Stadium
760783,2014-11-03,Test,Bangladesh,Zimbabwe,Sheikh Abu Naser Stadium
742611,2014-11-09,Test,Pakistan,New Zealand,Sheikh Zayed Stadium
760785,2014-11-12,Test,Bangladesh,Zimbabwe,Zahur Ahmed Chowdhury Stadium
742613,2014-11-17,Test,New Zealand,Pakistan,Dubai International Cricket Stadium
742615,2014-11-26,Test,Pakistan,New Zealand,Sharjah Cricket Stadium
754737,2014-12-09,Test,Australia,India,Adelaide Oval
722329,2014-12-17,Test,South Africa,West Indies,SuperSport Park
754739,2014-12-17,Test,India,Australia,"Brisbane Cricket Ground, Woolloongabba"
722331,2014-12-26,Test,South Africa,West Indies,St George's Park
749777,2014-12-26,Test,New Zealand,Sri Lanka,Hagley Oval
754741,2014-12-26,Test,Australia,India,Melbourne Cricket Ground
722333,2015-01-02,Test,West Indies,South Africa,Newlands
749779,2015-01-03,Test,New Zealand,Sri Lanka,Basin Reserve
754743,2015-01-06,Test,Australia,India,Sydney Cricket Ground
766929,2015-04-13,Test,England,West Indies,"Sir Vivian Richards Stadium, North Sound"
766931,2015-04-21,Test,West Indies,England,"National Cricket Stadium, St George's"
858493,2015-04-28,Test,Bangladesh,Pakistan,Sheikh Abu Naser Stadium
766933,2015-05-01,Test,England,West Indies,"Kensington Oval, Bridgetown"
858495,2015-05-06,Test,Pakistan,Bangladesh,Shere Bangla National Stadium
743939,2015-05-21,Test,England,New Zealand,Lord's
743941,2015-05-29,Test,New Zealand,England,Headingley
810423,2015-06-03,Test,West Indies,Australia,"Windsor Park, Roseau"
870729,2015-06-10,Test,India,Bangladesh,Khan Shaheb Osman Ali Stadium
810425,2015-06-11,Test,Australia,West Indies,"Sabina Park, Kingston"
860263,2015-06-17,Test,Sri Lanka,Pakistan,Galle International Stadium
860265,2015-06-25,Test,Pakistan,Sri Lanka,P Sara Oval
860267,2015-07-03,Test,Sri Lanka,Pakistan,Pallekele International Cricket Stadium
743963,2015-07-08,Test,England,Australia,Sophia Gardens
743965,2015-07-16,Test,Australia,England,Lord's
817213,2015-07-21,Test,South Africa,Bangladesh,Zahur Ahmed Chowdhury Stadium
743967,2015-07-29,Test,Australia,England,Edgbaston
817215,2015-07-30,Test,Bangladesh,South Africa,Shere Bangla National Stadium
743969,2015-08-06,Test,Australia,England,Trent Bridge
798375,2015-08-11,Test,Australia,England,St Lawrence Ground
895773,2015-08-12,Test,Sri Lanka,India,Galle International Stadium
743971,2015-08-20,Test,Australia,England,Kennington Oval
895775,2015-08-20,Test,India,Sri Lanka,P Sara Oval
895777,2015-08-28,Test,India,Sri Lanka,Sinhalese Sports Club Ground
902635,2015-10-13,Test,Pakistan,England,Sheikh Zayed Stadium
915773,2015-10-14,Test,Sri Lanka,West Indies,Galle International Stadium
902637,2015-10-22,Test,Pakistan,England,Dubai International Cricket Stadium
915775,2015-10-22,Test,Sri Lanka,West Indies,P Sara Oval
902639,2015-11-01,Test,Pakistan,England,Sharjah Cricket Stadium
892509,2015-11-05,Test,Australia,New Zealand,"Brisbane Cricket Ground, Woolloongabba"
903603,2015-11-05,Test,India,South Africa,"Punjab Cricket Association Stadium, Mohali"
892511,2015-11-13,Test,Australia,New Zealand,Western Australia Cricket Association Ground
903605,2015-11-14,Test,South Africa,India,M Chinnaswamy Stadium
903607,2015-11-25,Test,India,South Africa,"Vidarbha Cricket Association Stadium, Jamtha"
892513,2015-11-27,Test,New Zealand,Australia,Adelaide Oval
903609,2015-12-03,Test,India,South Africa,Feroz Shah Kotla
892515,2015-12-10,Test,Australia,West Indies,Bellerive Oval
914203,2015-12-10,Test,New Zealand,Sri Lanka,University Oval
914205,2015-12-18,Test,Sri Lanka,New Zealand,Seddon Park
800461,2015-12-26,Test,England,South Africa,Kingsmead
892517,2015-12-26,Test,Australia,West Indies,Melbourne Cricket Ground
800463,2016-01-02,Test,England,South Africa,Newlands
892519,2016-01-03,Test,West Indies,Australia,Sydney Cricket Ground
800465,2016-01-14,Test,South Africa,England,New Wanderers Stadium
800467,2016-01-22,Test,South Africa,England,SuperSport Park
914237,2016-02-12,Test,New Zealand,Australia,Basin Reserve
914239,2016-02-20,Test,New Zealand,Australia,Hagley Oval
913613,2016-05-19,Test,England,Sri Lanka,Headingley
913615,2016-05-27,Test,England,Sri Lanka,Riverside Ground
913617,2016-06-09,Test,England,Sri Lanka,Lord's
913641,2016-07-14,Test,Pakistan,England,Lord's
1022593,2016-07-21,Test,India,West Indies,"Sir Vivian Richards Stadium, North Sound"
913643,2016-07-22,Test,England,Pakistan,Old Trafford
995451,2016-07-26,Test,Sri Lanka,Australia,Pallekele International Cricket Stadium
1024041,2016-07-28,Test,Zimbabwe,New Zealand,Queens Sports Club
1022595,2016-07-30,Test,West Indies,India,"Sabina Park, Kingston"
913645,2016-08-03,Test,England,Pakistan,Edgbaston
995453,2016-08-04,Test,Sri Lanka,Australia,Galle International Stadium
1024043,2016-08-06,Test,New Zealand,Zimbabwe,Queens Sports Club
1022597,2016-08-09,Test,India,West Indies,"Darren Sammy National Cricket Stadium, Gros Islet"
913647,2016-08-11,Test,England,Pakistan,Kennington Oval
995455,2016-08-13,Test,Sri Lanka,Australia,Sinhalese Sports Club Ground
1022599,2016-08-18,Test,West Indies,India,"Queen's Park Oval, Port of Spain"
936127,2016-08-19,Test,South Africa,New Zealand,Kingsmead
936129,2016-08-27,Test,South Africa,New Zealand,SuperSport Park
1030213,2016-09-22,Test,India,New Zealand,Green Park
1030215,2016-09-30,Test,India,New Zealand,Eden Gardens
1030217,2016-10-08,Test,India,New Zealand,Holkar Cricket Stadium
1050229,2016-10-13,Test,Pakistan,West Indies,Dubai International Cricket Stadium
1029825,2016-10-20,Test,England,Bangladesh,Zahur Ahmed Chowdhury Stadium
1050231,2016-10-21,Test,Pakistan,West Indies,Sheikh Zayed Stadium
1029827,2016-10-28,Test,Bangladesh,England,Shere Bangla National Stadium
1059702,2016-10-29,Test,Sri Lanka,Zimbabwe,Harare Sports Club
1050233,2016-10-30,Test,Pakistan,West Indies,Sharjah Cricket Stadium
1000851,2016-11-03,Test,South Africa,Australia,Western Australia Cricket Association Ground
1059703,2016-11-06,Test,Sri Lanka,Zimbabwe,Harare Sports Club
1034809,2016-11-09,Test,England,India,Saurashtra Cricket Association Stadium
1000853,2016-11-12,Test,Australia,South Africa,Bellerive Oval
1019993,2016-11-17,Test,Pakistan,New Zealand,Hagley Oval
1034811,2016-11-17,Test,India,England,Dr. Y.S. Rajasekhara Reddy ACA-VDCA Cricket Stadium
1000855,2016-11-24,Test,South Africa,Australia,Adelaide Oval
1019995,2016-11-25,Test,New Zealand,Pakistan,Seddon Park
1034813,2016-11-26,Test,England,India,"Punjab Cricket Association IS Bindra Stadium, Mohali"
1034815,2016-12-08,Test,England,India,Wankhede Stadium
1000881,2016-12-15,Test,Australia,Pakistan,"Brisbane Cricket Ground, Woolloongabba"
1034817,2016-12-16,Test,England,India,"MA Chidambaram Stadium, Chepauk"
1000883,2016-12-26,Test,Pakistan,Australia,Melbourne Cricket Ground
936147,2016-12-26,Test,South Africa,Sri Lanka,St George's Park
936149,2017-01-02,Test,South Africa,Sri Lanka,Newlands
1000885,2017-01-03,Test,Australia,Pakistan,Sydney Cricket Ground
1019985,2017-01-12,Test,Bangladesh,New Zealand,Basin Reserve
936151,2017-01-12,Test,South Africa,Sri Lanka,New Wanderers Stadium
1019987,2017-01-20,Test,Bangladesh,New Zealand,Hagley Oval
1041761,2017-02-09,Test,India,Bangladesh,"Rajiv Gandhi International Stadium, Uppal"
1062573,2017-02-23,Test,Australia,India,Maharashtra Cricket Association Stadium
1062574,2017-03-04,Test,India,Australia,M Chinnaswamy Stadium
1083444,2017-03-07,Test,Sri Lanka,Bangladesh,Galle International Stadium
1020041,2017-03-08,Test,South Africa,New Zealand,University Oval
1083445,2017-03-15,Test,Sri Lanka,Bangladesh,P Sara Oval
1020043,2017-03-16,Test,New Zealand,South Africa,Basin Reserve
1062575,2017-03-16,Test,Australia,India,JSCA International Stadium Complex
1020045,2017-03-25,Test,South Africa,New Zealand,Seddon Park
1062576,2017-03-25,Test,Australia,India,Himachal Pradesh Cricket Association Stadium
1077953,2017-04-21,Test,West Indies,Pakistan,"Sabina Park, Kingston"
1077954,2017-04-30,Test,West Indies,Pakistan,"Kensington Oval, Bridgetown"
1077955,2017-05-10,Test,Pakistan,West Indies,"Windsor Park, Roseau"
1031437,2017-07-06,Test,England,South Africa,Lord's
1031439,2017-07-14,Test,South Africa,England,Trent Bridge
1104483,2017-07-14,Test,Zimbabwe,Sri Lanka,"R.Premadasa Stadium, Khettarama"
1109602,2017-07-26,Test,India,Sri Lanka,Galle International Stadium
1031441,2017-07-27,Test,England,South Africa,Kennington Oval
1109603,2017-08-03,Test,India,Sri Lanka,Sinhalese Sports Club Ground
1031443,2017-08-04,Test,England,South Africa,Old Trafford
1109604,2017-08-12,Test,India,Sri Lanka,Pallekele International Cricket Stadium
1031659,2017-08-17,Test,England,West Indies,Edgbaston
1031661,2017-08-25,Test,England,West Indies,Headingley
1104284,2017-08-27,Test,Bangladesh,Australia,"Shere Bangla National Stadium, Mirpur"
1104285,2017-09-04,Test,Bangladesh,Australia,Zahur Ahmed Chowdhury Stadium
1031663,2017-09-07,Test,West Indies,England,Lord's
1075502,2017-09-28,Test,South Africa,Bangladesh,Senwes Park
1120284,2017-09-28,Test,Sri Lanka,Pakistan,Sheikh Zayed Stadium
1075503,2017-10-06,Test,South Africa,Bangladesh,Mangaung Oval
1120285,2017-10-06,Test,Sri Lanka,Pakistan,Dubai International Cricket Stadium
1122886,2017-10-21,Test,West Indies,Zimbabwe,Queens Sports Club
1122887,2017-10-29,Test,Zimbabwe,West Indies,Queens Sports Club
1086066,2017-11-09,Test,England,Australia,"North Sydney Oval, Sydney"
1122723,2017-11-16,Test,India,Sri Lanka,Eden Gardens
1072305,2017-11-23,Test,England,Australia,"Brisbane Cricket Ground, Woolloongabba"
1122724,2017-11-24,Test,Sri Lanka,India,"Vidarbha Cricket Association Stadium, Jamtha"
1115793,2017-12-01,Test,West Indies,New Zealand,Basin Reserve
1072306,2017-12-02,Test,Australia,England,Adelaide Oval
1122725,2017-12-02,Test,India,Sri Lanka,Arun Jaitley Stadium
1115794,2017-12-09,Test,New Zealand,West Indies,Seddon Park
1072307,2017-12-14,Test,England,Australia,W.A.C.A. Ground
1072308,2017-12-26,Test,Australia,England,Melbourne Cricket Ground
1122310,2017-12-26,Test,South Africa,Zimbabwe,"St George's Park, Port Elizabeth"
1072309,2018-01-04,Test,England,Australia,Sydney Cricket Ground
1122276,2018-01-05,Test,South Africa,India,Newlands
1122277,2018-01-13,Test,South Africa,India,SuperSport Park
1122278,2018-01-24,Test,India,South Africa,The Wanderers Stadium
1130744,2018-01-31,Test,Bangladesh,Sri Lanka,Zahur Ahmed Chowdhury Stadium
1130745,2018-02-08,Test,Sri Lanka,Bangladesh,"Shere Bangla National Stadium, Mirpur"
1075982,2018-03-01,Test,Australia,South Africa,Kingsmead
1075983,2018-03-09,Test,Australia,South Africa,St George's Park
1075984,2018-03-22,Test,South Africa,Australia,Newlands
1115780,2018-03-22,Test,England,New Zealand,Eden Park
1075985,2018-03-30,Test,South Africa,Australia,The Wanderers Stadium
1115781,2018-03-30,Test,England,New Zealand,Hagley Oval
1127284,2018-05-11,Test,Pakistan,Ireland,"The Village, Malahide"
1119535,2018-05-24,Test,England,Pakistan,Lord's
1119536,2018-06-01,Test,Pakistan,England,Headingley
1135149,2018-06-06,Test,West Indies,Sri Lanka,"Queen's Park Oval, Port of Spain"
1135150,2018-06-14,Test,Sri Lanka,West Indies,"Daren Sammy National Cricket Stadium, Gros Islet"
1135151,2018-06-23,Test,West Indies,Sri Lanka,"Kensington Oval, Bridgetown"
1146717,2018-07-04,Test,Bangladesh,West Indies,Sir Vivian Richards Stadium
1142581,2018-07-12,Test,Sri Lanka,South Africa,Galle International Stadium
1146718,2018-07-12,Test,West Indies,Bangladesh,"Sabina Park, Kingston"
1142582,2018-07-20,Test,Sri Lanka,South Africa,Sinhalese Sports Club Ground
1119549,2018-08-01,Test,England,India,Edgbaston
1119550,2018-08-09,Test,India,England,Lord's
1119551,2018-08-18,Test,India,England,Trent Bridge
1119552,2018-08-30,Test,England,India,The Rose Bowl
1119553,2018-09-07,Test,England,India,Kennington Oval
1157752,2018-10-04,Test,India,West Indies,Saurashtra Cricket Association Stadium
1157370,2018-10-07,Test,Pakistan,Australia,Dubai International Cricket Stadium
1157753,2018-10-12,Test,West Indies,India,"Rajiv Gandhi International Stadium, Uppal"
1157371,2018-10-16,Test,Pakistan,Australia,Sheikh Zayed Stadium
1153639,2018-11-03,Test,Zimbabwe,Bangladesh,Sylhet International Cricket Stadium
1140385,2018-11-06,Test,England,Sri Lanka,Galle International Stadium
1153640,2018-11-11,Test,Bangladesh,Zimbabwe,"Shere Bangla National Stadium, Mirpur"
1140386,2018-11-14,Test,England,Sri Lanka,Pallekele International Cricket Stadium
1157381,2018-11-16,Test,New Zealand,Pakistan,Sheikh Zayed Stadium
1153311,2018-11-22,Test,Bangladesh,West Indies,Zahur Ahmed Chowdhury Stadium
1140387,2018-11-23,Test,England,Sri Lanka,Sinhalese Sports Club Ground
1157382,2018-11-24,Test,Pakistan,New Zealand,Dubai International Cricket Stadium
1153312,2018-11-30,Test,Bangladesh,West Indies,"Shere Bangla National Stadium, Mirpur"
1157383,2018-12-03,Test,New Zealand,Pakistan,Sheikh Zayed Stadium
1144993,2018-12-06,Test,India,Australia,Adelaide Oval
1144994,2018-12-14,Test,Australia,India,Perth Stadium
1153838,2018-12-15,Test,Sri Lanka,New Zealand,"Basin Reserve, Wellington"
1144153,2018-12-26,Test,Pakistan,South Africa,SuperSport Park
1144995,2018-12-26,Test,India,Australia,Melbourne Cricket Ground
1153839,2018-12-26,Test,New Zealand,Sri Lanka,Hagley Oval
1144154,2019-01-03,Test,Pakistan,South Africa,Newlands
1144996,2019-01-03,Test,India,Australia,Sydney Cricket Ground
1144155,2019-01-11,Test,South Africa,Pakistan,The Wanderers Stadium
1158062,2019-01-23,Test,West Indies,England,"Kensington Oval, Barbados"
1145000,2019-01-24,Test,Sri Lanka,Australia,"Brisbane Cricket Ground, Woolloongabba"
1158063,2019-01-31,Test,England,West Indies,"Sir Vivian Richards Stadium, Antigua"
1145001,2019-02-01,Test,Australia,Sri Lanka,Manuka Oval
1158064,2019-02-09,Test,England,West Indies,"Daren Sammy National Cricket Stadium, St Lucia"
1144164,2019-02-13,Test,South Africa,Sri Lanka,Kingsmead
1144165,2019-02-21,Test,South Africa,Sri Lanka,St George's Park
1153847,2019-02-28,Test,Bangladesh,New Zealand,Seddon Park
1153848,2019-03-08,Test,Bangladesh,New Zealand,Basin Reserve
1168025,2019-07-18,Test,Australia,England,The Cooper Associates County Ground
1152839,2019-07-24,Test,England,Ireland,Lord's
1152846,2019-08-01,Test,Australia,England,Edgbaston
1152847,2019-08-14,Test,England,Australia,Lord's
1192873,2019-08-14,Test,New Zealand,Sri Lanka,Galle International Stadium
1152848,2019-08-22,Test,Australia,England,Headingley
1188628,2019-08-22,Test,India,West Indies,"Sir Vivian Richards Stadium, Antigua"
1192874,2019-08-22,Test,Sri Lanka,New Zealand,P Sara Oval
1188629,2019-08-30,Test,India,West Indies,"Sabina Park, Jamaica"
1152849,2019-09-04,Test,Australia,England,Old Trafford
1152850,2019-09-12,Test,England,Australia,Kennington Oval
1187007,2019-10-02,Test,India,South Africa,Dr. Y.S. Rajasekhara Reddy ACA-VDCA Cricket Stadium
1187008,2019-10-10,Test,India,South Africa,Maharashtra Cricket Association Stadium
1187009,2019-10-19,Test,India,South Africa,JSCA International Stadium Complex
1187016,2019-11-14,Test,Bangladesh,India,Holkar Cricket Stadium
1183530,2019-11-21,Test,Pakistan,Australia,"Brisbane Cricket Ground, Woolloongabba"
1187671,2019-11-21,Test,England,New Zealand,Bay Oval
1187017,2019-11-22,Test,Bangladesh,India,Eden Gardens
1183531,2019-11-29,Test,Australia,Pakistan,Adelaide Oval
1187672,2019-11-29,Test,New Zealand,England,Seddon Park
1206635,2019-12-11,Test,Sri Lanka,Pakistan,Rawalpindi Cricket Stadium
1183532,2019-12-12,Test,Australia,New Zealand,Perth Stadium
1206636,2019-12-19,Test,Pakistan,Sri Lanka,National Stadium
1183533,2019-12-26,Test,Australia,New Zealand,Melbourne Cricket Ground
1185304,2019-12-26,Test,South Africa,England,SuperSport Park
1183534,2020-01-03,Test,Australia,New Zealand,Sydney Cricket Ground
1185305,2020-01-03,Test,England,South Africa,Newlands
1185306,2020-01-16,Test,England,South Africa,St George's Park
1212541,2020-01-19,Test,Zimbabwe,Sri Lanka,Harare Sports Club
1185307,2020-01-24,Test,England,South Africa,The Wanderers Stadium
1212542,2020-01-27,Test,Zimbabwe,Sri Lanka,Harare Sports Club
1213062,2020-02-07,Test,Bangladesh,Pakistan,Rawalpindi Cricket Stadium
1187685,2020-02-21,Test,India,New Zealand,Basin Reserve
1214666,2020-02-22,Test,Zimbabwe,Bangladesh,"Shere Bangla National Stadium, Mirpur"
1187686,2020-02-29,Test,India,New Zealand,Hagley Oval
1225247,2020-07-08,Test,England,West Indies,The Rose Bowl
1225248,2020-07-16,Test,England,West Indies,Old Trafford
1225249,2020-07-24,Test,England,West Indies,Old Trafford
1198241,2020-08-05,Test,Pakistan,England,Old Trafford
1198242,2020-08-13,Test,Pakistan,England,The Rose Bowl
1198243,2020-08-21,Test,England,Pakistan,The Rose Bowl
1233957,2020-12-03,Test,New Zealand,West Indies,Seddon Park
1233958,2020-12-11,Test,New Zealand,West Indies,Basin Reserve
1223869,2020-12-17,Test,India,Australia,Adelaide Oval
1223870,2020-12-26,Test,Australia,India,Melbourne Cricket Ground
1233962,2020-12-26,Test,New Zealand,Pakistan,Bay Oval
1237356,2020-12-26,Test,Sri Lanka,South Africa,SuperSport Park
1233963,2021-01-03,Test,Pakistan,New Zealand,Hagley Oval
1237357,2021-01-03,Test,Sri Lanka,South Africa,The Wanderers Stadium
1223871,2021-01-07,Test,Australia,India,Sydney Cricket Ground
1243015,2021-01-14,Test,Sri Lanka,England,Galle International Stadium
1223872,2021-01-15,Test,Australia,India,Brisbane Cricket Ground
1243016,2021-01-22,Test,Sri Lanka,England,Galle International Stadium
1243017,2021-01-26,Test,South Africa,Pakistan,National Stadium
1244025,2021-02-03,Test,Bangladesh,West Indies,Zahur Ahmed Chowdhury Stadium
1243018,2021-02-04,Test,Pakistan,South Africa,Rawalpindi Cricket Stadium
1243384,2021-02-05,Test,England,India,MA Chidambaram Stadium
1244026,2021-02-11,Test,West Indies,Bangladesh,Shere Bangla National Stadium
1243385,2021-02-13,Test,India,England,MA Chidambaram Stadium
1243386,2021-02-24,Test,England,India,Narendra Modi Stadium
1243387,2021-03-04,Test,England,India,Narendra Modi Stadium
1252073,2021-03-21,Test,Sri Lanka,West Indies,Sir Vivian Richards Stadium
1252074,2021-03-29,Test,West Indies,Sri Lanka,Sir Vivian Richards Stadium
1255828,2021-04-21,Test,Bangladesh,Sri Lanka,Pallekele International Cricket Stadium
1255829,2021-04-29,Test,Sri Lanka,Bangladesh,Pallekele International Cricket Stadium
1257186,2021-04-29,Test,Zimbabwe,Pakistan,Harare Sports Club
1257187,2021-05-07,Test,Pakistan,Zimbabwe,Harare Sports Club
1249210,2021-06-02,Test,New Zealand,England,"Lord's, London"
1249211,2021-06-10,Test,England,New Zealand,"Edgbaston, Birmingham"
1263149,2021-06-10,Test,West Indies,South Africa,"Daren Sammy National Cricket Stadium, Gros Islet, St Lucia"
1260093,2021-06-16,Test,England,India,"County Ground, Bristol"
1249875,2021-06-18,Test,India,New Zealand,"The Rose Bowl, Southampton"
1263150,2021-06-18,Test,South Africa,West Indies,"Daren Sammy National Cricket Stadium, Gros Islet, St Lucia"
1267676,2021-07-07,Test,Bangladesh,Zimbabwe,Harare Sports Club
1239543,2021-08-04,Test,England,India,"Trent Bridge, Nottingham"
1239544,2021-08-12,Test,India,England,"Lord's, London"
1263169,2021-08-12,Test,Pakistan,West Indies,"Sabina Park, Kingston, Jamaica"
1263170,2021-08-20,Test,Pakistan,West Indies,"Sabina Park, Kingston, Jamaica"
1239545,2021-08-25,Test,India,England,"Headingley, Leeds"
1239546,2021-09-02,Test,India,England,"Kennington Oval, London"
1263620,2021-09-30,Test,India,Australia,Carrara Oval
1288345,2021-11-21,Test,Sri Lanka,West Indies,Galle International Stadium
1278674,2021-11-25,Test,India,New Zealand,"Green Park, Kanpur"
1277977,2021-11-26,Test,Bangladesh,Pakistan,"Zahur Ahmed Chowdhury Stadium, Chattogram"
1288346,2021-11-29,Test,Sri Lanka,West Indies,Galle International Stadium
1278675,2021-12-03,Test,India,New Zealand,"Wankhede Stadium, Mumbai"
1277978,2021-12-04,Test,Pakistan,Bangladesh,"Shere Bangla National Stadium, Mirpur"
1263462,2021-12-08,Test,England,Australia,"Brisbane Cricket Ground, Woolloongabba, Brisbane"
1263463,2021-12-16,Test,Australia,England,Adelaide Oval
1263464,2021-12-26,Test,England,Australia,Melbourne Cricket Ground
1277079,2021-12-26,Test,India,South Africa,"SuperSport Park, Centurion"
1288979,2022-01-01,Test,New Zealand,Bangladesh,"Bay Oval, Mount Maunganui"
1277080,2022-01-03,Test,India,South Africa,"The Wanderers Stadium, Johannesburg"
1263465,2022-01-05,Test,Australia,England,Sydney Cricket Ground
1288980,2022-01-09,Test,New Zealand,Bangladesh,"Hagley Oval, Christchurch"
1277081,2022-01-11,Test,India,South Africa,"Newlands, Cape Town"
1263466,2022-01-14,Test,Australia,England,"Bellerive Oval, Hobart"
1263571,2022-01-27,Test,Australia,England,"Manuka Oval, Canberra"
1288981,2022-02-17,Test,South Africa,New Zealand,"Hagley Oval, Christchurch"
1288982,2022-02-25,Test,South Africa,New Zealand,"Hagley Oval, Christchurch"
1278682,2022-03-04,Test,India,Sri Lanka,"Punjab Cricket Association IS Bindra Stadium, Mohali, Chandigarh"
1288310,2022-03-04,Test,Pakistan,Australia,Rawalpindi Cricket Stadium
1256726,2022-03-08,Test,England,West Indies,"Sir Vivian Richards Stadium, North Sound, Antigua"
1278683,2022-03-12,Test,India,Sri Lanka,"M Chinnaswamy Stadium, Bengaluru"
1288311,2022-03-12,Test,Australia,Pakistan,"National Stadium, Karachi"
1256727,2022-03-16,Test,England,West Indies,"Kensington Oval, Bridgetown, Barbados"
1288312,2022-03-21,Test,Australia,Pakistan,"Gaddafi Stadium, Lahore"
1256728,2022-03-24,Test,England,West Indies,"National Cricket Stadium, St George's, Grenada"
1277100,2022-03-31,Test,South Africa,Bangladesh,"Kingsmead, Durban"
1277101,2022-04-08,Test,South Africa,Bangladesh,"St George's Park, Port Elizabeth"
1308488,2022-05-15,Test,Sri Lanka,Bangladesh,"Zahur Ahmed Chowdhury Stadium, Chattogram"
1308489,2022-05-23,Test,Bangladesh,Sri Lanka,"Shere Bangla National Stadium, Mirpur"
1276901,2022-06-02,Test,New Zealand,England,"Lord's, London"
1276902,2022-06-10,Test,New Zealand,England,"Trent Bridge, Nottingham"
1317147,2022-06-16,Test,Bangladesh,West Indies,"Sir Vivian Richards Stadium, North Sound, Antigua"
1276903,2022-06-23,Test,New Zealand,England,"Headingley, Leeds"
1317148,2022-06-24,Test,Bangladesh,West Indies,"Daren Sammy National Cricket Stadium, Gros Islet, St Lucia"
1301327,2022-06-27,Test,South Africa,England,"The Cooper Associates County Ground, Taunton"
1307301,2022-06-29,Test,Sri Lanka,Australia,Galle International Stadium
1320741,2022-07-01,Test,India,England,"Edgbaston, Birmingham"
1307302,2022-07-08,Test,Australia,Sri Lanka,Galle International Stadium
1320953,2022-07-16,Test,Sri Lanka,Pakistan,Galle International Stadium
1320954,2022-07-24,Test,Sri Lanka,Pakistan,Galle International Stadium
1276916,2022-08-17,Test,England,South Africa,"Lord's, London"
1276917,2022-08-25,Test,South Africa,England,"Old Trafford, Manchester"
1276918,2022-09-08,Test,South Africa,England,"Kennington Oval, London"
1317484,2022-11-30,Test,Australia,West Indies,Perth Stadium
1330871,2022-12-01,Test,England,Pakistan,Rawalpindi Cricket Stadium
1317485,2022-12-08,Test,Australia,West Indies,Adelaide Oval
1330872,2022-12-09,Test,England,Pakistan,Multan Cricket Stadium
1340848,2022-12-14,Test,India,Bangladesh,"Zahur Ahmed Chowdhury Stadium, Chattogram"
1317492,2022-12-17,Test,South Africa,Australia,"Brisbane Cricket Ground, Woolloongabba, Brisbane"
1330873,2022-12-17,Test,Pakistan,England,"National Stadium, Karachi"
1340849,2022-12-22,Test,Bangladesh,India,"Shere Bangla National Stadium, Mirpur"
1317493,2022-12-26,Test,South Africa,Australia,Melbourne Cricket Ground
1339609,2022-12-26,Test,Pakistan,New Zealand,"National Stadium, Karachi"
1339610,2023-01-02,Test,New Zealand,Pakistan,"National Stadium, Karachi"
1317494,2023-01-04,Test,Australia,South Africa,Sydney Cricket Ground
1350681,2023-02-04,Test,West Indies,Zimbabwe,"Queens Sports Club, Bulawayo"
1348652,2023-02-09,Test,Australia,India,"Vidarbha Cricket Association Stadium, Jamtha, Nagpur"
1350682,2023-02-12,Test,Zimbabwe,West Indies,"Queens Sports Club, Bulawayo"
1322355,2023-02-16,Test,England,New Zealand,"Bay Oval, Mount Maunganui"
1348653,2023-02-17,Test,Australia,India,"Arun Jaitley Stadium, Delhi"
1322356,2023-02-24,Test,England,New Zealand,"Basin Reserve, Wellington"
1339599,2023-02-28,Test,South Africa,West Indies,"SuperSport Park, Centurion"
1348654,2023-03-01,Test,India,Australia,"Holkar Cricket Stadium, Indore"
1339600,2023-03-08,Test,South Africa,West Indies,"The Wanderers Stadium, Johannesburg"
1322357,2023-03-09,Test,Sri Lanka,New Zealand,"Hagley Oval, Christchurch"
1348655,2023-03-09,Test,Australia,India,"Narendra Modi Stadium, Ahmedabad"
1322358,2023-03-17,Test,New Zealand,Sri Lanka,"Basin Reserve, Wellington"
1355723,2023-04-04,Test,Ireland,Bangladesh,"Shere Bangla National Stadium, Mirpur"
1363447,2023-04-16,Test,Sri Lanka,Ireland,Galle International Stadium
1363448,2023-04-24,Test,Ireland,Sri Lanka,Galle International Stadium
1336127,2023-06-01,Test,Ireland,England,"Lord's, London"
1358412,2023-06-07,Test,Australia,India,"Kennington Oval, London"
1336043,2023-06-16,Test,England,Australia,"Edgbaston, Birmingham"
1336073,2023-06-22,Test,Australia,England,"Trent Bridge, Nottingham"
1336044,2023-06-28,Test,Australia,England,"Lord's, London"
1336045,2023-07-06,Test,Australia,England,"Headingley, Leeds"
1381212,2023-07-12,Test,West Indies,India,"Windsor Park, Roseau, Dominica"
1385685,2023-07-16,Test,Sri Lanka,Pakistan,Galle International Stadium
1336046,2023-07-19,Test,Australia,England,"Old Trafford, Manchester"
1381213,2023-07-20,Test,India,West Indies,"Queen's Park Oval, Port of Spain, Trinidad"
1385686,2023-07-24,Test,Sri Lanka,Pakistan,"Sinhalese Sports Club Ground, Colombo"
1336047,2023-07-27,Test,England,Australia,"Kennington Oval, London"
1395703,2023-11-28,Test,Bangladesh,New Zealand,Sylhet International Cricket Stadium
1395704,2023-12-06,Test,Bangladesh,New Zealand,"Shere Bangla National Stadium, Mirpur"
1375842,2023-12-14,Test,Australia,Pakistan,Perth Stadium
1406076,2023-12-14,Test,India,England,"Dr DY Patil Sports Academy, Mumbai"
1406077,2023-12-21,Test,Australia,India,"Wankhede Stadium, Mumbai"
1375843,2023-12-26,Test,Australia,Pakistan,Melbourne Cricket Ground
1387603,2023-12-26,Test,India,South Africa,"SuperSport Park, Centurion"
1375844,2024-01-03,Test,Pakistan,Australia,Sydney Cricket Ground
1387604,2024-01-03,Test,South Africa,India,"Newlands, Cape Town"
1375845,2024-01-17,Test,West Indies,Australia,Adelaide Oval
1375846,2024-01-25,Test,West Indies,Australia,"Brisbane Cricket Ground, Woolloongabba, Brisbane"
1389399,2024-01-25,Test,England,India,"Rajiv Gandhi International Stadium, Uppal, Hyderabad"
1389400,2024-02-02,Test,India,England,"Dr. Y.S. Rajasekhara Reddy ACA-VDCA Cricket Stadium, Visakhapatnam"
1388221,2024-02-04,Test,New Zealand,South Africa,"Bay Oval, Mount Maunganui"
1388222,2024-02-13,Test,South Africa,New Zealand,"Seddon Park, Hamilton"
1375875,2024-02-15,Test,South Africa,Australia,"Western Australia Cricket Association Ground, Perth"
1389401,2024-02-15,Test,India,England,"Saurashtra Cricket Association Stadium, Rajkot"
1389402,2024-02-23,Test,England,India,"JSCA International Stadium Complex, Ranchi"
1388226,2024-02-29,Test,Australia,New Zealand,"Basin Reserve, Wellington"
1389403,2024-03-07,Test,England,India,"Himachal Pradesh Cricket Association Stadium, Dharamsala"
1388227,2024-03-08,Test,New Zealand,Australia,"Hagley Oval, Christchurch"
1419830,2024-03-22,Test,Sri Lanka,Bangladesh,Sylhet International Cricket Stadium
1419831,2024-03-30,Test,Sri Lanka,Bangladesh,"Zahur Ahmed Chowdhury Stadium, Chattogram"
1434290,2024-06-28,Test,India,South Africa,"MA Chidambaram Stadium, Chepauk, Chennai"
1385691,2024-07-10,Test,West Indies,England,"Lord's, London"
1385692,2024-07-18,Test,England,West Indies,"Trent Bridge, Nottingham"
1431085,2024-07-25,Test,Zimbabwe,Ireland,"Civil Service Cricket Club, Stormont, Belfast"
1385693,2024-07-26,Test,West Indies,England,"Edgbaston, Birmingham"
1433365,2024-08-07,Test,South Africa,West Indies,"Queen's Park Oval, Port of Spain, Trinidad"
1433366,2024-08-15,Test,South Africa,West Indies,"Providence Stadium, Guyana"
1385694,2024-08-21,Test,Sri Lanka,England,"Old Trafford, Manchester"
1442213,2024-08-21,Test,Pakistan,Bangladesh,Rawalpindi Cricket Stadium
1385695,2024-08-29,Test,England,Sri Lanka,"Lord's, London"
1442214,2024-08-30,Test,Pakistan,Bangladesh,Rawalpindi Cricket Stadium
1385696,2024-09-06,Test,England,Sri Lanka,"Kennington Oval, London"
1447096,2024-09-18,Test,Sri Lanka,New Zealand,Galle International Stadium
1439891,2024-09-19,Test,India,Bangladesh,"MA Chidambaram Stadium, Chepauk, Chennai"
1447097,2024-09-26,Test,Sri Lanka,New Zealand,Galle International Stadium
1439892,2024-09-27,Test,Bangladesh,India,"Green Park, Kanpur"
1442215,2024-10-07,Test,Pakistan,England,Multan Cricket Stadium
1442216,2024-10-15,Test,Pakistan,England,Multan Cricket Stadium
1439896,2024-10-16,Test,India,New Zealand,"M Chinnaswamy Stadium, Bengaluru"
1453293,2024-10-21,Test,Bangladesh,South Africa,"Shere Bangla National Stadium, Mirpur"
1439897,2024-10-24,Test,New Zealand,India,"Maharashtra Cricket Association Stadium, Pune"
1442217,2024-10-24,Test,England,Pakistan,Rawalpindi Cricket Stadium
1453294,2024-10-29,Test,South Africa,Bangladesh,"Zahur Ahmed Chowdhury Stadium, Chattogram"
1439898,2024-11-01,Test,New Zealand,India,"Wankhede Stadium, Mumbai"
1426555,2024-11-22,Test,India,Australia,Perth Stadium
1433378,2024-11-22,Test,West Indies,Bangladesh,"Sir Vivian Richards Stadium, North Sound, Antigua"
1432209,2024-11-27,Test,South Africa,Sri Lanka,"Kingsmead, Durban"
1428554,2024-11-28,Test,New Zealand,England,"Hagley Oval, Christchurch"
1433379,2024-11-30,Test,Bangladesh,West Indies,"Sabina Park, Kingston, Jamaica"
1432210,2024-12-05,Test,South Africa,Sri Lanka,"St George's Park, Gqeberha"
1426556,2024-12-06,Test,India,Australia,Adelaide Oval
1428555,2024-12-06,Test,England,New Zealand,"Basin Reserve, Wellington"
1426557,2024-12-14,Test,Australia,India,"Brisbane Cricket Ground, Woolloongabba, Brisbane"
1428556,2024-12-14,Test,New Zealand,England,"Seddon Park, Hamilton"
1432231,2024-12-15,Test,England,South Africa,"Mangaung Oval, Bloemfontein"
1426558,2024-12-26,Test,Australia,India,Melbourne Cricket Ground
1432217,2024-12-26,Test,Pakistan,South Africa,"SuperSport Park, Centurion"
1426559,2025-01-03,Test,India,Australia,Sydney Cricket Ground
1432218,2025-01-03,Test,South Africa,Pakistan,"Newlands, Cape Town"
1442218,2025-01-17,Test,Pakistan,West Indies,Multan Cricket Stadium
1442219,2025-01-25,Test,West Indies,Pakistan,Multan Cricket Stadium
1459906,2025-01-29,Test,Australia,Sri Lanka,Galle International Stadium
1426629,2025-01-30,Test,England,Australia,Melbourne Cricket Ground
1459907,2025-02-06,Test,Sri Lanka,Australia,Galle International Stadium
1467700,2025-02-06,Test,Ireland,Zimbabwe,"Queens Sports Club, Bulawayo"
1476409,2025-04-20,Test,Bangladesh,Zimbabwe,Sylhet International Cricket Stadium
1476410,2025-04-28,Test,Zimbabwe,Bangladesh,"Zahur Ahmed Chowdhury Stadium, Chattogram"
1392691,2025-05-22,Test,England,Zimbabwe,"Trent Bridge, Nottingham"
1449769,2025-06-11,Test,Australia,South Africa,"Lord's, London"
1485503,2025-06-17,Test,Bangladesh,Sri Lanka,Galle International Stadium
1448349,2025-06-20,Test,India,England,"Headingley, Leeds"
1472517,2025-06-25,Test,Australia,West Indies,"Kensington Oval, Bridgetown, Barbados"
1485504,2025-06-25,Test,Bangladesh,Sri Lanka,"Sinhalese Sports Club Ground, Colombo"
1478863,2025-06-28,Test,South Africa,Zimbabwe,"Queens Sports Club, Bulawayo"
1448350,2025-07-02,Test,India,England,"Edgbaston, Birmingham"
1472518,2025-07-03,Test,Australia,West Indies,"National Cricket Stadium, St George's, Grenada"
1478864,2025-07-06,Test,South Africa,Zimbabwe,"Queens Sports Club, Bulawayo"
1448351,2025-07-10,Test,England,India,"Lord's, London"
1472519,2025-07-12,Test,Australia,West Indies,"Sabina Park, Kingston, Jamaica"
1448352,2025-07-23,Test,India,England,"Old Trafford, Manchester"
1478872,2025-07-30,Test,Zimbabwe,New Zealand,"Queens Sports Club, Bulawayo"
1448353,2025-07-31,Test,India,England,"Kennington Oval, London"
1478873,2025-08-07,Test,Zimbabwe,New Zealand,"Queens Sports Club, Bulawayo"
1479569,2025-10-02,Test,West Indies,India,"Narendra Modi Stadium, Ahmedabad"
1479570,2025-10-10,Test,India,West Indies,"Arun Jaitley Stadium, Delhi"
1501893,2025-10-12,Test,Pakistan,South Africa,"Gaddafi Stadium, Lahore"
1501894,2025-10-20,Test,Pakistan,South Africa,Rawalpindi Cricket Stadium
1506012,2025-11-11,Test,Ireland,Bangladesh,Sylhet International Cricket Stadium
1479571,2025-11-14,Test,South Africa,India,"Eden Gardens, Kolkata"
1506013,2025-11-19,Test,Bangladesh,Ireland,"Shere Bangla National Stadium, Mirpur"
1455611,2025-11-21,Test,England,Australia,Perth Stadium
1479572,2025-11-22,Test,South Africa,India,"Barsapara Cricket Stadium, Guwahati"
1491732,2025-12-02,Test,New Zealand,West Indies,"Hagley Oval, Christchurch"
1455612,2025-12-04,Test,England,Australia,"Brisbane Cricket Ground, Woolloongabba, Brisbane"
1491733,2025-12-10,Test,West Indies,New Zealand,"Basin Reserve, Wellington"
1455613,2025-12-17,Test,Australia,England,Adelaide Oval
1491734,2025-12-18,Test,New Zealand,West Indies,"Bay Oval, Mount Maunganui"
1455614,2025-12-26,Test,Australia,England,Melbourne Cricket Ground
1455615,2026-01-04,Test,England,Australia,Sydney Cricket Ground
1478918,2026-03-06,Test,India,Australia,"Western Australia Cricket Association Ground, Perth"
1532486,2026-05-08,Test,Bangladesh,Pakistan,"Shere Bangla National Stadium, Mirpur"
1532487,2026-05-16,Test,Bangladesh,Pakistan,Sylhet International Cricket Stadium
1528547,2026-05-27,Test,New Zealand,Ireland,"Civil Service Cricket Club, Stormont, Belfast"
1496571,2026-06-04,Test,England,New Zealand,"Lord's, London"
1496572,2026-06-17,Test,New Zealand,England,"Kennington Oval, London"
1496573,2026-06-25,Test,New Zealand,England,"Trent Bridge, Nottingham"
1538311,2026-06-25,Test,Sri Lanka,West Indies,"Sir Vivian Richards Stadium, North Sound, Antigua"
1538297,2026-06-28,Test,Bangladesh,Zimbabwe,Harare Sports Club
1538312,2026-07-03,Test,Sri Lanka,West Indies,"Sir Vivian Richards Stadium, North Sound, Antigua"
1496551,2026-07-10,Test,India,England,"Lord's, London"
1538630,2026-07-25,Test,West Indies,Pakistan,"Brian Lara Stadium, Tarouba, Trinidad"
1538631,2026-08-02,Test,West Indies,Pakistan,"Queen's Park Oval, Port of Spain, Trinidad"
1527273,2026-08-13,Test,Australia,Bangladesh,"Marrara Stadium, Darwin"
1544001,2026-08-15,Test,India,Sri Lanka,Galle International Stadium
1496582,2026-08-19,Test,Pakistan,England,"Headingley, Leeds"
1527274,2026-08-22,Test,Bangladesh,Australia,"Great Barrier Reef Arena, Mackay"
1544002,2026-08-23,Test,India,Sri Lanka,"Sinhalese Sports Club Ground, Colombo"
1496583,2026-08-27,Test,England,Pakistan,"Lord's, London"
1496584,2026-09-09,Test,Pakistan,England,"Edgbaston, Birmingham"
1358929,2023-03-04,WPL,Mumbai Indians,Gujarat Giants,"Dr DY Patil Sports Academy, Mumbai"
1358930,2023-03-05,WPL,Delhi Capitals,Royal Challengers Bangalore,"Brabourne Stadium, Mumbai"
1358931,2023-03-05,WPL,Gujarat Giants,UP Warriorz,"Dr DY Patil Sports Academy, Mumbai"
1358932,2023-03-06,WPL,Royal Challengers Bangalore,Mumbai Indians,"Brabourne Stadium, Mumbai"
1358933,2023-03-07,WPL,Delhi Capitals,UP Warriorz,"Dr DY Patil Sports Academy, Mumbai"
1358934,2023-03-08,WPL,Gujarat Giants,Royal Challengers Bangalore,"Brabourne Stadium, Mumbai"
1358935,2023-03-09,WPL,Delhi Capitals,Mumbai Indians,"Dr DY Patil Sports Academy, Mumbai"
1358936,2023-03-10,WPL,Royal Challengers Bangalore,UP Warriorz,"Brabourne Stadium, Mumbai"
1358937,2023-03-11,WPL,Gujarat Giants,Delhi Capitals,"Dr DY Patil Sports Academy, Mumbai"
1358938,2023-03-12,WPL,UP Warriorz,Mumbai Indians,"Brabourne Stadium, Mumbai"
1358939,2023-03-13,WPL,Royal Challengers Bangalore,Delhi Capitals,"Dr DY Patil Sports Academy, Mumbai"
1358940,2023-03-14,WPL,Mumbai Indians,Gujarat Giants,"Brabourne Stadium, Mumbai"
1358941,2023-03-15,WPL,UP Warriorz,Royal Challengers Bangalore,"Dr DY Patil Sports Academy, Mumbai"
1358942,2023-03-16,WPL,Gujarat Giants,Delhi Capitals,"Brabourne Stadium, Mumbai"
1358943,2023-03-18,WPL,Mumbai Indians,UP Warriorz,"Dr DY Patil Sports Academy, Mumbai"
1358944,2023-03-18,WPL,Gujarat Giants,Royal Challengers Bangalore,"Brabourne Stadium, Mumbai"
1358945,2023-03-20,WPL,Gujarat Giants,UP Warriorz,"Brabourne Stadium, Mumbai"
1358946,2023-03-20,WPL,Mumbai Indians,Delhi Capitals,"Dr DY Patil Sports Academy, Mumbai"
1358947,2023-03-21,WPL,Royal Challengers Bangalore,Mumbai Indians,"Dr DY Patil Sports Academy, Mumbai"
1358948,2023-03-21,WPL,UP Warriorz,Delhi Capitals,"Brabourne Stadium, Mumbai"
1358949,2023-03-24,WPL,Mumbai Indians,UP Warriorz,"Dr DY Patil Sports Academy, Mumbai"
1358950,2023-03-26,WPL,Delhi Capitals,Mumbai Indians,"Brabourne Stadium, Mumbai"
1417716,2024-02-23,WPL,Delhi Capitals,Mumbai Indians,"M Chinnaswamy Stadium, Bengaluru"
1417717,2024-02-24,WPL,Royal Challengers Bangalore,UP Warriorz,"M Chinnaswamy Stadium, Bengaluru"
1417718,2024-02-25,WPL,Gujarat Giants,Mumbai Indians,"M Chinnaswamy Stadium, Bengaluru"
1417719,2024-02-26,WPL,UP Warriorz,Delhi Capitals,"M Chinnaswamy Stadium, Bengaluru"
1417720,2024-02-27,WPL,Gujarat Giants,Royal Challengers Bangalore,"M Chinnaswamy Stadium, Bengaluru"
1417721,2024-02-28,WPL,Mumbai Indians,UP Warriorz,"M Chinnaswamy Stadium, Bengaluru"
1417722,2024-02-29,WPL,Delhi Capitals,Royal Challengers Bangalore,"M Chinnaswamy Stadium, Bengaluru"
1417723,2024-03-01,WPL,Gujarat Giants,UP Warriorz,"M Chinnaswamy Stadium, Bengaluru"
1417724,2024-03-02,WPL,Royal Challengers Bangalore,Mumbai Indians,"M Chinnaswamy Stadium, Bengaluru"
1417725,2024-03-03,WPL,Delhi Capitals,Gujarat Giants,"M Chinnaswamy Stadium, Bengaluru"
1417726,2024-03-04,WPL,Royal Challengers Bangalore,UP Warriorz,"M Chinnaswamy Stadium, Bengaluru"
1417727,2024-03-05,WPL,Delhi Capitals,Mumbai Indians,"Arun Jaitley Stadium, Delhi"
1417728,2024-03-06,WPL,Gujarat Giants,Royal Challengers Bangalore,"Arun Jaitley Stadium, Delhi"
1417729,2024-03-07,WPL,Mumbai Indians,UP Warriorz,"Arun Jaitley Stadium, Delhi"
1417730,2024-03-08,WPL,UP Warriorz,Delhi Capitals,"Arun Jaitley Stadium, Delhi"
1417731,2024-03-09,WPL,Gujarat Giants,Mumbai Indians,"Arun Jaitley Stadium, Delhi"
1417732,2024-03-10,WPL,Delhi Capitals,Royal Challengers Bangalore,"Arun Jaitley Stadium, Delhi"
1417733,2024-03-11,WPL,Gujarat Giants,UP Warriorz,"Arun Jaitley Stadium, Delhi"
1417734,2024-03-12,WPL,Mumbai Indians,Royal Challengers Bangalore,"Arun Jaitley Stadium, Delhi"
1417735,2024-03-13,WPL,Gujarat Giants,Delhi Capitals,"Arun Jaitley Stadium, Delhi"
1417736,2024-03-15,WPL,Royal Challengers Bangalore,Mumbai Indians,"Arun Jaitley Stadium, Delhi"
1417737,2024-03-17,WPL,Delhi Capitals,Royal Challengers Bangalore,"Arun Jaitley Stadium, Delhi"
1469298,2025-02-14,WPL,Gujarat Giants,Royal Challengers Bengaluru,"Kotambi Stadium, Vadodara"
1469299,2025-02-15,WPL,Mumbai Indians,Delhi Capitals,"Kotambi Stadium, Vadodara"
1469300,2025-02-16,WPL,UP Warriorz,Gujarat Giants,"Kotambi Stadium, Vadodara"
1469301,2025-02-17,WPL,Delhi Capitals,Royal Challengers Bengaluru,"Kotambi Stadium, Vadodara"
1469302,2025-02-18,WPL,Gujarat Giants,Mumbai Indians,"Kotambi Stadium, Vadodara"
1469303,2025-02-19,WPL,UP Warriorz,Delhi Capitals,"Kotambi Stadium, Vadodara"
1469304,2025-02-21,WPL,Royal Challengers Bengaluru,Mumbai Indians,"M Chinnaswamy Stadium, Bengaluru"
1469305,2025-02-22,WPL,UP Warriorz,Delhi Capitals,"M Chinnaswamy Stadium, Bengaluru"
1469306,2025-02-24,WPL,Royal Challengers Bengaluru,UP Warriorz,"M Chinnaswamy Stadium, Bengaluru"
1469307,2025-02-25,WPL,Gujarat Giants,Delhi Capitals,"M Chinnaswamy Stadium, Bengaluru"
1469308,2025-02-26,WPL,UP Warriorz,Mumbai Indians,"M Chinnaswamy Stadium, Bengaluru"
1469309,2025-02-27,WPL,Royal Challengers Bengaluru,Gujarat Giants,"M Chinnaswamy Stadium, Bengaluru"
1469310,2025-02-28,WPL,Mumbai Indians,Delhi Capitals,"M Chinnaswamy Stadium, Bengaluru"
1469311,2025-03-01,WPL,Royal Challengers Bengaluru,Delhi Capitals,"M Chinnaswamy Stadium, Bengaluru"
1469312,2025-03-03,WPL,Gujarat Giants,UP Warriorz,"Bharat Ratna Shri Atal Bihari Vajpayee Ekana Cricket Stadium, Lucknow"
1469313,2025-03-06,WPL,UP Warriorz,Mumbai Indians,"Bharat Ratna Shri Atal Bihari Vajpayee Ekana Cricket Stadium, Lucknow"
1469314,2025-03-07,WPL,Delhi Capitals,Gujarat Giants,"Bharat Ratna Shri Atal Bihari Vajpayee Ekana Cricket Stadium, Lucknow"
1469315,2025-03-08,WPL,UP Warriorz,Royal Challengers Bengaluru,"Bharat Ratna Shri Atal Bihari Vajpayee Ekana Cricket Stadium, Lucknow"
1469316,2025-03-10,WPL,Mumbai Indians,Gujarat Giants,"Brabourne Stadium, Mumbai"
1469317,2025-03-11,WPL,Royal Challengers Bengaluru,Mumbai Indians,"Brabourne Stadium, Mumbai"
1469318,2025-03-13,WPL,Mumbai Indians,Gujarat Giants,"Brabourne Stadium, Mumbai"
1469319,2025-03-15,WPL,Mumbai Indians,Delhi Capitals,"Brabourne Stadium, Mumbai"
1513682,2026-01-09,WPL,Mumbai Indians,Royal Challengers Bengaluru,"Dr DY Patil Sports Academy, Navi Mumbai"
1513683,2026-01-10,WPL,Gujarat Giants,UP Warriorz,"Dr DY Patil Sports Academy, Navi Mumbai"
1513684,2026-01-10,WPL,Mumbai Indians,Delhi Capitals,"Dr DY Patil Sports Academy, Navi Mumbai"
1513685,2026-01-11,WPL,Gujarat Giants,Delhi Capitals,"Dr DY Patil Sports Academy, Navi Mumbai"
1513686,2026-01-12,WPL,UP Warriorz,Royal Challengers Bengaluru,"Dr DY Patil Sports Academy, Navi Mumbai"
1513687,2026-01-13,WPL,Gujarat Giants,Mumbai Indians,"Dr DY Patil Sports Academy, Navi Mumbai"
1513688,2026-01-14,WPL,UP Warriorz,Delhi Capitals,"Dr DY Patil Sports Academy, Navi Mumbai"
1513689,2026-01-15,WPL,Mumbai Indians,UP Warriorz,"Dr DY Patil Sports Academy, Navi Mumbai"
1513690,2026-01-16,WPL,Royal Challengers Bengaluru,Gujarat Giants,"Dr DY Patil Sports Academy, Navi Mumbai"
1513691,2026-01-17,WPL,UP Warriorz,Mumbai Indians,"Dr DY Patil Sports Academy, Navi Mumbai"
1513692,2026-01-17,WPL,Delhi Capitals,Royal Challengers Bengaluru,"Dr DY Patil Sports Academy, Navi Mumbai"
1513693,2026-01-19,WPL,Royal Challengers Bengaluru,Gujarat Giants,"Kotambi Stadium, Vadodara"
1513694,2026-01-20,WPL,Mumbai Indians,Delhi Capitals,"Kotambi Stadium, Vadodara"
1513695,2026-01-22,WPL,Gujarat Giants,UP Warriorz,"Kotambi Stadium, Vadodara"
1513696,2026-01-24,WPL,Royal Challengers Bengaluru,Delhi Capitals,"Kotambi Stadium, Vadodara"
1513697,2026-01-26,WPL,Mumbai Indians,Royal Challengers Bengaluru,"Kotambi Stadium, Vadodara"
1513698,2026-01-27,WPL,Gujarat Giants,Delhi Capitals,"Kotambi Stadium, Vadodara"
1513699,2026-01-29,WPL,UP Warriorz,Royal Challengers Bengaluru,"Kotambi Stadium, Vadodara"
1513700,2026-01-30,WPL,Gujarat Giants,Mumbai Indians,"Kotambi Stadium, Vadodara"
1513701,2026-02-01,WPL,UP Warriorz,Delhi Capitals,"Kotambi Stadium, Vadodara"
1513702,2026-02-03,WPL,Gujarat Giants,Delhi Capitals,"Kotambi Stadium, Vadodara"
1513703,2026-02-05,WPL,Delhi Capitals,Royal Challengers Bengaluru,"Kotambi Stadium, Vadodara"
