striker,format,matches,runs,balls_faced,dismissals,dot_balls,fours,sixes,average,strike_rate,dot_pct,boundary_pct,hundreds,fifties,thirties,highest,ducks,player_score
V Kohli,ODI,300,14819,15784,254,7061,1379,173,58.34,93.89,44.74,9.83,54,77,38,183,18,60.1
JE Root,Test,169,14278,24783,283,16826,1545,46,50.45,57.61,67.89,6.42,41,69,38,262,15,46.5
AN Cook,Test,161,12472,26562,275,19880,1445,11,45.35,46.95,74.84,5.48,33,57,42,294,9,42.2
KC Sangakkara,ODI,284,11640,14315,252,7440,1122,77,46.19,81.31,51.97,8.38,24,76,51,169,12,51.8
RG Sharma,ODI,273,11532,12478,238,6582,1088,357,48.45,92.42,52.75,11.58,33,60,32,264,16,56.2
SPD Smith,Test,124,10920,20237,195,14406,1202,69,56.0,53.96,71.19,6.28,37,45,36,239,11,47.7
MS Dhoni,ODI,279,10274,11820,200,5745,787,210,51.37,86.92,48.6,8.43,9,72,65,148,10,55.0
KS Williamson,Test,110,9515,18306,176,13315,1068,28,54.06,51.98,72.74,5.99,33,38,32,251,12,45.8
AB de Villiers,ODI,213,9435,9323,175,4043,825,200,53.91,101.2,43.37,10.99,25,52,41,176,7,59.6
V Kohli,IPL,275,9336,6926,231,2250,845,317,40.42,134.8,32.49,16.78,9,68,58,113,12,64.4
V Kohli,Test,121,9230,16608,197,11553,1028,30,46.85,55.58,69.56,6.37,30,31,34,254,15,43.4
TM Dilshan,ODI,259,9212,10538,229,5368,1022,50,40.23,87.42,50.94,10.17,21,42,56,161,10,50.5
HM Amla,Test,121,9146,18223,196,13475,1150,14,46.66,50.19,73.95,6.39,28,39,35,311,12,42.4
DA Warner,Test,112,8786,12517,197,8301,1055,70,44.6,70.19,66.32,8.99,26,37,33,335,13,46.2
KC Sangakkara,Test,84,8489,15629,139,11010,961,39,61.07,54.32,70.45,6.4,29,33,21,319,8,47.4
AB de Villiers,Test,105,8182,14930,158,10652,944,63,51.78,54.8,71.35,6.74,21,42,33,278,8,43.8
MJ Clarke,Test,107,8139,14570,166,10353,921,32,49.03,55.86,71.06,6.54,27,25,24,329,9,42.7
LRPL Taylor,ODI,209,8126,9791,174,4919,674,133,46.7,82.99,50.24,8.24,20,48,36,181,9,49.5
KP Pietersen,Test,100,8079,13082,167,8992,979,79,48.38,61.76,68.74,8.09,23,35,35,227,9,44.4
AD Mathews,Test,116,8073,16711,184,12230,821,88,43.88,48.31,73.19,5.44,15,45,44,200,6,38.9
DPMD Jayawardene,ODI,264,8069,9993,241,5114,743,52,33.48,80.75,51.18,7.96,12,51,46,144,15,43.9
HM Amla,ODI,174,7834,8861,161,4265,796,49,48.66,88.41,48.13,9.54,26,38,28,159,4,51.8
Tamim Iqbal,ODI,215,7648,9681,203,5551,841,96,37.67,79.0,57.34,9.68,12,55,31,158,18,44.8
LRPL Taylor,Test,109,7597,12829,167,9017,929,53,45.49,59.22,70.29,7.65,19,35,34,290,14,41.8
GC Smith,Test,94,7584,12489,155,8625,954,19,48.93,60.73,69.06,7.79,23,32,30,277,8,43.5
JE Root,ODI,177,7578,8672,149,3839,617,52,50.86,87.38,44.27,7.71,19,47,34,166,9,51.4
IR Bell,Test,114,7416,14968,175,11201,889,38,42.38,49.55,74.83,6.19,22,42,18,235,14,38.0
JH Kallis,Test,89,7405,14867,137,10816,824,59,54.05,49.81,72.75,5.94,28,27,26,224,8,42.3
RG Sharma,IPL,276,7329,5514,245,2081,661,324,29.91,132.92,37.74,17.86,2,49,50,109,19,57.2
BA Stokes,Test,121,7273,12427,211,8924,833,138,34.47,58.53,71.81,7.81,14,37,39,258,18,37.2
CA Pujara,Test,100,7160,16165,164,12409,858,16,43.66,44.29,76.76,5.41,19,35,21,206,12,36.9
KS Williamson,ODI,165,7145,8749,148,4506,657,60,48.28,81.67,51.5,8.2,15,46,28,148,6,48.3
Azhar Ali,Test,97,7142,17033,169,13023,697,23,42.26,41.93,76.46,4.23,19,35,27,302,19,35.2
Younis Khan,Test,80,7135,13763,133,9826,724,53,53.65,51.84,71.39,5.65,24,21,30,313,12,41.8
MJ Guptill,ODI,191,7124,8164,173,4652,734,184,41.18,87.26,56.98,11.24,17,38,34,237,15,47.6
FDM Karunaratne,Test,99,7113,13930,183,9967,751,11,38.87,51.06,71.55,5.47,16,38,24,244,13,36.0
Mushfiqur Rahim,ODI,227,7096,8783,187,4348,568,94,37.95,80.79,49.5,7.54,9,44,37,144,11,44.1
Q de Kock,ODI,159,7014,7248,151,3673,791,131,46.45,96.77,50.68,12.72,23,31,25,178,5,52.6
MJ Clarke,ODI,198,6988,8938,161,4623,578,45,43.4,78.18,51.72,6.97,8,50,44,130,9,44.9
RT Ponting,ODI,190,6979,8481,173,4553,665,93,40.34,82.29,53.68,8.94,16,43,28,164,7,45.3
EJG Morgan,ODI,215,6953,7578,183,3882,600,190,37.99,91.75,51.23,10.42,12,43,37,124,17,47.0
Yuvraj Singh,ODI,209,6932,7889,176,4234,729,133,39.39,87.87,53.67,10.93,12,42,35,150,16,47.0
S Dhawan,IPL,221,6769,5324,192,1968,768,153,35.26,127.14,36.96,17.3,2,51,42,106,11,57.3
S Dhawan,ODI,163,6733,7358,153,3905,838,78,44.01,91.51,53.07,12.45,17,38,29,143,5,50.0
RT Ponting,Test,89,6733,11462,148,7949,767,30,45.49,58.74,69.35,6.95,17,37,24,221,10,40.0
Shakib Al Hasan,ODI,200,6638,7930,174,3870,620,51,38.15,83.71,48.8,8.46,8,52,31,124,11,44.6
DA Warner,ODI,154,6623,6828,149,3507,701,125,44.45,97.0,51.36,12.1,21,32,19,179,3,50.8
DPMD Jayawardene,Test,78,6615,12899,131,9243,733,35,50.5,51.28,71.66,5.95,21,25,19,374,11,39.9
Mushfiqur Rahim,Test,100,6592,13549,167,9975,755,37,39.47,48.65,73.62,5.85,14,27,37,219,12,35.3
DA Warner,IPL,184,6565,4697,162,1710,663,236,40.52,139.77,36.41,19.14,4,62,30,126,11,62.0
WU Tharanga,ODI,206,6482,8565,189,5065,742,52,34.3,75.68,59.14,9.27,14,36,26,174,17,40.8
TWM Latham,Test,95,6450,13390,165,10007,726,22,39.09,48.17,74.73,5.59,17,31,19,264,15,34.8
CH Gayle,ODI,198,6433,7190,188,4339,670,254,34.22,89.47,60.35,12.85,13,34,35,215,20,44.9
SR Tendulkar,ODI,144,6433,7414,134,4092,774,60,48.01,86.77,55.19,11.25,16,37,23,200,6,49.3
LD Chandimal,Test,92,6427,12787,150,9260,677,45,42.85,50.26,72.42,5.65,15,36,27,206,8,36.5
SR Tendulkar,Test,82,6416,11867,123,8506,793,30,52.16,54.07,71.68,6.94,18,31,21,248,3,41.3
Mohammad Hafeez,ODI,202,6351,8179,187,4790,635,106,33.96,77.65,58.56,9.06,11,37,33,140,17,40.7
Babar Azam,ODI,134,6328,7260,118,3554,587,66,53.63,87.16,48.95,8.99,20,34,26,158,4,50.7
UT Khawaja,Test,87,6229,12757,145,9393,668,28,42.96,48.83,73.63,5.46,16,28,20,232,10,35.9
JM Bairstow,Test,99,6042,10228,166,7219,721,57,36.4,59.07,70.58,7.61,12,26,34,167,17,36.0
S Chanderpaul,Test,75,5995,13555,105,10180,608,21,57.1,44.23,75.1,4.64,17,31,23,203,4,39.6
Shoaib Malik,ODI,206,5981,7192,174,3627,475,93,34.37,83.16,50.43,7.9,5,37,38,128,10,41.5
V Sehwag,Test,76,5969,7017,129,4270,845,63,46.27,85.06,60.85,12.94,15,26,28,319,13,48.1
R Dravid,Test,80,5925,13733,126,10470,728,12,47.02,43.14,76.24,5.39,16,27,28,270,4,36.1
KC Brathwaite,Test,99,5924,14522,181,11287,594,17,32.73,40.79,77.72,4.21,12,31,25,212,19,29.6
SD Hope,ODI,141,5857,7191,121,3756,468,120,48.4,81.45,52.23,8.18,18,30,18,170,6,46.2
KL Rahul,IPL,150,5815,4179,126,1369,508,239,46.15,139.15,32.76,17.88,6,45,23,152,5,62.6
MEK Hussey,Test,75,5779,11706,116,8628,635,36,49.82,49.37,73.71,5.73,17,28,24,195,12,38.0
BB McCullum,Test,89,5778,8809,149,6061,698,101,38.78,65.59,68.8,9.07,11,27,22,302,13,38.5
V Sehwag,ODI,165,5763,5442,163,2804,769,107,35.36,105.9,51.53,16.1,10,27,33,219,7,50.0
SPD Smith,ODI,151,5668,6522,132,3148,511,57,42.94,86.91,48.27,8.71,12,34,26,164,8,45.6
AD Mathews,ODI,184,5646,6741,138,3314,454,85,40.91,83.76,49.16,8.0,3,39,40,139,14,43.8
AJ Strauss,Test,88,5605,11666,150,8756,689,4,37.37,48.05,75.06,5.94,14,22,34,177,12,33.1
SK Raina,ODI,190,5585,5955,156,2792,475,120,35.8,93.79,46.88,9.99,5,36,41,116,13,44.8
JC Buttler,ODI,171,5529,4771,140,1968,449,186,39.49,115.89,41.25,13.31,11,29,28,162,15,52.2
SK Raina,IPL,200,5528,4043,170,1333,506,203,32.52,136.73,32.97,17.54,1,39,37,100,8,56.5
F du Plessis,ODI,135,5445,6175,116,2968,493,61,46.94,88.18,48.06,8.97,12,34,23,185,3,47.1
MS Dhoni,IPL,241,5439,3957,142,1327,375,264,38.3,137.45,33.54,16.15,0,24,44,84,6,57.6
VVS Laxman,Test,76,5411,10935,105,7987,673,1,51.53,49.48,73.04,6.16,12,37,19,200,7,38.4
AM Rahane,IPL,197,5367,4273,178,1554,540,141,30.15,125.6,36.37,15.94,2,35,38,105,15,52.2
SR Watson,ODI,150,5357,5844,128,3118,542,123,41.85,91.67,53.35,11.38,9,31,27,185,12,46.4
D Elgar,Test,85,5347,11190,141,8538,686,26,37.92,47.78,76.3,6.36,14,23,20,199,13,33.1
IR Bell,ODI,152,5289,6865,141,3804,509,31,37.51,77.04,55.41,7.87,4,33,36,141,6,40.0
GC Smith,ODI,152,5280,6467,145,3593,588,38,36.41,81.65,55.56,9.68,8,36,22,141,8,41.4
AJ Finch,ODI,139,5188,5990,136,3352,513,118,38.15,86.61,55.96,10.53,16,29,15,153,16,43.1
SV Samson,IPL,186,5181,3671,163,1258,432,243,31.79,141.13,34.27,18.39,5,27,37,119,12,56.7
AB de Villiers,IPL,170,5162,3403,130,1037,413,251,39.71,151.69,30.47,19.51,3,40,23,133,10,62.4
BB McCullum,ODI,186,5157,5347,164,2833,490,172,31.45,96.45,52.98,12.38,4,29,36,131,15,43.6
BRM Taylor,ODI,163,5153,6848,154,3877,480,66,33.46,75.25,56.62,7.97,10,27,27,145,15,38.0
Mahmudullah,ODI,189,5131,6585,142,3493,392,99,36.13,77.92,53.04,7.46,4,29,38,128,10,39.5
Misbah-ul-Haq,Test,69,5102,11350,103,8639,494,81,49.53,44.95,76.11,5.07,10,39,17,161,9,35.8
MEK Hussey,ODI,148,5076,5920,110,2712,354,70,46.15,85.74,45.81,7.16,3,37,32,109,3,45.1
AM Rahane,Test,82,5067,10211,131,7561,580,35,38.68,49.62,74.05,6.02,12,26,21,188,10,33.0
Mominul Haque,Test,78,5028,9356,135,6656,582,19,37.24,53.74,71.14,6.42,12,27,23,181,19,33.3
Tamim Iqbal,Test,68,5019,8574,128,6113,638,41,39.21,58.54,71.3,7.92,10,31,23,206,11,35.6
G Gambhir,ODI,134,4981,5804,123,2912,527,17,40.5,85.82,50.17,9.37,11,32,18,150,11,43.7
CH Gayle,IPL,141,4965,3333,125,1461,405,357,39.72,148.96,43.83,22.86,6,31,24,175,8,62.0
RV Uthappa,IPL,197,4952,3799,180,1464,481,182,27.51,130.35,38.54,17.45,0,27,45,88,8,52.0
JH Kallis,ODI,132,4929,6453,111,3349,417,53,44.41,76.38,51.9,7.28,8,38,19,128,8,42.1
JP Duminy,ODI,173,4928,5858,136,2719,342,67,36.24,84.12,46.42,6.98,3,27,37,129,7,40.7
KD Karthik,IPL,233,4842,3577,184,1217,466,161,26.32,135.36,34.02,17.53,0,22,42,97,18,52.8
BKG Mendis,Test,74,4826,8236,132,5845,581,56,36.56,58.6,70.97,7.73,10,23,18,245,15,34.2
Younis Khan,ODI,169,4777,6297,159,3284,388,36,30.04,75.86,52.15,6.73,5,32,23,123,16,36.0
F du Plessis,IPL,147,4773,3515,136,1196,440,174,35.1,135.79,34.03,17.47,0,39,29,96,7,56.0
Babar Azam,Test,66,4771,8614,111,6177,569,29,42.98,55.39,71.71,6.94,9,34,14,196,8,35.6
Misbah-ul-Haq,ODI,136,4752,6411,111,3383,319,76,42.81,74.12,52.77,6.16,0,39,33,96,4,40.0
M Labuschagne,Test,65,4730,9075,108,6620,536,15,43.8,52.12,72.95,6.07,11,25,20,215,4,34.8
MS Dhoni,Test,86,4721,8003,124,5620,523,76,38.07,58.99,70.22,7.48,6,31,19,224,10,34.5
Asad Shafiq,Test,75,4660,9588,122,7171,515,29,38.2,48.6,74.79,5.67,12,27,17,137,13,31.8
TM Head,Test,66,4653,6677,108,4365,571,41,43.08,69.69,65.37,9.17,12,20,17,175,7,39.6
JC Buttler,IPL,136,4646,3103,117,1121,459,211,39.71,149.73,36.13,21.59,7,28,23,124,8,61.9
Shubman Gill,IPL,130,4598,3236,114,1004,446,152,40.33,142.09,31.03,18.48,5,32,31,129,4,59.6
TWM Latham,ODI,156,4583,5427,136,2662,386,60,33.7,84.45,49.05,8.22,8,26,24,145,14,39.7
SA Yadav,IPL,164,4581,3083,136,1036,482,178,33.68,148.59,33.6,21.41,2,31,33,103,12,59.6
DA Miller,ODI,151,4573,4396,107,1883,341,143,42.74,104.03,42.83,11.01,7,24,30,139,9,48.6
Babar Azam,T20I,134,4545,3542,116,1119,473,80,39.18,128.32,31.59,15.61,3,38,26,122,9,55.2
BKG Mendis,ODI,138,4491,5148,127,2667,468,71,35.36,87.24,51.81,10.47,6,31,21,143,14,41.7
DM de Silva,Test,68,4431,7637,113,5394,534,38,39.21,58.02,70.63,7.49,13,20,20,173,10,34.4
ST Jayasuriya,ODI,133,4414,4625,127,2565,517,89,34.76,95.44,55.46,13.1,14,15,16,152,12,43.7
TM Dilshan,Test,60,4384,6259,98,3956,529,22,44.73,70.04,63.2,8.8,14,21,11,193,9,39.9
Babar Azam,PSL,109,4380,3377,93,1092,479,80,47.1,129.7,32.34,16.55,4,39,20,115,10,58.7
Shakib Al Hasan,Test,68,4356,6973,116,4647,531,27,37.55,62.47,66.64,8.0,5,29,22,217,6,35.1
AC Gilchrist,ODI,118,4355,4153,112,2201,556,75,38.88,104.86,53.0,15.19,7,27,19,172,7,48.2
SC Williams,ODI,130,4351,4912,116,2402,401,52,37.51,88.58,48.9,9.22,6,31,22,174,7,42.1
AT Rayudu,IPL,187,4348,3409,154,1185,359,173,28.23,127.54,34.76,15.61,1,22,37,100,14,50.3
RG Sharma,Test,66,4301,7538,106,5422,473,88,40.58,57.06,71.93,7.44,12,18,21,212,6,34.6
JC Buttler,T20I,145,4283,2853,123,979,395,190,34.82,150.12,34.31,20.5,2,29,26,131,11,59.1
JJ Roy,ODI,109,4237,4015,106,2005,509,81,39.97,105.53,49.94,14.69,12,21,19,180,11,48.7
SS Iyer,IPL,144,4229,3093,118,1031,353,182,35.84,136.73,33.33,17.3,1,32,28,101,7,55.5
G Gambhir,IPL,152,4217,3404,136,1235,492,59,31.01,123.88,36.28,16.19,0,36,22,93,12,50.8
MN Samuels,ODI,143,4205,5527,123,3249,384,102,34.19,76.08,58.78,8.79,9,20,19,133,11,37.2
KP Pietersen,ODI,118,4202,4897,103,2550,402,71,40.8,85.81,52.07,9.66,9,23,23,130,7,42.5
F du Plessis,Test,68,4163,8986,104,6854,518,21,40.03,46.33,76.27,6.0,10,21,18,199,9,31.7
PD Collingwood,ODI,145,4148,5413,116,2866,300,60,35.76,76.63,52.95,6.65,3,23,34,120,5,37.1
RA Jadeja,Test,87,4140,7485,109,5277,402,81,37.98,55.31,70.5,6.45,6,28,17,175,8,32.4
ML Hayden,Test,47,4136,6809,82,4730,488,41,50.44,60.74,69.47,7.77,14,14,17,380,6,38.8
KL Rahul,Test,67,4134,8001,115,5860,492,34,35.95,51.67,73.24,6.57,11,20,16,199,9,31.2
MJ Prior,Test,76,4099,6647,102,4549,495,16,40.19,61.67,68.44,7.69,7,28,16,131,13,35.1
CA Lynn,BBL,133,4088,2735,116,1008,343,225,35.24,149.47,36.86,20.77,1,32,23,101,6,58.7
RG Sharma,T20I,144,4027,2870,128,1094,364,194,31.46,140.31,38.12,19.44,4,31,16,118,10,54.8
MK Pandey,IPL,163,4012,3293,136,1176,348,117,29.5,121.83,35.71,14.12,1,22,32,114,14,48.3
V Kohli,T20I,112,3963,2915,82,836,348,115,48.33,135.95,28.68,15.88,0,37,17,94,6,59.4
H Masakadza,ODI,155,3955,5503,155,3425,420,57,25.52,71.87,62.24,8.67,2,24,23,111,11,32.4
ML Hayden,ODI,96,3939,4818,87,2720,411,58,45.28,81.76,56.45,9.73,7,20,24,181,4,42.7
PD Collingwood,Test,63,3931,8277,97,6150,429,24,40.53,47.49,74.3,5.47,10,18,13,206,6,31.3
CH Gayle,Test,52,3927,5834,87,4075,520,80,45.14,67.31,69.85,10.28,9,18,16,333,8,39.0
Shahid Afridi,ODI,185,3913,2878,168,1146,341,177,23.29,135.96,39.82,18.0,3,15,27,124,15,49.8
TT Samaraweera,Test,51,3890,7978,76,5908,470,6,51.18,48.76,74.05,5.97,11,19,12,231,8,35.8
M Vijay,Test,59,3877,8448,103,6480,452,32,37.64,45.89,76.7,5.73,11,15,13,167,8,30.1
SR Watson,IPL,141,3874,2809,125,1163,376,190,30.99,137.91,41.4,20.15,4,21,27,117,7,54.1
RR Pant,IPL,136,3865,2633,115,894,350,181,33.61,146.79,33.95,20.17,2,20,35,128,7,57.4
IJL Trott,Test,52,3835,8128,87,6148,455,0,44.08,47.18,75.64,5.6,9,19,18,226,8,32.6
T Bavuma,Test,64,3810,7794,100,5773,434,16,38.1,48.88,74.07,5.77,4,26,24,172,10,30.6
S Chanderpaul,ODI,108,3804,5484,87,3086,292,40,43.72,69.37,56.27,6.05,6,27,21,127,1,37.7
Fakhar Zaman,ODI,86,3802,4066,80,2164,424,83,47.52,93.51,53.22,12.47,11,19,14,210,6,47.2
BJ Watling,Test,74,3790,8894,101,6835,429,8,37.52,42.61,76.85,4.91,8,19,18,205,10,28.9
HH Gibbs,ODI,102,3766,4344,95,2435,414,72,39.64,86.69,56.05,11.19,10,20,18,175,7,42.0
Sikandar Raza,ODI,121,3762,4298,102,2225,316,86,36.88,87.53,51.77,9.35,6,21,25,135,3,40.5
G Gambhir,Test,51,3733,7394,89,5447,458,10,41.94,50.49,73.67,6.33,8,20,15,206,6,32.6
OJ Pope,Test,64,3732,5793,108,3877,440,18,34.56,64.42,66.93,7.91,9,16,10,205,6,33.2
AJ Strauss,ODI,112,3729,4606,106,2536,400,25,35.18,80.96,55.06,9.23,5,24,19,158,7,38.3
R Dravid,ODI,118,3723,5128,98,2793,348,17,37.99,72.6,54.47,7.12,1,34,19,103,8,36.9
RR Sarwan,ODI,113,3717,5022,96,2751,316,38,38.72,74.01,54.78,7.05,1,28,23,115,5,37.2
GJ Maxwell,ODI,132,3695,2975,116,1303,354,138,31.85,124.2,43.8,16.54,3,22,25,108,12,49.5
SR Watson,Test,57,3684,6979,104,5231,479,31,35.42,52.79,74.95,7.31,4,24,22,176,6,31.0
JM Bairstow,ODI,95,3671,3596,87,1871,418,83,42.2,102.09,52.03,13.93,10,16,25,141,9,47.4
SCJ Broad,Test,153,3662,5607,203,3900,440,55,18.04,65.31,69.56,8.83,1,13,27,169,39,27.3
LD Chandimal,ODI,137,3657,4970,117,2592,249,42,31.26,73.58,52.15,5.86,3,24,23,111,11,33.9
J Charles,CPL,133,3647,2767,129,1191,337,182,28.27,131.8,43.04,18.76,0,24,27,94,5,50.7
RR Pant,Test,51,3644,4902,84,3164,391,100,43.38,74.34,64.55,10.02,8,20,15,159,3,39.5
SM Katich,Test,45,3625,7290,75,5422,432,7,48.33,49.73,74.38,6.02,10,21,15,157,3,34.5
HC Brook,Test,41,3610,4182,68,2343,397,55,53.09,86.32,56.03,10.81,10,20,12,317,5,46.5
Ishan Kishan,IPL,127,3600,2508,118,911,348,166,30.51,143.54,36.32,20.49,1,23,26,106,11,55.2
A Symonds,ODI,105,3589,3960,81,1978,304,73,44.31,90.63,49.95,9.52,5,24,18,151,11,43.8
Z Crawley,Test,64,3586,5475,115,3768,501,13,31.18,65.5,68.82,9.39,5,21,14,267,12,32.6
ADS Fletcher,CPL,130,3573,2874,118,1203,293,169,30.28,124.32,41.86,16.08,0,23,24,93,5,48.7
PR Stirling,ODI,110,3548,4054,108,2347,404,86,32.85,87.52,57.89,12.09,8,16,22,162,12,39.6
DM Bravo,Test,56,3538,7886,97,6059,405,41,36.47,44.86,76.83,5.66,8,17,15,218,5,29.0
RA Jadeja,IPL,205,3526,2699,121,843,264,122,29.14,130.64,31.23,14.3,0,5,27,77,9,49.4
MJ Guptill,T20I,117,3503,2579,110,1021,305,173,31.85,135.83,39.59,18.53,2,20,30,105,3,52.8
R Ashwin,Test,99,3485,6384,135,4548,398,23,25.81,54.59,71.24,6.59,6,14,26,124,9,26.9
BA Stokes,ODI,98,3461,3613,83,1767,282,110,41.7,95.79,48.91,10.85,5,24,14,182,7,44.4
Q de Kock,IPL,118,3441,2550,110,981,334,143,31.28,134.94,38.47,18.71,3,24,16,140,4,52.6
KA Pollard,IPL,168,3412,2316,119,838,218,223,28.67,147.32,36.18,19.04,0,16,20,87,5,53.9
Mohammad Rizwan,T20I,91,3386,2687,70,893,284,94,48.37,126.01,33.23,14.07,1,30,16,104,5,55.4
Fakhar Zaman,PSL,105,3365,2351,103,812,332,140,32.67,143.13,34.54,20.08,3,27,16,115,6,55.6
BM Duckett,Test,49,3364,3902,88,2295,443,19,38.23,86.21,58.82,11.84,7,16,13,182,7,40.8
HM Nicholls,Test,59,3358,6542,85,4751,372,9,39.51,51.33,72.62,5.82,11,12,11,200,6,30.9
MC Henriques,BBL,143,3322,2580,117,794,244,99,28.39,128.76,30.78,13.29,0,17,21,77,6,48.0
Mohammad Hafeez,Test,51,3321,5740,90,4147,419,26,36.9,57.86,72.25,7.75,8,11,17,224,8,32.0
AJ Finch,BBL,104,3310,2522,95,921,292,118,34.84,131.25,36.52,16.26,2,26,21,111,6,51.9
Q de Kock,Test,54,3300,4652,85,3020,411,33,38.82,70.94,64.92,9.54,6,22,14,141,7,36.4
KA Pollard,CPL,129,3295,2178,97,791,193,237,33.97,151.29,36.32,19.74,1,17,33,104,11,56.7
DA Miller,IPL,144,3288,2357,92,731,235,152,35.74,139.5,31.01,16.42,1,14,26,101,5,54.2
KL Rahul,ODI,86,3283,3607,66,1655,254,75,49.74,91.02,45.88,9.12,8,19,17,112,3,45.7
E Chigumbura,ODI,151,3266,4143,130,2308,264,73,25.12,78.83,55.71,8.13,2,14,31,117,10,32.7
BJ Haddin,Test,65,3266,5587,99,4006,364,54,32.99,58.46,71.7,7.48,4,18,22,169,8,30.4
AG Prince,Test,54,3261,7367,73,5566,351,13,44.67,44.26,75.55,4.94,10,11,13,162,5,31.1
DA Warner,T20I,108,3249,2274,96,856,332,122,33.84,142.88,37.64,19.96,1,28,15,100,6,55.3
Liton Das,Test,54,3239,5406,92,3739,390,23,35.21,59.91,69.16,7.64,6,19,14,141,5,31.6
MP Stoinis,BBL,114,3218,2402,93,878,286,117,34.6,133.97,36.55,16.78,1,21,24,147,8,52.4
SA Yadav,T20I,105,3213,1978,88,644,292,175,36.51,162.44,32.56,23.61,4,24,16,117,7,62.2
YK Pathan,IPL,153,3204,2241,110,781,262,159,29.13,142.97,34.85,18.79,1,13,24,100,9,53.1
AN Cook,ODI,91,3204,4147,87,2396,363,10,36.83,77.26,57.78,8.99,5,19,23,137,6,37.1
GJ Maxwell,BBL,116,3196,2058,93,628,263,149,34.37,155.3,30.52,20.02,2,20,24,154,6,58.2
AK Markram,Test,50,3192,5407,90,3902,452,16,35.47,59.03,72.17,8.66,8,13,17,152,7,32.1
SB Styris,ODI,97,3184,3906,82,1968,260,41,38.83,81.52,50.38,7.71,3,22,14,141,5,38.6
HDRL Thirimanne,ODI,103,3164,4368,89,2324,245,25,35.55,72.44,53.21,6.18,4,21,15,139,6,34.7
PR Stirling,T20I,131,3160,2360,119,1009,365,114,26.55,133.9,42.75,20.3,1,20,23,115,11,50.7
Virandeep Singh,T20I,107,3147,2499,89,940,281,120,35.36,125.93,37.62,16.05,0,23,23,96,7,50.8
Shubman Gill,ODI,64,3141,3171,55,1607,362,65,57.11,99.05,50.68,13.47,8,19,12,208,1,51.6
DJM Short,BBL,102,3138,2387,92,877,305,107,34.11,131.46,36.74,17.26,2,23,16,122,6,52.0
AJ Finch,T20I,103,3120,2189,91,823,309,125,34.29,142.53,37.6,19.83,2,19,28,172,8,55.2
N Pooran,CPL,123,3117,2069,103,794,198,226,30.26,150.65,38.38,20.49,3,19,18,102,15,55.1
BR McDermott,BBL,110,3104,2248,91,749,214,146,34.11,138.08,33.32,16.01,3,18,21,127,8,52.5
MR Marsh,ODI,94,3102,3284,82,1718,289,102,37.83,94.46,52.31,11.91,4,20,16,177,7,42.4
MM Ali,Test,68,3094,5973,110,4425,375,34,28.13,51.8,74.08,6.85,5,15,19,155,15,27.0
C Munro,CPL,101,3089,2336,89,928,285,141,34.71,132.23,39.73,18.24,2,19,23,120,5,52.5
N Rana,IPL,121,3078,2235,111,877,288,151,27.73,137.72,39.24,19.64,0,22,18,91,8,51.6
MDKJ Perera,ODI,107,3077,3300,102,1717,344,51,30.17,93.24,52.03,11.97,6,16,19,135,12,39.4
JO Holder,Test,67,3062,5581,102,4138,361,55,30.02,54.86,74.14,7.45,3,14,22,202,11,28.4
SS Iyer,ODI,72,3053,3124,67,1436,280,74,45.57,97.73,45.97,11.33,5,24,13,128,2,46.2
Umar Akmal,ODI,108,3032,3575,93,1803,257,48,32.6,84.81,50.43,8.53,1,19,24,102,8,37.0
Sarfraz Ahmed,Test,54,3031,4320,81,2628,309,9,37.42,70.16,60.83,7.36,4,21,13,118,4,34.5
MN Samuels,Test,51,3021,6220,89,4787,409,30,33.94,48.57,76.96,7.06,6,18,10,260,10,28.7
GJ Bailey,ODI,83,3011,3622,74,1839,222,55,40.69,83.13,50.77,7.65,3,22,11,156,3,39.2
DM Bravo,ODI,114,3007,4321,101,2582,246,71,29.77,69.59,59.75,7.34,4,17,16,124,8,31.7
BJ Haddin,ODI,107,3003,3569,93,1980,283,70,32.29,84.14,55.48,9.89,2,16,25,110,2,37.0
Q de Kock,T20I,105,2986,2096,97,795,301,128,30.78,142.46,37.93,20.47,2,18,21,115,10,54.0
CR Ervine,ODI,99,2982,3792,88,2142,294,38,33.89,78.64,56.49,8.76,4,20,13,130,10,35.9
Mohammad Rizwan,PSL,92,2974,2323,75,749,277,75,39.65,128.02,32.24,15.15,2,21,21,110,7,52.6
RD Berrington,ODI,97,2972,3847,83,2121,218,76,35.81,77.26,55.13,7.64,7,13,16,127,6,35.8
HH Pandya,IPL,150,2955,2020,106,669,228,156,27.88,146.29,33.12,19.01,0,10,25,91,6,53.1
TM Head,ODI,75,2952,2807,69,1402,341,72,42.78,105.17,49.95,14.71,7,16,15,154,2,47.7
MS Wade,BBL,112,2946,2077,98,636,250,103,30.06,141.84,30.62,17.0,1,19,18,130,5,52.4
JW Wells,BBL,123,2935,2412,87,745,237,51,33.74,121.68,30.89,11.94,0,14,22,73,4,47.5
WP Saha,IPL,143,2934,2300,121,865,296,87,24.25,127.57,37.61,16.65,1,13,19,115,7,46.9
MV Boucher,Test,72,2926,5917,101,4325,332,11,28.97,49.45,73.09,5.8,1,19,17,117,6,26.0
Shan Masood,Test,50,2926,5561,95,3975,288,25,30.8,52.62,71.48,5.63,7,15,10,156,9,27.0
Shubman Gill,Test,42,2917,4779,69,3278,327,46,42.28,61.04,68.59,7.8,10,9,11,269,5,34.1
JC Buttler,Test,57,2907,5365,91,3946,341,33,31.95,54.18,73.55,6.97,2,18,20,152,9,28.5
AM Rahane,ODI,86,2906,3701,83,2024,289,33,35.01,78.52,54.69,8.7,3,23,16,111,6,36.4
Mahmudullah,Test,49,2900,5422,85,3913,339,24,34.12,53.49,72.17,6.69,5,16,15,150,11,29.0
J Blackwood,Test,55,2898,5373,96,3994,350,36,30.19,53.94,74.33,7.18,3,18,13,112,7,27.9
Mohammad Rizwan,ODI,90,2881,3401,69,1638,244,35,41.75,84.71,48.16,8.2,4,18,19,131,3,40.3
RA Jadeja,ODI,137,2880,3362,89,1620,209,55,32.36,85.66,48.19,7.85,0,13,18,87,6,36.7
BB McCullum,IPL,109,2880,2186,104,936,293,130,27.69,131.75,42.82,19.35,2,13,29,158,6,49.8
E Lewis,CPL,114,2875,2031,108,965,209,219,26.62,141.56,47.51,21.07,2,16,18,102,6,51.2
DL Vettori,Test,53,2874,4443,80,2970,349,14,35.92,64.69,66.85,8.17,5,13,19,140,7,32.7
Imam-ul-Haq,ODI,68,2854,3440,61,1718,236,29,46.79,82.97,49.94,7.7,9,17,11,151,3,41.3
N Dickwella,Test,56,2853,4295,93,2769,313,11,30.68,66.43,64.47,7.54,0,23,15,96,5,30.8
PA Patel,IPL,136,2848,2358,126,993,365,49,22.6,120.78,42.11,17.56,0,13,24,81,13,45.2
RD Gaikwad,IPL,84,2839,2093,74,726,260,107,38.36,135.64,34.69,17.53,2,22,17,108,7,54.2
T Taibu,ODI,100,2830,4155,86,2409,196,32,32.91,68.11,57.98,5.49,2,21,13,107,8,31.4
GJ Maxwell,IPL,134,2819,1817,118,648,238,161,23.89,155.15,35.66,21.96,0,18,20,95,19,54.3
IJL Trott,ODI,65,2819,3658,55,1779,216,3,51.25,77.06,48.63,5.99,4,22,12,137,5,41.2
DJ Mitchell,ODI,56,2810,2968,48,1385,230,72,58.54,94.68,46.66,10.18,9,13,11,137,0,49.4
RL Chase,Test,59,2806,5978,107,4472,290,24,26.22,46.94,74.81,5.25,6,12,15,194,15,24.1
SE Marsh,BBL,77,2802,2157,67,769,255,89,41.82,129.9,35.65,15.95,0,27,15,99,4,53.5
Sikandar Raza,T20I,120,2785,2052,109,781,212,137,25.55,135.72,38.06,17.01,1,15,18,133,11,48.5
GJ Maxwell,T20I,114,2784,1803,99,602,231,145,28.12,154.41,33.39,20.85,5,10,14,145,5,55.3
Mohammad Yousuf,ODI,76,2783,3676,65,1903,236,13,42.82,75.71,51.77,6.77,4,20,14,117,0,37.9
DA Miller,T20I,121,2765,1960,82,602,181,139,33.72,141.07,30.71,16.33,2,9,21,106,3,52.9
DP Conway,Test,36,2761,5091,65,3714,350,18,42.48,54.23,72.95,7.23,8,13,5,227,5,32.4
DJ Bravo,ODI,127,2760,3398,108,1808,219,53,25.56,81.22,53.21,8.0,2,10,23,112,10,32.7
MA Agarwal,IPL,125,2756,2064,120,767,273,100,22.97,133.53,37.16,18.07,1,13,19,106,7,48.0
Yuvraj Singh,IPL,126,2750,2120,111,889,217,149,24.77,129.72,41.93,17.26,0,13,23,83,4,46.9
Kamran Akmal,ODI,118,2746,3307,109,1922,316,32,25.19,83.04,58.12,10.52,4,9,16,124,9,33.8
JR Philippe,BBL,110,2745,2002,100,673,267,78,27.45,137.11,33.62,17.23,0,18,16,99,6,50.1
Syed Aziz,T20I,111,2740,2029,96,851,241,139,28.54,135.04,41.94,18.73,0,20,20,87,7,50.1
V Sehwag,IPL,104,2728,1755,99,650,334,106,27.56,155.44,37.04,25.07,2,16,17,122,7,57.4
RS Bopara,ODI,108,2689,3450,87,1798,204,34,30.91,77.94,52.12,6.9,1,14,22,101,4,33.6
Waseem Muhammad,T20I,85,2682,1790,80,676,225,153,33.52,149.83,37.77,21.12,3,19,17,112,7,56.1
Mohammad Rizwan,Test,46,2682,4933,71,3456,277,18,37.77,54.37,70.06,5.98,3,14,18,171,4,29.7
WTS Porterfield,ODI,89,2670,3881,89,2402,274,27,30.0,68.8,61.89,7.76,6,15,6,139,11,31.1
AD Russell,IPL,114,2651,1522,94,596,186,223,28.2,174.18,39.16,26.87,0,12,27,88,6,61.1
Mohammad Yousuf,Test,28,2636,4725,50,3360,319,17,52.72,55.79,71.11,7.11,7,11,7,202,4,36.2
A Balbirnie,ODI,83,2628,3487,78,1996,254,34,33.69,75.37,57.24,8.26,8,13,10,135,6,34.4
SE Marsh,ODI,71,2622,3255,67,1739,231,31,39.13,80.55,53.43,8.05,6,15,10,131,3,37.5
M Vijay,IPL,106,2619,2149,101,926,247,91,25.93,121.87,43.09,15.73,2,13,21,127,5,44.9
MV Boucher,ODI,106,2617,2909,78,1369,199,55,33.55,89.96,47.06,8.73,1,12,17,147,6,38.1
KA Pollard,ODI,108,2608,2802,100,1498,165,129,26.08,93.08,53.46,10.49,3,13,19,119,15,36.0
RR Rossouw,PSL,97,2604,1786,79,607,260,106,32.96,145.8,33.99,20.49,3,14,15,121,6,55.3
P Nissanka,T20I,88,2603,2036,84,775,260,77,30.99,127.85,38.06,16.55,2,18,18,107,8,48.9
YBK Jaiswal,IPL,82,2593,1697,77,666,311,110,33.68,152.8,39.25,24.81,2,18,18,124,4,58.7
D Ramdin,Test,64,2591,5296,99,3993,335,6,26.17,48.92,75.4,6.44,4,13,14,166,9,24.8
YBK Jaiswal,Test,30,2588,3896,54,2630,326,45,47.93,66.43,67.51,9.52,7,13,8,214,7,37.8
MJ Guptill,Test,47,2586,5548,88,4297,326,24,29.39,46.61,77.45,6.31,3,17,9,189,10,25.6
SC Ganguly,Test,35,2577,4415,54,3077,311,16,47.72,58.37,69.69,7.41,6,13,14,239,6,34.9
JL Langer,Test,30,2558,4313,49,3037,326,12,52.2,59.31,70.42,7.84,8,7,11,250,4,36.9
RR Sarwan,Test,33,2558,4745,61,3439,325,10,41.93,53.91,72.48,7.06,10,10,4,291,4,31.8
HG Munsey,ODI,69,2557,2769,62,1569,270,83,41.24,92.34,56.66,12.75,3,17,14,191,6,42.5
Ahmed Shehzad,ODI,80,2555,3540,79,2123,262,18,32.34,72.18,59.97,7.91,6,13,13,124,7,32.7
LMP Simmons,CPL,88,2545,2109,80,959,208,131,31.81,120.67,45.47,16.07,0,19,19,97,11,46.7
AK Markram,ODI,77,2539,2596,70,1276,263,57,36.27,97.8,49.15,12.33,4,12,18,175,6,42.2
Karanbir Singh,T20I,56,2537,1457,50,643,207,211,50.74,174.12,44.13,28.69,4,20,5,164,3,69.8
SO Hetmyer,CPL,102,2532,1753,88,619,180,140,28.77,144.44,35.31,18.25,2,15,18,111,10,51.8
HE van der Dussen,ODI,63,2529,2912,52,1402,197,47,48.63,86.85,48.15,8.38,6,15,13,134,3,42.8
SD Hope,CPL,89,2529,2010,77,708,175,112,32.84,125.82,35.22,14.28,1,15,21,106,3,48.1
N Pooran,IPL,101,2527,1540,80,539,169,186,31.59,164.09,35.0,23.05,0,15,25,87,9,58.8
KS Williamson,T20I,88,2526,2037,76,713,241,58,33.24,124.01,35.0,14.68,0,18,17,95,4,48.3
B Sai Sudharsan,IPL,57,2515,1686,52,489,258,83,48.37,149.17,29.0,20.23,3,20,15,108,1,62.0
HG Munsey,T20I,81,2508,1735,76,703,264,115,33.0,144.55,40.52,21.84,3,14,12,132,6,55.0
BKG Mendis,T20I,102,2508,1932,97,726,220,97,25.86,129.81,37.58,16.41,0,19,17,86,8,47.1
SD Hope,Test,48,2505,5725,89,4400,282,12,28.15,43.76,76.86,5.14,5,7,15,147,2,23.8
MA Starc,Test,102,2498,4228,124,2996,258,49,20.15,59.08,70.86,7.26,0,13,12,99,17,24.3
DP Hughes,BBL,105,2493,2038,91,732,231,58,27.4,122.33,35.92,14.18,0,16,19,96,7,45.3
SPD Smith,IPL,93,2485,1940,72,602,225,60,34.51,128.09,31.03,14.69,1,11,24,101,1,49.8
AJ Turner,BBL,120,2485,1681,88,486,172,109,28.24,147.83,28.91,16.72,0,14,16,99,8,51.9
MP Vaughan,Test,38,2483,4962,67,3756,338,6,37.06,50.04,75.7,6.93,7,9,12,183,4,29.2
TA Blundell,Test,47,2482,4612,72,3359,300,19,34.47,53.82,72.83,6.92,6,12,12,186,6,28.7
Liton Das,ODI,93,2478,2906,84,1580,256,46,29.5,85.27,54.37,10.39,4,12,14,176,16,35.8
SE Marsh,IPL,69,2477,1866,62,691,266,78,39.95,132.74,37.03,18.44,1,20,16,115,1,54.1
RR Hendricks,T20I,88,2475,1913,87,697,265,69,28.45,129.38,36.43,17.46,1,18,16,117,7,48.8
Liton Das,T20I,109,2467,1913,105,719,242,78,23.5,128.96,37.58,16.73,0,14,18,83,5,46.2
MW Short,BBL,92,2466,1738,85,600,196,105,29.01,141.89,34.52,17.32,2,17,16,109,6,50.9
SC Ganguly,ODI,74,2452,3405,67,2008,231,44,36.6,72.01,58.97,8.08,3,16,15,112,7,34.4
Mohammad Hafeez,T20I,105,2437,1992,93,820,246,74,26.2,122.34,41.16,16.06,0,14,19,99,7,45.3
EJG Morgan,T20I,104,2431,1781,84,635,185,119,28.94,136.5,35.65,17.07,0,14,17,91,2,49.7
JC Silk,BBL,112,2429,1949,78,547,179,44,31.14,124.63,28.07,11.44,0,8,30,78,6,46.2
JH Kallis,IPL,96,2427,2222,85,909,255,44,28.55,109.23,40.91,13.46,0,17,17,89,9,42.6
Nazmul Hossain Shanto,Test,43,2424,4649,78,3391,265,31,31.08,52.14,72.94,6.37,7,7,13,163,8,26.8
KIC Asalanka,ODI,67,2420,2702,61,1337,199,57,39.67,89.56,49.48,9.47,5,14,13,127,5,40.2
HM Nicholls,ODI,90,2415,3065,74,1625,227,19,32.64,78.79,53.02,8.03,1,17,14,124,8,34.6
DJ Mitchell,Test,38,2411,4542,56,3252,236,43,43.05,53.08,71.6,6.14,6,16,7,190,2,31.2
CH Gayle,CPL,81,2408,1828,68,854,184,162,35.41,131.73,46.72,18.93,3,13,19,116,7,51.1
Babar Hayat,T20I,99,2393,1832,84,729,149,146,28.49,130.62,39.79,16.1,2,14,14,122,9,47.5
Shoaib Malik,T20I,108,2392,1895,75,616,194,68,31.89,126.23,32.51,13.83,0,9,23,75,2,47.7
Nizakat Khan,T20I,115,2388,1944,107,699,200,80,22.32,122.84,35.96,14.4,0,13,19,81,8,43.5
AT Carey,Test,48,2387,3704,68,2426,257,17,35.1,64.44,65.5,7.4,3,13,13,156,4,31.3
Fakhar Zaman,T20I,105,2387,1787,99,671,224,95,24.11,133.58,37.55,17.85,0,14,15,91,6,47.7
DR Smith,IPL,88,2385,1764,84,787,245,117,28.39,135.2,44.61,20.52,0,17,18,87,8,50.3
Abhishek Sharma,IPL,89,2379,1389,81,484,224,144,29.37,171.27,34.85,26.49,2,13,22,141,6,61.1
AT Carey,ODI,84,2378,2681,71,1312,226,24,33.49,88.7,48.94,9.32,1,13,18,106,6,37.7
Shoaib Malik,PSL,87,2342,1832,70,556,169,81,33.46,127.84,30.35,13.65,0,15,21,73,4,48.6
SR Tendulkar,IPL,78,2334,1948,67,773,296,29,34.84,119.82,39.68,16.68,1,13,23,100,4,48.7
Soumya Sarkar,ODI,73,2334,2456,69,1341,264,59,33.83,95.03,54.6,13.15,3,15,11,169,8,40.4
AD Hales,ODI,65,2330,2438,62,1289,270,45,37.58,95.57,52.87,12.92,6,13,7,171,5,41.9
Abdul Razzaq,ODI,100,2327,2604,70,1334,174,67,33.24,89.36,51.23,9.25,2,9,21,109,3,37.2
R Powell,T20I,104,2319,1634,88,614,141,154,26.35,141.92,37.58,18.05,1,10,20,107,2,49.7
BA King,CPL,90,2313,1761,80,779,221,121,28.91,131.35,44.24,19.42,2,13,14,132,8,49.2
P Nissanka,ODI,67,2311,2714,64,1547,295,25,36.11,85.15,57.0,11.79,5,17,6,137,6,38.6
MDKJ Perera,T20I,91,2307,1735,87,624,224,72,26.52,132.97,35.97,17.06,1,16,13,101,5,48.1
Anshuman Rath,T20I,80,2307,1799,71,630,233,57,32.49,128.24,35.02,16.12,2,12,14,140,2,49.2
Mohammad Ashraful,ODI,113,2301,3345,105,2014,241,15,21.91,68.79,60.21,7.65,3,14,7,109,10,27.7
Shakib Al Hasan,T20I,110,2295,1874,97,675,234,49,23.66,122.47,36.02,15.1,0,12,16,84,8,44.2
RA Tripathi,IPL,98,2291,1662,87,603,229,85,26.33,137.85,36.28,18.89,0,12,20,93,4,49.9
ME Trescothick,Test,28,2291,4013,48,2958,336,20,47.73,57.09,73.71,8.87,7,9,10,219,5,35.2
K Bhurtel,T20I,77,2290,1677,70,694,215,110,32.71,136.55,41.38,19.38,3,15,10,129,5,51.7
Sarfraz Ahmed,ODI,89,2289,2601,67,1121,174,12,34.16,88.0,43.1,7.15,2,11,14,105,1,37.1
MG Erasmus,T20I,86,2288,1758,68,617,174,90,33.65,130.15,35.1,15.02,1,16,17,100,3,49.1
KJ Coetzer,ODI,63,2280,2776,58,1676,290,30,39.31,82.13,60.37,11.53,4,14,9,156,6,38.6
MM Ali,ODI,110,2278,2357,96,1180,199,71,23.73,96.65,50.06,11.46,3,6,18,128,6,36.2
D Padikkal,IPL,89,2270,1705,85,651,241,80,26.71,133.14,38.18,18.83,1,14,20,101,6,49.0
SE Marsh,Test,38,2265,5165,66,3986,266,8,34.32,43.85,77.17,5.3,6,10,9,182,10,25.9
MP O'Dowd,ODI,70,2258,3079,66,1828,219,36,34.21,73.34,59.37,8.28,1,16,14,158,4,33.4
MR Marsh,T20I,81,2256,1589,67,608,201,115,33.67,141.98,38.26,19.89,1,14,15,103,3,53.5
MG Erasmus,ODI,69,2253,2941,63,1653,179,50,35.76,76.61,56.21,7.79,1,19,8,121,4,34.6
TG Southee,Test,98,2245,2715,145,1767,216,98,15.48,82.69,65.08,11.57,0,7,14,77,21,29.1
MP Stoinis,IPL,108,2242,1520,78,510,181,117,28.74,147.5,33.55,19.61,1,10,15,124,10,52.9
Imrul Kayes,ODI,72,2242,3160,71,1890,219,36,31.58,70.95,59.81,8.07,4,14,12,144,2,31.9
AD Hales,BBL,76,2240,1511,71,562,233,98,31.55,148.25,37.19,21.91,1,15,16,110,10,55.1
DR Martyn,ODI,73,2239,2907,56,1519,202,8,39.98,77.02,52.25,7.22,2,19,10,101,4,36.4
Mehedi Hasan Miraz,Test,58,2237,4460,94,3325,253,26,23.8,50.16,74.55,6.26,2,10,13,104,6,23.4
NLTC Perera,ODI,128,2233,1980,114,842,168,83,19.59,112.78,42.53,12.68,1,10,12,140,11,38.7
RK Paudel,ODI,81,2232,3058,75,1717,157,39,29.76,72.99,56.15,6.41,2,11,21,126,5,30.9
MP O'Dowd,T20I,85,2229,1828,78,712,236,53,28.58,121.94,38.95,15.81,1,14,14,133,2,46.0
A Flintoff,Test,38,2228,3680,61,2672,277,50,36.52,60.54,72.61,8.89,3,15,13,167,7,31.4
GD Phillips,T20I,83,2226,1559,70,515,162,107,31.8,142.78,33.03,17.25,2,12,14,108,3,51.9
Mahmudullah,T20I,118,2223,1887,92,680,166,71,24.16,117.81,36.04,12.56,0,8,21,64,5,42.0
MD Patel,ODI,70,2221,2728,67,1410,185,32,33.15,81.41,51.69,7.95,3,16,14,130,10,35.0
HH Pandya,T20I,107,2221,1531,80,518,161,122,27.76,145.07,33.83,18.48,0,9,21,71,4,51.4
TL Seifert,T20I,82,2214,1515,72,571,206,107,30.75,146.14,37.69,20.66,0,16,16,97,5,53.5
AI Ross,BBL,101,2209,1713,80,538,161,77,27.61,128.96,31.41,13.89,0,9,24,77,5,46.4
S Dhawan,Test,33,2208,3362,56,2270,299,9,39.43,65.68,67.52,9.16,6,5,9,190,4,33.7
MR Marsh,BBL,80,2187,1614,61,551,154,99,35.85,135.5,34.14,15.68,2,12,20,102,5,51.1
Salman Butt,ODI,64,2186,2866,61,1709,274,7,35.84,76.27,59.63,9.8,6,11,12,136,14,35.3
N Pooran,T20I,96,2177,1615,86,656,146,141,25.31,134.8,40.62,17.77,0,12,13,82,3,47.5
J Weatherald,BBL,92,2176,1658,85,665,216,85,25.6,131.24,40.11,18.15,1,15,13,115,3,47.5
R Dravid,IPL,82,2174,1882,77,780,269,28,28.23,115.52,41.45,15.78,0,11,21,75,3,44.5
DS Airee,T20I,83,2173,1545,62,484,158,92,35.05,140.65,31.33,16.18,1,12,20,110,1,52.2
A Flintoff,ODI,74,2168,2377,60,1271,213,56,36.13,91.21,53.47,11.32,2,11,18,123,5,39.4
JM Vince,BBL,77,2162,1640,68,566,218,49,31.79,131.83,34.51,16.28,1,11,16,101,4,49.4
NJ Maddinson,BBL,109,2158,1735,102,752,188,94,21.16,124.38,43.34,16.25,0,10,13,87,9,43.1
SA Edwards,ODI,64,2156,2495,53,1154,151,19,40.68,86.41,46.25,6.81,0,21,13,83,3,38.4
MH Cross,ODI,91,2152,2931,87,1674,189,22,24.74,73.42,57.11,7.2,2,13,12,114,3,29.3
JO Holder,ODI,107,2144,2395,85,1177,156,64,25.22,89.52,49.14,9.19,0,12,17,99,9,34.2
BB McCullum,T20I,70,2140,1571,60,618,199,91,35.67,136.22,39.34,18.46,2,13,13,123,3,52.2
KL Rahul,T20I,66,2134,1539,58,528,179,95,36.79,138.66,34.31,17.8,2,20,7,110,5,53.2
SP Fleming,ODI,66,2133,2932,62,1893,259,30,34.4,72.75,64.56,9.86,3,14,13,134,6,33.6
H Klaasen,ODI,55,2131,1816,48,764,199,72,44.4,117.35,42.07,14.92,4,11,12,174,2,50.1
S Dube,IPL,87,2129,1464,68,503,132,137,31.31,145.42,34.36,18.37,0,10,17,95,3,52.5
BRM Taylor,Test,31,2128,3707,57,2583,228,21,37.33,57.4,69.68,6.72,6,10,8,171,3,29.7
KS Williamson,IPL,77,2128,1694,60,581,186,64,35.47,125.62,34.3,14.76,0,18,10,89,2,48.9
V Sibanda,ODI,98,2125,3374,95,2277,235,25,22.37,62.98,67.49,7.71,1,14,10,103,11,25.8
MT Renshaw,BBL,89,2124,1566,78,485,164,72,27.23,135.63,30.97,15.07,1,8,24,102,7,47.9
UT Khawaja,BBL,71,2123,1612,66,593,255,35,32.17,131.7,36.79,17.99,1,13,11,104,4,50.3
AD Russell,CPL,109,2113,1245,77,482,139,179,27.44,169.72,38.71,25.54,2,7,13,121,7,58.5
KOA Powell,Test,44,2113,4152,82,3111,279,16,25.77,50.89,74.93,7.11,3,7,16,134,8,24.6
R Powell,CPL,106,2112,1575,80,653,119,149,26.4,134.1,41.46,17.02,0,9,22,84,7,47.1
ME Trescothick,ODI,63,2109,2527,59,1467,280,13,35.75,83.46,58.05,11.59,6,11,9,121,8,37.6
HAPW Jayawardene,Test,48,2106,4302,68,3175,224,15,30.97,48.95,73.8,5.56,4,5,18,154,8,25.3
H Klaasen,IPL,60,2104,1262,50,312,146,120,42.08,166.72,24.72,21.08,2,13,18,105,1,62.6
HH Gibbs,Test,34,2103,3689,57,2758,317,20,36.89,57.01,74.76,9.14,3,13,2,228,7,31.0
JP Duminy,Test,43,2103,4544,64,3467,251,13,32.86,46.28,76.3,5.81,6,8,7,166,9,25.8
JK Silva,Test,39,2099,5212,74,4105,238,2,28.36,40.27,78.76,4.6,3,12,10,139,6,22.4
AN Petersen,Test,36,2093,4044,60,2991,256,12,34.88,51.76,73.96,6.63,5,8,10,182,3,27.8
AJ Finch,IPL,90,2091,1631,83,681,214,78,25.19,128.2,41.75,17.9,0,15,12,88,8,46.4
AR Patel,IPL,134,2089,1562,96,512,146,100,21.76,133.74,32.78,15.75,0,4,18,66,9,45.7
HDRL Thirimanne,Test,44,2088,5294,79,4136,207,3,26.43,39.44,78.13,3.97,3,10,11,155,11,21.2
MR Marsh,Test,46,2083,3700,73,2744,270,32,28.53,56.3,74.16,8.16,3,9,11,181,9,27.1
Aasif Sheikh,ODI,73,2075,2765,68,1693,233,26,30.51,75.05,61.23,9.37,2,14,10,110,5,32.5
D Ramdin,ODI,103,2072,2593,84,1307,153,31,24.67,79.91,50.4,7.1,2,7,14,169,4,31.0
AC Gilchrist,IPL,80,2069,1495,76,673,239,92,27.22,138.39,45.02,22.14,2,11,13,109,7,50.9
DT Christian,BBL,122,2065,1525,92,544,138,100,22.45,135.41,35.67,15.61,0,9,16,75,10,45.6
MG Johnson,Test,68,2065,3536,93,2592,249,31,22.2,58.4,73.3,7.92,1,11,13,123,19,24.8
CL White,ODI,75,2053,2555,59,1309,145,44,34.8,80.35,51.23,7.4,2,11,13,105,3,34.9
E Lewis,ODI,59,2051,2325,54,1346,193,73,37.98,88.22,57.89,11.44,5,10,8,176,3,38.9
RD Berrington,T20I,81,2040,1532,65,514,155,79,31.38,133.16,33.55,15.27,0,9,22,82,7,48.7
HWR Cartwright,BBL,102,2037,1631,73,608,159,78,27.9,124.89,37.28,14.53,0,7,16,79,2,45.2
BC Lara,Test,17,2036,3140,30,2163,257,26,67.87,64.84,68.89,9.01,7,5,2,400,2,43.7
CR Woakes,Test,60,2034,3843,81,2802,256,9,25.11,52.93,72.91,6.9,1,7,19,137,11,24.4
DM Bravo,CPL,90,2033,1755,70,765,112,124,29.04,115.84,43.59,13.45,0,11,13,94,3,42.8
CT Bancroft,BBL,80,2030,1666,64,524,150,49,31.72,121.85,31.45,11.94,0,15,13,95,3,45.3
JP Duminy,IPL,75,2029,1636,51,516,126,79,39.78,124.02,31.54,12.53,0,14,13,78,1,49.0
A Balbirnie,T20I,89,2028,1654,85,685,211,60,23.86,122.61,41.41,16.38,0,11,20,83,5,44.0
BJ Bennett,T20I,66,2027,1406,60,527,238,63,33.78,144.17,37.48,21.41,1,13,14,111,6,54.7
MS Atapattu,ODI,65,2025,2953,58,1693,201,0,34.91,68.57,57.33,6.81,3,10,14,124,3,32.0
AD Hales,T20I,72,2024,1452,65,544,220,69,31.14,139.39,37.47,19.9,1,12,14,116,5,52.0
CS MacLeod,ODI,61,2015,2524,59,1402,207,26,34.15,79.83,55.55,9.23,6,9,5,175,3,35.1
CJL Rogers,Test,25,2008,3981,47,3066,269,1,42.72,50.44,77.02,6.78,5,14,6,173,1,30.6
MD Shanaka,T20I,118,2007,1545,94,602,134,113,21.35,129.9,38.96,15.99,0,9,15,76,15,44.2
Saud Shakeel,Test,26,2006,3967,47,2801,213,4,42.68,50.57,70.61,5.47,4,11,7,208,4,29.7
AC Gilchrist,Test,38,2005,2380,52,1457,242,41,38.56,84.24,61.22,11.89,7,8,6,162,6,38.3
SB Harper,BBL,97,2004,1491,89,537,178,69,22.52,134.41,36.02,16.57,1,12,16,110,11,46.0
WA Young,ODI,62,1996,2360,57,1303,224,26,35.02,84.58,55.21,10.59,4,11,8,120,7,37.0
KJ O'Brien,ODI,84,1990,2087,74,1060,198,48,26.89,95.35,50.79,11.79,1,8,19,113,3,36.9
CAK Walton,CPL,90,1990,1674,81,758,178,88,24.57,118.88,45.28,15.89,0,10,15,97,6,42.8
CJ Chibhabha,ODI,87,1987,3053,85,1953,205,12,23.38,65.08,63.97,7.11,0,12,14,99,6,26.4
AT Carey,BBL,62,1986,1514,59,529,200,52,33.66,131.18,34.94,16.64,2,12,14,101,0,49.9
KH Pandya,IPL,123,1982,1481,85,539,173,76,23.32,133.83,36.39,16.81,0,3,21,86,7,46.3
RP Burl,T20I,105,1979,1557,71,552,155,71,27.87,127.1,35.45,14.52,0,6,17,67,3,45.7
MEK Hussey,IPL,58,1977,1612,51,606,198,52,38.76,122.64,37.59,15.51,1,15,12,116,1,49.5
Jatinder Singh,ODI,67,1973,2567,65,1555,210,33,30.35,76.86,60.58,9.47,5,10,4,130,2,32.7
S Sesazi,T20I,76,1970,1601,68,704,204,71,28.97,123.05,43.97,17.18,1,15,13,100,8,46.1
M Labuschagne,ODI,63,1966,2400,58,1139,159,10,33.9,81.92,47.46,7.04,2,13,9,124,4,35.0
LMP Simmons,ODI,64,1958,2679,61,1615,162,50,32.1,73.09,60.28,7.91,2,16,6,122,8,31.8
RR Patel,T20I,77,1957,1429,59,562,165,99,33.17,136.95,39.33,18.47,1,13,14,120,3,51.1
LRPL Taylor,T20I,96,1954,1610,75,554,125,72,26.05,121.37,34.41,12.24,0,7,14,63,6,42.8
Kamran Akmal,PSL,73,1942,1420,71,608,211,87,27.35,136.76,42.82,20.99,3,12,9,107,8,50.0
AK Markram,T20I,71,1938,1303,61,416,178,83,31.77,148.73,31.93,20.03,0,14,11,86,2,54.3
MS Chapman,T20I,86,1932,1401,73,494,165,80,26.47,137.9,35.26,17.49,1,10,12,104,6,48.6
C Green,Test,38,1920,3831,56,2829,210,16,34.29,50.12,73.84,5.9,3,8,12,174,5,26.6
Inzamam-ul-Haq,ODI,62,1916,2426,52,1265,167,24,36.85,78.98,52.14,7.87,1,12,15,123,3,35.5
JJ Peirson,BBL,111,1914,1559,88,539,162,48,21.75,122.77,34.57,13.47,0,7,12,72,7,42.1
GD Elliott,ODI,66,1913,2344,57,1198,149,27,33.56,81.61,51.11,7.51,2,11,11,115,6,34.5
Sohail Ahmed,T20I,73,1905,1596,44,569,126,78,43.3,119.36,35.65,12.78,0,16,12,80,6,49.1
BA King,T20I,78,1903,1416,73,612,205,85,26.07,134.39,43.22,20.48,0,13,14,85,6,48.8
CH Gayle,T20I,75,1899,1381,68,632,158,124,27.93,137.51,45.76,20.42,2,14,7,117,4,49.5
HH Pandya,ODI,67,1897,1708,57,738,141,76,33.28,111.07,43.21,12.7,0,11,13,92,4,43.0
T Bavuma,ODI,49,1894,2141,44,1092,188,26,43.05,88.46,51.0,10.0,5,7,12,144,2,40.7
PP Shaw,IPL,79,1892,1283,79,482,238,61,23.95,147.47,37.57,23.3,0,14,11,99,7,52.5
JP Inglis,BBL,77,1887,1356,65,433,177,61,29.03,139.16,31.93,17.55,0,14,6,79,3,50.2
CJ Ferguson,BBL,80,1882,1516,70,454,157,41,26.89,124.14,29.95,13.06,1,8,19,113,7,44.6
JP Duminy,T20I,72,1880,1491,49,495,136,68,38.37,126.09,33.2,13.68,0,11,20,96,6,49.1
BC Lara,ODI,67,1878,2404,56,1374,173,40,33.54,78.12,57.15,8.86,1,10,17,116,3,34.0
Abdullah Shafique,Test,28,1878,4207,49,3174,181,23,38.33,44.64,75.45,4.85,6,7,5,201,8,26.6
R Parag,IPL,86,1875,1300,73,449,135,108,25.68,144.23,34.54,18.69,0,9,13,95,3,50.0
DJ Malan,T20I,59,1874,1398,51,512,194,62,36.75,134.05,36.62,18.31,1,16,8,103,2,52.2
Shan Masood,PSL,66,1870,1398,63,470,212,37,29.68,133.76,33.62,17.81,0,10,16,88,3,49.6
Taufeeq Umar,Test,25,1867,4178,46,3233,248,3,40.59,44.69,77.38,6.01,5,9,7,236,3,28.2
Kamran Akmal,Test,36,1867,2974,63,2116,265,12,29.63,62.78,71.15,9.31,3,11,9,158,11,28.8
V Aravind,ODI,63,1865,2731,60,1649,180,16,31.08,68.29,60.38,7.18,2,9,12,115,6,30.1
R Ravindra,Test,24,1865,2901,39,1958,216,24,47.82,64.29,67.49,8.27,5,7,6,240,2,35.5
P Simran Singh,IPL,65,1865,1189,63,446,196,94,29.6,156.85,37.51,24.39,1,14,10,103,5,56.6
Imam-ul-Haq,Test,30,1865,3904,54,2933,205,13,34.54,47.77,75.13,5.58,3,11,10,157,6,26.1
Tilak Varma,IPL,65,1858,1284,52,401,143,91,35.73,144.7,31.23,18.22,1,10,18,101,2,54.0
DJ Bravo,Test,33,1855,3708,58,2826,230,21,31.98,50.03,76.21,6.77,3,11,9,113,6,26.2
MR Marsh,IPL,62,1855,1249,60,468,155,111,30.92,148.52,37.47,21.3,2,12,11,117,7,53.9
DJG Sammy,ODI,102,1853,1857,75,975,144,84,24.71,99.78,52.5,12.28,0,9,11,89,4,36.6
PD Salt,T20I,60,1852,1131,53,357,187,87,34.94,163.75,31.56,24.23,4,10,9,141,7,60.3
EC Joyce,ODI,60,1845,2603,56,1524,181,16,32.95,70.88,58.55,7.57,4,10,7,116,5,31.7
DJ Mitchell,T20I,87,1832,1306,68,362,124,72,26.94,140.28,27.72,15.01,0,8,15,72,2,48.4
N Pooran,ODI,54,1829,1868,47,945,142,75,38.91,97.91,50.59,11.62,3,9,13,118,3,41.5
SP Narine,IPL,124,1820,1101,104,500,191,120,17.5,165.3,45.41,28.25,1,7,11,109,18,54.6
KU Carty,ODI,49,1814,2401,44,1347,157,29,41.23,75.55,56.1,7.75,4,6,12,170,2,35.8
Azhar Ali,ODI,52,1806,2413,49,1301,164,14,36.86,74.84,53.92,7.38,3,12,11,102,3,34.1
A Sharafu,T20I,65,1803,1371,58,558,171,79,31.09,131.51,40.7,18.23,0,15,10,90,1,49.0
DPMD Jayawardene,IPL,78,1802,1462,63,559,200,39,28.6,123.26,38.24,16.35,1,10,12,110,2,46.0
DP Conway,T20I,61,1795,1388,51,491,173,52,35.2,129.32,35.37,16.21,0,13,13,99,3,49.6
MS Wade,ODI,82,1792,2180,70,1118,127,33,25.6,82.2,51.28,7.34,1,10,15,100,5,31.3
NT Paranavitana,Test,31,1792,4274,55,3320,206,5,32.58,41.93,77.68,4.94,2,11,12,111,9,24.0
RJ Burns,Test,32,1789,4084,59,3193,220,2,30.32,43.81,78.18,5.44,3,11,8,133,9,23.8
A Vala,ODI,56,1783,2557,55,1487,147,26,32.42,69.73,58.15,6.77,1,11,14,104,4,30.7
VD Philander,Test,60,1779,3995,74,3068,204,17,24.04,44.53,76.8,5.53,0,8,13,74,8,21.6
K Kadowaki-Fleming,T20I,50,1779,1278,46,478,135,90,38.67,139.2,37.4,17.61,2,12,11,114,1,52.9
Aasif Sheikh,T20I,73,1779,1451,70,615,161,74,25.41,122.61,42.38,16.2,0,11,16,69,4,44.0
Asif Ali,T20I,102,1775,1344,85,583,132,108,20.88,132.07,43.38,17.86,1,7,11,100,11,44.5
HT Tector,ODI,44,1775,2111,38,1092,143,42,46.71,84.08,51.73,8.76,4,14,7,140,4,40.3
RK Paudel,T20I,78,1773,1455,62,506,140,57,28.6,121.86,34.78,13.54,0,8,18,69,2,44.4
DM de Silva,ODI,76,1769,2269,68,1247,177,15,26.01,77.96,54.96,8.46,0,9,15,93,3,31.0
S Dhawan,T20I,66,1759,1392,63,544,191,50,27.92,126.36,39.08,17.31,0,11,17,92,2,46.6
Imrul Kayes,Test,38,1751,3673,72,2815,232,11,24.32,47.67,76.64,6.62,3,4,14,150,4,22.8
TM Dilshan,T20I,76,1747,1454,65,580,210,29,26.88,120.15,39.89,16.44,1,12,12,104,10,44.6
Waseem Muhammad,ODI,69,1745,2000,69,1210,144,83,25.29,87.25,60.5,11.35,1,9,15,119,7,33.1
Nazmul Hossain Shanto,ODI,57,1742,2218,53,1247,193,17,32.87,78.54,56.22,9.47,3,10,9,122,9,34.1
Yousuf Youhana,ODI,53,1740,2169,45,1075,126,20,38.67,80.22,49.56,6.73,2,15,4,107,4,35.7
M Bryant,BBL,81,1739,1233,72,489,174,71,24.15,141.04,39.66,19.87,0,7,15,81,2,48.8
M Klinger,BBL,67,1737,1486,62,569,168,33,28.02,116.89,38.29,13.53,1,9,13,105,5,42.9
CR Ervine,Test,29,1732,3552,55,2638,198,12,31.49,48.76,74.27,5.91,3,6,10,160,2,25.1
BJ Webster,BBL,74,1726,1426,59,483,118,55,29.25,121.04,33.87,12.13,0,13,9,78,4,43.6
GD Phillips,CPL,55,1724,1306,52,537,138,91,33.15,132.01,41.12,17.53,1,10,16,103,5,49.2
C Munro,T20I,61,1724,1102,55,381,132,107,31.35,156.44,34.57,21.69,3,11,8,109,5,55.6
Shahid Afridi,T20I,110,1723,1089,98,362,121,105,17.58,158.22,33.24,20.75,0,5,12,54,10,50.2
D Ndikubwimana,T20I,92,1720,1928,86,1003,168,34,20.0,89.21,52.02,10.48,0,9,11,82,6,32.0
KK Nair,IPL,78,1712,1304,73,500,188,49,23.45,131.29,38.34,18.17,0,11,12,89,5,46.2
TP Ura,T20I,56,1711,1057,49,358,125,104,34.92,161.87,33.87,21.67,2,14,6,107,4,57.8
Haris Sohail,ODI,42,1709,1968,37,925,136,28,46.19,86.84,47.0,8.33,2,14,9,130,1,40.8
BCJ Cutting,BBL,98,1708,1198,75,452,126,94,22.77,142.57,37.73,18.36,0,2,17,81,4,47.8
Agha Salman,Test,28,1708,2780,47,1882,185,17,36.34,61.44,67.7,7.27,3,12,7,132,4,29.9
Mandeep Singh,IPL,98,1706,1388,82,523,176,38,20.8,122.91,37.68,15.42,0,6,12,77,15,42.3
NM Lyon,Test,121,1705,3380,133,2596,213,15,12.82,50.44,76.8,6.75,0,0,12,47,20,18.9
Riazat Ali Shah,T20I,67,1697,1308,46,480,126,79,36.89,129.74,36.7,15.67,0,5,22,98,4,49.6
MK Tiwary,IPL,83,1695,1449,59,530,156,40,28.73,116.98,36.58,13.53,0,7,18,75,8,43.4
BR Dunk,BBL,77,1692,1328,74,485,141,54,22.86,127.41,36.52,14.68,0,10,12,96,7,43.4
NJ O'Brien,ODI,63,1692,2351,57,1341,140,25,29.68,71.97,57.04,7.02,1,12,9,109,1,30.2
SP Fleming,Test,24,1690,3049,39,2237,232,11,43.33,55.43,73.37,7.97,2,9,12,262,5,31.8
KC Sangakkara,IPL,68,1687,1392,65,515,195,27,25.95,121.19,37.0,15.95,0,10,13,94,4,44.4
WU Tharanga,Test,30,1682,3075,53,2253,227,9,31.74,54.7,73.27,7.67,3,7,9,165,5,27.1
VR Iyer,IPL,62,1677,1181,53,448,157,78,31.64,142.0,37.93,19.9,1,13,10,104,2,52.0
TH David,T20I,62,1677,993,47,305,129,110,35.68,168.88,30.72,24.07,1,9,13,102,5,61.0
JM Bairstow,IPL,52,1674,1146,48,442,173,74,34.88,146.07,38.57,21.55,2,9,13,114,3,54.7
HT Tector,T20I,81,1674,1396,69,438,137,37,24.26,119.91,31.38,12.46,0,8,16,96,6,42.1
DP Conway,ODI,41,1672,1908,38,1061,207,22,44.0,87.63,55.61,12.0,5,6,10,152,2,41.2
DJ Hussey,ODI,59,1672,1878,53,862,122,24,31.55,89.03,45.9,7.77,0,14,10,79,4,35.3
Mohammad Hafeez,PSL,73,1672,1356,62,528,152,63,26.97,123.3,38.94,15.86,0,8,14,98,5,44.8
AK Markram,IPL,66,1671,1233,55,373,131,68,30.38,135.52,30.25,16.14,0,10,16,68,3,49.2
Shoaib Malik,CPL,61,1668,1419,48,439,110,49,34.75,117.55,30.94,11.21,0,11,15,81,3,44.9
DS Airee,ODI,73,1667,2135,66,1146,131,24,25.26,78.08,53.68,7.26,2,10,12,105,8,30.0
SD Hope,T20I,66,1666,1213,56,453,133,89,29.75,137.35,37.35,18.3,1,11,12,102,5,49.6
Umar Akmal,T20I,78,1662,1354,64,472,122,53,25.97,122.75,34.86,12.92,0,8,15,94,10,42.9
HC Brook,T20I,60,1662,1005,45,289,135,84,36.93,165.37,28.76,21.79,2,8,12,114,1,59.7
FH Allen,T20I,59,1662,971,56,375,146,115,29.68,171.16,38.62,26.88,3,7,11,137,4,59.8
W Jaffer,Test,23,1662,3378,42,2558,226,3,39.57,49.2,75.73,6.78,5,8,4,212,4,28.7
Fiaz Ahmed,T20I,61,1661,1336,47,513,110,87,35.34,124.33,38.4,14.75,1,9,16,105,5,47.4
KR Mayers,CPL,92,1661,1303,85,611,140,97,19.54,127.48,46.89,18.19,0,8,11,92,10,43.0
JM Bairstow,T20I,71,1659,1210,55,464,147,75,30.16,137.11,38.35,18.35,0,10,11,90,6,49.6
GS Ballance,Test,24,1653,3470,41,2643,209,10,40.32,47.64,76.17,6.31,5,7,4,156,3,28.4
H Masakadza,Test,28,1649,3630,55,2814,192,21,29.98,45.43,77.52,5.87,4,5,9,158,7,23.9
Taranjeet Singh,T20I,52,1644,1039,46,426,198,77,35.74,158.23,41.0,26.47,1,10,13,110,3,59.6
Meet Bhavsar,T20I,64,1644,1258,58,455,141,59,28.34,130.68,36.17,15.9,0,12,9,89,4,46.7
MJ Santner,ODI,94,1641,1784,61,881,116,53,26.9,91.98,49.38,9.47,0,3,15,67,3,34.6
AT Rayudu,ODI,49,1637,2094,35,1100,141,26,46.77,78.18,52.53,7.98,3,9,10,124,3,38.7
SW Billings,BBL,65,1634,1179,59,370,141,56,27.69,138.59,31.38,16.71,0,8,14,83,2,48.7
C Munro,PSL,54,1633,1090,49,382,157,78,33.33,149.82,35.05,21.56,0,13,12,90,4,55.1
Abhishek Sharma,T20I,55,1629,870,53,310,164,104,30.74,187.24,35.63,30.8,2,11,9,135,7,63.9
Tamim Iqbal,T20I,71,1624,1353,66,571,172,45,24.61,120.03,42.2,16.04,1,7,11,103,4,43.0
KD Karthik,ODI,76,1624,2212,56,1267,162,15,29.0,73.42,57.28,8.0,0,8,16,79,6,30.7
Aaron Jones,ODI,51,1620,2253,48,1262,114,32,33.75,71.9,56.01,6.48,1,11,10,123,2,31.4
Tilak Varma,T20I,55,1619,1111,36,355,126,82,44.97,145.72,31.95,18.72,2,9,9,120,4,57.4
Salman Butt,Test,27,1619,3527,52,2765,238,1,31.13,45.9,78.4,6.78,2,9,9,122,4,25.0
Bilal Zalmai,T20I,62,1618,1018,56,426,166,95,28.89,158.94,41.85,25.64,0,13,6,89,5,56.5
SC Williams,T20I,75,1618,1247,68,413,159,39,23.79,129.75,33.12,15.88,0,11,9,77,6,45.2
MS Wade,Test,36,1613,3203,54,2369,176,12,29.87,50.36,73.96,5.87,4,5,12,117,3,24.5
RM Patidar,IPL,52,1612,980,48,292,106,110,33.58,164.49,29.8,22.04,1,14,8,112,1,58.3
ND McKenzie,Test,26,1610,3838,41,3028,206,7,39.27,41.95,78.9,5.55,3,5,10,226,5,26.7
Ishan Kishan,T20I,55,1608,1099,54,431,165,77,29.78,146.31,39.22,22.02,1,12,9,103,3,53.0
E Lewis,T20I,57,1606,996,53,428,123,125,30.3,161.24,42.97,24.9,2,12,6,125,5,56.6
N Dickwella,ODI,52,1604,1717,51,858,187,12,31.45,93.42,49.97,11.59,2,9,10,116,1,37.8
K Bhurtel,ODI,70,1598,1947,68,1174,178,34,23.5,82.07,60.3,10.89,2,8,9,120,9,31.3
Zeeshan Ali,T20I,72,1597,1199,58,473,167,56,27.53,133.19,39.45,18.6,1,8,10,101,2,48.0
MD Gunathilaka,ODI,45,1592,1833,44,969,171,20,36.18,86.85,52.86,10.42,2,11,9,133,1,37.4
AB de Villiers,T20I,72,1591,1187,62,403,135,54,25.66,134.04,33.95,15.92,0,9,11,79,5,46.4
HMRKB Herath,Test,78,1589,3071,103,2211,188,6,15.43,51.74,72.0,6.32,0,3,10,80,19,19.6
Shadab Khan,PSL,83,1586,1123,73,374,113,81,21.73,141.23,33.3,17.28,0,9,12,91,7,46.9
MS Dhoni,T20I,82,1584,1267,43,412,114,49,36.84,125.02,32.52,12.87,0,2,16,56,1,47.5
PJ Cummins,Test,70,1584,3365,97,2603,156,35,16.33,47.07,77.36,5.68,0,3,12,64,14,18.8
OA Shah,ODI,52,1579,1919,48,952,124,26,32.9,82.28,49.61,7.82,1,10,11,107,5,34.3
GA Priandana,T20I,84,1577,1492,74,741,158,51,21.31,105.7,49.66,14.01,0,8,17,78,10,37.3
L Tucker,T20I,71,1576,1254,62,449,146,42,25.42,125.68,35.81,14.99,0,11,7,94,7,44.2
GJ Bailey,BBL,62,1574,1161,49,343,128,47,32.12,135.57,29.54,15.07,0,11,10,74,3,49.1
SO Hetmyer,T20I,69,1573,1121,62,410,109,95,25.37,140.32,36.57,18.2,0,9,10,85,4,48.3
BJ McMullen,ODI,42,1572,1684,37,919,154,49,42.49,93.35,54.57,12.05,5,7,9,151,2,41.5
KJ O'Brien,T20I,77,1571,1193,68,449,133,66,23.1,131.68,37.64,16.68,1,3,20,124,10,45.1
NJ Astle,ODI,43,1571,2028,37,1167,163,19,42.46,77.47,57.54,8.97,4,9,6,145,8,36.8
Imran Farhat,Test,26,1568,3334,49,2599,217,4,32.0,47.03,77.95,6.63,2,9,10,128,3,25.3
CL White,BBL,70,1568,1357,58,506,111,55,27.03,115.55,37.29,12.23,0,11,7,88,1,41.4
DR Smith,CPL,60,1566,1291,56,585,151,71,27.96,121.3,45.31,17.2,4,8,5,110,5,44.7
D Ramdin,CPL,76,1565,1351,53,481,107,59,29.53,115.84,35.6,12.29,0,9,11,84,6,42.6
SO Hetmyer,IPL,85,1560,1045,57,348,98,96,27.37,149.28,33.3,18.56,0,5,13,75,4,51.0
DJ Bravo,IPL,110,1560,1204,69,452,120,66,22.61,129.57,37.54,15.45,0,5,10,70,5,43.8
MA Leask,ODI,71,1558,1373,57,632,120,67,27.33,113.47,46.03,13.62,1,8,8,107,5,40.8
JO Holder,CPL,102,1556,1177,80,453,96,95,19.45,132.2,38.49,16.23,0,4,13,69,8,43.3
PHKD Mendis,Test,18,1556,2463,29,1678,160,30,53.66,63.17,68.13,7.71,5,7,6,182,1,36.6
TM Head,IPL,52,1556,915,48,314,172,78,32.42,170.05,34.32,27.32,1,10,11,102,6,61.4
Harbhajan Singh,Test,59,1554,2482,74,1721,177,33,21.0,62.61,69.34,8.46,2,7,9,115,9,24.6
NV Ojha,IPL,94,1554,1313,75,599,121,79,20.72,118.35,45.62,15.23,0,6,5,94,8,40.2
RL Chase,CPL,72,1552,1208,53,432,132,55,29.28,128.48,35.76,15.48,0,10,13,90,4,46.4
SK Raina,T20I,63,1549,1144,53,381,138,57,29.23,135.4,33.3,17.05,1,5,17,101,3,48.7
JL Smith,Test,25,1549,2110,39,1368,174,32,39.72,73.41,64.83,9.76,2,10,8,184,1,34.7
JDP Oram,ODI,70,1546,1711,61,872,115,51,25.34,90.36,50.96,9.7,1,9,10,101,4,33.6
UT Khawaja,ODI,38,1539,1828,36,907,149,13,42.75,84.19,49.62,8.86,2,12,5,104,2,38.9
J Charles,ODI,58,1537,1803,58,1096,173,44,26.5,85.25,60.79,12.04,2,7,13,130,9,33.4
PJ Hughes,Test,26,1535,2866,47,2147,199,11,32.66,53.56,74.91,7.33,3,7,8,160,6,26.9
TD Paine,Test,34,1534,3355,47,2512,174,4,32.64,45.72,74.87,5.31,0,9,14,92,4,24.4
Yuvraj Singh,Test,32,1534,2631,47,1913,210,20,32.64,58.3,72.71,8.74,2,9,6,169,6,28.5
SR Mukkamalla,ODI,42,1532,1863,37,931,120,26,41.41,82.23,49.97,7.84,4,8,7,137,5,37.3
SO Dowrich,Test,32,1528,3250,53,2479,173,11,28.83,47.02,76.28,5.66,3,9,8,125,8,23.4
JM Vince,PSL,57,1526,1097,53,408,186,44,28.79,139.11,37.19,20.97,1,7,10,101,5,51.1
Sarfraz Ahmed,PSL,73,1525,1243,52,361,136,26,29.33,122.69,29.04,13.03,0,7,15,81,2,44.9
Mohammad Ashraful,Test,36,1523,3123,67,2353,181,11,22.73,48.77,75.34,6.15,3,3,9,190,10,21.7
RRS Cornwall,CPL,85,1521,1012,80,498,135,114,19.01,150.3,49.21,24.6,1,5,12,102,9,49.7
KA Pollard,T20I,80,1519,1120,60,428,91,98,25.32,135.62,38.21,16.88,0,6,11,75,3,46.4
Aarif Sheikh,ODI,63,1518,2287,54,1274,106,16,28.11,66.38,55.71,5.33,0,9,12,84,4,27.6
JA Rudolph,Test,31,1517,3404,51,2700,214,3,29.75,44.57,79.32,6.37,2,7,9,154,5,23.9
R Sandaruwan,T20I,67,1517,1089,66,473,134,85,22.98,139.3,43.43,20.11,1,9,11,102,7,47.4
JJ Roy,T20I,63,1517,1099,62,465,152,70,24.47,138.03,42.31,20.2,0,8,12,78,7,48.0
CR Woakes,ODI,84,1514,1683,63,781,118,21,24.03,89.96,46.41,8.26,0,6,15,95,8,32.7
HAM Shah,T20I,39,1513,1132,37,422,133,59,40.89,133.66,37.28,16.96,1,11,7,100,2,52.1
JN Frylinck,T20I,67,1510,1165,54,418,126,52,27.96,129.61,35.88,15.28,2,5,11,134,3,45.8
P Kurup,T20I,63,1509,1392,57,607,156,35,26.47,108.41,43.61,13.72,0,6,18,74,2,40.2
SO Hetmyer,ODI,48,1509,1395,44,627,110,59,34.3,108.17,44.95,12.11,5,5,6,139,2,41.8
Agha Salman,ODI,42,1507,1562,35,713,132,28,43.06,96.48,45.65,10.24,3,9,9,134,0,42.1
CK Kapugedera,ODI,76,1505,2111,69,1167,100,28,21.81,71.29,55.28,6.06,0,8,12,95,7,26.5
C Munro,BBL,58,1502,1160,52,416,105,68,28.88,129.48,35.86,14.91,1,10,10,114,5,45.9
AM Hardie,BBL,63,1499,1123,50,382,116,58,29.98,133.48,34.02,15.49,0,7,12,94,3,47.5
DJ Hooda,IPL,101,1496,1172,85,387,98,62,17.6,127.65,33.02,13.65,0,8,6,64,5,41.0
JDS Neesham,ODI,65,1495,1496,53,696,128,38,28.21,99.93,46.52,11.1,0,7,13,97,3,37.5
SS Tiwary,IPL,73,1494,1244,52,428,111,50,28.73,120.1,34.41,12.94,0,8,12,61,1,43.4
Towhid Hridoy,ODI,41,1493,1868,35,930,97,27,42.66,79.93,49.79,6.64,1,12,8,100,1,36.7
BA King,ODI,57,1491,1785,55,1065,181,30,27.11,83.53,59.66,11.82,3,8,7,112,6,33.4
BM Duckett,ODI,36,1491,1491,35,734,169,22,42.6,100.0,49.23,12.81,4,9,7,165,4,43.6
MP Stoinis,ODI,63,1489,1584,55,824,133,49,27.07,94.0,52.02,11.49,1,6,10,146,5,35.7
MA Agarwal,Test,21,1488,2782,36,2130,190,28,41.33,53.49,76.56,7.84,4,6,4,243,1,30.4
F du Plessis,T20I,49,1487,1110,42,386,133,49,35.4,133.96,34.77,16.4,1,10,7,119,0,50.1
AC Voges,Test,19,1485,2667,24,1903,186,5,61.88,55.68,71.35,7.16,5,4,4,269,2,37.9
SPD Smith,BBL,38,1485,979,31,271,111,65,47.9,151.69,27.68,17.98,4,10,4,125,2,59.3
LMP Simmons,T20I,63,1482,1226,54,547,137,66,27.44,120.88,44.62,16.56,0,9,7,91,6,44.0
Jatinder Singh,T20I,66,1482,1202,60,482,168,34,24.7,123.29,40.1,16.81,0,9,9,73,4,44.1
T Marumani,T20I,77,1473,1138,71,505,152,55,20.75,129.44,44.38,18.19,0,8,13,86,5,43.8
R Satheesan,T20I,49,1466,978,44,389,148,74,33.32,149.9,39.78,22.7,0,11,10,99,7,55.0
Soumya Sarkar,T20I,84,1466,1191,80,521,147,54,18.32,123.09,43.74,16.88,0,5,14,68,12,41.2
SR Watson,T20I,56,1462,1006,50,382,116,83,29.24,145.33,37.97,19.78,1,10,11,124,3,51.1
MN Samuels,T20I,61,1460,1253,52,562,132,62,28.08,116.52,44.85,15.48,0,9,10,85,0,42.8
Yasir Hameed,ODI,39,1459,2178,39,1373,159,4,37.41,66.99,63.04,7.48,2,10,7,116,2,31.5
DPMD Jayawardene,T20I,53,1458,1100,45,414,168,33,32.4,132.55,37.64,18.27,1,9,9,100,3,49.5
Shadman Islam,Test,29,1457,2886,52,2096,171,3,28.02,50.49,72.63,6.03,2,8,5,120,5,23.7
DL Vettori,ODI,97,1450,1703,71,794,118,8,20.42,85.14,46.62,7.4,0,3,14,79,11,29.9
KIC Asalanka,T20I,70,1446,1136,61,416,101,68,23.7,127.29,36.62,14.88,0,6,13,80,6,43.4
Manpreet Singh,T20I,68,1443,1128,58,358,83,61,24.88,127.93,31.74,12.77,1,4,12,112,7,43.2
Azam Khan,PSL,64,1442,1003,58,373,123,81,24.86,143.77,37.19,20.34,0,7,10,97,5,49.7
DR Martyn,Test,24,1442,2851,36,2107,168,6,40.06,50.58,73.9,6.1,5,6,5,165,2,28.3
JA Burns,Test,23,1442,2557,39,1883,185,14,36.97,56.39,73.64,7.78,4,7,5,180,6,29.0
S Badrinath,IPL,65,1441,1212,47,458,154,28,30.66,118.89,37.79,15.02,0,11,12,71,6,44.8
CO Obuya,T20I,54,1439,1201,45,513,107,71,31.98,119.82,42.71,14.82,0,8,12,96,4,44.6
Ahmed Shehzad,T20I,58,1436,1245,56,522,151,33,25.64,115.34,41.93,14.78,1,7,10,111,2,41.7
II Selemani,T20I,60,1435,947,58,426,151,78,24.74,151.53,44.98,24.18,1,8,12,110,7,52.2
MJ Guptill,CPL,54,1434,1239,48,497,105,59,29.88,115.74,40.11,13.24,1,10,8,100,4,42.5
SV Samson,T20I,57,1432,917,52,317,119,86,27.54,156.16,34.57,22.36,3,6,5,111,7,54.1
C de Grandhomme,Test,29,1432,1780,37,1108,141,41,38.7,80.45,62.25,10.22,2,8,9,120,6,35.8
Ahmer Bin Nisar,T20I,72,1429,1117,52,384,117,48,27.48,127.93,34.38,14.77,0,6,12,62,1,45.2
JJ Roy,PSL,43,1429,967,40,344,171,50,35.72,147.78,35.57,22.85,2,9,7,145,3,56.2
SC Williams,Test,20,1428,2229,38,1513,174,12,37.58,64.06,67.88,8.34,3,7,7,137,0,31.0
TH David,BBL,72,1424,914,48,287,100,79,29.67,155.8,31.4,19.58,0,4,10,76,1,53.5
CR Ervine,T20I,64,1423,1345,60,590,139,30,23.72,105.8,43.87,12.57,0,9,11,70,4,37.8
DJ Malan,ODI,29,1418,1449,25,693,146,32,56.72,97.86,47.83,12.28,6,7,2,140,5,48.3
Nasir Jamshed,ODI,48,1418,1881,45,1125,150,19,31.51,75.39,59.81,8.98,3,8,7,112,5,31.9
V Saini,T20I,57,1417,1109,45,344,132,31,31.49,127.77,31.02,14.7,0,7,13,91,4,47.0
J Charles,T20I,63,1416,1106,63,547,149,68,22.48,128.03,49.46,19.62,1,5,12,118,8,44.4
SS Iyer,T20I,56,1415,1025,44,311,119,51,32.16,138.05,30.34,16.59,0,10,8,80,4,50.1
Mehedi Hasan Miraz,ODI,79,1408,1779,68,990,127,25,20.71,79.15,55.65,8.54,1,3,10,100,5,28.6
Sulaimon Runsewe,T20I,78,1407,1313,69,576,145,17,20.39,107.16,43.87,12.34,0,8,4,80,4,36.6
HE van der Dussen,T20I,53,1406,1092,42,355,89,62,33.48,128.75,32.51,13.83,0,10,12,94,2,47.1
WIA Fernando,ODI,47,1405,1610,47,873,147,23,29.89,87.27,54.22,10.56,4,7,6,127,5,34.7
EJG Morgan,IPL,75,1405,1146,62,477,112,64,22.66,122.6,41.62,15.36,0,5,14,68,6,41.9
Faisal Khan,T20I,47,1405,818,43,315,143,86,32.67,171.76,38.51,28.0,1,9,11,101,5,61.4
Rohan Mustafa,ODI,69,1401,2193,64,1383,112,26,21.89,63.89,63.06,6.29,1,7,9,109,8,24.4
KAJ Roach,Test,87,1400,3888,115,3216,166,16,12.17,36.01,82.72,4.68,0,1,9,58,24,14.8
BJ Hodge,IPL,63,1400,1118,42,399,122,43,33.33,125.22,35.69,14.76,0,6,15,73,3,46.7
L Ronchi,ODI,68,1397,1220,59,572,149,43,23.68,114.51,46.89,15.74,1,4,12,170,7,40.7
M van Lingen,ODI,43,1396,1564,38,888,159,29,36.74,89.26,56.78,12.02,5,6,5,133,3,38.2
RK Singh,IPL,62,1394,955,41,307,114,67,34.0,145.97,32.15,18.95,0,6,13,83,1,53.2
TM Head,BBL,55,1394,1069,50,392,99,61,27.88,130.4,36.67,14.97,1,8,8,101,1,45.4
TLW Cooper,BBL,77,1392,1109,67,432,120,45,20.78,125.52,38.95,14.88,0,6,10,65,4,41.7
R Ravindra,ODI,34,1392,1283,33,607,154,33,42.18,108.5,47.31,14.58,5,6,6,123,2,45.9
LJ Wright,BBL,53,1389,1058,47,429,152,41,29.55,131.29,40.55,18.24,2,6,10,117,3,47.8
MP Vaughan,ODI,56,1382,2071,50,1283,143,10,27.64,66.73,61.95,7.39,0,10,7,90,5,27.8
KC Sangakkara,T20I,53,1382,1156,44,417,139,20,31.41,119.55,36.07,13.75,0,8,12,78,2,44.5
MP Stoinis,T20I,68,1380,930,44,307,115,64,31.36,148.39,33.01,19.25,0,6,11,78,2,52.6
A Symonds,Test,23,1378,2040,31,1381,148,28,44.45,67.55,67.7,8.63,2,10,6,162,4,34.2
GP Swann,Test,52,1370,1791,62,1195,182,19,22.1,76.49,66.72,11.22,0,5,11,85,5,28.9
SE Rutherford,CPL,69,1370,1020,58,419,80,93,23.62,134.31,41.08,16.96,0,8,9,78,6,45.0
Ahmed Faiz,T20I,63,1367,1103,55,394,101,56,24.85,123.93,35.72,14.23,1,6,9,105,5,43.0
JD Campbell,Test,29,1364,2716,51,2044,163,16,26.75,50.22,75.26,6.59,1,4,15,115,4,23.4
TL Seifert,CPL,55,1362,1036,45,391,117,60,30.27,131.47,37.74,17.08,2,5,11,125,1,47.6
SR Watson,PSL,46,1361,982,42,430,123,81,32.4,138.59,43.79,20.77,0,9,6,91,2,51.0
SM Pollock,ODI,67,1358,1450,45,668,113,24,30.18,93.66,46.07,9.45,1,6,11,130,4,36.1
JW Jenner,T20I,48,1355,943,38,321,108,58,35.66,143.69,34.04,17.6,0,7,12,96,4,52.2
WP Saha,Test,36,1353,2973,46,2256,129,14,29.41,45.51,75.88,4.81,3,6,8,117,6,22.6
SC Ganguly,IPL,56,1349,1263,53,594,137,42,25.45,106.81,47.03,14.17,0,7,14,91,4,39.1
NR Sciver-Brunt,WPL,36,1348,936,27,315,205,15,49.93,144.02,33.65,23.5,1,11,7,100,1,61.6
A Vala,T20I,58,1344,1146,49,446,114,40,27.43,117.28,38.92,13.44,0,8,10,93,1,42.0
AD Mathews,T20I,69,1343,1132,49,381,87,45,27.41,118.64,33.66,11.66,0,6,12,81,1,41.7
BFW de Leede,ODI,50,1336,1817,44,1058,97,28,30.36,73.53,58.23,6.88,1,7,7,123,4,29.9
TM Head,T20I,50,1335,849,46,327,149,60,29.02,157.24,38.52,24.62,0,6,15,91,1,55.6
Imad Wasim,PSL,79,1334,977,53,308,125,45,25.17,136.54,31.53,17.4,0,7,10,92,11,47.5
KA Maharaj,Test,60,1334,2197,87,1599,153,29,15.33,60.72,72.78,8.28,0,6,9,84,19,21.7
BJ Hodge,BBL,42,1330,989,30,332,109,52,44.33,134.48,33.57,16.28,0,10,12,88,1,53.4
CA Lynn,IPL,42,1329,945,39,387,132,66,34.08,140.63,40.95,20.95,0,10,10,93,3,52.4
JR Hopes,ODI,61,1326,1415,53,628,123,6,25.02,93.71,44.38,9.12,0,3,17,63,1,34.1
Haider Butt,T20I,54,1324,1071,43,388,89,60,30.79,123.62,36.23,13.91,0,8,10,79,2,44.8
DJG Sammy,Test,38,1323,1949,61,1369,157,34,21.69,67.88,70.24,9.8,1,5,11,106,8,26.1
KMDN Kulasekara,ODI,117,1323,1611,85,865,95,39,15.56,82.12,53.69,8.32,0,4,8,73,12,27.1
Anamul Haque,ODI,44,1322,1744,44,1025,132,27,30.05,75.8,58.77,9.12,3,5,9,120,6,31.5
I Danladi,T20I,59,1322,1129,52,483,120,38,25.42,117.09,42.78,13.99,0,5,12,80,1,41.0
DJ Hussey,IPL,61,1322,1075,49,397,90,60,26.98,122.98,36.93,13.95,0,5,14,71,4,43.2
KM Jadhav,ODI,49,1318,1273,31,570,136,23,42.52,103.53,44.78,12.49,2,5,7,120,2,44.2
Sami Sohail,T20I,45,1315,1043,36,408,111,49,36.53,126.08,39.12,15.34,0,9,12,96,3,47.8
M Kaif,ODI,64,1314,2007,53,1170,120,1,24.79,65.47,58.3,6.03,0,11,4,93,8,26.1
Abdullah Shafique,PSL,49,1313,934,46,304,120,52,28.54,140.58,32.55,18.42,0,9,10,75,2,49.8
Asad Shafiq,ODI,56,1312,1946,52,1091,102,5,25.23,67.42,56.06,5.5,0,9,9,84,5,26.5
JJ Smit,T20I,66,1311,901,41,286,76,79,31.98,145.5,31.74,17.2,1,4,12,111,3,51.1
P Nissanka,Test,19,1310,2311,31,1601,151,5,42.26,56.69,69.28,6.75,4,7,1,187,0,30.3
S Matsikenyeri,ODI,78,1309,1887,72,1149,131,10,18.18,69.37,60.89,7.47,0,5,8,86,6,24.7
Mushfiqur Rahim,T20I,82,1307,1135,66,400,110,33,19.8,115.15,35.24,12.6,0,6,6,72,8,38.7
Vikramjit Singh,ODI,46,1304,1825,45,1153,143,16,28.98,71.45,63.18,8.71,1,8,9,110,2,29.5
Mashrafe Mortaza,ODI,121,1304,1567,98,878,108,42,13.31,83.22,56.03,9.57,0,0,11,44,12,26.9
MDK Perera,Test,42,1303,2779,69,2166,158,23,18.88,46.89,77.94,6.51,0,7,9,95,14,19.9
Towhid Hridoy,T20I,55,1303,1041,46,339,83,51,28.33,125.17,32.56,12.87,0,7,12,83,3,43.9
Muhammad Tanveer,T20I,43,1303,986,35,382,88,78,37.23,132.15,38.74,16.84,0,9,10,88,3,50.0
R Tewatia,IPL,92,1302,943,55,336,110,62,23.67,138.07,35.63,18.24,0,2,11,68,4,47.1
F du Plessis,CPL,41,1296,908,38,318,105,64,34.11,142.73,35.02,18.61,2,7,9,120,3,52.0
HC Brook,ODI,39,1294,1235,35,614,114,56,36.97,104.78,49.72,13.77,3,5,8,136,2,42.4
JM Anderson,Test,165,1290,3294,149,2671,178,3,8.66,39.16,81.09,5.49,0,1,1,81,34,14.3
Asif Ali,PSL,84,1289,824,63,307,73,100,20.46,156.43,37.26,21.0,0,3,8,75,5,50.0
Shoaib Malik,Test,23,1288,2701,39,2079,159,11,33.03,47.69,76.97,6.29,2,4,10,245,4,25.1
Sahibzada Farhan,PSL,43,1286,904,39,363,134,57,32.97,142.26,40.15,21.13,2,8,8,106,1,52.4
JA Burns,BBL,64,1286,1076,52,405,90,46,24.73,119.52,37.64,12.64,0,5,13,69,4,40.9
HH Dippenaar,ODI,36,1283,1865,31,1082,117,7,41.39,68.79,58.02,6.65,3,9,3,125,2,33.1
LPC Silva,ODI,49,1279,1754,42,994,115,10,30.45,72.92,56.67,7.13,1,11,6,107,6,30.1
Q de Kock,CPL,39,1274,901,33,302,105,59,38.61,141.4,33.52,18.2,2,7,8,115,3,53.4
SA Edwards,T20I,75,1274,1010,55,325,100,31,23.16,126.14,32.18,12.97,0,2,13,99,3,42.2
HM Amla,T20I,43,1272,962,37,330,145,26,34.38,132.22,34.3,17.78,0,8,11,97,2,50.1
Asif Khan,ODI,37,1270,1569,33,904,103,42,38.48,80.94,57.62,9.24,3,7,2,151,2,35.5
S Samarawickrama,ODI,44,1268,1411,40,692,132,7,31.7,89.87,49.04,9.85,1,7,11,108,5,35.8
Usman Khan,PSL,37,1268,802,32,270,135,55,39.62,158.1,33.67,23.69,4,6,4,120,5,59.7
AD Hales,PSL,44,1268,874,42,324,142,50,30.19,145.08,37.07,21.97,0,7,10,88,4,52.7
K Verreynne,Test,31,1266,2271,42,1605,132,14,30.14,55.75,70.67,6.43,4,3,7,136,4,25.2
Sahibzada Farhan,T20I,42,1266,929,40,388,107,65,31.65,136.28,41.77,18.51,2,10,3,100,3,49.1
L Bruce,T20I,51,1266,1074,47,439,132,26,26.94,117.88,40.88,14.71,0,12,6,99,5,42.3
KR Patterson,BBL,61,1264,1050,58,385,110,31,21.79,120.38,36.67,13.43,0,4,9,78,1,40.5
DR Smith,ODI,74,1261,1406,70,812,120,48,18.01,89.69,57.75,11.95,0,8,8,97,14,30.8
Inzamam-ul-Haq,Test,20,1259,2344,32,1681,155,4,39.34,53.71,71.72,6.78,4,7,4,138,4,28.6
PSP Handscomb,BBL,71,1259,1058,54,350,100,29,23.31,119.0,33.08,12.19,1,4,9,103,2,40.6
Sabbir Rahman,ODI,55,1259,1353,48,713,147,21,26.23,93.05,52.7,12.42,1,5,13,102,5,35.4
J Da Silva,Test,34,1258,3073,51,2374,129,7,24.67,40.94,77.25,4.43,1,5,8,100,5,19.8
PD Salt,IPL,40,1258,721,37,254,138,67,34.0,174.48,35.23,28.43,0,12,7,89,4,62.8
NS Dhaliwal,T20I,43,1257,951,38,356,103,55,33.08,132.18,37.43,16.61,0,10,8,70,2,48.4
PWA Mulder,Test,24,1253,2167,35,1547,152,17,35.8,57.82,71.39,7.8,3,1,8,367,4,28.5
W Madhevere,T20I,74,1253,1096,66,433,134,19,18.98,114.32,39.51,13.96,0,7,6,73,9,38.5
MH Cross,T20I,68,1253,1084,56,396,111,29,22.38,115.59,36.53,12.92,0,3,13,61,4,39.7
C Munro,ODI,52,1249,1190,50,599,134,36,24.98,104.96,50.34,14.29,0,8,9,87,7,38.2
Hamza Khan,T20I,45,1243,1004,37,417,99,61,33.59,123.8,41.53,15.94,1,8,7,164,3,46.3
JD Ryder,ODI,37,1242,1266,36,700,141,33,34.5,98.1,55.29,13.74,3,6,6,107,5,39.7
Nasir Hossain,ODI,51,1240,1545,43,802,111,14,28.84,80.26,51.91,8.09,1,6,13,100,4,31.8
RR Rossouw,ODI,35,1239,1313,32,664,131,22,38.72,94.36,50.57,11.65,3,7,7,132,5,40.0
KD Kesuma,T20I,78,1236,1110,69,555,130,47,17.91,111.35,50.0,15.95,3,1,9,117,9,37.5
DMW Rawlins,T20I,37,1235,808,28,303,83,85,44.11,152.85,37.5,20.79,1,9,8,121,1,58.1
V Shankar,IPL,63,1233,950,47,304,88,48,26.23,129.79,32.0,14.32,0,7,4,69,2,44.7
JN Frylinck,ODI,52,1233,1697,45,944,93,17,27.4,72.66,55.63,6.48,2,8,5,114,5,28.6
Saim Ayub,PSL,53,1232,885,52,355,122,57,23.69,139.21,40.11,20.23,0,9,9,88,3,47.8
Imran Farhat,ODI,44,1232,1837,42,1163,140,9,29.33,67.07,63.31,8.11,0,10,7,93,3,28.5
GC Wilson,ODI,57,1232,1631,49,894,105,14,25.14,75.54,54.81,7.3,0,9,8,80,3,28.8
H Masakadza,T20I,54,1230,1103,52,502,117,40,23.65,111.51,45.51,14.23,0,7,7,93,1,39.2
MJ Prior,ODI,57,1229,1613,50,929,132,6,24.58,76.19,57.59,8.56,0,3,16,87,5,29.1
DJ Bravo,T20I,72,1227,1062,56,412,72,54,21.91,115.54,38.79,11.86,0,4,10,66,5,38.5
DW Steyn,Test,81,1226,2781,90,2210,121,35,13.62,44.08,79.47,5.61,0,2,8,76,14,16.8
IK Pathan,ODI,71,1226,1516,57,860,117,29,21.51,80.87,56.73,9.63,0,3,10,83,6,29.5
JM Kemp,ODI,55,1226,1434,39,773,77,53,31.44,85.5,53.91,9.07,1,8,5,100,5,33.8
Shahriar Nafees,ODI,52,1216,1757,50,1128,163,2,24.32,69.21,64.2,9.39,2,5,9,123,8,27.6
PG Fulton,ODI,43,1216,1689,38,995,104,18,32.0,72.0,58.91,7.22,0,8,8,83,2,30.2
KJ Coetzer,T20I,52,1210,956,51,412,128,43,23.73,126.57,43.1,17.89,0,6,15,89,4,44.1
Milind Kumar,ODI,26,1209,1231,18,584,100,33,67.17,98.21,47.44,10.8,4,7,2,155,2,51.1
WA Young,Test,23,1208,2593,38,1983,153,5,31.79,46.59,76.48,6.09,0,10,8,89,1,24.3
KM Jadhav,IPL,81,1208,981,54,341,102,40,22.37,123.14,34.76,14.48,0,4,7,69,6,42.0
RS Morton,ODI,41,1205,1840,35,1087,91,13,34.43,65.49,59.08,5.65,2,7,5,110,6,29.1
Saim Ayub,T20I,58,1201,862,55,370,126,56,21.84,139.33,42.92,21.11,0,6,9,98,8,47.3
MM Lanning,WPL,35,1200,947,32,403,179,16,37.5,126.72,42.56,20.59,0,11,7,92,1,51.1
IA Karim,T20I,44,1198,1124,28,427,109,15,42.79,106.58,37.99,11.03,0,8,10,71,1,44.6
Asif Khan,T20I,50,1197,871,41,339,76,76,29.2,137.43,38.92,17.45,0,6,11,79,4,47.9
GH Dockrell,ODI,72,1197,1426,50,738,97,26,23.94,83.94,51.75,8.63,0,4,8,91,2,30.8
Zeeshan Maqsood,ODI,45,1196,1813,40,1069,101,15,29.9,65.97,58.96,6.4,2,6,9,109,2,28.0
Iftikhar Ahmed,PSL,70,1196,895,49,321,90,58,24.41,133.63,35.87,16.54,0,5,12,71,4,45.4
TP Ura,ODI,51,1196,1495,50,934,131,24,23.92,80.0,62.47,10.37,1,5,10,151,3,29.9
Dhruv Jurel,IPL,51,1195,775,38,235,98,62,31.45,154.19,30.32,20.65,0,10,9,81,5,54.4
Tanzid Hasan,T20I,48,1193,935,42,404,107,52,28.4,127.59,43.21,17.01,0,11,6,89,5,45.3
H Kaur,WPL,34,1193,820,26,276,148,35,45.88,145.49,33.66,22.32,0,11,7,95,1,59.3
NLTC Perera,T20I,72,1192,786,51,261,88,63,23.37,151.65,33.21,19.21,0,3,10,61,8,49.7
Zeeshan Maqsood,T20I,55,1191,1003,46,419,119,42,25.89,118.74,41.77,16.05,1,4,11,102,4,42.7
GD Phillips,ODI,38,1191,1143,29,519,88,47,41.07,104.2,45.41,11.81,2,4,11,106,1,43.0
Aqib Ilyas,ODI,29,1191,1622,27,928,113,12,44.11,73.43,57.21,7.71,2,9,7,109,1,35.5
MS Wade,T20I,66,1191,881,44,301,94,46,27.07,135.19,34.17,15.89,0,3,10,80,1,46.4
Shahriar Nafees,Test,23,1188,2085,46,1499,180,1,25.83,56.98,71.89,8.68,1,6,7,138,3,25.2
Abid Ali,Test,16,1180,2445,24,1858,148,5,49.17,48.26,75.99,6.26,4,3,4,215,2,31.1
MM Ali,T20I,72,1180,820,58,285,84,67,20.34,143.9,34.76,18.41,0,7,8,72,9,46.7
Sharjeel Khan,PSL,50,1180,836,47,380,104,78,25.11,141.15,45.45,21.77,2,5,7,117,5,48.8
Abdul Waheed,T20I,45,1180,912,39,325,118,37,30.26,129.39,35.64,17.0,1,6,10,110,1,47.3
VP Thamotharam,T20I,52,1179,827,45,317,77,75,26.2,142.56,38.33,18.38,1,7,8,104,2,48.2
A Badoni,IPL,56,1178,836,46,265,96,47,25.61,140.91,31.7,17.11,0,7,9,74,5,47.8
CP Jewell,BBL,59,1178,934,57,361,127,27,20.67,126.12,38.65,16.49,0,6,10,76,3,42.5
Raqibul Hasan,ODI,48,1177,1856,43,1089,89,8,27.37,63.42,58.67,5.23,0,7,8,89,6,25.9
MDKJ Perera,Test,22,1177,1629,38,1072,151,12,30.97,72.25,65.81,10.01,2,7,4,153,5,30.7
KP Pietersen,T20I,36,1176,831,31,254,119,32,37.94,141.52,30.57,18.17,0,7,12,79,1,53.4
Aqib Ilyas,T20I,46,1173,972,40,382,108,40,29.32,120.68,39.3,15.23,0,9,8,67,4,44.1
MJ North,Test,21,1171,2432,33,1831,143,5,35.48,48.15,75.29,6.09,5,4,1,128,5,25.8
Hussain Talat,PSL,57,1170,945,47,320,99,35,24.89,123.81,33.86,14.18,0,5,12,63,2,42.9
MM Ali,IPL,59,1167,835,53,325,95,67,22.02,139.76,38.92,19.4,0,6,9,93,6,46.8
PM Siddle,Test,59,1164,2468,79,1905,126,4,14.73,47.16,77.19,5.27,0,2,11,51,17,17.3
GH Dockrell,T20I,89,1161,856,63,272,84,48,18.43,135.63,31.78,15.42,0,1,8,53,8,43.2
JDP Oram,Test,20,1158,2182,31,1604,130,17,37.35,53.07,73.51,6.74,4,3,7,133,1,27.6
SP Narine,CPL,90,1156,837,80,395,95,76,14.45,138.11,47.19,20.43,0,5,5,79,15,43.2
MD Shanaka,ODI,56,1153,1291,51,652,87,38,22.61,89.31,50.5,9.68,2,4,8,108,5,31.9
TM Dilshan,IPL,50,1153,1007,43,451,140,24,26.81,114.5,44.79,16.29,0,9,8,76,6,42.1
DJ Bravo,CPL,73,1152,884,55,344,68,70,20.95,130.32,38.91,15.61,0,2,8,67,5,42.5
AR Patwa,T20I,49,1151,950,46,447,144,32,25.02,121.16,47.05,18.53,0,6,9,79,3,43.6
TH David,IPL,59,1151,650,35,190,76,83,32.89,177.08,29.23,24.46,0,2,14,70,4,60.8
KA Pollard,PSL,48,1149,708,30,238,80,77,38.3,162.29,33.62,22.18,0,6,11,73,2,58.6
S Muniandy,T20I,89,1144,994,66,385,75,45,17.33,115.09,38.73,12.07,0,1,4,60,8,36.7
JA Raval,Test,24,1143,2670,38,2108,143,1,30.08,42.81,78.95,5.39,1,7,10,132,3,22.5
RR Pant,T20I,63,1142,910,51,337,103,41,22.39,125.49,37.03,15.82,0,3,11,65,4,42.8
BRM Taylor,T20I,49,1140,918,42,332,118,27,27.14,124.18,36.17,15.8,1,6,8,123,5,44.5
IK Pathan,IPL,82,1139,946,53,335,87,37,21.49,120.4,35.41,13.11,0,1,8,60,3,40.2
BT Foakes,Test,25,1139,2411,39,1746,108,7,29.21,47.24,72.42,4.77,2,4,12,113,3,22.4
DA Warner,BBL,31,1139,791,23,266,106,38,49.52,143.99,33.63,18.2,3,6,4,130,3,57.6
O Manishimwe,T20I,75,1137,1242,66,643,101,29,17.23,91.55,51.77,10.47,0,5,5,89,9,30.5
Yuvraj Singh,T20I,49,1136,821,41,319,77,72,27.71,138.37,38.86,18.15,0,8,7,77,1,47.9
S Bau,T20I,52,1132,1004,45,424,97,34,25.16,112.75,42.23,13.05,0,6,10,85,5,39.5
M Gilkes,BBL,59,1131,915,56,389,112,33,20.2,123.61,42.51,15.85,0,6,8,93,9,40.9
CD McMillan,ODI,46,1129,1363,39,769,93,32,28.95,82.83,56.42,9.17,1,7,3,117,4,32.1
K Motlanka,T20I,42,1128,1019,38,440,114,23,29.68,110.7,43.18,13.44,1,5,8,112,1,41.0
BN Cooper,T20I,49,1126,906,38,341,109,32,29.63,124.28,37.64,15.56,0,9,7,91,6,45.1
Shafali Verma,WPL,37,1124,739,34,302,132,53,33.06,152.1,40.87,25.03,0,7,8,84,2,56.1
JM Clarke,BBL,43,1121,833,41,308,98,43,27.34,134.57,36.97,16.93,1,7,10,101,7,46.6
Sikandar Raza,Test,18,1120,2050,36,1462,120,13,31.11,54.63,71.32,6.49,1,8,6,127,3,25.3
GJ Delany,T20I,69,1118,829,54,309,85,52,20.7,134.86,37.27,16.53,0,4,7,89,5,43.9
P Utseya,ODI,97,1114,1891,59,1158,76,11,18.88,58.91,61.24,4.6,0,3,5,68,11,21.3
AD Russell,T20I,72,1112,673,50,265,65,95,22.24,165.23,39.38,23.77,0,3,9,71,9,53.2
DS Smith,Test,29,1112,2456,51,1919,149,1,21.8,45.28,78.14,6.11,0,5,10,65,3,20.2
Mohammad Haris,PSL,45,1111,666,43,225,119,54,25.84,166.82,33.78,25.98,0,4,11,87,3,57.0
JEC Franklin,ODI,61,1107,1389,39,704,84,17,28.38,79.7,50.68,7.27,0,4,8,98,3,31.0
ML Hayden,IPL,32,1107,805,30,331,121,44,36.9,137.52,41.12,20.5,0,8,9,93,1,52.4
JM Sharma,IPL,59,1107,726,48,266,86,68,23.06,152.48,36.64,21.21,0,1,10,85,3,50.4
RW Chakabva,ODI,50,1106,1621,47,915,88,8,23.53,68.23,56.45,5.92,1,4,10,102,2,25.8
JDS Neesham,T20I,77,1105,761,55,263,85,55,20.09,145.2,34.56,18.4,0,0,9,48,7,46.7
BOP Fernando,Test,21,1104,2224,35,1699,127,12,31.54,49.64,76.39,6.25,1,7,6,102,2,24.5
CJ Anderson,ODI,43,1102,1012,40,501,85,55,27.55,108.89,49.51,13.83,1,4,8,131,4,39.3
K Rabada,Test,70,1102,2131,90,1634,139,20,12.24,51.71,76.68,7.46,0,1,8,71,22,18.4
DC Thomas,CPL,65,1096,930,57,416,93,48,19.23,117.85,44.73,15.16,0,4,12,71,3,38.9
Usman Patel,T20I,56,1093,839,43,330,108,39,25.42,130.27,39.33,17.52,1,7,4,111,7,45.3
S Chandramohan,T20I,47,1090,913,43,413,98,48,25.35,119.39,45.24,15.99,1,5,11,100,4,41.9
SPD Smith,T20I,54,1090,868,43,276,96,26,25.35,125.58,31.8,14.06,0,5,8,90,1,43.4
L Vincent,ODI,45,1089,1521,41,944,113,17,26.56,71.6,62.06,8.55,2,6,4,102,5,28.4
MJ Santner,Test,29,1089,2315,44,1817,122,32,24.75,47.04,78.49,6.65,1,4,8,126,4,21.9
DM Nakrani,T20I,65,1088,849,42,354,66,67,25.9,128.15,41.7,15.67,0,3,9,77,3,43.6
MJ Santner,T20I,88,1087,832,53,313,88,42,20.51,130.65,37.62,15.62,0,2,6,77,6,42.5
Kushal Malla,T20I,55,1086,794,44,319,62,73,24.68,136.78,40.18,17.0,1,5,6,137,3,45.5
J Brown,BBL,41,1086,731,41,351,98,72,26.49,148.56,48.02,23.26,1,5,6,140,3,50.8
M Vohra,IPL,51,1083,829,49,358,104,43,22.1,130.64,43.18,17.73,0,3,12,95,3,43.7
Aqib Iqbal,T20I,56,1083,882,45,331,80,42,24.07,122.79,37.53,13.83,0,4,10,66,3,41.6
DP Conway,IPL,28,1080,773,25,265,117,34,43.2,139.72,34.28,19.53,0,11,5,92,3,55.3
PSP Handscomb,Test,20,1079,2234,29,1644,125,1,37.21,48.3,73.59,5.64,2,5,7,110,2,26.0
LMP Simmons,IPL,29,1079,852,27,372,109,44,39.96,126.64,43.66,17.96,1,11,5,100,2,49.9
Ahmed Shehzad,PSL,43,1077,897,41,358,109,32,26.27,120.07,39.91,15.72,0,9,5,99,4,42.9
Aizaz Khan,T20I,83,1075,988,69,375,75,28,15.58,108.81,37.96,10.43,0,0,10,48,9,34.1
Imran Anwar,T20I,63,1075,854,58,400,65,73,18.53,125.88,46.84,16.16,0,7,5,87,10,40.1
ZE Green,ODI,49,1075,1409,45,816,112,12,23.89,76.3,57.91,8.8,0,4,9,75,1,28.8
F Behardien,ODI,49,1074,1097,35,485,79,25,30.69,97.9,44.21,9.48,0,6,12,70,4,36.7
DJ Malan,Test,22,1074,2622,39,2086,147,1,27.54,40.96,79.56,5.64,1,9,1,140,2,21.4
SM Pollock,Test,25,1072,1773,31,1236,123,13,34.58,60.46,69.71,7.67,0,5,12,67,1,28.1
NL McCullum,ODI,62,1070,1220,51,605,69,33,20.98,87.7,49.59,8.36,0,4,9,65,3,30.1
NCR Larkin,BBL,50,1069,888,35,320,107,17,30.54,120.38,36.04,13.96,0,6,8,83,4,43.9
RP Arnold,ODI,55,1068,1509,41,793,71,5,26.05,70.78,52.55,5.04,0,7,4,76,4,27.1
I Liyanage,T20I,41,1067,864,38,356,116,29,28.08,123.5,41.2,16.78,0,9,4,86,5,44.6
WW Hinds,ODI,38,1066,1576,33,985,90,21,32.3,67.64,62.5,7.04,4,3,4,127,5,28.9
LS Livingstone,IPL,49,1066,687,42,242,70,76,25.38,155.17,35.23,21.25,0,7,5,94,3,51.8
Aftab Ahmed,ODI,55,1061,1416,51,865,116,22,20.8,74.93,61.09,9.75,0,5,10,81,3,27.6
IK Gamantika,T20I,68,1060,1096,58,484,79,27,18.28,96.72,44.16,9.67,0,1,14,78,4,32.0
Khushdil Shah,PSL,67,1055,733,42,238,78,55,25.12,143.93,32.47,18.14,0,2,10,70,2,48.4
JJ Smit,ODI,52,1053,1388,45,815,55,53,23.4,75.86,58.72,7.78,0,2,12,60,4,27.7
Basil Hameed,ODI,45,1051,1423,43,820,74,30,24.44,73.86,57.62,7.31,0,5,9,71,3,27.6
Luqman Butt,T20I,34,1048,719,28,264,90,60,37.43,145.76,36.72,20.86,0,6,8,80,0,54.5
LD Chandimal,T20I,61,1048,1013,54,415,89,21,19.41,103.46,40.97,10.86,0,6,5,66,0,34.6
Sohaib Maqsood,PSL,43,1045,810,35,325,90,50,29.86,129.01,40.12,17.28,0,8,5,85,3,46.5
FDM Karunaratne,ODI,38,1044,1326,35,698,100,1,29.83,78.73,52.64,7.62,1,8,7,103,4,31.2
Nasir Hossain,Test,19,1044,1917,30,1383,119,10,34.8,54.46,72.14,6.73,1,6,7,100,2,26.7
JN Loftie-Eaton,ODI,50,1044,1417,40,795,81,20,26.1,73.68,56.1,7.13,0,5,9,73,3,28.3
Junaid Siddique,ODI,91,1043,1522,72,929,95,18,14.49,68.53,61.04,7.42,0,5,6,97,19,22.7
Zubaidi Zulkifle,T20I,62,1043,740,59,328,103,53,17.68,140.95,44.32,21.08,0,3,9,96,12,45.5
DP Sibley,Test,22,1042,3045,36,2476,114,1,28.94,34.22,81.31,3.78,2,5,7,133,6,19.7
MG Bracewell,ODI,41,1042,969,29,466,87,44,35.93,107.53,48.09,13.52,2,3,8,140,1,42.1
SM Katich,ODI,31,1041,1494,26,917,112,4,40.04,69.68,61.38,7.76,1,7,6,107,2,32.7
Faheem Ashraf,PSL,69,1039,721,49,257,88,53,21.2,144.11,35.64,19.56,0,3,7,55,3,47.5
MN Waller,ODI,51,1039,1351,48,746,106,10,21.65,76.91,55.22,8.59,0,4,9,99,3,28.2
AP Yadav,T20I,44,1037,984,36,419,107,19,28.81,105.39,42.58,12.8,0,6,10,79,3,39.4
RL Chase,ODI,50,1037,1326,42,652,76,14,24.69,78.21,49.17,6.79,0,5,11,59,5,29.2
Mahmudul Hasan Joy,Test,22,1036,2358,41,1817,116,7,25.27,43.94,77.06,5.22,2,5,5,171,8,20.6
B Sharki,ODI,38,1034,1548,35,934,101,7,29.54,66.8,60.34,6.98,1,4,8,101,3,27.9
Pargat Singh,ODI,31,1034,1389,30,843,117,16,34.47,74.44,60.69,9.58,1,7,8,102,1,32.5
AD Russell,ODI,47,1034,794,38,374,94,57,27.21,130.23,47.1,19.02,0,4,10,92,6,45.8
JP Inglis,T20I,45,1033,654,39,210,108,40,26.49,157.95,32.11,22.63,2,2,7,110,4,53.9
Afif Hossain,T20I,58,1031,852,49,319,79,36,21.04,121.01,37.44,13.5,0,3,9,77,6,39.9
PWH de Silva,ODI,54,1031,965,46,438,87,33,22.41,106.84,45.39,12.44,0,4,6,80,3,36.6
H Lakov,T20I,40,1030,908,31,322,85,15,33.23,113.44,35.46,11.01,0,6,9,78,0,42.0
C Green,IPL,42,1029,681,27,200,84,49,38.11,151.1,29.37,19.53,1,4,13,100,1,55.6
Umar Akmal,PSL,40,1029,713,34,254,78,60,30.26,144.32,35.62,19.35,0,8,4,93,3,50.7
V Suryavanshi,IPL,23,1028,449,23,153,81,96,44.7,228.95,34.08,39.42,2,6,8,103,2,68.4
KP Pietersen,BBL,31,1026,759,28,248,92,32,36.64,135.18,32.67,16.34,0,9,8,74,2,50.3
JD Ryder,Test,15,1025,1869,27,1308,119,6,37.96,54.84,69.98,6.69,3,3,5,201,4,27.9
JP Faulkner,ODI,51,1025,984,29,429,82,29,35.34,104.17,43.6,11.28,1,4,8,116,4,40.5
NA Greenwood,T20I,37,1023,702,33,228,102,34,31.0,145.73,32.48,19.37,0,5,10,86,2,51.7
S Mandhana,WPL,35,1023,748,33,321,145,29,31.0,136.76,42.91,23.26,0,7,6,96,1,51.5
L Ronchi,PSL,31,1020,614,28,216,116,50,36.43,166.12,35.18,27.04,0,10,3,94,4,61.3
S Davizi,T20I,35,1018,710,31,276,116,35,32.84,143.38,38.87,21.27,2,5,5,115,2,52.4
C Campher,T20I,55,1018,804,46,274,80,30,22.13,126.62,34.08,13.68,0,4,5,72,4,41.7
LRPL Taylor,IPL,54,1017,822,40,307,66,46,25.42,123.72,37.35,13.63,0,3,8,81,3,42.0
SR Watson,BBL,39,1014,757,37,308,86,53,27.41,133.95,40.69,18.36,1,6,5,100,2,46.8
MS Harris,BBL,53,1012,853,52,370,107,28,19.46,118.64,43.38,15.83,0,4,8,85,1,39.6
FA Allen,CPL,67,1012,686,45,251,68,64,22.49,147.52,36.59,19.24,0,3,10,64,8,48.0
Fawad Alam,Test,18,1011,2170,26,1621,112,3,38.88,46.59,74.7,5.3,5,2,1,168,3,26.1
MD Patel,T20I,40,1011,733,37,274,106,33,27.32,137.93,37.38,18.96,1,7,5,104,2,48.2
N Davin,T20I,39,1007,732,35,301,109,34,28.77,137.57,41.12,19.54,0,6,7,89,1,48.6
JP Greaves,Test,18,1006,1965,30,1374,98,2,33.53,51.2,69.92,5.09,3,2,4,202,2,24.6
MS Chapman,ODI,31,1005,968,28,474,95,35,35.89,103.82,48.97,13.43,3,5,3,132,3,41.3
Umar Akmal,Test,16,1003,1520,28,1049,117,17,35.82,65.99,69.01,8.82,1,6,7,129,1,30.1
J Baker,T20I,27,1001,769,23,350,90,51,43.52,130.17,45.51,18.34,0,10,5,94,0,51.6
KP Pietersen,IPL,36,1001,743,27,275,91,40,37.07,134.72,37.01,17.63,1,4,10,103,3,50.6
Zeeshan Khan,T20I,43,1001,804,41,324,108,26,24.41,124.5,40.3,16.67,1,5,8,115,2,43.3
EJM Cowan,Test,18,1001,2425,32,1888,125,2,31.28,41.28,77.86,5.24,1,6,7,136,2,22.5
H Klaasen,T20I,53,1000,705,43,236,72,52,23.26,141.84,33.48,17.59,0,5,5,81,2,46.9
MC Henriques,IPL,54,1000,788,36,269,87,28,27.78,126.9,34.14,14.59,0,5,7,74,2,44.4
SM Curran,IPL,53,997,731,40,251,85,41,24.92,136.39,34.34,17.24,0,6,3,88,4,46.4
KH Prajapati,ODI,35,996,1330,35,788,100,13,28.46,74.89,59.25,8.5,2,5,4,103,4,29.8
MWR Stokes,T20I,37,995,785,25,260,95,17,39.8,126.75,33.12,14.27,1,6,5,100,1,48.8
S Dube,T20I,51,993,656,36,195,64,61,27.58,151.37,29.73,19.05,0,4,8,66,2,51.3
RG Mukasa,T20I,46,993,804,42,356,112,31,23.64,123.51,44.28,17.79,0,5,8,89,7,43.0
H Singh,T20I,45,990,753,37,267,101,27,26.76,131.47,35.46,17.0,0,6,3,83,3,46.0
Shoaib Khan,ODI,39,987,1202,35,659,92,19,28.2,82.11,54.83,9.23,1,8,4,105,5,31.8
KA Edwards,Test,17,986,2052,31,1541,111,12,31.81,48.05,75.1,5.99,2,8,2,121,4,24.1
O Tuyisenge,T20I,68,986,979,63,480,91,27,15.65,100.72,49.03,12.05,0,3,6,66,8,32.4
Gulsan Jha,ODI,43,986,1184,33,702,66,49,29.88,83.28,59.29,9.71,0,6,6,67,1,32.3
Y Venugopal Rao,IPL,52,985,836,44,324,77,37,22.39,117.82,38.76,13.64,0,3,8,71,2,39.8
Tanzid Hasan,ODI,33,985,951,32,541,110,37,30.78,103.58,56.89,15.46,1,9,2,107,4,39.6
C Kieswetter,ODI,38,985,1107,34,634,98,30,28.97,88.98,57.27,11.56,1,4,8,107,4,34.2
J Liyanage,ODI,29,984,1140,22,589,76,26,44.73,86.32,51.67,8.95,1,6,4,101,0,38.8
RW Chakabva,Test,20,984,2507,36,1959,91,7,27.33,39.25,78.14,3.91,1,5,5,101,2,19.8
CL White,T20I,44,984,740,30,257,71,44,32.8,132.97,34.73,15.54,0,5,8,85,3,47.6
Ahmed Shehzad,Test,13,982,1926,24,1417,99,8,40.92,50.99,73.57,5.56,3,4,4,176,1,27.6
T Stubbs,IPL,43,980,648,25,160,69,46,39.2,151.23,24.69,17.75,0,5,11,71,2,55.5
Usman Khan,T20I,65,977,824,50,306,91,22,19.54,118.57,37.14,13.71,0,5,6,63,6,39.1
PD Salt,ODI,30,976,848,30,434,133,20,32.53,115.09,51.18,18.04,1,5,6,122,1,44.4
JA Morkel,IPL,67,974,686,40,226,61,55,24.35,141.98,32.94,16.91,0,3,4,73,3,46.9
A Symonds,IPL,36,974,750,27,273,74,41,36.07,129.87,36.4,15.33,1,5,8,117,0,48.0
DS Smith,ODI,39,973,1343,38,797,99,9,25.61,72.45,59.34,8.04,1,5,7,107,4,28.0
ADS Fletcher,T20I,56,973,879,50,428,65,53,19.46,110.69,48.69,13.42,0,6,6,84,9,36.1
SSJ Brooks,CPL,46,973,766,40,278,71,42,24.32,127.02,36.29,14.75,1,2,10,109,5,42.9
JP Inglis,ODI,35,973,973,32,495,102,24,30.41,100.0,50.87,12.95,1,6,5,120,1,38.1
EA Perry,WPL,25,972,731,15,250,109,25,64.8,132.97,34.2,18.33,0,8,7,90,1,61.6
DR Sams,BBL,82,972,676,68,249,62,57,14.29,143.79,36.83,17.6,0,3,6,98,10,43.3
RN Patel,T20I,53,968,798,44,338,106,24,22.0,121.3,42.36,16.29,0,3,7,66,7,41.4
T Stubbs,T20I,42,966,725,31,238,75,37,31.16,133.24,32.83,15.45,0,2,9,76,3,47.2
Fawad Alam,ODI,35,966,1296,23,631,60,6,42.0,74.54,48.69,5.09,1,6,7,114,2,34.0
Kamran Akmal,T20I,51,964,804,45,368,97,31,21.42,119.9,45.77,15.92,0,5,9,73,7,40.2
C Campher,ODI,30,963,1196,28,665,97,13,34.39,80.52,55.6,9.2,1,7,6,120,0,33.7
TD Paine,BBL,39,959,779,38,295,96,22,25.24,123.11,37.87,15.15,0,7,6,91,4,42.7
Muhammad Usman,T20I,47,959,774,43,295,72,41,22.3,123.9,38.11,14.6,0,3,10,89,5,41.3
AC Voges,BBL,47,959,763,36,197,76,13,26.64,125.69,25.82,11.66,0,4,9,58,0,43.0
Nazmul Hossain Shanto,T20I,44,959,874,39,348,88,19,24.59,109.73,39.82,12.24,0,4,9,71,0,38.4
JN Malan,ODI,22,958,1150,20,618,97,16,47.9,83.3,53.74,9.83,3,4,1,177,2,39.8
GD Phillips,Test,19,956,1317,27,874,106,27,35.41,72.59,66.36,10.1,1,5,7,100,2,32.0
CL White,IPL,45,954,755,36,260,76,36,26.5,126.36,34.44,14.83,0,6,9,78,4,43.9
CJA Amini,ODI,45,952,1517,45,922,78,4,21.16,62.76,60.78,5.41,0,6,4,77,0,23.0
S Ravichandran,T20I,47,952,793,44,299,86,21,21.64,120.05,37.7,13.49,0,5,4,86,3,39.8
Haider Ali,PSL,53,949,696,45,268,83,47,21.09,136.35,38.51,18.68,0,4,7,69,5,45.2
KR Mayers,Test,18,949,1550,29,1094,117,16,32.72,61.23,70.58,8.58,2,2,8,210,5,27.9
Ayan Khan,ODI,36,948,1251,34,708,87,15,27.88,75.78,56.59,8.15,1,4,10,105,4,29.8
Shaiman Anwar,ODI,30,947,1128,30,628,95,16,31.57,83.95,55.67,9.84,1,8,4,106,2,33.5
V Balakrishnan,T20I,46,947,840,40,389,102,24,23.68,112.74,46.31,15.0,1,4,6,101,0,39.3
C Green,ODI,33,946,1134,23,599,72,26,41.13,83.42,52.82,8.64,1,4,8,118,1,36.6
M Levitt,T20I,29,945,669,28,289,83,50,33.75,141.26,43.2,19.88,1,6,5,135,1,50.8
M Morkel,Test,71,944,1858,81,1436,143,5,11.65,50.81,77.29,7.97,0,0,6,40,22,18.2
LA Dunbar,T20I,36,943,793,29,370,83,46,32.52,118.92,46.66,16.27,1,5,6,117,3,44.3
AU Rashid,ODI,83,942,1016,56,496,92,14,16.82,92.72,48.82,10.43,0,1,8,69,8,30.6
BP Nash,Test,18,941,2154,30,1658,106,2,31.37,43.69,76.97,5.01,2,6,3,114,0,22.6
BA Pai,T20I,40,941,850,33,308,84,15,28.52,110.71,36.24,11.65,0,6,5,86,3,40.1
Taijul Islam,Test,59,941,2412,89,1906,104,3,10.57,39.01,79.02,4.44,0,0,5,47,11,13.8
Sabbir Rahman,T20I,43,939,780,38,305,88,29,24.71,120.38,39.1,15.0,0,4,7,80,2,41.8
JM How,ODI,33,939,1418,32,903,105,7,29.34,66.22,63.68,7.9,1,6,1,139,2,27.8
G Singh,ODI,31,938,1130,25,612,86,17,37.52,83.01,54.16,9.12,1,6,6,101,0,35.3
Iftikhar Ahmed,T20I,51,937,715,39,230,65,42,24.03,131.05,32.17,14.97,0,4,7,62,2,44.0
Imad Wasim,ODI,39,937,840,23,320,87,19,40.74,111.55,38.1,12.62,0,5,7,63,1,45.1
Imad Wasim,CPL,52,937,757,36,272,72,37,26.03,123.78,35.93,14.4,0,2,10,63,4,42.8
BA Stokes,IPL,43,935,698,38,231,81,32,24.61,133.95,33.09,16.19,2,2,7,107,3,45.3
SR Taylor,ODI,34,934,1166,34,725,108,21,27.47,80.1,62.18,11.06,1,5,3,114,4,31.3
MG Johnson,ODI,87,934,976,57,491,80,22,16.39,95.7,50.31,10.45,0,2,3,73,6,30.6
KOA Powell,ODI,41,934,1171,41,695,110,13,22.78,79.76,59.35,10.5,0,8,3,83,4,29.5
RV Uthappa,ODI,41,934,1031,36,577,108,19,25.94,90.59,55.97,12.32,0,6,7,86,4,33.9
RAS Lakmal,Test,68,934,1936,84,1480,114,12,11.12,48.24,76.45,6.51,0,0,6,42,21,16.6
AD Hales,CPL,40,932,716,36,298,82,47,25.89,130.17,41.62,18.02,1,5,3,119,2,45.3
MJ Lumb,BBL,40,931,749,39,326,87,33,23.87,124.3,43.52,16.02,0,5,7,80,0,42.1
Z Khan,Test,57,930,1813,71,1385,109,22,13.1,51.3,76.39,7.23,0,3,6,75,17,18.3
RR Hendricks,ODI,35,930,1187,33,676,98,9,28.18,78.35,56.95,9.01,1,7,5,102,2,30.7
CS MacLeod,T20I,48,930,843,40,317,83,15,23.25,110.32,37.6,11.63,0,4,8,74,7,37.8
LS Livingstone,T20I,46,926,620,38,193,51,59,24.37,149.35,31.13,17.74,1,2,7,103,3,48.7
Habibul Bashar,ODI,49,926,1635,46,1023,77,3,20.13,56.64,62.57,4.89,0,3,15,70,8,21.1
Chirag Suri,ODI,36,924,1434,36,936,95,13,25.67,64.44,65.27,7.53,2,5,4,115,4,25.7
TP Ludeman,BBL,41,924,750,34,303,87,29,27.18,123.2,40.4,15.47,0,5,5,92,1,43.2
BB McCullum,BBL,34,920,674,33,258,87,38,27.88,136.5,38.28,18.55,0,9,7,72,1,47.7
T de Zorzi,Test,17,919,1677,30,1156,88,13,30.63,54.8,68.93,6.02,2,3,6,177,3,24.6
NT Broom,ODI,37,919,1143,34,570,78,10,27.03,80.4,49.87,7.7,1,5,4,109,6,30.7
WPUJC Vaas,Test,25,918,1924,26,1416,107,3,35.31,47.71,73.6,5.72,1,5,9,100,4,25.1
G Gambhir,T20I,34,918,769,32,296,108,10,28.69,119.38,38.49,15.34,0,7,5,75,2,43.4
Yasir Shah,Test,46,918,1951,65,1499,105,10,14.12,47.05,76.83,5.89,1,0,6,113,11,17.1
AR Patel,ODI,52,918,995,39,453,58,32,23.54,92.26,45.53,9.05,0,4,8,64,3,32.5
Harbhajan Singh,ODI,85,917,1119,62,605,63,28,14.79,81.95,54.07,8.13,0,0,8,49,11,26.0
MRJ Watt,ODI,61,916,1106,42,582,70,25,21.81,82.82,52.62,8.59,0,2,6,66,4,29.3
R Powell,ODI,45,915,1023,42,538,60,40,21.79,89.44,52.59,9.78,1,2,8,101,3,31.0
G Mckeon,T20I,32,915,641,28,257,72,50,32.68,142.75,40.09,19.03,2,5,5,109,3,50.4
Habibul Bashar,Test,19,914,1463,38,994,118,2,24.05,62.47,67.94,8.2,0,8,1,84,1,24.8
R Obuya,T20I,41,914,709,35,331,83,44,26.11,128.91,46.69,17.91,1,5,6,118,4,44.3
AP Rajeevan,T20I,44,913,813,35,315,83,17,26.09,112.3,38.75,12.3,0,5,4,70,2,39.4
LS Livingstone,ODI,34,912,840,28,385,55,50,32.57,108.57,45.83,12.5,1,4,7,124,4,40.4
BJ Rohrer,BBL,51,912,685,35,224,68,28,26.06,133.14,32.7,14.01,0,1,9,52,3,44.3
A Johnson,T20I,31,910,618,28,296,85,60,32.5,147.25,47.9,23.46,2,6,4,121,5,52.8
DM Gondaria,T20I,32,910,625,28,229,76,46,32.5,145.6,36.64,19.52,0,8,1,94,1,51.6
R Shepherd,T20I,57,909,627,33,249,51,67,27.55,144.98,39.71,18.82,0,1,11,52,5,48.7
PR Surve,T20I,35,909,784,23,306,71,28,39.52,115.94,39.03,12.63,0,4,10,71,1,45.1
Priyansh Arya,IPL,31,909,471,31,163,87,63,29.32,192.99,34.61,31.85,1,6,4,103,3,62.4
HE van der Dussen,Test,18,905,2221,30,1748,103,4,30.17,40.75,78.7,4.82,0,6,7,98,3,21.5
Shashank Singh,IPL,42,905,560,25,155,67,51,36.2,161.61,27.68,21.07,0,6,6,68,3,57.5
H Thaker,ODI,30,903,1365,27,779,52,17,33.44,66.15,57.07,5.05,2,4,5,111,2,28.3
CP Rizwan,ODI,38,901,1536,33,919,64,2,27.3,58.66,59.83,4.3,1,4,6,109,2,24.1
Ishan Kishan,ODI,25,901,886,23,459,91,31,39.17,101.69,51.81,13.77,1,7,2,210,1,41.9
Shadab Khan,T20I,60,901,613,48,197,64,47,18.77,146.98,32.14,18.11,0,1,9,52,6,46.3
J Butler,T20I,39,900,783,32,329,82,26,28.12,114.94,42.02,13.79,0,4,8,87,2,41.0
D Brevis,T20I,32,900,544,29,188,53,70,31.03,165.44,34.56,22.61,1,3,10,125,1,56.1
C Hemraj,CPL,45,900,764,44,367,84,43,20.45,117.8,48.04,16.62,1,2,5,105,4,39.6
L Siaka,T20I,54,898,769,48,330,65,32,18.71,116.78,42.91,12.61,0,3,6,85,5,36.9
E Dusingizimana,T20I,52,898,821,49,413,89,32,18.33,109.38,50.3,14.74,0,4,8,66,6,36.1
SJ Modani,ODI,33,898,1417,33,869,78,5,27.21,63.37,61.33,5.86,1,6,3,111,3,25.5
RD Rickelton,Test,15,897,1697,24,1217,106,7,37.38,52.86,71.71,6.66,2,1,5,259,1,27.1
Junaid Siddique,Test,17,897,2185,33,1733,112,0,27.18,41.05,79.31,5.13,1,7,2,106,1,20.7
D Ganga,Test,18,896,2255,32,1810,118,0,28.0,39.73,80.27,5.23,1,4,6,135,2,20.8
Yasim Murtaza,T20I,62,893,754,54,284,63,39,16.54,118.44,37.67,13.53,0,3,5,60,1,37.6
AT Nidamanuru,ODI,37,893,976,33,486,60,31,27.06,91.5,49.8,9.32,2,4,4,111,4,33.3
A Kumble,Test,38,893,2224,48,1768,114,4,18.6,40.15,79.5,5.31,1,2,6,110,4,17.4
PG Fulton,Test,21,892,2300,37,1872,107,15,24.11,38.78,81.39,5.3,2,4,2,136,3,19.3
JO Holder,T20I,66,890,625,46,234,51,62,19.35,142.4,37.44,18.08,0,0,7,49,9,45.1
KAR Hodge,Test,17,889,1961,31,1491,111,2,28.68,45.33,76.03,5.76,2,4,3,123,5,22.2
Muhammad Usman,ODI,34,888,1182,30,680,80,20,29.6,75.13,57.53,8.46,1,3,8,102,2,30.3
Washington Sundar,IPL,59,888,656,43,208,82,28,20.65,135.37,31.71,16.77,0,3,7,55,3,44.5
J Fraser-McGurk,BBL,52,887,686,49,281,59,47,18.1,129.3,40.96,15.45,0,3,7,95,4,40.5
LRPL Taylor,CPL,44,887,842,29,354,57,29,30.59,105.34,42.04,10.21,0,5,7,70,2,38.2
SE Rutherford,T20I,45,886,593,35,224,64,57,25.31,149.41,37.77,20.4,0,6,5,76,7,49.8
CV Anto,T20I,42,886,588,37,245,56,66,23.95,150.68,41.67,20.75,0,3,9,75,1,49.1
HH Gibbs,IPL,36,886,807,32,378,83,31,27.69,109.79,46.84,14.13,0,6,5,69,4,39.7
A Raghuvanshi,IPL,30,885,608,26,190,86,35,34.04,145.56,31.25,19.9,0,7,7,82,0,53.1
Washington Sundar,Test,16,885,1930,21,1449,76,19,42.14,45.85,75.08,4.92,1,5,4,101,3,26.8
SK Patel,ODI,27,885,1102,25,622,98,11,35.4,80.31,56.44,9.89,1,5,6,152,3,34.3
GC Smith,T20I,31,884,716,30,314,110,21,29.47,123.46,43.85,18.3,0,4,9,89,1,45.5
MA Leask,T20I,60,883,679,52,254,58,46,16.98,130.04,37.41,15.32,0,1,9,58,3,40.6
JJS Sangha,BBL,38,882,743,32,266,70,21,27.56,118.71,35.8,12.25,0,6,9,91,4,41.2
KMA Paul,CPL,64,882,678,46,277,50,55,19.17,130.09,40.86,15.49,0,3,5,65,7,41.1
W Barresi,ODI,37,882,1157,34,690,97,12,25.94,76.23,59.64,9.42,1,3,6,137,3,29.4
Walid Ghauri,T20I,33,881,725,30,299,80,29,29.37,121.52,41.24,15.03,1,4,7,100,1,43.3
JE Root,T20I,29,881,699,24,223,91,15,36.71,126.04,31.9,15.16,0,5,9,90,2,48.1
BFW de Leede,T20I,42,881,826,32,329,65,24,27.53,106.66,39.83,10.77,0,5,9,91,4,37.9
STR Binny,IPL,66,880,683,46,251,66,35,19.13,128.84,36.75,14.79,0,0,10,48,7,41.0
JWA Taylor,ODI,25,879,1087,21,564,69,12,41.86,80.86,51.89,7.45,1,7,3,101,2,35.8
Muhammad Asim,T20I,33,877,651,26,282,87,40,33.73,134.72,43.32,19.51,0,7,8,67,6,49.5
N Wagner,Test,58,875,1687,60,1338,96,36,14.58,51.87,79.31,7.82,0,1,6,66,17,19.2
Razmal Shigiwal,T20I,32,875,619,28,208,74,36,31.25,141.36,33.6,17.77,0,4,9,70,2,49.7
S Bau,ODI,49,874,1452,46,923,71,8,19.0,60.19,63.57,5.44,0,4,5,81,5,21.3
CS Delport,PSL,38,873,688,36,257,80,33,24.25,126.89,37.35,16.42,1,5,4,117,6,43.6
K Nassoro,T20I,58,872,873,46,397,81,16,18.96,99.89,45.48,11.11,0,2,6,60,4,33.2
Selim Salau,T20I,36,871,789,35,347,83,20,24.89,110.39,43.98,13.05,1,1,7,112,1,38.4
RR Pant,ODI,27,871,820,26,384,91,26,33.5,106.22,46.83,14.27,1,5,5,125,3,41.4
KD Mills,ODI,74,871,966,52,520,65,35,16.75,90.17,53.83,10.35,0,2,5,54,5,29.3
TT Bresnan,ODI,63,871,965,44,456,89,7,19.8,90.26,47.25,9.95,0,1,5,80,6,31.2
CA Ingram,BBL,35,868,642,30,222,67,40,28.93,135.2,34.58,16.67,0,6,3,75,1,47.1
HK Matthews,WPL,34,867,711,33,348,122,24,26.27,121.94,48.95,20.53,0,6,3,77,3,44.8
SB Styris,Test,14,867,1549,21,1125,117,8,41.29,55.97,72.63,8.07,3,3,2,170,1,29.9
RA Reifer,CPL,60,865,778,44,311,60,35,19.66,111.18,39.97,12.21,0,2,7,65,4,36.5
Adil Butt,T20I,25,865,497,22,207,87,57,39.32,174.04,41.65,28.97,1,8,2,101,2,63.6
B Lee,ODI,77,865,1057,50,559,51,24,17.3,81.84,52.89,7.1,0,2,5,59,14,26.3
TC Barker,T20I,42,864,684,41,278,94,21,21.07,126.32,40.64,16.81,0,4,7,78,6,42.1
W Madhevere,ODI,38,863,1094,38,569,79,6,22.71,78.88,52.01,7.77,0,7,6,75,2,28.5
KD Karthik,Test,20,863,1728,33,1291,114,4,26.15,49.94,74.71,6.83,1,6,2,129,4,22.6
TD Paine,ODI,34,861,1219,32,732,94,6,26.91,70.63,60.05,8.2,1,5,4,111,1,28.1
DW Lawrence,Test,17,858,1478,29,1034,98,10,29.59,58.05,69.96,7.31,0,7,6,91,5,25.3
DJG Sammy,CPL,58,858,675,45,276,46,56,19.07,127.11,40.89,15.11,0,2,7,60,4,40.3
Abdul Samad,IPL,58,857,576,44,197,55,55,19.48,148.78,34.2,19.1,0,0,8,45,4,47.1
MN Samuels,CPL,33,857,694,27,272,67,39,31.74,123.49,39.19,15.27,1,6,1,106,0,44.9
MG Vandort,Test,17,857,1909,26,1444,98,4,32.96,44.89,75.64,5.34,3,3,4,138,3,23.4
JP Kotze,T20I,45,855,712,40,347,85,40,21.38,120.08,48.74,17.56,1,2,8,101,6,40.7
LS Livingstone,BBL,28,851,616,28,241,52,55,30.39,138.15,39.12,17.37,0,7,3,79,1,47.9
P Baron,T20I,31,851,699,27,305,97,18,31.52,121.75,43.63,16.45,0,9,2,73,0,44.7
LJ Evans,BBL,33,850,542,26,171,66,42,32.69,156.83,31.55,19.93,0,5,5,85,2,54.1
SE Rutherford,ODI,26,849,855,22,465,67,42,38.59,99.3,54.39,12.75,1,8,2,113,1,40.3
Rameez Shahzad,ODI,25,848,1082,22,598,75,17,38.55,78.37,55.27,8.5,2,4,6,121,1,34.4
Haris Sohail,Test,15,847,1936,26,1492,74,13,32.58,43.75,77.07,4.49,2,3,7,147,1,22.6
Shubman Gill,T20I,35,846,615,30,237,93,26,28.2,137.56,38.54,19.35,1,3,7,126,2,48.3
RL Chase,T20I,44,846,713,36,255,74,22,23.5,118.65,35.76,13.46,0,4,8,67,5,40.4
SKS Gill,T20I,39,846,835,36,344,75,12,23.5,101.32,41.2,10.42,0,3,10,67,4,35.2
D Visser,T20I,23,845,595,18,238,86,38,46.94,142.02,40.0,20.84,3,3,4,132,1,56.8
L Tucker,ODI,43,844,1025,37,541,79,9,22.81,82.34,52.78,8.59,0,3,6,61,3,29.4
Naeem Islam,ODI,45,842,1211,31,692,73,12,27.16,69.53,57.14,7.02,0,5,3,84,4,27.6
Agha Salman,PSL,44,842,682,41,268,76,30,20.54,123.46,39.3,15.54,0,3,10,64,2,40.9
SSJ Brooks,ODI,29,842,1114,28,623,69,16,30.07,75.58,55.92,7.63,1,4,8,101,5,30.1
Saud Shakeel,PSL,31,840,642,28,250,90,27,30.0,130.84,38.94,18.22,0,5,8,88,1,47.3
SD Heazlett,BBL,50,840,678,47,262,68,33,17.87,123.89,38.64,14.9,0,2,8,74,5,39.6
GC Wilson,T20I,49,840,836,43,352,73,12,19.53,100.48,42.11,10.17,0,2,6,65,4,33.3
GH Vihari,Test,16,839,1988,25,1559,107,2,33.56,42.2,78.42,5.48,1,5,5,111,1,23.4
Mohammad Naim,T20I,35,839,809,33,341,74,18,25.42,103.71,42.15,11.37,0,4,8,81,2,36.8
V Vijh,T20I,45,838,724,39,280,59,30,21.49,115.75,38.67,12.29,0,1,11,53,4,38.1
SA Okpe,T20I,65,837,815,51,366,52,28,16.41,102.7,44.91,9.82,0,0,7,45,5,31.8
RD Rickelton,IPL,26,836,497,24,189,78,55,34.83,168.21,38.03,26.76,1,5,5,123,0,60.1
R Shepherd,CPL,58,836,507,38,179,57,60,22.0,164.89,35.31,23.08,0,3,4,73,2,52.7
O Davies,BBL,44,836,645,42,231,53,38,19.9,129.61,35.81,14.11,0,3,9,65,5,41.0
PA Jaques,Test,10,836,1565,18,1104,92,2,46.44,53.42,70.54,6.01,3,5,2,150,1,30.1
Ahmad Ramdoni,T20I,60,836,945,42,482,61,29,19.9,88.47,51.01,9.52,0,0,9,46,3,30.1
BB McCullum,CPL,33,836,571,27,217,64,53,30.96,146.41,38.0,20.49,0,6,7,91,4,51.4
CJA Amini,T20I,43,836,713,37,286,69,22,22.59,117.25,40.11,12.76,0,4,7,91,6,38.8
B Lee,Test,37,834,1630,44,1242,105,11,18.95,51.17,76.2,7.12,0,3,5,64,9,20.2
D Doyle-Calle,T20I,33,834,606,25,230,54,47,33.36,137.62,37.95,16.67,0,3,7,72,0,48.6
Harbhajan Singh,IPL,89,833,604,53,251,79,42,15.72,137.91,41.56,20.03,0,1,5,64,13,43.7
R Ashwin,IPL,94,833,705,64,256,64,29,13.02,118.16,36.31,13.19,0,1,4,50,12,36.1
CJ Green,BBL,81,831,623,53,186,59,23,15.68,133.39,29.86,13.16,0,1,6,50,6,40.2
NA McSweeney,BBL,32,830,694,28,242,77,15,29.64,119.6,34.87,13.26,0,4,7,84,0,42.8
TM Odoyo,ODI,35,830,1183,30,713,71,18,27.67,70.16,60.27,7.52,1,3,7,111,3,27.8
I Niyomugabo,T20I,43,829,825,36,361,74,16,23.03,100.48,43.76,10.91,0,3,9,59,5,34.9
IDM Latin,T20I,40,829,679,34,272,64,37,24.38,122.09,40.06,14.87,0,4,6,89,3,41.5
VS Solanki,ODI,33,829,1151,30,707,105,4,27.63,72.02,61.42,9.47,1,5,7,106,2,29.1
DG Bedingham,Test,15,828,1228,23,827,91,17,36.0,67.43,67.35,8.79,1,4,7,110,2,30.3
VVS Laxman,ODI,27,828,1116,24,614,80,1,34.5,74.19,55.02,7.26,4,1,3,107,1,31.5
H Carlyon,T20I,41,827,651,40,275,80,32,20.68,127.04,42.24,17.2,1,4,4,110,3,42.1
SHT Kandamby,ODI,32,827,1175,26,622,68,0,31.81,70.38,52.94,5.79,0,5,5,93,2,29.2
Mohammad Nadeem,ODI,34,827,1298,19,767,61,9,43.53,63.71,59.09,5.39,0,6,6,76,2,31.6
AL Phehlukwayo,ODI,52,827,969,37,556,74,32,22.35,85.35,57.38,10.94,0,2,8,69,4,30.6
JL Denly,Test,15,827,2086,28,1704,110,4,29.54,39.65,81.69,5.47,0,6,5,94,0,21.5
PJ Hughes,ODI,24,826,1100,23,639,91,5,35.91,75.09,58.09,8.73,2,4,2,138,1,32.7
SO Hetmyer,Test,15,825,1117,29,748,84,27,28.45,73.86,66.97,9.94,0,5,4,93,0,29.2
C Roberts,T20I,32,824,758,23,229,67,6,35.83,108.71,30.21,9.63,0,3,8,72,1,41.9
CR Brathwaite,CPL,66,824,630,50,253,51,51,16.48,130.79,40.16,16.19,0,2,4,64,6,40.6
AV Lazarus,T20I,39,824,708,32,276,66,31,25.75,116.38,38.98,13.7,0,5,5,95,1,40.6
V Aravind,T20I,34,821,715,31,303,80,21,26.48,114.83,42.38,14.13,0,4,4,97,2,40.5
JA Rudolph,ODI,25,820,1203,19,695,81,1,43.16,68.16,57.77,6.82,0,6,6,71,0,33.2
Agha Salman,T20I,45,819,666,38,252,76,26,21.55,122.97,37.84,15.32,0,5,7,76,4,41.2
CA Ingram,PSL,35,819,558,27,184,69,40,30.33,146.77,32.97,19.53,1,3,5,127,2,51.3
Ahmed Hassan,T20I,39,819,716,34,342,55,46,24.09,114.39,47.77,14.11,0,2,9,59,2,38.7
Sarfraz Ahmed,T20I,40,818,653,30,215,79,16,27.27,125.27,32.92,14.55,0,3,7,89,2,43.8
GM Harris,WPL,30,818,547,27,219,112,28,30.3,149.54,40.04,25.59,0,5,6,85,0,54.7
Khurram Manzoor,Test,16,817,1827,29,1428,101,1,28.17,44.72,78.16,5.58,1,7,1,146,3,21.7
JN Loftie-Eaton,T20I,49,816,595,42,225,80,33,19.43,137.14,37.82,18.99,1,1,6,101,3,44.8
KH Prajapati,T20I,43,816,756,38,349,80,26,21.47,107.94,46.16,14.02,0,6,4,74,5,37.0
SM Curran,Test,23,815,1271,33,893,96,21,24.7,64.12,70.26,9.21,0,3,7,78,7,25.5
Shadab Khan,ODI,41,814,995,29,511,46,20,28.07,81.81,51.36,6.63,0,5,5,86,3,30.2
RM Ghosh,WPL,32,814,539,24,206,88,41,33.92,151.02,38.22,23.93,0,5,6,90,0,55.4
MR Adair,T20I,63,814,628,50,238,55,39,16.28,129.62,37.9,14.97,0,1,6,72,4,39.9
AR McBrine,ODI,47,812,1068,34,630,82,14,23.88,76.03,58.99,8.99,0,2,8,79,2,28.3
JN Mohammed,CPL,42,811,774,31,327,54,28,26.16,104.78,42.25,10.59,0,3,8,66,4,36.6
SS Iyer,Test,13,811,1287,22,887,94,16,36.86,63.01,68.92,8.55,1,5,2,105,2,29.6
A Gardner,WPL,34,811,572,32,199,83,34,25.34,141.78,34.79,20.45,0,7,5,79,5,49.1
MA Wood,Test,38,811,1143,52,815,110,20,15.6,70.95,71.3,11.37,0,1,8,52,11,24.5
V Ravindran,T20I,30,810,548,29,230,95,35,27.93,147.81,41.97,23.72,0,5,7,77,2,52.0
YK Pathan,ODI,41,810,713,30,335,62,43,27.0,113.6,46.98,14.73,2,3,5,123,7,40.2
N Nipiko,T20I,36,809,740,29,301,53,29,27.9,109.32,40.68,11.08,0,5,7,74,2,38.4
Sohail Akhtar,PSL,41,808,656,33,277,79,32,24.48,123.17,42.23,16.92,0,3,6,75,2,42.7
R Mazumder,T20I,36,805,738,30,320,91,11,26.83,109.08,43.36,13.82,0,5,5,80,1,39.4
AS Joseph,Test,41,804,1401,65,1077,84,31,12.37,57.39,76.87,8.21,0,2,4,86,13,19.3
NE Bonner,Test,15,803,2342,21,1878,87,3,38.24,34.29,80.19,3.84,2,3,7,123,4,22.9
Kushal Malla,ODI,34,801,891,32,535,65,46,25.03,89.9,60.04,12.46,1,4,6,108,0,32.8
Mohammad Ihsan,T20I,26,801,459,22,174,67,56,36.41,174.51,37.91,26.8,2,1,5,160,1,61.5
MNM Aslam,T20I,47,801,700,40,259,73,18,20.02,114.43,37.0,13.0,0,3,7,55,3,38.0
Soumya Sarkar,Test,15,799,1317,28,963,107,9,28.54,60.67,73.12,8.81,1,4,6,149,2,26.2
MF Maharoof,ODI,61,799,970,50,496,60,17,15.98,82.37,51.13,7.94,0,1,3,58,3,26.6
SM Warnapura,Test,13,799,1362,21,952,96,2,38.05,58.66,69.9,7.2,2,7,2,120,5,28.4
MS Bisla,IPL,39,798,702,38,339,93,23,21.0,113.68,48.29,16.52,0,4,2,92,3,39.0
AC Voges,ODI,27,798,934,18,417,57,7,44.33,85.44,44.65,6.85,1,3,6,112,0,37.9
T Banton,T20I,36,797,530,30,179,72,36,26.57,150.38,33.77,20.38,0,5,7,73,1,50.8
IO Okpe,T20I,70,796,738,59,302,34,31,13.49,107.86,40.92,8.81,0,2,3,65,6,31.3
Shakib Al Hasan,IPL,52,793,637,40,212,73,21,19.82,124.49,33.28,14.76,0,2,4,66,4,41.0
AC Agar,BBL,67,792,675,47,240,42,33,16.85,117.33,35.56,11.11,0,2,5,68,7,36.1
SW Billings,PSL,37,790,548,30,173,70,33,26.33,144.16,31.57,18.8,0,5,6,78,4,49.1
CL Cairns,ODI,30,790,874,24,458,59,28,32.92,90.39,52.4,9.95,0,4,7,84,1,35.2
Yasir Ali,T20I,37,788,773,30,328,63,19,26.27,101.94,42.43,10.61,0,3,6,80,2,36.2
Shaheryar Butt,T20I,36,788,623,29,275,67,41,27.17,126.48,44.14,17.34,0,3,6,91,2,44.2
Khizer Ahmed,T20I,43,788,664,38,291,79,22,20.74,118.67,43.83,15.21,0,2,7,64,4,39.3
BJ McMullen,T20I,29,787,547,25,189,63,39,31.48,143.88,34.55,18.65,0,7,3,96,2,50.5
Nithish Kumar Reddy,IPL,35,787,541,27,172,50,46,29.15,145.47,31.79,17.74,0,3,8,76,1,49.6
Sharjeel Khan,ODI,24,787,679,24,363,102,27,32.79,115.91,53.46,19.0,1,6,1,152,2,44.6
DM de Silva,T20I,44,786,695,41,248,68,15,19.17,113.09,35.68,11.94,0,2,7,62,2,36.9
C Connolly,BBL,34,786,572,26,215,50,42,30.23,137.41,37.59,16.08,0,4,8,77,4,46.9
JG Bethell,T20I,32,786,521,26,182,63,45,30.23,150.86,34.93,20.73,1,4,4,105,1,52.3
MA Butcher,Test,11,785,1623,19,1255,112,0,41.32,48.37,77.33,6.9,2,4,4,124,1,28.0
N Wadhera,IPL,37,784,560,33,209,64,43,23.76,140.0,37.32,19.11,0,4,6,70,2,46.9
A Athanaze,Test,17,781,1492,33,1101,91,4,23.67,52.35,73.79,6.37,0,4,7,92,2,21.6
RB Patel,T20I,36,781,756,28,322,92,8,27.89,103.31,42.59,13.23,0,4,8,68,3,38.7
KK Jennings,Test,17,781,1838,31,1401,88,0,25.19,42.49,76.22,4.79,2,1,5,146,4,19.7
DR Flynn,Test,21,781,2006,35,1620,104,1,22.31,38.93,80.76,5.23,0,4,7,67,8,18.4
BL Mooney,WPL,27,780,601,22,204,103,7,35.45,129.78,33.94,18.3,0,7,3,96,2,49.8
G Malla,T20I,34,780,640,33,265,63,34,23.64,121.88,41.41,15.16,1,2,6,107,1,41.2
G Kirsten,Test,9,779,1676,15,1274,105,2,51.93,46.48,76.01,6.38,2,6,2,130,0,31.4
I Sharma,Test,89,778,2555,94,2128,87,1,8.28,30.45,83.29,3.44,0,1,2,57,33,10.8
T de Zorzi,ODI,19,777,782,17,403,80,22,45.71,99.36,51.53,13.04,1,4,5,119,0,43.4
NRD Compton,Test,16,775,2150,27,1739,84,3,28.7,36.05,80.88,4.05,2,2,5,117,3,19.6
M Shahrukh Khan,IPL,53,775,524,38,184,49,52,20.39,147.9,35.11,19.27,0,2,4,58,3,47.2
Faheem Nazir,T20I,22,775,529,19,197,91,23,40.79,146.5,37.24,21.55,2,4,4,113,1,55.9
Mohammad Nawaz,T20I,55,774,557,42,213,62,41,18.43,138.96,38.24,18.49,0,0,7,45,7,44.2
SA Yadav,ODI,35,773,736,30,341,80,19,25.77,105.03,46.33,13.45,0,4,8,72,3,37.8
KR Mayers,T20I,39,773,575,37,282,69,51,20.89,134.43,49.04,20.87,0,3,9,73,1,44.6
Misbah-ul-Haq,T20I,33,771,698,20,251,45,26,38.55,110.46,35.96,10.17,0,3,6,87,2,42.6
Sarfaraz Ali,T20I,42,771,550,39,283,66,57,19.77,140.18,51.45,22.36,0,4,6,69,4,45.6
JI Rodrigues,WPL,34,771,549,26,161,92,13,29.65,140.44,29.33,19.13,0,5,8,69,3,50.3
CA Lynn,CPL,36,771,591,34,250,57,46,22.68,130.46,42.3,17.43,0,4,5,86,2,43.4
AGS Gous,T20I,26,770,539,25,200,67,42,30.8,142.86,37.11,20.22,0,6,5,81,1,50.7
Abishek Porel,IPL,33,769,529,30,177,80,28,25.63,145.37,33.46,20.42,0,4,10,65,2,49.8
N Vanua,ODI,49,769,957,45,583,39,45,17.09,80.36,60.92,8.78,0,2,7,60,8,25.9
SK Raina,Test,18,768,1445,29,1049,100,4,26.48,53.15,72.6,7.2,1,7,2,120,8,23.3
Sohaib Maqsood,ODI,27,768,910,25,480,59,19,30.72,84.4,52.75,8.57,0,5,5,89,1,32.6
ST Jayasuriya,IPL,30,768,532,28,251,84,39,27.43,144.36,47.18,23.12,1,4,5,114,2,50.2
RR Rossouw,T20I,27,767,480,22,159,69,39,34.86,159.79,33.12,22.5,2,3,4,109,5,56.7
TF Rogers,BBL,42,767,631,39,253,85,17,19.67,121.55,40.1,16.16,0,2,8,53,2,40.5
YSD Seneveratne,T20I,29,766,648,22,297,60,36,34.82,118.21,45.83,14.81,1,3,7,150,1,44.0
MW Harvey,BBL,47,765,659,41,268,70,18,18.66,116.08,40.67,13.35,0,2,8,71,5,37.4
Shayan Jahangir,ODI,32,765,849,27,444,81,14,28.33,90.11,52.3,11.19,1,3,5,100,2,34.3
T Manders,T20I,25,763,568,21,240,73,33,36.33,134.33,42.25,18.66,0,7,3,84,2,49.8
E Chigumbura,T20I,46,762,532,37,196,53,46,20.59,143.23,36.84,18.61,0,3,6,54,5,45.9
CA Ingram,ODI,28,761,917,25,494,75,9,30.44,82.99,53.87,9.16,3,2,1,124,5,32.5
RP Burl,ODI,33,761,905,29,496,60,22,26.24,84.09,54.81,9.06,0,5,7,83,1,30.9
AG Prince,ODI,33,761,1115,25,606,50,4,30.44,68.25,54.35,4.84,0,2,6,78,3,27.5
R Ravindra,T20I,45,759,560,36,185,60,32,21.08,135.54,33.04,16.43,0,4,5,69,2,44.1
T Stubbs,Test,14,759,1632,24,1183,62,12,31.62,46.51,72.49,4.53,2,3,3,122,2,22.5
TA Boult,Test,65,759,1265,48,967,82,30,15.81,60.0,76.44,8.85,0,1,4,52,13,21.3
T Chanderpaul,Test,15,758,2013,27,1601,72,6,28.07,37.66,79.53,3.87,1,2,6,207,2,19.5
Sami Aslam,Test,13,758,1938,24,1515,78,4,31.58,39.11,78.17,4.23,0,7,2,91,0,21.2
T Bharaj,T20I,36,756,635,31,253,65,18,24.39,119.06,39.84,13.07,0,5,7,63,1,39.8
Mohammad Nadeem,T20I,45,756,729,33,272,45,20,22.91,103.7,37.31,8.92,0,3,5,77,1,34.7
Aaron Jones,T20I,42,756,663,32,265,39,39,23.62,114.03,39.97,11.76,0,2,9,94,1,38.0
DJ Hussey,T20I,36,756,623,33,223,41,34,22.91,121.35,35.79,12.04,0,3,7,88,4,39.5
MG Bevan,ODI,25,755,1141,17,655,49,6,44.41,66.17,57.41,4.82,0,6,7,74,1,32.0
HD Rutherford,Test,16,755,1338,28,997,98,9,26.96,56.43,74.51,8.0,1,1,8,171,2,24.4
Azam Khan,CPL,37,754,561,35,242,57,50,21.54,134.4,43.14,19.07,0,5,3,64,2,44.4
S Singh,T20I,51,754,717,42,337,83,10,17.95,105.16,47.0,12.97,0,2,8,57,6,34.4
G Malla,ODI,33,753,1118,32,734,78,15,23.53,67.35,65.65,8.32,0,5,5,75,3,25.5
Sompal Kami,ODI,52,753,999,37,584,55,16,20.35,75.38,58.46,7.11,0,2,4,67,1,25.6
Sikandar Raza,PSL,42,753,497,29,172,66,38,25.97,151.51,34.61,20.93,0,3,3,71,2,50.9
Kamran Ghulam,PSL,34,752,594,30,211,66,28,25.07,126.6,35.52,15.82,0,3,9,55,2,43.6
Mohammad Amir,Test,36,751,1980,56,1618,91,3,13.41,37.93,81.72,4.75,0,0,3,48,7,14.6
Mohammad Hafeez,CPL,39,751,736,35,325,60,22,21.46,102.04,44.16,11.14,0,2,8,70,1,34.5
Saim Ayub,ODI,17,751,751,16,412,88,21,46.94,100.0,54.86,14.51,3,3,4,113,1,44.5
Mohammed Shami,Test,56,750,1005,62,685,83,25,12.1,74.63,68.16,10.75,0,2,3,56,18,23.5
W Barresi,T20I,37,750,644,30,247,65,21,25.0,116.46,38.35,13.35,0,4,5,75,3,40.1
W Sutherland,BBL,61,750,569,42,199,41,35,17.86,131.81,34.97,13.36,0,2,6,70,3,40.0
L Siaka,ODI,40,749,993,40,596,72,10,18.73,75.43,60.02,8.26,0,2,9,90,5,25.6
ZE Green,T20I,56,749,659,42,252,68,15,17.83,113.66,38.24,12.59,0,2,3,54,4,36.5
RJ Quiney,BBL,32,748,555,29,220,68,31,25.79,134.77,39.64,17.84,0,4,7,97,4,45.7
JO Adedeji,T20I,43,748,866,36,455,60,16,20.78,86.37,52.54,8.78,0,3,4,68,3,29.3
CG Williams,T20I,31,746,676,27,285,62,21,27.63,110.36,42.16,12.28,0,5,5,81,3,39.0
SN Khan,IPL,43,746,543,33,189,86,20,22.61,137.38,34.81,19.52,0,2,9,67,4,46.7
AR Ramjani,T20I,40,745,564,31,200,61,26,24.03,132.09,35.46,15.43,0,5,5,78,2,43.7
DJ Hussey,BBL,36,744,566,27,168,61,19,27.56,131.45,29.68,14.13,0,2,5,52,1,44.9
SM Curran,T20I,51,744,573,35,182,45,32,21.26,129.84,31.76,13.44,0,2,4,58,0,41.5
KJ Stagno,T20I,28,744,436,27,168,49,61,27.56,170.64,38.53,25.23,1,4,4,101,2,56.5
IK Pathan,Test,16,744,1284,19,920,89,11,39.16,57.94,71.65,7.79,1,4,4,102,1,29.0
C de Grandhomme,ODI,35,742,699,28,328,59,29,26.5,106.15,46.92,12.59,0,4,7,74,2,37.5
PWH de Silva,T20I,76,742,618,60,230,71,14,12.37,120.06,37.22,13.75,0,1,3,71,8,36.3
SJ Myburgh,T20I,37,741,637,36,309,87,23,20.58,116.33,48.51,17.27,0,4,6,71,7,39.6
Chirag Suri,T20I,28,740,636,26,269,77,17,28.46,116.35,42.3,14.78,0,6,3,88,2,41.8
Abbas Ghani,T20I,28,739,483,28,190,77,36,26.39,153.0,39.34,23.4,0,7,3,90,4,52.2
GC Smith,IPL,29,739,668,26,295,94,9,28.42,110.63,44.16,15.42,0,4,5,91,3,41.1
AR Patel,T20I,63,738,569,44,188,50,29,16.77,129.7,33.04,13.88,0,1,3,65,4,39.9
NR Kirton,T20I,36,737,602,31,224,48,28,23.77,122.43,37.21,12.62,0,2,8,69,0,40.1
CO Obuya,ODI,32,737,1026,29,600,58,15,25.41,71.83,58.48,7.12,0,3,7,98,2,27.0
SR Mukkamalla,T20I,21,737,494,18,176,72,31,40.94,149.19,35.63,20.85,1,6,1,100,0,56.0
HH Streak,ODI,27,736,1079,16,643,58,9,46.0,68.21,59.59,6.21,0,6,5,72,2,33.5
A Mundra,T20I,29,734,466,26,186,81,35,28.23,157.51,39.91,24.89,0,5,4,76,1,54.5
JJ Huo,T20I,27,734,507,21,219,83,31,34.95,144.77,43.2,22.49,2,2,3,126,2,53.1
Bilal Tahir,T20I,49,732,517,34,197,45,50,21.53,141.59,38.1,18.38,0,1,8,61,4,45.6
H Thaker,T20I,39,732,600,31,198,39,33,23.61,122.0,33.0,12.0,0,2,8,53,0,40.2
KC Sangakkara,CPL,25,730,558,21,195,73,20,34.76,130.82,34.95,16.67,0,7,2,74,2,48.4
SF Mire,ODI,35,729,918,35,539,68,16,20.83,79.41,58.71,9.15,1,2,6,112,3,27.6
DA Miller,CPL,29,728,468,17,139,54,42,42.82,155.56,29.7,20.51,0,4,6,72,0,58.2
Junaid Aziz,T20I,47,727,680,34,303,47,35,21.38,106.91,44.56,12.06,0,1,6,52,1,35.6
R Nehonde,T20I,42,726,762,35,352,57,13,20.74,95.28,46.19,9.19,0,3,5,63,2,31.6
KU Carty,CPL,33,726,620,29,236,49,27,25.03,117.1,38.06,12.26,0,4,7,83,3,39.5
Azyan Farhath,T20I,32,726,866,25,408,53,11,29.04,83.83,47.11,7.39,0,5,4,66,0,31.8
Wahab Riaz,ODI,65,725,840,51,476,54,29,14.22,86.31,56.67,9.88,0,3,5,54,12,26.9
JL Carter,CPL,46,725,680,39,315,49,31,18.59,106.62,46.32,11.76,0,2,6,51,4,34.1
AD Mathews,IPL,42,724,575,31,183,44,29,23.35,125.91,31.83,12.7,0,1,7,65,3,41.2
Shaiman Anwar,T20I,26,723,563,23,229,58,33,31.43,128.42,40.67,16.16,1,3,7,117,1,45.7
PJ Moor,Test,14,722,1531,27,1171,81,7,26.74,47.16,76.49,5.75,0,6,4,83,3,21.5
MEK Hussey,T20I,30,721,529,19,164,58,25,37.95,136.29,31.0,15.69,0,4,5,60,1,50.3
N Hussain,Test,10,721,1686,18,1342,92,2,40.06,42.76,79.6,5.58,1,5,3,116,1,25.8
Jaspal Singh,T20I,43,721,629,33,299,54,36,21.85,114.63,47.54,14.31,0,4,5,68,2,37.9
WTS Porterfield,T20I,41,720,694,35,333,77,14,20.57,103.75,47.98,13.11,0,3,7,72,4,35.1
Saber Zakhil,T20I,33,719,448,29,189,41,61,24.79,160.49,42.19,22.77,0,2,9,65,3,51.8
PA Raikes,T20I,25,718,536,23,213,64,32,31.22,133.96,39.74,17.91,0,5,6,74,0,47.7
Hassan Nawaz,PSL,23,718,491,19,164,47,42,37.79,146.23,33.4,18.13,1,5,5,100,2,52.9
NJ Reardon,BBL,35,717,576,30,214,45,32,23.9,124.48,37.15,13.37,0,1,12,52,1,40.9
SA Ahmad,T20I,37,717,636,32,265,65,18,22.41,112.74,41.67,13.05,0,4,4,66,1,37.9
TG Southee,ODI,92,715,750,60,389,56,25,11.92,95.33,51.87,10.8,0,1,1,55,12,28.6
GO Jones,Test,20,715,1491,32,1121,94,2,22.34,47.95,75.18,6.44,0,4,6,85,2,20.4
Basil Hameed,T20I,46,715,553,30,195,36,38,23.83,129.29,35.26,13.38,0,2,8,51,2,41.8
GO Jones,ODI,34,715,876,28,470,63,14,25.54,81.62,53.65,8.79,0,4,5,80,1,30.2
Karan KC,ODI,53,714,793,42,449,48,37,17.0,90.04,56.62,10.72,0,1,3,65,5,29.0
JG Bethell,ODI,22,712,786,21,408,69,18,33.9,90.59,51.91,11.07,1,6,1,110,1,36.3
Aritra Dutta,T20I,37,712,551,36,259,71,35,19.78,129.22,47.01,19.24,1,2,7,122,2,42.5
RS Bopara,T20I,35,711,599,25,209,54,17,28.44,118.7,34.89,11.85,0,3,8,65,0,41.1
Mohammad Mithun,ODI,28,711,912,24,508,61,16,29.62,77.96,55.7,8.44,0,6,4,73,2,30.7
DG Brownlie,Test,14,711,1587,24,1277,96,3,29.62,44.8,80.47,6.24,1,4,3,109,3,22.6
MP Breetzke,ODI,13,710,735,12,330,60,17,59.17,96.6,44.9,10.48,1,6,1,150,0,47.2
Naman Dhir,IPL,33,710,433,26,132,68,36,27.31,163.97,30.48,24.02,0,3,6,62,5,55.7
MK Pandey,T20I,32,709,562,16,158,49,19,44.31,126.16,28.11,12.1,0,3,7,79,2,49.3
JDS Neesham,Test,12,709,1069,21,740,88,11,33.76,66.32,69.22,9.26,2,4,1,137,2,29.2
RS Bopara,PSL,35,708,625,26,217,58,14,27.23,113.28,34.72,11.52,0,4,8,71,1,39.7
Faisal Iqbal,Test,15,707,1490,25,1140,83,4,28.28,47.45,76.51,5.84,1,4,3,139,3,22.1
SR Bhudia,T20I,41,707,575,33,214,60,23,21.42,122.96,37.22,14.43,0,3,5,77,3,40.5
LJ Wright,ODI,39,707,820,35,444,63,18,20.2,86.22,54.15,9.88,0,2,9,52,5,29.5
R Ashwin,ODI,61,707,813,43,374,60,7,16.44,86.96,46.0,8.24,0,1,5,65,6,28.2
D Bishoo,Test,35,707,1903,46,1514,70,4,15.37,37.15,79.56,3.89,0,0,4,45,10,14.6
D Myers,T20I,37,706,572,34,215,64,20,20.76,123.43,37.59,14.69,0,3,3,96,3,40.4
JA Morkel,ODI,39,705,708,31,347,64,22,22.74,99.58,49.01,12.15,0,2,6,97,1,34.5
SO Tikolo,ODI,38,705,1069,35,677,75,6,20.14,65.95,63.33,7.58,0,4,4,89,5,23.8
KD Petersen,Test,14,704,1477,25,1135,86,0,28.16,47.66,76.84,5.82,0,4,4,82,0,22.1
Yasir Khan,PSL,28,702,494,28,198,75,31,25.07,142.11,40.08,21.46,0,4,5,87,0,48.8
A Dizija,T20I,33,702,632,32,311,66,26,21.94,111.08,49.21,14.56,0,5,1,92,3,37.4
ARS Silva,Test,12,702,1712,20,1291,59,3,35.1,41.0,75.41,3.62,1,5,3,109,2,22.3
KS Leverock,T20I,25,701,461,21,182,61,41,33.38,152.06,39.48,22.13,1,3,4,103,4,53.8
JE Taylor,Test,39,701,1127,58,845,92,16,12.09,62.2,74.98,9.58,0,1,3,53,12,20.6
MG Neser,BBL,69,701,533,46,199,58,24,15.24,131.52,37.34,15.38,0,1,7,64,8,40.0
DR Smith,PSL,25,701,611,21,281,67,31,33.38,114.73,45.99,16.04,0,5,4,73,1,43.6
SR Waugh,Test,8,700,1127,10,799,101,2,70.0,62.11,70.9,9.14,2,5,3,102,1,42.0
EJG Morgan,Test,16,700,1278,23,903,77,6,30.43,54.77,70.66,6.49,2,3,3,130,4,24.4
Shahadat Hossain,Test,39,697,1549,61,1223,91,7,11.43,45.0,78.95,6.33,0,0,4,40,10,15.8
Manan Ali,T20I,35,697,478,28,170,33,51,24.89,145.82,35.56,17.57,0,0,10,49,3,47.3
MJ Owen,BBL,31,697,373,27,142,59,50,25.81,186.86,38.07,29.22,2,0,8,108,2,59.8
CJ Anderson,T20I,34,697,553,28,202,40,35,24.89,126.04,36.53,13.56,0,3,4,94,3,41.7
J Edwards,BBL,49,696,579,45,224,72,13,15.47,120.21,38.69,14.68,0,0,8,47,6,37.8
Nikhil Chaudhary,BBL,27,693,488,26,148,58,27,26.65,142.01,30.33,17.42,0,2,8,79,1,48.0
BKG Mendis,PSL,16,693,412,14,103,70,27,49.5,168.2,25.0,23.54,1,4,5,109,0,65.1
NR Kirton,ODI,28,693,911,24,493,48,16,28.88,76.07,54.12,7.03,0,6,4,73,1,29.4
PA Patel,ODI,29,693,870,26,503,75,7,26.65,79.66,57.82,9.43,0,4,4,95,1,30.1
NJ Astle,Test,15,693,1369,24,1024,95,0,28.88,50.62,74.8,6.94,1,4,3,128,1,23.5
Aamir Kaleem,T20I,44,693,605,38,256,70,18,18.24,114.55,42.31,14.55,0,3,4,72,7,37.4
Anjar Tadarus,T20I,69,693,802,56,425,68,14,12.38,86.41,52.99,10.22,0,1,4,59,9,26.9
Jaker Ali,T20I,38,692,555,27,205,36,39,25.63,124.68,36.94,13.51,0,3,4,72,1,41.7
Mosaddek Hossain,ODI,36,691,784,26,398,62,15,26.58,88.14,50.77,9.82,0,5,2,86,1,32.5
MD Gunathilaka,T20I,43,691,578,43,256,73,19,16.07,119.55,44.29,15.92,0,3,5,57,4,38.0
SW Billings,ODI,22,690,757,20,378,73,8,34.5,91.15,49.93,10.7,1,5,4,118,1,36.6
P Khadka,T20I,28,690,526,26,219,74,25,26.54,131.18,41.63,18.82,1,3,4,106,3,45.8
PHKD Mendis,T20I,41,689,553,39,220,54,30,17.67,124.59,39.78,15.19,0,3,5,51,3,39.4
AR Patel,Test,15,688,1297,20,963,73,20,34.4,53.05,74.25,7.17,0,4,5,84,1,26.1
Faheem Ashraf,Test,16,687,1268,26,960,100,3,26.42,54.18,75.71,8.12,0,4,4,91,4,23.9
DS Lehmann,ODI,20,687,854,17,426,56,5,40.41,80.44,49.88,7.14,1,6,5,107,1,35.0
Musaddiq Ahmed,T20I,24,687,407,20,173,74,43,34.35,168.8,42.51,28.75,2,1,5,122,2,60.5
KD Karthik,T20I,47,686,481,26,179,71,28,26.38,142.62,37.21,20.58,0,1,9,55,3,49.1
WG Jacks,T20I,39,684,463,31,167,60,34,22.06,147.73,36.07,20.3,0,1,7,53,1,48.2
HH Dippenaar,Test,16,684,1588,25,1214,84,3,27.36,43.07,76.45,5.48,0,4,6,71,3,20.9
KD Shah,T20I,43,684,641,36,259,52,16,19.0,106.71,40.41,10.61,0,3,6,79,8,34.3
CJ Anderson,Test,13,683,1201,21,917,94,14,32.52,56.87,76.35,8.99,1,4,5,116,3,27.1
A Mansale,T20I,32,681,596,29,241,44,25,23.48,114.26,40.44,11.58,0,4,5,82,5,37.6
R Chopra,ODI,21,681,838,18,456,58,15,37.83,81.26,54.42,8.71,3,2,3,127,3,34.5
RD Rickelton,T20I,28,680,465,25,170,52,38,27.2,146.24,36.56,19.35,0,3,6,77,2,49.2
L Tucker,Test,9,680,1094,17,758,89,5,40.0,62.16,69.29,8.59,1,5,5,108,2,30.5
Abdullah Shafique,ODI,26,679,869,24,511,62,17,28.29,78.14,58.8,9.09,1,5,4,113,5,30.1
WG Jacks,ODI,23,679,666,21,320,61,20,32.33,101.95,48.05,12.16,0,4,5,94,2,38.5
T Kohler-Cadmore,PSL,34,678,505,32,194,53,36,21.19,134.26,38.42,17.62,0,5,4,92,4,43.9
Javed Omar,Test,17,678,1407,33,1089,101,1,20.55,48.19,77.4,7.25,0,4,5,71,2,20.2
A Sharma,ODI,28,678,877,28,541,79,13,24.21,77.31,61.69,10.49,1,4,5,105,5,29.0
AA Obanda,T20I,37,678,567,34,284,83,23,19.94,119.58,50.09,18.69,1,1,4,103,4,40.4
M Kasselman,T20I,30,677,522,25,232,62,32,27.08,129.69,44.44,18.01,1,5,1,102,4,44.8
DJ Bravo,BBL,38,677,504,29,173,36,36,23.34,134.33,34.33,14.29,0,2,5,59,3,43.0
B Arora,T20I,39,676,704,30,346,63,17,22.53,96.02,49.15,11.36,0,3,6,66,2,33.4
MJ Henry,Test,31,676,895,43,641,91,21,15.72,75.53,71.62,12.51,0,4,1,72,11,25.7
TL Suman,IPL,39,676,575,32,241,55,26,21.12,117.57,41.91,14.09,0,2,4,78,3,38.7
L Yamamoto-Lake,T20I,38,675,527,35,237,68,25,19.29,128.08,44.97,17.65,1,2,6,134,7,41.4
CK Kapugedera,T20I,36,675,571,30,229,56,24,22.5,118.21,40.11,14.01,0,1,9,50,0,39.5
SJ Baard,T20I,27,675,598,24,248,57,18,28.12,112.88,41.47,12.54,0,5,2,92,1,39.7
C Chatphaisan,T20I,54,674,661,51,334,61,21,13.22,101.97,50.53,12.41,0,2,6,70,14,31.2
D Norotam,T20I,24,673,483,24,191,69,23,28.04,139.34,39.54,19.05,0,4,5,84,2,47.9
NR Kumar,T20I,31,673,533,27,192,48,25,24.93,126.27,36.02,13.7,0,4,4,83,2,41.9
DJG Sammy,PSL,38,673,462,27,175,47,42,24.93,145.67,37.88,19.26,0,0,10,48,2,48.0
AM Nayar,IPL,50,672,577,38,223,55,20,17.68,116.46,38.65,13.0,0,0,6,45,3,37.0
MEK Hussey,BBL,23,671,511,20,164,52,20,33.55,131.31,32.09,14.09,0,6,2,96,1,46.6
PD Salt,BBL,30,671,458,29,157,74,21,23.14,146.51,34.28,20.74,0,6,2,67,2,49.0
M Deyal,CPL,37,670,507,35,224,66,32,19.14,132.15,44.18,19.33,0,2,7,78,4,43.1
T Bavuma,T20I,35,670,567,31,218,62,16,21.61,118.17,38.45,13.76,0,1,11,72,6,39.2
TT Samaraweera,ODI,30,669,890,20,464,63,0,33.45,75.17,52.13,7.08,2,0,6,105,3,31.3
Imal Zuwak,T20I,39,667,648,37,283,58,15,18.03,102.93,43.67,11.27,0,3,6,70,4,33.3
Hamza Dar,T20I,29,666,447,19,156,42,39,35.05,148.99,34.9,18.12,0,4,6,91,2,51.9
TB Robinson,T20I,27,665,484,24,182,58,26,27.71,137.4,37.6,17.36,1,2,5,106,2,46.7
TH David,CPL,31,665,466,25,170,39,47,26.6,142.7,36.48,18.45,0,1,8,56,3,47.9
Hammad Mirza,ODI,20,665,923,18,542,65,8,36.94,72.05,58.72,7.91,1,4,3,112,0,31.7
GJ Bailey,IPL,36,663,544,27,198,59,19,24.56,121.88,36.4,14.34,0,2,6,61,1,41.5
CJ Ferguson,ODI,25,663,777,16,360,64,0,41.44,85.33,46.33,8.24,0,5,4,71,0,37.3
I Takahashi,T20I,46,662,498,38,204,48,36,17.42,132.93,40.96,16.87,0,1,5,54,4,41.4
Mohammad Nabi,BBL,36,661,529,29,199,45,26,22.79,124.95,37.62,13.42,0,3,5,71,2,40.5
HJH Marshall,ODI,36,661,964,32,521,44,1,20.66,68.57,54.05,4.67,0,6,2,74,2,23.7
LJ Wright,T20I,43,660,499,40,195,60,25,16.5,132.26,39.08,17.03,0,3,6,76,9,41.3
C Rububagumya,T20I,61,660,791,49,389,41,10,13.47,83.44,49.18,6.45,0,0,7,40,8,24.9
KR Mayers,ODI,26,660,775,26,482,75,21,25.38,85.16,62.19,12.39,2,2,5,120,3,31.7
L Wolvaardt,WPL,23,659,506,20,177,80,15,32.95,130.24,34.98,18.77,0,4,5,77,2,48.9
SM Curran,ODI,32,658,735,29,351,46,22,22.69,89.52,47.76,9.25,0,2,6,95,2,31.3
PBB Rajapaksa,T20I,37,657,513,30,205,52,29,21.9,128.07,39.96,15.79,0,3,4,77,3,41.8
AB Barath,Test,15,657,1388,28,1096,94,5,23.46,47.33,78.96,7.13,1,4,3,104,2,21.1
TG McIntosh,Test,15,657,1868,28,1495,69,7,23.46,35.17,80.03,4.07,1,4,3,102,5,17.4
T Taibu,Test,12,657,1665,23,1337,76,5,28.57,39.46,80.3,4.86,0,6,2,76,0,20.4
DJ Willey,ODI,45,656,689,26,357,56,24,25.23,95.21,51.81,11.61,0,2,4,51,1,34.0
R Chopra,T20I,33,655,577,27,228,47,24,24.26,113.52,39.51,12.31,0,4,5,80,2,38.4
T Nightingale,T20I,35,654,502,32,197,60,26,20.44,130.28,39.24,17.13,0,3,6,75,4,42.6
E Lewis,IPL,26,654,477,24,212,62,36,27.25,137.11,44.44,20.55,0,4,6,65,2,47.6
MT Renshaw,Test,15,653,1534,23,1203,79,3,28.39,42.57,78.42,5.35,1,3,4,184,1,21.1
CA Soper,ODI,47,653,1167,35,713,30,7,18.66,55.96,61.1,3.17,0,0,4,46,2,19.1
YBK Jaiswal,T20I,20,651,400,18,160,77,32,36.17,162.75,40.0,27.25,1,4,4,100,2,59.6
H Deol,WPL,28,649,561,23,228,90,5,28.22,115.69,40.64,16.93,0,3,6,70,2,43.1
A Mishra,Test,19,648,1103,30,766,79,3,21.6,58.75,69.45,7.43,0,4,3,84,4,22.3
FH Allen,BBL,21,647,351,21,118,47,48,30.81,184.33,33.62,27.07,1,4,4,101,2,60.8
Aayan Afzal Khan,ODI,38,647,904,29,538,59,14,22.31,71.57,59.51,8.08,0,3,5,94,7,26.2
GB Hogg,ODI,47,647,802,33,360,40,5,19.61,80.67,44.89,5.61,0,2,4,71,7,26.9
CK Coventry,ODI,24,645,720,23,392,48,26,28.04,89.58,54.44,10.28,1,3,3,194,5,33.0
SFM Devine,WPL,27,645,426,25,166,69,33,25.8,151.41,38.97,23.94,0,4,3,99,2,52.1
Abdur Razzak,ODI,79,644,854,52,492,47,17,12.38,75.41,57.61,7.49,0,1,2,53,10,22.8
SM Whiteman,BBL,43,644,557,42,225,59,17,15.33,115.62,40.39,13.64,0,2,5,68,3,36.1
J Rasu,T20I,35,643,609,32,267,43,23,20.09,105.58,43.84,10.84,0,3,3,74,4,34.1
M Labuschagne,BBL,29,643,531,28,167,56,9,22.96,121.09,31.45,12.24,0,2,6,77,2,40.1
PJ Cummins,IPL,51,642,421,33,162,40,44,19.45,152.49,38.48,19.95,0,3,4,66,4,47.2
DJM Short,T20I,23,642,540,21,220,71,15,30.57,118.89,40.74,15.93,0,4,7,76,1,43.7
BJ Dwarshuis,BBL,66,642,454,40,144,43,30,16.05,141.41,31.72,16.08,0,1,4,66,10,42.8
Parvez Hossain Emon,T20I,35,642,499,33,241,51,42,19.45,128.66,48.3,18.64,1,2,5,100,8,41.7
Rohan Mustafa,T20I,41,641,577,38,248,66,14,16.87,111.09,42.98,13.86,0,1,7,54,5,35.8
JEC Franklin,Test,20,639,1738,29,1391,69,3,22.03,36.77,80.03,4.14,1,1,5,122,3,17.1
DB Sharma,WPL,31,638,541,24,204,75,12,26.58,117.93,37.71,16.08,0,4,3,88,1,42.6
C Green,T20I,25,635,418,21,144,49,36,30.24,151.91,34.45,20.33,0,6,5,62,1,52.0
Rashid Khan,IPL,72,635,406,46,158,45,43,13.8,156.4,38.92,21.67,0,1,5,79,16,46.7
Gulsan Jha,T20I,43,634,457,32,180,33,46,19.81,138.73,39.39,17.29,0,1,4,54,1,43.5
M Gogev,T20I,27,634,442,26,199,54,39,24.38,143.44,45.02,21.04,0,5,3,77,4,47.6
RD Gaikwad,T20I,20,633,441,16,150,65,24,39.56,143.54,34.01,20.18,1,4,3,123,1,54.3
Dhruv Jurel,Test,11,632,1083,15,746,61,13,42.13,58.36,68.88,6.83,2,2,4,125,1,29.6
PSP Handscomb,ODI,20,632,649,19,247,47,6,33.26,97.38,38.06,8.17,1,4,4,117,2,37.0
SC Cook,Test,11,632,1402,19,1070,68,0,33.26,45.08,76.32,4.85,3,2,2,117,3,22.9
JH Kallis,T20I,22,632,525,18,194,56,18,35.11,120.38,36.95,14.1,0,5,4,73,0,45.0
Umar Adam,T20I,35,632,463,34,210,51,37,18.59,136.5,45.36,19.01,0,3,6,56,4,43.1
Muhammad Muneeb,T20I,28,632,512,28,231,77,18,22.57,123.44,45.12,18.55,0,4,7,71,8,42.5
Ravinderpal Singh,T20I,33,631,444,27,160,43,36,23.37,142.12,36.04,17.79,1,1,5,101,4,46.2
Arjun Vinod,T20I,30,630,568,25,249,59,15,25.2,110.92,43.84,13.03,0,1,7,67,2,38.2
K Waiswa,T20I,51,630,608,40,299,58,17,15.75,103.62,49.18,12.34,0,1,4,66,5,32.4
D Wiese,PSL,45,629,389,26,124,40,41,24.19,161.7,31.88,20.82,0,0,5,48,4,51.8
RM Dorji,T20I,37,628,585,36,262,45,26,17.44,107.35,44.79,12.14,0,3,3,73,3,34.1
RK Singh,T20I,36,627,433,23,164,54,34,27.26,144.8,37.88,20.32,0,2,8,68,3,49.4
GW Flower,ODI,21,627,942,18,557,54,2,34.83,66.56,59.13,5.94,0,5,4,96,1,28.8
OH Agbomadzie,T20I,34,626,646,28,302,47,14,22.36,96.9,46.75,9.44,1,1,5,107,3,32.4
B Niaz,T20I,31,625,491,26,212,54,31,24.04,127.29,43.18,17.31,0,3,6,72,3,43.0
JM How,Test,14,625,1256,27,972,84,1,23.15,49.76,77.39,6.77,0,3,5,92,3,21.0
M Jansen,Test,21,624,1145,27,853,78,13,23.11,54.5,74.5,7.95,0,4,3,93,4,22.5
PP Chawla,IPL,88,624,563,56,245,56,20,11.14,110.83,43.52,13.5,0,0,0,24,16,33.3
DA Warner,PSL,18,624,412,16,142,78,18,39.0,151.46,34.47,23.3,0,6,4,89,2,57.2
D Kansonkho,T20I,38,622,678,33,325,53,13,18.85,91.74,47.94,9.73,0,1,6,54,2,30.4
AR McBrine,Test,10,622,1129,16,818,78,3,38.88,55.09,72.45,7.17,0,6,1,90,2,27.9
N Deonarine,Test,15,622,1470,24,1145,66,6,25.92,42.31,77.89,4.9,0,5,1,82,3,19.8
M Taylor,T20I,31,621,644,30,355,59,26,20.7,96.43,55.12,13.2,0,5,4,71,4,33.0
MPGT Ketiyage,T20I,29,621,504,27,226,40,38,23.0,123.21,44.84,15.48,0,4,4,70,3,40.6
JN Mohammed,ODI,29,621,908,27,539,51,10,23.0,68.39,59.36,6.72,0,4,3,91,2,25.1
B George,T20I,27,620,484,25,210,41,34,24.8,128.1,43.39,15.5,1,3,3,103,2,42.2
AS Samra,T20I,27,620,457,25,183,53,28,24.8,135.67,40.04,17.72,1,3,3,101,0,45.2
Khawar Ali,ODI,28,620,1054,23,688,55,6,26.96,58.82,65.28,5.79,0,4,6,79,1,23.7
W Boshoff,T20I,30,619,567,23,231,42,19,26.91,109.17,40.74,10.76,0,2,7,56,1,37.5
DJ Malan,PSL,24,619,504,21,186,57,20,29.48,122.82,36.9,15.28,0,5,5,64,2,44.0
CH Morris,IPL,49,618,398,28,119,41,35,22.07,155.28,29.9,19.1,0,2,4,82,9,49.2
DJ Hawoe,T20I,78,618,509,60,218,36,35,10.3,121.41,42.83,13.95,0,0,4,40,13,34.8
SJ Harmison,Test,40,616,1011,46,745,84,9,13.39,60.93,73.69,9.2,0,0,6,49,14,20.5
CH Gayle,BBL,20,616,447,19,201,34,49,32.42,137.81,44.97,18.57,1,4,3,100,2,48.2
TMK Mawoyo,Test,11,615,1660,21,1346,77,0,29.29,37.05,81.08,4.64,1,3,5,163,2,20.1
ST Jayasuriya,T20I,28,615,470,26,221,75,22,23.65,130.85,47.02,20.64,0,4,4,88,4,45.0
A Bagai,ODI,24,614,971,21,582,63,1,29.24,63.23,59.94,6.59,0,5,2,87,1,26.5
JJ Roy,IPL,21,614,443,19,178,75,21,32.32,138.6,40.18,21.67,0,4,6,91,0,51.0
KC Sangakkara,PSL,23,613,485,22,181,64,17,27.86,126.39,37.32,16.7,0,5,3,65,2,44.7
Alok Kapali,ODI,37,613,880,36,511,51,8,17.03,69.66,58.07,6.7,1,1,3,115,4,23.2
AK Mohan,T20I,29,612,602,27,298,41,26,22.67,101.66,49.5,11.13,0,5,1,71,1,33.9
KP Pietersen,PSL,25,611,439,23,142,43,30,26.57,139.18,32.35,16.63,0,4,5,88,4,46.7
Zeeshan Kukikhel,T20I,22,610,416,21,171,69,26,29.05,146.63,41.11,22.84,0,5,3,82,1,51.5
JF Mooney,ODI,32,610,728,24,400,62,7,25.42,83.79,54.95,9.48,0,1,6,96,3,30.6
SA Abbott,BBL,72,610,534,54,214,36,23,11.3,114.23,40.07,11.05,0,0,5,41,5,32.7
Saim Ayub,CPL,17,608,417,13,163,45,38,46.77,145.8,39.09,19.9,1,4,3,102,0,56.4
MS Harris,Test,14,607,1322,24,1020,73,0,25.29,45.92,77.16,5.52,0,3,3,79,0,20.5
AF Giles,Test,18,607,1300,26,987,78,0,23.35,46.69,75.92,6.0,0,2,3,59,2,20.2
GS Dinusha,Test,5,606,1034,7,666,53,8,86.57,58.61,64.41,5.9,3,2,1,133,0,43.8
J Mees,T20I,30,606,507,25,218,53,22,24.24,119.53,43.0,14.79,0,3,4,85,3,40.3
D Brevis,IPL,24,606,415,24,157,38,43,25.25,146.02,37.83,19.52,0,2,9,57,3,48.3
TH David,PSL,21,605,337,14,87,40,43,43.21,179.53,25.82,24.63,0,4,4,71,0,64.8
L Lamin,T20I,48,605,676,36,362,39,27,16.81,89.5,53.55,9.76,0,1,5,52,6,28.5
Isa Zaroo,T20I,28,605,507,26,220,63,16,23.27,119.33,43.39,15.58,0,2,4,78,1,40.4
JC Buttler,BBL,18,605,429,18,162,54,26,33.61,141.03,37.76,18.65,0,6,1,89,3,50.1
Khaled Mashud,ODI,36,605,1107,25,692,40,1,24.2,54.65,62.51,3.7,0,2,5,71,3,21.1
S Movva,ODI,27,605,905,19,491,39,5,31.84,66.85,54.25,4.86,0,4,3,83,1,27.6
JD Ryder,IPL,29,604,458,28,191,69,19,21.57,131.88,41.7,19.21,0,4,4,86,4,44.2
D Abeyrathna,T20I,35,604,626,31,300,54,14,19.48,96.49,47.92,10.86,0,0,9,46,2,32.0
RJ Harris,Test,25,603,955,28,682,66,9,21.54,63.14,71.41,7.85,0,3,2,74,2,23.0
Shahbaz Ahmed,IPL,40,603,489,29,168,33,28,20.79,123.31,34.36,12.47,0,1,5,59,1,39.2
WG Jacks,IPL,26,602,379,22,132,50,38,27.36,158.84,34.83,23.22,1,2,4,100,0,53.7
PL Mommsen,ODI,19,601,775,15,396,49,3,40.07,77.55,51.1,6.71,1,4,2,111,2,33.9
C Madande,T20I,38,600,511,28,210,48,19,21.43,117.42,41.1,13.11,0,1,6,53,3,38.1
P Pushparajan,T20I,20,599,383,18,136,47,35,33.28,156.4,35.51,21.41,1,4,2,103,1,54.3
TWM Latham,T20I,26,597,545,22,202,51,11,27.14,109.54,37.06,11.38,0,4,2,65,1,38.6
Lakshit Gupta,T20I,28,597,562,23,258,48,25,25.96,106.23,45.91,12.99,0,3,5,62,1,37.5
B Ward,T20I,32,597,465,21,180,34,32,28.43,128.39,38.71,14.19,0,1,7,58,1,43.3
BR Dunk,PSL,27,596,412,22,128,41,34,27.09,144.66,31.07,18.2,0,3,3,99,0,48.8
J Botha,ODI,49,594,698,32,341,53,3,18.56,85.1,48.85,8.02,0,0,2,46,2,28.0
Afif Hossain,ODI,27,594,680,23,334,54,9,25.83,87.35,49.12,9.26,0,2,3,85,2,31.9
RN ten Doeschate,ODI,13,594,673,10,370,65,7,59.4,88.26,54.98,10.7,3,3,1,119,1,44.7
BMAJ Mendis,ODI,42,593,726,34,366,45,12,17.44,81.68,50.41,7.85,0,1,4,72,2,26.8
TLW Cooper,T20I,30,592,466,26,175,58,18,22.77,127.04,37.55,16.31,0,2,5,81,3,42.6
CJ Green,CPL,57,592,441,39,139,43,23,15.18,134.24,31.52,14.97,0,1,3,57,2,40.7
Adnan Akmal,Test,20,591,1341,24,1032,73,0,24.62,44.07,76.96,5.44,0,3,6,64,2,19.9
Shakib Al Hasan,CPL,39,591,507,34,204,51,19,17.38,116.57,40.24,13.81,0,3,4,61,5,37.1
J van Heerden,T20I,18,591,438,14,143,64,15,42.21,134.93,32.65,18.04,0,3,7,74,1,52.8
Naseem Khushi,T20I,34,591,364,31,136,39,44,19.06,162.36,37.36,22.8,0,2,4,69,4,50.4
JM Vince,ODI,21,590,672,21,361,73,3,28.1,87.8,53.72,11.31,1,3,4,102,1,33.5
SK Warne,Test,24,590,873,29,599,70,11,20.34,67.58,68.61,9.28,0,3,6,71,5,24.3
CN Ackermann,T20I,29,590,507,25,169,43,14,23.6,116.37,33.33,11.24,0,1,6,62,3,38.6
Habib Khan,T20I,24,590,461,24,206,49,29,24.58,127.98,44.69,16.92,0,4,5,90,2,42.8
L Vincent,Test,7,590,1053,10,782,75,8,59.0,56.03,74.26,7.88,2,2,1,224,0,36.0
Avishka Iroshan,T20I,27,590,511,20,222,53,24,29.5,115.46,43.44,15.07,0,2,7,66,2,41.8
MD Craig,Test,15,589,1083,16,790,66,10,36.81,54.39,72.95,7.02,0,3,6,67,1,26.9
K Lewis,CPL,31,589,458,31,226,44,41,19.0,128.6,49.34,18.56,0,3,4,89,3,41.2
Ahmed Aqeel,T20I,31,589,499,18,153,30,19,32.72,118.04,30.66,9.82,0,1,6,65,2,41.7
Saqlain Arshad,T20I,35,588,463,33,213,73,17,17.82,127.0,46.0,19.44,0,2,6,61,4,41.6
N Vanua,T20I,37,588,451,30,177,28,36,19.6,130.38,39.25,14.19,0,3,3,71,5,40.2
D Wiese,T20I,37,588,449,24,156,32,30,24.5,130.96,34.74,13.81,0,3,1,66,3,42.5
SE Rutherford,PSL,29,588,399,22,151,39,39,26.73,147.37,37.84,19.55,0,3,2,70,2,49.0
AAP Atkinson,Test,20,587,892,30,612,64,13,19.57,65.81,68.61,8.63,1,0,5,118,1,23.3
MB Kruger,ODI,26,587,907,26,553,45,6,22.58,64.72,60.97,5.62,0,3,5,80,2,23.4
F Damiao Couana,T20I,18,587,429,16,178,62,21,36.69,136.83,41.49,19.35,1,4,4,104,3,50.6
RJ Nicol,ODI,21,586,776,19,453,53,13,30.84,75.52,58.38,8.51,2,2,3,146,2,30.3
SM Sharif,ODI,52,583,752,28,397,40,11,20.82,77.53,52.79,6.78,0,0,4,40,4,26.4
PD Collingwood,T20I,33,583,459,31,153,38,24,18.81,127.02,33.33,13.51,0,3,2,79,3,39.8
FH Allen,ODI,21,582,624,21,377,78,14,27.71,93.27,60.42,14.74,0,5,3,96,3,35.4
ST Jayasuriya,Test,14,582,815,23,546,75,8,25.3,71.41,66.99,10.18,0,3,6,85,1,27.5
DR Smith,T20I,32,582,474,32,248,62,31,18.19,122.78,52.32,19.62,0,3,2,72,1,40.4
DJG Sammy,T20I,49,581,388,33,138,46,31,17.61,149.74,35.57,19.85,0,0,5,42,3,46.4
DC Smith,T20I,35,580,499,33,223,51,23,17.58,116.23,44.69,14.83,0,1,7,65,3,37.1
JG Bethell,Test,9,579,953,17,663,76,5,34.06,60.76,69.57,8.5,1,4,1,154,2,27.8
KK Nair,Test,10,579,896,14,600,70,4,41.36,64.62,66.96,8.26,1,1,2,303,2,31.3
MA Starc,ODI,69,579,748,49,419,43,14,11.82,77.41,56.02,7.62,0,1,1,52,12,23.1
WPUJC Vaas,ODI,70,579,844,51,467,44,3,11.35,68.6,55.33,5.57,0,0,1,37,9,20.5
SB Styris,T20I,29,578,483,27,186,40,25,21.41,119.67,38.51,13.46,0,1,7,66,0,39.0
Saim Hussain,T20I,16,577,389,14,140,52,25,41.21,148.33,35.99,19.79,1,4,3,108,1,55.0
HM Amla,IPL,16,577,407,13,139,60,21,44.38,141.77,34.15,19.9,2,3,1,104,2,55.6
MN Waller,Test,14,577,1136,27,841,68,1,21.37,50.79,74.03,6.07,0,4,2,72,4,20.0
Irfan Khan,PSL,35,577,434,22,138,41,27,26.23,132.95,31.8,15.67,0,0,8,48,2,45.1
N Boje,Test,15,576,981,18,734,92,3,32.0,58.72,74.82,9.68,0,2,6,82,1,27.5
BA Stokes,T20I,34,576,445,25,148,41,22,23.04,129.44,33.26,14.16,0,1,6,52,1,42.2
TLW Cooper,ODI,18,576,770,17,431,60,4,33.88,74.81,55.97,8.31,0,5,2,74,0,31.5
DAS Gunaratne,ODI,25,575,724,21,367,50,6,27.38,79.42,50.69,7.73,1,1,5,114,0,30.1
TT Bresnan,Test,19,575,1458,22,1149,67,1,26.14,39.44,78.81,4.66,0,3,4,91,3,19.2
JR Hazlewood,Test,61,575,1310,50,1044,82,2,11.5,43.89,79.69,6.41,0,0,2,39,12,15.5
RS Bopara,Test,13,575,1087,18,787,71,2,31.94,52.9,72.4,6.72,3,0,3,143,5,24.7
WD Parnell,ODI,42,574,723,28,363,43,9,20.5,79.39,50.21,7.19,0,1,3,56,3,27.2
D Ramdin,T20I,46,574,481,32,177,49,18,17.94,119.33,36.8,13.93,0,1,6,55,3,38.2
BJ Watling,ODI,25,573,838,23,493,58,3,24.91,68.38,58.83,7.28,0,5,2,96,3,26.1
AD Hales,Test,11,573,1307,21,1033,78,3,27.29,43.84,79.04,6.2,0,5,0,94,0,21.3
GD Arta,T20I,57,572,651,45,353,33,30,12.71,87.86,54.22,9.68,0,0,5,46,5,26.5
M Syahadat Ramli,T20I,40,572,551,27,227,38,20,21.19,103.81,41.2,10.53,0,0,6,41,2,34.4
AC Blizzard,BBL,25,572,451,20,163,51,15,28.6,126.83,36.14,14.63,0,2,5,80,0,43.8
Muhammad Amir,T20I,47,572,545,41,230,54,14,13.95,104.95,42.2,12.48,0,1,4,80,3,33.0
TR Birt,BBL,23,572,394,21,148,46,29,27.24,145.18,37.56,19.04,0,3,5,65,0,48.6
K Mishara,T20I,25,572,439,22,177,53,24,26.0,130.3,40.32,17.54,0,4,2,76,3,44.6
A Ashokan,T20I,22,572,498,16,182,28,22,35.75,114.86,36.55,10.04,0,3,7,55,0,41.7
Waji Ul Hassan,T20I,28,571,470,23,160,40,22,24.83,121.49,34.04,13.19,1,3,4,115,4,41.0
RL Powell,ODI,30,570,611,24,342,60,14,23.75,93.29,55.97,12.11,0,3,6,52,2,32.8
KNM Fernando,Test,12,569,1061,22,764,65,5,25.86,53.63,72.01,6.6,1,2,3,205,2,22.4
VS Padhaal,T20I,34,569,534,31,230,53,11,18.35,106.55,43.07,11.99,0,2,3,84,3,34.4
Tamim Iqbal,PSL,19,568,500,15,203,58,14,37.87,113.6,40.6,14.4,0,4,6,80,0,44.6
DAJ Bracewell,Test,26,568,1225,41,955,70,8,13.85,46.37,77.96,6.37,0,0,5,47,11,16.7
R Trumpelmann,ODI,44,566,685,35,391,40,24,16.17,82.63,57.08,9.34,0,2,2,55,5,26.5
Ashutosh Sharma,IPL,26,564,334,19,104,39,40,29.68,168.86,31.14,23.65,0,2,6,66,0,56.7
RW Chakabva,T20I,44,563,467,43,201,51,23,13.09,120.56,43.04,15.85,0,0,6,48,11,36.9
Aarif Sheikh,T20I,37,562,508,30,204,54,12,18.73,110.63,40.16,12.99,0,0,7,39,3,36.2
J Botha,BBL,42,562,444,28,144,43,13,20.07,126.58,32.43,12.61,0,0,8,41,3,39.7
IS Sodhi,Test,20,561,1194,27,922,68,7,20.78,46.98,77.22,6.28,0,4,2,65,5,19.3
FDW McCreath,ODI,17,561,777,17,431,48,6,33.0,72.2,55.47,6.95,1,3,4,112,0,30.0
JL Carter,ODI,26,560,758,23,450,48,10,24.35,73.88,59.37,7.65,0,3,6,54,1,26.9
TS Fray,T20I,35,559,614,31,287,45,8,18.03,91.04,46.74,8.63,0,2,6,62,2,29.3
MK Pandey,ODI,23,558,610,16,258,45,5,34.88,91.48,42.3,8.2,1,2,5,104,2,36.0
SR Taylor,T20I,21,557,408,19,185,62,25,29.32,136.52,45.34,21.32,1,2,4,101,2,48.5
PM Seelaar,T20I,40,557,504,29,184,40,11,19.21,110.52,36.51,10.12,0,1,4,96,0,34.9
M Akayezu,T20I,72,556,484,65,232,35,31,8.55,114.88,47.93,13.64,0,1,4,51,13,32.2
T Perera,T20I,31,555,535,24,265,54,16,23.12,103.74,49.53,13.08,0,0,5,48,3,35.6
DD Ebrahim,ODI,28,555,1023,25,628,36,0,22.2,54.25,61.39,3.52,0,2,5,71,2,20.3
HE van der Dussen,PSL,16,555,388,14,116,46,20,39.64,143.04,29.9,17.01,1,3,5,104,0,52.6
R Powell,IPL,30,555,390,25,157,38,38,22.2,142.31,40.26,19.49,0,1,7,67,2,46.2
OGL Bascome,T20I,31,554,402,28,185,41,38,19.79,137.81,46.02,19.65,0,1,8,54,2,43.9
NR Hobson,BBL,34,554,417,24,143,44,22,23.08,132.85,34.29,15.83,0,0,5,48,0,43.6
M Jansen,ODI,26,553,491,21,230,44,25,26.33,112.63,46.84,14.05,0,2,5,75,1,39.0
Shahid Wasif,T20I,30,552,475,21,194,43,22,26.29,116.21,40.84,13.68,0,3,4,59,2,40.1
B Kumar,ODI,53,552,747,39,410,46,8,14.15,73.9,54.89,7.23,0,1,3,53,8,23.4
B Kumar,Test,19,552,1225,25,957,79,1,22.08,45.06,78.12,6.53,0,3,5,63,4,19.7
M Podosky,T20I,32,551,496,28,254,45,28,19.68,111.09,51.21,14.72,1,1,4,101,5,36.1
MC Henriques,T20I,25,551,400,20,124,35,26,27.55,137.75,31.0,15.25,1,3,3,111,0,46.0
A Limdawala,T20I,35,551,598,34,312,49,14,16.21,92.14,52.17,10.54,0,2,4,68,1,29.3
MJ Lumb,T20I,26,550,411,25,193,64,21,22.0,133.82,46.96,20.68,0,3,4,63,1,44.7
BJ Haddin,BBL,23,550,414,21,165,48,22,26.19,132.85,39.86,16.91,0,4,4,76,2,44.7
JA Morkel,T20I,36,549,385,26,138,27,38,21.12,142.6,35.84,16.88,0,0,5,43,1,44.7
Faheem Ashraf,T20I,55,549,394,40,152,37,31,13.72,139.34,38.58,17.26,0,1,3,51,6,41.3
JM Vince,Test,13,548,1100,22,869,86,0,24.91,49.82,79.0,7.82,0,3,4,83,2,22.3
Haider Ali,T20I,42,548,440,36,171,45,23,15.22,124.55,38.86,15.45,0,3,3,68,5,38.6
SO Ngoche,T20I,54,548,491,36,208,45,18,15.22,111.61,42.36,12.83,0,0,5,41,8,34.5
N Deonarine,ODI,25,546,855,22,528,48,6,24.82,63.86,61.75,6.32,0,3,3,65,0,24.4
V Sibanda,Test,12,545,1098,24,859,76,6,22.71,49.64,78.23,7.47,0,2,7,93,2,21.2
BM Duckett,BBL,19,545,392,19,131,60,12,28.68,139.03,33.42,18.37,0,6,1,78,2,48.4
AR Naidoo,T20I,26,544,527,21,234,44,15,25.9,103.23,44.4,11.2,0,1,9,53,4,36.0
GP Thorpe,Test,8,544,1181,11,888,67,1,49.45,46.06,75.19,5.76,1,5,0,124,1,29.6
JP Inglis,IPL,16,544,314,14,105,58,28,38.86,173.25,33.44,27.39,0,4,5,85,0,62.9
JP Faulkner,BBL,45,544,493,25,147,24,14,21.76,110.34,29.82,7.71,0,0,4,47,4,35.2
Imam-ul-Haq,PSL,22,542,436,22,134,50,13,24.64,124.31,30.73,14.45,0,5,3,59,2,42.6
Ayan Khan,T20I,34,540,506,29,196,33,16,18.62,106.72,38.74,9.68,0,1,4,53,1,33.5
AU Rashid,Test,18,540,1270,28,989,62,4,19.29,42.52,77.87,5.2,0,2,5,61,3,17.4
PHKD Mendis,ODI,27,539,674,21,366,41,14,25.67,79.97,54.3,8.16,0,3,5,64,2,29.2
MR Swart,T20I,20,539,461,18,166,45,14,29.94,116.92,36.01,12.8,0,4,2,89,1,41.7
AJ Mosca,T20I,20,539,414,15,142,40,21,35.93,130.19,34.3,14.73,0,4,3,78,2,47.3
Raghav Dhawan,T20I,20,539,499,18,207,41,15,29.94,108.02,41.48,11.22,0,3,5,56,1,38.6
IA De Silva,T20I,24,539,502,23,254,52,22,23.43,107.37,50.6,14.74,0,4,3,62,3,37.1
Babar Hayat,ODI,15,539,735,13,449,47,16,41.46,73.33,61.09,8.57,0,5,2,82,2,33.5
CJ Anderson,IPL,29,538,423,22,185,40,31,24.45,127.19,43.74,16.78,0,3,4,95,2,42.6
NRJ Croes,ODI,24,538,703,21,382,46,2,25.62,76.53,54.34,6.83,0,2,4,70,2,27.8
Rahmanullah Gurbaz,CPL,18,537,337,18,133,36,41,29.83,159.35,39.47,22.85,0,4,4,69,2,53.7
AG Cremer,Test,17,537,1622,29,1314,47,2,18.52,33.11,81.01,3.02,1,0,5,102,5,14.4
Shamim Hossain,T20I,37,537,436,30,175,47,20,17.9,123.17,40.14,15.37,0,1,7,51,2,39.1
LPC Silva,Test,11,537,854,16,587,68,1,33.56,62.88,68.74,8.08,1,2,5,152,3,27.7
WAE Burton,T20I,30,536,376,26,174,57,31,20.62,142.55,46.28,23.4,0,2,4,84,5,47.3
LE Plunkett,ODI,47,536,492,29,208,46,15,18.48,108.94,42.28,12.4,0,0,1,44,3,35.1
Sandeep Goud,ODI,28,535,754,21,452,32,22,25.48,70.95,59.95,7.16,0,3,5,67,2,26.4
L Louwrens,ODI,24,535,906,24,605,62,1,22.29,59.05,66.78,6.95,0,3,4,57,1,22.5
Dylan Steyn,T20I,19,535,399,19,144,64,8,28.16,134.09,36.09,18.05,1,2,3,106,0,46.9
KC D'Souza,T20I,24,535,339,17,122,32,37,31.47,157.82,35.99,20.35,0,2,5,92,3,52.9
AJ Hall,Test,11,533,1190,18,917,67,4,29.61,44.79,77.06,5.97,1,2,2,163,5,22.1
PV Vuniwaqa,T20I,16,533,358,15,172,43,40,35.53,148.88,48.04,23.18,0,3,9,72,1,53.4
G Stewart,T20I,21,532,332,19,141,35,44,28.0,160.24,42.47,23.8,0,3,6,76,4,53.4
RE van der Merwe,T20I,42,532,418,26,130,40,15,20.46,127.27,31.1,13.16,0,2,4,75,7,40.5
Umar Gul,Test,38,532,1084,52,864,55,20,10.23,49.08,79.7,6.92,0,1,3,65,13,16.1
J Mubarak,ODI,27,531,807,22,480,43,3,24.14,65.8,59.48,5.7,0,3,4,72,1,24.3
Aman Desai,T20I,33,531,455,32,192,49,15,16.59,116.7,42.2,14.07,0,2,3,64,4,36.6
RS Bopara,IPL,22,531,453,18,160,39,16,29.5,117.22,35.32,12.14,0,3,3,84,2,41.2
Imran Nazir,ODI,21,531,579,21,359,70,12,25.29,91.71,62.0,14.16,1,1,2,160,2,33.6
GR Adair,T20I,23,531,375,23,176,51,30,23.09,141.6,46.93,21.6,1,1,5,100,0,46.8
Z Khan,ODI,61,531,745,43,467,47,16,12.35,71.28,62.68,8.46,0,0,3,34,8,22.0
M Coetzee,T20I,29,528,406,28,169,71,12,18.86,130.05,41.63,20.44,1,3,3,102,2,43.6
Sazib Bhuiyan,T20I,30,528,381,28,159,50,26,18.86,138.58,41.73,19.95,0,4,2,71,3,44.5
BM Duckett,T20I,21,527,344,19,94,69,8,27.74,153.2,27.33,22.38,0,3,5,84,2,53.5
Iftikhar Ahmed,ODI,21,527,484,13,203,47,16,40.54,108.88,41.94,13.02,1,1,2,109,0,43.8
MK Lomror,IPL,35,527,373,29,120,33,30,18.17,141.29,32.17,16.89,0,1,6,54,3,43.9
JP Faulkner,IPL,45,527,389,25,126,36,23,21.08,135.48,32.39,15.17,0,0,6,46,0,43.0
CR Brathwaite,ODI,34,527,595,32,310,34,22,16.47,88.57,52.1,9.41,1,1,1,101,2,28.1
MD Stoneman,Test,11,526,1188,19,937,66,1,27.68,44.28,78.87,5.64,0,5,3,60,1,21.1
Tenjin Rabgey,T20I,35,526,600,34,315,44,14,15.47,87.67,52.5,9.67,0,4,1,74,6,27.7
C Kieswetter,T20I,24,526,464,23,224,47,23,22.87,113.36,48.28,15.09,0,3,4,63,1,38.3
S Wickramasekara,T20I,27,525,373,22,144,36,30,23.86,140.75,38.61,17.69,0,4,3,65,3,45.6
PJ Cummins,ODI,57,525,635,37,358,42,12,14.19,82.68,56.38,8.5,0,0,4,37,8,25.2
YS Samra,T20I,17,524,330,14,120,48,30,37.43,158.79,36.36,23.64,1,3,2,110,0,57.4
T Jamtsho,T20I,39,524,458,34,215,45,26,15.41,114.41,46.94,15.5,0,2,3,64,5,36.1
LV van Beek,ODI,34,524,624,23,321,32,13,22.78,83.97,51.44,7.21,0,1,2,59,3,28.4
KA Jamieson,Test,21,523,872,25,609,50,13,20.92,59.98,69.84,7.22,0,1,6,51,3,21.8
RJ Peterson,ODI,34,523,627,23,322,49,5,22.74,83.41,51.36,8.61,0,1,5,68,4,29.3
JJ Roy,BBL,24,523,396,22,162,63,14,23.77,132.07,40.91,19.44,0,2,3,74,1,45.2
SP Gomes,T20I,17,522,399,13,134,49,12,40.15,130.83,33.58,15.29,0,5,1,82,2,49.4
Zakir Hasan,Test,12,521,1111,23,841,62,5,22.65,46.89,75.7,6.03,1,3,2,100,2,19.8
Mohammad Nawaz (3),PSL,40,521,479,27,204,40,19,19.3,108.77,42.59,12.32,0,0,5,42,2,35.3
K Verreynne,ODI,14,521,575,12,266,39,11,43.42,90.61,46.26,8.7,0,5,3,95,0,38.8
SSM Stanislaus,T20I,29,521,501,26,225,37,20,20.04,103.99,44.91,11.38,0,1,5,62,1,33.9
K Doriga,ODI,33,520,910,32,636,46,11,16.25,57.14,69.89,6.26,0,3,2,73,5,19.0
PJ Moor,ODI,33,520,763,31,469,29,20,16.77,68.15,61.47,6.42,0,1,5,50,2,22.0
YS Chauhan,T20I,20,520,430,18,170,46,18,28.89,120.93,39.53,14.88,0,3,4,71,0,42.7
SE Rutherford,IPL,27,520,364,21,139,30,38,24.76,142.86,38.19,18.68,0,1,5,71,2,46.9
Bilal Masud,T20I,23,519,420,17,154,36,20,30.53,123.57,36.67,13.33,0,2,3,82,0,43.0
MJ Guptill,PSL,18,519,372,17,134,51,22,30.53,139.52,36.02,19.62,1,3,3,117,2,49.5
Sahil Chauhan,T20I,25,518,293,20,118,30,46,25.9,176.79,40.27,25.94,1,1,5,144,4,56.6
F Behardien,T20I,30,518,404,16,117,37,16,32.38,128.22,28.96,13.12,0,1,7,64,1,45.3
E Beukes,T20I,32,517,413,20,167,32,33,25.85,125.18,40.44,15.74,0,0,5,39,2,42.6
Sohail Tanvir,CPL,41,517,408,26,167,35,29,19.88,126.72,40.93,15.69,0,1,5,50,5,40.4
MA Vermeulen,ODI,29,517,785,27,497,63,1,19.15,65.86,63.31,8.15,0,3,2,92,3,23.5
RR Hendricks,PSL,14,516,379,11,123,51,16,46.91,136.15,32.45,17.68,0,5,2,87,0,54.4
MTMMJ Ave,T20I,22,516,474,16,217,44,19,32.25,108.86,45.78,13.29,0,4,3,92,1,40.3
TAM Siriwardana,ODI,24,516,525,23,240,39,13,22.43,98.29,45.71,9.9,0,3,3,66,1,32.9
BJ Hodge,ODI,19,516,566,17,278,43,12,30.35,91.17,49.12,9.72,1,2,1,123,2,34.3
Musa Shaheen,T20I,26,515,472,25,200,40,18,20.6,109.11,42.37,12.29,0,2,6,80,0,35.8
Mohammad Haris,T20I,28,515,364,26,141,45,26,19.81,141.48,38.74,19.51,1,1,6,107,4,45.3
Rajin Saleh,ODI,26,515,1030,26,689,41,1,19.81,50.0,66.89,4.08,0,2,4,82,1,18.3
CD Wallace,ODI,25,515,584,24,293,42,9,21.46,88.18,50.17,8.73,0,4,4,58,1,29.7
M Manhas,IPL,38,514,470,23,181,43,10,22.35,109.36,38.51,11.28,0,0,5,42,6,36.4
A Johnson,ODI,21,514,525,21,344,61,27,24.48,97.9,65.52,16.76,0,4,4,70,2,35.4
Mashrafe Mortaza,Test,20,513,731,35,516,57,17,14.66,70.18,70.59,10.12,0,3,2,79,6,22.8
MJ Richardson,T20I,24,513,495,17,200,47,5,30.18,103.64,40.4,10.51,0,2,6,61,0,37.7
CJ Chibhabha,T20I,26,512,443,26,200,59,13,19.69,115.58,45.15,16.25,0,4,2,67,3,38.6
JD Wildermuth,BBL,40,512,382,37,142,26,31,13.84,134.03,37.17,14.92,1,0,3,110,5,39.2
Gurkeerat Singh,IPL,32,511,422,24,156,55,11,21.29,121.09,36.97,15.64,0,2,1,65,4,40.7
AC Kerr,WPL,29,511,427,21,149,59,6,24.33,119.67,34.89,15.22,0,0,6,49,1,41.7
SV Samson,ODI,14,510,512,9,235,34,22,56.67,99.61,45.9,10.94,1,3,4,108,0,46.6
SCJ Broad,ODI,65,509,665,43,364,35,10,11.84,76.54,54.74,6.77,0,0,1,45,8,22.5
SL Malinga,ODI,108,508,689,78,445,41,19,6.51,73.73,64.59,8.71,0,1,0,56,26,20.0
Nizakat Khan,ODI,15,508,615,15,355,56,12,33.87,82.6,57.72,11.06,0,2,4,93,0,34.1
RA Jadeja,T20I,38,508,400,23,118,38,14,22.09,127.0,29.5,13.0,0,0,4,46,3,41.1
MN Waller,T20I,23,507,361,20,114,36,24,25.35,140.44,31.58,16.62,0,1,5,68,1,46.3
M van Lingen,T20I,26,507,439,26,211,61,13,19.5,115.49,48.06,16.86,0,2,4,67,2,38.5
Nurul Hasan,T20I,49,507,442,34,156,29,19,14.91,114.71,35.29,10.86,0,0,3,42,4,34.5
AG Cremer,ODI,50,507,882,40,534,33,1,12.68,57.48,60.54,3.85,0,0,3,37,5,17.4
Misbah-ul-Haq,PSL,22,507,453,16,186,42,18,31.69,111.92,41.06,13.25,0,2,5,61,0,41.2
JP Greaves,ODI,23,506,522,18,256,47,11,28.11,96.93,49.04,11.11,0,1,6,50,0,35.2
CD Barnwell,CPL,42,506,421,31,162,25,28,16.32,120.19,38.48,12.59,0,0,1,37,3,36.5
JL Denly,BBL,23,506,451,20,198,44,14,25.3,112.2,43.9,12.86,0,3,3,76,2,38.1
MA Jones,ODI,17,506,719,17,412,42,6,29.76,70.38,57.3,6.68,0,3,4,87,0,28.0
OA Shah,IPL,22,506,389,15,133,34,23,33.73,130.08,34.19,14.65,0,4,2,76,0,46.4
YH Bhatia,WPL,28,506,446,27,239,80,10,18.74,113.45,53.59,20.18,0,1,6,57,1,39.3
Janak Prakash,T20I,36,506,408,26,143,31,20,19.46,124.02,35.05,12.5,0,1,3,56,2,38.6
Md Ariyan,T20I,24,506,338,19,143,33,39,26.63,149.7,42.31,21.3,0,3,2,93,2,49.7
PC Valthaty,IPL,23,505,418,22,215,61,20,22.95,120.81,51.44,19.38,1,2,2,120,1,41.7
PA Patel,Test,11,505,896,14,660,71,1,36.07,56.36,73.66,8.04,0,5,2,71,0,27.5
C de Grandhomme,T20I,38,505,365,32,122,27,30,15.78,138.36,33.42,15.62,0,3,4,59,6,41.5
S Jora,T20I,33,505,418,27,162,27,24,18.7,120.81,38.76,12.2,0,4,0,63,1,37.1
OJ Hairs,T20I,28,504,304,26,121,47,33,19.38,165.79,39.8,26.32,1,2,0,127,5,52.9
R Powell,PSL,26,504,327,20,118,44,26,25.2,154.13,36.09,21.41,0,1,6,64,3,50.7
SW Billings,IPL,27,503,388,26,139,40,20,19.35,129.64,35.82,15.46,0,3,2,56,3,41.2
CJ Simmons,BBL,20,501,351,20,161,43,30,25.05,142.74,45.87,20.8,2,0,3,112,1,47.3
W Niyitanga,T20I,41,501,607,37,331,28,19,13.54,82.54,54.53,7.74,0,2,4,55,4,24.7
TK Curran,BBL,36,501,345,25,107,55,14,20.04,145.22,31.01,20.0,0,1,5,62,3,47.3
M Wright,BBL,21,500,408,18,155,36,20,27.78,122.55,37.99,13.73,0,4,3,70,1,41.9
IDA Damarell,T20I,31,499,446,25,190,55,8,19.96,111.88,42.6,14.13,0,2,4,52,2,37.1
MJ Leach,Test,36,498,1334,37,1105,64,2,13.46,37.33,82.83,4.95,0,1,1,92,7,14.3
V Sibanda,T20I,25,498,482,24,231,52,11,20.75,103.32,47.93,13.07,0,1,5,59,3,34.7
AN Petersen,ODI,18,498,601,17,321,53,3,29.29,82.86,53.41,9.32,0,4,2,80,0,31.8
OE Robinson,Test,24,498,835,34,591,61,3,14.65,59.64,70.78,7.66,0,2,3,58,9,19.6
Saif Hassan,T20I,24,498,434,22,202,35,26,22.64,114.75,46.54,14.06,0,4,2,69,2,37.9
J Bangura,T20I,40,497,632,36,333,38,7,13.81,78.64,52.69,7.12,0,1,6,52,6,24.1
P Silas,T20I,39,496,500,31,219,37,8,16.0,99.2,43.8,9.0,0,0,5,43,7,30.3
DJ Mitchell,PSL,18,496,360,16,114,39,19,31.0,137.78,31.67,16.11,0,4,3,75,2,47.7
Mominul Haque,ODI,23,495,657,22,362,54,1,22.5,75.34,55.1,8.37,0,2,7,60,1,27.4
Imran Nazir,T20I,23,495,363,22,177,58,22,22.5,136.36,48.76,22.04,0,3,3,72,2,45.8
S Gooch,T20I,19,494,458,16,209,45,13,30.88,107.86,45.63,12.66,0,4,2,72,1,39.2
BA King,Test,10,494,848,17,637,76,5,29.06,58.25,75.12,9.55,0,4,3,75,2,26.1
V Ganesan,T20I,32,492,468,25,187,51,1,19.68,105.13,39.96,11.11,0,1,4,61,1,34.4
RA Sealy,T20I,28,492,391,27,163,36,24,18.22,125.83,41.69,15.35,0,2,4,64,2,39.3
Mohammad Rafique,ODI,46,492,730,34,465,39,14,14.47,67.4,63.7,7.26,0,1,4,72,7,21.3
C Connolly,IPL,13,491,301,11,109,43,32,44.64,163.12,36.21,24.92,1,2,4,107,1,61.6
TP Visee,T20I,30,491,335,30,151,67,17,16.37,146.57,45.07,25.07,0,3,1,78,5,47.5
DS Lehmann,Test,8,490,898,12,638,54,4,40.83,54.57,71.05,6.46,2,2,2,129,1,27.9
C Tear,ODI,19,489,628,16,380,51,7,30.56,77.87,60.51,9.24,0,4,2,80,2,30.5
HH Gibbs,BBL,15,488,347,14,138,59,14,34.86,140.63,39.77,21.04,0,6,2,71,2,51.7
Salman Butt,T20I,21,488,447,20,191,58,6,24.4,109.17,42.73,14.32,0,2,5,73,1,38.5
MJ Clarke,T20I,28,488,473,23,180,29,10,21.22,103.17,38.05,8.25,0,1,5,67,2,33.1
JWM Dalrymple,ODI,26,487,672,25,359,32,3,19.48,72.47,53.42,5.21,0,2,6,67,2,23.9
AA Obanda,ODI,14,487,677,13,426,56,8,37.46,71.94,62.92,9.45,0,3,3,89,0,32.1
D Gumyusenge,T20I,36,487,502,32,261,37,21,15.22,97.01,51.99,11.55,0,2,3,68,10,30.2
Talha Khan,T20I,26,486,470,22,209,39,11,22.09,103.4,44.47,10.64,0,3,3,69,4,34.1
AA Jangoo,CPL,23,486,508,21,241,31,20,23.14,95.67,47.44,10.04,0,3,3,56,1,32.6
R Bakum,T20I,32,486,446,30,214,36,20,16.2,108.97,47.98,12.56,0,2,2,71,4,33.5
Karan KC,T20I,48,485,313,32,118,21,41,15.16,154.95,37.7,19.81,0,0,4,45,5,45.8
TL Seifert,BBL,20,485,355,19,138,44,21,25.53,136.62,38.87,18.31,1,2,2,102,3,45.9
R McLaren,ODI,41,485,680,26,384,42,6,18.65,71.32,56.47,7.06,0,1,1,71,3,24.3
MO Kitunda,T20I,39,485,511,36,262,40,15,13.47,94.91,51.27,10.76,0,0,5,46,5,28.8
AWJ Auguste,CPL,26,485,360,23,140,42,22,21.09,134.72,38.89,17.78,0,3,2,73,3,43.6
PW Borren,T20I,28,485,375,25,145,51,13,19.4,129.33,38.67,17.07,0,1,6,57,2,41.8
ND Laegsgaard,T20I,25,484,325,20,133,41,29,24.2,148.92,40.92,21.54,0,3,3,91,5,49.0
J Mosca,T20I,23,483,341,20,129,54,16,24.15,141.64,37.83,20.53,0,4,3,72,2,47.7
LM Jongwe,T20I,43,483,396,29,151,42,14,16.66,121.97,38.13,14.14,0,0,4,35,4,37.9
Sher Sahak,T20I,31,483,364,25,147,30,27,19.32,132.69,40.38,15.66,0,2,5,70,2,41.1
SJ Benn,Test,23,482,792,33,598,58,13,14.61,60.86,75.51,8.96,0,0,3,42,6,20.6
J Bulele,T20I,19,482,507,16,260,55,4,30.12,95.07,51.28,11.64,0,3,3,62,2,35.7
HM Amla,CPL,17,482,406,17,129,37,12,28.35,118.72,31.77,12.07,0,3,5,81,0,41.4
Rajin Saleh,Test,13,482,1369,24,1117,58,2,20.08,35.21,81.59,4.38,0,2,7,67,6,16.1
SR Patel,ODI,22,482,517,15,235,37,12,32.13,93.23,45.45,9.48,0,1,5,70,1,35.5
Sabbir Rahman,Test,11,481,875,20,649,57,6,24.05,54.97,74.17,7.2,0,4,3,66,5,22.2
MB Kruger,T20I,31,481,446,29,216,51,15,16.59,107.85,48.43,14.8,0,1,3,59,0,34.9
BCJ Cutting,PSL,25,481,306,21,105,33,33,22.9,157.19,34.31,21.57,0,2,3,53,4,50.6
N Dickwella,T20I,26,480,366,26,151,61,9,18.46,131.15,41.26,19.13,0,1,6,68,2,42.7
S Lamichhane,ODI,47,479,550,35,277,40,9,13.69,87.09,50.36,8.91,0,0,3,49,10,26.7
J Da Silva,CPL,22,479,436,17,171,38,14,28.18,109.86,39.22,11.93,0,3,3,59,0,38.9
SJ Erwee,Test,10,479,1107,18,874,57,0,26.61,43.27,78.95,5.15,1,1,3,108,2,20.1
SW Billings,T20I,33,478,368,28,130,41,16,17.07,129.89,35.33,15.49,0,2,1,87,1,40.4
PJ Forrest,BBL,24,478,458,20,185,36,10,23.9,104.37,40.39,10.04,0,3,3,62,1,35.1
AS Joseph,ODI,49,478,633,33,398,37,21,14.48,75.51,62.88,9.16,0,0,2,49,7,23.8
Manan Bashir,T20I,22,478,232,18,83,22,48,26.56,206.03,35.78,30.17,0,2,5,70,1,60.6
NK Patel,ODI,32,477,685,26,386,34,8,18.35,69.64,56.35,6.13,0,1,5,52,1,23.3
Shoaib Khan,T20I,37,477,440,29,205,42,19,16.45,108.41,46.59,13.86,0,2,6,57,7,34.5
A Athanaze,CPL,24,477,441,21,192,33,21,22.71,108.16,43.54,12.24,0,2,4,76,2,36.2
M Campopiano,T20I,22,477,400,16,156,39,14,29.81,119.25,39.0,13.25,0,3,3,87,2,41.7
Ibrahim Rahimi,T20I,26,476,291,23,127,21,44,20.7,163.57,43.64,22.34,0,1,5,55,3,49.9
A Randhawa,T20I,34,475,516,28,229,32,12,16.96,92.05,44.38,8.53,0,2,2,50,1,29.2
Mehboob Ali,T20I,19,475,260,19,121,49,37,25.0,182.69,46.54,33.08,0,3,3,93,2,58.4
GP Swann,ODI,47,475,516,35,242,46,4,13.57,92.05,46.9,9.69,0,0,3,34,3,28.3
JDP Oram,T20I,30,474,340,23,116,38,22,20.61,139.41,34.12,17.65,0,2,2,66,3,44.7
KTGD Prasad,Test,23,473,870,36,654,54,8,13.14,54.37,75.17,7.13,0,0,6,47,8,17.9
GJ Bailey,T20I,26,473,346,19,121,37,20,24.89,136.71,34.97,16.47,0,2,3,63,1,45.0
SW Ambris,ODI,15,473,494,13,234,54,3,36.38,95.75,47.37,11.54,1,2,3,148,0,38.6
RR Rossouw,IPL,22,473,308,20,115,45,25,23.65,153.57,37.34,22.73,0,2,5,82,4,50.7
US Hathinjar,T20I,29,472,415,27,201,41,24,17.48,113.73,48.43,15.66,0,3,1,74,4,36.6
Hammad Mirza,T20I,26,472,438,24,194,40,14,19.67,107.76,44.29,12.33,0,3,1,62,2,34.9
Saad Bin Zafar,T20I,33,471,376,17,137,38,16,27.71,125.27,36.44,14.36,0,0,2,33,1,42.9
LA Dawson,PSL,27,471,376,23,121,32,19,20.48,125.27,32.18,13.56,0,2,4,62,2,40.2
VD Adewoye,T20I,43,471,381,37,168,36,22,12.73,123.62,44.09,15.22,0,0,4,49,7,36.5
Abdul Razzaq,Test,10,470,1019,16,795,55,8,29.38,46.12,78.02,6.18,0,2,4,90,0,22.2
Mohammad Rafique,Test,18,470,761,33,550,52,14,14.24,61.76,72.27,8.67,0,1,6,64,4,20.4
SA Jumbe,T20I,46,470,449,33,234,34,23,14.24,104.68,52.12,12.69,0,1,1,76,6,31.6
L Canessane,T20I,35,470,397,30,156,41,14,15.67,118.39,39.29,13.85,0,2,2,89,3,36.6
BJ Webster,Test,10,469,765,14,508,54,1,33.5,61.31,66.41,7.19,0,5,2,72,1,27.1
A Ferguson,T20I,24,469,500,18,234,53,2,26.06,93.8,46.8,11.0,0,2,3,86,3,34.2
TB de Bruyn,Test,13,468,1012,24,804,69,2,19.5,46.25,79.45,7.02,1,0,5,101,2,19.1
Javed Omar,ODI,20,468,938,20,674,54,2,23.4,49.89,71.86,5.97,0,3,2,81,2,20.4
MA Ouma,ODI,26,468,836,24,575,49,2,19.5,55.98,68.78,6.1,0,1,6,54,2,20.0
PM Nevill,Test,14,468,1151,21,907,52,1,22.29,40.66,78.8,4.6,0,3,3,66,1,17.8
LS Livingstone,PSL,22,468,353,19,121,35,22,24.63,132.58,34.28,16.15,0,4,2,82,3,44.2
CH Morris,ODI,27,467,465,23,215,36,15,20.3,100.43,46.24,10.97,0,1,4,62,0,33.0
Mahedi Hasan,T20I,48,467,449,34,196,38,14,13.74,104.01,43.65,11.58,0,0,2,33,8,31.8
HJ Nielsen,BBL,33,466,395,25,141,41,7,18.64,117.97,35.7,12.15,0,1,4,50,2,37.1
Aslam Khan,T20I,30,465,309,27,162,48,32,17.22,150.49,52.43,25.89,0,1,2,77,4,47.8
ZM Tribe,T20I,28,464,434,22,176,37,12,21.09,106.91,40.55,11.29,0,1,2,54,1,35.2
Omid Mailk Khel,T20I,17,463,376,14,148,47,14,33.07,123.14,39.36,16.22,0,2,4,59,0,45.4
JEC Franklin,T20I,31,463,391,23,151,28,23,20.13,118.41,38.62,13.04,0,2,3,60,2,37.9
AN Lascu,T20I,18,462,331,14,147,59,19,33.0,139.58,44.41,23.56,0,3,4,72,0,51.8
Umer Imtiaz,T20I,31,462,403,30,206,37,25,15.4,114.64,51.12,15.38,0,2,1,72,4,35.3
OF Smith,CPL,37,462,356,24,172,28,36,19.25,129.78,48.31,17.98,0,0,4,44,8,41.0
Shayan Jahangir,T20I,21,462,342,15,124,41,18,30.8,135.09,36.26,17.25,0,2,4,61,1,47.3
HH Pandya,Test,10,461,626,16,430,58,12,28.81,73.64,68.69,11.18,1,3,1,108,2,29.4
DT Christian,IPL,41,460,398,31,134,23,19,14.84,115.58,33.67,10.55,0,0,2,39,2,34.5
Imad Wasim,T20I,46,459,330,33,99,50,10,13.91,139.09,30.0,18.18,0,0,2,47,6,43.1
MS Sinclair,Test,12,459,1129,21,916,61,2,21.86,40.66,81.13,5.58,0,2,4,74,2,18.3
S Thanikaithasan,T20I,31,458,368,28,142,35,16,16.36,124.46,38.59,13.86,0,1,3,52,3,37.8
HT Tector,Test,9,458,1030,18,786,48,7,25.44,44.47,76.31,5.34,0,5,2,85,3,20.0
LF Muller,T20I,20,457,380,18,161,50,10,25.39,120.26,42.37,15.79,0,1,4,57,0,41.4
JD Ryder,T20I,21,457,358,20,156,47,18,22.85,127.65,43.58,18.16,0,3,4,62,2,42.9
NS Dhaliwal,ODI,17,456,799,17,533,41,9,26.82,57.07,66.71,6.26,0,4,2,87,2,23.3
Saad Bin Zafar,ODI,31,456,591,26,325,42,6,17.54,77.16,54.99,8.12,0,0,5,40,2,25.5
A McAuley,T20I,24,456,475,22,206,46,2,20.73,96.0,43.37,10.11,0,1,6,50,2,32.3
DAS Gunaratne,Test,5,455,861,8,600,50,1,56.88,52.85,69.69,5.92,1,3,2,116,1,33.3
SR Patel,PSL,24,455,374,16,136,54,7,28.44,121.66,36.36,16.31,0,1,2,71,0,43.9
Mohammad Nabi,PSL,26,455,315,20,113,36,24,22.75,144.44,35.87,19.05,0,2,3,67,1,46.9
IKEG Artawan,T20I,65,455,489,42,261,42,14,10.83,93.05,53.37,11.45,0,0,2,41,11,27.7
AD Russell,BBL,24,454,291,19,119,25,35,23.89,156.01,40.89,20.62,0,1,5,57,1,49.2
AR Nurse,ODI,36,454,454,25,211,40,12,18.16,100.0,46.48,11.45,0,0,5,44,2,32.4
CS Baugh,Test,17,454,927,26,692,52,3,17.46,48.98,74.65,5.93,0,2,3,60,1,18.0
P Mishra,T20I,41,454,401,35,212,27,35,12.97,113.22,52.87,15.46,0,2,3,55,6,34.0
GS Ballance,ODI,20,454,639,18,337,37,1,25.22,71.05,52.74,5.95,0,4,1,79,1,26.4
AZ Lees,Test,10,453,1052,19,837,59,1,23.84,43.06,79.56,5.7,0,2,6,67,0,19.4
LA Pomersbach,BBL,16,453,355,15,154,52,13,30.2,127.61,43.38,18.31,1,2,2,112,1,45.7
L Steenkamp,T20I,18,453,336,17,117,46,13,26.65,134.82,34.82,17.56,0,3,2,61,0,46.1
D Wiese,CPL,34,452,330,23,117,31,24,19.65,136.97,35.45,16.67,0,0,5,43,6,43.1
Saud Islam,T20I,19,452,426,17,188,43,9,26.59,106.1,44.13,12.21,0,3,3,75,4,37.2
Shahid Afridi,PSL,37,452,302,30,110,22,35,15.07,149.67,36.42,18.87,0,1,4,54,5,44.5
KN Chaddha,T20I,18,452,424,17,172,39,11,26.59,106.6,40.57,11.79,0,2,6,75,1,37.5
T Tshose,T20I,45,452,415,37,197,23,23,12.22,108.92,47.47,11.08,0,0,2,49,6,31.0
Khawar Ali,T20I,27,452,445,26,225,47,14,17.38,101.57,50.56,13.71,0,2,3,72,2,33.2
C Karunaratne,ODI,24,451,575,18,305,32,8,25.06,78.43,53.04,6.96,0,1,5,75,0,28.0
Saeed Ajmal,Test,32,451,1082,41,834,44,4,11.0,41.68,77.08,4.44,0,1,2,50,9,13.6
MF Maharoof,Test,15,451,1172,26,942,55,3,17.35,38.48,80.38,4.95,0,3,1,72,1,15.8
CAK Walton,PSL,25,451,323,21,112,36,22,21.48,139.63,34.67,17.96,0,0,5,48,3,45.1
Aziz Mohammad,T20I,19,450,337,17,159,48,23,26.47,133.53,47.18,21.07,0,5,0,72,2,46.5
PL Harris,Test,32,450,1328,41,1099,47,3,10.98,33.89,82.76,3.77,0,0,5,46,9,12.0
BJ Bennett,Test,9,450,622,15,435,74,1,30.0,72.35,69.94,12.06,1,3,1,139,2,30.0
Fayaz Khan,T20I,25,450,292,20,111,25,36,22.5,154.11,38.01,20.89,0,3,2,65,4,49.0
Naved-ul-Hasan,ODI,42,449,510,27,263,31,14,16.63,88.04,51.57,8.82,0,0,3,33,3,27.7
R Shepherd,ODI,29,449,427,25,212,40,17,17.96,105.15,49.65,13.35,0,1,4,50,3,33.8
MR Adair,ODI,34,448,410,21,197,34,21,21.33,109.27,48.05,13.41,0,0,1,32,2,35.9
JP Kotze,ODI,25,448,672,24,427,43,7,18.67,66.67,63.54,7.44,0,1,4,64,2,22.8
Ahsan Ali,PSL,19,448,338,18,124,50,13,24.89,132.54,36.69,18.64,0,3,4,73,0,45.6
TR Ambrose,Test,11,447,963,15,751,55,4,29.8,46.42,77.99,6.13,1,3,2,102,2,22.4
HB Dickson,T20I,19,446,311,18,121,50,18,24.78,143.41,38.91,21.86,1,3,3,112,3,48.9
CT Bancroft,Test,10,446,1042,17,838,62,1,26.24,42.8,80.42,6.05,0,3,1,82,1,20.5
JL Denly,ODI,13,446,629,13,377,44,6,34.31,70.91,59.94,7.95,0,4,2,87,0,30.1
T Parima,T20I,22,445,350,19,164,38,25,23.42,127.14,46.86,18.0,1,0,4,104,3,42.4
Zahir Mohammed,T20I,32,445,324,32,146,37,27,13.91,137.35,45.06,19.75,0,1,2,78,4,41.7
P Useni,T20I,46,445,310,32,127,22,31,13.91,143.55,40.97,17.1,0,0,4,37,4,41.4
BJ Curran,ODI,9,444,564,7,313,46,0,63.43,78.72,55.5,8.16,2,2,0,118,1,42.9
AR Nurse,CPL,44,444,383,25,165,27,23,17.76,115.93,43.08,13.05,0,0,2,40,0,36.0
Ghulam Shabber,ODI,20,444,695,20,447,43,3,22.2,63.88,64.32,6.62,0,3,2,90,1,23.1
Mohammad Ahnaff,T20I,19,443,389,15,171,34,20,29.53,113.88,43.96,13.88,0,3,4,60,0,40.5
M Levitt,ODI,17,443,528,17,345,53,14,26.06,83.9,65.34,12.69,0,1,8,57,3,31.2
JM Davison,ODI,16,443,387,14,200,50,15,31.64,114.47,51.68,16.8,1,3,2,111,3,42.2
MW Short,ODI,20,442,513,20,285,45,10,22.1,86.16,55.56,10.72,0,4,2,74,4,30.1
JJ Bazley,BBL,41,442,341,30,128,30,21,14.73,129.62,37.54,14.96,0,0,4,49,2,38.8
SSJ Brooks,Test,12,442,1041,23,837,58,3,19.22,42.46,80.4,5.86,0,3,4,68,3,17.7
P Litchfield,WPL,20,442,331,19,140,53,15,23.26,133.53,42.3,20.54,0,2,4,78,2,45.6
Umar Gul,ODI,62,442,630,46,390,35,13,9.61,70.16,61.9,7.62,0,0,3,39,10,20.2
A Mhatre,IPL,13,441,240,13,79,51,23,33.92,183.75,32.92,30.83,0,3,6,94,2,63.7
Hussain Talat,T20I,22,441,387,20,136,41,5,22.05,113.95,35.14,11.89,0,2,6,63,1,37.7
D Pretorius,CPL,35,441,336,24,122,27,23,18.38,131.25,36.31,14.88,0,1,0,53,4,40.5
A Turay,T20I,29,441,424,28,230,50,13,15.75,104.01,54.25,14.86,0,1,3,78,1,33.2
JM Vince,T20I,16,441,343,16,130,43,14,27.56,128.57,37.9,16.62,0,2,6,59,0,44.5
Khaled Mashud,Test,15,441,1257,28,1012,41,0,15.75,35.08,80.51,3.26,0,2,0,51,2,13.6
Sheraz Sheikh,T20I,31,441,389,25,202,30,29,17.64,113.37,51.93,15.17,0,2,1,57,4,35.7
Nurul Hasan,Test,11,440,694,20,499,57,5,22.0,63.4,71.9,8.93,0,3,4,64,5,23.7
GSNFG Jayasuriya,ODI,16,440,543,14,279,32,8,31.43,81.03,51.38,7.37,1,2,2,113,2,31.3
NP Kenjige,ODI,42,440,636,26,355,30,5,16.92,69.18,55.82,5.5,0,0,4,43,4,22.3
A Sharma,T20I,18,439,372,17,170,50,12,25.82,118.01,45.7,16.67,0,4,1,74,1,41.3
H Hameed,Test,10,439,1371,18,1131,50,2,24.39,32.02,82.49,3.79,0,4,1,82,4,16.8
MJ North,BBL,18,439,393,15,153,36,10,29.27,111.7,38.93,11.7,0,2,4,70,1,39.4
Arun Yadav,T20I,14,438,288,12,106,45,19,36.5,152.08,36.81,22.22,0,2,3,84,0,55.0
C De Freitas,T20I,11,438,270,11,90,36,24,39.82,162.22,33.33,22.22,1,3,3,125,1,58.2
Mohammad Nawaz,PSL,33,437,357,27,142,41,16,16.19,122.41,39.78,15.97,0,1,2,52,2,38.7
Ali Masood,T20I,24,436,438,23,210,42,9,18.96,99.54,47.95,11.64,0,2,2,69,0,32.5
KP Navgire,WPL,30,435,323,30,163,47,24,14.5,134.67,50.46,21.98,0,3,2,57,6,42.2
J Charles,PSL,16,435,283,15,95,46,18,29.0,153.71,33.57,22.61,0,3,5,57,2,53.2
OB Nightingale,T20I,24,435,399,18,135,29,5,24.17,109.02,33.83,8.52,0,1,4,57,2,35.7
H Hiri,ODI,32,435,787,28,517,30,5,15.54,55.27,65.69,4.45,0,1,2,77,3,17.7
B Kohler-Cadmore,T20I,13,434,243,11,88,53,20,39.45,178.6,36.21,30.04,1,2,2,133,1,65.1
MG Bracewell,T20I,30,434,323,21,117,36,17,20.67,134.37,36.22,16.41,0,2,2,61,3,42.8
UT Yadav,Test,48,434,862,41,673,40,22,10.59,50.35,78.07,7.19,0,0,2,31,9,16.4
A Sharafu,ODI,26,433,599,26,369,43,10,16.65,72.29,61.6,8.85,0,1,6,58,4,24.0
AM Tribe,T20I,19,433,355,17,138,36,15,25.47,121.97,38.87,14.37,0,3,2,73,1,41.2
Gaurav Tiwari,T20I,25,433,454,20,217,39,11,21.65,95.37,47.8,11.01,0,1,4,56,2,32.5
DS Bajwa,T20I,19,432,339,16,139,43,13,27.0,127.43,41.0,16.52,0,4,3,56,2,43.6
G Burrows,T20I,16,432,367,13,138,36,10,33.23,117.71,37.6,12.53,0,4,2,69,1,42.4
Muhammad Naeem,PSL,19,432,266,19,113,39,30,22.74,162.41,42.48,25.94,0,4,2,65,1,53.0
Pargat Singh,T20I,21,430,364,20,162,39,14,21.5,118.13,44.51,14.56,0,3,0,89,4,38.5
DT Tiripano,Test,14,429,1341,21,1128,54,1,20.43,31.99,84.12,4.1,0,1,3,52,5,15.5
A Balbirnie,Test,11,429,856,22,633,53,0,19.5,50.12,73.95,6.19,0,3,2,95,4,19.0
AJ Healy,WPL,17,428,328,16,148,69,6,26.75,130.49,45.12,22.87,0,3,3,96,0,47.6
E Chigumbura,Test,10,428,770,19,543,47,3,22.53,55.58,70.52,6.49,0,3,1,88,3,21.1
Faisal Mubashir,T20I,20,428,421,13,153,33,6,32.92,101.66,36.34,9.26,0,1,7,57,2,38.1
Younis Khan,T20I,21,428,341,18,112,31,12,23.78,125.51,32.84,12.61,0,2,5,51,2,40.7
RN ten Doeschate,T20I,19,428,314,11,80,21,17,38.91,136.31,25.48,12.1,0,2,5,59,2,48.6
LG Pretorius,T20I,17,427,283,17,96,48,15,25.12,150.88,33.92,22.26,1,2,1,101,2,51.0
CG Williams,ODI,16,427,543,14,301,38,8,30.5,78.64,55.43,8.47,1,1,3,129,1,30.7
RS Primus,CPL,33,426,349,21,139,26,23,20.29,122.06,39.83,14.04,0,0,4,38,3,38.9
NM Hauritz,Test,15,426,854,17,635,50,3,25.06,49.88,74.36,6.21,0,2,2,75,1,21.1
Washington Sundar,ODI,22,426,520,19,265,29,12,22.42,81.92,50.96,7.88,0,2,4,52,0,28.4
PK Matautaava,T20I,25,426,356,22,160,30,21,19.36,119.66,44.94,14.33,1,1,1,103,3,37.7
Yasir Hameed,Test,11,426,762,21,583,70,1,20.29,55.91,76.51,9.32,0,0,5,39,1,22.2
Khushdil Shah,T20I,30,425,404,23,174,26,20,18.48,105.2,43.07,11.39,0,0,4,36,0,33.6
MN van Wyk,ODI,16,425,617,16,399,48,4,26.56,68.88,64.67,8.43,0,4,2,82,2,26.5
G Motie,ODI,27,425,462,22,273,43,16,19.32,91.99,59.09,12.77,0,2,4,63,2,30.7
V Mbazo,T20I,41,425,499,36,262,33,7,11.81,85.17,52.51,8.02,0,0,3,35,5,24.7
Aftab Ahmed,Test,11,425,894,18,692,53,1,23.61,47.54,77.4,6.04,0,1,2,82,3,20.1
A Donovan,T20I,18,425,308,12,111,30,23,35.42,137.99,36.04,17.21,1,1,3,122,1,49.4
CJ Jordan,T20I,51,424,322,31,122,29,21,13.68,131.68,37.89,15.53,0,0,1,36,3,39.0
S Periyalwar,T20I,31,424,427,22,184,46,3,19.27,99.3,43.09,11.48,0,3,2,54,3,33.2
TL Seifert,PSL,17,424,300,17,113,56,11,24.94,141.33,37.67,22.33,0,0,6,49,1,49.1
KC Ramamoorthy,T20I,26,424,391,25,192,37,17,16.96,108.44,49.1,13.81,0,2,3,55,4,34.2
Hassan Nawaz,T20I,21,424,263,19,99,22,33,22.32,161.22,37.64,20.91,1,2,3,105,5,50.0
Sameer Rizvi,IPL,18,424,293,14,108,30,26,30.29,144.71,36.86,19.11,0,3,3,90,3,49.6
S Thakor,T20I,41,423,308,32,128,41,21,13.22,137.34,41.56,20.13,0,0,4,44,7,42.1
W Miyauchi,T20I,28,423,424,22,165,36,3,19.23,99.76,38.92,9.2,0,2,4,72,2,32.3
SA Asnodkar,IPL,20,423,339,20,149,56,10,21.15,124.78,43.95,19.47,0,2,5,60,3,42.6
SR Watson,CPL,17,423,289,14,96,26,26,30.21,146.37,33.22,17.99,0,3,4,80,3,49.5
AA Senn,T20I,20,422,473,17,206,26,6,24.82,89.22,43.55,6.77,0,2,3,61,2,30.6
NLTC Perera,IPL,30,422,307,22,112,23,26,19.18,137.46,36.48,15.96,0,0,5,40,1,42.3
JP Greaves,CPL,19,422,376,17,152,45,8,24.82,112.23,40.43,14.1,0,2,5,61,2,39.2
S Prasanna,ODI,36,421,441,33,258,29,26,12.76,95.46,58.5,12.47,0,2,1,95,6,28.6
M Kaif,Test,8,421,928,10,703,44,1,42.1,45.37,75.75,4.85,1,2,1,148,1,26.0
S Nadigotla,T20I,27,421,366,26,144,36,13,16.19,115.03,39.34,13.39,0,1,2,55,1,36.0
A Kirschbaum,T20I,29,420,424,24,186,32,6,17.5,99.06,43.87,8.96,0,2,3,51,2,30.7
SMA Priyanjan,ODI,20,420,522,18,286,47,3,23.33,80.46,54.79,9.58,0,2,4,74,0,29.1
D Padikkal,Test,4,418,695,6,456,45,2,69.67,60.14,65.61,6.76,2,1,1,167,1,40.2
CK Kapugedera,Test,8,418,786,12,579,48,7,34.83,53.18,73.66,7.0,0,4,2,96,1,25.7
N Mugabe,T20I,19,418,399,17,188,37,13,24.59,104.76,47.12,12.53,0,2,3,71,3,36.0
Faraaz Mehti Abbas,T20I,21,418,390,20,176,38,8,20.9,107.18,45.13,11.79,0,1,3,50,1,34.8
JR Hopes,IPL,19,417,306,16,111,49,11,26.06,136.27,36.27,19.61,0,4,0,71,1,47.2
C Campher,Test,9,417,1050,16,848,55,7,26.06,39.71,80.76,5.9,1,1,5,111,4,19.8
JL Pattinson,Test,15,417,971,16,769,44,7,26.06,42.95,79.2,5.25,0,0,6,47,2,19.9
S Ivetic,T20I,14,417,423,10,200,30,13,41.7,98.58,47.28,10.17,0,3,1,65,0,40.0
VB Chikkannaiah,T20I,20,416,413,19,194,30,12,21.89,100.73,46.97,10.17,0,3,1,81,1,32.9
MW Short,T20I,22,416,277,20,107,40,20,20.8,150.18,38.63,21.66,0,1,2,66,2,48.2
Milind Kumar,T20I,21,416,385,14,117,25,9,29.71,108.05,30.39,8.83,0,1,4,56,1,38.3
PR Stirling,Test,8,415,650,16,459,51,7,25.94,63.85,70.62,8.92,1,1,3,103,1,25.2
L Ronchi,CPL,16,415,290,14,107,37,18,29.64,143.1,36.9,18.97,0,3,2,70,2,49.0
Muhammad Haziq Aiman,T20I,22,415,276,21,133,42,26,19.76,150.36,48.19,24.64,1,0,4,113,4,48.5
R Rohan,T20I,27,414,418,27,213,43,12,15.33,99.04,50.96,13.16,0,0,6,49,4,31.6
A Patmore,T20I,28,414,457,24,203,39,0,17.25,90.59,44.42,8.53,0,1,4,52,3,29.0
T Webster,CPL,24,414,385,20,197,44,15,20.7,107.53,51.17,15.32,0,2,3,66,2,36.2
Namgay Thinley,T20I,37,414,395,33,194,29,20,12.55,104.81,49.11,12.41,1,0,1,100,4,31.1
PW Borren,ODI,17,413,459,14,241,42,8,29.5,89.98,52.51,10.89,0,3,3,84,2,33.9
R Ravindra,IPL,18,413,287,17,95,40,16,24.29,143.9,33.1,19.51,0,2,5,65,2,48.0
H Kerr,BBL,31,413,332,22,106,23,14,18.77,124.4,31.93,11.14,0,1,2,98,2,37.8
Imran Ali Butt,T20I,19,413,417,18,198,38,11,22.94,99.04,47.48,11.75,0,2,4,62,1,34.0
HJ Manenti,T20I,21,412,363,20,143,35,11,20.6,113.5,39.39,12.67,0,2,4,65,1,36.9
G Wareham,WPL,22,412,295,15,82,40,12,27.47,139.66,27.8,17.63,0,0,5,48,1,48.1
M Kapp,WPL,27,411,332,15,130,42,14,27.4,123.8,39.16,16.87,0,0,6,40,3,43.7
JP Kaltapau,T20I,24,411,428,19,189,27,8,21.63,96.03,44.16,8.18,0,1,6,60,3,31.2
MM Ali,CPL,28,411,362,22,158,28,20,18.68,113.54,43.65,13.26,0,1,4,56,2,36.0
M Shumba,T20I,28,410,374,19,145,27,13,21.58,109.63,38.77,10.7,0,1,2,66,0,35.5
L Scott,BBL,18,410,300,11,98,33,15,37.27,136.67,32.67,16.0,0,3,2,91,1,49.6
Shaheen Shah Afridi,PSL,46,410,314,37,147,20,34,11.08,130.57,46.82,17.2,0,2,3,55,9,37.7
LJ Evans,CPL,16,410,326,16,144,46,15,25.62,125.77,44.17,18.71,0,2,3,64,1,43.9
Mehedi Hasan Miraz,T20I,28,410,352,24,134,36,10,17.08,116.48,38.07,13.07,0,0,3,46,2,36.5
J Barker,T20I,26,409,426,17,155,29,2,24.06,96.01,36.38,7.28,0,0,5,48,1,32.6
J Botha,IPL,28,409,359,20,133,39,5,20.45,113.93,37.05,12.26,0,1,3,67,0,37.0
T Kelly,BBL,27,409,346,20,116,26,11,20.45,118.21,33.53,10.69,0,0,3,43,2,37.0
RTM Mendis,Test,14,408,929,23,702,41,2,17.74,43.92,75.57,4.63,0,0,4,45,3,16.5
Faheem Ashraf,ODI,30,408,477,27,270,36,13,15.11,85.53,56.6,10.27,0,1,1,73,2,26.9
CD Cumming,Test,9,408,1114,13,904,54,2,31.38,36.62,81.15,5.03,0,1,6,74,0,20.8
HER Tyler,T20I,31,408,334,27,156,38,19,15.11,122.16,46.71,17.07,0,0,5,46,3,38.0
CM McBride,ODI,19,407,566,18,353,50,3,22.61,71.91,62.37,9.36,0,1,5,56,2,26.4
WU Tharanga,T20I,26,407,330,25,148,42,12,16.28,123.33,44.85,16.36,0,0,4,47,3,38.3
Hasan Ali,Test,25,407,590,36,433,38,20,11.31,68.98,73.39,9.83,0,0,1,30,8,21.0
D Suzuki,T20I,43,407,398,29,175,39,6,14.03,102.26,43.97,11.31,0,0,3,45,3,31.3
H Deshan,T20I,20,407,314,19,130,50,8,21.42,129.62,41.4,18.47,0,2,5,76,2,43.0
RD Shah,ODI,14,407,636,14,428,49,2,29.07,63.99,67.3,8.02,0,3,5,71,2,26.1
Simi Singh,ODI,18,406,495,15,240,34,6,27.07,82.02,48.48,8.08,1,1,4,100,2,30.6
LR Shukla,IPL,33,405,350,27,144,33,16,15.0,115.71,41.14,14.0,0,0,3,48,3,35.8
A Capsey,WPL,16,405,303,15,127,48,16,27.0,133.66,41.91,21.12,0,1,5,75,3,47.4
Zubair Ali,T20I,12,405,327,10,127,34,15,40.5,123.85,38.84,14.98,0,5,1,86,2,47.4
I Kaia,ODI,20,405,635,19,398,35,5,21.32,63.78,62.68,6.3,1,1,1,110,0,22.7
A Athanaze,ODI,17,405,525,17,327,46,9,23.82,77.14,62.29,10.48,0,2,3,66,0,28.3
DM Bravo,T20I,22,405,379,19,161,32,14,21.32,106.86,42.48,12.14,0,0,7,43,3,35.5
AGS Gous,ODI,13,404,471,12,272,42,11,33.67,85.77,57.75,11.25,0,4,0,83,0,34.4
Rashid Khan,BBL,46,403,268,34,100,32,23,11.85,150.37,37.31,20.52,0,0,1,40,7,44.3
GF Linde,T20I,26,403,273,21,88,27,22,19.19,147.62,32.23,17.95,0,0,5,48,4,45.7
LR Johnson,Test,9,403,832,16,644,55,1,25.19,48.44,77.4,6.73,0,2,5,66,2,21.3
RJ Peterson,Test,13,403,540,16,351,54,2,25.19,74.63,65.0,10.37,0,2,3,84,2,28.0
BJ Haddin,T20I,29,402,351,23,138,30,13,17.48,114.53,39.32,12.25,0,0,4,47,2,35.6
AJ Hose,BBL,21,402,310,17,108,31,14,23.65,129.68,34.84,14.52,0,1,4,56,0,42.2
Shahid Afridi,Test,6,401,350,11,194,47,17,36.45,114.57,55.43,18.29,1,2,1,156,1,44.5
K Rabada,ODI,44,401,507,27,279,30,12,14.85,79.09,55.03,8.28,0,0,1,31,2,24.8
AL Menaria,IPL,23,401,356,21,140,24,18,19.1,112.64,39.33,11.8,0,0,5,40,1,35.7
RT Ponting,T20I,16,401,302,14,109,42,11,28.64,132.78,36.09,17.55,0,2,2,98,2,46.3
R Dianish,T20I,22,401,354,21,175,41,14,19.1,113.28,49.44,15.54,0,1,2,58,2,36.8
A Zampa,ODI,63,401,620,40,378,34,2,10.02,64.68,60.97,5.81,0,0,1,36,7,18.5
Vikramjit Singh,T20I,27,400,354,27,169,33,17,14.81,112.99,47.74,14.12,0,1,3,52,3,34.4
HH Gibbs,T20I,23,400,318,22,139,45,12,18.18,125.79,43.71,17.92,0,3,2,90,4,40.6
Sohail Tanvir,ODI,39,399,458,29,241,44,6,13.76,87.12,52.62,10.92,0,1,2,59,3,27.6
S Joseph,Test,15,399,422,24,263,42,19,16.62,94.55,62.32,14.45,0,0,4,44,2,30.7
S Desungnoen,T20I,39,399,485,32,271,35,11,12.47,82.27,55.88,9.48,0,0,2,42,5,25.0
S Gill,T20I,23,398,322,16,116,25,16,24.88,123.6,36.02,12.73,0,0,4,47,0,40.4
AJ Stewart,ODI,12,398,545,11,290,32,1,36.18,73.03,53.21,6.06,0,4,2,83,1,30.7
Ahmed Faiz Mohammad Noor,T20I,18,397,343,17,127,38,9,23.35,115.74,37.03,13.7,0,1,4,58,1,39.3
AJ Hosein,CPL,46,397,361,26,154,25,17,15.27,109.97,42.66,11.63,0,0,1,44,3,33.3
Nithish Kumar Reddy,Test,9,396,691,15,500,40,10,26.4,57.31,72.36,7.24,1,0,6,114,2,23.3
JK Vifah,T20I,28,396,361,25,172,39,9,15.84,109.7,47.65,13.3,0,1,2,63,1,33.8
Ali Naseer,ODI,17,396,390,15,208,34,18,26.4,101.54,53.33,13.33,0,3,3,61,1,35.9
G Gune,T20I,18,396,329,17,131,28,18,23.29,120.36,39.82,13.98,1,1,3,106,1,39.7
Anamul Haque,T20I,18,396,348,17,156,42,11,23.29,113.79,44.83,15.23,0,1,3,58,1,38.9
V Shukla,T20I,21,396,277,17,80,35,15,23.29,142.96,28.88,18.05,0,1,6,52,2,47.1
T Mishra,ODI,15,395,554,13,304,33,4,30.38,71.3,54.87,6.68,0,4,2,72,2,28.5
CM Carroll,T20I,5,395,199,4,56,30,30,98.75,198.49,28.14,30.15,1,3,0,150,0,81.6
Irfan Ringku,T20I,16,395,267,16,111,44,17,24.69,147.94,41.57,22.85,0,3,2,68,0,49.7
S van Zyl,Test,11,395,778,15,589,59,0,26.33,50.77,75.71,7.58,1,0,6,101,2,22.6
Abdur Rehman,Test,21,395,931,28,751,47,9,14.11,42.43,80.67,6.02,0,2,2,60,4,15.8
Shan Masood,T20I,17,395,324,13,101,30,7,30.38,121.91,31.17,11.42,0,3,3,65,2,42.1
MV Boucher,IPL,23,394,309,14,107,32,13,28.14,127.51,34.63,14.56,0,1,5,50,0,43.6
AB Barath,ODI,14,394,612,13,400,43,3,30.31,64.38,65.36,7.52,1,1,3,113,2,26.6
Anshuman Rath,ODI,12,393,527,11,289,36,3,35.73,74.57,54.84,7.4,0,3,3,85,1,31.4
MW Machan,ODI,11,393,484,11,264,36,4,35.73,81.2,54.55,8.26,0,3,3,86,0,33.0
BI Dilruksha,T20I,19,392,368,18,181,41,13,21.78,106.52,49.18,14.67,0,2,4,71,1,36.3
Suraj Kumar,ODI,18,392,511,12,278,25,12,32.67,76.71,54.4,7.24,0,3,3,62,2,30.5
Nauman Ali,Test,19,391,852,27,674,43,10,14.48,45.89,79.11,6.22,0,1,3,97,8,16.5
KMDN Kulasekara,Test,18,391,925,26,747,47,8,15.04,42.27,80.76,5.95,0,1,2,64,3,16.1
Ahmed Raza,ODI,36,391,630,30,395,28,8,13.03,62.06,62.7,5.71,0,1,2,50,5,18.9
CA Pujara,IPL,22,390,391,19,187,50,4,20.53,99.74,47.83,13.81,0,1,3,51,1,34.5
Surya Anand,T20I,28,390,364,16,123,15,14,24.38,107.14,33.79,7.97,0,1,3,50,3,35.1
NV Knight,ODI,13,390,534,13,292,31,2,30.0,73.03,54.68,6.18,0,3,3,88,0,28.3
Noman Amjad,T20I,38,390,363,29,136,26,8,13.45,107.44,37.47,9.37,0,1,1,52,5,31.4
PA de Silva,ODI,13,390,474,13,250,34,7,30.0,82.28,52.74,8.65,0,3,2,92,2,31.5
Usman Khalid,T20I,26,389,343,19,137,30,15,20.47,113.41,39.94,13.12,0,2,1,75,1,37.1
DN Wellalage,ODI,25,389,478,21,253,29,10,18.52,81.38,52.93,8.16,0,1,4,67,3,26.7
Saeed Ahmed,T20I,24,388,297,22,111,28,20,17.64,130.64,37.37,16.16,0,1,4,73,3,40.8
AJ Doolan,BBL,22,388,353,20,146,41,4,19.4,109.92,41.36,12.75,0,1,3,70,1,35.7
S Muthusamy,Test,7,388,811,7,596,34,4,55.43,47.84,73.49,4.69,1,2,2,109,0,31.1
Sharjeel Khan,T20I,17,388,289,17,141,51,14,22.82,134.26,48.79,22.49,0,2,4,59,0,45.8
Azhar Mahmood,IPL,21,388,303,19,116,39,13,20.42,128.05,38.28,17.16,0,2,3,80,2,42.0
HS Gericke,T20I,16,387,238,16,71,32,17,24.19,162.61,29.83,20.59,0,3,1,67,0,51.7
Amjad Sher,T20I,41,387,307,33,122,23,18,11.73,126.06,39.74,13.36,0,0,2,37,3,35.7
BJ Bennett,ODI,12,387,429,12,242,48,6,32.25,90.21,56.41,12.59,1,0,3,169,2,35.5
J Blackwood,CPL,25,387,423,22,215,27,13,17.59,91.49,50.83,9.46,0,1,1,74,2,28.9
Aryan Lakra,ODI,16,387,668,16,438,35,4,24.19,57.93,65.57,5.84,0,4,0,84,2,22.2
AJ Hall,ODI,29,387,451,21,218,30,6,18.43,85.81,48.34,7.98,0,2,0,56,4,27.8
R Pathan,T20I,12,387,245,10,85,41,17,38.7,157.96,34.69,23.67,1,2,2,107,3,57.9
EP Gulbis,BBL,28,386,301,21,109,35,11,18.38,128.24,36.21,15.28,0,1,2,61,3,40.3
V Sehwag,T20I,17,386,261,17,103,42,16,22.71,147.89,39.46,22.22,0,2,2,68,1,48.8
J Fraser-McGurk,IPL,15,385,193,15,82,39,30,25.67,199.48,42.49,35.75,0,4,1,84,3,59.1
M Simpson-Parker,T20I,19,383,315,15,128,29,14,25.53,121.59,40.63,13.65,0,4,0,65,1,40.3
JL Smith,ODI,17,383,336,17,179,50,10,22.53,113.99,53.27,17.86,0,3,3,64,4,39.2
Naeem Islam,Test,7,383,994,11,801,48,4,34.82,38.53,80.58,5.23,1,1,4,108,0,22.5
G Singh,T20I,22,383,358,16,156,28,13,23.94,106.98,43.58,11.45,0,3,2,65,3,35.8
Abdul Razzaq,T20I,28,383,322,18,134,20,21,21.28,118.94,41.61,12.73,0,0,2,46,2,37.6
Mohammad Ashraful,T20I,20,382,278,20,100,41,11,19.1,137.41,35.97,18.71,0,2,2,65,2,44.2
MR Adair,Test,7,382,556,11,381,52,5,34.73,68.71,68.53,10.25,0,2,3,88,2,30.2
T Munyonga,T20I,36,382,364,28,144,28,9,13.64,104.95,39.56,10.16,0,0,3,44,3,31.4
CS Baugh,ODI,27,382,553,20,312,30,4,19.1,69.08,56.42,6.15,0,0,4,49,1,23.4
Hazratullah,PSL,12,382,250,12,103,45,18,31.83,152.8,41.2,25.2,0,4,2,77,2,54.6
A Mishra,IPL,57,381,419,32,177,31,5,11.91,90.93,42.24,8.59,0,0,2,31,10,27.4
Sompal Kami,T20I,47,381,338,33,154,27,15,11.55,112.72,45.56,12.43,0,0,1,40,5,32.3
Iqbal Hossain,T20I,14,381,227,14,112,33,30,27.21,167.84,49.34,27.75,0,2,6,66,3,55.5
CN Ackermann,ODI,15,380,509,14,284,38,2,27.14,74.66,55.8,7.86,0,3,2,69,2,28.4
Arslan Amjad,T20I,28,380,361,27,176,30,16,14.07,105.26,48.75,12.74,0,2,2,64,7,32.0
MDKJ Perera,PSL,14,380,244,11,64,35,15,34.55,155.74,26.23,20.49,0,4,3,62,1,55.1
SPD Smith,PSL,11,380,235,11,71,39,18,34.55,161.7,30.21,24.26,1,2,4,106,1,57.8
Muhammad Fahad,T20I,12,380,212,12,80,37,25,31.67,179.25,37.74,29.25,1,2,2,120,1,61.5
J Gumbie,ODI,15,379,567,15,357,42,1,25.27,66.84,62.96,7.58,0,2,2,78,2,25.4
JS Patel,Test,21,379,692,28,507,44,3,13.54,54.77,73.27,6.79,0,0,1,47,6,17.8
SM Katich,BBL,19,379,295,16,98,39,6,23.69,128.47,33.22,15.25,0,2,2,75,2,42.7
XM Marshall,ODI,26,379,665,25,461,41,4,15.16,56.99,69.32,6.77,0,1,3,50,4,18.8
KR Mayers,IPL,13,379,263,13,124,38,22,29.15,144.11,47.15,22.81,0,4,1,73,2,50.0
D Ajekun,T20I,34,379,511,32,283,32,2,11.84,74.17,55.38,6.65,0,0,2,36,3,21.8
J Coetzee,T20I,23,378,349,17,138,24,14,22.24,108.31,39.54,10.89,0,0,6,45,1,35.6
YS Samra,ODI,13,378,472,13,293,43,11,29.08,80.08,62.08,11.44,0,3,3,78,1,31.4
LN Oluoch,T20I,43,378,345,24,150,26,14,15.75,109.57,43.48,11.59,0,0,2,32,2,33.2
Hasan Ali,ODI,38,377,327,28,167,28,23,13.46,115.29,51.07,15.6,0,2,3,59,5,34.7
SN Thakur,Test,12,377,630,20,455,46,9,18.85,59.84,72.22,8.73,0,4,1,67,3,21.8
C Hartmann,T20I,23,377,351,18,148,23,17,20.94,107.41,42.17,11.4,0,0,5,35,3,34.9
SE Gotch,BBL,30,377,368,23,141,24,9,16.39,102.45,38.32,8.97,0,0,5,48,1,31.4
AB Kamara,T20I,26,377,410,22,184,26,10,17.14,91.95,44.88,8.78,0,0,4,46,5,29.2
Kuldeep,T20I,13,377,228,12,89,35,23,31.42,165.35,39.04,25.44,0,3,1,80,0,56.7
WIA Fernando,T20I,37,376,408,34,183,28,8,11.06,92.16,44.85,8.82,0,0,3,37,5,27.0
S Movva,T20I,22,376,352,17,137,29,8,22.12,106.82,38.92,10.51,0,0,5,37,1,35.1
Ehsan Khan,T20I,55,376,350,28,136,21,15,13.43,107.43,38.86,10.29,0,0,1,42,7,31.8
Asif Ali,ODI,15,375,308,14,123,22,20,26.79,121.75,39.94,13.64,0,3,3,52,0,40.9
AM Rahane,T20I,20,375,331,18,116,32,6,20.83,113.29,35.05,11.48,0,1,4,61,2,36.8
Hisham Sheikh,T20I,23,375,410,18,150,20,3,20.83,91.46,36.59,5.61,0,0,1,47,0,29.6
NT Ellis,BBL,44,375,292,27,102,33,12,13.89,128.42,34.93,15.41,0,0,2,40,5,38.9
Shahzaib Jamil,T20I,19,375,276,16,103,19,26,23.44,135.87,37.32,16.3,0,0,6,44,1,43.8
DB Ravi Teja,IPL,25,375,317,19,116,35,9,19.74,118.3,36.59,13.88,0,1,4,60,1,38.4
Saud Shakeel,ODI,14,374,438,13,219,40,1,28.77,85.39,50.0,9.36,0,4,2,68,0,32.3
SA Abbott,ODI,21,374,388,19,206,32,13,19.68,96.39,53.09,11.6,0,2,2,69,1,31.5
D Heyliger,T20I,36,374,229,15,72,23,26,24.93,163.32,31.44,21.4,0,0,1,30,4,52.4
Irfan Hafejee,T20I,23,374,432,21,236,34,10,17.81,86.57,54.63,10.19,0,0,5,44,3,28.3
L Steenkamp,ODI,10,374,525,10,298,24,8,37.4,71.24,56.76,6.1,0,4,1,78,0,30.4
Adnan Idrees,T20I,29,374,281,28,142,48,15,13.36,133.1,50.53,22.42,0,1,3,56,6,41.8
Esam Rahman,T20I,14,373,300,11,125,37,12,33.91,124.33,41.67,16.33,0,2,4,64,1,45.5
R Lutaaya,T20I,26,372,292,26,123,42,9,14.31,127.4,42.12,17.47,0,1,3,70,5,39.2
D Jansen,T20I,15,372,298,10,113,30,13,37.2,124.83,37.92,14.43,0,2,2,86,1,46.0
AA Onikoyi,T20I,26,372,423,23,218,26,12,16.17,87.94,51.54,8.98,0,1,2,52,5,27.5
M Chadha,T20I,13,371,313,9,124,33,14,41.22,118.53,39.62,15.02,0,2,4,74,1,46.8
SN Khan,Test,6,371,495,10,311,44,8,37.1,74.95,62.83,10.51,1,3,0,150,3,32.9
CH Gayle,PSL,16,370,271,16,126,24,29,23.12,136.53,46.49,19.56,0,2,4,68,2,44.6
M Ntini,Test,48,370,849,37,684,48,4,10.0,43.58,80.57,6.12,0,0,1,32,13,14.4
Maaz Khan,T20I,21,370,249,20,113,32,25,18.5,148.59,45.38,22.89,0,3,0,96,6,46.9
KDK Vithanage,Test,10,370,484,14,321,44,9,26.43,76.45,66.32,10.95,1,1,3,103,1,28.9
C Pyle,T20I,21,370,304,17,124,33,13,21.76,121.71,40.79,15.13,0,0,4,47,1,39.9
CJ Boyce,BBL,48,370,315,32,131,25,19,11.56,117.46,41.59,13.97,0,1,0,51,7,34.6
KA Pollard,BBL,19,369,249,16,82,25,20,23.06,148.19,32.93,18.07,0,1,2,65,1,47.1
M Louis,Test,10,369,897,20,710,40,4,18.45,41.14,79.15,4.91,0,2,1,97,1,16.5
P Sharma,T20I,25,369,344,22,163,41,7,16.77,107.27,47.38,13.95,0,0,5,43,2,34.3
PJ Forrest,ODI,14,368,561,14,341,34,4,26.29,65.6,60.78,6.77,1,3,0,104,2,25.4
IG Holland,ODI,14,368,475,14,242,27,3,26.29,77.47,50.95,6.32,0,2,3,75,1,28.1
S Sohal,IPL,20,368,292,20,136,34,18,18.4,126.03,46.58,17.81,0,2,4,62,3,40.2
DJ Hooda,T20I,17,368,250,12,77,29,18,30.67,147.2,30.8,18.8,1,0,4,104,2,50.6
CK Jasmat,T20I,25,367,333,21,146,26,18,17.48,110.21,43.84,13.21,0,0,6,42,3,35.0
S Pradhan,T20I,26,367,409,25,212,41,4,14.68,89.73,51.83,11.0,0,1,0,59,3,28.4
JA Warrican,Test,24,367,668,28,491,32,9,13.11,54.94,73.5,6.14,0,0,4,41,7,17.2
MS Sinclair,ODI,15,367,561,12,341,32,2,30.58,65.42,60.78,6.06,0,3,3,78,2,26.5
Raza Iqbal,T20I,26,366,319,23,142,42,8,15.91,114.73,44.51,15.67,0,2,0,64,3,36.5
J Overton,BBL,22,366,262,12,82,23,17,30.5,139.69,31.3,15.27,0,0,6,45,0,47.1
B Masaba,T20I,34,366,368,22,170,37,6,16.64,99.46,46.2,11.68,0,0,2,37,2,31.8
MA Jones,T20I,15,366,264,14,102,34,17,26.14,138.64,38.64,19.32,0,2,3,86,1,47.0
A Parima,T20I,20,366,315,18,158,30,21,20.33,116.19,50.16,16.19,0,2,1,64,2,37.9
P Negi,IPL,35,365,289,26,112,27,16,14.04,126.3,38.75,14.88,0,0,3,36,3,37.7
Pyae Phyo Wai,T20I,28,365,459,28,235,22,6,13.04,79.52,51.2,6.1,0,1,2,52,4,23.2
DW Steyn,ODI,51,365,562,39,376,35,9,9.36,64.95,66.9,7.83,0,1,1,60,8,18.7
KM Dabengwa,ODI,23,364,614,18,373,20,6,20.22,59.28,60.75,4.23,0,0,5,45,2,20.5
JC Archer,Test,22,364,669,30,490,40,8,12.13,54.41,73.24,7.17,0,1,3,51,4,17.4
PS Athavale,T20I,17,364,288,16,110,39,10,22.75,126.39,38.19,17.01,0,2,3,54,1,42.5
Saim Ayub,Test,8,364,668,16,485,38,4,22.75,54.49,72.6,6.29,0,3,1,77,3,20.8
Mohammad Amir,ODI,30,363,444,20,250,32,8,18.15,81.76,56.31,9.01,0,2,0,73,5,26.7
Nasir Jamshed,T20I,18,363,320,17,142,34,12,21.35,113.44,44.38,14.37,0,2,2,56,1,37.5
Mohammad Nabi,CPL,23,363,260,16,95,24,21,22.69,139.62,36.54,17.31,0,0,3,35,0,44.8
B Bhandari,T20I,26,363,299,20,131,29,16,18.15,121.4,43.81,15.05,0,2,2,58,1,38.0
SP Narine,ODI,42,363,441,33,270,36,12,11.0,82.31,61.22,10.88,0,0,1,36,8,24.6
Rahmanullah Gurbaz,IPL,18,363,269,17,132,34,22,21.35,134.94,49.07,20.82,0,2,2,81,2,44.2
DA Blignaut,T20I,25,362,393,20,193,18,15,18.1,92.11,49.11,8.4,0,0,3,47,1,28.7
A Shreshta,T20I,20,361,361,18,165,34,5,20.06,100.0,45.71,10.8,0,1,1,76,1,32.6
DG Brownlie,ODI,15,361,486,14,289,46,1,25.79,74.28,59.47,9.67,0,1,5,63,0,28.5
CB Wishart,ODI,15,361,492,14,302,40,4,25.79,73.37,61.38,8.94,1,0,2,172,2,27.6
DT Johnston,ODI,29,361,459,21,253,27,8,17.19,78.65,55.12,7.63,0,0,2,34,2,25.1
SG Mangela,T20I,16,361,310,15,106,32,4,24.07,116.45,34.19,11.61,0,2,4,65,1,38.6
T Stubbs,ODI,12,361,409,11,179,17,9,32.82,88.26,43.77,6.36,1,3,0,112,3,33.1
Mohammad Saifuddin,ODI,18,360,420,10,209,29,6,36.0,85.71,49.76,8.33,0,2,2,51,1,34.4
Naseem Khushi,ODI,24,360,329,23,156,24,19,15.65,109.42,47.42,13.07,0,1,2,69,3,33.5
G Kansonkho,T20I,29,360,410,24,215,36,3,15.0,87.8,52.44,9.51,0,0,5,47,3,27.2
Zeshan Arif,T20I,24,360,257,20,123,32,23,18.0,140.08,47.86,21.4,0,1,4,61,2,44.2
S Hook,T20I,23,359,352,18,174,28,15,19.94,101.99,49.43,12.22,0,2,2,69,2,33.3
Wahab Riaz,PSL,52,359,280,33,110,31,14,10.88,128.21,39.29,16.07,0,0,1,33,10,37.5
NM Odhiambo,T20I,32,359,338,25,146,25,12,14.36,106.21,43.2,10.95,0,2,0,67,6,31.8
L Ronchi,T20I,25,359,256,20,85,30,14,17.95,140.23,33.2,17.19,0,1,5,51,5,43.5
JD Campbell,ODI,12,359,351,11,182,37,11,32.64,102.28,51.85,13.68,1,0,2,179,0,38.7
Shah Abrar Hussain,T20I,20,358,345,16,163,21,19,22.38,103.77,47.25,11.59,0,1,4,74,3,34.3
JS Malhotra,ODI,15,358,373,12,201,23,20,29.83,95.98,53.89,11.53,1,1,1,173,2,35.0
O Olaleye,T20I,25,358,374,22,183,29,8,16.27,95.72,48.93,9.89,0,0,6,46,1,29.5
NE Bonner,CPL,19,358,404,17,201,27,9,21.06,88.61,49.75,8.91,0,0,6,47,0,29.6
T Thushara,ODI,23,357,382,19,190,31,7,18.79,93.46,49.74,9.95,0,1,3,54,4,30.1
KJ O'Brien,CPL,16,357,278,14,122,22,22,25.5,128.42,43.88,15.83,0,3,2,90,1,42.2
Azan Awais,Test,7,357,659,14,486,53,0,25.5,54.17,73.75,8.04,1,2,1,103,2,23.0
BA Carse,Test,14,357,491,20,332,32,15,17.85,72.71,67.62,9.57,0,1,4,56,3,24.0
E Sebareme,T20I,40,356,366,30,174,22,11,11.87,97.27,47.54,9.02,0,0,1,34,4,27.7
AC Douglas,T20I,19,355,264,18,125,32,21,19.72,134.47,47.35,20.08,0,2,2,74,1,43.2
BW Hilfenhaus,Test,22,355,655,26,495,49,5,13.65,54.2,75.57,8.24,0,1,1,56,8,18.7
Aamer Jamal,Test,9,355,631,15,455,40,6,23.67,56.26,72.11,7.29,0,2,3,82,3,22.1
TM McGrath,WPL,17,355,262,15,110,51,8,23.67,135.5,41.98,22.52,0,4,1,90,3,47.2
CN Greaves,ODI,22,355,401,16,213,31,8,22.19,88.53,53.12,9.73,0,2,1,56,1,30.0
S Austin,T20I,24,354,344,22,138,28,5,16.09,102.91,40.12,9.59,0,0,4,46,3,31.5
B Kumar,IPL,75,354,377,38,172,34,4,9.32,93.9,45.62,10.08,0,0,0,27,6,27.3
JL Denly,PSL,13,354,287,12,124,42,11,29.5,123.34,43.21,18.47,0,3,2,79,2,44.9
JJ Atkinson,T20I,24,354,304,20,133,35,11,17.7,116.45,43.75,15.13,0,3,1,68,5,37.2
EC Joyce,T20I,13,353,371,10,159,27,5,35.3,95.15,42.86,8.63,0,1,3,78,0,36.6
Harpreet Singh,ODI,8,353,376,8,173,36,5,44.12,93.88,46.01,10.9,0,3,3,81,0,40.8
Q Sampson,CPL,17,353,217,10,90,24,28,35.3,162.67,41.47,23.96,0,2,2,76,1,56.4
S Grover,T20I,22,353,259,18,101,34,14,19.61,136.29,39.0,18.53,1,0,2,116,3,43.6
AB Agarkar,ODI,37,352,539,37,327,26,6,9.51,65.31,60.67,5.94,0,1,1,53,4,18.5
BJ Hodge,CPL,16,352,271,12,111,26,18,29.33,129.89,40.96,16.24,0,2,3,65,2,44.5
KV Sharma,IPL,40,352,295,26,113,20,17,13.54,119.32,38.31,12.54,0,0,2,39,1,35.1
PS Masvaure,Test,8,351,994,15,812,43,1,23.4,35.31,81.69,4.43,0,3,2,74,2,17.2
RD Rickelton,ODI,16,351,421,15,252,40,5,23.4,83.37,59.86,10.69,0,1,5,91,2,29.5
DJ Mitchell,IPL,15,351,267,13,75,28,10,27.0,131.46,28.09,14.23,0,2,2,63,0,44.4
A Raza,T20I,24,350,237,24,115,39,20,14.58,147.68,48.52,24.89,0,2,1,64,6,46.2
J Andrew,CPL,17,350,310,15,134,28,14,23.33,112.9,43.23,13.55,0,2,2,58,1,37.8
SN Thakur,IPL,44,349,263,30,95,32,13,11.63,132.7,36.12,17.11,0,1,0,68,8,39.6
FH Allen,IPL,11,349,163,10,58,33,28,34.9,214.11,35.58,37.42,1,1,1,100,0,63.5
J Singye,T20I,22,349,472,22,230,16,5,15.86,73.94,48.73,4.45,0,0,4,46,1,22.7
Sameer Minhas,PSL,11,349,224,9,76,41,13,38.78,155.8,33.93,24.11,0,3,1,82,0,57.9
KJ Ferrary,T20I,16,348,309,13,108,33,6,26.77,112.62,34.95,12.62,0,2,4,58,1,39.6
JJ Bumrah,Test,47,348,843,53,689,38,11,6.57,41.28,81.73,5.81,0,0,2,34,28,12.6
SP Krishnamurthi,ODI,16,348,348,13,172,20,17,26.77,100.0,49.43,10.63,0,2,3,61,2,34.5
Mukhtar Ghulami,T20I,23,348,304,22,142,31,16,15.82,114.47,46.71,15.46,0,0,3,46,2,36.0
AB Kaur,WPL,24,348,268,15,95,42,6,23.2,129.85,35.45,17.91,0,0,5,42,1,44.1
Wahidullah Sahak,T20I,18,347,258,17,102,37,12,20.41,134.5,39.53,18.99,0,3,1,75,1,43.9
Ikramullah Khan,T20I,26,347,299,22,123,31,12,15.77,116.05,41.14,14.38,0,3,0,55,3,36.3
OA Shah,T20I,15,347,284,14,105,26,13,24.79,122.18,36.97,13.73,0,1,4,55,0,40.7
SJ Myburgh,ODI,14,347,457,12,296,40,7,28.92,75.93,64.77,10.28,0,3,2,74,1,29.5
Jahurul Islam,Test,7,347,902,13,735,37,4,26.69,38.47,81.49,4.55,0,0,6,48,2,18.9
R Trumpelmann,T20I,35,346,270,22,102,21,19,15.73,128.15,37.78,14.81,0,0,1,46,3,38.7
MA Carberry,BBL,12,346,268,9,107,37,10,38.44,129.1,39.93,17.54,0,4,0,77,0,48.9
K Hinds,T20I,26,346,339,26,191,24,20,13.31,102.06,56.34,12.98,0,2,2,60,6,30.3
LH Rodrigues,T20I,23,346,371,19,185,29,7,18.21,93.26,49.87,9.7,0,2,2,59,3,29.6
NM Coulter-Nile,BBL,46,345,252,31,110,21,23,11.13,136.9,43.65,17.46,0,0,1,31,10,39.1
NM Salonen,T20I,26,345,300,25,124,22,12,13.8,115.0,41.33,11.33,0,0,4,44,3,33.3
MA Carberry,Test,6,345,835,12,690,54,1,28.75,41.32,82.63,6.59,0,1,7,60,2,21.4
WA Young,T20I,19,344,338,19,163,35,10,18.11,101.78,48.22,13.31,0,2,2,56,0,33.4
M Labuschagne,PSL,13,344,264,12,91,45,4,28.67,130.3,34.47,18.56,0,2,2,61,0,46.8
Kamran Ahmadzai,T20I,16,344,217,13,77,23,21,26.46,158.53,35.48,20.28,0,1,3,56,1,50.9
AM McCarthy,CPL,21,344,291,18,121,22,18,19.11,118.21,41.58,13.75,0,2,2,61,4,37.3
Sheikh Rasik,T20I,10,344,201,8,69,19,28,43.0,171.14,34.33,23.38,1,2,1,106,0,61.1
TC Bruce,T20I,21,344,282,19,87,26,10,18.11,121.99,30.85,12.77,0,2,2,59,2,38.4
RS Morton,Test,10,343,728,18,579,49,4,19.06,47.12,79.53,7.28,0,2,3,67,0,19.1
SK Awiah,T20I,25,343,435,23,234,28,5,14.91,78.85,53.79,7.59,0,0,4,47,2,24.4
S Chanderpaul,T20I,22,343,347,17,162,34,5,20.18,98.85,46.69,11.24,0,0,2,41,0,32.6
DT Tiripano,ODI,26,343,526,18,332,27,8,19.06,65.21,63.12,6.65,0,1,2,55,2,22.1
Shaheen Shah Afridi,T20I,40,343,269,23,129,19,25,14.91,127.51,47.96,16.36,0,0,1,33,6,37.9
GP Meade,T20I,29,343,338,22,148,24,9,15.59,101.48,43.79,9.76,0,1,1,59,5,30.7
Ashfaq Ahmed,ODI,15,343,384,15,223,38,9,22.87,89.32,58.07,12.24,0,2,3,92,1,31.4
TM Dowlin,Test,6,343,742,11,559,41,1,31.18,46.23,75.34,5.66,0,3,1,95,0,22.4
JH Kallis,BBL,12,343,275,10,108,32,13,34.3,124.73,39.27,16.36,0,3,1,97,2,46.0
MA Vermeulen,Test,4,343,749,8,591,43,2,42.88,45.79,78.91,6.01,1,1,2,118,0,27.0
K Alleyne,CPL,19,342,253,19,103,25,20,18.0,135.18,40.71,17.79,0,0,6,47,1,42.1
J Sumerauer,T20I,28,342,235,19,80,23,16,18.0,145.53,34.04,16.6,0,1,3,54,2,43.7
BR McDermott,T20I,23,342,343,19,148,17,13,18.0,99.71,43.15,8.75,0,2,2,54,3,30.8
D Khanal,ODI,13,342,495,13,292,25,6,26.31,69.09,58.99,6.26,0,3,3,76,2,25.7
CS Delport,CPL,19,342,282,17,134,36,15,20.12,121.28,47.52,18.09,0,1,4,50,3,40.2
Najjam Shahzad,T20I,22,342,264,18,115,27,19,19.0,129.55,43.56,17.42,0,0,5,47,4,41.0
R Bhatia,IPL,47,342,284,30,104,24,13,11.4,120.42,36.62,13.03,0,0,0,26,3,35.0
Luka Woods,T20I,11,341,242,11,109,34,19,31.0,140.91,45.04,21.9,1,0,4,107,1,49.9
CFK van Wyk,Test,9,341,694,16,517,41,0,21.31,49.14,74.5,5.91,0,1,4,71,3,19.3
JS Lehmann,BBL,28,341,312,24,111,34,3,14.21,109.29,35.58,11.86,0,1,2,65,6,33.8
Mohammad Rizlan,T20I,23,341,294,20,138,21,21,17.05,115.99,46.94,14.29,0,3,1,72,3,35.8
Z Crawley,BBL,14,340,300,12,128,35,7,28.33,113.33,42.67,14.0,0,3,2,65,0,40.1
P Kumar,IPL,57,340,314,38,148,22,17,8.95,108.28,47.13,12.42,0,0,1,34,9,30.5
Hasan Ali,PSL,48,340,244,33,96,27,16,10.3,139.34,39.34,17.62,0,0,1,45,6,39.9
CJ Jordan,BBL,41,340,282,28,105,21,15,12.14,120.57,37.23,12.77,0,1,1,59,3,35.0
SY Nihute,T20I,22,340,391,19,177,19,8,17.89,86.96,45.27,6.91,0,1,1,56,1,27.4
PP Shaw,Test,5,339,394,8,238,48,2,42.38,86.04,60.41,12.69,1,2,1,134,1,38.2
GJ Maxwell,Test,7,339,570,13,397,33,7,26.08,59.47,69.65,7.02,1,0,3,104,0,23.3
MG Bracewell,Test,9,339,594,16,431,44,2,21.19,57.07,72.56,7.74,0,1,2,74,1,21.5
M Vijay,ODI,16,339,506,16,306,33,3,21.19,67.0,60.47,7.11,0,1,3,72,0,23.9
AP Tare,IPL,27,339,273,24,129,40,11,14.12,124.18,47.25,18.68,0,1,1,59,5,38.8
SM Solia,T20I,12,338,280,11,102,28,12,30.73,120.71,36.43,14.29,0,2,2,74,0,43.1
R Rampaul,ODI,35,338,438,28,277,31,13,12.07,77.17,63.24,10.05,0,1,0,86,3,23.4
GK Ghalley,T20I,30,338,357,25,197,23,15,13.52,94.68,55.18,10.64,0,0,2,40,6,27.9
Maaz Sadaqat,PSL,15,338,193,13,67,33,20,26.0,175.13,34.72,27.46,0,3,2,64,3,57.9
BM Pecic,T20I,16,337,307,15,134,24,15,22.47,109.77,43.65,12.7,1,1,1,102,0,36.4
Jaker Ali,Test,6,337,595,11,422,36,6,30.64,56.64,70.92,7.06,0,4,1,91,0,24.6
HJH Marshall,Test,8,337,691,12,518,41,1,28.08,48.77,74.96,6.08,1,1,0,146,1,21.9
A Symonds,T20I,11,337,199,7,47,33,10,48.14,169.35,23.62,21.61,0,2,4,85,2,63.1
AA Jangoo,Test,5,336,575,8,378,31,4,42.0,58.43,65.74,6.09,1,0,1,233,1,29.0
Ritik Tomar,T20I,28,336,322,24,144,26,10,14.0,104.35,44.72,11.18,0,0,2,38,4,31.3
MS Atapattu,Test,7,336,873,12,703,39,1,28.0,38.49,80.53,4.58,0,2,2,80,1,19.4
MM Ali,PSL,17,336,230,15,86,24,20,22.4,146.09,37.39,19.13,0,1,3,65,1,46.6
Amar Naeem,T20I,24,336,289,20,148,28,20,16.8,116.26,51.21,16.61,0,1,2,66,1,36.7
SD Robson,Test,7,336,755,11,594,42,1,30.55,44.5,78.68,5.7,1,1,1,127,0,21.9
Haroon Arshad,T20I,24,336,252,17,78,26,9,19.76,133.33,30.95,13.89,0,1,1,68,2,41.3
R Rampaul,Test,18,335,629,23,487,40,10,14.57,53.26,77.42,7.95,0,0,5,40,6,18.7
K Irakoze,T20I,41,335,314,36,143,20,17,9.31,106.69,45.54,11.78,0,0,2,34,9,30.2
Rashid Latif,ODI,17,335,401,15,205,22,6,22.33,83.54,51.12,6.98,0,0,4,38,1,27.8
Zain Ul Abidin,T20I,31,335,284,19,113,18,17,17.63,117.96,39.79,12.32,0,1,1,58,3,36.0
RE van der Merwe,ODI,31,334,375,23,176,22,8,14.52,89.07,46.93,8.0,0,1,2,57,3,26.9
Taskin Ahmed,Test,20,334,658,29,488,35,6,11.52,50.76,74.16,6.23,0,1,2,75,3,16.0
S Milenko,BBL,32,333,276,22,109,24,13,15.14,120.65,39.49,13.41,0,1,0,66,3,36.2
Chaudhary Akram,T20I,13,333,315,12,130,31,3,27.75,105.71,41.27,10.79,0,1,6,57,0,36.9
Mohammad Mithun,Test,10,333,752,18,566,32,3,18.5,44.28,75.27,4.65,0,2,1,67,4,16.7
HP Tillakaratne,ODI,13,332,548,11,333,28,0,30.18,60.58,60.77,5.11,0,1,4,81,0,25.0
Umar Amin,PSL,18,332,307,14,120,36,4,23.71,108.14,39.09,13.03,0,2,2,61,2,37.5
JN Gillespie,Test,16,332,1127,16,956,45,1,20.75,29.46,84.83,4.08,0,1,2,54,1,15.1
SS Pathirana,ODI,14,332,383,13,210,33,5,25.54,86.68,54.83,9.92,0,1,4,56,0,30.9
C Connolly,ODI,10,332,371,8,199,29,11,41.5,89.49,53.64,10.78,1,2,1,149,2,38.0
A Flower,ODI,7,332,459,7,254,30,1,47.43,72.33,55.34,6.75,0,3,3,71,0,34.9
KW Richardson,BBL,50,332,285,26,106,23,11,12.77,116.49,37.19,11.93,0,0,1,45,7,34.1
KA Edwards,ODI,16,331,494,14,291,23,7,23.64,67.0,58.91,6.07,1,0,1,123,3,24.3
B Bhandari,ODI,16,331,528,16,328,32,3,20.69,62.69,62.12,6.63,0,2,2,59,1,22.5
Muhammad Umar,T20I,21,331,281,17,119,12,22,19.47,117.79,42.35,12.1,0,1,3,59,1,36.2
OA Shah,BBL,16,329,266,10,90,27,9,32.9,123.68,33.83,13.53,0,1,5,55,2,44.2
SN Thakur,ODI,24,329,313,19,137,31,9,17.32,105.11,43.77,12.78,0,1,3,50,1,33.9
R Hekure,ODI,22,328,426,20,229,26,6,16.4,77.0,53.76,7.51,0,1,4,58,4,24.7
Khushdil Shah,ODI,12,328,334,10,150,25,10,32.8,98.2,44.91,10.48,0,1,4,69,0,37.0
PB Gouge,T20I,11,328,204,9,62,19,21,36.44,160.78,30.39,19.61,0,3,3,58,1,55.2
Adnan Mufti,ODI,15,328,398,11,183,27,1,29.82,82.41,45.98,7.04,0,1,3,57,0,31.2
D Wiese,ODI,14,328,364,12,177,21,10,27.33,90.11,48.63,8.52,0,1,4,67,1,32.0
Jaker Ali,ODI,8,328,414,7,224,23,11,46.86,79.23,54.11,8.21,0,3,2,68,0,36.8
G Venkateswaran,T20I,21,327,285,19,118,30,10,17.21,114.74,41.4,14.04,0,0,4,47,1,36.3
RJ Nicol,T20I,19,327,296,19,139,33,11,17.21,110.47,46.96,14.86,0,2,3,58,2,35.5
MH Richardson,Test,6,327,972,10,808,43,0,32.7,33.64,83.13,4.42,1,0,2,145,0,20.4
A Gbla,T20I,33,327,310,28,144,21,13,11.68,105.48,46.45,10.97,0,1,2,55,6,30.2
RA Herman,T20I,16,327,254,14,98,31,11,23.36,128.74,38.58,16.54,0,1,2,63,0,42.6
SA Engelbrecht,ODI,11,327,501,10,301,28,3,32.7,65.27,60.08,6.19,0,1,4,70,0,27.4
V Shukla,ODI,16,327,387,14,200,16,14,23.36,84.5,51.68,7.75,0,1,4,58,1,28.8
BJ Haddin,PSL,16,327,250,13,92,25,15,25.15,130.8,36.8,16.0,0,4,0,73,2,43.5
JEC Franklin,IPL,16,327,301,11,115,25,9,29.73,108.64,38.21,11.3,0,1,2,79,0,38.8
MH Yardy,ODI,24,326,472,16,249,20,1,20.38,69.07,52.75,4.45,0,2,1,60,1,23.2
JC Archer,IPL,40,326,225,25,80,18,22,13.04,144.89,35.56,17.78,0,0,2,32,5,42.3
RN ten Doeschate,IPL,21,326,235,14,77,26,15,23.29,138.72,32.77,17.45,0,1,3,70,3,45.4
D Ferreira,IPL,16,326,191,12,71,26,23,27.17,170.68,37.17,25.65,0,2,3,69,1,56.2
SJ Baard,ODI,17,326,559,17,373,31,3,19.18,58.32,66.73,6.08,0,2,1,73,3,20.3
A Athanaze,T20I,14,326,252,13,118,31,17,25.08,129.37,46.83,19.05,0,2,4,60,0,43.9
MT Renshaw,ODI,10,326,336,9,127,19,6,36.22,97.02,37.8,7.44,1,2,2,109,2,37.1
C Esterhuizen,T20I,9,326,210,8,85,25,23,40.75,155.24,40.48,22.86,0,3,2,88,0,56.8
JA Fitzgerald,T20I,33,326,242,20,92,15,20,16.3,134.71,38.02,14.46,0,0,0,28,6,39.5
WJ Cope,T20I,31,326,283,25,130,44,2,13.04,115.19,45.94,16.25,0,1,3,51,6,35.6
DK Mathias,T20I,14,325,319,11,147,21,15,29.55,101.88,46.08,11.29,0,2,3,61,0,36.7
R Coker,T20I,37,325,499,34,308,28,3,9.56,65.13,61.72,6.21,0,1,1,53,3,18.4
Sohag Gazi,Test,10,325,529,15,381,32,11,21.67,61.44,72.02,8.13,1,0,2,101,3,22.6
KP Pietersen,CPL,12,325,248,11,84,25,15,29.55,131.05,33.87,16.13,0,2,1,83,0,45.7
D Mongia,ODI,18,325,536,16,321,24,3,20.31,60.63,59.89,5.04,0,1,4,63,2,21.3
PM Nevill,BBL,31,325,316,22,124,28,2,14.77,102.85,39.24,9.49,0,0,1,33,2,31.0
Adeeb Usmani,ODI,8,325,398,8,215,25,11,40.62,81.66,54.02,9.05,1,2,1,116,0,35.4
MO Odumbe,ODI,10,324,355,7,169,31,2,46.29,91.27,47.61,9.3,0,2,3,54,0,39.9
JO Holder,IPL,34,324,263,26,108,16,21,12.46,123.19,41.06,14.07,0,0,1,47,3,35.8
Adam Senn,T20I,17,324,257,13,68,22,10,24.92,126.07,26.46,12.45,0,2,1,66,1,41.9
K Krishnakumar,T20I,14,324,265,14,112,17,17,23.14,122.26,42.26,12.83,0,1,4,77,0,38.7
KA Maharaj,ODI,31,324,403,23,222,37,4,14.09,80.4,55.09,10.17,0,0,1,40,1,25.8
N McAndrew,BBL,43,324,215,24,73,32,11,13.5,150.7,33.95,20.0,0,0,1,30,6,45.0
S Vijay Unni,T20I,40,324,382,23,173,24,5,14.09,84.82,45.29,7.59,0,0,0,28,0,26.1
AGS Gous,CPL,12,324,256,10,98,26,15,32.4,126.56,38.28,16.02,0,3,1,85,0,45.4
G Voll,WPL,9,324,226,7,82,52,3,46.29,143.36,36.28,24.34,0,4,0,99,1,58.8
Awais Ahmad,T20I,22,323,263,22,130,28,17,14.68,122.81,49.43,17.11,0,0,2,43,3,37.4
Anwar Ali,PSL,36,323,229,22,79,19,19,14.68,141.05,34.5,16.59,0,0,0,28,0,41.7
Niv Nagavkar,T20I,16,323,297,15,104,28,2,21.53,108.75,35.02,10.1,0,1,3,63,0,35.4
A Natubhai Ahir,T20I,23,323,335,22,181,19,17,14.68,96.42,54.03,10.75,0,1,1,51,2,28.8
Saeed Ajmal,ODI,66,323,534,46,322,25,0,7.02,60.49,60.3,4.68,0,0,1,33,11,16.0
AK Sah,ODI,14,322,369,12,217,34,12,26.83,87.26,58.81,12.47,1,3,0,112,1,32.6
C Munoz-Mills,T20I,27,322,237,13,91,28,14,24.77,135.86,38.4,17.72,0,0,4,34,2,45.0
G Ngegba,T20I,20,322,314,15,137,32,3,21.47,102.55,43.63,11.15,0,1,1,72,3,34.0
DA Gunawardene,ODI,16,322,567,15,377,30,1,21.47,56.79,66.49,5.47,0,2,2,64,1,20.6
AC Agar,ODI,18,322,388,13,193,28,4,24.77,82.99,49.74,8.25,0,0,3,48,3,29.7
Sajid Khan,Test,14,321,531,21,377,35,10,15.29,60.45,71.0,8.47,0,0,3,48,2,20.3
C Bosch,CPL,17,321,277,14,100,28,8,22.93,115.88,36.1,13.0,0,2,3,81,3,38.7
SM Ervine,ODI,17,321,340,12,171,28,8,26.75,94.41,50.29,10.59,0,0,5,48,2,33.5
Shaheen Shah Afridi,ODI,38,321,375,23,218,28,13,13.96,85.6,58.13,10.93,0,0,1,37,6,26.6
UT Khawaja,PSL,10,321,214,7,63,40,6,45.86,150.0,29.44,21.5,1,2,1,105,1,58.6
A Dananjaya,ODI,31,321,441,25,239,29,3,12.84,72.79,54.2,7.26,0,1,2,50,3,22.5
W Madhevere,Test,7,321,598,11,425,33,2,29.18,53.68,71.07,5.85,0,2,1,84,3,22.8
L Lee,WPL,10,320,230,10,106,46,11,32.0,139.13,46.09,24.78,0,2,3,86,0,51.7
A Mukund,Test,7,320,700,14,524,32,1,22.86,45.71,74.86,4.71,0,2,2,81,3,18.5
Muhammad Shahdad,ODI,9,319,426,9,241,20,11,35.44,74.88,56.57,7.28,0,3,1,96,0,30.9
R Mutumbami,ODI,23,319,439,21,273,36,5,15.19,72.67,62.19,9.34,0,1,1,67,3,23.6
L Ronchi,Test,4,319,432,8,288,41,6,39.88,73.84,66.67,10.88,0,2,4,88,1,33.4
NR Welch,Test,7,319,717,13,559,32,5,24.54,44.49,77.96,5.16,0,3,1,90,2,19.3
MM Baig,T20I,25,319,253,18,94,16,19,17.72,126.09,37.15,13.83,0,1,5,60,4,38.5
MRJ Watt,T20I,38,319,279,28,101,28,7,11.39,114.34,36.2,12.54,0,0,1,31,5,33.8
DM Bess,Test,13,319,710,14,548,39,2,22.79,44.93,77.18,5.77,0,1,5,57,3,19.1
JV Chand,T20I,14,318,297,11,115,28,7,28.91,107.07,38.72,11.78,0,0,4,47,1,38.5
Rahmanullah Gurbaz,PSL,15,318,199,14,80,28,21,22.71,159.8,40.2,24.62,0,1,2,62,1,51.9
EJG Morgan,BBL,13,318,265,10,102,23,13,31.8,120.0,38.49,13.58,0,2,3,71,0,42.6
Anuj Rawat,IPL,21,318,267,16,114,26,14,19.88,119.1,42.7,14.98,0,1,1,66,4,38.4
CA Lynn,PSL,12,318,183,11,70,38,17,28.91,173.77,38.25,30.05,1,1,3,113,2,60.0
I Kaia,T20I,19,317,260,19,110,33,9,16.68,121.92,42.31,16.15,0,1,1,72,1,38.4
Mohammed Qasim,T20I,12,317,247,10,105,21,18,31.7,128.34,42.51,15.79,0,2,2,84,0,44.6
M Muralitharan,ODI,64,317,379,43,212,30,7,7.37,83.64,55.94,9.76,0,0,1,32,9,23.4
SNJ O'Keefe,BBL,38,317,293,23,123,29,5,13.78,108.19,41.98,11.6,0,0,2,48,6,32.4
E Niyomugabo,T20I,35,317,324,32,150,18,11,9.91,97.84,46.3,8.95,0,1,1,51,4,27.1
AA Navicha,T20I,19,317,278,14,136,21,16,22.64,114.03,48.92,13.31,0,0,4,36,1,36.7
T Sandeep,T20I,15,317,278,13,120,42,4,24.38,114.03,43.17,16.55,0,2,3,62,1,40.3
JR Dean,BBL,19,317,237,16,112,19,24,19.81,133.76,47.26,18.14,0,1,1,54,2,41.8
ZB Lion-Cachet,ODI,17,317,506,16,292,21,1,19.81,62.65,57.71,4.35,0,1,2,78,1,21.3
Farhad Reza,ODI,25,316,501,21,336,34,6,15.05,63.07,67.07,7.98,0,0,3,41,2,20.6
JA Richardson,BBL,37,316,258,20,98,19,14,15.8,122.48,37.98,12.79,0,0,1,33,2,36.5
NJ O'Brien,T20I,20,316,326,18,145,25,6,17.56,96.93,44.48,9.51,0,0,3,40,0,30.5
BS Fulmali,WPL,16,316,211,10,75,30,16,31.6,149.76,35.55,21.8,0,1,5,61,1,52.6
LM Jongwe,ODI,28,315,391,24,226,31,5,13.12,80.56,57.8,9.21,0,0,2,43,2,24.5
DP Conway,PSL,11,315,244,9,99,36,11,35.0,129.1,40.57,19.26,0,2,3,59,1,48.6
A Augastin,T20I,13,315,262,10,110,35,8,31.5,120.23,41.98,16.41,0,3,1,63,1,43.9
WCF Smeed,PSL,10,315,234,10,93,36,11,31.5,134.62,39.74,20.09,0,2,2,99,1,48.7
RW Price,ODI,44,315,527,34,333,26,4,9.26,59.77,63.19,5.69,0,0,1,46,8,17.0
Aniket Verma,IPL,20,315,196,15,72,18,25,21.0,160.71,36.73,21.94,0,1,2,74,0,50.0
T Musekiwa,T20I,33,314,233,20,84,24,12,15.7,134.76,36.05,15.45,0,0,1,39,5,40.2
DR Patankar,T20I,24,314,304,23,142,32,6,13.65,103.29,46.71,12.5,0,1,2,54,0,31.6
KSA McKenzie,CPL,23,314,307,22,169,30,14,14.27,102.28,55.05,14.33,0,1,1,69,3,31.7
BM Scholtz,ODI,43,313,478,26,283,24,4,12.04,65.48,59.21,5.86,0,0,3,31,5,19.5
LU Igalagamage,Test,5,313,487,9,338,40,5,34.78,64.27,69.4,9.24,1,0,1,188,1,28.7
PJ Moor,T20I,15,313,239,12,101,19,21,26.08,130.96,42.26,16.74,0,1,3,92,0,43.6
Abhijeet Ahuja,T20I,16,313,322,15,145,25,7,20.87,97.2,45.03,9.94,0,2,1,75,2,32.0
D la Cock,ODI,15,313,466,14,321,38,6,22.36,67.17,68.88,9.44,0,1,2,59,0,24.6
K Gore,CPL,16,313,242,14,94,29,11,22.36,129.34,38.84,16.53,0,3,1,64,4,42.3
I Kaia,Test,3,312,514,5,356,40,0,62.4,60.7,69.26,7.78,1,1,2,140,0,37.6
Kamran Ghulam,Test,6,312,552,11,405,39,2,28.36,56.52,73.37,7.43,1,1,0,118,0,23.9
JWA Taylor,Test,7,312,753,12,580,32,2,26.0,41.43,77.03,4.52,0,2,2,76,1,19.0
A Busing-Volschenk,T20I,14,311,225,9,79,10,22,34.56,138.22,35.11,14.22,0,3,0,73,2,47.1
Ilyas Ataullah,T20I,19,311,250,17,126,33,16,18.29,124.4,50.4,19.6,0,1,1,86,2,40.5
Khawaja Nafay,PSL,20,311,242,18,93,24,15,17.28,128.51,38.43,16.12,0,2,1,60,1,40.1
BB McCullum,PSL,17,311,272,15,127,28,15,20.73,114.34,46.69,15.81,0,0,6,44,3,38.0
C Brennan,T20I,24,311,274,18,107,19,14,17.28,113.5,39.05,12.04,0,1,3,52,2,35.2
NG Collins,T20I,15,311,339,14,176,29,4,22.21,91.74,51.92,9.73,0,1,2,64,0,30.6
R Vinay Kumar,IPL,43,310,274,28,103,21,9,11.07,113.14,37.59,10.95,0,0,0,26,4,32.3
RJ Sidebottom,Test,18,309,880,19,725,37,0,16.26,35.11,82.39,4.2,0,0,1,31,3,14.2
C Bosch,ODI,11,309,272,6,114,30,8,51.5,113.6,41.91,13.97,0,1,4,67,1,48.9
AJ Hosein,ODI,30,309,396,21,214,18,12,14.71,78.03,54.04,7.58,0,1,2,60,3,24.2
HH Streak,Test,8,309,867,14,707,38,1,22.07,35.64,81.55,4.5,0,2,1,85,3,16.7
KMA Paul,ODI,20,308,319,15,169,26,11,20.53,96.55,52.98,11.6,0,0,4,46,1,31.7
ML Hayden,T20I,9,308,214,6,95,37,13,51.33,143.93,44.39,23.36,0,4,0,73,0,58.9
Shiraz Khan,T20I,28,308,327,17,140,13,14,18.12,94.19,42.81,8.26,0,1,1,50,2,29.7
Mohamed Rishwan,T20I,24,308,366,24,206,25,12,12.83,84.15,56.28,10.11,0,1,1,61,2,25.7
Nasir Hossain,T20I,21,308,283,18,102,24,5,17.11,108.83,36.04,10.25,0,1,1,50,2,33.7
KAJ Roach,ODI,52,308,593,23,410,24,6,13.39,51.94,69.14,5.06,0,0,1,34,8,16.2
AJ Hosein,T20I,37,307,268,21,116,18,17,14.62,114.55,43.28,13.06,0,0,2,44,4,34.4
S Sehrawat,WPL,26,307,298,25,145,31,9,12.28,103.02,48.66,13.42,0,0,4,45,3,31.4
Haseebullah Khan,PSL,18,307,255,16,100,29,10,19.19,120.39,39.22,15.29,0,1,4,50,1,39.0
Zubayr Hamza,Test,8,307,738,16,596,42,2,19.19,41.6,80.76,5.96,0,1,3,62,2,17.4
F Banunaek,T20I,42,307,366,26,181,22,6,11.81,83.88,49.45,7.65,0,1,1,54,5,24.6
Faheem Nellancheri,T20I,22,307,210,20,87,20,21,15.35,146.19,41.43,19.52,0,0,3,44,1,43.6
S Jegannathan,T20I,17,306,307,12,156,27,13,25.5,99.67,50.81,13.03,0,1,2,65,0,35.3
Wahab Riaz,Test,27,306,727,36,560,32,5,8.5,42.09,77.03,5.09,0,0,2,39,9,12.9
D Brevis,ODI,12,306,220,10,94,13,25,30.6,139.09,42.73,17.27,0,1,5,54,0,46.7
Mohammad Nawaz,ODI,19,305,353,14,191,20,14,21.79,86.4,54.11,9.63,0,1,2,59,0,29.3
Lalit Yadav,IPL,21,305,290,16,116,27,7,19.06,105.17,40.0,11.72,0,0,3,48,1,34.3
ADS Fletcher,ODI,23,305,488,23,345,36,6,13.26,62.5,70.7,8.61,0,2,0,54,3,19.9
Imran Ameer,T20I,24,305,277,14,104,30,5,21.79,110.11,37.55,12.64,0,0,3,46,2,37.0
Shamsur Rahman,Test,6,305,640,12,495,40,3,25.42,47.66,77.34,6.72,1,0,4,106,1,21.1
Muslim Yar,T20I,28,304,248,20,107,18,18,15.2,122.58,43.15,14.52,0,0,3,39,2,36.7
JH Kallis,CPL,13,304,268,11,118,35,7,27.64,113.43,44.03,15.67,0,1,4,61,0,40.7
D Hemalatha,WPL,23,304,253,18,110,30,11,16.89,120.16,43.48,16.21,0,2,1,74,2,38.1
DB Das,IPL,22,304,261,14,117,23,16,21.71,116.48,44.83,14.94,0,0,2,35,1,38.3
TK Curran,ODI,16,303,321,8,157,29,5,37.88,94.39,48.91,10.59,0,0,5,47,2,37.8
C de Grandhomme,IPL,21,303,225,16,82,18,18,18.94,134.67,36.44,16.0,0,0,5,40,3,41.7
Faisal Raza,T20I,21,303,255,19,98,18,14,15.95,118.82,38.43,12.55,0,0,3,48,3,35.8
TG Southee,T20I,47,303,218,27,93,20,18,11.22,138.99,42.66,17.43,0,0,1,39,6,39.5
DO Obuya,ODI,23,302,569,22,375,25,3,13.73,53.08,65.91,4.92,0,2,3,57,4,16.8
AE Paraam,T20I,10,302,205,6,65,29,13,50.33,147.32,31.71,20.49,0,2,2,92,0,58.9
LA Pomersbach,IPL,16,302,246,11,102,25,13,27.45,122.76,41.46,15.45,0,1,2,79,0,42.2
S Meghana,WPL,14,302,255,13,113,40,6,23.23,118.43,44.31,18.04,0,1,3,53,1,41.3
Rameez Shahzad,T20I,15,302,299,13,128,24,6,23.23,101.0,42.81,10.03,0,1,3,54,2,33.8
B Sai Sudharsan,Test,6,302,780,11,615,38,0,27.45,38.72,78.85,4.87,0,2,3,87,2,19.4
Taranjit Singh,T20I,22,301,164,17,56,23,23,17.71,183.54,34.15,28.05,0,1,2,55,3,55.9
Raqibul Hasan,Test,8,301,737,15,574,33,1,20.07,40.84,77.88,4.61,0,1,2,65,2,16.7
M Stanikzai,T20I,20,301,207,19,87,26,17,15.84,145.41,42.03,20.77,0,0,4,36,0,44.4
LE Bosman,ODI,12,301,305,12,177,37,9,25.08,98.69,58.03,15.08,0,2,2,88,2,35.3
AR White,ODI,23,301,487,23,287,23,0,13.09,61.81,58.93,4.72,0,0,3,40,2,18.7
Shadab Khan,Test,6,300,479,9,328,38,0,33.33,62.63,68.48,7.93,0,3,2,56,0,27.2
UBT Chand,IPL,20,300,300,20,155,32,9,15.0,100.0,51.67,13.67,0,1,2,58,4,31.7
Hamid Mahmood,T20I,16,300,283,10,112,25,7,30.0,106.01,39.58,11.31,0,2,1,69,2,38.3
Mazharul Islam,T20I,18,300,335,14,177,38,1,21.43,89.55,52.84,11.64,0,2,1,50,2,31.1
Anwar Ali,ODI,15,300,331,10,172,27,7,30.0,90.63,51.96,10.27,0,0,3,43,0,33.7
A Nel,Test,22,300,600,29,465,37,5,10.34,50.0,77.5,7.0,0,0,2,34,10,15.9
Ramandeep Singh,IPL,26,299,205,16,68,17,19,18.69,145.85,33.17,17.56,0,0,2,35,1,44.7
MD Gunathilaka,Test,8,299,597,16,447,32,3,18.69,50.08,74.87,5.86,0,2,0,61,0,18.3
NL McCullum,T20I,38,299,297,26,125,19,8,11.5,100.67,42.09,9.09,0,0,1,36,4,28.8
TAM Siriwardana,Test,5,298,454,9,330,32,11,33.11,65.64,72.69,9.47,0,2,3,68,1,28.3
Mohammad Saifuddin,T20I,27,298,243,14,96,21,14,21.29,122.63,39.51,14.4,0,0,4,39,4,39.4
BR Dunk,CPL,17,298,274,16,108,22,9,18.62,108.76,39.42,11.31,0,0,4,38,1,34.4
K Doriga,T20I,28,298,290,23,136,18,10,12.96,102.76,46.9,9.66,0,0,3,46,3,29.3
RA Reifer,Test,8,298,735,13,580,38,2,22.92,40.54,78.91,5.44,0,3,0,62,1,18.3
Shantanu Kaveri,T20I,24,298,368,20,180,17,1,14.9,80.98,48.91,4.89,0,0,1,46,2,23.6
Sohail Tanvir,PSL,36,298,278,18,109,20,12,16.56,107.19,39.21,11.51,0,0,2,36,2,33.6
SF Tiai,T20I,22,298,258,19,126,24,16,15.68,115.5,48.84,15.5,0,0,5,45,1,35.7
RR Sarwan,T20I,16,298,286,13,102,19,6,22.92,104.2,35.66,8.74,0,2,0,59,1,34.2
HA Jackson,T20I,23,298,356,21,187,22,4,14.19,83.71,52.53,7.3,0,0,2,48,1,24.8
PA Nixon,ODI,18,297,347,14,171,21,7,21.21,85.59,49.28,8.07,0,0,4,49,2,28.6
Mosaddek Hossain,T20I,27,297,267,19,95,19,10,15.63,111.24,35.58,10.86,0,0,2,34,3,33.9
MS Chapman,PSL,11,297,187,8,48,25,14,37.12,158.82,25.67,20.86,0,1,4,69,0,56.7
BN Toube,T20I,19,297,301,18,167,38,6,16.5,98.67,55.48,14.62,0,0,2,49,4,32.2
Mohammad Sami,Test,18,297,863,24,716,32,4,12.38,34.41,82.97,4.17,0,0,3,49,5,12.6
Jasdeep Singh,ODI,27,297,424,24,250,20,9,12.38,70.05,58.96,6.84,0,0,2,38,2,21.0
MS Maker,T20I,12,296,217,5,71,20,13,59.2,136.41,32.72,15.21,0,2,2,67,0,57.1
N Tanner,T20I,22,296,333,19,151,13,8,15.58,88.89,45.35,6.31,0,1,1,60,2,26.4
DJG Sammy,IPL,20,295,241,15,98,15,18,19.67,122.41,40.66,13.69,0,1,0,60,2,38.1
Y Saranonnakkun,T20I,40,295,354,38,199,23,10,7.76,83.33,56.21,9.32,0,0,0,25,8,23.1
JL Jonassen,WPL,18,295,213,12,85,34,11,24.58,138.5,39.91,21.13,0,2,2,61,1,47.3
AM Kimote,T20I,39,295,304,25,142,24,6,11.8,97.04,46.71,9.87,0,0,2,32,6,28.3
NM Hauritz,ODI,27,295,309,14,132,20,6,21.07,95.47,42.72,8.41,0,1,1,53,0,31.1
Kartik Sharma,IPL,11,295,216,9,84,24,16,32.78,136.57,38.89,18.52,0,2,2,71,0,48.5
JM Clarke,PSL,12,295,215,11,77,25,13,26.82,137.21,35.81,17.67,0,2,2,54,1,46.2
AS Hansra,ODI,14,295,527,12,347,20,6,24.58,55.98,65.84,4.93,0,2,2,70,2,21.3
Khalid Kail,T20I,18,294,266,14,105,22,11,21.0,110.53,39.47,12.41,0,2,3,55,0,36.3
C Madande,ODI,16,294,405,15,227,29,0,19.6,72.59,56.05,7.16,0,2,2,74,2,24.6
DC Drakes,CPL,25,294,228,13,97,21,17,22.62,128.95,42.54,16.67,0,0,2,48,1,41.9
Harmeet Singh,ODI,20,293,294,15,153,17,17,19.53,99.66,52.04,11.56,0,1,1,59,1,31.9
BJ McCarthy,T20I,34,293,244,20,99,19,16,14.65,120.08,40.57,14.34,0,1,2,51,5,36.4
FA Allen,T20I,28,293,214,20,97,20,21,14.65,136.92,45.33,19.16,0,0,2,34,5,41.2
DLS van Bunge,ODI,12,293,508,11,351,27,5,26.64,57.68,69.09,6.3,0,2,4,62,0,22.8
Mirza Ahsan,T20I,18,293,197,16,73,22,14,18.31,148.73,37.06,18.27,0,3,0,70,1,44.8
SP Goswami,IPL,21,293,295,20,131,32,3,14.65,99.32,44.41,11.86,0,1,2,52,4,31.3
A Manohar,IPL,20,292,235,19,91,23,14,15.37,124.26,38.72,15.74,0,0,4,43,2,38.4
Anoop Orsu,T20I,23,292,246,16,108,22,13,18.25,118.7,43.9,14.23,0,1,2,58,6,37.0
P Kumar,ODI,33,292,331,21,169,25,7,13.9,88.22,51.06,9.67,0,1,1,54,2,27.1
PVD Chameera,ODI,37,292,489,25,313,22,3,11.68,59.71,64.01,5.11,0,0,0,29,4,17.4
NGRP Jayasuriya,Test,22,291,874,36,711,30,0,8.08,33.3,81.35,3.43,0,0,0,28,7,10.4
KK Lin Thu,T20I,29,291,407,27,233,25,3,10.78,71.5,57.25,6.88,0,1,1,71,5,20.8
CA Lynn,T20I,16,291,221,15,94,28,14,19.4,131.67,42.53,19.0,0,0,4,44,1,42.6
Mashrafe Mortaza,T20I,35,291,225,25,103,26,15,11.64,129.33,45.78,18.22,0,0,1,33,6,38.4
Thuya Aung,T20I,29,291,496,27,309,20,5,10.78,58.67,62.3,5.04,0,0,1,37,3,17.1
JP Duminy,CPL,12,291,213,9,60,17,15,32.33,136.62,28.17,15.02,0,1,3,65,0,47.5
Omar Rassol,T20I,20,291,247,17,128,23,18,17.12,117.81,51.82,16.6,0,2,1,99,2,36.9
SMSM Senanayake,ODI,33,290,311,22,163,31,6,13.18,93.25,52.41,11.9,0,0,2,42,6,28.8
Gurdeep Singh,T20I,13,290,239,13,113,35,10,22.31,121.34,47.28,18.83,0,1,2,75,1,41.5
AM Blignaut,Test,6,289,439,11,316,36,8,26.27,65.83,71.98,10.02,0,2,3,61,2,26.1
CPPM Sadun,T20I,18,289,312,16,141,24,3,18.06,92.63,45.19,8.65,0,1,0,52,1,29.4
C Nunes,T20I,15,289,200,10,65,21,13,28.9,144.5,32.5,17.0,0,1,4,67,2,48.0
S Veerapathiran,T20I,30,289,237,21,101,19,16,13.76,121.94,42.62,14.77,0,0,1,33,4,36.3
CR Brathwaite,T20I,25,289,261,20,122,13,19,14.45,110.73,46.74,12.26,0,0,3,37,3,32.7
AS Joseph,CPL,41,288,264,20,123,16,17,14.4,109.09,46.59,12.5,0,0,0,29,5,32.7
SK Springer,CPL,30,288,274,20,114,18,11,14.4,105.11,41.61,10.58,0,0,2,38,2,31.5
J Broad,T20I,9,288,241,7,70,26,3,41.14,119.5,29.05,12.03,0,3,0,62,0,46.3
XC Bartlett,BBL,32,288,235,20,91,27,7,14.4,122.55,38.72,14.47,0,0,2,42,4,37.0
A Kheterpal,T20I,16,288,234,10,94,33,7,28.8,123.08,40.17,17.09,0,0,2,42,1,44.0
AF Giles,ODI,19,288,380,13,194,21,4,22.15,75.79,51.05,6.58,0,0,3,41,1,26.4
Sahir Naqash,T20I,22,288,211,12,62,18,11,24.0,136.49,29.38,13.74,0,0,2,38,4,43.4
FFZ Nhaduate,T20I,10,287,184,8,85,31,17,35.88,155.98,46.2,26.09,0,2,2,93,2,56.3
BG Rogers,ODI,8,287,398,8,244,37,1,35.88,72.11,61.31,9.55,0,3,2,84,1,31.5
MK Tiwary,ODI,12,287,403,11,223,24,3,26.09,71.22,55.33,6.7,1,1,0,104,0,26.7
P Aho,T20I,37,287,270,21,113,21,6,13.67,106.3,41.85,10.0,0,0,1,44,4,31.0
Y Nagar,IPL,20,285,259,14,101,20,9,20.36,110.04,39.0,11.2,0,0,1,44,2,35.2
HDRL Thirimanne,T20I,19,285,254,17,96,26,5,16.76,112.2,37.8,12.2,0,0,3,44,1,35.0
RJ Gibson,BBL,25,285,272,19,113,23,5,15.0,104.78,41.54,10.29,0,1,2,53,2,31.5
E Rukiriza,T20I,53,285,333,40,185,20,10,7.12,85.59,55.56,9.01,0,0,0,29,11,23.1
GH Vihari,IPL,23,284,321,20,136,23,1,14.2,88.47,42.37,7.48,0,0,3,46,0,27.0
AM Blignaut,ODI,20,284,256,19,118,33,5,14.95,110.94,46.09,14.84,0,3,1,58,1,34.7
Y Jalloh,T20I,24,284,325,22,157,26,1,12.91,87.38,48.31,8.31,0,2,1,72,8,26.0
A Pusthay,T20I,24,284,308,23,145,24,5,12.35,92.21,47.08,9.42,0,1,2,56,4,27.4
AJ Stewart,Test,5,284,558,7,428,44,0,40.57,50.9,76.7,7.89,0,2,3,72,0,28.0
Mustafa Omer,T20I,12,284,239,11,108,17,16,25.82,118.83,45.19,13.81,1,0,2,108,2,39.4
M Theekshana,ODI,30,284,557,18,365,19,1,15.78,50.99,65.53,3.59,0,0,1,38,4,16.5
Khaled Mahmud,ODI,26,283,467,23,292,21,2,12.3,60.6,62.53,4.93,0,0,2,36,5,17.8
Nurul Hasan,ODI,11,282,304,6,146,26,6,47.0,92.76,48.03,10.53,0,0,5,45,0,41.1
Kashif Daud,ODI,16,282,310,10,166,19,13,28.2,90.97,53.55,10.32,0,2,1,76,1,32.9
I Asif,T20I,18,282,266,15,133,26,11,18.8,106.02,50.0,13.91,0,0,4,39,2,34.3
VVS Laxman,IPL,20,282,267,18,119,33,5,15.67,105.62,44.57,14.23,0,1,3,52,4,34.1
S Samarawickrama,Test,7,281,374,12,242,36,1,23.42,75.13,64.71,9.89,1,0,3,104,3,27.0
MD Shanaka,CPL,8,281,145,5,45,18,24,56.2,193.79,31.03,28.97,1,0,3,121,0,71.4
ES Szwarczynski,ODI,12,281,467,11,307,29,1,25.55,60.17,65.74,6.42,0,3,0,75,1,23.2
Najibullah Zadran,CPL,16,281,258,16,121,21,12,17.56,108.91,46.9,12.79,0,0,2,35,2,34.0
AUKDS Kalugala,T20I,18,281,241,18,128,29,12,15.61,116.6,53.11,17.01,0,0,4,49,1,36.2
S Dhaniram,ODI,11,281,309,10,145,23,4,28.1,90.94,46.93,8.74,0,2,2,79,1,32.7
S Chattergoon,ODI,9,281,438,8,316,42,3,35.12,64.16,72.15,10.27,0,2,4,54,2,29.3
A Turkmen,T20I,19,281,221,13,91,26,12,21.62,127.15,41.18,17.19,0,2,2,51,1,41.8
B Chipli,IPL,21,280,251,15,104,28,7,18.67,111.55,41.43,13.94,0,1,1,61,0,36.3
A Ashish Reddy,IPL,23,280,193,15,58,16,15,18.67,145.08,30.05,16.06,0,0,2,36,0,44.0
Tayyab Tahir,PSL,11,280,193,9,62,30,9,31.11,145.08,32.12,20.21,0,1,3,65,0,51.1
Hannan Sarkar,ODI,13,280,505,13,353,28,2,21.54,55.45,69.9,5.94,0,2,2,59,1,20.2
HV Patel,IPL,45,280,238,32,100,18,15,8.75,117.65,42.02,13.87,0,0,2,36,10,33.3
Olipa Gerald,T20I,7,280,150,4,50,19,23,70.0,186.67,33.33,28.0,0,2,2,83,0,75.6
B Evans,T20I,23,280,205,17,86,17,18,16.47,136.59,41.95,17.07,0,1,2,56,1,41.0
SA Engelbrecht,T20I,10,280,211,9,70,21,12,31.11,132.7,33.18,15.64,0,1,4,75,1,46.2
S Randiv,ODI,18,280,382,16,219,28,1,17.5,73.3,57.33,7.59,0,1,2,56,2,24.0
Asad Shafiq,PSL,16,280,267,15,118,31,5,18.67,104.87,44.19,13.48,0,1,2,51,1,34.7
Washington Sundar,T20I,25,279,220,18,89,21,14,15.5,126.82,40.45,15.91,0,1,1,50,4,38.7
Divyendra Singh,T20I,19,279,278,18,122,29,4,15.5,100.36,43.88,11.87,0,2,1,67,4,31.8
ST Finn,Test,31,279,901,25,767,36,0,11.16,30.97,85.13,4.0,0,1,0,56,9,11.6
NO Miller,ODI,26,279,355,14,196,23,4,19.93,78.59,55.21,7.61,0,1,0,51,4,26.0
AP Devcich,PSL,10,279,205,10,74,26,12,27.9,136.1,36.1,18.54,0,2,0,70,0,47.0
Fanyan Mughal,T20I,23,279,257,21,131,23,14,13.29,108.56,50.97,14.4,0,1,2,56,2,32.8
AJ Finch,Test,5,278,618,10,483,30,1,27.8,44.98,78.16,5.02,0,2,3,62,1,20.4
KC Brathwaite,ODI,10,278,483,10,277,15,0,27.8,57.56,57.35,3.11,0,1,3,78,0,22.7
AJ Tye,BBL,38,278,241,25,115,23,11,11.12,115.35,47.72,14.11,0,0,2,44,7,33.2
CN Greaves,T20I,25,278,254,14,102,22,7,19.86,109.45,40.16,11.42,0,0,4,45,1,34.9
P Nissanka,IPL,10,278,175,10,65,33,12,27.8,158.86,37.14,25.71,0,2,3,62,0,54.7
MJ Lumb,IPL,12,278,194,12,89,45,6,23.17,143.3,45.88,26.29,0,1,4,83,3,50.0
LMP Simmons,Test,8,278,593,16,453,28,4,17.38,46.88,76.39,5.4,0,0,2,49,1,17.0
AC Agar,T20I,28,277,273,23,114,19,9,12.04,101.47,41.76,10.26,0,0,0,29,4,29.9
PBB Rajapaksa,IPL,13,277,191,12,70,22,15,23.08,145.03,36.65,19.37,0,1,4,50,1,46.9
MD Dai,ODI,10,277,362,9,211,26,5,30.78,76.52,58.29,8.56,0,2,2,76,0,30.0
Samiullah Rahmani,T20I,19,277,186,17,79,21,20,16.29,148.92,42.47,22.04,0,1,1,50,2,45.8
Ali Naseer,T20I,24,277,216,17,70,18,11,16.29,128.24,32.41,13.43,0,0,2,48,1,38.7
Hassan Khan,PSL,25,276,194,14,60,18,13,19.71,142.27,30.93,15.98,0,0,2,33,4,43.8
Ali Nayyer,T20I,20,275,213,14,70,15,13,19.64,129.11,32.86,13.15,0,0,2,48,2,39.8
Festus Benn,T20I,24,275,362,16,206,26,3,17.19,75.97,56.91,8.01,0,0,3,39,3,24.6
M Muralitharan,Test,28,275,355,32,241,29,10,8.59,77.46,67.89,10.99,0,0,1,33,10,22.0
Idrees Ul Haque,T20I,15,275,219,15,113,34,10,18.33,125.57,51.6,20.09,0,1,3,55,0,40.7
Abhishek Anand,T20I,18,275,244,17,124,26,13,16.18,112.7,50.82,15.98,0,1,2,55,2,35.5
R Gaznavi,T20I,20,275,288,18,146,24,8,15.28,95.49,50.69,11.11,0,0,4,49,3,29.6
TAM Siriwardana,T20I,19,275,208,16,55,16,12,17.19,132.21,26.44,13.46,0,0,3,42,4,40.4
Virk Ali,T20I,15,275,273,14,139,29,6,19.64,100.73,50.92,12.82,0,2,0,53,2,33.0
Mohammad Naveed,ODI,27,275,258,20,145,23,16,13.75,106.59,56.2,15.12,0,0,1,30,2,32.4
Moin Khan,ODI,15,274,314,10,147,21,3,27.4,87.26,46.82,7.64,0,2,1,72,4,31.2
RGL Carters,BBL,25,274,270,17,99,14,6,16.12,101.48,36.67,7.41,0,0,3,35,2,30.3
R Sakurano-Thomas,T20I,28,274,290,22,116,14,2,12.45,94.48,40.0,5.52,0,0,2,39,4,26.2
MG Bracewell,PSL,15,273,165,13,58,24,17,21.0,165.45,35.15,24.85,0,1,2,83,1,52.8
S Heath,T20I,9,273,176,8,58,25,14,34.12,155.11,32.95,22.16,0,1,3,61,0,54.8
PK Garg,IPL,19,273,241,18,86,16,9,15.17,113.28,35.68,10.37,0,1,1,51,2,33.6
SR Harmer,Test,13,273,738,16,574,23,1,17.06,36.99,77.78,3.25,0,0,2,47,0,14.1
DT Christian,ODI,18,273,307,13,153,23,3,21.0,88.93,49.84,8.47,0,0,3,39,0,29.2
K Pooran,CPL,8,273,171,7,69,33,13,39.0,159.65,40.35,26.9,0,2,2,81,1,59.4
S Konstas,BBL,14,273,232,14,95,31,6,19.5,117.67,40.95,15.95,0,3,0,63,2,38.8
Umar Akmal,CPL,21,273,233,17,94,18,14,16.06,117.17,40.34,13.73,0,1,3,73,6,36.1
SS McKechnie,T20I,23,273,275,15,108,20,3,18.2,99.27,39.27,8.36,0,0,3,44,2,31.0
AC Gilchrist,T20I,13,272,192,12,82,27,13,22.67,141.67,42.71,20.83,0,0,4,48,0,46.4
PWA Mulder,ODI,21,272,301,16,140,27,3,17.0,90.37,46.51,9.97,0,1,2,64,2,29.3
RR Emrit,CPL,33,272,225,18,82,14,14,15.11,120.89,36.44,12.44,0,0,0,21,2,36.0
BBJL Perera,T20I,12,272,249,11,113,27,8,24.73,109.24,45.38,14.06,0,1,2,67,0,37.7
GH Worker,ODI,10,272,379,8,211,23,3,34.0,71.77,55.67,6.86,0,3,0,58,0,29.7
C Karunaratne,T20I,33,272,257,18,109,13,11,15.11,105.84,42.41,9.34,0,0,0,24,7,30.9
JW Hastings,ODI,18,271,273,10,142,29,8,27.1,99.27,52.01,13.55,0,1,2,51,1,36.0
FH Edwards,Test,34,271,915,39,768,32,1,6.95,29.62,83.93,3.61,0,0,1,30,12,9.5
P Rathnayake,T20I,13,271,193,12,61,28,7,22.58,140.41,31.61,18.13,0,2,2,60,2,45.9
JA Burns,T20I,8,271,195,6,69,26,10,45.17,138.97,35.38,18.46,1,1,2,108,1,53.9
Umar Amin,ODI,16,271,392,15,236,28,2,18.07,69.13,60.2,7.65,0,1,1,59,0,23.3
CA Henry,WPL,12,271,152,10,57,22,21,27.1,178.29,37.5,28.29,0,2,2,62,0,58.8
EN Gay,Test,6,271,499,11,389,46,0,24.64,54.31,77.96,9.22,0,3,2,60,2,23.3
R Ngarava,ODI,30,271,324,17,188,28,8,15.94,83.64,58.02,11.11,0,0,4,48,4,27.1
R Sathish,IPL,24,270,231,17,87,22,6,15.88,116.88,37.66,12.12,0,0,0,27,2,35.3
Rizwan Butt,T20I,42,270,228,28,92,7,20,9.64,118.42,40.35,11.84,0,0,2,34,8,32.6
RR Sharan,T20I,15,270,271,13,154,20,16,20.77,99.63,56.83,13.28,0,2,1,86,4,32.8
Muhammad Zohaib,T20I,13,270,263,12,121,27,6,22.5,102.66,46.01,12.55,0,1,3,50,0,34.9
MJ Guptill,IPL,13,270,196,12,88,24,15,22.5,137.76,44.9,19.9,0,1,4,50,1,44.8
MJ Henry,ODI,37,270,290,26,162,22,11,10.38,93.1,55.86,11.38,0,0,2,48,7,26.8
T Rossi,T20I,21,270,239,16,109,15,13,16.88,112.97,45.61,11.72,0,0,3,46,2,33.7
LE Bosman,T20I,12,270,186,12,85,22,18,22.5,145.16,45.7,21.51,0,2,1,94,1,46.8
Shaheen Shah Afridi,Test,29,269,628,37,512,35,5,7.27,42.83,81.53,6.37,0,0,0,29,13,13.3
M Spoors,T20I,9,269,225,7,98,30,6,38.43,119.56,43.56,16.0,1,1,1,108,1,45.9
Lokesh Bam,T20I,20,269,182,15,81,26,16,17.93,147.8,44.51,23.08,0,0,4,44,3,46.7
JR Philippe,PSL,11,268,177,11,49,30,7,24.36,151.41,27.68,20.9,0,2,2,56,0,50.5
M Morkel,ODI,42,268,354,29,208,24,7,9.24,75.71,58.76,8.76,0,0,1,32,9,21.8
G Toka,ODI,21,268,483,21,324,21,2,12.76,55.49,67.08,4.76,0,0,0,29,4,16.5
R Shepherd,IPL,19,268,153,11,55,18,22,24.36,175.16,35.95,26.14,0,1,1,53,2,56.2
CL Cairns,Test,2,268,321,3,210,32,10,89.33,83.49,65.42,13.08,1,1,1,158,0,51.4
MW Hill,BBL,10,268,217,10,81,21,9,26.8,123.5,37.33,13.82,0,1,4,64,0,41.5
Sohaib Maqsood,T20I,20,268,230,19,102,20,11,14.11,116.52,44.35,13.48,0,0,1,37,2,34.5
Z Bimenyimana,T20I,49,268,223,31,113,16,15,8.65,120.18,50.67,13.9,0,0,1,30,12,32.4
DL Hemp,ODI,11,268,391,9,254,32,3,29.78,68.54,64.96,8.95,0,3,1,76,3,27.8
Qamar Mushtaque,T20I,29,268,265,19,116,18,10,14.11,101.13,43.77,10.57,0,1,2,50,2,30.5
AT Carey,T20I,28,267,243,24,98,23,7,11.12,109.88,40.33,12.35,0,0,1,37,2,32.3
R Abdulkareem,T20I,30,267,311,21,167,19,9,12.71,85.85,53.7,9.0,0,0,1,39,3,25.4
TA Blundell,ODI,12,266,307,9,158,28,2,29.56,86.64,51.47,9.77,0,2,0,68,0,32.7
Shamsur Rahman,ODI,9,266,348,9,205,23,9,29.56,76.44,58.91,9.2,0,2,1,96,1,29.8
PR Stirling,PSL,10,266,160,10,62,33,12,26.6,166.25,38.75,28.12,0,3,1,58,0,56.7
WKD Perkins,CPL,16,266,235,15,118,22,15,17.73,113.19,50.21,15.74,0,1,1,64,2,36.1
S Shillingford,Test,16,266,628,20,521,30,9,13.3,42.36,82.96,6.21,0,1,2,53,7,15.4
S Vesawkar,T20I,16,266,267,11,112,20,7,24.18,99.63,41.95,10.11,0,0,3,40,0,34.1
Steven Ryan Taylor,T20I,8,265,207,7,89,28,10,37.86,128.02,43.0,18.36,0,2,2,72,1,48.5
NF Kelly,ODI,8,265,353,8,230,33,5,33.12,75.07,65.16,10.76,0,3,1,83,0,31.1
AC Botha,ODI,17,265,405,13,256,28,2,20.38,65.43,63.21,7.41,0,1,1,52,4,23.0
Rafiullah,T20I,22,265,151,19,64,13,26,13.95,175.5,42.38,25.83,0,0,1,33,4,51.2
DJ Malan,BBL,10,265,233,10,83,23,6,26.5,113.73,35.62,12.45,0,1,3,75,1,39.3
Rubel Hossain,Test,27,265,603,28,486,34,4,9.46,43.95,80.6,6.3,0,0,1,45,7,14.2
Suman Ghimire,T20I,10,265,218,7,87,29,5,37.86,121.56,39.91,15.6,0,1,2,53,0,46.2
R Baaleri,T20I,18,265,316,14,154,19,2,18.93,83.86,48.73,6.65,0,1,1,51,0,26.6
A Lyth,Test,7,265,529,13,420,40,1,20.38,50.09,79.4,7.75,1,0,1,107,1,20.2
G Motie,Test,10,265,418,12,290,34,1,22.08,63.4,69.38,8.37,0,1,2,55,2,23.2
R Mutumbami,T20I,18,264,222,15,94,17,14,17.6,118.92,42.34,13.96,0,1,2,54,1,36.8
AR Cusack,ODI,23,264,412,15,248,23,2,17.6,64.08,60.19,6.07,0,0,3,47,4,21.3
MV Boucher,T20I,19,264,269,14,103,22,2,18.86,98.14,38.29,8.92,0,0,2,36,0,31.6
PBB Rajapaksa,CPL,10,264,189,9,75,21,16,29.33,139.68,39.68,19.58,0,2,1,86,0,48.2
BA Carse,ODI,21,264,329,15,175,16,9,17.6,80.24,53.19,7.6,0,0,4,36,1,25.6
HC Brook,PSL,8,264,154,5,35,23,11,52.8,171.43,22.73,22.08,1,0,3,102,0,65.5
D Johnson,T20I,27,263,234,23,107,21,10,11.43,112.39,45.73,13.25,0,1,0,55,5,32.6
Osama Mahmood,T20I,12,263,225,10,96,25,7,26.3,116.89,42.67,14.22,0,2,2,58,2,39.9
MJ Hoggard,Test,31,263,1130,38,967,28,0,6.92,23.27,85.58,2.48,0,0,1,38,9,7.9
R Tari,T20I,26,262,254,19,102,11,9,13.79,103.15,40.16,7.87,0,0,0,28,5,29.4
K Rabada,IPL,35,262,239,20,107,21,11,13.1,109.62,44.77,13.39,0,0,1,44,4,33.1
Mehran Khan,T20I,32,262,249,27,104,14,12,9.7,105.22,41.77,10.44,0,0,0,29,5,29.6
KK Cooper,CPL,30,262,192,18,68,12,17,14.56,136.46,35.42,15.1,0,0,2,42,4,39.8
LB Ferbrache,T20I,21,262,287,15,110,13,4,17.47,91.29,38.33,5.92,0,1,1,55,3,28.1
Taufeeq Umar,ODI,11,262,474,10,334,33,0,26.2,55.27,70.46,6.96,0,1,1,81,0,22.5
SZ Vayani,T20I,30,262,262,24,132,27,6,10.92,100.0,50.38,12.6,0,0,3,30,6,29.6
T Banton,BBL,10,262,155,10,63,21,19,26.2,169.03,40.65,25.81,0,3,0,64,0,55.1
Abdul-Shakoor Rahimzei,T20I,18,262,238,15,108,21,7,17.47,110.08,45.38,11.76,0,1,2,59,2,33.6
V Zimonjic,T20I,28,261,236,19,89,26,3,13.74,110.59,37.71,12.29,0,0,1,34,2,33.7
H Hiri,T20I,16,261,253,12,112,22,7,21.75,103.16,44.27,11.46,0,1,1,53,0,34.2
SA Wijeratne,T20I,13,261,214,12,93,38,2,21.75,121.96,43.46,18.69,0,3,1,56,2,41.7
S Fouché,ODI,10,261,386,10,220,22,2,26.1,67.62,56.99,6.22,0,2,1,83,1,25.6
D Pretorius,T20I,17,261,159,12,55,22,15,21.75,164.15,34.59,23.27,0,1,0,77,2,51.9
UDU Chandana,ODI,20,261,393,16,225,19,2,16.31,66.41,57.25,5.34,0,1,2,51,0,21.1
SR Hain,BBL,16,260,224,11,69,18,7,23.64,116.07,30.8,11.16,0,2,1,73,3,38.4
TS Rogers,BBL,30,260,225,14,89,17,10,18.57,115.56,39.56,12.0,0,0,2,49,1,35.8
WP Masakadza,ODI,24,260,392,20,234,23,2,13.0,66.33,59.69,6.38,0,0,3,40,3,20.2
Atharva Taide,IPL,10,260,177,10,63,30,8,26.0,146.89,35.59,21.47,0,2,1,66,1,49.8
Mirza Baig,PSL,12,260,211,12,98,30,10,21.67,123.22,46.45,18.96,0,1,4,54,0,41.6
A Venkatesh,T20I,15,260,241,13,88,24,2,20.0,107.88,36.51,10.79,0,1,3,54,2,34.9
KH Abe,T20I,21,260,215,19,92,16,13,13.68,120.93,42.79,13.49,0,1,2,80,3,35.2
Rohit Kumar,T20I,16,259,222,14,112,36,6,18.5,116.67,50.45,18.92,0,0,1,47,0,38.9
M Kaif,IPL,22,259,250,18,111,22,6,14.39,103.6,44.4,11.2,0,0,2,34,0,31.3
IJ Harvey,ODI,17,259,282,14,144,31,2,18.5,91.84,51.06,11.7,0,0,1,48,0,30.6
IDR Bradshaw,ODI,25,259,414,14,247,18,4,18.5,62.56,59.66,5.31,0,0,2,37,3,21.0
Baseer Khan,T20I,25,259,242,15,90,14,11,17.27,107.02,37.19,10.33,0,0,2,45,1,33.3
Waqas Barkat,T20I,25,259,281,22,116,20,0,11.77,92.17,41.28,7.12,0,0,2,37,4,26.5
TS Kamunhukamwe,T20I,12,259,246,12,129,25,10,21.58,105.28,52.44,14.23,0,0,4,39,1,35.1
Azhar Andani,T20I,11,258,242,10,105,30,1,25.8,106.61,43.39,12.81,0,2,0,81,0,37.2
SS Eskinazi,BBL,13,258,216,11,94,27,7,23.45,119.44,43.52,15.74,0,2,1,66,2,40.0
Lucas Rossi,T20I,17,258,265,16,130,24,4,16.12,97.36,49.06,10.57,0,1,1,55,1,30.0
Amoluk Singh,T20I,12,258,240,10,124,36,5,25.8,107.5,51.67,17.08,0,2,2,80,1,39.0
AJ Bichel,ODI,14,258,287,8,137,17,8,32.25,89.9,47.74,8.71,0,1,2,64,1,34.0
B Evans,ODI,19,258,264,15,138,17,10,17.2,97.73,52.27,10.23,0,2,1,58,2,29.8
Yasar Haroon,T20I,21,258,307,18,169,28,3,14.33,84.04,55.05,10.1,0,0,2,42,2,26.3
JE Taylor,ODI,38,258,296,31,170,29,5,8.32,87.16,57.43,11.49,0,0,1,43,6,25.1
ASF Sirah,T20I,20,257,214,17,86,26,8,15.12,120.09,40.19,15.89,0,1,2,58,0,37.6
Nasrulla Rana,T20I,36,257,222,23,96,18,12,11.17,115.77,43.24,13.51,0,0,0,26,5,33.5
CB Wishart,Test,5,257,499,10,388,35,3,25.7,51.5,77.76,7.62,0,1,3,96,2,22.3
JT Smuts,T20I,19,257,236,19,118,27,10,13.53,108.9,50.0,15.68,0,0,1,45,2,33.9
RRS Cornwall,Test,9,256,424,13,304,35,4,19.69,60.38,71.7,9.2,0,2,1,73,1,22.3
I Udana,T20I,24,256,186,14,71,16,14,18.29,137.63,38.17,16.13,0,1,1,84,3,41.7
DBL Powell,Test,19,256,675,26,539,35,0,9.85,37.93,79.85,5.19,0,0,1,36,7,12.8
R Gunasekera,ODI,13,255,443,13,296,19,4,19.62,57.56,66.82,5.19,0,3,0,72,3,19.6
SE Marsh,T20I,15,255,248,14,105,15,10,18.21,102.82,42.34,10.08,0,0,1,47,2,32.2
J Martins,T20I,16,255,209,12,85,19,11,21.25,122.01,40.67,14.35,0,0,2,40,0,39.1
SL Malinga,Test,16,255,536,18,424,34,6,14.17,47.57,79.1,7.46,0,1,1,64,5,17.3
C Kellaway,BBL,17,255,207,14,71,25,4,18.21,123.19,34.3,14.01,0,0,2,41,1,38.8
BB Chari,Test,7,254,642,14,520,26,6,18.14,39.56,81.0,4.98,0,2,1,80,2,16.0
JM Cox,Test,4,254,396,6,276,36,1,42.33,64.14,69.7,9.34,0,3,0,73,0,31.4
NMS Param,T20I,12,254,201,9,63,21,7,28.22,126.37,31.34,13.93,0,1,1,72,1,43.3
JM Anderson,ODI,64,254,498,33,337,22,0,7.7,51.0,67.67,4.42,0,0,0,28,9,13.6
BJ Curran,Test,6,254,528,11,394,28,1,23.09,48.11,74.62,5.49,0,0,4,46,0,19.4
CMW Read,Test,7,254,550,9,414,26,3,28.22,46.18,75.27,5.27,0,1,4,55,1,20.9
Kashif Siddique,T20I,11,254,184,11,83,39,6,23.09,138.04,45.11,24.46,0,2,0,57,1,48.1
Taskin Ahmed,ODI,42,253,423,32,282,18,9,7.91,59.81,66.67,6.38,0,0,0,21,8,16.4
Sayed Monib,T20I,24,253,139,17,43,14,22,14.88,182.01,30.94,25.9,0,0,2,32,3,53.8
Ameer Saiyed,T20I,19,253,266,17,125,20,4,14.88,95.11,46.99,9.02,0,0,1,44,0,28.5
Khizar Hayat,T20I,29,253,261,18,90,15,5,14.06,96.93,34.48,7.66,0,0,0,28,4,29.3
XM Marshall,T20I,17,253,255,17,120,20,8,14.88,99.22,47.06,10.98,0,0,2,36,2,30.3
Yasin Patel,T20I,29,253,287,16,121,10,8,15.81,88.15,42.16,6.27,0,0,2,40,2,26.7
P Khadka,ODI,8,252,308,7,189,33,3,36.0,81.82,61.36,11.69,1,0,1,115,0,34.3
CD McMillan,Test,5,252,464,6,333,27,4,42.0,54.31,71.77,6.68,1,1,0,100,0,28.1
S Sreesanth,Test,25,252,484,27,373,34,4,9.33,52.07,77.07,7.85,0,0,1,35,10,16.3
RMMP Rathnayake,Test,6,252,442,9,320,26,4,28.0,57.01,72.4,6.79,0,1,2,72,1,23.3
M Jansen,T20I,19,252,175,14,76,15,20,18.0,144.0,43.43,20.0,0,2,0,55,2,44.3
NM Coulter-Nile,ODI,20,252,262,15,124,20,6,16.8,96.18,47.33,9.92,0,1,1,92,2,29.9
Sohail Khan,Test,8,252,328,10,236,34,8,25.2,76.83,71.95,12.8,0,1,3,65,0,29.0
CP Rizwan,T20I,12,252,224,10,72,21,4,25.2,112.5,32.14,11.16,0,1,3,51,0,38.3
JP Duminy,PSL,9,251,249,7,108,22,8,35.86,100.8,43.37,12.05,0,2,2,73,0,39.7
Manjural Islam Rana,ODI,13,251,457,10,295,17,0,25.1,54.92,64.55,3.72,0,1,2,63,0,20.7
J Avendano,BBL,17,251,223,17,105,17,14,14.76,112.56,47.09,13.9,0,1,2,52,2,34.1
BR McDermott,CPL,11,251,178,11,86,30,11,22.82,141.01,48.31,23.03,0,1,2,75,0,47.0
JNT Seales,Test,29,251,621,30,498,18,10,8.37,40.42,80.19,4.51,0,0,1,32,11,12.1
KO Otieno,ODI,18,250,571,18,434,29,4,13.89,43.78,76.01,5.78,0,2,1,79,4,15.5
KS Ahuja,WPL,19,250,200,18,73,27,6,13.89,125.0,36.5,16.5,0,0,4,46,2,38.7
Tushar Imran,ODI,21,250,460,21,319,27,1,11.9,54.35,69.35,6.09,0,0,3,48,3,16.5
FA Cossa,T20I,15,250,222,10,119,24,13,25.0,112.61,53.6,16.67,0,1,2,59,1,38.8
Amjad Ali,ODI,10,249,375,10,248,33,0,24.9,66.4,66.13,8.8,0,1,2,77,0,25.4
Aminuddin Ramly,T20I,19,249,167,15,55,11,19,16.6,149.1,32.93,17.96,0,0,2,41,1,44.6
K Mirpuri,T20I,23,249,248,7,81,17,4,35.57,100.4,32.66,8.47,0,0,1,34,1,38.6
SH Venugopal,T20I,13,249,231,11,81,14,7,22.64,107.79,35.06,9.09,0,0,2,46,0,34.9
RV Uthappa,T20I,12,249,211,10,87,26,6,24.9,118.01,41.23,15.17,0,1,4,50,1,40.3
DA Marillier,ODI,10,249,350,10,200,23,2,24.9,71.14,57.14,7.14,1,1,1,100,2,26.2
Harpreet Brar,IPL,27,249,206,12,83,20,10,20.75,120.87,40.29,14.56,0,0,0,29,1,38.9
J Yadav,Test,6,248,575,8,444,30,1,31.0,43.13,77.22,5.39,1,1,1,104,0,21.6
SR Clark,Test,21,248,354,19,242,22,6,13.05,70.06,68.36,7.91,0,0,4,39,5,20.5
M Raikes,T20I,7,248,161,6,50,25,10,41.33,154.04,31.06,21.74,0,3,0,85,0,57.3
Muhammad Siddiqui,T20I,11,248,208,11,103,24,12,22.55,119.23,49.52,17.31,0,0,3,48,1,39.9
JS Malhotra,T20I,14,248,213,13,75,18,9,19.08,116.43,35.21,12.68,0,1,2,58,0,37.1
D Uwimana,T20I,19,247,218,12,105,15,16,20.58,113.3,48.17,14.22,0,0,3,37,0,36.4
J Hermann,ODI,3,247,209,3,100,32,4,82.33,118.18,47.85,17.22,1,1,0,150,0,61.4
Wasim Ali,T20I,15,247,197,13,72,18,12,19.0,125.38,36.55,15.23,0,0,4,38,0,39.8
D Muhumuza,T20I,18,247,248,12,115,19,9,20.58,99.6,46.37,11.29,0,2,0,59,1,32.8
K Gowtham,IPL,27,247,148,18,50,15,17,13.72,166.89,33.78,21.62,0,0,1,33,2,48.3
Mohammad Sami,ODI,24,246,357,16,206,12,8,15.38,68.91,57.7,5.6,0,0,1,46,2,21.2
J Ramanandi,ODI,10,246,294,9,153,19,8,27.33,83.67,52.04,9.18,0,2,1,91,1,30.9
D Panda,T20I,15,246,221,12,85,16,6,20.5,111.31,38.46,9.95,0,1,2,56,0,34.7
Ali Nawaz,T20I,19,245,217,16,92,13,10,15.31,112.9,42.4,10.6,0,0,2,41,2,32.8
AD Mascarenhas,ODI,13,245,257,11,129,12,13,22.27,95.33,50.19,9.73,0,1,2,52,2,31.3
Sufyan Mehmood,T20I,20,245,313,15,147,16,5,16.33,78.27,46.96,6.71,0,0,3,40,1,25.1
Yves Cyusa,T20I,29,245,294,22,158,21,6,11.14,83.33,53.74,9.18,0,0,2,36,3,24.6
MD Bell,Test,5,245,510,8,401,42,0,30.62,48.04,78.63,8.24,1,1,0,107,3,24.0
C Bosch,Test,3,245,319,4,189,31,1,61.25,76.8,59.25,10.03,1,1,1,100,1,42.2
AT Nidamanuru,T20I,19,244,225,19,98,10,13,12.84,108.44,43.56,10.22,0,0,3,36,5,30.8
T Suri,T20I,11,244,207,11,84,27,4,22.18,117.87,40.58,14.98,0,1,3,77,3,39.2
AA Rahayu,T20I,24,244,260,15,129,20,7,16.27,93.85,49.62,10.38,0,1,0,55,2,29.3
Shuvagata Hom,Test,8,244,437,11,301,29,0,22.18,55.84,68.88,6.64,0,1,2,50,3,21.0
Awais Ahmed,T20I,16,244,219,14,103,25,9,17.43,111.42,47.03,15.53,0,0,3,47,3,36.0
SM Davies,ODI,8,244,231,8,118,36,0,30.5,105.63,51.08,15.58,0,1,2,87,1,39.6
S Houghton,T20I,19,243,307,18,174,19,7,13.5,79.15,56.68,8.47,0,0,2,34,4,24.0
IS Sodhi,T20I,40,243,223,28,101,13,13,8.68,108.97,45.29,11.66,0,0,1,33,6,30.1
S Foster,T20I,18,243,262,14,113,19,0,17.36,92.75,43.13,7.25,0,0,2,41,1,28.4
ML Udawatte,ODI,8,243,353,8,212,24,2,30.38,68.84,60.06,7.37,0,2,2,73,1,27.7
Shakeel Ahmed,T20I,25,243,253,18,118,16,9,13.5,96.05,46.64,9.88,0,0,2,45,3,28.7
Amir Zaib,T20I,16,243,192,13,69,21,7,18.69,126.56,35.94,14.58,0,0,5,45,3,39.5
AR Odedara,ODI,10,243,464,9,336,23,6,27.0,52.37,72.41,6.25,0,1,3,54,1,21.9
Kuldeep Yadav,Test,15,243,915,20,770,24,1,12.15,26.56,84.15,2.73,0,0,2,40,4,10.4
PL Mommsen,T20I,9,242,184,7,64,21,7,34.57,131.52,34.78,15.22,0,2,2,68,1,46.8
Harmeet Singh,T20I,20,242,166,16,57,13,15,15.12,145.78,34.34,16.87,0,0,3,38,4,42.6
Abhishek Ahuja,T20I,12,242,212,12,91,19,10,20.17,114.15,42.92,13.68,0,1,3,61,3,36.8
Khalid Ahmadi,T20I,21,242,139,13,50,18,18,18.62,174.1,35.97,25.9,0,0,1,31,1,53.7
C Tommy,T20I,18,242,259,17,117,16,6,14.24,93.44,45.17,8.49,0,0,1,31,1,27.9
UT Khawaja,T20I,9,241,182,9,70,31,5,26.78,132.42,38.46,19.78,0,1,3,58,0,46.5
S Sajana,WPL,21,241,171,14,73,33,8,17.21,140.94,42.69,23.98,0,0,2,45,2,46.3
Aaftab Alam Khan,T20I,21,241,194,16,77,20,9,15.06,124.23,39.69,14.95,0,1,1,71,4,37.6
SM Katich,IPL,11,241,186,10,80,26,8,24.1,129.57,43.01,18.28,0,2,1,75,1,43.4
GSNFG Jayasuriya,T20I,16,241,222,16,93,20,8,15.06,108.56,41.89,12.61,0,0,4,40,1,33.5
JN Malan,T20I,11,241,186,11,81,25,11,21.91,129.57,43.55,19.35,0,1,3,55,1,43.3
D Sabir,T20I,22,240,209,17,75,19,6,14.12,114.83,35.89,11.96,0,0,1,46,4,34.4
Amjad Javed,T20I,14,240,216,11,100,12,15,21.82,111.11,46.3,12.5,0,1,1,76,1,35.7
Junaid Siddique,T20I,28,240,180,15,76,22,10,16.0,133.33,42.22,17.78,0,1,1,71,3,40.7
Mohammad Abbas,Test,31,240,907,28,798,29,5,8.57,26.46,87.98,3.75,0,0,1,42,7,9.7
Jordan O'Brien,T20I,24,240,233,22,106,24,4,10.91,103.0,45.49,12.02,0,0,2,32,2,30.3
J Overton,ODI,9,240,216,9,113,29,8,26.67,111.11,52.31,17.13,0,1,4,68,1,39.7
D Ferreira,T20I,15,240,154,13,54,13,17,18.46,155.84,35.06,19.48,0,0,2,48,1,46.9
Sandeep Goud,T20I,35,240,297,25,157,10,11,9.6,80.81,52.86,7.07,0,0,1,31,2,22.3
RR Watson,ODI,11,239,336,9,225,32,2,26.56,71.13,66.96,10.12,0,2,1,54,0,27.4
IA Cockbain,BBL,6,239,169,4,46,19,9,59.75,141.42,27.22,16.57,0,2,2,71,0,59.6
J Campbell,T20I,13,238,192,11,78,15,12,21.64,123.96,40.62,14.06,0,0,4,45,1,39.3
C Dickson,T20I,18,238,249,14,107,13,7,17.0,95.58,42.97,8.03,0,0,2,41,2,29.2
AJ Nair,BBL,22,238,201,12,67,14,7,19.83,118.41,33.33,10.45,0,0,2,45,2,36.4
J Byrappa,T20I,12,238,227,10,109,15,10,23.8,104.85,48.02,11.01,0,1,2,62,0,34.3
J Miyaji,T20I,29,238,224,24,92,6,14,9.92,106.25,41.07,8.93,0,0,0,29,6,28.9
Musa Ahmed,ODI,13,238,371,13,234,20,3,18.31,64.15,63.07,6.2,0,1,1,61,1,21.3
BCJ Cutting,IPL,17,238,141,11,53,15,19,21.64,168.79,37.59,24.11,0,0,2,39,1,52.6
Amjad Javed,ODI,12,238,258,11,160,27,9,21.64,92.25,62.02,13.95,0,1,3,56,1,31.7
DC Thomas,ODI,19,238,364,17,212,19,2,14.0,65.38,58.24,5.77,0,0,1,37,3,20.2
F Suluoto,T20I,24,238,247,19,130,15,12,12.53,96.36,52.63,10.93,0,0,1,35,2,28.2
SC Getkate,T20I,21,238,207,18,72,9,13,13.22,114.98,34.78,10.63,0,0,1,30,0,33.4
DJ Harris,BBL,13,237,232,13,114,23,5,18.23,102.16,49.14,12.07,0,0,4,49,0,32.4
DW Lawrence,BBL,12,237,184,11,73,24,8,21.55,128.8,39.67,17.39,0,2,1,64,1,42.3
Khalid Latif,T20I,12,237,225,10,104,25,6,23.7,105.33,46.22,13.78,0,1,3,59,0,36.5
DE Budge,ODI,14,237,303,10,150,17,1,23.7,78.22,49.5,5.94,0,0,3,46,1,27.0
MD Mishra,IPL,17,237,208,16,97,24,8,14.81,113.94,46.63,15.38,0,0,2,41,1,35.3
Khurram Khan,ODI,9,237,311,9,170,24,1,26.33,76.21,54.66,8.04,0,1,3,78,0,28.4
HN Ya France,ODI,17,237,279,9,155,20,8,26.33,84.95,55.56,10.04,0,1,2,52,2,30.8
DJ Willey,BBL,21,237,214,17,89,14,10,13.94,110.75,41.59,11.21,0,1,2,55,1,32.5
Mohamed Arief,T20I,14,237,193,11,72,26,5,21.55,122.8,37.31,16.06,0,1,1,52,0,40.9
YK Pathan,T20I,18,236,161,13,57,11,17,18.15,146.58,35.4,17.39,0,0,3,37,3,44.1
RE Levi,T20I,13,236,167,11,75,20,15,21.45,141.32,44.91,20.96,1,1,0,117,3,45.6
GJ Hopkins,ODI,17,236,311,16,161,19,2,14.75,75.88,51.77,6.75,0,0,2,45,3,23.5
Izaz Ali,T20I,15,235,184,15,82,20,12,15.67,127.72,44.57,17.39,0,1,2,83,3,39.2
AJ Turner,PSL,14,235,139,9,29,15,12,26.11,169.06,20.86,19.42,0,1,2,52,2,53.6
Jakir Patel,T20I,14,235,208,14,90,18,12,16.79,112.98,43.27,14.42,0,1,1,63,0,35.8
DA Miller,PSL,9,235,163,8,49,19,10,29.38,144.17,30.06,17.79,0,2,0,73,0,49.0
KU Carty,Test,7,235,513,14,400,23,1,16.79,45.81,77.97,4.68,0,0,3,42,2,16.1
LG Pretorius,Test,2,235,253,3,129,18,7,78.33,92.89,50.99,9.88,1,1,0,153,0,51.9
JP Bray,ODI,10,234,367,9,238,25,2,26.0,63.76,64.85,7.36,1,0,2,115,2,24.6
Abid Ali,ODI,6,234,250,6,129,29,0,39.0,93.6,51.6,11.6,1,1,0,112,1,38.3
WG Jacks,Test,6,234,453,11,318,17,6,21.27,51.66,70.2,5.08,0,0,4,47,1,18.9
BF Mailata,T20I,15,234,240,12,124,14,14,19.5,97.5,51.67,11.67,0,0,4,39,2,31.6
NFI McCallum,ODI,10,233,353,8,235,22,5,29.12,66.01,66.57,7.65,1,0,1,121,0,26.0
AM Tribe,ODI,4,233,309,3,173,16,6,77.67,75.4,55.99,7.12,1,1,1,115,0,46.7
MT Renshaw,T20I,8,233,185,6,49,12,7,38.83,125.95,26.49,10.27,0,2,1,89,0,45.5
K Birkenstock,ODI,15,233,426,15,288,25,0,15.53,54.69,67.61,5.87,0,1,2,61,2,18.0
A Oxley,T20I,8,233,266,7,115,15,2,33.29,87.59,43.23,6.39,0,1,2,80,0,33.1
RR Rossouw,BBL,14,232,184,13,67,22,7,17.85,126.09,36.41,15.76,0,2,1,59,3,39.9
C de Grandhomme,CPL,10,232,154,8,56,21,11,29.0,150.65,36.36,20.78,0,1,1,65,1,50.8
TL Best,Test,13,232,359,16,258,33,4,14.5,64.62,71.87,10.31,0,1,0,95,6,21.6
C de Grandhomme,BBL,13,232,165,12,50,18,10,19.33,140.61,30.3,16.97,0,0,4,37,0,44.1
Umair Qasim,T20I,24,232,237,19,119,21,7,12.21,97.89,50.21,11.81,0,1,0,50,3,29.2
GT Taylor,T20I,21,232,286,18,169,24,7,12.89,81.12,59.09,10.84,0,1,1,56,4,25.2
J Tuffin,T20I,19,232,241,14,97,12,5,16.57,96.27,40.25,7.05,0,0,1,32,0,28.9
Danish Kaneria,Test,30,231,456,32,350,28,2,7.22,50.66,76.75,6.58,0,0,0,29,14,14.5
BAD Manenti,T20I,11,231,160,10,57,20,12,23.1,144.38,35.62,20.0,0,2,1,60,1,47.3
P Murungi,T20I,23,231,197,17,92,21,8,13.59,117.26,46.7,14.72,0,0,1,31,1,34.9
IR Bell,BBL,9,231,182,7,60,19,6,33.0,126.92,32.97,13.74,0,1,2,61,1,44.8
Mohamed Azzam,T20I,30,231,316,27,161,13,2,8.56,73.1,50.95,4.75,0,0,0,25,4,19.6
VE Tembo,T20I,19,231,194,15,95,25,8,15.4,119.07,48.97,17.01,0,0,2,47,5,37.0
B Muzarabani,Test,14,231,428,20,328,29,6,11.55,53.97,76.64,8.18,0,0,3,47,5,17.6
Shahil Momin,T20I,15,231,251,12,99,14,1,19.25,92.03,39.44,5.98,0,0,3,48,1,28.7
R Escobar,T20I,15,230,300,10,137,11,2,23.0,76.67,45.67,4.33,0,0,2,41,1,26.0
STR Binny,ODI,11,230,246,8,122,23,5,28.75,93.5,49.59,11.38,0,1,1,77,1,34.6
DP Hyatt,CPL,15,230,270,12,134,17,7,19.17,85.19,49.63,8.89,0,0,2,42,2,28.2
MM English,ODI,6,230,326,5,184,16,5,46.0,70.55,56.44,6.44,1,1,2,107,1,33.6
E Solomon,T20I,8,229,209,6,75,24,0,38.17,109.57,35.89,11.48,0,1,2,59,0,42.4
ST Gabriel,Test,53,229,660,54,561,28,6,4.24,34.7,85.0,5.15,0,0,0,20,23,10.2
Muhammad Nadir,T20I,37,229,268,21,151,22,7,10.9,85.45,56.34,10.82,0,0,0,19,3,25.5
LE Plunkett,Test,11,229,455,13,339,31,0,17.62,50.33,74.51,6.81,0,1,2,55,6,18.5
RAS Lakmal,ODI,45,229,391,26,242,16,3,8.81,58.57,61.89,4.86,0,0,0,26,9,16.2
RD Gaikwad,ODI,8,228,254,8,134,28,2,28.5,89.76,52.76,11.81,1,1,0,105,0,33.8
B Ito-Davis,T20I,19,228,206,15,69,13,5,15.2,110.68,33.5,8.74,0,0,2,47,1,32.5
AA Jangoo,ODI,7,228,280,6,126,11,5,38.0,81.43,45.0,5.71,1,1,0,104,1,33.3
NRJ Croes,T20I,15,228,173,10,46,22,1,22.8,131.79,26.59,13.29,0,1,2,52,0,42.3
TM Dowlin,ODI,10,228,348,9,200,20,1,25.33,65.52,57.47,6.03,1,1,1,100,2,24.8
C Potgieter,T20I,12,228,181,10,80,14,15,22.8,125.97,44.2,16.02,0,1,3,52,2,40.8
Devender Singh,T20I,18,227,219,12,97,17,7,18.92,103.65,44.29,10.96,0,0,1,47,1,32.8
Nayeem Hasan,Test,12,227,561,16,419,20,0,14.19,40.46,74.69,3.57,0,0,0,26,1,13.7
AJ Redmond,Test,7,227,531,13,426,34,2,17.46,42.75,80.23,6.78,0,1,1,83,1,17.3
Mohammad Rizwan,CPL,6,227,178,4,66,17,10,56.75,127.53,37.08,15.17,0,2,2,85,0,54.2
Taskin Ahmed,T20I,38,227,218,21,108,20,8,10.81,104.13,49.54,12.84,0,0,1,31,5,30.3
I Udana,ODI,17,227,228,13,120,18,9,17.46,99.56,52.63,11.84,0,1,1,78,2,31.1
Khurram Nawaz,T20I,16,227,190,11,73,16,11,20.64,119.47,38.42,14.21,0,1,1,58,1,38.7
WP Masakadza,T20I,38,226,247,27,107,15,5,8.37,91.5,43.32,8.1,0,0,1,34,3,25.4
Zeeshan Ashraf,PSL,14,226,180,14,76,26,7,16.14,125.56,42.22,18.33,0,2,0,52,0,40.0
MA Baig,T20I,13,226,256,7,119,19,3,32.29,88.28,46.48,8.59,0,1,1,74,0,33.8
Jahurul Islam,ODI,11,226,319,10,190,22,2,22.6,70.85,59.56,7.52,0,1,2,53,2,25.2
AM Samad,ODI,10,226,369,9,241,23,1,25.11,61.25,65.31,6.5,0,0,4,44,0,23.3
MN van Wyk,T20I,7,225,157,6,67,19,14,37.5,143.31,42.68,21.02,1,1,0,114,0,52.2
H Davids,CPL,15,225,212,13,84,16,6,17.31,106.13,39.62,10.38,0,0,1,43,2,32.8
DAS Gunaratne,T20I,12,225,178,9,55,19,6,25.0,126.4,30.9,14.04,0,2,1,84,2,42.2
Hussain Talat,ODI,10,224,278,8,135,19,2,28.0,80.58,48.56,7.55,0,1,3,62,0,30.1
MW Forde,ODI,16,224,197,14,104,16,15,16.0,113.71,52.79,15.74,0,1,1,58,2,35.1
Mohammed Shami,ODI,48,224,271,28,150,17,9,8.0,82.66,55.35,9.59,0,0,0,25,6,23.3
G Thakur,T20I,11,224,185,10,83,24,6,22.4,121.08,44.86,16.22,0,1,1,62,0,40.0
Mahmud Jasat,T20I,17,224,307,16,163,14,2,14.0,72.96,53.09,5.21,0,0,1,35,3,21.6
T Duffin,ODI,9,224,473,9,338,24,0,24.89,47.36,71.46,5.07,0,1,2,88,0,19.6
MS Wade,PSL,9,224,185,8,72,29,3,28.0,121.08,38.92,17.3,0,1,2,53,1,43.6
J Weatherald,Test,6,224,328,11,225,35,1,20.36,68.29,68.6,10.98,0,1,1,72,2,25.0
SKDT Madusanka,T20I,13,224,249,10,142,30,2,22.4,89.96,57.03,12.85,0,0,1,43,0,31.6
IS Billcliff,ODI,10,223,385,10,259,22,3,22.3,57.92,67.27,6.49,0,2,1,71,0,21.5
BR McDermott,ODI,5,223,278,5,157,19,5,44.6,80.22,56.47,8.63,1,1,1,104,1,35.9
S Maduranga,T20I,19,223,290,13,164,20,5,17.15,76.9,56.55,8.62,0,1,0,51,1,25.1
D Cleaver,T20I,11,222,165,10,64,22,8,22.2,134.55,38.79,18.18,0,2,0,78,1,43.9
Akhil Anil,T20I,20,222,192,16,84,17,10,13.88,115.62,43.75,14.06,0,1,0,52,2,34.7
Nasibullah Arab,T20I,10,222,131,10,56,26,12,22.2,169.47,42.75,29.01,0,0,3,33,1,55.4
A Shahi,T20I,19,222,151,16,67,13,17,13.88,147.02,44.37,19.87,0,0,3,44,3,42.9
CN Onwuzulike,T20I,18,222,219,16,104,17,8,13.88,101.37,47.49,11.42,0,1,2,54,2,30.4
DAJ Bracewell,ODI,14,221,274,12,138,14,7,18.42,80.66,50.36,7.66,0,1,2,57,1,26.4
Rishad Hossain,T20I,32,221,181,26,85,13,16,8.5,122.1,46.96,16.02,0,1,0,53,5,34.4
Nafees Iqbal,Test,6,221,519,12,410,31,0,18.42,42.58,79.0,5.97,0,1,2,54,0,17.1
Delawar Khan,T20I,20,221,165,14,68,13,13,15.79,133.94,41.21,15.76,0,0,2,40,3,39.5
J Mubarak,T20I,14,221,169,10,57,19,8,22.1,130.77,33.73,15.98,0,0,3,46,2,42.6
KS Bharat,Test,7,221,417,11,303,19,6,20.09,53.0,72.66,6.0,0,0,2,44,0,19.2
Hadisullah Tarakhel,T20I,8,220,122,7,52,24,15,31.43,180.33,42.62,31.97,0,1,1,78,0,61.0
Rony Talukdar,T20I,9,220,160,9,60,23,7,24.44,137.5,37.5,18.75,0,1,1,67,0,45.7
DA Warner,CPL,9,220,197,7,73,19,4,31.43,111.68,37.06,11.68,0,1,2,72,1,40.1
SB Dubey,IPL,17,220,143,10,47,17,13,22.0,153.85,32.87,20.98,0,0,2,34,1,49.2
E Mathew,T20I,22,219,236,19,106,11,6,11.53,92.8,44.92,7.2,0,0,1,46,1,25.9
AY Patel,Test,21,219,575,19,466,22,5,11.53,38.09,81.04,4.7,0,0,2,35,1,13.1
Ali Farasat,T20I,20,219,185,18,80,12,12,12.17,118.38,43.24,12.97,0,0,1,32,2,33.8
DR Chumney,ODI,11,219,327,10,208,19,6,21.9,66.97,63.61,7.65,0,0,2,44,0,23.9
A Dutt,ODI,40,219,373,32,241,10,8,6.84,58.71,64.61,4.83,0,0,0,23,5,15.0
M Louis,CPL,11,219,164,10,75,16,15,21.9,133.54,45.73,18.9,0,2,2,63,1,43.2
AB McDonald,BBL,11,219,194,10,74,10,10,21.9,112.89,38.14,10.31,0,2,1,60,1,35.6
P Mustard,ODI,9,219,237,9,130,25,5,24.33,92.41,54.85,12.66,0,1,1,83,0,32.9
Asim Kamal,Test,3,219,453,4,356,35,1,54.75,48.34,78.59,7.95,0,2,1,99,0,32.9
DG Blampied,T20I,23,218,231,14,83,11,1,15.57,94.37,35.93,5.19,0,0,0,29,1,27.6
DK Anefie,T20I,22,218,187,18,79,9,11,12.11,116.58,42.25,10.7,0,0,2,46,7,32.2
P Rathnayake,ODI,5,218,238,5,100,17,3,43.6,91.6,42.02,8.4,1,0,1,121,0,39.0
PM Seelaar,ODI,20,218,364,19,242,20,3,11.47,59.89,66.48,6.32,0,0,3,43,6,17.7
S Cotter,T20I,15,218,223,13,109,24,3,16.77,97.76,48.88,12.11,0,1,1,51,2,31.3
AK Sah,T20I,13,218,182,13,96,19,12,16.77,119.78,52.75,17.03,0,0,1,41,1,37.1
Saeed Anwar,ODI,5,218,303,4,176,19,1,54.5,71.95,58.09,6.6,1,0,1,101,0,36.9
K Goel,IPL,17,218,231,15,122,17,9,14.53,94.37,52.81,11.26,0,0,1,38,2,28.8
SSJ Brooks,T20I,12,218,212,11,109,15,11,19.82,102.83,51.42,12.26,0,1,2,56,2,32.9
Natim Hassam,T20I,11,218,195,7,73,19,5,31.14,111.79,37.44,12.31,0,1,0,52,0,40.4
AB de Villiers,PSL,7,218,169,4,49,19,5,54.5,128.99,28.99,14.2,0,1,3,52,0,54.0
Simi Singh,T20I,30,218,207,22,73,16,4,9.91,105.31,35.27,9.66,0,1,0,57,5,30.1
BJ Hodge,Test,4,218,437,6,328,29,1,36.33,49.89,75.06,6.86,0,2,0,67,0,25.5
UWMBCA Welegedara,Test,18,218,423,24,333,31,4,9.08,51.54,78.72,8.27,0,0,1,48,4,16.4
GJ Delany,ODI,16,217,222,12,110,20,6,18.08,97.75,49.55,11.71,0,0,0,22,1,31.4
MS Panesar,Test,44,217,725,45,613,23,1,4.82,29.93,84.55,3.31,0,0,0,26,20,8.5
Kamran Akmal,CPL,14,217,197,14,88,22,6,15.5,110.15,44.67,14.21,0,1,2,60,1,34.5
Shoaib Akhtar,ODI,39,217,246,25,145,14,10,8.68,88.21,58.94,9.76,0,0,1,43,7,23.9
AA Jhunjhunwala,IPL,15,217,210,13,89,19,5,16.69,103.33,42.38,11.43,0,1,1,53,1,32.5
SF Mire,T20I,6,217,170,6,78,18,11,36.17,127.65,45.88,17.06,0,2,0,94,0,46.4
Aamer Jamal,PSL,21,217,153,12,60,20,11,18.08,141.83,39.22,20.26,0,1,0,87,1,44.7
R Mutumbami,Test,6,217,458,11,356,29,1,19.73,47.38,77.73,6.55,0,0,2,43,1,18.7
D Parashar,T20I,22,216,200,11,65,9,8,19.64,108.0,32.5,8.5,0,0,1,32,0,33.7
MP Ainsworth,T20I,17,216,273,14,129,12,3,15.43,79.12,47.25,5.49,0,1,0,50,2,24.0
ARA Chambers,T20I,13,216,231,12,107,25,1,18.0,93.51,46.32,11.26,0,0,3,36,0,31.0
K Nestor,T20I,26,216,233,21,124,19,7,10.29,92.7,53.22,11.16,0,0,2,35,7,26.9
TT Bresnan,T20I,21,216,170,13,56,16,6,16.62,127.06,32.94,12.94,0,0,1,47,3,38.1
TA Boult,ODI,50,216,279,24,171,20,7,9.0,77.42,61.29,9.68,0,0,0,21,2,22.1
T Marumani,ODI,16,216,320,14,212,23,3,15.43,67.5,66.25,8.12,0,0,2,45,3,21.4
Ali Saleem,T20I,12,216,178,11,77,14,11,19.64,121.35,43.26,14.04,0,1,2,53,0,37.7
EMDY Munaweera,T20I,13,215,164,12,74,25,7,17.92,131.1,45.12,19.51,0,1,2,53,1,41.8
Vinay Ravi,T20I,29,215,206,20,96,17,6,10.75,104.37,46.6,11.17,0,0,0,24,4,29.6
Asghar Ali Khan,T20I,8,215,134,6,42,21,9,35.83,160.45,31.34,22.39,0,1,1,88,0,56.5
Mohammad Nabi,IPL,19,215,150,16,54,18,11,13.44,143.33,36.0,19.33,0,0,1,31,1,43.0
I Pandey,ODI,9,215,306,8,175,17,3,26.88,70.26,57.19,6.54,0,2,0,84,0,26.4
Adeeb Usmani,T20I,5,215,131,3,42,14,14,71.67,164.12,32.06,21.37,0,2,1,96,0,69.7
Shamyl Hussain,PSL,9,215,147,9,51,16,13,23.89,146.26,34.69,19.73,0,3,0,54,2,47.8
N Boje,ODI,11,215,211,5,94,23,2,43.0,101.9,44.55,11.85,0,1,1,50,0,42.1
P Suanchuai,T20I,23,214,308,21,182,18,3,10.19,69.48,59.09,6.82,0,0,1,37,4,19.9
DL Piedt,Test,11,214,619,14,506,20,3,15.29,34.57,81.74,3.72,0,1,2,56,2,13.3
SP Narine,PSL,15,214,130,13,52,17,15,16.46,164.62,40.0,24.62,0,0,0,28,1,50.1
CN Kakuru,T20I,26,214,213,20,99,20,2,10.7,100.47,46.48,10.33,0,0,1,38,3,28.5
S Prasanna,T20I,20,214,161,14,66,13,13,15.29,132.92,40.99,16.15,0,0,1,37,0,39.4
Atif Rasheed,T20I,15,214,179,15,78,12,10,14.27,119.55,43.58,12.29,0,0,2,43,2,34.2
KTK Rodrigo,T20I,12,214,231,11,112,22,3,19.45,92.64,48.48,10.82,0,1,1,71,2,30.8
LOB Cann,ODI,10,214,172,10,89,23,10,21.4,124.42,51.74,19.19,0,1,2,52,3,41.0
HV Mandhyan,T20I,17,214,221,16,105,15,7,13.38,96.83,47.51,9.95,0,0,1,41,1,28.6
Saad Baig,PSL,12,213,169,12,72,34,1,17.75,126.04,42.6,20.71,0,1,1,53,1,42.2
FH Allen,PSL,10,213,124,9,49,23,13,23.67,171.77,39.52,29.03,0,1,3,53,2,56.8
N Khanna,T20I,20,213,161,14,59,24,4,15.21,132.3,36.65,17.39,0,0,2,37,2,40.8
D Heyliger,ODI,17,213,222,15,117,18,8,14.2,95.95,52.7,11.71,0,1,2,56,1,29.2
N Hussain,ODI,11,213,321,11,178,15,0,19.36,66.36,55.45,4.67,0,1,2,54,1,22.0
BAW Mendis,Test,13,213,455,13,344,25,1,16.38,46.81,75.6,5.71,0,1,1,78,2,16.8
S Ecclestone,WPL,26,213,196,21,85,18,8,10.14,108.67,43.37,13.27,0,0,1,33,4,31.9
Sachin Mandy,T20I,20,212,203,19,102,15,11,11.16,104.43,50.25,12.81,0,2,0,50,3,30.4
Khalid Zahid,T20I,19,211,149,16,49,15,10,13.19,141.61,32.89,16.78,0,0,1,47,1,41.4
Saif Hassan,ODI,10,211,260,10,164,22,8,21.1,81.15,63.08,11.54,0,2,1,80,1,28.2
S Samarawickrama,T20I,15,211,204,13,78,23,1,16.23,103.43,38.24,11.76,0,1,1,61,2,33.1
Hamid Safi,T20I,17,211,144,11,72,8,21,19.18,146.53,50.0,20.14,0,0,1,42,1,44.1
SV Carlisle,Test,5,211,541,9,439,27,2,23.44,39.0,81.15,5.36,1,0,1,118,1,18.1
DJM Short,ODI,8,211,269,7,128,16,1,30.14,78.44,47.58,6.32,0,1,2,69,1,29.9
Shafiul Islam,Test,11,211,439,20,358,31,3,10.55,48.06,81.55,7.74,0,1,0,53,2,16.1
Haris Sohail,T20I,13,210,204,11,81,16,3,19.09,102.94,39.71,9.31,0,2,1,52,1,32.3
ZXM Vukusic,T20I,8,210,161,8,61,14,12,26.25,130.43,37.89,16.15,0,1,2,53,0,43.6
CA Ingram,T20I,9,210,162,8,66,23,7,26.25,129.63,40.74,18.52,0,1,3,78,1,44.7
Kuldeep Yadav,IPL,42,210,253,18,126,18,3,11.67,83.0,49.8,8.3,0,0,1,35,5,24.6
R Dhawan,IPL,22,210,187,11,84,18,7,19.09,112.3,44.92,13.37,0,0,0,25,1,35.6
TK Musakanda,ODI,9,210,233,9,129,23,3,23.33,90.13,55.36,11.16,0,0,4,48,1,31.1
Kamran Ghulam,ODI,7,210,212,7,112,19,9,30.0,99.06,52.83,13.21,1,1,0,103,1,36.6
IS Sodhi,ODI,25,210,289,22,163,8,10,9.55,72.66,56.4,6.23,0,0,1,35,6,20.1
IE O'Brien,Test,18,210,534,27,441,28,1,7.78,39.33,82.58,5.43,0,0,1,31,8,12.3
KD Mills,Test,12,210,527,16,430,27,3,13.12,39.85,81.59,5.69,0,1,1,57,3,14.6
CJ Delany,T20I,9,210,193,8,86,22,1,26.25,108.81,44.56,11.92,0,2,0,69,1,36.9
NG Smith,Test,8,210,399,12,293,23,4,17.5,52.63,73.43,6.77,0,0,2,42,0,18.7
S Descarte,CPL,14,209,172,14,80,18,10,14.93,121.51,46.51,16.28,0,1,2,56,2,37.0
KOA Powell,CPL,11,209,200,11,94,22,4,19.0,104.5,47.0,13.0,0,0,2,47,0,33.9
W Maximo,T20I,17,209,271,17,141,18,0,12.29,77.12,52.03,6.64,0,0,1,35,1,22.6
Amir Butt,T20I,8,208,159,8,69,9,14,26.0,130.82,43.4,14.47,0,1,0,73,0,41.7
Maaz Sadaqat,CPL,5,208,133,5,49,16,11,41.6,156.39,36.84,20.3,1,0,2,112,0,55.9
SD Parris,CPL,12,208,203,12,102,8,15,17.33,102.46,50.25,11.33,0,1,2,57,1,31.4
UT Yadav,IPL,48,208,201,21,96,16,9,9.9,103.48,47.76,12.44,0,0,0,24,8,29.9
Mushfiqur Rahman,ODI,14,208,404,12,268,19,0,17.33,51.49,66.34,4.7,0,0,2,36,1,17.6
JR Hopes,BBL,23,207,190,17,75,24,0,12.18,108.95,39.47,12.63,0,0,0,24,1,32.8
HE van der Dussen,CPL,11,207,186,9,71,15,6,23.0,111.29,38.17,11.29,0,0,3,45,1,36.5
PA Jaques,BBL,7,207,174,6,50,17,2,34.5,118.97,28.74,10.92,0,2,1,73,2,42.9
BMAJ Mendis,T20I,15,207,174,11,64,18,6,18.82,118.97,36.78,13.79,0,0,2,43,1,37.8
Hamza Tariq,T20I,18,207,145,11,42,13,10,18.82,142.76,28.97,15.86,0,1,1,55,2,43.6
ZN Carter,CPL,11,206,168,11,93,15,16,18.73,122.62,55.36,18.45,0,1,1,57,0,38.8
T Mishra,T20I,12,206,230,12,104,15,4,17.17,89.57,45.22,8.26,0,0,3,38,1,28.2
ADS Fletcher,BBL,12,206,158,10,73,22,9,20.6,130.38,46.2,19.62,0,1,0,89,0,42.6
DJ Willey,T20I,24,206,156,15,62,15,11,13.73,132.05,39.74,16.67,0,0,1,33,2,39.2
Yasir Ali Chowdhury,T20I,13,206,142,9,43,17,9,22.89,145.07,30.28,18.31,0,1,2,54,0,46.9
Khalid Latif,PSL,7,206,173,6,62,11,9,34.33,119.08,35.84,11.56,0,1,2,59,0,42.3
WS Jayantha,ODI,9,206,313,9,201,24,1,22.89,65.81,64.22,7.99,0,1,2,51,1,24.2
SL Verma,T20I,5,206,134,4,50,7,16,51.5,153.73,37.31,17.16,0,1,2,88,0,57.1
Khurram Manzoor,ODI,6,206,316,6,195,20,0,34.33,65.19,61.71,6.33,0,3,0,83,1,27.6
RA Clarke,CPL,13,205,201,9,88,22,2,22.78,101.99,43.78,11.94,0,1,1,54,1,34.7
CA Ingram,IPL,15,205,180,12,74,22,5,17.08,113.89,41.11,15.0,0,0,2,47,0,36.7
WL Madsen,T20I,7,205,155,6,49,20,5,34.17,132.26,31.61,16.13,0,2,2,61,1,47.7
Steven Ryan Taylor,ODI,12,205,307,12,195,22,3,17.08,66.78,63.52,8.14,0,1,2,56,4,22.3
MH Wessels,BBL,9,205,182,9,75,21,4,22.78,112.64,41.21,13.74,0,1,1,50,0,37.8
AWJ Auguste,ODI,9,205,268,9,163,20,6,22.78,76.49,60.82,9.7,0,0,3,38,1,27.3
Yasir Ali Chowdhury,Test,6,205,444,10,349,26,0,20.5,46.17,78.6,5.86,0,1,2,55,1,18.3
DL Vettori,T20I,22,205,190,16,60,14,2,12.81,107.89,31.58,8.42,0,0,1,38,3,31.2
JC Archer,ODI,21,205,185,11,95,21,8,18.64,110.81,51.35,15.68,0,0,1,38,3,35.8
HS Modi,ODI,13,205,448,10,300,15,0,20.5,45.76,66.96,3.35,0,0,1,39,0,17.0
Z Crawley,ODI,9,205,216,8,109,24,2,25.62,94.91,50.46,12.04,0,2,2,58,3,33.9
Abbas Afridi,PSL,22,205,121,14,53,17,16,14.64,169.42,43.8,27.27,0,0,2,34,2,51.3
JS Floros,BBL,20,204,190,14,76,17,6,14.57,107.37,40.0,12.11,0,0,2,42,1,33.0
PD Salt,PSL,18,204,172,17,73,26,3,12.0,118.6,42.44,16.86,0,0,1,46,1,36.5
J Jemison,T20I,24,204,264,19,135,15,2,10.74,77.27,51.14,6.44,0,0,0,27,4,22.1
Abdur Razzak,Test,11,204,289,12,205,25,6,17.0,70.59,70.93,10.73,0,0,3,43,0,23.6
CA Ingram,CPL,12,204,182,10,75,17,8,20.4,112.09,41.21,13.74,0,1,0,52,0,36.8
JM Kemp,T20I,7,203,160,4,69,17,10,50.75,126.88,43.12,16.88,0,1,1,89,0,52.1
JEC Franklin,CPL,8,203,152,4,52,10,12,50.75,133.55,34.21,14.47,0,1,1,60,0,52.6
NLTC Perera,Test,6,203,278,10,181,21,4,20.3,73.02,65.11,8.99,0,1,1,75,0,24.8
M Yunusu Issa,T20I,26,203,169,16,72,14,9,12.69,120.12,42.6,13.61,0,0,2,33,3,34.7
JJ Tucker,ODI,11,203,315,10,214,26,2,20.3,64.44,67.94,8.89,0,0,2,49,1,23.1
GR Russ,T20I,19,203,239,11,116,18,2,18.45,84.94,48.54,8.37,0,0,2,43,4,27.7
KSA McKenzie,Test,6,203,347,12,274,30,2,16.92,58.5,78.96,9.22,0,1,2,50,2,20.9
DS Smith,T20I,6,203,161,6,67,22,5,33.83,126.09,41.61,16.77,0,2,2,61,0,45.7
RO Hinds,Test,7,203,576,12,473,23,2,16.92,35.24,82.12,4.34,0,0,2,37,0,14.4
CZ Harris,ODI,18,203,388,14,254,15,0,14.5,52.32,65.46,3.87,0,0,1,38,1,16.2
Aftab Ahmed,T20I,11,203,170,10,69,22,5,20.3,119.41,40.59,15.88,0,1,2,62,0,39.3
Rashid Khan,PSL,20,203,147,10,61,16,11,20.3,138.1,41.5,18.37,0,0,0,27,3,43.4
Shoaib Akhtar,Test,11,203,458,14,377,24,9,14.5,44.32,82.31,7.21,0,0,2,47,2,16.7
Kamran Khan,T20I,12,203,137,12,71,25,10,16.92,148.18,51.82,25.55,0,0,3,37,1,46.9
PD Collingwood,IPL,7,203,156,5,57,9,13,40.6,130.13,36.54,14.1,0,3,0,75,0,47.8
Iftikhar Anjum,ODI,29,203,325,14,193,12,3,14.5,62.46,59.38,4.62,0,0,1,32,4,19.0
N Knights,T20I,15,202,161,15,82,16,13,13.47,125.47,50.93,18.01,0,1,1,69,4,37.5
Hassan Khan,CPL,17,202,146,13,54,8,15,15.54,138.36,36.99,15.75,0,1,1,62,1,40.6
Saghar Manzoor,T20I,17,202,203,15,113,20,9,13.47,99.51,55.67,14.29,0,0,3,38,3,30.7
Babar Azam,BBL,11,202,196,9,85,19,3,22.44,103.06,43.37,11.22,0,2,1,58,1,34.3
Kuldeep Yadav,ODI,38,202,399,21,250,15,0,9.62,50.63,62.66,3.76,0,0,0,19,3,14.5
LMP Simmons,PSL,7,201,175,6,87,25,7,33.5,114.86,49.71,18.29,0,2,1,62,0,43.9
JD Unadkat,IPL,28,201,169,16,67,16,7,12.56,118.93,39.64,13.61,0,0,0,26,2,34.9
EF Beard,T20I,14,201,174,11,80,20,5,18.27,115.52,45.98,14.37,0,0,2,35,3,36.2
J Botha,T20I,20,201,165,11,64,15,9,18.27,121.82,38.79,14.55,0,0,1,34,1,38.2
Mohammad Wasim,PSL,26,201,155,17,70,14,12,11.82,129.68,45.16,16.77,0,0,0,26,1,37.5
Yousuf Youhana,Test,5,201,263,9,180,31,2,22.33,76.43,68.44,12.55,0,1,2,50,1,27.9
Zada Sher,T20I,11,201,144,11,53,12,12,18.27,139.58,36.81,16.67,0,1,2,55,3,42.4
Fayyaz Butt,ODI,19,201,279,11,152,17,3,18.27,72.04,54.48,7.17,0,0,2,44,1,24.2
RR Rossouw,CPL,13,201,175,13,74,13,11,15.46,114.86,42.29,13.71,0,1,1,50,2,35.2
FA Allen,ODI,14,200,203,13,115,18,8,15.38,98.52,56.65,12.81,0,1,1,51,2,30.2
TP Ward,BBL,9,200,147,9,58,19,8,22.22,136.05,39.46,18.37,0,1,1,90,0,44.1
OF Smith,ODI,8,199,119,7,42,14,15,28.43,167.23,35.29,24.37,0,0,3,46,0,55.4
AJ Burger,ODI,6,199,198,6,107,25,3,33.17,100.51,54.04,14.14,0,1,1,85,0,38.4
BDH Stevens,T20I,12,199,202,12,93,19,3,16.58,98.51,46.04,10.89,0,0,2,44,1,30.9
Saleem Elahi,ODI,7,199,301,6,178,17,0,33.17,66.11,59.14,5.65,0,2,1,70,0,27.2
MT Steketee,BBL,37,199,196,27,94,11,9,7.37,101.53,47.96,10.2,0,0,1,33,7,27.1
C Bah,T20I,24,199,191,22,86,12,8,9.05,104.19,45.03,10.47,0,0,1,43,2,28.7
AB Fudadin,CPL,10,199,190,7,81,12,8,28.43,104.74,42.63,10.53,0,1,1,54,1,36.4
Hasan Mahmud,Test,16,199,559,17,471,23,4,11.71,35.6,84.26,4.83,0,0,1,38,3,12.9
DJS Dottin,WPL,11,199,147,8,61,22,8,24.88,135.37,41.5,20.41,0,0,2,40,0,46.1
Luis Hermida,T20I,14,199,270,11,128,11,0,18.09,73.7,47.41,4.07,0,0,3,37,0,23.3
A Chopra,Test,3,199,603,6,503,23,0,33.17,33.0,83.42,3.81,0,2,2,60,0,19.9
KS Bharat,IPL,8,199,163,7,56,12,8,28.43,122.09,34.36,12.27,0,1,2,78,1,41.2
DC Stovell,T20I,15,198,192,9,78,13,3,22.0,103.12,40.62,8.33,0,0,2,49,2,32.6
SD Hope,PSL,13,198,174,13,64,17,5,15.23,113.79,36.78,12.64,0,0,1,47,0,35.0
MFI Assuncao,T20I,20,198,230,20,127,17,3,9.9,86.09,55.22,8.7,0,0,1,30,3,23.9
SK Warne,IPL,29,198,214,20,100,14,6,9.9,92.52,46.73,9.35,0,0,1,34,7,26.4
DA Miller,BBL,12,198,151,9,45,10,9,22.0,131.13,29.8,12.58,0,1,0,90,2,40.9
JDS Neesham,CPL,14,198,172,9,58,17,5,22.0,115.12,33.72,12.79,0,0,3,35,1,38.2
S Mathur,T20I,16,198,224,13,94,11,4,15.23,88.39,41.96,6.7,0,0,1,39,1,26.8
D Parashar,ODI,13,198,315,9,188,13,4,22.0,62.86,59.68,5.4,0,1,2,50,1,22.4
AN Toube,T20I,21,197,206,21,116,13,10,9.38,95.63,56.31,11.17,0,0,2,46,6,26.5
S Ramakrishnan,T20I,7,197,156,6,52,22,4,32.83,126.28,33.33,16.67,0,2,0,67,0,46.5
GA Lamb,ODI,14,197,381,11,230,6,1,17.91,51.71,60.37,1.84,0,0,1,37,1,16.8
C Esterhuizen,ODI,3,197,197,2,104,13,9,98.5,100.0,52.79,11.17,1,1,0,119,0,54.1
Urvil Patel,IPL,10,197,96,10,38,11,20,19.7,205.21,39.58,32.29,0,1,2,65,2,57.0
KMDN Kulasekara,T20I,29,196,178,21,61,14,5,9.33,110.11,34.27,10.67,0,0,1,31,4,31.3
Paing Danu,T20I,17,196,228,16,131,15,9,12.25,85.96,57.46,10.53,0,1,1,72,3,25.6
LJ Leokaoke,T20I,8,196,167,6,87,28,4,32.67,117.37,52.1,19.16,0,2,1,71,0,44.2
Sohail Tanvir,T20I,22,196,161,17,66,16,9,11.53,121.74,40.99,15.53,0,0,1,41,2,36.0
IA Karim,ODI,3,196,231,3,121,23,0,65.33,84.85,52.38,9.96,1,1,0,108,0,45.7
L Shaw,BBL,11,196,136,8,41,19,6,24.5,144.12,30.15,18.38,0,0,2,33,1,47.4
PWH de Silva,Test,4,196,227,7,136,29,1,28.0,86.34,59.91,13.22,0,1,1,59,0,33.0
Naseem Shah,ODI,16,196,221,10,120,9,12,19.6,88.69,54.3,9.5,0,1,1,51,1,28.5
G Sesay,T20I,28,196,303,20,189,10,7,9.8,64.69,62.38,5.61,0,0,0,28,8,17.8
SP Krishnamurthi,T20I,9,196,137,6,43,11,12,32.67,143.07,31.39,16.79,0,1,1,68,1,49.1
Rizwan Cheema,ODI,13,196,165,12,90,23,9,16.33,118.79,54.55,19.39,0,1,2,76,3,38.1
SP Fleming,IPL,10,196,165,9,78,27,3,21.78,118.79,47.27,18.18,0,0,3,45,1,40.3
Jitin Singh,T20I,15,196,180,15,81,26,1,13.07,108.89,45.0,15.0,0,1,0,60,2,33.9
JG Bethell,BBL,8,195,156,8,63,15,9,24.38,125.0,40.38,15.38,0,1,2,87,0,41.3
AP Devcich,ODI,11,195,253,11,147,25,0,17.73,77.08,58.1,9.88,0,1,1,58,2,25.9
KM Jarvis,ODI,28,195,315,20,204,18,3,9.75,61.9,64.76,6.67,0,0,2,37,3,17.7
UDU Chandana,Test,3,195,313,5,220,24,2,39.0,62.3,70.29,8.31,0,1,2,76,0,29.1
JJ Roy,CPL,8,195,138,8,53,19,9,24.38,141.3,38.41,20.29,0,1,2,64,1,47.1
AC Agar,Test,4,195,351,6,262,24,3,32.5,55.56,74.64,7.69,0,1,1,98,0,25.3
STR Binny,Test,5,194,333,9,225,23,1,21.56,58.26,67.57,7.21,0,1,1,78,2,21.6
V Sukumaran,ODI,10,194,305,10,200,16,6,19.4,63.61,65.57,7.21,0,1,1,97,1,21.8
TM Beaton,BBL,11,194,128,6,30,14,7,32.33,151.56,23.44,16.41,0,0,3,41,0,51.1
JH Davey,ODI,16,194,309,13,203,18,1,14.92,62.78,65.7,6.15,0,0,2,40,2,19.3
V Shankar,ODI,7,194,205,6,94,18,4,32.33,94.63,45.85,10.73,0,0,3,46,0,36.2
Usman Najeeb,T20I,20,194,147,14,62,9,13,13.86,131.97,42.18,14.97,0,0,0,27,3,37.8
AS Raut,IPL,16,194,167,9,62,13,7,21.56,116.17,37.13,11.98,0,0,2,36,1,37.2
Zain Ahmad,T20I,16,194,180,16,87,24,3,12.12,107.78,48.33,15.0,0,1,1,52,3,32.9
DA Mehta,T20I,13,194,194,12,100,26,2,16.17,100.0,51.55,14.43,0,0,2,49,2,32.5
AD Dore,T20I,13,194,181,12,89,20,4,16.17,107.18,49.17,13.26,0,0,2,33,0,33.1
Kazim Somani,T20I,16,194,233,11,108,15,2,17.64,83.26,46.35,7.3,0,0,1,31,1,26.7
Abdul Samad,PSL,12,193,102,9,33,14,15,21.44,189.22,32.35,28.43,0,0,4,48,1,57.7
OF Smith,T20I,20,193,138,13,55,13,12,14.85,139.86,39.86,18.12,0,0,0,27,2,41.7
T Westley,Test,5,193,453,8,377,33,0,24.12,42.6,83.22,7.28,0,1,1,59,0,20.1
Mohammad Nawaz (3),ODI,12,193,215,9,92,15,2,21.44,89.77,42.79,7.91,0,1,1,53,0,30.0
MW Machan,T20I,8,193,141,6,42,24,2,32.17,136.88,29.79,18.44,0,2,0,67,0,49.4
BJ Rohrer,IPL,8,193,140,6,51,21,5,32.17,137.86,36.43,18.57,0,1,2,64,0,48.7
V Suryavanshi,T20I,6,193,102,6,35,16,14,32.17,189.22,34.31,29.41,0,2,0,81,0,62.1
PJ Ingram,ODI,7,193,238,7,146,30,0,27.57,81.09,61.34,12.61,0,1,1,69,0,31.5
Salman Butt,IPL,7,193,161,7,75,30,2,27.57,119.88,46.58,19.88,0,1,1,73,0,43.9
RMS Eranga,Test,16,193,469,15,381,26,0,12.87,41.15,81.24,5.54,0,0,1,45,4,14.5
Tanzim Hasan Sakib,T20I,21,192,175,13,73,13,8,14.77,109.71,41.71,12.0,0,1,1,50,2,33.1
D Pretorius,ODI,13,192,224,12,116,14,5,16.0,85.71,51.79,8.48,0,1,1,50,1,26.4
Fakhar Zaman,Test,3,192,359,6,265,20,1,32.0,53.48,73.82,5.85,0,2,0,94,0,23.6
Mukhtar Ahmed,T20I,6,192,134,6,50,23,5,32.0,143.28,37.31,20.9,0,2,1,83,0,50.8
Asad Shafiq,T20I,10,192,185,10,79,19,2,19.2,103.78,42.7,11.35,0,0,3,38,0,33.4
AJ Turner,ODI,7,192,160,6,63,10,10,32.0,120.0,39.38,12.5,0,1,1,84,0,41.7
C Kieswetter,BBL,8,192,165,8,76,18,8,24.0,116.36,46.06,15.76,0,2,1,51,0,39.4
YV Takawale,IPL,10,192,178,8,95,26,3,24.0,107.87,53.37,16.29,0,0,2,45,2,37.5
M Jansen,IPL,25,192,174,15,66,9,9,12.8,110.34,37.93,10.34,0,0,1,34,3,31.9
GB Brent,ODI,18,192,298,11,174,13,3,17.45,64.43,58.39,5.37,0,1,0,59,0,21.0
T Panyangara,ODI,38,192,384,32,272,17,3,6.0,50.0,70.83,5.21,0,0,1,33,7,13.0
KHM James,CPL,11,191,153,11,74,17,11,17.36,124.84,48.37,18.3,0,0,1,37,0,39.4
U Aryaman Sunil,T20I,21,191,152,16,65,11,12,11.94,125.66,42.76,15.13,0,0,1,36,3,36.2
OJ Pope,BBL,9,191,156,9,47,13,5,21.22,122.44,30.13,11.54,0,1,3,57,0,38.6
Zeerak Chughtai,T20I,16,191,204,11,94,14,5,17.36,93.63,46.08,9.31,0,0,1,44,1,29.4
Praveen Santhanakrishnan,T20I,16,191,209,15,114,22,4,12.73,91.39,54.55,12.44,0,0,2,44,2,28.3
DPMD Jayawardene,BBL,7,191,157,7,63,18,6,27.29,121.66,40.13,15.29,0,2,1,57,0,41.9
DE Bernard,Test,2,191,355,3,247,16,3,63.67,53.8,69.58,5.35,0,3,0,69,0,35.3
HMHE Parsons,T20I,14,191,167,12,80,16,9,15.92,114.37,47.9,14.97,0,0,2,47,1,35.3
DL Chahar,ODI,8,191,193,5,106,16,8,38.2,98.96,54.92,12.44,0,2,1,69,1,38.8
AJ Doolan,Test,4,191,455,8,361,26,1,23.88,41.98,79.34,5.93,0,1,1,89,1,19.0
R Gunasekera,T20I,7,191,182,7,82,22,3,27.29,104.95,45.05,13.74,0,1,1,65,0,37.8
A Halbhavi,T20I,16,191,180,16,91,25,3,11.94,106.11,50.56,15.56,0,0,1,48,4,32.7
Yasser Nazir,T20I,13,191,171,11,82,21,7,17.36,111.7,47.95,16.37,0,0,3,46,2,36.4
SA Wijeratne,ODI,9,191,269,9,149,16,1,21.22,71.0,55.39,6.32,0,2,0,59,1,24.4
L Embuldeniya,Test,16,191,583,26,493,17,6,7.35,32.76,84.56,3.95,0,0,2,40,8,10.2
S Burdekin,T20I,14,191,180,13,95,16,8,14.69,106.11,52.78,13.33,0,1,0,59,1,31.9
NK Tiwari,T20I,13,190,214,12,113,15,5,15.83,88.79,52.8,9.35,0,0,2,46,3,27.2
CBRLS Kumara,Test,33,190,636,34,547,29,1,5.59,29.87,86.01,4.72,0,0,0,13,17,9.7
Shafiq Sharif,T20I,12,190,157,11,70,24,4,17.27,121.02,44.59,17.83,0,0,4,43,3,39.1
DD Ebrahim,Test,7,190,493,14,399,27,0,13.57,38.54,80.93,5.48,0,1,1,72,3,14.4
XSD Smith,T20I,14,190,178,10,66,7,8,19.0,106.74,37.08,8.43,0,1,0,57,0,32.6
KJ O'Brien,Test,2,190,366,3,250,20,0,63.33,51.91,68.31,5.46,1,0,1,118,0,35.1
CJ McKay,ODI,29,190,337,21,218,15,2,9.05,56.38,64.69,5.04,0,0,1,30,3,15.6
HC Brook,IPL,11,190,154,9,65,23,4,21.11,123.38,42.21,17.53,1,0,0,100,3,41.0
TE Tsiga,Test,9,190,518,14,419,24,0,13.57,36.68,80.89,4.63,0,0,2,33,3,13.6
Shubham Ranjane,ODI,9,190,237,7,121,15,4,27.14,80.17,51.05,8.02,0,1,1,59,0,29.7
Muhammad Soban,T20I,9,189,173,9,70,23,1,21.0,109.25,40.46,13.87,0,2,1,57,1,36.8
Irfan Khan,T20I,11,189,140,7,58,20,7,27.0,135.0,41.43,19.29,0,0,3,37,1,46.1
JA Davies,BBL,14,189,121,11,35,19,8,17.18,156.2,28.93,22.31,0,0,2,35,1,49.2
Mohammad Shahzad (2),T20I,14,189,175,13,82,19,5,14.54,108.0,46.86,13.71,0,1,1,52,2,33.2
Umar Nawaz,T20I,9,189,188,9,104,16,9,21.0,100.53,55.32,13.3,0,1,0,56,0,33.1
PP Shaw,ODI,6,189,166,6,95,32,2,31.5,113.86,57.23,20.48,0,0,3,49,0,43.4
J Fernando,T20I,12,189,147,10,53,12,9,18.9,128.57,36.05,14.29,0,0,3,38,0,39.6
L Gregory,PSL,12,189,143,8,49,17,6,23.62,132.17,34.27,16.08,0,0,1,49,0,43.3
Ismail Ali,T20I,15,189,169,14,79,10,11,13.5,111.83,46.75,12.43,0,0,2,33,1,32.5
CE McConchie,T20I,15,189,160,10,56,16,3,18.9,118.12,35.0,11.88,0,0,2,31,2,36.7
M Khojbariya,T20I,19,189,184,14,84,21,2,13.5,102.72,45.65,12.5,0,0,2,46,5,31.4
SR Patel,T20I,13,189,173,12,67,17,5,15.75,109.25,38.73,12.72,0,1,0,67,2,34.3
A Saud,ODI,11,189,387,11,289,17,4,17.18,48.84,74.68,5.43,0,1,1,51,2,17.1
Fawad Alam,T20I,16,189,166,11,52,6,7,17.18,113.86,31.33,7.83,0,0,0,28,1,33.3
NN Odhiambo,ODI,18,189,286,16,179,19,1,11.81,66.08,62.59,6.99,0,0,1,44,5,19.6
OJR Groves,T20I,6,188,158,4,59,13,8,47.0,118.99,37.34,13.29,0,2,0,77,1,48.0
IR Bell,T20I,8,188,163,7,71,23,2,26.86,115.34,43.56,15.34,0,1,1,60,0,40.4
RP Yadav,WPL,15,188,132,11,41,14,10,17.09,142.42,31.06,18.18,0,1,0,66,2,44.2
DR Tuffey,ODI,21,188,194,17,100,13,6,11.06,96.91,51.55,9.79,0,0,2,36,3,27.1
Ali Nadeem,T20I,6,188,131,4,45,15,8,47.0,143.51,34.35,17.56,0,2,1,89,0,54.6
CD McMillan,T20I,7,187,117,6,35,8,14,31.17,159.83,29.91,18.8,0,1,2,57,0,52.4
CJ Bowes,T20I,11,187,156,11,64,27,2,17.0,119.87,41.03,18.59,0,1,1,54,1,39.8
Mohammad Rizwan,BBL,10,187,182,10,77,19,2,18.7,102.75,42.31,11.54,0,0,2,41,0,33.2
N Nuntarach,T20I,30,187,300,27,164,10,1,6.93,62.33,54.67,3.67,0,0,0,20,5,16.2
ML Castillo,T20I,14,187,200,12,110,12,9,15.58,93.5,55.0,10.5,0,0,2,37,0,28.3
JJ Roy,Test,5,187,318,10,240,26,1,18.7,58.81,75.47,8.49,0,1,1,72,1,21.1
Gurpratap Singh,T20I,10,187,133,10,63,10,15,18.7,140.6,47.37,18.8,0,1,1,54,1,42.6
Ibrahim Hassan,T20I,28,187,244,23,120,9,5,8.13,76.64,49.18,5.74,0,0,0,20,2,20.8
H Lin Aung,T20I,28,187,301,27,197,9,10,6.93,62.13,65.45,6.31,0,0,0,21,6,16.4
A Nortje,Test,18,187,618,24,532,27,0,7.79,30.26,86.08,4.37,0,0,1,40,8,10.3
Bipul Sharma,IPL,17,187,123,8,33,11,9,23.38,152.03,26.83,16.26,0,0,1,35,0,47.2
A Manepalli,T20I,10,186,172,9,71,18,3,20.67,108.14,41.28,12.21,0,1,2,57,1,35.3
T Kaitano,Test,4,186,639,8,543,21,0,23.25,29.11,84.98,3.29,0,1,1,87,2,15.2
Shadnan Khan,T20I,12,186,147,9,57,13,9,20.67,126.53,38.78,14.97,0,1,1,80,1,40.0
BB Chari,ODI,14,186,399,14,283,12,2,13.29,46.62,70.93,3.51,0,0,1,39,0,14.1
MJ Hay,ODI,7,186,178,6,85,13,8,31.0,104.49,47.75,11.8,0,1,1,99,1,37.5
G Kirsten,ODI,6,186,217,3,126,24,2,62.0,85.71,58.06,11.98,0,3,0,69,1,45.1
JR Philippe,T20I,15,186,172,15,72,13,5,12.4,108.14,41.86,10.47,0,0,2,45,1,30.9
J Mubarak,Test,7,186,412,13,330,22,3,14.31,45.15,80.1,6.07,0,0,2,49,4,16.0
TW Hartley,Test,5,185,284,10,204,23,6,18.5,65.14,71.83,10.21,0,0,2,36,0,23.1
MJ Guptill,BBL,12,185,181,12,82,16,4,15.42,102.21,45.3,11.05,0,0,3,36,1,31.2
A Reyes,T20I,18,185,210,12,101,17,2,15.42,88.1,48.1,9.05,0,0,1,44,2,27.5
SPD Smith,CPL,7,185,145,7,48,21,4,26.43,127.59,33.1,17.24,0,1,2,63,1,44.7
BAW Mendis,ODI,40,185,261,23,157,16,2,8.04,70.88,60.15,6.9,0,0,0,21,10,19.1
AA Jasani,T20I,6,185,152,5,63,15,6,37.0,121.71,41.45,13.82,0,1,1,90,0,44.3
Haseeb Ghafoor,T20I,9,184,170,4,75,10,10,46.0,108.24,44.12,11.76,0,0,3,47,1,44.1
Ainool Hafizs,T20I,29,184,192,24,81,12,4,7.67,95.83,42.19,8.33,0,0,0,21,1,26.0
Khurram Manzoor,PSL,7,184,162,7,64,21,3,26.29,113.58,39.51,14.81,0,2,1,63,0,40.1
H Lin Oo,T20I,23,184,223,16,116,18,1,11.5,82.51,52.02,8.52,0,0,1,38,4,24.3
Omair Yousuf,PSL,7,184,135,7,43,17,6,26.29,136.3,31.85,17.04,0,2,1,67,0,45.9
Shakeel Ahmed,ODI,19,184,344,13,240,11,6,14.15,53.49,69.77,4.94,0,0,0,29,4,16.3
K Rabada,T20I,27,184,159,13,69,18,6,14.15,115.72,43.4,15.09,0,0,0,22,5,35.5
CJ Jordan,ODI,23,184,211,15,105,12,5,12.27,87.2,49.76,8.06,0,0,2,38,3,25.3
R Ashwin,T20I,18,184,160,7,55,17,4,26.29,115.0,34.38,13.12,0,0,1,31,0,39.9
JP Inglis,Test,5,184,228,7,126,18,1,26.29,80.7,55.26,8.33,1,0,1,102,1,29.0
OJ Peake,BBL,7,184,134,6,41,16,7,30.67,137.31,30.6,17.16,0,1,1,57,0,47.9
CA Rose,BBL,21,183,132,12,45,15,7,15.25,138.64,34.09,16.67,0,0,1,32,3,41.5
BJ Hodge,T20I,11,183,144,7,41,10,7,26.14,127.08,28.47,11.81,0,0,3,36,0,41.5
MS Wade,IPL,14,183,177,14,85,23,2,13.07,103.39,48.02,14.12,0,0,2,35,0,32.1
Mehrab Hossain jnr,ODI,10,183,408,10,291,17,0,18.3,44.85,71.32,4.17,0,1,2,54,1,16.1
SD Hope,IPL,9,183,122,8,45,12,12,22.88,150.0,36.89,19.67,0,0,3,41,0,47.5
GJ Bailey,Test,5,183,311,7,230,15,8,26.14,58.84,73.95,7.4,0,1,3,53,1,23.2
F Mutizwa,ODI,10,183,275,8,159,11,3,22.88,66.55,57.82,5.09,0,1,1,69,2,23.2
BJ Jacobs,T20I,9,183,128,7,41,10,10,26.14,142.97,32.03,15.62,0,1,2,62,1,45.8
Lucky Ali,T20I,17,183,212,11,100,14,0,16.64,86.32,47.17,6.6,0,0,0,26,0,26.2
Azhar Ali,PSL,7,183,172,7,77,22,3,26.14,106.4,44.77,14.53,0,1,1,61,0,38.1
FY Fazal,IPL,11,183,173,10,67,22,1,18.3,105.78,38.73,13.29,0,0,3,45,1,35.2
Rishad Hossain,ODI,14,183,141,11,72,13,13,16.64,129.79,51.06,18.44,0,0,2,48,2,39.5
KNM Fernando,ODI,7,182,225,7,126,21,2,26.0,80.89,56.0,10.22,0,2,1,69,1,30.1
H Patel,T20I,10,182,193,10,80,15,1,18.2,94.3,41.45,8.29,0,1,1,51,2,29.8
Shadab Khan,BBL,12,182,154,12,53,13,5,15.17,118.18,34.42,11.69,0,0,2,41,1,35.3
C Overton,Test,8,182,415,12,329,23,1,15.17,43.86,79.28,5.78,0,0,3,41,1,15.9
C Musemez,T20I,6,182,129,6,57,15,12,30.33,141.09,44.19,20.93,0,1,2,89,1,48.9
SM Sharif,T20I,31,182,176,15,63,9,5,12.13,103.41,35.8,7.95,0,0,0,26,4,29.4
SJ Benn,ODI,29,182,240,23,144,19,3,7.91,75.83,60.0,9.17,0,0,1,31,5,21.3
ND McKenzie,ODI,7,182,256,6,138,16,0,30.33,71.09,53.91,6.25,0,2,0,63,0,28.0
Sikandar Raza,IPL,9,182,136,7,52,12,8,26.0,133.82,38.24,14.71,0,1,1,57,0,43.0
SS Cottrell,CPL,29,182,137,22,68,12,13,8.27,132.85,49.64,18.25,0,0,0,26,7,36.9
Sohag Gazi,ODI,15,182,205,12,103,18,4,15.17,88.78,50.24,10.73,0,0,1,30,0,28.3
XM Marshall,Test,3,182,310,5,227,27,1,36.4,58.71,73.23,9.03,0,2,1,85,1,28.1
CR Brathwaite,IPL,14,181,111,13,44,10,16,13.92,163.06,39.64,23.42,0,0,2,43,0,48.1
RM Haq,ODI,17,181,339,13,228,18,1,13.92,53.39,67.26,5.6,0,1,0,71,3,17.0
Irfan Safi,T20I,17,181,154,12,77,13,12,15.08,117.53,50.0,16.23,0,0,0,20,3,35.9
CR Brathwaite,Test,3,181,284,4,196,12,7,45.25,63.73,69.01,6.69,0,3,0,69,1,30.7
J Liyanage,T20I,13,181,175,8,66,13,3,22.62,103.43,37.71,9.14,0,0,2,41,1,33.8
KO Wickham,CPL,11,181,180,11,80,10,7,16.45,100.56,44.44,9.44,0,0,2,38,0,30.4
Tayyab Tahir,ODI,10,181,177,8,77,18,3,22.62,102.26,43.5,11.86,0,0,3,38,0,34.6
T Suri,ODI,7,181,205,7,127,24,5,25.86,88.29,61.95,14.15,0,0,2,48,1,32.8
A Yon,T20I,12,181,159,11,72,16,7,16.45,113.84,45.28,14.47,0,2,0,67,3,35.4
LM Gabriel,T20I,17,181,212,16,125,22,2,11.31,85.38,58.96,11.32,0,0,2,45,5,25.5
LJ Wright,PSL,7,181,141,6,64,20,7,30.17,128.37,45.39,19.15,0,1,1,86,0,45.7
AC Voges,IPL,7,181,143,4,44,15,3,45.25,126.57,30.77,12.59,0,0,2,45,0,48.8
H Jangariya,T20I,8,180,142,7,64,20,8,25.71,126.76,45.07,19.72,0,1,2,54,0,44.2
C Tlali,T20I,21,180,234,20,145,19,3,9.0,76.92,61.97,9.4,0,0,1,31,3,21.7
CJ Jordan,Test,7,180,320,10,234,25,1,18.0,56.25,73.12,8.12,0,0,1,35,0,20.2
S Gopal,IPL,22,180,169,14,67,19,2,12.86,106.51,39.64,12.43,0,0,0,24,4,32.5
J Vijay,T20I,8,180,133,8,61,26,4,22.5,135.34,45.86,22.56,0,0,2,42,0,46.0
JT Smuts,ODI,5,180,229,4,119,20,1,45.0,78.6,51.97,9.17,0,1,2,84,0,36.8
PWH de Silva,CPL,12,180,110,6,33,15,10,30.0,163.64,30.0,22.73,0,0,2,45,0,55.1
Shakib Al Hasan,PSL,14,180,168,12,54,11,4,15.0,107.14,32.14,8.93,0,1,1,51,2,32.1
AF Milne,ODI,22,180,205,14,97,11,4,12.86,87.8,47.32,7.32,0,0,1,36,3,25.4
AM Hardie,ODI,12,180,225,12,118,16,2,15.0,80.0,52.44,8.0,0,0,2,44,1,24.8
Anwar Arudin,T20I,19,180,177,19,92,21,5,9.47,101.69,51.98,14.69,0,0,1,32,4,30.3
AM Hardie,T20I,11,180,142,8,53,19,5,22.5,126.76,37.32,16.9,0,0,0,28,0,42.2
AR Cusack,T20I,16,180,134,12,49,16,5,15.0,134.33,36.57,15.67,0,1,0,65,1,39.8
SP Patil,T20I,12,179,203,12,101,16,4,14.92,88.18,49.75,9.85,0,0,4,37,3,27.6
N Chejay,T20I,15,179,234,13,120,14,2,13.77,76.5,51.28,6.84,0,1,1,50,2,23.3
DM Richards,ODI,7,179,251,7,163,21,3,25.57,71.31,64.94,9.56,0,2,0,59,0,26.9
B Fitchet,T20I,14,179,176,14,99,21,5,12.79,101.7,56.25,14.77,0,0,2,37,0,31.0
Hassan Khan,BBL,11,179,134,10,51,8,11,17.9,133.58,38.06,14.18,0,0,2,46,0,39.5
MJ Owen,T20I,11,179,121,10,43,7,14,17.9,147.93,35.54,17.36,0,1,2,50,1,44.0
AB Agarkar,IPL,19,179,154,10,53,13,5,17.9,116.23,34.42,11.69,0,0,1,39,1,36.0
JPR Scantlebury-Searles,CPL,25,178,167,18,83,16,8,9.89,106.59,49.7,14.37,0,0,0,29,2,31.3
A Zampa,BBL,42,178,194,24,94,14,3,7.42,91.75,48.45,8.76,0,0,0,23,5,24.7
Sidhant Singh,T20I,9,178,135,7,44,15,6,25.43,131.85,32.59,15.56,0,2,0,77,1,43.8
B Zuiderent,ODI,16,178,358,15,254,15,2,11.87,49.72,70.95,4.75,0,1,1,71,4,14.8
Nazimuddin,T20I,7,178,158,7,74,13,10,25.43,112.66,46.84,14.56,0,1,2,81,2,38.5
Shashikant Laxman,T20I,17,178,169,17,93,23,4,10.47,105.33,55.03,15.98,0,1,0,53,1,31.6
SR Thompson,ODI,11,178,196,10,99,17,3,17.8,90.82,50.51,10.2,0,0,3,39,0,29.1
JA McCollum,ODI,6,178,242,6,156,26,1,29.67,73.55,64.46,11.16,0,2,0,73,0,29.8
H Rathod,T20I,12,178,147,5,58,15,5,35.6,121.09,39.46,13.61,0,0,1,47,0,43.9
Shadab Khan,CPL,13,178,117,8,43,8,14,22.25,152.14,36.75,18.8,0,1,3,52,2,47.0
HD Weibgen,BBL,12,177,167,9,62,8,7,19.67,105.99,37.13,8.98,0,0,2,38,0,33.0
AB Sharma,WPL,7,177,137,7,61,28,2,25.29,129.2,44.53,21.9,0,0,3,44,0,45.9
C Munro,IPL,12,177,141,12,65,19,8,14.75,125.53,46.1,19.15,0,0,2,40,2,39.4
NR Kumar,ODI,11,177,293,10,181,15,0,17.7,60.41,61.77,5.12,0,0,2,38,1,19.9
MW Short,IPL,9,177,143,9,64,21,5,19.67,123.78,44.76,18.18,0,0,3,36,0,40.6
MY Bawa,T20I,8,177,197,8,102,17,4,22.12,89.85,51.78,10.66,0,0,3,47,0,30.7
LMP Simmons,BBL,8,177,138,8,60,19,7,22.12,128.26,43.48,18.84,0,1,2,54,3,42.7
MF Maharoof,IPL,14,177,123,10,43,12,9,17.7,143.9,34.96,17.07,0,0,1,39,2,43.3
JAD Lawrenson,ODI,4,177,211,4,96,14,2,44.25,83.89,45.5,7.58,1,0,1,114,0,37.1
DR Tuffey,Test,5,177,312,4,226,20,3,44.25,56.73,72.44,7.37,0,1,2,80,1,29.7
F du Plessis,BBL,8,177,123,8,52,17,9,22.12,143.9,42.28,21.14,0,1,2,68,0,46.6
AAP Rivero,T20I,19,176,195,15,91,8,4,11.73,90.26,46.67,6.15,0,0,1,31,2,24.6
TL Chatara,ODI,45,176,360,22,249,15,2,8.0,48.89,69.17,4.72,0,0,0,23,4,13.3
JF Mooney,T20I,16,176,158,9,53,18,1,19.56,111.39,33.54,12.03,0,0,1,31,0,36.3
RS Kaluwitharana,ODI,8,176,236,7,145,22,1,25.14,74.58,61.44,9.75,0,2,1,54,2,27.8
Ismail Kara,T20I,5,176,107,5,52,15,15,35.2,164.49,48.6,28.04,0,2,0,55,0,58.1
H Patel,ODI,10,176,189,9,120,21,6,19.56,93.12,63.49,14.29,0,1,2,54,3,31.0
Shoriful Islam,Test,13,176,255,17,183,22,4,10.35,69.02,71.76,10.2,0,0,0,26,4,20.5
CRD Fernando,ODI,34,175,257,17,162,17,2,10.29,68.09,63.04,7.39,0,0,0,20,6,19.5
Muhammad Kashif,T20I,9,175,145,8,61,9,12,21.88,120.69,42.07,14.48,0,1,2,51,0,38.9
S Vashisht,T20I,21,175,182,16,81,13,5,10.94,96.15,44.51,9.89,0,0,1,36,2,28.0
CJ Chibhabha,Test,5,175,450,10,370,25,0,17.5,38.89,82.22,5.56,0,1,1,60,0,15.9
JR Barry,T20I,12,175,255,8,137,14,0,21.88,68.63,53.73,5.49,0,0,1,30,0,24.0
BKB Corbin,T20I,14,175,144,12,85,18,11,14.58,121.53,59.03,20.14,0,0,2,34,4,37.6
Wasim Ali,ODI,13,175,219,10,126,14,4,17.5,79.91,57.53,8.22,0,1,0,62,4,25.2
LPC Silva,T20I,15,175,177,13,83,19,3,13.46,98.87,46.89,12.43,0,0,1,38,0,30.6
AP Devcich,CPL,11,175,137,10,52,19,5,17.5,127.74,37.96,17.52,0,1,1,50,0,40.8
M van Jaarsveld,Test,3,175,334,5,253,27,0,35.0,52.4,75.75,8.08,0,2,0,73,0,26.1
IH Romaine,ODI,12,175,349,11,251,20,1,15.91,50.14,71.92,6.02,0,1,1,61,3,17.2
A Sokovagone,T20I,6,174,129,6,53,10,12,29.0,134.88,41.09,17.05,0,1,1,62,0,45.4
L Vincent,T20I,9,174,174,9,80,17,3,19.33,100.0,45.98,11.49,0,0,2,42,1,32.5
Waqar Zalmai,T20I,24,174,139,14,62,11,12,12.43,125.18,44.6,16.55,0,0,0,23,3,37.0
BF Calitz,T20I,11,174,123,9,38,10,10,19.33,141.46,30.89,16.26,0,0,1,37,0,43.6
CAK Walton,T20I,14,174,169,14,91,14,10,12.43,102.96,53.85,14.2,0,0,2,40,4,31.0
Raza-ur-Rehman,ODI,4,174,210,4,122,24,0,43.5,82.86,58.1,11.43,0,2,0,88,1,37.4
DO Leicher,T20I,17,174,189,9,84,8,5,19.33,92.06,44.44,6.88,0,0,1,42,1,28.5
CAJ Meschede,T20I,4,174,113,3,40,9,13,58.0,153.98,35.4,19.47,0,1,2,67,0,61.3
NW Bracken,ODI,31,174,263,16,159,11,3,10.88,66.16,60.46,5.32,0,0,0,21,5,18.4
WD Parnell,T20I,21,174,180,10,78,13,4,17.4,96.67,43.33,9.44,0,0,0,29,1,30.3
RD Jacobs,Test,5,173,381,8,282,19,3,21.62,45.41,74.02,5.77,1,0,0,107,3,18.5
GM Hamilton,ODI,10,173,293,10,181,13,1,17.3,59.04,61.77,4.78,0,1,1,58,0,19.3
Mohammad Boota,ODI,7,173,232,6,138,12,6,28.83,74.57,59.48,7.76,0,1,2,59,0,28.1
STRA de Silva,T20I,12,173,202,10,101,13,1,17.3,85.64,50.0,6.93,0,1,2,51,2,26.1
SE Bond,ODI,29,173,266,13,162,10,3,13.31,65.04,60.9,4.89,0,0,0,22,2,18.8
MK Thakur,T20I,15,173,144,11,57,10,9,15.73,120.14,39.58,13.19,0,0,1,49,1,36.0
Hassan Nawaz,CPL,6,173,138,6,58,17,7,28.83,125.36,42.03,17.39,0,1,2,76,0,44.1
Hassan Rasheed,T20I,16,173,201,16,94,9,6,10.81,86.07,46.77,7.46,0,0,1,34,3,24.6
AD Russell,PSL,16,173,128,15,60,14,11,11.53,135.16,46.88,19.53,0,0,1,35,1,39.7
L Gregory,BBL,12,173,131,9,50,13,8,19.22,132.06,38.17,16.03,0,0,2,36,2,41.0
CH Morris,Test,4,173,362,7,280,25,0,24.71,47.79,77.35,6.91,0,1,1,69,0,20.8
TIF Triffitt,BBL,18,173,139,12,52,12,8,14.42,124.46,37.41,14.39,0,0,0,25,2,37.2
KC Sangakkara,BBL,13,173,144,12,49,14,3,14.42,120.14,34.03,11.81,0,0,2,43,1,35.4
IK Pathan,T20I,13,172,144,7,54,9,7,24.57,119.44,37.5,11.11,0,0,2,33,0,38.1
HR Walsh,ODI,13,172,252,10,154,18,1,17.2,68.25,61.11,7.54,0,0,1,46,0,22.5
KS Williamson,CPL,10,172,193,10,85,13,3,17.2,89.12,44.04,8.29,0,0,3,47,1,28.3
T Banton,ODI,6,172,186,6,104,21,4,28.67,92.47,55.91,13.44,0,1,2,58,0,34.8
W Wotu,T20I,20,172,174,17,89,5,12,10.12,98.85,51.15,9.77,0,0,0,25,5,27.0
KMA Paul,T20I,14,172,150,8,68,10,10,21.5,114.67,45.33,13.33,0,0,0,29,2,36.7
DPS Sooriyabandara,Test,2,172,307,3,214,20,1,57.33,56.03,69.71,6.84,0,2,0,92,1,34.1
YBK Jaiswal,ODI,4,171,197,3,107,19,4,57.0,86.8,54.31,11.68,1,0,0,116,0,43.7
AD Poynter,T20I,9,171,134,7,60,17,7,24.43,127.61,44.78,17.91,0,1,2,57,1,42.7
Nasum Ahmed,ODI,11,171,203,9,118,17,6,19.0,84.24,58.13,11.33,0,0,1,44,0,28.3
Mohammed Al Balushi,T20I,5,171,142,5,78,19,10,34.2,120.42,54.93,20.42,0,1,1,81,0,45.6
JK Kamande,ODI,19,171,358,18,248,13,1,9.5,47.77,69.27,3.91,0,0,1,37,1,13.2
Muhammad Yasin,T20I,11,171,153,11,69,16,6,15.55,111.76,45.1,14.38,0,0,1,34,1,34.8
GD Elliott,T20I,15,171,157,11,55,13,2,15.55,108.92,35.03,9.55,0,0,0,27,0,32.6
D Foxcroft,ODI,6,171,198,5,101,10,7,34.2,86.36,51.01,8.59,0,2,0,75,2,33.5
SR Thompson,T20I,21,171,143,15,54,10,6,11.4,119.58,37.76,11.19,0,0,0,28,1,33.2
K Gore,ODI,12,171,249,10,147,13,2,17.1,68.67,59.04,6.02,0,0,2,44,0,21.8
Najibullah Zadran,PSL,7,171,126,6,46,11,9,28.5,135.71,36.51,15.87,0,2,0,71,1,45.2
Jakob Gul,T20I,18,171,142,17,60,7,12,10.06,120.42,42.25,13.38,0,0,1,30,3,33.6
AB de Villiers,CPL,4,171,122,4,38,18,5,42.75,140.16,31.15,18.85,0,1,2,82,0,53.9
Aslam Mohammad,T20I,9,171,142,9,73,11,12,19.0,120.42,51.41,16.2,0,2,0,61,1,37.6
KB Patil,T20I,15,170,195,15,104,11,4,11.33,87.18,53.33,7.69,0,0,2,37,1,24.1
F Nsubuga,T20I,22,170,158,15,76,9,10,11.33,107.59,48.1,12.03,0,0,1,31,6,30.6
DH Yagnik,IPL,17,170,137,10,55,23,2,17.0,124.09,40.15,18.25,0,0,2,34,1,40.3
MD Choudhary,IPL,10,170,120,6,48,11,12,28.33,141.67,40.0,19.17,0,1,1,54,0,47.6
Tanvir Ahmed (1),Test,5,170,271,5,190,26,0,34.0,62.73,70.11,9.59,0,1,2,57,0,28.1
M Choamba,T20I,22,170,242,18,137,9,3,9.44,70.25,56.61,4.96,0,0,0,28,2,18.8
Mohammed Siraj,Test,41,170,503,37,411,16,3,4.59,33.8,81.71,3.78,0,0,0,16,16,9.2
DN Wellalage,T20I,12,170,142,8,60,19,5,21.25,119.72,42.25,16.9,0,0,2,43,0,40.1
K Klesse,T20I,6,170,157,6,62,11,6,28.33,108.28,39.49,10.83,0,1,2,51,1,37.5
Abdul Wahid,T20I,10,170,131,8,44,13,8,21.25,129.77,33.59,16.03,0,1,0,72,1,42.1
Umar Siddiq,PSL,7,169,150,7,69,13,8,24.14,112.67,46.0,14.0,0,1,1,53,0,37.7
BJ McCarthy,ODI,21,169,265,17,154,14,2,9.94,63.77,58.11,6.04,0,0,1,41,2,18.6
Shariq Munir,T20I,9,169,116,8,45,15,8,21.12,145.69,38.79,19.83,0,0,3,41,1,46.1
CM Gautam,IPL,13,169,150,10,75,17,6,16.9,112.67,50.0,15.33,0,0,3,33,0,35.3
F Achelam,T20I,22,169,160,16,83,9,10,10.56,105.62,51.88,11.88,0,0,0,28,4,29.4
GD McGrath,Test,17,169,366,13,275,14,1,13.0,46.17,75.14,4.1,0,1,0,61,5,14.3
RA Young,Test,5,169,419,7,330,19,1,24.14,40.33,78.76,4.77,0,1,1,57,1,18.1
TA Imlach,Test,6,169,476,11,380,15,2,15.36,35.5,79.83,3.57,0,0,1,35,1,13.3
TSS Mackintosh,ODI,9,169,201,8,97,17,1,21.12,84.08,48.26,8.96,0,0,3,38,0,28.9
J Alegra,T20I,11,168,193,10,94,9,4,16.8,87.05,48.7,6.74,0,0,3,41,0,26.2
RR Patel,ODI,10,168,225,7,122,13,2,24.0,74.67,54.22,6.67,0,0,2,42,1,26.3
H Niaz,T20I,10,168,117,10,54,17,8,16.8,143.59,46.15,21.37,0,1,0,53,1,44.1
TP Kanwar,WPL,17,168,160,13,69,20,2,12.92,105.0,43.12,13.75,0,0,0,28,3,32.7
Saad Khan,T20I,11,168,157,11,76,15,6,15.27,107.01,48.41,13.38,0,1,0,69,2,32.8
JW Hastings,BBL,19,168,119,14,49,9,11,12.0,141.18,41.18,16.81,0,0,0,22,4,39.7
Tamoor Sajjad,T20I,6,167,140,5,50,11,7,33.4,119.29,35.71,12.86,0,0,2,46,0,42.8
MG Johnson,IPL,28,167,164,13,76,10,7,12.85,101.83,46.34,10.37,0,0,0,16,2,29.5
PJ Hughes,BBL,6,167,143,6,55,19,2,27.83,116.78,38.46,14.69,0,2,0,74,1,41.2
Kaushal Kumar,T20I,10,167,171,8,92,20,4,20.88,97.66,53.8,14.04,0,1,1,61,2,33.3
LA Burns,T20I,15,167,147,10,50,15,2,16.7,113.61,34.01,11.56,0,0,2,47,1,35.1
AS Mehmi,T20I,13,167,169,13,87,17,5,12.85,98.82,51.48,13.02,0,0,2,39,1,30.1
MN van Wyk,IPL,5,167,132,3,41,19,1,55.67,126.52,31.06,15.15,0,1,2,74,1,54.4
KT Kasuza,Test,5,167,545,8,458,14,2,20.88,30.64,84.04,2.94,0,1,1,63,1,14.3
DR Flynn,ODI,10,167,239,9,150,19,1,18.56,69.87,62.76,8.37,0,0,2,35,2,23.5
S Conteh,T20I,27,167,266,21,161,12,1,7.95,62.78,60.53,4.89,0,0,1,34,10,16.6
DW Steyn,IPL,33,167,160,22,69,14,3,7.59,104.38,43.12,10.62,0,0,0,19,5,28.5
CJ Jordan,PSL,21,167,136,10,56,11,9,16.7,122.79,41.18,14.71,0,0,2,36,4,37.5
Choudry Share Ali,T20I,6,167,96,4,32,15,10,41.75,173.96,33.33,26.04,0,2,0,61,0,62.7
Jamshid Nasiri,T20I,12,167,146,10,62,12,7,16.7,114.38,42.47,13.01,0,1,0,65,1,35.0
G Motie,T20I,20,166,130,13,62,11,11,12.77,127.69,47.69,16.92,0,0,2,33,3,37.2
SW Ambris,Test,6,166,356,11,259,17,1,15.09,46.63,72.75,5.06,0,0,2,43,2,15.8
Ali Rahmon,T20I,9,166,141,8,66,20,3,20.75,117.73,46.81,16.31,0,1,0,64,0,38.6
ME Trescothick,T20I,3,166,131,3,44,23,1,55.33,126.72,33.59,18.32,0,2,1,72,0,56.0
AL Phehlukwayo,T20I,25,166,153,18,69,16,5,9.22,108.5,45.1,13.73,0,0,0,27,7,31.5
PI Walter,BBL,14,166,134,12,54,15,7,13.83,123.88,40.3,16.42,0,0,1,30,2,37.8
T van der Gugten,T20I,13,166,120,9,39,8,9,18.44,138.33,32.5,14.17,0,0,1,40,2,41.2
Mohammad Amir,PSL,33,166,137,20,67,21,6,8.3,121.17,48.91,19.71,0,0,1,30,7,36.3
ED Silva,T20I,7,166,89,7,34,10,15,23.71,186.52,38.2,28.09,0,2,0,58,1,57.4
HJ Jordaan,T20I,8,166,210,7,101,10,4,23.71,79.05,48.1,6.67,0,0,3,37,0,27.7
EMDY Munaweera,CPL,9,166,163,9,85,18,6,18.44,101.84,52.15,14.72,0,0,1,39,0,33.7
T Taibu,T20I,11,165,155,7,52,11,2,23.57,106.45,33.55,8.39,0,0,2,45,2,34.7
MJ Lumb,ODI,3,165,203,3,111,12,3,55.0,81.28,54.68,7.39,1,0,1,106,0,39.3
Suryansh Shedge,IPL,10,165,101,7,30,9,12,23.57,163.37,29.7,20.79,0,1,1,57,0,51.4
AR Adams,ODI,12,165,151,11,79,11,10,15.0,109.27,52.32,13.91,0,0,3,36,1,32.8
Umar Gul,T20I,25,165,156,18,82,11,10,9.17,105.77,52.56,13.46,0,0,2,32,6,29.8
AWJ Auguste,T20I,9,165,125,8,56,11,11,20.62,132.0,44.8,17.6,0,1,1,50,0,41.6
Abul Hasan,Test,3,165,278,2,197,17,5,82.5,59.35,70.86,7.91,1,0,0,113,0,43.8
ST Doheny,ODI,9,165,264,9,172,16,2,18.33,62.5,65.15,6.82,0,1,1,84,1,21.0
N Davin,ODI,12,165,205,12,129,18,4,13.75,80.49,62.93,10.73,0,0,2,40,1,24.7
JF Smith,ODI,4,165,178,4,94,11,7,41.25,92.7,52.81,10.11,0,1,1,91,0,37.8
Mohammad Naveed,T20I,19,165,138,12,66,16,7,13.75,119.57,47.83,16.67,0,0,0,27,2,36.3
Mustafizur Rahman,ODI,51,165,342,25,244,18,1,6.6,48.25,71.35,5.56,0,0,0,20,11,13.1
J Taanyanda,T20I,3,165,112,2,40,13,8,82.5,147.32,35.71,18.75,0,2,1,74,0,68.1
G Motie,CPL,28,165,166,15,83,9,8,11.0,99.4,50.0,10.24,0,0,0,26,2,27.9
A Bagai,T20I,4,165,154,3,44,14,0,55.0,107.14,28.57,9.09,0,1,2,67,0,47.7
KS Lokuarachchi,ODI,12,164,215,11,107,7,3,14.91,76.28,49.77,4.65,0,1,0,69,1,22.4
Waqas Khan,T20I,14,164,189,10,83,6,5,16.4,86.77,43.92,5.82,0,1,1,60,1,26.1
MC Henriques,Test,4,164,346,7,245,12,2,23.43,47.4,70.81,4.05,0,2,0,81,2,18.3
BS Stephenson,T20I,11,164,140,8,65,11,9,20.5,117.14,46.43,14.29,0,1,1,69,1,37.1
D Bishoo,ODI,25,164,263,15,164,17,1,10.93,62.36,62.36,6.84,0,0,0,29,8,18.7
PA Reddy,IPL,10,164,160,10,65,15,2,16.4,102.5,40.62,10.62,0,0,1,42,0,31.9
M Vandrasi,T20I,8,164,156,6,62,17,1,27.33,105.13,39.74,11.54,0,0,3,42,1,37.1
O Peters,CPL,8,164,136,7,69,9,12,23.43,120.59,50.74,15.44,0,1,1,67,2,38.8
EJG Morgan,PSL,9,164,160,8,76,17,4,20.5,102.5,47.5,13.12,0,1,0,80,0,34.1
Akash Deep,Test,10,163,303,14,239,20,6,11.64,53.8,78.88,8.58,0,1,1,66,3,17.8
S Konstas,Test,5,163,289,10,215,20,2,16.3,56.4,74.39,7.61,0,1,0,60,2,19.3
Kulwinderjeet Singh,T20I,10,163,116,9,57,18,9,18.11,140.52,49.14,23.28,0,0,3,46,3,45.1
KP Meiyappan,ODI,22,163,333,18,226,11,0,9.06,48.95,67.87,3.3,0,0,0,24,6,12.9
JG Bethell,IPL,9,163,116,9,47,21,6,18.11,140.52,40.52,23.28,0,1,0,55,0,46.3
JC Tredwell,ODI,25,163,242,14,138,9,4,11.64,67.36,57.02,5.37,0,0,1,30,3,19.4
AU Rashid,T20I,40,163,182,22,79,13,1,7.41,89.56,43.41,7.69,0,0,0,22,4,24.4
Shan Masood,ODI,9,163,234,9,141,19,0,18.11,69.66,60.26,8.12,0,1,2,50,2,23.5
L Klusener,ODI,8,163,152,3,66,9,8,54.33,107.24,43.42,11.18,0,1,2,57,0,46.8
SN Netravalkar,ODI,34,163,277,15,180,15,2,10.87,58.84,64.98,6.14,0,0,0,19,3,17.3
Khaibar Deldar,T20I,12,162,138,12,75,17,7,13.5,117.39,54.35,17.39,0,0,2,49,2,35.4
N Jagadeesan,IPL,10,162,147,9,65,21,2,18.0,110.2,44.22,15.65,0,0,3,39,2,36.4
Zaid Ahmad,T20I,14,162,157,11,70,9,6,14.73,103.18,44.59,9.55,0,0,1,43,2,30.1
MA Abbas,ODI,6,162,203,6,103,8,4,27.0,79.8,50.74,5.91,0,1,1,52,0,28.1
JS Kundi,T20I,19,162,170,15,79,10,6,10.8,95.29,46.47,9.41,0,0,1,31,3,27.2
Sageer Ahmad,T20I,6,162,146,6,79,20,6,27.0,110.96,54.11,17.81,0,1,2,56,1,39.9
DP Michael,T20I,5,162,134,4,46,12,7,40.5,120.9,34.33,14.18,0,2,1,63,0,46.8
Anamul Haque,Test,8,162,399,15,316,20,1,10.8,40.6,79.2,5.26,0,0,1,39,3,13.4
Hannan Sarkar,Test,4,162,453,8,363,14,0,20.25,35.76,80.13,3.09,0,1,1,59,1,14.9
RM Magare,T20I,13,162,146,12,59,19,2,13.5,110.96,40.41,14.38,0,0,2,45,3,34.5
G Chohan,T20I,18,161,175,14,87,13,3,11.5,92.0,49.71,9.14,0,0,0,22,2,26.3
Tamim Iqbal,CPL,6,161,150,6,67,17,3,26.83,107.33,44.67,13.33,0,1,1,75,0,37.7
MW Forde,CPL,20,161,124,15,61,12,11,10.73,129.84,49.19,18.55,0,0,1,31,3,37.6
PJ Cummins,BBL,10,161,120,6,40,10,8,26.83,134.17,33.33,15.0,0,0,3,39,0,44.2
Waqas Ahmad,T20I,12,161,100,8,37,10,12,20.12,161.0,37.0,22.0,0,1,0,53,3,49.5
MVT Fernando,Test,22,161,616,23,539,16,1,7.0,26.14,87.5,2.76,0,0,1,38,13,8.3
GB Hogg,Test,4,161,279,4,190,12,2,40.25,57.71,68.1,5.02,0,1,1,79,0,27.0
Tarun Sharma,T20I,16,161,168,15,79,12,6,10.73,95.83,47.02,10.71,0,0,1,43,4,28.0
A Dhabe,T20I,16,161,174,7,81,8,6,23.0,92.53,46.55,8.05,0,0,2,32,1,30.4
K Piet,T20I,30,161,211,18,108,7,2,8.94,76.3,51.18,4.27,0,0,0,22,4,19.7
Ayaz Dadabhai,T20I,15,161,150,13,58,9,7,12.38,107.33,38.67,10.67,0,0,0,21,0,31.4
MN Samuels,IPL,14,161,172,13,84,9,7,12.38,93.6,48.84,9.3,0,0,2,46,1,27.1
Mansoor Safi,T20I,9,161,80,8,27,12,13,20.12,201.25,33.75,31.25,0,1,0,80,0,58.0
Tanwir Afzal,ODI,12,161,177,10,103,13,8,16.1,90.96,58.19,11.86,0,0,1,47,2,28.5
Y Venugopal Rao,ODI,8,161,249,7,147,12,2,23.0,64.66,59.04,5.62,0,1,1,61,1,23.2
H Davids,T20I,9,161,134,9,56,18,4,17.89,120.15,41.79,16.42,0,2,0,68,2,38.6
OJ Phillips,Test,2,160,312,4,216,16,0,40.0,51.28,69.23,5.13,0,1,0,94,0,25.9
Syed Haider,T20I,12,160,147,9,58,10,6,17.78,108.84,39.46,10.88,0,0,2,47,1,33.6
Aamir Kaleem,ODI,13,160,266,13,192,21,3,12.31,60.15,72.18,9.02,0,0,1,32,2,19.2
NA Rock,T20I,16,160,149,15,61,13,3,10.67,107.38,40.94,10.74,0,0,2,37,1,30.5
FRJ Coleman,ODI,8,160,214,8,126,18,1,20.0,74.77,58.88,8.88,0,1,1,70,1,25.6
K Klein,ODI,15,160,239,11,133,9,2,14.55,66.95,55.65,4.6,0,0,0,25,0,20.1
AA Jangoo,T20I,6,160,126,4,61,16,8,40.0,126.98,48.41,19.05,0,1,1,74,0,48.7
Saif Hassan,Test,6,159,307,11,248,27,2,14.45,51.79,80.78,9.45,0,0,2,43,3,19.2
P Thongsa,T20I,22,159,224,13,110,9,0,12.23,70.98,49.11,4.02,0,0,0,29,2,20.3
Bilal Muhammad,T20I,13,159,83,9,22,7,12,17.67,191.57,26.51,22.89,0,0,2,35,1,53.3
JP Faulkner,T20I,18,159,138,11,41,7,5,14.45,115.22,29.71,8.7,0,0,1,41,0,33.2
R McLaren,IPL,13,159,171,8,69,14,1,19.88,92.98,40.35,8.77,0,1,1,51,1,30.7
Akshay Homraj,ODI,8,159,223,8,130,9,4,19.88,71.3,58.3,5.83,0,0,2,44,0,23.2
RE van der Merwe,IPL,15,159,141,11,63,11,8,14.45,112.77,44.68,13.48,0,0,2,35,0,33.9
WP Masakadza,Test,7,159,523,12,449,16,3,13.25,30.4,85.85,3.63,0,1,0,57,0,11.8
J Kila,ODI,12,159,244,10,150,14,2,15.9,65.16,61.48,6.56,0,0,1,36,2,20.8
Fakhar Zaman,CPL,5,159,119,5,44,17,6,31.8,133.61,36.97,19.33,0,0,3,43,0,48.3
Shariz Ahmad,ODI,17,159,281,15,170,11,0,10.6,56.58,60.5,3.91,0,0,1,30,1,16.0
JL Ontong,T20I,10,158,109,10,37,6,11,15.8,144.95,33.94,15.6,0,0,2,48,1,41.8
R Nath,T20I,11,158,177,10,93,12,6,15.8,89.27,52.54,10.17,0,0,2,38,0,27.8
MP Breetzke,T20I,13,158,136,12,56,14,6,13.17,116.18,41.18,14.71,0,1,0,51,0,35.2
ADS Fletcher,PSL,9,158,138,9,68,14,8,17.56,114.49,49.28,15.94,0,0,1,34,0,36.3
Saif-Ul Islam,T20I,5,158,124,4,45,16,2,39.5,127.42,36.29,14.52,0,1,1,91,0,47.2
Abdul Shakoor,T20I,12,158,180,10,74,12,1,15.8,87.78,41.11,7.22,0,0,0,27,0,27.3
M Beitaki,T20I,15,158,167,14,91,11,8,11.29,94.61,54.49,11.38,0,0,0,28,2,27.4
Rizwan Mahmood,T20I,11,158,131,9,47,10,6,17.56,120.61,35.88,12.21,0,0,2,45,1,36.6
Saqib Zulfiqar,ODI,11,158,223,9,135,12,4,17.56,70.85,60.54,7.17,0,0,3,34,1,22.8
LI Salomone,T20I,15,158,159,14,91,22,4,11.29,99.37,57.23,16.35,0,1,0,79,5,31.0
CJO Smith,ODI,9,157,238,9,155,23,0,17.44,65.97,65.13,9.66,0,1,1,51,1,23.1
JM Vujinovich,T20I,13,157,242,12,126,10,1,13.08,64.88,52.07,4.55,0,0,1,38,2,19.7
Raja Shoaib,T20I,9,157,175,6,86,15,2,26.17,89.71,49.14,9.71,0,0,2,40,0,32.0
R Davson,T20I,13,157,205,12,119,15,3,13.08,76.59,58.05,8.78,0,0,2,40,0,23.3
GS Sandhu,BBL,30,157,153,13,64,11,3,12.08,102.61,41.83,9.15,0,0,0,20,5,29.1
N Senamontree,T20I,32,157,255,18,126,5,0,8.72,61.57,49.41,1.96,0,0,0,19,2,16.3
Imran Tahir,ODI,32,157,225,20,148,21,1,7.85,69.78,65.78,9.78,0,0,0,29,6,20.0
S Koppolu,T20I,14,157,149,12,70,15,4,13.08,105.37,46.98,12.75,0,0,2,34,3,31.6
R Sharma,T20I,8,157,104,3,35,11,9,52.33,150.96,33.65,19.23,0,0,2,39,0,58.8
Zawar Farid,T20I,13,157,121,11,52,11,8,14.27,129.75,42.98,15.7,0,1,1,55,1,37.9
D Mohammed,Test,3,157,215,4,153,21,4,39.25,73.02,71.16,11.63,0,1,2,52,0,32.8
V Nigam,IPL,10,157,89,8,28,18,8,19.62,176.4,31.46,29.21,0,0,2,39,1,57.1
T Kaitano,ODI,11,157,256,10,180,18,2,15.7,61.33,70.31,7.81,0,0,1,42,2,19.8
S Kharvi,T20I,17,156,175,16,100,9,8,9.75,89.14,57.14,9.71,0,0,1,31,3,24.6
H Kaushik,T20I,13,156,120,9,46,4,12,17.33,130.0,38.33,13.33,0,0,2,44,1,38.2
Jai Sinh,T20I,13,156,138,11,66,9,10,14.18,113.04,47.83,13.77,0,1,1,55,1,33.6
PJ Malan,Test,3,156,530,6,429,11,0,26.0,29.43,80.94,2.08,0,1,0,84,0,15.5
TB Robinson,CPL,7,156,120,7,46,13,6,22.29,130.0,38.33,15.83,0,0,4,40,2,41.7
Zahidullah Kamal,T20I,12,156,177,11,78,10,2,14.18,88.14,44.07,6.78,0,0,2,44,1,26.0
PBB Rajapaksa,PSL,8,156,107,6,36,16,6,26.0,145.79,33.64,20.56,0,0,1,41,0,49.1
CMW Read,ODI,14,156,216,11,121,12,1,14.18,72.22,56.02,6.02,0,0,2,30,3,21.6
RR Powar,ODI,15,156,240,13,139,12,2,12.0,65.0,57.92,5.83,0,1,0,54,0,19.4
JA McCollum,Test,5,156,397,9,324,21,0,17.33,39.29,81.61,5.29,0,0,2,36,1,15.7
Tanwir Afzal,T20I,13,156,131,12,63,6,11,13.0,119.08,48.09,12.98,0,1,1,56,3,33.4
PJ Cummins,T20I,22,155,122,13,47,11,7,11.92,127.05,38.52,14.75,0,0,0,28,3,36.7
AGS Gous,PSL,8,155,111,7,43,14,8,22.14,139.64,38.74,19.82,0,1,1,80,1,45.6
A McGrath,ODI,11,155,336,9,228,10,0,17.22,46.13,67.86,2.98,0,1,1,52,1,15.4
JD Allan,T20I,16,155,177,15,89,13,2,10.33,87.57,50.28,8.47,0,0,1,36,0,24.7
Arafat Minhas,PSL,13,155,98,11,34,16,7,14.09,158.16,34.69,23.47,0,0,1,31,1,48.2
Mushfiqur Rahman,Test,4,155,476,7,396,18,0,22.14,32.56,83.19,3.78,0,0,2,46,1,15.6
M Dindyal,CPL,8,155,129,8,70,13,10,19.38,120.16,54.26,17.83,0,1,1,50,1,38.3
SP Narine,T20I,21,155,138,15,59,13,5,10.33,112.32,42.75,13.04,0,0,1,30,2,32.3
SB Patel,T20I,13,155,134,13,67,12,9,11.92,115.67,50.0,15.67,0,0,2,31,2,34.1
DO Leicher,ODI,7,154,207,5,117,8,4,30.8,74.4,56.52,5.8,0,1,2,58,0,27.9
J Seymour,BBL,12,154,116,10,50,14,7,15.4,132.76,43.1,18.1,0,0,0,25,0,40.4
HJ Hunt,BBL,9,154,143,9,64,13,4,17.11,107.69,44.76,11.89,0,0,1,49,1,33.1
C Zhuwao,ODI,8,154,131,8,78,18,9,19.25,117.56,59.54,20.61,0,0,2,45,2,39.0
M Spoors,ODI,9,154,276,9,195,14,3,17.11,55.8,70.65,6.16,0,0,3,33,1,18.5
Amandeep Singh,T20I,13,154,124,10,52,14,4,15.4,124.19,41.94,14.52,0,0,0,25,1,36.9
Wahab Riaz,T20I,15,154,123,12,45,10,7,12.83,125.2,36.59,13.82,0,0,1,30,2,36.4
AM Ellis,ODI,12,154,184,11,81,10,2,14.0,83.7,44.02,6.52,0,0,1,33,1,25.2
GK Berg,T20I,12,153,123,8,45,11,6,19.12,124.39,36.59,13.82,0,0,2,39,2,38.7
Dawood Ahmadzai,T20I,24,153,177,14,87,14,1,10.93,86.44,49.15,8.47,0,0,0,29,2,25.0
Aamer Yamin,PSL,16,153,115,13,51,8,11,11.77,133.04,44.35,16.52,0,0,1,35,3,37.8
DJ Hooda,ODI,7,153,189,6,84,10,1,25.5,80.95,44.44,5.82,0,0,1,33,0,28.6
Haris Sohail,PSL,11,153,178,9,75,11,2,17.0,85.96,42.13,7.3,0,0,2,43,1,27.4
SP Patil,ODI,8,153,290,7,192,13,0,21.86,52.76,66.21,4.48,0,1,2,57,0,19.3
RWT Key,Test,5,153,406,9,320,18,0,17.0,37.68,78.82,4.43,0,1,1,52,2,14.8
NS Prasad,WPL,7,153,128,5,46,19,2,30.6,119.53,35.94,16.41,0,0,2,47,0,44.1
A Kainessie,T20I,11,153,159,11,80,16,2,13.91,96.23,50.31,11.32,0,0,2,40,1,29.2
PWA Mulder,T20I,12,152,145,10,69,11,6,15.2,104.83,47.59,11.72,0,0,3,36,3,31.5
Ibrahim Kursad Dalyan,T20I,12,152,158,9,87,18,3,16.89,96.2,55.06,13.29,0,0,2,44,1,30.9
AJ Redmond,ODI,6,152,259,6,175,19,0,25.33,58.69,67.57,7.34,0,1,1,52,0,23.1
D Ganga,ODI,7,152,293,7,204,17,0,21.71,51.88,69.62,5.8,0,1,1,54,0,19.5
S Crowie,T20I,8,152,195,5,101,15,1,30.4,77.95,51.79,8.21,0,1,0,54,0,30.5
MJG Rippon,T20I,7,152,136,5,52,11,3,30.4,111.76,38.24,10.29,0,0,3,42,1,38.5
MDK Perera,ODI,12,152,199,12,116,13,3,12.67,76.38,58.29,8.04,0,0,1,30,0,22.6
Naeem Gull,T20I,10,152,179,9,105,21,2,16.89,84.92,58.66,12.85,0,1,0,63,0,28.5
RG Aga,T20I,11,152,132,10,48,14,2,15.2,115.15,36.36,12.12,0,1,1,52,0,34.8
SW Poynter,T20I,15,152,141,12,60,12,4,12.67,107.8,42.55,11.35,0,0,2,39,0,31.4
DT Christian,PSL,10,152,103,7,29,14,6,21.71,147.57,28.16,19.42,0,0,0,27,0,47.8
V Sukumaran,T20I,8,151,124,8,61,15,7,18.88,121.77,49.19,17.74,0,1,1,50,2,39.0
Waseem Yaqoob,T20I,12,151,201,12,121,13,4,12.58,75.12,60.2,8.46,0,0,1,31,1,22.4
DN Wyatt,WPL,7,151,117,7,47,19,4,21.57,129.06,40.17,19.66,0,1,1,57,0,43.6
JA Clarkson,T20I,9,151,114,6,45,10,7,25.17,132.46,39.47,14.91,0,0,1,38,1,42.4
SR Patel,Test,6,151,338,9,251,16,1,16.78,44.67,74.26,5.03,0,0,2,42,2,16.1
Umaid Asif,PSL,16,151,94,9,38,11,11,16.78,160.64,40.43,23.4,0,0,0,25,3,48.7
Khin Aye,T20I,27,151,322,21,218,7,3,7.19,46.89,67.7,3.11,0,0,0,24,5,11.8
VD Philander,ODI,18,151,213,12,115,14,0,12.58,70.89,53.99,6.57,0,0,1,30,3,21.5
G Singh,CPL,9,151,135,7,52,9,6,21.57,111.85,38.52,11.11,0,0,2,39,1,35.8
SO Tikolo,T20I,8,151,127,7,55,18,3,21.57,118.9,43.31,16.54,0,1,1,50,2,39.7
HD Rutherford,T20I,7,151,105,7,42,12,9,21.57,143.81,40.0,20.0,0,1,1,62,1,45.9
Azmatullah Omarzai,IPL,11,151,101,10,37,11,10,15.1,149.5,36.63,20.79,0,0,1,38,0,45.3
Ghulam Abbas Butt,T20I,13,151,127,13,69,18,5,11.62,118.9,54.33,18.11,0,0,1,44,1,35.4
J Overton,IPL,8,151,93,5,28,14,7,30.2,162.37,30.11,22.58,0,0,2,43,0,54.9
AA Mulla,ODI,8,150,155,8,91,21,4,18.75,96.77,58.71,16.13,0,1,1,58,1,33.1
Ghulam Shabber,T20I,10,150,131,7,56,17,3,21.43,114.5,42.75,15.27,0,1,0,58,0,38.2
Asif Ali,CPL,13,150,139,12,67,11,6,12.5,107.91,48.2,12.23,0,0,1,47,0,31.2
NN Odhiambo,T20I,19,150,151,15,82,19,2,10.0,99.34,54.3,13.91,0,0,1,37,4,29.3
L Tucker,CPL,5,150,121,4,36,14,3,37.5,123.97,29.75,14.05,0,0,4,38,0,46.6
NM Coulter-Nile,T20I,15,150,120,11,56,10,10,13.64,125.0,46.67,16.67,0,0,1,34,3,37.1
A Otwani,T20I,12,150,149,12,75,19,2,12.5,100.67,50.34,14.09,0,0,1,44,2,31.1
TKP Rajapaksha,T20I,13,150,200,13,118,17,1,11.54,75.0,59.0,9.0,0,0,1,49,1,22.5
A Sutherland,WPL,14,150,137,12,52,13,3,12.5,109.49,37.96,11.68,0,0,1,41,1,32.5
PJ Ongondo,ODI,26,150,248,19,161,9,4,7.89,60.48,64.92,5.24,0,0,0,20,3,15.8
Adnan Ilyas,T20I,8,150,146,8,61,11,3,18.75,102.74,41.78,9.59,0,0,2,49,0,32.0
Taher Muhammad,T20I,16,150,204,16,110,10,3,9.38,73.53,53.92,6.37,0,0,0,28,0,20.5
JF Kloppenburg,ODI,4,149,232,4,142,9,4,37.25,64.22,61.21,5.6,1,0,0,121,1,28.1
Muhammed Manga,T20I,8,149,187,7,102,8,4,21.29,79.68,54.55,6.42,0,1,1,59,1,25.8
NJ Carey,WPL,6,149,105,4,24,20,0,37.25,141.9,22.86,19.05,0,0,3,40,0,53.3
Mohammad Kamran,T20I,13,149,133,10,61,14,4,14.9,112.03,45.86,13.53,0,1,0,52,0,33.8
Aamir Lal,T20I,9,149,127,7,54,7,9,21.29,117.32,42.52,12.6,0,0,2,48,1,36.8
P Kumar,Test,6,149,159,10,104,21,5,14.9,93.71,65.41,16.35,0,0,1,40,2,30.4
Bakhtiar Tahiri,T20I,6,149,141,5,72,13,6,29.8,105.67,51.06,13.48,0,0,2,49,0,37.8
JA Prestwidge,BBL,14,149,124,10,56,11,8,14.9,120.16,45.16,15.32,0,0,1,33,1,36.3
N Pathan,T20I,8,149,128,7,54,10,7,21.29,116.41,42.19,13.28,0,1,2,54,1,37.2
CA Young,ODI,23,149,168,10,90,12,5,14.9,88.69,53.57,10.12,0,0,1,40,4,27.2
Khurram Shahzad,Test,10,148,324,17,264,21,2,8.71,45.68,81.48,7.1,0,0,0,19,4,14.6
J Weatherald,PSL,5,148,118,5,58,16,7,29.6,125.42,49.15,19.49,0,0,2,48,0,44.7
BN Cooper,ODI,9,148,172,8,102,15,4,18.5,86.05,59.3,11.05,0,1,1,74,2,28.0
BOP Fernando,ODI,8,148,230,8,151,15,3,18.5,64.35,65.65,7.83,0,0,2,49,1,21.9
H Venkataram,T20I,13,148,129,3,52,12,5,49.33,114.73,40.31,13.18,0,0,0,27,0,47.7
K Mishara,ODI,6,148,171,6,108,20,2,24.67,86.55,63.16,12.87,0,0,1,38,0,31.1
AD Hales,IPL,6,148,118,6,47,13,6,24.67,125.42,39.83,16.1,0,0,3,45,0,41.9
AD Nath,ODI,8,148,200,7,101,12,2,21.14,74.0,50.5,7.0,0,0,4,36,1,25.9
AN Kervezee,T20I,6,148,148,6,54,10,1,24.67,100.0,36.49,7.43,0,1,1,56,0,33.1
D Wiese,IPL,11,148,101,5,30,12,7,29.6,146.53,29.7,18.81,0,0,1,47,0,50.0
Muhammad Farooq,T20I,7,148,104,6,54,17,9,24.67,142.31,51.92,25.0,0,0,2,47,0,48.5
Mohameed Taiwo,T20I,30,148,198,18,113,9,3,8.22,74.75,57.07,6.06,0,0,0,26,7,19.6
S Ashwathnarayana,T20I,7,148,103,4,40,9,9,37.0,143.69,38.83,17.48,0,1,1,52,0,50.2
Amar Sharma,T20I,14,148,178,11,76,6,2,13.45,83.15,42.7,4.49,0,0,0,22,1,23.7
M Machado,T20I,11,148,125,8,54,13,5,18.5,118.4,43.2,14.4,0,2,0,54,0,37.0
CR Woakes,T20I,17,147,117,9,40,9,7,16.33,125.64,34.19,13.68,0,0,1,37,2,38.0
J Chialoufas,T20I,10,147,143,9,68,11,4,16.33,102.8,47.55,10.49,0,0,2,37,3,30.8
Rasheed Ali Mamadkhel,T20I,11,147,120,11,52,10,8,13.36,122.5,43.33,15.0,0,0,2,37,2,36.1
Khalid Latif,ODI,5,147,228,5,139,13,0,29.4,64.47,60.96,5.7,0,1,1,64,1,25.3
SM Pollock,IPL,8,147,111,8,42,12,8,18.38,132.43,37.84,18.02,0,0,2,33,2,42.1
Sikandar Raza,CPL,11,147,113,9,44,8,8,16.33,130.09,38.94,14.16,0,0,1,32,0,38.3
C Pengkumta,T20I,22,147,207,18,117,8,5,8.17,71.01,56.52,6.28,0,0,1,31,5,19.3
MA Wood,ODI,23,147,140,11,64,13,5,13.36,105.0,45.71,12.86,0,0,1,43,5,31.9
HR Walsh,T20I,15,147,147,9,64,9,5,16.33,100.0,43.54,9.52,0,0,0,28,2,30.4
Steven Ryan Taylor,CPL,10,147,137,9,70,16,4,16.33,107.3,51.09,14.6,0,0,2,37,0,33.7
Hasan Ali,T20I,20,147,86,11,30,7,12,13.36,170.93,34.88,22.09,0,0,0,23,4,48.7
Fayyaz Butt,T20I,19,147,144,11,58,11,4,13.36,102.08,40.28,10.42,0,0,0,25,2,30.6
Muhammad Younis,T20I,11,147,139,11,68,15,5,13.36,105.76,48.92,14.39,0,0,3,33,2,32.5
S Randiv,Test,11,147,480,16,396,16,0,9.19,30.63,82.5,3.33,0,0,1,39,3,10.1
Nazimuddin,ODI,11,147,237,11,162,18,2,13.36,62.03,68.35,8.44,0,0,2,47,0,19.7
Kalhan Challu,T20I,8,147,108,5,19,10,3,29.4,136.11,17.59,12.04,0,0,2,45,0,45.7
Sajid Khan Afridi,T20I,8,147,98,8,42,13,8,18.38,150.0,42.86,21.43,0,0,3,38,0,46.1
Mandeep Singh,T20I,7,146,127,5,49,14,2,29.2,114.96,38.58,12.6,0,1,2,52,0,40.0
JD Campbell,CPL,8,146,134,8,55,15,3,18.25,108.96,41.04,13.43,0,0,1,43,1,35.3
ZB Lion-Cachet,T20I,12,146,137,12,49,9,4,12.17,106.57,35.77,9.49,0,1,0,50,2,30.8
K Zondo,ODI,6,146,231,5,129,8,3,29.2,63.2,55.84,4.76,0,1,0,54,0,25.1
CL White,Test,4,146,330,5,247,15,1,29.2,44.24,74.85,4.85,0,0,2,46,0,20.5
Usman Arif,T20I,10,146,80,10,33,6,15,14.6,182.5,41.25,26.25,0,0,2,44,2,52.3
D Wheatley,T20I,21,146,180,16,100,10,4,9.12,81.11,55.56,7.78,0,0,1,30,4,22.2
JA Burns,ODI,6,146,184,6,106,16,1,24.33,79.35,57.61,9.24,0,1,1,69,1,28.3
O Bascome,T20I,11,146,144,11,77,11,8,13.27,101.39,53.47,13.19,0,0,2,37,1,30.4
AB de Villiers,BBL,6,146,104,6,25,8,6,24.33,140.38,24.04,13.46,0,1,1,71,0,44.4
ID Blackwell,ODI,18,146,211,16,129,17,1,9.12,69.19,61.14,8.53,0,0,0,22,4,20.2
Sajid Liaqat,T20I,13,145,99,8,39,5,12,18.12,146.46,39.39,17.17,0,0,1,30,1,43.2
T Munyonga,ODI,8,145,199,6,114,10,2,24.17,72.86,57.29,6.03,0,0,2,43,0,25.2
MJ Santner,CPL,7,145,126,3,49,9,5,48.33,115.08,38.89,11.11,0,0,2,36,0,46.2
CJ Borgas,BBL,11,145,135,10,48,10,2,14.5,107.41,35.56,8.89,0,0,1,31,0,31.4
C White,Test,2,145,289,2,225,18,3,72.5,50.17,77.85,7.27,0,1,1,85,0,39.2
J Neill,Test,2,145,242,4,188,24,2,36.25,59.92,77.69,10.74,0,0,4,49,0,29.3
JU Goolie,CPL,17,145,154,11,68,11,3,13.18,94.16,44.16,9.09,0,0,0,24,4,28.0
CAK Rajitha,Test,16,145,582,21,503,16,0,6.9,24.91,86.43,2.75,0,0,0,22,6,8.1
S Vidyut,IPL,8,145,109,8,49,21,3,18.12,133.03,44.95,22.02,0,1,1,54,1,43.7
V Permaul,Test,9,145,290,11,224,18,2,13.18,50.0,77.24,6.9,0,0,0,26,3,16.7
KR Patterson,Test,2,144,274,1,198,17,1,144.0,52.55,72.26,6.57,1,0,1,114,0,41.9
TK Joseph,T20I,23,144,160,20,83,7,5,7.2,90.0,51.88,7.5,0,0,0,22,4,23.0
Sachin Baby,IPL,11,144,118,9,44,11,5,16.0,122.03,37.29,13.56,0,0,1,33,1,36.9
I Elec,T20I,15,144,194,14,120,9,7,10.29,74.23,61.86,8.25,0,2,0,52,4,21.0
Naseem Shah,Test,17,144,457,19,401,15,8,7.58,31.51,87.75,5.03,0,0,1,33,5,10.8
CO Browne,ODI,8,144,168,6,84,14,2,24.0,85.71,50.0,9.52,0,0,3,46,3,30.3
Sohail Khan,PSL,23,144,149,17,74,7,9,8.47,96.64,49.66,10.74,0,0,1,32,4,26.9
Zulfiqar Babar,Test,13,144,207,9,142,15,4,16.0,69.57,68.6,9.18,0,1,0,56,2,22.2
N Bidaisee,CPL,10,143,131,8,53,7,8,17.88,109.16,40.46,11.45,0,1,1,50,1,33.9
Maidul Islam,T20I,8,143,149,8,71,13,4,17.88,95.97,47.65,11.41,0,0,3,49,2,31.0
Aizaz Khan,ODI,10,143,211,9,135,12,5,15.89,67.77,63.98,8.06,0,0,1,44,1,21.8
M Klinger,T20I,3,143,112,3,34,12,2,47.67,127.68,30.36,12.5,0,1,2,62,0,49.8
TJ Murtagh,ODI,20,143,185,10,102,14,1,14.3,77.3,55.14,8.11,0,0,0,23,2,23.8
G Manan,T20I,12,143,88,12,40,15,10,11.92,162.5,45.45,28.41,0,0,1,40,2,49.7
Alok Kapali,Test,6,143,257,12,193,19,1,11.92,55.64,75.1,7.78,0,0,0,28,3,17.6
OA Shah,Test,4,143,362,8,294,18,2,17.88,39.5,81.22,5.52,0,1,1,57,0,16.1
Yogev Nagavkar,T20I,9,143,183,8,104,15,0,17.88,78.14,56.83,8.2,0,0,2,39,2,25.1
Zahoor Khan,ODI,38,143,257,22,176,10,4,6.5,55.64,68.48,5.45,0,0,0,23,10,14.2
HJW Gardiner,ODI,7,142,213,7,132,16,0,20.29,66.67,61.97,7.51,0,1,0,89,1,23.2
Umar Amin,T20I,9,142,123,9,53,15,4,15.78,115.45,43.09,15.45,0,0,2,47,3,36.3
DJ Hussey,CPL,8,142,117,8,49,7,8,17.75,121.37,41.88,12.82,0,0,2,32,0,36.3
BW Hilfenhaus,BBL,20,142,126,11,55,8,6,12.91,112.7,43.65,11.11,0,0,2,38,2,31.9
Salvin Stanly,T20I,17,142,157,15,73,13,3,9.47,90.45,46.5,10.19,0,0,0,23,3,26.5
Arshad Khan,IPL,12,142,95,6,35,6,11,23.67,149.47,36.84,17.89,0,1,0,58,1,46.5
Aayan Afzal Khan,T20I,14,142,157,10,70,9,2,14.2,90.45,44.59,7.01,0,0,1,42,1,26.4
RD Jacobs,ODI,13,142,224,8,123,7,1,17.75,63.39,54.91,3.57,0,1,0,50,1,20.2
MB Loye,ODI,7,142,184,7,129,19,5,20.29,77.17,70.11,13.04,0,0,2,45,1,27.2
LG Pretorius,ODI,3,142,145,3,81,18,3,47.33,97.93,55.86,14.48,0,1,2,57,0,43.2
DL Chahar,IPL,20,142,103,10,41,8,9,14.2,137.86,39.81,16.5,0,0,1,39,4,40.0
VV Morea,ODI,8,142,224,8,147,13,1,17.75,63.39,65.62,6.25,0,1,2,52,1,20.5
L Bonner,T20I,10,142,118,9,57,12,6,15.78,120.34,48.31,15.25,0,1,0,70,3,36.1
Shahid Arshad,T20I,15,142,186,15,105,12,3,9.47,76.34,56.45,8.06,0,0,0,24,2,21.7
A Davidson Soler,T20I,10,142,120,5,37,11,1,28.4,118.33,30.83,10.0,0,1,0,51,1,39.6
CRD Fernando,Test,15,142,283,11,214,19,0,12.91,50.18,75.62,6.71,0,0,2,39,3,16.5
JS Lenton,BBL,11,141,105,6,38,9,6,23.5,134.29,36.19,14.29,0,0,0,27,0,42.0
L Denny,T20I,11,141,144,10,55,10,1,14.1,97.92,38.19,7.64,0,0,1,45,0,28.7
Shubham Ranjane,T20I,4,141,78,2,13,9,8,70.5,180.77,16.67,21.79,0,1,2,51,0,73.8
Abdullah Fazal,Test,2,141,282,4,216,20,1,35.25,50.0,76.6,7.45,0,2,0,66,0,25.3
A Mutreja,T20I,8,141,106,8,40,9,8,17.62,133.02,37.74,16.04,0,1,1,77,2,40.6
CAH Stevenson,ODI,17,141,211,13,121,12,1,10.85,66.82,57.35,6.16,0,0,1,34,3,19.5
DE Bernard,ODI,12,141,219,10,124,10,0,14.1,64.38,56.62,4.57,0,0,1,38,1,19.4
KNA Bandara,ODI,5,141,217,4,115,9,1,35.25,64.98,53.0,4.61,0,2,0,55,0,28.0
T Wangchuk,T20I,28,141,195,24,101,8,3,5.88,72.31,51.79,5.64,0,0,0,18,4,18.8
KJJ van Noortwijk,ODI,3,141,138,2,64,12,3,70.5,102.17,46.38,10.87,1,0,0,134,1,51.5
Rizwan Cheema,T20I,16,141,127,14,67,11,9,10.07,111.02,52.76,15.75,0,0,1,32,5,32.4
HMRKB Herath,ODI,29,140,217,15,124,10,2,9.33,64.52,57.14,5.53,0,0,0,17,3,18.2
N Saini,IPL,10,140,141,10,65,16,0,14.0,99.29,46.1,11.35,0,1,1,50,0,30.2
C Hinze,T20I,18,140,137,12,57,11,2,11.67,102.19,41.61,9.49,0,0,0,23,4,29.2
Tanzid Hasan,Test,3,140,279,6,209,13,1,23.33,50.18,74.91,5.02,1,0,0,101,2,19.3
C Bogdanos,T20I,8,140,180,7,80,8,0,20.0,77.78,44.44,4.44,0,0,2,39,0,25.1
MD Shanaka,Test,6,140,276,10,211,9,7,14.0,50.72,76.45,5.8,0,1,0,66,2,16.4
R Chandrika,Test,5,140,448,10,369,11,0,14.0,31.25,82.37,2.46,0,0,2,37,3,11.4
GS Bajwa,T20I,7,140,111,6,53,10,8,23.33,126.13,47.75,16.22,0,0,2,38,0,40.5
C Kyewuta,T20I,22,140,115,10,47,9,7,14.0,121.74,40.87,13.91,0,0,0,24,1,35.8
M Bhanuka,ODI,6,140,194,6,119,13,2,23.33,72.16,61.34,7.73,0,0,2,36,0,25.4
RR Hendricks,CPL,5,140,103,5,39,10,8,28.0,135.92,37.86,17.48,0,0,3,42,0,45.8
SO Dowrich,CPL,10,140,132,9,62,15,4,15.56,106.06,46.97,14.39,0,0,2,38,1,33.7
C Wright,T20I,23,139,178,16,90,5,3,8.69,78.09,50.56,4.49,0,0,0,21,7,20.1
NT Ellis,ODI,18,139,172,12,101,8,6,11.58,80.81,58.72,8.14,0,0,0,18,1,22.8
Kamran Khan (2),T20I,7,139,127,7,69,14,7,19.86,109.45,54.33,16.54,0,0,1,46,0,36.1
Sahel Zadran,T20I,19,139,108,14,48,13,6,9.93,128.7,44.44,17.59,0,0,0,22,3,37.2
GD Elliott,PSL,12,139,134,10,56,8,5,13.9,103.73,41.79,9.7,0,0,1,40,2,30.3
LD Chandimal,PSL,6,139,81,4,24,10,9,34.75,171.6,29.63,23.46,0,0,2,48,0,58.5
Anmolpreet Singh,IPL,9,139,115,9,53,19,3,15.44,120.87,46.09,19.13,0,0,3,36,1,39.0
AC Voges,T20I,5,139,114,3,28,8,2,46.33,121.93,24.56,8.77,0,1,0,51,0,46.9
JP Faulkner,PSL,8,139,80,5,21,7,10,27.8,173.75,26.25,21.25,0,0,2,33,0,55.2
Ghazi Ghori,ODI,4,139,192,4,111,16,1,34.75,72.4,57.81,8.85,0,1,1,65,0,30.9
Sulaiman Ali,T20I,11,139,132,10,64,12,4,13.9,105.3,48.48,12.12,0,0,2,33,1,31.2
M Dale-Bradley,T20I,14,139,123,11,44,12,3,12.64,113.01,35.77,12.2,0,0,0,26,0,33.7
DB Loic,T20I,19,139,144,16,63,11,1,8.69,96.53,43.75,8.33,0,0,1,39,4,26.2
IJL Trott,T20I,7,138,144,6,64,9,3,23.0,95.83,44.44,8.33,0,1,2,51,0,31.3
D Myers,ODI,7,138,189,7,111,17,0,19.71,73.02,58.73,8.99,0,0,3,34,0,25.3
KA Hope,ODI,6,138,192,6,129,20,0,23.0,71.88,67.19,10.42,0,0,3,46,0,26.2
Wahidullah Usmani,T20I,6,138,137,6,67,14,2,23.0,100.73,48.91,11.68,0,1,1,72,0,33.6
P Manning,T20I,13,138,203,11,114,10,1,12.55,67.98,56.16,5.42,0,0,1,31,2,19.9
SC van Schalkwyk,ODI,9,138,226,8,145,12,3,17.25,61.06,64.16,6.64,0,1,0,58,1,20.4
D Brevis,Test,4,138,144,6,80,13,6,23.0,95.83,55.56,13.19,0,2,1,54,2,33.0
ARI Umeed,ODI,4,138,139,3,80,18,3,46.0,99.28,57.55,15.11,0,1,0,98,0,43.1
Anique Uddin,T20I,12,137,172,12,76,8,1,11.42,79.65,44.19,5.23,0,0,1,31,1,22.7
Yusuf Ebrahim,T20I,15,137,196,15,105,8,0,9.13,69.9,53.57,4.08,0,0,0,23,0,18.4
Basir Ahamad,T20I,4,137,101,3,26,11,4,45.67,135.64,25.74,14.85,0,1,1,80,0,52.4
MW Forde,T20I,14,137,94,9,40,11,9,15.22,145.74,42.55,21.28,0,0,0,29,1,44.3
D Gough,ODI,13,137,197,7,114,12,1,19.57,69.54,57.87,6.6,0,0,1,46,1,23.3
KD Mills,T20I,19,137,123,12,57,11,5,11.42,111.38,46.34,13.01,0,0,2,33,4,32.0
Mujibur Ali,ODI,10,137,237,9,149,13,0,15.22,57.81,62.87,5.49,0,0,1,43,2,18.6
NRJ Young,CPL,16,136,137,11,69,4,9,12.36,99.27,50.36,9.49,0,0,1,48,4,27.8
ST Finn,ODI,27,136,223,17,145,11,3,8.0,60.99,65.02,6.28,0,0,1,35,7,16.6
YP Dayal,T20I,13,136,158,10,66,4,3,13.6,86.08,41.77,4.43,0,0,1,37,1,24.2
SL Malinga,T20I,31,136,161,21,87,9,5,6.48,84.47,54.04,8.7,0,0,0,27,8,22.4
A Dutt,T20I,17,136,128,10,51,9,4,13.6,106.25,39.84,10.16,0,0,1,30,4,31.1
NB Mahwire,Test,5,136,315,5,258,20,2,27.2,43.17,81.9,6.98,0,1,1,50,0,21.1
J Dzulfikar,T20I,16,136,172,13,100,14,2,10.46,79.07,58.14,9.3,0,0,0,25,1,23.0
T Whiteman,T20I,7,136,115,5,50,14,4,27.2,118.26,43.48,15.65,0,0,2,37,0,41.1
S Anirudha,IPL,12,136,113,8,45,9,7,17.0,120.35,39.82,14.16,0,1,0,64,2,37.0
MJ Santner,IPL,21,136,123,8,50,9,6,17.0,110.57,40.65,12.2,0,0,0,22,1,34.3
ML Kostic,T20I,13,136,143,11,72,13,4,12.36,95.1,50.35,11.89,0,0,1,32,0,28.8
Rahat Ali,Test,19,136,372,18,317,19,3,7.56,36.56,85.22,5.91,0,0,1,35,8,12.1
S Rana,WPL,14,136,104,11,43,14,6,12.36,130.77,41.35,19.23,0,0,0,29,1,39.9
TN de Grooth,T20I,9,136,129,7,54,14,1,19.43,105.43,41.86,11.63,0,0,1,49,0,33.9
M Bhaiji,T20I,8,136,105,8,44,9,8,17.0,129.52,41.9,16.19,0,1,0,81,1,39.4
PA van Meekeren,T20I,25,136,121,19,54,9,6,7.16,112.4,44.63,12.4,0,0,0,24,6,30.4
A Dananjaya,Test,6,135,254,8,185,14,0,16.88,53.15,72.83,5.51,0,0,2,43,3,17.6
M Koli,T20I,16,135,122,9,44,10,2,15.0,110.66,36.07,9.84,0,0,1,33,4,32.6
JR Hazlewood,ODI,34,135,166,9,98,14,3,15.0,81.33,59.04,10.24,0,0,0,23,5,25.5
Kaleem Sana,ODI,23,135,154,14,91,7,9,9.64,87.66,59.09,10.39,0,0,0,16,5,24.5
RJ Hatchman,T20I,13,135,94,12,39,9,8,11.25,143.62,41.49,18.09,0,0,1,32,2,40.5
R Ngarava,Test,9,135,276,12,210,15,2,11.25,48.91,76.09,6.16,0,0,0,28,3,15.3
HK Badani,ODI,5,135,174,3,90,9,1,45.0,77.59,51.72,5.75,0,1,1,60,0,34.3
DB Lakhani,T20I,10,135,123,9,56,12,6,15.0,109.76,45.53,14.63,0,1,0,51,1,34.3
D Jakiel,T20I,20,135,194,13,102,7,1,10.38,69.59,52.58,4.12,0,0,1,38,2,19.0
AB Barath,CPL,6,135,148,6,62,12,1,22.5,91.22,41.89,8.78,0,0,2,38,0,31.2
J Jarvis,ODI,16,135,153,13,82,10,5,10.38,88.24,53.59,9.8,0,0,1,30,4,25.2
GF Linde,Test,3,135,255,6,192,19,2,22.5,52.94,75.29,8.24,0,0,2,37,0,21.5
Abbas Afridi,T20I,15,135,119,11,65,10,10,12.27,113.45,54.62,16.81,0,0,0,22,1,34.0
HC Knight,WPL,8,135,96,6,33,18,3,22.5,140.62,34.38,21.88,0,0,2,34,1,47.8
A Prashar,T20I,10,134,82,8,24,8,9,16.75,163.41,29.27,20.73,0,0,2,35,1,48.8
OD Hald,T20I,14,134,114,11,44,9,5,12.18,117.54,38.6,12.28,0,0,0,28,1,33.8
PD Hennessy,T20I,8,134,142,7,61,6,4,19.14,94.37,42.96,7.04,0,1,1,52,1,29.0
DJ Bravo,PSL,12,134,127,7,47,12,2,19.14,105.51,37.01,11.02,0,0,1,32,2,34.1
Tanzim Hasan Sakib,ODI,9,134,159,6,89,9,6,22.33,84.28,55.97,9.43,0,0,2,45,1,28.6
Maaz Sadaqat,ODI,6,134,120,6,70,15,6,22.33,111.67,58.33,17.5,0,1,0,75,1,37.4
T de Zorzi,T20I,10,134,132,10,70,16,3,13.4,101.52,53.03,14.39,0,0,1,33,0,31.3
PA Browne,ODI,5,134,179,4,106,7,6,33.5,74.86,59.22,7.26,0,0,3,49,0,29.5
N de Klerk,WPL,7,134,98,4,34,13,5,33.5,136.73,34.69,18.37,0,1,0,63,0,49.0
AR McBrine,T20I,14,134,108,9,33,10,4,14.89,124.07,30.56,12.96,0,0,1,36,0,37.3
RN Lewis,ODI,8,134,125,7,55,2,8,19.14,107.2,44.0,8.0,0,0,0,28,0,31.3
B Laughlin,BBL,29,134,148,20,72,9,4,6.7,90.54,48.65,8.78,0,0,0,22,4,24.2
Ali Nadeem,ODI,6,134,207,6,139,13,3,22.33,64.73,67.15,7.73,0,1,1,51,2,23.1
Faisal Iqbal,ODI,8,134,248,8,160,11,0,16.75,54.03,64.52,4.44,0,0,2,32,2,17.7
RW Price,Test,7,134,371,12,324,21,1,11.17,36.12,87.33,5.93,0,0,2,36,3,13.4
Tapash Baisya,Test,5,133,146,8,97,19,2,16.62,91.1,66.44,14.38,0,1,0,66,4,29.2
G Schachat,T20I,8,133,132,5,50,10,3,26.6,100.76,37.88,9.85,0,1,0,66,1,35.3
CH Morris,T20I,13,133,102,9,40,12,5,14.78,130.39,39.22,16.67,0,1,0,55,3,39.4
SB Wagh,T20I,7,133,161,7,75,10,1,19.0,82.61,46.58,6.83,0,1,0,51,0,26.7
NJ Ferraby,T20I,13,133,135,13,71,19,0,10.23,98.52,52.59,14.07,0,0,1,41,3,29.6
ML Love,Test,4,133,322,5,251,10,0,26.6,41.3,77.95,3.11,0,1,1,62,2,18.0
Rahel Khan,T20I,6,133,100,6,53,12,8,22.17,133.0,53.0,20.0,0,0,3,37,0,42.7
J Glen,CPL,11,133,111,8,56,9,9,16.62,119.82,50.45,16.22,0,0,1,34,2,36.7
LA Dawson,ODI,7,133,159,7,79,10,2,19.0,83.65,49.69,7.55,0,1,0,68,0,26.9
AM Hardie,PSL,6,133,89,3,25,12,4,44.33,149.44,28.09,17.98,0,1,0,56,0,55.6
VR Iyer,T20I,7,133,82,4,23,15,5,33.25,162.2,28.05,24.39,0,0,2,35,0,57.4
JC Tongue,Test,13,133,304,17,240,18,0,7.82,43.75,78.95,5.92,0,0,1,30,4,13.2
PF Gallagher,T20I,16,133,104,14,52,12,8,9.5,127.88,50.0,19.23,0,0,1,34,5,37.2
S Fanning,BBL,5,133,94,5,31,11,6,26.6,141.49,32.98,18.09,0,0,3,41,0,47.2
Zawar Farid,ODI,8,132,139,7,80,15,4,18.86,94.96,57.55,13.67,0,0,1,32,0,31.4
JDF Vandersay,ODI,18,132,265,12,164,6,0,11.0,49.81,61.89,2.26,0,0,0,25,2,13.9
GD Phillips,IPL,13,132,109,11,45,7,8,12.0,121.1,41.28,13.76,0,0,0,25,1,34.8
AR Bisht,T20I,6,132,137,6,50,6,3,22.0,96.35,36.5,6.57,0,0,2,34,0,31.0
N Pradeep,Test,28,132,361,33,306,19,0,4.0,36.57,84.76,5.26,0,0,0,17,18,10.3
D Forrester,PSL,6,132,77,3,29,7,11,44.0,171.43,37.66,23.38,0,0,2,44,0,60.7
Abdur Rehman,ODI,22,132,222,16,137,10,1,8.25,59.46,61.71,4.95,0,0,1,31,4,16.0
Ijaz Hussain,T20I,19,132,148,14,74,13,1,9.43,89.19,50.0,9.46,0,0,0,24,0,25.3
A Phillip,Test,7,132,428,9,359,16,1,14.67,30.84,83.88,3.97,0,0,1,43,2,12.6
OJ Webster,T20I,6,132,95,6,36,14,5,22.0,138.95,37.89,20.0,0,0,2,48,0,45.7
Shaof Hassan,T20I,10,132,100,8,42,10,7,16.5,132.0,42.0,17.0,0,0,2,36,1,40.1
Shafiul Islam,ODI,33,132,239,22,164,13,2,6.0,55.23,68.62,6.28,0,0,0,24,9,14.5
TJ Friend,ODI,7,132,169,7,103,14,2,18.86,78.11,60.95,9.47,0,1,0,82,0,25.7
D Myers,Test,3,132,353,6,281,9,3,22.0,37.39,79.6,3.4,0,1,0,57,0,15.9
D Keulder,ODI,6,132,220,6,133,11,0,22.0,60.0,60.45,5.0,0,1,1,52,1,21.5
TS Kamunhukamwe,ODI,12,131,164,12,108,15,5,10.92,79.88,65.85,12.2,0,1,1,51,3,24.1
Tanzeel Sheikh,T20I,10,131,86,9,37,11,8,14.56,152.33,43.02,22.09,0,0,2,48,2,45.4
R Panchal,T20I,13,131,178,8,88,3,4,16.38,73.6,49.44,3.93,0,0,0,24,1,22.1
WW Hinds,Test,4,131,271,7,212,16,2,18.71,48.34,78.23,6.64,0,1,0,81,2,18.4
Bazid Khan,ODI,5,131,232,5,144,7,1,26.2,56.47,62.07,3.45,0,2,0,66,1,21.3
DJ Worrall,BBL,19,131,108,10,40,11,4,13.1,121.3,37.04,13.89,0,1,0,62,4,35.9
S Tosic,T20I,15,131,236,12,137,8,0,10.92,55.51,58.05,3.39,0,0,1,40,3,16.0
Abdul Hashim,T20I,15,131,154,11,77,10,2,11.91,85.06,50.0,7.79,0,0,1,30,5,24.5
JM Sharma,T20I,9,131,85,7,32,11,7,18.71,154.12,37.65,21.18,0,0,1,35,0,47.4
MG Neser,Test,5,131,257,7,199,19,1,18.71,50.97,77.43,7.78,0,0,2,35,1,19.5
SB Styris,IPL,10,131,133,7,51,10,3,18.71,98.5,38.35,9.77,0,0,1,36,0,31.9
Rohit Sharma,T20I,3,131,72,3,24,14,7,43.67,181.94,33.33,29.17,0,2,0,74,1,66.3
Naeem Islam,T20I,10,130,114,9,53,8,7,14.44,114.04,46.49,13.16,0,0,0,28,0,33.6
SM Sharma,ODI,9,130,135,5,70,7,5,26.0,96.3,51.85,8.89,0,0,2,44,0,31.8
Imran Tahir,Test,15,130,235,14,181,18,1,9.29,55.32,77.02,8.09,0,0,0,29,2,16.8
S Pillai,T20I,10,130,188,10,120,15,2,13.0,69.15,63.83,9.04,0,0,1,43,1,21.6
W Jaffer,IPL,8,130,121,8,56,14,3,16.25,107.44,46.28,14.05,0,1,1,50,1,34.0
D Bau,ODI,8,130,219,7,135,10,1,18.57,59.36,61.64,5.02,0,0,2,46,1,19.9
Aslan Jafri,T20I,12,130,118,12,51,11,3,10.83,110.17,43.22,11.86,0,0,0,27,0,31.3
KH Pandya,ODI,4,130,128,2,52,11,2,65.0,101.56,40.62,10.16,0,1,1,58,0,49.6
DF Watts,ODI,8,130,232,8,161,13,2,16.25,56.03,69.4,6.47,0,1,0,58,2,18.5
JL Smith,T20I,5,130,67,5,20,9,10,26.0,194.03,29.85,28.36,0,1,1,60,0,59.6
V Hirlal,T20I,13,130,194,12,120,11,2,10.83,67.01,61.86,6.7,0,0,0,26,1,19.2
HMCM Bandara,ODI,13,130,181,9,102,6,4,14.44,71.82,56.35,5.52,0,0,1,31,3,21.2
Amad Butt,PSL,15,130,91,10,35,9,8,13.0,142.86,38.46,18.68,0,0,0,27,2,41.9
Z de Bruyn,Test,2,130,344,2,270,9,3,65.0,37.79,78.49,3.49,0,1,1,83,0,32.1
Mudassar Bukhari,T20I,18,129,124,13,47,8,3,9.92,104.03,37.9,8.87,0,0,0,28,1,28.9
JC Archer,T20I,20,129,86,11,31,10,7,11.73,150.0,36.05,19.77,0,0,0,21,4,43.5
MS Kasprowicz,Test,12,129,263,13,191,12,0,9.92,49.05,72.62,4.56,0,0,0,20,1,13.8
AS Joseph,T20I,19,129,125,8,56,9,5,16.12,103.2,44.8,11.2,0,0,0,21,2,31.6
RD Chahar,IPL,23,129,124,16,67,13,5,8.06,104.03,54.03,14.52,0,0,0,25,8,29.6
SW Billings,CPL,7,129,114,7,42,15,1,18.43,113.16,36.84,14.04,0,1,0,56,0,36.9
Imran Butt (2),Test,4,129,360,6,288,14,0,21.5,35.83,80.0,3.89,0,1,0,91,1,15.8
Tashi Phuntsho,T20I,15,129,191,11,87,4,1,11.73,67.54,45.55,2.62,0,0,0,24,1,19.2
K Tathgur,T20I,10,129,113,8,48,5,8,16.12,114.16,42.48,11.5,0,1,1,53,1,33.7
BC Fortuin,T20I,18,129,115,12,44,14,2,10.75,112.17,38.26,13.91,0,0,1,32,4,33.6
HDPK Dharmasena,ODI,8,129,151,6,64,8,0,21.5,85.43,42.38,5.3,0,0,1,40,1,27.6
BCJ Cutting,CPL,10,129,103,6,36,4,8,21.5,125.24,34.95,11.65,0,0,0,29,1,38.4
Farhan Yousaf,PSL,7,128,84,5,25,10,7,25.6,152.38,29.76,20.24,0,1,1,58,1,50.2
Adnan Mirza,T20I,9,128,99,9,49,22,2,14.22,129.29,49.49,24.24,0,0,1,30,0,42.6
BA Stokes,BBL,4,128,82,4,33,11,8,32.0,156.1,40.24,23.17,0,1,1,77,0,53.6
MJJ Critchley,BBL,6,128,111,5,39,5,6,25.6,115.32,35.14,9.91,0,0,2,35,0,37.4
J Trembeath-Moro,T20I,6,128,148,5,75,10,3,25.6,86.49,50.68,8.78,0,0,1,39,0,30.4
K Sathish,T20I,8,128,132,8,63,13,2,16.0,96.97,47.73,11.36,0,0,0,26,0,30.4
BOP Fernando,T20I,6,128,114,5,50,11,4,25.6,112.28,43.86,13.16,0,1,0,78,0,37.9
N Salekar,T20I,12,128,154,11,65,6,1,11.64,83.12,42.21,4.55,0,0,1,33,1,23.1
Rohail Nazir,PSL,8,128,103,8,37,17,2,16.0,124.27,35.92,18.45,0,0,1,34,0,40.6
D Ravu,ODI,14,128,190,9,119,9,4,14.22,67.37,62.63,6.84,0,0,2,38,4,20.5
Muhammad Akhlaq,PSL,9,128,98,9,47,15,6,14.22,130.61,47.96,21.43,0,1,0,51,1,41.1
Ashfaq Ahmed,T20I,10,128,109,10,52,16,4,12.8,117.43,47.71,18.35,0,1,0,75,2,36.7
F Stoman,T20I,14,128,169,11,88,5,4,11.64,75.74,52.07,5.33,0,0,0,28,2,21.2
Nafees Iqbal,ODI,9,128,263,9,185,12,0,14.22,48.67,70.34,4.56,0,1,0,58,0,15.3
KM Jarvis,Test,13,128,384,14,318,13,1,9.14,33.33,82.81,3.65,0,0,0,25,4,10.7
G Coetzee,T20I,14,128,93,12,34,10,7,10.67,137.63,36.56,18.28,0,0,0,23,3,40.3
AJ Hosein,PSL,10,128,107,7,39,6,7,18.29,119.63,36.45,12.15,0,0,1,31,0,36.6
Kamran Akmal,IPL,6,128,78,5,33,13,8,25.6,164.1,42.31,26.92,0,1,0,53,0,54.5
CK Coventry,T20I,12,127,90,10,38,14,6,12.7,141.11,42.22,22.22,0,0,1,30,2,43.3
P Dogra,IPL,12,127,138,11,60,4,5,11.55,92.03,43.48,6.52,0,0,1,41,1,25.4
TK Curran,IPL,10,127,107,5,36,10,3,25.4,118.69,33.64,12.15,0,1,0,54,0,39.5
Mohammad Mithun,T20I,13,127,136,12,65,10,4,10.58,93.38,47.79,10.29,0,0,1,47,2,27.2
N Pooran,BBL,5,127,75,5,32,6,13,25.4,169.33,42.67,25.33,0,1,0,65,0,54.0
B Sai Sudharsan,ODI,3,127,142,2,77,17,1,63.5,89.44,54.23,12.68,0,2,0,62,0,47.1
K Lesporis,CPL,9,127,113,7,47,13,3,18.14,112.39,41.59,14.16,0,1,0,50,0,36.1
P Jayeshbhai Patel,T20I,11,127,171,11,111,16,2,11.55,74.27,64.91,10.53,0,1,0,51,2,22.6
MJ Prior,T20I,8,127,100,6,42,11,5,21.17,127.0,42.0,16.0,0,0,1,32,1,40.4
N Zimonjic,T20I,19,127,129,18,69,9,6,7.06,98.45,53.49,11.63,0,0,0,19,5,26.6
A Kadowaki Fleming,T20I,3,127,79,2,14,10,2,63.5,160.76,17.72,15.19,0,1,1,65,0,63.9
Yasir Shah,ODI,13,127,149,7,65,9,1,18.14,85.23,43.62,6.71,0,0,1,32,2,27.1
UT Khawaja,IPL,6,127,100,6,37,14,3,21.17,127.0,37.0,17.0,0,0,2,30,0,41.8
TK Musakanda,T20I,9,127,107,9,38,10,2,14.11,118.69,35.51,11.21,0,0,2,43,2,34.4
Misbah-ul-Haq,CPL,10,127,135,9,51,2,6,14.11,94.07,37.78,5.93,0,0,1,49,1,27.1
AAP Atkinson,ODI,9,127,92,6,41,19,3,21.17,138.04,44.57,23.91,0,0,2,38,1,46.9
PG Fulton,T20I,12,127,140,11,76,7,6,11.55,90.71,54.29,9.29,0,0,0,25,2,25.6
ZE Surkari,ODI,8,127,292,7,202,7,0,18.14,43.49,69.18,2.4,0,0,1,34,0,14.8
DAJ Bracewell,T20I,11,126,90,6,34,6,9,21.0,140.0,37.78,16.67,0,0,1,44,2,43.2
P Vastrakar,WPL,11,126,108,9,40,11,3,14.0,116.67,37.04,12.96,0,0,0,26,0,35.0
DVD Madampage,T20I,14,126,153,13,86,9,5,9.69,82.35,56.21,9.15,0,0,0,22,0,23.3
M Bhatia,T20I,9,126,87,9,37,9,9,14.0,144.83,42.53,20.69,0,1,1,57,1,43.3
Azhar Mahmood,ODI,9,126,156,6,87,9,4,21.0,80.77,55.77,8.33,0,0,1,30,0,26.9
M Morkel,IPL,21,126,90,11,32,11,5,11.45,140.0,35.56,17.78,0,0,0,23,5,40.7
Qasim Akram,PSL,8,126,90,7,34,11,5,18.0,140.0,37.78,17.78,0,1,0,51,0,42.8
CE McConchie,ODI,5,126,127,3,60,11,3,42.0,99.21,47.24,11.02,0,1,0,64,0,40.3
SS Prabhudessai,IPL,10,126,106,10,48,11,4,12.6,118.87,45.28,14.15,0,0,1,34,1,34.4
Mudassar Bukhari,ODI,12,126,179,11,97,5,4,11.45,70.39,54.19,5.03,0,0,0,28,2,19.9
GG Alta,T20I,12,126,147,12,78,7,6,10.5,85.71,53.06,8.84,0,0,0,28,0,24.3
AJ Redmond,T20I,6,126,84,6,31,19,2,21.0,150.0,36.9,25.0,0,1,0,63,0,50.3
DM Richards,Test,3,125,165,6,120,20,3,20.83,75.76,72.73,13.94,0,1,0,69,1,27.8
Aditya Panwar,T20I,7,125,103,5,40,7,5,25.0,121.36,38.83,11.65,0,1,0,62,0,38.6
Mahedi Hasan,ODI,11,125,197,9,120,10,2,13.89,63.45,60.91,6.09,0,0,0,29,0,19.6
PJ van Biljon,T20I,8,125,101,6,38,10,4,20.83,123.76,37.62,13.86,0,0,2,42,0,39.1
Nazimuddin,Test,3,125,320,6,268,17,2,20.83,39.06,83.75,5.94,0,1,1,78,2,17.4
LJ Barker,T20I,14,125,131,13,64,17,0,9.62,95.42,48.85,12.98,0,0,0,22,2,28.7
Kaleemullah,ODI,27,125,136,17,77,8,7,7.35,91.91,56.62,11.03,0,0,0,20,4,25.0
PVD Chameera,T20I,39,125,170,26,88,9,2,4.81,73.53,51.76,6.47,0,0,0,24,9,19.1
SC Williams,CPL,8,125,89,5,33,11,5,25.0,140.45,37.08,17.98,0,0,2,47,1,45.8
Danyal Raja,T20I,18,125,158,14,81,11,1,8.93,79.11,51.27,7.59,0,0,0,19,3,22.3
LC Le Tissier,T20I,11,125,98,9,41,16,3,13.89,127.55,41.84,19.39,0,0,1,37,1,40.1
JL Denly,T20I,12,125,118,10,51,15,1,12.5,105.93,43.22,13.56,0,0,1,30,2,32.5
BB Samantray,IPL,8,125,113,5,45,13,2,25.0,110.62,39.82,13.27,0,1,1,55,1,38.1
D Brevis,CPL,7,125,81,6,35,3,13,20.83,154.32,43.21,19.75,0,0,2,32,0,46.4
H Carlyon,ODI,4,125,145,4,93,13,6,31.25,86.21,64.14,13.1,0,1,0,85,0,33.5
C Sudarsanan,T20I,17,125,170,12,89,9,1,10.42,73.53,52.35,5.88,0,0,0,23,0,20.7
Marshall Ayub,Test,3,125,291,6,227,13,1,20.83,42.96,78.01,4.81,0,0,2,41,0,17.2
MM Sharma,IPL,31,125,136,18,67,9,4,6.94,91.91,49.26,9.56,0,0,0,21,5,24.9
SM Boland,Test,16,125,393,15,331,17,0,8.33,31.81,84.22,4.33,0,0,0,21,6,10.6
Shoaib Malik,BBL,10,125,109,9,44,8,4,13.89,114.68,40.37,11.01,0,0,1,42,2,32.9
ML Nkala,ODI,10,125,175,9,105,12,2,13.89,71.43,60.0,8.0,0,0,2,47,2,22.1
MC Juneja,IPL,7,125,128,7,48,11,1,17.86,97.66,37.5,9.38,0,0,1,49,0,31.3
Waqar Ul Hassan,T20I,5,125,104,4,37,9,5,31.25,120.19,35.58,13.46,0,0,3,44,0,42.5
E Duff,T20I,14,125,204,14,124,12,0,8.93,61.27,60.78,5.88,0,0,2,31,3,17.3
MB Tambe,T20I,24,125,172,16,87,6,2,7.81,72.67,50.58,4.65,0,0,0,20,5,19.1
TR Gripper,Test,3,124,309,6,245,16,0,20.67,40.13,79.29,5.18,0,1,1,53,1,17.0
B Lee,IPL,19,124,97,10,40,8,8,12.4,127.84,41.24,16.49,0,0,0,25,1,37.7
Washeem Abbas,T20I,28,124,103,17,48,8,8,7.29,120.39,46.6,15.53,0,0,0,28,4,33.3
RJ Sidebottom,ODI,16,124,182,10,107,11,0,12.4,68.13,58.79,6.04,0,0,0,24,2,19.9
Harshit Rana,ODI,7,124,102,5,46,10,6,24.8,121.57,45.1,15.69,0,1,0,52,0,40.4
RJ Ainsworth,T20I,10,124,132,5,66,10,3,24.8,93.94,50.0,9.85,0,1,0,51,3,32.0
KH Pandya,T20I,10,124,95,5,34,8,6,24.8,130.53,35.79,14.74,0,0,0,26,0,42.3
Muhammad Moiz,T20I,14,124,96,14,46,11,7,8.86,129.17,47.92,18.75,0,0,0,25,3,37.1
Waheed Ahmed,T20I,12,124,106,6,47,6,9,20.67,116.98,44.34,14.15,0,0,1,45,0,37.3
Dhiman Ghosh,ODI,11,124,199,9,119,9,1,13.78,62.31,59.8,5.03,0,0,1,30,3,18.8
JOP Scamans,T20I,13,124,128,11,58,8,1,11.27,96.88,45.31,7.03,0,0,0,28,4,26.1
CJ Langford,T20I,13,124,113,8,46,10,3,15.5,109.73,40.71,11.5,0,0,0,24,0,33.1
Dipanjan Dey,T20I,5,124,93,3,26,8,3,41.33,133.33,27.96,11.83,0,1,0,75,0,48.1
JF Smith,T20I,10,124,104,6,35,13,2,20.67,119.23,33.65,14.42,0,0,1,31,0,39.3
M Gill,ODI,5,124,171,4,96,13,1,31.0,72.51,56.14,8.19,0,2,0,59,1,29.3
KDA Lukies,T20I,14,124,121,8,52,8,4,15.5,102.48,42.98,9.92,0,0,1,43,0,30.7
NJ Rimmington,BBL,17,124,125,10,52,5,4,12.4,99.2,41.6,7.2,0,0,0,26,1,27.5
RJ Peterson,T20I,12,124,113,8,45,13,2,15.5,109.73,39.82,13.27,0,0,2,34,1,34.4
LS Boucher,CPL,8,123,124,7,58,13,3,17.57,99.19,46.77,12.9,0,1,0,62,0,32.5
PA Jaques,ODI,5,123,165,5,101,16,1,24.6,74.55,61.21,10.3,0,1,0,94,1,27.9
AD Mascarenhas,T20I,12,123,100,8,33,8,5,15.38,123.0,33.0,13.0,0,0,1,31,3,37.0
D Klein,T20I,17,123,99,12,40,10,5,10.25,124.24,40.4,15.15,0,0,1,31,3,35.6
Subham Patel,T20I,7,123,108,6,58,13,5,20.5,113.89,53.7,16.67,0,0,0,24,0,37.1
AB McDonald,IPL,9,123,100,5,35,9,4,24.6,123.0,35.0,13.0,0,0,2,33,1,40.2
J Little,T20I,23,123,141,9,69,10,3,13.67,87.23,48.94,9.22,0,0,0,22,2,26.6
L Ngidi,ODI,28,123,247,12,186,8,6,10.25,49.8,75.3,5.67,0,0,0,20,5,14.7
Muhammad Arfan,T20I,9,123,116,6,46,9,3,20.5,106.03,39.66,10.34,0,0,1,32,1,33.8
Usman Limbada,ODI,4,123,188,4,114,12,1,30.75,65.43,60.64,6.91,0,1,1,50,0,26.7
MJ Scotland,T20I,7,123,119,4,46,9,2,30.75,103.36,38.66,9.24,0,1,0,57,1,36.7
A Nel,ODI,19,123,156,9,92,14,3,13.67,78.85,58.97,10.9,0,0,1,30,2,25.1
EH Hutchinson,ODI,6,123,125,4,68,7,7,30.75,98.4,54.4,11.2,0,0,2,49,1,35.1
Akhil Kumar,ODI,7,123,126,5,64,10,4,24.6,97.62,50.79,11.11,0,0,1,48,0,33.1
Harpreet Singh,IPL,8,123,119,7,49,10,3,17.57,103.36,41.18,10.92,0,0,1,41,0,32.5
DJG Sammy,BBL,10,123,82,5,26,8,6,24.6,150.0,31.71,17.07,0,0,1,38,0,47.1
ROC Dunka,T20I,15,122,131,13,63,5,4,9.38,93.13,48.09,6.87,0,0,1,35,1,24.3
T Murphy,Test,6,122,205,9,151,15,3,13.56,59.51,73.66,8.78,0,0,2,41,3,19.4
JP Maher,ODI,6,122,186,5,120,9,3,24.4,65.59,64.52,6.45,0,0,2,49,1,23.5
Akhil Arjunan,T20I,11,122,140,9,57,7,1,13.56,87.14,40.71,5.71,0,0,0,24,1,25.4
Junaid Khan,Test,19,122,306,17,247,14,2,7.18,39.87,80.72,5.23,0,0,0,17,5,11.9
Mohammad Aadil Alam,T20I,11,122,94,10,41,8,7,12.2,129.79,43.62,15.96,0,0,1,31,0,37.2
KM Jadhav,T20I,6,122,99,6,37,12,3,20.33,123.23,37.37,15.15,0,1,0,58,0,39.7
Umair Tariq,T20I,17,122,118,11,54,11,2,11.09,103.39,45.76,11.02,0,0,1,32,3,29.5
S Ravikumar,T20I,11,122,188,11,110,6,2,11.09,64.89,58.51,4.26,0,1,0,52,1,17.8
AB Fudadin,Test,3,122,380,4,314,15,0,30.5,32.11,82.63,3.95,0,1,0,55,0,18.7
T Maruma,ODI,15,122,221,14,157,8,4,8.71,55.2,71.04,5.43,0,0,1,35,1,14.7
Vineet Shah,T20I,9,122,140,7,57,10,1,17.43,87.14,40.71,7.86,0,0,1,39,0,28.2
DT Tiripano,T20I,10,122,128,9,60,6,5,13.56,95.31,46.88,8.59,0,0,0,28,2,27.5
CT Mutombodzi,ODI,9,122,144,9,77,12,2,13.56,84.72,53.47,9.72,0,0,1,34,0,25.9
AJ Jabiri,T20I,15,122,212,15,138,11,1,8.13,57.55,65.09,5.66,0,0,0,27,2,15.7
LH Ferguson,ODI,30,122,236,17,151,6,3,7.18,51.69,63.98,3.81,0,0,0,19,4,13.5
Jahandad Khan,PSL,11,121,73,8,22,9,8,15.12,165.75,30.14,23.29,0,0,1,45,2,50.1
C Greenshields,T20I,6,121,112,3,51,11,3,40.33,108.04,45.54,12.5,0,1,1,67,0,42.1
Usama Mir,PSL,22,121,85,18,39,7,10,6.72,142.35,45.88,20.0,0,0,0,22,4,39.3
S Arora,IPL,10,121,77,6,29,9,9,20.17,157.14,37.66,23.38,0,0,1,30,1,49.8
TH Tector,T20I,7,121,85,7,35,16,4,17.29,142.35,41.18,23.53,0,0,2,38,0,46.2
K Mendon,T20I,6,121,118,5,54,9,3,24.2,102.54,45.76,10.17,0,0,2,45,0,33.7
TJG Pringle,T20I,15,121,124,13,57,5,5,9.31,97.58,45.97,8.06,0,0,1,35,1,26.0
AE Isesele,T20I,16,121,131,13,65,8,4,9.31,92.37,49.62,9.16,0,0,1,44,1,25.5
SIR Dunkley,WPL,6,121,69,6,28,19,3,20.17,175.36,40.58,31.88,0,1,0,65,1,56.3
M Vijay,T20I,8,121,108,8,54,11,5,15.12,112.04,50.0,14.81,0,0,2,46,1,34.1
Niraj Patel,IPL,6,121,119,4,56,14,1,30.25,101.68,47.06,12.61,0,1,1,57,0,37.3
Ismaila Tanba,T20I,9,121,100,7,48,16,3,17.29,121.0,48.0,19.0,0,0,1,43,0,39.3
DL Vettori,IPL,16,121,113,8,40,11,2,15.12,107.08,35.4,11.5,0,0,0,29,1,33.3
H Khogiyani,T20I,10,121,78,7,35,9,9,17.29,155.13,44.87,23.08,0,0,1,41,0,47.2
Farzan Afzal,T20I,4,121,115,3,53,8,6,40.33,105.22,46.09,12.17,0,1,1,59,0,41.4
Mohammad Asif,Test,20,120,369,24,311,16,0,5.0,32.52,84.28,4.34,0,0,0,29,13,9.5
Haris Rauf,PSL,22,120,119,19,70,7,9,6.32,100.84,58.82,13.45,0,0,0,19,7,27.1
GC Murtaza,T20I,16,120,132,13,66,10,4,9.23,90.91,50.0,10.61,0,0,0,28,4,26.2
KTGD Prasad,ODI,10,120,112,5,47,9,3,24.0,107.14,41.96,10.71,0,0,2,31,1,35.2
TG Southee,IPL,19,120,107,13,45,8,4,9.23,112.15,42.06,11.21,0,0,1,36,3,30.7
K Zondo,Test,4,120,316,6,255,12,3,20.0,37.97,80.7,4.75,0,0,2,39,1,16.1
A Mithun,Test,4,120,249,5,187,16,0,24.0,48.19,75.1,6.43,0,0,2,46,1,20.2
S Pandey,WPL,15,120,100,5,28,12,1,24.0,120.0,28.0,13.0,0,0,0,27,1,40.5
DL Brangman,T20I,15,120,123,7,54,9,2,17.14,97.56,43.9,8.94,0,0,1,32,4,29.8
DR Martyn,T20I,4,120,74,4,22,11,5,30.0,162.16,29.73,21.62,0,1,0,96,0,54.1
BAD Manenti,BBL,17,120,127,13,49,4,3,9.23,94.49,38.58,5.51,0,0,0,23,2,24.9
U Bhatti,ODI,8,120,129,6,70,10,3,20.0,93.02,54.26,10.08,0,0,0,22,0,29.6
AC Blizzard,IPL,7,120,90,7,47,21,2,17.14,133.33,52.22,25.56,0,1,1,51,1,44.7
KJ Cottoy,CPL,9,120,104,4,43,9,5,30.0,115.38,41.35,13.46,0,0,0,27,0,40.5
K Weeraratne,ODI,5,120,137,5,59,6,2,24.0,87.59,43.07,5.84,0,0,2,41,0,29.1
Mohammad Boota,T20I,13,120,107,7,44,9,4,17.14,112.15,41.12,12.15,0,0,0,20,1,34.4
J Edness,ODI,4,119,210,4,139,13,0,29.75,56.67,66.19,6.19,0,1,1,72,1,23.9
RGA Amah,T20I,10,119,166,10,89,10,1,11.9,71.69,53.61,6.63,0,0,0,20,0,21.4
NLTC Perera,BBL,8,119,72,6,20,10,6,19.83,165.28,27.78,22.22,0,0,1,38,1,51.4
B Muzarabani,ODI,34,119,222,20,151,9,3,5.95,53.6,68.02,5.41,0,0,0,17,10,13.7
Shivam Sharma,ODI,7,119,164,6,85,8,2,19.83,72.56,51.83,6.1,0,0,1,37,0,24.4
CA Soper,T20I,15,119,144,9,61,6,2,13.22,82.64,42.36,5.56,0,0,0,17,0,24.3
Imrul Kayes,T20I,13,119,134,13,75,14,3,9.15,88.81,55.97,12.69,0,0,1,36,4,26.4
S Loday,T20I,11,119,154,9,68,7,0,13.22,77.27,44.16,4.55,0,0,0,22,1,22.6
JW Jenner,ODI,4,119,171,4,96,6,3,29.75,69.59,56.14,5.26,0,1,1,76,1,26.5
MC Sorensen,ODI,7,119,149,5,84,11,3,23.8,79.87,56.38,9.4,0,0,1,31,0,28.4
ML Hayden,BBL,5,118,98,5,43,16,1,23.6,120.41,43.88,17.35,0,0,1,33,0,41.0
J Anderson,ODI,6,118,197,6,136,17,0,19.67,59.9,69.04,8.63,0,0,2,39,0,21.8
ST Doheny,Test,2,118,248,4,199,13,1,29.5,47.58,80.24,5.65,0,1,1,57,1,21.6
KA Anderson,CPL,11,118,125,9,47,6,2,13.11,94.4,37.6,6.4,0,0,1,47,1,27.1
H Satheedevi,T20I,8,118,84,7,36,9,8,16.86,140.48,42.86,20.24,0,0,2,43,0,43.4
SCJ Broad,T20I,25,118,118,16,53,7,3,7.38,100.0,44.92,8.47,0,0,0,18,2,26.1
Sohel Patel,T20I,9,118,121,9,59,13,0,13.11,97.52,48.76,10.74,0,0,1,34,0,28.8
LA Musiani,T20I,10,118,116,9,45,7,1,13.11,101.72,38.79,6.9,0,0,1,44,1,28.3
DR Sams,PSL,7,118,68,3,22,12,6,39.33,173.53,32.35,26.47,0,0,1,35,1,62.1
DT Christian,T20I,14,118,93,8,36,7,6,14.75,126.88,38.71,13.98,0,0,1,39,1,37.1
K Sinclair,Test,4,118,292,7,228,12,1,16.86,40.41,78.08,4.45,0,1,0,50,1,15.1
Marcelle Hanekom,T20I,9,118,126,8,59,13,1,14.75,93.65,46.83,11.11,0,0,2,33,2,29.4
JE Taylor,T20I,14,118,92,9,43,10,6,13.11,128.26,46.74,17.39,0,0,0,21,1,37.8
Waqar Khan,T20I,14,118,119,13,62,8,6,9.08,99.16,52.1,11.76,0,0,0,21,2,27.8
RC Irani,ODI,10,118,200,8,118,7,0,14.75,59.0,59.0,3.5,0,0,1,39,1,17.8
H Klaasen,CPL,5,118,86,3,28,5,7,39.33,137.21,32.56,13.95,0,1,0,61,0,48.6
Mujeeb-ur-Rehman,T20I,12,118,127,9,47,10,0,13.11,92.91,37.01,7.87,0,0,0,28,0,28.0
BJ Patel,ODI,10,118,241,9,180,15,0,13.11,48.96,74.69,6.22,0,0,2,40,2,16.0
Misbah-ul-Haq,IPL,8,117,81,7,30,10,6,16.71,144.44,37.04,19.75,0,0,2,47,2,44.4
KS Bagabena,T20I,20,117,135,12,59,5,1,9.75,86.67,43.7,4.44,0,0,0,23,2,22.6
JEA Doctora,T20I,13,117,144,9,82,9,4,13.0,81.25,56.94,9.03,0,0,1,42,3,24.2
PADLR Sandakan,Test,10,117,274,11,224,19,0,10.64,42.7,81.75,6.93,0,0,0,25,0,14.7
Saad Masood,PSL,6,117,66,6,20,16,4,19.5,177.27,30.3,30.3,0,1,1,54,0,57.8
HS Baidwan,ODI,12,117,177,9,99,10,0,13.0,66.1,55.93,5.65,0,0,1,33,1,20.0
Khaled Mahmud,Test,4,117,201,8,147,13,1,14.62,58.21,73.13,6.97,0,0,1,33,0,18.4
Anthony Hillman,T20I,4,117,95,2,22,10,0,58.5,123.16,23.16,10.53,0,1,0,50,0,52.9
Khalid Kail,ODI,5,117,157,5,96,14,1,23.4,74.52,61.15,9.55,0,1,1,51,1,26.9
Mohammed Siraj,IPL,24,117,139,12,79,11,4,9.75,84.17,56.83,10.79,0,0,0,14,3,24.6
RJ Harris,IPL,21,117,112,12,46,6,3,9.75,104.46,41.07,8.04,0,0,0,17,2,27.8
Abdul Rahman,T20I,7,117,117,5,38,9,1,23.4,100.0,32.48,8.55,0,1,0,67,1,33.9
L Gregory,ODI,2,117,116,2,55,10,3,58.5,100.86,47.41,11.21,0,1,1,77,0,46.8
WA Simpson,T20I,6,117,87,3,31,7,6,39.0,134.48,35.63,14.94,0,0,1,46,0,48.3
Gurpreet Singh,T20I,9,117,130,9,60,8,1,13.0,90.0,46.15,6.92,0,0,1,31,0,25.6
MC Henriques,ODI,15,117,192,13,114,10,0,9.0,60.94,59.38,5.21,0,0,0,22,0,17.0
Z Khan,IPL,27,117,141,14,74,11,2,8.36,82.98,52.48,9.22,0,0,0,23,5,23.5
JP Wood,BBL,6,117,92,6,39,7,7,19.5,127.17,42.39,15.22,0,0,1,45,0,39.2
Huzaifa Mohammed,T20I,13,116,154,5,68,3,1,23.2,75.32,44.16,2.6,0,0,0,27,0,24.8
DT Johnston,T20I,11,116,98,7,40,5,5,16.57,118.37,40.82,10.2,0,0,1,39,1,33.8
Mohammad Khan Rafah,T20I,8,116,79,7,39,5,10,16.57,146.84,49.37,18.99,0,0,1,47,0,42.4
JK Lalor,BBL,28,116,141,18,65,9,1,6.44,82.27,46.1,7.09,0,0,0,14,4,22.2
Amir Khan,T20I,8,116,115,6,46,8,2,19.33,100.87,40.0,8.7,0,0,2,38,2,31.5
T van der Gugten,ODI,8,116,166,6,102,5,4,19.33,69.88,61.45,5.42,0,0,1,49,0,22.0
KK Cooper,IPL,12,116,68,9,27,9,8,12.89,170.59,39.71,25.0,0,0,1,32,1,49.7
Shahzaib Hasan,T20I,10,116,130,10,76,13,3,11.6,89.23,58.46,12.31,0,0,1,35,3,26.8
Khalid Shah,T20I,7,116,103,7,52,10,6,16.57,112.62,50.49,15.53,0,0,2,37,1,35.2
RP Singh,Test,12,116,276,16,226,16,1,7.25,42.03,81.88,6.16,0,0,1,30,7,12.8
GC Viljoen,CPL,5,115,94,4,36,8,6,28.75,122.34,38.3,14.89,0,0,2,32,0,42.4
Ahmed Shehzad,CPL,9,115,119,9,69,14,2,12.78,96.64,57.98,13.45,0,0,0,28,0,29.1
Fitri Sham,T20I,19,115,118,14,58,4,7,8.21,97.46,49.15,9.32,0,0,0,15,2,26.0
C Bosch,T20I,14,115,107,9,39,9,2,12.78,107.48,36.45,10.28,0,0,1,30,1,31.5
Mohammed Shami,IPL,34,115,111,19,54,9,5,6.05,103.6,48.65,12.61,0,0,0,21,6,28.3
R Mupfudza,T20I,5,115,121,4,58,9,3,28.75,95.04,47.93,9.92,0,0,2,39,0,33.9
NK Patel,T20I,11,115,105,6,41,9,2,19.17,109.52,39.05,10.48,0,0,0,28,1,34.0
D Maisuria,T20I,19,115,152,13,80,4,3,8.85,75.66,52.63,4.61,0,0,1,32,6,19.6
SE Bond,Test,7,115,287,8,233,12,4,14.38,40.07,81.18,5.57,0,0,1,41,0,14.8
Simran Shaikh,WPL,14,115,117,12,53,11,3,9.58,98.29,45.3,11.97,0,0,0,22,2,28.9
WER Somerville,Test,5,115,489,8,412,9,0,14.38,23.52,84.25,1.84,0,0,2,40,2,10.1
JN Gillespie,ODI,13,115,109,5,42,5,4,23.0,105.5,38.53,8.26,0,0,2,44,2,33.5
AJ Ayannaike,T20I,17,115,149,17,85,9,3,6.76,77.18,57.05,8.05,0,0,1,33,5,20.6
DJM Short,IPL,7,115,99,7,45,11,5,16.43,116.16,45.45,16.16,0,0,2,44,0,36.7
NG Smith,ODI,15,115,171,11,85,7,0,10.45,67.25,49.71,4.09,0,0,0,21,2,19.1
TP Alsop,BBL,6,115,91,5,29,5,5,23.0,126.37,31.87,10.99,0,0,2,42,0,39.1
J Fraser-McGurk,T20I,8,115,86,8,43,16,3,14.38,133.72,50.0,22.09,0,1,0,50,2,41.7
Sanwar Hossain,ODI,9,115,199,8,125,9,0,14.38,57.79,62.81,4.52,0,0,0,27,0,17.6
Eric Phiri,T20I,10,115,131,9,74,15,2,12.78,87.79,56.49,12.98,0,0,2,44,3,27.7
K Mothlhanka,T20I,7,115,123,7,59,11,2,16.43,93.5,47.97,10.57,0,1,0,59,0,29.5
DE Roache,T20I,7,115,98,6,54,9,8,19.17,117.35,55.1,17.35,0,1,0,55,0,37.4
MV Pavlovic,T20I,17,115,170,17,101,13,0,6.76,67.65,59.41,7.65,0,0,0,26,3,18.7
Aman Hakim Khan,IPL,10,115,104,9,50,8,6,12.78,110.58,48.08,13.46,0,1,0,51,1,32.4
Walid Sahibzada,T20I,5,115,86,4,40,13,5,28.75,133.72,46.51,20.93,0,1,1,56,1,46.8
GM Ntambalika,T20I,7,115,101,6,39,7,4,19.17,113.86,38.61,10.89,0,0,2,41,0,34.9
M Theekshana,T20I,37,114,184,25,112,7,2,4.56,61.96,60.87,4.89,0,0,0,14,7,15.1
MA Carberry,ODI,6,114,180,6,117,14,0,19.0,63.33,65.0,7.78,0,1,1,63,0,22.0
Mohammed Irshad,T20I,11,114,107,9,50,4,8,12.67,106.54,46.73,11.21,0,0,0,25,1,30.5
Naim Stanikzai,T20I,4,114,81,2,33,10,6,57.0,140.74,40.74,19.75,0,0,1,44,0,58.4
Asif Bevinje,T20I,7,114,98,7,46,12,4,16.29,116.33,46.94,16.33,0,0,1,35,1,36.6
ML Cummins,Test,13,114,321,15,273,12,4,7.6,35.51,85.05,4.98,0,0,0,24,6,11.3
F Akankwasa,T20I,17,114,115,12,57,12,2,9.5,99.13,49.57,12.17,0,0,0,17,2,28.5
Suraj Kumar,T20I,10,114,101,8,40,10,3,14.25,112.87,39.6,12.87,0,0,1,42,0,34.1
RG Aga,ODI,5,114,122,5,59,15,0,22.8,93.44,48.36,12.3,0,1,0,86,1,33.0
PD Collingwood,BBL,7,113,92,7,34,10,2,16.14,122.83,36.96,13.04,0,0,2,32,0,36.7
Hassan Nawaz,ODI,4,113,127,2,65,5,6,56.5,88.98,51.18,8.66,0,1,1,63,0,42.2
WD Parnell,CPL,11,113,95,4,29,11,1,28.25,118.95,30.53,12.63,0,0,1,44,0,41.3
BJ Lazarus,T20I,8,113,147,8,71,11,0,14.12,76.87,48.3,7.48,0,0,1,32,0,24.2
HA Chohan,T20I,17,113,74,11,29,8,7,10.27,152.7,39.19,20.27,0,0,0,26,2,43.1
RT Ponting,BBL,4,113,102,3,48,7,4,37.67,110.78,47.06,10.78,0,1,0,63,0,40.1
HG Kuhn,Test,4,113,297,8,248,18,0,14.12,38.05,83.5,6.06,0,0,1,34,0,14.8
CT Tremlett,Test,10,113,299,11,246,12,0,10.27,37.79,82.27,4.01,0,0,0,25,3,11.9
CT Mutombodzi,T20I,12,113,121,10,54,8,2,11.3,93.39,44.63,8.26,0,0,1,32,2,26.5
Tapash Baisya,ODI,15,113,212,10,139,9,0,11.3,53.3,65.57,4.25,0,0,0,22,1,15.3
DL Maddy,T20I,4,113,80,4,26,12,3,28.25,141.25,32.5,18.75,0,1,0,50,0,48.2
I Tchakou,T20I,20,113,169,20,112,14,1,5.65,66.86,66.27,8.88,0,0,0,21,4,18.0
Mosaddek Hossain,Test,3,113,276,5,215,12,2,22.6,40.94,77.9,5.07,0,1,0,75,1,17.7
KIC Asalanka,CPL,8,113,103,8,38,4,6,14.12,109.71,36.89,9.71,0,0,2,35,0,31.9
TA Griffith,CPL,8,113,103,7,46,9,4,16.14,109.71,44.66,12.62,0,0,1,42,0,33.5
M Kartik,IPL,14,113,108,7,31,7,1,16.14,104.63,28.7,7.41,0,0,0,21,1,31.6
HK Kukreja,T20I,6,113,115,6,47,12,0,18.83,98.26,40.87,10.43,0,1,0,51,1,32.0
Jaskaran Singh,T20I,9,113,63,5,17,7,8,22.6,179.37,26.98,23.81,0,1,0,60,1,55.6
TBM de Leede,ODI,9,113,206,8,136,10,1,14.12,54.85,66.02,5.34,0,1,0,58,3,17.2
DP Hyatt,ODI,9,112,188,8,137,8,6,14.0,59.57,72.87,7.45,0,0,2,39,1,18.7
MJG Rippon,ODI,4,112,157,4,88,9,3,28.0,71.34,56.05,7.64,0,1,0,67,0,27.7
LP van Troost,ODI,9,112,160,7,100,9,3,16.0,70.0,62.5,7.5,0,0,1,34,1,22.0
Rubel Hossain,ODI,39,112,224,24,158,11,2,4.67,50.0,70.54,5.8,0,0,0,15,9,12.7
CH Morris,BBL,12,112,76,9,22,9,4,12.44,147.37,28.95,17.11,0,0,0,21,0,42.6
KD Shah,ODI,7,112,187,6,119,9,2,18.67,59.89,63.64,5.88,0,0,1,34,1,20.3
Zabiullah Zahid,T20I,10,111,56,6,20,7,10,18.5,198.21,35.71,30.36,0,0,0,25,1,57.0
J Baleicikoibia,T20I,10,111,157,10,91,8,2,11.1,70.7,57.96,6.37,0,0,2,39,0,20.1
R Ngarava,T20I,31,111,106,18,55,11,4,6.17,104.72,51.89,14.15,0,0,0,15,8,29.0
PA van Meekeren,ODI,23,111,156,16,96,8,3,6.94,71.15,61.54,7.05,0,0,0,21,4,18.6
DJ Harris,IPL,4,111,101,4,50,11,5,27.75,109.9,49.5,15.84,0,0,2,47,0,39.3
HR Walsh,CPL,11,111,93,7,36,4,7,15.86,119.35,38.71,11.83,0,0,1,30,0,35.0
JA Foo,CPL,10,111,77,8,27,8,6,13.88,144.16,35.06,18.18,0,0,0,22,1,42.5
AP Devcich,T20I,4,111,79,4,36,17,2,27.75,140.51,45.57,24.05,0,1,1,59,0,49.6
C Carter,ODI,8,111,173,8,117,16,0,13.88,64.16,67.63,9.25,0,0,1,43,0,20.8
Abdullah Khan Lodhi,T20I,7,111,127,7,65,13,0,15.86,87.4,51.18,10.24,0,0,2,36,1,27.8
MA Starc,IPL,22,111,121,12,52,11,0,9.25,91.74,42.98,9.09,0,0,0,29,4,26.3
JP Behrendorff,BBL,25,111,106,9,37,7,2,12.33,104.72,34.91,8.49,0,0,0,26,3,30.0
CR Brathwaite,PSL,12,111,74,6,23,10,5,18.5,150.0,31.08,20.27,0,0,0,22,0,47.0
M Shumba,Test,4,111,291,8,242,18,0,13.88,38.14,83.16,6.19,0,0,1,41,0,14.8
Danish Aziz,PSL,8,111,91,6,40,7,7,18.5,121.98,43.96,15.38,0,0,2,45,2,38.0
M Kadyan,T20I,10,111,87,7,45,11,6,15.86,127.59,51.72,19.54,0,1,0,50,2,39.5
Gulraiz Sadaf,PSL,5,110,121,3,56,8,3,36.67,90.91,46.28,9.09,0,0,1,42,0,36.0
SP Fleming,T20I,5,110,85,5,41,20,0,22.0,129.41,48.24,23.53,0,0,2,38,0,45.2
AJ Turner,T20I,14,110,131,9,54,4,2,12.22,83.97,41.22,4.58,0,0,0,24,1,23.6
LA Dawson,Test,4,110,262,5,200,10,1,22.0,41.98,76.34,4.2,0,1,0,66,3,17.0
CJ Anderson,BBL,9,110,119,5,57,8,4,22.0,92.44,47.9,10.08,0,0,1,41,0,31.1
SJ French,T20I,10,110,132,9,69,5,5,12.22,83.33,52.27,7.58,0,0,0,27,1,23.9
JJ Bumrah,ODI,22,110,171,12,115,13,2,9.17,64.33,67.25,8.77,0,0,0,20,5,18.8
KS Gautam,WPL,11,110,90,10,36,9,5,11.0,122.22,40.0,15.56,0,0,0,20,1,35.9
K Pierre,CPL,16,110,92,5,42,9,6,22.0,119.57,45.65,16.3,0,1,0,50,3,39.4
C de Lange,ODI,6,110,206,5,138,8,0,22.0,53.4,66.99,3.88,0,0,2,35,1,18.8
SV Carlisle,ODI,6,110,245,6,166,5,0,18.33,44.9,67.76,2.04,0,0,3,36,1,15.0
AN Kervezee,ODI,9,110,201,9,142,13,0,12.22,54.73,70.65,6.47,0,0,0,18,1,16.7
Robert Raina,T20I,9,110,116,9,63,13,3,12.22,94.83,54.31,13.79,0,0,1,42,1,29.4
Hammad Azam,PSL,13,110,113,10,41,8,1,11.0,97.35,36.28,7.96,0,0,0,29,3,27.9
Haris Rauf,T20I,28,109,104,16,56,8,5,6.81,104.81,53.85,12.5,0,0,0,13,4,27.9
Naveed Ahmed,T20I,14,109,110,6,53,11,1,18.17,99.09,48.18,10.91,0,0,0,21,1,31.1
AC Voges,CPL,10,109,128,8,53,5,2,13.62,85.16,41.41,5.47,0,0,1,48,1,24.8
SR Patil,WPL,15,109,72,5,27,17,2,21.8,151.39,37.5,26.39,0,0,0,23,0,51.6
C Forbes,T20I,9,109,133,9,80,15,1,12.11,81.95,60.15,12.03,0,0,1,31,1,25.5
Anwar Ali,T20I,10,109,77,7,28,6,6,15.57,141.56,36.36,15.58,0,0,1,46,0,40.9
TS Chisoro,ODI,9,109,151,8,85,8,2,13.62,72.19,56.29,6.62,0,0,1,42,1,21.7
J Albin,T20I,12,109,134,6,72,11,0,18.17,81.34,53.73,8.21,0,0,0,19,0,26.1
K Suttisan,T20I,6,109,85,6,44,11,5,18.17,128.24,51.76,18.82,0,1,0,73,1,39.9
LD Pfeffer,BBL,4,109,95,4,37,9,3,27.25,114.74,38.95,12.63,0,1,0,69,0,39.2
V Shaw,T20I,12,109,139,11,86,7,4,9.91,78.42,61.87,7.91,0,0,0,26,2,21.2
JNK Shannon,T20I,7,109,81,7,40,12,5,15.57,134.57,49.38,20.99,0,1,1,60,1,41.6
R Hashu,T20I,9,109,80,3,24,2,6,36.33,136.25,30.0,10.0,0,0,0,27,0,45.1
SW Masakadza,ODI,8,109,108,7,62,10,6,15.57,100.93,57.41,14.81,0,0,2,38,1,31.7
MG Johnson,T20I,17,109,95,10,40,8,3,10.9,114.74,42.11,11.58,0,0,0,28,2,31.9
K Santokie,CPL,21,109,119,11,64,5,7,9.91,91.6,53.78,10.08,0,0,0,16,5,25.6
J Hermann,T20I,5,109,77,4,28,13,3,27.25,141.56,36.36,20.78,0,1,0,53,0,48.7
Parvez Hossain Emon,ODI,3,108,129,3,77,13,3,36.0,83.72,59.69,12.4,0,1,0,67,0,35.0
Ahmed Raza,T20I,16,108,133,10,68,3,5,10.8,81.2,51.13,6.02,0,0,0,22,3,22.2
LV van Beek,T20I,23,108,134,15,60,4,1,7.2,80.6,44.78,3.73,0,0,0,23,3,20.1
OAC Banks,Test,3,108,298,3,243,15,0,36.0,36.24,81.54,5.03,0,0,1,47,0,22.0
MJ McClenaghan,ODI,14,108,138,4,82,10,3,27.0,78.26,59.42,9.42,0,0,2,34,0,28.9
A Maregwede,ODI,8,108,179,7,118,10,1,15.43,60.34,65.92,6.15,0,0,1,37,1,19.0
Firas Hussain,T20I,10,108,103,7,48,13,1,15.43,104.85,46.6,13.59,0,0,1,40,3,32.9
DS Bajwa,ODI,8,108,175,8,121,11,1,13.5,61.71,69.14,6.86,0,0,0,26,1,18.5
N Acawei,T20I,10,108,133,10,80,7,5,10.8,81.2,60.15,9.02,0,0,0,25,1,22.9
Harbhajan Singh,T20I,12,108,87,8,39,11,4,13.5,124.14,44.83,17.24,0,0,0,21,1,37.6
R Murray,ODI,5,108,178,4,104,6,2,27.0,60.67,58.43,4.49,0,0,2,47,0,23.4
A Kumble,ODI,16,108,254,12,180,10,0,9.0,42.52,70.87,3.94,0,0,0,24,1,12.1
M Sohel Patel,T20I,12,108,108,12,61,10,5,9.0,100.0,56.48,13.89,0,0,1,42,2,28.6
G Van Heerden,T20I,1,107,57,0,13,8,7,107.0,187.72,22.81,26.32,1,0,0,107,0,79.4
P Sarraf,T20I,14,107,118,12,77,14,4,8.92,90.68,65.25,15.25,0,0,0,27,4,26.9
CP Turkich,T20I,9,107,181,9,99,7,0,11.89,59.12,54.7,3.87,0,0,0,20,1,17.6
KA Maharaj,T20I,19,107,127,12,68,6,5,8.92,84.25,53.54,8.66,0,0,1,41,4,23.3
SC van Schalkwyk,T20I,12,107,95,5,34,8,3,21.4,112.63,35.79,11.58,0,0,0,18,1,36.4
G Kamalini,WPL,10,107,102,7,50,13,2,15.29,104.9,49.02,14.71,0,0,1,32,0,33.3
HMCM Bandara,Test,4,107,204,4,153,11,2,26.75,52.45,75.0,6.37,0,0,1,43,0,21.7
Abdulla Pervaiz,T20I,3,107,80,3,40,12,6,35.67,133.75,50.0,22.5,0,0,2,40,0,50.0
Sufyan Mehmood,ODI,7,107,138,6,70,6,3,17.83,77.54,50.72,6.52,0,1,0,72,3,24.7
Ethan D'Souza,T20I,7,107,101,6,38,10,1,17.83,105.94,37.62,10.89,0,0,2,34,0,33.4
F Baleri,T20I,9,107,129,7,62,9,0,15.29,82.95,48.06,6.98,0,0,0,20,0,25.2
AJ Staal,T20I,10,107,75,7,32,7,7,15.29,142.67,42.67,18.67,0,0,0,28,4,42.1
BA Parchment,ODI,6,107,194,6,144,13,1,17.83,55.15,74.23,7.22,0,0,1,48,0,19.3
F du Plessis,PSL,5,107,87,5,30,9,2,21.4,122.99,34.48,12.64,0,0,2,37,0,38.8
AB McDonald,Test,4,107,217,5,162,11,0,21.4,49.31,74.65,5.07,0,1,0,68,1,18.4
Zeeshan Sarwar,T20I,3,107,70,3,26,4,9,35.67,152.86,37.14,18.57,0,1,1,61,1,51.8
A Mene-Ejegi,T20I,10,107,69,9,27,10,6,11.89,155.07,39.13,23.19,0,0,1,32,2,46.0
R Parag,T20I,6,106,70,6,19,3,9,17.67,151.43,27.14,17.14,0,0,1,34,0,45.4
MJ Swepson,BBL,32,106,101,22,47,10,3,4.82,104.95,46.53,12.87,0,0,0,11,6,28.5
TM Dilshan,CPL,6,106,89,6,36,11,2,17.67,119.1,40.45,14.61,0,0,1,39,1,37.3
C Green,BBL,9,106,98,7,28,7,0,15.14,108.16,28.57,7.14,0,0,2,36,0,31.5
JDP Oram,IPL,11,106,108,8,47,6,5,13.25,98.15,43.52,10.19,0,0,1,41,1,29.3
A Martel,T20I,14,106,99,10,53,13,3,10.6,107.07,53.54,16.16,0,0,0,23,3,32.1
A Rajshekara,T20I,7,106,110,5,55,9,4,21.2,96.36,50.0,11.82,0,1,0,50,1,32.2
Jassim Khan,T20I,7,106,68,5,28,4,10,21.2,155.88,41.18,20.59,0,0,2,31,1,47.6
C Carmichael,Test,3,106,234,6,171,11,0,17.67,45.3,73.08,4.7,0,1,0,59,1,16.2
DR Sams,T20I,7,106,62,4,17,8,6,26.5,170.97,27.42,22.58,0,0,1,41,0,55.0
FL Patel,T20I,11,106,90,11,43,13,2,9.64,117.78,47.78,16.67,0,0,1,32,1,34.4
SR Hain,ODI,2,106,100,2,30,8,0,53.0,106.0,30.0,8.0,0,1,0,89,0,45.8
Shoaib Bashir,Test,19,106,279,14,226,13,1,7.57,37.99,81.0,5.02,0,0,0,14,6,11.6
MPS Cheema,T20I,13,106,114,10,49,10,1,10.6,92.98,42.98,9.65,0,0,0,19,1,27.3
PHT Kaushal,Test,7,106,244,10,202,16,0,10.6,43.44,82.79,6.56,0,0,0,18,1,14.5
LJ Wright,IPL,5,106,60,5,19,16,3,21.2,176.67,31.67,31.67,0,0,2,44,0,58.1
JM Cox,PSL,5,106,86,4,25,7,3,26.5,123.26,29.07,11.63,0,0,1,41,0,40.8
D Foxcroft,T20I,6,106,101,5,36,3,5,21.2,104.95,35.64,7.92,0,0,2,34,0,32.9
J Overton,Test,2,106,157,3,114,15,2,35.33,67.52,72.61,10.83,0,1,0,97,1,30.0
JD Freyone,T20I,13,105,138,11,77,8,2,9.55,76.09,55.8,7.25,0,0,0,21,3,21.2
Shujaat Rasool,T20I,4,105,55,3,17,6,9,35.0,190.91,30.91,27.27,0,1,0,54,0,62.0
Ebadat Hossain,Test,21,105,315,20,274,13,3,5.25,33.33,86.98,5.08,0,0,0,21,11,10.1
D Marsic,T20I,8,105,164,8,102,9,2,13.12,64.02,62.2,6.71,0,0,1,37,1,19.6
JR Hopes,T20I,7,105,98,5,35,7,1,21.0,107.14,35.71,8.16,0,0,1,30,0,33.3
A Nao,T20I,12,105,93,5,41,10,3,21.0,112.9,44.09,13.98,0,0,1,30,2,36.7
G Bakiweyem,T20I,19,105,131,12,64,4,0,8.75,80.15,48.85,3.05,0,0,0,15,2,19.6
M Mosehle,T20I,6,105,65,5,25,6,9,21.0,161.54,38.46,23.08,0,0,2,36,0,50.4
RK Kleinveldt,ODI,7,105,124,7,79,9,5,15.0,84.68,63.71,11.29,0,0,1,43,1,26.0
JC Balt,T20I,10,105,115,7,48,4,3,15.0,91.3,41.74,6.09,0,0,0,22,1,26.6
Mustafa Balkis,T20I,8,105,145,8,90,5,5,13.12,72.41,62.07,6.9,0,0,1,35,2,20.9
S Mba,T20I,7,105,144,5,83,11,1,21.0,72.92,57.64,8.33,0,0,1,40,1,25.5
RML Taylor,ODI,9,105,126,8,65,9,1,13.12,83.33,51.59,7.94,0,0,1,46,1,24.6
Sami Ullah,T20I,7,105,54,6,15,13,4,17.5,194.44,27.78,31.48,0,0,2,33,1,57.8
MJ Potts,Test,10,105,227,10,178,15,1,10.5,46.26,78.41,7.05,0,0,0,21,2,15.2
DBL Powell,ODI,19,105,136,17,74,4,5,6.18,77.21,54.41,6.62,0,0,1,48,6,19.8
AM Rossington,PSL,3,104,69,3,26,16,2,34.67,150.72,37.68,26.09,0,1,0,69,0,56.1
HB Kayondo,T20I,4,104,98,4,37,6,4,26.0,106.12,37.76,10.2,0,0,2,31,0,36.1
D Nikolov,T20I,18,104,127,17,72,9,3,6.12,81.89,56.69,9.45,0,0,1,42,5,22.0
PVD Chameera,Test,12,104,342,19,296,13,0,5.47,30.41,86.55,3.8,0,0,0,22,5,9.0
DS Kulkarni,IPL,20,104,108,9,45,7,2,11.56,96.3,41.67,8.33,0,0,0,28,0,27.5
CAK Rajitha,ODI,15,104,171,9,118,12,1,11.56,60.82,69.01,7.6,0,0,1,33,3,18.1
D Elgar,ODI,7,104,177,6,101,6,0,17.33,58.76,57.06,3.39,0,0,2,42,0,18.9
L Balaji,ODI,11,104,129,8,72,8,3,13.0,80.62,55.81,8.53,0,0,0,21,1,23.9
Q de Kock,BBL,6,104,86,6,44,11,5,17.33,120.93,51.16,18.6,0,0,1,38,2,38.5
GP Swann,T20I,15,104,89,5,26,9,1,20.8,116.85,29.21,11.24,0,0,1,34,2,37.5
DA Minors,ODI,8,104,172,8,121,10,4,13.0,60.47,70.35,8.14,0,0,1,37,1,18.9
DF Watts,T20I,5,104,93,5,37,12,1,20.8,111.83,39.78,13.98,0,0,2,46,1,37.1
JH Davey,T20I,14,104,75,6,20,7,4,17.33,138.67,26.67,14.67,0,0,0,24,1,41.9
Haris Rauf,ODI,21,104,141,14,100,6,9,7.43,73.76,70.92,10.64,0,0,1,35,3,20.3
M Ozturk,T20I,13,104,139,12,90,4,8,8.67,74.82,64.75,8.63,0,0,0,21,2,20.3
M Aboagye,T20I,14,104,152,13,78,5,0,8.0,68.42,51.32,3.29,0,0,0,24,1,17.5
H Klaasen,Test,4,104,230,8,174,11,0,13.0,45.22,75.65,4.78,0,0,1,35,0,14.5
CD Wallace,T20I,11,104,107,7,42,7,3,14.86,97.2,39.25,9.35,0,0,0,27,1,29.9
AJ Bichel,Test,4,103,136,6,97,18,0,17.17,75.74,71.32,13.24,0,0,2,49,1,25.9
Junaid Mehmood,T20I,11,103,121,10,61,7,2,10.3,85.12,50.41,7.44,0,0,1,30,2,23.6
PS Athavale,ODI,7,103,169,7,117,14,0,14.71,60.95,69.23,8.28,0,0,1,34,1,19.8
CC Machado,T20I,16,103,192,15,115,4,0,6.87,53.65,59.9,2.08,0,0,0,16,2,13.0
I Ntirenganya,T20I,25,103,119,9,62,11,2,11.44,86.55,52.1,10.92,0,0,0,17,4,26.3
Habib Ahmadzai,T20I,7,103,101,6,46,10,1,17.17,101.98,45.54,10.89,0,0,1,39,1,31.5
Mohammed Alamgir,T20I,10,103,88,7,46,11,5,14.71,117.05,52.27,18.18,0,0,0,20,1,36.6
RDB Ahir,T20I,15,103,113,13,45,4,3,7.92,91.15,39.82,6.19,0,0,0,21,3,24.2
RP Singh,ODI,19,103,241,10,169,5,1,10.3,42.74,70.12,2.49,0,0,0,23,3,11.6
T Taylor,T20I,16,103,139,10,83,3,5,10.3,74.1,59.71,5.76,0,0,0,19,1,19.6
LJ Evans,PSL,9,103,116,9,53,10,0,11.44,88.79,45.69,8.62,0,0,1,49,1,26.0
PN Khemnar,WPL,9,103,98,7,46,13,2,14.71,105.1,46.94,15.31,0,0,2,36,0,33.8
Rehan Ahmed,Test,5,103,182,10,130,14,0,10.3,56.59,71.43,7.69,0,0,0,28,1,17.0
J Guatam,T20I,4,103,78,3,38,16,2,34.33,132.05,48.72,23.08,0,0,1,44,0,49.8
RJ Quiney,IPL,7,103,102,7,54,12,3,14.71,100.98,52.94,14.71,0,1,0,51,0,31.9
SD Hope,BBL,5,103,89,5,29,7,3,20.6,115.73,32.58,11.24,0,0,2,38,0,36.8
Nishat Sakib,T20I,7,103,104,7,49,11,2,14.71,99.04,47.12,12.5,0,0,1,31,1,31.0
JR Philippe,ODI,4,102,118,4,76,11,4,25.5,86.44,64.41,12.71,0,0,2,39,0,31.0
Mehrab Hossain jnr,Test,5,102,209,8,158,15,0,12.75,48.8,75.6,7.18,0,0,1,43,1,16.5
Y Naing Tun,T20I,12,102,155,11,97,9,2,9.27,65.81,62.58,7.1,0,0,0,25,2,18.6
OJ Peake,ODI,5,102,133,5,78,6,4,20.4,76.69,58.65,7.52,0,0,2,31,0,25.1
AM Bacher,ODI,5,102,175,5,119,12,0,20.4,58.29,68.0,6.86,0,1,0,56,0,20.8
Sojib Miah,T20I,6,102,57,5,21,12,5,20.4,178.95,36.84,29.82,0,0,1,33,0,57.3
Arjun Kumal,ODI,4,102,174,4,113,12,0,25.5,58.62,64.94,6.9,0,0,2,48,1,23.2
WG Bosisto,BBL,10,102,105,7,45,11,0,14.57,97.14,42.86,10.48,0,0,1,36,1,30.0
D Vrinda,WPL,9,102,118,9,65,15,0,11.33,86.44,55.08,12.71,0,0,1,33,1,27.0
BJ Curran,T20I,8,102,76,8,34,12,3,12.75,134.21,44.74,19.74,0,0,1,38,1,40.3
BJ Dwarshuis,PSL,6,102,60,2,15,7,6,51.0,170.0,25.0,21.67,0,0,2,33,0,63.8
OP Stone,Test,5,102,234,9,187,12,1,11.33,43.59,79.91,5.56,0,0,0,20,2,14.2
BJ Jacobs,PSL,6,102,75,4,32,5,8,25.5,136.0,42.67,17.33,0,0,2,49,1,44.1
Breeze Ahir,T20I,10,102,125,8,70,9,1,12.75,81.6,56.0,8.0,0,0,0,28,1,23.6
M Kartik,ODI,8,102,133,5,75,9,1,20.4,76.69,56.39,7.52,0,0,1,32,1,25.4
SM Davies,T20I,5,102,82,5,29,12,0,20.4,124.39,35.37,14.63,0,0,1,33,0,39.8
JS Paris,BBL,22,102,104,14,46,4,5,7.29,98.08,44.23,8.65,0,0,0,20,4,26.0
CW Perchard,T20I,16,102,111,11,50,4,5,9.27,91.89,45.05,8.11,0,0,0,26,2,25.4
GPK Wijesingha,T20I,5,102,102,5,49,7,3,20.4,100.0,48.04,9.8,0,1,0,56,0,31.4
Tshering Tashi,T20I,15,102,144,10,87,8,3,10.2,70.83,60.42,7.64,0,0,1,38,1,20.3
V Permaul,CPL,20,102,115,14,60,6,4,7.29,88.7,52.17,8.7,0,0,0,18,2,23.6
SM Tupou,T20I,10,102,128,10,66,4,5,10.2,79.69,51.56,7.03,0,0,1,35,0,22.4
R Klein,T20I,7,102,76,5,17,7,3,20.4,134.21,22.37,13.16,0,0,1,36,1,42.0
DF Jacobs,T20I,9,102,159,9,104,12,2,11.33,64.15,65.41,8.81,0,0,0,28,1,19.8
PM Pushpakumara,Test,4,102,224,6,180,15,2,17.0,45.54,80.36,7.59,0,0,1,42,0,17.9
MJ Owen,PSL,7,102,53,7,23,5,11,14.57,192.45,43.4,30.19,0,0,2,34,0,54.4
Imran Tahir,CPL,21,101,109,12,54,7,3,8.42,92.66,49.54,9.17,0,0,0,20,3,25.2
JP Netto,T20I,5,101,94,5,38,7,2,20.2,107.45,40.43,9.57,0,0,2,41,1,33.3
Sahibzada Farhan,ODI,6,101,133,6,75,10,0,16.83,75.94,56.39,7.52,0,0,1,31,0,24.0
M Ntini,ODI,26,101,143,14,92,7,4,7.21,70.63,64.34,7.69,0,0,0,16,6,18.6
D Paterson,Test,6,101,110,8,75,15,3,12.62,91.82,68.18,16.36,0,0,1,39,1,28.8
XJ Doherty,ODI,22,101,184,7,113,5,1,14.43,54.89,61.41,3.26,0,0,0,15,2,16.6
Arshdeep Singh,T20I,31,101,102,17,50,9,3,5.94,99.02,49.02,11.76,0,0,0,12,5,27.0
WK McCallan,ODI,13,101,175,11,113,9,0,9.18,57.71,64.57,5.14,0,0,0,25,4,15.8
N Dickwella,CPL,8,101,85,8,33,8,4,12.62,118.82,38.82,14.12,0,0,1,36,1,35.3
Harshit Rana,T20I,8,101,91,7,44,7,5,14.43,110.99,48.35,13.19,0,0,1,35,1,32.9
AG Weligamage,T20I,10,101,92,6,48,4,8,16.83,109.78,52.17,13.04,0,0,1,45,0,33.0
MEK Hussey,CPL,7,101,105,6,37,5,2,16.83,96.19,35.24,6.67,0,0,0,26,1,29.2
Shaik Basha,T20I,9,101,104,8,47,3,5,12.62,97.12,45.19,7.69,0,0,1,43,0,27.0
V Shankar,T20I,4,101,73,4,33,11,5,25.25,138.36,45.21,21.92,0,0,1,43,0,47.0
KA Hope,Test,5,101,250,9,202,14,0,11.22,40.4,80.8,5.6,0,0,1,43,2,13.7
J Vira,T20I,14,101,113,11,50,7,1,9.18,89.38,44.25,7.08,0,0,0,19,1,24.4
KA Jamieson,ODI,9,101,115,4,54,7,3,25.25,87.83,46.96,8.7,0,0,0,25,0,30.9
B Lee,T20I,12,101,71,6,25,9,4,16.83,142.25,35.21,18.31,0,0,1,43,2,43.4
Boio Ray,T20I,8,101,103,8,43,5,3,12.62,98.06,41.75,7.77,0,0,1,46,2,27.7
Yasir Ali Chowdhury,ODI,5,101,105,5,52,8,4,20.2,96.19,49.52,11.43,0,1,0,50,0,31.6
Kim Daeyeon,T20I,16,100,152,15,92,9,1,6.67,65.79,60.53,6.58,0,0,0,24,3,17.5
HGV Vare,T20I,16,100,116,13,63,11,1,7.69,86.21,54.31,10.34,0,0,0,18,2,24.1
HM Nicholls,T20I,9,100,112,8,44,9,0,12.5,89.29,39.29,8.04,0,0,1,36,0,27.0
AJ Hosein,BBL,10,100,84,7,34,4,5,14.29,119.05,40.48,10.71,0,0,1,30,0,33.4
CD Shekleton,T20I,5,100,82,4,26,11,1,25.0,121.95,31.71,14.63,0,1,1,52,0,41.7
C Bisson,T20I,8,100,71,7,29,10,3,14.29,140.85,40.85,18.31,0,0,1,30,2,41.4
JM Cox,T20I,5,100,74,5,31,9,5,20.0,135.14,41.89,18.92,0,1,0,55,1,43.0
B Doggett,BBL,18,100,106,9,56,10,2,11.11,94.34,52.83,11.32,0,0,1,47,1,27.4
Nouman Sarwar,T20I,5,100,71,1,16,9,3,100.0,140.85,22.54,16.9,0,0,2,47,1,67.8
ZGF Foulkes,T20I,13,100,67,7,27,7,5,14.29,149.25,40.3,17.91,0,0,0,27,1,42.4
Nithish Kumar Reddy,ODI,4,100,99,3,37,3,5,33.33,101.01,37.37,8.08,0,1,0,53,0,36.7
Shahzaib Hasan,ODI,3,100,113,3,69,13,2,33.33,88.5,61.06,13.27,0,1,1,50,0,35.1
Vasmiakram Chand,T20I,5,100,101,5,48,14,1,20.0,99.01,47.52,14.85,0,0,1,40,0,34.5
Ehsan Khan,ODI,11,100,224,8,156,8,0,12.5,44.64,69.64,3.57,0,0,0,27,2,13.5
S Rungrueang,T20I,22,99,158,17,89,1,3,5.82,62.66,56.33,2.53,0,0,0,25,6,14.7
Umar Amin,Test,4,99,198,8,154,13,0,12.38,50.0,77.78,6.57,0,0,1,33,1,16.1
MNR Cooray,T20I,3,99,76,2,34,12,3,49.5,130.26,44.74,19.74,0,1,1,56,0,53.6
R de Swardt,Test,2,99,220,3,172,13,0,33.0,45.0,78.18,5.91,0,1,1,64,1,22.7
Saad Nasim,ODI,3,99,124,2,67,9,1,49.5,79.84,54.03,8.06,0,1,0,77,1,37.5
Hamza Tariq,ODI,5,99,135,5,90,14,2,19.8,73.33,66.67,11.85,0,1,0,71,2,26.1
Robiul Islam,Test,9,99,203,11,162,13,3,9.0,48.77,79.8,7.88,0,0,1,33,6,15.6
Rehan Ahmed,ODI,7,99,122,7,66,11,1,14.14,81.15,54.1,9.84,0,0,0,27,0,25.6
GJ Maxwell,PSL,8,99,69,7,25,9,5,14.14,143.48,36.23,20.29,0,1,0,70,2,43.7
CJ Bowes,ODI,6,99,119,6,72,15,0,16.5,83.19,60.5,12.61,0,1,0,51,0,27.7
BR Dunk,T20I,5,99,69,5,33,8,6,19.8,143.48,47.83,20.29,0,0,1,32,0,44.2
Shahid Yousuf,PSL,6,99,97,5,38,9,1,19.8,102.06,39.18,10.31,0,0,0,27,0,33.0
MS Gony,IPL,16,99,71,10,33,6,8,9.9,139.44,46.48,19.72,0,0,1,42,3,39.7
Nasum Ahmed,T20I,21,99,100,13,49,9,3,7.62,99.0,49.0,12.0,0,0,0,20,5,27.8
Zaheer Zahiri,T20I,13,99,76,5,30,9,4,19.8,130.26,39.47,17.11,0,0,1,34,2,41.4
CB Mpofu,Test,13,99,233,16,191,6,5,6.19,42.49,81.97,4.72,0,0,1,33,8,11.5
J Bishop,CPL,12,99,81,6,41,7,7,16.5,122.22,50.62,17.28,0,0,0,18,2,37.6
Tajinder Singh,CPL,3,99,73,3,20,10,2,33.0,135.62,27.4,16.44,0,1,0,62,0,48.4
SD Chitnis,IPL,8,99,89,7,35,10,2,14.14,111.24,39.33,13.48,0,0,1,38,0,34.3
Kaleemullah,T20I,19,99,101,13,47,3,6,7.62,98.02,46.53,8.91,0,0,0,14,2,25.9
Azam Khalil,T20I,7,98,82,7,33,6,4,14.0,119.51,40.24,12.2,0,0,0,29,0,34.4
CJ Ferguson,IPL,8,98,117,6,56,9,0,16.33,83.76,47.86,7.69,0,0,0,23,0,26.2
CD Hinchliffe,BBL,17,98,121,11,51,5,1,8.91,80.99,42.15,4.96,0,0,0,25,2,22.0
D la Cock,T20I,5,98,84,5,37,8,5,19.6,116.67,44.05,15.48,0,1,0,66,1,37.7
MJ Clarke,IPL,6,98,94,6,41,12,0,16.33,104.26,43.62,12.77,0,0,1,41,0,33.0
MA Starc,T20I,19,98,100,10,39,4,2,9.8,98.0,39.0,6.0,0,0,0,14,0,25.9
I Maraj,ODI,6,98,264,5,210,12,0,19.6,37.12,79.55,4.55,0,1,0,53,2,15.7
H Rashid,T20I,10,98,115,8,61,9,3,12.25,85.22,53.04,10.43,0,0,0,23,1,26.0
M Magagula,T20I,15,98,139,12,84,10,1,8.17,70.5,60.43,7.91,0,0,0,17,1,19.6
Mustafizur Rahman,T20I,34,98,136,19,84,4,5,5.16,72.06,61.76,6.62,0,0,0,11,6,17.7
Sameer Patel,T20I,7,98,113,6,62,6,4,16.33,86.73,54.87,8.85,0,0,1,35,1,26.4
TD Andrews,BBL,8,98,65,4,27,8,6,24.5,150.77,41.54,21.54,0,0,1,37,0,48.7
Ali Dawood,T20I,24,98,117,11,56,6,3,8.91,83.76,47.86,7.69,0,0,0,19,2,23.4
TD Astle,Test,4,98,257,5,204,13,0,19.6,38.13,79.38,5.06,0,0,1,35,1,16.2
Mahmudullah,CPL,10,98,84,7,31,5,5,14.0,116.67,36.9,11.9,0,0,0,28,0,34.3
Garret Banner,T20I,9,98,88,8,38,6,5,12.25,111.36,43.18,12.5,0,0,1,32,4,32.4
D Foxcroft,Test,1,98,129,1,75,7,1,98.0,75.97,58.14,6.2,0,1,0,98,0,46.5
Naseem Shah,PSL,21,98,85,14,45,8,6,7.0,115.29,52.94,16.47,0,0,0,27,4,32.2
Shoriful Islam,ODI,22,98,112,14,63,8,4,7.0,87.5,56.25,10.71,0,0,0,16,2,24.0
Ibrahim Rizan,T20I,28,98,144,15,82,6,1,6.53,68.06,56.94,4.86,0,0,0,11,5,17.2
J Fraser-McGurk,ODI,7,98,74,7,40,13,4,14.0,132.43,54.05,22.97,0,0,1,41,0,41.4
Suhrawadi Shuvo,ODI,10,98,135,7,75,9,1,14.0,72.59,55.56,7.41,0,0,0,20,0,22.5
Muhammad Naeem,T20I,9,97,102,8,52,4,6,12.12,95.1,50.98,9.8,0,0,1,46,2,27.1
Shuaib Al Balushi,T20I,5,97,99,5,55,7,6,19.4,97.98,55.56,13.13,0,0,2,40,1,31.8
NF Kelly,T20I,7,97,88,6,36,12,1,16.17,110.23,40.91,14.77,0,0,1,39,0,35.5
Basir Ahamad,ODI,7,97,175,6,119,9,2,16.17,55.43,68.0,6.29,0,0,1,47,1,18.4
C Bosch,IPL,6,97,63,3,22,8,5,32.33,153.97,34.92,20.63,0,0,1,32,0,52.4
L Ngidi,Test,20,97,230,20,190,14,1,4.85,42.17,82.61,6.52,0,0,0,19,8,12.2
IP Swaney,T20I,10,97,78,9,34,9,4,10.78,124.36,43.59,16.67,0,0,0,23,0,36.3
PN Mankad,IPL,5,97,73,3,29,13,2,32.33,132.88,39.73,20.55,0,1,0,64,1,48.7
TK Curran,PSL,8,97,65,6,21,6,6,16.17,149.23,32.31,18.46,0,0,1,31,1,44.6
RA Tripathi,T20I,5,97,67,5,30,11,5,19.4,144.78,44.78,23.88,0,0,2,44,1,47.1
NR Welch,T20I,7,97,93,7,46,12,1,13.86,104.3,49.46,13.98,0,0,0,25,1,32.1
AL Kandappah,ODI,2,97,156,1,89,4,3,97.0,62.18,57.05,4.49,0,1,0,69,0,43.6
Aaron Jones,CPL,7,97,83,5,34,5,6,19.4,116.87,40.96,13.25,0,0,1,48,0,36.6
JL Ontong,ODI,6,97,131,5,79,12,0,19.4,74.05,60.31,9.16,0,0,0,27,1,25.2
Mohsin Riaz,PSL,4,97,59,4,21,13,3,24.25,164.41,35.59,27.12,0,0,1,42,0,55.1
Numan Ahmadzai,T20I,5,97,86,4,45,11,4,24.25,112.79,52.33,17.44,0,0,1,36,0,39.1
GM Strydom,T20I,6,97,89,6,40,6,5,16.17,108.99,44.94,12.36,0,0,1,49,2,33.2
M Taniyama,T20I,15,97,115,10,54,3,3,9.7,84.35,46.96,5.22,0,0,0,19,2,22.3
MH Wessels,PSL,8,96,94,7,42,11,2,13.71,102.13,44.68,13.83,0,0,1,31,0,32.3
RA Jones,ODI,3,96,185,3,118,7,1,32.0,51.89,63.78,4.32,0,1,0,63,0,23.1
Hayatullah Niazi,T20I,4,96,70,4,25,4,6,24.0,137.14,35.71,14.29,0,1,0,53,0,42.6
D Rawat,T20I,8,96,98,7,50,14,0,13.71,97.96,51.02,14.29,0,0,2,37,1,31.1
U Shahid,T20I,4,96,90,4,33,5,3,24.0,106.67,36.67,8.89,0,1,0,64,0,34.6
T Martin,T20I,4,96,56,4,14,9,4,24.0,171.43,25.0,23.21,0,0,2,35,0,54.9
MH Yardy,T20I,8,96,72,3,20,10,1,32.0,133.33,27.78,15.28,0,0,1,35,3,46.9
JM Joao,T20I,10,96,101,9,50,13,0,10.67,95.05,49.5,12.87,0,0,0,22,1,28.9
Rehan Ahmed,BBL,8,96,73,8,32,7,6,12.0,131.51,43.84,17.81,0,0,0,29,1,38.5
AD Nath,T20I,4,96,62,0,23,7,7,96.0,154.84,37.1,22.58,0,1,0,53,0,71.4
ES Szwarczynski,T20I,7,96,110,6,47,9,0,16.0,87.27,42.73,8.18,0,0,1,30,0,27.6
SP Jones,Test,5,96,179,4,138,13,1,24.0,53.63,77.09,7.82,0,0,0,20,2,21.8
KMA Paul,Test,3,96,118,6,88,15,4,16.0,81.36,74.58,16.1,0,0,1,47,1,28.2
JE Dunford,T20I,13,96,100,6,47,11,0,16.0,96.0,47.0,11.0,0,0,1,45,3,30.1
JDS Neesham,PSL,9,96,74,8,27,6,5,12.0,129.73,36.49,14.86,0,0,1,38,0,37.4
KR Jha,T20I,13,96,148,12,86,4,2,8.0,64.86,58.11,4.05,0,0,1,30,3,16.6
CJ Green,PSL,8,96,72,5,21,9,3,19.2,133.33,29.17,16.67,0,0,0,29,0,42.8
Shahid Afridi,CPL,9,96,65,7,16,2,7,13.71,147.69,24.62,13.85,0,0,0,21,0,41.5
AJ Pienaar,CPL,5,96,59,3,15,10,4,32.0,162.71,25.42,23.73,0,0,2,35,0,56.9
RS Morton,T20I,7,96,103,6,48,8,2,16.0,93.2,46.6,9.71,0,0,1,40,1,28.9
R Clarke,Test,2,96,253,3,205,8,1,32.0,37.94,81.03,3.56,0,1,0,55,0,19.8
M Kelly,BBL,14,95,78,8,29,5,4,11.88,121.79,37.18,11.54,0,0,0,23,2,33.9
KA Jamieson,T20I,13,95,77,9,22,10,0,10.56,123.38,28.57,12.99,0,0,1,30,1,35.8
Raghvi Bist,WPL,5,95,93,5,37,6,3,19.0,102.15,39.78,9.68,0,0,1,33,0,32.2
Ali Zaheer,T20I,7,95,96,5,37,8,1,19.0,98.96,38.54,9.38,0,0,1,41,0,31.8
GEF Barnett,ODI,5,95,179,5,126,10,0,19.0,53.07,70.39,5.59,0,0,1,40,0,18.4
KJ Abbott,Test,10,95,338,14,294,10,1,6.79,28.11,86.98,3.25,0,0,0,17,4,8.8
JAH Marshall,Test,5,95,226,7,180,15,0,13.57,42.04,79.65,6.64,0,0,0,28,2,15.5
BJ Konstas,T20I,4,95,83,2,31,10,1,47.5,114.46,37.35,13.25,0,1,0,50,0,47.3
RJ Trott,ODI,4,95,191,2,129,7,0,47.5,49.74,67.54,3.66,0,0,1,48,1,27.7
CB Roposo,T20I,11,95,112,8,59,10,0,11.88,84.82,52.68,8.93,0,0,0,24,1,24.8
AR White,T20I,7,95,91,6,34,7,2,15.83,104.4,37.36,9.89,0,0,0,29,0,31.8
Aamer Yamin,ODI,3,95,96,1,53,8,5,95.0,98.96,55.21,13.54,0,1,1,62,0,55.0
Z Hoque,T20I,7,95,98,6,46,6,4,15.83,96.94,46.94,10.2,0,0,0,23,0,29.6
DJ Willey,PSL,11,95,109,9,51,6,3,10.56,87.16,46.79,8.26,0,0,0,28,3,25.0
Zaid Soulat,T20I,5,95,86,3,47,10,4,31.67,110.47,54.65,16.28,0,0,2,44,0,40.4
NS Poonia,T20I,5,94,103,4,34,3,1,23.5,91.26,33.01,3.88,0,0,1,38,1,29.5
Ziaur Rahman,T20I,9,94,75,6,34,2,8,15.67,125.33,45.33,13.33,0,0,1,40,2,35.8
Yasir Arafat,Test,2,94,201,2,151,9,2,47.0,46.77,75.12,5.47,0,1,1,50,1,27.9
Mohammad Nawaz,Test,3,94,189,5,137,11,0,18.8,49.74,72.49,5.82,0,0,1,45,0,18.0
Mudassir Iqbal,T20I,9,94,104,8,51,4,4,11.75,90.38,49.04,7.69,0,0,1,46,0,25.2
DJ Vilas,Test,5,94,210,9,161,11,0,10.44,44.76,76.67,5.24,0,0,0,26,0,13.8
FDW McCreath,T20I,7,94,85,7,33,9,2,13.43,110.59,38.82,12.94,0,0,1,40,1,33.6
Yair Nagavkar,T20I,11,94,111,8,51,5,1,11.75,84.68,45.95,5.41,0,0,1,32,1,23.4
S Godara,T20I,7,94,65,5,33,5,9,18.8,144.62,50.77,21.54,0,0,0,24,2,44.4
TL Chatara,Test,9,94,201,15,162,15,1,6.27,46.77,80.6,7.96,0,0,0,22,6,14.3
Mohammad Wasim,ODI,14,94,101,11,56,7,5,8.55,93.07,55.45,11.88,0,0,0,17,3,26.3
A Reddy,WPL,13,94,106,10,44,9,0,9.4,88.68,41.51,8.49,0,0,0,25,3,25.7
AF Ifill,T20I,15,94,152,12,88,5,1,7.83,61.84,57.89,3.95,0,0,0,25,2,16.0
JJ Tucker,T20I,5,94,97,4,48,11,1,23.5,96.91,49.48,12.37,0,1,0,50,0,33.6
Tashi Dorji,T20I,12,94,68,10,29,2,9,9.4,138.24,42.65,16.18,0,0,1,39,3,37.6
Guido Angeletti,T20I,11,94,113,10,61,6,3,9.4,83.19,53.98,7.96,0,0,0,18,3,22.8
Manjural Islam Rana,Test,1,93,173,2,136,16,0,46.5,53.76,78.61,9.25,0,1,0,69,0,31.2
SM Nash,T20I,15,93,144,12,83,8,1,7.75,64.58,57.64,6.25,0,0,0,21,3,17.9
JP Crawley,Test,2,93,307,3,250,9,0,31.0,30.29,81.43,2.93,0,0,2,35,0,17.9
CL Hooper,ODI,5,93,118,4,46,3,1,23.25,78.81,38.98,3.39,0,0,2,45,1,26.5
SJ Modani,T20I,4,93,68,3,13,5,3,31.0,136.76,19.12,11.76,0,1,0,50,0,45.9
Abidullah Kotwa,T20I,1,93,26,0,2,2,12,93.0,357.69,7.69,53.85,0,1,0,93,0,84.0
TA Boult,IPL,26,93,85,10,36,5,4,9.3,109.41,42.35,10.59,0,0,0,17,3,29.8
RS Gavaskar,ODI,8,93,162,6,99,5,1,15.5,57.41,61.11,3.7,0,0,0,22,0,17.7
JA Richardson,ODI,8,93,107,5,47,8,0,18.6,86.92,43.93,7.48,0,0,0,29,0,27.9
Nimish Lathief,T20I,12,93,110,8,56,8,2,11.62,84.55,50.91,9.09,0,0,0,18,0,25.0
WK Bitis,T20I,7,93,72,6,39,13,4,15.5,129.17,54.17,23.61,0,0,1,32,1,41.9
Y Cariah,ODI,7,93,166,6,105,6,1,15.5,56.02,63.25,4.22,0,1,0,52,0,17.5
JE Root,BBL,6,93,81,6,27,11,0,15.5,114.81,33.33,13.58,0,0,0,26,0,36.2
GJ Thompson,T20I,4,93,78,4,32,13,1,23.25,119.23,41.03,17.95,0,0,2,44,1,41.5
Rameez Khan,T20I,12,93,79,10,40,7,6,9.3,117.72,50.63,16.46,0,0,0,23,0,33.7
Javed Maroofkhail,T20I,8,93,100,5,43,3,3,18.6,93.0,43.0,6.0,0,0,0,27,1,27.9
BJ Hodge,PSL,4,93,61,2,19,6,6,46.5,152.46,31.15,19.67,0,1,0,85,1,57.4
Yasir Arafat,T20I,11,92,79,7,30,8,2,13.14,116.46,37.97,12.66,0,0,0,17,0,34.3
PHKD Mendis,IPL,5,92,69,3,22,7,2,30.67,133.33,31.88,13.04,0,0,2,32,1,44.3
B Mavuta,ODI,10,92,107,8,60,10,1,11.5,85.98,56.07,10.28,0,0,0,28,1,25.2
MD Dai,T20I,6,92,108,6,37,3,0,15.33,85.19,34.26,2.78,0,0,1,31,0,24.7
Rahimgul Naseri,T20I,8,92,75,8,42,10,5,11.5,122.67,56.0,20.0,0,1,0,54,3,36.8
CS Martin,Test,49,92,476,40,428,10,0,2.3,19.33,89.92,2.1,0,0,0,12,27,5.1
Shafat Ali Syed,T20I,7,92,56,7,23,6,8,13.14,164.29,41.07,25.0,0,1,0,51,1,48.7
J Evans,T20I,8,92,88,8,42,10,2,11.5,104.55,47.73,13.64,0,0,1,42,1,31.2
PR Shah,IPL,9,92,91,8,44,9,2,11.5,101.1,48.35,12.09,0,0,0,29,1,29.6
WSLK Narayana,T20I,9,92,93,9,51,13,1,10.22,98.92,54.84,15.05,0,0,1,32,1,29.9
Razaullah,Test,1,92,74,2,47,6,9,46.0,124.32,63.51,20.27,0,1,0,81,0,49.1
NA Saini,ODI,4,92,100,1,55,9,3,92.0,92.0,55.0,12.0,0,0,1,45,0,53.1
JDS Neesham,IPL,10,92,93,9,40,6,2,10.22,98.92,43.01,8.6,0,0,0,22,2,27.3
Tafseer Ali,T20I,12,92,132,10,72,8,0,9.2,69.7,54.55,6.06,0,0,0,22,1,19.5
SC Kuggeleijn,Test,3,92,122,6,82,11,3,15.33,75.41,67.21,11.48,0,0,1,44,2,24.4
TM Macalou,T20I,15,92,205,13,147,8,0,7.08,44.88,71.71,3.9,0,0,0,28,3,11.6
J Jarvis,T20I,8,92,85,6,36,4,4,15.33,108.24,42.35,9.41,0,0,1,32,1,31.1
Himmat Singh,IPL,5,92,69,3,21,5,5,30.67,133.33,30.43,14.49,0,0,1,40,0,45.5
DJ Jacobs,IPL,7,92,98,7,59,10,4,13.14,93.88,60.2,14.29,0,0,1,32,1,29.0
Zubair Al Balushi,T20I,5,92,56,5,24,11,5,18.4,164.29,42.86,28.57,0,0,1,40,0,52.8
Zuhaib Zubair,T20I,12,91,63,7,20,6,4,13.0,144.44,31.75,15.87,0,0,0,26,1,41.1
JS Patel,ODI,12,91,148,7,90,5,2,13.0,61.49,60.81,4.73,0,0,1,34,1,18.0
C Connolly,T20I,10,91,74,9,33,7,5,10.11,122.97,44.59,16.22,0,0,1,47,3,35.5
GG Banner,T20I,11,91,98,11,61,8,4,8.27,92.86,62.24,12.24,0,0,1,34,3,25.4
Bosco Tuyizere,T20I,9,91,116,8,57,6,1,11.38,78.45,49.14,6.03,0,0,1,40,1,22.3
DJ Turkich,T20I,9,91,113,9,57,9,1,10.11,80.53,50.44,8.85,0,0,0,29,1,23.8
S Rana,IPL,8,91,81,4,32,9,1,22.75,112.35,39.51,12.35,0,0,0,19,0,36.9
DDP D'Silva,T20I,6,91,108,3,45,5,0,30.33,84.26,41.67,4.63,0,0,0,29,1,30.3
Jasdeep Singh,T20I,13,91,98,12,44,2,5,7.58,92.86,44.9,7.14,0,0,1,31,2,24.2
Mohammed Sameer,T20I,5,91,68,5,32,9,5,18.2,133.82,47.06,20.59,0,0,1,43,1,42.6
Saeed Ajmal,T20I,20,91,86,11,34,7,2,8.27,105.81,39.53,10.47,0,0,0,21,3,29.3
Abdullah Fazal,PSL,7,91,67,5,24,5,6,18.2,135.82,35.82,16.42,0,0,0,23,1,41.7
Mohammed Qasim,ODI,4,91,172,4,117,10,0,22.75,52.91,68.02,5.81,0,0,2,41,0,20.2
TA Blundell,T20I,8,91,94,6,40,10,0,15.17,96.81,42.55,10.64,0,0,1,30,0,30.3
R Clarke,ODI,9,91,170,9,103,6,0,10.11,53.53,60.59,3.53,0,0,1,39,2,15.1
SR Mohan,T20I,12,91,147,9,83,5,1,10.11,61.9,56.46,4.08,0,0,0,20,1,17.2
Rashid Khan,CPL,13,91,84,10,41,7,5,9.1,108.33,48.81,14.29,0,0,0,26,4,31.1
AJ Tye,IPL,13,91,76,9,35,6,5,10.11,119.74,46.05,14.47,0,0,0,25,2,33.6
B Yadav,T20I,11,91,81,9,42,2,8,10.11,112.35,51.85,12.35,0,0,1,39,0,30.4
RT Ponting,IPL,9,91,128,9,68,5,2,10.11,71.09,53.12,5.47,0,0,0,28,3,19.9
Ramaal Lewis,CPL,7,91,71,5,26,3,6,18.2,128.17,36.62,12.68,0,0,1,37,0,38.0
AP Devcich,BBL,7,91,87,7,37,10,1,13.0,104.6,42.53,12.64,0,0,0,26,1,31.9
JV Harris,ODI,6,91,204,6,152,9,1,15.17,44.61,74.51,4.9,0,0,1,31,0,15.3
M Faraz Akram,T20I,7,91,61,3,23,4,6,30.33,149.18,37.7,16.39,0,0,1,34,0,47.8
GB Murgatroyd,ODI,6,90,145,6,82,7,1,15.0,62.07,56.55,5.52,0,1,0,52,2,20.0
Abdul Samad,T20I,10,90,90,4,38,5,3,22.5,100.0,42.22,8.89,0,0,1,44,0,32.4
Haider Ali,CPL,9,90,98,9,51,9,3,10.0,91.84,52.04,12.24,0,0,1,45,0,27.4
Al-Amin Hossain,Test,7,90,127,4,97,11,5,22.5,70.87,76.38,12.6,0,0,1,32,0,26.8
A Nehra,ODI,31,90,171,20,121,9,2,4.5,52.63,70.76,6.43,0,0,0,16,8,13.4
Mayank Nagayach,T20I,10,90,93,9,50,11,1,10.0,96.77,53.76,12.9,0,0,1,31,1,28.2
PR Veer,IPL,5,90,67,2,25,10,3,45.0,134.33,37.31,19.4,0,0,1,43,0,53.3
NL Smith,T20I,6,90,111,4,64,4,4,22.5,81.08,57.66,7.21,0,0,0,26,0,26.4
BM Duckett,PSL,6,90,84,6,40,12,1,15.0,107.14,47.62,15.48,0,0,1,47,1,34.2
Kashif Daud,T20I,10,90,64,7,22,4,6,12.86,140.62,34.38,15.62,0,0,0,28,3,40.0
F Khaliq,T20I,8,90,73,6,25,9,1,15.0,123.29,34.25,13.7,0,0,1,49,1,37.1
Nithish Kumar Reddy,T20I,3,90,50,2,14,4,8,45.0,180.0,28.0,24.0,0,1,0,74,1,64.0
AD Nath,IPL,10,90,98,10,44,7,2,9.0,91.84,44.9,9.18,0,0,0,24,1,26.0
SK Atai,ODI,12,90,173,9,106,6,0,10.0,52.02,61.27,3.47,0,0,0,25,0,14.7
S Mukuddem,ODI,4,90,148,3,86,6,0,30.0,60.81,58.11,4.05,0,1,0,57,1,24.2
OC McCoy,CPL,16,90,78,10,46,7,7,9.0,115.38,58.97,17.95,0,0,0,14,3,33.1
JM Bird,BBL,24,90,105,10,39,5,0,9.0,85.71,37.14,4.76,0,0,0,13,2,23.3
CM Akachukwu,T20I,13,90,93,10,45,6,1,9.0,96.77,48.39,7.53,0,0,1,30,2,25.1
DJ Thornely,BBL,9,90,66,6,19,3,5,15.0,136.36,28.79,12.12,0,0,0,29,1,38.7
Muhammad Shoaib Ahmed,T20I,5,90,84,5,41,10,2,18.0,107.14,48.81,14.29,0,0,1,30,1,34.3
MO Jones,T20I,11,90,106,5,45,1,3,18.0,84.91,42.45,3.77,0,0,0,27,0,25.1
Hassnain Shah,ODI,9,89,79,7,42,3,8,12.71,112.66,53.16,13.92,0,0,1,42,3,32.2
TC Bastiampillai,ODI,5,89,160,5,115,11,2,17.8,55.62,71.88,8.12,0,0,1,49,0,19.9
MJ Hay,T20I,10,89,71,8,22,5,4,11.12,125.35,30.99,12.68,0,0,1,41,2,35.7
Anas Baig,T20I,6,89,62,6,29,8,5,14.83,143.55,46.77,20.97,0,1,0,66,2,42.9
MNK Fernando,ODI,5,89,132,5,84,12,0,17.8,67.42,63.64,9.09,0,1,0,50,0,23.1
PP Ojha,Test,22,89,492,10,431,7,0,8.9,18.09,87.6,1.42,0,0,0,18,4,6.9
Qais Ahmad,CPL,11,89,85,6,44,3,7,14.83,104.71,51.76,11.76,0,0,0,24,0,30.7
NLTC Perera,PSL,7,89,66,7,25,7,5,12.71,134.85,37.88,18.18,0,0,1,37,2,40.3
RR Sarwan,CPL,8,89,99,5,40,4,2,17.8,89.9,40.4,6.06,0,0,0,24,0,27.6
Bilawal Bhatti,ODI,7,89,75,6,33,10,2,14.83,118.67,44.0,16.0,0,0,1,39,1,36.6
MD Shanaka,IPL,8,89,72,7,30,5,5,12.71,123.61,41.67,13.89,0,0,0,29,1,35.4
PBB Rajapaksa,ODI,5,89,85,5,52,14,2,17.8,104.71,61.18,18.82,0,1,0,65,3,35.2
E Packard,T20I,7,89,88,6,39,5,4,14.83,101.14,44.32,10.23,0,0,0,27,0,30.2
SSD Arachchige,ODI,3,89,134,3,75,6,0,29.67,66.42,55.97,4.48,0,1,0,57,0,25.5
M Jenkinson,T20I,5,89,79,5,38,5,5,17.8,112.66,48.1,12.66,0,0,1,34,0,34.0
S Thakur,T20I,4,89,70,2,24,12,1,44.5,127.14,34.29,18.57,0,1,0,55,0,52.0
Amir Ali,T20I,6,89,59,4,20,10,2,22.25,150.85,33.9,20.34,0,0,2,32,0,48.1
JJ van der Wath,ODI,8,89,70,6,37,3,8,14.83,127.14,52.86,15.71,0,0,2,37,3,36.3
Taijul Islam,ODI,10,89,133,8,79,8,1,11.12,66.92,59.4,6.77,0,0,1,39,1,19.6
MHW Papps,Test,6,89,272,11,232,15,0,8.09,32.72,85.29,5.51,0,0,0,22,3,11.4
LG Moras,T20I,10,89,115,8,68,5,4,11.12,77.39,59.13,7.83,0,0,1,34,0,21.8
Bilal Ahmad Mir,T20I,8,89,79,7,36,8,4,12.71,112.66,45.57,15.19,0,0,0,24,0,34.2
KM Awala,T20I,11,88,105,10,50,5,1,8.8,83.81,47.62,5.71,0,0,0,23,3,22.1
SW Masakadza,Test,5,88,240,8,199,9,0,11.0,36.67,82.92,3.75,0,0,0,24,3,11.9
Zulqarnain Haider,Test,1,88,201,2,164,15,0,44.0,43.78,81.59,7.46,0,1,0,88,1,27.7
Zishan Shah,T20I,5,88,87,4,36,7,1,22.0,101.15,41.38,9.2,0,1,0,50,0,32.7
Ziaur Rehman,T20I,6,88,90,5,44,8,1,17.6,97.78,48.89,10.0,0,0,1,37,0,30.0
SS Cottrell,ODI,17,88,130,8,84,6,4,11.0,67.69,64.62,7.69,0,0,0,17,2,19.6
SA Mohandas,T20I,18,88,101,10,47,6,0,8.8,87.13,46.53,5.94,0,0,0,26,4,22.8
GH Worker,CPL,6,88,81,5,35,4,5,17.6,108.64,43.21,11.11,0,0,1,46,1,33.1
Md Shafiqul Haque,T20I,4,88,62,4,26,5,6,22.0,141.94,41.94,17.74,0,0,2,38,0,43.9
Iqbal Abdulla,IPL,13,88,84,2,33,9,1,44.0,104.76,39.29,11.9,0,0,1,33,1,43.5
K Jaikaran,T20I,13,88,134,11,78,9,0,8.0,65.67,58.21,6.72,0,0,0,25,3,18.4
J Overton,T20I,15,88,84,10,34,5,3,8.8,104.76,40.48,9.52,0,0,0,19,2,28.5
SL Malinga,IPL,22,88,99,16,55,6,5,5.5,88.89,55.56,11.11,0,0,0,17,6,24.0
Sirajullah Khadim,T20I,14,88,99,9,45,8,1,9.78,88.89,45.45,9.09,0,0,0,22,2,25.7
Flynn Zahra,T20I,10,88,79,7,32,1,6,12.57,111.39,40.51,8.86,0,0,0,24,1,30.4
D Nanda,T20I,6,88,75,4,34,9,2,22.0,117.33,45.33,14.67,0,0,1,31,1,38.0
AB Agarkar,Test,3,88,143,4,99,9,1,22.0,61.54,69.23,6.99,0,0,1,48,0,21.7
Ahmadullah Shinwari,T20I,15,88,101,9,50,8,1,9.78,87.13,49.5,8.91,0,0,1,34,4,24.8
KIC Asalanka,Test,3,88,171,6,132,11,3,14.67,51.46,77.19,8.19,0,0,0,29,0,18.2
O Casasola,T20I,10,88,149,10,96,6,0,8.8,59.06,64.43,4.03,0,0,0,25,1,15.1
Ariful Haque,Test,2,88,159,3,110,8,2,29.33,55.35,69.18,6.29,0,0,2,41,0,23.1
SE Findlay,ODI,4,88,137,3,89,9,2,29.33,64.23,64.96,8.03,0,1,0,59,0,26.1
Mohammad Farooq,PSL,4,87,69,4,39,7,7,21.75,126.09,56.52,20.29,0,1,0,63,0,41.3
T Mupariwa,ODI,21,87,200,17,150,7,2,5.12,43.5,75.0,4.5,0,0,0,20,8,11.1
J Daley,T20I,4,87,74,3,33,9,1,29.0,117.57,44.59,13.51,0,1,0,56,0,40.0
Amir Farooq,T20I,12,87,91,9,41,5,4,9.67,95.6,45.05,9.89,0,0,1,31,1,27.2
Ankit Sharma,IPL,10,87,67,7,27,7,4,12.43,129.85,40.3,16.42,0,0,1,30,1,38.0
J Essex,T20I,6,87,119,6,71,9,1,14.5,73.11,59.66,8.4,0,0,1,30,0,22.8
JL Pattinson,BBL,17,87,81,15,34,3,5,5.8,107.41,41.98,9.88,0,0,0,27,4,27.8
Ramanjot Singh,T20I,4,87,94,4,45,8,2,21.75,92.55,47.87,10.64,0,0,1,46,0,31.4
C Tear,T20I,7,87,93,7,47,9,1,12.43,93.55,50.54,10.75,0,0,1,32,0,27.7
Ayyaz Qureshi,T20I,6,87,132,5,71,7,0,17.4,65.91,53.79,5.3,0,0,1,30,0,21.7
AP Majumdar,IPL,4,87,76,4,27,7,2,21.75,114.47,35.53,11.84,0,0,2,31,0,37.0
Azam Khan,T20I,11,87,60,8,27,6,7,10.88,145.0,45.0,21.67,0,0,1,30,3,42.4
ET Smith,Test,3,87,172,5,136,15,0,17.4,50.58,79.07,8.72,0,1,0,64,2,19.5
Shakib Al Hasan,BBL,6,87,74,6,30,6,3,14.5,117.57,40.54,12.16,0,0,1,46,0,34.2
GD Elliott,Test,5,86,322,8,262,3,0,10.75,26.71,81.37,0.93,0,0,0,25,1,8.5
R Vinay Kumar,ODI,12,86,146,9,95,5,2,9.56,58.9,65.07,4.79,0,0,0,27,2,15.8
GJ Naik,WPL,4,86,70,4,25,9,1,21.5,122.86,35.71,14.29,0,1,0,73,0,39.7
FL Reifer,ODI,6,86,184,6,127,6,1,14.33,46.74,69.02,3.8,0,0,1,40,0,14.7
T Maruma,T20I,9,86,88,6,44,5,4,14.33,97.73,50.0,10.23,0,0,0,23,1,28.8
Mudassar Muhammad,T20I,3,86,88,3,39,3,4,28.67,97.73,44.32,7.95,0,0,2,33,0,33.4
RM Siri,T20I,4,86,93,4,39,7,1,21.5,92.47,41.94,8.6,0,0,1,31,0,30.8
MJ Cosgrove,BBL,8,86,90,8,42,8,2,10.75,95.56,46.67,11.11,0,0,1,32,1,28.2
Waseem Muhammad,PSL,5,86,73,5,31,9,3,17.2,117.81,42.47,16.44,0,0,1,38,2,37.8
GJ Hopkins,T20I,8,86,71,8,27,5,5,10.75,121.13,38.03,14.08,0,0,1,36,0,34.9
CD Collymore,Test,15,86,266,15,219,7,0,5.73,32.33,82.33,2.63,0,0,0,16,7,8.5
M Whelan,T20I,10,86,83,8,36,6,2,10.75,103.61,43.37,9.64,0,0,0,27,1,28.8
AR Gandhi,T20I,3,86,98,2,40,5,1,43.0,87.76,40.82,6.12,0,1,0,50,0,36.7
SM Pollock,T20I,9,86,70,7,27,4,4,12.29,122.86,38.57,11.43,0,0,1,36,3,33.9
Shamsur Rahman,T20I,8,86,85,8,44,12,1,10.75,101.18,51.76,15.29,0,1,0,53,2,31.0
J Ramanandi,T20I,13,86,97,10,46,6,2,8.6,88.66,47.42,8.25,0,0,0,19,2,24.4
SNJ O'Keefe,Test,7,86,433,9,389,11,0,9.56,19.86,89.84,2.54,0,0,0,25,2,8.2
MA Agarwal,ODI,5,86,83,5,47,12,1,17.2,103.61,56.63,15.66,0,0,1,32,0,33.3
Avi Dixit,T20I,10,86,92,9,35,6,1,9.56,93.48,38.04,7.61,0,0,0,23,1,26.3
Shoriful Islam,T20I,19,86,89,17,48,5,5,5.06,96.63,53.93,11.24,0,0,0,16,4,25.2
Ibrahim Nashath,T20I,13,86,148,10,89,3,2,8.6,58.11,60.14,3.38,0,0,0,20,2,15.1
K Nuwantha,Test,2,86,311,4,265,9,1,21.5,27.65,85.21,3.22,0,0,1,46,0,14.2
JE Taylor,CPL,16,85,84,8,43,5,5,10.62,101.19,51.19,11.9,0,0,0,17,2,28.8
MJ McClenaghan,IPL,21,85,70,13,36,5,7,6.54,121.43,51.43,17.14,0,0,0,20,6,33.5
TT Bresnan,BBL,6,85,64,4,22,7,3,21.25,132.81,34.38,15.62,0,0,1,43,1,42.0
C Webster,T20I,9,85,73,8,31,4,5,10.62,116.44,42.47,12.33,0,0,1,41,2,32.4
CL Tryon,WPL,5,85,56,3,18,9,3,28.33,151.79,32.14,21.43,0,0,1,30,0,51.5
Rahmatullah Mangal,T20I,18,85,98,14,51,5,2,6.07,86.73,52.04,7.14,0,0,0,18,4,21.8
JN du Plooy,T20I,4,85,61,3,17,3,5,28.33,139.34,27.87,13.11,0,0,2,44,0,44.9
AR Nurse,T20I,8,85,71,2,24,7,3,42.5,119.72,33.8,14.08,0,0,0,20,0,47.3
BJ Rohrer,CPL,4,85,71,3,25,4,4,28.33,119.72,35.21,11.27,0,0,0,28,0,39.9
AR Leo,T20I,11,85,133,9,78,5,1,9.44,63.91,58.65,4.51,0,0,0,24,1,17.2
CJ McKay,BBL,13,85,70,6,22,5,3,14.17,121.43,31.43,11.43,0,0,0,14,2,35.4
DGAPD Wiswi,T20I,10,85,97,7,44,7,1,12.14,87.63,45.36,8.25,0,0,0,26,0,25.9
G Chaturvedi,T20I,8,85,84,8,47,10,2,10.62,101.19,55.95,14.29,0,0,1,33,1,29.7
T Sandaruwan,T20I,14,85,74,9,29,6,3,9.44,114.86,39.19,12.16,0,0,1,31,3,32.1
NE Bonner,ODI,6,85,135,5,80,6,0,17.0,62.96,59.26,4.44,0,0,1,31,2,19.7
Imad Wasim,BBL,10,84,75,7,25,7,0,12.0,112.0,33.33,9.33,0,0,0,15,1,31.6
A Beresford-Peirse,T20I,7,84,122,7,68,3,2,12.0,68.85,55.74,4.1,0,0,2,35,1,19.0
Shenjian Zheng,T20I,6,84,60,6,33,5,8,14.0,140.0,55.0,21.67,0,0,1,31,0,41.4
Ratul Khan,T20I,7,84,89,6,36,6,1,14.0,94.38,40.45,7.87,0,0,0,20,1,28.0
Shahid Nazir,Test,5,84,175,6,137,9,1,14.0,48.0,78.29,5.71,0,0,0,27,1,15.8
J Sumerauer,ODI,3,84,74,3,29,8,2,28.0,113.51,39.19,13.51,0,0,1,35,0,39.8
JJ Atkinson,ODI,4,84,148,4,104,8,2,21.0,56.76,70.27,6.76,0,0,0,23,0,20.4
KNA Bandara,T20I,4,84,79,3,27,4,3,28.0,106.33,34.18,8.86,0,0,1,44,0,36.4
Tayyab Tahir,T20I,4,84,63,3,21,7,3,28.0,133.33,33.33,15.87,0,0,1,39,0,45.0
Puneet Arora,T20I,6,84,96,4,52,8,2,21.0,87.5,54.17,10.42,0,1,0,51,2,29.4
PI Walter,PSL,5,84,62,3,19,11,1,28.0,135.48,30.65,19.35,0,0,1,33,0,48.0
DO Obuya,T20I,7,84,123,7,66,8,0,12.0,68.29,53.66,6.5,0,0,0,28,1,20.8
BJ Holt,BBL,7,84,88,6,39,5,3,14.0,95.45,44.32,9.09,0,0,1,37,1,28.4
SI Mahmood,ODI,13,84,99,10,57,8,1,8.4,84.85,57.58,9.09,0,0,0,22,3,22.9
BD Macdonald,BBL,4,84,53,3,16,7,4,28.0,158.49,30.19,20.75,0,0,2,37,0,52.2
L Emilio,T20I,10,84,85,7,47,10,1,12.0,98.82,55.29,12.94,0,0,1,31,1,29.1
C Valente,BBL,8,84,71,5,26,8,1,16.8,118.31,36.62,12.68,0,0,0,21,0,36.1
GH Bodi,ODI,2,83,132,2,91,9,1,41.5,62.88,68.94,7.58,0,1,1,51,0,29.6
Saad Nasim,PSL,8,83,63,7,23,9,3,11.86,131.75,36.51,19.05,0,0,1,35,0,40.4
Ziaur Rahman,ODI,10,83,88,10,48,9,3,8.3,94.32,54.55,13.64,0,0,0,22,3,27.6
PR Adams,Test,4,83,169,5,124,10,0,16.6,49.11,73.37,5.92,0,0,0,18,1,17.1
GH Worker,T20I,2,83,63,2,27,6,5,41.5,131.75,42.86,17.46,0,1,0,55,0,49.5
D Forrester,T20I,5,83,77,3,32,4,4,27.67,107.79,41.56,10.39,0,0,0,21,0,36.5
CJ Nevin,ODI,7,83,141,7,99,10,0,11.86,58.87,70.21,7.09,0,0,0,29,2,17.5
B Zuiderent,T20I,4,83,95,3,41,6,1,27.67,87.37,43.16,7.37,0,0,1,43,0,31.4
AF Milne,T20I,19,83,86,10,43,1,6,8.3,96.51,50.0,8.14,0,0,0,16,3,24.9
J Botha,Test,5,83,238,4,193,9,0,20.75,34.87,81.09,3.78,0,0,0,25,0,15.3
A Saud,T20I,4,83,74,4,41,10,4,20.75,112.16,55.41,18.92,0,0,1,35,0,38.2
D Pretorius,Test,3,83,163,6,129,13,1,13.83,50.92,79.14,8.59,0,0,2,37,1,18.1
T Rajiv,T20I,5,83,68,5,30,11,2,16.6,122.06,44.12,19.12,0,0,1,36,0,39.7
RE Levi,IPL,6,83,73,6,40,10,4,13.83,113.7,54.79,19.18,0,1,0,50,2,36.1
I Khan (2),CPL,12,83,87,8,35,7,1,10.38,95.4,40.23,9.2,0,0,0,20,3,27.7
Kaif Jamadar,T20I,6,83,80,6,42,9,2,13.83,103.75,52.5,13.75,0,0,1,48,0,31.4
KE Bryce,WPL,8,83,85,4,35,8,1,20.75,97.65,41.18,10.59,0,0,0,28,0,32.6
T Banton,PSL,9,83,68,8,30,10,2,10.38,122.06,44.12,17.65,0,0,1,34,2,36.4
D Long Martinez,T20I,2,83,56,2,21,8,4,41.5,148.21,37.5,21.43,0,1,0,79,0,55.2
AJ Tye,T20I,14,83,76,8,36,5,4,10.38,109.21,47.37,11.84,0,0,0,20,3,30.3
AR Bisht,ODI,5,83,109,4,67,8,2,20.75,76.15,61.47,9.17,0,0,1,35,0,25.8
WA Agar,BBL,20,83,80,12,33,7,0,6.92,103.75,41.25,8.75,0,0,0,15,3,27.1
W Nalisa,T20I,15,82,78,9,28,7,1,9.11,105.13,35.9,10.26,0,0,1,31,2,29.9
GT Main,ODI,3,82,87,1,41,7,1,82.0,94.25,47.13,9.2,0,1,0,64,0,52.6
C Hemraj,ODI,6,82,98,6,67,13,2,13.67,83.67,68.37,15.31,0,0,1,32,0,27.3
DB Kotze,ODI,6,82,135,5,83,3,1,16.4,60.74,61.48,2.96,0,0,0,27,0,17.9
NJ Maddinson,CPL,5,82,80,5,43,11,2,16.4,102.5,53.75,16.25,0,1,0,50,1,33.7
B Mavuta,Test,4,82,206,7,167,11,1,11.71,39.81,81.07,5.83,0,1,0,56,2,13.9
M Gouws,T20I,7,82,58,7,23,5,5,11.71,141.38,39.66,17.24,0,0,1,37,1,40.0
Rizwan Hussain,PSL,8,82,77,8,32,9,1,10.25,106.49,41.56,12.99,0,0,0,22,0,31.5
NM Coulter-Nile,IPL,16,82,72,11,36,7,4,7.45,113.89,50.0,15.28,0,0,0,24,0,31.8
Nyeing Cham Soe,T20I,16,82,106,9,53,5,2,9.11,77.36,50.0,6.6,0,0,0,27,2,21.5
TS Roland-Jones,Test,4,82,118,4,85,10,3,20.5,69.49,72.03,11.02,0,0,0,25,0,24.8
Jun Hyunwoo,T20I,12,82,129,12,87,4,5,6.83,63.57,67.44,6.98,0,0,0,26,3,16.5
RL Vitas,T20I,6,82,109,2,56,7,2,41.0,75.23,51.38,8.26,0,0,1,37,0,34.1
TD Paine,T20I,9,82,77,8,34,7,3,10.25,106.49,44.16,12.99,0,0,0,25,2,31.1
Muhammad Amin,T20I,9,82,84,8,50,10,3,10.25,97.62,59.52,15.48,0,1,0,51,2,29.3
DR Hooper,T20I,9,82,103,6,42,2,1,13.67,79.61,40.78,2.91,0,0,0,18,1,22.4
Ahmed Wardak,T20I,8,82,76,5,36,7,3,16.4,107.89,47.37,13.16,0,0,0,29,0,33.3
Ranjit Singh,T20I,5,82,56,5,20,8,3,16.4,146.43,35.71,19.64,0,1,0,51,1,44.6
B Lee,BBL,14,82,69,8,29,6,3,10.25,118.84,42.03,13.04,0,0,0,22,3,33.2
Raihan Stanikzai,T20I,4,82,51,4,22,10,4,20.5,160.78,43.14,27.45,0,1,0,51,1,52.3
Shahnawaz Patel,T20I,8,82,81,6,33,7,1,13.67,101.23,40.74,9.88,0,0,0,29,0,30.1
TA Willett,CPL,7,81,90,6,49,4,5,13.5,90.0,54.44,10.0,0,0,1,31,1,26.6
JR Newton,T20I,5,81,93,5,37,5,1,16.2,87.1,39.78,6.45,0,1,0,50,0,26.9
Nasir Aziz,ODI,2,81,122,2,83,11,0,40.5,66.39,68.03,9.02,0,1,0,60,0,30.8
PWH de Silva,IPL,19,81,88,15,41,7,1,5.4,92.05,46.59,9.09,0,0,0,18,5,24.3
LA Carseldine,IPL,5,81,68,4,27,11,0,20.25,119.12,39.71,16.18,0,0,1,39,0,39.4
NK Yadav,T20I,8,81,36,4,11,4,8,20.25,225.0,30.56,33.33,0,0,1,37,1,58.3
Edward Fleming,T20I,8,81,85,7,41,8,1,11.57,95.29,48.24,10.59,0,0,1,36,2,27.9
Mahbubul Alam,ODI,2,81,71,2,34,3,4,40.5,114.08,47.89,9.86,0,1,0,59,0,40.9
Yahya Suhail,T20I,8,81,157,7,109,7,1,11.57,51.59,69.43,5.1,0,1,0,53,0,15.1
CM Wright,ODI,6,81,139,5,82,4,1,16.2,58.27,58.99,3.6,0,0,1,37,0,18.3
AM Phangiso,ODI,13,81,162,11,107,5,0,7.36,50.0,66.05,3.09,0,0,0,20,3,12.5
Vamshi Reddy,T20I,6,81,112,6,67,8,1,13.5,72.32,59.82,8.04,0,0,1,39,0,22.0
K Pierre,ODI,8,81,130,3,81,5,3,27.0,62.31,62.31,6.15,0,0,0,22,0,24.1
CJ Jordan,IPL,12,81,77,10,34,3,3,8.1,105.19,44.16,7.79,0,0,1,30,1,26.7
MN Samuels,PSL,5,81,67,4,21,5,3,20.25,120.9,31.34,11.94,0,0,1,37,0,38.0
Usman Khan (2),PSL,1,81,50,1,18,10,3,81.0,162.0,36.0,26.0,0,1,0,81,0,74.8
J Little,ODI,14,81,87,10,53,11,2,8.1,93.1,60.92,14.94,0,0,0,29,3,27.3
SI Mahmood,Test,7,81,161,10,116,10,0,8.1,50.31,72.05,6.21,0,0,1,34,3,14.3
Shahid Afridi,IPL,9,81,46,8,20,7,6,10.12,176.09,43.48,28.26,0,0,1,33,1,51.0
Shahbaz Badar,T20I,10,81,89,9,39,6,1,9.0,91.01,43.82,7.87,0,0,1,44,3,25.1
Mohammad Faiq,PSL,5,81,63,4,20,9,1,20.25,128.57,31.75,15.87,0,0,1,34,0,41.6
WPUJC Vaas,IPL,11,81,73,8,24,2,3,10.12,110.96,32.88,6.85,0,0,0,20,3,29.2
Ansar Iqbal,T20I,6,80,81,6,42,9,2,13.33,98.77,51.85,13.58,0,0,0,28,0,30.5
S Williams,T20I,12,80,91,4,43,8,1,20.0,87.91,47.25,9.89,0,0,0,22,1,29.7
Jaspreet Singh,T20I,12,80,75,9,31,6,2,8.89,106.67,41.33,10.67,0,0,0,21,3,29.5
Inam-ul-Haq,T20I,3,80,72,3,30,11,0,26.67,111.11,41.67,15.28,0,0,1,41,0,39.8
H Kaushik,ODI,4,80,92,4,53,2,6,20.0,86.96,57.61,8.7,0,1,0,53,0,27.3
GR Codrington,ODI,6,80,118,5,74,8,2,16.0,67.8,62.71,8.47,0,0,1,31,0,22.2
Zohaib Sarwar,T20I,9,80,72,6,33,2,6,13.33,111.11,45.83,11.11,0,0,1,33,3,31.4
SJ Harmison,ODI,18,80,133,10,71,2,0,8.0,60.15,53.38,1.5,0,0,0,18,2,14.8
N Dutta,T20I,7,80,50,3,14,5,5,26.67,160.0,28.0,20.0,0,0,0,27,0,51.7
WCF Smeed,CPL,4,80,59,4,22,6,4,20.0,135.59,37.29,16.95,0,1,0,63,0,42.4
B Balala,T20I,19,80,130,9,70,2,2,8.89,61.54,53.85,3.08,0,0,0,19,2,16.4
U Chetry,WPL,7,80,102,6,51,9,0,13.33,78.43,50.0,8.82,0,0,0,24,0,24.7
K Birkenstock,T20I,3,80,44,3,15,9,4,26.67,181.82,34.09,29.55,0,1,0,59,0,60.0
CD Hartley,BBL,10,80,79,4,26,6,0,20.0,101.27,32.91,7.59,0,0,0,23,1,32.0
MR Gillespie,ODI,10,80,93,5,56,8,1,16.0,86.02,60.22,9.68,0,0,0,28,1,25.9
CP Tremain,BBL,16,80,68,6,29,6,3,13.33,117.65,42.65,13.24,0,0,1,37,4,34.2
RV Patel,IPL,7,80,73,5,26,6,2,16.0,109.59,35.62,10.96,0,0,0,23,0,33.6
PM Siddle,BBL,26,80,92,11,52,6,3,7.27,86.96,56.52,9.78,0,0,0,12,5,23.4
C White,ODI,4,79,81,3,31,6,0,26.33,97.53,38.27,7.41,0,0,1,35,0,33.0
PS Airee,T20I,10,79,94,10,53,9,1,7.9,84.04,56.38,10.64,0,0,0,29,4,23.8
J Merlo,BBL,14,79,87,11,31,6,0,7.18,90.8,35.63,6.9,0,0,0,15,0,24.9
Khuzaima Tanveer,ODI,5,79,74,4,37,2,7,19.75,106.76,50.0,12.16,0,0,1,49,0,33.3
MP Kuhnemann,BBL,21,79,90,9,49,6,3,8.78,87.78,54.44,10.0,0,0,1,31,5,24.5
MA Sherry,T20I,8,79,88,6,34,5,1,13.17,89.77,38.64,6.82,0,0,0,24,0,26.6
Hammad Azam,ODI,6,79,129,5,81,5,2,15.8,61.24,62.79,5.43,0,0,2,36,0,19.2
E Schiferli,ODI,8,79,129,7,96,12,0,11.29,61.24,74.42,9.3,0,0,0,22,0,19.1
Usman Khan,CPL,5,79,66,5,30,7,4,15.8,119.7,45.45,16.67,0,0,0,28,0,37.3
TD Astle,ODI,4,79,77,3,32,5,2,26.33,102.6,41.56,9.09,0,0,1,49,0,34.4
SC Kuggeleijn,T20I,7,79,37,4,9,5,7,19.75,213.51,24.32,32.43,0,0,1,35,2,59.1
Babar Azam,CPL,5,79,95,5,37,2,1,15.8,83.16,38.95,3.16,0,0,0,23,0,24.1
SR Patel,CPL,9,79,84,6,41,6,3,13.17,94.05,48.81,10.71,0,0,1,34,1,28.3
DS Smith,CPL,6,79,74,6,39,10,2,13.17,106.76,52.7,16.22,0,0,0,29,1,33.2
GJ van Rensburg,T20I,6,79,110,6,59,5,1,13.17,71.82,53.64,5.45,0,0,1,32,0,21.0
D Langford-Smith,ODI,9,79,83,5,42,6,2,15.8,95.18,50.6,9.64,0,0,0,18,0,28.5
LA Dawson,T20I,9,79,69,7,30,9,2,11.29,114.49,43.48,15.94,0,0,1,34,0,34.7
RML Taylor,T20I,5,79,52,2,12,5,4,39.5,151.92,23.08,17.31,0,0,1,41,0,54.3
M Spoors,BBL,6,79,79,4,36,5,3,19.75,100.0,45.57,10.13,0,0,0,29,1,31.7
WG Jacks,BBL,8,79,69,8,30,3,5,9.88,114.49,43.48,11.59,0,0,1,34,3,31.2
S Badrinath,ODI,6,79,172,5,116,4,0,15.8,45.93,67.44,2.33,0,0,0,27,0,14.3
Asif Ali,BBL,8,79,59,8,30,5,6,9.88,133.9,50.85,18.64,0,0,1,41,0,37.6
AD Mascarenhas,IPL,11,79,78,9,28,5,1,8.78,101.28,35.9,7.69,0,0,0,27,2,27.5
UT Yadav,ODI,21,79,134,10,87,8,1,7.9,58.96,64.93,6.72,0,0,0,18,4,16.5
D Potgieter,CPL,5,79,65,3,21,4,3,26.33,121.54,32.31,10.77,0,0,0,24,0,39.4
Murid Ekrami,T20I,12,79,76,9,35,9,1,8.78,103.95,46.05,13.16,0,0,0,18,2,30.0
F Mutua,T20I,13,78,60,11,24,6,4,7.09,130.0,40.0,16.67,0,0,1,31,3,36.2
AS Roy,IPL,14,78,64,8,23,6,2,9.75,121.88,35.94,12.5,0,0,0,29,5,33.9
MJ Cosgrove,ODI,2,78,78,2,43,7,2,39.0,100.0,55.13,11.54,0,1,0,74,0,38.4
S Lamichhane,T20I,21,78,87,12,35,3,2,6.5,89.66,40.23,5.75,0,0,0,16,3,23.1
JR Philippe,IPL,5,78,77,4,35,9,1,19.5,101.3,45.45,12.99,0,0,2,33,1,33.7
Sagar Pun,T20I,7,78,87,7,45,11,0,11.14,89.66,51.72,12.64,0,0,0,20,0,27.8
Saran Aslam,T20I,6,78,41,5,11,5,6,15.6,190.24,26.83,26.83,0,0,1,47,1,55.0
SF Mire,Test,2,78,135,4,105,12,1,19.5,57.78,77.78,9.63,0,0,1,47,1,21.9
R Gowthaman,T20I,5,78,95,5,44,3,1,15.6,82.11,46.32,4.21,0,0,0,29,0,23.6
Sahil Tarakhil,T20I,4,78,61,4,27,7,4,19.5,127.87,44.26,18.03,0,1,0,57,0,40.9
RR Bastiansz,T20I,3,78,73,3,32,5,3,26.0,106.85,43.84,10.96,0,0,1,46,0,35.8
JA Duffy,Test,4,78,104,4,73,14,0,19.5,75.0,70.19,13.46,0,0,1,36,0,26.8
Sami Aslam,ODI,4,78,117,4,70,9,0,19.5,66.67,59.83,7.69,0,0,1,45,0,23.3
CD Barnwell,T20I,6,78,62,4,24,4,4,19.5,125.81,38.71,12.9,0,0,1,34,1,38.0
Rejaul Karim,T20I,5,78,60,4,31,10,3,19.5,130.0,51.67,21.67,0,0,1,38,0,42.6
A Bramble,CPL,12,78,95,10,51,7,1,7.8,82.11,53.68,8.42,0,0,0,14,1,22.4
IG Butler,ODI,8,78,125,6,84,6,2,13.0,62.4,67.2,6.4,0,0,0,25,1,18.3
R Ramadhasyena,T20I,2,78,48,1,18,8,4,78.0,162.5,37.5,25.0,0,1,0,56,0,73.2
SP Khakurel,ODI,5,78,160,5,109,3,1,15.6,48.75,68.12,2.5,0,1,0,50,1,14.7
WB Rankin,ODI,21,78,179,7,125,3,1,11.14,43.58,69.83,2.23,0,0,0,18,3,11.9
CR Woakes,IPL,12,78,77,6,33,7,2,13.0,101.3,42.86,11.69,0,0,0,18,0,30.7
NLTC Perera,CPL,10,78,78,8,32,5,3,9.75,100.0,41.03,10.26,0,0,0,20,0,28.6
S Molineux,WPL,7,78,84,6,38,10,0,13.0,92.86,45.24,11.9,0,0,1,33,0,29.4
J Andrew,T20I,5,78,80,5,44,5,4,15.6,97.5,55.0,11.25,0,0,1,35,0,29.2
Ishan Kishan,Test,2,78,91,1,51,8,2,78.0,85.71,56.04,10.99,0,1,0,52,0,50.6
M Dillon,Test,3,78,161,4,128,10,1,19.5,48.45,79.5,6.83,0,0,0,27,0,18.7
Jaswinder Singh,T20I,18,78,103,12,58,5,1,6.5,75.73,56.31,5.83,0,0,0,23,2,18.9
Y Cariah,CPL,3,78,57,3,12,8,0,26.0,136.84,21.05,14.04,0,1,0,65,1,45.2
M Dixit,T20I,11,78,72,9,26,3,2,8.67,108.33,36.11,6.94,0,0,0,25,2,27.9
PC de Silva,ODI,6,77,96,5,50,9,0,15.4,80.21,52.08,9.38,0,0,1,44,0,25.8
VM Nyauchi,Test,8,77,199,8,160,10,0,9.62,38.69,80.4,5.03,0,0,0,13,1,12.4
Ameel Mauroof,T20I,13,77,120,9,63,3,1,8.56,64.17,52.5,3.33,0,0,0,13,1,17.0
P Utseya,T20I,17,77,96,10,44,5,1,7.7,80.21,45.83,6.25,0,0,0,13,3,21.8
Ravinderpal Singh,ODI,5,77,102,5,58,5,3,15.4,75.49,56.86,7.84,0,0,1,34,0,23.5
Khurram Chohan,ODI,9,77,137,6,87,5,2,12.83,56.2,63.5,5.11,0,0,0,22,0,17.1
V Aritharan,T20I,4,77,39,2,15,5,7,38.5,197.44,38.46,30.77,0,0,1,45,0,64.1
KA Jamieson,IPL,10,77,73,5,39,6,4,15.4,105.48,53.42,13.7,0,0,0,16,0,32.0
BM Scholtz,T20I,24,77,85,10,33,7,0,7.7,90.59,38.82,8.24,0,0,0,9,5,25.5
OSB Tilley,T20I,9,77,93,8,47,10,0,9.62,82.8,50.54,10.75,0,0,0,22,0,25.2
YS Chahal,ODI,14,77,141,9,99,8,0,8.56,54.61,70.21,5.67,0,0,0,18,1,14.7
GC Galanis,T20I,12,77,65,8,25,6,3,9.62,118.46,38.46,13.85,0,0,0,19,0,33.9
XC Bartlett,T20I,12,77,71,7,35,8,3,11.0,108.45,49.3,15.49,0,0,1,34,3,32.6
MK Anafie,T20I,6,77,66,4,32,5,5,19.25,116.67,48.48,15.15,0,0,1,41,0,36.7
M Kpaka,T20I,14,77,140,13,83,0,1,5.92,55.0,59.29,0.71,0,0,0,16,4,12.0
SC Joseph,ODI,5,77,150,5,103,6,1,15.4,51.33,68.67,4.67,0,1,0,58,1,16.3
DP Vaidya,WPL,7,77,80,6,32,9,0,12.83,96.25,40.0,11.25,0,0,1,36,1,30.1
HV Patel,T20I,10,77,57,6,24,9,3,12.83,135.09,42.11,21.05,0,0,0,18,1,41.7
GM Ewing,ODI,6,77,114,6,62,7,0,12.83,67.54,54.39,6.14,0,0,1,46,2,20.6
R Hekure,T20I,15,77,99,13,54,8,0,5.92,77.78,54.55,8.08,0,0,0,18,3,20.7
BK Majji,T20I,3,77,82,3,30,3,2,25.67,93.9,36.59,6.1,0,0,1,30,0,31.6
OA Shah,CPL,6,77,91,5,45,4,3,15.4,84.62,49.45,7.69,0,0,1,42,1,25.7
D Kalvin,T20I,9,77,118,7,71,4,1,11.0,65.25,60.17,4.24,0,0,1,30,2,17.5
S Bodha,T20I,12,77,70,8,27,7,1,9.62,110.0,38.57,11.43,0,0,0,25,1,31.1
NM Lyon,ODI,13,77,83,4,44,7,2,19.25,92.77,53.01,10.84,0,0,1,30,1,29.9
CJ Gannon,BBL,10,77,79,6,37,7,1,12.83,97.47,46.84,10.13,0,0,0,23,1,28.5
B Likavu,T20I,4,77,40,3,13,6,6,25.67,192.5,32.5,30.0,0,0,1,49,0,60.1
VS Solanki,T20I,3,76,61,3,24,10,1,25.33,124.59,39.34,18.03,0,0,1,43,0,43.3
Shoaib Rafiq,T20I,14,76,82,10,42,3,4,7.6,92.68,51.22,8.54,0,0,0,24,4,24.2
AL Kerai,T20I,8,76,123,7,75,2,2,10.86,61.79,60.98,3.25,0,0,0,24,2,16.2
EM Turay,T20I,11,76,107,8,65,9,0,9.5,71.03,60.75,8.41,0,0,1,35,3,20.5
B Akhil,IPL,11,76,55,6,24,5,5,12.67,138.18,43.64,18.18,0,0,0,27,2,39.9
IECM Wong,WPL,6,76,52,4,14,5,4,19.0,146.15,26.92,17.31,0,0,1,32,2,45.2
A Flintoff,T20I,7,76,60,6,20,7,2,12.67,126.67,33.33,15.0,0,0,1,31,1,37.7
RA Mariu,ODI,2,76,86,2,50,9,2,38.0,88.37,58.14,12.79,0,1,0,58,0,36.9
Alam Nakash,T20I,9,76,83,9,37,4,1,8.44,91.57,44.58,6.02,0,0,0,24,2,23.6
KJ Abbott,ODI,13,76,126,9,72,6,0,8.44,60.32,57.14,4.76,0,0,0,23,1,16.7
N Master,T20I,5,76,63,3,23,7,2,25.33,120.63,36.51,14.29,0,0,1,35,0,40.7
R Baruah,T20I,7,76,45,4,13,5,5,19.0,168.89,28.89,22.22,0,0,1,48,1,51.4
Imran Farhat,T20I,7,76,70,7,42,15,0,10.86,108.57,60.0,21.43,0,0,0,19,1,35.0
AS Hansra,T20I,7,76,73,5,33,4,3,15.2,104.11,45.21,9.59,0,0,1,30,0,30.2
WP Myburgh,ODI,5,76,167,5,107,2,0,15.2,45.51,64.07,1.2,0,0,2,43,2,13.8
IR Jaggi,IPL,7,76,97,5,48,6,0,15.2,78.35,49.48,6.19,0,0,0,28,0,23.8
S Chattergoon,Test,2,76,128,4,88,9,0,19.0,59.38,68.75,7.03,0,0,1,46,0,20.4
Swann Htet Ko Ko,T20I,16,76,125,13,75,1,3,5.85,60.8,60.0,3.2,0,0,0,11,4,14.3
Saqib Zulfiqar,T20I,6,76,69,5,22,4,2,15.2,110.14,31.88,8.7,0,0,0,25,0,32.4
Syed Rasel,ODI,22,76,163,13,115,7,0,5.85,46.63,70.55,4.29,0,0,0,15,4,11.6
H Khuttan,T20I,6,75,51,5,21,4,6,15.0,147.06,41.18,19.61,0,0,1,30,1,43.4
KDK Vithanage,ODI,6,75,90,5,53,11,0,15.0,83.33,58.89,12.22,0,0,0,27,0,27.0
AC Botha,T20I,6,75,81,5,45,10,0,15.0,92.59,55.56,12.35,0,0,0,28,1,28.9
M Vivekanandan,T20I,12,75,159,12,120,8,0,6.25,47.17,75.47,5.03,0,0,0,25,4,12.4
Omid Rahimi,T20I,3,75,39,2,10,8,4,37.5,192.31,25.64,30.77,0,1,0,55,0,65.5
VC Drakes,Test,2,75,149,3,117,10,1,25.0,50.34,78.52,7.38,0,0,0,27,0,21.4
Qais Ahmad,BBL,12,75,72,9,33,3,5,8.33,104.17,45.83,11.11,0,0,0,16,1,28.6
Z Burgess,T20I,12,75,54,8,29,3,7,9.38,138.89,53.7,18.52,0,0,0,19,4,37.6
Zain Asif,T20I,3,75,47,3,23,6,6,25.0,159.57,48.94,25.53,0,0,2,43,0,51.7
DAP Darrell,T20I,9,75,85,8,42,1,5,9.38,88.24,49.41,7.06,0,0,1,30,1,23.5
Utkarsh Srivastava,ODI,2,75,73,2,24,6,1,37.5,102.74,32.88,9.59,0,1,0,67,0,40.1
P Dakainivanua,T20I,11,75,99,10,47,6,0,7.5,75.76,47.47,6.06,0,0,1,39,3,20.7
CA Lynn,ODI,4,75,89,4,58,6,3,18.75,84.27,65.17,10.11,0,0,1,44,1,26.3
JJ Bumrah,IPL,30,75,86,8,38,6,1,9.38,87.21,44.19,8.14,0,0,0,16,5,24.9
S Jamil,T20I,10,75,84,6,47,10,0,12.5,89.29,55.95,11.9,0,0,1,30,2,27.1
TR Birt,IPL,5,75,58,5,25,9,2,15.0,129.31,43.1,18.97,0,0,0,27,0,40.2
G Oliveira,T20I,12,75,76,5,45,4,4,15.0,98.68,59.21,10.53,0,0,0,15,0,28.0
Mohammed Jamadar,T20I,5,75,97,5,63,11,0,15.0,77.32,64.95,11.34,0,0,1,31,0,24.8
KW Richardson,ODI,12,75,68,5,40,7,4,15.0,110.29,58.82,16.18,0,0,0,24,2,33.4
Tejwinder Singh,T20I,8,75,37,7,11,5,5,10.71,202.7,29.73,27.03,0,0,0,22,2,52.9
A Kamboj,IPL,10,74,52,3,14,5,4,24.67,142.31,26.92,17.31,0,0,0,19,1,46.8
A Flintoff,BBL,6,74,60,5,22,6,2,14.8,123.33,36.67,13.33,0,0,1,46,1,36.4
SW Poynter,ODI,7,74,101,6,55,7,0,12.33,73.27,54.46,6.93,0,0,1,36,0,21.8
IDR Bradshaw,Test,3,74,280,6,227,8,0,12.33,26.43,81.07,2.86,0,0,1,33,1,10.3
RA Whiteley,BBL,9,74,72,5,25,2,3,14.8,102.78,34.72,6.94,0,0,0,28,1,29.6
Javid Patel,T20I,14,74,106,13,61,3,4,5.69,69.81,57.55,6.6,0,0,0,16,1,18.1
BP Martin,Test,5,74,141,5,113,14,0,14.8,52.48,80.14,9.93,0,0,1,41,1,19.6
Sapan Mehta,T20I,5,74,82,5,33,3,0,14.8,90.24,40.24,3.66,0,0,1,33,0,24.9
Rehan Ahmed,T20I,9,74,52,5,26,6,5,14.8,142.31,50.0,21.15,0,0,0,19,1,42.4
Rudolph Fox,T20I,8,74,80,5,37,4,3,14.8,92.5,46.25,8.75,0,0,0,24,0,27.7
J Masquater,T20I,7,74,106,7,69,9,2,10.57,69.81,65.09,10.38,0,0,1,32,2,21.4
Aamer Jamal,T20I,4,74,38,3,11,4,6,24.67,194.74,28.95,26.32,0,0,1,41,0,57.8
NJ Astle,T20I,4,74,67,3,27,7,2,24.67,110.45,40.3,13.43,0,0,1,40,0,37.9
MM Patel,ODI,24,74,112,11,68,7,1,6.73,66.07,60.71,7.14,0,0,0,15,4,17.9
SE Rutherford,BBL,6,74,67,5,25,6,2,14.8,110.45,37.31,11.94,0,0,1,39,0,33.6
DL Vettori,BBL,8,73,62,5,21,5,2,14.6,117.74,33.87,11.29,0,0,1,40,1,34.6
M Klinger,IPL,4,73,77,4,34,9,0,18.25,94.81,44.16,11.69,0,0,0,29,0,31.6
SS McKechnie,ODI,6,73,138,6,84,4,0,12.17,52.9,60.87,2.9,0,0,0,29,2,15.3
CA Young,T20I,22,73,100,11,58,5,2,6.64,73.0,58.0,7.0,0,0,0,22,3,19.1
Bilal Asif,Test,4,73,176,8,137,6,1,9.12,41.48,77.84,3.98,0,0,0,15,2,11.9
Utkarsh Jain,T20I,11,73,78,4,30,5,1,18.25,93.59,38.46,7.69,0,0,0,24,2,29.6
MN Samuels,BBL,6,73,60,5,27,11,1,14.6,121.67,45.0,20.0,0,0,0,21,1,39.4
AJ Strauss,T20I,4,73,64,4,25,9,0,18.25,114.06,39.06,14.06,0,0,1,33,1,36.6
Khurram Khan,T20I,3,73,73,3,31,8,1,24.33,100.0,42.47,12.33,0,0,1,31,0,35.3
A Lyth,BBL,7,73,76,7,38,8,0,10.43,96.05,50.0,10.53,0,0,1,35,0,27.2
CO Browne,Test,2,73,93,3,59,5,4,24.33,78.49,63.44,9.68,0,1,0,68,1,27.5
RR Sarwan,IPL,4,73,75,4,31,6,1,18.25,97.33,41.33,9.33,0,0,1,31,0,30.8
CS Baugh,CPL,6,73,70,5,34,5,3,14.6,104.29,48.57,11.43,0,0,1,32,0,30.8
DS Weerakkody,ODI,3,73,66,3,28,9,1,24.33,110.61,42.42,15.15,0,1,0,58,0,38.6
Kasir Ahmed,T20I,7,73,93,7,36,1,0,10.43,78.49,38.71,1.08,0,0,0,19,0,20.1
Bilal Safdar,T20I,8,73,86,6,40,7,0,12.17,84.88,46.51,8.14,0,0,1,37,0,25.2
Madhawa Basnayaka,T20I,7,73,61,5,28,5,4,14.6,119.67,45.9,14.75,0,0,0,20,1,35.5
JS Foster,Test,2,73,231,3,188,5,0,24.33,31.6,81.39,2.16,0,0,1,48,0,15.1
Mohammad Amin,T20I,4,73,76,3,32,3,3,24.33,96.05,42.11,7.89,0,0,1,32,0,31.8
Waheed Ahmed,ODI,6,73,129,5,92,8,2,14.6,56.59,71.32,7.75,0,0,0,23,1,18.6
T Panyangara,Test,6,73,198,8,172,13,0,9.12,36.87,86.87,6.57,0,0,0,24,2,13.0
NT Broom,T20I,7,73,68,6,29,8,1,12.17,107.35,42.65,13.24,0,0,1,36,0,32.3
J Gumbie,Test,1,73,144,2,111,10,0,36.5,50.69,77.08,6.94,0,0,1,49,0,25.5
Anser Mehmood,T20I,4,73,70,3,30,4,3,24.33,104.29,42.86,10.0,0,0,0,29,0,34.3
NA McSweeney,Test,3,72,212,5,180,11,0,14.4,33.96,84.91,5.19,0,0,1,39,1,13.7
I Sharma,ODI,26,72,203,15,153,6,0,4.8,35.47,75.37,2.96,0,0,0,13,5,8.8
P Sarraf,ODI,10,72,116,9,75,6,2,8.0,62.07,64.66,6.9,0,0,0,15,2,17.1
Hassan Khan,T20I,6,72,61,4,21,4,3,18.0,118.03,34.43,11.48,0,1,0,51,2,36.0
J Smits,ODI,8,72,195,5,143,4,0,14.4,36.92,73.33,2.05,0,0,0,26,1,12.0
Delroy Leo,T20I,6,72,88,6,45,5,2,12.0,81.82,51.14,7.95,0,0,1,31,0,24.0
WJ Pucovski,Test,1,72,126,2,95,6,0,36.0,57.14,75.4,4.76,0,1,0,62,0,24.7
KV Morea,ODI,12,72,116,6,73,5,1,12.0,62.07,62.93,5.17,0,0,0,17,1,17.7
KV Morea,T20I,14,72,69,7,29,5,3,10.29,104.35,42.03,11.59,0,0,0,16,2,30.2
BMAJ Mendis,CPL,8,72,73,8,31,4,3,9.0,98.63,42.47,9.59,0,0,0,17,1,27.5
PE Kruger,T20I,5,72,60,4,23,6,3,18.0,120.0,38.33,15.0,0,0,1,44,0,38.0
SD Outerbridge,ODI,9,72,137,9,97,7,0,8.0,52.55,70.8,5.11,0,0,1,42,3,13.8
LH Ferguson,IPL,8,72,47,3,12,7,2,24.0,153.19,25.53,19.15,0,0,0,24,1,49.5
DR Brown,ODI,4,72,115,3,66,6,0,24.0,62.61,57.39,5.22,0,0,1,45,1,23.1
Mohmedazim Abbasbhai,T20I,6,72,75,6,41,9,1,12.0,96.0,54.67,13.33,0,0,0,26,1,29.0
KM Dabengwa,Test,2,72,117,4,91,11,2,18.0,61.54,77.78,11.11,0,0,1,35,0,22.8
TL Best,ODI,13,72,110,7,65,7,0,10.29,65.45,59.09,6.36,0,0,0,24,1,18.9
TP Visee,ODI,3,72,66,3,42,12,2,24.0,109.09,63.64,21.21,0,0,1,41,0,39.3
RA Thomas,T20I,7,72,91,6,50,7,1,12.0,79.12,54.95,8.79,0,0,0,18,1,23.6
DLR Smith,BBL,14,72,100,13,54,7,0,5.54,72.0,54.0,7.0,0,0,0,21,3,19.1
OJ Herrington,T20I,5,72,70,4,34,1,5,18.0,102.86,48.57,8.57,0,0,1,44,0,29.9
KO Meth,Test,2,72,129,3,96,7,2,24.0,55.81,74.42,6.98,0,0,1,31,0,21.5
JE Marks,T20I,6,72,77,6,32,4,2,12.0,93.51,41.56,7.79,0,0,0,28,0,26.9
ML Udawatte,T20I,7,71,72,7,32,8,1,10.14,98.61,44.44,12.5,0,0,0,25,2,29.6
KJ Garth,WPL,8,71,79,3,28,5,0,23.67,89.87,35.44,6.33,0,0,1,32,0,30.6
Parvez Hossain Emon,PSL,3,71,44,3,16,2,7,23.67,161.36,36.36,20.45,0,0,1,45,0,49.8
KIC Asalanka,PSL,5,71,60,4,24,7,2,17.75,118.33,40.0,15.0,0,0,2,33,1,37.5
Vishnu Vinod,IPL,7,71,65,6,28,4,4,11.83,109.23,43.08,12.31,0,0,1,30,0,31.8
Shamsullah Ehsan,T20I,8,71,98,8,56,7,0,8.88,72.45,57.14,7.14,0,0,1,39,1,20.1
MO Kain,T20I,6,71,50,5,14,5,3,14.2,142.0,28.0,16.0,0,0,1,39,2,41.8
P Zuze,T20I,12,71,111,11,65,6,0,6.45,63.96,58.56,5.41,0,0,0,21,2,16.6
GHS Garton,BBL,10,71,56,9,24,6,3,7.89,126.79,42.86,16.07,0,0,0,19,1,35.3
R Ankad,T20I,9,71,100,7,56,5,0,10.14,71.0,56.0,5.0,0,0,0,20,0,19.1
Jaweed Sadran,T20I,11,71,60,9,25,6,2,7.89,118.33,41.67,13.33,0,0,0,18,1,32.4
GJ Hopkins,Test,4,71,277,6,236,8,0,11.83,25.63,85.2,2.89,0,0,0,15,0,10.0
Mujeeb Ur Rahman,CPL,10,71,60,5,29,6,4,14.2,118.33,48.33,16.67,0,0,0,19,1,36.1
SH Obed,T20I,11,71,67,5,26,4,2,14.2,105.97,38.81,8.96,0,0,0,21,1,30.6
Ali Yalmaz,T20I,9,71,58,8,24,2,6,8.88,122.41,41.38,13.79,0,0,0,19,1,33.7
Abdul Stanikzai,T20I,4,71,86,4,51,4,3,17.75,82.56,59.3,8.14,0,0,0,24,0,25.2
AW Robinson,BBL,5,71,57,5,27,8,3,14.2,124.56,47.37,19.3,0,0,0,25,0,38.8
SM Curran,BBL,3,71,51,2,17,7,2,35.5,139.22,33.33,17.65,0,1,0,53,0,49.8
SM Boland,BBL,20,71,81,7,35,7,0,10.14,87.65,43.21,8.64,0,0,0,10,3,25.7
Wasim Akram,ODI,5,71,69,3,34,10,1,23.67,102.9,49.28,15.94,0,0,1,33,0,36.9
CR Brathwaite,BBL,14,71,64,11,29,7,2,6.45,110.94,45.31,14.06,0,0,0,21,1,30.8
Wei Guo Lei,T20I,9,71,116,9,87,9,2,7.89,61.21,75.0,9.48,0,0,0,24,3,17.9
Arshdeep Singh,ODI,11,71,58,8,29,7,3,8.88,122.41,50.0,17.24,0,0,0,18,3,34.8
Ashwin Vinod,T20I,13,71,69,5,34,3,3,14.2,102.9,49.28,8.7,0,0,0,15,1,28.5
R Walker,T20I,9,71,99,8,51,3,1,8.88,71.72,51.52,4.04,0,0,1,33,0,18.7
Mahmudullah,PSL,5,71,59,3,21,6,2,23.67,120.34,35.59,13.56,0,0,0,29,1,39.7
JDF Vandersay,Test,2,71,77,4,53,11,2,17.75,92.21,68.83,16.88,0,1,0,53,0,31.0
TL Chivanga,Test,7,71,217,10,186,7,3,7.1,32.72,85.71,4.61,0,0,0,22,2,10.4
TK Musakanda,Test,3,71,165,6,129,8,1,11.83,43.03,78.18,5.45,0,0,1,43,2,14.2
TK Patel,ODI,6,71,148,4,102,7,0,17.75,47.97,68.92,4.73,0,1,0,50,0,16.7
DS Maraiwai,T20I,5,71,61,5,31,11,1,14.2,116.39,50.82,19.67,0,0,0,23,1,37.5
Kapil Kumar,T20I,5,71,105,5,65,6,2,14.2,67.62,61.9,7.62,0,0,0,23,0,21.1
SK Rasheed,IPL,5,71,63,5,34,9,2,14.2,112.7,53.97,17.46,0,0,0,27,1,35.0
Muhammad Saleem,T20I,7,71,59,7,30,5,5,10.14,120.34,50.85,16.95,0,0,0,22,0,34.7
Zafar Gohar,Test,1,71,126,2,100,13,0,35.5,56.35,79.37,10.32,0,0,2,37,0,28.1
JJ Krejza,Test,2,71,146,3,113,8,0,23.67,48.63,77.4,5.48,0,0,2,32,0,19.4
TN de Grooth,ODI,8,70,148,8,104,5,0,8.75,47.3,70.27,3.38,0,0,0,28,0,12.2
Muhammad Kaleem,T20I,7,70,93,7,62,6,2,10.0,75.27,66.67,8.6,0,1,0,50,1,20.5
JNT Seales,ODI,14,70,114,8,77,5,3,8.75,61.4,67.54,7.02,0,0,0,29,3,16.9
T Thushara,Test,9,70,154,9,119,10,0,7.78,45.45,77.27,6.49,0,0,0,15,3,13.7
Alexandros Karvelas,T20I,3,70,70,3,33,2,5,23.33,100.0,47.14,10.0,0,0,1,35,0,32.7
Bilawal Bhatti,Test,2,70,153,2,122,9,1,35.0,45.75,79.74,6.54,0,0,1,32,0,23.9
S Kamate,T20I,15,70,108,14,72,7,1,5.0,64.81,66.67,7.41,0,0,0,17,7,16.4
Vishaul Singh,T20I,8,70,105,7,51,2,0,10.0,66.67,48.57,1.9,0,0,1,30,1,17.4
I Stewart,T20I,6,70,51,1,15,6,2,70.0,137.25,29.41,15.69,0,0,0,27,0,61.7
Gaurav Mishra,T20I,6,70,61,4,21,3,2,17.5,114.75,34.43,8.2,0,0,0,24,0,33.2
KU Carty,T20I,5,70,53,4,26,5,5,17.5,132.08,49.06,18.87,0,0,1,49,0,40.6
Shuvagata Hom,ODI,3,70,86,2,45,9,0,35.0,81.4,52.33,10.47,0,0,2,35,0,34.0
KJ Young,T20I,5,70,78,5,44,8,2,14.0,89.74,56.41,12.82,0,0,1,42,1,28.3
K Sonavale,T20I,6,70,73,6,35,8,1,11.67,95.89,47.95,12.33,0,0,0,20,1,29.2
Sajad Ahmadzai,T20I,10,70,79,6,41,4,3,11.67,88.61,51.9,8.86,0,0,0,17,3,25.3
HP Tillakaratne,Test,2,70,180,3,142,9,0,23.33,38.89,78.89,5.0,0,0,1,33,0,17.6
E Ul Haq,T20I,9,70,109,9,67,6,1,7.78,64.22,61.47,6.42,0,0,1,30,1,17.4
SK Patel,CPL,4,70,76,4,34,4,2,17.5,92.11,44.74,7.89,0,1,0,54,2,28.3
Mohammad Nawaz (3),T20I,9,70,70,6,34,4,3,11.67,100.0,48.57,10.0,0,0,0,25,2,28.1
M Shahbaz Butt,T20I,16,70,100,9,50,4,0,7.78,70.0,50.0,4.0,0,0,0,24,3,18.3
CK Langeveldt,ODI,17,70,119,10,77,8,0,7.0,58.82,64.71,6.72,0,0,0,12,1,16.1
Khuzaima Tanveer,T20I,3,70,34,2,12,4,7,35.0,205.88,35.29,32.35,0,1,0,68,1,63.2
JM Cox,BBL,5,70,59,5,28,6,3,14.0,118.64,47.46,15.25,0,0,1,47,1,35.2
Abrar Ahmed,PSL,16,70,64,11,35,10,2,6.36,109.38,54.69,18.75,0,0,0,24,5,32.4
J Suchith,IPL,9,70,61,4,29,6,3,17.5,114.75,47.54,14.75,0,0,1,34,1,35.6
Awais Zia,T20I,5,70,80,5,45,4,3,14.0,87.5,56.25,8.75,0,0,0,23,0,25.3
Syed Ahzamul Haq,T20I,4,70,64,1,34,5,5,70.0,109.38,53.12,15.62,0,1,0,55,1,54.4
A Zampa,T20I,27,70,90,16,45,6,0,4.38,77.78,50.0,6.67,0,0,0,13,5,19.9
Mohammad Aadil Alam,ODI,4,70,77,4,41,6,3,17.5,90.91,53.25,11.69,0,0,1,36,0,29.5
N Dutta,ODI,5,70,120,3,67,2,2,23.33,58.33,55.83,3.33,0,0,1,45,1,21.2
FH Edwards,ODI,18,70,153,7,101,5,0,10.0,45.75,66.01,3.27,0,0,0,13,2,13.0
BA King,PSL,3,69,45,2,23,7,4,34.5,153.33,51.11,24.44,0,0,1,46,0,53.3
DR Mousley,ODI,3,69,86,2,41,5,1,34.5,80.23,47.67,6.98,0,1,0,57,0,32.0
Zafer Durmaz,T20I,8,69,56,7,27,8,2,9.86,123.21,48.21,17.86,0,0,1,49,5,35.9
Vivrant Sharma,IPL,1,69,47,1,16,9,2,69.0,146.81,34.04,23.4,0,1,0,69,0,67.1
Shahid Afridi,BBL,4,69,45,3,11,6,3,23.0,153.33,24.44,20.0,0,0,0,26,0,49.9
C Hauptfleisch,T20I,5,69,85,5,43,4,2,13.8,81.18,50.59,7.06,0,0,1,42,1,24.0
B Ward,ODI,4,69,106,3,70,7,2,23.0,65.09,66.04,8.49,0,0,1,46,0,24.0
TL Cutler,T20I,8,69,65,5,36,2,6,13.8,106.15,55.38,12.31,0,0,1,34,1,30.3
JD Ryder,CPL,5,69,78,5,37,8,0,13.8,88.46,47.44,10.26,0,0,0,29,0,27.6
Mahidul Islam Ankon,ODI,3,69,121,3,78,5,0,23.0,57.02,64.46,4.13,0,0,1,46,0,20.2
G Fatouros,T20I,3,69,54,3,25,6,3,23.0,127.78,46.3,16.67,0,1,0,50,0,41.0
S Badree,CPL,13,69,71,4,26,2,2,17.25,97.18,36.62,5.63,0,0,0,29,1,28.6
AA Bilakhia,IPL,7,69,85,5,39,5,0,13.8,81.18,45.88,5.88,0,0,0,22,0,23.9
Nadeem Khan,T20I,7,69,58,5,28,5,4,13.8,118.97,48.28,15.52,0,0,1,30,1,35.3
SN Thakur,T20I,6,69,38,3,12,5,4,23.0,181.58,31.58,23.68,0,0,0,22,2,55.0
XC Bartlett,ODI,6,69,81,6,44,4,3,11.5,85.19,54.32,8.64,0,1,0,52,1,24.2
T Amarmend,T20I,12,69,157,11,116,6,1,6.27,43.95,73.89,4.46,0,0,0,21,5,11.5
SR Clark,ODI,11,69,88,5,46,6,1,13.8,78.41,52.27,7.95,0,0,0,16,1,24.0
Myat Thu Aung,T20I,10,69,139,5,89,3,0,13.8,49.64,64.03,2.16,0,0,0,18,0,14.5
Kawsar Khan,T20I,6,69,72,5,34,5,2,13.8,95.83,47.22,9.72,0,0,0,28,0,28.3
SM Katich,T20I,2,69,47,2,14,8,2,34.5,146.81,29.79,21.28,0,0,2,39,0,53.4
TB Sole,T20I,6,69,43,4,12,9,1,17.25,160.47,27.91,23.26,0,0,1,33,0,50.4
JO Holder,PSL,5,69,42,2,13,7,3,34.5,164.29,30.95,23.81,0,0,1,32,1,57.3
A Nagarajan,T20I,5,69,77,5,39,8,1,13.8,89.61,50.65,11.69,0,0,0,28,0,28.3
J Stanigze,T20I,5,69,58,4,28,3,5,17.25,118.97,48.28,13.79,0,0,1,33,0,35.4
Raihan Hossain,T20I,8,69,128,8,85,3,0,8.62,53.91,66.41,2.34,0,0,0,19,0,12.9
Anas Khan,T20I,9,69,80,6,39,5,2,11.5,86.25,48.75,8.75,0,0,0,21,4,25.3
JN Dorji,T20I,8,69,88,8,45,8,0,8.62,78.41,51.14,9.09,0,0,1,30,3,23.0
JN Hamilton,CPL,9,69,99,9,53,4,1,7.67,69.7,53.54,5.05,0,0,0,24,2,18.4
S Samal,T20I,4,68,58,4,26,5,3,17.0,117.24,44.83,13.79,0,0,1,31,0,35.5
TM Dowlin,T20I,2,68,69,1,32,8,0,68.0,98.55,46.38,11.59,0,0,2,37,0,50.4
C Overton,ODI,5,68,76,3,35,4,1,22.67,89.47,46.05,6.58,0,0,1,32,1,28.8
WIA Fernando,PSL,3,68,48,3,12,8,1,22.67,141.67,25.0,18.75,0,0,1,32,0,47.2
Tilak Varma,ODI,4,68,119,3,78,6,1,22.67,57.14,65.55,5.88,0,1,0,52,0,21.1
RS Bopara,BBL,5,68,58,3,20,5,1,22.67,117.24,34.48,10.34,0,0,0,27,1,36.9
S Bangera,T20I,10,68,92,10,47,7,0,6.8,73.91,51.09,7.61,0,0,0,23,2,20.7
T Maruma,Test,4,68,186,7,150,8,0,9.71,36.56,80.65,4.3,0,0,1,41,3,11.7
OC McCoy,T20I,14,68,67,7,42,7,4,9.71,101.49,62.69,16.42,0,0,0,23,2,29.8
Avesh Khan,IPL,16,68,43,4,19,7,4,17.0,158.14,44.19,25.58,0,0,0,19,1,49.2
G Murali,T20I,4,68,103,4,60,3,2,17.0,66.02,58.25,4.85,0,0,1,34,0,20.6
Nazmus Sakib,T20I,7,68,55,5,27,4,5,13.6,123.64,49.09,16.36,0,0,1,37,0,36.3
N Ahir,T20I,6,68,120,4,77,2,2,17.0,56.67,64.17,3.33,0,0,0,23,1,17.4
Abrar Ahmed,Test,9,68,120,8,97,8,3,8.5,56.67,80.83,9.17,0,0,0,17,1,17.3
AW O'Brien,BBL,11,68,68,5,30,3,2,13.6,100.0,44.12,7.35,0,0,0,14,1,27.7
M Zondeki,Test,3,68,167,4,137,10,0,17.0,40.72,82.04,5.99,0,1,0,59,1,16.1
Junaid Khan,ODI,24,68,127,14,84,4,1,4.86,53.54,66.14,3.94,0,0,0,25,6,12.5
C Viljoen,T20I,6,68,70,4,31,7,1,17.0,97.14,44.29,11.43,0,0,1,33,0,31.3
Haider Ali,ODI,8,68,138,8,102,5,2,8.5,49.28,73.91,5.07,0,0,0,29,1,13.5
BJ McCarthy,Test,3,68,147,5,113,6,1,13.6,46.26,76.87,4.76,0,0,1,31,1,14.8
Sazzad Hosen,T20I,7,68,72,7,39,10,0,9.71,94.44,54.17,13.89,0,0,0,28,0,28.4
KA Vimlesh,T20I,6,68,71,2,28,5,0,34.0,95.77,39.44,7.04,0,0,1,39,0,35.2
A McKnight,T20I,2,67,74,2,36,6,2,33.5,90.54,48.65,10.81,0,0,1,40,0,35.5
Aamer Azmat,PSL,5,67,60,4,24,7,1,16.75,111.67,40.0,13.33,0,0,1,33,0,35.1
JAR Blain,ODI,6,67,129,5,84,2,2,13.4,51.94,65.12,3.1,0,0,0,23,0,15.1
J Theron,CPL,11,67,60,7,26,3,4,9.57,111.67,43.33,11.67,0,0,0,18,1,30.8
EJM Cowan,BBL,6,67,65,5,28,7,1,13.4,103.08,43.08,12.31,0,0,1,43,1,31.5
B Kumar,T20I,19,67,94,8,42,0,0,8.38,71.28,44.68,0.0,0,0,0,16,2,16.8
MJ Humphreys,Test,5,67,152,6,126,9,2,11.17,44.08,82.89,7.24,0,0,0,27,2,15.2
GM Strydom,ODI,5,67,130,5,94,6,2,13.4,51.54,72.31,6.15,0,0,1,48,0,16.4
G Coetzee,Test,4,67,76,5,44,7,2,13.4,88.16,57.89,11.84,0,0,0,20,0,27.0
JT Ball,Test,4,67,125,8,94,8,1,8.38,53.6,75.2,7.2,0,0,1,31,1,15.5
AN Aminou,T20I,12,67,63,10,30,2,4,6.7,106.35,47.62,9.52,0,0,0,22,4,26.9
Omair Yousuf,T20I,6,67,64,4,28,6,2,16.75,104.69,43.75,12.5,0,0,0,22,1,33.0
Saleem Elahi,Test,2,67,229,4,190,7,0,16.75,29.26,82.97,3.06,0,0,1,39,1,12.5
WD Parnell,Test,3,67,180,4,150,11,0,16.75,37.22,83.33,6.11,0,0,0,23,0,15.6
LR Gaonkar,T20I,6,67,80,6,43,4,1,11.17,83.75,53.75,6.25,0,0,0,23,0,22.4
JAD Lawrenson,T20I,6,67,80,5,34,4,0,13.4,83.75,42.5,5.0,0,0,0,22,0,24.0
CA Wakim,BBL,7,67,79,7,44,7,1,9.57,84.81,55.7,10.13,0,0,0,20,2,24.3
CB Sole,ODI,13,67,83,10,45,8,0,6.7,80.72,54.22,9.64,0,0,0,17,0,22.5
SR Waters,ODI,7,67,143,7,105,7,0,9.57,46.85,73.43,4.9,0,0,0,17,1,13.5
Meet Ahir,T20I,4,67,68,2,33,5,2,33.5,98.53,48.53,10.29,0,0,1,43,0,36.3
Muhammad Wafiq,T20I,18,67,84,11,46,3,4,6.09,79.76,54.76,8.33,0,0,0,16,5,21.2
RR Powar,IPL,9,67,64,3,27,6,1,22.33,104.69,42.19,10.94,0,0,0,28,1,34.3
P Heron,T20I,6,66,90,5,51,3,2,13.2,73.33,56.67,5.56,0,0,1,31,2,20.8
Mehran Khan,ODI,4,66,66,4,41,3,6,16.5,100.0,62.12,13.64,0,0,1,37,1,30.4
N Brand,Test,2,66,129,4,100,11,0,16.5,51.16,77.52,8.53,0,0,1,34,0,19.1
AJ Michael,T20I,5,66,80,5,35,5,1,13.2,82.5,43.75,7.5,0,0,0,20,0,25.3
HR Shokeen,IPL,5,66,65,3,31,9,0,22.0,101.54,47.69,13.85,0,0,0,25,0,34.9
Mubasir Khan,PSL,8,66,64,8,27,6,1,8.25,103.12,42.19,10.94,0,0,0,21,0,28.8
Abraash Khan,T20I,4,66,60,4,28,7,1,16.5,110.0,46.67,13.33,0,0,0,22,0,33.8
A Osei,T20I,9,66,123,9,82,4,1,7.33,53.66,66.67,4.07,0,0,0,13,1,13.5
Mustafizur Rahman,Test,13,66,162,15,133,3,5,4.4,40.74,82.1,4.94,0,0,0,16,8,10.7
SW Billings,Test,2,66,114,3,82,10,0,22.0,57.89,71.93,8.77,0,0,1,36,0,22.2
NR Johns-Wickberg,T20I,10,66,90,6,50,8,0,11.0,73.33,55.56,8.89,0,0,0,24,0,22.4
AK Gokoel,T20I,10,66,117,8,61,2,0,8.25,56.41,52.14,1.71,0,0,1,34,3,14.7
WD Sheridan,BBL,8,66,66,4,23,4,0,16.5,100.0,34.85,6.06,0,0,0,15,1,29.2
DR Smith,Test,2,66,107,3,79,10,1,22.0,61.68,73.83,10.28,0,0,1,38,1,23.8
TK Curran,Test,2,66,120,2,93,12,0,33.0,55.0,77.5,10.0,0,0,1,39,0,26.8
D Olivier,Test,14,66,266,11,237,10,1,6.0,24.81,89.1,4.14,0,0,0,15,4,8.6
GEF Barnett,T20I,2,66,48,2,17,9,0,33.0,137.5,35.42,18.75,0,0,2,36,0,49.0
J Kila,T20I,8,66,46,5,21,4,5,13.2,143.48,45.65,19.57,0,0,0,27,1,41.5
AC Evans,ODI,12,66,90,7,55,6,1,9.43,73.33,61.11,7.78,0,0,0,22,2,20.3
R Sharma,IPL,20,66,75,14,46,5,3,4.71,88.0,61.33,10.67,0,0,0,14,8,22.4
Ahmed Daniyal,PSL,8,66,54,4,25,6,3,16.5,122.22,46.3,16.67,0,0,0,24,1,37.8
Zameer Khan,T20I,5,66,92,5,51,5,0,13.2,71.74,55.43,5.43,0,0,0,22,0,20.7
Rhys Burinaga,T20I,12,66,87,10,39,1,1,6.6,75.86,44.83,2.3,0,0,0,22,0,18.2
DR Sams,CPL,11,66,62,8,31,0,5,8.25,106.45,50.0,8.06,0,0,0,17,1,26.2
Abdul Samad,ODI,6,66,94,4,53,6,1,16.5,70.21,56.38,7.45,0,0,1,34,1,23.0
L Monanthane,T20I,10,66,96,10,55,3,1,6.6,68.75,57.29,4.17,0,0,1,33,2,16.7
DPS Tyagi,T20I,10,65,57,6,27,4,3,10.83,114.04,47.37,12.28,0,0,0,26,1,31.4
AG Cremer,T20I,16,65,99,12,51,2,0,5.42,65.66,51.52,2.02,0,0,0,17,3,15.2
Muhammad Adil,T20I,2,65,31,2,8,5,5,32.5,209.68,25.81,32.26,0,0,1,45,0,63.6
Nawazish Akhtar,T20I,6,65,69,4,31,4,1,16.25,94.2,44.93,7.25,0,0,0,18,1,27.7
Nazril Rahman,T20I,6,65,63,5,26,5,1,13.0,103.17,41.27,9.52,0,0,0,24,1,29.8
Naveen-ul-Haq,CPL,11,65,76,5,40,3,2,13.0,85.53,52.63,6.58,0,0,0,20,1,23.7
Rupesh Singh,T20I,3,65,43,2,12,2,4,32.5,151.16,27.91,13.95,0,0,1,43,0,48.6
Ihsanullah Wafa,T20I,4,65,50,3,22,3,4,21.67,130.0,44.0,14.0,0,0,1,32,0,39.3
Farhad Reza,T20I,8,65,83,8,43,3,2,8.12,78.31,51.81,6.02,0,0,0,19,1,20.6
CD de Lange,ODI,5,65,92,2,52,6,0,32.5,70.65,56.52,6.52,0,0,0,26,0,28.4
Usama Mir,CPL,8,65,52,7,30,5,5,9.29,125.0,57.69,19.23,0,0,1,34,2,35.5
L Ronchi,BBL,8,65,58,6,24,5,2,10.83,112.07,41.38,12.07,0,0,1,34,1,31.9
Mohammad Amir,T20I,15,65,76,9,37,3,3,7.22,85.53,48.68,7.89,0,0,0,21,2,23.0
GI Hume,ODI,8,65,97,4,58,4,2,16.25,67.01,59.79,6.19,0,0,0,21,0,21.1
Shariz Ahmad,T20I,7,65,63,5,23,5,0,13.0,103.17,36.51,7.94,0,0,0,16,0,29.4
JB Abega,T20I,19,65,124,18,80,6,0,3.61,52.42,64.52,4.84,0,0,0,15,7,12.7
Zakria Atiq Butt,T20I,5,65,57,5,29,6,3,13.0,114.04,50.88,15.79,0,1,0,59,2,34.1
Vishal Sharma,T20I,8,65,94,8,53,3,1,8.12,69.15,56.38,4.26,0,0,0,23,2,17.5
B Keganne,T20I,5,65,85,4,44,5,1,16.25,76.47,51.76,7.06,0,0,1,42,0,24.1
Ravi Bishnoi,T20I,13,65,52,7,21,9,1,9.29,125.0,40.38,19.23,0,0,0,10,2,38.0
AD Poynter,ODI,6,65,129,6,82,3,2,10.83,50.39,63.57,3.88,0,0,0,21,1,14.7
KA Hope,CPL,4,65,62,4,29,6,2,16.25,104.84,46.77,12.9,0,0,0,28,0,32.7
BJ Dwarshuis,ODI,4,65,104,4,64,4,2,16.25,62.5,61.54,5.77,0,0,1,33,0,19.9
WD Parnell,IPL,13,65,80,10,37,4,1,6.5,81.25,46.25,6.25,0,0,0,16,0,21.4
S Santhirakumaran,T20I,5,64,96,5,59,6,0,12.8,66.67,61.46,6.25,0,0,1,34,1,19.5
M Bhanuka,T20I,4,64,66,4,29,7,0,16.0,96.97,43.94,10.61,0,0,1,36,1,30.4
S Shermatov,T20I,4,64,64,4,38,2,6,16.0,100.0,59.38,12.5,0,1,0,53,1,29.8
EN Gay,T20I,3,64,30,3,9,9,2,21.33,213.33,30.0,36.67,0,1,0,50,0,58.8
J Wilson,T20I,5,64,42,3,17,4,5,21.33,152.38,40.48,21.43,0,0,1,31,0,47.8
Mohammad Hafeez,IPL,8,64,83,7,50,7,2,9.14,77.11,60.24,10.84,0,0,0,16,0,22.9
N Wijesekera,T20I,8,64,84,6,43,4,1,10.67,76.19,51.19,5.95,0,0,0,28,0,21.3
DP Hyatt,T20I,5,64,54,4,24,4,4,16.0,118.52,44.44,14.81,0,0,0,28,0,36.1
C Carmichael,ODI,2,64,82,2,48,7,1,32.0,78.05,58.54,9.76,0,0,1,48,0,31.1
Shahzaib Hasan,PSL,4,64,52,4,23,7,2,16.0,123.08,44.23,17.31,0,0,0,27,1,38.4
Abdul Shakoor (2),T20I,4,64,57,2,20,6,1,32.0,112.28,35.09,12.28,0,0,1,31,0,40.9
PADLR Sandakan,ODI,19,64,140,12,93,4,0,5.33,45.71,66.43,2.86,0,0,0,16,4,10.9
Yasir Arafat,ODI,5,64,99,3,63,7,1,21.33,64.65,63.64,8.08,0,0,0,27,0,23.4
SK Atai,T20I,11,64,59,8,26,5,1,8.0,108.47,44.07,10.17,0,0,0,28,3,28.6
D Gim,T20I,12,64,116,10,63,0,1,6.4,55.17,54.31,0.86,0,0,0,13,2,13.0
Moin Khan,Test,2,64,158,2,123,6,1,32.0,40.51,77.85,4.43,0,0,1,37,0,20.7
T Kaisala,T20I,4,64,73,3,38,6,2,21.33,87.67,52.05,10.96,0,0,1,35,0,30.1
Bilal Hassun,T20I,13,64,62,8,30,6,2,8.0,103.23,48.39,12.9,0,0,0,20,3,29.1
JS Iggo,T20I,6,64,79,6,43,4,1,10.67,81.01,54.43,6.33,0,0,1,31,1,21.8
Irshad Mubbashar,T20I,4,64,75,4,31,2,2,16.0,85.33,41.33,5.33,0,0,0,21,0,25.6
AR Caddick,ODI,10,64,117,3,74,3,1,21.33,54.7,63.25,3.42,0,0,0,14,0,18.9
MF Hurst,BBL,5,64,70,5,33,4,1,12.8,91.43,47.14,7.14,0,0,0,28,0,25.6
R van Tonder,Test,2,64,169,4,136,5,0,16.0,37.87,80.47,2.96,0,0,2,32,1,13.3
Abrar Bilal,T20I,6,64,72,5,33,3,1,12.8,88.89,45.83,5.56,0,0,0,19,0,24.4
RD John,CPL,6,64,44,5,16,8,2,12.8,145.45,36.36,22.73,0,0,0,29,0,45.1
AS Joseph,PSL,12,64,51,6,20,4,3,10.67,125.49,39.22,13.73,0,0,0,24,4,35.1
TK Curran,T20I,12,64,56,6,19,1,4,10.67,114.29,33.93,8.93,0,0,0,14,0,31.1
Noorkhan Ahmedi,T20I,5,63,49,5,22,7,2,12.6,128.57,44.9,18.37,0,0,1,32,1,38.5
Ahsan Abbasi,T20I,5,63,69,5,37,7,0,12.6,91.3,53.62,10.14,0,0,0,18,0,26.6
SP Narine,BBL,9,63,47,6,22,5,4,10.5,134.04,46.81,19.15,0,0,0,21,0,38.7
MP Biddappa,T20I,5,63,101,4,59,4,1,15.75,62.38,58.42,4.95,0,0,0,26,1,19.6
PD McGlashan,ODI,2,63,51,1,17,6,1,63.0,123.53,33.33,13.73,0,1,0,56,0,55.3
S Jora,ODI,6,63,72,6,40,6,2,10.5,87.5,55.56,11.11,0,0,0,28,0,25.7
LAS Sebastien,CPL,5,63,67,2,31,7,0,31.5,94.03,46.27,10.45,0,0,1,33,1,35.3
BJ Dwarshuis,T20I,11,63,79,8,32,2,1,7.88,79.75,40.51,3.8,0,0,0,17,1,20.9
Sultan Ahmed,T20I,10,63,62,8,24,6,0,7.88,101.61,38.71,9.68,0,0,1,37,3,28.1
J Henry,T20I,7,63,73,7,41,3,3,9.0,86.3,56.16,8.22,0,0,0,23,0,22.9
N Sindhu,IPL,5,63,50,5,22,7,2,12.6,126.0,44.0,18.0,0,0,0,22,0,38.0
SJ Coyte (2),BBL,6,63,41,4,13,7,2,15.75,153.66,31.71,21.95,0,0,1,33,0,47.4
AW Hawkins-Kay,T20I,8,63,82,6,31,2,0,10.5,76.83,37.8,2.44,0,0,0,27,1,20.9
CJL Rogers,BBL,5,63,68,5,35,6,1,12.6,92.65,51.47,10.29,0,0,0,23,0,27.2
BV Vitori,ODI,11,63,71,8,47,5,4,7.88,88.73,66.2,12.68,0,0,0,20,4,24.4
MC Sorensen,T20I,8,63,61,5,21,1,2,12.6,103.28,34.43,4.92,0,0,0,26,1,27.5
Anirudh Singh,IPL,4,63,66,4,31,6,1,15.75,95.45,46.97,10.61,0,0,1,40,1,29.6
VA Singh,Test,3,63,199,6,158,4,0,10.5,31.66,79.4,2.01,0,0,1,32,0,9.8
RM Patidar,Test,3,63,164,6,129,9,0,10.5,38.41,78.66,5.49,0,0,1,32,2,13.0
Iftikhar Ahmed,CPL,3,63,58,3,27,4,4,21.0,108.62,46.55,13.79,0,0,2,33,1,35.6
RE van der Merwe,CPL,8,63,58,6,25,5,2,10.5,108.62,43.1,12.07,0,0,0,21,1,31.0
KD Clarke,T20I,4,63,48,4,18,9,1,15.75,131.25,37.5,20.83,0,1,0,51,0,42.8
B Muzarabani,T20I,26,63,85,15,54,7,2,4.2,74.12,63.53,10.59,0,0,0,9,7,19.9
P Hatchman,T20I,8,63,74,7,36,3,2,9.0,85.14,48.65,6.76,0,0,0,22,0,22.9
S Badrinath,Test,2,63,178,3,147,8,0,21.0,35.39,82.58,4.49,0,1,0,56,0,15.9
Zakir Husain Patel,T20I,4,62,42,2,17,7,3,31.0,147.62,40.48,23.81,0,0,1,30,0,52.3
S Sola,T20I,13,62,97,11,58,7,0,5.64,63.92,59.79,7.22,0,0,0,15,1,17.4
Deng Jinqi,T20I,6,62,109,5,66,2,0,12.4,56.88,60.55,1.83,0,0,1,38,2,15.2
JO Holder,BBL,3,62,34,1,14,7,4,62.0,182.35,41.18,32.35,0,0,1,33,0,72.5
A Flintoff,IPL,3,62,53,2,20,5,2,31.0,116.98,37.74,13.21,0,0,0,24,0,41.4
S Bharratt,T20I,6,62,73,5,39,8,0,12.4,84.93,53.42,10.96,0,0,0,28,2,26.2
N Madziva,T20I,8,62,62,4,30,4,3,15.5,100.0,48.39,11.29,0,0,0,28,1,30.4
GH Smit,T20I,3,62,57,3,24,5,1,20.67,108.77,42.11,10.53,0,1,0,56,1,34.0
L Maximo,T20I,12,62,112,10,67,4,0,6.2,55.36,59.82,3.57,0,0,0,12,2,13.9
NP Mayavo,Test,2,62,111,4,90,9,1,15.5,55.86,81.08,9.01,0,0,1,35,0,19.7
TM Dilshan,BBL,4,62,49,4,26,10,1,15.5,126.53,53.06,22.45,0,0,1,46,1,40.9
Adnan Akmal,ODI,4,62,89,3,41,3,0,20.67,69.66,46.07,3.37,0,0,0,27,0,23.2
P Utseya,Test,3,62,171,5,140,7,0,12.4,36.26,81.87,4.09,0,0,0,22,1,12.5
S Vesawkar,ODI,3,62,136,2,92,5,0,31.0,45.59,67.65,3.68,0,1,0,55,0,20.8
Shahzeb Afridi,T20I,4,62,35,2,13,2,6,31.0,177.14,37.14,22.86,0,0,1,35,0,56.3
A Nanda,T20I,12,62,64,7,32,3,3,8.86,96.88,50.0,9.38,0,0,0,21,2,26.0
MD du Preez,T20I,2,62,58,0,23,5,1,62.0,106.9,39.66,10.34,0,0,1,33,0,49.4
JDS Neesham,BBL,5,62,43,5,18,7,3,12.4,144.19,41.86,23.26,0,0,0,28,1,44.3
Asrar Ahmed,T20I,3,62,67,1,33,8,1,62.0,92.54,49.25,13.43,0,0,1,39,0,48.1
H Pieterse,T20I,1,62,34,1,6,4,3,62.0,182.35,17.65,20.59,0,1,0,62,0,69.5
S Gulecha,T20I,7,61,55,7,29,6,3,8.71,110.91,52.73,16.36,0,0,0,23,1,32.1
PJ Ingram,Test,2,61,151,4,116,5,1,15.25,40.4,76.82,3.97,0,0,1,42,0,14.1
Muhammad Babar,T20I,2,61,35,2,19,3,7,30.5,174.29,54.29,28.57,0,0,1,46,0,57.0
BT Foakes,ODI,1,61,76,0,39,3,1,61.0,80.26,51.32,5.26,0,1,0,61,0,40.3
Iftikhar Ahmed,Test,4,61,143,5,111,5,0,12.2,42.66,77.62,3.5,0,0,0,27,1,12.9
OE Taylor,T20I,10,61,104,8,52,2,0,7.62,58.65,50.0,1.92,0,0,0,22,2,15.2
SP Jackson,IPL,8,61,57,6,20,5,1,10.17,107.02,35.09,10.53,0,0,0,16,1,30.8
JC Archer,BBL,8,61,43,3,10,2,2,20.33,141.86,23.26,9.3,0,0,0,25,0,40.3
JW Wells,PSL,2,61,56,1,29,6,3,61.0,108.93,51.79,16.07,0,1,0,55,0,51.4
T Brown,T20I,7,61,107,6,62,2,1,10.17,57.01,57.94,2.8,0,0,0,22,2,15.4
Asad Mahmood,T20I,5,61,51,5,21,3,4,12.2,119.61,41.18,13.73,0,0,1,33,0,34.5
JA Burrows,T20I,15,61,72,14,39,6,1,4.36,84.72,54.17,9.72,0,0,0,28,4,22.2
Chamalka Fernando,T20I,6,61,53,5,19,7,0,12.2,115.09,35.85,13.21,0,0,0,24,1,34.3
BC Fortuin,ODI,9,61,96,8,54,3,1,7.62,63.54,56.25,4.17,0,0,0,28,1,16.5
LN Onyango,ODI,4,61,81,2,44,6,0,30.5,75.31,54.32,7.41,0,0,1,34,0,29.2
MJ Hay,Test,1,61,93,1,70,9,1,61.0,65.59,75.27,10.75,0,1,0,61,0,39.2
Faheem Ashraf,BBL,7,61,57,4,28,3,4,15.25,107.02,49.12,12.28,0,0,0,26,1,31.8
Dolar Mahmud,ODI,4,61,44,4,22,5,4,15.25,138.64,50.0,20.45,0,0,1,41,2,41.6
JC Balt,ODI,4,61,111,3,72,6,0,20.33,54.95,64.86,5.41,0,0,1,35,2,19.7
AN Cook,T20I,4,61,54,4,29,10,0,15.25,112.96,53.7,18.52,0,0,0,26,0,36.2
A Dananjaya,T20I,14,61,71,8,33,6,0,7.62,85.92,46.48,8.45,0,0,0,11,2,23.9
DR Drew,BBL,4,61,52,3,19,4,1,20.33,117.31,36.54,9.62,0,0,0,23,0,35.2
PD McGlashan,T20I,9,61,64,8,33,6,2,7.62,95.31,51.56,12.5,0,0,0,26,0,27.2
Yusuf Bhoola,T20I,7,61,86,7,58,8,1,8.71,70.93,67.44,10.47,0,0,0,27,1,20.6
Ibrar Ahmad,T20I,7,60,41,5,16,4,4,12.0,146.34,39.02,19.51,0,0,0,16,1,42.3
R Rampaul,CPL,12,60,51,6,21,2,4,10.0,117.65,41.18,11.76,0,0,0,14,0,32.1
SCG MacGill,Test,11,60,106,10,73,8,0,6.0,56.6,68.87,7.55,0,0,0,29,3,15.4
Irfan Ahmed,T20I,6,60,71,6,47,4,4,10.0,84.51,66.2,11.27,0,0,1,34,1,23.6
SR Thompson,Test,2,60,151,4,119,7,0,15.0,39.74,78.81,4.64,0,1,0,53,1,14.3
JWM Dalrymple,T20I,3,60,57,3,22,6,0,20.0,105.26,38.6,10.53,0,0,1,32,0,33.7
Nikhil,T20I,4,60,57,3,31,3,5,20.0,105.26,54.39,14.04,0,0,1,35,0,33.8
RD Atangana,T20I,13,60,95,9,58,3,1,6.67,63.16,61.05,4.21,0,0,0,28,3,15.4
Sandeep Sharma,IPL,26,60,75,6,30,4,0,10.0,80.0,40.0,5.33,0,0,0,9,4,22.8
Mominul Haque,T20I,4,60,50,3,19,5,2,20.0,120.0,38.0,14.0,0,0,0,26,0,38.2
MR Kumar,T20I,6,60,66,5,32,4,2,12.0,90.91,48.48,9.09,0,0,0,21,0,26.4
P Mustard,T20I,2,60,37,2,13,5,4,30.0,162.16,35.14,24.32,0,0,1,40,0,55.1
DE Budge,T20I,6,60,62,4,24,2,3,15.0,96.77,38.71,8.06,0,0,0,24,2,29.0
Junaid Khan,T20I,14,60,39,5,14,3,4,12.0,153.85,35.9,17.95,0,0,0,19,4,42.8
N Krishna,T20I,11,60,80,8,46,7,0,7.5,75.0,57.5,8.75,0,0,0,20,2,20.9
Sherul Mehta,T20I,3,60,89,3,53,6,0,20.0,67.42,59.55,6.74,0,0,1,40,0,22.9
RN ten Doeschate,BBL,5,60,51,5,15,2,2,12.0,117.65,29.41,7.84,0,0,0,26,0,32.0
MR Gillespie,Test,4,60,96,7,77,8,3,8.57,62.5,80.21,11.46,0,0,0,27,3,19.6
D Dewald,T20I,5,60,84,5,37,4,0,12.0,71.43,44.05,4.76,0,0,0,25,0,21.4
SJ Bryce,WPL,5,60,40,4,9,5,2,15.0,150.0,22.5,17.5,0,0,0,23,0,45.0
Eranga De Silva,T20I,5,60,45,3,15,8,1,20.0,133.33,33.33,20.0,0,0,0,20,0,44.7
AJ Crosthwaite,BBL,6,60,60,6,30,5,2,10.0,100.0,50.0,11.67,0,0,0,18,0,28.4
Patrick Nou,T20I,8,60,58,6,30,6,2,10.0,103.45,51.72,13.79,0,0,0,19,1,30.0
Amal Jacob,T20I,16,60,97,8,53,4,0,7.5,61.86,54.64,4.12,0,0,0,18,2,16.4
Shahid Wasif,ODI,6,60,133,6,103,5,2,10.0,45.11,77.44,5.26,0,0,1,45,1,13.6
Ammad Uddin,T20I,5,60,38,3,14,5,4,20.0,157.89,36.84,23.68,0,0,1,41,0,50.0
Arafat Minhas,ODI,3,60,85,2,53,7,1,30.0,70.59,62.35,9.41,0,0,1,33,0,28.5
F O'Neill,BBL,8,60,62,6,21,3,1,10.0,96.77,33.87,6.45,0,0,0,16,0,26.7
Shahadat Hossain,ODI,18,60,115,7,78,5,1,8.57,52.17,67.83,5.22,0,0,0,16,2,14.3
Krishna Chandran,ODI,7,59,155,7,113,5,0,8.43,38.06,72.9,3.23,0,0,1,34,3,10.7
Kamrul Hasan,T20I,3,59,45,3,28,4,6,19.67,131.11,62.22,22.22,0,0,1,49,1,41.6
JT Smuts,CPL,3,59,40,3,19,5,4,19.67,147.5,47.5,22.5,0,0,1,30,0,46.2
PS Roberts,T20I,4,59,56,2,19,5,0,29.5,105.36,33.93,8.93,0,0,1,39,0,36.9
L Ngidi,T20I,18,59,72,5,39,5,1,11.8,81.94,54.17,8.33,0,0,0,13,2,23.7
MA Ouma,T20I,11,59,76,10,46,9,0,5.9,77.63,60.53,11.84,0,0,0,13,2,22.3
SM Ervine,Test,1,59,110,2,86,8,1,29.5,53.64,78.18,8.18,0,1,0,53,0,24.1
Sultan Ahmed (2),T20I,12,59,58,8,28,1,4,7.38,101.72,48.28,8.62,0,0,0,18,4,25.8
GJ Whittall,ODI,4,59,71,4,38,5,1,14.75,83.1,53.52,8.45,0,0,1,30,1,25.1
DR Tawake,T20I,6,59,79,6,44,5,0,9.83,74.68,55.7,6.33,0,0,0,18,2,20.4
TL Seifert,ODI,3,59,56,3,22,3,2,19.67,105.36,39.29,8.93,0,0,0,26,0,32.4
SP Guzman,T20I,6,59,75,6,43,7,0,9.83,78.67,57.33,9.33,0,0,0,17,0,22.7
J Ghadiyali,T20I,5,59,76,5,38,6,0,11.8,77.63,50.0,7.89,0,0,0,24,2,23.4
S Aravind,IPL,11,59,57,4,24,7,0,14.75,103.51,42.11,12.28,0,0,0,14,2,32.2
Syazrul Idrus,T20I,13,59,59,8,29,4,3,7.38,100.0,49.15,11.86,0,0,0,10,3,27.6
Sinan Khan,T20I,8,59,58,8,29,5,2,7.38,101.72,50.0,12.07,0,0,0,17,1,27.9
N Madziva,ODI,9,59,122,7,88,5,0,8.43,48.36,72.13,4.1,0,0,0,25,1,12.7
VF Bomnyuy,T20I,8,59,82,5,49,6,0,11.8,71.95,59.76,7.32,0,0,0,16,1,20.8
JM Iradukunda,T20I,9,59,52,8,31,1,6,7.38,113.46,59.62,13.46,0,0,0,25,4,29.1
AM Fernando,Test,23,59,260,19,238,10,1,3.11,22.69,91.54,4.23,0,0,0,11,12,7.2
Junaid Siddiqui,ODI,6,59,138,6,91,1,1,9.83,42.75,65.94,1.45,0,0,0,25,0,11.3
MR Swart,ODI,5,59,75,5,40,6,1,11.8,78.67,53.33,9.33,0,0,0,29,0,24.0
R Kaia,Test,3,59,161,6,134,8,0,9.83,36.65,83.23,4.97,0,0,1,48,4,12.2
M Ravula,T20I,2,59,59,1,25,5,1,59.0,100.0,42.37,10.17,0,0,1,47,0,46.8
A Lyth,PSL,2,59,36,2,13,4,4,29.5,163.89,36.11,22.22,0,1,0,50,0,53.6
DR Flynn,T20I,5,59,51,5,17,1,4,11.8,115.69,33.33,9.8,0,0,0,23,0,32.4
Muhammad Musa,PSL,7,59,51,2,28,6,3,29.5,115.69,54.9,17.65,0,0,0,26,1,41.1
Abdul Jabbar,ODI,2,59,82,2,56,9,1,29.5,71.95,68.29,12.2,0,0,1,44,0,29.5
M Theekshana,Test,2,59,149,3,117,6,1,19.67,39.6,78.52,4.7,0,0,1,38,0,16.1
Harshit Rana,IPL,10,59,56,6,31,5,3,9.83,105.36,55.36,14.29,0,0,1,34,1,30.0
AK Perera,T20I,5,59,65,5,30,5,1,11.8,90.77,46.15,9.23,0,0,0,16,0,26.7
TM Odoyo,T20I,6,58,74,6,46,6,1,9.67,78.38,62.16,9.46,0,0,0,22,1,22.0
M Pretorius,CPL,12,58,47,7,23,4,4,8.29,123.4,48.94,17.02,0,0,0,15,1,34.7
MO Jones,ODI,6,58,71,6,47,4,4,9.67,81.69,66.2,11.27,0,0,0,27,1,23.1
Abdullah Akbarjan,T20I,14,58,84,10,46,3,1,5.8,69.05,54.76,4.76,0,0,0,13,2,17.2
Gayan Munaweera,T20I,10,58,43,3,15,6,2,19.33,134.88,34.88,18.6,0,0,0,22,1,43.5
M Vaik,T20I,10,58,106,8,54,1,0,7.25,54.72,50.94,0.94,0,0,0,14,1,13.8
D Ganesh,T20I,8,58,79,6,52,5,2,9.67,73.42,65.82,8.86,0,0,1,36,2,20.4
LL Tsotsobe,ODI,19,58,109,8,79,7,1,7.25,53.21,72.48,7.34,0,0,0,16,3,15.1
I Mugisha,T20I,9,58,54,7,29,1,5,8.29,107.41,53.7,11.11,0,0,0,16,1,27.8
MR Ramprakash,Test,1,58,133,1,96,5,0,58.0,43.61,72.18,3.76,0,1,0,58,0,30.4
K Modise,T20I,7,58,63,7,37,8,1,8.29,92.06,58.73,14.29,0,0,0,25,2,27.1
T Duffin,Test,1,58,136,2,107,8,0,29.0,42.65,78.68,5.88,0,1,0,56,0,20.8
CBRLS Kumara,ODI,17,58,134,11,109,8,1,5.27,43.28,81.34,6.72,0,0,0,10,1,12.6
J Grassi,T20I,4,58,63,4,27,2,2,14.5,92.06,42.86,6.35,0,0,0,20,0,26.4
M van Schoor,ODI,5,58,111,4,74,3,1,14.5,52.25,66.67,3.6,0,0,0,24,0,15.7
J Botha,CPL,6,58,82,3,38,4,0,19.33,70.73,46.34,4.88,0,0,0,22,0,23.8
PK Mohanarangam,T20I,6,58,74,6,42,4,1,9.67,78.38,56.76,6.76,0,0,0,27,3,21.0
M Mooketsi,T20I,21,58,114,15,73,2,0,3.87,50.88,64.04,1.75,0,0,0,10,3,10.6
BM Wheeler,ODI,4,58,47,0,20,4,3,58.0,123.4,42.55,14.89,0,0,1,39,0,52.8
PJ Wiseman,Test,2,58,110,1,81,8,0,58.0,52.73,73.64,7.27,0,0,1,32,0,34.0
Inshaf Farook,T20I,5,58,64,4,34,3,3,14.5,90.62,53.12,9.38,0,0,0,28,0,26.8
T Hinds,CPL,10,58,43,7,18,5,3,8.29,134.88,41.86,18.6,0,0,0,14,1,38.3
TMK Mawoyo,ODI,7,58,160,7,124,4,0,8.29,36.25,77.5,2.5,0,0,0,15,1,9.9
JA Morkel,Test,1,58,71,1,51,10,1,58.0,81.69,71.83,15.49,0,1,0,58,0,43.5
Baljit Singh,T20I,6,58,53,5,22,3,2,11.6,109.43,41.51,9.43,0,0,1,45,2,30.0
H Fennell,T20I,14,58,59,12,30,4,2,4.83,98.31,50.85,10.17,0,0,0,19,6,25.1
HJ Manenti,BBL,8,58,61,7,31,3,3,8.29,95.08,50.82,9.84,0,0,0,24,1,25.7
VC Drakes,ODI,9,58,123,7,80,3,0,8.29,47.15,65.04,2.44,0,0,0,25,1,12.1
Mohammad Usman,T20I,2,58,61,1,35,4,3,58.0,95.08,57.38,11.48,0,0,1,49,0,44.5
C Wickramasinghe,ODI,3,58,100,3,65,4,1,19.33,58.0,65.0,5.0,0,0,0,22,0,19.4
Mohammad Naim,ODI,4,58,96,4,68,8,0,14.5,60.42,70.83,8.33,0,0,0,21,0,19.5
MG Bracewell,IPL,4,58,47,2,15,6,1,29.0,123.4,31.91,14.89,0,0,0,26,0,43.5
J Horrocks,T20I,10,57,56,5,22,2,1,11.4,101.79,39.29,5.36,0,0,0,20,2,26.5
Alok Kapali,T20I,7,57,85,5,46,3,1,11.4,67.06,54.12,4.71,0,0,0,19,2,19.1
G Newton,T20I,4,57,49,1,10,2,0,57.0,116.33,20.41,4.08,0,0,0,27,0,47.4
Ishtiaq Ahmad,T20I,12,57,39,8,19,1,6,7.12,146.15,48.72,17.95,0,0,0,16,3,38.1
HT Tector,CPL,4,57,58,3,26,4,2,19.0,98.28,44.83,10.34,0,0,1,47,1,31.3
Muhammad Nadeem,T20I,4,57,55,3,21,3,2,19.0,103.64,38.18,9.09,0,0,0,24,0,32.2
DE Bernard,CPL,7,57,60,7,34,4,3,8.14,95.0,56.67,11.67,0,0,0,24,1,26.0
G Coetzee,ODI,7,57,90,7,55,4,1,8.14,63.33,61.11,5.56,0,0,0,22,1,16.9
CJO Smith,T20I,5,57,52,4,17,6,0,14.25,109.62,32.69,11.54,0,0,1,46,3,33.7
Jobayer Hossen,T20I,6,57,77,4,51,6,2,14.25,74.03,66.23,10.39,0,0,0,26,0,23.2
Zahid Shirzad,ODI,3,57,30,3,12,4,5,19.0,190.0,40.0,30.0,0,1,0,54,1,56.5
L Wood,BBL,13,57,74,11,41,4,1,5.18,77.03,55.41,6.76,0,0,0,18,3,19.3
AJ Tye,ODI,7,57,48,4,24,5,2,14.25,118.75,50.0,14.58,0,0,0,19,0,34.5
Abdur Rahman Sudais,T20I,3,57,45,2,22,3,4,28.5,126.67,48.89,15.56,0,0,1,36,0,41.8
L Sreekumar,ODI,3,57,67,3,46,10,1,19.0,85.07,68.66,16.42,0,0,0,28,0,30.2
TG Thamae,T20I,8,57,54,7,26,7,1,8.14,105.56,48.15,14.81,0,0,0,19,3,30.8
Akram Khan,ODI,2,57,98,2,58,3,0,28.5,58.16,59.18,3.06,0,0,1,44,0,22.4
TA Dudnath,T20I,6,57,92,6,50,0,2,9.5,61.96,54.35,2.17,0,0,0,18,0,15.9
M Kyriacou,T20I,4,57,76,3,38,1,2,19.0,75.0,50.0,3.95,0,0,1,44,0,23.1
C Jonker,T20I,2,57,29,2,7,5,3,28.5,196.55,24.14,27.59,0,0,1,49,0,60.7
Mohammed Siraj,ODI,19,57,134,8,92,3,0,7.12,42.54,68.66,2.24,0,0,0,9,2,10.3
V Zanko,T20I,9,57,150,9,114,6,0,6.33,38.0,76.0,4.0,0,0,0,16,3,10.4
Mohammad Shahid,Test,5,57,81,5,58,10,1,11.4,70.37,71.6,13.58,0,0,0,25,0,23.2
Sohag Gazi,T20I,6,57,59,4,20,3,1,14.25,96.61,33.9,6.78,0,0,0,24,0,28.5
JR Doran,BBL,7,57,62,6,26,4,0,9.5,91.94,41.94,6.45,0,0,0,28,1,24.7
I Sharma,IPL,21,57,69,6,37,4,2,9.5,82.61,53.62,8.7,0,0,0,10,1,23.3
Amir Mangal,T20I,6,56,39,4,12,3,3,14.0,143.59,30.77,15.38,0,0,0,18,0,41.1
HTRY Thornton,BBL,9,56,61,4,27,2,2,14.0,91.8,44.26,6.56,0,0,0,28,1,26.1
A Simelane,T20I,8,56,57,7,27,4,2,8.0,98.25,47.37,10.53,0,0,0,13,0,27.0
NV Ojha,Test,1,56,117,2,85,7,0,28.0,47.86,72.65,5.98,0,0,1,35,0,21.2
Faisal Safi,T20I,4,56,52,4,30,10,0,14.0,107.69,57.69,19.23,0,0,1,43,1,34.9
Ahsan Hafeez,PSL,5,56,40,5,16,6,2,11.2,140.0,40.0,20.0,0,0,0,20,1,41.3
WA Mota,IPL,8,56,75,6,29,2,0,9.33,74.67,38.67,2.67,0,0,0,25,0,20.2
SMSM Senanayake,T20I,11,56,66,6,28,3,1,9.33,84.85,42.42,6.06,0,0,0,17,2,23.3
Zubayr Hamza,ODI,1,56,79,1,46,5,1,56.0,70.89,58.23,7.59,0,1,0,56,0,37.7
Enamul Haque jnr,Test,13,56,258,10,225,7,0,5.6,21.71,87.21,2.71,0,0,0,13,4,7.0
Shamim Hossain,ODI,5,56,79,5,44,3,2,11.2,70.89,55.7,6.33,0,0,0,22,0,20.4
SK Springer,T20I,4,56,42,3,14,4,3,18.67,133.33,33.33,16.67,0,0,1,39,0,42.0
Shadreck Malama,T20I,4,56,51,4,28,3,4,14.0,109.8,54.9,13.73,0,0,1,49,1,31.9
Mohammad Hasnain,PSL,16,56,71,10,44,7,1,5.6,78.87,61.97,11.27,0,0,0,22,4,21.8
R Sandeep,T20I,10,56,84,8,54,3,3,7.0,66.67,64.29,7.14,0,0,0,16,2,17.5
VN Veetil,T20I,4,56,55,2,23,2,3,28.0,101.82,41.82,9.09,0,1,0,53,1,34.8
S Waqas Ahmed,T20I,8,56,70,4,35,4,0,14.0,80.0,50.0,5.71,0,0,1,32,1,23.1
JM How,T20I,5,56,67,5,36,5,1,11.2,83.58,53.73,8.96,0,0,1,31,0,24.2
MJ Ansell,T20I,10,56,66,7,33,2,3,8.0,84.85,50.0,7.58,0,0,0,17,0,22.8
LM Jongwe,Test,1,56,94,2,73,10,0,28.0,59.57,77.66,10.64,0,0,1,37,0,26.0
TT Maposa,T20I,11,55,56,4,23,3,1,13.75,98.21,41.07,7.14,0,0,0,12,0,27.8
HWR Cartwright,Test,2,55,125,2,101,7,1,27.5,44.0,80.8,6.4,0,0,1,37,0,20.8
GB Hogg,T20I,4,55,39,4,14,3,3,13.75,141.03,35.9,15.38,0,0,1,41,0,40.0
Nilansh Keswani,T20I,7,55,51,2,19,5,0,27.5,107.84,37.25,9.8,0,0,1,31,1,36.6
Naseem Shah,CPL,12,55,41,4,14,2,4,13.75,134.15,34.15,14.63,0,0,0,19,1,38.7
Nadeem Ahmed,ODI,11,55,129,9,95,5,0,6.11,42.64,73.64,3.88,0,0,0,14,1,10.9
RK Singh,ODI,2,55,41,2,16,5,3,27.5,134.15,39.02,19.51,0,0,1,38,0,46.5
Mohammad Wasim,Test,2,55,74,3,53,5,2,18.33,74.32,71.62,9.46,0,0,1,43,0,23.6
Khaled Ahmed,Test,17,55,183,22,161,6,3,2.5,30.05,87.98,4.92,0,0,0,22,16,8.5
Irfan Ahmed,ODI,3,55,79,3,57,9,1,18.33,69.62,72.15,12.66,0,0,1,30,1,25.1
S Asha,WPL,9,55,44,4,17,4,3,13.75,125.0,38.64,15.91,0,0,0,27,1,37.7
N Deonarine,T20I,7,55,53,5,21,5,0,11.0,103.77,39.62,9.43,0,0,1,36,3,29.2
J Figy John,ODI,2,55,73,1,44,4,0,55.0,75.34,60.27,5.48,0,0,1,32,0,36.2
FY Fazal,ODI,1,55,61,0,36,7,1,55.0,90.16,59.02,13.11,0,1,0,55,0,43.5
K Kato-Stafford,T20I,8,55,45,4,21,7,1,13.75,122.22,46.67,17.78,0,0,0,21,2,37.4
B Mavuta,T20I,7,55,42,3,12,3,2,18.33,130.95,28.57,11.9,0,0,0,28,0,39.0
R Siriwardena,T20I,10,55,80,5,47,6,0,11.0,68.75,58.75,7.5,0,0,0,18,0,20.4
AV Lalcheta,T20I,7,55,53,6,25,3,3,9.17,103.77,47.17,11.32,0,0,0,20,0,28.7
Mujeeb Ur Rahman,BBL,13,55,57,11,28,5,1,5.0,96.49,49.12,10.53,0,0,0,27,7,25.4
Bismillah Khan,PSL,3,55,35,3,15,10,1,18.33,157.14,42.86,31.43,0,1,0,55,2,52.7
L Maphane,T20I,6,55,55,6,24,2,2,9.17,100.0,43.64,7.27,0,0,0,20,1,26.0
KM Venkataswamy,T20I,1,55,41,1,9,3,2,55.0,134.15,21.95,12.2,0,1,0,55,0,54.3
TA Boult,T20I,12,55,57,7,24,3,2,7.86,96.49,42.11,8.77,0,0,0,16,1,26.3
P Vekaria,T20I,6,55,38,2,16,3,4,27.5,144.74,42.11,18.42,0,0,0,20,0,46.8
BA Parchment,Test,2,55,164,4,134,5,0,13.75,33.54,81.71,3.05,0,0,0,20,0,11.9
Said Hakim,T20I,3,55,37,2,14,8,1,27.5,148.65,37.84,24.32,0,0,0,28,0,51.8
RR Watson,T20I,5,55,46,5,19,8,0,11.0,119.57,41.3,17.39,0,0,0,27,1,36.5
MJ Ross,T20I,4,55,40,3,10,2,3,18.33,137.5,25.0,12.5,0,0,1,34,0,40.8
Yasir Mehmood,T20I,3,55,52,0,22,2,3,55.0,105.77,42.31,9.62,0,0,1,31,0,45.8
M Rawat,IPL,11,55,69,5,33,4,1,11.0,79.71,47.83,7.25,0,0,0,23,1,23.3
S Kalyan,ODI,4,55,122,4,89,1,1,13.75,45.08,72.95,1.64,0,0,0,21,0,12.6
DR Briggs,BBL,7,55,37,4,16,6,2,13.75,148.65,43.24,21.62,0,0,1,35,0,44.1
S Matsikenyeri,Test,3,55,169,6,146,8,0,9.17,32.54,86.39,4.73,0,0,0,13,0,11.2
S Prasanna,CPL,4,55,39,4,19,4,4,13.75,141.03,48.72,20.51,0,1,0,51,1,41.5
AJ Hose,CPL,4,54,65,4,26,4,0,13.5,83.08,40.0,6.15,0,0,0,18,0,25.1
DE Bollinger,Test,9,54,159,7,133,7,0,7.71,33.96,83.65,4.4,0,0,0,21,3,10.6
Serdar Burak Emir,T20I,10,54,65,10,42,5,3,5.4,83.08,64.62,12.31,0,0,1,42,5,22.6
DES Maxwell,ODI,3,54,45,1,17,2,3,54.0,120.0,37.78,11.11,0,0,1,37,0,49.0
H McAleer,T20I,5,54,75,5,36,3,0,10.8,72.0,48.0,4.0,0,0,0,23,0,19.9
Rashid Hashmi,T20I,5,54,63,5,32,4,1,10.8,85.71,50.79,7.94,0,0,0,28,1,24.1
N Pokana,ODI,11,54,122,5,85,3,1,10.8,44.26,69.67,3.28,0,0,0,11,1,12.5
PG Dooley,BBL,12,54,66,4,37,6,1,13.5,81.82,56.06,10.61,0,0,0,19,0,25.6
MP Kuhnemann,ODI,5,54,95,4,60,5,0,13.5,56.84,63.16,5.26,0,0,0,24,0,17.5
Saghir Khan,T20I,5,54,34,3,15,4,4,18.0,158.82,44.12,23.53,0,0,0,28,0,48.3
LA Goncalves,T20I,7,54,57,6,29,5,1,9.0,94.74,50.88,10.53,0,0,0,24,2,26.4
Vichanath Singh,T20I,9,54,95,8,54,1,0,6.75,56.84,56.84,1.05,0,0,0,18,0,13.1
M Nandu,CPL,4,54,72,4,33,4,0,13.5,75.0,45.83,5.56,0,0,1,37,0,22.7
Khawaja Nafay,T20I,4,54,35,4,10,3,3,13.5,154.29,28.57,17.14,0,0,0,26,0,43.9
Kabir Ali,ODI,8,54,57,6,23,3,1,9.0,94.74,40.35,7.02,0,0,0,25,2,25.5
IR Bell,PSL,1,54,46,1,14,6,0,54.0,117.39,30.43,13.04,0,1,0,54,0,51.0
P Abanda,T20I,9,54,88,9,64,7,1,6.0,61.36,72.73,9.09,0,0,0,16,1,16.9
J Thomas,T20I,6,54,86,5,46,2,0,10.8,62.79,53.49,2.33,0,0,0,26,0,16.8
Ismaeel Zia,T20I,6,54,68,6,41,6,0,9.0,79.41,60.29,8.82,0,0,0,22,1,21.8
Ariful Haque,T20I,7,54,58,4,24,4,0,13.5,93.1,41.38,6.9,0,0,0,18,1,26.8
Faisal Javed,T20I,4,54,26,4,11,8,3,13.5,207.69,42.31,42.31,0,0,0,29,1,54.1
SN Pathirana,T20I,11,54,86,7,43,0,1,7.71,62.79,50.0,1.16,0,0,0,16,1,15.3
A Shukla,T20I,21,54,90,15,60,3,2,3.6,60.0,66.67,5.56,0,0,0,10,7,13.9
SMA Priyanjan,T20I,3,54,62,1,24,1,2,54.0,87.1,38.71,4.84,0,0,1,40,0,40.1
Usman Shinwari,PSL,12,54,53,6,28,1,5,9.0,101.89,52.83,11.32,0,0,1,30,3,27.6
A Nao,ODI,15,54,68,7,36,4,1,7.71,79.41,52.94,7.35,0,0,0,11,1,21.3
Abdul Naser Baluch,T20I,12,54,63,11,35,1,4,4.91,85.71,55.56,7.94,0,0,0,16,3,21.2
Ansh Patel,ODI,3,54,57,2,23,5,0,27.0,94.74,40.35,8.77,0,0,1,41,0,33.4
Imran Haider,ODI,12,54,123,6,84,2,0,9.0,43.9,68.29,1.63,0,0,0,18,3,10.9
SP Khakurel,T20I,6,54,79,6,44,4,0,9.0,68.35,55.7,5.06,0,0,0,22,0,18.4
Muhammad Burhan,T20I,9,54,46,9,18,5,1,6.0,117.39,39.13,13.04,0,0,0,16,0,31.7
TU Deshpande,IPL,10,54,36,4,13,2,4,13.5,150.0,36.11,16.67,0,0,0,25,0,41.9
AR Berenger,ODI,6,53,111,6,84,7,0,8.83,47.75,75.68,6.31,0,0,0,22,0,14.2
CJ Anderson,CPL,7,53,61,7,29,0,3,7.57,86.89,47.54,4.92,0,0,1,31,1,21.5
PVD Chameera,IPL,11,53,45,4,19,3,3,13.25,117.78,42.22,13.33,0,0,0,17,2,34.3
DDP D'Silva,ODI,5,53,119,4,91,8,0,13.25,44.54,76.47,6.72,0,0,1,31,0,15.7
VO Lawes,CPL,4,53,37,4,16,2,5,13.25,143.24,43.24,18.92,0,0,1,32,0,41.4
Shivang Kumar,IPL,6,53,46,6,19,6,1,8.83,115.22,41.3,15.22,0,0,0,27,0,33.6
Anik Ahmed,T20I,4,53,58,2,20,2,0,26.5,91.38,34.48,3.45,0,0,0,26,1,30.1
Mohammad Hasnain,ODI,7,53,34,3,15,9,1,17.67,155.88,44.12,29.41,0,0,0,28,1,51.7
C Carter,T20I,4,53,59,3,23,3,0,17.67,89.83,38.98,5.08,0,0,0,17,0,27.0
BCJ Cutting,ODI,2,53,67,2,35,4,1,26.5,79.1,52.24,7.46,0,0,0,27,0,28.5
WB Rankin,T20I,12,53,63,5,33,3,2,10.6,84.13,52.38,7.94,0,0,0,16,2,23.5
Sajid Patel,T20I,4,53,59,4,34,7,0,13.25,89.83,57.63,11.86,0,0,1,42,0,27.2
DL Chahar,T20I,4,53,28,2,9,4,4,26.5,189.29,32.14,28.57,0,0,1,31,1,59.5
BM Tickner,ODI,9,53,69,4,37,5,0,13.25,76.81,53.62,7.25,0,0,0,18,0,22.9
S Yeshi,T20I,17,53,78,11,53,4,2,4.82,67.95,67.95,7.69,0,0,0,13,6,16.7
S Kushretha,T20I,6,53,71,5,36,3,0,10.6,74.65,50.7,4.23,0,0,0,28,1,20.0
Akhter Pacha Sher,T20I,3,53,35,3,18,3,5,17.67,151.43,51.43,22.86,0,1,0,53,2,45.6
PM Liyanagamage,ODI,9,53,120,7,89,6,0,7.57,44.17,74.17,5.0,0,0,0,15,0,12.4
Usman Limbada,T20I,3,53,41,1,12,6,0,53.0,129.27,29.27,14.63,0,0,0,21,0,53.5
DJ Willey,IPL,5,53,62,2,34,7,0,26.5,85.48,54.84,11.29,0,0,0,20,1,31.6
A Chopra,IPL,6,53,71,6,41,7,0,8.83,74.65,57.75,9.86,0,0,0,24,0,22.1
J Suleman,T20I,4,53,62,4,31,2,3,13.25,85.48,50.0,8.06,0,0,1,35,1,25.2
Aamer Ikram,T20I,3,53,67,3,45,3,4,17.67,79.1,67.16,10.45,0,0,0,23,0,25.1
CAK Walton,ODI,8,53,86,8,57,7,0,6.62,61.63,66.28,8.14,0,0,0,19,4,17.1
Sobu George,T20I,2,53,41,2,14,4,2,26.5,129.27,34.15,14.63,0,0,0,27,0,42.8
V Baskaran,T20I,15,53,86,11,42,1,0,4.82,61.63,48.84,1.16,0,0,0,14,3,14.2
Lalu Bhai Ahir,T20I,4,53,77,3,39,4,0,17.67,68.83,50.65,5.19,0,0,0,24,0,22.5
NK Aneesh Kumar,T20I,14,52,74,7,35,1,1,7.43,70.27,47.3,2.7,0,0,0,24,3,17.7
HS Baidwan,T20I,5,52,43,4,13,4,1,13.0,120.93,30.23,11.63,0,0,0,21,1,35.2
Aliya Kamara,T20I,6,52,47,6,27,5,3,8.67,110.64,57.45,17.02,0,0,0,19,1,31.8
JA Thompson,BBL,8,52,34,7,14,3,3,7.43,152.94,41.18,17.65,0,0,0,15,0,40.0
Abdur Rauf,Test,3,52,168,6,138,4,0,8.67,30.95,82.14,2.38,0,0,1,31,2,9.2
JNT Vare,T20I,5,52,57,5,24,3,0,10.4,91.23,42.11,5.26,0,0,1,38,0,24.1
Shoaib Malik,IPL,5,52,47,4,14,5,0,13.0,110.64,29.79,10.64,0,0,0,24,0,33.2
AK Perera,ODI,4,52,83,4,47,3,0,13.0,62.65,56.63,3.61,0,0,1,31,0,18.0
DNA Ankrah,T20I,8,52,75,7,45,4,1,7.43,69.33,60.0,6.67,0,0,0,24,2,18.4
J Wadia,BBL,6,52,38,6,16,3,3,8.67,136.84,42.11,15.79,0,0,1,34,0,36.8
ML Schutt,WPL,3,52,38,2,11,8,0,26.0,136.84,28.95,21.05,0,0,1,30,0,48.7
BV Vitori,Test,4,52,84,5,61,7,1,10.4,61.9,72.62,9.52,0,0,0,19,2,18.9
MM Patel,Test,9,52,130,6,107,7,1,8.67,40.0,82.31,6.15,0,0,0,15,4,13.0
S Sankar,T20I,5,52,59,4,22,4,0,13.0,88.14,37.29,6.78,0,0,1,37,1,26.4
JW Hastings,Test,1,52,88,2,65,5,2,26.0,59.09,73.86,7.95,0,0,1,32,0,23.3
GE Gutierrez Chavez,T20I,5,52,66,4,41,4,2,13.0,78.79,62.12,9.09,0,0,0,25,1,23.1
Waqar Younis,Test,2,52,71,4,48,5,2,13.0,73.24,67.61,9.86,0,0,0,28,1,22.0
Faizan Asif,T20I,5,52,45,5,23,5,2,10.4,115.56,51.11,15.56,0,0,0,17,0,33.1
Waqas Khan,ODI,4,52,100,3,61,3,0,17.33,52.0,61.0,3.0,0,0,1,35,0,17.1
S Mahmood,Test,1,52,124,1,99,4,1,52.0,41.94,79.84,4.03,0,0,1,49,0,28.1
Muhammad Zafar Khan,T20I,4,52,39,2,25,12,0,26.0,133.33,64.1,30.77,0,0,0,24,0,49.2
OE Newey,T20I,3,52,58,2,23,2,0,26.0,89.66,39.66,3.45,0,0,0,23,0,28.9
RP Singh,IPL,29,52,76,15,39,2,1,3.47,68.42,51.32,3.95,0,0,0,10,5,16.2
Akif Raja,T20I,5,52,44,2,17,5,1,26.0,118.18,38.64,13.64,0,0,0,28,0,39.8
Raqibul Hasan,T20I,5,51,62,5,27,3,1,10.2,82.26,43.55,6.45,0,0,0,18,0,23.4
K Mishara,Test,1,51,64,2,42,6,1,25.5,79.69,65.62,10.94,0,0,1,32,0,28.6
L Wood,PSL,10,51,41,6,19,2,4,8.5,124.39,46.34,14.63,0,0,0,17,2,33.7
Sikder Billah,T20I,5,51,39,3,12,5,1,17.0,130.77,30.77,15.38,0,0,1,33,1,40.5
Mohammad Imran,PSL,7,51,27,4,8,5,3,12.75,188.89,29.63,29.63,0,0,0,26,1,55.4
Abubacarr Kuyateh,T20I,8,51,72,8,52,7,2,6.38,70.83,72.22,12.5,0,0,1,33,4,20.6
R Rampaul,IPL,7,51,50,5,24,3,2,10.2,102.0,48.0,10.0,0,0,0,23,3,27.9
Sohail Ahmad,T20I,6,51,52,6,22,1,3,8.5,98.08,42.31,7.69,0,0,0,20,0,26.0
RA Reifer,ODI,5,51,101,5,56,1,0,10.2,50.5,55.45,0.99,0,0,0,27,1,13.7
Kamrul Islam Rabbi,Test,7,51,281,9,255,5,2,5.67,18.15,90.75,2.49,0,0,0,25,5,6.4
CA Pujara,ODI,5,51,130,5,96,4,0,10.2,39.23,73.85,3.08,0,0,0,27,2,11.4
OF Smith,IPL,6,51,44,3,23,1,5,17.0,115.91,52.27,13.64,0,0,0,25,1,34.2
Kaleem Sana,T20I,9,51,54,4,28,2,3,12.75,94.44,51.85,9.26,0,0,0,13,0,26.7
Swapnil Singh,IPL,9,51,45,5,20,3,3,10.2,113.33,44.44,13.33,0,0,0,15,2,32.2
A Mithun,ODI,3,51,55,3,33,2,4,17.0,92.73,60.0,10.91,0,0,0,24,0,28.0
Nasir Jamshed,Test,2,51,107,4,85,8,0,12.75,47.66,79.44,7.48,0,0,1,46,1,16.5
XJ Doherty,Test,4,51,159,4,140,8,0,12.75,32.08,88.05,5.03,0,0,0,18,0,12.7
Kuldeep Gurjar,T20I,10,51,88,10,51,0,3,5.1,57.95,57.95,3.41,0,0,0,16,1,14.0
MDKJ Perera,CPL,3,51,46,2,15,4,1,25.5,110.87,32.61,10.87,0,0,1,34,0,37.6
Mir Hamza,Test,7,51,182,8,158,3,2,6.38,28.02,86.81,2.75,0,0,0,16,3,8.2
RN Bhatia,ODI,9,51,111,7,76,4,0,7.29,45.95,68.47,3.6,0,0,0,24,1,11.8
IS Billcliff,T20I,2,51,39,2,11,3,2,25.5,130.77,28.21,12.82,0,0,1,37,0,42.3
MJ Suthar,Test,2,51,119,3,89,5,0,17.0,42.86,74.79,4.2,0,0,0,24,0,15.2
P Khari,T20I,2,51,39,1,17,5,2,51.0,130.77,43.59,17.95,0,0,1,38,0,53.1
Shivam Mavi,IPL,11,51,56,9,30,4,2,5.67,91.07,53.57,10.71,0,0,0,20,3,24.3
DC Thomas,T20I,7,51,54,6,28,4,2,8.5,94.44,51.85,11.11,0,0,1,31,0,26.4
KB Arun Karthik,IPL,8,51,51,5,22,4,1,10.2,100.0,43.14,9.8,0,0,0,19,1,28.2
A Kaul,T20I,8,51,58,7,29,7,0,7.29,87.93,50.0,12.07,0,0,0,28,2,25.9
GY Tomar,T20I,2,51,45,2,24,4,3,25.5,113.33,53.33,15.56,0,0,1,33,0,38.1
Hilal Ahmad,T20I,5,51,74,3,38,2,0,17.0,68.92,51.35,2.7,0,0,1,44,1,20.5
SD Udal,Test,2,51,87,2,58,5,1,25.5,58.62,66.67,6.9,0,0,1,33,1,22.9
AA Paradkar,ODI,5,51,80,4,47,3,1,12.75,63.75,58.75,5.0,0,0,0,24,1,18.7
CJ Jordan,CPL,5,50,44,3,16,6,0,16.67,113.64,36.36,13.64,0,0,0,27,0,36.0
A Alexander,T20I,8,50,33,5,12,2,4,10.0,151.52,36.36,18.18,0,0,1,30,1,41.8
Ahmad Khalid Ahmadzai,T20I,8,50,37,6,19,1,6,8.33,135.14,51.35,18.92,0,0,1,30,2,37.2
Aryan Lakra,T20I,8,50,58,7,31,3,2,7.14,86.21,53.45,8.62,0,0,0,19,1,22.8
Izhar Hussain,T20I,4,50,60,4,27,3,1,12.5,83.33,45.0,6.67,0,0,0,29,1,24.4
YYM Jakda,T20I,12,50,48,11,29,4,3,4.55,104.17,60.42,14.58,0,0,0,16,3,27.3
CT Tremlett,ODI,11,50,89,7,59,2,2,7.14,56.18,66.29,4.49,0,0,0,19,1,14.1
Mohammad Bhaidu,T20I,6,50,77,6,47,4,1,8.33,64.94,61.04,6.49,0,0,0,17,1,17.8
J Theron,ODI,12,50,102,10,71,5,0,5.0,49.02,69.61,4.9,0,0,0,12,4,12.1
J Reb,T20I,5,50,65,5,38,3,2,10.0,76.92,58.46,7.69,0,0,0,19,0,21.3
F Campbell,T20I,7,50,71,7,42,4,1,7.14,70.42,59.15,7.04,0,0,0,18,2,18.8
Iqbal Hussain,T20I,6,50,42,4,13,3,2,12.5,119.05,30.95,11.9,0,0,0,22,1,34.8
MD Fisher,Test,2,50,90,1,66,6,0,50.0,55.56,73.33,6.67,0,1,0,50,1,31.0
HK Brahmbhatt,T20I,2,50,59,2,36,5,1,25.0,84.75,61.02,10.17,0,0,1,43,0,29.3
PEA Karunarathna,T20I,6,50,38,4,16,4,3,12.5,131.58,42.11,18.42,0,0,0,16,0,39.3
TJ Dean,BBL,3,50,44,3,12,4,0,16.67,113.64,27.27,9.09,0,0,1,32,0,34.3
RTM Mendis,ODI,4,50,50,2,19,3,1,25.0,100.0,38.0,8.0,0,0,0,26,0,33.2
RV Gomez,IPL,9,50,51,5,25,5,1,10.0,98.04,49.02,11.76,0,0,0,26,3,28.3
Qateel Zabiullah,T20I,3,50,27,3,9,2,5,16.67,185.19,33.33,25.93,0,0,1,32,0,53.9
SA Abbott,T20I,13,50,49,7,22,4,1,7.14,102.04,44.9,10.2,0,0,0,13,3,27.3
Zain Muzaffar,T20I,7,50,36,2,9,2,3,25.0,138.89,25.0,13.89,0,0,0,18,0,44.4
WA Agar,ODI,2,50,42,2,19,4,2,25.0,119.05,45.24,14.29,0,0,1,41,0,39.0
EB Knowles,T20I,4,50,55,3,29,6,0,16.67,90.91,52.73,10.91,0,0,0,23,0,28.7
GJ Rennie,ODI,4,50,125,4,90,4,0,12.5,40.0,72.0,3.2,0,0,0,26,0,12.5
K Klein,T20I,11,50,64,8,26,2,0,6.25,78.12,40.62,3.12,0,0,0,16,2,19.5
VR Aaron,IPL,12,50,72,5,42,2,2,10.0,69.44,58.33,5.56,0,0,0,17,1,18.8
TD Chaoana,T20I,15,50,75,9,45,3,1,5.56,66.67,60.0,5.33,0,0,0,10,1,16.4
Mohammad Nawaz (3),Test,3,50,157,4,127,4,0,12.5,31.85,80.89,2.55,0,0,0,25,1,10.9
JD Baker,T20I,5,50,48,3,21,2,3,16.67,104.17,43.75,10.42,0,0,1,40,1,31.5
OF Smith,PSL,6,50,40,3,21,5,3,16.67,125.0,52.5,20.0,0,0,0,25,1,39.5
K Hardat,T20I,7,50,57,6,32,7,0,8.33,87.72,56.14,12.28,0,0,0,26,1,25.5
HH Gibbs,CPL,5,50,62,5,31,5,0,10.0,80.65,50.0,8.06,0,0,0,22,0,23.3
Hasan Mahmud,T20I,9,50,51,2,24,0,4,25.0,98.04,47.06,7.84,0,0,0,26,1,31.6
DE Bollinger,ODI,7,50,54,6,24,5,0,8.33,92.59,44.44,9.26,0,0,1,30,1,25.9
Mohammad Yousuf,T20I,3,50,43,3,20,5,1,16.67,116.28,46.51,13.95,0,0,0,26,0,35.1
LHD Dilhara,ODI,4,49,60,4,36,3,3,12.25,81.67,60.0,10.0,0,0,0,29,0,24.1
ZGF Foulkes,ODI,5,49,55,2,28,6,0,24.5,89.09,50.91,10.91,0,0,0,22,0,31.6
SB Bangar,IPL,8,49,58,7,28,1,3,7.0,84.48,48.28,6.9,0,0,0,17,1,22.1
HG Kuhn,T20I,6,49,42,4,17,3,2,12.25,116.67,40.48,11.9,0,0,0,29,0,33.0
M Bryant,PSL,5,49,30,3,10,7,1,16.33,163.33,33.33,26.67,0,0,1,38,2,51.9
Parveen Kumar,T20I,8,49,70,7,41,0,3,7.0,70.0,58.57,4.29,0,0,0,19,2,16.9
Mushfiqur Rahim,PSL,3,49,39,2,11,4,1,24.5,125.64,28.21,12.82,0,0,1,33,0,41.2
AG Paunikar,IPL,5,49,58,5,36,9,0,9.8,84.48,62.07,15.52,0,0,0,20,1,27.0
S Chilemanya,T20I,8,49,69,8,45,1,1,6.12,71.01,65.22,2.9,0,0,0,17,2,14.8
A Nortje,IPL,14,49,50,7,24,6,0,7.0,98.0,48.0,12.0,0,0,0,23,3,27.5
Muhammad Ajmal,T20I,7,49,56,6,30,5,1,8.17,87.5,53.57,10.71,0,0,0,17,3,24.8
Syed Faizan Tahir,T20I,8,49,74,7,41,2,1,7.0,66.22,55.41,4.05,0,0,0,20,0,16.7
Jubaid Ahamed,T20I,7,49,45,4,16,2,2,12.25,108.89,35.56,8.89,0,0,0,13,0,30.6
CU Jayasinghe,T20I,3,49,49,1,20,3,1,49.0,100.0,40.82,8.16,0,0,1,38,0,41.9
J Clough,T20I,5,49,49,4,24,2,2,12.25,100.0,48.98,8.16,0,0,0,12,0,27.0
Imran Butt,Test,2,49,93,4,67,6,0,12.25,52.69,72.04,6.45,0,0,1,37,1,16.3
JN Mohammed,T20I,6,49,62,5,31,6,0,9.8,79.03,50.0,9.68,0,0,0,17,1,24.0
Aphsal Ashraf,T20I,2,49,25,1,6,1,5,49.0,196.0,24.0,24.0,0,0,1,45,0,66.0
ZS Ansari,Test,3,49,136,5,104,5,0,9.8,36.03,76.47,3.68,0,0,1,32,2,11.2
A Khan,T20I,7,49,54,7,23,2,1,7.0,90.74,42.59,5.56,0,0,0,16,0,22.9
Mohammad Shahzad (2),ODI,3,49,67,3,47,5,2,16.33,73.13,70.15,10.45,0,0,0,28,1,23.3
K Sinclair,CPL,9,49,68,9,46,7,0,5.44,72.06,67.65,10.29,0,0,0,17,2,19.3
K Senamontree,T20I,15,49,84,12,51,1,1,4.08,58.33,60.71,2.38,0,0,0,13,4,12.6
P Magafas,T20I,3,49,50,3,22,5,0,16.33,98.0,44.0,10.0,0,0,1,30,0,30.2
WTS Porterfield,Test,2,49,199,4,175,5,0,12.25,24.62,87.94,2.51,0,0,1,32,0,9.8
I Master,T20I,6,49,51,5,25,3,0,9.8,96.08,49.02,5.88,0,0,1,40,1,24.0
KO Meth,ODI,6,49,93,6,60,5,0,8.17,52.69,64.52,5.38,0,0,0,20,2,14.8
B van Zyl,T20I,5,49,45,5,18,3,2,9.8,108.89,40.0,11.11,0,0,0,22,1,30.6
Naseem Khan,T20I,5,49,56,5,35,5,2,9.8,87.5,62.5,12.5,0,0,0,27,0,25.3
AS Yadav,IPL,6,49,39,5,17,5,2,9.8,125.64,43.59,17.95,0,0,0,16,1,36.9
CA Keita,T20I,11,49,95,11,73,5,2,4.45,51.58,76.84,7.37,0,0,1,35,4,13.8
SS Tiwary,ODI,2,49,56,0,28,5,1,49.0,87.5,50.0,10.71,0,0,1,37,0,40.6
T Kohler-Cadmore,IPL,3,48,54,3,33,7,1,16.0,88.89,61.11,14.81,0,0,0,20,0,29.6
Kuldeep Yadav,T20I,9,48,71,6,35,2,0,8.0,67.61,49.3,2.82,0,0,0,23,3,17.3
A Busing-Volschenk,ODI,3,48,123,3,94,5,0,16.0,39.02,76.42,4.07,0,0,1,31,0,14.2
S Shrivastava,T20I,7,48,55,2,26,4,1,24.0,87.27,47.27,9.09,0,0,0,22,1,30.5
S Matsikenyeri,T20I,5,48,53,5,28,2,3,9.6,90.57,52.83,9.43,0,0,1,32,1,25.0
Zong Yuechao,T20I,8,48,100,7,71,3,1,6.86,48.0,71.0,4.0,0,0,0,29,2,12.0
FJ Klaassen,ODI,12,48,73,4,45,1,2,12.0,65.75,61.64,4.11,0,0,0,11,2,17.6
FJ Klaassen,T20I,15,48,59,11,23,2,0,4.36,81.36,38.98,3.39,0,0,0,13,4,19.7
Ibrahim Kpaka,T20I,10,48,65,10,36,4,0,4.8,73.85,55.38,6.15,0,0,0,18,3,18.3
RJW Topley,BBL,7,48,44,2,20,3,2,24.0,109.09,45.45,11.36,0,0,0,14,0,35.3
RJ Harris,ODI,9,48,48,6,20,3,1,8.0,100.0,41.67,8.33,0,0,0,21,0,26.6
M Markande,IPL,10,48,42,3,18,5,1,16.0,114.29,42.86,14.29,0,0,0,18,0,35.3
Zulqarnain Haider,ODI,4,48,68,2,35,3,0,24.0,70.59,51.47,4.41,0,0,0,19,0,24.5
KAR Hodge,CPL,6,48,48,6,26,5,1,8.0,100.0,54.17,12.5,0,0,0,21,2,27.6
DAM Louis,T20I,7,48,47,5,21,3,2,9.6,102.13,44.68,10.64,0,0,0,13,1,28.6
KK Jennings,BBL,3,48,45,3,21,5,1,16.0,106.67,46.67,13.33,0,0,1,35,0,33.1
SH Johnson,BBL,8,48,38,6,21,7,2,8.0,126.32,55.26,23.68,0,0,0,27,3,38.5
AJ Prajapati,T20I,6,48,86,6,65,3,2,8.0,55.81,75.58,5.81,0,0,0,15,2,14.7
Imran Tahir,PSL,10,48,53,7,27,5,1,6.86,90.57,50.94,11.32,0,0,0,14,0,25.5
Asif Afridi,PSL,10,48,52,5,29,5,2,9.6,92.31,55.77,13.46,0,0,0,15,1,27.5
GC Viljoen,PSL,4,48,33,3,13,4,3,16.0,145.45,39.39,21.21,0,0,1,37,0,44.8
L Shafeeg,T20I,9,48,56,4,24,3,1,12.0,85.71,42.86,7.14,0,0,0,19,2,25.1
Mohammad Irfan,ODI,30,48,149,12,125,5,2,4.0,32.21,83.89,4.7,0,0,0,12,8,9.2
TB Robinson,ODI,3,48,47,3,23,7,0,16.0,102.13,48.94,14.89,0,0,1,35,0,33.2
A Modi,T20I,5,48,76,4,34,1,0,12.0,63.16,44.74,1.32,0,0,0,24,0,17.8
Arafat Sunny,ODI,10,48,91,3,61,5,0,16.0,52.75,67.03,5.49,0,0,0,15,0,17.5
FL Reifer,Test,2,48,129,4,93,4,0,12.0,37.21,72.09,3.1,0,0,0,25,0,11.8
FA Klokker,T20I,6,48,45,1,16,4,0,48.0,106.67,35.56,8.89,0,0,0,29,0,43.7
Ajin Soman,T20I,5,48,38,5,18,2,4,9.6,126.32,47.37,15.79,0,0,0,14,0,35.0
Irfan Khan,ODI,6,48,74,6,43,3,1,8.0,64.86,58.11,5.41,0,0,0,22,1,17.4
R Lungu,T20I,5,47,74,5,54,7,1,9.4,63.51,72.97,10.81,0,0,0,28,0,19.6
IA Cockbain,PSL,3,47,37,3,14,5,1,15.67,127.03,37.84,16.22,0,0,1,31,0,39.0
K Pierre,Test,2,47,110,3,89,7,0,15.67,42.73,80.91,6.36,0,0,0,23,1,16.1
I Udana,CPL,3,47,31,2,15,2,5,23.5,151.61,48.39,22.58,0,0,0,25,0,48.1
EC Joyce,Test,1,47,102,2,80,6,0,23.5,46.08,78.43,5.88,0,0,1,43,0,19.2
R McLaren,Test,2,47,108,2,84,6,0,23.5,43.52,77.78,5.56,0,0,1,33,0,18.6
Rehman Abdul,T20I,3,47,51,2,24,2,1,23.5,92.16,47.06,5.88,0,0,0,28,0,28.9
E Kahamker,T20I,3,47,39,3,13,4,1,15.67,120.51,33.33,12.82,0,0,0,19,0,36.5
VRV Singh,Test,4,47,42,4,25,9,0,11.75,111.9,59.52,21.43,0,0,0,29,0,35.8
BTJ Wheal,ODI,7,47,62,6,36,6,0,7.83,75.81,58.06,9.68,0,0,0,24,3,21.7
Seetharam Guruvayoorappan,T20I,4,47,69,3,38,4,0,15.67,68.12,55.07,5.8,0,0,0,20,0,21.4
W Parker,BBL,6,47,35,4,9,4,1,11.75,134.29,25.71,14.29,0,0,0,25,1,39.0
WD Parnell,PSL,3,47,31,3,10,7,1,15.67,151.61,32.26,25.81,0,0,1,41,0,49.6
R Athapaththu,T20I,5,47,31,0,9,2,3,47.0,151.61,29.03,16.13,0,0,0,28,0,55.4
IG Holland,T20I,3,47,52,2,21,4,0,23.5,90.38,40.38,7.69,0,0,1,39,0,30.8
Arafat Minhas,T20I,2,47,42,1,18,4,2,47.0,111.9,42.86,14.29,0,0,0,25,0,46.6
K Gore,T20I,3,47,28,2,7,4,2,23.5,167.86,25.0,21.43,0,0,1,31,0,52.9
Abdul Majid Abbasi,T20I,20,47,88,8,51,1,1,5.88,53.41,57.95,2.27,0,0,0,8,3,12.9
GF Linde,CPL,4,47,45,4,22,5,1,11.75,104.44,48.89,13.33,0,0,0,14,0,30.9
C Sridev,T20I,5,47,58,4,27,3,0,11.75,81.03,46.55,5.17,0,0,0,29,2,22.5
Kabir Berlia,T20I,5,47,32,3,11,5,2,15.67,146.88,34.38,21.88,0,0,0,28,0,46.0
Yashpal Singh,IPL,4,47,66,4,37,5,0,11.75,71.21,56.06,7.58,0,0,0,20,0,21.4
Mohammad Ayub,Test,1,47,168,2,135,4,0,23.5,27.98,80.36,2.38,0,0,0,25,0,14.4
Manuel Iturbe,T20I,8,47,65,7,38,3,1,6.71,72.31,58.46,6.15,0,0,0,16,0,18.4
AT Rayudu,CPL,3,47,40,3,18,3,3,15.67,117.5,45.0,15.0,0,0,1,32,1,35.8
Fawad Ahmed,BBL,17,47,53,9,32,3,3,5.22,88.68,60.38,11.32,0,0,0,19,2,23.3
Arshad Ali,ODI,2,47,89,2,60,5,0,23.5,52.81,67.42,5.62,0,0,1,41,0,20.3
JJ Davidson,ODI,5,47,39,0,13,4,0,47.0,120.51,33.33,10.26,0,0,0,24,0,46.5
DPMD Jayawardene,CPL,10,47,58,10,29,4,0,4.7,81.03,50.0,6.9,0,0,0,16,2,20.5
Zaker Taqawi,T20I,8,47,69,5,33,2,0,9.4,68.12,47.83,2.9,0,0,0,17,0,18.2
LT Bichard,T20I,8,46,58,4,26,4,0,11.5,79.31,44.83,6.9,0,0,0,25,1,23.6
JJ van der Wath,T20I,4,46,39,3,13,3,1,15.33,117.95,33.33,10.26,0,0,0,21,0,34.3
JW Hastings,T20I,6,46,37,4,12,3,1,11.5,124.32,32.43,10.81,0,0,0,15,0,34.2
Naseem Shah,T20I,12,46,46,8,26,6,1,5.75,100.0,56.52,15.22,0,0,0,16,4,28.2
AS Wright,T20I,3,46,45,3,26,3,3,15.33,102.22,57.78,13.33,0,0,1,43,1,30.6
Naveena Shetty,T20I,8,46,32,6,13,5,2,7.67,143.75,40.62,21.88,0,0,0,20,3,41.7
T Lungameni,ODI,16,46,103,9,70,2,0,5.11,44.66,67.96,1.94,0,0,0,12,1,9.8
GA Lamb,Test,1,46,120,2,90,4,0,23.0,38.33,75.0,3.33,0,0,1,39,0,16.2
NN Banner,T20I,9,46,68,5,39,1,1,9.2,67.65,57.35,2.94,0,0,0,12,0,16.7
AM Oyede,T20I,7,46,77,7,45,2,0,6.57,59.74,58.44,2.6,0,0,1,39,2,14.2
Chen Zhuo Yue,T20I,11,46,93,8,62,2,1,5.75,49.46,66.67,3.23,0,0,0,13,2,11.7
ME Sanuth,ODI,2,46,39,2,15,5,1,23.0,117.95,38.46,15.38,0,0,1,40,0,39.8
AR Berenger,T20I,2,46,24,2,8,5,3,23.0,191.67,33.33,33.33,0,0,1,37,0,58.9
L Botha,T20I,1,46,25,0,11,5,3,46.0,184.0,44.0,32.0,0,0,1,46,0,66.0
RA Reifer,T20I,2,46,41,2,12,1,2,23.0,112.2,29.27,7.32,0,0,0,27,0,35.0
L Ward,T20I,5,46,45,2,20,4,1,23.0,102.22,44.44,11.11,0,0,0,17,0,33.9
LC Hatcher,BBL,9,46,47,6,26,2,3,7.67,97.87,55.32,10.64,0,0,0,20,1,25.7
W Prestwidge,BBL,6,46,44,5,25,3,3,9.2,104.55,56.82,13.64,0,0,0,21,2,29.0
Zhuang Zelin,T20I,9,46,84,9,53,2,0,5.11,54.76,63.1,2.38,0,0,1,33,3,12.2
PP Ojha,ODI,9,46,112,2,79,3,0,23.0,41.07,70.54,2.68,0,0,0,16,0,16.2
KK Nair,ODI,2,46,88,2,62,6,0,23.0,52.27,70.45,6.82,0,0,1,39,0,20.5
C Brown,T20I,4,46,61,4,35,6,0,11.5,75.41,57.38,9.84,0,0,0,27,0,23.2
Gagandeep Singh,T20I,11,46,51,6,26,4,1,7.67,90.2,50.98,9.8,0,0,0,13,1,24.7
BA Carse,T20I,8,46,37,5,14,2,3,9.2,124.32,37.84,13.51,0,0,1,31,2,34.4
Rafatullah Mohmand,PSL,3,46,37,3,20,2,4,15.33,124.32,54.05,16.22,0,0,0,18,0,36.2
AB Mengoumou,T20I,8,46,132,7,94,0,0,6.57,34.85,71.21,0.0,0,0,0,22,2,7.4
GJ Batty,Test,5,46,234,7,208,5,0,6.57,19.66,88.89,2.14,0,0,0,19,2,6.7
V Veiqravi,T20I,5,46,61,5,41,3,3,9.2,75.41,67.21,9.84,0,0,0,29,2,21.0
Mohammad Huraira,Test,2,46,95,4,67,4,0,11.5,48.42,70.53,4.21,0,0,0,29,0,13.9
SU Parakh,IPL,4,46,33,4,14,5,2,11.5,139.39,42.42,21.21,0,0,0,24,1,41.8
Ghulam Ahmadi,T20I,14,46,48,3,20,4,0,15.33,95.83,41.67,8.33,0,0,0,13,0,28.7
AI Ross,CPL,2,46,43,1,16,2,2,46.0,106.98,37.21,9.3,0,0,0,23,0,43.1
Craig Cachopa,T20I,3,45,48,2,22,2,2,22.5,93.75,45.83,8.33,0,0,0,25,0,30.5
J Jojo,T20I,8,45,33,4,6,2,1,11.25,136.36,18.18,9.09,0,0,0,13,1,36.7
OAC Banks,ODI,2,45,58,2,27,0,2,22.5,77.59,46.55,3.45,0,0,1,33,0,24.9
JP Faulkner,Test,1,45,43,2,22,5,1,22.5,104.65,51.16,13.95,0,0,0,23,0,35.0
Kashif Abbas,T20I,4,45,41,4,24,4,3,11.25,109.76,58.54,17.07,0,0,0,19,0,32.5
AR Odedara,T20I,8,45,63,8,35,5,0,5.62,71.43,55.56,7.94,0,0,0,15,3,19.5
L Gregory,T20I,6,45,41,6,15,2,2,7.5,109.76,36.59,9.76,0,0,0,15,1,29.4
Mohamed Mahfooz,T20I,6,45,68,4,34,2,0,11.25,66.18,50.0,2.94,0,0,0,16,0,18.3
CJM Sabburg,BBL,4,45,57,2,24,1,0,22.5,78.95,42.11,1.75,0,0,0,19,0,24.6
RDM Leverock,ODI,9,45,120,6,87,2,0,7.5,37.5,72.5,1.67,0,0,0,9,1,9.2
JWN Moses,T20I,6,45,50,6,25,4,1,7.5,90.0,50.0,10.0,0,0,0,20,0,24.9
NJ Maddinson,T20I,4,45,35,4,15,6,1,11.25,128.57,42.86,20.0,0,0,1,34,0,39.4
GC Wilson,Test,2,45,114,3,91,7,0,15.0,39.47,79.82,6.14,0,0,1,33,2,15.3
J Nyumbu,ODI,13,45,87,9,55,1,1,5.0,51.72,63.22,2.3,0,0,0,18,3,11.6
SW Ambris,CPL,3,45,59,2,29,4,0,22.5,76.27,49.15,6.78,0,0,0,17,0,26.6
JA Richardson,T20I,8,45,51,3,23,3,1,15.0,88.24,45.1,7.84,0,0,0,11,1,26.7
Yasir Shah,PSL,11,45,53,9,29,3,2,5.0,84.91,54.72,9.43,0,0,0,22,2,22.2
JA Sinclair,CPL,6,45,36,1,13,4,2,45.0,125.0,36.11,16.67,0,0,0,14,0,50.3
TH David,ODI,4,45,53,4,33,3,3,11.25,84.91,62.26,11.32,0,0,1,35,0,24.7
SE Thomas,CPL,5,45,77,4,45,2,1,11.25,58.44,58.44,3.9,0,0,0,20,0,16.7
B Khumalo,T20I,14,45,66,4,32,2,0,11.25,68.18,48.48,3.03,0,0,0,10,1,18.8
K Weeraratne,T20I,4,45,37,2,11,4,1,22.5,121.62,29.73,13.51,0,0,0,20,0,40.2
JC Tredwell,Test,2,45,87,2,68,6,0,22.5,51.72,78.16,6.9,0,0,1,37,0,20.3
JD Bhatt,T20I,3,45,37,3,13,2,2,15.0,121.62,35.14,10.81,0,0,0,24,0,34.8
M Karg,ODI,2,45,65,2,43,4,1,22.5,69.23,66.15,7.69,0,0,1,41,0,23.8
TL Seifert,IPL,6,45,41,6,22,6,1,7.5,109.76,53.66,17.07,0,0,0,21,2,31.8
S Ateak,T20I,3,45,48,3,29,6,1,15.0,93.75,60.42,14.58,0,0,0,26,0,29.8
Saif Ullah,T20I,4,45,38,4,24,5,3,11.25,118.42,63.16,21.05,0,0,0,15,0,35.7
Brima Ansumana,T20I,6,45,79,6,51,3,0,7.5,56.96,64.56,3.8,0,0,0,12,0,14.1
Ravi Bishnoi,IPL,18,45,69,12,44,2,2,3.75,65.22,63.77,5.8,0,0,0,13,4,15.3
TLW Cooper,CPL,6,45,53,5,24,3,1,9.0,84.91,45.28,7.55,0,0,0,15,1,23.8
ZGF Foulkes,Test,5,45,140,3,115,5,0,15.0,32.14,82.14,3.57,0,0,0,23,0,12.5
TV Mufambisi,ODI,4,45,69,4,47,6,0,11.25,65.22,68.12,8.7,0,0,0,21,0,19.4
M Fontaine,T20I,9,45,49,6,21,1,1,7.5,91.84,42.86,4.08,0,0,0,24,2,22.2
MJ Potts,ODI,6,45,62,1,28,1,1,45.0,72.58,45.16,3.23,0,0,0,15,0,32.7
Tabarak Dar,ODI,2,45,88,2,60,5,0,22.5,51.14,68.18,5.68,0,0,0,24,0,19.7
BJ Arnel,Test,6,45,148,8,123,5,0,5.62,30.41,83.11,3.38,0,0,0,8,3,8.7
Mohammad Wasim,T20I,12,44,58,4,36,5,1,11.0,75.86,62.07,10.34,0,0,0,12,1,22.8
VD Philander,CPL,4,44,17,2,1,2,4,22.0,258.82,5.88,35.29,0,0,0,23,0,62.5
HC Brook,BBL,7,44,58,7,27,3,0,6.29,75.86,46.55,5.17,0,0,0,22,1,19.8
M Dillon,ODI,10,44,52,8,26,3,1,5.5,84.62,50.0,7.69,0,0,0,10,1,21.9
D Pretorius,IPL,5,44,28,4,10,3,3,11.0,157.14,35.71,21.43,0,0,0,22,1,45.2
NA de Groot,ODI,6,44,127,6,106,6,0,7.33,34.65,83.46,4.72,0,0,0,17,3,10.8
S Sreesanth,ODI,20,44,121,11,86,2,0,4.0,36.36,71.07,1.65,0,0,0,10,3,7.7
DR Sams,IPL,13,44,44,9,22,1,3,4.89,100.0,50.0,9.09,0,0,0,15,3,24.7
Al Sahariar,ODI,6,44,98,6,75,5,1,7.33,44.9,76.53,6.12,0,0,0,14,1,13.1
Atif Mehmood,T20I,7,44,45,3,18,2,2,14.67,97.78,40.0,8.89,0,0,0,15,1,29.4
CJ Stamp,T20I,5,44,51,2,23,3,0,22.0,86.27,45.1,5.88,0,0,0,15,0,27.8
RJ Pierre,T20I,8,44,60,6,27,2,1,7.33,73.33,45.0,5.0,0,0,0,15,1,19.9
JS Henriksen,T20I,4,44,44,3,14,2,0,14.67,100.0,31.82,4.55,0,0,0,22,0,27.9
Usman Waheed,T20I,3,44,38,2,11,4,1,22.0,115.79,28.95,13.16,0,0,0,28,1,39.0
S Shillingford,CPL,12,44,40,8,19,2,3,5.5,110.0,47.5,12.5,0,0,0,16,5,29.0
S Sarthak,T20I,4,44,39,3,13,2,1,14.67,112.82,33.33,7.69,0,0,0,26,0,31.6
G Ganbold,T20I,13,44,121,12,88,1,0,3.67,36.36,72.73,0.83,0,0,0,12,2,7.0
Mamoon Latif,T20I,5,44,47,5,21,3,1,8.8,93.62,44.68,8.51,0,0,0,25,1,25.7
JR Cope,T20I,3,44,50,0,22,3,1,44.0,88.0,44.0,8.0,0,0,0,23,0,37.8
JAM Henri,T20I,6,44,38,5,13,2,1,8.8,115.79,34.21,7.89,0,0,0,25,2,29.8
Saad Nasim,T20I,2,44,53,2,16,0,1,22.0,83.02,30.19,1.89,0,0,0,25,0,26.8
R Galgalikar,T20I,6,44,65,6,37,3,0,7.33,67.69,56.92,4.62,0,0,0,18,1,17.2
Qais Ahmad,PSL,4,44,30,2,11,5,2,22.0,146.67,36.67,23.33,0,0,0,17,0,49.0
Sharjeel Khan,Test,1,44,45,2,32,7,1,22.0,97.78,71.11,17.78,0,0,1,40,0,33.7
KR Smith,BBL,3,44,42,2,16,4,0,22.0,104.76,38.1,9.52,0,0,1,41,1,33.8
J Lewis,ODI,7,43,48,6,21,4,0,7.17,89.58,43.75,8.33,0,0,0,17,0,24.5
J Perman,T20I,4,43,37,3,22,3,3,14.33,116.22,59.46,16.22,0,0,1,30,0,33.9
B Fernando,T20I,7,43,47,3,24,3,1,14.33,91.49,51.06,8.51,0,0,0,20,0,26.5
SJ Swanepoel,ODI,5,43,94,5,69,4,0,8.6,45.74,73.4,4.26,0,0,0,23,0,12.5
M Worndl,T20I,5,43,89,4,60,3,0,10.75,48.31,67.42,3.37,0,0,1,30,2,13.4
FJ Mpegna,T20I,12,43,76,9,47,2,1,4.78,56.58,61.84,3.95,0,0,0,14,1,13.5
RP Lefebvre,ODI,4,43,65,3,43,4,1,14.33,66.15,66.15,7.69,0,0,1,30,0,20.3
NO Miller,T20I,5,43,47,1,15,2,0,43.0,91.49,31.91,4.26,0,0,0,15,0,37.2
Iftekar Jaman,T20I,3,43,28,2,9,3,3,21.5,153.57,32.14,21.43,0,0,0,22,0,49.2
J Gumbie,T20I,3,43,52,3,31,6,0,14.33,82.69,59.62,11.54,0,0,0,17,0,26.1
TS Waqavakatoga,T20I,5,43,38,4,14,2,2,10.75,113.16,36.84,10.53,0,0,0,18,1,31.6
AU Rashid,BBL,4,43,24,1,6,5,1,43.0,179.17,25.0,25.0,0,0,0,25,0,64.2
Sunny Singh,IPL,5,43,31,4,12,6,1,10.75,138.71,38.71,22.58,0,0,0,20,0,42.9
Khalid Usman,PSL,3,43,34,1,9,3,1,43.0,126.47,26.47,11.76,0,0,0,19,0,47.8
T Makoni,Test,2,43,123,4,106,6,0,10.75,34.96,86.18,4.88,0,0,1,33,1,12.2
L Karlsson,T20I,6,43,45,5,21,3,1,8.6,95.56,46.67,8.89,0,0,0,14,1,25.8
S Fouché,T20I,3,43,51,2,25,5,0,21.5,84.31,49.02,9.8,0,0,1,40,0,29.4
S Dube,ODI,5,43,49,5,26,3,2,8.6,87.76,53.06,10.2,0,0,0,25,2,24.7
M Jele,T20I,16,43,71,10,40,0,2,4.3,60.56,56.34,2.82,0,0,0,14,4,13.9
KAJ Roach,CPL,8,43,38,6,16,2,3,7.17,113.16,42.11,13.16,0,0,0,12,2,31.2
HA Varaiya,ODI,11,43,116,6,87,3,0,7.17,37.07,75.0,2.59,0,0,0,13,1,9.6
Salman Butt,PSL,3,43,50,3,18,3,0,14.33,86.0,36.0,6.0,0,0,0,21,0,26.2
S Badrinath,T20I,1,43,37,1,12,5,0,43.0,116.22,32.43,13.51,0,0,1,43,0,46.7
JM Bird,Test,8,43,141,3,118,3,1,14.33,30.5,83.69,2.84,0,0,0,19,1,11.6
LN Rajbanshi,ODI,29,43,177,11,150,3,0,3.91,24.29,84.75,1.69,0,0,0,11,6,6.0
SC Kuggeleijn,CPL,8,43,40,3,11,2,0,14.33,107.5,27.5,5.0,0,0,0,13,1,29.8
A Mishra,ODI,10,43,82,8,57,4,0,5.38,52.44,69.51,4.88,0,0,0,14,2,12.7
VM Nyauchi,ODI,6,43,52,6,31,5,1,7.17,82.69,59.62,11.54,0,0,0,26,2,23.4
P Pustoslemsek,T20I,5,43,65,5,40,4,1,8.6,66.15,61.54,7.69,0,0,0,21,0,18.8
Ehsan Adil,ODI,5,43,57,4,30,4,0,10.75,75.44,52.63,7.02,0,0,0,16,0,21.7
Sikander Zulfiqar,T20I,7,43,44,7,15,3,0,6.14,97.73,34.09,6.82,0,0,0,17,0,25.6
D Jansen,CPL,6,43,40,4,15,4,1,10.75,107.5,37.5,12.5,0,0,0,23,0,32.0
WB Rankin,Test,3,43,99,5,78,6,0,8.6,43.43,78.79,6.06,0,0,0,17,1,13.4
A Langham,T20I,3,43,39,3,19,3,1,14.33,110.26,48.72,10.26,0,0,1,39,1,30.6
Rasikh Salam,IPL,7,43,42,5,19,5,0,8.6,102.38,45.24,11.9,0,0,0,10,0,29.0
SC de Oliveira,T20I,5,42,34,3,12,2,2,14.0,123.53,35.29,11.76,0,0,0,18,1,35.3
AB Barath,IPL,3,42,42,2,21,5,1,21.0,100.0,50.0,14.29,0,0,1,33,0,34.2
AO Suji,ODI,6,42,92,5,60,4,0,8.4,45.65,65.22,4.35,0,0,0,15,0,13.1
SD Valjalo,T20I,5,42,54,4,28,4,0,10.5,77.78,51.85,7.41,0,0,0,14,0,22.3
SF Mangoda,T20I,5,42,37,5,15,5,1,8.4,113.51,40.54,16.22,0,0,0,23,0,34.0
Abdullah Rana,T20I,5,42,27,4,10,4,2,10.5,155.56,37.04,22.22,0,0,0,25,1,45.1
LE Plunkett,T20I,9,42,34,7,13,3,1,6.0,123.53,38.24,11.76,0,0,0,18,3,31.8
Muzaffar Shiralkar,T20I,5,42,38,5,23,7,1,8.4,110.53,60.53,21.05,0,0,1,36,2,34.0
Pratik Singh Bais,T20I,17,42,72,8,36,0,0,5.25,58.33,50.0,0.0,0,0,0,9,4,13.0
DC Green,CPL,4,42,45,2,19,3,1,21.0,93.33,42.22,8.89,0,0,0,17,0,30.8
S Verma,WPL,5,42,53,2,24,4,0,21.0,79.25,45.28,7.55,0,0,0,18,0,27.5
HJC Mol,ODI,4,42,116,4,89,4,0,10.5,36.21,76.72,3.45,0,0,0,23,0,11.3
Harpreet Singh,T20I,4,42,42,4,19,4,1,10.5,100.0,45.24,11.9,0,0,1,32,0,29.4
Wahab Riaz,CPL,8,42,52,5,25,3,1,8.4,80.77,48.08,7.69,0,0,0,26,1,22.7
SK Trivedi,IPL,14,42,59,7,34,3,1,6.0,71.19,57.63,6.78,0,0,0,9,1,18.5
Jaikumar Thakur,T20I,7,42,79,7,47,2,0,6.0,53.16,59.49,2.53,0,0,0,20,1,12.9
Numan Yousuf,T20I,2,42,33,2,10,6,0,21.0,127.27,30.3,18.18,0,0,1,42,1,43.4
Asim Ashraf,T20I,3,42,76,3,51,5,0,14.0,55.26,67.11,6.58,0,0,0,19,0,17.8
SN Netravalkar,T20I,10,42,47,6,23,2,1,7.0,89.36,48.94,6.38,0,0,0,12,2,22.4
AR Caddick,Test,2,42,104,4,83,3,1,10.5,40.38,79.81,3.85,0,0,0,17,0,12.2
Asad Ali Rehemtulla,T20I,11,42,55,7,23,3,0,6.0,76.36,41.82,5.45,0,0,0,16,3,20.6
SJC Keen,BBL,4,42,42,4,20,2,2,10.5,100.0,47.62,9.52,0,0,0,15,0,27.4
CD Cumming,ODI,6,42,96,6,72,5,0,7.0,43.75,75.0,5.21,0,0,0,25,2,12.2
AT Rayudu,T20I,5,42,50,4,27,5,0,10.5,84.0,54.0,10.0,0,0,0,20,2,24.6
RE van der Merwe,BBL,2,42,28,2,6,3,2,21.0,150.0,21.43,17.86,0,0,1,36,0,47.6
Muhammad Murad,T20I,6,42,51,4,29,1,3,10.5,82.35,56.86,7.84,0,0,0,14,1,22.5
Liton Das,CPL,2,42,46,2,16,3,0,21.0,91.3,34.78,6.52,0,0,0,21,0,30.0
A Chaudhary,T20I,4,42,44,4,19,5,0,10.5,95.45,43.18,11.36,0,0,1,37,1,28.7
TP Allen,CPL,5,42,34,4,11,2,2,10.5,123.53,32.35,11.76,0,0,0,19,1,34.4
R Kumar,T20I,5,42,28,4,10,4,1,10.5,150.0,35.71,17.86,0,0,0,16,2,41.6
Abdul Razzaq,BBL,4,42,35,3,14,1,3,14.0,120.0,40.0,11.43,0,0,0,27,0,33.9
Sheraz Sirwari,T20I,7,42,31,5,15,0,5,8.4,135.48,48.39,16.13,0,0,1,30,1,35.9
Amjad Ali,T20I,5,42,52,4,28,6,0,10.5,80.77,53.85,11.54,0,0,0,20,0,25.2
KY Wilfried,T20I,10,42,170,10,139,2,0,4.2,24.71,81.76,1.18,0,0,0,18,3,5.9
J Baguma,T20I,10,41,55,5,27,3,0,8.2,74.55,49.09,5.45,0,0,0,11,1,20.1
Luca Petre,T20I,7,41,34,3,11,1,1,13.67,120.59,32.35,5.88,0,0,0,9,0,31.2
NT Nyamhuri,T20I,6,41,42,3,16,1,1,13.67,97.62,38.1,4.76,0,0,0,27,0,26.5
G Hoey,Test,1,41,114,2,95,4,0,20.5,35.96,83.33,3.51,0,0,1,37,0,15.1
FH Edwards,CPL,10,41,34,3,10,2,2,13.67,120.59,29.41,11.76,0,0,0,11,0,35.6
A Nehra,IPL,17,41,62,7,36,3,1,5.86,66.13,58.06,6.45,0,0,0,22,5,17.4
OK Mohamed,T20I,11,41,134,11,113,4,0,3.73,30.6,84.33,2.99,0,0,0,13,3,7.7
R Telemachus,ODI,3,41,20,3,5,2,3,13.67,205.0,25.0,25.0,0,0,0,29,1,53.3
KY Ottley,ODI,4,41,73,4,54,5,1,10.25,56.16,73.97,8.22,0,0,0,24,0,17.2
Karan Singh,T20I,9,41,61,7,34,3,0,5.86,67.21,55.74,4.92,0,0,0,13,1,16.9
Mohammad Ghazanfar,T20I,13,41,62,6,36,3,0,6.83,66.13,58.06,4.84,0,0,0,7,1,16.7
Zahid Khan,T20I,7,41,49,7,29,4,1,5.86,83.67,59.18,10.2,0,0,0,27,1,22.2
Akhil Kumar,T20I,6,41,36,3,18,3,2,13.67,113.89,50.0,13.89,0,0,0,14,1,33.1
JL Pattinson,ODI,7,41,78,3,50,2,0,13.67,52.56,64.1,2.56,0,0,0,13,0,15.0
RT Ponting,CPL,4,41,54,4,26,3,0,10.25,75.93,48.15,5.56,0,0,0,20,0,21.3
Parveen Kumar,ODI,4,41,47,3,23,5,0,13.67,87.23,48.94,10.64,0,0,0,23,1,27.4
Shabbir Ahmed,Test,3,41,88,4,72,6,0,10.25,46.59,81.82,6.82,0,0,0,24,2,14.9
E Kubwimana,T20I,16,41,75,11,49,2,0,3.73,54.67,65.33,2.67,0,0,0,14,3,11.5
S Badree,T20I,14,41,63,6,30,1,1,6.83,65.08,47.62,3.17,0,0,0,14,0,17.0
WP Saha,ODI,5,41,56,3,35,5,0,13.67,73.21,62.5,8.93,0,0,0,16,0,22.4
BA Viraliliu,T20I,2,41,38,2,13,3,0,20.5,107.89,34.21,7.89,0,0,1,39,0,33.1
P Dhiman,T20I,4,41,55,4,23,0,1,10.25,74.55,41.82,1.82,0,0,0,29,0,19.5
J Theron,T20I,6,41,27,0,8,4,1,41.0,151.85,29.63,18.52,0,0,1,31,0,54.6
Abdullah Shafique,T20I,3,41,37,2,16,4,1,20.5,110.81,43.24,13.51,0,0,1,41,2,36.0
Tanzim Hasan Sakib,Test,1,41,80,1,56,2,1,41.0,51.25,70.0,3.75,0,0,1,41,0,25.1
DA Payne,BBL,6,41,24,3,7,0,4,13.67,170.83,29.17,16.67,0,0,0,14,1,45.9
E Jabarkhel,T20I,7,41,44,5,19,5,0,8.2,93.18,43.18,11.36,0,0,0,16,0,27.5
CJ Anderson,PSL,2,41,36,2,15,1,3,20.5,113.89,41.67,11.11,0,0,0,22,0,35.0
K Pala,T20I,2,41,30,1,14,4,2,41.0,136.67,46.67,20.0,0,0,0,22,0,51.1
AR Puri,T20I,14,41,77,9,49,1,1,4.56,53.25,63.64,2.6,0,0,0,13,3,11.8
T Stubbs,CPL,3,41,27,2,10,3,3,20.5,151.85,37.04,22.22,0,0,1,39,0,48.4
CT Mutombodzi,Test,1,41,121,2,97,4,0,20.5,33.88,80.17,3.31,0,0,1,33,0,14.7
Suhail Sattar,T20I,8,41,55,8,36,5,1,5.12,74.55,65.45,10.91,0,0,0,21,5,20.3
Fayyaz Ahmed,ODI,2,41,94,0,70,5,0,41.0,43.62,74.47,5.32,0,0,1,37,0,25.0
Nauman Anwar,PSL,4,41,36,4,20,3,3,10.25,113.89,55.56,16.67,0,0,1,35,2,32.9
P Baghel,T20I,3,41,53,3,36,7,0,13.67,77.36,67.92,13.21,0,0,1,33,1,25.0
A Bhadauria,T20I,2,40,31,2,12,6,0,20.0,129.03,38.71,19.35,0,0,0,21,0,42.9
S Navaratne,T20I,6,40,43,6,24,1,3,6.67,93.02,55.81,9.3,0,0,0,21,2,23.7
SP Narine,Test,6,40,92,5,73,4,1,8.0,43.48,79.35,5.43,0,0,0,22,1,12.7
Ashish Bam,T20I,6,40,44,3,23,5,0,13.33,90.91,52.27,11.36,0,0,0,26,2,27.8
Mertcan Donmez,T20I,5,40,67,3,47,4,1,13.33,59.7,70.15,7.46,0,0,0,14,0,18.3
XC Bartlett,IPL,4,40,28,2,10,3,2,20.0,142.86,35.71,17.86,0,0,0,18,1,44.2
A Shahzad,ODI,8,40,60,6,36,0,3,6.67,66.67,60.0,5.0,0,0,0,9,0,16.6
KY Ottley,CPL,2,40,42,2,21,6,0,20.0,95.24,50.0,14.29,0,0,0,25,0,33.2
M Shumba,ODI,6,40,83,4,57,3,0,10.0,48.19,68.67,3.61,0,0,0,26,1,13.1
M Smith,T20I,3,40,48,3,32,2,3,13.33,83.33,66.67,10.42,0,0,0,17,0,24.1
J Pant,T20I,1,40,29,1,8,4,1,40.0,137.93,27.59,17.24,0,0,1,40,0,51.8
CB Mpofu,ODI,30,40,167,15,135,0,0,2.67,23.95,80.84,0.0,0,0,0,9,6,4.4
NM Lyon,BBL,14,40,48,9,19,2,0,4.44,83.33,39.58,4.17,0,0,0,9,4,20.4
R Theruvath,T20I,6,40,41,6,19,4,1,6.67,97.56,46.34,12.2,0,0,0,15,1,27.6
O Lutbayar,T20I,12,40,78,12,54,2,1,3.33,51.28,69.23,3.85,0,0,0,18,4,11.1
Nooruddin Mujadady,T20I,5,40,25,3,6,2,2,13.33,160.0,24.0,16.0,0,0,0,16,1,44.5
A Nortje,ODI,7,40,59,6,32,3,0,6.67,67.8,54.24,5.08,0,0,0,10,1,17.6
Jay Odedra,T20I,7,40,42,1,19,3,1,40.0,95.24,45.24,9.52,0,0,0,25,1,38.2
Rameez Raja (2),PSL,5,40,33,4,12,2,2,10.0,121.21,36.36,12.12,0,0,0,22,0,33.5
KR Mayers,PSL,3,40,36,3,22,5,2,13.33,111.11,61.11,19.44,0,0,0,22,1,34.7
J Yadav,IPL,4,40,36,4,12,2,1,10.0,111.11,33.33,8.33,0,0,0,23,0,30.0
NB Mahwire,ODI,8,40,106,7,76,2,0,5.71,37.74,71.7,1.89,0,0,0,10,1,8.7
JA Duffy,T20I,12,40,41,5,13,3,0,8.0,97.56,31.71,7.32,0,0,0,9,1,27.0
A Maheshwari,T20I,10,40,65,10,46,3,2,4.0,61.54,70.77,7.69,0,0,0,16,3,15.2
TGJ Gruijters,T20I,4,40,41,2,14,3,0,20.0,97.56,34.15,7.32,0,0,0,21,0,31.1
Ben Jones,T20I,1,40,41,1,14,3,0,40.0,97.56,34.15,7.32,0,0,1,40,0,38.6
Salim Patel,T20I,6,40,38,6,24,7,1,6.67,105.26,63.16,21.05,0,0,1,30,2,32.2
BCJ Cutting,T20I,4,40,27,4,11,2,3,10.0,148.15,40.74,18.52,0,0,0,29,1,40.9
WF Stelling,ODI,2,40,38,0,18,2,2,40.0,105.26,47.37,10.53,0,0,1,39,0,39.9
Bilal Asif,ODI,3,40,49,3,34,6,1,13.33,81.63,69.39,14.29,0,0,1,38,1,26.0
AD Algar,T20I,2,40,50,1,25,2,1,40.0,80.0,50.0,6.0,0,0,0,28,0,33.0
S von Berg,Test,1,40,111,2,94,7,0,20.0,36.04,84.68,6.31,0,0,1,38,0,16.8
DV Varghese,T20I,8,40,55,5,26,2,0,8.0,72.73,47.27,3.64,0,0,0,17,0,18.8
KDK Vithanage,T20I,3,40,34,3,16,7,0,13.33,117.65,47.06,20.59,0,0,1,38,0,38.4
PS Masvaure,ODI,2,40,60,2,30,2,0,20.0,66.67,50.0,3.33,0,0,1,39,0,21.9
Zafar Gohar,PSL,8,40,45,4,22,1,1,10.0,88.89,48.89,4.44,0,0,0,13,0,22.1
Zeeshan Siddiqui,T20I,3,40,44,2,17,4,0,20.0,90.91,38.64,9.09,0,0,1,33,0,30.7
BR Dunk,IPL,3,40,35,3,19,7,0,13.33,114.29,54.29,20.0,0,0,0,20,0,36.5
LPC Silva,IPL,3,40,26,2,9,5,1,20.0,153.85,34.62,23.08,0,0,0,23,1,49.4
S Nadeem,IPL,20,39,87,14,57,2,0,2.79,44.83,65.52,2.3,0,0,0,6,6,9.5
OGT Gould,T20I,2,39,42,2,17,1,2,19.5,92.86,40.48,7.14,0,0,0,24,0,29.2
CD Collymore,ODI,14,39,70,8,49,1,2,4.88,55.71,70.0,4.29,0,0,0,12,4,12.5
TA Copeland,Test,2,39,77,3,61,7,0,13.0,50.65,79.22,9.09,0,0,0,23,0,18.0
J Pickering,T20I,6,39,59,4,28,1,0,9.75,66.1,47.46,1.69,0,0,0,13,1,17.2
Zuhaib Zubair,ODI,4,39,49,4,29,3,1,9.75,79.59,59.18,8.16,0,0,1,31,0,21.8
Imran Khalid,PSL,5,39,43,5,22,1,2,7.8,90.7,51.16,6.98,0,0,0,18,0,22.9
B Sharki,T20I,2,39,26,2,6,4,1,19.5,150.0,23.08,19.23,0,0,0,27,0,47.7
RA Austin,Test,2,39,216,4,191,4,0,9.75,18.06,88.43,1.85,0,0,0,19,1,7.5
CB Lambert,ODI,1,39,84,1,64,4,1,39.0,46.43,76.19,5.95,0,0,1,39,0,25.1
Kamal Soukhiya,T20I,10,39,44,10,23,1,2,3.9,88.64,52.27,6.82,0,0,0,12,2,20.9
JEK Rew,Test,1,39,90,2,72,6,0,19.5,43.33,80.0,6.67,0,0,0,24,0,17.8
S Sohal,CPL,2,39,37,2,19,2,3,19.5,105.41,51.35,13.51,0,0,0,22,0,33.7
K Shivam,T20I,8,39,89,7,64,2,1,5.57,43.82,71.91,3.37,0,0,0,16,2,10.5
A Manousis,T20I,6,39,32,5,18,5,2,7.8,121.88,56.25,21.88,0,0,0,17,3,36.5
Irfan Saleh,T20I,4,39,38,3,23,3,3,13.0,102.63,60.53,15.79,0,0,0,17,1,31.1
SC Joseph,Test,2,39,100,4,79,4,1,9.75,39.0,79.0,5.0,0,0,0,16,0,12.5
Yousef Shadzehisarjou,T20I,1,39,46,1,23,4,0,39.0,84.78,50.0,8.7,0,0,1,39,0,35.1
S Tobgay,T20I,2,39,58,2,26,1,0,19.5,67.24,44.83,1.72,0,0,0,24,0,21.5
Muhammed Turkmen,T20I,4,39,27,4,13,3,3,9.75,144.44,48.15,22.22,0,0,0,23,0,41.7
Rafatullah Mohmand,T20I,3,39,45,3,23,4,0,13.0,86.67,51.11,8.89,0,0,0,23,1,25.6
T Shamsi,ODI,13,39,69,4,48,4,0,9.75,56.52,69.57,5.8,0,0,0,11,3,15.5
S Joseph,T20I,4,39,22,0,8,3,3,39.0,177.27,36.36,27.27,0,0,0,21,0,62.3
KDC Clarke,ODI,3,39,28,2,10,4,1,19.5,139.29,35.71,17.86,0,0,0,24,0,43.5
CT Mumba,T20I,4,39,38,3,19,4,1,13.0,102.63,50.0,13.16,0,0,0,25,0,30.8
RM Haq,T20I,5,39,61,2,28,1,0,19.5,63.93,45.9,1.64,0,0,0,15,0,20.8
KMA Aziz,T20I,11,39,136,10,108,2,0,3.9,28.68,79.41,1.47,0,0,0,14,5,6.5
Sajid Cheema,T20I,4,39,47,4,29,3,2,9.75,82.98,61.7,10.64,0,0,0,19,1,23.5
N Pokana,T20I,9,39,46,6,20,0,2,6.5,84.78,43.48,4.35,0,0,0,12,1,21.0
NT Ellis,T20I,11,39,61,5,33,2,1,7.8,63.93,54.1,4.92,0,0,0,12,2,17.4
J Danikula,T20I,5,39,68,5,40,3,0,7.8,57.35,58.82,4.41,0,0,0,19,1,15.5
RP Magar,T20I,5,39,76,5,48,0,2,7.8,51.32,63.16,2.63,0,0,0,25,1,12.8
DJ Thornely,IPL,4,39,53,2,30,2,2,19.5,73.58,56.6,7.55,0,0,1,30,0,24.5
DN Wellalage,CPL,1,39,32,1,10,5,0,39.0,121.88,31.25,15.62,0,0,1,39,0,47.6
KM Jarvis,T20I,8,39,47,6,26,1,2,6.5,82.98,55.32,6.38,0,0,0,27,4,20.4
Umar Gul,IPL,4,39,19,3,8,1,5,13.0,205.26,42.11,31.58,0,0,0,24,0,53.9
AUK Pathan,IPL,7,39,23,5,11,5,2,7.8,169.57,47.83,30.43,0,0,0,14,2,49.7
J Gallimore,T20I,3,39,40,1,15,4,0,39.0,97.5,37.5,10.0,0,0,0,14,0,39.5
N Burger,ODI,7,39,92,3,64,2,0,13.0,42.39,69.57,2.17,0,0,0,17,0,12.3
MJ Johnston,BBL,6,39,30,2,10,0,2,19.5,130.0,33.33,6.67,0,0,0,13,0,35.1
Arsalan Arif,T20I,4,39,51,3,24,1,0,13.0,76.47,47.06,1.96,0,0,0,19,0,20.1
MM Patel,IPL,12,39,41,6,18,5,0,6.5,95.12,43.9,12.2,0,0,0,23,5,27.6
Usman Khan,ODI,1,39,33,1,17,4,2,39.0,118.18,51.52,18.18,0,0,1,39,0,45.9
Mohammad Ilyas,PSL,11,39,45,6,17,2,0,6.5,86.67,37.78,4.44,0,0,0,9,1,22.1
Mohammad Sami,PSL,12,39,39,6,15,2,1,6.5,100.0,38.46,7.69,0,0,0,20,2,26.0
P Kotoisuva,T20I,6,38,32,4,15,1,3,9.5,118.75,46.88,12.5,0,0,0,28,2,31.7
S Shailesh,T20I,6,38,76,5,57,4,1,7.6,50.0,75.0,6.58,0,0,0,11,0,14.2
GD Drummond,T20I,3,38,48,3,21,3,0,12.67,79.17,43.75,6.25,0,0,1,35,0,23.7
Haseeb Amjad,T20I,8,38,39,4,17,2,1,9.5,97.44,43.59,7.69,0,0,0,12,0,26.1
K Sinclair,ODI,3,38,64,2,36,2,0,19.0,59.38,56.25,3.12,0,0,0,25,0,19.5
AK Kitchen,T20I,4,38,32,3,10,3,1,12.67,118.75,31.25,12.5,0,0,0,16,0,35.2
J Nyumbu,Test,3,38,129,5,110,2,2,7.6,29.46,85.27,3.1,0,0,0,14,0,9.1
DK Pallekonda,T20I,11,38,57,9,35,5,0,4.22,66.67,61.4,8.77,0,0,0,11,0,18.0
Jaskaran Singh,ODI,3,38,63,3,43,3,1,12.67,60.32,68.25,6.35,0,0,1,32,0,17.7
BJ Watling,T20I,4,38,58,4,32,3,0,9.5,65.52,55.17,5.17,0,0,0,22,0,18.3
R Klein,ODI,10,38,83,9,52,1,0,4.22,45.78,62.65,1.2,0,0,0,8,2,9.8
SZ Thakor,WPL,6,38,27,4,11,5,1,9.5,140.74,40.74,22.22,0,0,0,15,2,42.2
Saad Masood,ODI,1,38,44,1,24,5,0,38.0,86.36,54.55,11.36,0,0,1,38,0,36.1
Qaiser Ali,ODI,5,38,95,5,72,4,0,7.6,40.0,75.79,4.21,0,0,0,15,1,11.3
JT Ball,ODI,6,38,49,4,33,6,0,9.5,77.55,67.35,12.24,0,0,0,28,2,22.9
Usama Mir,ODI,4,38,29,4,14,2,3,9.5,131.03,48.28,17.24,0,0,0,20,1,36.4
V Masekesa,Test,4,38,167,7,142,3,0,5.43,22.75,85.03,1.8,0,0,0,11,0,6.5
Ovais Yousof,T20I,2,38,56,2,31,3,0,19.0,67.86,55.36,5.36,0,0,1,33,0,22.3
DJ Reekers,ODI,5,38,36,5,23,8,0,7.6,105.56,63.89,22.22,0,0,0,25,2,33.3
Saad Ali,PSL,3,38,40,3,12,1,1,12.67,95.0,30.0,5.0,0,0,0,23,0,27.1
JM Polarouthu,T20I,3,38,41,1,16,1,1,38.0,92.68,39.02,4.88,0,0,0,22,0,34.9
W O'Rourke,Test,14,38,263,10,243,5,0,3.8,14.45,92.4,1.9,0,0,0,19,7,4.8
JM Kemp,CPL,3,38,38,1,13,1,1,38.0,100.0,34.21,5.26,0,0,0,19,0,36.8
H Pragji,T20I,4,38,65,3,34,1,0,12.67,58.46,52.31,1.54,0,0,1,30,0,16.5
D Padikkal,T20I,2,38,38,2,15,2,1,19.0,100.0,39.47,7.89,0,0,0,29,0,30.7
Anasim Khan,T20I,4,38,28,3,13,4,2,12.67,135.71,46.43,21.43,0,0,0,23,1,41.3
MP Breetzke,CPL,4,38,45,3,21,1,1,12.67,84.44,46.67,4.44,0,0,1,35,1,22.8
F Mutizwa,T20I,3,38,36,3,11,3,0,12.67,105.56,30.56,8.33,0,0,0,22,1,30.7
J Allenby,PSL,2,38,40,2,19,5,0,19.0,95.0,47.5,12.5,0,0,1,31,0,31.9
Elias Sunny,Test,4,38,143,5,127,4,1,7.6,26.57,88.81,3.5,0,0,0,20,2,8.9
A Gorawara,T20I,4,38,37,4,16,2,2,9.5,102.7,43.24,10.81,0,0,0,20,0,28.9
S Jele,T20I,6,38,37,5,17,1,2,7.6,102.7,45.95,8.11,0,0,0,16,1,26.0
Jai Tiwari,T20I,2,38,33,2,18,4,2,19.0,115.15,54.55,18.18,0,0,0,21,0,37.5
P Chin,T20I,4,38,55,4,32,1,0,9.5,69.09,58.18,1.82,0,0,0,27,1,16.1
CKB Kulasekara,ODI,3,38,72,3,43,0,0,12.67,52.78,59.72,0.0,0,0,0,19,1,13.6
D Mongia,T20I,1,38,45,1,27,4,1,38.0,84.44,60.0,11.11,0,0,1,38,0,34.9
JL Kovacic,T20I,4,38,31,3,14,2,3,12.67,122.58,45.16,16.13,0,0,0,25,0,36.1
TB Sole,ODI,6,38,36,5,20,7,0,7.6,105.56,55.56,19.44,0,0,0,20,0,32.6
Shahid Ahmadzai,ODI,6,38,63,4,39,3,0,9.5,60.32,61.9,4.76,0,0,0,13,1,16.3
Shahid Aziz,PSL,5,38,26,5,9,3,2,7.6,146.15,34.62,19.23,0,0,0,29,2,41.1
Irfan Sarfraz,T20I,3,38,55,3,27,2,0,12.67,69.09,49.09,3.64,0,0,0,18,0,19.8
PP Chawla,ODI,12,38,58,7,31,3,0,5.43,65.52,53.45,5.17,0,0,0,13,1,17.0
N M'shangwe,ODI,4,38,43,4,31,0,5,9.5,88.37,72.09,11.63,0,0,0,16,0,23.6
HM Nicholls,BBL,2,38,31,1,9,1,2,38.0,122.58,29.03,9.68,0,0,1,35,0,43.6
S Narwal,IPL,4,37,27,3,10,6,0,12.33,137.04,37.04,22.22,0,0,0,23,1,43.2
TS Roland-Jones,ODI,1,37,37,0,23,5,1,37.0,100.0,62.16,16.22,0,0,1,37,0,39.8
Jonte Smith,T20I,7,37,45,4,22,3,0,9.25,82.22,48.89,6.67,0,0,0,16,1,22.4
JA Clarkson,ODI,5,37,55,5,31,3,0,7.4,67.27,56.36,5.45,0,0,0,16,0,17.8
O Davidson,T20I,4,37,30,2,14,5,1,18.5,123.33,46.67,20.0,0,0,0,20,1,40.8
MJ Owen,ODI,2,37,27,2,13,2,3,18.5,137.04,48.15,18.52,0,0,1,36,0,41.5
RM Hira,T20I,3,37,33,2,15,4,1,18.5,112.12,45.45,15.15,0,0,0,20,0,36.2
Benjamin Embleton,T20I,3,37,41,3,19,4,0,12.33,90.24,46.34,9.76,0,0,0,26,1,27.1
H Aggarwal,T20I,4,37,58,3,32,2,0,12.33,63.79,55.17,3.45,0,0,0,21,0,18.0
JS Foster,T20I,5,37,32,3,9,0,1,12.33,115.62,28.12,3.12,0,0,0,14,0,28.8
Furkan Tuskan,T20I,6,37,67,6,49,3,2,6.17,55.22,73.13,7.46,0,0,0,21,2,15.0
Imran Khan (4),T20I,2,37,27,1,13,2,3,37.0,137.04,48.15,18.52,0,0,1,36,0,48.4
S Wankhade,T20I,4,37,81,4,55,1,0,9.25,45.68,67.9,1.23,0,0,0,19,1,11.0
I Kamara,T20I,8,37,71,5,49,2,1,7.4,52.11,69.01,4.23,0,0,0,16,2,13.0
S Tharanga,T20I,7,37,35,4,18,3,2,9.25,105.71,51.43,14.29,0,0,0,14,1,30.4
Danish Aziz,T20I,2,37,35,2,10,1,1,18.5,105.71,28.57,5.71,0,0,0,22,0,31.4
Muhammad Akram,T20I,6,37,41,4,26,2,3,9.25,90.24,63.41,12.2,0,0,0,15,0,25.1
Waleed Rana,T20I,3,37,48,3,27,2,1,12.33,77.08,56.25,6.25,0,0,0,25,0,21.5
TE Kane,T20I,3,37,31,2,11,4,0,18.5,119.35,35.48,12.9,0,0,0,26,0,37.1
YS Chahal,IPL,17,37,86,7,54,0,0,5.29,43.02,62.79,0.0,0,0,0,8,1,9.0
T Kohler-Cadmore,BBL,4,37,32,4,12,2,2,9.25,115.62,37.5,12.5,0,0,0,27,1,32.6
BM Wheeler,T20I,3,37,28,2,11,3,2,18.5,132.14,39.29,17.86,0,0,1,30,0,41.6
Abdur Razzak,T20I,15,37,66,8,38,1,0,4.62,56.06,57.58,1.52,0,0,0,9,4,12.4
SO Ngoche,ODI,5,37,45,4,26,1,2,9.25,82.22,57.78,6.67,0,0,0,28,3,21.1
Abu Hider,T20I,3,37,29,1,15,4,2,37.0,127.59,51.72,20.69,0,0,0,22,0,48.1
Hasan Mahmud,ODI,13,37,78,10,55,4,0,3.7,47.44,70.51,5.13,0,0,0,15,5,11.5
SD Outerbridge,T20I,1,37,35,0,10,1,1,37.0,105.71,28.57,5.71,0,0,1,37,0,38.3
A Kuthalingham,T20I,2,37,39,2,14,1,0,18.5,94.87,35.9,2.56,0,0,0,24,0,26.7
A Sarma,T20I,2,37,46,2,24,3,1,18.5,80.43,52.17,8.7,0,0,0,28,0,26.5
Mohamed Shiyam,T20I,4,37,54,2,33,4,0,18.5,68.52,61.11,7.41,0,0,0,25,1,22.7
SJ Benn,T20I,7,37,42,3,25,5,1,12.33,88.1,59.52,14.29,0,0,0,13,1,27.9
GI Hume,T20I,4,37,28,1,9,2,2,37.0,132.14,32.14,14.29,0,0,0,20,0,47.2
Tushar Imran,Test,2,37,106,4,83,5,0,9.25,34.91,78.3,4.72,0,0,0,17,1,11.5
Usman Salahuddin,Test,1,37,120,2,99,2,0,18.5,30.83,82.5,1.67,0,0,1,33,0,12.4
Syed Rasel,Test,6,37,95,8,79,6,0,4.62,38.95,83.16,6.32,0,0,0,19,2,11.4
Fazl-e-Akbar,Test,1,37,65,2,49,7,0,18.5,56.92,75.38,10.77,0,0,0,25,0,22.1
KAR Hodge,ODI,3,37,47,3,27,5,0,12.33,78.72,57.45,10.64,0,0,0,26,1,24.5
M Theekshana,CPL,10,37,43,5,19,2,1,7.4,86.05,44.19,6.98,0,0,0,14,1,23.1
N Deonarine,CPL,6,37,44,6,23,4,1,6.17,84.09,52.27,11.36,0,0,0,18,1,24.2
Y Konate,T20I,10,37,73,10,56,2,2,3.7,50.68,76.71,5.48,0,0,0,17,4,12.1
J Campbell,Test,1,37,65,2,48,4,0,18.5,56.92,73.85,6.15,0,0,1,33,0,19.0
Gabor Torok,T20I,2,37,40,2,21,4,0,18.5,92.5,52.5,10.0,0,0,1,35,0,29.0
Ahsan Ali,T20I,2,36,39,2,15,4,0,18.0,92.31,38.46,10.26,0,0,1,36,1,31.0
Anureet Singh,IPL,8,36,47,4,22,2,1,9.0,76.6,46.81,6.38,0,0,0,15,2,21.6
A Dowling,T20I,7,36,50,4,27,4,0,9.0,72.0,54.0,8.0,0,0,0,20,1,21.0
Rizwan Haider,T20I,8,36,28,2,10,1,3,18.0,128.57,35.71,14.29,0,0,0,17,1,39.1
D Teinaki,T20I,4,36,38,4,23,2,3,9.0,94.74,60.53,13.16,0,0,0,16,0,26.7
Munir Dar,T20I,1,36,27,1,7,3,1,36.0,133.33,25.93,14.81,0,0,1,36,0,48.2
E Bosch,ODI,2,36,22,1,7,0,4,36.0,163.64,31.82,18.18,0,0,0,29,0,53.9
KW Richardson,IPL,4,36,39,3,17,2,1,12.0,92.31,43.59,7.69,0,0,0,26,0,26.3
JO Troughton,ODI,5,36,76,4,57,5,0,9.0,47.37,75.0,6.58,0,0,0,20,1,14.4
LH Ferguson,T20I,12,36,42,8,20,0,2,4.5,85.71,47.62,4.76,0,0,0,14,4,20.0
C Zhuwao,T20I,4,36,41,4,25,5,1,9.0,87.8,60.98,14.63,0,0,0,24,2,26.7
DE Burgess,T20I,7,36,69,3,35,0,0,12.0,52.17,50.72,0.0,0,0,0,16,0,14.6
Ankush Singh,T20I,2,36,29,2,18,3,3,18.0,124.14,62.07,20.69,0,0,1,36,1,39.0
BG Rogers,Test,2,36,75,4,58,4,0,9.0,48.0,77.33,5.33,0,0,0,28,1,13.6
Haseebullah Khan,T20I,3,36,30,3,15,4,1,12.0,120.0,50.0,16.67,0,0,0,24,1,35.2
PH Shamdasani,T20I,2,36,30,1,9,3,0,36.0,120.0,30.0,10.0,0,0,0,25,0,42.6
JL du Plooy,PSL,2,36,26,2,8,4,0,18.0,138.46,30.77,15.38,0,0,0,24,0,41.9
D Madushanka,ODI,9,36,75,3,55,5,0,12.0,48.0,73.33,6.67,0,0,0,19,1,15.7
Usman Qadir,PSL,5,36,25,3,9,3,2,12.0,144.0,36.0,20.0,0,0,0,12,0,42.7
RS Bopara,CPL,5,36,54,4,26,1,1,9.0,66.67,48.15,3.7,0,0,0,18,0,18.3
Elan Talker,T20I,7,36,48,3,19,1,0,12.0,75.0,39.58,2.08,0,0,0,22,1,20.7
Asif Iqbal,T20I,3,36,45,2,23,3,1,18.0,80.0,51.11,8.89,0,0,0,21,0,26.5
GM Ewing,Test,2,36,58,4,42,7,0,9.0,62.07,72.41,12.07,0,0,1,34,2,20.1
Aaditya Varadarajan,ODI,3,36,62,3,34,1,0,12.0,58.06,54.84,1.61,0,0,0,25,0,15.9
RWT Key,ODI,4,36,101,4,76,3,0,9.0,35.64,75.25,2.97,0,0,0,19,1,10.4
PA Patel,T20I,2,36,32,2,14,4,1,18.0,112.5,43.75,15.62,0,0,0,26,0,36.6
JD Unadkat,Test,3,36,89,3,69,2,1,12.0,40.45,77.53,3.37,0,0,0,14,0,12.4
C Udekwe,T20I,9,36,39,5,20,1,2,7.2,92.31,51.28,7.69,0,0,0,11,0,23.4
A Magdalenic,T20I,14,36,90,12,65,3,0,3.0,40.0,72.22,3.33,0,0,0,14,6,9.0
Al Sahariar,Test,1,36,61,2,46,3,1,18.0,59.02,75.41,6.56,0,0,1,36,1,19.4
GI Hume,Test,3,36,138,5,121,6,0,7.2,26.09,87.68,4.35,0,0,0,14,1,9.3
Abu Jayed,Test,11,36,157,14,142,4,0,2.57,22.93,90.45,2.55,0,0,0,8,7,5.9
L Balaji,IPL,14,36,49,8,28,2,1,4.5,73.47,57.14,6.12,0,0,0,15,5,17.9
Mohammad Sharif,Test,2,36,121,3,99,3,0,12.0,29.75,81.82,2.48,0,0,0,17,0,10.3
MA Suji,ODI,7,36,48,3,23,1,1,12.0,75.0,47.92,4.17,0,0,0,15,2,20.9
Pavandeep Singh,T20I,17,36,62,1,28,0,0,36.0,58.06,45.16,0.0,0,0,0,12,0,25.2
Ali Usman,Test,4,36,119,7,100,5,0,5.14,30.25,84.03,4.2,0,0,0,16,2,9.0
TS Mills,CPL,2,36,21,2,7,4,2,18.0,171.43,33.33,28.57,0,0,1,30,0,54.9
KN Gabhane,T20I,2,36,39,0,17,3,0,36.0,92.31,43.59,7.69,0,0,0,26,0,35.3
J Dunn,T20I,3,36,41,3,18,0,1,12.0,87.8,43.9,2.44,0,0,0,23,0,22.1
AN Ahmed,IPL,6,36,26,1,10,4,1,36.0,138.46,38.46,19.23,0,0,0,18,0,50.1
RMR Brathwaite,T20I,7,36,40,6,18,2,1,6.0,90.0,45.0,7.5,0,0,0,11,1,23.4
Joginder Sharma,IPL,5,36,30,4,10,1,2,9.0,120.0,33.33,10.0,0,0,0,16,2,32.0
M Clarke,CPL,6,36,20,3,11,0,5,12.0,180.0,55.0,25.0,0,0,0,15,2,48.4
LK Hamilton,WPL,1,36,19,1,7,3,3,36.0,189.47,36.84,31.58,0,0,1,36,0,63.3
Azeem Nazir,T20I,2,36,42,2,23,5,0,18.0,85.71,54.76,11.9,0,0,1,36,1,28.8
Sohail Tanvir,IPL,5,36,29,3,9,3,1,12.0,124.14,31.03,13.79,0,0,0,13,0,36.6
Zaheer Ibrahim,T20I,6,36,39,6,21,4,1,6.0,92.31,53.85,12.82,0,0,0,15,1,26.0
DNT Zoysa,ODI,9,36,55,6,28,3,0,6.0,65.45,50.91,5.45,0,0,0,14,2,17.8
O Sam Arthur,T20I,5,36,46,0,27,5,0,36.0,78.26,58.7,10.87,0,0,0,16,0,33.3
Awais Zafar,PSL,1,36,27,1,11,5,1,36.0,133.33,40.74,22.22,0,0,1,36,0,51.1
AM Patel,T20I,7,35,44,3,23,3,0,11.67,79.55,52.27,6.82,0,0,0,9,0,22.6
Shuvagata Hom,T20I,4,35,35,2,15,3,1,17.5,100.0,42.86,11.43,0,0,0,16,0,32.0
Jay Odedra,ODI,10,35,70,8,54,1,3,4.38,50.0,77.14,5.71,0,0,0,20,4,12.4
RKJ Dawson,Test,3,35,111,3,91,4,0,11.67,31.53,81.98,3.6,0,0,0,15,0,11.2
DJ Reekers,T20I,3,35,22,3,10,4,2,11.67,159.09,45.45,27.27,0,0,0,20,0,48.2
S Mahmood,T20I,9,35,45,5,23,2,1,7.0,77.78,51.11,6.67,0,0,0,12,1,20.6
S Kochar,T20I,4,35,44,4,23,2,1,8.75,79.55,52.27,6.82,0,0,0,26,1,21.5
YI Kachhalia,T20I,7,35,55,7,32,3,0,5.0,63.64,58.18,5.45,0,0,0,14,1,16.1
H Bharadwaj,T20I,5,35,30,3,13,3,2,11.67,116.67,43.33,16.67,0,0,0,26,1,35.6
RM Jariwala,T20I,1,35,31,1,12,4,0,35.0,112.9,38.71,12.9,0,0,1,35,0,41.9
N Pradeep,ODI,19,35,79,7,60,3,1,5.0,44.3,75.95,5.06,0,0,0,7,3,11.5
Codi Yusuf,Test,1,35,66,1,52,6,0,35.0,53.03,78.79,9.09,0,0,0,27,0,26.6
NA Greenwood,ODI,4,35,66,4,47,3,0,8.75,53.03,71.21,4.55,0,0,0,14,0,13.7
Salil Arora,IPL,1,35,21,1,5,2,2,35.0,166.67,23.81,19.05,0,0,1,35,0,55.6
H Srinivasan,T20I,4,35,49,3,20,1,0,11.67,71.43,40.82,2.04,0,0,0,15,0,19.9
M Matthew,CPL,4,35,23,4,9,3,2,8.75,152.17,39.13,21.74,0,0,0,21,0,43.4
Amjad Mahboob,T20I,13,35,48,8,26,1,2,4.38,72.92,54.17,6.25,0,0,0,16,2,18.3
SC van Schalkwyk,CPL,5,35,24,2,7,2,2,17.5,145.83,29.17,16.67,0,0,0,13,0,43.8
A Kumble,IPL,15,35,47,3,22,3,0,11.67,74.47,46.81,6.38,0,0,0,8,0,22.3
C McAuslan,ODI,2,35,72,2,51,4,0,17.5,48.61,70.83,5.56,0,0,0,27,0,17.1
STR Binny,T20I,2,35,29,2,7,2,1,17.5,120.69,24.14,10.34,0,0,0,24,0,36.8
JC Martin,T20I,3,35,36,1,15,1,1,35.0,97.22,41.67,5.56,0,0,0,19,0,34.4
Rahat Kazi,T20I,8,35,64,8,43,1,1,4.38,54.69,67.19,3.12,0,0,0,13,3,11.8
Naved-ul-Hasan,BBL,3,35,20,2,6,3,2,17.5,175.0,30.0,25.0,0,0,1,30,0,53.3
N Davidovic,T20I,7,35,34,6,19,3,2,5.83,102.94,55.88,14.71,0,0,0,16,1,28.4
SK Patel,T20I,2,35,37,2,12,2,0,17.5,94.59,32.43,5.41,0,0,0,24,0,28.7
Sathya Narayanan,T20I,5,35,51,4,26,2,0,8.75,68.63,50.98,3.92,0,0,0,25,1,18.2
Nay Lin Htun,T20I,13,35,56,9,29,2,0,3.89,62.5,51.79,3.57,0,0,0,10,2,15.2
Yasir Arafat,BBL,6,35,27,2,7,4,0,17.5,129.63,25.93,14.81,0,0,0,18,0,40.8
BJ Jacobs,CPL,3,35,39,3,18,1,2,11.67,89.74,46.15,7.69,0,0,0,26,0,25.4
Nazakat Ali,T20I,2,35,31,2,14,1,3,17.5,112.9,45.16,12.9,0,0,0,25,0,34.4
MJ Henry,T20I,12,35,33,7,13,4,0,5.0,106.06,39.39,12.12,0,0,0,10,3,29.1
Arsalan Ahmed,T20I,3,35,27,3,14,7,0,11.67,129.63,51.85,25.93,0,0,0,22,0,42.3
JNT Vare,ODI,5,35,70,5,42,1,0,7.0,50.0,60.0,1.43,0,0,0,16,0,12.0
RJ Peterson,CPL,6,35,47,5,25,1,2,7.0,74.47,53.19,6.38,0,0,0,14,1,19.7
M Ashwin,IPL,12,35,50,9,27,2,1,3.89,70.0,54.0,6.0,0,0,0,9,2,17.5
UBT Chand,BBL,2,35,30,2,10,1,2,17.5,116.67,33.33,10.0,0,0,0,29,0,34.7
B Sumanth,IPL,4,35,37,1,14,3,0,35.0,94.59,37.84,8.11,0,0,0,16,0,36.3
VR Aaron,Test,7,35,110,9,90,4,0,3.89,31.82,81.82,3.64,0,0,0,9,1,8.4
Zulfiqar Babar,ODI,5,35,40,2,23,2,1,17.5,87.5,57.5,7.5,0,0,0,14,0,25.6
A Conteh,T20I,6,35,55,6,36,3,0,5.83,63.64,65.45,5.45,0,0,0,9,1,15.4
TAW Patterson,T20I,5,35,68,5,43,2,0,7.0,51.47,63.24,2.94,0,0,0,16,2,12.8
DI Allan,T20I,6,35,70,6,45,3,0,5.83,50.0,64.29,4.29,0,0,0,18,0,12.9
Waqas Haider,T20I,3,35,21,2,9,4,2,17.5,166.67,42.86,28.57,0,0,0,19,0,52.7
Abdullah Jasat,T20I,7,35,29,5,13,2,2,7.0,120.69,44.83,13.79,0,0,0,17,2,32.2
RA Bawa,IPL,4,35,32,3,13,2,0,11.67,109.38,40.62,6.25,0,0,0,16,1,28.0
Shehzad Patel,T20I,5,35,42,4,25,3,1,8.75,83.33,59.52,9.52,0,0,0,25,0,22.8
DT Hondo,ODI,14,35,110,8,87,4,0,4.38,31.82,79.09,3.64,0,0,0,12,3,8.5
A Ilaoa,T20I,7,35,35,6,18,3,1,5.83,100.0,51.43,11.43,0,0,0,12,1,26.4
J Madan,T20I,5,35,33,2,14,5,0,17.5,106.06,42.42,15.15,0,0,0,16,1,35.4
JDF Vandersay,T20I,7,35,40,3,20,3,1,11.67,87.5,50.0,10.0,0,0,0,8,0,26.1
CB Mpofu,T20I,10,35,43,4,23,3,1,8.75,81.4,53.49,9.3,0,0,0,17,3,23.2
TA Boult,BBL,4,35,31,1,16,0,4,35.0,112.9,51.61,12.9,0,0,0,23,0,40.1
S Kimura,T20I,4,34,38,4,17,1,1,8.5,89.47,44.74,5.26,0,0,0,14,0,22.8
B Jerkovic,T20I,7,34,73,2,47,1,0,17.0,46.58,64.38,1.37,0,0,0,11,0,14.6
AP Dole,IPL,2,34,22,2,6,3,1,17.0,154.55,27.27,18.18,0,0,1,30,0,46.1
S Smith,T20I,11,34,65,6,35,1,0,5.67,52.31,53.85,1.54,0,0,0,7,1,12.8
W Perchard,T20I,3,34,31,0,10,2,0,34.0,109.68,32.26,6.45,0,0,0,29,0,37.7
T Horpinitch,T20I,4,34,62,4,45,5,0,8.5,54.84,72.58,8.06,0,0,0,13,0,16.2
Najeeb Amar,ODI,2,34,41,1,24,5,0,34.0,82.93,58.54,12.2,0,0,0,21,0,34.1
SL Rainbird,BBL,11,34,36,7,14,2,0,4.86,94.44,38.89,5.56,0,0,0,15,4,23.1
A Mithun,IPL,6,34,26,5,11,4,1,6.8,130.77,42.31,19.23,0,0,0,11,1,37.5
S Joseph,ODI,4,34,36,1,18,1,2,34.0,94.44,50.0,8.33,0,0,0,23,0,34.3
RMS Eranga,ODI,11,34,64,3,47,4,0,11.33,53.12,73.44,6.25,0,0,0,12,1,15.8
YK Rai,T20I,1,34,26,1,8,1,2,34.0,130.77,30.77,11.54,0,0,1,34,0,44.3
RP Meredith,BBL,15,34,35,10,14,3,0,3.4,97.14,40.0,8.57,0,0,0,10,6,24.8
RP Alexander,ODI,2,34,75,2,51,3,0,17.0,45.33,68.0,4.0,0,0,0,26,0,15.7
PUKK Arachchige,T20I,5,34,51,5,29,0,1,6.8,66.67,56.86,1.96,0,0,0,24,1,15.0
Saqlain Mushtaq,Test,3,34,158,6,136,2,0,5.67,21.52,86.08,1.27,0,0,0,11,1,6.0
W McClintock,T20I,4,34,38,3,19,4,0,11.33,89.47,50.0,10.53,0,0,0,15,0,26.6
NT Nyamhuri,ODI,2,34,54,2,41,5,0,17.0,62.96,75.93,9.26,0,0,1,33,0,21.3
NA Maiolo,T20I,4,34,40,4,18,2,1,8.5,85.0,45.0,7.5,0,0,0,25,0,23.6
L Ronchi,IPL,5,34,34,5,23,6,1,6.8,100.0,67.65,20.59,0,0,0,13,1,30.6
Mohammad Tauqir,ODI,7,34,79,5,61,4,0,6.8,43.04,77.22,5.06,0,0,0,17,0,12.0
A Krishna,T20I,8,34,33,3,13,4,0,11.33,103.03,39.39,12.12,0,0,0,21,2,31.1
A McGrath,Test,1,34,69,1,54,5,0,34.0,49.28,78.26,7.25,0,0,1,34,0,24.5
Hammad Azam,T20I,4,34,34,3,14,3,1,11.33,100.0,41.18,11.76,0,0,0,21,0,30.1
J Hill,T20I,7,34,64,7,40,3,0,4.86,53.12,62.5,4.69,0,0,0,11,1,13.4
RJG Lockyear,BBL,4,34,42,4,22,2,1,8.5,80.95,52.38,7.14,0,0,0,23,0,21.8
SSB Magala,T20I,3,34,18,1,7,1,4,34.0,188.89,38.89,27.78,0,0,0,18,0,60.8
Shah Faisal,T20I,8,34,45,4,23,2,1,8.5,75.56,51.11,6.67,0,0,0,9,1,20.9
GH Dockrell,Test,1,34,78,2,62,6,0,17.0,43.59,79.49,7.69,0,0,1,32,0,17.6
Abdul Shakoor,ODI,2,34,65,2,43,2,1,17.0,52.31,66.15,4.62,0,0,0,24,0,17.3
Manoj Adhikari,T20I,6,34,53,3,30,3,0,11.33,64.15,56.6,5.66,0,0,0,9,0,18.9
Mohammad Talha,Test,3,34,72,4,61,4,2,8.5,47.22,84.72,8.33,0,0,0,19,1,15.4
Arafat Sunny,T20I,6,34,30,3,12,3,1,11.33,113.33,40.0,13.33,0,0,0,10,0,33.2
SR Patel,BBL,5,34,24,1,9,2,2,34.0,141.67,37.5,16.67,0,0,0,23,0,48.2
J Marples,T20I,7,34,42,4,18,2,0,8.5,80.95,42.86,4.76,0,0,0,16,0,21.5
Kashif Khan,T20I,4,34,51,4,24,0,1,8.5,66.67,47.06,1.96,0,0,0,13,0,17.1
CD de Lange,T20I,2,34,20,2,7,2,2,17.0,170.0,35.0,20.0,0,0,0,22,0,48.4
Ansh Tandon,T20I,5,34,34,5,16,3,1,6.8,100.0,47.06,11.76,0,0,0,14,0,27.6
O Davidson,ODI,4,34,64,3,43,1,1,11.33,53.12,67.19,3.12,0,0,0,14,1,14.2
LR Naylor,ODI,2,34,43,2,26,5,0,17.0,79.07,60.47,11.63,0,0,0,20,0,26.5
Abbas Afridi,CPL,3,34,25,3,11,1,3,11.33,136.0,44.0,16.0,0,0,0,16,0,37.6
DR Gibson,WPL,1,34,24,1,11,5,1,34.0,141.67,45.83,25.0,0,0,1,34,0,52.6
Huang Junjie,T20I,5,34,81,5,60,3,0,6.8,41.98,74.07,3.7,0,0,0,19,1,10.9
JH Stander,ODI,2,34,42,1,27,0,3,34.0,80.95,64.29,7.14,0,0,0,22,0,29.6
S Sreesanth,IPL,12,34,55,4,41,6,0,8.5,61.82,74.55,10.91,0,0,0,15,3,19.1
DK Dahyabhai Ahir,T20I,6,34,46,3,19,1,0,11.33,73.91,41.3,2.17,0,0,0,12,0,20.1
DLS van Bunge,T20I,6,33,34,5,17,1,2,6.6,97.06,50.0,8.82,0,0,0,19,2,24.7
TS Chisoro,T20I,6,33,40,3,22,1,2,11.0,82.5,55.0,7.5,0,0,0,14,0,22.8
Mohammad Iqbal,ODI,2,33,53,2,41,6,0,16.5,62.26,77.36,11.32,0,0,1,30,0,22.4
R Nil,T20I,2,33,27,2,9,2,1,16.5,122.22,33.33,11.11,0,0,0,19,0,35.9
I Pandey,T20I,4,33,50,4,36,5,0,8.25,66.0,72.0,10.0,0,0,0,22,0,19.0
WPUJC Vaas,T20I,2,33,41,1,11,1,0,33.0,80.49,26.83,2.44,0,0,0,21,0,31.4
Imran Tahir,IPL,8,33,37,4,21,5,0,8.25,89.19,56.76,13.51,0,0,0,13,0,26.4
D Salunkhe,IPL,3,33,24,2,8,5,0,16.5,137.5,33.33,20.83,0,0,0,26,0,44.5
Rumman Raees,PSL,11,33,49,6,29,4,0,5.5,67.35,59.18,8.16,0,0,0,11,3,18.5
Micheal Das,T20I,3,33,29,2,13,4,1,16.5,113.79,44.83,17.24,0,0,0,17,0,37.1
PSP Handscomb,T20I,2,33,33,1,6,1,0,33.0,100.0,18.18,3.03,0,0,0,20,0,35.7
JAH Marshall,ODI,6,33,84,6,62,2,0,5.5,39.29,73.81,2.38,0,0,0,14,1,9.2
Faisal Mehmood,T20I,2,33,25,2,12,5,1,16.5,132.0,48.0,24.0,0,0,0,23,0,43.7
Farhan Adil,Test,1,33,69,2,53,4,0,16.5,47.83,76.81,5.8,0,0,0,25,0,16.7
Nikhil Chaudhary,CPL,2,33,28,2,10,3,1,16.5,117.86,35.71,14.29,0,0,0,18,0,37.0
C Chete,T20I,9,33,47,9,30,4,0,3.67,70.21,63.83,8.51,0,0,0,18,3,17.7
R Flannigan,T20I,2,33,28,1,10,3,0,33.0,117.86,35.71,10.71,0,0,0,18,0,40.8
GO Jones,T20I,2,33,25,1,9,5,0,33.0,132.0,36.0,20.0,0,0,0,19,0,48.9
RJMGM Rupasinghe,T20I,2,33,39,2,17,2,0,16.5,84.62,43.59,5.13,0,0,0,18,0,25.2
TC Bruce,ODI,2,33,35,1,17,1,2,33.0,94.29,48.57,8.57,0,0,0,22,0,34.3
PARP Perera,ODI,2,33,58,2,32,2,0,16.5,56.9,55.17,3.45,0,0,1,33,1,18.6
N Burger,Test,3,33,113,4,96,4,0,8.25,29.2,84.96,3.54,0,0,0,23,2,9.6
AHT Donald,T20I,2,33,18,2,6,3,2,16.5,183.33,33.33,27.78,0,0,0,21,0,55.0
Simandeep Singh,T20I,7,33,32,5,10,2,0,6.6,103.12,31.25,6.25,0,0,0,14,0,26.5
Omar Hussain,T20I,5,33,40,5,22,2,1,6.6,82.5,55.0,7.5,0,0,1,33,4,21.1
Elias Hasan,T20I,6,33,37,4,20,2,2,8.25,89.19,54.05,10.81,0,0,0,11,0,25.0
PRP Boissevain,ODI,3,33,55,3,35,2,0,11.0,60.0,63.64,3.64,0,0,0,15,0,15.8
Naveen-ul-Haq,PSL,3,33,20,1,5,4,1,33.0,165.0,25.0,25.0,0,0,0,17,0,58.4
M Cohen,T20I,2,33,31,2,12,3,1,16.5,106.45,38.71,12.9,0,0,0,28,0,34.1
A Codrington,ODI,6,33,72,6,52,3,0,5.5,45.83,72.22,4.17,0,0,0,16,2,11.3
DKJ Claude,T20I,10,33,84,10,68,5,0,3.3,39.29,80.95,5.95,0,0,0,8,1,10.7
D Finau,T20I,8,33,29,5,14,2,2,6.6,113.79,48.28,13.79,0,0,0,14,3,30.6
S Gupta,WPL,6,33,24,4,8,3,1,8.25,137.5,33.33,16.67,0,0,0,10,1,38.6
Mustapha Yusuf,T20I,4,33,34,2,17,3,0,16.5,97.06,50.0,8.82,0,0,0,16,1,28.5
PA Hitchcock,ODI,5,32,49,3,32,3,1,10.67,65.31,65.31,8.16,0,0,0,11,1,19.2
CT Mumba,ODI,6,32,55,4,34,1,1,8.0,58.18,61.82,3.64,0,0,0,13,0,14.7
LHB Harrington-Myers,T20I,4,32,39,3,18,1,1,10.67,82.05,46.15,5.13,0,0,0,17,1,22.3
SNJ O'Keefe,T20I,5,32,26,5,13,4,1,6.4,123.08,50.0,19.23,0,0,0,22,0,35.2
Bukhar Illikkal,T20I,4,32,32,4,12,2,1,8.0,100.0,37.5,9.38,0,0,0,25,0,27.8
Josh Brown,BBL,1,32,11,1,3,3,3,32.0,290.91,27.27,54.55,0,0,1,32,0,63.2
P Nedeljkovic,T20I,5,32,42,3,25,3,1,10.67,76.19,59.52,9.52,0,0,0,14,0,22.5
AAA Patel,T20I,4,32,31,4,21,4,1,8.0,103.23,67.74,16.13,0,0,0,19,1,28.5
LJ Myott,T20I,8,32,34,3,15,1,1,10.67,94.12,44.12,5.88,0,0,0,13,0,24.7
J West,T20I,4,32,53,4,30,2,0,8.0,60.38,56.6,3.77,0,0,0,14,0,15.9
MHW Papps,ODI,2,32,62,1,42,4,0,32.0,51.61,67.74,6.45,0,0,0,29,0,23.8
KRP Silva,T20I,2,32,12,2,2,2,3,16.0,266.67,16.67,41.67,0,0,0,25,0,58.7
Khurram Shahzad,PSL,9,32,55,5,30,2,0,6.4,58.18,54.55,3.64,0,0,0,11,1,15.2
Aaqib Sulehri,T20I,4,32,33,3,18,5,0,10.67,96.97,54.55,15.15,0,0,0,16,0,29.8
K Ghalley,T20I,4,32,41,2,18,2,0,16.0,78.05,43.9,4.88,0,0,0,19,1,23.9
TW Samuels,T20I,5,32,43,4,21,2,0,8.0,74.42,48.84,4.65,0,0,0,17,1,19.5
JJ Wright,T20I,4,32,32,3,10,1,1,10.67,100.0,31.25,6.25,0,0,0,19,1,27.6
AR Balla,T20I,12,32,117,9,89,0,0,3.56,27.35,76.07,0.0,0,0,0,7,2,5.2
HA Varaiya,T20I,4,32,48,0,27,1,0,32.0,66.67,56.25,2.08,0,0,0,18,0,24.7
JM James,CPL,5,32,26,3,13,3,2,10.67,123.08,50.0,19.23,0,0,0,15,0,36.8
H Miller,CPL,2,32,29,2,10,2,1,16.0,110.34,34.48,10.34,0,0,1,30,0,33.3
Nadeem Ahmed,T20I,8,32,50,4,29,2,0,8.0,64.0,58.0,4.0,0,0,0,10,1,16.3
Salman Patel,T20I,6,32,35,4,18,3,1,8.0,91.43,51.43,11.43,0,0,0,24,1,26.0
SE Findlay,T20I,2,32,31,2,14,4,0,16.0,103.23,45.16,12.9,0,0,0,19,0,32.5
AT Carey,IPL,3,32,29,2,8,0,1,16.0,110.34,27.59,3.45,0,0,0,14,0,29.7
RR Beaton,CPL,4,32,30,2,14,3,1,16.0,106.67,46.67,13.33,0,0,0,13,0,33.1
D Gaikwad,T20I,2,32,23,2,11,6,0,16.0,139.13,47.83,26.09,0,0,0,20,0,45.9
NL McCullum,CPL,5,32,24,4,8,4,0,8.0,133.33,33.33,16.67,0,0,0,10,0,37.9
GA Lamb,T20I,4,32,54,2,27,1,0,16.0,59.26,50.0,1.85,0,0,0,14,1,18.4
GA Rogers,ODI,2,32,49,2,33,5,0,16.0,65.31,67.35,10.2,0,0,0,26,0,22.3
ZR Jaboneke,T20I,5,32,44,2,20,0,1,16.0,72.73,45.45,2.27,0,0,0,12,0,21.2
D Cleaver,ODI,1,32,37,1,15,3,0,32.0,86.49,40.54,8.11,0,0,1,32,0,33.7
BK Stroud,T20I,6,32,79,4,55,1,0,8.0,40.51,69.62,1.27,0,0,0,10,0,9.6
Vivek Dixit,T20I,5,32,33,4,17,3,1,8.0,96.97,51.52,12.12,0,0,0,15,1,27.2
L Grace,T20I,5,32,47,4,27,1,1,8.0,68.09,57.45,4.26,0,0,0,24,1,17.1
JC Tredwell,T20I,5,32,20,3,5,4,1,10.67,160.0,25.0,25.0,0,0,0,22,1,49.4
Aftab Kayani,T20I,3,32,32,3,15,3,0,10.67,100.0,46.88,9.38,0,0,0,20,0,27.5
ML Bojang,T20I,5,32,32,5,18,2,1,6.4,100.0,56.25,9.38,0,0,0,11,1,24.6
MJ Swepson,T20I,5,32,23,0,7,1,2,32.0,139.13,30.43,13.04,0,0,0,14,0,45.7
Arshdeep Singh,IPL,14,32,47,6,31,4,0,5.33,68.09,65.96,8.51,0,0,0,10,3,17.8
Rakibul Hasan,T20I,6,32,24,4,11,4,1,8.0,133.33,45.83,20.83,0,0,0,14,1,38.9
JD Newton,T20I,4,32,51,4,31,2,1,8.0,62.75,60.78,5.88,0,0,0,26,2,17.0
Qasim Akram,T20I,2,32,31,2,15,5,0,16.0,103.23,48.39,16.13,0,0,0,20,0,34.2
JA Clarkson,CPL,4,32,42,1,18,1,1,32.0,76.19,42.86,4.76,0,0,0,24,0,29.7
MJ Prior,BBL,4,32,47,4,32,1,2,8.0,68.09,68.09,6.38,0,0,0,17,0,17.0
Mirza Baig,T20I,2,32,20,1,10,4,2,32.0,160.0,50.0,30.0,0,0,1,32,1,57.1
CR Richards,T20I,10,32,50,9,32,2,1,3.56,64.0,64.0,6.0,0,0,0,7,2,15.1
Basil Thampi,IPL,7,32,35,1,14,1,1,32.0,91.43,40.0,5.71,0,0,0,13,0,32.8
JS Bangera,T20I,4,32,44,4,27,3,1,8.0,72.73,61.36,9.09,0,0,0,21,2,20.4
R Limbu,T20I,3,32,47,3,32,4,1,10.67,68.09,68.09,10.64,0,0,0,27,1,20.9
RJ Peterson,IPL,5,32,30,3,13,3,1,10.67,106.67,43.33,13.33,0,0,0,16,1,31.6
NT Broom,Test,2,32,72,3,59,5,0,10.67,44.44,81.94,6.94,0,0,0,20,1,14.8
RAP Nissanka,ODI,6,31,80,3,62,2,0,10.33,38.75,77.5,2.5,0,0,0,11,1,11.0
G Toka,T20I,2,31,27,2,12,3,1,15.5,114.81,44.44,14.81,0,0,0,29,0,35.3
LN Saishiv,T20I,1,31,31,1,14,1,2,31.0,100.0,45.16,9.68,0,0,1,31,0,35.6
PM Siddle,ODI,6,31,30,3,14,2,0,10.33,103.33,46.67,6.67,0,0,0,10,1,26.1
CAK Rajitha,T20I,8,31,53,3,31,2,0,10.33,58.49,58.49,3.77,0,0,0,9,1,16.2
NM Hauritz,BBL,3,31,19,2,2,3,0,15.5,163.16,10.53,15.79,0,0,0,16,0,47.5
Tanvir Islam,ODI,6,31,48,5,37,5,1,6.2,64.58,77.08,12.5,0,0,0,9,1,19.7
JL Tutty,T20I,5,31,43,3,19,2,0,10.33,72.09,44.19,4.65,0,0,0,13,1,20.7
EC Rainsford,ODI,17,31,99,9,75,1,0,3.44,31.31,75.76,1.01,0,0,0,9,2,6.4
GF Linde,IPL,3,31,21,3,10,6,0,10.33,147.62,47.62,28.57,0,0,0,16,0,46.7
DC Thomas,Test,1,31,93,2,80,3,0,15.5,33.33,86.02,3.23,0,0,0,19,0,12.6
T Sangha,BBL,8,31,43,5,22,2,0,6.2,72.09,51.16,4.65,0,0,0,17,3,18.2
RR Naik,T20I,2,31,19,2,3,0,3,15.5,163.16,15.79,15.79,0,0,0,29,0,46.8
JW Dernbach,T20I,9,31,32,6,14,4,0,5.17,96.88,43.75,12.5,0,0,0,12,1,27.5
G Coetzee,IPL,7,31,33,6,18,2,2,5.17,93.94,54.55,12.12,0,0,0,12,1,25.3
J Srinath,ODI,8,31,81,6,63,4,0,5.17,38.27,77.78,4.94,0,0,0,15,2,10.6
GF Linde,PSL,3,31,25,2,12,3,1,15.5,124.0,48.0,16.0,0,0,0,26,1,36.9
S Sriram,IPL,2,31,36,2,16,3,0,15.5,86.11,44.44,8.33,0,0,0,27,0,27.0
T Taibu,IPL,3,31,26,3,9,3,0,10.33,119.23,34.62,11.54,0,0,0,15,0,33.2
TR Birt,T20I,3,31,33,3,18,3,1,10.33,93.94,54.55,12.12,0,0,0,17,0,27.3
TS Braat,T20I,2,31,30,1,15,4,1,31.0,103.33,50.0,16.67,0,0,0,26,0,40.0
S Kollery,T20I,2,31,43,1,25,4,0,31.0,72.09,58.14,9.3,0,0,0,29,0,29.6
S Mahmood,ODI,7,31,53,3,31,2,0,10.33,58.49,58.49,3.77,0,0,0,12,0,16.2
Jahurul Islam,T20I,3,31,23,3,9,3,1,10.33,134.78,39.13,17.39,0,0,0,18,0,38.6
Soyeb Pendi,T20I,7,31,28,4,17,2,3,7.75,110.71,60.71,17.86,0,0,0,16,2,31.6
XJ Doherty,BBL,7,31,31,3,10,1,0,10.33,100.0,32.26,3.23,0,0,0,10,1,25.4
DG Weakley,T20I,6,31,50,5,29,1,1,6.2,62.0,58.0,4.0,0,0,0,20,1,15.4
PA Nixon,T20I,1,31,22,0,5,2,1,31.0,140.91,22.73,13.64,0,0,1,31,0,47.1
SS Kang,ODI,4,31,105,3,79,1,0,10.33,29.52,75.24,0.95,0,0,0,14,1,8.7
Amir Hayat,ODI,5,31,73,3,50,1,1,10.33,42.47,68.49,2.74,0,0,0,24,1,11.9
NS Naik,IPL,4,31,50,4,28,2,0,7.75,62.0,56.0,4.0,0,0,0,22,0,16.2
CV Varun,IPL,13,31,53,6,32,3,0,5.17,58.49,60.38,5.66,0,0,0,10,2,15.3
CM McBride,T20I,4,31,26,3,9,4,0,10.33,119.23,34.62,15.38,0,0,0,17,1,35.8
CW Perchard,ODI,3,31,34,0,17,1,2,31.0,91.18,50.0,8.82,0,0,0,16,0,33.1
R Dravid,T20I,1,31,21,1,6,0,3,31.0,147.62,28.57,14.29,0,0,1,31,0,47.6
NA Saini,IPL,6,31,35,3,15,3,0,10.33,88.57,42.86,8.57,0,0,0,12,0,25.8
C Jonker,ODI,2,31,33,2,24,5,1,15.5,93.94,72.73,18.18,0,0,0,25,0,31.0
NT Rajendran,T20I,5,31,29,2,8,3,0,15.5,106.9,27.59,10.34,0,0,0,11,1,33.7
Parvindar Kumar,T20I,4,31,26,3,10,1,2,10.33,119.23,38.46,11.54,0,0,0,19,0,32.7
JDA Richardson,T20I,5,31,48,4,27,3,0,7.75,64.58,56.25,6.25,0,0,0,15,1,18.1
Noor Ahmad,IPL,15,31,58,11,40,2,1,2.82,53.45,68.97,5.17,0,0,0,8,2,12.1
D Daesrath,ODI,1,31,55,1,42,3,1,31.0,56.36,76.36,7.27,0,0,1,31,0,24.3
MM Sharma,ODI,9,31,66,4,52,5,0,7.75,46.97,78.79,7.58,0,0,0,11,1,14.5
Syed Maisam Ali,T20I,4,31,24,1,9,1,2,31.0,129.17,37.5,12.5,0,0,0,18,0,42.6
L Sanogo,T20I,12,31,60,8,43,4,0,3.88,51.67,71.67,6.67,0,0,0,15,5,13.1
J Cama,T20I,5,31,28,5,14,0,3,6.2,110.71,50.0,10.71,0,0,0,24,1,27.7
D Marks,T20I,6,31,35,3,16,1,1,10.33,88.57,45.71,5.71,0,0,0,10,0,23.5
D Khanal,T20I,3,31,35,3,23,4,1,10.33,88.57,65.71,14.29,0,0,0,18,0,26.4
Usman Qadir,T20I,7,31,27,4,10,2,1,7.75,114.81,37.04,11.11,0,0,0,18,2,31.0
LA Dawson,BBL,3,31,35,2,15,2,1,15.5,88.57,42.86,8.57,0,0,0,22,0,27.8
Shahadat Hossain,T20I,5,31,41,4,21,3,0,7.75,75.61,51.22,7.32,0,0,0,21,1,21.0
AR Nedd,CPL,8,30,36,6,18,1,1,5.0,83.33,50.0,5.56,0,0,0,18,1,20.1
K Matigimu,T20I,2,30,18,1,5,0,3,30.0,166.67,27.78,16.67,0,0,0,19,0,51.6
RJ Trott,T20I,7,30,56,4,37,3,0,7.5,53.57,66.07,5.36,0,0,0,19,2,14.4
B Maphosa,T20I,4,30,39,2,20,0,1,15.0,76.92,51.28,2.56,0,0,0,18,0,20.7
MVT Fernando,ODI,8,30,61,2,42,3,0,15.0,49.18,68.85,4.92,0,0,0,7,1,15.9
Imran Khan,T20I,15,30,41,11,23,3,0,2.73,73.17,56.1,7.32,0,0,0,10,5,18.1
WW Hinds,T20I,4,30,41,4,23,3,0,7.5,73.17,56.1,7.32,0,0,0,14,1,19.9
CJPF Kalugamage,T20I,8,30,44,3,20,1,0,10.0,68.18,45.45,2.27,0,0,0,7,0,18.3
MDUS Jayasundera,Test,2,30,77,4,61,2,0,7.5,38.96,79.22,2.6,0,0,0,26,1,10.0
R Poojary,T20I,7,30,52,7,30,0,1,4.29,57.69,57.69,1.92,0,0,0,20,2,12.7
Andre Jarju,T20I,8,30,71,5,50,2,0,6.0,42.25,70.42,2.82,0,0,0,12,2,10.0
H Pattenden,T20I,3,30,28,0,14,2,2,30.0,107.14,50.0,14.29,0,0,0,21,0,38.6
SM Warnapura,ODI,2,30,62,2,45,4,0,15.0,48.39,72.58,6.45,0,0,1,30,1,16.7
Danyal Akbar,T20I,3,30,31,2,11,2,0,15.0,96.77,35.48,6.45,0,0,0,17,0,28.3
A Paul,T20I,7,30,38,5,19,1,0,6.0,78.95,50.0,2.63,0,0,0,14,2,17.9
AR Pitcher,ODI,1,30,54,1,37,2,1,30.0,55.56,68.52,5.56,0,0,1,30,0,22.9
CS Delport,BBL,1,30,29,1,14,2,1,30.0,103.45,48.28,10.34,0,0,1,30,0,35.7
RM Jariwala,ODI,4,30,50,4,28,1,1,7.5,60.0,56.0,4.0,0,0,0,14,0,15.9
Bilal Khan,ODI,20,30,73,10,54,1,1,3.0,41.1,73.97,2.74,0,0,0,9,7,8.7
A Nortje,CPL,4,30,25,2,8,2,1,15.0,120.0,32.0,12.0,0,0,0,22,1,35.8
Mohammad Haris,ODI,5,30,35,4,19,2,1,7.5,85.71,54.29,8.57,0,0,0,17,1,22.7
GP Thorpe,ODI,2,30,46,2,26,2,0,15.0,65.22,56.52,4.35,0,0,0,18,0,19.6
Gauhar Ali,PSL,3,30,22,3,10,4,1,10.0,136.36,45.45,22.73,0,0,0,21,0,41.4
GS Ballance,T20I,1,30,29,1,12,2,1,30.0,103.45,41.38,10.34,0,0,1,30,0,36.6
T Murphy,BBL,4,30,35,0,12,2,0,30.0,85.71,34.29,5.71,0,0,0,14,0,32.1
RR Simmonds,CPL,5,30,14,1,4,3,2,30.0,214.29,28.57,35.71,0,0,0,13,1,62.2
D Nedd,CPL,3,30,34,3,17,1,2,10.0,88.24,50.0,8.82,0,0,0,17,1,24.8
PJC Hoffmann,ODI,3,30,23,2,12,4,1,15.0,130.43,52.17,21.74,0,0,0,18,0,40.8
Saqlain Haider,ODI,3,30,40,3,23,4,0,10.0,75.0,57.5,10.0,0,0,0,12,0,22.7
D Cato,T20I,3,30,59,3,40,2,0,10.0,50.85,67.8,3.39,0,0,0,20,0,13.4
A Nortje,T20I,14,30,50,8,30,1,1,3.75,60.0,60.0,4.0,0,0,0,12,2,13.9
Isaiah O'Brien,T20I,1,30,11,1,2,2,3,30.0,272.73,18.18,45.45,0,0,1,30,0,63.7
Hamed Khan,T20I,5,30,43,4,20,2,0,7.5,69.77,46.51,4.65,0,0,0,10,1,19.0
A Morris,T20I,12,30,67,4,47,2,0,7.5,44.78,70.15,2.99,0,0,0,8,3,11.1
A Mustafa,T20I,5,30,27,2,7,1,0,15.0,111.11,25.93,3.7,0,0,0,10,0,29.9
Junaid Siddiqui,T20I,7,30,33,4,11,0,1,7.5,90.91,33.33,3.03,0,0,0,13,1,22.7
RV Viraj,T20I,4,30,52,4,37,5,0,7.5,57.69,71.15,9.62,0,0,0,22,1,17.3
JC Darji,T20I,6,30,44,6,27,4,0,5.0,68.18,61.36,9.09,0,0,0,16,3,18.7
GB Hogg,BBL,11,30,40,5,19,1,1,6.0,75.0,47.5,5.0,0,0,0,9,1,19.3
Zahid Mahmood,PSL,6,30,45,3,24,2,0,10.0,66.67,53.33,4.44,0,0,0,19,2,18.4
NH Ekanayake,T20I,4,30,43,3,29,3,1,10.0,69.77,67.44,9.3,0,0,0,19,0,20.1
J Pakhiaokajee,T20I,5,30,39,3,23,2,1,10.0,76.92,58.97,7.69,0,0,0,22,1,21.2
G Onions,Test,7,30,97,3,78,4,0,10.0,30.93,80.41,4.12,0,0,0,17,3,10.8
Adeshlie Alias,T20I,2,29,30,2,16,4,0,14.5,96.67,53.33,13.33,0,0,0,22,0,30.2
DJ Hall,T20I,5,29,50,3,27,1,0,9.67,58.0,54.0,2.0,0,0,0,12,0,15.3
Zahid Ali,T20I,2,29,23,1,4,3,0,29.0,126.09,17.39,13.04,0,0,0,18,0,44.6
V Pulibanti,T20I,7,29,53,5,39,5,0,5.8,54.72,73.58,9.43,0,0,0,10,2,16.1
HP Kingston,BBL,3,29,18,2,7,1,2,14.5,161.11,38.89,16.67,0,0,0,17,1,43.4
FE Carava,T20I,5,29,63,5,41,1,0,5.8,46.03,65.08,1.59,0,0,0,12,0,10.4
Jahandad Khan,T20I,5,29,34,4,17,0,2,7.25,85.29,50.0,5.88,0,0,0,17,1,21.4
BL Couch,BBL,10,29,39,3,24,3,0,9.67,74.36,61.54,7.69,0,0,0,8,2,20.3
L Solomone,T20I,2,29,19,2,11,5,1,14.5,152.63,57.89,31.58,0,0,0,28,0,48.4
DK Shetty,T20I,5,29,24,2,7,1,1,14.5,120.83,29.17,8.33,0,0,0,14,0,33.6
Saqib Ali,ODI,2,29,53,2,33,2,0,14.5,54.72,62.26,3.77,0,0,0,19,0,16.7
MM Siddique,T20I,2,29,20,2,8,4,1,14.5,145.0,40.0,25.0,0,0,0,28,0,46.6
HN Ya France,T20I,8,29,32,6,18,2,1,4.83,90.62,56.25,9.38,0,0,0,13,2,22.7
Akshat Raghuwanshi,IPL,2,29,25,2,7,1,1,14.5,116.0,28.0,8.0,0,0,0,18,0,32.9
Mir Hamza,PSL,11,29,35,2,21,3,1,14.5,82.86,60.0,11.43,0,0,0,12,2,26.0
RJ Kirtley,Test,3,29,116,6,100,1,1,4.83,25.0,86.21,1.72,0,0,0,12,0,6.5
M van Jaarsveld,ODI,4,29,55,4,36,2,0,7.25,52.73,65.45,3.64,0,0,0,13,1,13.2
N Peter,T20I,5,29,25,2,10,3,0,14.5,116.0,40.0,12.0,0,0,0,10,0,33.9
Bhargav Narasimha,T20I,4,29,43,3,21,0,0,9.67,67.44,48.84,0.0,0,0,0,13,0,16.1
D Robson,T20I,5,29,43,4,21,0,1,7.25,67.44,48.84,2.33,0,0,0,19,2,16.7
MADI Hemantha,T20I,5,29,34,4,13,2,0,7.25,85.29,38.24,5.88,0,0,0,14,1,23.1
A Neill,ODI,6,29,41,2,22,2,0,14.5,70.73,53.66,4.88,0,0,0,14,0,20.9
BW Hilfenhaus,ODI,9,29,69,3,48,2,0,9.67,42.03,69.57,2.9,0,0,0,16,0,11.5
Hasnain Ul Wahab,ODI,2,29,45,2,33,3,1,14.5,64.44,73.33,8.89,0,0,0,29,1,20.4
Hashir Dafedar,ODI,3,29,61,2,48,3,1,14.5,47.54,78.69,6.56,0,0,0,15,0,16.5
Ehsan Nawaz,ODI,7,29,83,5,62,2,0,5.8,34.94,74.7,2.41,0,0,0,11,2,8.7
P Malav,T20I,8,29,44,7,25,2,0,4.14,65.91,56.82,4.55,0,0,0,8,1,15.7
VM Vaghela,T20I,1,29,32,1,12,2,0,29.0,90.62,37.5,6.25,0,0,0,29,0,32.3
VH Zol,IPL,2,29,26,2,13,3,1,14.5,111.54,50.0,15.38,0,0,0,16,0,34.1
Mahidul Islam Ankon,Test,1,29,66,2,52,1,2,14.5,43.94,78.79,4.55,0,0,0,29,1,14.6
DN Wellalage,Test,1,29,47,2,31,3,0,14.5,61.7,65.96,6.38,0,0,0,18,0,18.9
Muhammad Usman (3),T20I,1,29,18,0,1,1,1,29.0,161.11,5.56,11.11,0,0,0,29,0,49.9
Awais Ikram,T20I,5,29,29,3,17,3,1,9.67,100.0,58.62,13.79,0,0,0,10,0,28.4
P Hatzoglou,BBL,8,29,39,4,20,2,0,7.25,74.36,51.28,5.13,0,0,0,12,1,19.2
GF Linde,ODI,3,29,38,2,21,3,0,14.5,76.32,55.26,7.89,0,0,0,18,0,23.4
J Syed Mohammad,IPL,5,29,26,2,10,4,0,14.5,111.54,38.46,15.38,0,0,0,13,0,35.7
Fazil Muhammad,T20I,4,29,43,3,24,1,0,9.67,67.44,55.81,2.33,0,0,0,15,0,16.6
RJ Harris,BBL,3,29,26,1,9,2,0,29.0,111.54,34.62,7.69,0,0,0,25,0,36.6
Khalid Niazi,T20I,3,29,36,1,17,1,0,29.0,80.56,47.22,2.78,0,0,0,13,0,27.2
MR Day,BBL,1,29,20,0,6,1,1,29.0,145.0,30.0,10.0,0,0,0,29,0,43.4
DI Joyce,ODI,3,29,56,3,42,4,0,9.67,51.79,75.0,7.14,0,0,0,18,1,15.6
Zeeshan Goraya,T20I,5,29,38,5,21,2,1,5.8,76.32,55.26,7.89,0,0,0,12,0,20.2
Amite Hasan,Test,1,29,40,2,30,5,0,14.5,72.5,75.0,12.5,0,0,0,25,0,23.9
BR McDermott,PSL,4,28,21,3,8,3,1,9.33,133.33,38.1,19.05,0,0,0,25,2,39.3
KED Carroll,ODI,3,28,40,3,25,1,0,9.33,70.0,62.5,2.5,0,0,0,21,1,16.0
A Nehra,T20I,5,28,39,5,25,1,2,5.6,71.79,64.1,7.69,0,0,0,22,3,18.1
MO Bacarese,T20I,3,28,55,3,33,0,1,9.33,50.91,60.0,1.82,0,0,0,13,0,13.3
HP Rinke,ODI,8,28,62,8,46,3,0,3.5,45.16,74.19,4.84,0,0,0,12,1,10.9
Hamza Tariq,CPL,2,28,35,2,14,2,0,14.0,80.0,40.0,5.71,0,0,0,18,0,24.5
JJ Celestine,ODI,3,28,60,3,49,5,0,9.33,46.67,81.67,8.33,0,0,0,15,0,15.6
JI de Villiers,ODI,7,28,64,6,44,1,1,4.67,43.75,68.75,3.12,0,0,0,14,1,10.1
SS Das,Test,1,28,105,1,90,4,0,28.0,26.67,85.71,3.81,0,0,0,28,0,16.8
RA Abolarin,T20I,4,28,21,2,8,2,1,14.0,133.33,38.1,14.29,0,0,0,20,0,37.9
MG Hunter,T20I,2,28,40,2,22,1,1,14.0,70.0,55.0,5.0,0,0,0,27,0,20.5
S Sheelan,T20I,1,28,28,1,12,3,0,28.0,100.0,42.86,10.71,0,0,0,28,0,35.4
KA Maharaj,CPL,5,28,51,4,32,1,1,7.0,54.9,62.75,3.92,0,0,0,14,0,13.9
Abrar Ahmed,ODI,5,28,29,2,16,5,0,14.0,96.55,55.17,17.24,0,0,0,23,1,32.3
BD Glover,ODI,4,28,45,2,32,4,0,14.0,62.22,71.11,8.89,0,0,0,18,0,19.9
NT Gireesh,T20I,8,28,41,6,28,3,1,4.67,68.29,68.29,9.76,0,0,0,14,3,18.0
RJ Nicol,Test,2,28,105,4,86,2,0,7.0,26.67,81.9,1.9,0,0,0,19,0,7.6
Abdullah Mohd Yousaf,T20I,3,28,31,2,12,2,0,14.0,90.32,38.71,6.45,0,0,0,12,0,26.6
AK Muslar,T20I,5,28,68,4,48,2,0,7.0,41.18,70.59,2.94,0,0,0,15,1,10.3
Mansoor Malangzai,T20I,1,28,16,1,6,2,2,28.0,175.0,37.5,25.0,0,0,0,28,0,56.2
J Cutinho,T20I,4,28,41,4,27,2,1,7.0,68.29,65.85,7.32,0,0,0,13,0,17.6
MJ Swepson,Test,4,28,54,4,39,3,0,7.0,51.85,72.22,5.56,0,0,0,15,1,13.6
SB Jakati,IPL,5,28,29,1,11,3,0,28.0,96.55,37.93,10.34,0,0,0,13,0,35.4
TG Gordon,T20I,2,28,34,2,17,3,0,14.0,82.35,50.0,8.82,0,0,0,23,0,25.5
Usman Rafiq,ODI,2,28,40,1,26,4,0,28.0,70.0,65.0,10.0,0,0,0,28,1,27.6
TJ Murtagh,Test,2,28,25,3,16,6,0,9.33,112.0,64.0,24.0,0,0,0,16,0,36.0
L Dirmeik,T20I,2,28,35,2,18,1,1,14.0,80.0,51.43,5.71,0,0,0,23,0,22.9
Samader Shadab,T20I,6,28,42,6,26,0,2,4.67,66.67,61.9,4.76,0,0,0,14,2,15.4
Mian Mehmood,T20I,4,28,33,4,15,2,0,7.0,84.85,45.45,6.06,0,0,0,12,1,22.0
L Perera,T20I,3,28,35,2,17,2,0,14.0,80.0,48.57,5.71,0,0,0,17,0,23.3
Amir Sharif,T20I,3,28,27,2,11,1,1,14.0,103.7,40.74,7.41,0,0,0,22,0,28.8
Ehsanul Haque,ODI,3,28,71,3,53,4,0,9.33,39.44,74.65,5.63,0,0,0,13,0,12.8
NG Jones,T20I,3,28,24,1,7,0,2,28.0,116.67,29.17,8.33,0,0,0,14,1,38.1
B Stanlake,BBL,14,28,47,3,28,2,0,9.33,59.57,59.57,4.26,0,0,0,7,1,16.1
AC Jayangani,WPL,4,28,27,4,18,6,0,7.0,103.7,66.67,22.22,0,0,0,17,1,32.4
R Goodwin,T20I,9,28,55,7,37,1,0,4.0,50.91,67.27,1.82,0,0,0,16,4,10.2
M Mani,WPL,9,28,33,7,20,5,0,4.0,84.85,60.61,15.15,0,0,0,7,2,24.8
AS Chima,ODI,2,28,29,2,18,4,1,14.0,96.55,62.07,17.24,0,0,0,24,0,31.3
MS Diakite,T20I,10,28,64,10,49,4,0,2.8,43.75,76.56,6.25,0,0,0,10,5,11.3
Mohammad Irfan,Test,4,28,87,5,72,4,0,5.6,32.18,82.76,4.6,0,0,0,14,2,9.7
ME Leoela,T20I,10,28,65,8,45,1,0,3.5,43.08,69.23,1.54,0,0,0,11,3,8.5
Kamran Hussain,ODI,1,28,21,0,3,2,0,28.0,133.33,14.29,9.52,0,0,0,28,0,43.4
Wang Liuyang,T20I,4,28,51,4,31,2,0,7.0,54.9,60.78,3.92,0,0,0,18,1,14.2
Shivam Mavi,T20I,2,28,18,2,7,2,2,14.0,155.56,38.89,22.22,0,0,0,26,0,46.2
OL Pitcher,ODI,3,28,81,3,60,2,0,9.33,34.57,74.07,2.47,0,0,0,22,1,10.0
V Jayant,T20I,6,28,53,6,33,2,0,4.67,52.83,62.26,3.77,0,0,0,17,2,12.7
S Moseley,Test,2,28,105,4,89,3,0,7.0,26.67,84.76,2.86,0,0,0,12,0,8.3
S Sengupta,T20I,4,27,25,3,10,3,0,9.0,108.0,40.0,12.0,0,0,0,9,0,30.7
A Bushell,T20I,3,27,31,2,14,1,1,13.5,87.1,45.16,6.45,0,0,0,14,0,25.0
TS Chisoro,Test,3,27,62,5,51,5,0,5.4,43.55,82.26,8.06,0,0,0,9,1,13.5
S Sharma,T20I,5,27,28,4,18,0,3,6.75,96.43,64.29,10.71,0,0,0,21,2,23.9
RK Kleinveldt,Test,4,27,61,3,49,1,2,9.0,44.26,80.33,4.92,0,0,0,17,2,12.8
Zulfiqar Babar,T20I,3,27,27,0,14,2,1,27.0,100.0,51.85,11.11,0,0,0,13,0,34.1
Tariq Aziz,T20I,3,27,36,3,17,1,1,9.0,75.0,47.22,5.56,0,0,0,23,1,20.8
S Hongsi,T20I,3,27,16,0,5,3,1,27.0,168.75,31.25,25.0,0,0,0,11,0,55.8
P Arrighi,T20I,2,27,31,2,12,1,0,13.5,87.1,38.71,3.23,0,0,0,18,0,23.8
A Djorovic,T20I,4,27,47,2,30,3,0,13.5,57.45,63.83,6.38,0,0,0,15,0,18.2
MA Wood,T20I,7,27,28,2,9,2,0,13.5,96.43,32.14,7.14,0,0,0,10,1,28.7
CN Evans,Test,1,27,80,2,68,4,0,13.5,33.75,85.0,5.0,0,0,0,22,0,13.1
Kuldeep Lal,T20I,3,27,26,2,11,3,0,13.5,103.85,42.31,11.54,0,0,0,17,0,31.2
Abdul Jalil,T20I,3,27,34,3,21,3,1,9.0,79.41,61.76,11.76,0,0,0,16,0,23.5
JK Fuller,PSL,3,27,16,1,4,4,0,27.0,168.75,25.0,25.0,0,0,0,12,0,56.7
Imran Arif,T20I,2,27,38,2,25,1,2,13.5,71.05,65.79,7.89,0,0,0,22,0,20.8
NE Bonner,T20I,2,27,38,2,21,2,0,13.5,71.05,55.26,5.26,0,0,0,24,0,20.6
J Santhanam,T20I,4,27,25,2,9,2,1,13.5,108.0,36.0,12.0,0,0,0,18,0,33.0
NJ Maddinson,Test,3,27,78,4,62,3,0,6.75,34.62,79.49,3.85,0,0,0,22,1,9.9
RA Whiteley,PSL,3,27,26,3,10,1,1,9.0,103.85,38.46,7.69,0,0,0,16,1,27.5
J Lewis,Test,1,27,45,2,32,5,0,13.5,60.0,71.11,11.11,0,0,0,20,0,20.8
LJA Julien,CPL,4,27,40,4,23,3,0,6.75,67.5,57.5,7.5,0,0,0,17,0,18.7
SS Pathirana,T20I,5,27,24,5,9,3,0,5.4,112.5,37.5,12.5,0,0,0,14,0,30.7
MD Shanaka,PSL,2,27,26,1,8,2,0,27.0,103.85,30.77,7.69,0,0,0,16,0,35.3
CB Ondoa,T20I,8,27,81,6,60,1,0,4.5,33.33,74.07,1.23,0,0,0,10,1,7.2
VC Ahir,T20I,3,27,22,2,11,1,2,13.5,122.73,50.0,13.64,0,0,0,24,1,34.1
TP Allen,T20I,3,27,17,2,6,0,3,13.5,158.82,35.29,17.65,0,0,0,11,0,43.9
CJ Smith,ODI,5,27,46,5,37,2,2,5.4,58.7,80.43,8.7,0,0,0,15,2,16.0
Sufiyan Tarajia,T20I,4,27,30,2,16,1,2,13.5,90.0,53.33,10.0,0,0,0,11,0,26.7
Avesh Khan,T20I,5,27,20,2,7,3,1,13.5,135.0,35.0,20.0,0,0,0,16,0,42.2
Zahir Khan,BBL,7,27,32,4,17,1,1,6.75,84.38,53.12,6.25,0,0,0,19,3,20.9
Naved Yasin,PSL,3,27,33,2,18,2,1,13.5,81.82,54.55,9.09,0,0,0,25,1,24.7
BL Kotze,ODI,4,27,51,3,36,3,0,9.0,52.94,70.59,5.88,0,0,0,24,2,14.7
Rumman Raees,ODI,4,27,24,3,13,5,0,9.0,112.5,54.17,20.83,0,0,0,16,1,35.2
Rishad Hossain,BBL,4,27,20,2,7,3,1,13.5,135.0,35.0,20.0,0,0,0,11,0,42.2
Rahat Ali,T20I,4,27,26,2,10,3,0,13.5,103.85,38.46,11.54,0,0,0,17,0,31.7
R Drake,T20I,7,27,30,1,11,1,0,27.0,90.0,36.67,3.33,0,0,0,11,0,29.6
Mohamed Shafeeq,T20I,11,27,29,10,15,3,0,2.7,93.1,51.72,10.34,0,0,0,6,3,23.5
Bilal Khan,T20I,20,27,46,6,25,1,0,4.5,58.7,54.35,2.17,0,0,0,6,4,13.6
Hasan Murad,Test,2,27,48,2,37,5,0,13.5,56.25,77.08,10.42,0,0,0,16,0,19.9
Nageebullah Sultanzai,T20I,6,27,29,4,14,2,1,6.75,93.1,48.28,10.34,0,0,0,13,1,25.5
LF Mavume,T20I,3,27,40,3,28,3,1,9.0,67.5,70.0,10.0,0,0,0,15,0,19.5
C Shivakumar,T20I,3,27,40,3,24,3,0,9.0,67.5,60.0,7.5,0,0,0,17,0,19.2
C Smith,T20I,4,27,27,4,13,2,1,6.75,100.0,48.15,11.11,0,0,0,13,0,27.0
KS Airee,ODI,3,27,24,1,7,2,0,27.0,112.5,29.17,8.33,0,0,0,18,1,37.2
R Kalimuthu,T20I,7,27,27,2,12,2,1,13.5,100.0,44.44,11.11,0,0,0,16,1,30.0
DS Kulkarni,ODI,2,27,28,0,13,2,1,27.0,96.43,46.43,10.71,0,0,0,25,0,34.1
F Hand,T20I,8,27,29,5,14,4,0,5.4,93.1,48.28,13.79,0,0,0,9,1,27.3
N Edward,CPL,2,27,30,1,16,0,2,27.0,90.0,53.33,6.67,0,0,0,17,0,29.5
AS Joseph,IPL,5,27,32,1,16,3,0,27.0,84.38,50.0,9.38,0,0,0,15,1,31.0
Sharveen Surendran,T20I,2,27,31,1,12,1,0,27.0,87.1,38.71,3.23,0,0,0,23,0,28.9
S Selvaraj,T20I,3,27,24,2,11,4,0,13.5,112.5,45.83,16.67,0,0,0,20,0,35.3
Rishad Hossain,PSL,9,27,34,6,19,2,1,4.5,79.41,55.88,8.82,0,0,0,13,0,20.7
MJM Kavana,T20I,4,27,53,4,31,1,0,6.75,50.94,58.49,1.89,0,0,0,9,1,12.6
MP Vaughan,T20I,2,27,22,2,10,4,0,13.5,122.73,45.45,18.18,0,0,0,27,1,37.8
MS Panesar,ODI,7,26,91,5,71,2,0,5.2,28.57,78.02,2.2,0,0,0,13,0,7.4
N Mokoena,T20I,3,26,24,2,16,1,3,13.0,108.33,66.67,16.67,0,0,0,26,2,31.5
Tian Sen Qun,T20I,10,26,70,10,52,1,0,2.6,37.14,74.29,1.43,0,0,0,7,4,7.1
DJ Malan,IPL,1,26,26,1,10,1,1,26.0,100.0,38.46,7.69,0,0,0,26,0,33.3
SL Stewart,ODI,4,26,59,4,42,2,0,6.5,44.07,71.19,3.39,0,0,0,14,0,10.9
S Thuraisingam,ODI,4,26,44,3,31,3,1,8.67,59.09,70.45,9.09,0,0,0,13,0,17.6
Kau Qalo,T20I,2,26,30,2,17,2,1,13.0,86.67,56.67,10.0,0,0,0,26,1,25.5
M Jobarteh,T20I,6,26,27,5,14,2,1,5.2,96.3,51.85,11.11,0,0,0,10,1,25.4
B White,T20I,8,26,47,1,26,2,0,26.0,55.32,55.32,4.26,0,0,0,7,0,22.4
Nikhil Chaudhary,T20I,2,26,19,2,3,2,0,13.0,136.84,15.79,10.53,0,0,0,18,0,38.7
Ubaid Shah,PSL,9,26,48,6,33,2,1,4.33,54.17,68.75,6.25,0,0,0,14,1,13.5
T Shamsi,CPL,11,26,42,3,23,2,0,8.67,61.9,54.76,4.76,0,0,0,8,0,17.2
Hammadullah Shinwari,T20I,9,26,38,8,19,1,0,3.25,68.42,50.0,2.63,0,0,0,5,1,15.4
Zain Abbas,ODI,1,26,54,0,37,2,0,26.0,48.15,68.52,3.7,0,0,0,26,0,19.2
PJ Sangwan,IPL,14,26,44,8,24,1,0,3.25,59.09,54.55,2.27,0,0,0,6,4,13.2
Hamza Tahir,ODI,8,26,78,6,61,2,0,4.33,33.33,78.21,2.56,0,0,0,13,4,8.0
Zulqarnain Haider,T20I,5,26,33,4,16,1,0,6.5,78.79,48.48,3.03,0,0,0,17,0,18.5
Naved-ul-Hasan,Test,1,26,26,2,17,3,1,13.0,100.0,65.38,15.38,0,0,0,25,0,29.7
LU Igalagamage,T20I,2,26,27,2,19,6,0,13.0,96.3,70.37,22.22,0,0,0,21,0,33.1
J Jagroo,T20I,4,26,27,4,12,1,1,6.5,96.3,44.44,7.41,0,0,0,19,2,24.4
D Ganga,T20I,1,26,31,1,19,3,1,26.0,83.87,61.29,12.9,0,0,0,26,0,31.3
Sachin Kumar,T20I,4,26,32,3,17,3,0,8.67,81.25,53.12,9.38,0,0,0,19,1,23.2
D Ravu,T20I,9,26,35,6,22,4,0,4.33,74.29,62.86,11.43,0,0,0,5,1,20.6
BJ Diamanti,ODI,1,26,22,0,11,3,0,26.0,118.18,50.0,13.64,0,0,0,26,0,38.2
BO van Rooi,ODI,3,26,38,1,24,3,0,26.0,68.42,63.16,7.89,0,0,0,17,0,25.5
HT Dixon,BBL,4,26,24,3,11,1,2,8.67,108.33,45.83,12.5,0,0,0,13,0,30.1
Samarth Shetty,T20I,4,26,39,4,25,2,1,6.5,66.67,64.1,7.69,0,0,0,16,1,17.7
AS Rajpoot,IPL,7,26,41,5,27,2,1,5.2,63.41,65.85,7.32,0,0,0,8,0,16.3
AA Kulkarni,IPL,4,26,33,4,19,3,0,6.5,78.79,57.58,9.09,0,0,0,17,2,21.3
Hasan Ali,BBL,6,26,19,2,7,4,0,13.0,136.84,36.84,21.05,0,0,0,14,1,42.7
C Bayraktar,T20I,3,26,34,3,22,0,2,8.67,76.47,64.71,5.88,0,0,0,12,0,18.6
AF Buurman,ODI,2,26,32,2,18,4,0,13.0,81.25,56.25,12.5,0,0,0,26,1,26.5
Raaz Mohammad,T20I,8,26,38,2,17,1,0,13.0,68.42,44.74,2.63,0,0,0,9,1,19.8
AB Dinda,IPL,16,26,48,10,29,2,0,2.6,54.17,60.42,4.17,0,0,0,7,6,12.7
NR Kirton,CPL,3,26,22,3,11,1,2,8.67,118.18,50.0,13.64,0,0,0,25,1,31.7
GC Viljoen,Test,1,26,31,1,20,5,0,26.0,83.87,64.52,16.13,0,0,0,20,0,33.0
CK Coventry,Test,1,26,37,2,27,4,0,13.0,70.27,72.97,10.81,0,0,0,24,0,21.9
Mujibur Ali,T20I,3,26,33,3,14,2,0,8.67,78.79,42.42,6.06,0,0,0,12,0,22.2
JM Kemp,IPL,2,26,24,2,10,1,1,13.0,108.33,41.67,8.33,0,0,0,22,0,29.6
Faisal Hossain,ODI,3,26,54,2,37,2,0,13.0,48.15,68.52,3.7,0,0,0,17,0,14.3
U Shantu,T20I,6,26,25,3,10,1,0,8.67,104.0,40.0,4.0,0,0,0,13,1,24.7
NL McCullum,IPL,2,26,22,1,7,0,1,26.0,118.18,31.82,4.55,0,0,0,15,0,34.7
Mohammad Asif,ODI,12,26,91,8,72,1,0,3.25,28.57,79.12,1.1,0,0,0,6,3,6.0
JA Rudolph,CPL,3,26,33,3,14,2,0,8.67,78.79,42.42,6.06,0,0,0,18,0,22.2
AM Rajpurohit,T20I,3,26,34,3,24,3,1,8.67,76.47,70.59,11.76,0,0,0,22,1,21.8
B Kgosiemang,T20I,9,26,53,2,34,1,0,13.0,49.06,64.15,1.89,0,0,0,6,0,13.8
K Boniface,T20I,6,26,39,3,22,0,0,8.67,66.67,56.41,0.0,0,0,0,9,1,14.5
Khurram Nawaz,ODI,2,26,49,1,29,1,0,26.0,53.06,59.18,2.04,0,0,0,17,0,20.1
J Royal,CPL,9,26,28,4,13,2,1,6.5,92.86,46.43,10.71,0,0,0,12,2,25.9
RJ van Vuuren,ODI,5,26,38,3,25,2,1,8.67,68.42,65.79,7.89,0,0,0,14,2,18.7
B Fernando,ODI,3,26,36,3,23,4,0,8.67,72.22,63.89,11.11,0,0,0,17,0,21.6
IKO Aboagye,T20I,7,26,48,6,26,1,0,4.33,54.17,54.17,2.08,0,0,0,9,2,12.8
Khandubhai Ahir,T20I,3,26,42,2,26,1,1,13.0,61.9,61.9,4.76,0,0,0,22,0,17.8
Azmatullah Omarzai,PSL,3,26,14,2,5,3,1,13.0,185.71,35.71,28.57,0,0,0,16,1,53.9
TB de Bruyn,T20I,2,26,16,2,4,3,1,13.0,162.5,25.0,25.0,0,0,0,19,0,50.6
U Bhagwan,ODI,2,26,28,1,13,2,1,26.0,92.86,46.43,10.71,0,0,0,20,0,33.2
Aizaz Cheema,ODI,6,26,45,3,28,2,0,8.67,57.78,62.22,4.44,0,0,0,9,0,15.4
Mohammad Salman,Test,2,25,57,4,44,1,1,6.25,43.86,77.19,3.51,0,0,0,13,1,10.8
Akash Deep,IPL,5,25,14,3,5,2,2,8.33,178.57,35.71,28.57,0,0,0,17,2,51.9
TL Tsolekile,Test,2,25,84,3,67,2,0,8.33,29.76,79.76,2.38,0,0,0,15,0,8.9
V Rathinasamy,T20I,4,25,53,4,40,2,1,6.25,47.17,75.47,5.66,0,0,0,13,1,12.7
Sohail Khan,ODI,6,25,51,5,36,2,0,5.0,49.02,70.59,3.92,0,0,0,7,0,11.3
KAD Hurdle,ODI,8,25,47,5,33,2,1,5.0,53.19,70.21,6.38,0,0,0,12,2,13.6
AJ McKay,Test,1,25,55,1,43,3,0,25.0,45.45,78.18,5.45,0,0,0,20,0,19.4
Saud Munir,T20I,7,25,43,2,20,0,0,12.5,58.14,46.51,0.0,0,0,0,6,1,16.2
PM Nevill,T20I,5,25,11,1,2,1,2,25.0,227.27,18.18,27.27,0,0,0,10,0,60.0
LB Williams,Test,2,25,71,3,60,4,0,8.33,35.21,84.51,5.63,0,0,0,13,1,11.8
Jahanzaib Sultan,PSL,1,25,21,1,10,2,1,25.0,119.05,47.62,14.29,0,0,0,25,0,38.7
LSP Siriwardene,T20I,4,25,44,4,22,0,0,6.25,56.82,50.0,0.0,0,0,0,12,1,13.1
Mohsin Khan,IPL,7,25,28,5,16,2,1,5.0,89.29,57.14,10.71,0,0,0,13,3,23.3
Suresh Kumar,T20I,2,25,43,2,29,2,0,12.5,58.14,67.44,4.65,0,0,0,25,1,16.3
Murat Yilmaz,T20I,10,25,70,9,48,1,0,2.78,35.71,68.57,1.43,0,0,0,6,1,7.2
Sarawut Maliwan,T20I,15,25,68,9,49,1,0,2.78,36.76,72.06,1.47,0,0,0,5,4,7.2
H Ssenyondo,T20I,14,25,49,6,27,0,0,4.17,51.02,55.1,0.0,0,0,0,5,3,10.8
SB Styris,BBL,2,25,20,2,5,2,0,12.5,125.0,25.0,10.0,0,0,0,24,0,35.2
Raza-ur-Rehman,T20I,4,25,29,4,14,3,0,6.25,86.21,48.28,10.34,0,0,0,10,0,24.4
A Choudhary,IPL,3,25,20,1,4,1,1,25.0,125.0,20.0,10.0,0,0,0,15,0,40.6
AF Milne,IPL,7,25,31,4,14,0,1,6.25,80.65,45.16,3.23,0,0,0,15,1,19.3
LA Simango,T20I,6,25,45,2,27,2,0,12.5,55.56,60.0,4.44,0,0,0,9,0,16.8
K Thagunna,T20I,2,25,41,2,23,1,0,12.5,60.98,56.1,2.44,0,0,0,15,0,16.8
T Kamungozi,ODI,9,25,53,5,44,5,0,5.0,47.17,83.02,9.43,0,0,0,12,2,14.8
ACF Stokes,T20I,9,25,45,7,26,0,1,3.57,55.56,57.78,2.22,0,0,0,18,5,12.3
GJ Batty,ODI,4,25,57,3,37,1,0,8.33,43.86,64.91,1.75,0,0,0,17,0,11.1
Sanvir Singh,IPL,5,25,21,2,8,2,1,12.5,119.05,38.1,14.29,0,0,0,8,1,35.3
HJ Patel,T20I,2,25,25,2,12,2,0,12.5,100.0,48.0,8.0,0,0,0,21,0,27.1
D Matla,T20I,7,25,59,5,39,0,0,5.0,42.37,66.1,0.0,0,0,0,9,1,8.4
MA Beer,BBL,10,25,32,3,14,1,0,8.33,78.12,43.75,3.12,0,0,0,7,1,19.8
MA Algi,T20I,5,25,24,2,15,3,1,12.5,104.17,62.5,16.67,0,0,0,13,0,31.4
JA Richardson,Test,3,25,25,4,17,1,2,6.25,100.0,68.0,12.0,0,0,0,9,0,24.6
A Patel,ODI,1,25,29,1,18,3,0,25.0,86.21,62.07,10.34,0,0,0,25,0,29.4
CT Mumba,Test,3,25,107,3,95,3,0,8.33,23.36,88.79,2.8,0,0,0,11,0,8.3
L McCarthy,T20I,3,25,24,2,11,2,1,12.5,104.17,45.83,12.5,0,0,0,16,0,31.0
AM Ellis,T20I,5,25,21,3,6,1,1,8.33,119.05,28.57,9.52,0,0,0,16,0,32.0
P Agnihotri,T20I,2,25,36,2,20,2,0,12.5,69.44,55.56,5.56,0,0,0,19,0,20.1
SO Olayinka,T20I,3,25,34,3,24,1,2,8.33,73.53,70.59,8.82,0,0,0,24,1,19.3
Mohammad Mohsin,CPL,2,25,25,2,14,1,2,12.5,100.0,56.0,12.0,0,0,0,16,0,28.6
IK Darmawan,T20I,2,25,33,2,19,3,0,12.5,75.76,57.58,9.09,0,0,0,16,0,23.1
S Hunter,T20I,3,25,34,3,22,2,1,8.33,73.53,64.71,8.82,0,0,0,19,0,20.0
Abdullah Mahmood,T20I,9,25,33,7,14,1,0,3.57,75.76,42.42,3.03,0,0,0,9,1,17.9
A Nathwani,T20I,7,25,37,2,20,1,0,12.5,67.57,54.05,2.7,0,0,0,7,1,18.2
Waqas Barkat,ODI,4,25,54,3,37,2,0,8.33,46.3,68.52,3.7,0,0,0,14,1,12.3
JH Kiani,T20I,2,25,36,2,21,2,0,12.5,69.44,58.33,5.56,0,0,0,13,0,19.7
Luqman Hussan,T20I,4,25,39,4,28,3,1,6.25,64.1,71.79,10.26,0,0,0,12,1,18.1
S Lamichhane,BBL,5,25,22,2,7,0,1,12.5,113.64,31.82,4.55,0,0,0,13,0,29.0
S Lamichhane,CPL,8,25,31,4,16,2,0,6.25,80.65,51.61,6.45,0,0,0,10,4,20.5
RK Kleinveldt,T20I,2,25,10,1,3,1,3,25.0,250.0,30.0,40.0,0,0,0,22,0,60.1
CRD Fernando,T20I,5,25,27,5,16,4,0,5.0,92.59,59.26,14.81,0,0,0,21,2,26.2
JH Stander,T20I,5,25,24,4,13,1,1,6.25,104.17,54.17,8.33,0,0,0,21,1,24.7
GC Tonge,Test,1,25,26,1,16,3,0,25.0,96.15,61.54,11.54,0,0,0,23,0,31.7
G Tuskan,T20I,4,25,50,4,32,1,0,6.25,50.0,64.0,2.0,0,0,0,12,0,11.5
Kamran Wahid,T20I,9,25,48,7,32,2,0,3.57,52.08,66.67,4.17,0,0,0,8,1,11.9
S Sugaya-Slater,T20I,5,25,30,3,14,2,0,8.33,83.33,46.67,6.67,0,0,0,12,1,22.5
VV Morea,T20I,3,25,27,3,11,3,0,8.33,92.59,40.74,11.11,0,0,0,19,1,27.6
GH O'Brien,T20I,4,25,29,2,15,1,1,12.5,86.21,51.72,6.9,0,0,0,7,0,23.9
Ali Khan,ODI,10,25,46,7,31,2,0,3.57,54.35,67.39,4.35,0,0,0,6,2,12.2
A Harris,T20I,11,25,36,6,23,0,2,4.17,69.44,63.89,5.56,0,0,0,12,3,15.8
S Chanderpaul,IPL,3,25,31,3,18,4,0,8.33,80.65,58.06,12.9,0,0,0,16,0,24.7
Gurnoor Brar,ODI,2,25,29,1,15,1,1,25.0,86.21,51.72,6.9,0,0,0,18,0,28.6
AD Mascarenhas,BBL,3,25,29,3,12,0,1,8.33,86.21,41.38,3.45,0,0,0,16,0,21.5
Qalandar Khan,T20I,1,25,17,1,5,1,2,25.0,147.06,29.41,17.65,0,0,0,25,0,47.4
M Turner,T20I,2,25,21,0,8,2,0,25.0,119.05,38.1,9.52,0,0,0,18,0,36.9
SW Tait,ODI,6,25,29,2,20,3,1,12.5,86.21,68.97,13.79,0,0,0,11,1,26.0
KOK Williams,CPL,16,25,67,7,45,0,0,3.57,37.31,67.16,0.0,0,0,0,6,3,7.0
AA Wagh,T20I,3,25,26,3,18,2,2,8.33,96.15,69.23,15.38,0,0,0,16,0,26.9
Ngawang Thinley,T20I,7,25,36,5,22,2,0,5.0,69.44,61.11,5.56,0,0,0,11,1,16.5
Shivam Sharma,T20I,2,24,11,2,4,0,3,12.0,218.18,36.36,27.27,0,0,0,15,0,52.5
VR Iyer,ODI,2,24,40,2,21,0,1,12.0,60.0,52.5,2.5,0,0,0,22,0,17.0
Mohammad Naim,Test,1,24,103,2,90,1,0,12.0,23.3,87.38,0.97,0,0,0,24,1,8.4
F Mutizwa,Test,1,24,61,2,50,3,0,12.0,39.34,81.97,4.92,0,0,0,18,0,13.3
I Wijesundera,Test,1,24,20,2,12,1,2,12.0,120.0,60.0,15.0,0,0,0,14,0,32.6
NK Yadav,ODI,7,24,53,5,34,1,0,4.8,45.28,64.15,1.89,0,0,0,10,0,10.2
MGSM Fernando,T20I,3,24,19,3,8,2,1,8.0,126.32,42.11,15.79,0,0,0,14,0,35.1
GA Manou,BBL,3,24,29,1,10,1,0,24.0,82.76,34.48,3.45,0,0,0,18,0,27.9
JK Kamande,T20I,5,24,39,5,23,2,0,4.8,61.54,58.97,5.13,0,0,0,14,2,15.4
Muhammad Shahzad,PSL,3,24,18,3,9,3,1,8.0,133.33,50.0,22.22,0,0,0,24,2,39.2
MA Khote,IPL,3,24,22,2,10,2,1,12.0,109.09,45.45,13.64,0,0,0,9,0,32.3
OP Stone,ODI,6,24,35,3,18,2,0,8.0,68.57,51.43,5.71,0,0,0,9,0,19.0
G Hoey,ODI,2,24,28,2,17,2,1,12.0,85.71,60.71,10.71,0,0,0,23,0,24.9
Kartik Tyagi,IPL,9,24,26,7,14,2,1,3.43,92.31,53.85,11.54,0,0,0,7,2,24.1
JK Lalor,CPL,3,24,20,0,5,1,1,24.0,120.0,25.0,10.0,0,0,0,10,0,38.8
SM Ervine,PSL,1,24,19,1,2,2,0,24.0,126.32,10.53,10.53,0,0,0,24,0,42.1
CP Schofield,T20I,4,24,20,1,5,2,0,24.0,120.0,25.0,10.0,0,0,0,9,0,38.8
SM Warnakulasuriya,T20I,4,24,25,3,9,1,0,8.0,96.0,36.0,4.0,0,0,0,10,1,23.9
ND Stewart,CPL,8,24,17,4,8,1,2,6.0,141.18,47.06,17.65,0,0,0,13,3,36.9
JN Gillespie,T20I,1,24,18,1,7,4,0,24.0,133.33,38.89,22.22,0,0,0,24,0,46.8
N Shree Charani,WPL,3,24,21,0,6,3,0,24.0,114.29,28.57,14.29,0,0,0,11,0,40.4
JNT Seales,CPL,9,24,28,2,12,1,1,12.0,85.71,42.86,7.14,0,0,0,16,1,25.1
M Akhigbe,T20I,5,24,27,5,14,3,0,4.8,88.89,51.85,11.11,0,0,0,14,1,24.2
Amjad Gul,T20I,1,24,21,1,12,3,1,24.0,114.29,57.14,19.05,0,0,0,24,0,39.4
Omer Kutuk,T20I,4,24,26,1,10,2,0,24.0,92.31,38.46,7.69,0,0,0,9,0,31.5
Mohammad Hasnain,T20I,7,24,26,1,15,2,1,24.0,92.31,57.69,11.54,0,0,0,8,0,31.3
Ubaid Minhas,T20I,3,24,21,1,6,1,0,24.0,114.29,28.57,4.76,0,0,0,12,0,34.0
Mohammad Ali,Test,8,24,132,8,119,3,0,3.0,18.18,90.15,2.27,0,0,0,8,6,5.2
GF Cardos,T20I,8,24,86,8,67,1,0,3.0,27.91,77.91,1.16,0,0,0,9,2,5.8
JR Hazlewood,T20I,9,24,21,3,10,2,1,8.0,114.29,47.62,14.29,0,0,0,13,2,31.6
R Pillai,T20I,3,24,31,2,14,1,0,12.0,77.42,45.16,3.23,0,0,0,14,1,21.0
Hazrat Bilal,ODI,4,24,69,1,53,0,1,24.0,34.78,76.81,1.45,0,0,0,20,0,14.8
C Bevin,T20I,3,24,27,2,11,2,0,12.0,88.89,40.74,7.41,0,0,0,9,0,26.0
SH Lewis,Test,2,24,66,4,53,3,0,6.0,36.36,80.3,4.55,0,0,0,20,2,10.4
Qudratullah Mir Afzail,T20I,5,24,21,3,8,3,0,8.0,114.29,38.1,14.29,0,0,0,13,0,33.0
AJ Turner,IPL,6,24,28,5,14,0,2,4.8,85.71,50.0,7.14,0,0,0,16,3,21.4
RW Sims,ODI,1,24,60,1,45,2,0,24.0,40.0,75.0,3.33,0,0,0,24,0,16.8
Mustapha Suwareh,T20I,8,24,52,8,37,2,0,3.0,46.15,71.15,3.85,0,0,0,7,1,10.1
N Bidaisee,T20I,2,24,30,2,16,1,1,12.0,80.0,53.33,6.67,0,0,0,22,0,22.5
ER Dwivedi,IPL,2,24,14,2,6,2,2,12.0,171.43,42.86,28.57,0,0,0,19,0,51.3
R Francis,T20I,9,24,46,8,33,2,0,3.0,52.17,71.74,4.35,0,0,0,7,3,11.3
C Floyd,T20I,3,24,24,1,13,2,1,24.0,100.0,54.17,12.5,0,0,0,21,0,33.5
BE Hendricks,ODI,4,24,45,3,30,2,0,8.0,53.33,66.67,4.44,0,0,0,18,0,13.9
Hassan Khan Mohammad,T20I,5,24,33,3,17,2,0,8.0,72.73,51.52,6.06,0,0,0,16,2,19.8
MJ McClenaghan,T20I,7,24,23,4,12,1,2,6.0,104.35,52.17,13.04,0,0,0,10,2,28.0
MJ McClenaghan,CPL,7,24,25,5,12,1,1,4.8,96.0,48.0,8.0,0,0,0,9,1,23.6
WJ Malinda,T20I,7,24,32,5,17,0,1,4.8,75.0,53.12,3.12,0,0,0,10,1,16.7
RR Saun,T20I,6,24,48,5,34,3,0,4.8,50.0,70.83,6.25,0,0,0,15,1,12.9
Sunzamul Islam,Test,1,24,56,1,39,1,0,24.0,42.86,69.64,1.79,0,0,0,24,0,16.2
Izatullah Dawlatzai,T20I,1,24,10,0,3,2,2,24.0,240.0,30.0,40.0,0,0,0,24,0,59.8
Yasir Mohammad,T20I,5,24,40,4,20,0,0,6.0,60.0,50.0,0.0,0,0,0,16,1,13.5
Tanush Kotian,IPL,1,24,31,1,17,3,0,24.0,77.42,54.84,9.68,0,0,0,24,0,28.4
Mohammed Faraazuddin,T20I,4,24,27,3,12,1,0,8.0,88.89,44.44,3.7,0,0,0,21,2,21.5
M Sarenac,T20I,11,24,51,8,32,1,0,3.0,47.06,62.75,1.96,0,0,0,10,1,10.0
Rameez Raja (2),T20I,2,24,29,2,12,2,0,12.0,82.76,41.38,6.9,0,0,0,23,0,24.7
Ashish Gupta,T20I,4,24,35,4,24,1,2,6.0,68.57,68.57,8.57,0,0,0,14,0,17.7
M Prasanna,T20I,3,24,13,2,3,4,0,12.0,184.62,23.08,30.77,0,0,0,18,0,56.2
KC Cariappa,IPL,5,24,21,3,8,0,2,8.0,114.29,38.1,9.52,0,0,0,12,0,29.8
D Ramdin,PSL,4,24,47,4,24,0,0,6.0,51.06,51.06,0.0,0,0,0,11,1,12.1
DJ Vilas,PSL,3,24,23,3,10,3,0,8.0,104.35,43.48,13.04,0,0,0,19,0,30.0
S Ravoka,T20I,5,24,37,3,15,0,0,8.0,64.86,40.54,0.0,0,0,0,13,0,16.3
S Muthusamy,T20I,5,24,23,4,13,2,1,6.0,104.35,56.52,13.04,0,0,0,9,1,27.4
Ibrahim Jabarkhel,T20I,5,24,28,2,15,0,1,12.0,85.71,53.57,3.57,0,0,0,12,1,21.2
Avesh Khan,ODI,4,23,29,3,18,2,1,7.67,79.31,62.07,10.34,0,0,0,10,0,22.0
TR Gripper,ODI,2,23,50,2,36,2,0,11.5,46.0,72.0,4.0,0,0,0,17,0,13.4
A Bohara,T20I,13,23,33,7,19,1,1,3.29,69.7,57.58,6.06,0,0,0,12,5,16.8
Muhammad Faizan,PSL,4,23,40,4,27,1,1,5.75,57.5,67.5,5.0,0,0,0,9,1,13.9
LS Baker,Test,3,23,50,2,40,3,0,11.5,46.0,80.0,6.0,0,0,0,17,1,14.7
Hassan Mehmood,T20I,4,23,30,2,14,0,1,11.5,76.67,46.67,3.33,0,0,0,9,0,20.5
Shamsudheen Purat,T20I,1,23,22,1,11,4,0,23.0,104.55,50.0,18.18,0,0,0,23,0,38.2
Nestor Dhamba,ODI,5,23,52,3,32,1,0,7.67,44.23,61.54,1.92,0,0,0,10,1,11.5
SJ Massiah,ODI,2,23,44,2,34,3,0,11.5,52.27,77.27,6.82,0,0,0,23,1,16.2
Shafiul Islam,T20I,6,23,33,5,20,1,1,4.6,69.7,60.61,6.06,0,0,0,16,1,16.8
Matthew Mount,T20I,5,23,28,4,16,2,1,5.75,82.14,57.14,10.71,0,0,0,13,2,22.6
AC Dawson,ODI,1,23,31,0,20,4,0,23.0,74.19,64.52,12.9,0,0,0,23,0,28.3
AB Barath,T20I,2,23,39,2,27,3,0,11.5,58.97,69.23,7.69,0,0,0,15,0,17.8
C Fortuin,Test,2,23,96,4,84,3,0,5.75,23.96,87.5,3.12,0,0,0,11,1,7.6
SW Tait,IPL,5,23,26,3,11,1,1,7.67,88.46,42.31,7.69,0,0,0,11,1,24.3
PD Macchi,ODI,4,23,47,4,36,3,0,5.75,48.94,76.6,6.38,0,0,0,12,1,13.2
R Frylinck,CPL,3,23,29,3,14,1,1,7.67,79.31,48.28,6.9,0,0,0,15,0,21.6
AC Thomas,BBL,7,23,35,4,16,1,0,5.75,65.71,45.71,2.86,0,0,0,7,0,16.7
S Chaudhary,T20I,4,23,27,3,14,1,1,7.67,85.19,51.85,7.41,0,0,0,12,0,22.3
Abdul Gaffar Saqlain,T20I,2,23,21,1,9,2,1,23.0,109.52,42.86,14.29,0,0,0,13,0,37.3
N Hirani,T20I,3,23,15,1,3,3,0,23.0,153.33,20.0,20.0,0,0,0,19,0,50.4
Ali Khan,CPL,7,23,24,5,13,2,1,4.6,95.83,54.17,12.5,0,0,0,8,0,25.7
TJ Heggelman,ODI,2,23,70,2,51,0,0,11.5,32.86,72.86,0.0,0,0,0,22,0,8.9
J Louw,ODI,1,23,7,1,2,1,3,23.0,328.57,28.57,57.14,0,0,0,23,0,59.6
BMAJ Mendis,IPL,3,23,27,3,8,0,0,7.67,85.19,29.63,0.0,0,0,0,12,1,20.5
D Sheeli,T20I,2,23,17,2,11,2,2,11.5,135.29,64.71,23.53,0,0,0,17,0,39.6
E Ernest,T20I,6,23,44,5,28,2,0,4.6,52.27,63.64,4.55,0,0,0,14,3,13.0
DCC Borden,ODI,4,23,79,4,63,2,0,5.75,29.11,79.75,2.53,0,0,0,13,0,7.9
EM Moore,Test,1,23,58,2,49,4,0,11.5,39.66,84.48,6.9,0,0,0,23,1,14.5
Ali Raza,T20I,3,23,19,1,8,2,1,23.0,121.05,42.11,15.79,0,0,0,17,0,40.0
Ali Waqar,T20I,3,23,30,3,14,2,0,7.67,76.67,46.67,6.67,0,0,0,15,0,21.3
TJ Murtagh,T20I,4,23,20,1,4,0,1,23.0,115.0,20.0,5.0,0,0,0,12,0,35.1
Bilawal Bhatti,T20I,3,23,14,2,4,2,1,11.5,164.29,28.57,21.43,0,0,0,13,1,47.4
PADLR Sandakan,T20I,7,23,38,3,22,2,0,7.67,60.53,57.89,5.26,0,0,0,10,0,16.6
LE Plunkett,BBL,5,23,25,4,10,1,0,5.75,92.0,40.0,4.0,0,0,0,11,1,21.9
M Mariyappan,T20I,6,23,47,6,28,1,0,3.83,48.94,59.57,2.13,0,0,0,16,1,11.2
D Ebersohn,T20I,6,23,47,5,29,0,0,4.6,48.94,61.7,0.0,0,0,0,10,1,9.7
SG Satghare,WPL,4,23,24,2,8,2,0,11.5,95.83,33.33,8.33,0,0,0,13,1,28.4
NL McCullum,BBL,3,23,24,2,11,1,1,11.5,95.83,45.83,8.33,0,0,0,20,0,26.7
S Sohal,T20I,2,23,29,2,15,1,1,11.5,79.31,51.72,6.9,0,0,0,18,0,22.6
MT Diaby,T20I,5,23,38,5,26,3,0,4.6,60.53,68.42,7.89,0,0,0,11,1,15.7
ML Udawatte,Test,2,23,72,4,58,2,0,5.75,31.94,80.56,2.78,0,0,0,19,2,8.5
P Dubey,IPL,2,23,33,1,17,2,0,23.0,69.7,51.52,6.06,0,0,0,16,0,25.0
DJ Jacobs,CPL,2,23,33,2,19,1,1,11.5,69.7,57.58,6.06,0,0,0,13,0,19.8
TG Gordon,ODI,4,23,53,4,39,2,0,5.75,43.4,73.58,3.77,0,0,0,9,0,10.7
BV Sears,T20I,8,23,33,3,18,2,0,7.67,69.7,54.55,6.06,0,0,0,7,1,18.8
KJ Abbott,T20I,6,23,20,2,6,2,0,11.5,115.0,30.0,10.0,0,0,0,9,0,32.7
P Florin,T20I,5,23,29,2,16,2,0,11.5,79.31,55.17,6.9,0,0,0,14,0,22.1
J Arunkumar,IPL,3,23,23,3,15,5,0,7.67,100.0,65.22,21.74,0,0,0,22,1,32.0
J Blackwood,ODI,3,23,41,2,26,2,0,11.5,56.1,63.41,4.88,0,0,0,12,0,16.3
Umran Malik,IPL,6,23,16,2,8,1,2,11.5,143.75,50.0,18.75,0,0,0,19,2,39.7
JS Louis,CPL,4,23,29,2,16,3,0,11.5,79.31,55.17,10.34,0,0,0,12,1,24.4
RD McCann,ODI,2,23,56,2,39,1,0,11.5,41.07,69.64,1.79,0,0,0,17,0,11.3
SM Elliott,BBL,5,23,32,4,20,2,1,5.75,71.88,62.5,9.38,0,0,0,13,0,19.5
TL Chatara,T20I,10,23,49,4,31,1,0,5.75,46.94,63.27,2.04,0,0,0,6,2,11.0
E Otgonbayar,T20I,7,23,60,7,41,0,0,3.29,38.33,68.33,0.0,0,0,0,7,0,6.8
JJC Lawson,Test,3,23,31,2,22,4,0,11.5,74.19,70.97,12.9,0,0,0,14,0,23.3
RM Koda,T20I,14,23,44,7,26,1,0,3.29,52.27,59.09,2.27,0,0,0,6,3,11.6
Zaki Ul Hassan,T20I,6,23,33,1,17,1,0,23.0,69.7,51.52,3.03,0,0,0,11,1,23.0
Zulfiqar Babar,PSL,6,23,17,3,3,1,1,7.67,135.29,17.65,11.76,0,0,0,20,2,37.0
RL Powell,Test,1,23,39,1,28,3,0,23.0,58.97,71.79,7.69,0,0,0,23,0,22.0
Atif Kamal,T20I,5,23,28,4,13,1,1,5.75,82.14,46.43,7.14,0,0,0,12,1,21.7
PL Bruno,T20I,3,23,36,2,17,1,0,11.5,63.89,47.22,2.78,0,0,0,20,0,18.3
SC Getkate,ODI,2,23,23,1,12,2,1,23.0,100.0,52.17,13.04,0,0,0,16,0,33.8
CP Tremain,ODI,3,23,37,1,28,2,1,23.0,62.16,75.68,8.11,0,0,0,23,1,22.7
NA Karnik,T20I,4,23,47,3,30,1,0,7.67,48.94,63.83,2.13,0,0,0,11,1,12.0
V Jatinder Kumar,T20I,8,23,29,6,18,4,0,3.83,79.31,62.07,13.79,0,0,0,13,2,22.8
V Krishnamurthy,WPL,4,22,32,4,21,2,1,5.5,68.75,65.62,9.38,0,0,0,12,1,18.5
Fawad Ahmed,PSL,6,22,34,4,23,3,0,5.5,64.71,67.65,8.82,0,0,0,14,2,17.3
OO Bascome,T20I,2,22,23,2,10,3,0,11.0,95.65,43.48,13.04,0,0,0,16,0,29.9
Sediqullah Atal,IPL,1,22,16,1,6,0,2,22.0,137.5,37.5,12.5,0,0,0,22,0,40.4
CS Sandri,BBL,2,22,15,1,6,1,1,22.0,146.67,40.0,13.33,0,0,0,13,0,41.8
RL Bhudia,ODI,1,22,15,1,4,1,1,22.0,146.67,26.67,13.33,0,0,0,22,0,43.7
PKD Chase,ODI,8,22,31,6,21,1,1,3.67,70.97,67.74,6.45,0,0,0,14,4,15.9
D Ahir,T20I,3,22,23,3,14,2,1,7.33,95.65,60.87,13.04,0,0,0,14,1,26.1
JC Guillen,CPL,2,22,25,2,15,3,0,11.0,88.0,60.0,12.0,0,0,0,22,1,25.8
Virendra Kumar,T20I,4,22,19,2,7,2,0,11.0,115.79,36.84,10.53,0,0,0,8,0,32.0
KL Nagarkoti,IPL,7,22,33,4,16,1,0,5.5,66.67,48.48,3.03,0,0,0,8,2,16.4
S Shrivastava,ODI,6,22,51,2,35,2,0,11.0,43.14,68.63,3.92,0,0,0,7,0,13.0
Mohammad Salman,ODI,3,22,39,2,25,2,0,11.0,56.41,64.1,5.13,0,0,0,19,1,16.3
RL De silva,T20I,2,22,39,1,25,2,0,22.0,56.41,64.1,5.13,0,0,0,21,0,20.4
Mosharraf Hossain,ODI,4,22,61,3,42,0,0,7.33,36.07,68.85,0.0,0,0,0,8,0,8.0
JL Jaggesar,CPL,7,22,27,0,12,2,0,22.0,81.48,44.44,7.41,0,0,0,10,0,28.2
O Thomas,ODI,14,22,73,5,59,2,0,4.4,30.14,80.82,2.74,0,0,0,7,3,7.7
A Phillip,ODI,2,22,25,1,11,0,1,22.0,88.0,44.0,4.0,0,0,0,21,0,26.9
FL Reifer,T20I,1,22,20,1,10,2,1,22.0,110.0,50.0,15.0,0,0,0,22,0,36.4
PJ Ingram,T20I,3,22,35,2,24,3,0,11.0,62.86,68.57,8.57,0,0,0,20,1,18.8
Alexander Hillman,T20I,1,22,14,1,1,3,0,22.0,157.14,7.14,21.43,0,0,0,22,0,53.4
Awais Zia,PSL,2,22,30,2,16,2,0,11.0,73.33,53.33,6.67,0,0,0,19,0,21.2
Ahsan Malik,T20I,6,22,21,2,10,1,1,11.0,104.76,47.62,9.52,0,0,0,11,1,28.3
TV Badri Narayanan,T20I,4,22,54,4,40,1,0,5.5,40.74,74.07,1.85,0,0,0,15,0,9.0
RP Meredith,PSL,2,22,34,0,16,1,0,22.0,64.71,47.06,2.94,0,0,0,19,0,22.5
AL Khunti,T20I,4,22,37,3,27,0,2,7.33,59.46,72.97,5.41,0,0,0,13,0,14.6
B Shikongo,ODI,14,22,61,4,45,1,0,5.5,36.07,73.77,1.64,0,0,0,4,1,8.2
Ali Sheikh,T20I,3,22,20,2,3,1,0,11.0,110.0,15.0,5.0,0,0,0,17,0,30.6
SA Abbott,IPL,3,22,18,3,10,1,2,7.33,122.22,55.56,16.67,0,0,0,14,0,32.9
VT Thiyanesh,T20I,3,22,28,2,15,1,1,11.0,78.57,53.57,7.14,0,0,0,11,0,22.2
M Kulfiwala,T20I,3,22,21,3,11,4,0,7.33,104.76,52.38,19.05,0,0,0,21,1,32.5
AA Banner,T20I,5,22,32,5,23,4,0,4.4,68.75,71.88,12.5,0,0,0,10,1,19.6
P Subrayen,ODI,3,22,22,3,9,1,1,7.33,100.0,40.91,9.09,0,0,0,17,0,26.9
S Qeshile,ODI,1,22,23,1,10,3,0,22.0,95.65,43.48,13.04,0,0,0,22,0,34.0
S Muthusamy,ODI,4,22,25,3,10,2,0,7.33,88.0,40.0,8.0,0,0,0,9,0,24.6
C Karunaratne,Test,1,22,43,2,34,4,0,11.0,51.16,79.07,9.3,0,0,0,22,1,17.5
LD Madushanka,T20I,3,22,29,3,13,1,0,7.33,75.86,44.83,3.45,0,0,0,20,0,19.2
JWP Stephan,T20I,3,22,30,3,13,1,0,7.33,73.33,43.33,3.33,0,0,0,12,0,19.0
Nazmul Huda,T20I,7,22,62,5,48,2,0,4.4,35.48,77.42,3.23,0,0,0,8,2,8.8
A Goodridge,CPL,3,22,19,2,8,0,2,11.0,115.79,42.11,10.53,0,0,0,13,0,31.2
JM Cox,ODI,3,22,56,3,40,2,0,7.33,39.29,71.43,3.57,0,0,0,17,0,10.6
J Kariko,T20I,8,22,29,3,16,1,1,7.33,75.86,55.17,6.9,0,0,0,9,1,20.0
UT Yadav,T20I,2,22,21,1,6,2,0,22.0,104.76,28.57,9.52,0,0,0,20,0,35.1
S Bhari,ODI,6,22,49,2,35,2,0,11.0,44.9,71.43,4.08,0,0,0,11,0,13.1
ST Gabriel,ODI,11,22,58,7,42,1,0,3.14,37.93,72.41,1.72,0,0,0,12,4,7.6
Z Arinaitwe,T20I,3,22,26,3,18,3,1,7.33,84.62,69.23,15.38,0,0,0,15,0,24.9
AB Dinda,T20I,2,22,24,1,8,1,0,22.0,91.67,33.33,4.17,0,0,0,19,0,29.0
PC de Silva,T20I,2,22,22,2,4,1,0,11.0,100.0,18.18,4.55,0,0,0,21,0,28.5
DP Nannes,T20I,4,22,18,2,8,1,1,11.0,122.22,44.44,11.11,0,0,0,12,0,32.2
Hamza Nisar,T20I,1,22,11,1,4,1,2,22.0,200.0,36.36,27.27,0,0,0,22,0,56.3
M Morkel,T20I,7,22,18,3,10,3,1,7.33,122.22,55.56,22.22,0,0,0,8,0,36.6
Yudhvir Singh,IPL,4,22,16,4,8,1,2,5.5,137.5,50.0,18.75,0,0,0,14,1,36.5
Aminul Islam Biplob,T20I,3,22,18,1,9,4,0,22.0,122.22,50.0,22.22,0,0,0,9,0,42.9
RMMP Rathnayake,ODI,2,22,32,2,20,3,0,11.0,68.75,62.5,9.38,0,0,0,22,1,21.0
RM Patidar,ODI,1,22,16,1,9,3,1,22.0,137.5,56.25,25.0,0,0,0,22,0,46.0
WD Balaji Rao,ODI,5,22,41,5,27,2,0,4.4,53.66,65.85,4.88,0,0,0,9,0,13.0
AU Rashid,IPL,2,22,16,2,7,2,1,11.0,137.5,43.75,18.75,0,0,0,18,0,39.5
Mohamed Coulibaly,T20I,9,22,64,9,51,1,0,2.44,34.38,79.69,1.56,0,0,0,6,1,6.8
GD Elliott,CPL,2,22,18,2,9,0,2,11.0,122.22,50.0,11.11,0,0,0,12,0,31.4
JOA Gordon,ODI,8,22,47,4,35,1,1,5.5,46.81,74.47,4.26,0,0,0,7,1,11.4
HE van der Dussen,IPL,3,22,24,2,11,2,0,11.0,91.67,45.83,8.33,0,0,0,12,0,25.9
Ousman Bah,T20I,7,22,58,6,40,0,0,3.67,37.93,68.97,0.0,0,0,0,8,3,6.8
CKB Kulasekara,Test,1,22,50,2,38,2,0,11.0,44.0,76.0,4.0,0,0,0,15,0,12.9
GB Hogg,IPL,4,22,22,3,5,1,0,7.33,100.0,22.73,4.55,0,0,0,13,0,26.5
Umair Masood,PSL,1,22,28,1,12,1,0,22.0,78.57,42.86,3.57,0,0,0,22,0,25.5
B Indrajith,IPL,3,21,30,3,17,2,0,7.0,70.0,56.67,6.67,0,0,0,15,1,18.7
Kumar Kushagra,IPL,4,21,21,4,11,3,0,5.25,100.0,52.38,14.29,0,0,0,18,1,27.9
JD Cook,BBL,6,21,22,2,9,1,0,10.5,95.45,40.91,4.55,0,0,0,12,1,24.4
Shahid Mahmood,T20I,4,21,26,1,15,0,2,21.0,80.77,57.69,7.69,0,0,0,17,0,26.0
Nathan Ingleston,T20I,2,21,32,1,18,1,0,21.0,65.62,56.25,3.12,0,0,0,17,0,21.1
Karweng NG,T20I,3,21,30,3,16,0,1,7.0,70.0,53.33,3.33,0,0,0,14,0,17.0
BB Chari,T20I,3,21,31,3,22,4,0,7.0,67.74,70.97,12.9,0,0,0,19,1,20.7
P Yevugah,T20I,5,21,32,5,17,1,0,4.2,65.62,53.12,3.12,0,0,0,6,0,15.2
C Forshaw,T20I,4,21,26,2,11,0,1,10.5,80.77,42.31,3.85,0,0,0,12,0,21.7
B Botcha,T20I,5,21,49,5,34,2,0,4.2,42.86,69.39,4.08,0,0,0,13,0,10.4
R Pisal,T20I,3,21,24,3,12,3,0,7.0,87.5,50.0,12.5,0,0,0,12,0,26.0
Nirmaljit Singh,T20I,6,21,52,3,39,1,1,7.0,40.38,75.0,3.85,0,0,0,7,1,10.8
M Tiwari,IPL,2,21,12,1,3,2,1,21.0,175.0,25.0,25.0,0,0,0,18,0,55.3
Z Abbasi,T20I,4,21,18,4,10,2,1,5.25,116.67,55.56,16.67,0,0,0,16,1,31.4
Simon Shalders,T20I,2,21,35,2,23,2,0,10.5,60.0,65.71,5.71,0,0,0,21,1,16.7
Haris Rauf,BBL,7,21,29,5,19,2,1,4.2,72.41,65.52,10.34,0,0,0,8,3,19.2
Vishil Patel,T20I,9,21,47,3,29,0,0,7.0,44.68,61.7,0.0,0,0,0,6,2,10.0
Ehsan Adil,Test,3,21,41,4,32,3,0,5.25,51.22,78.05,7.32,0,0,0,12,2,14.0
AB Dinda,ODI,5,21,36,5,23,1,0,4.2,58.33,63.89,2.78,0,0,0,16,2,12.4
NR Ferreira,Test,1,21,99,2,89,3,0,10.5,21.21,89.9,3.03,0,0,0,16,0,8.9
R Sheshadri,T20I,3,21,22,2,10,1,1,10.5,95.45,45.45,9.09,0,0,0,15,0,26.8
BADL Faunce,T20I,3,21,32,3,18,2,0,7.0,65.62,56.25,6.25,0,0,0,11,0,17.9
V Jagannivasan,T20I,5,21,35,4,20,2,0,5.25,60.0,57.14,5.71,0,0,0,12,2,16.0
Z Makadji,T20I,9,21,46,8,31,1,0,2.62,45.65,67.39,2.17,0,0,0,10,4,9.2
Haseeb Amjad,ODI,1,21,15,1,7,1,2,21.0,140.0,46.67,20.0,0,0,0,21,0,44.0
Mohammad Sami,T20I,4,21,30,1,15,2,0,21.0,70.0,50.0,6.67,0,0,0,8,0,24.9
AJ Hosein,IPL,3,21,13,0,3,1,1,21.0,161.54,23.08,15.38,0,0,0,16,0,47.3
Noor Ahmad,PSL,3,21,13,2,4,2,1,10.5,161.54,30.77,23.08,0,0,0,13,1,47.4
Mohamed Turay,T20I,13,21,48,5,32,1,0,4.2,43.75,66.67,2.08,0,0,0,9,2,9.5
AC Cummins,ODI,3,21,23,1,11,2,0,21.0,91.3,47.83,8.7,0,0,0,9,0,29.6
Umair Ali,T20I,2,21,17,1,7,2,1,21.0,123.53,41.18,17.65,0,0,0,13,0,40.9
J Clayton,BBL,2,21,23,2,14,4,0,10.5,91.3,60.87,17.39,0,0,0,15,0,29.5
J Patraj,ODI,2,21,48,2,31,1,0,10.5,43.75,64.58,2.08,0,0,0,20,0,12.2
NF Kelly,CPL,3,21,28,3,16,3,0,7.0,75.0,57.14,10.71,0,0,0,16,1,22.1
GA Manou,Test,1,21,39,1,28,3,0,21.0,53.85,71.79,7.69,0,0,0,13,0,20.5
B Regmi,T20I,8,21,53,7,39,2,0,3.0,39.62,73.58,3.77,0,0,0,11,1,9.2
SE Bond,T20I,8,21,21,5,7,2,0,4.2,100.0,33.33,9.52,0,0,0,8,2,27.1
Kamran Shazad,T20I,2,21,17,2,9,1,2,10.5,123.53,52.94,17.65,0,0,0,21,1,35.3
HL Harji,T20I,7,21,30,6,21,2,1,3.5,70.0,70.0,10.0,0,0,0,14,3,17.7
MMR Obili,T20I,6,21,33,4,15,0,0,5.25,63.64,45.45,0.0,0,0,0,9,2,14.3
CB Sole,T20I,7,21,25,3,13,2,0,7.0,84.0,52.0,8.0,0,0,0,6,1,22.2
Y Jasti,T20I,7,21,36,7,22,1,0,3.0,58.33,61.11,2.78,0,0,0,9,2,12.4
Imam-ul-Haq,T20I,2,21,25,2,13,2,0,10.5,84.0,52.0,8.0,0,0,0,14,0,23.5
Waqas Maqsood,PSL,5,21,25,4,16,2,1,5.25,84.0,64.0,12.0,0,0,0,12,1,22.5
O Patterson,BBL,2,21,27,1,11,1,0,21.0,77.78,40.74,3.7,0,0,0,19,0,25.4
S Snater,ODI,2,21,13,1,3,1,1,21.0,161.54,23.08,15.38,0,0,0,17,0,47.3
EB Ringera,T20I,10,21,36,8,20,1,0,2.62,58.33,55.56,2.78,0,0,0,6,0,13.0
IA Moran,BBL,2,21,17,2,6,2,1,10.5,123.53,35.29,17.65,0,0,0,20,0,37.9
J Grzinic,T20I,5,21,49,3,32,1,0,7.0,42.86,65.31,2.04,0,0,0,8,2,10.6
DJ Pattinson,Test,1,21,50,2,41,3,0,10.5,42.0,82.0,6.0,0,0,0,13,0,13.8
Mehedi Hasan Miraz,CPL,3,21,42,3,30,1,1,7.0,50.0,71.43,4.76,0,0,0,18,0,12.8
Shoaib Akhtar,T20I,6,21,16,3,9,2,1,7.0,131.25,56.25,18.75,0,0,0,8,1,35.3
Saif Badar,PSL,4,21,23,4,11,1,1,5.25,91.3,47.83,8.7,0,0,0,13,2,23.6
Nahid Rana,Test,12,21,120,8,108,3,0,2.62,17.5,90.0,2.5,0,0,0,11,7,5.1
A Roy,ODI,3,21,27,1,11,2,0,21.0,77.78,40.74,7.41,0,0,0,14,0,27.8
JW Dernbach,CPL,3,21,20,2,8,1,1,10.5,105.0,40.0,10.0,0,0,0,12,1,29.5
DE Bollinger,IPL,4,21,23,1,10,1,1,21.0,91.3,43.48,8.7,0,0,0,16,0,30.2
Raheel Thakkar,T20I,2,21,29,1,13,1,0,21.0,72.41,44.83,3.45,0,0,0,13,0,23.9
CK Holder,Test,1,21,37,0,28,3,0,21.0,56.76,75.68,8.11,0,0,0,13,0,21.2
JP Behrendorff,ODI,6,21,23,3,10,0,0,7.0,91.3,43.48,0.0,0,0,0,11,1,19.1
UNGB Thenannahelage,T20I,4,21,24,3,4,0,0,7.0,87.5,16.67,0.0,0,0,0,10,1,22.4
E Otieno,ODI,7,21,54,5,40,2,0,4.2,38.89,74.07,3.7,0,0,0,8,2,9.5
MR Gillespie,T20I,6,21,29,2,9,0,0,10.5,72.41,31.03,0.0,0,0,0,7,0,19.6
Mohammad Irfan (4),PSL,8,21,21,5,9,1,1,4.2,100.0,42.86,9.52,0,0,0,16,4,25.7
BP Nash,ODI,2,21,21,2,8,2,0,10.5,100.0,38.1,9.52,0,0,0,12,0,28.8
Fayaz Mohammad,T20I,3,21,17,3,6,3,0,7.0,123.53,35.29,17.65,0,0,0,12,0,36.5
Sarfraz Butt,T20I,2,21,19,1,5,1,0,21.0,110.53,26.32,5.26,0,0,0,13,0,33.0
Azri Azhar,T20I,4,20,21,3,11,1,1,6.67,95.24,52.38,9.52,0,0,0,13,0,24.6
JA Simpson,ODI,2,20,31,2,18,2,0,10.0,64.52,58.06,6.45,0,0,0,17,0,18.7
MBS Jonkman,ODI,3,20,32,2,19,2,0,10.0,62.5,59.38,6.25,0,0,0,15,1,18.1
Mushtaq Ahmed,Test,2,20,55,1,44,2,0,20.0,36.36,80.0,3.64,0,0,0,14,0,15.0
D Murphy,T20I,1,20,21,1,4,0,0,20.0,95.24,19.05,0.0,0,0,0,20,0,28.0
DW Steyn,T20I,10,20,25,6,13,2,0,3.33,80.0,52.0,8.0,0,0,0,5,2,20.3
NJ Maddinson,IPL,3,20,21,3,15,4,0,6.67,95.24,71.43,19.05,0,0,0,12,0,28.5
FFJ Heo,T20I,6,20,36,6,22,0,1,3.33,55.56,61.11,2.78,0,0,0,12,3,12.1
MF Maharoof,T20I,4,20,32,4,17,0,0,5.0,62.5,53.12,0.0,0,0,0,10,1,13.0
M Muralitharan,IPL,9,20,30,6,16,1,0,3.33,66.67,53.33,3.33,0,0,0,6,2,15.1
G Singhdeo,T20I,4,20,28,4,18,3,0,5.0,71.43,64.29,10.71,0,0,0,7,1,19.8
B Pondani,T20I,10,20,32,3,17,1,0,6.67,62.5,53.12,3.12,0,0,0,8,1,15.7
Usama Mir,BBL,7,20,29,7,18,2,0,2.86,68.97,62.07,6.9,0,0,0,9,3,16.4
T Gwandu,Test,2,20,103,3,90,1,0,6.67,19.42,87.38,0.97,0,0,0,18,2,5.9
PSRK Sudarshan,T20I,5,20,20,4,11,1,1,5.0,100.0,55.0,10.0,0,0,0,11,3,24.6
BTJ Wheal,T20I,6,20,22,2,8,1,0,10.0,90.91,36.36,4.55,0,0,0,8,0,24.2
AF Sattaur,ODI,3,20,60,3,47,0,1,6.67,33.33,78.33,1.67,0,0,0,13,1,8.3
L Erdenebulgan,T20I,13,20,116,13,102,1,0,1.54,17.24,87.93,0.86,0,0,0,8,7,3.6
B Isaac,T20I,4,20,42,4,27,0,0,5.0,47.62,64.29,0.0,0,0,0,16,1,9.3
Ainool Haqqiem,T20I,2,20,20,1,8,1,0,20.0,100.0,40.0,5.0,0,0,0,12,0,29.0
S Kubheka,T20I,6,20,23,3,11,2,0,6.67,86.96,47.83,8.7,0,0,0,8,1,23.6
Zahid Mahmood,Test,4,20,110,5,101,2,1,4.0,18.18,91.82,2.73,0,0,0,17,3,5.9
Rubel Hossain,T20I,12,20,35,4,18,1,0,5.0,57.14,51.43,2.86,0,0,0,8,3,14.4
TL Chivanga,ODI,4,20,25,2,16,3,0,10.0,80.0,64.0,12.0,0,0,0,8,0,23.7
MJ Mason,ODI,5,20,39,3,26,2,0,6.67,51.28,66.67,5.13,0,0,0,13,1,13.5
C Sakariya,IPL,7,20,31,6,20,3,0,3.33,64.52,64.52,9.68,0,0,0,7,1,17.5
RL Bhudia,T20I,3,20,20,2,11,0,2,10.0,100.0,55.0,10.0,0,0,0,11,1,26.5
JKC Ahir,T20I,2,20,50,2,33,1,0,10.0,40.0,66.0,2.0,0,0,0,13,0,11.2
KAM Corbin,CPL,1,20,28,1,10,0,0,20.0,71.43,35.71,0.0,0,0,0,20,0,22.3
S Sreesanth,T20I,3,20,14,1,6,4,0,20.0,142.86,42.86,28.57,0,0,0,19,1,50.3
HGV Vare,ODI,5,20,28,4,17,2,0,5.0,71.43,60.71,7.14,0,0,0,7,0,17.9
M Heingo,ODI,2,20,9,1,5,2,2,20.0,222.22,55.56,44.44,0,0,0,20,1,54.6
Salman Irshad,PSL,13,20,37,7,22,0,1,2.86,54.05,59.46,2.7,0,0,0,6,1,11.9
F de Wet,Test,2,20,71,2,60,3,0,10.0,28.17,84.51,4.23,0,0,0,20,1,10.5
Manish Sharma,T20I,4,20,55,4,44,3,0,5.0,36.36,80.0,5.45,0,0,0,15,1,10.6
Z Groenewald,T20I,4,20,35,3,20,0,0,6.67,57.14,57.14,0.0,0,0,0,13,0,12.3
JA Davies,T20I,2,20,14,0,3,1,1,20.0,142.86,21.43,14.29,0,0,0,13,0,43.8
Meghna Singh,WPL,5,20,19,3,7,2,0,6.67,105.26,36.84,10.53,0,0,0,10,1,28.9
BKG Mendis,IPL,1,20,10,1,4,1,2,20.0,200.0,40.0,30.0,0,0,0,20,0,56.8
RJW Topley,ODI,11,20,63,3,52,0,1,6.67,31.75,82.54,1.59,0,0,0,6,1,8.0
S Kaul,IPL,9,20,36,4,23,1,0,5.0,55.56,63.89,2.78,0,0,0,7,2,12.3
Ghazi Ghori,Test,1,20,32,2,22,3,0,10.0,62.5,68.75,9.38,0,0,0,16,0,18.9
Saeed Ajmal,PSL,2,20,16,1,4,1,1,20.0,125.0,25.0,12.5,0,0,0,10,0,39.7
C Waiswa,T20I,2,20,14,1,4,1,1,20.0,142.86,28.57,14.29,0,0,0,14,0,42.8
MJ North,T20I,1,20,21,1,6,1,0,20.0,95.24,28.57,4.76,0,0,0,20,0,29.8
Akbar Khan,T20I,4,20,37,4,20,1,0,5.0,54.05,54.05,2.7,0,0,0,7,0,13.5
SS Tallapragada,T20I,2,20,27,2,13,1,0,10.0,74.07,48.15,3.7,0,0,0,18,0,19.7
KS Melius,CPL,3,20,22,3,12,1,1,6.67,90.91,54.55,9.09,0,0,0,12,1,23.4
RR Raje,IPL,5,20,18,1,6,1,1,20.0,111.11,33.33,11.11,0,0,0,11,0,35.6
Z Shurentsetseg,T20I,11,20,67,7,55,0,1,2.86,29.85,82.09,1.49,0,0,0,13,4,6.2
AC Thomas,IPL,4,20,19,2,8,1,1,10.0,105.26,42.11,10.53,0,0,0,12,0,29.4
JRMVB Sanjaya,T20I,5,20,18,3,8,3,0,6.67,111.11,44.44,16.67,0,0,0,6,0,32.7
KR Ebanks,T20I,7,20,45,7,29,1,0,2.86,44.44,64.44,2.22,0,0,0,8,1,9.5
SW Tait,Test,3,20,46,3,38,4,0,6.67,43.48,82.61,8.7,0,0,0,8,0,14.4
EJB Miles,T20I,7,20,26,4,15,2,0,5.0,76.92,57.69,7.69,0,0,0,7,3,19.5
R Heyns,T20I,1,20,16,1,10,3,1,20.0,125.0,62.5,25.0,0,0,0,20,0,42.6
T Shamsi,Test,2,20,48,1,39,2,0,20.0,41.67,81.25,4.17,0,0,0,18,0,16.1
S Brathwaite,CPL,2,20,29,2,20,2,1,10.0,68.97,68.97,10.34,0,0,0,13,0,20.4
MR Johnson,ODI,2,20,19,2,9,3,0,10.0,105.26,47.37,15.79,0,0,0,20,1,32.2
SJ Benn,CPL,8,20,35,5,22,2,0,4.0,57.14,62.86,5.71,0,0,0,8,2,14.3
B Doggett,Test,2,20,51,1,38,1,0,20.0,39.22,74.51,1.96,0,0,0,13,0,14.3
P Suman Bhai Ahir,T20I,7,20,34,6,20,2,0,3.33,58.82,58.82,5.88,0,0,0,10,2,15.0
Shakeel Zeb,T20I,2,20,19,1,8,2,0,20.0,105.26,42.11,10.53,0,0,0,13,0,33.2
I Khan,Test,1,20,64,1,54,1,0,20.0,31.25,84.38,1.56,0,0,0,20,0,12.9
S McGiffin,BBL,2,20,23,1,9,1,0,20.0,86.96,39.13,4.35,0,0,0,14,0,26.9
DL Hemp,T20I,1,20,30,1,22,2,1,20.0,66.67,73.33,10.0,0,0,0,20,0,23.5
DN Wellalage,PSL,1,20,24,1,14,3,0,20.0,83.33,58.33,12.5,0,0,0,20,0,29.1
Junaid Sheikh,T20I,3,19,20,3,11,1,1,6.33,95.0,55.0,10.0,0,0,0,9,0,24.4
V Permaul,ODI,4,19,26,3,14,1,0,6.33,73.08,53.85,3.85,0,0,0,10,0,17.4
Y Gnaneswara Rao,IPL,1,19,17,1,8,3,0,19.0,111.76,47.06,17.65,0,0,0,19,0,37.7
RLB Rambukwella,T20I,1,19,16,1,7,1,1,19.0,118.75,43.75,12.5,0,0,0,19,0,35.7
LR Johnson,ODI,3,19,61,3,53,2,1,6.33,31.15,86.89,4.92,0,0,0,18,1,10.0
Imran Tahir,T20I,4,19,18,1,10,1,1,19.0,105.56,55.56,11.11,0,0,0,9,0,31.3
GJ Hilkowitz,T20I,4,19,17,4,8,3,0,4.75,111.76,47.06,17.65,0,0,0,16,2,32.4
KOK Williams,T20I,5,19,17,3,7,1,1,6.33,111.76,41.18,11.76,0,0,0,13,1,29.9
KOK Williams,ODI,4,19,27,1,13,1,0,19.0,70.37,48.15,3.7,0,0,0,16,0,22.5
Huzaif Yousuf,T20I,3,19,25,1,14,2,0,19.0,76.0,56.0,8.0,0,0,0,9,0,25.0
C Rumistrzewicz,T20I,8,19,33,3,17,0,0,6.33,57.58,51.52,0.0,0,0,0,8,1,13.0
ST Doheny,T20I,3,19,21,3,10,2,0,6.33,90.48,47.62,9.52,0,0,0,15,0,24.5
A Khakimov,T20I,3,19,60,3,43,1,0,6.33,31.67,71.67,1.67,0,0,0,15,1,7.9
NT Ellis,IPL,5,19,25,4,13,0,1,4.75,76.0,52.0,4.0,0,0,0,12,2,17.6
J Figy John,T20I,2,19,30,2,19,1,1,9.5,63.33,63.33,6.67,0,0,0,19,1,17.8
R Bishnoi,IPL,3,19,17,3,11,1,2,6.33,111.76,64.71,17.65,0,0,0,18,1,30.4
Ali Mohammadipour,T20I,1,19,13,1,7,4,0,19.0,146.15,53.85,30.77,0,0,0,19,0,49.8
Hunain Shah,PSL,9,19,31,6,21,1,1,3.17,61.29,67.74,6.45,0,0,0,9,3,14.4
LL Tsotsobe,Test,3,19,53,3,43,2,0,6.33,35.85,81.13,3.77,0,0,0,8,2,9.9
D Issiaka,T20I,11,19,76,11,58,0,0,1.73,25.0,76.32,0.0,0,0,0,10,5,4.1
A Mukund,IPL,2,19,22,2,8,1,0,9.5,86.36,36.36,4.55,0,0,0,19,1,23.4
R Shukla,IPL,4,19,23,1,10,2,0,19.0,82.61,43.48,8.7,0,0,0,14,0,28.2
R Smaran,IPL,4,19,25,3,15,3,0,6.33,76.0,60.0,12.0,0,0,0,9,0,22.4
Abraar Khan,T20I,5,19,42,5,24,0,0,3.8,45.24,57.14,0.0,0,0,0,12,1,9.6
C Zavoiu,T20I,6,19,33,4,22,1,0,4.75,57.58,66.67,3.03,0,0,0,14,1,12.3
JR Hazlewood,IPL,8,19,30,1,15,1,0,19.0,63.33,50.0,3.33,0,0,0,7,1,21.0
GM Hamilton,T20I,4,19,24,4,12,2,0,4.75,79.17,50.0,8.33,0,0,0,7,0,21.2
A Johnmary,T20I,4,19,25,4,14,2,0,4.75,76.0,56.0,8.0,0,0,0,10,1,19.7
KP Meiyappan,T20I,3,19,23,2,10,2,0,9.5,82.61,43.48,8.7,0,0,0,12,0,24.7
Gulbadin Naib,IPL,1,19,15,1,4,1,1,19.0,126.67,26.67,13.33,0,0,0,19,0,39.8
C Viljoen,ODI,2,19,23,1,12,2,0,19.0,82.61,52.17,8.7,0,0,0,17,0,27.0
P Ray Barman,IPL,1,19,24,1,11,2,0,19.0,79.17,45.83,8.33,0,0,0,19,0,27.2
Yang Wangjie,T20I,2,19,26,2,13,2,0,9.5,73.08,50.0,7.69,0,0,0,18,0,21.7
J Dowling,T20I,9,19,47,5,28,0,0,3.8,40.43,59.57,0.0,0,0,0,7,2,8.6
U Bhatti,T20I,2,19,14,2,3,1,0,9.5,135.71,21.43,7.14,0,0,0,12,0,34.1
D Ferreira,CPL,1,19,12,1,4,1,1,19.0,158.33,33.33,16.67,0,0,0,19,0,45.5
KT Maphaka,T20I,6,19,24,2,13,2,0,9.5,79.17,54.17,8.33,0,0,0,12,2,22.4
L Horan,T20I,1,19,7,0,1,2,1,19.0,271.43,14.29,42.86,0,0,0,19,0,60.1
N Tyagi,T20I,4,19,33,2,22,2,0,9.5,57.58,66.67,6.06,0,0,0,13,0,16.1
JW Dernbach,ODI,8,19,39,7,23,1,0,2.71,48.72,58.97,2.56,0,0,0,5,1,11.1
Navid Balouch,T20I,1,19,21,0,8,1,0,19.0,90.48,38.1,4.76,0,0,0,19,0,27.5
D Wotu,T20I,5,19,15,1,3,2,0,19.0,126.67,20.0,13.33,0,0,0,7,0,40.8
S Jyoti,ODI,2,19,43,2,29,0,1,9.5,44.19,67.44,2.33,0,0,0,16,0,11.6
Sunzamul Islam,ODI,1,19,24,1,14,3,0,19.0,79.17,58.33,12.5,0,0,0,19,0,28.1
ASH Parsons,T20I,5,19,51,5,34,0,0,3.8,37.25,66.67,0.0,0,0,0,6,0,7.1
BV Sears,Test,2,19,45,1,34,2,0,19.0,42.22,75.56,4.44,0,0,0,19,1,16.0
Mohammad Ali,PSL,8,19,38,4,25,1,0,4.75,50.0,65.79,2.63,0,0,0,10,2,11.1
PJ Ongondo,T20I,4,19,15,4,6,1,1,4.75,126.67,40.0,13.33,0,0,0,16,2,32.6
Muktar Ali,T20I,1,19,15,0,5,1,1,19.0,126.67,33.33,13.33,0,0,0,19,0,38.9
Imran Ahmed Kaneez,T20I,6,19,51,5,34,0,0,3.8,37.25,66.67,0.0,0,0,0,11,2,7.1
CJ Dala,T20I,4,19,28,1,13,1,0,19.0,67.86,46.43,3.57,0,0,0,12,0,22.3
Fahad Tariq,T20I,4,19,24,4,16,1,1,4.75,79.17,66.67,8.33,0,0,0,16,2,18.8
A Amado,T20I,2,19,28,2,16,2,0,9.5,67.86,57.14,7.14,0,0,0,16,0,19.6
Ateeq Iqbal,T20I,11,19,26,3,11,1,0,6.33,73.08,42.31,3.85,0,0,0,5,1,19.1
W Behr,T20I,4,19,18,3,6,2,0,6.33,105.56,33.33,11.11,0,0,0,8,0,29.7
MP Bicknell,Test,2,19,36,3,28,3,0,6.33,52.78,77.78,8.33,0,0,0,15,1,15.3
Renuka Singh,WPL,9,19,30,6,15,1,0,3.17,63.33,50.0,3.33,0,0,0,6,1,15.1
D Weston,T20I,2,19,18,2,8,1,1,9.5,105.56,44.44,11.11,0,0,0,14,0,29.3
PK Ananya,T20I,3,19,19,2,9,1,1,9.5,100.0,47.37,10.53,0,0,0,18,1,27.7
RM Scott,T20I,2,19,19,2,10,3,0,9.5,100.0,52.63,15.79,0,0,0,11,0,30.5
E Haven,T20I,5,19,53,4,38,1,0,4.75,35.85,71.7,1.89,0,0,0,6,1,8.0
TL Lawford,BBL,5,19,19,2,8,2,0,9.5,100.0,42.11,10.53,0,0,0,6,0,28.5
OR Willis,T20I,5,19,41,5,29,0,1,3.8,46.34,70.73,2.44,0,0,0,15,1,9.5
CJ McKay,T20I,4,19,22,2,13,1,1,9.5,86.36,59.09,9.09,0,0,0,7,1,23.2
AM Phangiso,T20I,3,19,29,3,13,1,0,6.33,65.52,44.83,3.45,0,0,0,13,0,17.4
Sarfaraj Patel,T20I,3,19,36,2,24,0,0,9.5,52.78,66.67,0.0,0,0,0,10,0,11.4
PP Bala,WPL,1,19,18,0,6,2,0,19.0,105.56,33.33,11.11,0,0,0,19,0,34.5
AG Wharf,ODI,5,19,28,2,17,0,1,9.5,67.86,60.71,3.57,0,0,0,9,1,16.7
K Anjali Sarvani,WPL,4,19,30,2,16,1,0,9.5,63.33,53.33,3.33,0,0,0,8,0,17.0
BJ Currie,T20I,6,19,32,2,15,0,0,9.5,59.38,46.88,0.0,0,0,0,8,0,15.1
AL Phehlukwayo,Test,3,19,39,2,29,3,0,9.5,48.72,74.36,7.69,0,0,0,9,1,15.5
K Tayaga,T20I,3,19,24,3,15,3,0,6.33,79.17,62.5,12.5,0,0,0,8,0,22.8
P Sahu,IPL,2,19,13,1,4,1,1,19.0,146.15,30.77,15.38,0,0,0,18,0,43.3
VM Waqavakatoga,T20I,5,19,22,4,14,1,1,4.75,86.36,63.64,9.09,0,0,0,8,1,20.8
NL Bertus,BBL,2,19,22,2,7,0,0,9.5,86.36,31.82,0.0,0,0,0,15,0,21.0
DR Martyn,IPL,1,19,24,1,8,1,0,19.0,79.17,33.33,4.17,0,0,0,19,0,26.2
J Perry,T20I,3,19,41,2,25,0,0,9.5,46.34,60.98,0.0,0,0,0,18,0,11.3
A King,WPL,1,19,14,0,6,2,1,19.0,135.71,42.86,21.43,0,0,0,19,0,44.2
Atif-Ur-Rehman,T20I,6,18,20,1,6,0,0,18.0,90.0,30.0,0.0,0,0,0,6,0,25.0
NJ O'Brien,Test,1,18,55,2,45,2,0,9.0,32.73,81.82,3.64,0,0,0,18,1,10.4
Abdur Rehman,T20I,4,18,24,2,8,0,0,9.0,75.0,33.33,0.0,0,0,0,7,0,19.1
M Joshi,WPL,3,18,30,1,19,2,0,18.0,60.0,63.33,6.67,0,0,0,7,0,20.5
Bilawal Bhatti,PSL,4,18,17,2,9,1,1,9.0,105.88,52.94,11.76,0,0,0,15,0,28.4
AV Lalcheta,ODI,2,18,47,2,34,1,0,9.0,38.3,72.34,2.13,0,0,0,12,0,10.1
BE Hendricks,T20I,5,18,23,3,13,0,1,6.0,78.26,56.52,4.35,0,0,0,12,1,18.0
Sajedul Islam,Test,3,18,47,6,39,2,0,3.0,38.3,82.98,4.26,0,0,0,6,1,9.3
Sumit Kumar,IPL,3,18,24,2,17,2,1,9.0,75.0,70.83,12.5,0,0,0,9,0,22.2
Idan Varsulkar,T20I,4,18,20,3,9,2,0,6.0,90.0,45.0,10.0,0,0,0,11,0,25.0
TS Mills,PSL,7,18,20,2,10,1,1,9.0,90.0,50.0,10.0,0,0,0,7,1,25.4
JM Mennie,BBL,7,18,36,6,19,0,0,3.0,50.0,52.78,0.0,0,0,0,5,1,10.6
SW Masakadza,T20I,5,18,24,4,11,1,0,4.5,75.0,45.83,4.17,0,0,0,9,1,18.4
Arjun Tendulkar,IPL,2,18,14,1,3,0,1,18.0,128.57,21.43,7.14,0,0,0,13,0,36.3
KS Airee,T20I,3,18,18,3,8,1,1,6.0,100.0,44.44,11.11,0,0,0,13,0,27.2
Zohaib Khan,PSL,4,18,13,1,1,1,0,18.0,138.46,7.69,7.69,0,0,0,10,1,40.0
Muhammad Fahim,T20I,3,18,28,2,16,0,1,9.0,64.29,57.14,3.57,0,0,0,13,0,16.5
JA Duffy,ODI,8,18,37,3,26,2,0,6.0,48.65,70.27,5.41,0,0,0,5,2,12.6
Saurav Chauhan,IPL,3,18,15,3,6,1,1,6.0,120.0,40.0,13.33,0,0,0,9,1,32.1
HY Kazi,WPL,5,18,25,4,13,0,0,4.5,72.0,52.0,0.0,0,0,0,6,0,14.3
JW Wilson,T20I,1,18,14,1,4,2,0,18.0,128.57,28.57,14.29,0,0,0,18,0,40.1
LB Williams,ODI,4,18,26,4,14,2,0,4.5,69.23,53.85,7.69,0,0,0,13,0,18.8
Raza Hasan,T20I,2,18,25,0,15,2,0,18.0,72.0,60.0,8.0,0,0,0,13,0,23.5
Skhawat Ali,ODI,3,18,55,3,44,2,0,6.0,32.73,80.0,3.64,0,0,0,10,1,9.2
D Young,T20I,4,18,21,4,14,2,1,4.5,85.71,66.67,14.29,0,0,0,13,1,23.6
ND McKenzie,CPL,4,18,38,4,22,0,0,4.5,47.37,57.89,0.0,0,0,0,9,1,10.0
TCB Fernando,ODI,3,18,38,1,22,0,0,18.0,47.37,57.89,0.0,0,0,0,14,0,15.1
PV Tambe,IPL,6,18,39,2,23,1,0,9.0,46.15,58.97,2.56,0,0,0,7,0,13.1
HB Shipley,ODI,6,18,39,5,23,0,0,3.6,46.15,58.97,0.0,0,0,0,7,2,9.4
O Issouf,T20I,7,18,70,6,57,0,0,3.0,25.71,81.43,0.0,0,0,0,9,3,4.7
Munir Dar,ODI,2,18,16,2,10,4,0,9.0,112.5,62.5,25.0,0,0,0,14,0,36.8
Dilum Fernando,T20I,2,18,17,1,5,2,0,18.0,105.88,29.41,11.76,0,0,0,11,0,35.1
XJ Doherty,T20I,4,18,17,1,7,1,0,18.0,105.88,41.18,5.88,0,0,0,9,0,29.5
MC Alex,T20I,10,18,46,10,35,2,0,1.8,39.13,76.09,4.35,0,0,0,5,3,9.0
Naveen-ul-Haq,IPL,4,18,25,1,14,2,0,18.0,72.0,56.0,8.0,0,0,0,13,0,24.1
Harmeet Singh,IPL,5,18,12,4,5,3,0,4.5,150.0,41.67,25.0,0,0,0,14,2,43.3
T Banton,IPL,2,18,20,2,11,1,1,9.0,90.0,55.0,10.0,0,0,0,10,0,24.7
P Koech,T20I,8,18,26,3,11,0,0,6.0,69.23,42.31,0.0,0,0,0,5,0,15.8
JJ van der Wath,IPL,3,18,16,2,7,1,1,9.0,112.5,43.75,12.5,0,0,0,14,1,31.1
M Prasidh Krishna,Test,8,18,86,7,73,1,0,2.57,20.93,84.88,1.16,0,0,0,5,3,4.7
S Snater,T20I,5,18,16,5,6,0,1,3.6,112.5,37.5,6.25,0,0,0,10,2,25.8
SS Cottrell,T20I,10,18,29,4,17,2,0,4.5,62.07,58.62,6.9,0,0,0,4,1,16.6
T Takada,T20I,2,18,16,1,5,2,0,18.0,112.5,31.25,12.5,0,0,0,12,0,36.3
KMA Paul,IPL,6,18,24,5,15,1,1,3.6,75.0,62.5,8.33,0,0,0,7,2,18.4
SSB Magala,ODI,5,18,24,3,12,2,0,6.0,75.0,50.0,8.33,0,0,0,6,1,21.1
NT Nyamhuri,Test,3,18,75,5,63,1,0,3.6,24.0,84.0,1.33,0,0,0,9,2,5.6
Waqas Ali,T20I,2,18,24,2,9,0,0,9.0,75.0,37.5,0.0,0,0,0,12,0,18.5
GD McGrath,ODI,14,18,41,6,26,0,0,3.0,43.9,63.41,0.0,0,0,0,5,4,8.2
DI Allan,ODI,2,18,47,2,38,2,0,9.0,38.3,80.85,4.26,0,0,0,15,0,11.6
R Sai Kishore,IPL,4,18,16,4,8,0,2,4.5,112.5,50.0,12.5,0,0,0,13,0,28.5
Vimal Kumar,T20I,2,18,36,1,21,0,0,18.0,50.0,58.33,0.0,0,0,0,15,0,15.4
M Simmons,T20I,1,18,16,0,5,1,0,18.0,112.5,31.25,6.25,0,0,0,18,0,32.1
SI Kamea,ODI,14,18,55,7,43,2,0,2.57,32.73,78.18,3.64,0,0,0,5,4,8.0
JC Carmichael,CPL,5,18,26,0,12,1,0,18.0,69.23,46.15,3.85,0,0,0,9,0,22.4
Nilansh Keswani,ODI,2,18,34,2,19,1,0,9.0,52.94,55.88,2.94,0,0,0,18,1,14.7
Jamaluddin Ahmed,ODI,1,18,28,0,18,2,0,18.0,64.29,64.29,7.14,0,0,0,18,0,21.3
K Whatham,ODI,1,18,41,1,29,2,0,18.0,43.9,70.73,4.88,0,0,0,18,0,16.1
W Sutherland,ODI,1,18,33,1,16,0,0,18.0,54.55,48.48,0.0,0,0,0,18,0,17.4
RN ten Doeschate,PSL,2,18,32,2,18,0,0,9.0,56.25,56.25,0.0,0,0,0,16,0,13.2
Sufiyan Muqeem,T20I,7,18,17,4,7,2,0,4.5,105.88,41.18,11.76,0,0,0,10,2,28.4
Nauman Anwar,T20I,1,18,10,1,4,2,1,18.0,180.0,40.0,30.0,0,0,0,18,0,56.1
Usman Qadir,BBL,7,18,27,2,13,0,0,9.0,66.67,48.15,0.0,0,0,0,7,0,15.8
D Mendonca,T20I,8,18,89,8,75,1,0,2.25,20.22,84.27,1.12,0,0,0,9,5,4.4
BJ Haddin,IPL,1,18,11,1,5,2,1,18.0,163.64,45.45,27.27,0,0,0,18,0,51.2
E Ochieng,T20I,3,18,19,2,10,1,1,9.0,94.74,52.63,10.53,0,0,0,16,1,26.1
MP Kuhnemann,Test,4,18,67,4,59,2,0,4.5,26.87,88.06,2.99,0,0,0,6,1,7.4
E Malinga,T20I,6,18,16,1,9,1,1,18.0,112.5,56.25,12.5,0,0,0,13,0,32.7
SK Springer,ODI,2,18,26,2,16,1,1,9.0,69.23,61.54,7.69,0,0,0,12,0,19.4
SR Taylor,CPL,3,18,29,3,17,1,0,6.0,62.07,58.62,3.45,0,0,0,14,1,14.8
AA Gajic,T20I,6,18,37,2,24,1,0,9.0,48.65,64.86,2.7,0,0,0,9,0,12.7
Sultan Ahmed (2),ODI,2,18,42,2,31,2,0,9.0,42.86,73.81,4.76,0,0,0,11,0,12.5
Davion Codner,T20I,5,18,23,4,9,0,0,4.5,78.26,39.13,0.0,0,0,0,9,0,17.0
Tanvir Ahmed (1),ODI,1,18,12,1,7,1,2,18.0,150.0,58.33,25.0,0,0,0,18,0,45.9
I Wardlaw,ODI,8,18,32,5,22,2,0,3.6,56.25,68.75,6.25,0,0,0,7,4,13.5
DS Lehmann,IPL,2,18,18,2,9,3,0,9.0,100.0,50.0,16.67,0,0,0,17,0,31.3
SG Diaby,T20I,8,18,31,7,20,1,0,2.57,58.06,64.52,3.23,0,0,0,8,4,12.0
SG Borthwick,ODI,2,18,16,2,7,1,1,9.0,112.5,43.75,12.5,0,0,0,15,0,31.1
Sohail Tanvir,Test,2,17,44,3,39,4,0,5.67,38.64,88.64,9.09,0,0,0,13,1,13.6
DM Dupavillon,ODI,1,17,10,1,5,2,1,17.0,170.0,50.0,30.0,0,0,0,17,0,52.9
Nadeem Khan,ODI,4,17,21,4,14,2,1,4.25,80.95,66.67,14.29,0,0,0,12,1,22.9
U Dorji,T20I,3,17,22,3,13,2,0,5.67,77.27,59.09,9.09,0,0,0,8,0,20.5
RR Emrit,T20I,3,17,27,3,16,0,1,5.67,62.96,59.26,3.7,0,0,0,11,0,14.9
Waqar Younis,ODI,4,17,23,4,12,1,0,4.25,73.91,52.17,4.35,0,0,0,8,0,17.3
Mofassar Saeed,T20I,1,17,19,1,11,2,0,17.0,89.47,57.89,10.53,0,0,0,17,0,27.6
Adil Khan,T20I,2,17,23,2,16,0,2,8.5,73.91,69.57,8.7,0,0,0,17,1,19.3
H Dandapani,T20I,1,17,19,1,10,2,0,17.0,89.47,52.63,10.53,0,0,0,17,0,28.3
AA Jimoh,T20I,4,17,23,2,12,1,0,8.5,73.91,52.17,4.35,0,0,0,7,0,18.9
KT Maphaka,Test,2,17,28,2,21,0,2,8.5,60.71,75.0,7.14,0,0,0,9,1,16.4
T Singye,T20I,2,17,25,2,16,2,0,8.5,68.0,64.0,8.0,0,0,0,11,0,18.8
JR Hazlewood,BBL,4,17,15,1,7,3,0,17.0,113.33,46.67,20.0,0,0,0,12,0,38.8
RTM Mendis,T20I,3,17,21,3,11,0,1,5.67,80.95,52.38,4.76,0,0,0,12,0,19.1
M Theekshana,IPL,6,17,34,3,22,0,1,5.67,50.0,64.71,2.94,0,0,0,7,1,11.8
A Musaev,T20I,4,17,24,2,15,1,1,8.5,70.83,62.5,8.33,0,0,0,9,0,19.7
A Gasteratos,T20I,8,17,44,7,30,0,0,2.43,38.64,68.18,0.0,0,0,0,8,4,6.6
Saeed Waqar Ali,T20I,9,17,58,6,43,0,0,2.83,29.31,74.14,0.0,0,0,0,5,2,5.2
S Udhayan,T20I,4,17,13,4,7,2,1,4.25,130.77,53.85,23.08,0,0,0,13,2,37.5
Edward Taylor,T20I,2,17,52,2,40,1,0,8.5,32.69,76.92,1.92,0,0,0,14,0,9.0
R Dhiman,T20I,3,17,17,2,7,1,0,8.5,100.0,41.18,5.88,0,0,0,9,0,25.1
JH Mensah,T20I,2,17,10,2,3,1,1,8.5,170.0,30.0,20.0,0,0,0,16,0,45.9
L Sipamla,T20I,5,17,25,3,12,1,0,5.67,68.0,48.0,4.0,0,0,0,8,1,17.4
M Thurgate,T20I,1,17,11,1,5,2,1,17.0,154.55,45.45,27.27,0,0,0,17,0,49.6
Niyas Pullariyil,T20I,2,17,18,0,8,0,1,17.0,94.44,44.44,5.56,0,0,0,15,0,26.9
Sufyan Naseeb,T20I,4,17,20,4,11,2,0,4.25,85.0,55.0,10.0,0,0,0,11,1,22.2
D Bishoo,T20I,4,17,29,2,18,2,0,8.5,58.62,62.07,6.9,0,0,0,8,1,17.1
E Yaver,T20I,3,17,20,3,10,2,0,5.67,85.0,50.0,10.0,0,0,0,17,2,23.5
Nadif Chowdhury,T20I,2,17,16,2,4,1,0,8.5,106.25,25.0,6.25,0,0,0,12,0,28.6
K Vislapuu,T20I,7,17,19,4,13,3,0,4.25,89.47,68.42,15.79,0,0,0,12,2,24.8
Sameer Yousuf,T20I,2,17,7,1,1,0,2,17.0,242.86,14.29,28.57,0,0,0,13,0,58.4
K Venkatraman,T20I,2,17,9,1,2,1,1,17.0,188.89,22.22,22.22,0,0,0,15,0,53.0
D Mauro,T20I,3,17,24,0,10,0,0,17.0,70.83,41.67,0.0,0,0,0,12,0,20.3
E Kuyumcu,T20I,3,17,47,3,35,1,0,5.67,36.17,74.47,2.13,0,0,0,10,1,8.6
O Muzondo,T20I,2,17,9,1,2,1,1,17.0,188.89,22.22,22.22,0,0,0,15,0,53.0
L Louwrens,T20I,1,17,15,0,8,1,1,17.0,113.33,53.33,13.33,0,0,0,17,0,33.4
H McKenzie,BBL,3,17,12,2,2,1,0,8.5,141.67,16.67,8.33,0,0,0,7,0,36.1
MS Graham,T20I,4,17,33,4,20,1,0,4.25,51.52,60.61,3.03,0,0,0,8,0,12.1
Sufiyan Muqeem,PSL,6,17,26,3,13,1,0,5.67,65.38,50.0,3.85,0,0,0,6,0,16.7
P Bosnjak,T20I,8,17,32,8,25,3,0,2.12,53.12,78.12,9.38,0,0,0,7,4,14.5
LA Collado,T20I,4,17,27,2,15,1,0,8.5,62.96,55.56,3.7,0,0,0,8,1,16.5
Parvez Rasool,IPL,4,17,20,2,7,1,0,8.5,85.0,35.0,5.0,0,0,0,10,0,23.4
JA Richardson,IPL,3,17,26,3,16,2,0,5.67,65.38,61.54,7.69,0,0,0,15,1,17.6
N Peter,ODI,2,17,33,1,23,2,0,17.0,51.52,69.7,6.06,0,0,0,16,0,17.6
N Ncube,Test,1,17,23,2,15,0,1,8.5,73.91,65.22,4.35,0,0,0,14,0,17.1
Nasir Nawaz,PSL,2,17,22,2,9,0,0,8.5,77.27,40.91,0.0,0,0,0,14,0,18.1
L Guthrie,BBL,3,17,12,2,6,2,1,8.5,141.67,50.0,25.0,0,0,0,11,1,42.4
Ahmed Daniyal,T20I,1,17,11,1,3,3,0,17.0,154.55,27.27,27.27,0,0,0,17,0,52.2
BRM Taylor,PSL,4,17,17,3,5,0,1,5.67,100.0,29.41,5.88,0,0,0,13,0,25.8
Saqlain Mushtaq,ODI,4,17,39,1,28,2,0,17.0,43.59,71.79,5.13,0,0,0,12,0,15.9
BM Tickner,Test,3,17,64,1,56,2,0,17.0,26.56,87.5,3.12,0,0,0,8,0,12.2
P Deol,T20I,3,17,30,3,18,1,0,5.67,56.67,60.0,3.33,0,0,0,8,0,13.7
TK Patel,T20I,3,17,18,0,4,1,0,17.0,94.44,22.22,5.56,0,0,0,14,0,30.0
JD Wildermuth,PSL,2,17,18,1,5,1,0,17.0,94.44,27.78,5.56,0,0,0,9,0,29.3
TL Best,T20I,1,17,9,0,4,0,2,17.0,188.89,44.44,22.22,0,0,0,17,0,49.9
Khan Arbaaz,T20I,2,17,23,2,12,2,0,8.5,73.91,52.17,8.7,0,0,0,17,1,21.8
G Bruno,T20I,2,17,9,2,4,4,0,8.5,188.89,44.44,44.44,0,0,0,9,0,51.9
Du Jianhao,T20I,2,17,29,2,21,3,0,8.5,58.62,72.41,10.34,0,0,0,17,1,18.2
OO Bascome,ODI,1,17,45,1,36,2,0,17.0,37.78,80.0,4.44,0,0,0,17,0,14.6
D St Ange,T20I,3,17,25,3,12,0,0,5.67,68.0,48.0,0.0,0,0,0,13,1,14.7
Dharmang Patel,T20I,1,17,28,1,14,1,0,17.0,60.71,50.0,3.57,0,0,0,17,0,20.1
Dewald Pretorius,Test,1,17,34,2,27,3,0,8.5,50.0,79.41,8.82,0,0,0,9,0,16.0
MADI Hemantha,ODI,3,17,19,1,13,2,1,17.0,89.47,68.42,15.79,0,0,0,13,1,29.6
RJW Topley,T20I,7,17,20,2,7,1,0,8.5,85.0,35.0,5.0,0,0,0,9,1,23.4
TD Cruickshank,BBL,3,17,30,3,23,1,1,5.67,56.67,76.67,6.67,0,0,0,15,1,14.5
Azmat Ali,T20I,1,17,20,1,8,0,1,17.0,85.0,40.0,5.0,0,0,0,17,0,25.8
Muhammad Safdar,T20I,2,16,12,0,4,2,0,16.0,133.33,33.33,16.67,0,0,0,8,0,40.9
JH Desai,ODI,1,16,38,1,29,1,0,16.0,42.11,76.32,2.63,0,0,0,16,0,13.6
Muhammad Jawadullah,ODI,10,16,26,4,17,1,1,4.0,61.54,65.38,7.69,0,0,0,13,2,15.9
Muhammad Musa,Test,1,16,17,0,11,3,0,16.0,94.12,64.71,17.65,0,0,0,12,0,31.6
Abid Ullah Shah,T20I,2,16,10,1,4,0,2,16.0,160.0,40.0,20.0,0,0,0,14,0,45.9
Zahid Ali,ODI,3,16,25,1,18,1,0,16.0,64.0,72.0,4.0,0,0,0,11,1,17.6
IS Sodhi,CPL,3,16,20,1,12,1,1,16.0,80.0,60.0,10.0,0,0,0,6,0,25.2
CK Kapugedera,IPL,3,16,23,3,8,0,0,5.33,69.57,34.78,0.0,0,0,0,8,1,16.7
SP Terry,ODI,2,16,18,2,11,3,0,8.0,88.89,61.11,16.67,0,0,0,16,1,27.8
Wasim Al Balushi,T20I,4,16,31,3,21,2,0,5.33,51.61,67.74,6.45,0,0,0,9,0,13.8
Farmanullah Ghari,T20I,4,16,11,3,6,0,2,5.33,145.45,54.55,18.18,0,0,0,7,0,36.6
Abdullah Sheikh,T20I,4,16,25,3,14,1,0,5.33,64.0,56.0,4.0,0,0,0,11,0,15.6
J Salazar,T20I,2,16,18,2,12,1,1,8.0,88.89,66.67,11.11,0,0,0,13,0,23.3
RR Behera,T20I,2,16,27,2,17,1,0,8.0,59.26,62.96,3.7,0,0,0,16,1,14.7
RP Burl,Test,1,16,39,2,34,3,0,8.0,41.03,87.18,7.69,0,0,0,16,1,13.8
CJ Ferguson,T20I,3,16,19,3,8,1,0,5.33,84.21,42.11,5.26,0,0,0,8,1,21.2
N Naranbaatar,T20I,11,16,87,10,76,1,0,1.6,18.39,87.36,1.15,0,0,0,5,4,3.9
G Caisley,T20I,6,16,37,6,27,2,0,2.67,43.24,72.97,5.41,0,0,0,11,2,10.6
M Fru,T20I,4,16,31,4,20,1,0,4.0,51.61,64.52,3.23,0,0,0,13,1,11.6
TSS Mackintosh,T20I,1,16,14,1,5,1,0,16.0,114.29,35.71,7.14,0,0,0,16,0,31.6
JPR Lamsam,ODI,1,16,30,1,24,3,0,16.0,53.33,80.0,10.0,0,0,0,16,0,20.1
Ankur Sharma,ODI,1,16,31,1,19,1,0,16.0,51.61,61.29,3.23,0,0,0,16,0,16.6
D Asghar,T20I,2,16,16,2,9,1,1,8.0,100.0,56.25,12.5,0,0,0,12,0,27.2
CA Young,Test,3,16,28,3,20,0,1,5.33,57.14,71.43,3.57,0,0,0,6,0,12.3
Imran Khan (2),Test,6,16,50,7,44,3,0,2.29,32.0,88.0,6.0,0,0,0,6,5,9.3
KW Richardson,T20I,5,16,16,3,6,1,0,5.33,100.0,37.5,6.25,0,0,0,9,1,24.7
R Sekaran,T20I,4,16,27,1,15,1,0,16.0,59.26,55.56,3.7,0,0,0,9,0,18.8
B Mahesh,T20I,4,16,10,3,4,0,2,5.33,160.0,40.0,20.0,0,0,0,8,0,41.9
L Smith,T20I,3,16,22,3,13,2,0,5.33,72.73,59.09,9.09,0,0,0,11,0,19.7
AA Paradkar,T20I,2,16,13,1,5,2,0,16.0,123.08,38.46,15.38,0,0,0,10,0,37.9
KS Sharma,IPL,3,16,25,3,12,1,0,5.33,64.0,48.0,4.0,0,0,0,9,0,16.7
T Shamsi,BBL,3,16,31,0,19,1,0,16.0,51.61,61.29,3.23,0,0,0,8,0,16.6
N Ifill,ODI,2,16,43,2,33,2,0,8.0,37.21,76.74,4.65,0,0,0,9,0,11.3
GE Mathurin,CPL,4,16,16,1,5,1,0,16.0,100.0,31.25,6.25,0,0,0,12,1,29.6
GB Hogg,CPL,3,16,13,0,3,1,0,16.0,123.08,23.08,7.69,0,0,0,8,0,34.9
YV Dhull,IPL,3,16,23,3,10,1,0,5.33,69.57,43.48,4.35,0,0,0,13,0,18.4
K Pierre,T20I,4,16,22,3,13,2,0,5.33,72.73,59.09,9.09,0,0,0,9,1,19.7
Shayan Jahangir,CPL,4,16,27,4,19,0,1,4.0,59.26,70.37,3.7,0,0,0,13,1,12.2
Ali Hussain,T20I,4,16,18,3,9,2,0,5.33,88.89,50.0,11.11,0,0,0,9,2,24.6
PP Ojha,IPL,20,16,45,12,29,0,0,1.33,35.56,64.44,0.0,0,0,0,3,6,6.3
BJ Rohrer,T20I,1,16,14,1,4,0,1,16.0,114.29,28.57,7.14,0,0,0,16,0,32.6
BV Save,T20I,2,16,17,2,11,3,0,8.0,94.12,64.71,17.65,0,0,0,9,0,28.6
E Otieno,T20I,10,16,37,6,23,0,0,2.67,43.24,62.16,0.0,0,0,0,5,3,8.2
EH Hutchinson,T20I,1,16,8,1,2,3,0,16.0,200.0,25.0,37.5,0,0,0,16,0,57.5
C Campher,PSL,2,16,12,2,7,2,1,8.0,133.33,58.33,25.0,0,0,0,12,0,39.9
Issa Al Balushi,T20I,3,16,22,2,14,1,1,8.0,72.73,63.64,9.09,0,0,0,10,0,20.1
T Lungameni,T20I,4,16,11,1,5,3,0,16.0,145.45,45.45,27.27,0,0,0,12,1,47.9
JL Ontong,Test,1,16,63,1,56,3,0,16.0,25.4,88.89,4.76,0,0,0,16,1,12.7
AF Milne,PSL,1,16,7,1,2,2,1,16.0,228.57,28.57,42.86,0,0,0,16,0,56.9
EHSN Silva,T20I,2,16,22,1,9,1,0,16.0,72.73,40.91,4.55,0,0,0,13,0,23.3
WJ Lubbe,T20I,2,16,10,2,6,4,0,8.0,160.0,60.0,40.0,0,0,0,12,0,46.7
Hasan Yanar,T20I,4,16,29,1,17,1,0,16.0,55.17,58.62,3.45,0,0,0,7,0,17.6
A Husain,T20I,5,16,24,1,15,2,0,16.0,66.67,62.5,8.33,0,0,0,6,0,21.9
Shahnawaz Dhani,T20I,1,16,6,1,2,0,2,16.0,266.67,33.33,33.33,0,0,0,16,0,56.3
JB Reva,T20I,4,16,22,4,14,1,1,4.0,72.73,63.64,9.09,0,0,0,7,0,18.6
Vijaykumar Vyshak,IPL,6,16,16,2,6,0,1,8.0,100.0,37.5,6.25,0,0,0,13,2,25.7
Nitesh Hooda,T20I,2,16,7,0,1,3,0,16.0,228.57,14.29,42.86,0,0,0,13,0,59.0
P Vailoa,T20I,2,16,10,1,4,1,1,16.0,160.0,40.0,20.0,0,0,0,9,0,45.9
BB Ahir,T20I,3,16,19,1,7,1,0,16.0,84.21,36.84,5.26,0,0,0,11,1,26.0
S Delai,T20I,1,16,29,1,22,3,0,16.0,55.17,75.86,10.34,0,0,0,16,0,20.6
Hamayun Altaf,PSL,1,16,13,1,5,2,0,16.0,123.08,38.46,15.38,0,0,0,16,0,37.9
Shafiullah Zakhel,T20I,3,16,9,1,2,2,0,16.0,177.78,22.22,22.22,0,0,0,9,1,52.4
BJ Currie,ODI,5,16,30,1,17,0,0,16.0,53.33,56.67,0.0,0,0,0,8,0,15.3
Sami Faridi,ODI,1,16,25,1,16,1,0,16.0,64.0,64.0,4.0,0,0,0,16,0,18.4
Yousif Wali,T20I,3,16,24,3,12,1,0,5.33,66.67,50.0,4.17,0,0,0,14,1,16.9
Ashiqullah Said,T20I,4,16,13,3,5,2,0,5.33,123.08,38.46,15.38,0,0,0,9,0,33.9
T Gwandu,T20I,5,16,22,2,10,1,0,8.0,72.73,45.45,4.55,0,0,0,8,1,19.7
Yudha Verdian,T20I,3,16,29,3,19,1,0,5.33,55.17,65.52,3.45,0,0,0,8,1,12.6
Rizwan Zahoor,T20I,2,16,19,0,8,2,0,16.0,84.21,42.11,10.53,0,0,0,15,0,28.7
MM Iqbal,ODI,2,16,56,2,44,0,0,8.0,28.57,78.57,0.0,0,0,0,10,0,7.0
BS Mudzinganyama,Test,1,16,62,1,53,2,0,16.0,25.81,85.48,3.23,0,0,0,16,0,11.8
Aung Ko Ko,T20I,6,16,35,4,24,1,0,4.0,45.71,68.57,2.86,0,0,0,10,2,10.0
E Hasahya,T20I,4,16,24,4,15,2,0,4.0,66.67,62.5,8.33,0,0,0,9,0,17.4
HNA Conway,BBL,5,16,19,3,7,1,0,5.33,84.21,36.84,5.26,0,0,0,6,0,22.0
Mehrab Hossain jnr,T20I,2,16,25,1,12,1,0,16.0,64.0,48.0,4.0,0,0,0,10,0,20.7
Dilbar Hussain,PSL,2,16,15,1,10,2,1,16.0,106.67,66.67,20.0,0,0,0,8,0,34.6
OEG Baartman,ODI,5,16,37,1,23,0,0,16.0,43.24,62.16,0.0,0,0,0,10,0,13.1
LS Livingstone,Test,1,16,18,1,8,0,1,16.0,88.89,44.44,5.56,0,0,0,9,0,25.7
V Marghashayam,T20I,6,16,27,4,14,1,0,4.0,59.26,51.85,3.7,0,0,0,10,3,14.8
RL Johnson,ODI,3,16,20,3,12,1,1,5.33,80.0,60.0,10.0,0,0,0,10,1,21.2
Zeeshan Haider,T20I,1,16,11,1,4,1,1,16.0,145.45,36.36,18.18,0,0,0,16,0,43.2
DK Butler,ODI,2,16,22,0,15,3,0,16.0,72.73,68.18,13.64,0,0,0,13,0,25.5
RK Punjabi,T20I,1,16,11,0,2,2,0,16.0,145.45,18.18,18.18,0,0,0,16,0,45.7
V Hampihallikar,T20I,3,15,41,3,30,1,0,5.0,36.59,73.17,2.44,0,0,0,6,0,8.6
GL Cloete,T20I,2,15,15,2,7,2,0,7.5,100.0,46.67,13.33,0,0,0,13,0,28.9
Suhrawadi Shuvo,Test,1,15,40,2,31,1,0,7.5,37.5,77.5,2.5,0,0,0,15,1,9.7
Sufiyan Muqeem,ODI,3,15,17,1,10,1,1,15.0,88.24,58.82,11.76,0,0,0,13,0,27.3
Usman Tariq,PSL,6,15,28,3,19,2,0,5.0,53.57,67.86,7.14,0,0,0,7,0,14.4
Akbar-ur-Rehman,PSL,3,15,19,3,9,1,0,5.0,78.95,47.37,5.26,0,0,0,11,0,19.6
I Udana,IPL,4,15,11,3,4,1,1,5.0,136.36,36.36,18.18,0,0,0,10,1,37.8
Zafar Gohar,ODI,1,15,15,1,7,0,1,15.0,100.0,46.67,6.67,0,0,0,15,0,27.3
B Namsrai,T20I,11,15,72,10,64,2,0,1.5,20.83,88.89,2.78,0,0,0,5,5,5.3
R Parag,ODI,1,15,13,1,5,2,0,15.0,115.38,38.46,15.38,0,0,0,15,0,36.4
A Mongar,T20I,4,15,32,2,18,0,0,7.5,46.88,56.25,0.0,0,0,0,8,0,11.3
C Madan,IPL,1,15,19,1,13,3,0,15.0,78.95,68.42,15.79,0,0,0,15,0,27.4
C Munro,Test,1,15,26,2,20,3,0,7.5,57.69,76.92,11.54,0,0,0,15,1,18.5
GR Napier,IPL,1,15,16,1,7,1,0,15.0,93.75,43.75,6.25,0,0,0,15,0,26.6
Abdul Bangalzai,PSL,4,15,23,4,13,0,1,3.75,65.22,56.52,4.35,0,0,0,14,2,15.3
J Layne,Test,2,15,22,3,16,3,0,5.0,68.18,72.73,13.64,0,0,0,14,1,20.5
Areeb Quadir,T20I,2,15,16,2,5,0,0,7.5,93.75,31.25,0.0,0,0,0,14,0,21.4
AB Agarkar,T20I,2,15,11,2,2,2,0,7.5,136.36,18.18,18.18,0,0,0,14,0,41.3
R Rampaul,T20I,5,15,29,2,18,0,0,7.5,51.72,62.07,0.0,0,0,0,8,0,11.2
P Kumbhare,T20I,8,15,27,5,14,0,0,3.0,55.56,51.85,0.0,0,0,0,5,3,11.5
Karma Dorji,T20I,6,15,10,2,4,3,0,7.5,150.0,40.0,30.0,0,0,0,6,1,48.0
Aamer Yamin,T20I,1,15,6,0,1,1,1,15.0,250.0,16.67,33.33,0,0,0,15,0,58.3
Ilyas Ahmed,T20I,6,15,14,1,4,1,0,15.0,107.14,28.57,7.14,0,0,0,4,0,31.2
M Gill,T20I,1,15,20,1,6,0,0,15.0,75.0,30.0,0.0,0,0,0,15,0,21.8
P Campbell,T20I,4,15,32,3,21,1,0,5.0,46.88,65.62,3.12,0,0,0,10,2,11.1
TJ Armstrong,BBL,2,15,29,2,19,1,0,7.5,51.72,65.52,3.45,0,0,0,11,0,13.0
Waseem Tabrez,T20I,3,15,19,2,11,1,0,7.5,78.95,57.89,5.26,0,0,0,7,0,19.0
D Bishoo,CPL,3,15,14,0,4,1,0,15.0,107.14,28.57,7.14,0,0,0,8,0,31.2
MA Starc,BBL,7,15,17,1,6,1,0,15.0,88.24,35.29,5.88,0,0,0,8,1,26.8
RR Beaton,ODI,2,15,51,1,43,2,0,15.0,29.41,84.31,3.92,0,0,0,12,0,12.3
ROO Jordan,CPL,2,15,10,2,4,1,1,7.5,150.0,40.0,20.0,0,0,0,9,0,41.3
B Ivanov,T20I,2,15,28,0,17,1,0,15.0,53.57,60.71,3.57,0,0,0,10,0,16.8
AM McCarthy,ODI,2,15,41,2,31,1,0,7.5,36.59,75.61,2.44,0,0,0,12,0,9.5
A Razmilic,T20I,10,15,41,8,34,1,1,1.88,36.59,82.93,4.88,0,0,0,6,4,9.1
L Balaji,Test,2,15,29,2,24,1,1,7.5,51.72,82.76,6.9,0,0,0,11,0,14.6
J Yon,T20I,4,15,14,1,5,1,0,15.0,107.14,35.71,7.14,0,0,0,9,1,30.2
N Rana,T20I,2,15,27,2,13,0,0,7.5,55.56,48.15,0.0,0,0,0,9,0,13.7
JJ Chicuele,T20I,3,15,20,1,12,2,0,15.0,75.0,60.0,10.0,0,0,0,8,0,24.2
Muhammet Bicer,T20I,9,15,41,7,33,2,0,2.14,36.59,80.49,4.88,0,0,0,6,4,9.2
RHO Saunders,T20I,2,15,23,2,15,2,0,7.5,65.22,65.22,8.7,0,0,0,14,0,18.4
RD Steede,ODI,2,15,20,2,13,2,0,7.5,75.0,65.0,10.0,0,0,0,9,0,20.6
S Sajeev,ODI,1,15,27,0,15,1,0,15.0,55.56,55.56,3.7,0,0,0,15,0,17.9
D Samarawickrama,T20I,3,15,27,3,16,0,0,5.0,55.56,59.26,0.0,0,0,0,13,0,11.1
DM Bravo,PSL,2,15,13,1,7,1,1,15.0,115.38,53.85,15.38,0,0,0,9,0,34.2
S Natsagdorj,T20I,4,15,59,4,46,0,0,3.75,25.42,77.97,0.0,0,0,0,11,0,5.0
MW Tromp,CPL,2,15,30,2,17,0,0,7.5,50.0,56.67,0.0,0,0,0,15,1,11.7
E Kuchey,T20I,4,15,26,2,17,0,1,7.5,57.69,65.38,3.85,0,0,0,14,1,14.1
D Nath,T20I,3,15,11,2,6,3,0,7.5,136.36,54.55,27.27,0,0,0,15,2,42.2
DA Rankin,T20I,1,15,17,1,11,1,1,15.0,88.24,64.71,11.76,0,0,0,15,0,26.5
MN Nawaz,ODI,1,15,22,0,6,0,0,15.0,68.18,27.27,0.0,0,0,0,15,0,21.2
BP Loots,ODI,3,15,21,2,17,0,2,7.5,71.43,80.95,9.52,0,0,0,9,1,19.1
Nazmul Hossain,ODI,9,15,77,4,64,0,0,3.75,19.48,83.12,0.0,0,0,0,6,2,4.1
HF Gurney,ODI,6,15,33,2,22,1,0,7.5,45.45,66.67,3.03,0,0,0,6,0,11.6
HD Rutherford,ODI,4,15,56,4,48,2,0,3.75,26.79,85.71,3.57,0,0,0,11,0,7.5
Navdeep Saini,ODI,1,15,37,1,26,0,0,15.0,40.54,70.27,0.0,0,0,0,15,0,11.3
SD Lad,IPL,1,15,13,1,8,1,1,15.0,115.38,61.54,15.38,0,0,0,15,0,33.1
Ryan Adams,T20I,4,15,22,3,10,1,0,5.0,68.18,45.45,4.55,0,0,0,10,1,17.9
DC Drakes,T20I,5,15,19,5,13,3,0,3.0,78.95,68.42,15.79,0,0,0,5,1,22.9
PR Stirling,CPL,5,15,33,5,25,2,0,3.0,45.45,75.76,6.06,0,0,0,11,1,11.5
ML Patel,ODI,2,15,55,2,41,0,0,7.5,27.27,74.55,0.0,0,0,0,15,1,6.6
JL Pattinson,IPL,2,15,13,1,4,2,0,15.0,115.38,30.77,15.38,0,0,0,11,0,37.5
J Dickinson,T20I,1,15,14,1,4,1,0,15.0,107.14,28.57,7.14,0,0,0,15,0,31.2
TL Moreki,Test,2,15,68,2,62,3,0,7.5,22.06,91.18,4.41,0,0,0,6,0,8.8
LA Pomersbach,T20I,1,15,7,1,1,1,1,15.0,214.29,14.29,28.57,0,0,0,15,0,57.7
BG Drew,BBL,2,15,23,2,13,1,0,7.5,65.22,56.52,4.35,0,0,0,10,0,16.7
NW Bracken,T20I,6,15,22,3,13,1,0,5.0,68.18,59.09,4.55,0,0,0,4,1,16.0
Virat Singh,IPL,2,15,26,2,14,1,0,7.5,57.69,53.85,3.85,0,0,0,11,0,15.7
VY Mahesh,IPL,5,15,27,2,14,0,0,7.5,55.56,51.85,0.0,0,0,0,6,0,13.1
L Wood,ODI,2,15,14,1,5,2,0,15.0,107.14,35.71,14.29,0,0,0,10,0,35.0
EMDY Munaweera,ODI,2,15,29,2,22,2,0,7.5,51.72,75.86,6.9,0,0,0,11,0,14.6
Ali Khan,T20I,5,15,11,2,5,1,1,7.5,136.36,45.45,18.18,0,0,0,14,2,37.4
DS Vosloo,T20I,1,15,17,1,6,0,0,15.0,88.24,35.29,0.0,0,0,0,15,0,22.9
L Sipamla,Test,3,15,53,3,45,2,0,5.0,28.3,84.91,3.77,0,0,0,10,2,8.3
TV Valivarthi,T20I,3,15,27,2,19,0,1,7.5,55.56,70.37,3.7,0,0,0,10,0,13.0
Ramandeep Singh,T20I,1,15,6,1,0,1,1,15.0,250.0,0.0,33.33,0,0,0,15,0,60.6
VJ Kingma,ODI,10,15,48,7,39,0,1,2.14,31.25,81.25,2.08,0,0,0,9,3,6.6
JB Reva,ODI,4,15,26,3,15,1,0,5.0,57.69,57.69,3.85,0,0,0,11,1,14.2
N Mapunda,T20I,1,15,21,1,14,2,0,15.0,71.43,66.67,9.52,0,0,0,15,0,22.4
VB van Jaarsveld,T20I,3,15,23,3,10,0,0,5.0,65.22,43.48,0.0,0,0,0,12,1,14.7
Anowarul Islam,T20I,4,15,20,4,13,1,1,3.75,75.0,65.0,10.0,0,0,0,9,1,19.2
JM Bairstow,PSL,1,15,16,1,6,1,0,15.0,93.75,37.5,6.25,0,0,0,15,0,27.5
A Zampa,IPL,5,15,24,5,12,1,0,3.0,62.5,50.0,4.17,0,0,0,7,1,15.5
P Gheewala,T20I,4,15,19,3,10,0,1,5.0,78.95,52.63,5.26,0,0,0,7,1,18.9
H Dhami,ODI,1,15,26,0,17,1,0,15.0,57.69,65.38,3.85,0,0,0,15,0,16.9
K Gilham,T20I,3,15,13,0,4,1,0,15.0,115.38,30.77,7.69,0,0,0,10,0,32.4
M Prasidh Krishna,IPL,8,15,31,3,19,1,0,5.0,48.39,61.29,3.23,0,0,0,6,2,12.0
PW Gunaratne,ODI,1,15,15,0,9,3,0,15.0,100.0,60.0,20.0,0,0,0,15,0,34.3
MK Tiwary,T20I,1,15,17,1,6,0,0,15.0,88.24,35.29,0.0,0,0,0,15,0,22.9
IPP Batuwitarachchi,ODI,2,14,48,2,37,0,0,7.0,29.17,77.08,0.0,0,0,0,14,1,6.7
M Cope,T20I,4,14,22,2,14,1,0,7.0,63.64,63.64,4.55,0,0,0,6,0,15.4
Muhammad Rohid,ODI,2,14,19,0,12,2,0,14.0,73.68,63.16,10.53,0,0,0,8,0,23.5
CM Wright,T20I,1,14,18,1,6,0,0,14.0,77.78,33.33,0.0,0,0,0,14,0,21.3
Abdurrahman Ahmadzai,T20I,1,14,5,1,1,0,2,14.0,280.0,20.0,40.0,0,0,0,14,0,57.4
TE Kane,Test,1,14,98,2,88,1,0,7.0,14.29,89.8,1.02,0,0,0,14,1,5.3
Fawad Ahmed,CPL,6,14,22,2,10,0,0,7.0,63.64,45.45,0.0,0,0,0,5,1,15.0
AM Guruge,ODI,2,14,26,0,18,1,0,14.0,53.85,69.23,3.85,0,0,0,10,0,15.4
Shunan Ali,T20I,2,14,27,0,17,0,0,14.0,51.85,62.96,0.0,0,0,0,11,0,13.5
G Chapple,ODI,1,14,7,1,1,1,1,14.0,200.0,14.29,28.57,0,0,0,14,0,57.3
JAH Marshall,T20I,2,14,15,2,9,2,0,7.0,93.33,60.0,13.33,0,0,0,13,0,25.9
MDKJ Perera,IPL,2,14,13,2,8,3,0,7.0,107.69,61.54,23.08,0,0,0,14,1,34.2
A Valthapa,ODI,1,14,22,1,11,1,0,14.0,63.64,50.0,4.55,0,0,0,14,0,20.0
D Birrell,T20I,4,14,17,2,8,0,0,7.0,82.35,47.06,0.0,0,0,0,6,0,17.4
FA Allen,IPL,3,14,19,2,9,1,0,7.0,73.68,47.37,5.26,0,0,0,8,0,19.6
MD du Preez,ODI,3,14,44,3,30,0,0,4.67,31.82,68.18,0.0,0,0,0,5,0,6.5
SR Rocket,T20I,8,14,42,7,34,2,0,2.0,33.33,80.95,4.76,0,0,0,5,3,8.6
Arshad Khan,ODI,2,14,17,0,8,1,0,14.0,82.35,47.06,5.88,0,0,0,12,0,23.9
MJ Humphreys,T20I,7,14,19,5,8,1,0,2.8,73.68,42.11,5.26,0,0,0,7,1,18.8
AJA Samuels,T20I,2,14,29,0,17,0,0,14.0,48.28,58.62,0.0,0,0,0,11,0,13.6
Sukhjinder Singh,ODI,1,14,21,1,15,1,1,14.0,66.67,71.43,9.52,0,0,0,14,0,20.9
F Behardien,IPL,3,14,13,2,5,2,0,7.0,107.69,38.46,15.38,0,0,0,9,1,32.4
K Joshi,T20I,1,14,22,1,11,0,0,14.0,63.64,50.0,0.0,0,0,0,14,0,17.0
ST Finn,T20I,3,14,19,0,8,1,0,14.0,73.68,42.11,5.26,0,0,0,8,0,23.0
C Wickramasinghe,T20I,3,14,11,0,5,2,0,14.0,127.27,45.45,18.18,0,0,0,6,0,38.6
AL Stephen,T20I,8,14,38,7,26,0,0,2.0,36.84,68.42,0.0,0,0,0,7,3,6.1
L Pope,BBL,10,14,37,7,26,1,0,2.0,37.84,70.27,2.7,0,0,0,5,3,7.8
NO Miller,CPL,8,14,20,1,9,1,0,14.0,70.0,45.0,5.0,0,0,0,6,0,21.9
VD Philander,T20I,4,14,28,4,14,0,0,3.5,50.0,50.0,0.0,0,0,0,6,0,11.1
Subashis Roy,Test,4,14,60,1,56,3,0,14.0,23.33,93.33,5.0,0,0,0,12,1,11.8
RA Bhatti,T20I,3,14,15,3,5,1,0,4.67,93.33,33.33,6.67,0,0,0,8,1,24.4
Thilina Silva,T20I,2,14,47,1,37,1,0,14.0,29.79,78.72,2.13,0,0,0,12,0,10.8
Tarun Yadav,T20I,2,14,11,2,5,1,1,7.0,127.27,45.45,18.18,0,0,0,8,0,35.9
OEG Baartman,T20I,6,14,35,4,24,1,0,3.5,40.0,68.57,2.86,0,0,0,12,1,9.0
CM Rocca,T20I,1,14,19,1,11,2,0,14.0,73.68,57.89,10.53,0,0,0,14,0,24.3
BA Williams,ODI,4,14,24,2,12,0,0,7.0,58.33,50.0,0.0,0,0,0,11,2,13.6
VS Wategaonkar,T20I,1,14,14,1,3,1,0,14.0,100.0,21.43,7.14,0,0,0,14,0,30.9
L Sipamla,ODI,2,14,19,0,6,0,0,14.0,73.68,31.58,0.0,0,0,0,10,0,21.0
N Burger,IPL,3,14,9,1,2,0,1,14.0,155.56,22.22,11.11,0,0,0,10,0,41.1
S Barnett,T20I,3,14,18,3,11,0,1,4.67,77.78,61.11,5.56,0,0,0,11,1,17.6
RW Price,T20I,5,14,24,4,15,1,0,3.5,58.33,62.5,4.17,0,0,0,7,1,13.3
A Kalasi,T20I,4,14,15,1,9,0,1,14.0,93.33,60.0,6.67,0,0,0,8,1,24.1
Muzahir Raza,T20I,3,14,8,0,0,2,0,14.0,175.0,0.0,25.0,0,0,0,8,0,56.2
S Bevin,T20I,3,14,15,2,9,1,1,7.0,93.33,60.0,13.33,0,0,0,14,1,25.9
LJ Woodcock,ODI,2,14,22,1,11,1,0,14.0,63.64,50.0,4.55,0,0,0,11,0,20.0
Umair Sharif,T20I,2,14,14,2,6,0,1,7.0,100.0,42.86,7.14,0,0,0,12,0,25.2
SG Borthwick,T20I,1,14,16,1,8,2,0,14.0,87.5,50.0,12.5,0,0,0,14,0,28.6
H Ivanov,T20I,3,14,18,3,11,2,0,4.67,77.78,61.11,11.11,0,0,0,13,1,21.3
JT Brassell,ODI,12,14,47,8,34,0,0,1.75,29.79,72.34,0.0,0,0,0,3,4,4.8
H Kinga,T20I,4,14,24,2,15,1,0,7.0,58.33,62.5,4.17,0,0,0,10,2,14.6
E Malinga,ODI,6,14,55,3,47,2,0,4.67,25.45,85.45,3.64,0,0,0,4,0,7.7
A Mehmood,T20I,1,14,4,0,0,1,1,14.0,350.0,0.0,50.0,0,0,0,14,0,60.3
Prasad Anish,T20I,5,14,28,2,16,0,0,7.0,50.0,57.14,0.0,0,0,0,8,1,11.4
MP Breetzke,IPL,1,14,12,1,7,1,1,14.0,116.67,58.33,16.67,0,0,0,14,0,34.3
MP Breetzke,Test,2,14,55,3,46,1,0,4.67,25.45,83.64,1.82,0,0,0,13,1,6.5
J Da Silva,ODI,2,14,35,2,25,1,0,7.0,40.0,71.43,2.86,0,0,0,9,0,10.1
T Langa,T20I,1,14,9,1,4,2,0,14.0,155.56,44.44,22.22,0,0,0,14,0,45.3
J Lassayo,T20I,7,14,25,5,14,0,0,2.8,56.0,56.0,0.0,0,0,0,5,3,10.8
SA Jacobs,CPL,6,14,23,3,13,1,0,4.67,60.87,56.52,4.35,0,0,0,7,1,15.1
Mohammed Siraj,T20I,4,14,16,2,9,1,0,7.0,87.5,56.25,6.25,0,0,0,7,1,20.9
LB Williams,T20I,10,14,26,6,14,0,0,2.33,53.85,53.85,0.0,0,0,0,5,3,10.7
W Peatfield,T20I,4,14,12,2,4,2,0,7.0,116.67,33.33,16.67,0,0,0,12,1,35.2
Milad Momend,T20I,10,14,48,6,38,1,0,2.33,29.17,79.17,2.08,0,0,0,6,5,6.3
H Upadhyay,T20I,5,14,35,5,22,0,0,2.8,40.0,62.86,0.0,0,0,0,8,1,7.6
LD Madushanka,ODI,4,14,26,3,18,2,0,4.67,53.85,69.23,7.69,0,0,0,7,1,14.5
Saqlain Haider,T20I,4,14,35,4,23,0,0,3.5,40.0,65.71,0.0,0,0,0,7,0,7.5
KB Ahir,T20I,6,14,17,0,11,1,1,14.0,82.35,64.71,11.76,0,0,0,7,0,25.3
Syed Aqeel Israr,T20I,7,14,28,3,22,0,1,4.67,50.0,78.57,3.57,0,0,0,10,2,11.1
E Bosch,CPL,2,14,18,2,6,0,0,7.0,77.78,33.33,0.0,0,0,0,8,0,18.7
TL Best,CPL,3,14,17,2,10,2,0,7.0,82.35,58.82,11.76,0,0,0,11,1,23.5
SCJ Broad,BBL,2,14,7,1,0,2,0,14.0,200.0,0.0,28.57,0,0,0,11,0,59.3
Riaz Afridi,T20I,2,14,14,2,8,1,1,7.0,100.0,57.14,14.29,0,0,0,11,0,27.9
E Bisht,WPL,2,14,6,1,0,0,1,14.0,233.33,0.0,16.67,0,0,0,12,0,51.4
Auqib Nabi,IPL,2,14,4,1,1,2,1,14.0,350.0,25.0,75.0,0,0,0,10,0,56.7
Azhar Mahmood,CPL,1,14,7,1,2,1,1,14.0,200.0,28.57,28.57,0,0,0,14,0,55.2
K Christie,T20I,3,14,18,1,7,0,0,14.0,77.78,38.89,0.0,0,0,0,11,0,20.5
AN Petersen,T20I,2,14,19,2,8,1,0,7.0,73.68,42.11,5.26,0,0,0,8,0,20.4
Azhar Mahmood,PSL,2,14,12,0,4,2,0,14.0,116.67,33.33,16.67,0,0,0,12,0,37.8
LS Barkania,T20I,4,14,25,1,12,0,0,14.0,56.0,48.0,0.0,0,0,0,9,0,16.2
A Chaubey,T20I,4,14,21,4,17,0,2,3.5,66.67,80.95,9.52,0,0,0,7,1,16.9
Ziaur Rahman,Test,1,14,40,2,34,2,0,7.0,35.0,85.0,5.0,0,0,0,14,1,10.8
Zaman Khan,PSL,9,13,29,4,24,1,1,3.25,44.83,82.76,6.9,0,0,0,6,2,12.1
A Bohara,ODI,2,13,14,0,5,0,0,13.0,92.86,35.71,0.0,0,0,0,8,0,22.7
Y Divekar,T20I,3,13,18,2,11,0,1,6.5,72.22,61.11,5.56,0,0,0,11,1,17.5
Jubair Hossain,Test,5,13,88,3,79,1,0,4.33,14.77,89.77,1.14,0,0,0,7,1,4.5
S Pokhriyal,T20I,1,13,22,1,14,1,0,13.0,59.09,63.64,4.55,0,0,0,13,0,17.0
D Wabwire,T20I,3,13,8,1,3,2,0,13.0,162.5,37.5,25.0,0,0,0,13,1,48.8
D Warren,BBL,3,13,15,2,5,1,0,6.5,86.67,33.33,6.67,0,0,0,7,0,24.2
Syed Naqvi,T20I,5,13,26,5,15,0,0,2.6,50.0,57.69,0.0,0,0,0,6,1,9.7
DL Vettori,CPL,8,13,28,7,20,0,1,1.86,46.43,71.43,3.57,0,0,0,8,3,9.5
LS Lugg,CPL,1,13,21,1,11,1,0,13.0,61.9,52.38,4.76,0,0,0,13,0,19.2
MMA Jonkman,ODI,1,13,37,1,30,2,0,13.0,35.14,81.08,5.41,0,0,0,13,0,13.4
W O'Rourke,ODI,6,13,31,4,19,0,0,3.25,41.94,61.29,0.0,0,0,0,6,0,8.3
KF Bakiweyem,T20I,3,13,27,2,13,0,0,6.5,48.15,48.15,0.0,0,0,0,11,1,12.3
Adnan Razzaq,T20I,3,13,7,0,2,1,1,13.0,185.71,28.57,28.57,0,0,0,7,0,54.9
Mustafizur Rahman,IPL,7,13,24,2,16,0,1,6.5,54.17,66.67,4.17,0,0,0,8,1,13.2
Rohail Nazir,T20I,1,13,8,1,5,0,2,13.0,162.5,62.5,25.0,0,0,0,13,0,45.2
KM Dabengwa,T20I,2,13,8,1,4,1,1,13.0,162.5,50.0,25.0,0,0,0,12,0,47.0
AF Milne,BBL,7,13,15,4,6,0,0,3.25,86.67,40.0,0.0,0,0,0,3,1,17.6
JL Martel,T20I,1,13,6,0,1,1,1,13.0,216.67,16.67,33.33,0,0,0,13,0,57.5
Adeel Raja,ODI,6,13,76,4,66,1,0,3.25,17.11,86.84,1.32,0,0,0,8,2,4.5
JD Nel,T20I,2,13,10,1,4,2,0,13.0,130.0,40.0,20.0,0,0,0,13,1,40.6
Munim Shahriar,T20I,3,13,19,3,11,1,0,4.33,68.42,57.89,5.26,0,0,0,7,0,16.4
M Montgomery,T20I,1,13,19,1,9,1,0,13.0,68.42,47.37,5.26,0,0,0,13,0,21.1
KJ Abbott,IPL,3,13,8,1,3,0,1,13.0,162.5,37.5,12.5,0,0,0,12,1,40.4
SP Gauchan,T20I,5,13,43,3,32,0,0,4.33,30.23,74.42,0.0,0,0,0,6,2,5.8
Ilyas Cetin,T20I,2,13,15,2,10,1,1,6.5,86.67,66.67,13.33,0,0,0,7,0,23.9
DR Salpietro,BBL,2,13,27,2,15,0,0,6.5,48.15,55.56,0.0,0,0,0,12,0,11.2
DR Shorey,IPL,2,13,17,2,9,0,1,6.5,76.47,52.94,5.88,0,0,0,8,0,19.4
S Tabuisulu,T20I,8,13,27,6,15,0,0,2.17,48.15,55.56,0.0,0,0,0,5,2,9.6
MG Hogan,BBL,4,13,18,2,8,0,0,6.5,72.22,44.44,0.0,0,0,0,5,0,16.1
Mohammad Waheed,T20I,2,13,15,1,8,2,0,13.0,86.67,53.33,13.33,0,0,0,7,0,28.2
SKR Mallidi,T20I,2,13,20,2,11,0,1,6.5,65.0,55.0,5.0,0,0,0,12,0,17.0
RR Powar,Test,1,13,18,2,12,2,0,6.5,72.22,66.67,11.11,0,0,0,7,0,20.4
M de Lange,CPL,3,13,14,2,7,0,1,6.5,92.86,50.0,7.14,0,0,0,9,0,23.0
Akif Javed,PSL,6,13,17,3,10,2,0,4.33,76.47,58.82,11.76,0,0,0,7,1,21.7
P Pirabakaran,T20I,1,13,13,1,6,2,0,13.0,100.0,46.15,15.38,0,0,0,13,0,32.4
AA Shafique,ODI,1,13,33,1,26,2,0,13.0,39.39,78.79,6.06,0,0,0,13,0,14.4
TK Canning,ODI,2,13,25,2,15,0,0,6.5,52.0,60.0,0.0,0,0,0,13,1,11.1
Z Khan,T20I,3,13,10,2,5,0,1,6.5,130.0,50.0,10.0,0,0,0,9,0,30.0
JF Jeremiah,CPL,3,13,17,2,11,2,0,6.5,76.47,64.71,11.76,0,0,0,11,0,21.7
Sukhdeep Singh,T20I,1,13,15,1,6,1,0,13.0,86.67,40.0,6.67,0,0,0,13,0,25.7
S Vasilakis,T20I,6,13,26,3,17,1,0,4.33,50.0,65.38,3.85,0,0,0,7,2,11.8
PA Hitchcock,T20I,1,13,11,1,6,1,1,13.0,118.18,54.55,18.18,0,0,0,13,0,35.6
BAW Mendis,BBL,2,13,11,2,7,3,0,6.5,118.18,63.64,27.27,0,0,0,8,0,38.0
Noah Mead,T20I,5,13,21,4,12,1,0,3.25,61.9,57.14,4.76,0,0,0,7,2,14.8
Maqsood Ahmad,T20I,1,13,19,1,10,1,0,13.0,68.42,52.63,5.26,0,0,0,13,0,20.4
Ali Muaaz,T20I,4,13,27,4,19,1,0,3.25,48.15,70.37,3.7,0,0,0,10,1,10.4
R Avery,T20I,6,13,26,5,17,1,0,2.6,50.0,65.38,3.85,0,0,0,11,3,11.2
D Jamyansuren,T20I,4,13,64,4,57,2,0,3.25,20.31,89.06,3.12,0,0,0,10,1,6.1
D Joseph,ODI,3,13,24,0,15,1,0,13.0,54.17,62.5,4.17,0,0,0,9,0,16.3
M Malle,T20I,6,13,81,6,70,0,0,2.17,16.05,86.42,0.0,0,0,0,8,2,3.1
S Badree,IPL,5,13,23,5,12,0,0,2.6,56.52,52.17,0.0,0,0,0,8,2,11.4
DT Patil,IPL,2,13,13,2,5,1,0,6.5,100.0,38.46,7.69,0,0,0,9,0,26.0
Harsh Dubey,IPL,4,13,9,2,3,2,0,6.5,144.44,33.33,22.22,0,0,0,9,1,42.6
Asad Ali,ODI,2,13,16,2,10,0,1,6.5,81.25,62.5,6.25,0,0,0,11,0,19.0
Gurkeerat Singh,ODI,2,13,13,2,7,2,0,6.5,100.0,53.85,15.38,0,0,0,8,0,28.9
Usman Mushtaq,T20I,2,13,24,1,14,1,0,13.0,54.17,58.33,4.17,0,0,0,9,0,16.9
Usman Salahuddin,ODI,2,13,28,2,18,0,0,6.5,46.43,64.29,0.0,0,0,0,8,0,9.7
RR Emrit,ODI,2,13,35,1,25,1,0,13.0,37.14,71.43,2.86,0,0,0,13,0,12.0
A Wright,T20I,9,13,34,5,24,0,0,2.6,38.24,70.59,0.0,0,0,0,6,3,6.3
A Rangaswamy,T20I,5,13,16,4,9,0,1,3.25,81.25,56.25,6.25,0,0,0,7,2,18.7
CMW Read,T20I,1,13,11,1,5,2,0,13.0,118.18,45.45,18.18,0,0,0,13,0,36.9
J Shields,T20I,4,13,37,2,26,0,0,6.5,35.14,70.27,0.0,0,0,0,5,0,7.3
RI Ahmed,T20I,1,13,16,1,7,0,0,13.0,81.25,43.75,0.0,0,0,0,13,0,19.9
MD Rae,Test,1,13,11,1,6,1,0,13.0,118.18,54.55,9.09,0,0,0,13,0,29.6
JJ Krejza,ODI,2,13,23,1,14,0,0,13.0,56.52,60.87,0.0,0,0,0,7,0,14.0
AR Adams,T20I,2,13,12,1,3,1,0,13.0,108.33,25.0,8.33,0,0,0,7,0,31.9
S Mahmood,PSL,3,13,15,1,7,0,1,13.0,86.67,46.67,6.67,0,0,0,11,1,24.7
Muhammad Khan,T20I,3,13,22,3,18,1,1,4.33,59.09,81.82,9.09,0,0,0,13,2,15.9
S Joseph,CPL,6,13,16,2,11,1,1,6.5,81.25,68.75,12.5,0,0,0,6,1,22.3
IS Sodhi,BBL,2,13,9,0,3,0,1,13.0,144.44,33.33,11.11,0,0,0,8,0,37.6
OL Pitcher,T20I,1,13,18,1,10,1,0,13.0,72.22,55.56,5.56,0,0,0,13,0,20.7
Aminul Islam,T20I,3,13,23,2,11,0,0,6.5,56.52,47.83,0.0,0,0,0,8,0,13.5
MD Bates,ODI,1,13,10,1,7,1,1,13.0,130.0,70.0,20.0,0,0,0,13,0,36.3
Anthony Roe,T20I,2,13,37,2,29,2,0,6.5,35.14,78.38,5.41,0,0,0,13,1,10.9
CAH Stevenson,T20I,3,13,19,3,8,0,0,4.33,68.42,42.11,0.0,0,0,0,8,1,15.1
CAK Walton,Test,2,13,20,4,14,0,1,3.25,65.0,70.0,5.0,0,0,0,10,1,13.6
RD Chahar,ODI,1,13,25,1,14,0,0,13.0,52.0,56.0,0.0,0,0,0,13,0,14.1
Ali Abbas,T20I,2,12,17,2,11,2,0,6.0,70.59,64.71,11.76,0,0,0,12,1,20.7
EJ Richardson,ODI,1,12,18,1,13,2,0,12.0,66.67,72.22,11.11,0,0,0,12,0,21.2
LW Feldman,BBL,2,12,10,1,5,0,1,12.0,120.0,50.0,10.0,0,0,0,12,1,30.7
DM Dupavillon,CPL,3,12,15,1,2,0,0,12.0,80.0,13.33,0.0,0,0,0,7,0,23.7
Dayal Joy,T20I,3,12,13,3,8,0,1,4.0,92.31,61.54,7.69,0,0,0,9,0,20.7
DAS Gunaratne,PSL,1,12,11,1,5,0,1,12.0,109.09,45.45,9.09,0,0,0,12,0,29.2
Naveed Shahid,T20I,1,12,7,0,2,2,0,12.0,171.43,28.57,28.57,0,0,0,12,0,53.3
Alex Carthew,T20I,2,12,22,1,13,0,0,12.0,54.55,59.09,0.0,0,0,0,6,0,13.7
HJH Marshall,T20I,3,12,14,3,6,0,0,4.0,85.71,42.86,0.0,0,0,0,8,0,17.3
Sanjay Kumar Ahir,T20I,5,12,20,2,10,0,0,6.0,60.0,50.0,0.0,0,0,0,4,1,13.5
Santiago Iturbe,T20I,4,12,21,2,11,0,0,6.0,57.14,52.38,0.0,0,0,0,9,0,12.7
HMCM Bandara,T20I,3,12,15,2,6,0,0,6.0,80.0,40.0,0.0,0,0,0,7,0,17.7
CR Knott,WPL,1,12,12,1,6,2,0,12.0,100.0,50.0,16.67,0,0,0,12,0,32.4
A Dananjaya,CPL,3,12,18,3,9,1,0,4.0,66.67,50.0,5.56,0,0,0,10,0,17.3
SDJJ Dima,T20I,5,12,37,5,27,0,0,2.4,32.43,72.97,0.0,0,0,0,9,2,5.4
SF Nhavotso,T20I,3,12,26,3,17,0,0,4.0,46.15,65.38,0.0,0,0,0,5,0,8.6
EA Burns,WPL,1,12,9,1,3,2,0,12.0,133.33,33.33,22.22,0,0,0,12,0,43.1
Rohit Limbu,T20I,1,12,25,1,18,1,0,12.0,48.0,72.0,4.0,0,0,0,12,0,13.9
Dhruv Jurel,T20I,3,12,23,3,14,1,0,4.0,52.17,60.87,4.35,0,0,0,6,0,13.0
Nawed Al Balushi,T20I,4,12,20,2,10,0,0,6.0,60.0,50.0,0.0,0,0,0,10,2,13.5
T Filer,T20I,4,12,17,4,9,1,0,3.0,70.59,52.94,5.88,0,0,0,12,3,17.3
Umar Gul,PSL,4,12,12,4,5,0,1,3.0,100.0,41.67,8.33,0,0,0,10,2,24.6
T Dahiya,IPL,2,12,15,2,9,2,0,6.0,80.0,60.0,13.33,0,0,0,11,0,23.7
T Bukenya,T20I,1,12,9,0,3,0,1,12.0,133.33,33.33,11.11,0,0,0,12,0,35.7
Rashid Khan,T20I,2,12,12,2,5,0,1,6.0,100.0,41.67,8.33,0,0,0,9,0,25.8
Usman Khan (2),ODI,1,12,17,1,9,1,0,12.0,70.59,52.94,5.88,0,0,0,12,0,20.7
Ryan Ani,T20I,2,12,9,1,1,0,0,12.0,133.33,11.11,0.0,0,0,0,9,0,31.4
AJ Ireland,ODI,7,12,64,6,55,1,0,2.0,18.75,85.94,1.56,0,0,0,6,2,4.4
AJ McKay,ODI,9,12,47,3,37,0,0,4.0,25.53,78.72,0.0,0,0,0,4,3,5.1
Asif Mehmood,PSL,1,12,9,1,3,0,1,12.0,133.33,33.33,11.11,0,0,0,12,0,35.7
Merwais Shinwari,T20I,3,12,21,2,14,0,1,6.0,57.14,66.67,4.76,0,0,0,12,1,13.9
W Smith,ODI,2,12,30,2,22,1,0,6.0,40.0,73.33,3.33,0,0,0,10,0,10.0
KB Tember,T20I,3,12,26,3,19,0,1,4.0,46.15,73.08,3.85,0,0,0,9,1,10.5
Zou Kui,T20I,4,12,24,3,15,0,0,4.0,50.0,62.5,0.0,0,0,0,10,2,9.5
GT Main,T20I,3,12,17,1,11,2,0,12.0,70.59,64.71,11.76,0,0,0,12,1,22.9
Raag Kapur,T20I,3,12,16,2,8,1,0,6.0,75.0,50.0,6.25,0,0,0,6,0,19.7
SH Johnson,ODI,2,12,14,1,10,2,0,12.0,85.71,71.43,14.29,0,0,0,12,1,25.9
Nahid Rana,ODI,5,12,30,0,25,2,0,12.0,40.0,83.33,6.67,0,0,0,5,0,14.5
KOA Powell,T20I,1,12,14,1,8,1,0,12.0,85.71,57.14,7.14,0,0,0,12,0,23.0
NT Pascal,Test,1,12,27,2,23,2,0,6.0,44.44,85.19,7.41,0,0,0,10,0,13.4
BG Lister,ODI,4,12,21,1,13,1,0,12.0,57.14,61.9,4.76,0,0,0,5,0,16.8
K Upadhyay,IPL,2,12,9,0,3,0,1,12.0,133.33,33.33,11.11,0,0,0,11,0,35.7
Haris Rauf,Test,1,12,34,2,23,0,0,6.0,35.29,67.65,0.0,0,0,0,12,1,7.5
Niaz Ali,T20I,2,12,12,2,8,1,1,6.0,100.0,66.67,16.67,0,0,0,12,1,27.7
K Kartikeya,IPL,4,12,17,4,9,1,0,3.0,70.59,52.94,5.88,0,0,0,6,0,17.3
LN Onyango,T20I,3,12,16,1,5,0,0,12.0,75.0,31.25,0.0,0,0,0,4,0,20.5
TW Hartley,ODI,1,12,9,0,2,1,0,12.0,133.33,22.22,11.11,0,0,0,12,0,37.3
Elias Tilman,T20I,7,12,59,5,48,0,0,2.4,20.34,81.36,0.0,0,0,0,8,4,3.7
AAhan Achar,T20I,5,12,15,1,7,1,0,12.0,80.0,46.67,6.67,0,0,0,5,0,23.4
F Clarke,T20I,4,12,25,3,20,0,1,4.0,48.0,80.0,4.0,0,0,0,9,2,10.9
Mujeeb Ur Rahman,IPL,6,12,15,3,9,2,0,4.0,80.0,60.0,13.33,0,0,0,10,2,22.9
TL O'Connell,BBL,4,12,17,2,9,1,0,6.0,70.59,52.94,5.88,0,0,0,9,1,18.4
DG Nalkande,IPL,2,12,12,2,5,0,1,6.0,100.0,41.67,8.33,0,0,0,12,1,25.8
GI Maiden,ODI,1,12,14,0,7,1,0,12.0,85.71,50.0,7.14,0,0,0,12,0,24.0
WP Myburgh,T20I,2,12,18,2,11,0,0,6.0,66.67,61.11,0.0,0,0,0,8,0,12.8
Mohammad Ahsan,T20I,2,12,12,2,5,0,1,6.0,100.0,41.67,8.33,0,0,0,8,0,25.8
R Dhawan,ODI,2,12,13,1,7,1,0,12.0,92.31,53.85,7.69,0,0,0,9,0,24.8
GM Muthui,T20I,4,12,15,2,8,1,0,6.0,80.0,53.33,6.67,0,0,0,6,0,20.2
S Daniel,ODI,1,12,28,1,20,1,0,12.0,42.86,71.43,3.57,0,0,0,12,0,12.9
DT Christian,CPL,2,12,18,2,10,1,0,6.0,66.67,55.56,5.56,0,0,0,8,0,17.3
S Dhamala,ODI,1,12,38,1,28,0,0,12.0,31.58,73.68,0.0,0,0,0,12,0,8.9
P Subrayen,Test,1,12,19,2,12,1,0,6.0,63.16,63.16,5.26,0,0,0,8,0,15.5
Sabir Ali,ODI,3,12,13,2,7,2,0,6.0,92.31,53.85,15.38,0,0,0,7,0,27.6
R Minz,IPL,4,12,19,3,11,1,0,4.0,63.16,57.89,5.26,0,0,0,5,0,15.5
NS Poonia,ODI,6,12,40,6,32,0,0,2.0,30.0,80.0,0.0,0,0,0,8,2,4.9
NV Ojha,T20I,2,12,27,2,21,2,0,6.0,44.44,77.78,7.41,0,0,0,10,0,13.4
BE Young,BBL,2,12,15,1,5,0,0,12.0,80.0,33.33,0.0,0,0,0,9,0,20.9
DAJ Bracewell,IPL,1,12,9,0,1,1,0,12.0,133.33,11.11,11.11,0,0,0,12,0,38.9
DV Devjani Mutreja,T20I,7,12,29,5,18,0,0,2.4,41.38,62.07,0.0,0,0,0,4,2,7.8
Danish Aziz,ODI,2,12,20,2,15,2,0,6.0,60.0,75.0,10.0,0,0,0,9,0,17.3
DE Bollinger,BBL,7,12,12,5,3,0,0,2.4,100.0,25.0,0.0,0,0,0,6,3,21.2
K Sonavale,ODI,5,12,41,5,35,1,0,2.4,29.27,85.37,2.44,0,0,0,4,1,6.6
SHT Kandamby,T20I,2,12,17,2,7,0,0,6.0,70.59,41.18,0.0,0,0,0,10,0,16.2
C Floyd,ODI,4,12,19,3,14,2,0,4.0,63.16,73.68,10.53,0,0,0,9,0,17.3
S Ismail,WPL,3,12,9,2,3,2,0,6.0,133.33,33.33,22.22,0,0,0,8,1,40.8
T Vanuarua,T20I,3,12,12,3,8,1,1,4.0,100.0,66.67,16.67,0,0,0,8,1,27.0
M Grzinic,T20I,3,12,19,3,10,0,0,4.0,63.16,52.63,0.0,0,0,0,6,0,12.8
CJ Gannon,T20I,3,12,9,1,3,0,1,12.0,133.33,33.33,11.11,0,0,0,7,0,35.7
Karanveer Singh,IPL,4,12,17,1,9,1,0,12.0,70.59,52.94,5.88,0,0,0,5,0,20.7
L McCarthy,Test,1,12,24,2,19,2,0,6.0,50.0,79.17,8.33,0,0,0,11,0,14.8
A Phillip,CPL,6,12,18,1,12,0,1,12.0,66.67,66.67,5.56,0,0,0,6,1,18.0
AA Chavan,IPL,3,12,11,2,5,2,0,6.0,109.09,45.45,18.18,0,0,0,7,0,33.0
P Danci,T20I,1,12,15,1,10,2,0,12.0,80.0,66.67,13.33,0,0,0,12,0,25.0
B Regmi,ODI,2,12,29,2,23,2,0,6.0,41.38,79.31,6.9,0,0,0,12,1,12.6
Jai Prakash Yadav,ODI,4,12,26,2,17,0,0,6.0,46.15,65.38,0.0,0,0,0,9,1,9.3
Jason Lui,T20I,1,12,16,0,11,2,0,12.0,75.0,68.75,12.5,0,0,0,12,0,23.4
P Jayawickrama,Test,5,12,32,1,26,1,0,12.0,37.5,81.25,3.12,0,0,0,8,1,11.8
MS Chapman,CPL,4,12,12,4,7,2,0,3.0,100.0,58.33,16.67,0,0,0,6,1,27.8
ZJ van Vuuren,T20I,1,12,9,1,4,2,0,12.0,133.33,44.44,22.22,0,0,0,12,0,41.5
Abul Farhad,T20I,5,12,25,3,16,1,0,4.0,48.0,64.0,4.0,0,0,0,6,1,11.7
Tanvir Islam,T20I,3,12,16,1,8,1,0,12.0,75.0,50.0,6.25,0,0,0,8,0,22.0
T Thushara,IPL,4,12,18,2,9,0,0,6.0,66.67,50.0,0.0,0,0,0,8,0,14.4
Abhilash Patil,T20I,1,12,28,1,17,0,0,12.0,42.86,60.71,0.0,0,0,0,12,0,11.8
Tian Senqun,T20I,1,12,17,1,10,0,0,12.0,70.59,58.82,0.0,0,0,0,12,0,15.9
Towhid Hridoy,Test,1,12,33,2,27,1,0,6.0,36.36,81.82,3.03,0,0,0,9,0,9.3
Mohammad Irfan,PSL,11,12,27,6,22,2,0,2.0,44.44,81.48,7.41,0,0,0,6,4,11.9
O Stewart,T20I,3,12,9,3,5,1,1,4.0,133.33,55.56,22.22,0,0,0,12,2,36.9
Imran Butt,T20I,1,12,6,1,2,1,1,12.0,200.0,33.33,33.33,0,0,0,12,0,54.8
MCE Manalo,T20I,1,12,14,1,4,0,0,12.0,85.71,28.57,0.0,0,0,0,12,0,22.3
Omar Hayat,T20I,3,12,8,3,2,1,0,4.0,150.0,25.0,12.5,0,0,0,6,0,37.1
TP Doropoulos,BBL,3,12,15,2,9,2,0,6.0,80.0,60.0,13.33,0,0,0,12,2,23.7
JMV Junior,T20I,2,12,13,1,7,0,1,12.0,92.31,53.85,7.69,0,0,0,9,0,24.8
MA Wood,IPL,3,12,8,2,4,1,1,6.0,150.0,50.0,25.0,0,0,0,10,0,42.6
Muhammad Jawadullah,T20I,4,12,15,2,8,1,0,6.0,80.0,53.33,6.67,0,0,0,6,1,20.2
AR Bawne,IPL,1,12,12,0,4,1,0,12.0,100.0,33.33,8.33,0,0,0,12,0,29.2
JJ Bumrah,T20I,8,12,18,6,12,2,0,2.0,66.67,66.67,11.11,0,0,0,7,4,17.9
Zahir Khan,PSL,3,12,9,1,4,2,0,12.0,133.33,44.44,22.22,0,0,0,6,0,41.5
TS Nethula,ODI,3,12,11,2,2,1,0,6.0,109.09,18.18,9.09,0,0,0,9,1,30.9
A Bulow,T20I,1,11,13,1,7,0,1,11.0,84.62,53.85,7.69,0,0,0,11,0,23.3
W Uisuk,T20I,4,11,40,4,33,1,0,2.75,27.5,82.5,2.5,0,0,0,5,0,6.5
Fayyaz Ahmed,T20I,1,11,12,1,8,2,0,11.0,91.67,66.67,16.67,0,0,0,11,0,28.5
RG Hart,Test,1,11,39,1,32,1,0,11.0,28.21,82.05,2.56,0,0,0,11,0,9.8
MS Kasprowicz,ODI,4,11,20,1,13,1,0,11.0,55.0,65.0,5.0,0,0,0,9,1,15.8
S Pillay,T20I,1,11,10,1,5,2,0,11.0,110.0,50.0,20.0,0,0,0,11,0,35.6
AO Suji,T20I,2,11,25,2,15,0,0,5.5,44.0,60.0,0.0,0,0,0,7,0,9.6
S Chophel,T20I,4,11,18,3,9,0,0,3.67,61.11,50.0,0.0,0,0,0,4,0,12.7
CG Osborne,T20I,2,11,25,1,15,0,0,11.0,44.0,60.0,0.0,0,0,0,8,0,11.7
RM West,T20I,4,11,11,3,4,1,0,3.67,100.0,36.36,9.09,0,0,0,8,0,26.1
Mazhar Khan,T20I,4,11,28,3,20,1,0,3.67,39.29,71.43,3.57,0,0,0,7,1,9.2
GA Stuurman,Test,1,11,31,2,26,2,0,5.5,35.48,83.87,6.45,0,0,0,11,1,11.3
Meet Patel,ODI,1,11,22,1,14,1,0,11.0,50.0,63.64,4.55,0,0,0,11,0,15.0
WG Jacks,PSL,2,11,10,2,5,0,1,5.5,110.0,50.0,10.0,0,0,0,11,1,26.9
V Shetty,T20I,2,11,13,1,5,1,0,11.0,84.62,38.46,7.69,0,0,0,10,0,25.5
AM Fernando,T20I,3,11,5,0,1,2,0,11.0,220.0,20.0,40.0,0,0,0,10,0,56.3
Mabsar Abdulla,T20I,1,11,21,1,13,0,0,11.0,52.38,61.9,0.0,0,0,0,11,0,12.6
DNT Zoysa,IPL,2,11,9,1,3,1,0,11.0,122.22,33.33,11.11,0,0,0,10,0,33.8
RA Tappin,T20I,4,11,47,4,38,0,0,2.75,23.4,80.85,0.0,0,0,0,6,1,4.3
Mertcan Filiz,T20I,6,11,25,3,19,1,0,3.67,44.0,76.0,4.0,0,0,0,7,2,10.2
DR Mousley,PSL,1,11,12,1,6,0,1,11.0,91.67,50.0,8.33,0,0,0,11,0,25.3
JT Brassell,T20I,7,11,18,3,10,1,0,3.67,61.11,55.56,5.56,0,0,0,5,2,15.6
Ali Rasool,T20I,4,11,25,3,15,0,0,3.67,44.0,60.0,0.0,0,0,0,4,0,8.9
LJ Burger,ODI,6,11,62,5,53,1,0,2.2,17.74,85.48,1.61,0,0,0,5,2,4.4
Mohammed Awais,T20I,3,11,16,3,8,1,0,3.67,68.75,50.0,6.25,0,0,0,9,1,18.0
Moshiur Rahman,T20I,3,11,25,1,14,0,0,11.0,44.0,56.0,0.0,0,0,0,5,0,12.3
JJC Lawson,ODI,3,11,13,1,5,1,0,11.0,84.62,38.46,7.69,0,0,0,8,0,25.5
WK McCallan,T20I,3,11,15,1,8,1,0,11.0,73.33,53.33,6.67,0,0,0,9,1,21.2
KS Lokuarachchi,T20I,2,11,13,2,5,1,0,5.5,84.62,38.46,7.69,0,0,0,11,1,23.5
JM Holland,BBL,4,11,16,2,6,0,0,5.5,68.75,37.5,0.0,0,0,0,5,1,16.3
DC Drakes,ODI,2,11,17,2,8,0,0,5.5,64.71,47.06,0.0,0,0,0,8,0,14.3
JM Muirhead,BBL,2,11,6,1,2,2,0,11.0,183.33,33.33,33.33,0,0,0,6,0,54.4
MJ Mindley,Test,1,11,37,1,34,1,1,11.0,29.73,91.89,5.41,0,0,0,11,1,11.9
Abul Hasan,ODI,3,11,16,3,9,1,0,3.67,68.75,56.25,6.25,0,0,0,7,0,17.1
DD Kasat,WPL,5,11,25,5,17,1,0,2.2,44.0,68.0,4.0,0,0,0,9,3,9.9
JO Ngoche,ODI,3,11,27,1,22,0,1,11.0,40.74,81.48,3.7,0,0,0,9,0,12.3
Abdulla Bhoola,T20I,4,11,21,2,14,1,0,5.5,52.38,66.67,4.76,0,0,0,7,1,13.0
Abdullah Shahid,T20I,2,11,17,2,9,1,0,5.5,64.71,52.94,5.88,0,0,0,10,0,17.4
FH Edwards,T20I,6,11,14,2,7,1,0,5.5,78.57,50.0,7.14,0,0,0,7,1,20.6
R Vinay Kumar,Test,1,11,24,2,20,2,0,5.5,45.83,83.33,8.33,0,0,0,6,0,14.0
SS Cottrell,Test,2,11,24,4,19,1,0,2.75,45.83,79.17,4.17,0,0,0,5,1,10.2
MG Neser,ODI,4,11,29,4,21,0,0,2.75,37.93,72.41,0.0,0,0,0,6,1,6.3
Waqar Salamkheil,CPL,7,11,22,1,13,0,0,11.0,50.0,59.09,0.0,0,0,0,7,0,12.6
SW Tait,T20I,6,11,15,4,9,0,1,2.75,73.33,60.0,6.67,0,0,0,6,1,17.1
Mustafa Atmaca,T20I,3,11,16,2,6,0,0,5.5,68.75,37.5,0.0,0,0,0,5,0,16.3
JD Campbell,T20I,2,11,16,2,11,2,0,5.5,68.75,68.75,12.5,0,0,0,11,1,20.1
SV Bahutule,ODI,1,11,13,1,5,1,0,11.0,84.62,38.46,7.69,0,0,0,11,0,25.5
Saad Ali,ODI,2,11,23,2,13,0,0,5.5,47.83,56.52,0.0,0,0,0,7,0,10.6
GI Gokoel,T20I,3,11,27,1,19,1,0,11.0,40.74,70.37,3.7,0,0,0,9,0,12.3
M Ntini,IPL,2,11,18,1,14,2,0,11.0,61.11,77.78,11.11,0,0,0,11,0,20.0
RO Cato,CPL,2,11,15,2,10,2,0,5.5,73.33,66.67,13.33,0,0,0,10,0,21.6
Zahoor Khan,T20I,8,11,23,4,15,1,0,2.75,47.83,65.22,4.35,0,0,0,6,1,11.3
Zahid Shah,ODI,2,11,20,0,16,2,0,11.0,55.0,80.0,10.0,0,0,0,6,0,18.4
S Chanderpaul,CPL,2,11,22,2,15,1,0,5.5,50.0,68.18,4.55,0,0,0,7,0,12.3
Ahsan Khan,T20I,3,11,9,1,2,1,0,11.0,122.22,22.22,11.11,0,0,0,8,0,35.3
JJ Nyambo,T20I,6,11,29,4,18,0,0,2.75,37.93,62.07,0.0,0,0,0,4,1,7.4
MJ Buchanan,BBL,1,11,17,1,10,1,0,11.0,64.71,58.82,5.88,0,0,0,11,0,18.6
LS Baker,ODI,3,11,16,1,11,2,0,11.0,68.75,68.75,12.5,0,0,0,11,1,22.2
Faridullah Shams,T20I,3,11,7,2,4,1,1,5.5,157.14,57.14,28.57,0,0,0,6,0,44.8
RJG Palmer,T20I,3,11,23,0,13,0,0,11.0,47.83,56.52,0.0,0,0,0,5,0,12.7
CM Mbebe,T20I,2,11,9,0,4,0,1,11.0,122.22,44.44,11.11,0,0,0,10,0,32.2
S Lamichhane,PSL,3,11,14,0,6,0,0,11.0,78.57,42.86,0.0,0,0,0,6,0,18.9
AJ Hall,T20I,1,11,10,1,3,1,0,11.0,110.0,30.0,10.0,0,0,0,11,0,31.8
AK Roger,T20I,7,11,49,6,42,1,0,1.83,22.45,85.71,2.04,0,0,0,4,3,5.2
MS Diawara,T20I,4,11,27,4,18,0,0,2.75,40.74,66.67,0.0,0,0,0,9,2,7.2
E Robinson,T20I,3,11,16,0,7,0,0,11.0,68.75,43.75,0.0,0,0,0,6,0,17.4
Zakir Hasan,T20I,4,11,19,4,11,1,0,2.75,57.89,57.89,5.26,0,0,0,10,2,14.3
A Awasthi,T20I,5,11,50,4,40,0,0,2.75,22.0,80.0,0.0,0,0,0,4,0,4.1
A Bishnoi,T20I,8,11,21,4,11,0,0,2.75,52.38,52.38,0.0,0,0,0,4,3,10.8
BJ Bess,Test,1,11,12,1,9,1,1,11.0,91.67,75.0,16.67,0,0,0,11,1,28.0
RT Rubbi,T20I,2,11,28,2,17,0,0,5.5,39.29,60.71,0.0,0,0,0,9,0,8.9
A Nimaga,T20I,3,11,13,2,7,1,0,5.5,84.62,53.85,7.69,0,0,0,7,0,21.3
PM Pushpakumara,ODI,2,11,26,2,21,0,1,5.5,42.31,80.77,3.85,0,0,0,8,0,10.5
B Evans,Test,2,11,26,3,20,1,0,3.67,42.31,76.92,3.85,0,0,0,7,1,9.8
BM Tickner,T20I,4,11,23,2,13,0,0,5.5,47.83,56.52,0.0,0,0,0,5,0,10.6
Inzamam-ul-Haq,T20I,1,11,15,0,9,0,1,11.0,73.33,60.0,6.67,0,0,0,11,0,20.2
Sohel Ebrahim Desai,T20I,5,11,18,4,9,0,0,2.75,61.11,50.0,0.0,0,0,0,5,2,12.4
Nikhil Deshmukh,T20I,2,11,25,2,18,1,0,5.5,44.0,72.0,4.0,0,0,0,9,0,10.9
A Daxini,T20I,3,11,22,3,14,1,0,3.67,50.0,63.64,4.55,0,0,0,5,0,12.3
Syed Amanullah,T20I,1,11,13,0,7,0,1,11.0,84.62,53.85,7.69,0,0,0,11,0,23.3
Arslan Ahmed,T20I,2,11,29,2,23,1,0,5.5,37.93,79.31,3.45,0,0,0,11,1,9.6
A Soni,WPL,1,11,14,1,4,0,0,11.0,78.57,28.57,0.0,0,0,0,11,0,21.0
BV Sears,ODI,2,11,17,1,8,0,0,11.0,64.71,47.06,0.0,0,0,0,6,0,16.4
H Osinde,T20I,3,11,14,2,6,1,0,5.5,78.57,42.86,7.14,0,0,0,5,0,21.6
H Osinde,ODI,8,11,32,4,21,0,0,2.75,34.38,65.62,0.0,0,0,0,4,2,6.4
J Buchanan,T20I,2,11,16,2,8,0,0,5.5,68.75,50.0,0.0,0,0,0,10,0,14.5
Syed Tameem,T20I,1,11,22,1,12,0,0,11.0,50.0,54.55,0.0,0,0,0,11,0,13.3
Assad Borham,T20I,3,11,19,2,11,1,0,5.5,57.89,57.89,5.26,0,0,0,8,0,15.4
Khurram Manzoor,T20I,3,11,27,3,22,1,0,3.67,40.74,81.48,3.7,0,0,0,10,1,9.5
Pratis GC,ODI,1,11,6,0,0,1,0,11.0,183.33,0.0,16.67,0,0,0,11,0,50.3
T Henderson,IPL,2,11,16,2,10,0,1,5.5,68.75,62.5,6.25,0,0,0,11,1,16.9
T Kohli,IPL,3,11,19,3,13,0,1,3.67,57.89,68.42,5.26,0,0,0,7,0,13.2
Sabbir Rahman,PSL,1,11,11,1,5,1,0,11.0,100.0,45.45,9.09,0,0,0,11,0,27.6
Sachin Ganpat Shinde,T20I,2,11,19,1,12,1,0,11.0,57.89,63.16,5.26,0,0,0,6,0,16.7
J Smits,T20I,1,11,17,0,8,0,0,11.0,64.71,47.06,0.0,0,0,0,11,0,16.4
SC Kuggeleijn,ODI,1,11,6,0,1,1,0,11.0,183.33,16.67,16.67,0,0,0,11,0,47.9
Yasir Shah,T20I,1,11,7,0,0,1,0,11.0,157.14,0.0,14.29,0,0,0,11,0,45.5
NGRP Jayasuriya,ODI,2,11,13,1,7,1,0,11.0,84.62,53.85,7.69,0,0,0,11,1,23.3
Ali Ivan,T20I,1,11,39,1,30,0,0,11.0,28.21,76.92,0.0,0,0,0,11,0,8.1
Arif Yaqoob,PSL,3,11,9,0,3,0,1,11.0,122.22,33.33,11.11,0,0,0,9,0,33.8
E Bosch,T20I,3,11,9,1,3,1,0,11.0,122.22,33.33,11.11,0,0,0,7,0,33.8
ND Buchanan,BBL,4,11,15,3,9,0,1,3.67,73.33,60.0,6.67,0,0,0,8,1,17.5
NA Saini,T20I,2,11,10,0,6,2,0,11.0,110.0,60.0,20.0,0,0,0,11,0,34.2
TJ Draca,T20I,3,11,14,2,6,1,0,5.5,78.57,42.86,7.14,0,0,0,5,0,21.6
Amit Uniyal,T20I,2,11,26,2,19,0,0,5.5,42.31,73.08,0.0,0,0,0,8,0,8.0
Asif Shaikh,T20I,4,11,13,2,8,0,1,5.5,84.62,61.54,7.69,0,0,0,9,1,20.2
L Berthe,T20I,8,11,28,6,21,1,0,1.83,39.29,75.0,3.57,0,0,0,7,4,8.5
Owais Ahmed,T20I,3,11,11,0,6,2,0,11.0,100.0,54.55,18.18,0,0,0,10,0,32.4
PJK Mooney,ODI,2,11,8,1,1,1,0,11.0,137.5,12.5,12.5,0,0,0,11,1,39.8
A Mucyodusenge,T20I,3,11,24,3,18,1,0,3.67,45.83,75.0,4.17,0,0,0,9,1,10.5
SF Burger,ODI,2,11,20,2,13,1,0,5.5,55.0,65.0,5.0,0,0,0,6,0,13.8
Zahid Abbas,T20I,2,11,15,2,7,1,0,5.5,73.33,46.67,6.67,0,0,0,9,0,20.0
N Burger,T20I,3,10,21,2,12,0,0,5.0,47.62,57.14,0.0,0,0,0,9,0,10.3
R Cunningham,T20I,2,10,13,0,6,0,0,10.0,76.92,46.15,0.0,0,0,0,7,0,17.9
M Ntini,T20I,4,10,11,2,7,2,0,5.0,90.91,63.64,18.18,0,0,0,5,1,27.5
M Pathirana,ODI,5,10,33,4,29,2,0,2.5,30.3,87.88,6.06,0,0,0,5,2,9.2
TR Ambrose,ODI,5,10,34,4,26,0,0,2.5,29.41,76.47,0.0,0,0,0,6,1,5.0
C Madande,Test,1,10,31,2,26,1,0,5.0,32.26,83.87,3.23,0,0,0,10,1,8.5
SW Currie,ODI,2,10,18,2,13,1,0,5.0,55.56,72.22,5.56,0,0,0,5,0,13.3
JM Mennie,Test,1,10,24,2,21,2,0,5.0,41.67,87.5,8.33,0,0,0,10,1,13.2
Thomas Balkin,BBL,3,10,16,1,7,0,0,10.0,62.5,43.75,0.0,0,0,0,9,0,16.2
M Hayward,Test,1,10,18,1,15,2,0,10.0,55.56,83.33,11.11,0,0,0,10,0,18.9
Mukesh Kumar,IPL,5,10,18,1,8,0,0,10.0,55.56,44.44,0.0,0,0,0,6,0,15.1
JE Pitcher,T20I,3,10,19,0,10,0,0,10.0,52.63,52.63,0.0,0,0,0,5,0,13.6
Mukesh Kumar,ODI,2,10,16,1,12,2,0,10.0,62.5,75.0,12.5,0,0,0,6,0,20.8
JE Root,IPL,1,10,15,1,8,1,0,10.0,66.67,53.33,6.67,0,0,0,10,0,19.9
Akif Javed,ODI,3,10,14,2,10,2,0,5.0,71.43,71.43,14.29,0,0,0,8,0,21.3
Muzahir Raza,ODI,1,10,7,1,3,2,0,10.0,142.86,42.86,28.57,0,0,0,10,0,46.5
GC Tonge,ODI,3,10,16,2,9,1,0,5.0,62.5,56.25,6.25,0,0,0,5,0,16.7
TW Gray,BBL,1,10,7,1,1,1,0,10.0,142.86,14.29,14.29,0,0,0,10,0,41.1
AAP Atkinson,T20I,2,10,23,1,13,0,0,10.0,43.48,56.52,0.0,0,0,0,8,0,11.7
KTH Ratnayake,Test,2,10,27,2,23,0,1,5.0,37.04,85.19,3.7,0,0,0,10,1,9.5
Umair Ali,ODI,1,10,11,1,7,0,1,10.0,90.91,63.64,9.09,0,0,0,10,0,23.4
JM Carder,BBL,1,10,13,1,5,0,0,10.0,76.92,38.46,0.0,0,0,0,10,0,19.0
S Srikanth,T20I,1,10,6,1,2,2,0,10.0,166.67,33.33,33.33,0,0,0,10,0,52.2
Uzair Amir,T20I,2,10,14,2,4,0,0,5.0,71.43,28.57,0.0,0,0,0,10,1,17.7
CBRLS Kumara,T20I,5,10,11,3,7,2,0,3.33,90.91,63.64,18.18,0,0,0,4,1,26.9
G Kaltongga,T20I,2,10,12,2,7,1,0,5.0,83.33,58.33,8.33,0,0,0,10,1,20.7
CJ McKay,Test,1,10,15,1,10,1,0,10.0,66.67,66.67,6.67,0,0,0,10,0,17.9
DPMD Jayawardene,PSL,1,10,8,1,3,1,0,10.0,125.0,37.5,12.5,0,0,0,10,0,34.1
S Murari,T20I,7,10,17,5,12,0,1,2.0,58.82,70.59,5.88,0,0,0,8,3,12.9
RO Hussain,ODI,1,10,20,0,14,1,0,10.0,50.0,70.0,5.0,0,0,0,10,0,14.0
G Cupido,T20I,3,10,11,2,7,0,1,5.0,90.91,63.64,9.09,0,0,0,10,2,21.5
AR Keath,BBL,2,10,11,2,4,0,0,5.0,90.91,36.36,0.0,0,0,0,6,0,19.3
SR Tendulkar,T20I,1,10,12,1,8,2,0,10.0,83.33,66.67,16.67,0,0,0,10,0,26.9
S Gantulga,T20I,6,10,52,6,45,1,0,1.67,19.23,86.54,1.92,0,0,0,6,2,4.6
KK Cooper,PSL,3,10,11,2,4,1,0,5.0,90.91,36.36,9.09,0,0,0,10,2,25.4
AC Evans,T20I,8,10,14,7,9,1,0,1.43,71.43,64.29,7.14,0,0,0,8,5,16.0
ACL Richards,T20I,1,10,15,1,9,1,0,10.0,66.67,60.0,6.67,0,0,0,10,0,18.9
CS Baugh,T20I,3,10,12,3,6,1,0,3.33,83.33,50.0,8.33,0,0,0,7,0,21.2
ML Cummins,CPL,2,10,16,1,11,1,0,10.0,62.5,68.75,6.25,0,0,0,10,0,16.8
AG Murtaza,IPL,3,10,14,1,7,1,0,10.0,71.43,50.0,7.14,0,0,0,5,0,21.3
SMSM Senanayake,IPL,4,10,17,1,7,0,0,10.0,58.82,41.18,0.0,0,0,0,7,0,16.1
Acrey Hugo,T20I,2,10,12,0,6,1,0,10.0,83.33,50.0,8.33,0,0,0,10,0,23.7
Mohammad Amir,CPL,9,10,15,6,8,1,0,1.67,66.67,53.33,6.67,0,0,0,5,4,16.7
KN Singh,T20I,1,10,10,0,2,0,0,10.0,100.0,20.0,0.0,0,0,0,10,0,24.8
MJ McClenaghan,BBL,4,10,13,3,6,0,0,3.33,76.92,46.15,0.0,0,0,0,9,2,15.4
GD Drummond,ODI,1,10,9,0,2,1,0,10.0,111.11,22.22,11.11,0,0,0,10,0,33.4
G Sanjeewa,T20I,2,10,11,2,7,2,0,5.0,90.91,63.64,18.18,0,0,0,10,1,27.5
SL Perera,T20I,2,10,23,2,15,0,0,5.0,43.48,65.22,0.0,0,0,0,7,0,8.6
LK Sharma,T20I,1,10,14,1,10,2,0,10.0,71.43,71.43,14.29,0,0,0,10,0,23.2
H Beresford-Peirse,T20I,2,10,13,2,5,0,0,5.0,76.92,38.46,0.0,0,0,0,7,0,17.1
TJ Moores,PSL,2,10,21,2,14,0,0,5.0,47.62,66.67,0.0,0,0,0,9,0,9.0
Ali Hasan,T20I,4,10,15,3,10,0,1,3.33,66.67,66.67,6.67,0,0,0,10,3,15.4
TJG Pringle,ODI,5,10,28,5,22,0,0,2.0,35.71,78.57,0.0,0,0,0,6,3,5.7
Rajkumar Rajendran,T20I,2,10,17,2,13,0,1,5.0,58.82,76.47,5.88,0,0,0,8,0,14.0
D du Preez,IPL,1,10,13,1,5,0,0,10.0,76.92,38.46,0.0,0,0,0,10,0,19.0
N Pradeep,T20I,4,10,15,1,9,1,0,10.0,66.67,60.0,6.67,0,0,0,8,1,18.9
TD Paine,IPL,2,10,26,2,16,0,0,5.0,38.46,61.54,0.0,0,0,0,8,0,8.4
Salman Fayyaz,PSL,2,10,6,1,1,0,1,10.0,166.67,16.67,16.67,0,0,0,8,0,45.6
Sameen Gul,PSL,3,10,17,0,11,1,0,10.0,58.82,64.71,5.88,0,0,0,7,0,16.6
D Ferreira,ODI,2,10,22,2,15,1,0,5.0,45.45,68.18,4.55,0,0,0,7,0,11.5
Salman Nazar,T20I,1,10,9,1,3,1,0,10.0,111.11,33.33,11.11,0,0,0,10,0,31.8
Ashar Abbas,T20I,3,10,16,2,9,0,0,5.0,62.5,56.25,0.0,0,0,0,10,2,12.5
X Thalaivan Sargunam,IPL,1,10,17,1,9,0,0,10.0,58.82,52.94,0.0,0,0,0,10,0,14.4
A Sathyan,T20I,2,10,15,1,9,1,0,10.0,66.67,60.0,6.67,0,0,0,10,0,18.9
Nawaf Ahmed,T20I,3,10,9,1,7,1,1,10.0,111.11,77.78,22.22,0,0,0,10,1,34.0
Khurram Chohan,T20I,2,10,10,1,4,1,0,10.0,100.0,40.0,10.0,0,0,0,7,0,28.6
T Muzarabani,ODI,6,10,32,3,25,1,0,3.33,31.25,78.12,3.12,0,0,0,5,1,7.7
NP Kenjige,T20I,8,10,21,5,12,0,0,2.0,47.62,57.14,0.0,0,0,0,6,3,9.2
Rashid Latif,Test,1,10,53,2,49,2,0,5.0,18.87,92.45,3.77,0,0,0,5,0,7.0
D Pretorius,PSL,1,10,3,0,0,2,0,10.0,333.33,0.0,66.67,0,0,0,10,0,58.8
D Traore,T20I,2,10,21,1,15,1,0,10.0,47.62,71.43,4.76,0,0,0,6,0,13.6
E Chigumbura,PSL,3,10,13,2,6,1,0,5.0,76.92,46.15,7.69,0,0,0,7,1,21.1
Surya Tamang,ODI,1,10,32,0,23,0,0,10.0,31.25,71.88,0.0,0,0,0,10,0,8.1
J Hansrod,T20I,3,10,25,3,18,1,0,3.33,40.0,72.0,4.0,0,0,0,7,0,9.5
F Mutagana,T20I,2,10,12,2,8,1,0,5.0,83.33,66.67,8.33,0,0,0,10,1,19.5
Sajid Khan,T20I,8,10,29,3,20,0,0,3.33,34.48,68.97,0.0,0,0,0,5,2,6.2
J Ghelzai,T20I,3,10,9,3,6,0,1,3.33,111.11,66.67,11.11,0,0,0,6,1,24.6
TJ Bishop,CPL,2,10,13,2,9,2,0,5.0,76.92,69.23,15.38,0,0,0,9,0,22.9
Kabir Ali,Test,1,10,28,2,23,1,0,5.0,35.71,82.14,3.57,0,0,0,9,0,9.2
Ansh Tandon,ODI,1,10,18,1,11,1,0,10.0,55.56,61.11,5.56,0,0,0,10,0,16.5
Anwar Rahman,T20I,8,10,25,4,15,0,0,2.5,40.0,60.0,0.0,0,0,0,3,1,7.9
J Theron,IPL,4,10,12,2,5,1,0,5.0,83.33,41.67,8.33,0,0,0,7,1,23.1
J Pakeman,T20I,2,10,24,2,17,1,0,5.0,41.67,70.83,4.17,0,0,0,7,0,10.5
T Wuatai,T20I,4,10,29,2,23,1,0,5.0,34.48,79.31,3.45,0,0,0,7,1,9.0
T Yotharat,T20I,3,10,24,0,16,0,0,10.0,41.67,66.67,0.0,0,0,0,6,0,10.0
T Shamsi,T20I,13,10,27,5,19,0,0,2.0,37.04,70.37,0.0,0,0,0,4,5,5.9
J Shaju,T20I,7,10,29,4,20,0,0,2.5,34.48,68.97,0.0,0,0,0,4,1,5.9
I Katzarski,T20I,4,10,25,3,15,0,0,3.33,40.0,60.0,0.0,0,0,0,5,1,8.2
PT Collins,Test,4,10,66,6,57,0,0,1.67,15.15,86.36,0.0,0,0,0,6,3,2.7
HK Bennett,ODI,5,10,35,2,25,0,0,5.0,28.57,71.43,0.0,0,0,0,4,1,5.9
A Martin,ODI,5,10,29,1,19,0,0,10.0,34.48,65.52,0.0,0,0,0,4,0,9.2
MC Patel,WPL,1,10,9,1,5,2,0,10.0,111.11,55.56,22.22,0,0,0,10,0,36.1
PP Ojha,T20I,1,10,6,0,2,0,1,10.0,166.67,33.33,16.67,0,0,0,10,0,43.3
Krish Bhagat,IPL,2,10,21,1,12,0,0,10.0,47.62,57.14,0.0,0,0,0,7,0,12.2
L Basson,T20I,1,10,15,0,8,1,0,10.0,66.67,53.33,6.67,0,0,0,10,0,19.9
P Hatzoglou,CPL,2,10,7,0,1,1,0,10.0,142.86,14.29,14.29,0,0,0,9,0,41.1
B Geeves,ODI,1,10,11,0,6,1,0,10.0,90.91,54.55,9.09,0,0,0,10,0,24.7
P Raho,T20I,2,10,6,0,2,0,1,10.0,166.67,33.33,16.67,0,0,0,8,0,43.3
Simarjeet Singh,IPL,6,10,15,3,7,0,0,3.33,66.67,46.67,0.0,0,0,0,3,2,13.9
B Casson,Test,1,10,44,1,38,1,0,10.0,22.73,86.36,2.27,0,0,0,10,0,8.4
Pankaj Singh,Test,2,10,20,3,16,2,0,3.33,50.0,80.0,10.0,0,0,0,9,2,14.9
O Thomas,CPL,9,10,27,4,16,0,0,2.5,37.04,59.26,0.0,0,0,0,3,3,7.6
SHA Rance,T20I,3,10,21,3,14,0,0,3.33,47.62,66.67,0.0,0,0,0,8,0,8.4
RWT Key,T20I,1,10,8,0,0,0,0,10.0,125.0,0.0,0.0,0,0,0,10,0,31.1
PM Siddle,PSL,2,10,9,1,4,1,0,10.0,111.11,44.44,11.11,0,0,0,9,0,30.3
A Ashok,ODI,1,10,12,1,9,2,0,10.0,83.33,75.0,16.67,0,0,0,10,0,26.5
Shamyl Hussain,ODI,2,10,29,2,21,0,0,5.0,34.48,72.41,0.0,0,0,0,6,0,6.7
MA Aponso,ODI,7,10,45,3,37,0,0,3.33,22.22,82.22,0.0,0,0,0,4,1,4.3
S Rossi,T20I,5,10,16,5,9,0,0,2.0,62.5,56.25,0.0,0,0,0,10,4,11.4
BB Sran,IPL,7,10,14,1,5,0,0,10.0,71.43,35.71,0.0,0,0,0,3,0,18.6
A Ndlovu,T20I,3,10,13,2,6,1,0,5.0,76.92,46.15,7.69,0,0,0,5,0,21.1
BAA Zammitt,T20I,3,10,25,3,16,0,0,3.33,40.0,64.0,0.0,0,0,0,9,1,7.7
BA Parchment,T20I,1,10,6,1,4,1,1,10.0,166.67,66.67,33.33,0,0,0,10,0,47.4
VL Mukesh,T20I,4,10,16,4,13,0,1,2.5,62.5,81.25,6.25,0,0,0,7,2,13.8
RK Bhui,IPL,4,10,26,4,18,0,0,2.5,38.46,69.23,0.0,0,0,0,7,2,6.4
Faris Al Balushi,T20I,1,10,11,0,7,2,0,10.0,90.91,63.64,18.18,0,0,0,10,0,29.4
K Babu,T20I,6,10,23,2,13,0,0,5.0,43.48,56.52,0.0,0,0,0,3,0,9.9
VG Arora,IPL,11,10,27,4,18,0,0,2.5,37.04,66.67,0.0,0,0,0,2,3,6.6
Vraj Patel,T20I,6,10,16,2,9,0,0,5.0,62.5,56.25,0.0,0,0,0,4,1,12.5
W Jaffer,ODI,2,10,23,2,20,2,0,5.0,43.48,86.96,8.7,0,0,0,10,1,13.7
KAJ Roach,IPL,1,10,9,1,3,1,0,10.0,111.11,33.33,11.11,0,0,0,10,0,31.8
S Rukmal,T20I,5,9,20,2,17,2,0,4.5,45.0,85.0,10.0,0,0,0,5,2,14.6
Lee Kangmin,T20I,3,9,12,1,6,1,0,9.0,75.0,50.0,8.33,0,0,0,9,1,22.2
K Lake,T20I,1,9,8,1,2,0,0,9.0,112.5,25.0,0.0,0,0,0,9,0,25.4
KK Tillett,T20I,2,9,19,2,14,1,0,4.5,47.37,73.68,5.26,0,0,0,9,1,11.8
VB van Jaarsveld,ODI,2,9,15,2,8,0,0,4.5,60.0,53.33,0.0,0,0,0,5,0,12.4
VJ Kingma,T20I,5,9,17,3,9,0,0,3.0,52.94,52.94,0.0,0,0,0,4,1,10.9
RJ Quiney,Test,2,9,22,3,18,1,0,3.0,40.91,81.82,4.55,0,0,0,9,2,9.9
SMK Waththage,T20I,3,9,16,1,9,0,0,9.0,56.25,56.25,0.0,0,0,0,5,0,13.2
DK Raman,T20I,1,9,10,1,4,1,0,9.0,90.0,40.0,10.0,0,0,0,9,0,26.8
Lovepreet Singh,ODI,2,9,25,2,20,1,0,4.5,36.0,80.0,4.0,0,0,0,6,0,9.4
Zuhair Muhammad,T20I,3,9,26,3,17,0,0,3.0,34.62,65.38,0.0,0,0,0,5,0,6.6
D Hardware,T20I,2,9,24,1,17,0,0,9.0,37.5,70.83,0.0,0,0,0,7,0,8.6
B Stanlake,T20I,2,9,12,1,8,0,1,9.0,75.0,66.67,8.33,0,0,0,7,0,19.8
M de Lange,Test,1,9,19,2,16,2,0,4.5,47.37,84.21,10.53,0,0,0,9,1,15.3
Humayun Kabir,T20I,2,9,16,2,9,0,0,4.5,56.25,56.25,0.0,0,0,0,7,0,11.5
YM Nkanya,T20I,12,9,32,7,24,0,0,1.29,28.12,75.0,0.0,0,0,0,4,7,4.4
A Ndlovu,Test,2,9,40,4,37,2,0,2.25,22.5,92.5,5.0,0,0,0,5,2,7.3
M de Lange,PSL,3,9,12,1,5,0,0,9.0,75.0,41.67,0.0,0,0,0,7,0,17.9
EJG Morgan,CPL,4,9,17,4,9,0,0,2.25,52.94,52.94,0.0,0,0,0,5,1,10.6
SJ Cameron,ODI,2,9,13,1,6,0,0,9.0,69.23,46.15,0.0,0,0,0,8,0,16.4
Yadwinder Singh,T20I,1,9,13,0,8,1,0,9.0,69.23,61.54,7.69,0,0,0,9,0,19.3
BE Hendricks,Test,1,9,18,1,13,1,0,9.0,50.0,72.22,5.56,0,0,0,5,0,14.0
BJ Davidson,T20I,3,9,21,3,13,1,0,3.0,42.86,61.9,4.76,0,0,0,6,1,11.4
Hasan Ali,CPL,1,9,3,0,0,0,1,9.0,300.0,0.0,33.33,0,0,0,9,0,58.4
HR Johnson,ODI,2,9,20,1,14,0,0,9.0,45.0,70.0,0.0,0,0,0,9,0,9.6
L Wood,IPL,1,9,3,0,0,0,1,9.0,300.0,0.0,33.33,0,0,0,9,0,58.4
Ehsan Nawaz,T20I,2,9,6,1,3,2,0,9.0,150.0,50.0,33.33,0,0,0,9,1,47.1
B Nikitaras,BBL,2,9,14,2,9,1,0,4.5,64.29,64.29,7.14,0,0,0,8,0,16.2
RW Hartley,T20I,3,9,21,1,13,0,0,9.0,42.86,61.9,0.0,0,0,0,5,1,10.5
Itibarshah Deedar,T20I,2,9,11,0,6,1,0,9.0,81.82,54.55,9.09,0,0,0,5,0,23.0
O Shields,Test,2,9,13,3,10,2,0,3.0,69.23,76.92,15.38,0,0,0,9,2,21.0
O Thomas,T20I,6,9,15,4,12,2,0,2.25,60.0,80.0,13.33,0,0,0,8,3,18.1
Aziz Sualley,T20I,5,9,17,3,11,1,0,3.0,52.94,64.71,5.88,0,0,0,4,1,13.2
Iftikhar Anjum,Test,1,9,39,0,36,2,0,9.0,23.08,92.31,5.13,0,0,0,9,0,10.0
Iftikhar Kankhel,T20I,4,9,13,2,8,1,0,4.5,69.23,61.54,7.69,0,0,0,8,1,17.7
Sanjay Kumar,T20I,2,9,7,1,1,1,0,9.0,128.57,14.29,14.29,0,0,0,8,0,38.7
H Shah,ODI,2,9,25,2,19,1,0,4.5,36.0,76.0,4.0,0,0,0,8,0,9.4
PWA Mulder,IPL,1,9,11,1,5,1,0,9.0,81.82,45.45,9.09,0,0,0,9,0,24.3
Salman Mirza,T20I,4,9,8,2,3,1,0,4.5,112.5,37.5,12.5,0,0,0,4,1,30.3
Babar Ali,T20I,3,9,19,3,11,0,0,3.0,47.37,57.89,0.0,0,0,0,7,1,9.4
FC Muniz,T20I,3,9,26,2,18,0,0,4.5,34.62,69.23,0.0,0,0,0,8,1,6.6
Zahid Hussain,ODI,2,9,31,1,25,1,0,9.0,29.03,80.65,3.23,0,0,0,7,0,9.6
Rashid Zia,ODI,2,9,57,2,54,2,0,4.5,15.79,94.74,3.51,0,0,0,8,0,6.2
Ravinder Singh,T20I,1,9,19,1,11,0,0,9.0,47.37,57.89,0.0,0,0,0,9,0,11.7
T Amresh,T20I,2,9,9,2,6,0,1,4.5,100.0,66.67,11.11,0,0,0,7,0,23.5
A Poulose,T20I,3,9,14,3,11,2,0,3.0,64.29,78.57,14.29,0,0,0,9,2,19.6
D Murphy,ODI,2,9,28,2,21,0,0,4.5,32.14,75.0,0.0,0,0,0,7,0,6.2
E Karimi,T20I,6,9,23,3,16,0,0,3.0,39.13,69.57,0.0,0,0,0,2,0,6.6
J Hull,Test,1,9,16,1,13,0,1,9.0,56.25,81.25,6.25,0,0,0,7,0,15.4
Nabi Gul,PSL,1,9,12,1,4,0,0,9.0,75.0,33.33,0.0,0,0,0,9,0,19.0
Ashraful Shuvo,T20I,3,9,14,2,7,0,0,4.5,64.29,50.0,0.0,0,0,0,5,0,13.5
RR Joshi,T20I,2,9,8,2,4,0,1,4.5,112.5,50.0,12.5,0,0,0,8,0,28.5
F Kasteni,ODI,2,9,24,2,18,0,0,4.5,37.5,75.0,0.0,0,0,0,9,1,6.9
Ethan D'Souza,ODI,2,9,19,2,13,1,0,4.5,47.37,68.42,5.26,0,0,0,6,0,12.0
H Isorena,T20I,2,9,21,2,16,1,0,4.5,42.86,76.19,4.76,0,0,0,6,0,10.8
QF Djakaridja,T20I,10,9,52,9,44,0,0,1.0,17.31,84.62,0.0,0,0,0,6,6,2.8
Safvan Patel,T20I,1,9,12,1,4,0,0,9.0,75.0,33.33,0.0,0,0,0,9,0,19.0
GY Prastama,T20I,3,9,13,1,6,0,0,9.0,69.23,46.15,0.0,0,0,0,5,0,16.4
SM Boland,ODI,4,9,22,3,14,0,0,3.0,40.91,63.64,0.0,0,0,0,4,1,7.7
TB Abell,BBL,1,9,13,1,5,0,0,9.0,69.23,38.46,0.0,0,0,0,9,0,17.5
Anam Mollik,T20I,1,9,10,1,4,1,0,9.0,90.0,40.0,10.0,0,0,0,9,0,26.8
T van der Gugten,BBL,1,9,9,0,2,0,0,9.0,100.0,22.22,0.0,0,0,0,9,0,24.1
Ali Majid,PSL,1,9,8,0,5,2,0,9.0,112.5,62.5,25.0,0,0,0,9,0,36.8
NA Janes,T20I,2,9,11,2,5,1,0,4.5,81.82,45.45,9.09,0,0,0,9,1,22.6
Zahid Mahmood,ODI,2,9,10,1,6,0,1,9.0,90.0,60.0,10.0,0,0,0,9,0,24.0
AA Noffke,IPL,1,9,10,1,4,1,0,9.0,90.0,40.0,10.0,0,0,0,9,0,26.8
TN Pathan,WPL,1,9,11,1,5,1,0,9.0,81.82,45.45,9.09,0,0,0,9,0,24.3
M Khauta,T20I,2,9,6,1,3,2,0,9.0,150.0,50.0,33.33,0,0,0,8,0,47.1
R McLaren,T20I,4,9,13,1,6,0,0,9.0,69.23,46.15,0.0,0,0,0,6,0,16.4
SW Tait,BBL,7,9,13,5,7,0,0,1.8,69.23,53.85,0.0,0,0,0,5,3,12.6
SM Harwood,IPL,2,9,14,0,7,0,0,9.0,64.29,50.0,0.0,0,0,0,6,0,15.2
Zahir Khan,CPL,5,9,13,5,10,0,1,1.8,69.23,76.92,7.69,0,0,0,6,2,15.4
S Banamali,T20I,2,9,15,1,8,0,0,9.0,60.0,53.33,0.0,0,0,0,8,0,14.1
Muhammad Arfan,ODI,1,9,3,0,0,2,0,9.0,300.0,0.0,66.67,0,0,0,9,0,58.4
Muhammad Musa,ODI,1,9,3,0,0,2,0,9.0,300.0,0.0,66.67,0,0,0,9,0,58.4
Ahmed Safi Abdullah,PSL,2,9,13,0,8,1,0,9.0,69.23,61.54,7.69,0,0,0,8,0,19.3
TNM Soleh,T20I,1,9,21,1,12,0,0,9.0,42.86,57.14,0.0,0,0,0,9,0,11.2
Danish Kaneria,ODI,5,9,15,2,9,1,0,4.5,60.0,60.0,6.67,0,0,0,6,2,15.9
Mohammad Mohsin,T20I,3,9,11,2,5,1,0,4.5,81.82,45.45,9.09,0,0,0,8,1,22.6
Tenzin Wangchuk jnr,T20I,2,9,17,2,14,2,0,4.5,52.94,82.35,11.76,0,0,0,9,1,16.9
WKD Perkins,T20I,1,9,11,1,5,1,0,9.0,81.82,45.45,9.09,0,0,0,9,0,24.3
Mohammad Abrar,T20I,2,9,16,1,10,1,0,9.0,56.25,62.5,6.25,0,0,0,8,0,16.4
JQK Moala,T20I,4,9,21,4,12,0,0,2.25,42.86,57.14,0.0,0,0,0,5,1,8.6
KN Peiris,Test,2,9,40,3,34,1,0,3.0,22.5,85.0,2.5,0,0,0,5,2,5.9
Abdul Makda,T20I,1,9,11,1,6,0,1,9.0,81.82,54.55,9.09,0,0,0,9,0,23.0
Mohammad Asif,T20I,2,9,3,0,0,2,0,9.0,300.0,0.0,66.67,0,0,0,5,0,58.4
Mohammad Imran,Test,1,9,38,2,31,0,0,4.5,23.68,81.58,0.0,0,0,0,5,0,5.0
M Pathirana,T20I,9,9,21,5,15,1,0,1.8,42.86,71.43,4.76,0,0,0,6,4,9.8
A Kapoor,T20I,1,9,4,0,0,1,0,9.0,225.0,0.0,25.0,0,0,0,9,0,55.1
R Smith,T20I,6,9,37,4,31,0,0,2.25,24.32,83.78,0.0,0,0,0,5,2,4.2
RA Herman,ODI,2,9,8,2,3,1,0,4.5,112.5,37.5,12.5,0,0,0,8,0,30.3
AR Perez Rivero,T20I,1,9,10,1,3,0,0,9.0,90.0,30.0,0.0,0,0,0,9,0,21.6
Utkarsh Srivastava,T20I,1,9,8,1,3,1,0,9.0,112.5,37.5,12.5,0,0,0,9,0,32.0
JS Patel,T20I,3,9,14,3,10,1,0,3.0,64.29,71.43,7.14,0,0,0,5,1,14.8
S Varathappan,T20I,1,9,10,1,7,2,0,9.0,90.0,70.0,20.0,0,0,0,9,0,29.2
MW Jones,ODI,1,9,5,0,1,0,1,9.0,180.0,20.0,20.0,0,0,0,9,0,48.9
MW Jones,T20I,1,9,6,1,3,0,1,9.0,150.0,50.0,16.67,0,0,0,9,0,38.2
K Goud,WPL,5,9,9,1,4,1,0,9.0,100.0,44.44,11.11,0,0,0,5,0,28.3
AN Hyobeom,T20I,3,9,17,3,12,1,0,3.0,52.94,70.59,5.88,0,0,0,4,0,12.4
V Khanduri,T20I,3,9,20,2,14,0,0,4.5,45.0,70.0,0.0,0,0,0,6,1,8.0
CE Dean,WPL,1,9,5,1,1,0,1,9.0,180.0,20.0,20.0,0,0,0,9,0,48.9
RAJ Smith,T20I,1,9,7,0,3,1,0,9.0,128.57,42.86,14.29,0,0,0,9,0,34.6
SR Giri,WPL,1,9,8,1,3,1,0,9.0,112.5,37.5,12.5,0,0,0,9,0,32.0
LH Ferguson,BBL,3,9,12,0,6,1,0,9.0,75.0,50.0,8.33,0,0,0,7,0,22.2
RJ Campbell,T20I,2,9,23,2,17,1,0,4.5,39.13,73.91,4.35,0,0,0,9,1,10.0
Faisal Akram,PSL,3,9,10,1,5,1,0,9.0,90.0,50.0,10.0,0,0,0,4,0,25.4
Faisal Athar,ODI,1,9,38,1,30,1,0,9.0,23.68,78.95,2.63,0,0,0,9,0,8.4
S Prasanna,PSL,1,8,8,1,5,0,1,8.0,100.0,62.5,12.5,0,0,0,8,0,26.3
Mrittunjoy Chowdhury,ODI,1,8,11,1,5,0,0,8.0,72.73,45.45,0.0,0,0,0,8,0,16.6
HMRKB Herath,T20I,5,8,12,3,5,0,0,2.67,66.67,41.67,0.0,0,0,0,3,0,14.3
JK Reed,BBL,1,8,3,0,0,0,1,8.0,266.67,0.0,33.33,0,0,0,8,0,58.0
J Batinibulu,T20I,3,8,18,2,10,0,0,4.0,44.44,55.56,0.0,0,0,0,6,0,9.7
J Campbell,ODI,2,8,15,1,7,0,0,8.0,53.33,46.67,0.0,0,0,0,6,0,13.8
A Dhingra,T20I,5,8,8,2,3,1,0,4.0,100.0,37.5,12.5,0,0,0,5,1,28.4
KH Butt,ODI,2,8,28,2,21,0,0,4.0,28.57,75.0,0.0,0,0,0,4,0,5.5
CR Woakes,BBL,2,8,10,0,5,1,0,8.0,80.0,50.0,10.0,0,0,0,8,0,23.6
Fakhrul Mohon,T20I,3,8,9,2,6,0,1,4.0,88.89,66.67,11.11,0,0,0,8,2,21.7
SJS Smith,T20I,1,8,11,1,6,1,0,8.0,72.73,54.55,9.09,0,0,0,8,0,21.4
F Hand,Test,1,8,41,2,33,0,0,4.0,19.51,80.49,0.0,0,0,0,7,0,4.2
Enamul Haque jnr,ODI,4,8,16,4,9,0,0,2.0,50.0,56.25,0.0,0,0,0,5,2,9.7
Zahid Zadran,T20I,3,8,11,3,6,0,0,2.67,72.73,54.55,0.0,0,0,0,4,0,13.3
JJ Krejza,BBL,3,8,12,3,5,0,0,2.67,66.67,41.67,0.0,0,0,0,5,0,14.3
SH Johnson,IPL,6,8,12,1,7,1,0,8.0,66.67,58.33,8.33,0,0,0,5,1,19.5
Mohammad Mohsin,ODI,2,8,9,1,6,1,0,8.0,88.89,66.67,11.11,0,0,0,8,1,23.2
BP Kruger,ODI,1,8,12,1,7,1,0,8.0,66.67,58.33,8.33,0,0,0,8,0,19.5
RS Gayakwad,WPL,5,8,15,2,11,1,0,4.0,53.33,73.33,6.67,0,0,0,5,1,13.4
SJ Hughes-Pinan,T20I,3,8,12,0,6,1,0,8.0,66.67,50.0,8.33,0,0,0,6,0,20.7
D Ramani,T20I,3,8,16,1,9,0,0,8.0,50.0,56.25,0.0,0,0,0,5,1,11.9
E Isaneez,T20I,2,8,13,0,5,0,0,8.0,61.54,38.46,0.0,0,0,0,7,0,16.1
J Andrew,ODI,2,8,12,2,9,0,1,4.0,66.67,75.0,8.33,0,0,0,8,1,16.3
Asif Iqbal (1),ODI,1,8,8,1,6,2,0,8.0,100.0,75.0,25.0,0,0,0,8,0,33.6
Ashar Zaidi,PSL,2,8,16,2,8,0,0,4.0,50.0,50.0,0.0,0,0,0,6,0,11.3
CK Langeveldt,IPL,2,8,9,2,6,0,1,4.0,88.89,66.67,11.11,0,0,0,8,1,21.7
MNK Fernando,T20I,2,8,12,2,6,0,0,4.0,66.67,50.0,0.0,0,0,0,7,0,13.6
Z Evans,BBL,3,8,9,2,7,0,1,4.0,88.89,77.78,11.11,0,0,0,6,0,21.3
CJ Dala,ODI,2,8,6,1,2,1,0,8.0,133.33,33.33,16.67,0,0,0,5,0,37.9
Tayyeb Javed,T20I,1,8,5,1,3,2,0,8.0,160.0,60.0,40.0,0,0,0,8,0,46.7
TS Mills,T20I,4,8,12,3,9,0,1,2.67,66.67,75.0,8.33,0,0,0,7,2,15.8
TS Mills,IPL,5,8,14,4,11,0,1,2.0,57.14,78.57,7.14,0,0,0,6,2,13.5
Hazrat Luqman,T20I,1,8,6,1,0,0,0,8.0,133.33,0.0,0.0,0,0,0,8,0,31.5
SB Harper,PSL,1,8,7,1,2,1,0,8.0,114.29,28.57,14.29,0,0,0,8,0,34.3
SB Bangar,ODI,3,8,19,3,15,1,0,2.67,42.11,78.95,5.26,0,0,0,4,0,10.4
SA Yadav,Test,1,8,20,1,15,1,0,8.0,40.0,75.0,5.0,0,0,0,8,0,11.9
Saqlain Mukhtar,T20I,3,8,6,0,2,1,0,8.0,133.33,33.33,16.67,0,0,0,4,0,37.9
S Weleilakeba,T20I,1,8,3,1,1,0,1,8.0,266.67,33.33,33.33,0,0,0,8,0,53.3
TM Srivastava,IPL,3,8,11,1,5,0,0,8.0,72.73,45.45,0.0,0,0,0,7,0,16.6
K Jack,T20I,2,8,13,2,7,0,0,4.0,61.54,53.85,0.0,0,0,0,4,0,12.4
K Nagnama,T20I,5,8,26,5,21,0,0,1.6,30.77,80.77,0.0,0,0,0,7,3,4.9
RH Scholte,ODI,2,8,31,2,22,0,0,4.0,25.81,70.97,0.0,0,0,0,7,0,5.1
CJ McKay,IPL,1,8,15,1,8,0,0,8.0,53.33,53.33,0.0,0,0,0,8,0,12.8
T Shanmugam,T20I,1,8,10,0,5,0,0,8.0,80.0,50.0,0.0,0,0,0,8,0,17.0
J Kariko,ODI,2,8,12,2,10,2,0,4.0,66.67,83.33,16.67,0,0,0,8,1,21.9
T Ritawa,T20I,3,8,10,3,5,1,0,2.67,80.0,50.0,10.0,0,0,0,6,0,21.6
BAW Mendis,T20I,6,8,17,3,12,1,0,2.67,47.06,70.59,5.88,0,0,0,4,0,11.5
I Mansaray,T20I,3,8,24,2,16,0,0,4.0,33.33,66.67,0.0,0,0,0,5,0,6.6
Salman Mirza,PSL,2,8,9,1,5,1,0,8.0,88.89,55.56,11.11,0,0,0,5,0,24.8
Prince Yadav,T20I,2,8,3,0,1,0,1,8.0,266.67,33.33,33.33,0,0,0,6,0,53.3
Shahzaib Khan,PSL,3,8,14,3,9,1,0,2.67,57.14,64.29,7.14,0,0,0,7,1,14.5
L Holt,BBL,1,8,4,0,2,0,1,8.0,200.0,50.0,25.0,0,0,0,8,0,47.5
Nazmul Islam,T20I,2,8,10,1,5,1,0,8.0,80.0,50.0,10.0,0,0,0,7,0,23.6
Nazmul Hossain,Test,1,8,12,1,9,0,1,8.0,66.67,75.0,8.33,0,0,0,8,1,17.8
Suryansh Shedge,T20I,2,8,11,2,6,1,0,4.0,72.73,54.55,9.09,0,0,0,7,0,19.9
Kuldeep Singh,T20I,3,8,16,3,8,0,0,2.67,50.0,50.0,0.0,0,0,0,6,0,10.8
KJ Patel,T20I,3,8,29,0,24,1,0,8.0,27.59,82.76,3.45,0,0,0,8,0,9.1
CV Varun,T20I,11,8,22,5,17,1,0,1.6,36.36,77.27,4.55,0,0,0,5,4,8.7
B Siddharth,ODI,6,8,19,4,13,0,0,2.0,42.11,68.42,0.0,0,0,0,4,3,6.8
U Sofi,T20I,1,8,6,1,3,0,1,8.0,133.33,50.0,16.67,0,0,0,8,0,35.5
Abdul Salman Khan,T20I,2,8,11,1,6,1,0,8.0,72.73,54.55,9.09,0,0,0,7,0,21.4
M Joseph,T20I,1,8,7,1,2,1,0,8.0,114.29,28.57,14.29,0,0,0,8,0,34.3
ZE Matsinhe,T20I,3,8,18,2,12,0,0,4.0,44.44,66.67,0.0,0,0,0,4,0,8.2
KMA Paul,BBL,1,8,9,1,4,1,0,8.0,88.89,44.44,11.11,0,0,0,8,0,26.4
JPR Scantlebury-Searles,IPL,2,8,6,1,3,0,1,8.0,133.33,50.0,16.67,0,0,0,6,0,35.5
Baz Aybui,T20I,3,8,24,1,18,0,0,8.0,33.33,75.0,0.0,0,0,0,5,0,7.6
H Davids,ODI,2,8,24,2,18,0,0,4.0,33.33,75.0,0.0,0,0,0,7,0,6.1
I Sharma,T20I,3,8,9,1,4,1,0,8.0,88.89,44.44,11.11,0,0,0,5,1,26.4
Nazwan Ismail,T20I,5,8,20,1,13,0,0,8.0,40.0,65.0,0.0,0,0,0,2,0,9.3
T Tumursukh,T20I,8,8,37,6,31,0,0,1.33,21.62,83.78,0.0,0,0,0,6,5,3.5
VRV Singh,ODI,1,8,13,1,8,1,0,8.0,61.54,61.54,7.69,0,0,0,8,0,17.9
AM Blignaut,T20I,1,8,8,1,3,1,0,8.0,100.0,37.5,12.5,0,0,0,8,0,29.9
VR Aaron,ODI,3,8,15,1,10,1,0,8.0,53.33,66.67,6.67,0,0,0,6,1,15.3
CA Reid,ODI,2,8,17,2,13,1,0,4.0,47.06,76.47,5.88,0,0,0,6,0,12.0
JB Richards,T20I,2,8,15,0,8,0,0,8.0,53.33,53.33,0.0,0,0,0,7,0,12.8
S Vaz,T20I,2,8,11,1,4,0,0,8.0,72.73,36.36,0.0,0,0,0,7,0,17.9
DR Mousley,T20I,1,8,6,1,4,0,1,8.0,133.33,66.67,16.67,0,0,0,8,0,33.1
Mukesh Choudhary,IPL,3,8,8,1,4,1,0,8.0,100.0,50.0,12.5,0,0,0,4,0,28.1
Akash Madhwal,IPL,2,8,14,0,7,0,0,8.0,57.14,50.0,0.0,0,0,0,4,0,13.8
B Mejaro,T20I,7,8,30,4,24,0,0,2.0,26.67,80.0,0.0,0,0,0,2,2,4.5
P Rawat,WPL,1,8,4,0,2,2,0,8.0,200.0,50.0,50.0,0,0,0,8,0,50.9
Rizwan Mehmood,PSL,1,8,15,1,7,0,0,8.0,53.33,46.67,0.0,0,0,0,8,0,13.8
Ronitkumar Ahir,T20I,2,8,10,2,3,0,0,4.0,80.0,30.0,0.0,0,0,0,6,0,18.3
Sunil,T20I,1,8,9,0,4,1,0,8.0,88.89,44.44,11.11,0,0,0,8,0,26.4
NFI McCallum,T20I,4,8,21,4,16,1,0,2.0,38.1,76.19,4.76,0,0,0,8,3,9.2
ADJ Pitcher,ODI,1,8,12,1,10,0,1,8.0,66.67,83.33,8.33,0,0,0,8,0,17.8
S Panguluri,T20I,1,8,18,1,13,1,0,8.0,44.44,72.22,5.56,0,0,0,8,0,12.9
S Simpson,T20I,1,8,9,0,4,1,0,8.0,88.89,44.44,11.11,0,0,0,8,0,26.4
K Kekez,T20I,3,8,19,2,14,1,0,4.0,42.11,73.68,5.26,0,0,0,6,1,10.9
LN Rajbanshi,T20I,6,8,18,3,11,0,0,2.67,44.44,61.11,0.0,0,0,0,3,1,8.5
P Chopra,IPL,1,8,6,1,4,2,0,8.0,133.33,66.67,33.33,0,0,0,8,0,42.0
N M'shangwe,Test,2,8,18,4,16,2,0,2.0,44.44,88.89,11.11,0,0,0,8,3,14.3
S Kalavitigoda,Test,1,8,54,2,50,1,0,4.0,14.81,92.59,1.85,0,0,0,7,0,4.8
DJ Pattinson,BBL,2,8,7,2,3,1,0,4.0,114.29,42.86,14.29,0,0,0,5,0,30.8
AS Broomfield,T20I,3,8,26,1,18,0,0,8.0,30.77,69.23,0.0,0,0,0,6,1,7.4
Charanjeet Singh,T20I,1,8,9,0,4,1,0,8.0,88.89,44.44,11.11,0,0,0,8,0,26.4
IH Romaine,T20I,1,8,12,1,4,0,0,8.0,66.67,33.33,0.0,0,0,0,8,0,17.5
Xie Kunkun,T20I,4,8,36,4,30,0,0,2.0,22.22,83.33,0.0,0,0,0,5,1,3.8
NA Saini,Test,2,8,27,2,23,1,0,4.0,29.63,85.19,3.7,0,0,0,5,0,8.1
Jaskaran Singh,IPL,4,8,11,1,5,0,0,8.0,72.73,45.45,0.0,0,0,0,4,0,16.6
R Edwards,T20I,3,8,21,2,13,0,0,4.0,38.1,61.9,0.0,0,0,0,8,2,8.0
JA Morkel,CPL,6,8,18,4,13,1,0,2.0,44.44,72.22,5.56,0,0,0,7,4,10.6
KT Maphaka,IPL,1,8,2,0,0,2,0,8.0,400.0,0.0,100.0,0,0,0,8,0,58.0
KV Sharma,Test,1,8,28,1,23,0,0,8.0,28.57,82.14,0.0,0,0,0,4,0,7.0
E Bhonkar,T20I,4,8,19,4,11,0,0,2.0,42.11,57.89,0.0,0,0,0,3,1,8.3
K Burrows,T20I,2,8,4,1,2,0,1,8.0,200.0,50.0,25.0,0,0,0,8,1,47.5
GH Bodi,T20I,1,8,25,1,17,0,0,8.0,32.0,68.0,0.0,0,0,0,8,0,7.7
OC McCoy,IPL,1,8,5,1,2,0,1,8.0,160.0,40.0,20.0,0,0,0,8,0,42.9
NCK Liyanage,T20I,3,8,8,2,3,1,0,4.0,100.0,37.5,12.5,0,0,0,8,1,28.4
Kristan Tillett,T20I,3,8,19,2,12,0,0,4.0,42.11,63.16,0.0,0,0,0,4,0,8.3
Azim Patel,T20I,3,8,13,3,9,1,0,2.67,61.54,69.23,7.69,0,0,0,8,2,14.8
James Bracey,Test,2,8,27,3,23,1,0,2.67,29.63,85.19,3.7,0,0,0,8,2,7.6
MW Parkinson,Test,1,8,8,1,5,1,0,8.0,100.0,62.5,12.5,0,0,0,8,0,26.3
K Dasan,T20I,3,8,13,3,6,0,0,2.67,61.54,46.15,0.0,0,0,0,4,0,13.0
RO Hurley,ODI,2,8,17,2,10,0,0,4.0,47.06,58.82,0.0,0,0,0,6,0,9.6
RO Hinds,ODI,1,8,19,1,15,1,0,8.0,42.11,78.95,5.26,0,0,0,8,0,12.4
Simranjit Singh,T20I,1,8,9,1,3,0,0,8.0,88.89,33.33,0.0,0,0,0,8,0,20.6
Kalpesh Ahir,T20I,2,8,8,1,3,1,0,8.0,100.0,37.5,12.5,0,0,0,8,0,29.9
Rahat Ali,ODI,5,8,37,3,29,0,0,2.67,21.62,78.38,0.0,0,0,0,6,2,4.0
Rafiulah Alokozai,T20I,3,8,11,3,8,0,1,2.67,72.73,72.73,9.09,0,0,0,7,1,17.2
A Ahmadhel,T20I,4,8,24,4,20,1,0,2.0,33.33,83.33,4.17,0,0,0,4,1,8.2
T Mayes,Test,1,8,37,2,33,1,0,4.0,21.62,89.19,2.7,0,0,0,5,0,6.3
T Mayes,ODI,1,8,5,0,1,1,0,8.0,160.0,20.0,20.0,0,0,0,8,0,45.7
NW Bracken,Test,2,8,21,1,17,0,0,8.0,38.1,80.95,0.0,0,0,0,6,0,8.3
RK Kiseto,T20I,4,8,21,4,14,0,0,2.0,38.1,66.67,0.0,0,0,0,5,1,6.5
LR Naylor,T20I,2,8,13,2,5,0,0,4.0,61.54,38.46,0.0,0,0,0,7,0,14.6
W Viraliliu,T20I,3,8,10,2,4,0,0,4.0,80.0,40.0,0.0,0,0,0,4,0,16.9
CT Tremlett,BBL,1,8,6,0,1,1,0,8.0,133.33,16.67,16.67,0,0,0,8,0,40.3
DK Jacobs,CPL,1,8,8,1,4,1,0,8.0,100.0,50.0,12.5,0,0,0,8,0,28.1
DJM Moody,BBL,1,8,15,1,8,0,0,8.0,53.33,53.33,0.0,0,0,0,8,0,12.8
S Randiv,T20I,2,8,6,2,2,1,0,4.0,133.33,33.33,16.67,0,0,0,6,0,36.4
CP Simpson,BBL,1,8,5,0,0,1,0,8.0,160.0,0.0,20.0,0,0,0,8,0,48.6
A Tripathi,T20I,3,8,25,3,20,1,0,2.67,32.0,80.0,4.0,0,0,0,6,0,8.1
KK Ahmed,ODI,2,8,16,2,11,1,0,4.0,50.0,68.75,6.25,0,0,0,5,0,12.8
Zaman Khan,BBL,2,7,4,0,0,1,0,7.0,175.0,0.0,25.0,0,0,0,6,0,53.6
S Savkovic,T20I,2,7,11,2,6,0,0,3.5,63.64,54.55,0.0,0,0,0,5,0,12.4
SO Hetmyer,PSL,1,7,9,1,3,0,0,7.0,77.78,33.33,0.0,0,0,0,7,0,18.7
A Bhargava,T20I,2,7,6,1,2,1,0,7.0,116.67,33.33,16.67,0,0,0,5,0,35.2
Fazil Rahman,T20I,5,7,16,3,12,1,0,2.33,43.75,75.0,6.25,0,0,0,6,3,11.1
E Malinga,IPL,3,7,17,1,10,0,0,7.0,41.18,58.82,0.0,0,0,0,5,0,10.0
V Shetty,ODI,1,7,17,1,11,0,0,7.0,41.18,64.71,0.0,0,0,0,7,0,9.1
FA Allen,BBL,1,7,8,1,4,0,0,7.0,87.5,50.0,0.0,0,0,0,7,0,17.6
M Badenhorst,T20I,3,7,19,2,12,0,0,3.5,36.84,63.16,0.0,0,0,0,4,1,7.4
B Dugic,T20I,4,7,19,3,13,0,0,2.33,36.84,68.42,0.0,0,0,0,3,1,6.2
E Schiferli,T20I,2,7,13,1,8,0,0,7.0,53.85,61.54,0.0,0,0,0,5,0,11.3
Lee Hyosin,T20I,2,7,14,1,8,0,0,7.0,50.0,57.14,0.0,0,0,0,7,1,11.4
AM Fernando,ODI,10,7,32,4,26,0,0,1.75,21.88,81.25,0.0,0,0,0,3,3,3.7
Junaid Khan,PSL,8,7,16,3,9,0,0,2.33,43.75,56.25,0.0,0,0,0,2,1,8.9
IS Sodhi,IPL,2,7,17,2,10,0,0,3.5,41.18,58.82,0.0,0,0,0,6,0,8.6
AR Beadle,BBL,1,7,7,1,1,0,0,7.0,100.0,14.29,0.0,0,0,0,7,0,24.5
E Ndubudem,T20I,4,7,11,2,7,0,0,3.5,63.64,63.64,0.0,0,0,0,4,1,11.1
SVE Bharathi,T20I,6,7,16,4,10,0,0,1.75,43.75,62.5,0.0,0,0,0,4,3,7.8
R Jones,T20I,1,7,9,1,4,0,0,7.0,77.78,44.44,0.0,0,0,0,7,0,17.1
EHSN Silva,ODI,1,7,13,1,8,0,0,7.0,53.85,61.54,0.0,0,0,0,7,0,11.3
AN Ghosh,IPL,2,7,8,2,5,1,0,3.5,87.5,62.5,12.5,0,0,0,7,1,22.9
J Nyumbu,T20I,2,7,11,0,7,1,0,7.0,63.64,63.64,9.09,0,0,0,6,0,18.4
V Viyaskanth,IPL,1,7,5,0,0,0,0,7.0,140.0,0.0,0.0,0,0,0,7,0,32.1
MW Parkinson,ODI,1,7,8,0,4,1,0,7.0,87.5,50.0,12.5,0,0,0,7,0,26.0
DYA Davis,CPL,2,7,11,1,4,0,0,7.0,63.64,36.36,0.0,0,0,0,6,0,16.3
S Badree,BBL,2,7,5,0,1,1,0,7.0,140.0,20.0,20.0,0,0,0,6,0,42.6
AY Patel,T20I,2,7,14,2,8,0,0,3.5,50.0,57.14,0.0,0,0,0,4,0,10.1
DM Washington,Test,1,7,25,0,21,1,0,7.0,28.0,84.0,4.0,0,0,0,7,0,9.2
JB Lintott,CPL,4,7,16,2,9,0,0,3.5,43.75,56.25,0.0,0,0,0,2,0,9.4
TJ Stephenson,T20I,1,7,5,0,1,1,0,7.0,140.0,20.0,20.0,0,0,0,7,0,42.6
P Karoho,T20I,1,7,10,1,6,1,0,7.0,70.0,60.0,10.0,0,0,0,7,0,20.5
N Mokoena,ODI,1,7,3,0,1,0,1,7.0,233.33,33.33,33.33,0,0,0,7,0,52.9
P Kumar,T20I,3,7,16,3,10,0,0,2.33,43.75,62.5,0.0,0,0,0,6,1,8.0
RA Herman,PSL,2,7,20,2,13,0,0,3.5,35.0,65.0,0.0,0,0,0,4,0,6.9
R Thapliyal,T20I,3,7,18,2,12,0,0,3.5,38.89,66.67,0.0,0,0,0,5,1,7.2
J Matharu,ODI,2,7,10,0,6,1,0,7.0,70.0,60.0,10.0,0,0,0,7,0,20.5
NG Jones,ODI,2,7,10,2,3,0,0,3.5,70.0,30.0,0.0,0,0,0,5,0,16.8
Aminul Islam Chowdhury,T20I,1,7,6,0,2,1,0,7.0,116.67,33.33,16.67,0,0,0,7,0,35.2
N Rana,ODI,1,7,14,1,7,0,0,7.0,50.0,50.0,0.0,0,0,0,7,0,12.4
NA Statham,ODI,2,7,44,2,39,0,0,3.5,15.91,88.64,0.0,0,0,0,7,1,3.5
NA Rock,ODI,2,7,23,2,16,0,0,3.5,30.43,69.57,0.0,0,0,0,5,0,5.6
Gaurav Maithani,T20I,1,7,7,1,4,1,0,7.0,100.0,57.14,14.29,0,0,0,7,0,27.9
ND McKenzie,T20I,1,7,8,0,2,0,0,7.0,87.5,25.0,0.0,0,0,0,7,0,21.2
D Siva Kumar,T20I,1,7,13,1,9,1,0,7.0,53.85,69.23,7.69,0,0,0,7,0,15.4
M Pushpakumara,ODI,1,7,19,0,12,0,0,7.0,36.84,63.16,0.0,0,0,0,7,0,8.7
DA Senthil,T20I,1,7,15,1,9,0,0,7.0,46.67,60.0,0.0,0,0,0,7,0,10.5
KO Otieno,T20I,1,7,10,1,5,0,0,7.0,70.0,50.0,0.0,0,0,0,7,0,15.2
Usama Mir,T20I,4,7,7,3,3,1,0,2.33,100.0,42.86,14.29,0,0,0,5,1,28.2
V Hristov,T20I,2,7,11,2,7,0,0,3.5,63.64,63.64,0.0,0,0,0,5,0,11.1
GA Manou,ODI,1,7,6,1,1,0,0,7.0,116.67,16.67,0.0,0,0,0,7,0,26.5
G Kuthalingham,T20I,2,7,12,1,6,0,0,7.0,58.33,50.0,0.0,0,0,0,5,0,13.6
ADR Campbell,ODI,1,7,25,1,18,0,0,7.0,28.0,72.0,0.0,0,0,0,7,0,6.5
Mohammed Shami,T20I,3,7,10,2,8,0,1,3.5,70.0,80.0,10.0,0,0,0,7,1,17.7
Tanveer Ahmed,T20I,1,7,9,0,6,1,0,7.0,77.78,66.67,11.11,0,0,0,7,0,21.3
Harshit Rana,Test,2,7,20,3,18,1,0,2.33,35.0,90.0,5.0,0,0,0,7,2,9.1
BMAJ Mendis,BBL,2,7,11,2,8,1,0,3.5,63.64,72.73,9.09,0,0,0,5,0,16.2
Muhammad Salman,T20I,3,7,12,2,8,1,0,3.5,58.33,66.67,8.33,0,0,0,6,0,15.5
LG Pretorius,IPL,2,7,8,2,3,0,0,3.5,87.5,37.5,0.0,0,0,0,7,1,18.1
Mohammed Nadeem,T20I,7,7,12,2,8,1,0,3.5,58.33,66.67,8.33,0,0,0,4,2,15.5
M Yambayamba,T20I,4,7,13,1,6,0,0,7.0,53.85,46.15,0.0,0,0,0,3,0,13.5
Syed Rasel,T20I,2,7,9,2,6,1,0,3.5,77.78,66.67,11.11,0,0,0,6,0,20.0
Adil Amin,PSL,1,7,7,0,2,1,0,7.0,100.0,28.57,14.29,0,0,0,7,0,32.0
MJ Henry,IPL,2,7,10,2,6,1,0,3.5,70.0,60.0,10.0,0,0,0,5,0,19.1
Shah Faisal,ODI,1,7,13,1,6,0,0,7.0,53.85,46.15,0.0,0,0,0,7,0,13.5
Ahmed Al Zadjali,T20I,1,7,5,1,1,1,0,7.0,140.0,20.0,20.0,0,0,0,7,0,42.6
Adnan Mufti,T20I,1,7,7,0,2,0,0,7.0,100.0,28.57,0.0,0,0,0,7,0,22.4
DG Blampied,ODI,2,7,13,2,9,1,0,3.5,53.85,69.23,7.69,0,0,0,7,1,14.0
DSK Madushanka,ODI,1,7,6,1,2,1,0,7.0,116.67,33.33,16.67,0,0,0,7,0,35.2
Zeeshan Siddiqi,ODI,1,7,21,1,17,1,0,7.0,33.33,80.95,4.76,0,0,0,7,0,10.4
Hasibul Hossain,ODI,3,7,22,1,18,0,0,7.0,31.82,81.82,0.0,0,0,0,6,0,7.1
Haroon Shahid,T20I,1,7,3,1,1,0,1,7.0,233.33,33.33,33.33,0,0,0,7,0,52.9
SN Swamy,T20I,4,7,13,2,6,0,0,3.5,53.85,46.15,0.0,0,0,0,6,1,12.2
Zahoor Ahmad,T20I,2,7,20,2,13,0,0,3.5,35.0,65.0,0.0,0,0,0,6,0,6.9
JJ Davidson,T20I,2,7,10,0,4,0,0,7.0,70.0,40.0,0.0,0,0,0,4,0,16.6
Muhammad Asjed,T20I,1,7,7,1,4,1,0,7.0,100.0,57.14,14.29,0,0,0,7,0,27.9
Aftab Hussain,T20I,3,7,5,0,1,1,0,7.0,140.0,20.0,20.0,0,0,0,5,0,42.6
Nazmul Islam,ODI,1,7,13,1,8,0,0,7.0,53.85,61.54,0.0,0,0,0,7,0,11.3
Ankit Soni,IPL,3,7,9,2,7,0,1,3.5,77.78,77.78,11.11,0,0,0,7,2,19.5
L Haskett,BBL,2,7,10,1,5,0,0,7.0,70.0,50.0,0.0,0,0,0,5,0,15.2
BA Williams,Test,1,7,11,1,8,0,0,7.0,63.64,72.73,0.0,0,0,0,7,0,11.5
JN Snape,T20I,1,7,11,1,5,0,0,7.0,63.64,45.45,0.0,0,0,0,7,0,15.0
BW Hilfenhaus,CPL,1,7,12,1,9,1,0,7.0,58.33,75.0,8.33,0,0,0,7,0,16.3
S Dhakal,ODI,6,7,41,1,36,0,0,7.0,17.07,87.8,0.0,0,0,0,4,0,5.0
I Malhotra,IPL,1,7,4,0,0,1,0,7.0,175.0,0.0,25.0,0,0,0,7,0,53.6
Naved Latif,ODI,2,7,16,2,10,0,0,3.5,43.75,62.5,0.0,0,0,0,4,0,8.5
RAS Lakmal,T20I,5,7,11,3,7,1,0,2.33,63.64,63.64,9.09,0,0,0,5,2,16.7
UA Birla,IPL,1,7,14,1,10,1,0,7.0,50.0,71.43,7.14,0,0,0,7,0,14.3
M Ibrahim,T20I,7,7,57,6,51,0,0,1.17,12.28,89.47,0.0,0,0,0,4,4,2.2
BR Hampton,PSL,1,7,7,1,3,1,0,7.0,100.0,42.86,14.29,0,0,0,7,0,29.9
JP Behrendorff,T20I,2,7,9,1,4,0,0,7.0,77.78,44.44,0.0,0,0,0,5,0,17.1
MP Kuhnemann,T20I,3,7,13,3,7,0,0,2.33,53.85,53.85,0.0,0,0,0,5,1,10.7
Saqib Anwar,T20I,5,7,25,5,21,1,0,1.4,28.0,84.0,4.0,0,0,0,4,2,7.1
Pankaj Singh,IPL,5,7,12,2,6,0,0,3.5,58.33,50.0,0.0,0,0,0,4,1,12.3
SKW Kelly,ODI,1,7,5,0,2,1,0,7.0,140.0,40.0,20.0,0,0,0,7,0,39.7
MA Carberry,T20I,1,7,7,1,4,1,0,7.0,100.0,57.14,14.29,0,0,0,7,0,27.9
Al-Amin Hossain,T20I,4,7,12,2,8,1,0,3.5,58.33,66.67,8.33,0,0,0,5,1,15.5
RP Arnold,T20I,1,7,7,1,2,0,0,7.0,100.0,28.57,0.0,0,0,0,7,0,22.4
WCA Ganegama,ODI,1,7,8,1,4,1,0,7.0,87.5,50.0,12.5,0,0,0,7,0,26.0
Surinder Singh,T20I,1,7,5,0,1,1,0,7.0,140.0,20.0,20.0,0,0,0,7,0,42.6
VS Malik,IPL,2,7,7,1,3,1,0,7.0,100.0,42.86,14.29,0,0,0,6,0,29.9
Mohammad Amir Khan,PSL,3,7,13,0,9,1,0,7.0,53.85,69.23,7.69,0,0,0,7,0,15.4
Pratis GC,T20I,5,7,11,2,6,0,0,3.5,63.64,54.55,0.0,0,0,0,6,2,12.4
Qadeer Ahmed,T20I,4,7,12,1,7,1,0,7.0,58.33,58.33,8.33,0,0,0,5,1,18.0
Dilbar Hussain,BBL,1,7,8,0,2,0,0,7.0,87.5,25.0,0.0,0,0,0,7,0,21.2
JEC Franklin,BBL,1,7,11,1,5,0,0,7.0,63.64,45.45,0.0,0,0,0,7,0,15.0
P Jayawickrama,ODI,3,7,12,1,8,1,0,7.0,58.33,66.67,8.33,0,0,0,4,0,16.8
LN O'Connor,BBL,7,7,24,4,17,0,0,1.75,29.17,70.83,0.0,0,0,0,2,2,4.7
T Zotos,T20I,4,7,9,3,6,1,0,2.33,77.78,66.67,11.11,0,0,0,6,2,19.6
Hazratullah,CPL,2,7,10,2,6,1,0,3.5,70.0,60.0,10.0,0,0,0,7,1,19.1
PRP Boissevain,T20I,2,7,14,2,11,0,0,3.5,50.0,78.57,0.0,0,0,0,7,1,8.3
Shakkir Kassim,T20I,1,7,8,1,4,1,0,7.0,87.5,50.0,12.5,0,0,0,7,0,26.0
SS Shukla,T20I,2,6,11,1,6,0,0,6.0,54.55,54.55,0.0,0,0,0,3,0,12.0
SS Shaikh,IPL,1,6,7,1,4,1,0,6.0,85.71,57.14,14.29,0,0,0,6,0,25.5
Md Shuayeb,T20I,3,6,31,2,25,0,0,3.0,19.35,80.65,0.0,0,0,0,5,1,3.8
JW Chilia,T20I,3,6,9,0,3,0,0,6.0,66.67,33.33,0.0,0,0,0,3,0,16.8
JD Alembe,T20I,4,6,13,3,11,1,0,2.0,46.15,84.62,7.69,0,0,0,6,3,12.3
TA Khetsi,T20I,3,6,10,3,7,1,0,2.0,60.0,70.0,10.0,0,0,0,4,1,15.8
K Fletcher,T20I,4,6,17,2,12,0,0,3.0,35.29,70.59,0.0,0,0,0,3,1,6.0
SRMJJ Arachchilage,T20I,2,6,12,1,7,0,0,6.0,50.0,58.33,0.0,0,0,0,6,0,10.9
Usman Qadir,CPL,1,6,14,1,8,0,0,6.0,42.86,57.14,0.0,0,0,0,6,0,10.0
DA Payne,IPL,1,6,5,0,1,0,0,6.0,120.0,20.0,0.0,0,0,0,6,0,26.1
Shiva Mani,T20I,1,6,7,0,1,0,0,6.0,85.71,14.29,0.0,0,0,0,6,0,22.1
S Draunivudi,T20I,1,6,4,0,2,1,0,6.0,150.0,50.0,25.0,0,0,0,6,0,42.6
S Tarawally,T20I,2,6,11,1,7,0,0,6.0,54.55,63.64,0.0,0,0,0,4,0,10.7
O Touray,T20I,2,6,8,2,4,0,0,3.0,75.0,50.0,0.0,0,0,0,6,1,14.4
Shoaib Khan jnr,T20I,2,6,12,2,9,0,0,3.0,50.0,75.0,0.0,0,0,0,6,1,8.1
KK Hermann,T20I,3,6,18,2,15,1,0,3.0,33.33,83.33,5.56,0,0,0,4,0,9.5
Mohamed Khan,T20I,3,6,6,2,3,1,0,3.0,100.0,50.0,16.67,0,0,0,6,2,29.0
Sai Hla Htwe,T20I,2,6,10,0,5,0,0,6.0,60.0,50.0,0.0,0,0,0,3,0,13.4
E Batkhuyag,T20I,4,6,13,3,10,1,0,2.0,46.15,76.92,7.69,0,0,0,4,1,12.3
S Gasteratos,T20I,2,6,12,2,9,1,0,3.0,50.0,75.0,8.33,0,0,0,4,0,13.6
R Dhakal,T20I,2,6,6,1,2,0,0,6.0,100.0,33.33,0.0,0,0,0,5,0,21.4
LA Doran,BBL,3,6,7,2,4,1,0,3.0,85.71,57.14,14.29,0,0,0,4,0,24.4
Yasir Shah,BBL,3,6,10,2,5,0,0,3.0,60.0,50.0,0.0,0,0,0,6,2,12.3
DG Brownlie,T20I,5,6,18,5,15,1,0,1.2,33.33,83.33,5.56,0,0,0,5,3,8.8
A Gulati,T20I,2,6,4,1,2,1,0,6.0,150.0,50.0,25.0,0,0,0,4,0,42.6
JA Rudolph,T20I,1,6,7,0,1,0,0,6.0,85.71,14.29,0.0,0,0,0,6,0,22.1
C Trott,T20I,5,6,14,2,8,0,0,3.0,42.86,57.14,0.0,0,0,0,3,2,8.9
DM Bravo,IPL,1,6,5,0,2,1,0,6.0,120.0,40.0,20.0,0,0,0,6,0,36.5
Noorullah Sidiqi,T20I,1,6,1,0,0,0,1,6.0,600.0,0.0,100.0,0,0,0,6,0,57.3
V Dhaniram,T20I,1,6,2,0,1,0,1,6.0,300.0,50.0,50.0,0,0,0,6,0,50.1
V Ateak,T20I,2,6,15,1,10,0,0,6.0,40.0,66.67,0.0,0,0,0,5,0,8.3
LM Edward,CPL,1,6,6,0,3,1,0,6.0,100.0,50.0,16.67,0,0,0,6,0,30.1
SCG MacGill,BBL,1,6,5,0,2,1,0,6.0,120.0,40.0,20.0,0,0,0,6,0,36.5
M Bhanuka,Test,1,6,17,2,14,1,0,3.0,35.29,82.35,5.88,0,0,0,5,0,10.0
M Commins,Test,2,6,26,4,23,1,0,1.5,23.08,88.46,3.85,0,0,0,5,2,6.3
M Commins,ODI,1,6,13,1,8,0,0,6.0,46.15,61.54,0.0,0,0,0,6,0,9.9
Faizan Mumtaz,T20I,3,6,15,3,11,0,0,2.0,40.0,73.33,0.0,0,0,0,4,1,6.3
DJ Worrall,ODI,1,6,4,0,1,1,0,6.0,150.0,25.0,25.0,0,0,0,6,0,46.2
MV Matsau,T20I,8,6,20,4,15,0,0,1.5,30.0,75.0,0.0,0,0,0,2,3,4.7
R Mangal,T20I,7,6,15,5,9,0,0,1.2,40.0,60.0,0.0,0,0,0,2,3,7.4
John Bartlett,T20I,2,6,16,2,11,0,0,3.0,37.5,68.75,0.0,0,0,0,5,0,6.5
M Abdulla,T20I,2,6,13,2,7,0,0,3.0,46.15,53.85,0.0,0,0,0,4,0,9.9
A Curavic,T20I,4,6,22,4,17,0,0,1.5,27.27,77.27,0.0,0,0,0,3,1,4.4
Zhao Tianle,T20I,6,6,28,6,22,0,0,1.0,21.43,78.57,0.0,0,0,0,4,3,3.4
S Norman,T20I,2,6,10,2,5,0,0,3.0,60.0,50.0,0.0,0,0,0,6,1,12.3
S Rengarajan,T20I,1,6,12,0,6,0,0,6.0,50.0,50.0,0.0,0,0,0,6,0,12.1
Shabbir Ahmed,ODI,6,6,15,3,10,0,0,2.0,40.0,66.67,0.0,0,0,0,2,0,6.8
SO Dowrich,ODI,1,6,8,1,5,1,0,6.0,75.0,62.5,12.5,0,0,0,6,0,22.1
RR Emrit,PSL,1,6,9,0,3,0,0,6.0,66.67,33.33,0.0,0,0,0,6,0,16.8
Maiwand Momand,T20I,4,6,15,2,10,0,0,3.0,40.0,66.67,0.0,0,0,0,3,1,7.2
IY Levy,T20I,2,6,12,0,8,0,0,6.0,50.0,66.67,0.0,0,0,0,3,0,9.7
NM Hauritz,T20I,2,6,10,2,7,1,0,3.0,60.0,70.0,10.0,0,0,0,4,0,16.1
SB Joshi,IPL,2,6,14,2,8,0,0,3.0,42.86,57.14,0.0,0,0,0,3,0,8.9
MT Chinouya,ODI,2,6,8,1,6,1,0,6.0,75.0,75.0,12.5,0,0,0,6,1,21.0
Manjural Islam,Test,2,6,20,2,17,0,0,3.0,30.0,85.0,0.0,0,0,0,5,0,5.3
Usman Shinwari,ODI,4,6,7,3,6,0,1,2.0,85.71,85.71,14.29,0,0,0,6,2,22.2
MQ Sheikh,ODI,2,6,20,2,15,0,0,3.0,30.0,75.0,0.0,0,0,0,4,0,5.3
A Gupta,T20I,3,6,8,1,3,0,0,6.0,75.0,37.5,0.0,0,0,0,3,0,17.3
CV Ranasinghe,T20I,3,6,13,2,7,0,0,3.0,46.15,53.85,0.0,0,0,0,4,1,9.9
RMS Eranga,T20I,1,6,7,1,4,1,0,6.0,85.71,57.14,14.29,0,0,0,6,0,25.5
SM Sharma,T20I,2,6,7,1,2,0,0,6.0,85.71,28.57,0.0,0,0,0,4,0,20.1
M Faraz Akram,ODI,2,6,12,2,9,1,0,3.0,50.0,75.0,8.33,0,0,0,5,0,13.6
Danish Jasnaik,T20I,3,6,13,3,8,0,0,2.0,46.15,61.54,0.0,0,0,0,3,0,8.4
Dane Leo,T20I,3,6,18,3,15,1,0,2.0,33.33,83.33,5.56,0,0,0,4,1,9.1
DV Macome,T20I,3,6,10,1,7,1,0,6.0,60.0,70.0,10.0,0,0,0,6,0,17.3
K Juma,T20I,5,6,9,4,6,1,0,1.5,66.67,66.67,11.11,0,0,0,6,3,17.7
MS Crane,Test,1,6,11,2,6,0,0,3.0,54.55,54.55,0.0,0,0,0,4,0,10.9
PSP Handscomb,IPL,1,6,12,1,6,0,0,6.0,50.0,50.0,0.0,0,0,0,6,0,12.1
PV Naringrekar,T20I,5,6,16,4,10,0,0,1.5,37.5,62.5,0.0,0,0,0,4,2,6.9
Vinay Iyer,T20I,1,6,10,1,7,1,0,6.0,60.0,70.0,10.0,0,0,0,6,0,17.3
SPS Shikongo,T20I,3,6,8,0,3,0,0,6.0,75.0,37.5,0.0,0,0,0,4,0,17.3
JP Behrendorff,IPL,2,6,9,0,3,0,0,6.0,66.67,33.33,0.0,0,0,0,3,0,16.8
MA Beer,Test,2,6,28,2,25,0,0,3.0,21.43,89.29,0.0,0,0,0,2,0,4.1
JE Dunford,ODI,3,6,17,3,12,0,0,2.0,35.29,70.59,0.0,0,0,0,4,1,5.7
BA Bhatt,IPL,2,6,7,1,6,0,1,6.0,85.71,85.71,14.29,0,0,0,6,1,23.7
Syed Faridoun,BBL,1,6,5,0,2,1,0,6.0,120.0,40.0,20.0,0,0,0,6,0,36.5
T Gwandu,ODI,3,6,14,1,8,0,0,6.0,42.86,57.14,0.0,0,0,0,3,0,10.0
MJ North,ODI,2,6,19,2,13,0,0,3.0,31.58,68.42,0.0,0,0,0,5,0,5.7
AS Kumaran,T20I,2,6,6,2,3,1,0,3.0,100.0,50.0,16.67,0,0,0,5,0,29.0
JP Greaves,T20I,1,6,5,1,1,0,0,6.0,120.0,20.0,0.0,0,0,0,6,0,26.1
Basiru Jaye,T20I,1,6,4,1,2,1,0,6.0,150.0,50.0,25.0,0,0,0,6,0,42.6
Q Utmanzai,T20I,1,6,9,1,3,0,0,6.0,66.67,33.33,0.0,0,0,0,6,0,16.8
JD Nel,ODI,2,6,12,0,9,1,0,6.0,50.0,75.0,8.33,0,0,0,5,0,14.8
Mustafizur Rahman,PSL,7,6,14,1,11,1,0,6.0,42.86,78.57,7.14,0,0,0,4,1,13.0
SI Kamea,T20I,7,6,16,3,11,0,0,2.0,37.5,68.75,0.0,0,0,0,2,2,6.1
L Mcfadzean,T20I,1,6,2,0,1,0,1,6.0,300.0,50.0,50.0,0,0,0,6,0,50.1
Baljinder Singh,T20I,1,6,7,1,4,1,0,6.0,85.71,57.14,14.29,0,0,0,6,0,25.5
KO Meth,T20I,1,6,6,0,1,0,0,6.0,100.0,16.67,0.0,0,0,0,6,0,23.8
JM Holland,Test,4,6,46,2,42,0,0,3.0,13.04,91.3,0.0,0,0,0,3,0,2.9
HDPK Dharmasena,Test,1,6,19,2,16,1,0,3.0,31.58,84.21,5.26,0,0,0,6,1,9.0
PLS Gamage,Test,5,6,99,4,94,0,0,1.5,6.06,94.95,0.0,0,0,0,3,1,1.4
Tauqeer Hussain,T20I,2,6,10,1,6,0,0,6.0,60.0,60.0,0.0,0,0,0,3,0,12.0
PA van Meekeren,CPL,2,6,13,1,9,0,0,6.0,46.15,69.23,0.0,0,0,0,3,0,8.8
BD Glover,T20I,6,6,12,3,9,1,0,2.0,50.0,75.0,8.33,0,0,0,4,3,13.3
BC Sahin,T20I,2,6,19,2,16,1,0,3.0,31.58,84.21,5.26,0,0,0,5,0,9.0
Shahnawaz Dhani,PSL,4,6,11,2,7,1,0,3.0,54.55,63.64,9.09,0,0,0,6,2,15.7
YS Chahal,T20I,6,6,13,2,9,0,0,3.0,46.15,69.23,0.0,0,0,0,3,0,7.7
Mohammad Taha,PSL,2,6,11,2,6,0,0,3.0,54.55,54.55,0.0,0,0,0,6,1,10.9
Saransh Jain,Test,1,6,8,1,6,1,0,6.0,75.0,75.0,12.5,0,0,0,6,0,21.0
PJ Hughes,T20I,1,6,8,1,5,1,0,6.0,75.0,62.5,12.5,0,0,0,6,0,22.1
Muhammed Basil,T20I,3,6,13,3,8,0,0,2.0,46.15,61.54,0.0,0,0,0,5,1,8.4
T Sangha,ODI,4,6,24,2,19,0,0,3.0,25.0,79.17,0.0,0,0,0,5,2,4.6
Muhammad Riazullah,PSL,1,6,9,1,3,0,0,6.0,66.67,33.33,0.0,0,0,0,6,0,16.8
E Frimpong,T20I,2,6,4,1,1,1,0,6.0,150.0,25.0,25.0,0,0,0,6,1,46.2
Mohammad Sami,CPL,1,6,9,1,3,0,0,6.0,66.67,33.33,0.0,0,0,0,6,0,16.8
M Kristensen,T20I,1,6,10,1,7,1,0,6.0,60.0,70.0,10.0,0,0,0,6,0,17.3
Z McLaughlin,T20I,2,6,16,0,10,0,0,6.0,37.5,62.5,0.0,0,0,0,4,0,8.5
W Dlamini,T20I,2,6,12,2,6,0,0,3.0,50.0,50.0,0.0,0,0,0,4,0,10.9
T Kahamker,T20I,3,6,4,1,1,1,0,6.0,150.0,25.0,25.0,0,0,0,4,0,46.2
W Ngowhuad,T20I,8,6,18,4,13,0,0,1.5,33.33,72.22,0.0,0,0,0,3,2,5.2
CR Foggo,T20I,1,6,11,1,8,1,0,6.0,54.55,72.73,9.09,0,0,0,6,0,15.9
CR Foggo,ODI,1,6,5,1,2,0,0,6.0,120.0,40.0,0.0,0,0,0,6,0,23.2
RL Johnson,Test,1,6,23,1,21,1,0,6.0,26.09,91.3,4.35,0,0,0,6,0,8.8
Aritra Bhakat,T20I,2,6,4,1,1,0,0,6.0,150.0,25.0,0.0,0,0,0,3,0,29.5
CK Langeveldt,Test,2,6,13,0,10,1,0,6.0,46.15,76.92,7.69,0,0,0,5,0,13.8
T Ramautar,T20I,4,6,23,3,17,0,0,2.0,26.09,73.91,0.0,0,0,0,2,0,4.4
JK Mukhiya,T20I,2,6,12,1,6,0,0,6.0,50.0,50.0,0.0,0,0,0,5,0,12.1
Elias Sunny,T20I,2,6,4,2,1,1,0,3.0,150.0,25.0,25.0,0,0,0,5,0,45.1
Absar Khan,T20I,2,6,9,1,4,0,0,6.0,66.67,44.44,0.0,0,0,0,4,0,15.2
M Stoman,T20I,1,6,1,0,0,0,1,6.0,600.0,0.0,100.0,0,0,0,6,0,57.3
T Panyangara,T20I,4,6,10,1,7,1,0,6.0,60.0,70.0,10.0,0,0,0,4,0,17.3
MJ Humphreys,ODI,3,6,10,1,7,1,0,6.0,60.0,70.0,10.0,0,0,0,4,1,17.3
JN Kalita,WPL,4,6,8,2,3,0,0,3.0,75.0,37.5,0.0,0,0,0,3,1,16.2
PP Chawla,Test,3,6,23,3,20,1,0,2.0,26.09,86.96,4.35,0,0,0,4,0,7.3
PC Connell,ODI,2,6,23,2,21,1,0,3.0,26.09,91.3,4.35,0,0,0,6,1,7.7
Fazalhaq Farooqi,IPL,3,5,15,0,10,0,0,5.0,33.33,66.67,0.0,0,0,0,2,0,7.0
RJ Sidebottom,T20I,1,5,4,0,2,1,0,5.0,125.0,50.0,25.0,0,0,0,5,0,38.8
Luo Shilin,T20I,7,5,36,4,29,0,0,1.25,13.89,80.56,0.0,0,0,0,3,2,2.4
ML Cummins,ODI,2,5,9,1,7,1,0,5.0,55.56,77.78,11.11,0,0,0,4,0,17.0
Adnan Anwar,T20I,1,5,2,0,0,1,0,5.0,250.0,0.0,50.0,0,0,0,5,0,56.9
PDRL Perera,ODI,4,5,9,2,4,0,0,2.5,55.56,44.44,0.0,0,0,0,4,2,12.3
S Bogdos,T20I,3,5,21,3,17,0,0,1.67,23.81,80.95,0.0,0,0,0,2,0,3.9
M Sidibe,T20I,3,5,21,3,19,1,0,1.67,23.81,90.48,4.76,0,0,0,5,2,7.1
MJ Hoggard,ODI,2,5,11,2,7,0,0,2.5,45.45,63.64,0.0,0,0,0,5,1,8.2
WL Madsen,PSL,2,5,19,2,14,0,0,2.5,26.32,73.68,0.0,0,0,0,5,1,4.6
Naumanullah,ODI,1,5,4,1,2,1,0,5.0,125.0,50.0,25.0,0,0,0,5,0,38.8
Nauman Ali,PSL,2,5,7,2,3,0,0,2.5,71.43,42.86,0.0,0,0,0,3,0,14.7
T Hinds,T20I,1,5,3,0,1,1,0,5.0,166.67,33.33,33.33,0,0,0,5,0,50.3
J Blades,T20I,3,5,13,0,8,0,0,5.0,38.46,61.54,0.0,0,0,0,3,0,8.4
MS Atapattu,T20I,1,5,8,1,3,0,0,5.0,62.5,37.5,0.0,0,0,0,5,0,15.2
MP Yadav,IPL,1,5,5,1,3,1,0,5.0,100.0,60.0,20.0,0,0,0,5,0,30.5
VRB Arachchige,T20I,1,5,3,0,1,1,0,5.0,166.67,33.33,33.33,0,0,0,5,0,50.3
RD Chahar,T20I,1,5,5,1,3,1,0,5.0,100.0,60.0,20.0,0,0,0,5,0,30.5
CE McConchie,PSL,2,5,10,2,5,0,0,2.5,50.0,50.0,0.0,0,0,0,3,0,10.7
T Sumiya,T20I,4,5,25,2,22,0,0,2.5,20.0,88.0,0.0,0,0,0,4,1,3.7
T Cross,T20I,1,5,10,1,6,0,0,5.0,50.0,60.0,0.0,0,0,0,5,0,10.3
T Bhatia,WPL,5,5,17,4,12,0,0,1.25,29.41,70.59,0.0,0,0,0,4,2,4.6
Asif Javed,T20I,1,5,4,1,2,1,0,5.0,125.0,50.0,25.0,0,0,0,5,0,38.8
Razaullah,PSL,1,5,10,1,5,0,0,5.0,50.0,50.0,0.0,0,0,0,5,0,11.7
Arshad Iqbal,PSL,4,5,11,1,6,0,0,5.0,45.45,54.55,0.0,0,0,0,2,0,10.4
Tanbir Hayder,ODI,2,5,16,2,11,0,0,2.5,31.25,68.75,0.0,0,0,0,3,0,5.5
Mokbul Ahammed,T20I,1,5,16,1,11,0,0,5.0,31.25,68.75,0.0,0,0,0,5,0,6.4
Mohsin Zaki,T20I,2,5,9,0,5,0,0,5.0,55.56,55.56,0.0,0,0,0,4,0,11.7
SK Gedara,T20I,1,5,5,0,1,0,0,5.0,100.0,20.0,0.0,0,0,0,5,0,22.9
SG Whittingham,ODI,3,5,14,2,10,0,0,2.5,35.71,71.43,0.0,0,0,0,3,0,5.9
Mohammad Khalil,Test,1,5,23,2,21,1,0,2.5,21.74,91.3,4.35,0,0,0,5,1,6.9
RT Lyons,ODI,1,5,3,0,1,1,0,5.0,166.67,33.33,33.33,0,0,0,5,0,50.3
Arif Ullah,T20I,1,5,6,0,4,1,0,5.0,83.33,66.67,16.67,0,0,0,5,0,25.0
MD Garratt,T20I,2,5,18,2,14,0,0,2.5,27.78,77.78,0.0,0,0,0,4,0,4.8
A Shahzad,Test,1,5,12,1,10,1,0,5.0,41.67,83.33,8.33,0,0,0,5,0,13.2
Ashwani Kumari,WPL,1,5,5,1,1,0,0,5.0,100.0,20.0,0.0,0,0,0,5,0,22.9
NO Miller,Test,1,5,57,2,53,0,0,2.5,8.77,92.98,0.0,0,0,0,5,1,2.2
AG Prince,T20I,1,5,6,1,1,0,0,5.0,83.33,16.67,0.0,0,0,0,5,0,21.1
MKDI Amerasinghe,ODI,3,5,7,0,5,1,0,5.0,71.43,71.43,14.29,0,0,0,5,0,21.3
CS Martin,T20I,1,5,6,0,1,0,0,5.0,83.33,16.67,0.0,0,0,0,5,0,21.1
RT Crandon,ODI,1,5,9,1,7,1,0,5.0,55.56,77.78,11.11,0,0,0,5,0,17.0
JL Pattinson,T20I,1,5,3,0,1,1,0,5.0,166.67,33.33,33.33,0,0,0,5,0,50.3
Mohammad Salman,T20I,1,5,6,1,2,0,0,5.0,83.33,33.33,0.0,0,0,0,5,0,18.7
Aijaz Ali,ODI,2,5,11,2,8,1,0,2.5,45.45,72.73,9.09,0,0,0,4,0,13.3
SG Borthwick,Test,1,5,19,2,17,1,0,2.5,26.32,89.47,5.26,0,0,0,4,0,8.1
SJ Srivastava,IPL,4,5,5,1,1,0,0,5.0,100.0,20.0,0.0,0,0,0,3,1,22.9
Muhammad Saqlain,T20I,7,5,17,5,15,1,0,1.0,29.41,88.24,5.88,0,0,0,4,4,8.4
S Waqabaca,T20I,3,5,20,0,16,0,0,5.0,25.0,80.0,0.0,0,0,0,2,0,5.4
DR Tuffey,T20I,2,5,5,1,3,1,0,5.0,100.0,60.0,20.0,0,0,0,5,1,30.5
JN Hamilton,Test,1,5,61,2,58,0,0,2.5,8.2,95.08,0.0,0,0,0,5,1,2.1
JN Hamilton,ODI,1,5,16,1,11,0,0,5.0,31.25,68.75,0.0,0,0,0,5,0,6.4
Saurabh Kumar,T20I,4,5,26,4,21,0,0,1.25,19.23,80.77,0.0,0,0,0,2,1,3.1
Husnain Kabeer,T20I,1,5,6,1,3,0,0,5.0,83.33,50.0,0.0,0,0,0,5,0,16.3
Hunain Shah,CPL,2,5,8,1,5,0,0,5.0,62.5,62.5,0.0,0,0,0,5,0,11.6
DE Johnson,CPL,3,5,5,2,3,1,0,2.5,100.0,60.0,20.0,0,0,0,4,1,29.6
R Telemachus,T20I,1,5,3,0,0,0,0,5.0,166.67,0.0,0.0,0,0,0,5,0,35.0
J Sebanja,T20I,4,5,8,3,3,0,0,1.67,62.5,37.5,0.0,0,0,0,2,0,14.0
Ankit Dubey,T20I,1,5,3,0,0,0,0,5.0,166.67,0.0,0.0,0,0,0,5,0,35.0
Zaheer Maqsood,ODI,1,5,10,0,7,1,0,5.0,50.0,70.0,10.0,0,0,0,5,0,15.5
D Kegasitswe,T20I,2,5,11,0,7,0,0,5.0,45.45,63.64,0.0,0,0,0,4,0,9.1
Junaid Siddique (2),T20I,5,5,18,4,13,0,0,1.25,27.78,72.22,0.0,0,0,0,3,2,4.3
G Snyman,ODI,4,5,9,4,7,1,0,1.25,55.56,77.78,11.11,0,0,0,5,3,15.6
G Riley,T20I,3,5,22,3,18,0,0,1.67,22.73,81.82,0.0,0,0,0,3,1,3.8
J Proctor,T20I,3,5,18,2,15,0,0,2.5,27.78,83.33,0.0,0,0,0,5,1,4.8
GD McGrath,T20I,1,5,12,1,9,0,0,5.0,41.67,75.0,0.0,0,0,0,5,0,7.7
O Isiyaku,T20I,2,5,14,0,10,0,0,5.0,35.71,71.43,0.0,0,0,0,4,0,6.8
Ismail Sardar,T20I,2,5,16,2,12,0,0,2.5,31.25,75.0,0.0,0,0,0,3,0,5.3
Nouman Butt,T20I,1,5,10,1,8,1,0,5.0,50.0,80.0,10.0,0,0,0,5,0,15.5
Norman Sankar,T20I,2,5,12,2,10,1,0,2.5,41.67,83.33,8.33,0,0,0,4,0,12.3
DL Richards,T20I,2,5,5,1,3,1,0,5.0,100.0,60.0,20.0,0,0,0,4,0,30.5
MJ Fourie,ODI,2,5,12,1,7,0,0,5.0,41.67,58.33,0.0,0,0,0,4,0,9.3
Ajhar Alam,T20I,3,5,11,2,6,0,0,2.5,45.45,54.55,0.0,0,0,0,4,1,9.5
Mukesh Kumar,T20I,3,5,5,1,3,1,0,5.0,100.0,60.0,20.0,0,0,0,4,1,30.5
P Taylor,T20I,1,5,7,1,3,0,0,5.0,71.43,42.86,0.0,0,0,0,5,0,15.7
YJC Altamirano,T20I,5,5,20,4,16,0,0,1.25,25.0,80.0,0.0,0,0,0,3,2,3.9
KMDN Kulasekara,IPL,1,5,3,0,1,1,0,5.0,166.67,33.33,33.33,0,0,0,5,0,50.3
Prince Yadav,IPL,3,5,11,0,6,0,0,5.0,45.45,54.55,0.0,0,0,0,4,0,10.4
A Zampa,CPL,2,5,6,2,2,0,0,2.5,83.33,33.33,0.0,0,0,0,3,0,17.8
Kamal Raiz,T20I,1,5,10,1,5,0,0,5.0,50.0,50.0,0.0,0,0,0,5,0,11.7
Kalyan Manne,T20I,1,5,3,1,1,1,0,5.0,166.67,33.33,33.33,0,0,0,5,0,50.3
D Svilicic,T20I,4,5,15,2,10,0,0,2.5,33.33,66.67,0.0,0,0,0,4,1,6.0
Ikbal Hossain,T20I,1,5,3,0,1,1,0,5.0,166.67,33.33,33.33,0,0,0,5,0,50.3
Joginder Sharma,ODI,1,5,2,0,0,1,0,5.0,250.0,0.0,50.0,0,0,0,5,0,56.9
Ma Qiancheng,T20I,8,5,48,6,43,0,0,0.83,10.42,89.58,0.0,0,0,0,2,3,1.8
Jubair Hossain,ODI,1,5,9,1,7,1,0,5.0,55.56,77.78,11.11,0,0,0,5,0,17.0
C Sakariya,T20I,1,5,9,0,4,0,0,5.0,55.56,44.44,0.0,0,0,0,5,0,13.3
Parvez Rasool,T20I,1,5,6,1,1,0,0,5.0,83.33,16.67,0.0,0,0,0,5,0,21.1
Musa Khan Ahmadzai,T20I,4,5,12,1,8,0,0,5.0,41.67,66.67,0.0,0,0,0,2,0,8.1
B Vakatini,T20I,3,5,9,3,6,0,0,1.67,55.56,66.67,0.0,0,0,0,5,2,8.8
B Stanlake,IPL,1,5,2,0,0,1,0,5.0,250.0,0.0,50.0,0,0,0,5,0,56.9
B Siddharth,T20I,3,5,10,3,8,1,0,1.67,50.0,80.0,10.0,0,0,0,5,2,14.2
JP Cabrera,T20I,1,5,5,0,3,1,0,5.0,100.0,60.0,20.0,0,0,0,5,0,30.5
AZ Shah,T20I,2,5,17,1,12,0,0,5.0,29.41,70.59,0.0,0,0,0,4,0,6.0
Badal Singh,ODI,1,5,12,1,7,0,0,5.0,41.67,58.33,0.0,0,0,0,5,0,9.3
Mahmudul Hasan Joy,T20I,2,5,10,2,5,0,0,2.5,50.0,50.0,0.0,0,0,0,5,1,10.7
AM McCarthy,T20I,1,5,8,1,4,0,0,5.0,62.5,50.0,0.0,0,0,0,5,0,13.4
M Mwamadi,T20I,3,5,10,0,5,0,0,5.0,50.0,50.0,0.0,0,0,0,3,0,11.7
Sivakumar,T20I,2,5,10,0,6,0,0,5.0,50.0,60.0,0.0,0,0,0,3,0,10.3
EDS Pimheiro,T20I,6,5,31,4,26,0,0,1.25,16.13,83.87,0.0,0,0,0,2,2,2.7
MH Oman,T20I,3,5,21,2,16,0,0,2.5,23.81,76.19,0.0,0,0,0,2,0,4.3
TCR Kimber,T20I,3,5,13,3,8,0,0,1.67,38.46,61.54,0.0,0,0,0,2,0,7.2
U Bhagwan,T20I,2,5,4,1,2,1,0,5.0,125.0,50.0,25.0,0,0,0,4,0,38.8
S Dhaniram,T20I,2,5,8,2,3,0,0,2.5,62.5,37.5,0.0,0,0,0,4,0,14.3
Bashir Ahmad,T20I,1,5,4,1,2,1,0,5.0,125.0,50.0,25.0,0,0,0,5,0,38.8
Sakib Hussain,IPL,1,5,7,0,5,1,0,5.0,71.43,71.43,14.29,0,0,0,5,0,21.3
Raja Adeel,T20I,6,5,13,4,9,0,0,1.25,38.46,69.23,0.0,0,0,0,2,1,5.9
JD Smith,BBL,1,5,9,1,4,0,0,5.0,55.56,44.44,0.0,0,0,0,5,0,13.3
JC Archer,PSL,1,5,4,1,2,1,0,5.0,125.0,50.0,25.0,0,0,0,5,0,38.8
Aamer Jamal,ODI,2,5,9,0,7,1,0,5.0,55.56,77.78,11.11,0,0,0,5,0,17.0
Yasir Mohammad,ODI,2,5,20,2,16,0,0,2.5,25.0,80.0,0.0,0,0,0,3,0,4.4
NB Budayair,T20I,2,5,16,2,11,0,0,2.5,31.25,68.75,0.0,0,0,0,5,1,5.5
NAM McLean,ODI,1,5,7,1,3,0,0,5.0,71.43,42.86,0.0,0,0,0,5,0,15.7
Komal Zanzad,WPL,1,5,7,0,2,0,0,5.0,71.43,28.57,0.0,0,0,0,5,0,17.7
R Mbaiwa,T20I,2,5,14,2,10,0,0,2.5,35.71,71.43,0.0,0,0,0,3,0,5.9
MW Parkinson,T20I,4,5,11,4,9,1,0,1.25,45.45,81.82,9.09,0,0,0,5,3,12.8
Junaid Siddique (2),ODI,4,5,17,1,12,0,0,5.0,29.41,70.59,0.0,0,0,0,2,0,6.0
S Franklin,T20I,1,5,6,1,2,0,0,5.0,83.33,33.33,0.0,0,0,0,5,0,18.7
S Elayaperumal,T20I,4,5,21,4,16,0,0,1.25,23.81,76.19,0.0,0,0,0,3,1,3.8
N Fernandes,ODI,1,5,13,1,8,0,0,5.0,38.46,61.54,0.0,0,0,0,5,0,8.4
Shivam Sharma,IPL,2,5,3,1,1,1,0,5.0,166.67,33.33,33.33,0,0,0,4,0,50.3
Dhananjay Rao,T20I,3,5,8,3,5,0,0,1.67,62.5,62.5,0.0,0,0,0,5,2,10.4
Joshua Asia,T20I,7,5,19,5,15,0,0,1.0,26.32,78.95,0.0,0,0,0,2,3,4.0
Umran Malik,T20I,2,5,2,0,0,1,0,5.0,250.0,0.0,50.0,0,0,0,4,0,56.9
Greg Scott,T20I,1,5,14,1,9,0,0,5.0,35.71,64.29,0.0,0,0,0,5,0,7.7
Sagor Hossain,T20I,2,5,12,2,7,0,0,2.5,41.67,58.33,0.0,0,0,0,4,0,8.4
Usman Shinwari,BBL,2,5,6,0,2,0,0,5.0,83.33,33.33,0.0,0,0,0,3,0,18.7
N Kruger,ODI,1,5,20,1,17,0,0,5.0,25.0,85.0,0.0,0,0,0,5,0,5.4
P Awana,IPL,5,5,14,2,9,0,0,2.5,35.71,64.29,0.0,0,0,0,4,2,6.7
P Abhijit,T20I,2,5,9,2,7,1,0,2.5,55.56,77.78,11.11,0,0,0,5,1,16.1
Aminullah Tanha,T20I,4,5,20,4,18,1,0,1.25,25.0,90.0,5.0,0,0,0,4,2,7.3
JA Chohan,BBL,1,5,4,0,2,1,0,5.0,125.0,50.0,25.0,0,0,0,5,0,38.8
NA Gordon,CPL,3,5,9,2,7,1,0,2.5,55.56,77.78,11.11,0,0,0,5,2,16.1
Mansoor Shah,T20I,3,5,7,2,3,0,0,2.5,71.43,42.86,0.0,0,0,0,2,0,14.7
Mansoor Amjad,ODI,1,5,10,1,5,0,0,5.0,50.0,50.0,0.0,0,0,0,5,0,11.7
R Dhakal,ODI,2,5,6,1,2,0,0,5.0,83.33,33.33,0.0,0,0,0,4,0,18.7
R Johnson,T20I,2,5,10,2,8,1,0,2.5,50.0,80.0,10.0,0,0,0,5,1,14.6
JW Hastings,PSL,2,5,8,1,6,1,0,5.0,62.5,75.0,12.5,0,0,0,5,1,18.9
Rohan Bhavesh Patel,T20I,2,5,8,0,3,0,0,5.0,62.5,37.5,0.0,0,0,0,3,0,15.2
B Laughlin,IPL,4,5,13,2,8,0,0,2.5,38.46,61.54,0.0,0,0,0,4,2,7.5
P Bhart,T20I,4,5,25,2,20,0,0,2.5,20.0,80.0,0.0,0,0,0,2,1,3.7
IG Butler,T20I,5,5,10,1,5,0,0,5.0,50.0,50.0,0.0,0,0,0,2,0,11.7
TJ Ramphoma,T20I,2,5,8,2,5,0,0,2.5,62.5,62.5,0.0,0,0,0,5,1,10.7
N M'shangwe,T20I,2,5,4,1,2,1,0,5.0,125.0,50.0,25.0,0,0,0,5,1,38.8
Miguel Silva,T20I,2,5,5,1,2,0,0,5.0,100.0,40.0,0.0,0,0,0,5,1,20.1
Codi Yusuf,ODI,1,5,11,1,9,1,0,5.0,45.45,81.82,9.09,0,0,0,5,0,14.3
Bipin Kumar,T20I,2,5,12,2,7,0,0,2.5,41.67,58.33,0.0,0,0,0,3,0,8.4
Sadat Said,T20I,1,5,2,0,0,1,0,5.0,250.0,0.0,50.0,0,0,0,5,0,56.9
T Kamungozi,Test,1,5,10,2,6,0,0,2.5,50.0,60.0,0.0,0,0,0,5,1,9.3
J Drysdale,T20I,3,5,5,1,3,1,0,5.0,100.0,60.0,20.0,0,0,0,4,1,30.5
Ashish Rana,T20I,2,5,8,1,4,0,0,5.0,62.5,50.0,0.0,0,0,0,4,0,13.4
Asad Mohammad,T20I,1,5,5,1,3,1,0,5.0,100.0,60.0,20.0,0,0,0,5,0,30.5
J Edwards,T20I,1,5,6,1,3,0,0,5.0,83.33,50.0,0.0,0,0,0,5,0,16.3
M Ansari,T20I,3,5,9,0,3,0,0,5.0,55.56,33.33,0.0,0,0,0,3,0,14.8
S Prasanna,Test,1,5,12,1,8,0,0,5.0,41.67,66.67,0.0,0,0,0,5,0,8.1
RK Whelan,ODI,2,5,12,2,10,1,0,2.5,41.67,83.33,8.33,0,0,0,5,1,12.3
LW Potthoff,T20I,1,5,9,0,5,0,0,5.0,55.56,55.56,0.0,0,0,0,5,0,11.7
LP Kasturiarachchige,T20I,1,5,3,0,1,1,0,5.0,166.67,33.33,33.33,0,0,0,5,0,50.3
A Valthapa,T20I,1,5,12,1,10,1,0,5.0,41.67,83.33,8.33,0,0,0,5,0,13.2
D Paterson,T20I,2,5,2,1,0,1,0,5.0,250.0,0.0,50.0,0,0,0,4,0,56.9
Arshad Khan (2),IPL,1,5,4,1,2,1,0,5.0,125.0,50.0,25.0,0,0,0,5,0,38.8
Khawar Zafar,T20I,1,5,3,1,1,1,0,5.0,166.67,33.33,33.33,0,0,0,5,0,50.3
SMSM Senanayake,Test,1,5,15,1,13,1,0,5.0,33.33,86.67,6.67,0,0,0,5,0,11.0
SP Terry,BBL,1,4,5,1,2,0,0,4.0,80.0,40.0,0.0,0,0,0,4,0,16.9
CR Suryawanshi,T20I,2,4,6,2,2,0,0,2.0,66.67,33.33,0.0,0,0,0,4,1,15.3
CRD Fernando,IPL,2,4,3,0,0,0,0,4.0,133.33,0.0,0.0,0,0,0,2,0,30.0
Farhan Ahmed,T20I,1,4,8,1,4,0,0,4.0,50.0,50.0,0.0,0,0,0,4,0,11.3
Fawad Ahmed,ODI,1,4,2,0,1,1,0,4.0,200.0,50.0,50.0,0,0,0,4,0,49.4
Kaung Htet Kyaw,T20I,2,4,10,2,6,0,0,2.0,40.0,60.0,0.0,0,0,0,2,0,7.7
Kaung Ko Ko,T20I,2,4,6,1,3,0,0,4.0,66.67,50.0,0.0,0,0,0,3,0,13.6
Khalander Mustafa,T20I,1,4,1,0,0,1,0,4.0,400.0,0.0,100.0,0,0,0,4,0,56.5
Ravi Bishnoi,ODI,1,4,2,0,0,1,0,4.0,200.0,0.0,50.0,0,0,0,4,0,56.5
Ravi Singh,IPL,1,4,2,1,1,1,0,4.0,200.0,50.0,50.0,0,0,0,4,0,49.4
T Natarajan,IPL,3,4,7,0,3,0,0,4.0,57.14,42.86,0.0,0,0,0,3,0,13.3
Lemar Momand,T20I,3,4,10,1,6,0,0,4.0,40.0,60.0,0.0,0,0,0,2,1,8.5
NT Pascal,CPL,1,4,4,0,1,0,0,4.0,100.0,25.0,0.0,0,0,0,4,0,21.8
Naiem Bameri,T20I,1,4,15,1,10,0,0,4.0,26.67,66.67,0.0,0,0,0,4,0,5.7
J Chaturanga,T20I,2,4,7,2,4,0,0,2.0,57.14,57.14,0.0,0,0,0,4,1,10.5
T Makaya,T20I,3,4,6,2,5,1,0,2.0,66.67,83.33,16.67,0,0,0,4,2,21.1
Zikria Islam,T20I,4,4,15,2,12,0,0,2.0,26.67,80.0,0.0,0,0,0,4,2,4.5
Gaba Frank,T20I,1,4,8,1,5,0,0,4.0,50.0,62.5,0.0,0,0,0,4,0,9.5
Cihan Altun,T20I,1,4,2,1,1,1,0,4.0,200.0,50.0,50.0,0,0,0,4,0,49.4
LKW Ezechiel,T20I,4,4,25,3,22,0,0,1.33,16.0,88.0,0.0,0,0,0,4,2,2.7
Usman Tariq,CPL,1,4,2,0,1,1,0,4.0,200.0,50.0,50.0,0,0,0,4,0,49.4
JT Ball,BBL,1,4,6,1,5,1,0,4.0,66.67,83.33,16.67,0,0,0,4,0,21.9
DP Nannes,IPL,2,4,13,1,9,0,0,4.0,30.77,69.23,0.0,0,0,0,3,0,5.9
C Connolly,Test,1,4,6,1,5,1,0,4.0,66.67,83.33,16.67,0,0,0,4,0,21.9
V Mitari,T20I,5,4,11,3,7,0,0,1.33,36.36,63.64,0.0,0,0,0,2,2,6.5
N Thushara,T20I,8,4,24,1,21,0,0,4.0,16.67,87.5,0.0,0,0,0,2,1,3.8
Simba Mbaki,T20I,1,4,7,1,4,0,0,4.0,57.14,57.14,0.0,0,0,0,4,0,11.3
N Katechis,T20I,2,4,17,1,13,0,0,4.0,23.53,76.47,0.0,0,0,0,3,0,4.8
Ghazi Ghori,PSL,1,4,5,1,2,0,0,4.0,80.0,40.0,0.0,0,0,0,4,0,16.9
Bikram Sob,ODI,4,4,17,3,13,0,0,1.33,23.53,76.47,0.0,0,0,0,2,0,3.8
Guillermo Aburto,T20I,2,4,10,2,9,1,0,2.0,40.0,90.0,10.0,0,0,0,4,1,13.0
Rony Talukdar,ODI,1,4,14,1,13,1,0,4.0,28.57,92.86,7.14,0,0,0,4,0,10.2
Rizwan Mangera,T20I,3,4,22,3,18,0,0,1.33,18.18,81.82,0.0,0,0,0,2,1,3.0
B Leo,T20I,3,4,12,1,8,0,0,4.0,33.33,66.67,0.0,0,0,0,4,1,6.6
V Nagpaul,T20I,2,4,6,1,3,0,0,4.0,66.67,50.0,0.0,0,0,0,2,0,13.6
C Cassell,ODI,1,4,5,1,3,0,0,4.0,80.0,60.0,0.0,0,0,0,4,0,14.0
R Parkin,T20I,2,4,4,2,3,1,0,2.0,100.0,75.0,25.0,0,0,0,4,1,31.3
DT Doram,T20I,3,4,6,0,3,0,0,4.0,66.67,50.0,0.0,0,0,0,2,0,13.6
ID Blackwell,Test,1,4,16,1,12,0,0,4.0,25.0,75.0,0.0,0,0,0,4,0,5.0
IW Budiarta,T20I,3,4,5,2,4,1,0,2.0,80.0,80.0,20.0,0,0,0,4,2,25.2
Ibrar Ahmad,ODI,2,4,14,2,10,0,0,2.0,28.57,71.43,0.0,0,0,0,3,0,4.7
Komang Putra,T20I,1,4,6,0,3,0,0,4.0,66.67,50.0,0.0,0,0,0,4,0,13.6
JA Warrican,CPL,1,4,5,1,2,0,0,4.0,80.0,40.0,0.0,0,0,0,4,0,16.9
DP Nannes,BBL,4,4,6,1,2,0,0,4.0,66.67,33.33,0.0,0,0,0,2,0,16.0
M Musinguzi,T20I,1,4,4,0,2,0,0,4.0,100.0,50.0,0.0,0,0,0,4,0,18.3
N Advani,T20I,4,4,13,3,9,0,0,1.33,30.77,69.23,0.0,0,0,0,2,2,4.9
RW Staple,ODI,2,4,11,2,10,1,0,2.0,36.36,90.91,9.09,0,0,0,4,1,11.9
RS Sodhi,IPL,1,4,2,0,1,1,0,4.0,200.0,50.0,50.0,0,0,0,4,0,49.4
Al-Amin Hossain,ODI,6,4,20,2,16,0,0,2.0,20.0,80.0,0.0,0,0,0,2,2,3.5
Mohammad Hafeez,BBL,1,4,6,1,5,1,0,4.0,66.67,83.33,16.67,0,0,0,4,0,21.9
UWMBCA Welegedara,ODI,3,4,9,1,5,0,0,4.0,44.44,55.56,0.0,0,0,0,2,0,9.7
A Tomar,IPL,1,4,8,1,7,1,0,4.0,50.0,87.5,12.5,0,0,0,4,0,16.8
TD Astle,T20I,2,4,10,2,7,0,0,2.0,40.0,70.0,0.0,0,0,0,3,0,6.3
Altaf Gill,T20I,2,4,18,2,15,0,0,2.0,22.22,83.33,0.0,0,0,0,3,0,3.8
MG Gale,BBL,2,4,10,0,7,0,0,4.0,40.0,70.0,0.0,0,0,0,4,0,7.1
MG Johnson,BBL,1,4,6,0,2,0,0,4.0,66.67,33.33,0.0,0,0,0,4,0,16.0
GJ Batty,T20I,1,4,7,1,3,0,0,4.0,57.14,42.86,0.0,0,0,0,4,0,13.3
FN Walsh,T20I,2,4,7,1,3,0,0,4.0,57.14,42.86,0.0,0,0,0,3,0,13.3
FH Edwards,IPL,2,4,5,1,3,0,0,4.0,80.0,60.0,0.0,0,0,0,3,0,14.0
M Morkel,BBL,2,4,11,2,9,0,0,2.0,36.36,81.82,0.0,0,0,0,2,0,5.8
Bhumeshswar Jagroo,T20I,2,4,8,1,7,1,0,4.0,50.0,87.5,12.5,0,0,0,4,1,16.8
D Faletar,T20I,3,4,15,2,14,1,0,2.0,26.67,93.33,6.67,0,0,0,4,2,8.9
Munthir Al Balushi,T20I,1,4,9,1,5,0,0,4.0,44.44,55.56,0.0,0,0,0,4,0,9.7
B Stanlake,ODI,6,4,29,3,25,0,0,1.33,13.79,86.21,0.0,0,0,0,2,1,2.4
L Ngidi,IPL,4,4,9,2,5,0,0,2.0,44.44,55.56,0.0,0,0,0,3,1,9.0
Alfredo Puentes,T20I,1,4,14,0,10,0,0,4.0,28.57,71.43,0.0,0,0,0,4,0,5.5
Mohammad Irfan (5),PSL,2,4,3,1,2,1,0,4.0,133.33,66.67,33.33,0,0,0,4,1,40.5
H Klazinge,T20I,5,4,8,2,4,0,0,2.0,50.0,50.0,0.0,0,0,0,2,0,10.6
AM Ghazanfar,CPL,2,4,8,1,5,0,0,4.0,50.0,62.5,0.0,0,0,0,3,0,9.5
MWA van Nierop,ODI,1,4,14,1,13,1,0,4.0,28.57,92.86,7.14,0,0,0,4,0,10.2
C Tchale,T20I,4,4,9,4,8,1,0,1.0,44.44,88.89,11.11,0,0,0,4,3,14.0
D Simpson,T20I,1,4,5,1,2,0,0,4.0,80.0,40.0,0.0,0,0,0,4,0,16.9
Imran Haider,T20I,2,4,8,0,4,0,0,4.0,50.0,50.0,0.0,0,0,0,4,0,11.3
Aue Oru,T20I,1,4,11,1,7,0,0,4.0,36.36,63.64,0.0,0,0,0,4,0,7.5
A van der Merwe,ODI,1,4,4,0,0,0,0,4.0,100.0,0.0,0.0,0,0,0,4,0,25.4
Priya Mishra,WPL,4,4,14,2,10,0,0,2.0,28.57,71.43,0.0,0,0,0,2,0,4.7
H Durham,ODI,1,4,14,1,11,0,0,4.0,28.57,78.57,0.0,0,0,0,4,0,5.5
Mohammad Hasnain,BBL,2,4,3,0,2,1,0,4.0,133.33,66.67,33.33,0,0,0,4,0,40.5
JOA Gordon,T20I,3,4,8,1,4,0,0,4.0,50.0,50.0,0.0,0,0,0,2,0,11.3
MJ McClenaghan,PSL,1,4,2,1,1,1,0,4.0,200.0,50.0,50.0,0,0,0,4,0,49.4
Shan Siddiqui,T20I,1,4,3,1,2,1,0,4.0,133.33,66.67,33.33,0,0,0,4,0,40.5
PA Desai,T20I,1,4,7,0,3,0,0,4.0,57.14,42.86,0.0,0,0,0,4,0,13.3
Waqar Ali,T20I,3,4,6,1,2,0,0,4.0,66.67,33.33,0.0,0,0,0,2,0,16.0
JE Scott,T20I,2,4,7,2,4,0,0,2.0,57.14,57.14,0.0,0,0,0,4,1,10.5
GE Mathurin,T20I,2,4,5,0,1,0,0,4.0,80.0,20.0,0.0,0,0,0,3,0,19.8
R Wilson,Test,1,4,16,2,15,1,0,2.0,25.0,93.75,6.25,0,0,0,4,1,8.4
CA Philipson,BBL,2,4,15,2,11,0,0,2.0,26.67,73.33,0.0,0,0,0,2,0,4.5
VAB Tewarie,ODI,1,4,22,1,18,0,0,4.0,18.18,81.82,0.0,0,0,0,4,0,4.0
ADL Stokoe,T20I,1,4,9,1,7,0,0,4.0,44.44,77.78,0.0,0,0,0,4,0,7.7
Syed Ali Gillani,T20I,2,4,4,0,0,0,0,4.0,100.0,0.0,0.0,0,0,0,3,0,25.4
NJ Reardon,T20I,1,4,8,1,4,0,0,4.0,50.0,50.0,0.0,0,0,0,4,0,11.3
Du Jianyao,T20I,2,4,12,2,8,0,0,2.0,33.33,66.67,0.0,0,0,0,3,0,5.9
ST Gabriel,CPL,6,4,11,2,7,0,0,2.0,36.36,63.64,0.0,0,0,0,2,2,6.7
GD McGrath,IPL,2,4,5,1,4,1,0,4.0,80.0,80.0,20.0,0,0,0,4,1,26.0
K Moses,T20I,2,4,6,1,3,0,0,4.0,66.67,50.0,0.0,0,0,0,2,0,13.6
VRV Singh,IPL,2,4,3,2,2,1,0,2.0,133.33,66.67,33.33,0,0,0,4,1,39.7
Nazmul Islam,Test,1,4,16,2,15,1,0,2.0,25.0,93.75,6.25,0,0,0,4,1,8.4
Neeraj Mishra,T20I,3,4,9,2,8,1,0,2.0,44.44,88.89,11.11,0,0,0,4,2,14.3
D Mullen,T20I,2,4,5,1,2,0,0,4.0,80.0,40.0,0.0,0,0,0,3,0,16.9
LN Roche,ODI,2,4,10,2,6,0,0,2.0,40.0,60.0,0.0,0,0,0,4,1,7.7
TA Lammonby,PSL,3,4,6,3,3,0,0,1.33,66.67,50.0,0.0,0,0,0,3,1,12.6
Sarandeep Singh,Test,1,4,16,1,13,0,0,4.0,25.0,81.25,0.0,0,0,0,4,0,5.0
HAPW Jayawardene,ODI,2,4,9,2,5,0,0,2.0,44.44,55.56,0.0,0,0,0,4,1,9.0
Saqib Khan,PSL,1,4,2,1,1,1,0,4.0,200.0,50.0,50.0,0,0,0,4,0,49.4
DE Martel,T20I,2,4,8,1,4,0,0,4.0,50.0,50.0,0.0,0,0,0,3,0,11.3
JNT Seales,T20I,2,4,4,1,3,1,0,4.0,100.0,75.0,25.0,0,0,0,4,1,32.1
Mohammad Irfan,T20I,3,4,8,0,4,0,0,4.0,50.0,50.0,0.0,0,0,0,2,0,11.3
M Fumba,T20I,1,4,10,1,6,0,0,4.0,40.0,60.0,0.0,0,0,0,4,0,8.5
PLS Gamage,ODI,5,4,27,2,23,0,0,2.0,14.81,85.19,0.0,0,0,0,3,0,2.8
Saqib Naveed,T20I,1,4,14,0,10,0,0,4.0,28.57,71.43,0.0,0,0,0,4,0,5.5
PR Brown,T20I,1,4,9,0,5,0,0,4.0,44.44,55.56,0.0,0,0,0,4,0,9.7
Muhammad Farooq,ODI,2,4,16,2,15,1,0,2.0,25.0,93.75,6.25,0,0,0,4,1,8.4
Muhammad Jabir,T20I,7,4,21,3,18,0,0,1.33,19.05,85.71,0.0,0,0,0,4,3,3.2
Muhammad Rohid,T20I,2,4,3,1,1,0,0,4.0,133.33,33.33,0.0,0,0,0,2,0,25.3
JF Bangura,T20I,1,4,10,1,7,0,0,4.0,40.0,70.0,0.0,0,0,0,4,0,7.1
Hardeep Singh,T20I,1,4,1,0,0,1,0,4.0,400.0,0.0,100.0,0,0,0,4,0,56.5
Tanveer Ahmed,ODI,3,4,11,0,7,0,0,4.0,36.36,63.64,0.0,0,0,0,2,0,7.5
Mohammad Tauqir,T20I,2,4,6,1,5,1,0,4.0,66.67,83.33,16.67,0,0,0,4,0,21.9
K Thuchila,T20I,8,4,14,5,10,0,0,0.8,28.57,71.43,0.0,0,0,0,2,4,4.3
CJ Ferguson,Test,1,4,23,2,20,0,0,2.0,17.39,86.96,0.0,0,0,0,3,0,3.2
AK Ahir,T20I,1,4,5,1,1,0,0,4.0,80.0,20.0,0.0,0,0,0,4,0,19.8
MKGCP Lakshitha,ODI,1,4,6,1,3,0,0,4.0,66.67,50.0,0.0,0,0,0,4,0,13.6
MR Dorgan,T20I,1,4,9,1,6,0,0,4.0,44.44,66.67,0.0,0,0,0,4,0,8.2
NM Lyon,T20I,1,4,4,0,2,0,0,4.0,100.0,50.0,0.0,0,0,0,4,0,18.3
Arif Hosen,T20I,6,4,29,6,26,0,0,0.67,13.79,89.66,0.0,0,0,0,2,3,2.2
T Thushara,T20I,2,4,8,2,4,0,0,2.0,50.0,50.0,0.0,0,0,0,3,0,10.6
L Wood,T20I,2,4,5,1,2,0,0,4.0,80.0,40.0,0.0,0,0,0,3,0,16.9
Yash Dayal,IPL,4,4,9,3,6,0,0,1.33,44.44,66.67,0.0,0,0,0,3,2,7.2
L Nyarko,T20I,3,4,6,2,5,1,0,2.0,66.67,83.33,16.67,0,0,0,4,2,21.1
Shahnawaz Dhani,ODI,1,4,3,0,0,0,0,4.0,133.33,0.0,0.0,0,0,0,4,0,30.0
Ahsan Malik,ODI,2,4,12,0,8,0,0,4.0,33.33,66.67,0.0,0,0,0,3,0,6.6
Mohammad Umar,PSL,4,4,13,3,8,0,0,1.33,30.77,61.54,0.0,0,0,0,3,2,6.0
Abrar Ahmed,T20I,6,4,12,3,8,0,0,1.33,33.33,66.67,0.0,0,0,0,2,2,5.6
JM Muirhead,T20I,2,4,8,1,4,0,0,4.0,50.0,50.0,0.0,0,0,0,3,0,11.3
Shagharai Sefat,T20I,2,4,10,2,6,0,0,2.0,40.0,60.0,0.0,0,0,0,4,1,7.7
J Khadka,T20I,4,4,10,1,6,0,0,4.0,40.0,60.0,0.0,0,0,0,2,1,8.5
J Kunnanchirakkal,T20I,4,4,6,2,2,0,0,2.0,66.67,33.33,0.0,0,0,0,2,1,15.3
Raza Hasan,PSL,2,4,12,2,8,0,0,2.0,33.33,66.67,0.0,0,0,0,4,1,5.9
SD Heazlett,ODI,1,4,11,1,7,0,0,4.0,36.36,63.64,0.0,0,0,0,4,0,7.5
J Kemp,T20I,2,4,7,2,3,0,0,2.0,57.14,42.86,0.0,0,0,0,3,0,12.6
CJ Boyce,T20I,2,4,7,1,3,0,0,4.0,57.14,42.86,0.0,0,0,0,3,0,13.3
CK Hooper,ODI,2,4,3,2,2,1,0,2.0,133.33,66.67,33.33,0,0,0,4,1,39.7
J Giyanani,ODI,1,4,5,1,2,0,0,4.0,80.0,40.0,0.0,0,0,0,4,0,16.9
SR Dubey,IPL,1,4,2,0,1,1,0,4.0,200.0,50.0,50.0,0,0,0,4,0,49.4
A Karn,T20I,1,4,7,1,4,0,0,4.0,57.14,57.14,0.0,0,0,0,4,0,11.3
M Manivannan,T20I,1,4,7,0,6,1,0,4.0,57.14,85.71,14.29,0,0,0,4,0,19.0
Z Groenewald,ODI,2,4,19,1,15,0,0,4.0,21.05,78.95,0.0,0,0,0,3,0,4.4
KA Bazil,T20I,3,4,12,3,8,0,0,1.33,33.33,66.67,0.0,0,0,0,2,0,5.6
CK Langeveldt,T20I,3,4,8,1,4,0,0,4.0,50.0,50.0,0.0,0,0,0,2,0,11.3
Nasir Jamshed,CPL,2,4,6,2,3,0,0,2.0,66.67,50.0,0.0,0,0,0,4,1,12.9
Asif Afridi,Test,1,4,5,1,4,1,0,4.0,80.0,80.0,20.0,0,0,0,4,0,26.0
Izharulhaq Naveed,BBL,3,4,5,1,1,0,0,4.0,80.0,20.0,0.0,0,0,0,2,0,19.8
HK Bennett,Test,1,4,30,1,26,0,0,4.0,13.33,86.67,0.0,0,0,0,4,0,3.4
WT Gavera,ODI,1,4,6,0,5,1,0,4.0,66.67,83.33,16.67,0,0,0,4,0,21.9
KTH Ratnayake,T20I,1,4,7,1,4,0,0,4.0,57.14,57.14,0.0,0,0,0,4,0,11.3
Mrittunjoy Chowdhury,T20I,1,4,11,1,7,0,0,4.0,36.36,63.64,0.0,0,0,0,4,0,7.5
S Baker,Test,1,4,45,1,44,1,0,4.0,8.89,97.78,2.22,0,0,0,4,0,4.2
DV Gujjar,WPL,2,4,4,1,1,0,0,4.0,100.0,25.0,0.0,0,0,0,3,0,21.8
Adnan Tahir,T20I,1,4,5,1,2,0,0,4.0,80.0,40.0,0.0,0,0,0,4,0,16.9
BB Seebaran,ODI,2,4,13,1,10,0,0,4.0,30.77,76.92,0.0,0,0,0,4,1,5.8
Shaheen Shah Afridi,BBL,2,4,8,2,5,0,0,2.0,50.0,62.5,0.0,0,0,0,4,1,8.8
Talha Jubair,ODI,1,4,8,0,7,1,0,4.0,50.0,87.5,12.5,0,0,0,4,0,16.8
ML Lewis,ODI,1,4,4,0,1,0,0,4.0,100.0,25.0,0.0,0,0,0,4,0,21.8
KDACK Gunarathne,T20I,3,4,18,2,14,0,0,2.0,22.22,77.78,0.0,0,0,0,3,1,3.8
A Dananjaya,IPL,1,4,5,0,2,0,0,4.0,80.0,40.0,0.0,0,0,0,4,0,16.9
Liton Das,IPL,1,4,4,1,3,1,0,4.0,100.0,75.0,25.0,0,0,0,4,0,32.1
Lovedeep Singh,T20I,4,4,9,3,5,0,0,1.33,44.44,55.56,0.0,0,0,0,2,2,8.7
A Chandila,IPL,2,4,7,0,3,0,0,4.0,57.14,42.86,0.0,0,0,0,4,0,13.3
A Andrews,T20I,1,4,6,1,5,1,0,4.0,66.67,83.33,16.67,0,0,0,4,0,21.9
A Uniyal,IPL,2,4,7,1,3,0,0,4.0,57.14,42.86,0.0,0,0,0,4,1,13.3
DK Dahani,T20I,1,4,3,1,2,1,0,4.0,133.33,66.67,33.33,0,0,0,4,0,40.5
SP Terry,T20I,1,4,6,1,3,0,0,4.0,66.67,50.0,0.0,0,0,0,4,0,13.6
CK Holder,CPL,2,4,4,0,3,1,0,4.0,100.0,75.0,25.0,0,0,0,4,0,32.1
RJ Ramjiawan,T20I,1,4,8,1,5,0,0,4.0,50.0,62.5,0.0,0,0,0,4,0,9.5
CK Tshuma,Test,1,3,30,2,28,0,0,1.5,10.0,93.33,0.0,0,0,0,3,1,2.0
Zwe Htet Paing,T20I,2,3,6,1,3,0,0,3.0,50.0,50.0,0.0,0,0,0,3,1,10.9
Vinod Kumar,T20I,1,3,4,1,1,0,0,3.0,75.0,25.0,0.0,0,0,0,3,0,18.0
KAJ Roach,T20I,1,3,2,0,0,0,0,3.0,150.0,0.0,0.0,0,0,0,3,0,32.0
MM Sarwar,T20I,1,3,3,1,1,0,0,3.0,100.0,33.33,0.0,0,0,0,3,0,20.3
KAB Hynam-Nyberg,T20I,2,3,4,1,2,0,0,3.0,75.0,50.0,0.0,0,0,0,2,0,14.4
MM Sharma,T20I,2,3,7,0,4,0,0,3.0,42.86,57.14,0.0,0,0,0,3,0,8.9
KK Sharma,T20I,2,3,8,1,5,0,0,3.0,37.5,62.5,0.0,0,0,0,2,0,7.4
M Faheem,T20I,3,3,7,3,4,0,0,1.0,42.86,57.14,0.0,0,0,0,2,1,8.2
LR Morris,BBL,4,3,11,3,8,0,0,1.0,27.27,72.73,0.0,0,0,0,2,1,4.2
Kamran Khan,IPL,1,3,5,1,3,0,0,3.0,60.0,60.0,0.0,0,0,0,3,0,10.9
J Anderson,T20I,1,3,5,1,3,0,0,3.0,60.0,60.0,0.0,0,0,0,3,0,10.9
KA Jamieson,PSL,1,3,7,1,4,0,0,3.0,42.86,57.14,0.0,0,0,0,3,0,8.9
KA Anderson,Test,1,3,18,2,16,0,0,1.5,16.67,88.89,0.0,0,0,0,3,1,2.9
CL Cairns,T20I,2,3,13,2,10,0,0,1.5,23.08,76.92,0.0,0,0,0,2,0,3.8
Basharat Hussain,T20I,3,3,15,1,12,0,0,3.0,20.0,80.0,0.0,0,0,0,3,0,3.9
RR Joshi,ODI,1,3,4,1,2,0,0,3.0,75.0,50.0,0.0,0,0,0,3,0,14.4
BS Dean,BBL,1,3,6,1,4,0,0,3.0,50.0,66.67,0.0,0,0,0,3,0,8.5
Pankaj Singh,ODI,1,3,3,0,0,0,0,3.0,100.0,0.0,0.0,0,0,0,3,0,25.0
PT Collins,ODI,5,3,10,2,7,0,0,1.5,30.0,70.0,0.0,0,0,0,1,1,4.7
Samiallah Khalil,T20I,2,3,6,2,4,0,0,1.5,50.0,66.67,0.0,0,0,0,2,0,8.0
Saqlain Ali,T20I,2,3,7,2,4,0,0,1.5,42.86,57.14,0.0,0,0,0,2,0,8.4
SD Bahadur,WPL,2,3,4,1,2,0,0,3.0,75.0,50.0,0.0,0,0,0,2,0,14.4
Rajab Hussain,T20I,2,3,6,1,3,0,0,3.0,50.0,50.0,0.0,0,0,0,2,0,10.9
D Mohammed,CPL,2,3,4,1,2,0,0,3.0,75.0,50.0,0.0,0,0,0,2,0,14.4
Nazmul Hossain,T20I,2,3,15,0,11,0,0,3.0,20.0,73.33,0.0,0,0,0,3,0,3.9
K Namchaikul,T20I,5,3,14,4,11,0,0,0.75,21.43,78.57,0.0,0,0,0,1,2,3.3
Raunaq Kapur,T20I,1,3,5,1,2,0,0,3.0,60.0,40.0,0.0,0,0,0,3,0,13.7
PP Hinge,IPL,2,3,9,1,7,0,0,3.0,33.33,77.78,0.0,0,0,0,3,0,5.8
Yash Singh,T20I,1,3,12,1,9,0,0,3.0,25.0,75.0,0.0,0,0,0,3,0,4.6
D Dawa,T20I,2,3,7,0,4,0,0,3.0,42.86,57.14,0.0,0,0,0,2,0,8.9
SK Lahiri,T20I,2,3,7,1,5,0,0,3.0,42.86,71.43,0.0,0,0,0,2,0,7.1
Mohammad Asif,IPL,2,3,6,2,3,0,0,1.5,50.0,50.0,0.0,0,0,0,3,1,10.4
BLCS Kumara,T20I,2,3,7,2,5,0,0,1.5,42.86,71.43,0.0,0,0,0,3,1,6.5
HK Olonga,ODI,1,3,12,1,9,0,0,3.0,25.0,75.0,0.0,0,0,0,3,0,4.6
Shahab Alam,T20I,4,3,7,2,5,0,0,1.5,42.86,71.43,0.0,0,0,0,2,0,6.5
Mohit Sharma,T20I,2,3,6,2,4,0,0,1.5,50.0,66.67,0.0,0,0,0,2,0,8.0
D Bourne,T20I,1,3,6,1,3,0,0,3.0,50.0,50.0,0.0,0,0,0,3,0,10.9
Z Motara,T20I,1,3,4,1,1,0,0,3.0,75.0,25.0,0.0,0,0,0,3,0,18.0
A Shamshudeen,ODI,1,3,28,1,25,0,0,3.0,10.71,89.29,0.0,0,0,0,3,0,2.6
NL Ujawe,T20I,3,3,4,1,1,0,0,3.0,75.0,25.0,0.0,0,0,0,1,0,18.0
H Pile,T20I,2,3,8,1,6,0,0,3.0,37.5,75.0,0.0,0,0,0,2,0,6.3
MJ Mason,Test,1,3,33,2,30,0,0,1.5,9.09,90.91,0.0,0,0,0,3,1,1.8
JR Lennox,ODI,5,3,24,2,21,0,0,1.5,12.5,87.5,0.0,0,0,0,2,1,2.3
Bashir Shah,T20I,4,3,7,1,4,0,0,3.0,42.86,57.14,0.0,0,0,0,1,1,8.9
Q Stephens,T20I,5,3,13,4,10,0,0,0.75,23.08,76.92,0.0,0,0,0,2,3,3.5
WT Mubayiwa,T20I,1,3,4,0,1,0,0,3.0,75.0,25.0,0.0,0,0,0,3,0,18.0
WT Gavera,T20I,2,3,6,2,4,0,0,1.5,50.0,66.67,0.0,0,0,0,2,0,8.0
AT Chuvale,T20I,1,3,8,0,5,0,0,3.0,37.5,62.5,0.0,0,0,0,3,0,7.4
Umair Safi,T20I,1,3,2,0,0,0,0,3.0,150.0,0.0,0.0,0,0,0,3,0,32.0
Hamza Tahir,T20I,2,3,7,1,4,0,0,3.0,42.86,57.14,0.0,0,0,0,3,1,8.9
Haroon Mughal,T20I,3,3,8,3,5,0,0,1.0,37.5,62.5,0.0,0,0,0,1,0,6.7
Hassan Nasir,T20I,1,3,3,0,1,0,0,3.0,100.0,33.33,0.0,0,0,0,3,0,20.3
DS Rathi,IPL,3,3,8,1,5,0,0,3.0,37.5,62.5,0.0,0,0,0,2,0,7.4
M Janicijevic,T20I,3,3,5,1,2,0,0,3.0,60.0,40.0,0.0,0,0,0,2,0,13.7
S Tyagi,IPL,2,3,4,1,1,0,0,3.0,75.0,25.0,0.0,0,0,0,3,1,18.0
Rahim Khan,T20I,1,3,5,0,2,0,0,3.0,60.0,40.0,0.0,0,0,0,3,0,13.7
O Duff,T20I,4,3,15,4,14,0,0,0.75,20.0,93.33,0.0,0,0,0,3,3,3.1
Nestor Dhamba,T20I,1,3,6,1,3,0,0,3.0,50.0,50.0,0.0,0,0,0,3,0,10.9
AM Guruge,T20I,3,3,8,1,5,0,0,3.0,37.5,62.5,0.0,0,0,0,1,0,7.4
AL Fekete,BBL,4,3,12,2,9,0,0,1.5,25.0,75.0,0.0,0,0,0,1,1,4.0
K Sinclair,T20I,2,3,9,1,6,0,0,3.0,33.33,66.67,0.0,0,0,0,3,0,6.2
Umer Khan,PSL,4,3,8,3,5,0,0,1.0,37.5,62.5,0.0,0,0,0,3,3,6.7
BAW Mendis,IPL,3,3,6,2,3,0,0,1.5,50.0,50.0,0.0,0,0,0,2,1,10.4
Ahmad Ullah,T20I,2,3,7,0,4,0,0,3.0,42.86,57.14,0.0,0,0,0,2,0,8.9
TS Muyeye,BBL,1,3,7,1,4,0,0,3.0,42.86,57.14,0.0,0,0,0,3,0,8.9
JJ Esmeijer,ODI,2,3,15,1,12,0,0,3.0,20.0,80.0,0.0,0,0,0,3,1,3.9
Prashant Shukla,T20I,1,3,4,0,2,0,0,3.0,75.0,50.0,0.0,0,0,0,3,0,14.4
RA Wiggins,CPL,1,3,6,1,4,0,0,3.0,50.0,66.67,0.0,0,0,0,3,0,8.5
G Sultana,WPL,3,3,7,1,4,0,0,3.0,42.86,57.14,0.0,0,0,0,2,1,8.9
Imran Yousaf,T20I,2,3,6,1,3,0,0,3.0,50.0,50.0,0.0,0,0,0,2,0,10.9
J Moondra,T20I,2,3,3,0,0,0,0,3.0,100.0,0.0,0.0,0,0,0,2,0,25.0
MS Kasprowicz,T20I,1,3,5,0,2,0,0,3.0,60.0,40.0,0.0,0,0,0,3,0,13.7
MK Gnanasekaram,T20I,1,3,5,1,2,0,0,3.0,60.0,40.0,0.0,0,0,0,3,0,13.7
Ajay Kumar,ODI,2,3,9,1,6,0,0,3.0,33.33,66.67,0.0,0,0,0,2,0,6.2
Muhammad Tahir,T20I,1,3,10,1,8,0,0,3.0,30.0,80.0,0.0,0,0,0,3,0,5.3
D Gamage,ODI,2,3,10,1,7,0,0,3.0,30.0,70.0,0.0,0,0,0,2,0,5.3
Ebadat Hossain,ODI,6,3,14,2,11,0,0,1.5,21.43,78.57,0.0,0,0,0,1,2,3.5
Younis Khan,IPL,1,3,7,1,4,0,0,3.0,42.86,57.14,0.0,0,0,0,3,0,8.9
AD Fofana,T20I,3,3,18,3,15,0,0,1.0,16.67,83.33,0.0,0,0,0,2,1,2.7
KK Dobell,T20I,2,3,6,1,3,0,0,3.0,50.0,50.0,0.0,0,0,0,3,1,10.9
MJ Tugaga,T20I,2,3,3,1,1,0,0,3.0,100.0,33.33,0.0,0,0,0,3,1,20.3
R Broaster,T20I,1,3,7,1,5,0,0,3.0,42.86,71.43,0.0,0,0,0,3,0,7.1
R Brar,T20I,3,3,7,2,4,0,0,1.5,42.86,57.14,0.0,0,0,0,2,1,8.4
H Hajnic,T20I,3,3,42,2,38,0,0,1.5,7.14,90.48,0.0,0,0,0,3,2,1.6
BAC Howell,CPL,3,3,5,2,2,0,0,1.5,60.0,40.0,0.0,0,0,0,2,1,13.2
BA Murphy,ODI,2,3,11,2,8,0,0,1.5,27.27,72.73,0.0,0,0,0,2,0,4.4
Hwanhee Lee,T20I,1,3,6,1,3,0,0,3.0,50.0,50.0,0.0,0,0,0,3,0,10.9
SA van Breda,T20I,1,3,8,1,5,0,0,3.0,37.5,62.5,0.0,0,0,0,3,0,7.4
Sagar Pun,ODI,1,3,20,1,17,0,0,3.0,15.0,85.0,0.0,0,0,0,3,0,3.2
GC Viljoen,IPL,3,3,7,2,5,0,0,1.5,42.86,71.43,0.0,0,0,0,2,1,6.5
Imran Khan (2),PSL,2,3,4,0,2,0,0,3.0,75.0,50.0,0.0,0,0,0,3,0,14.4
D Soraine,ODI,2,3,9,2,6,0,0,1.5,33.33,66.67,0.0,0,0,0,3,1,5.7
Reon King,Test,1,3,12,0,10,0,0,3.0,25.0,83.33,0.0,0,0,0,3,0,4.6
Reon King,ODI,1,3,10,0,7,0,0,3.0,30.0,70.0,0.0,0,0,0,3,0,5.3
GJP Kruger,T20I,1,3,5,1,3,0,0,3.0,60.0,60.0,0.0,0,0,0,3,0,10.9
K Gaston,CPL,3,3,5,0,2,0,0,3.0,60.0,40.0,0.0,0,0,0,1,0,13.7
Akeem Jordan,ODI,1,3,6,0,3,0,0,3.0,50.0,50.0,0.0,0,0,0,3,0,10.9
JE Taylor,IPL,2,3,3,1,1,0,0,3.0,100.0,33.33,0.0,0,0,0,2,0,20.3
Wang Qi,T20I,4,3,16,3,13,0,0,1.0,18.75,81.25,0.0,0,0,0,2,2,3.0
P Rowe,BBL,1,3,6,1,3,0,0,3.0,50.0,50.0,0.0,0,0,0,3,0,10.9
WER Somerville,BBL,1,3,5,1,3,0,0,3.0,60.0,60.0,0.0,0,0,0,3,0,10.9
C Stephenson,T20I,3,3,15,3,13,0,0,1.0,20.0,86.67,0.0,0,0,0,2,1,3.2
ST de Silva,T20I,2,3,7,2,5,0,0,1.5,42.86,71.43,0.0,0,0,0,3,1,6.5
LD Hearne,BBL,2,3,8,2,6,0,0,1.5,37.5,75.0,0.0,0,0,0,2,0,5.8
M Perry,BBL,1,3,3,0,1,0,0,3.0,100.0,33.33,0.0,0,0,0,3,0,20.3
Rahat Ali,PSL,4,3,11,2,8,0,0,1.5,27.27,72.73,0.0,0,0,0,1,1,4.4
E Walker,T20I,4,3,19,0,16,0,0,3.0,15.79,84.21,0.0,0,0,0,2,0,3.3
Amir Hayat,T20I,2,3,6,2,3,0,0,1.5,50.0,50.0,0.0,0,0,0,3,1,10.4
TCW Veillard,T20I,1,3,5,0,2,0,0,3.0,60.0,40.0,0.0,0,0,0,3,0,13.7
J Yadav,ODI,2,3,7,1,4,0,0,3.0,42.86,57.14,0.0,0,0,0,2,0,8.9
D Jansen,ODI,2,3,3,1,1,0,0,3.0,100.0,33.33,0.0,0,0,0,2,0,20.3
TK Lal,T20I,1,3,2,0,0,0,0,3.0,150.0,0.0,0.0,0,0,0,3,0,32.0
Mujeeb Ur Rahman,PSL,2,3,3,1,1,0,0,3.0,100.0,33.33,0.0,0,0,0,2,0,20.3
L Senokwane,Test,1,3,36,1,34,0,0,3.0,8.33,94.44,0.0,0,0,0,3,0,2.3
L Mutale,T20I,2,3,5,1,2,0,0,3.0,60.0,40.0,0.0,0,0,0,2,0,13.7
Joshep Zulu,T20I,2,3,7,0,5,0,0,3.0,42.86,71.43,0.0,0,0,0,2,0,7.1
R Olipa,T20I,1,3,4,1,1,0,0,3.0,75.0,25.0,0.0,0,0,0,3,0,18.0
R Ninan,IPL,1,3,6,1,2,0,0,3.0,50.0,33.33,0.0,0,0,0,3,0,13.3
MC Bascombe,T20I,1,3,7,1,5,0,0,3.0,42.86,71.43,0.0,0,0,0,3,0,7.1
Ibrahim Karim,T20I,2,3,6,2,3,0,0,1.5,50.0,50.0,0.0,0,0,0,2,0,10.4
Y Cariah,T20I,2,3,4,0,1,0,0,3.0,75.0,25.0,0.0,0,0,0,2,0,18.0
JAR Blain,T20I,2,3,3,1,1,0,0,3.0,100.0,33.33,0.0,0,0,0,3,1,20.3
P Madhukar,T20I,2,3,8,1,5,0,0,3.0,37.5,62.5,0.0,0,0,0,3,1,7.4
B Lewis,T20I,3,3,8,1,5,0,0,3.0,37.5,62.5,0.0,0,0,0,2,0,7.4
B Laughlin,PSL,1,3,2,0,1,0,0,3.0,150.0,50.0,0.0,0,0,0,3,0,24.8
E Samson,T20I,2,3,3,1,1,0,0,3.0,100.0,33.33,0.0,0,0,0,3,1,20.3
D Kalyankrishna,IPL,1,3,8,1,5,0,0,3.0,37.5,62.5,0.0,0,0,0,3,0,7.4
C Cassell,T20I,2,3,6,1,3,0,0,3.0,50.0,50.0,0.0,0,0,0,2,0,10.9
S Sriram,ODI,1,3,5,1,2,0,0,3.0,60.0,40.0,0.0,0,0,0,3,0,13.7
Mahbubul Alam,Test,2,3,53,2,48,0,0,1.5,5.66,90.57,0.0,0,0,0,1,1,1.4
AMA Dewar,CPL,1,3,3,0,1,0,0,3.0,100.0,33.33,0.0,0,0,0,3,0,20.3
FA Allen,PSL,2,3,6,2,3,0,0,1.5,50.0,50.0,0.0,0,0,0,3,1,10.4
SM Harwood,BBL,1,3,3,1,0,0,0,3.0,100.0,0.0,0.0,0,0,0,3,0,25.0
RP Singh,T20I,2,3,3,0,0,0,0,3.0,100.0,0.0,0.0,0,0,0,2,0,25.0
B Passoni,T20I,1,3,11,0,7,0,0,3.0,27.27,63.64,0.0,0,0,0,3,0,5.8
P Jirapatananukul,T20I,2,3,11,2,8,0,0,1.5,27.27,72.73,0.0,0,0,0,2,0,4.4
P Desungnoen,T20I,1,3,4,1,1,0,0,3.0,75.0,25.0,0.0,0,0,0,3,0,18.0
IGTP Wiguna,T20I,1,3,9,0,6,0,0,3.0,33.33,66.67,0.0,0,0,0,3,0,6.2
IE O'Brien,ODI,2,3,11,0,8,0,0,3.0,27.27,72.73,0.0,0,0,0,3,0,4.9
IGTR Kumara,T20I,1,3,12,1,10,0,0,3.0,25.0,83.33,0.0,0,0,0,3,0,4.6
Anamul Haque,PSL,1,3,9,1,6,0,0,3.0,33.33,66.67,0.0,0,0,0,3,0,6.2
CK Kruger,ODI,2,3,20,2,17,0,0,1.5,15.0,85.0,0.0,0,0,0,3,1,2.7
Fawad Ahmed,T20I,1,3,5,0,2,0,0,3.0,60.0,40.0,0.0,0,0,0,3,0,13.7
RJW Topley,IPL,1,3,6,0,3,0,0,3.0,50.0,50.0,0.0,0,0,0,3,0,10.9
Fakhar Zaman,BBL,1,3,8,1,5,0,0,3.0,37.5,62.5,0.0,0,0,0,3,0,7.4
LR Johnson,CPL,1,3,5,1,2,0,0,3.0,60.0,40.0,0.0,0,0,0,3,0,13.7
DOD Rikhi,ODI,1,3,6,1,4,0,0,3.0,50.0,66.67,0.0,0,0,0,3,0,8.5
S Dadswell,PSL,1,3,4,1,1,0,0,3.0,75.0,25.0,0.0,0,0,0,3,0,18.0
SA Abbott,PSL,1,3,14,1,11,0,0,3.0,21.43,78.57,0.0,0,0,0,3,0,4.1
JO Ngoche,T20I,2,3,16,1,13,0,0,3.0,18.75,81.25,0.0,0,0,0,2,0,3.7
Salman Sharjeel,T20I,2,3,4,1,1,0,0,3.0,75.0,25.0,0.0,0,0,0,3,1,18.0
Preeti Bose,WPL,2,3,9,0,6,0,0,3.0,33.33,66.67,0.0,0,0,0,2,0,6.2
Lwin Maw,T20I,1,3,5,1,3,0,0,3.0,60.0,60.0,0.0,0,0,0,3,0,10.9
KHRK Fernando,ODI,2,3,14,1,11,0,0,3.0,21.43,78.57,0.0,0,0,0,3,0,4.1
A Chenthamara,T20I,2,3,12,0,10,0,0,3.0,25.0,83.33,0.0,0,0,0,3,0,4.6
M Beardman,BBL,1,2,6,1,4,0,0,2.0,33.33,66.67,0.0,0,0,0,2,0,5.9
A Bhagwat,T20I,3,2,9,3,7,0,0,0.67,22.22,77.78,0.0,0,0,0,1,1,3.3
KK Ahmed,IPL,6,2,9,5,7,0,0,0.4,22.22,77.78,0.0,0,0,0,1,4,3.2
S Nsubuga,T20I,3,2,6,2,4,0,0,1.0,33.33,66.67,0.0,0,0,0,1,1,5.5
A Bhattarai,T20I,1,2,3,1,1,0,0,2.0,66.67,33.33,0.0,0,0,0,2,0,15.3
BW Hilfenhaus,T20I,3,2,10,2,9,0,0,1.0,20.0,90.0,0.0,0,0,0,2,1,3.2
H Elder,T20I,2,2,3,1,1,0,0,2.0,66.67,33.33,0.0,0,0,0,2,1,15.3
Mohammad Hamza,PSL,1,2,4,1,2,0,0,2.0,50.0,50.0,0.0,0,0,0,2,0,10.6
S Randiv,IPL,1,2,4,1,3,0,0,2.0,50.0,75.0,0.0,0,0,0,2,0,7.7
SD Parry,BBL,1,2,2,0,1,0,0,2.0,100.0,50.0,0.0,0,0,0,2,0,17.5
D Mogan,T20I,1,2,8,1,6,0,0,2.0,25.0,75.0,0.0,0,0,0,2,0,4.2
Waseeq Ahmed,T20I,2,2,3,0,1,0,0,2.0,66.67,33.33,0.0,0,0,0,1,0,15.3
T Moses,T20I,1,2,5,0,3,0,0,2.0,40.0,60.0,0.0,0,0,0,2,0,7.7
LR Butterworth,BBL,2,2,3,1,1,0,0,2.0,66.67,33.33,0.0,0,0,0,1,0,15.3
Faizal Salehji,T20I,1,2,2,1,1,0,0,2.0,100.0,50.0,0.0,0,0,0,2,0,17.5
Fawad Ali,PSL,1,2,2,0,1,0,0,2.0,100.0,50.0,0.0,0,0,0,2,0,17.5
RJ Harris,T20I,1,2,1,0,0,0,0,2.0,200.0,0.0,0.0,0,0,0,2,0,35.8
RJ Kirtley,T20I,1,2,4,0,2,0,0,2.0,50.0,50.0,0.0,0,0,0,2,0,10.6
P Buccimazza,T20I,2,2,13,2,11,0,0,1.0,15.38,84.62,0.0,0,0,0,1,0,2.5
RP Mitchell,T20I,2,2,5,0,3,0,0,2.0,40.0,60.0,0.0,0,0,0,1,0,7.7
Fahad Nawaz,ODI,2,2,10,2,8,0,0,1.0,20.0,80.0,0.0,0,0,0,2,1,3.2
SL Malinga,BBL,1,2,1,0,0,0,0,2.0,200.0,0.0,0.0,0,0,0,2,0,35.8
MVT Fernando,T20I,1,2,2,1,1,0,0,2.0,100.0,50.0,0.0,0,0,0,2,0,17.5
GHS Garton,IPL,2,2,4,1,2,0,0,2.0,50.0,50.0,0.0,0,0,0,2,1,10.6
GHS Garton,T20I,1,2,4,1,2,0,0,2.0,50.0,50.0,0.0,0,0,0,2,0,10.6
DJ Terbrugge,Test,1,2,25,2,22,0,0,1.0,8.0,88.0,0.0,0,0,0,2,1,1.5
Brijesh Sharma,IPL,2,2,4,0,2,0,0,2.0,50.0,50.0,0.0,0,0,0,1,0,10.6
Rahman Ademi,T20I,3,2,12,3,10,0,0,0.67,16.67,83.33,0.0,0,0,0,1,1,2.6
Ronald Ebanks,T20I,3,2,6,3,5,0,0,0.67,33.33,83.33,0.0,0,0,0,2,2,4.9
IC Simao,T20I,6,2,11,3,9,0,0,0.67,18.18,81.82,0.0,0,0,0,2,3,2.8
Shivam Singh,IPL,1,2,3,0,1,0,0,2.0,66.67,33.33,0.0,0,0,0,2,0,15.3
K Gowtham,ODI,1,2,3,1,1,0,0,2.0,66.67,33.33,0.0,0,0,0,2,0,15.3
Jandu Hamoud,T20I,1,2,4,1,2,0,0,2.0,50.0,50.0,0.0,0,0,0,2,0,10.6
AR Menon,T20I,1,2,5,1,3,0,0,2.0,40.0,60.0,0.0,0,0,0,2,0,7.7
R Lekai,T20I,1,2,2,1,0,0,0,2.0,100.0,0.0,0.0,0,0,0,2,0,24.6
GJ Snyman,T20I,1,2,6,1,4,0,0,2.0,33.33,66.67,0.0,0,0,0,2,0,5.9
R Patten,T20I,3,2,9,1,7,0,0,2.0,22.22,77.78,0.0,0,0,0,2,1,3.8
JA Turner,ODI,1,2,5,0,3,0,0,2.0,40.0,60.0,0.0,0,0,0,2,0,7.7
JAC Cubas,T20I,1,2,6,1,5,0,0,2.0,33.33,83.33,0.0,0,0,0,2,0,5.4
E Masuku,ODI,1,2,10,1,8,0,0,2.0,20.0,80.0,0.0,0,0,0,2,0,3.5
OP Stone,BBL,1,2,3,1,1,0,0,2.0,66.67,33.33,0.0,0,0,0,2,0,15.3
Ibtisam Sheikh,PSL,1,2,6,1,4,0,0,2.0,33.33,66.67,0.0,0,0,0,2,0,5.9
Azhar Mahmood,BBL,2,2,10,2,8,0,0,1.0,20.0,80.0,0.0,0,0,0,1,0,3.2
Shoaib Akhtar,IPL,1,2,7,1,5,0,0,2.0,28.57,71.43,0.0,0,0,0,2,0,4.7
Bilal Aftab,T20I,2,2,3,1,1,0,0,2.0,66.67,33.33,0.0,0,0,0,1,0,15.3
S Stanikzay,T20I,3,2,5,3,3,0,0,0.67,40.0,60.0,0.0,0,0,0,2,2,7.2
Manjural Islam,ODI,3,2,11,2,10,0,0,1.0,18.18,90.91,0.0,0,0,0,2,1,2.9
Matthew Walker,T20I,2,2,5,1,3,0,0,2.0,40.0,60.0,0.0,0,0,0,1,0,7.7
L Scott,ODI,1,2,4,1,2,0,0,2.0,50.0,50.0,0.0,0,0,0,2,0,10.6
Muzammil Shahzad,T20I,3,2,16,3,14,0,0,0.67,12.5,87.5,0.0,0,0,0,1,1,2.0
I Bardis,T20I,2,2,6,1,4,0,0,2.0,33.33,66.67,0.0,0,0,0,2,1,5.9
R Vishwanath,T20I,1,2,3,0,1,0,0,2.0,66.67,33.33,0.0,0,0,0,2,0,15.3
EF Faalupega,T20I,2,2,6,2,4,0,0,1.0,33.33,66.67,0.0,0,0,0,2,1,5.5
M Martin,T20I,1,2,6,1,5,0,0,2.0,33.33,83.33,0.0,0,0,0,2,0,5.4
A Kansonkho,T20I,2,2,5,2,4,0,0,1.0,40.0,80.0,0.0,0,0,0,2,1,5.9
MW Archer,BBL,1,2,9,1,7,0,0,2.0,22.22,77.78,0.0,0,0,0,2,0,3.8
Junaed Mullah,T20I,1,2,12,1,10,0,0,2.0,16.67,83.33,0.0,0,0,0,2,0,3.1
AM Ghazanfar,IPL,1,2,3,0,1,0,0,2.0,66.67,33.33,0.0,0,0,0,2,0,15.3
GH O'Brien,ODI,1,2,6,1,5,0,0,2.0,33.33,83.33,0.0,0,0,0,2,0,5.4
PA Desai,ODI,1,2,12,0,10,0,0,2.0,16.67,83.33,0.0,0,0,0,2,0,3.1
KR Sen,ODI,1,2,4,0,2,0,0,2.0,50.0,50.0,0.0,0,0,0,2,0,10.6
A Orfila,T20I,2,2,9,2,8,0,0,1.0,22.22,88.89,0.0,0,0,0,2,1,3.5
Choudhry Md Imran,T20I,2,2,3,2,2,0,0,1.0,66.67,66.67,0.0,0,0,0,2,1,10.1
LL Tsotsobe,T20I,3,2,10,1,8,0,0,2.0,20.0,80.0,0.0,0,0,0,1,0,3.5
M Kartik,Test,1,2,8,2,6,0,0,1.0,25.0,75.0,0.0,0,0,0,2,1,3.9
LJ Hamilton,ODI,1,2,4,0,2,0,0,2.0,50.0,50.0,0.0,0,0,0,2,0,10.6
Usman Shinwari,T20I,1,2,3,0,1,0,0,2.0,66.67,33.33,0.0,0,0,0,2,0,15.3
Mihir Patel,T20I,1,2,2,1,1,0,0,2.0,100.0,50.0,0.0,0,0,0,2,0,17.5
Qi Shuai,T20I,1,2,2,1,0,0,0,2.0,100.0,0.0,0.0,0,0,0,2,0,24.6
SF Mire,BBL,2,2,3,2,1,0,0,1.0,66.67,33.33,0.0,0,0,0,1,0,14.9
SFS Cheema,T20I,4,2,8,4,6,0,0,0.5,25.0,75.0,0.0,0,0,0,1,2,3.7
E Leie,CPL,1,2,2,0,1,0,0,2.0,100.0,50.0,0.0,0,0,0,2,0,17.5
SB Wagh,IPL,2,2,3,2,2,0,0,1.0,66.67,66.67,0.0,0,0,0,2,1,10.1
SC Meaker,ODI,2,2,16,2,14,0,0,1.0,12.5,87.5,0.0,0,0,0,1,0,2.1
O Jones,ODI,1,2,6,1,4,0,0,2.0,33.33,66.67,0.0,0,0,0,2,0,5.9
Sufyan Yousaf,T20I,1,2,4,1,2,0,0,2.0,50.0,50.0,0.0,0,0,0,2,0,10.6
R Vinay Kumar,T20I,1,2,4,0,2,0,0,2.0,50.0,50.0,0.0,0,0,0,2,0,10.6
R Tanna,T20I,1,2,3,0,1,0,0,2.0,66.67,33.33,0.0,0,0,0,2,0,15.3
M Gherasim,T20I,3,2,6,2,4,0,0,1.0,33.33,66.67,0.0,0,0,0,2,1,5.5
Shahrukh Quddus,T20I,3,2,5,0,3,0,0,2.0,40.0,60.0,0.0,0,0,0,2,0,7.7
BAC Howell,PSL,1,2,1,0,0,0,0,2.0,200.0,0.0,0.0,0,0,0,2,0,35.8
Mario Ovalle,T20I,1,2,8,1,6,0,0,2.0,25.0,75.0,0.0,0,0,0,2,0,4.2
Mashrafe Mortaza,IPL,1,2,2,0,1,0,0,2.0,100.0,50.0,0.0,0,0,0,2,0,17.5
MJ Swepson,ODI,1,2,2,1,1,0,0,2.0,100.0,50.0,0.0,0,0,0,2,0,17.5
M Prasidh Krishna,ODI,7,2,20,3,18,0,0,0.67,10.0,90.0,0.0,0,0,0,2,3,1.6
M Prasidh Krishna,T20I,2,2,3,0,1,0,0,2.0,66.67,33.33,0.0,0,0,0,1,0,15.3
Yin Chenhao,T20I,2,2,13,2,12,0,0,1.0,15.38,92.31,0.0,0,0,0,2,1,2.5
SJ Patel,T20I,4,2,11,3,9,0,0,0.67,18.18,81.82,0.0,0,0,0,2,3,2.8
RS Higgins,ODI,2,2,20,2,18,0,0,1.0,10.0,90.0,0.0,0,0,0,2,1,1.8
Akash Babu,T20I,3,2,6,3,5,0,0,0.67,33.33,83.33,0.0,0,0,0,2,2,4.9
Muhammed Imran,ODI,3,2,10,1,9,0,0,2.0,20.0,90.0,0.0,0,0,0,2,1,3.5
TO Thilappan,T20I,3,2,9,3,7,0,0,0.67,22.22,77.78,0.0,0,0,0,1,1,3.3
Ajaz Patel,T20I,2,2,11,2,9,0,0,1.0,18.18,81.82,0.0,0,0,0,2,1,2.9
MJ Fisher,ODI,2,2,6,2,4,0,0,1.0,33.33,66.67,0.0,0,0,0,1,0,5.5
S Mahmood,BBL,1,2,3,0,2,0,0,2.0,66.67,66.67,0.0,0,0,0,2,0,10.5
DKD Warnakulasuriya,T20I,2,2,13,1,11,0,0,2.0,15.38,84.62,0.0,0,0,0,2,1,2.9
Azin Rafeeg,T20I,1,2,5,0,3,0,0,2.0,40.0,60.0,0.0,0,0,0,2,0,7.7
B Angeltti,T20I,2,2,5,2,4,0,0,1.0,40.0,80.0,0.0,0,0,0,2,1,5.9
Ignacio Lisboa,T20I,1,2,6,1,5,0,0,2.0,33.33,83.33,0.0,0,0,0,2,0,5.4
Aviel Warsulkar,T20I,2,2,3,0,2,0,0,2.0,66.67,66.67,0.0,0,0,0,2,0,10.5
J Srinath,Test,1,2,5,0,4,0,0,2.0,40.0,80.0,0.0,0,0,0,2,0,6.3
NG Smith,T20I,1,2,4,0,2,0,0,2.0,50.0,50.0,0.0,0,0,0,2,0,10.6
MS Tshabalala,ODI,1,2,3,0,1,0,0,2.0,66.67,33.33,0.0,0,0,0,2,0,15.3
K Fubler,T20I,1,2,2,0,1,0,0,2.0,100.0,50.0,0.0,0,0,0,2,0,17.5
SA Pradhan,T20I,1,2,6,0,4,0,0,2.0,33.33,66.67,0.0,0,0,0,2,0,5.9
JP Bray,T20I,2,2,17,2,15,0,0,1.0,11.76,88.24,0.0,0,0,0,2,1,2.0
Sajjad Ali,PSL,1,2,2,1,1,0,0,2.0,100.0,50.0,0.0,0,0,0,2,0,17.5
Harry Johnson,T20I,2,2,3,1,1,0,0,2.0,66.67,33.33,0.0,0,0,0,1,0,15.3
TS Mills,BBL,2,2,8,1,6,0,0,2.0,25.0,75.0,0.0,0,0,0,1,0,4.2
Ahmad Raza,T20I,2,2,4,0,2,0,0,2.0,50.0,50.0,0.0,0,0,0,2,0,10.6
JI de Villiers,T20I,3,2,5,2,3,0,0,1.0,40.0,60.0,0.0,0,0,0,1,1,7.4
Mobashar Ashraf,T20I,1,2,4,1,2,0,0,2.0,50.0,50.0,0.0,0,0,0,2,0,10.6
Umran Malik,ODI,3,2,11,1,9,0,0,2.0,18.18,81.82,0.0,0,0,0,2,1,3.3
Aakash Chand,T20I,2,2,6,1,4,0,0,2.0,33.33,66.67,0.0,0,0,0,2,0,5.9
VO Lawes,ODI,3,2,25,2,23,0,0,1.0,8.0,92.0,0.0,0,0,0,1,1,1.5
Sumit Singh,T20I,1,2,7,1,6,0,0,2.0,28.57,85.71,0.0,0,0,0,2,0,4.7
Anmoldeep Singh,T20I,1,2,7,1,5,0,0,2.0,28.57,71.43,0.0,0,0,0,2,0,4.7
Anop Santosh,ODI,1,2,9,1,7,0,0,2.0,22.22,77.78,0.0,0,0,0,2,0,3.8
D Lakshan,ODI,1,2,9,1,7,0,0,2.0,22.22,77.78,0.0,0,0,0,2,0,3.8
CV Harrison,T20I,1,2,4,1,2,0,0,2.0,50.0,50.0,0.0,0,0,0,2,0,10.6
CS Martin,ODI,1,2,3,0,1,0,0,2.0,66.67,33.33,0.0,0,0,0,2,0,15.3
RP Burl,PSL,1,2,6,1,4,0,0,2.0,33.33,66.67,0.0,0,0,0,2,0,5.9
RP Kellepotha,BBL,2,2,4,0,2,0,0,2.0,50.0,50.0,0.0,0,0,0,1,0,10.6
K Nima,T20I,1,2,3,0,1,0,0,2.0,66.67,33.33,0.0,0,0,0,2,0,15.3
Mongdara Sok,T20I,5,2,9,2,7,0,0,1.0,22.22,77.78,0.0,0,0,0,1,2,3.5
S Badree,PSL,1,2,2,0,0,0,0,2.0,100.0,0.0,0.0,0,0,0,2,0,24.6
BE McGain,Test,1,2,16,2,14,0,0,1.0,12.5,87.5,0.0,0,0,0,2,1,2.1
HWR Cartwright,ODI,2,2,23,2,21,0,0,1.0,8.7,91.3,0.0,0,0,0,1,0,1.6
Hafiz Qaleem,T20I,1,2,4,1,2,0,0,2.0,50.0,50.0,0.0,0,0,0,2,0,10.6
L Nou,T20I,1,2,3,0,1,0,0,2.0,66.67,33.33,0.0,0,0,0,2,0,15.3
A Lazic,T20I,2,2,3,1,1,0,0,2.0,66.67,33.33,0.0,0,0,0,2,1,15.3
C Archibald,CPL,2,2,8,2,6,0,0,1.0,25.0,75.0,0.0,0,0,0,2,1,3.9
Mohammad Atif,T20I,2,2,4,2,2,0,0,1.0,50.0,50.0,0.0,0,0,0,1,0,10.2
AAH Bhikari,T20I,2,2,11,2,9,0,0,1.0,18.18,81.82,0.0,0,0,0,1,0,2.9
KT Sandher,ODI,1,2,6,1,4,0,0,2.0,33.33,66.67,0.0,0,0,0,2,0,5.9
Qadeer Ahmed,ODI,3,2,11,0,9,0,0,2.0,18.18,81.82,0.0,0,0,0,2,0,3.3
H Das,IPL,1,2,5,1,3,0,0,2.0,40.0,60.0,0.0,0,0,0,2,0,7.7
Saif Ullah Malik,T20I,1,2,3,1,2,0,0,2.0,66.67,66.67,0.0,0,0,0,2,0,10.5
UWMBCA Welegedara,T20I,1,2,3,0,1,0,0,2.0,66.67,33.33,0.0,0,0,0,2,0,15.3
KMC Bandara,T20I,1,2,4,0,2,0,0,2.0,50.0,50.0,0.0,0,0,0,2,0,10.6
MJ Mason,T20I,1,2,2,1,0,0,0,2.0,100.0,0.0,0.0,0,0,0,2,0,24.6
Z Marosy,T20I,1,2,2,0,1,0,0,2.0,100.0,50.0,0.0,0,0,0,2,0,17.5
AD Russell,Test,1,2,9,1,7,0,0,2.0,22.22,77.78,0.0,0,0,0,2,0,3.8
SS Kang,T20I,2,2,9,2,7,0,0,1.0,22.22,77.78,0.0,0,0,0,1,0,3.5
Zaheer Maqsood,T20I,1,2,5,1,3,0,0,2.0,40.0,60.0,0.0,0,0,0,2,0,7.7
Anskumar Ahir,T20I,1,2,6,0,4,0,0,2.0,33.33,66.67,0.0,0,0,0,2,0,5.9
J Long,T20I,1,2,6,0,4,0,0,2.0,33.33,66.67,0.0,0,0,0,2,0,5.9
A Singh,IPL,5,2,10,4,7,0,0,0.5,20.0,70.0,0.0,0,0,0,1,3,3.0
Khurram Shahzad,T20I,2,2,12,2,10,0,0,1.0,16.67,83.33,0.0,0,0,0,1,0,2.7
XA Crone,BBL,2,2,6,2,4,0,0,1.0,33.33,66.67,0.0,0,0,0,1,0,5.5
RDS Morein,T20I,4,2,11,1,10,0,0,2.0,18.18,90.91,0.0,0,0,0,2,0,3.3
G Johnson,T20I,1,2,10,0,8,0,0,2.0,20.0,80.0,0.0,0,0,0,2,0,3.5
RG More,IPL,1,2,2,0,0,0,0,2.0,100.0,0.0,0.0,0,0,0,2,0,24.6
Franz Bur,T20I,1,2,7,0,4,0,0,2.0,28.57,57.14,0.0,0,0,0,2,0,6.6
G Campbell,T20I,1,2,8,1,6,0,0,2.0,25.0,75.0,0.0,0,0,0,2,0,4.2
L Stubbs,T20I,3,2,24,3,22,0,0,0.67,8.33,91.67,0.0,0,0,0,2,2,1.4
Elias Sunny,ODI,4,2,11,2,9,0,0,1.0,18.18,81.82,0.0,0,0,0,1,1,2.9
Emanuel,T20I,3,2,17,3,15,0,0,0.67,11.76,88.24,0.0,0,0,0,1,1,1.9
Emran Shahbakhsh,T20I,1,2,2,0,1,0,0,2.0,100.0,50.0,0.0,0,0,0,2,0,17.5
RS Gavaskar,IPL,1,2,8,1,6,0,0,2.0,25.0,75.0,0.0,0,0,0,2,0,4.2
Mohomed Saddam,T20I,2,2,11,2,9,0,0,1.0,18.18,81.82,0.0,0,0,0,2,1,2.9
PG Gillespie,ODI,2,2,11,2,9,0,0,1.0,18.18,81.82,0.0,0,0,0,2,1,2.9
PM Liyanagamage,T20I,3,2,4,2,2,0,0,1.0,50.0,50.0,0.0,0,0,0,1,1,10.2
PK Dimitri,T20I,4,2,10,2,8,0,0,1.0,20.0,80.0,0.0,0,0,0,2,2,3.2
PKD Chase,T20I,2,2,9,0,7,0,0,2.0,22.22,77.78,0.0,0,0,0,2,0,3.8
KP Appanna,IPL,3,2,4,1,2,0,0,2.0,50.0,50.0,0.0,0,0,0,1,0,10.6
Mohammad Ashraful,IPL,1,2,10,1,8,0,0,2.0,20.0,80.0,0.0,0,0,0,2,0,3.5
Mohammad Huraira,PSL,1,2,8,1,6,0,0,2.0,25.0,75.0,0.0,0,0,0,2,0,4.2
JN Rhodes,ODI,1,2,6,1,4,0,0,2.0,33.33,66.67,0.0,0,0,0,2,0,5.9
JNK Shannon,ODI,1,2,8,1,6,0,0,2.0,25.0,75.0,0.0,0,0,0,2,0,4.2
PR George,Test,1,2,11,2,10,0,0,1.0,18.18,90.91,0.0,0,0,0,2,1,2.9
Abu Zar,T20I,1,2,3,1,2,0,0,2.0,66.67,66.67,0.0,0,0,0,2,0,10.5
L Zulu,T20I,1,2,5,1,3,0,0,2.0,40.0,60.0,0.0,0,0,0,2,0,7.7
Sareer Shah,T20I,4,2,6,2,4,0,0,1.0,33.33,66.67,0.0,0,0,0,1,2,5.5
BP Adapaka,T20I,4,2,4,1,2,0,0,2.0,50.0,50.0,0.0,0,0,0,1,1,10.6
BR Dorey,ODI,1,2,8,1,6,0,0,2.0,25.0,75.0,0.0,0,0,0,2,0,4.2
K Takahashi,T20I,1,2,3,1,1,0,0,2.0,66.67,33.33,0.0,0,0,0,2,0,15.3
AK Mandal,T20I,1,2,9,1,7,0,0,2.0,22.22,77.78,0.0,0,0,0,2,0,3.8
K Kamyuka,ODI,1,2,2,1,1,0,0,2.0,100.0,50.0,0.0,0,0,0,2,0,17.5
VS Yeligati,IPL,1,2,2,1,1,0,0,2.0,100.0,50.0,0.0,0,0,0,2,0,17.5
CJ Green,T20I,1,2,3,0,1,0,0,2.0,66.67,33.33,0.0,0,0,0,2,0,15.3
L Bowe,BBL,3,2,4,2,2,0,0,1.0,50.0,50.0,0.0,0,0,0,2,2,10.2
Navdeep Saini,IPL,1,2,2,1,1,0,0,2.0,100.0,50.0,0.0,0,0,0,2,0,17.5
Aslam Bera,T20I,4,2,9,4,7,0,0,0.5,22.22,77.78,0.0,0,0,0,1,2,3.3
Naveen-ul-Haq,BBL,1,2,6,1,4,0,0,2.0,33.33,66.67,0.0,0,0,0,2,0,5.9
Syed Jawad Haider,T20I,1,2,5,1,3,0,0,2.0,40.0,60.0,0.0,0,0,0,2,0,7.7
M Theekshana,PSL,2,2,4,1,2,0,0,2.0,50.0,50.0,0.0,0,0,0,2,1,10.6
S di Bartolomeo,T20I,1,2,2,0,1,0,0,2.0,100.0,50.0,0.0,0,0,0,2,0,17.5
HB Shipley,T20I,2,2,2,0,0,0,0,2.0,100.0,0.0,0.0,0,0,0,1,0,24.6
DV Malewar,IPL,2,2,5,2,3,0,0,1.0,40.0,60.0,0.0,0,0,0,2,1,7.4
Tareq Aziz,ODI,1,2,11,0,9,0,0,2.0,18.18,81.82,0.0,0,0,0,2,0,3.3
Tasaduq Hussain,T20I,2,2,6,2,4,0,0,1.0,33.33,66.67,0.0,0,0,0,2,1,5.5
Abu Jayed,T20I,1,2,3,1,2,0,0,2.0,66.67,66.67,0.0,0,0,0,2,0,10.5
BR Sharath,IPL,1,2,5,1,3,0,0,2.0,40.0,60.0,0.0,0,0,0,2,0,7.7
BS Sandhu,T20I,1,2,5,1,3,0,0,2.0,40.0,60.0,0.0,0,0,0,2,0,7.7
S Vijayakumar,T20I,2,2,5,2,3,0,0,1.0,40.0,60.0,0.0,0,0,0,1,0,7.4
RJ Gleeson,IPL,1,2,2,0,1,0,0,2.0,100.0,50.0,0.0,0,0,0,2,0,17.5
KA Jadhav,T20I,1,2,14,1,12,0,0,2.0,14.29,85.71,0.0,0,0,0,2,0,2.7
K Savory,CPL,1,2,4,1,2,0,0,2.0,50.0,50.0,0.0,0,0,0,2,0,10.6
RP Meredith,ODI,1,2,4,0,2,0,0,2.0,50.0,50.0,0.0,0,0,0,2,0,10.6
Nasir Javed,ODI,1,2,19,0,16,0,0,2.0,10.53,84.21,0.0,0,0,0,2,0,2.2
Izharulhaq Naveed,CPL,1,2,6,1,4,0,0,2.0,33.33,66.67,0.0,0,0,0,2,0,5.9
T Sangha,T20I,1,2,4,0,2,0,0,2.0,50.0,50.0,0.0,0,0,0,2,0,10.6
T Shamsi,IPL,1,2,4,0,2,0,0,2.0,50.0,50.0,0.0,0,0,0,2,0,10.6
Aarnav Patel,T20I,2,2,7,0,5,0,0,2.0,28.57,71.43,0.0,0,0,0,1,0,4.7
RJ Gleeson,T20I,2,2,4,2,3,0,0,1.0,50.0,75.0,0.0,0,0,0,2,1,7.3
AJ Parmar,T20I,5,2,8,1,5,0,0,2.0,25.0,62.5,0.0,0,0,0,1,1,5.3
KC Hodsoll,ODI,1,2,5,0,3,0,0,2.0,40.0,60.0,0.0,0,0,0,2,0,7.7
W Kokaua,T20I,1,2,4,0,2,0,0,2.0,50.0,50.0,0.0,0,0,0,2,0,10.6
M Labuschagne,T20I,1,2,4,1,2,0,0,2.0,50.0,50.0,0.0,0,0,0,2,0,10.6
Najeeb Amar,T20I,1,2,9,1,8,0,0,2.0,22.22,88.89,0.0,0,0,0,2,0,3.8
J Drysdale,ODI,1,2,6,0,4,0,0,2.0,33.33,66.67,0.0,0,0,0,2,0,5.9
S Pitabeddara,T20I,4,2,8,4,7,0,0,0.5,25.0,87.5,0.0,0,0,0,2,3,3.7
SN Netravalkar,CPL,3,2,5,1,3,0,0,2.0,40.0,60.0,0.0,0,0,0,1,1,7.7
RJ Gleeson,PSL,2,1,3,1,2,0,0,1.0,33.33,66.67,0.0,0,0,0,1,1,5.5
Fazalhaq Farooqi,BBL,2,1,3,1,2,0,0,1.0,33.33,66.67,0.0,0,0,0,1,1,5.5
RM Duffield,BBL,1,1,3,1,2,0,0,1.0,33.33,66.67,0.0,0,0,0,1,0,5.5
KD Mehta,T20I,1,1,2,1,1,0,0,1.0,50.0,50.0,0.0,0,0,0,1,0,10.2
W Mwayenga,ODI,2,1,11,2,10,0,0,0.5,9.09,90.91,0.0,0,0,0,1,1,1.5
LE Plunkett,IPL,2,1,3,1,2,0,0,1.0,33.33,66.67,0.0,0,0,0,1,1,5.5
Ashok Sharma,IPL,2,1,4,0,3,0,0,1.0,25.0,75.0,0.0,0,0,0,1,0,3.8
M Bean,BBL,1,1,1,0,0,0,0,1.0,100.0,0.0,0.0,0,0,0,1,0,24.3
S Ogundipe,T20I,1,1,3,0,2,0,0,1.0,33.33,66.67,0.0,0,0,0,1,0,5.5
Zakir Hasan,ODI,1,1,5,1,4,0,0,1.0,20.0,80.0,0.0,0,0,0,1,0,3.2
BV Sears,PSL,3,1,8,2,7,0,0,0.5,12.5,87.5,0.0,0,0,0,1,2,1.9
SA Lewis,CPL,1,1,3,1,2,0,0,1.0,33.33,66.67,0.0,0,0,0,1,0,5.5
DE Bernard,T20I,1,1,1,0,0,0,0,1.0,100.0,0.0,0.0,0,0,0,1,0,24.3
DE Bollinger,T20I,1,1,1,0,0,0,0,1.0,100.0,0.0,0.0,0,0,0,1,0,24.3
Sandeep Sharma,T20I,1,1,1,0,0,0,0,1.0,100.0,0.0,0.0,0,0,0,1,0,24.3
Arshad Mazarzei,T20I,1,1,11,1,10,0,0,1.0,9.09,90.91,0.0,0,0,0,1,0,1.6
Khaled Ahmed,ODI,2,1,4,1,3,0,0,1.0,25.0,75.0,0.0,0,0,0,1,0,3.8
MDK Perera,T20I,2,1,6,2,5,0,0,0.5,16.67,83.33,0.0,0,0,0,1,1,2.5
Kashif Bhatti,PSL,1,1,1,0,0,0,0,1.0,100.0,0.0,0.0,0,0,0,1,0,24.3
Kashif Ali,Test,1,1,12,2,11,0,0,0.5,8.33,91.67,0.0,0,0,0,1,1,1.3
J Blades,CPL,1,1,5,0,4,0,0,1.0,20.0,80.0,0.0,0,0,0,1,0,3.2
MP Yadav,T20I,1,1,1,0,0,0,0,1.0,100.0,0.0,0.0,0,0,0,1,0,24.3
K Mahato,ODI,2,1,10,0,9,0,0,1.0,10.0,90.0,0.0,0,0,0,1,0,1.8
MR Montfort,T20I,1,1,1,0,0,0,0,1.0,100.0,0.0,0.0,0,0,0,1,0,24.3
KA Maharaj,IPL,1,1,2,1,1,0,0,1.0,50.0,50.0,0.0,0,0,0,1,0,10.2
KA Edwards,CPL,1,1,6,1,5,0,0,1.0,16.67,83.33,0.0,0,0,0,1,0,2.7
MN van Wyk,PSL,1,1,7,1,6,0,0,1.0,14.29,85.71,0.0,0,0,0,1,0,2.4
A Govorko,T20I,1,1,1,0,0,0,0,1.0,100.0,0.0,0.0,0,0,0,1,0,24.3
A Gavde,T20I,1,1,6,1,5,0,0,1.0,16.67,83.33,0.0,0,0,0,1,0,2.7
Ashwani Kumar,IPL,1,1,6,0,5,0,0,1.0,16.67,83.33,0.0,0,0,0,1,0,2.7
Syed Rehmatullah,T20I,1,1,2,0,1,0,0,1.0,50.0,50.0,0.0,0,0,0,1,0,10.2
ZK Shem,T20I,1,1,3,0,2,0,0,1.0,33.33,66.67,0.0,0,0,0,1,0,5.5
KMC Bandara,ODI,1,1,3,0,2,0,0,1.0,33.33,66.67,0.0,0,0,0,1,0,5.5
MJ Saggers,Test,1,1,12,1,11,0,0,1.0,8.33,91.67,0.0,0,0,0,1,0,1.5
WJR Robertson,T20I,1,1,2,0,1,0,0,1.0,50.0,50.0,0.0,0,0,0,1,0,10.2
Sefu Athumani,T20I,1,1,6,0,5,0,0,1.0,16.67,83.33,0.0,0,0,0,1,0,2.7
HK Bennett,T20I,1,1,2,0,1,0,0,1.0,50.0,50.0,0.0,0,0,0,1,0,10.2
PM Siddle,T20I,1,1,1,0,0,0,0,1.0,100.0,0.0,0.0,0,0,0,1,0,24.3
PM Sarvesh Kumar,IPL,1,1,2,0,1,0,0,1.0,50.0,50.0,0.0,0,0,0,1,0,10.2
Haris Karim,T20I,1,1,3,0,2,0,0,1.0,33.33,66.67,0.0,0,0,0,1,0,5.5
JL Curtis,BBL,1,1,2,1,1,0,0,1.0,50.0,50.0,0.0,0,0,0,1,0,10.2
Mohit Rathee,IPL,1,1,2,0,1,0,0,1.0,50.0,50.0,0.0,0,0,0,1,0,10.2
JM Anderson,T20I,2,1,2,1,1,0,0,1.0,50.0,50.0,0.0,0,0,0,1,1,10.2
RR Ramdass,ODI,1,1,9,1,8,0,0,1.0,11.11,88.89,0.0,0,0,0,1,0,1.9
M Shiraz,ODI,1,1,1,0,0,0,0,1.0,100.0,0.0,0.0,0,0,0,1,0,24.3
Yasir Ali,Test,1,1,5,0,4,0,0,1.0,20.0,80.0,0.0,0,0,0,1,0,3.2
JM Mennie,ODI,2,1,4,2,3,0,0,0.5,25.0,75.0,0.0,0,0,0,1,1,3.7
PC Connell,T20I,1,1,2,0,1,0,0,1.0,50.0,50.0,0.0,0,0,0,1,0,10.2
L Ruane,T20I,1,1,5,1,4,0,0,1.0,20.0,80.0,0.0,0,0,0,1,0,3.2
Sajid Safi,T20I,1,1,3,1,2,0,0,1.0,33.33,66.67,0.0,0,0,0,1,0,5.5
Mohammad Asaduzzaman,T20I,2,1,2,1,1,0,0,1.0,50.0,50.0,0.0,0,0,0,1,1,10.2
Mohammad Ali,T20I,1,1,1,0,0,0,0,1.0,100.0,0.0,0.0,0,0,0,1,0,24.3
JR Lucky,T20I,2,1,8,1,7,0,0,1.0,12.5,87.5,0.0,0,0,0,1,0,2.1
Mohammad Abbas,PSL,1,1,1,0,0,0,0,1.0,100.0,0.0,0.0,0,0,0,1,0,24.3
M Muralitharan,T20I,2,1,5,2,4,0,0,0.5,20.0,80.0,0.0,0,0,0,1,1,3.0
M Muralitharan,BBL,2,1,5,2,4,0,0,0.5,20.0,80.0,0.0,0,0,0,1,1,3.0
M Mpongwana,ODI,1,1,2,0,1,0,0,1.0,50.0,50.0,0.0,0,0,0,1,0,10.2
BG Lister,T20I,3,1,6,2,5,0,0,0.5,16.67,83.33,0.0,0,0,0,1,1,2.5
Adnan Shnwarei,T20I,1,1,3,1,2,0,0,1.0,33.33,66.67,0.0,0,0,0,1,0,5.5
S Browne,T20I,2,1,9,2,8,0,0,0.5,11.11,88.89,0.0,0,0,0,1,1,1.7
M Brasier,T20I,2,1,4,1,3,0,0,1.0,25.0,75.0,0.0,0,0,0,1,1,3.8
Moniruzzaman,ODI,2,1,20,2,19,0,0,0.5,5.0,95.0,0.0,0,0,0,1,1,0.9
Ahmed Daniyal,BBL,1,1,2,0,1,0,0,1.0,50.0,50.0,0.0,0,0,0,1,0,10.2
Ehsan Adil,T20I,1,1,2,0,1,0,0,1.0,50.0,50.0,0.0,0,0,0,1,0,10.2
EP Thompson,T20I,1,1,1,0,0,0,0,1.0,100.0,0.0,0.0,0,0,0,1,0,24.3
M de Lange,IPL,1,1,2,1,1,0,0,1.0,50.0,50.0,0.0,0,0,0,1,0,10.2
M Separovic,T20I,2,1,3,2,2,0,0,0.5,33.33,66.67,0.0,0,0,0,1,1,5.3
Benjamin Constanzo,T20I,1,1,5,1,4,0,0,1.0,20.0,80.0,0.0,0,0,0,1,0,3.2
S Tyagi,ODI,1,1,2,0,1,0,0,1.0,50.0,50.0,0.0,0,0,0,1,0,10.2
DS Kulkarni,T20I,1,1,1,0,0,0,0,1.0,100.0,0.0,0.0,0,0,0,1,0,24.3
S Bhari,T20I,4,1,6,1,5,0,0,1.0,16.67,83.33,0.0,0,0,0,1,1,2.7
DW Steyn,CPL,1,1,1,0,0,0,0,1.0,100.0,0.0,0.0,0,0,0,1,0,24.3
Mohamad Junaid Khushi,T20I,1,1,1,0,0,0,0,1.0,100.0,0.0,0.0,0,0,0,1,0,24.3
M Zondeki,ODI,2,1,3,1,2,0,0,1.0,33.33,66.67,0.0,0,0,0,1,1,5.5
A Nehra,Test,2,1,11,1,10,0,0,1.0,9.09,90.91,0.0,0,0,0,1,1,1.6
JJ Athanaze,CPL,2,1,2,1,1,0,0,1.0,50.0,50.0,0.0,0,0,0,1,1,10.2
BE Hendricks,IPL,2,1,3,1,2,0,0,1.0,33.33,66.67,0.0,0,0,0,1,1,5.5
BDH Stevens,ODI,1,1,5,1,4,0,0,1.0,20.0,80.0,0.0,0,0,0,1,0,3.2
Harprit Singh,T20I,1,1,1,0,0,0,0,1.0,100.0,0.0,0.0,0,0,0,1,0,24.3
Mirza Ahmed,T20I,2,1,2,0,1,0,0,1.0,50.0,50.0,0.0,0,0,0,1,0,10.2
AC Frame,T20I,1,1,3,1,2,0,0,1.0,33.33,66.67,0.0,0,0,0,1,0,5.5
KK Ahmed,T20I,2,1,2,0,1,0,0,1.0,50.0,50.0,0.0,0,0,0,1,0,10.2
MJ Suthar,IPL,1,1,2,1,1,0,0,1.0,50.0,50.0,0.0,0,0,0,1,0,10.2
Saad Bin Zafar,CPL,1,1,2,0,1,0,0,1.0,50.0,50.0,0.0,0,0,0,1,0,10.2
Bilal Shah,T20I,1,1,1,0,0,0,0,1.0,100.0,0.0,0.0,0,0,0,1,0,24.3
I Khaleel,CPL,1,1,2,1,1,0,0,1.0,50.0,50.0,0.0,0,0,0,1,0,10.2
Hasan Raza,Test,1,1,18,2,17,0,0,0.5,5.56,94.44,0.0,0,0,0,1,1,1.0
Hassnain Shah,T20I,3,1,6,3,5,0,0,0.33,16.67,83.33,0.0,0,0,0,1,2,2.4
Het Patel,T20I,1,1,7,0,6,0,0,1.0,14.29,85.71,0.0,0,0,0,1,0,2.4
DBL Powell,T20I,1,1,1,0,0,0,0,1.0,100.0,0.0,0.0,0,0,0,1,0,24.3
Aizaz Cheema,Test,3,1,23,0,22,0,0,1.0,4.35,95.65,0.0,0,0,0,1,0,1.0
Ahsan ul Haq,T20I,2,1,6,2,5,0,0,0.5,16.67,83.33,0.0,0,0,0,1,1,2.5
Muhammed Imran,T20I,2,1,2,1,1,0,0,1.0,50.0,50.0,0.0,0,0,0,1,1,10.2
Muhammad Ismail,PSL,1,1,2,0,1,0,0,1.0,50.0,50.0,0.0,0,0,0,1,0,10.2
D Gough,Test,1,1,18,1,16,0,0,1.0,5.56,88.89,0.0,0,0,0,1,0,1.1
Ghulam Mudassar,PSL,2,1,3,1,2,0,0,1.0,33.33,66.67,0.0,0,0,0,1,1,5.5
Qasim Anwar,T20I,1,1,2,1,1,0,0,1.0,50.0,50.0,0.0,0,0,0,1,0,10.2
JS Jesani,T20I,1,1,5,1,4,0,0,1.0,20.0,80.0,0.0,0,0,0,1,0,3.2
AR Nair,T20I,2,1,2,2,1,0,0,0.5,50.0,50.0,0.0,0,0,0,1,1,10.0
AS Dean,T20I,1,1,1,1,0,0,0,1.0,100.0,0.0,0.0,0,0,0,1,0,24.3
LH Ferguson,Test,1,1,9,0,8,0,0,1.0,11.11,88.89,0.0,0,0,0,1,0,1.9
Chare Smith,T20I,2,1,4,1,3,0,0,1.0,25.0,75.0,0.0,0,0,0,1,0,3.8
B Terbish,T20I,3,1,7,2,6,0,0,0.5,14.29,85.71,0.0,0,0,0,1,2,2.2
B Shikongo,T20I,4,1,7,3,6,0,0,0.33,14.29,85.71,0.0,0,0,0,1,3,2.1
Mukhtar Ahmed,PSL,1,1,3,1,2,0,0,1.0,33.33,66.67,0.0,0,0,0,1,0,5.5
Alawi Shukri,ODI,1,1,3,1,2,0,0,1.0,33.33,66.67,0.0,0,0,0,1,0,5.5
TM Anker,T20I,1,1,7,0,6,0,0,1.0,14.29,85.71,0.0,0,0,0,1,0,2.4
P Sadev,T20I,1,1,4,1,3,0,0,1.0,25.0,75.0,0.0,0,0,0,1,0,3.8
B Williams,T20I,1,1,3,0,2,0,0,1.0,33.33,66.67,0.0,0,0,0,1,0,5.5
B White,Test,3,1,30,2,29,0,0,0.5,3.33,96.67,0.0,0,0,0,1,1,0.7
B Wentzel,T20I,1,1,2,1,1,0,0,1.0,50.0,50.0,0.0,0,0,0,1,0,10.2
RV Nascimento,T20I,2,1,3,1,2,0,0,1.0,33.33,66.67,0.0,0,0,0,1,1,5.5
I Uboh,T20I,2,1,4,0,3,0,0,1.0,25.0,75.0,0.0,0,0,0,1,0,3.8
I Mustafoev,T20I,1,1,8,1,7,0,0,1.0,12.5,87.5,0.0,0,0,0,1,0,2.1
Musawar Shah,T20I,1,1,1,0,0,0,0,1.0,100.0,0.0,0.0,0,0,0,1,0,24.3
JD Wildermuth,T20I,1,1,1,0,0,0,0,1.0,100.0,0.0,0.0,0,0,0,1,0,24.3
Murat Ipek,T20I,2,1,2,2,1,0,0,0.5,50.0,50.0,0.0,0,0,0,1,1,10.0
R Chatterton,T20I,1,1,7,1,6,0,0,1.0,14.29,85.71,0.0,0,0,0,1,0,2.4
Jabran Khan,T20I,1,1,4,1,3,0,0,1.0,25.0,75.0,0.0,0,0,0,1,0,3.8
JW Wilson,ODI,1,1,2,1,1,0,0,1.0,50.0,50.0,0.0,0,0,0,1,0,10.2
Matiullah Khan,T20I,2,1,5,0,4,0,0,1.0,20.0,80.0,0.0,0,0,0,1,0,3.2
Masood Jayezeh,T20I,1,1,4,1,3,0,0,1.0,25.0,75.0,0.0,0,0,0,1,0,3.8
V Hettiarachchi,T20I,1,1,2,1,1,0,0,1.0,50.0,50.0,0.0,0,0,0,1,0,10.2
R Murugan,T20I,3,1,7,2,6,0,0,0.5,14.29,85.71,0.0,0,0,0,1,2,2.2
SZ Mulani,IPL,1,1,1,0,0,0,0,1.0,100.0,0.0,0.0,0,0,0,1,0,24.3
SYS Assegon,T20I,2,1,18,2,17,0,0,0.5,5.56,94.44,0.0,0,0,0,1,1,1.0
GRD Munasinghe,T20I,3,1,10,3,9,0,0,0.33,10.0,90.0,0.0,0,0,0,1,2,1.5
B Laughlin,ODI,1,1,9,0,8,0,0,1.0,11.11,88.89,0.0,0,0,0,1,0,1.9
Riyaz Kajalwala,T20I,2,1,9,1,8,0,0,1.0,11.11,88.89,0.0,0,0,0,1,0,1.9
Ross Hardie,T20I,1,1,2,0,1,0,0,1.0,50.0,50.0,0.0,0,0,0,1,0,10.2
Dhiman Ghosh,T20I,1,1,2,1,1,0,0,1.0,50.0,50.0,0.0,0,0,0,1,0,10.2
Mustakim Aslam,T20I,1,1,5,1,4,0,0,1.0,20.0,80.0,0.0,0,0,0,1,0,3.2
R Dhawan,T20I,1,1,2,0,1,0,0,1.0,50.0,50.0,0.0,0,0,0,1,0,10.2
R Hadley,BBL,1,1,2,1,1,0,0,1.0,50.0,50.0,0.0,0,0,0,1,0,10.2
DR Brown,T20I,1,1,5,1,4,0,0,1.0,20.0,80.0,0.0,0,0,0,1,0,3.2
S Ishaque,WPL,3,1,7,3,6,0,0,0.33,14.29,85.71,0.0,0,0,0,1,2,2.1
DP Vijaykumar,IPL,1,1,1,0,0,0,0,1.0,100.0,0.0,0.0,0,0,0,1,0,24.3
DJ Muthuswami,IPL,1,1,3,1,2,0,0,1.0,33.33,66.67,0.0,0,0,0,1,0,5.5
Jaison Jerome,T20I,2,1,5,2,4,0,0,0.5,20.0,80.0,0.0,0,0,0,1,1,3.0
SV Wiig,T20I,1,1,1,0,0,0,0,1.0,100.0,0.0,0.0,0,0,0,1,0,24.3
C Nzabarinda,T20I,1,1,2,1,1,0,0,1.0,50.0,50.0,0.0,0,0,0,1,0,10.2
D Halloway,T20I,1,1,2,1,1,0,0,1.0,50.0,50.0,0.0,0,0,0,1,0,10.2
SI Mahmood,T20I,2,1,2,0,1,0,0,1.0,50.0,50.0,0.0,0,0,0,1,0,10.2
L Bloomfield,T20I,1,1,3,1,2,0,0,1.0,33.33,66.67,0.0,0,0,0,1,0,5.5
N Venables,T20I,2,1,6,2,5,0,0,0.5,16.67,83.33,0.0,0,0,0,1,1,2.5
N Nankov,T20I,1,1,5,1,4,0,0,1.0,20.0,80.0,0.0,0,0,0,1,0,3.2
B Laughlin,CPL,2,1,2,1,1,0,0,1.0,50.0,50.0,0.0,0,0,0,1,1,10.2
GJ McCarter,ODI,1,1,1,0,0,0,0,1.0,100.0,0.0,0.0,0,0,0,1,0,24.3
R Mahajan,T20I,1,1,1,0,0,0,0,1.0,100.0,0.0,0.0,0,0,0,1,0,24.3
I Wardlaw,T20I,1,1,3,1,2,0,0,1.0,33.33,66.67,0.0,0,0,0,1,0,5.5
P Cabebula,T20I,5,1,10,5,9,0,0,0.2,10.0,90.0,0.0,0,0,0,1,4,1.5
N Pooran,PSL,1,1,3,1,2,0,0,1.0,33.33,66.67,0.0,0,0,0,1,0,5.5
N Ndzeute,T20I,1,1,2,0,1,0,0,1.0,50.0,50.0,0.0,0,0,0,1,0,10.2
N Ndouteng,T20I,2,1,5,1,4,0,0,1.0,20.0,80.0,0.0,0,0,0,1,0,3.2
N Gnanapragasam,T20I,2,1,5,2,4,0,0,0.5,20.0,80.0,0.0,0,0,0,1,1,3.0
Ali Raza,PSL,3,1,9,0,8,0,0,1.0,11.11,88.89,0.0,0,0,0,1,0,1.9
B Muzarabani,CPL,1,1,6,1,5,0,0,1.0,16.67,83.33,0.0,0,0,0,1,0,2.7
Shoaib Ahmed,IPL,3,1,6,2,5,0,0,0.5,16.67,83.33,0.0,0,0,0,1,2,2.5
P Parameswaran,IPL,2,1,2,0,1,0,0,1.0,50.0,50.0,0.0,0,0,0,1,0,10.2
C Liebenberg,T20I,1,1,1,1,0,0,0,1.0,100.0,0.0,0.0,0,0,0,1,0,24.3
C Stow,BBL,1,1,2,0,1,0,0,1.0,50.0,50.0,0.0,0,0,0,1,0,10.2
ST Yalimaiwai,T20I,2,1,2,1,1,0,0,1.0,50.0,50.0,0.0,0,0,0,1,1,10.2
LC Romero,ODI,2,1,7,2,6,0,0,0.5,14.29,85.71,0.0,0,0,0,1,1,2.2
LB Williams,IPL,1,1,2,0,1,0,0,1.0,50.0,50.0,0.0,0,0,0,1,0,10.2
EC Rainsford,T20I,1,1,2,0,1,0,0,1.0,50.0,50.0,0.0,0,0,0,1,0,10.2
Snir Massil,T20I,1,1,3,1,2,0,0,1.0,33.33,66.67,0.0,0,0,0,1,0,5.5
MF Manjate,T20I,3,1,5,3,4,0,0,0.33,20.0,80.0,0.0,0,0,0,1,2,2.9
KT Maphaka,ODI,3,1,8,3,7,0,0,0.33,12.5,87.5,0.0,0,0,0,1,2,1.9
Sohail Khan,T20I,1,1,1,0,0,0,0,1.0,100.0,0.0,0.0,0,0,0,1,0,24.3
P Hingorani,T20I,3,1,6,1,5,0,0,1.0,16.67,83.33,0.0,0,0,0,1,0,2.7
P Hatzoglou,PSL,1,1,4,1,3,0,0,1.0,25.0,75.0,0.0,0,0,0,1,0,3.8
IIR Bhana,T20I,1,1,3,1,2,0,0,1.0,33.33,66.67,0.0,0,0,0,1,0,5.5
Omid Shafi Rahman,ODI,2,1,7,1,6,0,0,1.0,14.29,85.71,0.0,0,0,0,1,0,2.4
P Donkaew,T20I,1,1,3,1,2,0,0,1.0,33.33,66.67,0.0,0,0,0,1,0,5.5
Y Punja,ODI,1,1,6,1,5,0,0,1.0,16.67,83.33,0.0,0,0,0,1,0,2.7
Awais Zafar,Test,1,1,8,1,7,0,0,1.0,12.5,87.5,0.0,0,0,0,1,0,2.1
Sukhkaran Sahi,T20I,1,1,2,1,1,0,0,1.0,50.0,50.0,0.0,0,0,0,1,0,10.2
S Nadeem,Test,2,1,30,2,29,0,0,0.5,3.33,96.67,0.0,0,0,0,1,2,0.7
S Mills,T20I,1,1,3,0,2,0,0,1.0,33.33,66.67,0.0,0,0,0,1,0,5.5
S Kaul,ODI,1,1,2,1,1,0,0,1.0,50.0,50.0,0.0,0,0,0,1,0,10.2
DMK Grant,BBL,1,1,1,0,0,0,0,1.0,100.0,0.0,0.0,0,0,0,1,0,24.3
K Kubota,T20I,2,1,2,0,1,0,0,1.0,50.0,50.0,0.0,0,0,0,1,0,10.2
R Sharma,ODI,1,1,2,1,1,0,0,1.0,50.0,50.0,0.0,0,0,0,1,0,10.2
GDR Eranga,T20I,1,1,1,1,0,0,0,1.0,100.0,0.0,0.0,0,0,0,1,0,24.3
GD Putland,BBL,2,1,4,1,3,0,0,1.0,25.0,75.0,0.0,0,0,0,1,1,3.8
R Ugarkar,ODI,2,1,6,1,5,0,0,1.0,16.67,83.33,0.0,0,0,0,1,1,2.7
Sukhjinder Singh,T20I,1,1,4,0,3,0,0,1.0,25.0,75.0,0.0,0,0,0,1,0,3.8
Suhrawadi Shuvo,T20I,1,1,3,0,2,0,0,1.0,33.33,66.67,0.0,0,0,0,1,0,5.5
Subashis Roy,ODI,1,1,9,0,8,0,0,1.0,11.11,88.89,0.0,0,0,0,1,0,1.9
SC Kerrigan,Test,1,1,12,0,11,0,0,1.0,8.33,91.67,0.0,0,0,0,1,0,1.5
EJB Miles,ODI,2,1,7,1,6,0,0,1.0,14.29,85.71,0.0,0,0,0,1,1,2.4
J Morgan,BBL,1,1,3,1,2,0,0,1.0,33.33,66.67,0.0,0,0,0,1,0,5.5
Noor Ahmad,CPL,1,1,4,1,3,0,0,1.0,25.0,75.0,0.0,0,0,0,1,0,3.8
K Cawte,T20I,3,1,8,1,7,0,0,1.0,12.5,87.5,0.0,0,0,0,1,1,2.1
MT Chinouya,Test,2,1,34,2,33,0,0,0.5,2.94,97.06,0.0,0,0,0,1,1,0.6
VM Nyauchi,T20I,1,1,3,0,2,0,0,1.0,33.33,66.67,0.0,0,0,0,1,0,5.5
MS Panesar,T20I,1,1,2,1,1,0,0,1.0,50.0,50.0,0.0,0,0,0,1,0,10.2
CBRLS Kumara,CPL,1,1,1,0,0,0,0,1.0,100.0,0.0,0.0,0,0,0,1,0,24.3
GA Rogers,T20I,1,1,3,0,2,0,0,1.0,33.33,66.67,0.0,0,0,0,1,0,5.5
G Wijekoon,T20I,2,1,5,1,4,0,0,1.0,20.0,80.0,0.0,0,0,0,1,1,3.2
GC Tonge,CPL,1,1,1,0,0,0,0,1.0,100.0,0.0,0.0,0,0,0,1,0,24.3
Noor Ahmad,BBL,1,1,2,1,1,0,0,1.0,50.0,50.0,0.0,0,0,0,1,0,10.2
Imtiaz Khan,T20I,1,1,1,0,0,0,0,1.0,100.0,0.0,0.0,0,0,0,1,0,24.3
J Mathew,T20I,1,1,1,0,0,0,0,1.0,100.0,0.0,0.0,0,0,0,1,0,24.3
AA Hussein,T20I,1,1,1,0,0,0,0,1.0,100.0,0.0,0.0,0,0,0,1,0,24.3
A Zampa,PSL,2,1,6,2,5,0,0,0.5,16.67,83.33,0.0,0,0,0,1,1,2.5
O Qudratov,T20I,2,1,3,1,2,0,0,1.0,33.33,66.67,0.0,0,0,0,1,1,5.5
LK Bell,WPL,1,1,1,0,0,0,0,1.0,100.0,0.0,0.0,0,0,0,1,0,24.3
SS Mishra,IPL,1,1,3,0,2,0,0,1.0,33.33,66.67,0.0,0,0,0,1,0,5.5
AE Jones,WPL,1,1,2,1,1,0,0,1.0,50.0,50.0,0.0,0,0,0,1,0,10.2
KJ Harding,ODI,1,1,1,0,0,0,0,1.0,100.0,0.0,0.0,0,0,0,1,0,24.3
AK Heal,BBL,2,1,3,2,2,0,0,0.5,33.33,66.67,0.0,0,0,0,1,1,5.3
AJ Tye,PSL,1,1,1,0,0,0,0,1.0,100.0,0.0,0.0,0,0,0,1,0,24.3
SM Shakil,WPL,2,1,2,2,1,0,0,0.5,50.0,50.0,0.0,0,0,0,1,1,10.0
RN Lewis,Test,1,1,10,2,9,0,0,0.5,10.0,90.0,0.0,0,0,0,1,1,1.6
RD McCann,T20I,1,1,2,1,1,0,0,1.0,50.0,50.0,0.0,0,0,0,1,0,10.2
Rahila Firdous,WPL,1,1,1,0,0,0,0,1.0,100.0,0.0,0.0,0,0,0,1,0,24.3
D Madushanka,T20I,5,1,7,5,6,0,0,0.2,14.29,85.71,0.0,0,0,0,1,4,2.1
T Ulutuna,T20I,1,1,2,1,1,0,0,1.0,50.0,50.0,0.0,0,0,0,1,0,10.2
T Turan,T20I,3,1,7,2,6,0,0,0.5,14.29,85.71,0.0,0,0,0,1,2,2.2
J Pook,T20I,2,1,5,2,4,0,0,0.5,20.0,80.0,0.0,0,0,0,1,1,3.0
NJ Rimmington,IPL,1,1,1,0,0,0,0,1.0,100.0,0.0,0.0,0,0,0,1,0,24.3
J Mulder,T20I,1,1,5,1,4,0,0,1.0,20.0,80.0,0.0,0,0,0,1,0,3.2
Naved-ul-Hasan,T20I,1,1,9,1,8,0,0,1.0,11.11,88.89,0.0,0,0,0,1,0,1.9
Navdeep Saini,T20I,1,1,1,0,0,0,0,1.0,100.0,0.0,0.0,0,0,0,1,0,24.3
T Batjargal,T20I,2,1,3,1,2,0,0,1.0,33.33,66.67,0.0,0,0,0,1,1,5.5
E Henry,T20I,1,1,4,1,3,0,0,1.0,25.0,75.0,0.0,0,0,0,1,0,3.8
MBS Jonkman,T20I,1,1,8,1,7,0,0,1.0,12.5,87.5,0.0,0,0,0,1,0,2.1
G Onions,ODI,1,1,2,1,1,0,0,1.0,50.0,50.0,0.0,0,0,0,1,0,10.2
MS Bhandage,IPL,1,1,4,1,3,0,0,1.0,25.0,75.0,0.0,0,0,0,1,0,3.8
CJ Rocchiccioli,BBL,1,1,2,1,1,0,0,1.0,50.0,50.0,0.0,0,0,0,1,0,10.2
G Goudie,T20I,1,1,3,1,2,0,0,1.0,33.33,66.67,0.0,0,0,0,1,0,5.5
Aqif Farooq,T20I,1,1,4,1,3,0,0,1.0,25.0,75.0,0.0,0,0,0,1,0,3.8
J Louw,T20I,1,1,1,0,0,0,0,1.0,100.0,0.0,0.0,0,0,0,1,0,24.3
J Little,CPL,1,1,1,0,0,0,0,1.0,100.0,0.0,0.0,0,0,0,1,0,24.3
J Lewis,T20I,1,1,4,1,3,0,0,1.0,25.0,75.0,0.0,0,0,0,1,0,3.8
NM Carter,T20I,1,1,6,1,5,0,0,1.0,16.67,83.33,0.0,0,0,0,1,0,2.7
NL McCullum,PSL,1,1,4,1,3,0,0,1.0,25.0,75.0,0.0,0,0,0,1,0,3.8
Nelson Jesus Navarrete Aburto,T20I,1,1,8,1,7,0,0,1.0,12.5,87.5,0.0,0,0,0,1,0,2.1
Santiago Duggan,T20I,1,1,3,0,2,0,0,1.0,33.33,66.67,0.0,0,0,0,1,0,5.5
SP Jones,ODI,1,1,2,1,1,0,0,1.0,50.0,50.0,0.0,0,0,0,1,0,10.2
Zuber Sunasara,T20I,1,1,7,1,6,0,0,1.0,14.29,85.71,0.0,0,0,0,1,0,2.4
T Misi,T20I,1,1,1,1,0,0,0,1.0,100.0,0.0,0.0,0,0,0,1,0,24.3
Asad Rasheed,T20I,2,1,3,0,2,0,0,1.0,33.33,66.67,0.0,0,0,0,1,0,5.5
NV Ojha,ODI,1,1,7,1,6,0,0,1.0,14.29,85.71,0.0,0,0,0,1,0,2.4
NSS Sharma,WPL,2,1,4,2,3,0,0,0.5,25.0,75.0,0.0,0,0,0,1,1,3.7
T Natarajan,Test,1,1,9,0,8,0,0,1.0,11.11,88.89,0.0,0,0,0,1,0,1.9
NSK Mehta,T20I,2,1,3,2,2,0,0,0.5,33.33,66.67,0.0,0,0,0,1,1,5.3
NR Mittal,T20I,1,1,5,1,4,0,0,1.0,20.0,80.0,0.0,0,0,0,1,0,3.2
J Layne,CPL,1,1,3,1,2,0,0,1.0,33.33,66.67,0.0,0,0,0,1,0,5.5
T Mufudza,ODI,1,1,9,1,8,0,0,1.0,11.11,88.89,0.0,0,0,0,1,0,1.9
SE Bond,IPL,1,1,2,1,1,0,0,1.0,50.0,50.0,0.0,0,0,0,1,0,10.2
SD Parry,T20I,1,1,1,1,0,0,0,1.0,100.0,0.0,0.0,0,0,0,1,0,24.3
Ravinder Gill,T20I,1,1,1,0,0,0,0,1.0,100.0,0.0,0.0,0,0,0,1,0,24.3
Zahid Hussain,T20I,1,1,1,0,0,0,0,1.0,100.0,0.0,0.0,0,0,0,1,0,24.3
HF Gurney,IPL,1,1,5,0,4,0,0,1.0,20.0,80.0,0.0,0,0,0,1,0,3.2
HF Gurney,CPL,1,1,2,1,1,0,0,1.0,50.0,50.0,0.0,0,0,0,1,0,10.2
HF Gurney,BBL,3,1,3,1,2,0,0,1.0,33.33,66.67,0.0,0,0,0,1,1,5.5
HH Dippenaar,T20I,1,1,5,1,4,0,0,1.0,20.0,80.0,0.0,0,0,0,1,0,3.2
BV Vitori,T20I,2,1,6,0,5,0,0,1.0,16.67,83.33,0.0,0,0,0,1,0,2.7
PVSN Raju,IPL,1,1,1,0,0,0,0,1.0,100.0,0.0,0.0,0,0,0,1,0,24.3
H Virdee,T20I,1,1,1,0,0,0,0,1.0,100.0,0.0,0.0,0,0,0,1,0,24.3
Mohammad Asghar,PSL,3,1,5,1,4,0,0,1.0,20.0,80.0,0.0,0,0,0,1,1,3.2
Abdul Basith,IPL,1,1,1,0,0,0,0,1.0,100.0,0.0,0.0,0,0,0,1,0,24.3
Abdul Nasir,PSL,2,1,4,1,3,0,0,1.0,25.0,75.0,0.0,0,0,0,1,1,3.8
Abdul Majid,T20I,1,1,1,0,0,0,0,1.0,100.0,0.0,0.0,0,0,0,1,0,24.3
SL Clephane,T20I,1,1,6,1,5,0,0,1.0,16.67,83.33,0.0,0,0,0,1,0,2.7
Abdullahi Ismail,T20I,2,1,3,1,2,0,0,1.0,33.33,66.67,0.0,0,0,0,1,1,5.5
Mohammad Kashif,ODI,1,1,11,1,10,0,0,1.0,9.09,90.91,0.0,0,0,0,1,0,1.6
Toqeer Ahmad,T20I,2,1,4,2,3,0,0,0.5,25.0,75.0,0.0,0,0,0,1,1,3.7
Santosh Yadav,T20I,1,1,4,1,3,0,0,1.0,25.0,75.0,0.0,0,0,0,1,0,3.8
A Amburose,T20I,2,0,6,2,6,0,0,0.0,0.0,100.0,0.0,0,0,0,0,2,0.0
Ziaurahman Shinwari,T20I,1,0,1,1,1,0,0,0.0,0.0,100.0,0.0,0,0,0,0,1,0.0
M Altankhuyag,T20I,1,0,9,1,9,0,0,0.0,0.0,100.0,0.0,0,0,0,0,1,0.0
Zaman Khan,T20I,1,0,1,0,1,0,0,0.0,0.0,100.0,0.0,0,0,0,0,0,0.0
W O'Rourke,T20I,1,0,0,1,0,0,0,0.0,0.0,0.0,0.0,0,0,0,0,1,10.0
AG Puttick,ODI,1,0,5,1,4,0,0,0.0,0.0,80.0,0.0,0,0,0,0,1,0.0
AGR Loudon,ODI,1,0,0,1,0,0,0,0.0,0.0,0.0,0.0,0,0,0,0,1,10.0
KDC Clarke,T20I,1,0,1,1,1,0,0,0.0,0.0,100.0,0.0,0,0,0,0,1,0.0
S Siriotis,T20I,1,0,1,1,1,0,0,0.0,0.0,100.0,0.0,0,0,0,0,1,0.0
S Dhakal,T20I,3,0,5,0,5,0,0,0.0,0.0,100.0,0.0,0,0,0,0,0,0.0
S Clarke,T20I,1,0,3,1,3,0,0,0.0,0.0,100.0,0.0,0,0,0,0,1,0.0
S Alavala,T20I,1,0,3,0,3,0,0,0.0,0.0,100.0,0.0,0,0,0,0,0,0.0
S Baker,ODI,1,0,1,1,1,0,0,0.0,0.0,100.0,0.0,0,0,0,0,1,0.0
M Charlie,T20I,1,0,2,1,2,0,0,0.0,0.0,100.0,0.0,0,0,0,0,1,0.0
Zain Amir,T20I,1,0,2,1,2,0,0,0.0,0.0,100.0,0.0,0,0,0,0,1,0.0
Zain Ali,T20I,1,0,1,1,1,0,0,0.0,0.0,100.0,0.0,0,0,0,0,1,0.0
M Heingo,T20I,1,0,2,0,2,0,0,0.0,0.0,100.0,0.0,0,0,0,0,0,0.0
DC Delany,T20I,1,0,1,1,1,0,0,0.0,0.0,100.0,0.0,0,0,0,0,1,0.0
SAR Hashimi,T20I,1,0,2,1,2,0,0,0.0,0.0,100.0,0.0,0,0,0,0,1,0.0
DW Steyn,PSL,1,0,2,0,2,0,0,0.0,0.0,100.0,0.0,0,0,0,0,0,0.0
S Arachchige,T20I,1,0,2,1,2,0,0,0.0,0.0,100.0,0.0,0,0,0,0,1,0.0
Deep Harian,T20I,1,0,1,1,1,0,0,0.0,0.0,100.0,0.0,0,0,0,0,1,0.0
Robiul Islam,ODI,1,0,1,0,1,0,0,0.0,0.0,100.0,0.0,0,0,0,0,0,0.0
Rashad Al Balushi,T20I,2,0,2,2,2,0,0,0.0,0.0,100.0,0.0,0,0,0,0,2,0.0
AS Luseno,ODI,2,0,3,1,3,0,0,0.0,0.0,100.0,0.0,0,0,0,0,1,0.0
Mohamed Miuvaan,T20I,1,0,1,1,1,0,0,0.0,0.0,100.0,0.0,0,0,0,0,1,0.0
Mohamed Ishmath,T20I,2,0,3,2,3,0,0,0.0,0.0,100.0,0.0,0,0,0,0,2,0.0
Mohamed Fadiga,T20I,1,0,4,1,4,0,0,0.0,0.0,100.0,0.0,0,0,0,0,1,0.0
MJ Owen,IPL,1,0,2,1,2,0,0,0.0,0.0,100.0,0.0,0,0,0,0,1,0.0
KM Asif,IPL,1,0,2,1,2,0,0,0.0,0.0,100.0,0.0,0,0,0,0,1,0.0
Mayank Dagar,IPL,1,0,1,1,1,0,0,0.0,0.0,100.0,0.0,0,0,0,0,1,0.0
AS Jaggernauth,Test,1,0,8,1,8,0,0,0.0,0.0,100.0,0.0,0,0,0,0,1,0.0
AS Hundal,T20I,1,0,4,1,4,0,0,0.0,0.0,100.0,0.0,0,0,0,0,1,0.0
ARH Patel,T20I,2,0,4,2,4,0,0,0.0,0.0,100.0,0.0,0,0,0,0,2,0.0
Usman Tariq,T20I,1,0,3,1,3,0,0,0.0,0.0,100.0,0.0,0,0,0,0,1,0.0
JWW Gardner,T20I,2,0,3,1,3,0,0,0.0,0.0,100.0,0.0,0,0,0,0,1,0.0
Mahmad Data,T20I,1,0,1,1,1,0,0,0.0,0.0,100.0,0.0,0,0,0,0,1,0.0
AM Nayar,ODI,1,0,7,0,7,0,0,0.0,0.0,100.0,0.0,0,0,0,0,0,0.0
V Pratap Singh,IPL,1,0,1,1,1,0,0,0.0,0.0,100.0,0.0,0,0,0,0,1,0.0
Joseph Angara,ODI,1,0,3,1,3,0,0,0.0,0.0,100.0,0.0,0,0,0,0,1,0.0
Mohammad Mohsin,PSL,1,0,6,1,6,0,0,0.0,0.0,100.0,0.0,0,0,0,0,1,0.0
U Tuychiev,T20I,1,0,4,1,4,0,0,0.0,0.0,100.0,0.0,0,0,0,0,1,0.0
U Kaul,IPL,1,0,1,0,1,0,0,0.0,0.0,100.0,0.0,0,0,0,0,0,0.0
Abdul Rauf,T20I,1,0,1,1,1,0,0,0.0,0.0,100.0,0.0,0,0,0,0,1,0.0
AC McDermott,BBL,1,0,5,1,5,0,0,0.0,0.0,100.0,0.0,0,0,0,0,1,0.0
KO Altamirano,T20I,1,0,1,1,1,0,0,0.0,0.0,100.0,0.0,0,0,0,0,1,0.0
Mohammad Azab,PSL,1,0,2,1,1,0,0,0.0,0.0,50.0,0.0,0,0,0,0,1,2.9
Mohammad Ayaz,T20I,1,0,2,1,2,0,0,0.0,0.0,100.0,0.0,0,0,0,0,1,0.0
AY Karim,ODI,2,0,2,0,2,0,0,0.0,0.0,100.0,0.0,0,0,0,0,0,0.0
Mohammad Ali,ODI,1,0,2,0,2,0,0,0.0,0.0,100.0,0.0,0,0,0,0,0,0.0
JS Buckingham,BBL,1,0,2,0,2,0,0,0.0,0.0,100.0,0.0,0,0,0,0,0,0.0
JS Ababu,ODI,2,0,9,0,9,0,0,0.0,0.0,100.0,0.0,0,0,0,0,0,0.0
Ugyen Dorji,T20I,1,0,5,1,5,0,0,0.0,0.0,100.0,0.0,0,0,0,0,1,0.0
Ubaid Shah,Test,1,0,2,1,2,0,0,0.0,0.0,100.0,0.0,0,0,0,0,1,0.0
Mehran Siasar,T20I,1,0,3,1,3,0,0,0.0,0.0,100.0,0.0,0,0,0,0,1,0.0
Mehran Mumtaz,PSL,2,0,2,2,2,0,0,0.0,0.0,100.0,0.0,0,0,0,0,2,0.0
JJ Celestine,T20I,1,0,1,1,1,0,0,0.0,0.0,100.0,0.0,0,0,0,0,1,0.0
JJ Pollard,CPL,1,0,1,1,1,0,0,0.0,0.0,100.0,0.0,0,0,0,0,1,0.0
Muhammad Afis,T20I,1,0,1,1,1,0,0,0.0,0.0,100.0,0.0,0,0,0,0,1,0.0
TW Dlamini,T20I,1,0,1,1,1,0,0,0.0,0.0,100.0,0.0,0,0,0,0,1,0.0
Ahmed Baladraf,T20I,1,0,1,1,1,0,0,0.0,0.0,100.0,0.0,0,0,0,0,1,0.0
Ahmadi Ravat,T20I,1,0,1,1,1,0,0,0.0,0.0,100.0,0.0,0,0,0,0,1,0.0
JL Denly,IPL,1,0,1,1,1,0,0,0.0,0.0,100.0,0.0,0,0,0,0,1,0.0
Mohsin Shabbir,T20I,1,0,2,1,2,0,0,0.0,0.0,100.0,0.0,0,0,0,0,1,0.0
Afzaal Haider,ODI,1,0,10,1,10,0,0,0.0,0.0,100.0,0.0,0,0,0,0,1,0.0
Mohammad Talha,ODI,1,0,1,1,1,0,0,0.0,0.0,100.0,0.0,0,0,0,0,1,0.0
Mohammad Zeeshan,PSL,2,0,2,2,2,0,0,0.0,0.0,100.0,0.0,0,0,0,0,2,0.0
Mohammad Zahid,Test,1,0,5,2,5,0,0,0.0,0.0,100.0,0.0,0,0,0,0,2,0.0
JM Obando,T20I,1,0,5,1,5,0,0,0.0,0.0,100.0,0.0,0,0,0,0,1,0.0
JM Herrick,BBL,1,0,0,1,0,0,0,0.0,0.0,0.0,0.0,0,0,0,0,1,10.0
JM Davison,T20I,2,0,4,2,4,0,0,0.0,0.0,100.0,0.0,0,0,0,0,2,0.0
Abdur Razzak,IPL,1,0,2,0,2,0,0,0.0,0.0,100.0,0.0,0,0,0,0,0,0.0
Muhammet Kursat,T20I,2,0,9,2,9,0,0,0.0,0.0,100.0,0.0,0,0,0,0,2,0.0
Ali Abdulla Popalzae,T20I,1,0,3,1,3,0,0,0.0,0.0,100.0,0.0,0,0,0,0,1,0.0
Musheer Khan,IPL,1,0,3,1,3,0,0,0.0,0.0,100.0,0.0,0,0,0,0,1,0.0
Akif Raja,ODI,1,0,0,1,0,0,0,0.0,0.0,0.0,0.0,0,0,0,0,1,10.0
Mukesh Kumar,Test,2,0,6,1,6,0,0,0.0,0.0,100.0,0.0,0,0,0,0,1,0.0
Waqar Salamkheil,PSL,1,0,2,1,2,0,0,0.0,0.0,100.0,0.0,0,0,0,0,1,0.0
Waqar Salamkheil,BBL,1,0,1,0,1,0,0,0.0,0.0,100.0,0.0,0,0,0,0,0,0.0
Waqar Abbasi,T20I,1,0,4,1,4,0,0,0.0,0.0,100.0,0.0,0,0,0,0,1,0.0
AA Noffke,T20I,1,0,0,1,0,0,0,0.0,0.0,0.0,0.0,0,0,0,0,1,10.0
KR Sen,IPL,1,0,3,0,3,0,0,0.0,0.0,100.0,0.0,0,0,0,0,0,0.0
KS Rathore,IPL,1,0,5,1,5,0,0,0.0,0.0,100.0,0.0,0,0,0,0,1,0.0
Aizaz Cheema,T20I,1,0,3,0,3,0,0,0.0,0.0,100.0,0.0,0,0,0,0,0,0.0
Aimal Khan,PSL,1,0,2,0,2,0,0,0.0,0.0,100.0,0.0,0,0,0,0,0,0.0
JF Chester,T20I,3,0,6,1,6,0,0,0.0,0.0,100.0,0.0,0,0,0,0,1,0.0
TR Sadhu,WPL,1,0,1,1,1,0,0,0.0,0.0,100.0,0.0,0,0,0,0,1,0.0
Muhammad Mohsin,ODI,1,0,2,1,2,0,0,0.0,0.0,100.0,0.0,0,0,0,0,1,0.0
Anwar Hossain Monir,Test,1,0,16,1,16,0,0,0.0,0.0,100.0,0.0,0,0,0,0,1,0.0
Ansh Patel,T20I,1,0,1,0,1,0,0,0.0,0.0,100.0,0.0,0,0,0,0,0,0.0
Ammar Zuhdi Hazalan,T20I,1,0,3,1,3,0,0,0.0,0.0,100.0,0.0,0,0,0,0,1,0.0
J Umanath,T20I,1,0,3,1,3,0,0,0.0,0.0,100.0,0.0,0,0,0,0,1,0.0
J Solomon,T20I,1,0,2,1,2,0,0,0.0,0.0,100.0,0.0,0,0,0,0,1,0.0
TA Lammonby,BBL,1,0,2,1,2,0,0,0.0,0.0,100.0,0.0,0,0,0,0,1,0.0
ND Doshi,IPL,1,0,13,1,13,0,0,0.0,0.0,100.0,0.0,0,0,0,0,1,0.0
Andrey Lilov,T20I,1,0,2,1,2,0,0,0.0,0.0,100.0,0.0,0,0,0,0,1,0.0
Aman Ali,ODI,1,0,2,1,2,0,0,0.0,0.0,100.0,0.0,0,0,0,0,1,0.0
N Thushara,PSL,1,0,3,0,3,0,0,0.0,0.0,100.0,0.0,0,0,0,0,0,0.0
JA Thompson,PSL,1,0,1,1,1,0,0,0.0,0.0,100.0,0.0,0,0,0,0,1,0.0
TJ Bishop,ODI,1,0,6,1,6,0,0,0.0,0.0,100.0,0.0,0,0,0,0,1,0.0
TG Norris,WPL,1,0,1,1,1,0,0,0.0,0.0,100.0,0.0,0,0,0,0,1,0.0
Ali Shafiq,PSL,1,0,0,1,0,0,0,0.0,0.0,0.0,0.0,0,0,0,0,1,10.0
Mussadiq Ahmed,T20I,4,0,0,4,0,0,0,0.0,0.0,0.0,0.0,0,0,0,0,4,10.0
JC Tongue,ODI,1,0,2,1,2,0,0,0.0,0.0,100.0,0.0,0,0,0,0,1,0.0
NT Pascal,ODI,1,0,1,1,1,0,0,0.0,0.0,100.0,0.0,0,0,0,0,1,0.0
J Edness,T20I,1,0,1,1,1,0,0,0.0,0.0,100.0,0.0,0,0,0,0,1,0.0
Nader Zahadiafzal,T20I,1,0,3,1,3,0,0,0.0,0.0,100.0,0.0,0,0,0,0,1,0.0
Arish Ali,PSL,1,0,1,1,1,0,0,0.0,0.0,100.0,0.0,0,0,0,0,1,0.0
T Phaswana,T20I,1,0,3,1,3,0,0,0.0,0.0,100.0,0.0,0,0,0,0,1,0.0
T Muzarabani,T20I,1,0,2,0,2,0,0,0.0,0.0,100.0,0.0,0,0,0,0,0,0.0
A Shahzad,T20I,1,0,3,0,3,0,0,0.0,0.0,100.0,0.0,0,0,0,0,0,0.0
A Wichakam,T20I,1,0,1,1,1,0,0,0.0,0.0,100.0,0.0,0,0,0,0,1,0.0
Kamran Shazad,ODI,1,0,3,1,3,0,0,0.0,0.0,100.0,0.0,0,0,0,0,1,0.0
T Shamsi,PSL,2,0,2,1,2,0,0,0.0,0.0,100.0,0.0,0,0,0,0,1,0.0
J Hurley,T20I,1,0,1,1,1,0,0,0.0,0.0,100.0,0.0,0,0,0,0,1,0.0
NP Winter,BBL,3,0,9,2,9,0,0,0.0,0.0,100.0,0.0,0,0,0,0,2,0.0
Arshad Iqbal,T20I,2,0,2,2,2,0,0,0.0,0.0,100.0,0.0,0,0,0,0,2,0.0
Arnav Manoj,T20I,3,0,7,3,7,0,0,0.0,0.0,100.0,0.0,0,0,0,0,3,0.0
Apon Mustafizur,T20I,2,0,9,2,9,0,0,0.0,0.0,100.0,0.0,0,0,0,0,2,0.0
NM Carter,ODI,1,0,6,1,6,0,0,0.0,0.0,100.0,0.0,0,0,0,0,1,0.0
Imran Khan (1),T20I,1,0,1,1,1,0,0,0.0,0.0,100.0,0.0,0,0,0,0,1,0.0
Ivan Genchev,T20I,1,0,1,1,1,0,0,0.0,0.0,100.0,0.0,0,0,0,0,1,0.0
Nurudeen Ibrahim,T20I,1,0,2,1,2,0,0,0.0,0.0,100.0,0.0,0,0,0,0,1,0.0
Nazir Patel,T20I,1,0,6,1,6,0,0,0.0,0.0,100.0,0.0,0,0,0,0,1,0.0
Sunny Gupta,IPL,1,0,1,1,1,0,0,0.0,0.0,100.0,0.0,0,0,0,0,1,0.0
L Croospulle,T20I,1,0,1,1,1,0,0,0.0,0.0,100.0,0.0,0,0,0,0,1,0.0
Aswad Khan,T20I,1,0,0,1,0,0,0,0.0,0.0,0.0,0.0,0,0,0,0,1,10.0
T Chopel,T20I,1,0,1,1,1,0,0,0.0,0.0,100.0,0.0,0,0,0,0,1,0.0
Ivan Splicevic,T20I,2,0,11,1,11,0,0,0.0,0.0,100.0,0.0,0,0,0,0,1,0.0
Ashir Qureshi,PSL,1,0,1,1,1,0,0,0.0,0.0,100.0,0.0,0,0,0,0,1,0.0
T Jikoibure,T20I,1,0,1,1,1,0,0,0.0,0.0,100.0,0.0,0,0,0,0,1,0.0
T Hewa,T20I,2,0,2,1,2,0,0,0.0,0.0,100.0,0.0,0,0,0,0,1,0.0
J Blades,ODI,1,0,1,1,1,0,0,0.0,0.0,100.0,0.0,0,0,0,0,1,0.0
T Henderson,T20I,1,0,2,1,2,0,0,0.0,0.0,100.0,0.0,0,0,0,0,1,0.0
Nahid Rana,T20I,1,0,5,1,5,0,0,0.0,0.0,100.0,0.0,0,0,0,0,1,0.0
T Mpatane,T20I,1,0,1,1,1,0,0,0.0,0.0,100.0,0.0,0,0,0,0,1,0.0
P Ayoleyine,T20I,1,0,1,1,1,0,0,0.0,0.0,100.0,0.0,0,0,0,0,1,0.0
ID Matic,T20I,2,0,8,2,8,0,0,0.0,0.0,100.0,0.0,0,0,0,0,2,0.0
P Gopalkrishnan,T20I,1,0,2,1,2,0,0,0.0,0.0,100.0,0.0,0,0,0,0,1,0.0
IM Farrell,T20I,1,0,2,1,2,0,0,0.0,0.0,100.0,0.0,0,0,0,0,1,0.0
Omid Shafi Rahman,T20I,1,0,6,1,6,0,0,0.0,0.0,100.0,0.0,0,0,0,0,1,0.0
Simandeep Singh,ODI,1,0,7,1,7,0,0,0.0,0.0,100.0,0.0,0,0,0,0,1,0.0
Y Prithvi Raj,IPL,1,0,1,0,1,0,0,0.0,0.0,100.0,0.0,0,0,0,0,0,0.0
L Ablish,IPL,1,0,2,0,2,0,0,0.0,0.0,100.0,0.0,0,0,0,0,0,0.0
MD Byrne,T20I,1,0,1,1,1,0,0,0.0,0.0,100.0,0.0,0,0,0,0,1,0.0
Ibrahim Altinoluk,T20I,1,0,3,1,3,0,0,0.0,0.0,100.0,0.0,0,0,0,0,1,0.0
IS Sohi,ODI,1,0,2,1,2,0,0,0.0,0.0,100.0,0.0,0,0,0,0,1,0.0
OP Stone,T20I,1,0,1,1,1,0,0,0.0,0.0,100.0,0.0,0,0,0,0,1,0.0
Ihsanullah,PSL,1,0,3,0,3,0,0,0.0,0.0,100.0,0.0,0,0,0,0,0,0.0
OC McCoy,PSL,1,0,1,0,1,0,0,0.0,0.0,100.0,0.0,0,0,0,0,0,0.0
OC McCoy,ODI,1,0,1,0,1,0,0,0.0,0.0,100.0,0.0,0,0,0,0,0,0.0
Ayush Ummat,T20I,1,0,5,1,5,0,0,0.0,0.0,100.0,0.0,0,0,0,0,1,0.0
Hein Zin Aung,T20I,2,0,11,1,11,0,0,0.0,0.0,100.0,0.0,0,0,0,0,1,0.0
Shawaiz Irfan,PSL,1,0,6,1,6,0,0,0.0,0.0,100.0,0.0,0,0,0,0,1,0.0
P Subrayen,T20I,1,0,1,1,1,0,0,0.0,0.0,100.0,0.0,0,0,0,0,1,0.0
P Sua,T20I,1,0,2,1,2,0,0,0.0,0.0,100.0,0.0,0,0,0,0,1,0.0
YA Abdulla,IPL,1,0,1,0,1,0,0,0.0,0.0,100.0,0.0,0,0,0,0,0,0.0
L McCarthy,ODI,1,0,5,0,5,0,0,0.0,0.0,100.0,0.0,0,0,0,0,0,0.0
MA Aponso,T20I,1,0,2,1,2,0,0,0.0,0.0,100.0,0.0,0,0,0,0,1,0.0
IC Pandey,IPL,1,0,2,1,2,0,0,0.0,0.0,100.0,0.0,0,0,0,0,1,0.0
IA Nicolson,ODI,1,0,3,1,3,0,0,0.0,0.0,100.0,0.0,0,0,0,0,1,0.0
P Sapesa,T20I,1,0,1,1,1,0,0,0.0,0.0,100.0,0.0,0,0,0,0,1,0.0
B Muzarabani,PSL,3,0,7,3,7,0,0,0.0,0.0,100.0,0.0,0,0,0,0,3,0.0
Shivani Singh,WPL,1,0,2,1,2,0,0,0.0,0.0,100.0,0.0,0,0,0,0,1,0.0
P Fernando,T20I,1,0,3,1,3,0,0,0.0,0.0,100.0,0.0,0,0,0,0,1,0.0
P Kerai,T20I,1,0,1,1,1,0,0,0.0,0.0,100.0,0.0,0,0,0,0,1,0.0
P Jayawickrama,T20I,1,0,5,0,5,0,0,0.0,0.0,100.0,0.0,0,0,0,0,0,0.0
P Byron,T20I,1,0,1,1,1,0,0,0.0,0.0,100.0,0.0,0,0,0,0,1,0.0
PD Salt,CPL,1,0,3,1,3,0,0,0.0,0.0,100.0,0.0,0,0,0,0,1,0.0
Hasan Cakir,T20I,1,0,2,1,2,0,0,0.0,0.0,100.0,0.0,0,0,0,0,1,0.0
PD Blignaut,T20I,1,0,1,1,1,0,0,0.0,0.0,100.0,0.0,0,0,0,0,1,0.0
PD Blignaut,ODI,1,0,0,1,0,0,0,0.0,0.0,0.0,0.0,0,0,0,0,1,10.0
A Nel,T20I,1,0,2,0,2,0,0,0.0,0.0,100.0,0.0,0,0,0,0,0,0.0
A Nel,IPL,1,0,0,1,0,0,0,0.0,0.0,0.0,0.0,0,0,0,0,1,10.0
M Zondeki,T20I,1,0,1,1,1,0,0,0.0,0.0,100.0,0.0,0,0,0,0,1,0.0
BAC Howell,BBL,1,0,2,1,2,0,0,0.0,0.0,100.0,0.0,0,0,0,0,1,0.0
Shahzeb Choudhry,T20I,1,0,5,1,5,0,0,0.0,0.0,100.0,0.0,0,0,0,0,1,0.0
Shahriar Hossain,ODI,1,0,3,1,3,0,0,0.0,0.0,100.0,0.0,0,0,0,0,1,0.0
Haseebullah Khan,ODI,2,0,14,2,14,0,0,0.0,0.0,100.0,0.0,0,0,0,0,2,0.0
BA Westdijk,ODI,2,0,3,2,3,0,0,0.0,0.0,100.0,0.0,0,0,0,0,2,0.0
BA Simango,T20I,2,0,4,2,4,0,0,0.0,0.0,100.0,0.0,0,0,0,0,2,0.0
Shakerullah Safi,T20I,1,0,1,0,1,0,0,0.0,0.0,100.0,0.0,0,0,0,0,0,0.0
Shakeel Ansar,T20I,1,0,1,1,1,0,0,0.0,0.0,100.0,0.0,0,0,0,0,1,0.0
Shakeel Ansar,PSL,1,0,3,0,3,0,0,0.0,0.0,100.0,0.0,0,0,0,0,0,0.0
Sana Ullah,T20I,1,0,2,1,2,0,0,0.0,0.0,100.0,0.0,0,0,0,0,1,0.0
PS Sisodia,WPL,1,0,1,0,1,0,0,0.0,0.0,100.0,0.0,0,0,0,0,0,0.0
Sarkar Ameji,T20I,1,0,1,0,1,0,0,0.0,0.0,100.0,0.0,0,0,0,0,0,0.0
PP Shaw,T20I,1,0,1,1,1,0,0,0.0,0.0,100.0,0.0,0,0,0,0,1,0.0
PP Chawla,T20I,1,0,1,1,1,0,0,0.0,0.0,100.0,0.0,0,0,0,0,1,0.0
M Viswanathan,T20I,1,0,3,1,3,0,0,0.0,0.0,100.0,0.0,0,0,0,0,1,0.0
L Sreekumar,T20I,1,0,1,1,1,0,0,0.0,0.0,100.0,0.0,0,0,0,0,1,0.0
A Mishra,T20I,1,0,0,1,0,0,0,0.0,0.0,0.0,0.0,0,0,0,0,1,10.0
BM Edmondson,BBL,1,0,1,1,1,0,0,0.0,0.0,100.0,0.0,0,0,0,0,1,0.0
Shafraz Jaleel,T20I,2,0,2,2,2,0,0,0.0,0.0,100.0,0.0,0,0,0,0,2,0.0
Shafiq Jan,T20I,1,0,1,1,1,0,0,0.0,0.0,100.0,0.0,0,0,0,0,1,0.0
Hamza Riaz,T20I,1,0,6,1,6,0,0,0.0,0.0,100.0,0.0,0,0,0,0,1,0.0
PHT Kaushal,ODI,1,0,1,1,1,0,0,0.0,0.0,100.0,0.0,0,0,0,0,1,0.0
Shahbaz Ahmed,ODI,1,0,4,1,4,0,0,0.0,0.0,100.0,0.0,0,0,0,0,1,0.0
PG Chopra,WPL,1,0,5,0,5,0,0,0.0,0.0,100.0,0.0,0,0,0,0,0,0.0
PF Ravarua,T20I,1,0,2,1,2,0,0,0.0,0.0,100.0,0.0,0,0,0,0,1,0.0
Borna Pejic,T20I,1,0,1,1,1,0,0,0.0,0.0,100.0,0.0,0,0,0,0,1,0.0
R Bangera,T20I,2,0,3,1,3,0,0,0.0,0.0,100.0,0.0,0,0,0,0,1,0.0
R Aurora,T20I,1,0,1,0,1,0,0,0.0,0.0,100.0,0.0,0,0,0,0,0,0.0
Sagar Kumar Ahir,T20I,1,0,3,1,3,0,0,0.0,0.0,100.0,0.0,0,0,0,0,1,0.0
Gershon Yusuf,T20I,1,0,1,1,1,0,0,0.0,0.0,100.0,0.0,0,0,0,0,1,0.0
R Aggarwal,T20I,1,0,3,1,3,0,0,0.0,0.0,100.0,0.0,0,0,0,0,1,0.0
M Muralitharan,CPL,1,0,1,0,1,0,0,0.0,0.0,100.0,0.0,0,0,0,0,0,0.0
Saifullah Bangash,PSL,1,0,1,1,1,0,0,0.0,0.0,100.0,0.0,0,0,0,0,1,0.0
Poonam Yadav,WPL,1,0,3,1,3,0,0,0.0,0.0,100.0,0.0,0,0,0,0,1,0.0
Phon Bunthean,T20I,1,0,1,0,1,0,0,0.0,0.0,100.0,0.0,0,0,0,0,0,0.0
Salman Faris,ODI,1,0,2,1,2,0,0,0.0,0.0,100.0,0.0,0,0,0,0,1,0.0
Benson Chama,T20I,1,0,2,1,2,0,0,0.0,0.0,100.0,0.0,0,0,0,0,1,0.0
H Gori,T20I,1,0,3,1,3,0,0,0.0,0.0,100.0,0.0,0,0,0,0,1,0.0
Sameer Othman,T20I,3,0,7,2,7,0,0,0.0,0.0,100.0,0.0,0,0,0,0,2,0.0
HAG Madhushanka,T20I,1,0,1,1,1,0,0,0.0,0.0,100.0,0.0,0,0,0,0,1,0.0
Pel Vannak,T20I,2,0,3,2,3,0,0,0.0,0.0,100.0,0.0,0,0,0,0,2,0.0
SS Cottrell,IPL,1,0,2,1,2,0,0,0.0,0.0,100.0,0.0,0,0,0,0,1,0.0
R Sanjay Yadav,IPL,1,0,2,1,2,0,0,0.0,0.0,100.0,0.0,0,0,0,0,1,0.0
C Nanda,IPL,1,0,1,1,1,0,0,0.0,0.0,100.0,0.0,0,0,0,0,1,0.0
C Sakariya,ODI,1,0,1,0,1,0,0,0.0,0.0,100.0,0.0,0,0,0,0,0,0.0
C Rathanak,T20I,1,0,1,1,1,0,0,0.0,0.0,100.0,0.0,0,0,0,0,1,0.0
GD Pope,CPL,1,0,1,1,1,0,0,0.0,0.0,100.0,0.0,0,0,0,0,1,0.0
GF Gomes,T20I,1,0,1,1,1,0,0,0.0,0.0,100.0,0.0,0,0,0,0,1,0.0
ST Finn,PSL,1,0,1,1,1,0,0,0.0,0.0,100.0,0.0,0,0,0,0,1,0.0
A Kanogullari,T20I,2,0,13,2,13,0,0,0.0,0.0,100.0,0.0,0,0,0,0,2,0.0
A Kamboj,Test,1,0,3,1,3,0,0,0.0,0.0,100.0,0.0,0,0,0,0,1,0.0
M Noble,T20I,1,0,1,1,1,0,0,0.0,0.0,100.0,0.0,0,0,0,0,1,0.0
SU Halarnkar,T20I,2,0,4,2,4,0,0,0.0,0.0,100.0,0.0,0,0,0,0,2,0.0
C Outerbridge,T20I,1,0,3,1,3,0,0,0.0,0.0,100.0,0.0,0,0,0,0,1,0.0
GJP Kruger,ODI,2,0,10,1,10,0,0,0.0,0.0,100.0,0.0,0,0,0,0,1,0.0
R Mondol,T20I,2,0,8,2,8,0,0,0.0,0.0,100.0,0.0,0,0,0,0,2,0.0
GO Sopinho,T20I,1,0,1,1,1,0,0,0.0,0.0,100.0,0.0,0,0,0,0,1,0.0
Fazle Mahmud,ODI,2,0,9,2,9,0,0,0.0,0.0,100.0,0.0,0,0,0,0,2,0.0
CK Holder,ODI,1,0,3,0,3,0,0,0.0,0.0,100.0,0.0,0,0,0,0,0,0.0
Fazalhaq Farooqi,PSL,2,0,2,1,2,0,0,0.0,0.0,100.0,0.0,0,0,0,0,1,0.0
Fazalhaq Farooqi,CPL,1,0,1,1,1,0,0,0.0,0.0,100.0,0.0,0,0,0,0,1,0.0
RJ Gleeson,BBL,2,0,2,1,2,0,0,0.0,0.0,100.0,0.0,0,0,0,0,1,0.0
RJ Alimohamed,CPL,1,0,1,1,1,0,0,0.0,0.0,100.0,0.0,0,0,0,0,1,0.0
Z Motara,CPL,1,0,1,1,1,0,0,0.0,0.0,100.0,0.0,0,0,0,0,1,0.0
A Khasanov,T20I,1,0,2,1,2,0,0,0.0,0.0,100.0,0.0,0,0,0,0,1,0.0
M Leporoporo,T20I,3,0,9,2,9,0,0,0.0,0.0,100.0,0.0,0,0,0,0,2,0.0
CJ Sayers,Test,1,0,5,2,5,0,0,0.0,0.0,100.0,0.0,0,0,0,0,2,0.0
G Axtell,T20I,1,0,2,0,2,0,0,0.0,0.0,100.0,0.0,0,0,0,0,0,0.0
GA West,BBL,1,0,1,0,1,0,0,0.0,0.0,100.0,0.0,0,0,0,0,0,0.0
SS Pawar,WPL,1,0,1,1,1,0,0,0.0,0.0,100.0,0.0,0,0,0,0,1,0.0
GBK Roland,T20I,2,0,11,2,11,0,0,0.0,0.0,100.0,0.0,0,0,0,0,2,0.0
R Walters,ODI,2,0,5,2,5,0,0,0.0,0.0,100.0,0.0,0,0,0,0,2,0.0
CA Liyanage,T20I,1,0,1,1,1,0,0,0.0,0.0,100.0,0.0,0,0,0,0,1,0.0
D Birrell,ODI,1,0,1,1,1,0,0,0.0,0.0,100.0,0.0,0,0,0,0,1,0.0
D Berthe,T20I,2,0,3,2,3,0,0,0.0,0.0,100.0,0.0,0,0,0,0,2,0.0
SK Warne,ODI,1,0,1,1,1,0,0,0.0,0.0,100.0,0.0,0,0,0,0,1,0.0
F Thorpe,T20I,1,0,1,1,1,0,0,0.0,0.0,100.0,0.0,0,0,0,0,1,0.0
F Pieters,T20I,1,0,2,1,2,0,0,0.0,0.0,100.0,0.0,0,0,0,0,1,0.0
Chetan Kumar Ahir,T20I,1,0,8,1,8,0,0,0.0,0.0,100.0,0.0,0,0,0,0,1,0.0
FH Edwards,BBL,1,0,1,0,1,0,0,0.0,0.0,100.0,0.0,0,0,0,0,0,0.0
RR Bhatkal,IPL,1,0,2,1,2,0,0,0.0,0.0,100.0,0.0,0,0,0,0,1,0.0
Fahad Alhashmi,ODI,2,0,6,2,6,0,0,0.0,0.0,100.0,0.0,0,0,0,0,2,0.0
RP Meredith,IPL,2,0,3,0,3,0,0,0.0,0.0,100.0,0.0,0,0,0,0,0,0.0
SMHH Aung,T20I,1,0,1,1,1,0,0,0.0,0.0,100.0,0.0,0,0,0,0,1,0.0
RN Lewis,T20I,1,0,4,1,4,0,0,0.0,0.0,100.0,0.0,0,0,0,0,1,0.0
RM West,ODI,1,0,3,1,3,0,0,0.0,0.0,100.0,0.0,0,0,0,0,1,0.0
SM Harwood,ODI,1,0,4,1,4,0,0,0.0,0.0,100.0,0.0,0,0,0,0,1,0.0
Faizan Khan,PSL,1,0,1,0,1,0,0,0.0,0.0,100.0,0.0,0,0,0,0,0,0.0
CK Tshuma,ODI,1,0,1,1,1,0,0,0.0,0.0,100.0,0.0,0,0,0,0,1,0.0
D Triantafillithis,T20I,1,0,2,1,2,0,0,0.0,0.0,100.0,0.0,0,0,0,0,1,0.0
Raza Hasan,ODI,1,0,2,1,2,0,0,0.0,0.0,100.0,0.0,0,0,0,0,1,0.0
SD Udal,ODI,1,0,2,1,2,0,0,0.0,0.0,100.0,0.0,0,0,0,0,1,0.0
D Polpitiya,T20I,1,0,1,1,1,0,0,0.0,0.0,100.0,0.0,0,0,0,0,1,0.0
LR Morris,ODI,1,0,2,1,2,0,0,0.0,0.0,100.0,0.0,0,0,0,0,1,0.0
A Faletar,T20I,2,0,2,1,2,0,0,0.0,0.0,100.0,0.0,0,0,0,0,1,0.0
LMM Tahuhu,WPL,1,0,2,1,2,0,0,0.0,0.0,100.0,0.0,0,0,0,0,1,0.0
D Madushanka,Test,1,0,8,1,8,0,0,0.0,0.0,100.0,0.0,0,0,0,0,1,0.0
D Mutu,T20I,1,0,3,0,3,0,0,0.0,0.0,100.0,0.0,0,0,0,0,0,0.0
D Mohammed,ODI,1,0,2,0,1,0,0,0.0,0.0,50.0,0.0,0,0,0,0,0,2.9
E Munkhbat,T20I,1,0,5,1,5,0,0,0.0,0.0,100.0,0.0,0,0,0,0,1,0.0
SH Johnson,T20I,1,0,1,1,1,0,0,0.0,0.0,100.0,0.0,0,0,0,0,1,0.0
RT Lyons,T20I,1,0,2,1,2,0,0,0.0,0.0,100.0,0.0,0,0,0,0,1,0.0
D Dasgupta,Test,1,0,7,1,7,0,0,0.0,0.0,100.0,0.0,0,0,0,0,1,0.0
F Hand,ODI,1,0,1,1,1,0,0,0.0,0.0,100.0,0.0,0,0,0,0,1,0.0
F Choudary,T20I,1,0,1,0,1,0,0,0.0,0.0,100.0,0.0,0,0,0,0,0,0.0
KK Peters,Test,1,0,3,1,3,0,0,0.0,0.0,100.0,0.0,0,0,0,0,1,0.0
A Ayre,BBL,1,0,1,1,1,0,0,0.0,0.0,100.0,0.0,0,0,0,0,1,0.0
Zeeshan Zameer,PSL,1,0,1,1,1,0,0,0.0,0.0,100.0,0.0,0,0,0,0,1,0.0
Zhao Zhilong,T20I,1,0,4,1,4,0,0,0.0,0.0,100.0,0.0,0,0,0,0,1,0.0
S Mohan,T20I,1,0,1,1,1,0,0,0.0,0.0,100.0,0.0,0,0,0,0,1,0.0
DL Blake,ODI,1,0,2,1,2,0,0,0.0,0.0,100.0,0.0,0,0,0,0,1,0.0
DO Christian,T20I,1,0,2,1,2,0,0,0.0,0.0,100.0,0.0,0,0,0,0,1,0.0
S Ladda,IPL,2,0,9,1,9,0,0,0.0,0.0,100.0,0.0,0,0,0,0,1,0.0
S Kruger,T20I,1,0,3,1,3,0,0,0.0,0.0,100.0,0.0,0,0,0,0,1,0.0
S Kommula,T20I,1,0,6,1,6,0,0,0.0,0.0,100.0,0.0,0,0,0,0,1,0.0
S Kaushik,IPL,1,0,1,1,1,0,0,0.0,0.0,100.0,0.0,0,0,0,0,1,0.0
DM Richards,T20I,1,0,1,1,1,0,0,0.0,0.0,100.0,0.0,0,0,0,0,1,0.0
S Malla,T20I,1,0,2,1,2,0,0,0.0,0.0,100.0,0.0,0,0,0,0,1,0.0
S Malla,ODI,1,0,9,1,9,0,0,0.0,0.0,100.0,0.0,0,0,0,0,1,0.0
S Lamichhane,IPL,1,0,1,1,1,0,0,0.0,0.0,100.0,0.0,0,0,0,0,1,0.0
DP Michael,BBL,2,0,2,2,2,0,0,0.0,0.0,100.0,0.0,0,0,0,0,2,0.0
V Viyaskanth,T20I,1,0,2,0,2,0,0,0.0,0.0,100.0,0.0,0,0,0,0,0,0.0
K Christie,ODI,1,0,3,1,3,0,0,0.0,0.0,100.0,0.0,0,0,0,0,1,0.0
MS Aulakh,T20I,1,0,2,1,2,0,0,0.0,0.0,100.0,0.0,0,0,0,0,1,0.0
K Matigimu,Test,1,0,10,2,10,0,0,0.0,0.0,100.0,0.0,0,0,0,0,2,0.0
K Dorji,T20I,2,0,4,2,4,0,0,0.0,0.0,100.0,0.0,0,0,0,0,2,0.0
MS Sinclair,T20I,2,0,5,2,5,0,0,0.0,0.0,100.0,0.0,0,0,0,0,2,0.0
KL Tucker,ODI,1,0,4,1,4,0,0,0.0,0.0,100.0,0.0,0,0,0,0,1,0.0
AF Buurman,T20I,1,0,2,1,2,0,0,0.0,0.0,100.0,0.0,0,0,0,0,1,0.0
MKDI Amerasinghe,Test,1,0,25,0,25,0,0,0.0,0.0,100.0,0.0,0,0,0,0,0,0.0
VRCF Poubel,T20I,2,0,3,2,3,0,0,0.0,0.0,100.0,0.0,0,0,0,0,2,0.0
K Loday,T20I,1,0,1,0,1,0,0,0.0,0.0,100.0,0.0,0,0,0,0,0,0.0
K Phillip,ODI,1,0,2,1,2,0,0,0.0,0.0,100.0,0.0,0,0,0,0,1,0.0
AJ McKay,T20I,1,0,1,1,1,0,0,0.0,0.0,100.0,0.0,0,0,0,0,1,0.0
K Yadav,IPL,1,0,4,0,4,0,0,0.0,0.0,100.0,0.0,0,0,0,0,0,0.0
MM Patel,T20I,1,0,1,1,1,0,0,0.0,0.0,100.0,0.0,0,0,0,0,1,0.0
KAJ Roach,BBL,1,0,1,1,1,0,0,0.0,0.0,100.0,0.0,0,0,0,0,1,0.0
