bowler,bowler_type,gender,as_of,last_match_date,days_since_last_match,matches_28d,acute_balls,load_28d,load_percentile,risk_flag,workload_note
RA Mair (W),ODI,female,2026-09-17,2026-06-19,90,0.0,0.0,0.0,0.0,Light load,No bowling in the last 28 days (Cricsheet matches only).
SW Bates (W),ODI,female,2026-09-17,2026-06-19,90,0.0,0.0,0.0,0.0,Light load,No bowling in the last 28 days (Cricsheet matches only).
Nooruddin Mujadady,T20,male,2026-09-17,2026-06-19,90,0.0,0.0,0.0,0.0,Light load,No bowling in the last 28 days (Cricsheet matches only).
JD Bhatt,T20,male,2026-09-17,2026-06-19,90,0.0,0.0,0.0,0.0,Light load,No bowling in the last 28 days (Cricsheet matches only).
A Ikuzwe (W),T20,female,2026-09-17,2026-06-19,90,0.0,0.0,0.0,0.0,Light load,No bowling in the last 28 days (Cricsheet matches only).
B Murekatete (W),T20,female,2026-09-17,2026-06-19,90,0.0,0.0,0.0,0.0,Light load,No bowling in the last 28 days (Cricsheet matches only).
H Ishimwe (W),T20,female,2026-09-17,2026-06-19,90,0.0,0.0,0.0,0.0,Light load,No bowling in the last 28 days (Cricsheet matches only).
MD Bimenyimana (W),T20,female,2026-09-17,2026-06-19,90,0.0,0.0,0.0,0.0,Light load,No bowling in the last 28 days (Cricsheet matches only).
R Uwimana (W),T20,female,2026-09-17,2026-06-19,90,0.0,0.0,0.0,0.0,Light load,No bowling in the last 28 days (Cricsheet matches only).
Rosine Irera (W),T20,female,2026-09-17,2026-06-19,90,0.0,0.0,0.0,0.0,Light load,No bowling in the last 28 days (Cricsheet matches only).
Khalid Niazi,T20,male,2026-09-17,2026-06-19,90,0.0,0.0,0.0,0.0,Light load,No bowling in the last 28 days (Cricsheet matches only).
A Taylor (W),T20,female,2026-09-17,2026-06-19,90,0.0,0.0,0.0,0.0,Light load,No bowling in the last 28 days (Cricsheet matches only).
Dilini Ishara (W),T20,female,2026-09-17,2026-06-19,90,0.0,0.0,0.0,0.0,Light load,No bowling in the last 28 days (Cricsheet matches only).
N Liyanage (W),T20,female,2026-09-17,2026-06-19,90,0.0,0.0,0.0,0.0,Light load,No bowling in the last 28 days (Cricsheet matches only).
SDM Herath (W),T20,female,2026-09-17,2026-06-19,90,0.0,0.0,0.0,0.0,Light load,No bowling in the last 28 days (Cricsheet matches only).
I van der Woning (W),T20,female,2026-09-17,2026-06-20,89,0.0,0.0,0.0,0.0,Light load,No bowling in the last 28 days (Cricsheet matches only).
NJ Carey (W),T20,female,2026-09-17,2026-06-20,89,0.0,0.0,0.0,0.0,Light load,No bowling in the last 28 days (Cricsheet matches only).
Ghulam Ahmadi,T20,male,2026-09-17,2026-06-20,89,0.0,0.0,0.0,0.0,Light load,No bowling in the last 28 days (Cricsheet matches only).
Mustakim Aslam,T20,male,2026-09-17,2026-06-20,89,0.0,0.0,0.0,0.0,Light load,No bowling in the last 28 days (Cricsheet matches only).
A Adekunle (W),T20,female,2026-09-17,2026-06-20,89,0.0,0.0,0.0,0.0,Light load,No bowling in the last 28 days (Cricsheet matches only).
C Chukwuonye (W),T20,female,2026-09-17,2026-06-20,89,0.0,0.0,0.0,0.0,Light load,No bowling in the last 28 days (Cricsheet matches only).
CS Nascimento (W),T20,female,2026-09-17,2026-06-20,89,0.0,0.0,0.0,0.0,Light load,No bowling in the last 28 days (Cricsheet matches only).
F Eseigbe (W),T20,female,2026-09-17,2026-06-20,89,0.0,0.0,0.0,0.0,Light load,No bowling in the last 28 days (Cricsheet matches only).
L Cardoso (W),T20,female,2026-09-17,2026-06-20,89,0.0,0.0,0.0,0.0,Light load,No bowling in the last 28 days (Cricsheet matches only).
L Moises (W),T20,female,2026-09-17,2026-06-20,89,0.0,0.0,0.0,0.0,Light load,No bowling in the last 28 days (Cricsheet matches only).
L Udeh (W),T20,female,2026-09-17,2026-06-20,89,0.0,0.0,0.0,0.0,Light load,No bowling in the last 28 days (Cricsheet matches only).
LV Boas (W),T20,female,2026-09-17,2026-06-20,89,0.0,0.0,0.0,0.0,Light load,No bowling in the last 28 days (Cricsheet matches only).
M Ribeiro (W),T20,female,2026-09-17,2026-06-20,89,0.0,0.0,0.0,0.0,Light load,No bowling in the last 28 days (Cricsheet matches only).
NC Monteiro (W),T20,female,2026-09-17,2026-06-20,89,0.0,0.0,0.0,0.0,Light load,No bowling in the last 28 days (Cricsheet matches only).
O Omonkhobio (W),T20,female,2026-09-17,2026-06-20,89,0.0,0.0,0.0,0.0,Light load,No bowling in the last 28 days (Cricsheet matches only).
R Samson (W),T20,female,2026-09-17,2026-06-20,89,0.0,0.0,0.0,0.0,Light load,No bowling in the last 28 days (Cricsheet matches only).
Murid Ekrami,T20,male,2026-09-17,2026-06-20,89,0.0,0.0,0.0,0.0,Light load,No bowling in the last 28 days (Cricsheet matches only).
Rashid Khan,T20,male,2026-09-17,2026-06-20,89,0.0,0.0,0.0,0.0,Light load,No bowling in the last 28 days (Cricsheet matches only).
Sadat Said,T20,male,2026-09-17,2026-06-20,89,0.0,0.0,0.0,0.0,Light load,No bowling in the last 28 days (Cricsheet matches only).
B Niaz,T20,male,2026-09-17,2026-06-20,89,0.0,0.0,0.0,0.0,Light load,No bowling in the last 28 days (Cricsheet matches only).
Hadisullah Tarakhel,T20,male,2026-09-17,2026-06-20,89,0.0,0.0,0.0,0.0,Light load,No bowling in the last 28 days (Cricsheet matches only).
A Dirannehelage (W),T20,female,2026-09-17,2026-06-20,89,0.0,0.0,0.0,0.0,Light load,No bowling in the last 28 days (Cricsheet matches only).
A Rameshan (W),T20,female,2026-09-17,2026-06-20,89,0.0,0.0,0.0,0.0,Light load,No bowling in the last 28 days (Cricsheet matches only).
C Wijesinghe (W),T20,female,2026-09-17,2026-06-20,89,0.0,0.0,0.0,0.0,Light load,No bowling in the last 28 days (Cricsheet matches only).
D Koralalage (W),T20,female,2026-09-17,2026-06-20,89,0.0,0.0,0.0,0.0,Light load,No bowling in the last 28 days (Cricsheet matches only).
I Chathurani (W),T20,female,2026-09-17,2026-06-20,89,0.0,0.0,0.0,0.0,Light load,No bowling in the last 28 days (Cricsheet matches only).
Likitha Yadav (W),T20,female,2026-09-17,2026-06-20,89,0.0,0.0,0.0,0.0,Light load,No bowling in the last 28 days (Cricsheet matches only).
N De Bromhead (W),T20,female,2026-09-17,2026-06-20,89,0.0,0.0,0.0,0.0,Light load,No bowling in the last 28 days (Cricsheet matches only).
S Dunukedeniya (W),T20,female,2026-09-17,2026-06-20,89,0.0,0.0,0.0,0.0,Light load,No bowling in the last 28 days (Cricsheet matches only).
SM Don (W),T20,female,2026-09-17,2026-06-20,89,0.0,0.0,0.0,0.0,Light load,No bowling in the last 28 days (Cricsheet matches only).
Silda Joy (W),T20,female,2026-09-17,2026-06-20,89,0.0,0.0,0.0,0.0,Light load,No bowling in the last 28 days (Cricsheet matches only).
Susan George (W),T20,female,2026-09-17,2026-06-20,89,0.0,0.0,0.0,0.0,Light load,No bowling in the last 28 days (Cricsheet matches only).
A Reddy (W),T20,female,2026-09-17,2026-06-21,88,0.0,0.0,0.0,0.0,Light load,No bowling in the last 28 days (Cricsheet matches only).
AM Hardie,T20,male,2026-09-17,2026-06-21,88,0.0,0.0,0.0,0.0,Light load,No bowling in the last 28 days (Cricsheet matches only).
JA Davies,T20,male,2026-09-17,2026-06-21,88,0.0,0.0,0.0,0.0,Light load,No bowling in the last 28 days (Cricsheet matches only).
J Proctor,T20,male,2026-09-17,2026-06-21,88,0.0,0.0,0.0,0.0,Light load,No bowling in the last 28 days (Cricsheet matches only).
IO Okpe,T20,male,2026-09-17,2026-06-21,88,0.0,0.0,0.0,0.0,Light load,No bowling in the last 28 days (Cricsheet matches only).
M Akhigbe,T20,male,2026-09-17,2026-06-21,88,0.0,0.0,0.0,0.0,Light load,No bowling in the last 28 days (Cricsheet matches only).
P Aho,T20,male,2026-09-17,2026-06-21,88,0.0,0.0,0.0,0.0,Light load,No bowling in the last 28 days (Cricsheet matches only).
Yasim Murtaza,T20,male,2026-09-17,2026-06-21,88,0.0,0.0,0.0,0.0,Light load,No bowling in the last 28 days (Cricsheet matches only).
Ashwin Vinod,T20,male,2026-09-17,2026-06-21,88,0.0,0.0,0.0,0.0,Light load,No bowling in the last 28 days (Cricsheet matches only).
D Johnson,T20,male,2026-09-17,2026-06-21,88,0.0,0.0,0.0,0.0,Light load,No bowling in the last 28 days (Cricsheet matches only).
H Deshan,T20,male,2026-09-17,2026-06-21,88,0.0,0.0,0.0,0.0,Light load,No bowling in the last 28 days (Cricsheet matches only).
I Stewart,T20,male,2026-09-17,2026-06-21,88,0.0,0.0,0.0,0.0,Light load,No bowling in the last 28 days (Cricsheet matches only).
Jamal Stanikzai,T20,male,2026-09-17,2026-06-21,88,0.0,0.0,0.0,0.0,Light load,No bowling in the last 28 days (Cricsheet matches only).
M Stanikzai,T20,male,2026-09-17,2026-06-21,88,0.0,0.0,0.0,0.0,Light load,No bowling in the last 28 days (Cricsheet matches only).
Musa Khan Ahmadzai,T20,male,2026-09-17,2026-06-21,88,0.0,0.0,0.0,0.0,Light load,No bowling in the last 28 days (Cricsheet matches only).
Raihan Stanikzai,T20,male,2026-09-17,2026-06-21,88,0.0,0.0,0.0,0.0,Light load,No bowling in the last 28 days (Cricsheet matches only).
F Khaliq,T20,male,2026-09-17,2026-06-21,88,0.0,0.0,0.0,0.0,Light load,No bowling in the last 28 days (Cricsheet matches only).
Luca Petre,T20,male,2026-09-17,2026-06-21,88,0.0,0.0,0.0,0.0,Light load,No bowling in the last 28 days (Cricsheet matches only).
Said Hakim,T20,male,2026-09-17,2026-06-21,88,0.0,0.0,0.0,0.0,Light load,No bowling in the last 28 days (Cricsheet matches only).
Isaiah O'Brien,T20,male,2026-09-17,2026-06-22,87,0.0,0.0,0.0,0.0,Light load,No bowling in the last 28 days (Cricsheet matches only).
K Moses,T20,male,2026-09-17,2026-06-22,87,0.0,0.0,0.0,0.0,Light load,No bowling in the last 28 days (Cricsheet matches only).
P Jayeshbhai Patel,T20,male,2026-09-17,2026-06-22,87,0.0,0.0,0.0,0.0,Light load,No bowling in the last 28 days (Cricsheet matches only).
Aizaz Khan,T20,male,2026-09-17,2026-06-22,87,0.0,0.0,0.0,0.0,Light load,No bowling in the last 28 days (Cricsheet matches only).
Asad Rasheed,T20,male,2026-09-17,2026-06-22,87,0.0,0.0,0.0,0.0,Light load,No bowling in the last 28 days (Cricsheet matches only).
Ateeq Iqbal,T20,male,2026-09-17,2026-06-22,87,0.0,0.0,0.0,0.0,Light load,No bowling in the last 28 days (Cricsheet matches only).
Ehsan Khan,T20,male,2026-09-17,2026-06-22,87,0.0,0.0,0.0,0.0,Light load,No bowling in the last 28 days (Cricsheet matches only).
Mohammad Ghazanfar,T20,male,2026-09-17,2026-06-22,87,0.0,0.0,0.0,0.0,Light load,No bowling in the last 28 days (Cricsheet matches only).
Nasrulla Rana,T20,male,2026-09-17,2026-06-22,87,0.0,0.0,0.0,0.0,Light load,No bowling in the last 28 days (Cricsheet matches only).
HRA Rainey (W),T20,female,2026-09-17,2026-06-23,86,0.0,0.0,0.0,0.0,Light load,No bowling in the last 28 days (Cricsheet matches only).
A King (W),ODI,female,2026-09-17,2026-06-23,86,0.0,0.0,0.0,0.0,Light load,No bowling in the last 28 days (Cricsheet matches only).
Rameen Shamim (W),ODI,female,2026-09-17,2026-06-23,86,0.0,0.0,0.0,0.0,Light load,No bowling in the last 28 days (Cricsheet matches only).
Abdullahi Ismail,T20,male,2026-09-17,2026-06-23,86,0.0,0.0,0.0,0.0,Light load,No bowling in the last 28 days (Cricsheet matches only).
CM Akachukwu,T20,male,2026-09-17,2026-06-23,86,0.0,0.0,0.0,0.0,Light load,No bowling in the last 28 days (Cricsheet matches only).
K Boniface,T20,male,2026-09-17,2026-06-23,86,0.0,0.0,0.0,0.0,Light load,No bowling in the last 28 days (Cricsheet matches only).
Mohameed Taiwo,T20,male,2026-09-17,2026-06-23,86,0.0,0.0,0.0,0.0,Light load,No bowling in the last 28 days (Cricsheet matches only).
SA Okpe,T20,male,2026-09-17,2026-06-23,86,0.0,0.0,0.0,0.0,Light load,No bowling in the last 28 days (Cricsheet matches only).
VD Adewoye,T20,male,2026-09-17,2026-06-23,86,0.0,0.0,0.0,0.0,Light load,No bowling in the last 28 days (Cricsheet matches only).
Nikhil,T20,male,2026-09-17,2026-06-23,86,0.0,0.0,0.0,0.0,Light load,No bowling in the last 28 days (Cricsheet matches only).
S Jegannathan,T20,male,2026-09-17,2026-06-23,86,0.0,0.0,0.0,0.0,Light load,No bowling in the last 28 days (Cricsheet matches only).
S Shermatov,T20,male,2026-09-17,2026-06-23,86,0.0,0.0,0.0,0.0,Light load,No bowling in the last 28 days (Cricsheet matches only).
U Tuychiev,T20,male,2026-09-17,2026-06-23,86,0.0,0.0,0.0,0.0,Light load,No bowling in the last 28 days (Cricsheet matches only).
AV Lazarus,T20,male,2026-09-17,2026-06-23,86,0.0,0.0,0.0,0.0,Light load,No bowling in the last 28 days (Cricsheet matches only).
K Senamontree,T20,male,2026-09-17,2026-06-23,86,0.0,0.0,0.0,0.0,Light load,No bowling in the last 28 days (Cricsheet matches only).
M Bhatia,T20,male,2026-09-17,2026-06-23,86,0.0,0.0,0.0,0.0,Light load,No bowling in the last 28 days (Cricsheet matches only).
Sarawut Maliwan,T20,male,2026-09-17,2026-06-23,86,0.0,0.0,0.0,0.0,Light load,No bowling in the last 28 days (Cricsheet matches only).
AM Patel,T20,male,2026-09-17,2026-06-24,85,0.0,0.0,0.0,0.0,Light load,No bowling in the last 28 days (Cricsheet matches only).
DK Dahyabhai Ahir,T20,male,2026-09-17,2026-06-24,85,0.0,0.0,0.0,0.0,Light load,No bowling in the last 28 days (Cricsheet matches only).
FL Patel,T20,male,2026-09-17,2026-06-24,85,0.0,0.0,0.0,0.0,Light load,No bowling in the last 28 days (Cricsheet matches only).
R Patten,T20,male,2026-09-17,2026-06-24,85,0.0,0.0,0.0,0.0,Light load,No bowling in the last 28 days (Cricsheet matches only).
TAW Patterson,T20,male,2026-09-17,2026-06-24,85,0.0,0.0,0.0,0.0,Light load,No bowling in the last 28 days (Cricsheet matches only).
F Overdijk (W),T20,female,2026-09-17,2026-06-25,84,0.0,0.0,0.0,0.0,Light load,No bowling in the last 28 days (Cricsheet matches only).
BA Stokes,Test,male,2026-09-17,2026-06-25,84,0.0,0.0,0.0,0.0,Light load,No bowling in the last 28 days (Cricsheet matches only).
BM Tickner,Test,male,2026-09-17,2026-06-25,84,0.0,0.0,0.0,0.0,Light load,No bowling in the last 28 days (Cricsheet matches only).
BV Sears,Test,male,2026-09-17,2026-06-25,84,0.0,0.0,0.0,0.0,Light load,No bowling in the last 28 days (Cricsheet matches only).
JE Root,Test,male,2026-09-17,2026-06-25,84,0.0,0.0,0.0,0.0,Light load,No bowling in the last 28 days (Cricsheet matches only).
Shoaib Bashir,Test,male,2026-09-17,2026-06-25,84,0.0,0.0,0.0,0.0,Light load,No bowling in the last 28 days (Cricsheet matches only).
W O'Rourke,Test,male,2026-09-17,2026-06-25,84,0.0,0.0,0.0,0.0,Light load,No bowling in the last 28 days (Cricsheet matches only).
ZGF Foulkes,Test,male,2026-09-17,2026-06-25,84,0.0,0.0,0.0,0.0,Light load,No bowling in the last 28 days (Cricsheet matches only).
CAK Rajitha,Test,male,2026-09-17,2026-06-25,84,0.0,0.0,0.0,0.0,Light load,No bowling in the last 28 days (Cricsheet matches only).
PHKD Mendis,Test,male,2026-09-17,2026-06-25,84,0.0,0.0,0.0,0.0,Light load,No bowling in the last 28 days (Cricsheet matches only).
A Natubhai Ahir,T20,male,2026-09-17,2026-06-25,84,0.0,0.0,0.0,0.0,Light load,No bowling in the last 28 days (Cricsheet matches only).
C Trott,T20,male,2026-09-17,2026-06-25,84,0.0,0.0,0.0,0.0,Light load,No bowling in the last 28 days (Cricsheet matches only).
D Sabir,T20,male,2026-09-17,2026-06-25,84,0.0,0.0,0.0,0.0,Light load,No bowling in the last 28 days (Cricsheet matches only).
DMW Rawlins,T20,male,2026-09-17,2026-06-25,84,0.0,0.0,0.0,0.0,Light load,No bowling in the last 28 days (Cricsheet matches only).
Nathan Ingleston,T20,male,2026-09-17,2026-06-25,84,0.0,0.0,0.0,0.0,Light load,No bowling in the last 28 days (Cricsheet matches only).
Sagar Kumar Ahir,T20,male,2026-09-17,2026-06-25,84,0.0,0.0,0.0,0.0,Light load,No bowling in the last 28 days (Cricsheet matches only).
Z Burgess,T20,male,2026-09-17,2026-06-25,84,0.0,0.0,0.0,0.0,Light load,No bowling in the last 28 days (Cricsheet matches only).
P Jirapatananukul,T20,male,2026-09-17,2026-06-25,84,0.0,0.0,0.0,0.0,Light load,No bowling in the last 28 days (Cricsheet matches only).
IKEG Artawan,T20,male,2026-09-17,2026-06-25,84,0.0,0.0,0.0,0.0,Light load,No bowling in the last 28 days (Cricsheet matches only).
S Gulecha,T20,male,2026-09-17,2026-06-25,84,0.0,0.0,0.0,0.0,Light load,No bowling in the last 28 days (Cricsheet matches only).
G Fontenla (W),T20,female,2026-09-17,2026-06-26,83,0.0,0.0,0.0,0.0,Light load,No bowling in the last 28 days (Cricsheet matches only).
KE Bryce (W),T20,female,2026-09-17,2026-06-26,83,0.0,0.0,0.0,0.0,Light load,No bowling in the last 28 days (Cricsheet matches only).
KL Gordon (W),T20,female,2026-09-17,2026-06-26,83,0.0,0.0,0.0,0.0,Light load,No bowling in the last 28 days (Cricsheet matches only).
PA Chatterji (W),T20,female,2026-09-17,2026-06-26,83,0.0,0.0,0.0,0.0,Light load,No bowling in the last 28 days (Cricsheet matches only).
R Slater (W),T20,female,2026-09-17,2026-06-26,83,0.0,0.0,0.0,0.0,Light load,No bowling in the last 28 days (Cricsheet matches only).
GJ Delany,T20,male,2026-09-17,2026-06-26,83,0.0,0.0,0.0,0.0,Light load,No bowling in the last 28 days (Cricsheet matches only).
M Cope,T20,male,2026-09-17,2026-06-26,83,0.0,0.0,0.0,0.0,Light load,No bowling in the last 28 days (Cricsheet matches only).
Sareer Shah,T20,male,2026-09-17,2026-06-26,83,0.0,0.0,0.0,0.0,Light load,No bowling in the last 28 days (Cricsheet matches only).
E Konasova (W),T20,female,2026-09-17,2026-06-26,83,0.0,0.0,0.0,0.0,Light load,No bowling in the last 28 days (Cricsheet matches only).
A Khasanov,T20,male,2026-09-17,2026-06-26,83,0.0,0.0,0.0,0.0,Light load,No bowling in the last 28 days (Cricsheet matches only).
A Musaev,T20,male,2026-09-17,2026-06-26,83,0.0,0.0,0.0,0.0,Light load,No bowling in the last 28 days (Cricsheet matches only).
Anjar Tadarus,T20,male,2026-09-17,2026-06-26,83,0.0,0.0,0.0,0.0,Light load,No bowling in the last 28 days (Cricsheet matches only).
D Nanda,T20,male,2026-09-17,2026-06-26,83,0.0,0.0,0.0,0.0,Light load,No bowling in the last 28 days (Cricsheet matches only).
DJ Hawoe,T20,male,2026-09-17,2026-06-26,83,0.0,0.0,0.0,0.0,Light load,No bowling in the last 28 days (Cricsheet matches only).
F Banunaek,T20,male,2026-09-17,2026-06-26,83,0.0,0.0,0.0,0.0,Light load,No bowling in the last 28 days (Cricsheet matches only).
GA Priandana,T20,male,2026-09-17,2026-06-26,83,0.0,0.0,0.0,0.0,Light load,No bowling in the last 28 days (Cricsheet matches only).
GD Arta,T20,male,2026-09-17,2026-06-26,83,0.0,0.0,0.0,0.0,Light load,No bowling in the last 28 days (Cricsheet matches only).
I Mustafoev,T20,male,2026-09-17,2026-06-26,83,0.0,0.0,0.0,0.0,Light load,No bowling in the last 28 days (Cricsheet matches only).
K Xolmuradov,T20,male,2026-09-17,2026-06-26,83,0.0,0.0,0.0,0.0,Light load,No bowling in the last 28 days (Cricsheet matches only).
KN Chaddha,T20,male,2026-09-17,2026-06-26,83,0.0,0.0,0.0,0.0,Light load,No bowling in the last 28 days (Cricsheet matches only).
Luqman Hussan,T20,male,2026-09-17,2026-06-26,83,0.0,0.0,0.0,0.0,Light load,No bowling in the last 28 days (Cricsheet matches only).
O Qudratov,T20,male,2026-09-17,2026-06-26,83,0.0,0.0,0.0,0.0,Light load,No bowling in the last 28 days (Cricsheet matches only).
R Jeyakumar,T20,male,2026-09-17,2026-06-26,83,0.0,0.0,0.0,0.0,Light load,No bowling in the last 28 days (Cricsheet matches only).
Syed Ahzamul Haq,T20,male,2026-09-17,2026-06-26,83,0.0,0.0,0.0,0.0,Light load,No bowling in the last 28 days (Cricsheet matches only).
A Kessar,T20,male,2026-09-17,2026-06-26,83,0.0,0.0,0.0,0.0,Light load,No bowling in the last 28 days (Cricsheet matches only).
A Wichakam,T20,male,2026-09-17,2026-06-26,83,0.0,0.0,0.0,0.0,Light load,No bowling in the last 28 days (Cricsheet matches only).
C Pengkumta,T20,male,2026-09-17,2026-06-26,83,0.0,0.0,0.0,0.0,Light load,No bowling in the last 28 days (Cricsheet matches only).
H Venkataram,T20,male,2026-09-17,2026-06-26,83,0.0,0.0,0.0,0.0,Light load,No bowling in the last 28 days (Cricsheet matches only).
J Santhanam,T20,male,2026-09-17,2026-06-26,83,0.0,0.0,0.0,0.0,Light load,No bowling in the last 28 days (Cricsheet matches only).
K Venkatraman,T20,male,2026-09-17,2026-06-26,83,0.0,0.0,0.0,0.0,Light load,No bowling in the last 28 days (Cricsheet matches only).
Manpreet Singh,T20,male,2026-09-17,2026-06-26,83,0.0,0.0,0.0,0.0,Light load,No bowling in the last 28 days (Cricsheet matches only).
N Senamontree,T20,male,2026-09-17,2026-06-26,83,0.0,0.0,0.0,0.0,Light load,No bowling in the last 28 days (Cricsheet matches only).
P Donkaew,T20,male,2026-09-17,2026-06-26,83,0.0,0.0,0.0,0.0,Light load,No bowling in the last 28 days (Cricsheet matches only).
P Thongsa,T20,male,2026-09-17,2026-06-26,83,0.0,0.0,0.0,0.0,Light load,No bowling in the last 28 days (Cricsheet matches only).
VT Thiyanesh,T20,male,2026-09-17,2026-06-26,83,0.0,0.0,0.0,0.0,Light load,No bowling in the last 28 days (Cricsheet matches only).
Diana Baig (W),ODI,female,2026-09-17,2026-06-27,82,0.0,0.0,0.0,0.0,Light load,No bowling in the last 28 days (Cricsheet matches only).
HDJ Siegers (W),T20,female,2026-09-17,2026-06-27,82,0.0,0.0,0.0,0.0,Light load,No bowling in the last 28 days (Cricsheet matches only).
IJR Zwilling (W),T20,female,2026-09-17,2026-06-27,82,0.0,0.0,0.0,0.0,Light load,No bowling in the last 28 days (Cricsheet matches only).
R Rijke (W),T20,female,2026-09-17,2026-06-27,82,0.0,0.0,0.0,0.0,Light load,No bowling in the last 28 days (Cricsheet matches only).
Q Joseph (W),T20,female,2026-09-17,2026-06-27,82,0.0,0.0,0.0,0.0,Light load,No bowling in the last 28 days (Cricsheet matches only).
AC Kerr (W),ODI,female,2026-09-17,2026-06-27,82,0.0,0.0,0.0,0.0,Light load,No bowling in the last 28 days (Cricsheet matches only).
BG Illing (W),ODI,female,2026-09-17,2026-06-27,82,0.0,0.0,0.0,0.0,Light load,No bowling in the last 28 days (Cricsheet matches only).
JM Kerr (W),ODI,female,2026-09-17,2026-06-27,82,0.0,0.0,0.0,0.0,Light load,No bowling in the last 28 days (Cricsheet matches only).
LMM Tahuhu (W),ODI,female,2026-09-17,2026-06-27,82,0.0,0.0,0.0,0.0,Light load,No bowling in the last 28 days (Cricsheet matches only).
NH Patel (W),ODI,female,2026-09-17,2026-06-27,82,0.0,0.0,0.0,0.0,Light load,No bowling in the last 28 days (Cricsheet matches only).
SFM Devine (W),T20,female,2026-09-17,2026-06-27,82,0.0,0.0,0.0,0.0,Light load,No bowling in the last 28 days (Cricsheet matches only).
A Lazic,T20,male,2026-09-17,2026-06-27,82,0.0,0.0,0.0,0.0,Light load,No bowling in the last 28 days (Cricsheet matches only).
B Dugic,T20,male,2026-09-17,2026-06-27,82,0.0,0.0,0.0,0.0,Light load,No bowling in the last 28 days (Cricsheet matches only).
Sachin Ganpat Shinde,T20,male,2026-09-17,2026-06-27,82,0.0,0.0,0.0,0.0,Light load,No bowling in the last 28 days (Cricsheet matches only).
SH Lawlor (W),T20,female,2026-09-17,2026-06-27,82,0.0,0.0,0.0,0.0,Light load,No bowling in the last 28 days (Cricsheet matches only).
A Gulati,T20,male,2026-09-17,2026-06-27,82,0.0,0.0,0.0,0.0,Light load,No bowling in the last 28 days (Cricsheet matches only).
AA Banner,T20,male,2026-09-17,2026-06-27,82,0.0,0.0,0.0,0.0,Light load,No bowling in the last 28 days (Cricsheet matches only).
E Haven,T20,male,2026-09-17,2026-06-27,82,0.0,0.0,0.0,0.0,Light load,No bowling in the last 28 days (Cricsheet matches only).
Festus Benn,T20,male,2026-09-17,2026-06-27,82,0.0,0.0,0.0,0.0,Light load,No bowling in the last 28 days (Cricsheet matches only).
G Irvin,T20,male,2026-09-17,2026-06-27,82,0.0,0.0,0.0,0.0,Light load,No bowling in the last 28 days (Cricsheet matches only).
GT Taylor,T20,male,2026-09-17,2026-06-27,82,0.0,0.0,0.0,0.0,Light load,No bowling in the last 28 days (Cricsheet matches only).
L Bonner,T20,male,2026-09-17,2026-06-27,82,0.0,0.0,0.0,0.0,Light load,No bowling in the last 28 days (Cricsheet matches only).
ML Castillo,T20,male,2026-09-17,2026-06-27,82,0.0,0.0,0.0,0.0,Light load,No bowling in the last 28 days (Cricsheet matches only).
NN Banner,T20,male,2026-09-17,2026-06-27,82,0.0,0.0,0.0,0.0,Light load,No bowling in the last 28 days (Cricsheet matches only).
O Casasola,T20,male,2026-09-17,2026-06-27,82,0.0,0.0,0.0,0.0,Light load,No bowling in the last 28 days (Cricsheet matches only).
T Brown,T20,male,2026-09-17,2026-06-27,82,0.0,0.0,0.0,0.0,Light load,No bowling in the last 28 days (Cricsheet matches only).
T Moses,T20,male,2026-09-17,2026-06-27,82,0.0,0.0,0.0,0.0,Light load,No bowling in the last 28 days (Cricsheet matches only).
Chare Smith,T20,male,2026-09-17,2026-06-27,82,0.0,0.0,0.0,0.0,Light load,No bowling in the last 28 days (Cricsheet matches only).
DL Brangman,T20,male,2026-09-17,2026-06-27,82,0.0,0.0,0.0,0.0,Light load,No bowling in the last 28 days (Cricsheet matches only).
L Horan,T20,male,2026-09-17,2026-06-27,82,0.0,0.0,0.0,0.0,Light load,No bowling in the last 28 days (Cricsheet matches only).
LF Muller,T20,male,2026-09-17,2026-06-27,82,0.0,0.0,0.0,0.0,Light load,No bowling in the last 28 days (Cricsheet matches only).
NIAF Paynter,T20,male,2026-09-17,2026-06-27,82,0.0,0.0,0.0,0.0,Light load,No bowling in the last 28 days (Cricsheet matches only).
A Stoilova (W),T20,female,2026-09-17,2026-06-27,82,0.0,0.0,0.0,0.0,Light load,No bowling in the last 28 days (Cricsheet matches only).
B Ercegovcevic (W),T20,female,2026-09-17,2026-06-27,82,0.0,0.0,0.0,0.0,Light load,No bowling in the last 28 days (Cricsheet matches only).
S Galabova (W),T20,female,2026-09-17,2026-06-27,82,0.0,0.0,0.0,0.0,Light load,No bowling in the last 28 days (Cricsheet matches only).
Abbas Ghani,T20,male,2026-09-17,2026-06-27,82,0.0,0.0,0.0,0.0,Light load,No bowling in the last 28 days (Cricsheet matches only).
Ali Nawaz,T20,male,2026-09-17,2026-06-27,82,0.0,0.0,0.0,0.0,Light load,No bowling in the last 28 days (Cricsheet matches only).
Gabor Torok,T20,male,2026-09-17,2026-06-27,82,0.0,0.0,0.0,0.0,Light load,No bowling in the last 28 days (Cricsheet matches only).
EA Perry (W),T20,female,2026-09-17,2026-06-28,81,0.0,0.0,0.0,0.0,Light load,No bowling in the last 28 days (Cricsheet matches only).
RP Yadav (W),T20,female,2026-09-17,2026-06-28,81,0.0,0.0,0.0,0.0,Light load,No bowling in the last 28 days (Cricsheet matches only).
Renuka Singh (W),ODI,female,2026-09-17,2026-06-28,81,0.0,0.0,0.0,0.0,Light load,No bowling in the last 28 days (Cricsheet matches only).
HT Tector,Test,male,2026-09-17,2026-06-28,81,0.0,0.0,0.0,0.0,Light load,No bowling in the last 28 days (Cricsheet matches only).
J Moondra,T20,male,2026-09-17,2026-06-28,81,0.0,0.0,0.0,0.0,Light load,No bowling in the last 28 days (Cricsheet matches only).
L McCarthy,Test,male,2026-09-17,2026-06-28,81,0.0,0.0,0.0,0.0,Light load,No bowling in the last 28 days (Cricsheet matches only).
MJ Humphreys,Test,male,2026-09-17,2026-06-28,81,0.0,0.0,0.0,0.0,Light load,No bowling in the last 28 days (Cricsheet matches only).
MK Hollard,T20,male,2026-09-17,2026-06-28,81,0.0,0.0,0.0,0.0,Light load,No bowling in the last 28 days (Cricsheet matches only).
Khaled Ahmed,Test,male,2026-09-17,2026-06-28,81,0.0,0.0,0.0,0.0,Light load,No bowling in the last 28 days (Cricsheet matches only).
E Packard,T20,male,2026-09-17,2026-06-28,81,0.0,0.0,0.0,0.0,Light load,No bowling in the last 28 days (Cricsheet matches only).
Neeraj Mishra,T20,male,2026-09-17,2026-06-28,81,0.0,0.0,0.0,0.0,Light load,No bowling in the last 28 days (Cricsheet matches only).
Divya Kandpal (W),T20,female,2026-09-17,2026-06-28,81,0.0,0.0,0.0,0.0,Light load,No bowling in the last 28 days (Cricsheet matches only).
Khusboo Kandpal (W),T20,female,2026-09-17,2026-06-28,81,0.0,0.0,0.0,0.0,Light load,No bowling in the last 28 days (Cricsheet matches only).
PN Agarwal (W),T20,female,2026-09-17,2026-06-28,81,0.0,0.0,0.0,0.0,Light load,No bowling in the last 28 days (Cricsheet matches only).
Nayab Razwan (W),T20,female,2026-09-17,2026-06-28,81,0.0,0.0,0.0,0.0,Light load,No bowling in the last 28 days (Cricsheet matches only).
B Shotorova (W),T20,female,2026-09-17,2026-06-28,81,0.0,0.0,0.0,0.0,Light load,No bowling in the last 28 days (Cricsheet matches only).
D Demic (W),T20,female,2026-09-17,2026-06-28,81,0.0,0.0,0.0,0.0,Light load,No bowling in the last 28 days (Cricsheet matches only).
G Ilarionova (W),T20,female,2026-09-17,2026-06-28,81,0.0,0.0,0.0,0.0,Light load,No bowling in the last 28 days (Cricsheet matches only).
M Perisic (W),T20,female,2026-09-17,2026-06-28,81,0.0,0.0,0.0,0.0,Light load,No bowling in the last 28 days (Cricsheet matches only).
N Tropolova (W),T20,female,2026-09-17,2026-06-28,81,0.0,0.0,0.0,0.0,Light load,No bowling in the last 28 days (Cricsheet matches only).
S Matijevic (W),T20,female,2026-09-17,2026-06-28,81,0.0,0.0,0.0,0.0,Light load,No bowling in the last 28 days (Cricsheet matches only).
Shadnan Khan,T20,male,2026-09-17,2026-06-28,81,0.0,0.0,0.0,0.0,Light load,No bowling in the last 28 days (Cricsheet matches only).
Abidullah Kotwa,T20,male,2026-09-17,2026-06-28,81,0.0,0.0,0.0,0.0,Light load,No bowling in the last 28 days (Cricsheet matches only).
D Gaikwad,T20,male,2026-09-17,2026-06-28,81,0.0,0.0,0.0,0.0,Light load,No bowling in the last 28 days (Cricsheet matches only).
Hamid Safi,T20,male,2026-09-17,2026-06-28,81,0.0,0.0,0.0,0.0,Light load,No bowling in the last 28 days (Cricsheet matches only).
Itibarshah Deedar,T20,male,2026-09-17,2026-06-28,81,0.0,0.0,0.0,0.0,Light load,No bowling in the last 28 days (Cricsheet matches only).
KR Jha,T20,male,2026-09-17,2026-06-28,81,0.0,0.0,0.0,0.0,Light load,No bowling in the last 28 days (Cricsheet matches only).
RJ Ainsworth,T20,male,2026-09-17,2026-06-28,81,0.0,0.0,0.0,0.0,Light load,No bowling in the last 28 days (Cricsheet matches only).
V Ravindran,T20,male,2026-09-17,2026-06-28,81,0.0,0.0,0.0,0.0,Light load,No bowling in the last 28 days (Cricsheet matches only).
CA Henry (W),T20,female,2026-09-17,2026-06-30,79,0.0,0.0,0.0,0.0,Light load,No bowling in the last 28 days (Cricsheet matches only).
JKC Claxton (W),T20,female,2026-09-17,2026-06-30,79,0.0,0.0,0.0,0.0,Light load,No bowling in the last 28 days (Cricsheet matches only).
L Wood,T20,male,2026-09-17,2026-07-01,78,0.0,0.0,0.0,0.0,Light load,No bowling in the last 28 days (Cricsheet matches only).
Natim Hassam,T20,male,2026-09-17,2026-07-01,78,0.0,0.0,0.0,0.0,Light load,No bowling in the last 28 days (Cricsheet matches only).
SN Swamy,T20,male,2026-09-17,2026-07-01,78,0.0,0.0,0.0,0.0,Light load,No bowling in the last 28 days (Cricsheet matches only).
A Khaka (W),ODI,female,2026-09-17,2026-07-02,77,0.0,0.0,0.0,0.0,Light load,No bowling in the last 28 days (Cricsheet matches only).
CL Tryon (W),ODI,female,2026-09-17,2026-07-02,77,0.0,0.0,0.0,0.0,Light load,No bowling in the last 28 days (Cricsheet matches only).
M Kapp (W),T20,female,2026-09-17,2026-07-02,77,0.0,0.0,0.0,0.0,Light load,No bowling in the last 28 days (Cricsheet matches only).
N Mlaba (W),ODI,female,2026-09-17,2026-07-02,77,0.0,0.0,0.0,0.0,Light load,No bowling in the last 28 days (Cricsheet matches only).
N de Klerk (W),ODI,female,2026-09-17,2026-07-02,77,0.0,0.0,0.0,0.0,Light load,No bowling in the last 28 days (Cricsheet matches only).
S Ismail (W),T20,female,2026-09-17,2026-07-02,77,0.0,0.0,0.0,0.0,Light load,No bowling in the last 28 days (Cricsheet matches only).
A Dhabe,T20,male,2026-09-17,2026-07-02,77,0.0,0.0,0.0,0.0,Light load,No bowling in the last 28 days (Cricsheet matches only).
Samiullah Rahmani,T20,male,2026-09-17,2026-07-02,77,0.0,0.0,0.0,0.0,Light load,No bowling in the last 28 days (Cricsheet matches only).
Zabiullah Zahid,T20,male,2026-09-17,2026-07-02,77,0.0,0.0,0.0,0.0,Light load,No bowling in the last 28 days (Cricsheet matches only).
Zaid Ahmad,T20,male,2026-09-17,2026-07-02,77,0.0,0.0,0.0,0.0,Light load,No bowling in the last 28 days (Cricsheet matches only).
Zain Muzaffar,T20,male,2026-09-17,2026-07-02,77,0.0,0.0,0.0,0.0,Light load,No bowling in the last 28 days (Cricsheet matches only).
A Phillip,Test,male,2026-09-17,2026-07-03,76,0.0,0.0,0.0,0.0,Light load,No bowling in the last 28 days (Cricsheet matches only).
I Wijesundera,Test,male,2026-09-17,2026-07-03,76,0.0,0.0,0.0,0.0,Light load,No bowling in the last 28 days (Cricsheet matches only).
RMMP Rathnayake,Test,male,2026-09-17,2026-07-03,76,0.0,0.0,0.0,0.0,Light load,No bowling in the last 28 days (Cricsheet matches only).
H Khuttan,T20,male,2026-09-17,2026-07-04,75,0.0,0.0,0.0,0.0,Light load,No bowling in the last 28 days (Cricsheet matches only).
A Gardner (W),ODI,female,2026-09-17,2026-07-05,74,0.0,0.0,0.0,0.0,Light load,No bowling in the last 28 days (Cricsheet matches only).
A Sutherland (W),ODI,female,2026-09-17,2026-07-05,74,0.0,0.0,0.0,0.0,Light load,No bowling in the last 28 days (Cricsheet matches only).
FG Kemp (W),T20,female,2026-09-17,2026-07-05,74,0.0,0.0,0.0,0.0,Light load,No bowling in the last 28 days (Cricsheet matches only).
G Wareham (W),T20,female,2026-09-17,2026-07-05,74,0.0,0.0,0.0,0.0,Light load,No bowling in the last 28 days (Cricsheet matches only).
KJ Garth (W),ODI,female,2026-09-17,2026-07-05,74,0.0,0.0,0.0,0.0,Light load,No bowling in the last 28 days (Cricsheet matches only).
LCN Smith (W),ODI,female,2026-09-17,2026-07-05,74,0.0,0.0,0.0,0.0,Light load,No bowling in the last 28 days (Cricsheet matches only).
LK Hamilton (W),T20,female,2026-09-17,2026-07-05,74,0.0,0.0,0.0,0.0,Light load,No bowling in the last 28 days (Cricsheet matches only).
S Molineux (W),ODI,female,2026-09-17,2026-07-05,74,0.0,0.0,0.0,0.0,Light load,No bowling in the last 28 days (Cricsheet matches only).
Mustafizur Rahman,ODI,male,2026-09-17,2026-07-06,73,0.0,0.0,0.0,0.0,Light load,No bowling in the last 28 days (Cricsheet matches only).
CV Varun,T20,male,2026-09-17,2026-07-07,72,0.0,0.0,0.0,0.0,Light load,No bowling in the last 28 days (Cricsheet matches only).
Harshit Rana,ODI,male,2026-09-17,2026-07-07,72,0.0,0.0,0.0,0.0,Light load,No bowling in the last 28 days (Cricsheet matches only).
E Karimi,T20,male,2026-09-17,2026-07-08,71,0.0,0.0,0.0,0.0,Light load,No bowling in the last 28 days (Cricsheet matches only).
R Aggarwal,T20,male,2026-09-17,2026-07-08,71,0.0,0.0,0.0,0.0,Light load,No bowling in the last 28 days (Cricsheet matches only).
BA Pai,T20,male,2026-09-17,2026-07-08,71,0.0,0.0,0.0,0.0,Light load,No bowling in the last 28 days (Cricsheet matches only).
Mohamed Roshan,T20,male,2026-09-17,2026-07-08,71,0.0,0.0,0.0,0.0,Light load,No bowling in the last 28 days (Cricsheet matches only).
Mosaddek Hossain,ODI,male,2026-09-17,2026-07-09,70,0.0,0.0,0.0,0.0,Light load,No bowling in the last 28 days (Cricsheet matches only).
I Elec,T20,male,2026-09-17,2026-07-09,70,0.0,0.0,0.0,0.0,Light load,No bowling in the last 28 days (Cricsheet matches only).
Simon Sorensen,T20,male,2026-09-17,2026-07-09,70,0.0,0.0,0.0,0.0,Light load,No bowling in the last 28 days (Cricsheet matches only).
Bilal Masud,T20,male,2026-09-17,2026-07-09,70,0.0,0.0,0.0,0.0,Light load,No bowling in the last 28 days (Cricsheet matches only).
Sahil Chauhan,T20,male,2026-09-17,2026-07-09,70,0.0,0.0,0.0,0.0,Light load,No bowling in the last 28 days (Cricsheet matches only).
LK Bell (W),T20,female,2026-09-17,2026-07-10,69,0.0,0.0,0.0,0.0,Light load,No bowling in the last 28 days (Cricsheet matches only).
S Ecclestone (W),T20,female,2026-09-17,2026-07-10,69,0.0,0.0,0.0,0.0,Light load,No bowling in the last 28 days (Cricsheet matches only).
S Rana (W),ODI,female,2026-09-17,2026-07-10,69,0.0,0.0,0.0,0.0,Light load,No bowling in the last 28 days (Cricsheet matches only).
SG Satghare (W),Test,female,2026-09-17,2026-07-10,69,0.0,0.0,0.0,0.0,Light load,No bowling in the last 28 days (Cricsheet matches only).
WAE Burton,T20,male,2026-09-17,2026-07-10,69,0.0,0.0,0.0,0.0,Light load,No bowling in the last 28 days (Cricsheet matches only).
M Parinitha (W),T20,female,2026-09-17,2026-07-10,69,0.0,0.0,0.0,0.0,Light load,No bowling in the last 28 days (Cricsheet matches only).
E Masuku,ODI,male,2026-09-17,2026-07-11,68,0.0,0.0,0.0,0.0,Light load,No bowling in the last 28 days (Cricsheet matches only).
Soumya Sarkar,ODI,male,2026-09-17,2026-07-11,68,0.0,0.0,0.0,0.0,Light load,No bowling in the last 28 days (Cricsheet matches only).
TL Chivanga,ODI,male,2026-09-17,2026-07-11,68,0.0,0.0,0.0,0.0,Light load,No bowling in the last 28 days (Cricsheet matches only).
Tanvir Islam,ODI,male,2026-09-17,2026-07-11,68,0.0,0.0,0.0,0.0,Light load,No bowling in the last 28 days (Cricsheet matches only).
Gargi Arya (W),T20,female,2026-09-17,2026-07-11,68,0.0,0.0,0.0,0.0,Light load,No bowling in the last 28 days (Cricsheet matches only).
Yukthi Suresh (W),T20,female,2026-09-17,2026-07-11,68,0.0,0.0,0.0,0.0,Light load,No bowling in the last 28 days (Cricsheet matches only).
CJ Bruell (W),T20,female,2026-09-17,2026-07-11,68,0.0,0.0,0.0,0.0,Light load,No bowling in the last 28 days (Cricsheet matches only).
D Medagoda (W),T20,female,2026-09-17,2026-07-11,68,0.0,0.0,0.0,0.0,Light load,No bowling in the last 28 days (Cricsheet matches only).
Natalie Clarke (W),T20,female,2026-09-17,2026-07-11,68,0.0,0.0,0.0,0.0,Light load,No bowling in the last 28 days (Cricsheet matches only).
A Dalzell (W),T20,female,2026-09-17,2026-07-12,67,0.0,0.0,0.0,0.0,Light load,No bowling in the last 28 days (Cricsheet matches only).
S Hector (W),ODI,female,2026-09-17,2026-07-12,67,0.0,0.0,0.0,0.0,Light load,No bowling in the last 28 days (Cricsheet matches only).
D Abeyrathna,T20,male,2026-09-17,2026-07-12,67,0.0,0.0,0.0,0.0,Light load,No bowling in the last 28 days (Cricsheet matches only).
Qamar Mushtaque,T20,male,2026-09-17,2026-07-12,67,0.0,0.0,0.0,0.0,Light load,No bowling in the last 28 days (Cricsheet matches only).
Khalid Ahmadi,T20,male,2026-09-17,2026-07-12,67,0.0,0.0,0.0,0.0,Light load,No bowling in the last 28 days (Cricsheet matches only).
Saber Zakhil,T20,male,2026-09-17,2026-07-12,67,0.0,0.0,0.0,0.0,Light load,No bowling in the last 28 days (Cricsheet matches only).
Zaki Ul Hassan,T20,male,2026-09-17,2026-07-12,67,0.0,0.0,0.0,0.0,Light load,No bowling in the last 28 days (Cricsheet matches only).
Meghna Rajan (W),T20,female,2026-09-17,2026-07-12,67,0.0,0.0,0.0,0.0,Light load,No bowling in the last 28 days (Cricsheet matches only).
Naina Saju (W),T20,female,2026-09-17,2026-07-12,67,0.0,0.0,0.0,0.0,Light load,No bowling in the last 28 days (Cricsheet matches only).
S Dabholkatr (W),T20,female,2026-09-17,2026-07-12,67,0.0,0.0,0.0,0.0,Light load,No bowling in the last 28 days (Cricsheet matches only).
Samiha Konuganti (W),T20,female,2026-09-17,2026-07-12,67,0.0,0.0,0.0,0.0,Light load,No bowling in the last 28 days (Cricsheet matches only).
Sejal Vinod (W),T20,female,2026-09-17,2026-07-12,67,0.0,0.0,0.0,0.0,Light load,No bowling in the last 28 days (Cricsheet matches only).
Vani Dhanuka (W),T20,female,2026-09-17,2026-07-12,67,0.0,0.0,0.0,0.0,Light load,No bowling in the last 28 days (Cricsheet matches only).
D Foxcroft,ODI,male,2026-09-17,2026-07-13,66,0.0,0.0,0.0,0.0,Light load,No bowling in the last 28 days (Cricsheet matches only).
Kasir Ahmed,T20,male,2026-09-17,2026-07-13,66,0.0,0.0,0.0,0.0,Light load,No bowling in the last 28 days (Cricsheet matches only).
MP Ainsworth,T20,male,2026-09-17,2026-07-13,66,0.0,0.0,0.0,0.0,Light load,No bowling in the last 28 days (Cricsheet matches only).
S Thanikaithasan,T20,male,2026-09-17,2026-07-13,66,0.0,0.0,0.0,0.0,Light load,No bowling in the last 28 days (Cricsheet matches only).
A Paul,T20,male,2026-09-17,2026-07-13,66,0.0,0.0,0.0,0.0,Light load,No bowling in the last 28 days (Cricsheet matches only).
A Turkmen,T20,male,2026-09-17,2026-07-13,66,0.0,0.0,0.0,0.0,Light load,No bowling in the last 28 days (Cricsheet matches only).
Ilyas Ataullah,T20,male,2026-09-17,2026-07-13,66,0.0,0.0,0.0,0.0,Light load,No bowling in the last 28 days (Cricsheet matches only).
M Ozturk,T20,male,2026-09-17,2026-07-13,66,0.0,0.0,0.0,0.0,Light load,No bowling in the last 28 days (Cricsheet matches only).
Mustafa Balkis,T20,male,2026-09-17,2026-07-13,66,0.0,0.0,0.0,0.0,Light load,No bowling in the last 28 days (Cricsheet matches only).
Washington Sundar,Test,male,2026-09-17,2026-07-14,65,0.0,0.0,0.0,0.0,Light load,No bowling in the last 28 days (Cricsheet matches only).
Ashraful Shuvo,T20,male,2026-09-17,2026-07-14,65,0.0,0.0,0.0,0.0,Light load,No bowling in the last 28 days (Cricsheet matches only).
H Aggarwal,T20,male,2026-09-17,2026-07-14,65,0.0,0.0,0.0,0.0,Light load,No bowling in the last 28 days (Cricsheet matches only).
H Pattenden,T20,male,2026-09-17,2026-07-14,65,0.0,0.0,0.0,0.0,Light load,No bowling in the last 28 days (Cricsheet matches only).
Habib Khan,T20,male,2026-09-17,2026-07-14,65,0.0,0.0,0.0,0.0,Light load,No bowling in the last 28 days (Cricsheet matches only).
K Vislapuu,T20,male,2026-09-17,2026-07-14,65,0.0,0.0,0.0,0.0,Light load,No bowling in the last 28 days (Cricsheet matches only).
Luka Woods,T20,male,2026-09-17,2026-07-14,65,0.0,0.0,0.0,0.0,Light load,No bowling in the last 28 days (Cricsheet matches only).
M Janicijevic,T20,male,2026-09-17,2026-07-14,65,0.0,0.0,0.0,0.0,Light load,No bowling in the last 28 days (Cricsheet matches only).
MV Pavlovic,T20,male,2026-09-17,2026-07-14,65,0.0,0.0,0.0,0.0,Light load,No bowling in the last 28 days (Cricsheet matches only).
N Zimonjic,T20,male,2026-09-17,2026-07-14,65,0.0,0.0,0.0,0.0,Light load,No bowling in the last 28 days (Cricsheet matches only).
P Nedeljkovic,T20,male,2026-09-17,2026-07-14,65,0.0,0.0,0.0,0.0,Light load,No bowling in the last 28 days (Cricsheet matches only).
V Zimonjic,T20,male,2026-09-17,2026-07-14,65,0.0,0.0,0.0,0.0,Light load,No bowling in the last 28 days (Cricsheet matches only).
Zeeshan Ali,T20,male,2026-09-17,2026-07-14,65,0.0,0.0,0.0,0.0,Light load,No bowling in the last 28 days (Cricsheet matches only).
Ahmadullah Shinwari,T20,male,2026-09-17,2026-07-14,65,0.0,0.0,0.0,0.0,Light load,No bowling in the last 28 days (Cricsheet matches only).
Farmanullah Ghari,T20,male,2026-09-17,2026-07-14,65,0.0,0.0,0.0,0.0,Light load,No bowling in the last 28 days (Cricsheet matches only).
Hayatullah Niazi,T20,male,2026-09-17,2026-07-14,65,0.0,0.0,0.0,0.0,Light load,No bowling in the last 28 days (Cricsheet matches only).
IDM Latin,T20,male,2026-09-17,2026-07-14,65,0.0,0.0,0.0,0.0,Light load,No bowling in the last 28 days (Cricsheet matches only).
J Horrocks,T20,male,2026-09-17,2026-07-14,65,0.0,0.0,0.0,0.0,Light load,No bowling in the last 28 days (Cricsheet matches only).
K Mirpuri,T20,male,2026-09-17,2026-07-14,65,0.0,0.0,0.0,0.0,Light load,No bowling in the last 28 days (Cricsheet matches only).
K Nestor,T20,male,2026-09-17,2026-07-14,65,0.0,0.0,0.0,0.0,Light load,No bowling in the last 28 days (Cricsheet matches only).
KJ Ferrary,T20,male,2026-09-17,2026-07-14,65,0.0,0.0,0.0,0.0,Light load,No bowling in the last 28 days (Cricsheet matches only).
L Bruce,T20,male,2026-09-17,2026-07-14,65,0.0,0.0,0.0,0.0,Light load,No bowling in the last 28 days (Cricsheet matches only).
M Shahbaz Butt,T20,male,2026-09-17,2026-07-14,65,0.0,0.0,0.0,0.0,Light load,No bowling in the last 28 days (Cricsheet matches only).
Matthew Walker,T20,male,2026-09-17,2026-07-14,65,0.0,0.0,0.0,0.0,Light load,No bowling in the last 28 days (Cricsheet matches only).
Vinay Ravi,T20,male,2026-09-17,2026-07-14,65,0.0,0.0,0.0,0.0,Light load,No bowling in the last 28 days (Cricsheet matches only).
Wahidullah Sahak,T20,male,2026-09-17,2026-07-14,65,0.0,0.0,0.0,0.0,Light load,No bowling in the last 28 days (Cricsheet matches only).
Ahmad Khalid Ahmadzai,T20,male,2026-09-17,2026-07-14,65,0.0,0.0,0.0,0.0,Light load,No bowling in the last 28 days (Cricsheet matches only).
Amal Jacob,T20,male,2026-09-17,2026-07-14,65,0.0,0.0,0.0,0.0,Light load,No bowling in the last 28 days (Cricsheet matches only).
Aziz Mohammad,T20,male,2026-09-17,2026-07-14,65,0.0,0.0,0.0,0.0,Light load,No bowling in the last 28 days (Cricsheet matches only).
Kamran Wahid,T20,male,2026-09-17,2026-07-14,65,0.0,0.0,0.0,0.0,Light load,No bowling in the last 28 days (Cricsheet matches only).
Muhammad Saqlain,T20,male,2026-09-17,2026-07-14,65,0.0,0.0,0.0,0.0,Light load,No bowling in the last 28 days (Cricsheet matches only).
Muhammad Soban,T20,male,2026-09-17,2026-07-14,65,0.0,0.0,0.0,0.0,Light load,No bowling in the last 28 days (Cricsheet matches only).
R Thapliyal,T20,male,2026-09-17,2026-07-14,65,0.0,0.0,0.0,0.0,Light load,No bowling in the last 28 days (Cricsheet matches only).
SA Mohandas,T20,male,2026-09-17,2026-07-14,65,0.0,0.0,0.0,0.0,Light load,No bowling in the last 28 days (Cricsheet matches only).
Sajad Ahmadzai,T20,male,2026-09-17,2026-07-14,65,0.0,0.0,0.0,0.0,Light load,No bowling in the last 28 days (Cricsheet matches only).
Shagharai Sefat,T20,male,2026-09-17,2026-07-14,65,0.0,0.0,0.0,0.0,Light load,No bowling in the last 28 days (Cricsheet matches only).
Sheraz Sheikh,T20,male,2026-09-17,2026-07-14,65,0.0,0.0,0.0,0.0,Light load,No bowling in the last 28 days (Cricsheet matches only).
Abdullah Mahmood,T20,male,2026-09-17,2026-07-14,65,0.0,0.0,0.0,0.0,Light load,No bowling in the last 28 days (Cricsheet matches only).
HAM Shah,T20,male,2026-09-17,2026-07-14,65,0.0,0.0,0.0,0.0,Light load,No bowling in the last 28 days (Cricsheet matches only).
J Fernando,T20,male,2026-09-17,2026-07-14,65,0.0,0.0,0.0,0.0,Light load,No bowling in the last 28 days (Cricsheet matches only).
Lucky Ali,T20,male,2026-09-17,2026-07-14,65,0.0,0.0,0.0,0.0,Light load,No bowling in the last 28 days (Cricsheet matches only).
N Sonne-Rudd,T20,male,2026-09-17,2026-07-14,65,0.0,0.0,0.0,0.0,Light load,No bowling in the last 28 days (Cricsheet matches only).
SA Ahmad,T20,male,2026-09-17,2026-07-14,65,0.0,0.0,0.0,0.0,Light load,No bowling in the last 28 days (Cricsheet matches only).
Saud Munir,T20,male,2026-09-17,2026-07-14,65,0.0,0.0,0.0,0.0,Light load,No bowling in the last 28 days (Cricsheet matches only).
Surya Anand,T20,male,2026-09-17,2026-07-14,65,0.0,0.0,0.0,0.0,Light load,No bowling in the last 28 days (Cricsheet matches only).
A Munisar (W),ODI,female,2026-09-17,2026-07-15,64,0.0,0.0,0.0,0.0,Light load,No bowling in the last 28 days (Cricsheet matches only).
AA Alleyne (W),ODI,female,2026-09-17,2026-07-15,64,0.0,0.0,0.0,0.0,Light load,No bowling in the last 28 days (Cricsheet matches only).
AK Maguire (W),T20,female,2026-09-17,2026-07-15,64,0.0,0.0,0.0,0.0,Light load,No bowling in the last 28 days (Cricsheet matches only).
ASS Fletcher (W),ODI,female,2026-09-17,2026-07-15,64,0.0,0.0,0.0,0.0,Light load,No bowling in the last 28 days (Cricsheet matches only).
DJS Dottin (W),ODI,female,2026-09-17,2026-07-15,64,0.0,0.0,0.0,0.0,Light load,No bowling in the last 28 days (Cricsheet matches only).
HK Matthews (W),ODI,female,2026-09-17,2026-07-15,64,0.0,0.0,0.0,0.0,Light load,No bowling in the last 28 days (Cricsheet matches only).
J Glasgow (W),ODI,female,2026-09-17,2026-07-15,64,0.0,0.0,0.0,0.0,Light load,No bowling in the last 28 days (Cricsheet matches only).
K Ramharack (W),ODI,female,2026-09-17,2026-07-15,64,0.0,0.0,0.0,0.0,Light load,No bowling in the last 28 days (Cricsheet matches only).
D Myers,T20,male,2026-09-17,2026-07-15,64,0.0,0.0,0.0,0.0,Light load,No bowling in the last 28 days (Cricsheet matches only).
Nasum Ahmed,T20,male,2026-09-17,2026-07-15,64,0.0,0.0,0.0,0.0,Light load,No bowling in the last 28 days (Cricsheet matches only).
JJ Bumrah,T20,male,2026-09-17,2026-07-16,63,0.0,0.0,0.0,0.0,Light load,No bowling in the last 28 days (Cricsheet matches only).
S Mahmood,ODI,male,2026-09-17,2026-07-16,63,0.0,0.0,0.0,0.0,Light load,No bowling in the last 28 days (Cricsheet matches only).
AWJ Auguste,ODI,male,2026-09-17,2026-07-16,63,0.0,0.0,0.0,0.0,Light load,No bowling in the last 28 days (Cricsheet matches only).
KU Carty,ODI,male,2026-09-17,2026-07-16,63,0.0,0.0,0.0,0.0,Light load,No bowling in the last 28 days (Cricsheet matches only).
M Shumba,T20,male,2026-09-17,2026-07-17,62,0.0,0.0,0.0,0.0,Light load,No bowling in the last 28 days (Cricsheet matches only).
Nahid Rana,ODI,male,2026-09-17,2026-07-17,62,0.0,0.0,0.0,0.0,Light load,No bowling in the last 28 days (Cricsheet matches only).
Saif Hassan,T20,male,2026-09-17,2026-07-17,62,0.0,0.0,0.0,0.0,Light load,No bowling in the last 28 days (Cricsheet matches only).
AR Patel,T20,male,2026-09-17,2026-07-19,60,0.0,0.0,0.0,0.0,Light load,No bowling in the last 28 days (Cricsheet matches only).
Arshdeep Singh,T20,male,2026-09-17,2026-07-19,60,0.0,0.0,0.0,0.0,Light load,No bowling in the last 28 days (Cricsheet matches only).
Gurnoor Brar,ODI,male,2026-09-17,2026-07-19,60,0.0,0.0,0.0,0.0,Light load,No bowling in the last 28 days (Cricsheet matches only).
JG Bethell,Test,male,2026-09-17,2026-07-19,60,0.0,0.0,0.0,0.0,Light load,No bowling in the last 28 days (Cricsheet matches only).
SM Curran,ODI,male,2026-09-17,2026-07-19,60,0.0,0.0,0.0,0.0,Light load,No bowling in the last 28 days (Cricsheet matches only).
Abdul Gaffar Saqlain,T20,male,2026-09-17,2026-07-19,60,0.0,0.0,0.0,0.0,Light load,No bowling in the last 28 days (Cricsheet matches only).
Mahedi Hasan,T20,male,2026-09-17,2026-07-19,60,0.0,0.0,0.0,0.0,Light load,No bowling in the last 28 days (Cricsheet matches only).
Mohammad Saifuddin,T20,male,2026-09-17,2026-07-19,60,0.0,0.0,0.0,0.0,Light load,No bowling in the last 28 days (Cricsheet matches only).
Rishad Hossain,T20,male,2026-09-17,2026-07-19,60,0.0,0.0,0.0,0.0,Light load,No bowling in the last 28 days (Cricsheet matches only).
TT Maposa,T20,male,2026-09-17,2026-07-19,60,0.0,0.0,0.0,0.0,Light load,No bowling in the last 28 days (Cricsheet matches only).
MJ Fisher,ODI,male,2026-09-17,2026-07-19,60,0.0,0.0,0.0,0.0,Light load,No bowling in the last 28 days (Cricsheet matches only).
JA Duffy,Test,male,2026-09-17,2026-07-21,58,0.0,0.0,0.0,0.0,Light load,No bowling in the last 28 days (Cricsheet matches only).
JR Lennox,ODI,male,2026-09-17,2026-07-21,58,0.0,0.0,0.0,0.0,Light load,No bowling in the last 28 days (Cricsheet matches only).
KDC Clarke,ODI,male,2026-09-17,2026-07-21,58,0.0,0.0,0.0,0.0,Light load,No bowling in the last 28 days (Cricsheet matches only).
MG Bracewell,ODI,male,2026-09-17,2026-07-21,58,0.0,0.0,0.0,0.0,Light load,No bowling in the last 28 days (Cricsheet matches only).
MJ Santner,ODI,male,2026-09-17,2026-07-21,58,0.0,0.0,0.0,0.0,Light load,No bowling in the last 28 days (Cricsheet matches only).
NG Smith,Test,male,2026-09-17,2026-07-21,58,0.0,0.0,0.0,0.0,Light load,No bowling in the last 28 days (Cricsheet matches only).
NK Yadav,ODI,male,2026-09-17,2026-07-21,58,0.0,0.0,0.0,0.0,Light load,No bowling in the last 28 days (Cricsheet matches only).
S Akiteng (W),T20,female,2026-09-17,2026-07-22,57,0.0,0.0,0.0,0.0,Light load,No bowling in the last 28 days (Cricsheet matches only).
A Mohamed (W),T20,female,2026-09-17,2026-07-22,57,0.0,0.0,0.0,0.0,Light load,No bowling in the last 28 days (Cricsheet matches only).
N Benjamin (W),T20,female,2026-09-17,2026-07-24,55,0.0,0.0,0.0,0.0,Light load,No bowling in the last 28 days (Cricsheet matches only).
Prince Yadav,T20,male,2026-09-17,2026-07-25,54,0.0,0.0,0.0,0.0,Light load,No bowling in the last 28 days (Cricsheet matches only).
R Ngarava,T20,male,2026-09-17,2026-07-25,54,0.0,0.0,0.0,0.0,Light load,No bowling in the last 28 days (Cricsheet matches only).
S Dube,T20,male,2026-09-17,2026-07-25,54,0.0,0.0,0.0,0.0,Light load,No bowling in the last 28 days (Cricsheet matches only).
Tilak Varma,T20,male,2026-09-17,2026-07-25,54,0.0,0.0,0.0,0.0,Light load,No bowling in the last 28 days (Cricsheet matches only).
Aamer Jamal,Test,male,2026-09-17,2026-07-25,54,0.0,0.0,0.0,0.0,Light load,No bowling in the last 28 days (Cricsheet matches only).
BFW de Leede,T20,male,2026-09-17,2026-07-25,54,0.0,0.0,0.0,0.0,Light load,No bowling in the last 28 days (Cricsheet matches only).
I Mutoni (W),T20,female,2026-09-17,2026-07-25,54,0.0,0.0,0.0,0.0,Light load,No bowling in the last 28 days (Cricsheet matches only).
Irfan Safi,T20,male,2026-09-17,2026-07-25,54,0.0,0.0,0.0,0.0,Light load,No bowling in the last 28 days (Cricsheet matches only).
G Madanayake (W),T20,female,2026-09-17,2026-07-25,54,0.0,0.0,0.0,0.0,Light load,No bowling in the last 28 days (Cricsheet matches only).
M Kaitaranta (W),T20,female,2026-09-17,2026-07-25,54,0.0,0.0,0.0,0.0,Light load,No bowling in the last 28 days (Cricsheet matches only).
Ragne Hallik (W),T20,female,2026-09-17,2026-07-25,54,0.0,0.0,0.0,0.0,Light load,No bowling in the last 28 days (Cricsheet matches only).
S Pattenden (W),T20,female,2026-09-17,2026-07-25,54,0.0,0.0,0.0,0.0,Light load,No bowling in the last 28 days (Cricsheet matches only).
A Vessik (W),T20,female,2026-09-17,2026-07-25,54,0.0,0.0,0.0,0.0,Light load,No bowling in the last 28 days (Cricsheet matches only).
Aryaa Kulkarni (W),T20,female,2026-09-17,2026-07-25,54,0.0,0.0,0.0,0.0,Light load,No bowling in the last 28 days (Cricsheet matches only).
Elina Rama (W),T20,female,2026-09-17,2026-07-25,54,0.0,0.0,0.0,0.0,Light load,No bowling in the last 28 days (Cricsheet matches only).
L Martin (W),T20,female,2026-09-17,2026-07-25,54,0.0,0.0,0.0,0.0,Light load,No bowling in the last 28 days (Cricsheet matches only).
M Kojo (W),T20,female,2026-09-17,2026-07-25,54,0.0,0.0,0.0,0.0,Light load,No bowling in the last 28 days (Cricsheet matches only).
M Valner (W),T20,female,2026-09-17,2026-07-25,54,0.0,0.0,0.0,0.0,Light load,No bowling in the last 28 days (Cricsheet matches only).
Malyun Hassan (W),T20,female,2026-09-17,2026-07-25,54,0.0,0.0,0.0,0.0,Light load,No bowling in the last 28 days (Cricsheet matches only).
R Khullar (W),T20,female,2026-09-17,2026-07-25,54,0.0,0.0,0.0,0.0,Light load,No bowling in the last 28 days (Cricsheet matches only).
S Sheridan (W),T20,female,2026-09-17,2026-07-25,54,0.0,0.0,0.0,0.0,Light load,No bowling in the last 28 days (Cricsheet matches only).
T Mulepati (W),T20,female,2026-09-17,2026-07-25,54,0.0,0.0,0.0,0.0,Light load,No bowling in the last 28 days (Cricsheet matches only).
Abhishek Sharma,T20,male,2026-09-17,2026-07-26,53,0.0,0.0,0.0,0.0,Light load,No bowling in the last 28 days (Cricsheet matches only).
Ashok Sharma,T20,male,2026-09-17,2026-07-26,53,0.0,0.0,0.0,0.0,Light load,No bowling in the last 28 days (Cricsheet matches only).
MP Yadav,T20,male,2026-09-17,2026-07-26,53,0.0,0.0,0.0,0.0,Light load,No bowling in the last 28 days (Cricsheet matches only).
Ravi Bishnoi,T20,male,2026-09-17,2026-07-26,53,0.0,0.0,0.0,0.0,Light load,No bowling in the last 28 days (Cricsheet matches only).
Suryansh Shedge,T20,male,2026-09-17,2026-07-26,53,0.0,0.0,0.0,0.0,Light load,No bowling in the last 28 days (Cricsheet matches only).
Yash Thakur,T20,male,2026-09-17,2026-07-26,53,0.0,0.0,0.0,0.0,Light load,No bowling in the last 28 days (Cricsheet matches only).
J Khadka,T20,male,2026-09-17,2026-07-26,53,0.0,0.0,0.0,0.0,Light load,No bowling in the last 28 days (Cricsheet matches only).
Taranjeet Singh,T20,male,2026-09-17,2026-07-26,53,0.0,0.0,0.0,0.0,Light load,No bowling in the last 28 days (Cricsheet matches only).
Sompal Kami,ODI,male,2026-09-17,2026-07-27,52,0.0,0.0,0.0,0.0,Light load,No bowling in the last 28 days (Cricsheet matches only).
J Mbabazi (W),T20,female,2026-09-17,2026-07-27,52,0.0,0.0,0.0,0.0,Light load,No bowling in the last 28 days (Cricsheet matches only).
Furkan Tuskan,T20,male,2026-09-17,2026-07-27,52,0.0,0.0,0.0,0.0,Light load,No bowling in the last 28 days (Cricsheet matches only).
Avishka Iroshan,T20,male,2026-09-17,2026-07-27,52,0.0,0.0,0.0,0.0,Light load,No bowling in the last 28 days (Cricsheet matches only).
Ijaz Hussain,T20,male,2026-09-17,2026-07-27,52,0.0,0.0,0.0,0.0,Light load,No bowling in the last 28 days (Cricsheet matches only).
P Hingorani,T20,male,2026-09-17,2026-07-27,52,0.0,0.0,0.0,0.0,Light load,No bowling in the last 28 days (Cricsheet matches only).
Taimoor Nasir,T20,male,2026-09-17,2026-07-27,52,0.0,0.0,0.0,0.0,Light load,No bowling in the last 28 days (Cricsheet matches only).
Umair Safi,T20,male,2026-09-17,2026-07-27,52,0.0,0.0,0.0,0.0,Light load,No bowling in the last 28 days (Cricsheet matches only).
D Vihanga (W),ODI,female,2026-09-17,2026-07-28,51,0.0,0.0,0.0,0.0,Light load,No bowling in the last 28 days (Cricsheet matches only).
I Ranaweera (W),ODI,female,2026-09-17,2026-07-28,51,0.0,0.0,0.0,0.0,Light load,No bowling in the last 28 days (Cricsheet matches only).
Syeda Aroob Shah (W),ODI,female,2026-09-17,2026-07-28,51,0.0,0.0,0.0,0.0,Light load,No bowling in the last 28 days (Cricsheet matches only).
K Mahekdeep (W),T20,female,2026-09-17,2026-07-28,51,0.0,0.0,0.0,0.0,Light load,No bowling in the last 28 days (Cricsheet matches only).
KA Green (W),T20,female,2026-09-17,2026-07-28,51,0.0,0.0,0.0,0.0,Light load,No bowling in the last 28 days (Cricsheet matches only).
S Tuhadeleni (W),T20,female,2026-09-17,2026-07-28,51,0.0,0.0,0.0,0.0,Light load,No bowling in the last 28 days (Cricsheet matches only).
NN Saidi (W),T20,female,2026-09-17,2026-07-28,51,0.0,0.0,0.0,0.0,Light load,No bowling in the last 28 days (Cricsheet matches only).
Faridullah Shams,T20,male,2026-09-17,2026-07-28,51,0.0,0.0,0.0,0.0,Light load,No bowling in the last 28 days (Cricsheet matches only).
Karanbir Singh,T20,male,2026-09-17,2026-07-28,51,0.0,0.0,0.0,0.0,Light load,No bowling in the last 28 days (Cricsheet matches only).
Umair Tariq,T20,male,2026-09-17,2026-07-28,51,0.0,0.0,0.0,0.0,Light load,No bowling in the last 28 days (Cricsheet matches only).
Murat Yilmaz,T20,male,2026-09-17,2026-07-28,51,0.0,0.0,0.0,0.0,Light load,No bowling in the last 28 days (Cricsheet matches only).
Bilal Zalmai,T20,male,2026-09-17,2026-07-28,51,0.0,0.0,0.0,0.0,Light load,No bowling in the last 28 days (Cricsheet matches only).
Aarif Sheikh,ODI,male,2026-09-17,2026-07-29,50,0.0,0.0,0.0,0.0,Light load,No bowling in the last 28 days (Cricsheet matches only).
H Dhami,ODI,male,2026-09-17,2026-07-29,50,0.0,0.0,0.0,0.0,Light load,No bowling in the last 28 days (Cricsheet matches only).
K Bhurtel,T20,male,2026-09-17,2026-07-29,50,0.0,0.0,0.0,0.0,Light load,No bowling in the last 28 days (Cricsheet matches only).
LV van Beek,ODI,male,2026-09-17,2026-07-29,50,0.0,0.0,0.0,0.0,Light load,No bowling in the last 28 days (Cricsheet matches only).
JC Cullen (W),T20,female,2026-09-17,2026-07-29,50,0.0,0.0,0.0,0.0,Light load,No bowling in the last 28 days (Cricsheet matches only).
GJ Hilkowitz,T20,male,2026-09-17,2026-07-29,50,0.0,0.0,0.0,0.0,Light load,No bowling in the last 28 days (Cricsheet matches only).
IY Levy,T20,male,2026-09-17,2026-07-29,50,0.0,0.0,0.0,0.0,Light load,No bowling in the last 28 days (Cricsheet matches only).
Idan Varsulkar,T20,male,2026-09-17,2026-07-29,50,0.0,0.0,0.0,0.0,Light load,No bowling in the last 28 days (Cricsheet matches only).
G Tuskan,T20,male,2026-09-17,2026-07-29,50,0.0,0.0,0.0,0.0,Light load,No bowling in the last 28 days (Cricsheet matches only).
Ibrahim Kursad Dalyan,T20,male,2026-09-17,2026-07-29,50,0.0,0.0,0.0,0.0,Light load,No bowling in the last 28 days (Cricsheet matches only).
KK Tetik,T20,male,2026-09-17,2026-07-29,50,0.0,0.0,0.0,0.0,Light load,No bowling in the last 28 days (Cricsheet matches only).
Muhammad Fahad,T20,male,2026-09-17,2026-07-29,50,0.0,0.0,0.0,0.0,Light load,No bowling in the last 28 days (Cricsheet matches only).
Muhammet Bicer,T20,male,2026-09-17,2026-07-29,50,0.0,0.0,0.0,0.0,Light load,No bowling in the last 28 days (Cricsheet matches only).
Mustafa Atmaca,T20,male,2026-09-17,2026-07-29,50,0.0,0.0,0.0,0.0,Light load,No bowling in the last 28 days (Cricsheet matches only).
Serdar Burak Emir,T20,male,2026-09-17,2026-07-29,50,0.0,0.0,0.0,0.0,Light load,No bowling in the last 28 days (Cricsheet matches only).
A Perera (W),T20,female,2026-09-17,2026-07-30,49,0.0,0.0,0.0,0.0,Light load,No bowling in the last 28 days (Cricsheet matches only).
Francesca Galan (W),T20,female,2026-09-17,2026-07-30,49,0.0,0.0,0.0,0.0,Light load,No bowling in the last 28 days (Cricsheet matches only).
MV Lehmann (W),T20,female,2026-09-17,2026-07-30,49,0.0,0.0,0.0,0.0,Light load,No bowling in the last 28 days (Cricsheet matches only).
Sanjana Rao (W),T20,female,2026-09-17,2026-07-30,49,0.0,0.0,0.0,0.0,Light load,No bowling in the last 28 days (Cricsheet matches only).
AS Qwele (W),T20,female,2026-09-17,2026-07-30,49,0.0,0.0,0.0,0.0,Light load,No bowling in the last 28 days (Cricsheet matches only).
MJ Massawe (W),T20,female,2026-09-17,2026-07-30,49,0.0,0.0,0.0,0.0,Light load,No bowling in the last 28 days (Cricsheet matches only).
PZ Kamunya (W),T20,female,2026-09-17,2026-07-30,49,0.0,0.0,0.0,0.0,Light load,No bowling in the last 28 days (Cricsheet matches only).
S Borakambi (W),T20,female,2026-09-17,2026-07-30,49,0.0,0.0,0.0,0.0,Light load,No bowling in the last 28 days (Cricsheet matches only).
S Kizito (W),T20,female,2026-09-17,2026-07-30,49,0.0,0.0,0.0,0.0,Light load,No bowling in the last 28 days (Cricsheet matches only).
SF Jerome (W),T20,female,2026-09-17,2026-07-30,49,0.0,0.0,0.0,0.0,Light load,No bowling in the last 28 days (Cricsheet matches only).
A Akurut (W),T20,female,2026-09-17,2026-07-30,49,0.0,0.0,0.0,0.0,Light load,No bowling in the last 28 days (Cricsheet matches only).
C Aweko (W),T20,female,2026-09-17,2026-07-30,49,0.0,0.0,0.0,0.0,Light load,No bowling in the last 28 days (Cricsheet matches only).
EU Kejarukua (W),T20,female,2026-09-17,2026-07-30,49,0.0,0.0,0.0,0.0,Light load,No bowling in the last 28 days (Cricsheet matches only).
I Nakisuuyi (W),T20,female,2026-09-17,2026-07-30,49,0.0,0.0,0.0,0.0,Light load,No bowling in the last 28 days (Cricsheet matches only).
JA Diergaardt (W),T20,female,2026-09-17,2026-07-30,49,0.0,0.0,0.0,0.0,Light load,No bowling in the last 28 days (Cricsheet matches only).
M Ariokot (W),T20,female,2026-09-17,2026-07-30,49,0.0,0.0,0.0,0.0,Light load,No bowling in the last 28 days (Cricsheet matches only).
M Mwatile (W),T20,female,2026-09-17,2026-07-30,49,0.0,0.0,0.0,0.0,Light load,No bowling in the last 28 days (Cricsheet matches only).
PE Kulume (W),T20,female,2026-09-17,2026-07-30,49,0.0,0.0,0.0,0.0,Light load,No bowling in the last 28 days (Cricsheet matches only).
S Walaza (W),T20,female,2026-09-17,2026-07-30,49,0.0,0.0,0.0,0.0,Light load,No bowling in the last 28 days (Cricsheet matches only).
SN Shihepo (W),T20,female,2026-09-17,2026-07-30,49,0.0,0.0,0.0,0.0,Light load,No bowling in the last 28 days (Cricsheet matches only).
V Hamunyela (W),T20,female,2026-09-17,2026-07-30,49,0.0,0.0,0.0,0.0,Light load,No bowling in the last 28 days (Cricsheet matches only).
W Mwatile (W),T20,female,2026-09-17,2026-07-30,49,0.0,0.0,0.0,0.0,Light load,No bowling in the last 28 days (Cricsheet matches only).
AA Wagh,T20,male,2026-09-17,2026-07-30,49,0.0,0.0,0.0,0.0,Light load,No bowling in the last 28 days (Cricsheet matches only).
Aqib Iqbal,T20,male,2026-09-17,2026-07-30,49,0.0,0.0,0.0,0.0,Light load,No bowling in the last 28 days (Cricsheet matches only).
Baseer Khan,T20,male,2026-09-17,2026-07-30,49,0.0,0.0,0.0,0.0,Light load,No bowling in the last 28 days (Cricsheet matches only).
Maiwand Momand,T20,male,2026-09-17,2026-07-30,49,0.0,0.0,0.0,0.0,Light load,No bowling in the last 28 days (Cricsheet matches only).
Waqar Zalmai,T20,male,2026-09-17,2026-07-30,49,0.0,0.0,0.0,0.0,Light load,No bowling in the last 28 days (Cricsheet matches only).
Dawood Ahmadzai,T20,male,2026-09-17,2026-07-30,49,0.0,0.0,0.0,0.0,Light load,No bowling in the last 28 days (Cricsheet matches only).
G Sanjeewa,T20,male,2026-09-17,2026-07-30,49,0.0,0.0,0.0,0.0,Light load,No bowling in the last 28 days (Cricsheet matches only).
Irfan Ringku,T20,male,2026-09-17,2026-07-30,49,0.0,0.0,0.0,0.0,Light load,No bowling in the last 28 days (Cricsheet matches only).
Jamshid Nasiri,T20,male,2026-09-17,2026-07-30,49,0.0,0.0,0.0,0.0,Light load,No bowling in the last 28 days (Cricsheet matches only).
Kamran Ahmadzai,T20,male,2026-09-17,2026-07-30,49,0.0,0.0,0.0,0.0,Light load,No bowling in the last 28 days (Cricsheet matches only).
M Koli,T20,male,2026-09-17,2026-07-30,49,0.0,0.0,0.0,0.0,Light load,No bowling in the last 28 days (Cricsheet matches only).
Nazmus Sakib,T20,male,2026-09-17,2026-07-30,49,0.0,0.0,0.0,0.0,Light load,No bowling in the last 28 days (Cricsheet matches only).
Noman Amjad,T20,male,2026-09-17,2026-07-30,49,0.0,0.0,0.0,0.0,Light load,No bowling in the last 28 days (Cricsheet matches only).
Rahimgul Naseri,T20,male,2026-09-17,2026-07-30,49,0.0,0.0,0.0,0.0,Light load,No bowling in the last 28 days (Cricsheet matches only).
Rahmatullah Mangal,T20,male,2026-09-17,2026-07-30,49,0.0,0.0,0.0,0.0,Light load,No bowling in the last 28 days (Cricsheet matches only).
Rameez Khan,T20,male,2026-09-17,2026-07-30,49,0.0,0.0,0.0,0.0,Light load,No bowling in the last 28 days (Cricsheet matches only).
T Sandaruwan,T20,male,2026-09-17,2026-07-30,49,0.0,0.0,0.0,0.0,Light load,No bowling in the last 28 days (Cricsheet matches only).
Usman Khan,T20,male,2026-09-17,2026-07-30,49,0.0,0.0,0.0,0.0,Light load,No bowling in the last 28 days (Cricsheet matches only).
V Saini,T20,male,2026-09-17,2026-07-30,49,0.0,0.0,0.0,0.0,Light load,No bowling in the last 28 days (Cricsheet matches only).
Humna Bilal (W),T20,female,2026-09-17,2026-07-31,48,0.0,0.0,0.0,0.0,Light load,No bowling in the last 28 days (Cricsheet matches only).
A Dutt,ODI,male,2026-09-17,2026-07-31,48,0.0,0.0,0.0,0.0,Light load,No bowling in the last 28 days (Cricsheet matches only).
A Roy,ODI,male,2026-09-17,2026-07-31,48,0.0,0.0,0.0,0.0,Light load,No bowling in the last 28 days (Cricsheet matches only).
K Klein,ODI,male,2026-09-17,2026-07-31,48,0.0,0.0,0.0,0.0,Light load,No bowling in the last 28 days (Cricsheet matches only).
RE van der Merwe,ODI,male,2026-09-17,2026-07-31,48,0.0,0.0,0.0,0.0,Light load,No bowling in the last 28 days (Cricsheet matches only).
TJG Pringle,ODI,male,2026-09-17,2026-07-31,48,0.0,0.0,0.0,0.0,Light load,No bowling in the last 28 days (Cricsheet matches only).
ZB Lion-Cachet,ODI,male,2026-09-17,2026-07-31,48,0.0,0.0,0.0,0.0,Light load,No bowling in the last 28 days (Cricsheet matches only).
C Sosa (W),T20,female,2026-09-17,2026-08-01,47,0.0,0.0,0.0,0.0,Light load,No bowling in the last 28 days (Cricsheet matches only).
Abdul Majid Abbasi,T20,male,2026-09-17,2026-08-01,47,0.0,0.0,0.0,0.0,Light load,No bowling in the last 28 days (Cricsheet matches only).
Ali Dawood,T20,male,2026-09-17,2026-08-01,47,0.0,0.0,0.0,0.0,Light load,No bowling in the last 28 days (Cricsheet matches only).
Asif Ali,T20,male,2026-09-17,2026-08-01,47,0.0,0.0,0.0,0.0,Light load,No bowling in the last 28 days (Cricsheet matches only).
Asif Shaikh,T20,male,2026-09-17,2026-08-01,47,0.0,0.0,0.0,0.0,Light load,No bowling in the last 28 days (Cricsheet matches only).
Imran Anwar,T20,male,2026-09-17,2026-08-01,47,0.0,0.0,0.0,0.0,Light load,No bowling in the last 28 days (Cricsheet matches only).
Rizwan Butt,T20,male,2026-09-17,2026-08-01,47,0.0,0.0,0.0,0.0,Light load,No bowling in the last 28 days (Cricsheet matches only).
Agha Salman,Test,male,2026-09-17,2026-08-02,46,0.0,0.0,0.0,0.0,Light load,No bowling in the last 28 days (Cricsheet matches only).
JA Warrican,Test,male,2026-09-17,2026-08-02,46,0.0,0.0,0.0,0.0,Light load,No bowling in the last 28 days (Cricsheet matches only).
KAJ Roach,Test,male,2026-09-17,2026-08-02,46,0.0,0.0,0.0,0.0,Light load,No bowling in the last 28 days (Cricsheet matches only).
KAR Hodge,Test,male,2026-09-17,2026-08-02,46,0.0,0.0,0.0,0.0,Light load,No bowling in the last 28 days (Cricsheet matches only).
Sajid Khan,Test,male,2026-09-17,2026-08-02,46,0.0,0.0,0.0,0.0,Light load,No bowling in the last 28 days (Cricsheet matches only).
Ubaid Shah,T20,male,2026-09-17,2026-08-02,46,0.0,0.0,0.0,0.0,Light load,No bowling in the last 28 days (Cricsheet matches only).
R Sewwandi (W),ODI,female,2026-09-17,2026-08-02,46,0.0,0.0,0.0,0.0,Light load,No bowling in the last 28 days (Cricsheet matches only).
Saira Jabeen (W),T20,female,2026-09-17,2026-08-02,46,0.0,0.0,0.0,0.0,Light load,No bowling in the last 28 days (Cricsheet matches only).
Shawaal Zulfiqar (W),T20,female,2026-09-17,2026-08-02,46,0.0,0.0,0.0,0.0,Light load,No bowling in the last 28 days (Cricsheet matches only).
C Valencia (W),T20,female,2026-09-17,2026-08-02,46,0.0,0.0,0.0,0.0,Light load,No bowling in the last 28 days (Cricsheet matches only).
M Hundal (W),T20,female,2026-09-17,2026-08-02,46,0.0,0.0,0.0,0.0,Light load,No bowling in the last 28 days (Cricsheet matches only).
Rabbjyot Rajput (W),T20,female,2026-09-17,2026-08-02,46,0.0,0.0,0.0,0.0,Light load,No bowling in the last 28 days (Cricsheet matches only).
A Emch (W),T20,female,2026-09-17,2026-08-02,46,0.0,0.0,0.0,0.0,Light load,No bowling in the last 28 days (Cricsheet matches only).
A Galan (W),T20,female,2026-09-17,2026-08-02,46,0.0,0.0,0.0,0.0,Light load,No bowling in the last 28 days (Cricsheet matches only).
AC Dei Castelli (W),T20,female,2026-09-17,2026-08-02,46,0.0,0.0,0.0,0.0,Light load,No bowling in the last 28 days (Cricsheet matches only).
H Santhoshkumar (W),T20,female,2026-09-17,2026-08-02,46,0.0,0.0,0.0,0.0,Light load,No bowling in the last 28 days (Cricsheet matches only).
Harper Chalmers (W),T20,female,2026-09-17,2026-08-02,46,0.0,0.0,0.0,0.0,Light load,No bowling in the last 28 days (Cricsheet matches only).
J Andujar (W),T20,female,2026-09-17,2026-08-02,46,0.0,0.0,0.0,0.0,Light load,No bowling in the last 28 days (Cricsheet matches only).
K Kapadia (W),T20,female,2026-09-17,2026-08-02,46,0.0,0.0,0.0,0.0,Light load,No bowling in the last 28 days (Cricsheet matches only).
M Lollo (W),T20,female,2026-09-17,2026-08-02,46,0.0,0.0,0.0,0.0,Light load,No bowling in the last 28 days (Cricsheet matches only).
M Mastrangelo (W),T20,female,2026-09-17,2026-08-02,46,0.0,0.0,0.0,0.0,Light load,No bowling in the last 28 days (Cricsheet matches only).
Shreya Voya (W),T20,female,2026-09-17,2026-08-02,46,0.0,0.0,0.0,0.0,Light load,No bowling in the last 28 days (Cricsheet matches only).
Snigdha Malhotra (W),T20,female,2026-09-17,2026-08-02,46,0.0,0.0,0.0,0.0,Light load,No bowling in the last 28 days (Cricsheet matches only).
Vritti Dahiya (W),T20,female,2026-09-17,2026-08-02,46,0.0,0.0,0.0,0.0,Light load,No bowling in the last 28 days (Cricsheet matches only).
M Madara (W),ODI,female,2026-09-17,2026-08-04,44,0.0,0.0,0.0,0.0,Light load,No bowling in the last 28 days (Cricsheet matches only).
Momina Riasat (W),ODI,female,2026-09-17,2026-08-04,44,0.0,0.0,0.0,0.0,Light load,No bowling in the last 28 days (Cricsheet matches only).
NM Meepage (W),ODI,female,2026-09-17,2026-08-04,44,0.0,0.0,0.0,0.0,Light load,No bowling in the last 28 days (Cricsheet matches only).
Waheeda Akhtar (W),T20,female,2026-09-17,2026-08-04,44,0.0,0.0,0.0,0.0,Light load,No bowling in the last 28 days (Cricsheet matches only).
AK Ahir,T20,male,2026-09-17,2026-08-06,42,0.0,0.0,0.0,0.0,Light load,No bowling in the last 28 days (Cricsheet matches only).
J Royal,T20,male,2026-09-17,2026-08-07,41,0.0,0.0,0.0,0.0,Light load,No bowling in the last 28 days (Cricsheet matches only).
Kalpesh Ahir,T20,male,2026-09-17,2026-08-07,41,0.0,0.0,0.0,0.0,Light load,No bowling in the last 28 days (Cricsheet matches only).
RV Nascimento,T20,male,2026-09-17,2026-08-07,41,0.0,0.0,0.0,0.0,Light load,No bowling in the last 28 days (Cricsheet matches only).
Meet Patel,ODI,male,2026-09-17,2026-08-07,41,0.0,0.0,0.0,0.0,Light load,No bowling in the last 28 days (Cricsheet matches only).
Zainullah Ihsan,T20,male,2026-09-17,2026-08-07,41,0.0,0.0,0.0,0.0,Light load,No bowling in the last 28 days (Cricsheet matches only).
Shashikant Laxman,T20,male,2026-09-17,2026-08-08,40,0.0,0.0,0.0,0.0,Light load,No bowling in the last 28 days (Cricsheet matches only).
Abdul Makda,T20,male,2026-09-17,2026-08-08,40,0.0,0.0,0.0,0.0,Light load,No bowling in the last 28 days (Cricsheet matches only).
Bhargav Narasimha,T20,male,2026-09-17,2026-08-08,40,0.0,0.0,0.0,0.0,Light load,No bowling in the last 28 days (Cricsheet matches only).
D Panda,T20,male,2026-09-17,2026-08-08,40,0.0,0.0,0.0,0.0,Light load,No bowling in the last 28 days (Cricsheet matches only).
GE Gutierrez Chavez,T20,male,2026-09-17,2026-08-08,40,0.0,0.0,0.0,0.0,Light load,No bowling in the last 28 days (Cricsheet matches only).
HK Brahmbhatt,T20,male,2026-09-17,2026-08-08,40,0.0,0.0,0.0,0.0,Light load,No bowling in the last 28 days (Cricsheet matches only).
J Byrappa,T20,male,2026-09-17,2026-08-08,40,0.0,0.0,0.0,0.0,Light load,No bowling in the last 28 days (Cricsheet matches only).
M Noble,T20,male,2026-09-17,2026-08-08,40,0.0,0.0,0.0,0.0,Light load,No bowling in the last 28 days (Cricsheet matches only).
Mohit Sharma,T20,male,2026-09-17,2026-08-08,40,0.0,0.0,0.0,0.0,Light load,No bowling in the last 28 days (Cricsheet matches only).
Nikhil Deshmukh,T20,male,2026-09-17,2026-08-08,40,0.0,0.0,0.0,0.0,Light load,No bowling in the last 28 days (Cricsheet matches only).
PH Shamdasani,T20,male,2026-09-17,2026-08-08,40,0.0,0.0,0.0,0.0,Light load,No bowling in the last 28 days (Cricsheet matches only).
Pratik Singh Bais,T20,male,2026-09-17,2026-08-08,40,0.0,0.0,0.0,0.0,Light load,No bowling in the last 28 days (Cricsheet matches only).
R Chatterton,T20,male,2026-09-17,2026-08-08,40,0.0,0.0,0.0,0.0,Light load,No bowling in the last 28 days (Cricsheet matches only).
RD Cespedes,T20,male,2026-09-17,2026-08-08,40,0.0,0.0,0.0,0.0,Light load,No bowling in the last 28 days (Cricsheet matches only).
Suresh Kumar,T20,male,2026-09-17,2026-08-08,40,0.0,0.0,0.0,0.0,Light load,No bowling in the last 28 days (Cricsheet matches only).
Waseem Tabrez,T20,male,2026-09-17,2026-08-08,40,0.0,0.0,0.0,0.0,Light load,No bowling in the last 28 days (Cricsheet matches only).
Y Jasti,T20,male,2026-09-17,2026-08-08,40,0.0,0.0,0.0,0.0,Light load,No bowling in the last 28 days (Cricsheet matches only).
M Clarke,T20,male,2026-09-17,2026-08-09,39,0.0,0.0,0.0,0.0,Light load,No bowling in the last 28 days (Cricsheet matches only).
Usama Mir,T20,male,2026-09-17,2026-08-09,39,0.0,0.0,0.0,0.0,Light load,No bowling in the last 28 days (Cricsheet matches only).
D Parashar,ODI,male,2026-09-17,2026-08-09,39,0.0,0.0,0.0,0.0,Light load,No bowling in the last 28 days (Cricsheet matches only).
JJ Davidson,ODI,male,2026-09-17,2026-08-09,39,0.0,0.0,0.0,0.0,Light load,No bowling in the last 28 days (Cricsheet matches only).
O Jones,ODI,male,2026-09-17,2026-08-09,39,0.0,0.0,0.0,0.0,Light load,No bowling in the last 28 days (Cricsheet matches only).
G Oliveira,T20,male,2026-09-17,2026-08-09,39,0.0,0.0,0.0,0.0,Light load,No bowling in the last 28 days (Cricsheet matches only).
Irfan Hafejee,T20,male,2026-09-17,2026-08-09,39,0.0,0.0,0.0,0.0,Light load,No bowling in the last 28 days (Cricsheet matches only).
LA Goncalves,T20,male,2026-09-17,2026-08-09,39,0.0,0.0,0.0,0.0,Light load,No bowling in the last 28 days (Cricsheet matches only).
LG Moras,T20,male,2026-09-17,2026-08-09,39,0.0,0.0,0.0,0.0,Light load,No bowling in the last 28 days (Cricsheet matches only).
LH Rodrigues,T20,male,2026-09-17,2026-08-09,39,0.0,0.0,0.0,0.0,Light load,No bowling in the last 28 days (Cricsheet matches only).
Lalu Bhai Ahir,T20,male,2026-09-17,2026-08-09,39,0.0,0.0,0.0,0.0,Light load,No bowling in the last 28 days (Cricsheet matches only).
MFI Assuncao,T20,male,2026-09-17,2026-08-09,39,0.0,0.0,0.0,0.0,Light load,No bowling in the last 28 days (Cricsheet matches only).
MY Bawa,T20,male,2026-09-17,2026-08-09,39,0.0,0.0,0.0,0.0,Light load,No bowling in the last 28 days (Cricsheet matches only).
Sarkar Ameji,T20,male,2026-09-17,2026-08-09,39,0.0,0.0,0.0,0.0,Light load,No bowling in the last 28 days (Cricsheet matches only).
Sufiyan Tarajia,T20,male,2026-09-17,2026-08-09,39,0.0,0.0,0.0,0.0,Light load,No bowling in the last 28 days (Cricsheet matches only).
Yasar Haroon,T20,male,2026-09-17,2026-08-09,39,0.0,0.0,0.0,0.0,Light load,No bowling in the last 28 days (Cricsheet matches only).
Ali Khan,T20,male,2026-09-17,2026-08-11,37,0.0,0.0,0.0,0.0,Light load,No bowling in the last 28 days (Cricsheet matches only).
Junaid Siddique,ODI,male,2026-09-17,2026-08-11,37,0.0,0.0,0.0,0.0,Light load,No bowling in the last 28 days (Cricsheet matches only).
Muhammad Arfan,T20,male,2026-09-17,2026-08-11,37,0.0,0.0,0.0,0.0,Light load,No bowling in the last 28 days (Cricsheet matches only).
NR Kirton,ODI,male,2026-09-17,2026-08-11,37,0.0,0.0,0.0,0.0,Light load,No bowling in the last 28 days (Cricsheet matches only).
R Chopra,ODI,male,2026-09-17,2026-08-11,37,0.0,0.0,0.0,0.0,Light load,No bowling in the last 28 days (Cricsheet matches only).
JV Chand,T20,male,2026-09-17,2026-08-11,37,0.0,0.0,0.0,0.0,Light load,No bowling in the last 28 days (Cricsheet matches only).
Chayanisa Phengpaen (W),T20,female,2026-09-17,2026-08-11,37,0.0,0.0,0.0,0.0,Light load,No bowling in the last 28 days (Cricsheet matches only).
GP Tom (W),T20,female,2026-09-17,2026-08-11,37,0.0,0.0,0.0,0.0,Light load,No bowling in the last 28 days (Cricsheet matches only).
PUKK Arachchige,T20,male,2026-09-17,2026-08-11,37,0.0,0.0,0.0,0.0,Light load,No bowling in the last 28 days (Cricsheet matches only).
Zahidullah Kamal,T20,male,2026-09-17,2026-08-11,37,0.0,0.0,0.0,0.0,Light load,No bowling in the last 28 days (Cricsheet matches only).
C Green,Test,male,2026-09-17,2026-08-13,35,0.0,0.0,0.0,0.0,Light load,No bowling in the last 28 days (Cricsheet matches only).
Ebadat Hossain,Test,male,2026-09-17,2026-08-13,35,0.0,0.0,0.0,0.0,Light load,No bowling in the last 28 days (Cricsheet matches only).
M Labuschagne,T20,male,2026-09-17,2026-08-13,35,0.0,0.0,0.0,0.0,Light load,No bowling in the last 28 days (Cricsheet matches only).
TM Head,Test,male,2026-09-17,2026-08-13,35,0.0,0.0,0.0,0.0,Light load,No bowling in the last 28 days (Cricsheet matches only).
Ansh Patel,ODI,male,2026-09-17,2026-08-13,35,0.0,0.0,0.0,0.0,Light load,No bowling in the last 28 days (Cricsheet matches only).
BJ McMullen,ODI,male,2026-09-17,2026-08-13,35,0.0,0.0,0.0,0.0,Light load,No bowling in the last 28 days (Cricsheet matches only).
H Thaker,ODI,male,2026-09-17,2026-08-13,35,0.0,0.0,0.0,0.0,Light load,No bowling in the last 28 days (Cricsheet matches only).
J Jarvis,ODI,male,2026-09-17,2026-08-13,35,0.0,0.0,0.0,0.0,Light load,No bowling in the last 28 days (Cricsheet matches only).
Kaleem Sana,ODI,male,2026-09-17,2026-08-13,35,0.0,0.0,0.0,0.0,Light load,No bowling in the last 28 days (Cricsheet matches only).
LJ Robertson,ODI,male,2026-09-17,2026-08-13,35,0.0,0.0,0.0,0.0,Light load,No bowling in the last 28 days (Cricsheet matches only).
MRJ Watt,ODI,male,2026-09-17,2026-08-13,35,0.0,0.0,0.0,0.0,Light load,No bowling in the last 28 days (Cricsheet matches only).
O Davidson,ODI,male,2026-09-17,2026-08-13,35,0.0,0.0,0.0,0.0,Light load,No bowling in the last 28 days (Cricsheet matches only).
SM Sharif,ODI,male,2026-09-17,2026-08-13,35,0.0,0.0,0.0,0.0,Light load,No bowling in the last 28 days (Cricsheet matches only).
Saad Bin Zafar,ODI,male,2026-09-17,2026-08-13,35,0.0,0.0,0.0,0.0,Light load,No bowling in the last 28 days (Cricsheet matches only).
Shivam Sharma,T20,male,2026-09-17,2026-08-13,35,0.0,0.0,0.0,0.0,Light load,No bowling in the last 28 days (Cricsheet matches only).
YS Samra,ODI,male,2026-09-17,2026-08-13,35,0.0,0.0,0.0,0.0,Light load,No bowling in the last 28 days (Cricsheet matches only).
Zahid Shirzad,ODI,male,2026-09-17,2026-08-13,35,0.0,0.0,0.0,0.0,Light load,No bowling in the last 28 days (Cricsheet matches only).
K Oala (W),ODI,female,2026-09-17,2026-08-13,35,0.0,0.0,0.0,0.0,Light load,No bowling in the last 28 days (Cricsheet matches only).
Faraaz Mehti Abbas,T20,male,2026-09-17,2026-08-14,34,0.0,0.0,0.0,0.0,Light load,No bowling in the last 28 days (Cricsheet matches only).
MB Tambe,T20,male,2026-09-17,2026-08-14,34,0.0,0.0,0.0,0.0,Light load,No bowling in the last 28 days (Cricsheet matches only).
N Knights,T20,male,2026-09-17,2026-08-14,34,0.0,0.0,0.0,0.0,Light load,No bowling in the last 28 days (Cricsheet matches only).
C Nzabarinda,T20,male,2026-09-17,2026-08-14,34,0.0,0.0,0.0,0.0,Light load,No bowling in the last 28 days (Cricsheet matches only).
D Padikkal,Test,male,2026-09-17,2026-08-15,33,0.0,0.0,0.0,0.0,Light load,No bowling in the last 28 days (Cricsheet matches only).
Kuldeep Yadav,Test,male,2026-09-17,2026-08-15,33,0.0,0.0,0.0,0.0,Light load,No bowling in the last 28 days (Cricsheet matches only).
Sajid Liaqat,T20,male,2026-09-17,2026-08-15,33,0.0,0.0,0.0,0.0,Light load,No bowling in the last 28 days (Cricsheet matches only).
Ali Rasool,T20,male,2026-09-17,2026-08-15,33,0.0,0.0,0.0,0.0,Light load,No bowling in the last 28 days (Cricsheet matches only).
I Mugisha,T20,male,2026-09-17,2026-08-15,33,0.0,0.0,0.0,0.0,Light load,No bowling in the last 28 days (Cricsheet matches only).
Joshep Zulu,T20,male,2026-09-17,2026-08-15,33,0.0,0.0,0.0,0.0,Light load,No bowling in the last 28 days (Cricsheet matches only).
Ayaz Dadabhai,T20,male,2026-09-17,2026-08-15,33,0.0,0.0,0.0,0.0,Light load,No bowling in the last 28 days (Cricsheet matches only).
B Pondani,T20,male,2026-09-17,2026-08-15,33,0.0,0.0,0.0,0.0,Light load,No bowling in the last 28 days (Cricsheet matches only).
Ismail Kara,T20,male,2026-09-17,2026-08-15,33,0.0,0.0,0.0,0.0,Light load,No bowling in the last 28 days (Cricsheet matches only).
Javid Patel,T20,male,2026-09-17,2026-08-15,33,0.0,0.0,0.0,0.0,Light load,No bowling in the last 28 days (Cricsheet matches only).
Matthew Mount,T20,male,2026-09-17,2026-08-15,33,0.0,0.0,0.0,0.0,Light load,No bowling in the last 28 days (Cricsheet matches only).
R Lungu,T20,male,2026-09-17,2026-08-15,33,0.0,0.0,0.0,0.0,Light load,No bowling in the last 28 days (Cricsheet matches only).
Soyeb Pendi,T20,male,2026-09-17,2026-08-15,33,0.0,0.0,0.0,0.0,Light load,No bowling in the last 28 days (Cricsheet matches only).
Zakir Husain Patel,T20,male,2026-09-17,2026-08-15,33,0.0,0.0,0.0,0.0,Light load,No bowling in the last 28 days (Cricsheet matches only).
A Suwanchonrathi (W),ODI,female,2026-09-17,2026-08-15,33,0.0,0.0,0.0,0.0,Light load,No bowling in the last 28 days (Cricsheet matches only).
D Lohia (W),T20,female,2026-09-17,2026-08-15,33,0.0,0.0,0.0,0.0,Light load,No bowling in the last 28 days (Cricsheet matches only).
I Toua (W),T20,female,2026-09-17,2026-08-15,33,0.0,0.0,0.0,0.0,Light load,No bowling in the last 28 days (Cricsheet matches only).
K Campbell,T20,male,2026-09-17,2026-08-16,32,0.0,0.0,0.0,0.0,Light load,No bowling in the last 28 days (Cricsheet matches only).
B Balala,T20,male,2026-09-17,2026-08-16,32,0.0,0.0,0.0,0.0,Light load,No bowling in the last 28 days (Cricsheet matches only).
D Jakiel,T20,male,2026-09-17,2026-08-16,32,0.0,0.0,0.0,0.0,Light load,No bowling in the last 28 days (Cricsheet matches only).
K Thuchila,T20,male,2026-09-17,2026-08-16,32,0.0,0.0,0.0,0.0,Light load,No bowling in the last 28 days (Cricsheet matches only).
M Choamba,T20,male,2026-09-17,2026-08-16,32,0.0,0.0,0.0,0.0,Light load,No bowling in the last 28 days (Cricsheet matches only).
SZ Vayani,T20,male,2026-09-17,2026-08-16,32,0.0,0.0,0.0,0.0,Light load,No bowling in the last 28 days (Cricsheet matches only).
Sami Sohail,T20,male,2026-09-17,2026-08-16,32,0.0,0.0,0.0,0.0,Light load,No bowling in the last 28 days (Cricsheet matches only).
Ahmed Wardak,T20,male,2026-09-17,2026-08-17,31,0.0,0.0,0.0,0.0,Light load,No bowling in the last 28 days (Cricsheet matches only).
H Lakov,T20,male,2026-09-17,2026-08-17,31,0.0,0.0,0.0,0.0,Light load,No bowling in the last 28 days (Cricsheet matches only).
C De Freitas,T20,male,2026-09-17,2026-08-17,31,0.0,0.0,0.0,0.0,Light load,No bowling in the last 28 days (Cricsheet matches only).
D Triantafillithis,T20,male,2026-09-17,2026-08-17,31,0.0,0.0,0.0,0.0,Light load,No bowling in the last 28 days (Cricsheet matches only).
U Shantu,T20,male,2026-09-17,2026-08-17,31,0.0,0.0,0.0,0.0,Light load,No bowling in the last 28 days (Cricsheet matches only).
Hamza Dar,T20,male,2026-09-17,2026-08-17,31,0.0,0.0,0.0,0.0,Light load,No bowling in the last 28 days (Cricsheet matches only).
Milad Momend,T20,male,2026-09-17,2026-08-17,31,0.0,0.0,0.0,0.0,Light load,No bowling in the last 28 days (Cricsheet matches only).
HJ Thomas (W),ODI,female,2026-09-17,2026-08-17,31,0.0,0.0,0.0,0.0,Light load,No bowling in the last 28 days (Cricsheet matches only).
HL Tau (W),T20,female,2026-09-17,2026-08-17,31,0.0,0.0,0.0,0.0,Light load,No bowling in the last 28 days (Cricsheet matches only).
P Siaka (W),ODI,female,2026-09-17,2026-08-17,31,0.0,0.0,0.0,0.0,Light load,No bowling in the last 28 days (Cricsheet matches only).
S Jimmy (W),ODI,female,2026-09-17,2026-08-17,31,0.0,0.0,0.0,0.0,Light load,No bowling in the last 28 days (Cricsheet matches only).
V Buruka (W),ODI,female,2026-09-17,2026-08-17,31,0.0,0.0,0.0,0.0,Light load,No bowling in the last 28 days (Cricsheet matches only).
Nikhil Chaudhary,T20,male,2026-09-17,2026-08-18,30,0.0,0.0,0.0,0.0,Light load,No bowling in the last 28 days (Cricsheet matches only).
SN Netravalkar,ODI,male,2026-09-17,2026-08-18,30,0.0,0.0,0.0,0.0,Light load,No bowling in the last 28 days (Cricsheet matches only).
AS Mehmi,T20,male,2026-09-17,2026-08-18,30,0.0,0.0,0.0,0.0,Light load,No bowling in the last 28 days (Cricsheet matches only).
BADL Faunce,T20,male,2026-09-17,2026-08-18,30,0.0,0.0,0.0,0.0,Light load,No bowling in the last 28 days (Cricsheet matches only).
Fayaz Khan,T20,male,2026-09-17,2026-08-18,30,0.0,0.0,0.0,0.0,Light load,No bowling in the last 28 days (Cricsheet matches only).
GC Galanis,T20,male,2026-09-17,2026-08-18,30,0.0,0.0,0.0,0.0,Light load,No bowling in the last 28 days (Cricsheet matches only).
J van Heerden,T20,male,2026-09-17,2026-08-18,30,0.0,0.0,0.0,0.0,Light load,No bowling in the last 28 days (Cricsheet matches only).
S Vasilakis,T20,male,2026-09-17,2026-08-18,30,0.0,0.0,0.0,0.0,Light load,No bowling in the last 28 days (Cricsheet matches only).
Shahid Afridi,T20,male,2026-09-17,2026-08-18,30,0.0,0.0,0.0,0.0,Light load,No bowling in the last 28 days (Cricsheet matches only).
Akhil Arjunan,T20,male,2026-09-17,2026-08-18,30,0.0,0.0,0.0,0.0,Light load,No bowling in the last 28 days (Cricsheet matches only).
G Venkateswaran,T20,male,2026-09-17,2026-08-18,30,0.0,0.0,0.0,0.0,Light load,No bowling in the last 28 days (Cricsheet matches only).
Madhawa Basnayaka,T20,male,2026-09-17,2026-08-18,30,0.0,0.0,0.0,0.0,Light load,No bowling in the last 28 days (Cricsheet matches only).
Vivek Dixit,T20,male,2026-09-17,2026-08-18,30,0.0,0.0,0.0,0.0,Light load,No bowling in the last 28 days (Cricsheet matches only).
Ajhar Alam,T20,male,2026-09-17,2026-08-18,30,0.0,0.0,0.0,0.0,Light load,No bowling in the last 28 days (Cricsheet matches only).
JE Marks,T20,male,2026-09-17,2026-08-18,30,0.0,0.0,0.0,0.0,Light load,No bowling in the last 28 days (Cricsheet matches only).
S Davizi,T20,male,2026-09-17,2026-08-18,30,0.0,0.0,0.0,0.0,Light load,No bowling in the last 28 days (Cricsheet matches only).
V Marghashayam,T20,male,2026-09-17,2026-08-18,30,0.0,0.0,0.0,0.0,Light load,No bowling in the last 28 days (Cricsheet matches only).
Atif Mehmood,T20,male,2026-09-17,2026-08-18,30,0.0,0.0,0.0,0.0,Light load,No bowling in the last 28 days (Cricsheet matches only).
J Dowling,T20,male,2026-09-17,2026-08-18,30,0.0,0.0,0.0,0.0,Light load,No bowling in the last 28 days (Cricsheet matches only).
Raja Adeel,T20,male,2026-09-17,2026-08-18,30,0.0,0.0,0.0,0.0,Light load,No bowling in the last 28 days (Cricsheet matches only).
FA Allen,T20,male,2026-09-17,2026-08-20,28,0.0,0.0,0.0,0.0,Light load,No bowling in the last 28 days (Cricsheet matches only).
K Gore,T20,male,2026-09-17,2026-08-20,28,0.0,0.0,0.0,0.0,Light load,No bowling in the last 28 days (Cricsheet matches only).
Akash Waduwalage,T20,male,2026-09-17,2026-08-20,28,0.0,0.0,0.0,0.0,Light load,No bowling in the last 28 days (Cricsheet matches only).
E Jabarkhel,T20,male,2026-09-17,2026-08-20,28,0.0,0.0,0.0,0.0,Light load,No bowling in the last 28 days (Cricsheet matches only).
J Madan,T20,male,2026-09-17,2026-08-20,28,0.0,0.0,0.0,0.0,Light load,No bowling in the last 28 days (Cricsheet matches only).
Kamal Soukhiya,T20,male,2026-09-17,2026-08-20,28,0.0,0.0,0.0,0.0,Light load,No bowling in the last 28 days (Cricsheet matches only).
Mayank Nagayach,T20,male,2026-09-17,2026-08-20,28,0.0,0.0,0.0,0.0,Light load,No bowling in the last 28 days (Cricsheet matches only).
V Vijh,T20,male,2026-09-17,2026-08-20,28,0.0,0.0,0.0,0.0,Light load,No bowling in the last 28 days (Cricsheet matches only).
Ritik Tomar,T20,male,2026-09-17,2026-08-20,28,0.0,0.0,0.0,0.0,Light load,No bowling in the last 28 days (Cricsheet matches only).
BJ Konstas,T20,male,2026-09-17,2026-08-20,28,0.0,0.0,0.0,0.0,Light load,No bowling in the last 28 days (Cricsheet matches only).
Emanuel,T20,male,2026-09-17,2026-08-20,28,0.0,0.0,0.0,0.0,Light load,No bowling in the last 28 days (Cricsheet matches only).
Sajid Khan Afridi,T20,male,2026-09-17,2026-08-20,28,0.0,0.0,0.0,0.0,Light load,No bowling in the last 28 days (Cricsheet matches only).
Samader Shadab,T20,male,2026-09-17,2026-08-20,28,0.0,0.0,0.0,0.0,Light load,No bowling in the last 28 days (Cricsheet matches only).
Sinan Khan,T20,male,2026-09-17,2026-08-20,28,0.0,0.0,0.0,0.0,Light load,No bowling in the last 28 days (Cricsheet matches only).
SC van Schalkwyk,T20,male,2026-09-17,2026-08-21,27,1.0,0.0,28.0,24.8,Light load,About 4.7 overs' worth of deliveries incl. extras (1 match) in the last 28 days — higher than 25% of the 28-day loads seen for T20 bowlers over the last 10 years (Cricsheet matches only).
Ahmad Ullah,T20,male,2026-09-17,2026-08-21,27,1.0,0.0,24.0,17.2,Light load,About 4.0 overs' worth of deliveries incl. extras (1 match) in the last 28 days — higher than 17% of the 28-day loads seen for T20 bowlers over the last 10 years (Cricsheet matches only).
Amjad Sher,T20,male,2026-09-17,2026-08-21,27,1.0,0.0,26.0,23.0,Light load,About 4.3 overs' worth of deliveries incl. extras (1 match) in the last 28 days — higher than 23% of the 28-day loads seen for T20 bowlers over the last 10 years (Cricsheet matches only).
Hammadullah Shinwari,T20,male,2026-09-17,2026-08-21,27,1.0,0.0,25.0,20.7,Light load,About 4.2 overs' worth of deliveries incl. extras (1 match) in the last 28 days — higher than 21% of the 28-day loads seen for T20 bowlers over the last 10 years (Cricsheet matches only).
Junaid Khan,T20,male,2026-09-17,2026-08-21,27,1.0,0.0,26.0,23.0,Light load,About 4.3 overs' worth of deliveries incl. extras (1 match) in the last 28 days — higher than 23% of the 28-day loads seen for T20 bowlers over the last 10 years (Cricsheet matches only).
Muslim Yar,T20,male,2026-09-17,2026-08-21,27,1.0,0.0,24.0,17.2,Light load,About 4.0 overs' worth of deliveries incl. extras (1 match) in the last 28 days — higher than 17% of the 28-day loads seen for T20 bowlers over the last 10 years (Cricsheet matches only).
NM Salonen,T20,male,2026-09-17,2026-08-21,27,1.0,0.0,25.0,20.7,Light load,About 4.2 overs' worth of deliveries incl. extras (1 match) in the last 28 days — higher than 21% of the 28-day loads seen for T20 bowlers over the last 10 years (Cricsheet matches only).
PD Dabholkar,T20,male,2026-09-17,2026-08-21,27,1.0,0.0,24.0,17.2,Light load,About 4.0 overs' worth of deliveries incl. extras (1 match) in the last 28 days — higher than 17% of the 28-day loads seen for T20 bowlers over the last 10 years (Cricsheet matches only).
PEA Karunarathna,T20,male,2026-09-17,2026-08-21,27,1.0,0.0,24.0,17.2,Light load,About 4.0 overs' worth of deliveries incl. extras (1 match) in the last 28 days — higher than 17% of the 28-day loads seen for T20 bowlers over the last 10 years (Cricsheet matches only).
V Jatinder Kumar,T20,male,2026-09-17,2026-08-21,27,1.0,0.0,22.0,14.7,Light load,About 3.7 overs' worth of deliveries incl. extras (1 match) in the last 28 days — higher than 15% of the 28-day loads seen for T20 bowlers over the last 10 years (Cricsheet matches only).
D Ramani,T20,male,2026-09-17,2026-08-21,27,1.0,0.0,24.0,17.2,Light load,About 4.0 overs' worth of deliveries incl. extras (1 match) in the last 28 days — higher than 17% of the 28-day loads seen for T20 bowlers over the last 10 years (Cricsheet matches only).
Danyal Raja,T20,male,2026-09-17,2026-08-21,27,1.0,0.0,20.0,13.6,Light load,About 3.3 overs' worth of deliveries incl. extras (1 match) in the last 28 days — higher than 14% of the 28-day loads seen for T20 bowlers over the last 10 years (Cricsheet matches only).
JR Cope,T20,male,2026-09-17,2026-08-21,27,1.0,0.0,30.0,25.8,Light load,About 5.0 overs' worth of deliveries incl. extras (1 match) in the last 28 days — higher than 26% of the 28-day loads seen for T20 bowlers over the last 10 years (Cricsheet matches only).
Jakob Gul,T20,male,2026-09-17,2026-08-21,27,1.0,0.0,29.0,25.1,Light load,About 4.8 overs' worth of deliveries incl. extras (1 match) in the last 28 days — higher than 25% of the 28-day loads seen for T20 bowlers over the last 10 years (Cricsheet matches only).
M Gogev,T20,male,2026-09-17,2026-08-21,27,1.0,0.0,24.0,17.2,Light load,About 4.0 overs' worth of deliveries incl. extras (1 match) in the last 28 days — higher than 17% of the 28-day loads seen for T20 bowlers over the last 10 years (Cricsheet matches only).
N Tyagi,T20,male,2026-09-17,2026-08-21,27,1.0,0.0,18.0,10.3,Light load,About 3.0 overs' worth of deliveries incl. extras (1 match) in the last 28 days — higher than 10% of the 28-day loads seen for T20 bowlers over the last 10 years (Cricsheet matches only).
O Duff,T20,male,2026-09-17,2026-08-21,27,1.0,0.0,28.0,24.8,Light load,About 4.7 overs' worth of deliveries incl. extras (1 match) in the last 28 days — higher than 25% of the 28-day loads seen for T20 bowlers over the last 10 years (Cricsheet matches only).
P Mishra,T20,male,2026-09-17,2026-08-21,27,1.0,0.0,24.0,17.2,Light load,About 4.0 overs' worth of deliveries incl. extras (1 match) in the last 28 days — higher than 17% of the 28-day loads seen for T20 bowlers over the last 10 years (Cricsheet matches only).
RM Magare,T20,male,2026-09-17,2026-08-21,27,1.0,0.0,13.0,7.1,Light load,About 2.2 overs' worth of deliveries incl. extras (1 match) in the last 28 days — higher than 7% of the 28-day loads seen for T20 bowlers over the last 10 years (Cricsheet matches only).
S Wickramasekara,T20,male,2026-09-17,2026-08-21,27,1.0,0.0,18.0,10.3,Light load,About 3.0 overs' worth of deliveries incl. extras (1 match) in the last 28 days — higher than 10% of the 28-day loads seen for T20 bowlers over the last 10 years (Cricsheet matches only).
Saqlain Mukhtar,T20,male,2026-09-17,2026-08-21,27,1.0,0.0,21.0,14.3,Light load,About 3.5 overs' worth of deliveries incl. extras (1 match) in the last 28 days — higher than 14% of the 28-day loads seen for T20 bowlers over the last 10 years (Cricsheet matches only).
Sazib Bhuiyan,T20,male,2026-09-17,2026-08-21,27,1.0,0.0,10.0,3.7,Light load,About 1.7 overs' worth of deliveries incl. extras (1 match) in the last 28 days — higher than 4% of the 28-day loads seen for T20 bowlers over the last 10 years (Cricsheet matches only).
AL Khunti,T20,male,2026-09-17,2026-08-21,27,1.0,0.0,6.0,1.5,Light load,About 1.0 overs' worth of deliveries incl. extras (1 match) in the last 28 days — higher than 2% of the 28-day loads seen for T20 bowlers over the last 10 years (Cricsheet matches only).
C Liebenberg,T20,male,2026-09-17,2026-08-21,27,1.0,0.0,13.0,7.1,Light load,About 2.2 overs' worth of deliveries incl. extras (1 match) in the last 28 days — higher than 7% of the 28-day loads seen for T20 bowlers over the last 10 years (Cricsheet matches only).
CJ Langford,T20,male,2026-09-17,2026-08-21,27,1.0,0.0,18.0,10.3,Light load,About 3.0 overs' worth of deliveries incl. extras (1 match) in the last 28 days — higher than 10% of the 28-day loads seen for T20 bowlers over the last 10 years (Cricsheet matches only).
Elan Talker,T20,male,2026-09-17,2026-08-21,27,1.0,0.0,12.0,5.2,Light load,About 2.0 overs' worth of deliveries incl. extras (1 match) in the last 28 days — higher than 5% of the 28-day loads seen for T20 bowlers over the last 10 years (Cricsheet matches only).
G Newton,T20,male,2026-09-17,2026-08-21,27,1.0,0.0,24.0,17.2,Light load,About 4.0 overs' worth of deliveries incl. extras (1 match) in the last 28 days — higher than 17% of the 28-day loads seen for T20 bowlers over the last 10 years (Cricsheet matches only).
JA Burrows,T20,male,2026-09-17,2026-08-21,27,1.0,0.0,20.0,13.6,Light load,About 3.3 overs' worth of deliveries incl. extras (1 match) in the last 28 days — higher than 14% of the 28-day loads seen for T20 bowlers over the last 10 years (Cricsheet matches only).
MJ Ansell,T20,male,2026-09-17,2026-08-21,27,1.0,0.0,25.0,20.7,Light load,About 4.2 overs' worth of deliveries incl. extras (1 match) in the last 28 days — higher than 21% of the 28-day loads seen for T20 bowlers over the last 10 years (Cricsheet matches only).
Niv Nagavkar,T20,male,2026-09-17,2026-08-21,27,1.0,0.0,12.0,5.2,Light load,About 2.0 overs' worth of deliveries incl. extras (1 match) in the last 28 days — higher than 5% of the 28-day loads seen for T20 bowlers over the last 10 years (Cricsheet matches only).
SF Mangoda,T20,male,2026-09-17,2026-08-21,27,1.0,0.0,6.0,1.5,Light load,About 1.0 overs' worth of deliveries incl. extras (1 match) in the last 28 days — higher than 2% of the 28-day loads seen for T20 bowlers over the last 10 years (Cricsheet matches only).
Snir Massil,T20,male,2026-09-17,2026-08-21,27,1.0,0.0,1.0,0.0,Light load,About 0.2 overs' worth of deliveries incl. extras (1 match) in the last 28 days — higher than 0% of the 28-day loads seen for T20 bowlers over the last 10 years (Cricsheet matches only).
WSLK Narayana,T20,male,2026-09-17,2026-08-21,27,1.0,0.0,12.0,5.2,Light load,About 2.0 overs' worth of deliveries incl. extras (1 match) in the last 28 days — higher than 5% of the 28-day loads seen for T20 bowlers over the last 10 years (Cricsheet matches only).
Yair Nagavkar,T20,male,2026-09-17,2026-08-21,27,1.0,0.0,13.0,7.1,Light load,About 2.2 overs' worth of deliveries incl. extras (1 match) in the last 28 days — higher than 7% of the 28-day loads seen for T20 bowlers over the last 10 years (Cricsheet matches only).
C Rumistrzewicz,T20,male,2026-09-17,2026-08-21,27,1.0,0.0,18.0,10.3,Light load,About 3.0 overs' worth of deliveries incl. extras (1 match) in the last 28 days — higher than 10% of the 28-day loads seen for T20 bowlers over the last 10 years (Cricsheet matches only).
Edward Fleming,T20,male,2026-09-17,2026-08-21,27,1.0,0.0,24.0,17.2,Light load,About 4.0 overs' worth of deliveries incl. extras (1 match) in the last 28 days — higher than 17% of the 28-day loads seen for T20 bowlers over the last 10 years (Cricsheet matches only).
J Martins,T20,male,2026-09-17,2026-08-21,27,1.0,0.0,19.0,12.4,Light load,About 3.2 overs' worth of deliveries incl. extras (1 match) in the last 28 days — higher than 12% of the 28-day loads seen for T20 bowlers over the last 10 years (Cricsheet matches only).
LA Burns,T20,male,2026-09-17,2026-08-21,27,1.0,0.0,25.0,20.7,Light load,About 4.2 overs' worth of deliveries incl. extras (1 match) in the last 28 days — higher than 21% of the 28-day loads seen for T20 bowlers over the last 10 years (Cricsheet matches only).
Mohammad Atif,T20,male,2026-09-17,2026-08-21,27,1.0,0.0,24.0,17.2,Light load,About 4.0 overs' worth of deliveries incl. extras (1 match) in the last 28 days — higher than 17% of the 28-day loads seen for T20 bowlers over the last 10 years (Cricsheet matches only).
Mohammad Kamran,T20,male,2026-09-17,2026-08-21,27,1.0,0.0,25.0,20.7,Light load,About 4.2 overs' worth of deliveries incl. extras (1 match) in the last 28 days — higher than 21% of the 28-day loads seen for T20 bowlers over the last 10 years (Cricsheet matches only).
R Hashu,T20,male,2026-09-17,2026-08-21,27,1.0,0.0,18.0,10.3,Light load,About 3.0 overs' worth of deliveries incl. extras (1 match) in the last 28 days — higher than 10% of the 28-day loads seen for T20 bowlers over the last 10 years (Cricsheet matches only).
SC de Oliveira,T20,male,2026-09-17,2026-08-21,27,1.0,0.0,18.0,10.3,Light load,About 3.0 overs' worth of deliveries incl. extras (1 match) in the last 28 days — higher than 10% of the 28-day loads seen for T20 bowlers over the last 10 years (Cricsheet matches only).
SJ Hughes-Pinan,T20,male,2026-09-17,2026-08-21,27,1.0,0.0,12.0,5.2,Light load,About 2.0 overs' worth of deliveries incl. extras (1 match) in the last 28 days — higher than 5% of the 28-day loads seen for T20 bowlers over the last 10 years (Cricsheet matches only).
Sirajullah Khadim,T20,male,2026-09-17,2026-08-21,27,1.0,0.0,24.0,17.2,Light load,About 4.0 overs' worth of deliveries incl. extras (1 match) in the last 28 days — higher than 17% of the 28-day loads seen for T20 bowlers over the last 10 years (Cricsheet matches only).
Yasir Ali,T20,male,2026-09-17,2026-08-21,27,1.0,0.0,25.0,20.7,Light load,About 4.2 overs' worth of deliveries incl. extras (1 match) in the last 28 days — higher than 21% of the 28-day loads seen for T20 bowlers over the last 10 years (Cricsheet matches only).
BJ Webster,Test,male,2026-09-17,2026-08-22,26,1.0,0.0,19.0,4.8,Light load,About 3.2 overs' worth of deliveries incl. extras (1 match) in the last 28 days — higher than 5% of the 28-day loads seen for Test bowlers over the last 10 years (Cricsheet matches only).
Hasan Mahmud,Test,male,2026-09-17,2026-08-22,26,1.0,0.0,84.0,26.9,Light load,About 14.0 overs' worth of deliveries incl. extras (1 match) in the last 28 days — higher than 27% of the 28-day loads seen for Test bowlers over the last 10 years (Cricsheet matches only).
JR Hazlewood,T20,male,2026-09-17,2026-08-22,26,1.0,0.0,109.0,75.7,Normal load,About 18.2 overs' worth of deliveries incl. extras (1 match) in the last 28 days — higher than 76% of the 28-day loads seen for T20 bowlers over the last 10 years (Cricsheet matches only).
MA Starc,Test,male,2026-09-17,2026-08-22,26,1.0,0.0,122.0,38.8,Light load,About 20.3 overs' worth of deliveries incl. extras (1 match) in the last 28 days — higher than 39% of the 28-day loads seen for Test bowlers over the last 10 years (Cricsheet matches only).
NM Lyon,Test,male,2026-09-17,2026-08-22,26,1.0,0.0,69.0,22.6,Light load,About 11.5 overs' worth of deliveries incl. extras (1 match) in the last 28 days — higher than 23% of the 28-day loads seen for Test bowlers over the last 10 years (Cricsheet matches only).
PJ Cummins,Test,male,2026-09-17,2026-08-22,26,1.0,0.0,120.0,37.7,Light load,About 20.0 overs' worth of deliveries incl. extras (1 match) in the last 28 days — higher than 38% of the 28-day loads seen for Test bowlers over the last 10 years (Cricsheet matches only).
Shoriful Islam,ODI,male,2026-09-17,2026-08-22,26,1.0,0.0,91.0,47.2,Light load,About 15.2 overs' worth of deliveries incl. extras (1 match) in the last 28 days — higher than 47% of the 28-day loads seen for ODI bowlers over the last 10 years (Cricsheet matches only).
Taijul Islam,Test,male,2026-09-17,2026-08-22,26,1.0,0.0,57.0,18.7,Light load,About 9.5 overs' worth of deliveries incl. extras (1 match) in the last 28 days — higher than 19% of the 28-day loads seen for Test bowlers over the last 10 years (Cricsheet matches only).
Taskin Ahmed,Test,male,2026-09-17,2026-08-22,26,1.0,0.0,78.0,25.6,Light load,About 13.0 overs' worth of deliveries incl. extras (1 match) in the last 28 days — higher than 26% of the 28-day loads seen for Test bowlers over the last 10 years (Cricsheet matches only).
N Edward,T20,male,2026-09-17,2026-08-22,26,1.0,0.0,21.0,14.3,Light load,About 3.5 overs' worth of deliveries incl. extras (1 match) in the last 28 days — higher than 14% of the 28-day loads seen for T20 bowlers over the last 10 years (Cricsheet matches only).
S Wykes-Templeman (W),T20,female,2026-09-17,2026-08-22,26,1.0,0.0,18.0,12.7,Light load,About 3.0 overs' worth of deliveries incl. extras (1 match) in the last 28 days — higher than 13% of the 28-day loads seen for T20 bowlers over the last 10 years (Cricsheet matches only).
SD Diwan Ali (W),T20,female,2026-09-17,2026-08-22,26,1.0,0.0,24.0,20.3,Light load,About 4.0 overs' worth of deliveries incl. extras (1 match) in the last 28 days — higher than 20% of the 28-day loads seen for T20 bowlers over the last 10 years (Cricsheet matches only).
MM Ali,T20,male,2026-09-17,2026-08-23,25,2.0,0.0,12.0,5.2,Light load,About 2.0 overs' worth of deliveries incl. extras (2 matches) in the last 28 days — higher than 5% of the 28-day loads seen for T20 bowlers over the last 10 years (Cricsheet matches only).
AM Fernando,Test,male,2026-09-17,2026-08-23,25,1.0,0.0,176.0,54.5,Normal load,About 29.3 overs' worth of deliveries incl. extras (1 match) in the last 28 days — higher than 54% of the 28-day loads seen for Test bowlers over the last 10 years (Cricsheet matches only).
DM de Silva,ODI,male,2026-09-17,2026-08-23,25,1.0,0.0,12.0,3.4,Light load,About 2.0 overs' worth of deliveries incl. extras (1 match) in the last 28 days — higher than 3% of the 28-day loads seen for ODI bowlers over the last 10 years (Cricsheet matches only).
Dhruv Jurel,Test,male,2026-09-17,2026-08-23,25,1.0,0.0,6.0,0.8,Light load,About 1.0 overs' worth of deliveries incl. extras (1 match) in the last 28 days — higher than 1% of the 28-day loads seen for Test bowlers over the last 10 years (Cricsheet matches only).
GS Dinusha,Test,male,2026-09-17,2026-08-23,25,1.0,0.0,18.0,4.0,Light load,About 3.0 overs' worth of deliveries incl. extras (1 match) in the last 28 days — higher than 4% of the 28-day loads seen for Test bowlers over the last 10 years (Cricsheet matches only).
K Mishara,Test,male,2026-09-17,2026-08-23,25,1.0,0.0,24.0,6.3,Light load,About 4.0 overs' worth of deliveries incl. extras (1 match) in the last 28 days — higher than 6% of the 28-day loads seen for Test bowlers over the last 10 years (Cricsheet matches only).
K Nuwantha,Test,male,2026-09-17,2026-08-23,25,1.0,0.0,231.0,67.0,Normal load,About 38.5 overs' worth of deliveries incl. extras (1 match) in the last 28 days — higher than 67% of the 28-day loads seen for Test bowlers over the last 10 years (Cricsheet matches only).
M Prasidh Krishna,ODI,male,2026-09-17,2026-08-23,25,1.0,0.0,210.0,84.2,Normal load,About 35.0 overs' worth of deliveries incl. extras (1 match) in the last 28 days — higher than 84% of the 28-day loads seen for ODI bowlers over the last 10 years (Cricsheet matches only).
MJ Suthar,Test,male,2026-09-17,2026-08-23,25,1.0,0.0,379.0,83.1,Normal load,About 63.2 overs' worth of deliveries incl. extras (1 match) in the last 28 days — higher than 83% of the 28-day loads seen for Test bowlers over the last 10 years (Cricsheet matches only).
Mohammed Siraj,Test,male,2026-09-17,2026-08-23,25,1.0,0.0,159.0,49.3,Light load,About 26.5 overs' worth of deliveries incl. extras (1 match) in the last 28 days — higher than 49% of the 28-day loads seen for Test bowlers over the last 10 years (Cricsheet matches only).
NGRP Jayasuriya,Test,male,2026-09-17,2026-08-23,25,1.0,0.0,256.0,70.7,Normal load,About 42.7 overs' worth of deliveries incl. extras (1 match) in the last 28 days — higher than 71% of the 28-day loads seen for Test bowlers over the last 10 years (Cricsheet matches only).
RA Jadeja,Test,male,2026-09-17,2026-08-23,25,1.0,0.0,355.0,81.1,Normal load,About 59.2 overs' worth of deliveries incl. extras (1 match) in the last 28 days — higher than 81% of the 28-day loads seen for Test bowlers over the last 10 years (Cricsheet matches only).
Saransh Jain,Test,male,2026-09-17,2026-08-23,25,1.0,0.0,353.0,80.9,Normal load,About 58.8 overs' worth of deliveries incl. extras (1 match) in the last 28 days — higher than 81% of the 28-day loads seen for Test bowlers over the last 10 years (Cricsheet matches only).
Shubman Gill,Test,male,2026-09-17,2026-08-23,25,1.0,0.0,12.0,2.3,Light load,About 2.0 overs' worth of deliveries incl. extras (1 match) in the last 28 days — higher than 2% of the 28-day loads seen for Test bowlers over the last 10 years (Cricsheet matches only).
YBK Jaiswal,Test,male,2026-09-17,2026-08-23,25,1.0,0.0,6.0,0.8,Light load,About 1.0 overs' worth of deliveries incl. extras (1 match) in the last 28 days — higher than 1% of the 28-day loads seen for Test bowlers over the last 10 years (Cricsheet matches only).
GEM Brealey (W),T20,female,2026-09-17,2026-08-23,25,3.0,0.0,67.0,63.7,Normal load,About 11.2 overs' worth of deliveries incl. extras (3 matches) in the last 28 days — higher than 64% of the 28-day loads seen for T20 bowlers over the last 10 years (Cricsheet matches only).
S Yenamandra (W),T20,female,2026-09-17,2026-08-23,25,2.0,0.0,30.0,29.9,Light load,About 5.0 overs' worth of deliveries incl. extras (2 matches) in the last 28 days — higher than 30% of the 28-day loads seen for T20 bowlers over the last 10 years (Cricsheet matches only).
Aarti Priya (W),T20,female,2026-09-17,2026-08-23,25,4.0,0.0,109.0,85.2,Heavy load,About 18.2 overs' worth of deliveries incl. extras (4 matches) in the last 28 days — higher than 85% of the 28-day loads seen for T20 bowlers over the last 10 years (Cricsheet matches only).
Ankita Mehta (W),T20,female,2026-09-17,2026-08-23,25,3.0,0.0,59.0,57.6,Normal load,About 9.8 overs' worth of deliveries incl. extras (3 matches) in the last 28 days — higher than 58% of the 28-day loads seen for T20 bowlers over the last 10 years (Cricsheet matches only).
E Gebhard (W),T20,female,2026-09-17,2026-08-23,25,2.0,0.0,36.0,34.8,Light load,About 6.0 overs' worth of deliveries incl. extras (2 matches) in the last 28 days — higher than 35% of the 28-day loads seen for T20 bowlers over the last 10 years (Cricsheet matches only).
Jagrat Dubey (W),T20,female,2026-09-17,2026-08-23,25,4.0,0.0,97.0,80.8,Normal load,About 16.2 overs' worth of deliveries incl. extras (4 matches) in the last 28 days — higher than 81% of the 28-day loads seen for T20 bowlers over the last 10 years (Cricsheet matches only).
Kerry Fraser (W),T20,female,2026-09-17,2026-08-23,25,4.0,0.0,76.0,70.4,Normal load,About 12.7 overs' worth of deliveries incl. extras (4 matches) in the last 28 days — higher than 70% of the 28-day loads seen for T20 bowlers over the last 10 years (Cricsheet matches only).
P Neighbour (W),T20,female,2026-09-17,2026-08-23,25,4.0,0.0,123.0,89.4,Heavy load,About 20.5 overs' worth of deliveries incl. extras (4 matches) in the last 28 days — higher than 89% of the 28-day loads seen for T20 bowlers over the last 10 years (Cricsheet matches only).
Shivani Sati (W),T20,female,2026-09-17,2026-08-23,25,4.0,0.0,107.0,84.6,Normal load,About 17.8 overs' worth of deliveries incl. extras (4 matches) in the last 28 days — higher than 85% of the 28-day loads seen for T20 bowlers over the last 10 years (Cricsheet matches only).
Sonal Sengar (W),T20,female,2026-09-17,2026-08-23,25,1.0,0.0,13.0,7.9,Light load,About 2.2 overs' worth of deliveries incl. extras (1 match) in the last 28 days — higher than 8% of the 28-day loads seen for T20 bowlers over the last 10 years (Cricsheet matches only).
A Thorpe (W),T20,female,2026-09-17,2026-08-26,22,1.0,0.0,14.0,9.4,Light load,About 2.3 overs' worth of deliveries incl. extras (1 match) in the last 28 days — higher than 9% of the 28-day loads seen for T20 bowlers over the last 10 years (Cricsheet matches only).
M Kearvell (W),T20,female,2026-09-17,2026-08-26,22,1.0,0.0,19.0,14.6,Light load,About 3.2 overs' worth of deliveries incl. extras (1 match) in the last 28 days — higher than 15% of the 28-day loads seen for T20 bowlers over the last 10 years (Cricsheet matches only).
Ashi Chopla (W),T20,female,2026-09-17,2026-08-26,22,2.0,0.0,16.0,10.9,Light load,About 2.7 overs' worth of deliveries incl. extras (2 matches) in the last 28 days — higher than 11% of the 28-day loads seen for T20 bowlers over the last 10 years (Cricsheet matches only).
PJ Stahelin (W),T20,female,2026-09-17,2026-08-26,22,1.0,0.0,4.0,0.2,Light load,About 0.7 overs' worth of deliveries incl. extras (1 match) in the last 28 days — higher than 0% of the 28-day loads seen for T20 bowlers over the last 10 years (Cricsheet matches only).
Ali Usman,Test,male,2026-09-17,2026-08-27,21,1.0,0.0,70.0,22.8,Light load,About 11.7 overs' worth of deliveries incl. extras (1 match) in the last 28 days — higher than 23% of the 28-day loads seen for Test bowlers over the last 10 years (Cricsheet matches only).
Khurram Shahzad,Test,male,2026-09-17,2026-08-27,21,1.0,0.0,180.0,55.5,Normal load,About 30.0 overs' worth of deliveries incl. extras (1 match) in the last 28 days — higher than 56% of the 28-day loads seen for Test bowlers over the last 10 years (Cricsheet matches only).
OC McCoy,T20,male,2026-09-17,2026-08-27,21,1.0,0.0,24.0,17.2,Light load,About 4.0 overs' worth of deliveries incl. extras (1 match) in the last 28 days — higher than 17% of the 28-day loads seen for T20 bowlers over the last 10 years (Cricsheet matches only).
R Overman (W),T20,female,2026-09-17,2026-08-27,21,1.0,0.0,20.0,16.1,Light load,About 3.3 overs' worth of deliveries incl. extras (1 match) in the last 28 days — higher than 16% of the 28-day loads seen for T20 bowlers over the last 10 years (Cricsheet matches only).
ZB Ender (W),T20,female,2026-09-17,2026-08-27,21,1.0,0.0,15.0,10.3,Light load,About 2.5 overs' worth of deliveries incl. extras (1 match) in the last 28 days — higher than 10% of the 28-day loads seen for T20 bowlers over the last 10 years (Cricsheet matches only).
KA Pollard,T20,male,2026-09-17,2026-08-28,20,3.0,0.0,44.0,37.0,Light load,About 7.3 overs' worth of deliveries incl. extras (3 matches) in the last 28 days — higher than 37% of the 28-day loads seen for T20 bowlers over the last 10 years (Cricsheet matches only).
RA Clarke,T20,male,2026-09-17,2026-08-28,20,1.0,0.0,6.0,1.5,Light load,About 1.0 overs' worth of deliveries incl. extras (1 match) in the last 28 days — higher than 2% of the 28-day loads seen for T20 bowlers over the last 10 years (Cricsheet matches only).
DB Chhetri (W),T20,female,2026-09-17,2026-08-28,20,1.0,0.0,8.0,3.5,Light load,About 1.3 overs' worth of deliveries incl. extras (1 match) in the last 28 days — higher than 4% of the 28-day loads seen for T20 bowlers over the last 10 years (Cricsheet matches only).
I Edwards (W),T20,female,2026-09-17,2026-08-28,20,1.0,0.0,6.0,1.2,Light load,About 1.0 overs' worth of deliveries incl. extras (1 match) in the last 28 days — higher than 1% of the 28-day loads seen for T20 bowlers over the last 10 years (Cricsheet matches only).
A Vaidya (W),T20,female,2026-09-17,2026-08-28,20,2.0,0.0,17.0,11.4,Light load,About 2.8 overs' worth of deliveries incl. extras (2 matches) in the last 28 days — higher than 11% of the 28-day loads seen for T20 bowlers over the last 10 years (Cricsheet matches only).
H Chamto (W),T20,female,2026-09-17,2026-08-28,20,2.0,0.0,39.0,38.3,Light load,About 6.5 overs' worth of deliveries incl. extras (2 matches) in the last 28 days — higher than 38% of the 28-day loads seen for T20 bowlers over the last 10 years (Cricsheet matches only).
H Shreya (W),T20,female,2026-09-17,2026-08-28,20,2.0,0.0,46.0,45.1,Light load,About 7.7 overs' worth of deliveries incl. extras (2 matches) in the last 28 days — higher than 45% of the 28-day loads seen for T20 bowlers over the last 10 years (Cricsheet matches only).
Jayasooriya (W),T20,female,2026-09-17,2026-08-28,20,1.0,0.0,20.0,16.1,Light load,About 3.3 overs' worth of deliveries incl. extras (1 match) in the last 28 days — higher than 16% of the 28-day loads seen for T20 bowlers over the last 10 years (Cricsheet matches only).
Kanchan Rana (W),T20,female,2026-09-17,2026-08-28,20,2.0,0.0,21.0,17.1,Light load,About 3.5 overs' worth of deliveries incl. extras (2 matches) in the last 28 days — higher than 17% of the 28-day loads seen for T20 bowlers over the last 10 years (Cricsheet matches only).
Malyun Yusuf (W),T20,female,2026-09-17,2026-08-28,20,2.0,0.0,42.0,40.5,Light load,About 7.0 overs' worth of deliveries incl. extras (2 matches) in the last 28 days — higher than 40% of the 28-day loads seen for T20 bowlers over the last 10 years (Cricsheet matches only).
Zara Mohammad (W),T20,female,2026-09-17,2026-08-28,20,1.0,0.0,9.0,4.0,Light load,About 1.5 overs' worth of deliveries incl. extras (1 match) in the last 28 days — higher than 4% of the 28-day loads seen for T20 bowlers over the last 10 years (Cricsheet matches only).
A Lupascu (W),T20,female,2026-09-17,2026-08-28,20,2.0,0.0,30.0,29.9,Light load,About 5.0 overs' worth of deliveries incl. extras (2 matches) in the last 28 days — higher than 30% of the 28-day loads seen for T20 bowlers over the last 10 years (Cricsheet matches only).
C Cirlig (W),T20,female,2026-09-17,2026-08-28,20,2.0,0.0,18.0,12.7,Light load,About 3.0 overs' worth of deliveries incl. extras (2 matches) in the last 28 days — higher than 13% of the 28-day loads seen for T20 bowlers over the last 10 years (Cricsheet matches only).
D Tanase (W),T20,female,2026-09-17,2026-08-28,20,2.0,0.0,31.0,31.0,Light load,About 5.2 overs' worth of deliveries incl. extras (2 matches) in the last 28 days — higher than 31% of the 28-day loads seen for T20 bowlers over the last 10 years (Cricsheet matches only).
HM Bandara (W),T20,female,2026-09-17,2026-08-28,20,1.0,0.0,16.0,10.9,Light load,About 2.7 overs' worth of deliveries incl. extras (1 match) in the last 28 days — higher than 11% of the 28-day loads seen for T20 bowlers over the last 10 years (Cricsheet matches only).
I Muntean (W),T20,female,2026-09-17,2026-08-28,20,2.0,0.0,36.0,34.8,Light load,About 6.0 overs' worth of deliveries incl. extras (2 matches) in the last 28 days — higher than 35% of the 28-day loads seen for T20 bowlers over the last 10 years (Cricsheet matches only).
Maria Ababi (W),T20,female,2026-09-17,2026-08-28,20,2.0,0.0,28.0,28.3,Light load,About 4.7 overs' worth of deliveries incl. extras (2 matches) in the last 28 days — higher than 28% of the 28-day loads seen for T20 bowlers over the last 10 years (Cricsheet matches only).
C Elmore (W),T20,female,2026-09-17,2026-08-28,20,2.0,0.0,44.0,43.1,Light load,About 7.3 overs' worth of deliveries incl. extras (2 matches) in the last 28 days — higher than 43% of the 28-day loads seen for T20 bowlers over the last 10 years (Cricsheet matches only).
G Ayan (W),T20,female,2026-09-17,2026-08-28,20,2.0,0.0,33.0,32.8,Light load,About 5.5 overs' worth of deliveries incl. extras (2 matches) in the last 28 days — higher than 33% of the 28-day loads seen for T20 bowlers over the last 10 years (Cricsheet matches only).
Suheda Hancer (W),T20,female,2026-09-17,2026-08-28,20,2.0,0.0,28.0,28.3,Light load,About 4.7 overs' worth of deliveries incl. extras (2 matches) in the last 28 days — higher than 28% of the 28-day loads seen for T20 bowlers over the last 10 years (Cricsheet matches only).
D Brevis,T20,male,2026-09-17,2026-08-28,20,1.0,0.0,12.0,5.2,Light load,About 2.0 overs' worth of deliveries incl. extras (1 match) in the last 28 days — higher than 5% of the 28-day loads seen for T20 bowlers over the last 10 years (Cricsheet matches only).
J Hermann,T20,male,2026-09-17,2026-08-28,20,1.0,0.0,3.0,0.2,Light load,About 0.5 overs' worth of deliveries incl. extras (1 match) in the last 28 days — higher than 0% of the 28-day loads seen for T20 bowlers over the last 10 years (Cricsheet matches only).
L Sipamla,T20,male,2026-09-17,2026-08-28,20,1.0,0.0,9.0,3.6,Light load,About 1.5 overs' worth of deliveries incl. extras (1 match) in the last 28 days — higher than 4% of the 28-day loads seen for T20 bowlers over the last 10 years (Cricsheet matches only).
ASIH Toppin,T20,male,2026-09-17,2026-08-29,19,3.0,0.0,40.0,33.1,Light load,About 6.7 overs' worth of deliveries incl. extras (3 matches) in the last 28 days — higher than 33% of the 28-day loads seen for T20 bowlers over the last 10 years (Cricsheet matches only).
AB Slebsager (W),T20,female,2026-09-17,2026-08-29,19,2.0,0.0,31.0,31.0,Light load,About 5.2 overs' worth of deliveries incl. extras (2 matches) in the last 28 days — higher than 31% of the 28-day loads seen for T20 bowlers over the last 10 years (Cricsheet matches only).
W Hornero-Garcia (W),T20,female,2026-09-17,2026-08-29,19,1.0,0.0,17.0,11.4,Light load,About 2.8 overs' worth of deliveries incl. extras (1 match) in the last 28 days — higher than 11% of the 28-day loads seen for T20 bowlers over the last 10 years (Cricsheet matches only).
A Meyenborg (W),T20,female,2026-09-17,2026-08-29,19,2.0,0.0,51.0,51.1,Normal load,About 8.5 overs' worth of deliveries incl. extras (2 matches) in the last 28 days — higher than 51% of the 28-day loads seen for T20 bowlers over the last 10 years (Cricsheet matches only).
ATS Silva (W),ODI,female,2026-09-17,2026-08-29,19,1.0,0.0,6.0,0.6,Light load,About 1.0 overs' worth of deliveries incl. extras (1 match) in the last 28 days — higher than 1% of the 28-day loads seen for ODI bowlers over the last 10 years (Cricsheet matches only).
A Kourkoulou (W),T20,female,2026-09-17,2026-08-29,19,2.0,0.0,24.0,20.3,Light load,About 4.0 overs' worth of deliveries incl. extras (2 matches) in the last 28 days — higher than 20% of the 28-day loads seen for T20 bowlers over the last 10 years (Cricsheet matches only).
A Makri (W),T20,female,2026-09-17,2026-08-29,19,3.0,0.0,53.0,52.9,Normal load,About 8.8 overs' worth of deliveries incl. extras (3 matches) in the last 28 days — higher than 53% of the 28-day loads seen for T20 bowlers over the last 10 years (Cricsheet matches only).
A Savvani (W),T20,female,2026-09-17,2026-08-29,19,2.0,0.0,37.0,36.1,Light load,About 6.2 overs' worth of deliveries incl. extras (2 matches) in the last 28 days — higher than 36% of the 28-day loads seen for T20 bowlers over the last 10 years (Cricsheet matches only).
Lydia Katsimari (W),T20,female,2026-09-17,2026-08-29,19,2.0,0.0,27.0,27.4,Light load,About 4.5 overs' worth of deliveries incl. extras (2 matches) in the last 28 days — higher than 27% of the 28-day loads seen for T20 bowlers over the last 10 years (Cricsheet matches only).
M Vervitsioti (W),T20,female,2026-09-17,2026-08-29,19,3.0,0.0,41.0,39.6,Light load,About 6.8 overs' worth of deliveries incl. extras (3 matches) in the last 28 days — higher than 40% of the 28-day loads seen for T20 bowlers over the last 10 years (Cricsheet matches only).
S Georgota (W),T20,female,2026-09-17,2026-08-29,19,3.0,0.0,61.0,59.2,Normal load,About 10.2 overs' worth of deliveries incl. extras (3 matches) in the last 28 days — higher than 59% of the 28-day loads seen for T20 bowlers over the last 10 years (Cricsheet matches only).
A Le Ray (W),T20,female,2026-09-17,2026-08-29,19,3.0,0.0,83.0,74.1,Normal load,About 13.8 overs' worth of deliveries incl. extras (3 matches) in the last 28 days — higher than 74% of the 28-day loads seen for T20 bowlers over the last 10 years (Cricsheet matches only).
E Bourgaize (W),T20,female,2026-09-17,2026-08-29,19,3.0,0.0,58.0,57.1,Normal load,About 9.7 overs' worth of deliveries incl. extras (3 matches) in the last 28 days — higher than 57% of the 28-day loads seen for T20 bowlers over the last 10 years (Cricsheet matches only).
E Millington (W),T20,female,2026-09-17,2026-08-29,19,3.0,0.0,82.0,73.6,Normal load,About 13.7 overs' worth of deliveries incl. extras (3 matches) in the last 28 days — higher than 74% of the 28-day loads seen for T20 bowlers over the last 10 years (Cricsheet matches only).
F Bulpitt (W),T20,female,2026-09-17,2026-08-29,19,1.0,0.0,23.0,18.3,Light load,About 3.8 overs' worth of deliveries incl. extras (1 match) in the last 28 days — higher than 18% of the 28-day loads seen for T20 bowlers over the last 10 years (Cricsheet matches only).
Farwa Baber (W),T20,female,2026-09-17,2026-08-29,19,2.0,0.0,47.0,45.8,Light load,About 7.8 overs' worth of deliveries incl. extras (2 matches) in the last 28 days — higher than 46% of the 28-day loads seen for T20 bowlers over the last 10 years (Cricsheet matches only).
K Robert (W),T20,female,2026-09-17,2026-08-29,19,3.0,0.0,75.0,69.7,Normal load,About 12.5 overs' worth of deliveries incl. extras (3 matches) in the last 28 days — higher than 70% of the 28-day loads seen for T20 bowlers over the last 10 years (Cricsheet matches only).
M Watson (W),T20,female,2026-09-17,2026-08-29,19,3.0,0.0,78.0,71.4,Normal load,About 13.0 overs' worth of deliveries incl. extras (3 matches) in the last 28 days — higher than 71% of the 28-day loads seen for T20 bowlers over the last 10 years (Cricsheet matches only).
AS Gorad (W),T20,female,2026-09-17,2026-08-29,19,2.0,0.0,42.0,40.5,Light load,About 7.0 overs' worth of deliveries incl. extras (2 matches) in the last 28 days — higher than 40% of the 28-day loads seen for T20 bowlers over the last 10 years (Cricsheet matches only).
G Ford (W),T20,female,2026-09-17,2026-08-29,19,3.0,0.0,62.0,60.1,Normal load,About 10.3 overs' worth of deliveries incl. extras (3 matches) in the last 28 days — higher than 60% of the 28-day loads seen for T20 bowlers over the last 10 years (Cricsheet matches only).
Lopamudra (W),T20,female,2026-09-17,2026-08-29,19,2.0,0.0,33.0,32.8,Light load,About 5.5 overs' worth of deliveries incl. extras (2 matches) in the last 28 days — higher than 33% of the 28-day loads seen for T20 bowlers over the last 10 years (Cricsheet matches only).
AG Cremer,T20,male,2026-09-17,2026-08-29,19,1.0,0.0,13.0,7.1,Light load,About 2.2 overs' worth of deliveries incl. extras (1 match) in the last 28 days — higher than 7% of the 28-day loads seen for T20 bowlers over the last 10 years (Cricsheet matches only).
A Kanukuntla (W),T20,female,2026-09-17,2026-08-30,18,3.0,0.0,70.0,65.9,Normal load,About 11.7 overs' worth of deliveries incl. extras (3 matches) in the last 28 days — higher than 66% of the 28-day loads seen for T20 bowlers over the last 10 years (Cricsheet matches only).
A Kohli (W),T20,female,2026-09-17,2026-08-30,18,4.0,0.0,78.0,71.4,Normal load,About 13.0 overs' worth of deliveries incl. extras (4 matches) in the last 28 days — higher than 71% of the 28-day loads seen for T20 bowlers over the last 10 years (Cricsheet matches only).
Ashwini Balaji (W),T20,female,2026-09-17,2026-08-30,18,2.0,0.0,38.0,37.3,Light load,About 6.3 overs' worth of deliveries incl. extras (2 matches) in the last 28 days — higher than 37% of the 28-day loads seen for T20 bowlers over the last 10 years (Cricsheet matches only).
C Ostergaard (W),T20,female,2026-09-17,2026-08-30,18,2.0,0.0,19.0,14.6,Light load,About 3.2 overs' worth of deliveries incl. extras (2 matches) in the last 28 days — higher than 15% of the 28-day loads seen for T20 bowlers over the last 10 years (Cricsheet matches only).
D Golechha (W),T20,female,2026-09-17,2026-08-30,18,3.0,0.0,71.0,66.4,Normal load,About 11.8 overs' worth of deliveries incl. extras (3 matches) in the last 28 days — higher than 66% of the 28-day loads seen for T20 bowlers over the last 10 years (Cricsheet matches only).
Frida Larsen (W),T20,female,2026-09-17,2026-08-30,18,3.0,0.0,65.0,62.3,Normal load,About 10.8 overs' worth of deliveries incl. extras (3 matches) in the last 28 days — higher than 62% of the 28-day loads seen for T20 bowlers over the last 10 years (Cricsheet matches only).
L Ostergaard (W),T20,female,2026-09-17,2026-08-30,18,2.0,0.0,26.0,25.8,Light load,About 4.3 overs' worth of deliveries incl. extras (2 matches) in the last 28 days — higher than 26% of the 28-day loads seen for T20 bowlers over the last 10 years (Cricsheet matches only).
Meghana Lakayil (W),T20,female,2026-09-17,2026-08-30,18,3.0,0.0,76.0,70.4,Normal load,About 12.7 overs' worth of deliveries incl. extras (3 matches) in the last 28 days — higher than 70% of the 28-day loads seen for T20 bowlers over the last 10 years (Cricsheet matches only).
NP Dalgaard (W),T20,female,2026-09-17,2026-08-30,18,3.0,0.0,63.0,61.0,Normal load,About 10.5 overs' worth of deliveries incl. extras (3 matches) in the last 28 days — higher than 61% of the 28-day loads seen for T20 bowlers over the last 10 years (Cricsheet matches only).
Rameesha Shahid (W),T20,female,2026-09-17,2026-08-30,18,3.0,0.0,44.0,43.1,Light load,About 7.3 overs' worth of deliveries incl. extras (3 matches) in the last 28 days — higher than 43% of the 28-day loads seen for T20 bowlers over the last 10 years (Cricsheet matches only).
S Munagala (W),T20,female,2026-09-17,2026-08-30,18,2.0,0.0,37.0,36.1,Light load,About 6.2 overs' worth of deliveries incl. extras (2 matches) in the last 28 days — higher than 36% of the 28-day loads seen for T20 bowlers over the last 10 years (Cricsheet matches only).
ST Kannan (W),T20,female,2026-09-17,2026-08-30,18,3.0,0.0,56.0,55.6,Normal load,About 9.3 overs' worth of deliveries incl. extras (3 matches) in the last 28 days — higher than 56% of the 28-day loads seen for T20 bowlers over the last 10 years (Cricsheet matches only).
Thea Larsen (W),T20,female,2026-09-17,2026-08-30,18,3.0,0.0,71.0,66.4,Normal load,About 11.8 overs' worth of deliveries incl. extras (3 matches) in the last 28 days — higher than 66% of the 28-day loads seen for T20 bowlers over the last 10 years (Cricsheet matches only).
C Sutthiruang (W),T20,female,2026-09-17,2026-08-30,18,1.0,0.0,18.0,12.7,Light load,About 3.0 overs' worth of deliveries incl. extras (1 match) in the last 28 days — higher than 13% of the 28-day loads seen for T20 bowlers over the last 10 years (Cricsheet matches only).
AM Zepeda (W),T20,female,2026-09-17,2026-08-30,18,2.0,0.0,53.0,52.9,Normal load,About 8.8 overs' worth of deliveries incl. extras (2 matches) in the last 28 days — higher than 53% of the 28-day loads seen for T20 bowlers over the last 10 years (Cricsheet matches only).
Alina Aslam (W),T20,female,2026-09-17,2026-08-30,18,3.0,0.0,59.0,57.6,Normal load,About 9.8 overs' worth of deliveries incl. extras (3 matches) in the last 28 days — higher than 58% of the 28-day loads seen for T20 bowlers over the last 10 years (Cricsheet matches only).
Hadia Siddiqui (W),T20,female,2026-09-17,2026-08-30,18,1.0,0.0,23.0,18.3,Light load,About 3.8 overs' worth of deliveries incl. extras (1 match) in the last 28 days — higher than 18% of the 28-day loads seen for T20 bowlers over the last 10 years (Cricsheet matches only).
L Stanfergin (W),T20,female,2026-09-17,2026-08-30,18,2.0,0.0,18.0,12.7,Light load,About 3.0 overs' worth of deliveries incl. extras (2 matches) in the last 28 days — higher than 13% of the 28-day loads seen for T20 bowlers over the last 10 years (Cricsheet matches only).
MPM Pathirannehelage (W),T20,female,2026-09-17,2026-08-30,18,4.0,0.0,74.0,68.8,Normal load,About 12.3 overs' worth of deliveries incl. extras (4 matches) in the last 28 days — higher than 69% of the 28-day loads seen for T20 bowlers over the last 10 years (Cricsheet matches only).
Mirab Razwan (W),T20,female,2026-09-17,2026-08-30,18,3.0,0.0,64.0,61.6,Normal load,About 10.7 overs' worth of deliveries incl. extras (3 matches) in the last 28 days — higher than 62% of the 28-day loads seen for T20 bowlers over the last 10 years (Cricsheet matches only).
P Sabu (W),T20,female,2026-09-17,2026-08-30,18,4.0,0.0,52.0,52.1,Normal load,About 8.7 overs' worth of deliveries incl. extras (4 matches) in the last 28 days — higher than 52% of the 28-day loads seen for T20 bowlers over the last 10 years (Cricsheet matches only).
Prachi Kumari (W),T20,female,2026-09-17,2026-08-30,18,2.0,0.0,31.0,31.0,Light load,About 5.2 overs' worth of deliveries incl. extras (2 matches) in the last 28 days — higher than 31% of the 28-day loads seen for T20 bowlers over the last 10 years (Cricsheet matches only).
R Immadi (W),T20,female,2026-09-17,2026-08-30,18,3.0,0.0,64.0,61.6,Normal load,About 10.7 overs' worth of deliveries incl. extras (3 matches) in the last 28 days — higher than 62% of the 28-day loads seen for T20 bowlers over the last 10 years (Cricsheet matches only).
S Bhardwaj (W),T20,female,2026-09-17,2026-08-30,18,3.0,0.0,46.0,45.1,Light load,About 7.7 overs' worth of deliveries incl. extras (3 matches) in the last 28 days — higher than 45% of the 28-day loads seen for T20 bowlers over the last 10 years (Cricsheet matches only).
SK Reddy (W),T20,female,2026-09-17,2026-08-30,18,4.0,0.0,74.0,68.8,Normal load,About 12.3 overs' worth of deliveries incl. extras (4 matches) in the last 28 days — higher than 69% of the 28-day loads seen for T20 bowlers over the last 10 years (Cricsheet matches only).
VB Viyala (W),T20,female,2026-09-17,2026-08-30,18,3.0,0.0,65.0,62.3,Normal load,About 10.8 overs' worth of deliveries incl. extras (3 matches) in the last 28 days — higher than 62% of the 28-day loads seen for T20 bowlers over the last 10 years (Cricsheet matches only).
Amelia Griffiths (W),T20,female,2026-09-17,2026-08-30,18,4.0,0.0,83.0,74.1,Normal load,About 13.8 overs' worth of deliveries incl. extras (4 matches) in the last 28 days — higher than 74% of the 28-day loads seen for T20 bowlers over the last 10 years (Cricsheet matches only).
Ezgi Nur Kilic (W),T20,female,2026-09-17,2026-08-30,18,4.0,0.0,85.0,75.1,Normal load,About 14.2 overs' worth of deliveries incl. extras (4 matches) in the last 28 days — higher than 75% of the 28-day loads seen for T20 bowlers over the last 10 years (Cricsheet matches only).
Grace Cottier (W),T20,female,2026-09-17,2026-08-30,18,2.0,0.0,45.0,44.2,Light load,About 7.5 overs' worth of deliveries incl. extras (2 matches) in the last 28 days — higher than 44% of the 28-day loads seen for T20 bowlers over the last 10 years (Cricsheet matches only).
H Celik (W),T20,female,2026-09-17,2026-08-30,18,4.0,0.0,84.0,74.5,Normal load,About 14.0 overs' worth of deliveries incl. extras (4 matches) in the last 28 days — higher than 74% of the 28-day loads seen for T20 bowlers over the last 10 years (Cricsheet matches only).
Isabella Clarke (W),T20,female,2026-09-17,2026-08-30,18,3.0,0.0,64.0,61.6,Normal load,About 10.7 overs' worth of deliveries incl. extras (3 matches) in the last 28 days — higher than 62% of the 28-day loads seen for T20 bowlers over the last 10 years (Cricsheet matches only).
J Hicks (W),T20,female,2026-09-17,2026-08-30,18,4.0,0.0,92.0,78.6,Normal load,About 15.3 overs' worth of deliveries incl. extras (4 matches) in the last 28 days — higher than 79% of the 28-day loads seen for T20 bowlers over the last 10 years (Cricsheet matches only).
K Canavarci (W),T20,female,2026-09-17,2026-08-30,18,4.0,0.0,93.0,79.1,Normal load,About 15.5 overs' worth of deliveries incl. extras (4 matches) in the last 28 days — higher than 79% of the 28-day loads seen for T20 bowlers over the last 10 years (Cricsheet matches only).
L Barnett (W),T20,female,2026-09-17,2026-08-30,18,4.0,0.0,92.0,78.6,Normal load,About 15.3 overs' worth of deliveries incl. extras (4 matches) in the last 28 days — higher than 79% of the 28-day loads seen for T20 bowlers over the last 10 years (Cricsheet matches only).
Reyyan Aliusta (W),T20,female,2026-09-17,2026-08-30,18,2.0,0.0,36.0,34.8,Light load,About 6.0 overs' worth of deliveries incl. extras (2 matches) in the last 28 days — higher than 35% of the 28-day loads seen for T20 bowlers over the last 10 years (Cricsheet matches only).
S Ozkunduz (W),T20,female,2026-09-17,2026-08-30,18,4.0,0.0,50.0,49.9,Light load,About 8.3 overs' worth of deliveries incl. extras (4 matches) in the last 28 days — higher than 50% of the 28-day loads seen for T20 bowlers over the last 10 years (Cricsheet matches only).
Suzan Turan (W),T20,female,2026-09-17,2026-08-30,18,1.0,0.0,25.0,23.4,Light load,About 4.2 overs' worth of deliveries incl. extras (1 match) in the last 28 days — higher than 23% of the 28-day loads seen for T20 bowlers over the last 10 years (Cricsheet matches only).
AG Baldie (W),ODI,female,2026-09-17,2026-08-30,18,1.0,0.0,38.0,19.3,Light load,About 6.3 overs' worth of deliveries incl. extras (1 match) in the last 28 days — higher than 19% of the 28-day loads seen for ODI bowlers over the last 10 years (Cricsheet matches only).
AH Maqsood (W),T20,female,2026-09-17,2026-08-30,18,1.0,0.0,43.0,41.8,Light load,About 7.2 overs' worth of deliveries incl. extras (1 match) in the last 28 days — higher than 42% of the 28-day loads seen for T20 bowlers over the last 10 years (Cricsheet matches only).
C de Lange (W),T20,female,2026-09-17,2026-08-30,18,1.0,0.0,21.0,17.1,Light load,About 3.5 overs' worth of deliveries incl. extras (1 match) in the last 28 days — higher than 17% of the 28-day loads seen for T20 bowlers over the last 10 years (Cricsheet matches only).
DEM Carter (W),T20,female,2026-09-17,2026-08-30,18,1.0,0.0,37.0,36.1,Light load,About 6.2 overs' worth of deliveries incl. extras (1 match) in the last 28 days — higher than 36% of the 28-day loads seen for T20 bowlers over the last 10 years (Cricsheet matches only).
HWA Landheer (W),T20,female,2026-09-17,2026-08-30,18,1.0,0.0,6.0,1.2,Light load,About 1.0 overs' worth of deliveries incl. extras (1 match) in the last 28 days — higher than 1% of the 28-day loads seen for T20 bowlers over the last 10 years (Cricsheet matches only).
K Fraser (W),T20,female,2026-09-17,2026-08-30,18,1.0,0.0,44.0,43.1,Light load,About 7.3 overs' worth of deliveries incl. extras (1 match) in the last 28 days — higher than 43% of the 28-day loads seen for T20 bowlers over the last 10 years (Cricsheet matches only).
L Leemhuis (W),ODI,female,2026-09-17,2026-08-30,18,1.0,0.0,22.0,8.5,Light load,About 3.7 overs' worth of deliveries incl. extras (1 match) in the last 28 days — higher than 8% of the 28-day loads seen for ODI bowlers over the last 10 years (Cricsheet matches only).
MG Maceira (W),ODI,female,2026-09-17,2026-08-30,18,1.0,0.0,36.0,17.5,Light load,About 6.0 overs' worth of deliveries incl. extras (1 match) in the last 28 days — higher than 18% of the 28-day loads seen for ODI bowlers over the last 10 years (Cricsheet matches only).
MIW van den Raad (W),T20,female,2026-09-17,2026-08-30,18,1.0,0.0,18.0,12.7,Light load,About 3.0 overs' worth of deliveries incl. extras (1 match) in the last 28 days — higher than 13% of the 28-day loads seen for T20 bowlers over the last 10 years (Cricsheet matches only).
S Khurana (W),ODI,female,2026-09-17,2026-08-30,18,1.0,0.0,19.0,7.0,Light load,About 3.2 overs' worth of deliveries incl. extras (1 match) in the last 28 days — higher than 7% of the 28-day loads seen for ODI bowlers over the last 10 years (Cricsheet matches only).
S Siegers (W),T20,female,2026-09-17,2026-08-30,18,1.0,0.0,25.0,23.4,Light load,About 4.2 overs' worth of deliveries incl. extras (1 match) in the last 28 days — higher than 23% of the 28-day loads seen for T20 bowlers over the last 10 years (Cricsheet matches only).
DC Drakes,T20,male,2026-09-17,2026-08-31,17,3.0,0.0,39.0,32.6,Light load,About 6.5 overs' worth of deliveries incl. extras (3 matches) in the last 28 days — higher than 33% of the 28-day loads seen for T20 bowlers over the last 10 years (Cricsheet matches only).
Sanjida Akter Meghla (W),T20,female,2026-09-17,2026-08-31,17,1.0,0.0,18.0,12.7,Light load,About 3.0 overs' worth of deliveries incl. extras (1 match) in the last 28 days — higher than 13% of the 28-day loads seen for T20 bowlers over the last 10 years (Cricsheet matches only).
KR Mayers,T20,male,2026-09-17,2026-09-01,16,1.0,0.0,14.0,8.0,Light load,About 2.3 overs' worth of deliveries incl. extras (1 match) in the last 28 days — higher than 8% of the 28-day loads seen for T20 bowlers over the last 10 years (Cricsheet matches only).
RR Simmonds,T20,male,2026-09-17,2026-09-01,16,3.0,0.0,70.0,56.8,Normal load,About 11.7 overs' worth of deliveries incl. extras (3 matches) in the last 28 days — higher than 57% of the 28-day loads seen for T20 bowlers over the last 10 years (Cricsheet matches only).
RRS Cornwall,T20,male,2026-09-17,2026-09-02,15,4.0,0.0,54.0,46.5,Light load,About 9.0 overs' worth of deliveries incl. extras (4 matches) in the last 28 days — higher than 46% of the 28-day loads seen for T20 bowlers over the last 10 years (Cricsheet matches only).
SK Springer,T20,male,2026-09-17,2026-09-02,15,3.0,0.0,55.0,47.3,Light load,About 9.2 overs' worth of deliveries incl. extras (3 matches) in the last 28 days — higher than 47% of the 28-day loads seen for T20 bowlers over the last 10 years (Cricsheet matches only).
T Hinds,T20,male,2026-09-17,2026-09-02,15,2.0,0.0,36.0,29.7,Light load,About 6.0 overs' worth of deliveries incl. extras (2 matches) in the last 28 days — higher than 30% of the 28-day loads seen for T20 bowlers over the last 10 years (Cricsheet matches only).
DAL Paramitha (W),T20,female,2026-09-17,2026-09-02,15,2.0,0.0,26.0,25.8,Light load,About 4.3 overs' worth of deliveries incl. extras (2 matches) in the last 28 days — higher than 26% of the 28-day loads seen for T20 bowlers over the last 10 years (Cricsheet matches only).
K Kavindi (W),T20,female,2026-09-17,2026-09-02,15,1.0,0.0,13.0,7.9,Light load,About 2.2 overs' worth of deliveries incl. extras (1 match) in the last 28 days — higher than 8% of the 28-day loads seen for T20 bowlers over the last 10 years (Cricsheet matches only).
G Dempsey (W),ODI,female,2026-09-17,2026-09-03,14,1.0,0.0,12.0,2.5,Light load,About 2.0 overs' worth of deliveries incl. extras (1 match) in the last 28 days — higher than 2% of the 28-day loads seen for ODI bowlers over the last 10 years (Cricsheet matches only).
IECM Wong (W),Test,female,2026-09-17,2026-09-03,14,2.0,0.0,126.0,60.3,Normal load,About 21.0 overs' worth of deliveries incl. extras (2 matches) in the last 28 days — higher than 60% of the 28-day loads seen for Test bowlers over the last 10 years (Cricsheet matches only).
J Maguire (W),ODI,female,2026-09-17,2026-09-03,14,2.0,0.0,67.0,37.5,Light load,About 11.2 overs' worth of deliveries incl. extras (2 matches) in the last 28 days — higher than 38% of the 28-day loads seen for ODI bowlers over the last 10 years (Cricsheet matches only).
K Gaston,T20,male,2026-09-17,2026-09-03,14,2.0,0.0,45.0,37.9,Light load,About 7.5 overs' worth of deliveries incl. extras (2 matches) in the last 28 days — higher than 38% of the 28-day loads seen for T20 bowlers over the last 10 years (Cricsheet matches only).
RP Burl,T20,male,2026-09-17,2026-09-03,14,1.0,0.0,6.0,1.5,Light load,About 1.0 overs' worth of deliveries incl. extras (1 match) in the last 28 days — higher than 2% of the 28-day loads seen for T20 bowlers over the last 10 years (Cricsheet matches only).
J Blades,T20,male,2026-09-17,2026-09-04,13,3.0,0.0,67.0,54.7,Normal load,About 11.2 overs' worth of deliveries incl. extras (3 matches) in the last 28 days — higher than 55% of the 28-day loads seen for T20 bowlers over the last 10 years (Cricsheet matches only).
Maaz Sadaqat,ODI,male,2026-09-17,2026-09-04,13,2.0,0.0,12.0,3.4,Light load,About 2.0 overs' worth of deliveries incl. extras (2 matches) in the last 28 days — higher than 3% of the 28-day loads seen for ODI bowlers over the last 10 years (Cricsheet matches only).
NK Ariani (W),T20,female,2026-09-17,2026-09-04,13,3.0,0.0,73.0,68.0,Normal load,About 12.2 overs' worth of deliveries incl. extras (3 matches) in the last 28 days — higher than 68% of the 28-day loads seen for T20 bowlers over the last 10 years (Cricsheet matches only).
NLKWR Dewi (W),T20,female,2026-09-17,2026-09-04,13,3.0,0.0,58.0,57.1,Normal load,About 9.7 overs' worth of deliveries incl. extras (3 matches) in the last 28 days — higher than 57% of the 28-day loads seen for T20 bowlers over the last 10 years (Cricsheet matches only).
NMP Suwandewi (W),T20,female,2026-09-17,2026-09-04,13,3.0,0.0,43.0,41.8,Light load,About 7.2 overs' worth of deliveries incl. extras (3 matches) in the last 28 days — higher than 42% of the 28-day loads seen for T20 bowlers over the last 10 years (Cricsheet matches only).
SAN Maypriani (W),T20,female,2026-09-17,2026-09-04,13,3.0,0.0,67.0,63.7,Normal load,About 11.2 overs' worth of deliveries incl. extras (3 matches) in the last 28 days — higher than 64% of the 28-day loads seen for T20 bowlers over the last 10 years (Cricsheet matches only).
Sofia Velic (W),T20,female,2026-09-17,2026-09-04,13,3.0,0.0,62.0,60.1,Normal load,About 10.3 overs' worth of deliveries incl. extras (3 matches) in the last 28 days — higher than 60% of the 28-day loads seen for T20 bowlers over the last 10 years (Cricsheet matches only).
Vaishnave Mahesh (W),T20,female,2026-09-17,2026-09-04,13,1.0,0.0,16.0,10.9,Light load,About 2.7 overs' worth of deliveries incl. extras (1 match) in the last 28 days — higher than 11% of the 28-day loads seen for T20 bowlers over the last 10 years (Cricsheet matches only).
A Simelane,T20,male,2026-09-17,2026-09-04,13,1.0,0.0,12.0,5.2,Light load,About 2.0 overs' worth of deliveries incl. extras (1 match) in the last 28 days — higher than 5% of the 28-day loads seen for T20 bowlers over the last 10 years (Cricsheet matches only).
M Jevdjenovic (W),T20,female,2026-09-17,2026-09-04,13,1.0,0.0,13.0,7.9,Light load,About 2.2 overs' worth of deliveries incl. extras (1 match) in the last 28 days — higher than 8% of the 28-day loads seen for T20 bowlers over the last 10 years (Cricsheet matches only).
M Modric (W),T20,female,2026-09-17,2026-09-04,13,1.0,0.0,19.0,14.6,Light load,About 3.2 overs' worth of deliveries incl. extras (1 match) in the last 28 days — higher than 15% of the 28-day loads seen for T20 bowlers over the last 10 years (Cricsheet matches only).
K Paskova (W),T20,female,2026-09-17,2026-09-04,13,1.0,0.0,9.0,4.0,Light load,About 1.5 overs' worth of deliveries incl. extras (1 match) in the last 28 days — higher than 4% of the 28-day loads seen for T20 bowlers over the last 10 years (Cricsheet matches only).
B Pierre (W),T20,female,2026-09-17,2026-09-04,13,6.0,0.0,150.0,94.1,Heavy load,About 25.0 overs' worth of deliveries incl. extras (6 matches) in the last 28 days — higher than 94% of the 28-day loads seen for T20 bowlers over the last 10 years (Cricsheet matches only).
Attia Diwan Ali (W),T20,female,2026-09-17,2026-09-05,12,6.0,0.0,153.0,94.5,Heavy load,About 25.5 overs' worth of deliveries incl. extras (6 matches) in the last 28 days — higher than 94% of the 28-day loads seen for T20 bowlers over the last 10 years (Cricsheet matches only).
Mysha Doshi (W),T20,female,2026-09-17,2026-09-05,12,1.0,0.0,10.0,4.4,Light load,About 1.7 overs' worth of deliveries incl. extras (1 match) in the last 28 days — higher than 4% of the 28-day loads seen for T20 bowlers over the last 10 years (Cricsheet matches only).
Peher Modi (W),T20,female,2026-09-17,2026-09-05,12,3.0,0.0,53.0,52.9,Normal load,About 8.8 overs' worth of deliveries incl. extras (3 matches) in the last 28 days — higher than 53% of the 28-day loads seen for T20 bowlers over the last 10 years (Cricsheet matches only).
Shonaya Mehta (W),T20,female,2026-09-17,2026-09-05,12,2.0,0.0,25.0,23.4,Light load,About 4.2 overs' worth of deliveries incl. extras (2 matches) in the last 28 days — higher than 23% of the 28-day loads seen for T20 bowlers over the last 10 years (Cricsheet matches only).
R Pavlickova (W),T20,female,2026-09-17,2026-09-05,12,7.0,0.0,107.0,84.6,Normal load,About 17.8 overs' worth of deliveries incl. extras (7 matches) in the last 28 days — higher than 85% of the 28-day loads seen for T20 bowlers over the last 10 years (Cricsheet matches only).
AN Kelly (W),T20,female,2026-09-17,2026-09-06,11,2.0,0.0,73.0,68.0,Normal load,About 12.2 overs' worth of deliveries incl. extras (2 matches) in the last 28 days — higher than 68% of the 28-day loads seen for T20 bowlers over the last 10 years (Cricsheet matches only).
C Murray (W),ODI,female,2026-09-17,2026-09-06,11,3.0,0.0,151.0,72.1,Normal load,About 25.2 overs' worth of deliveries incl. extras (3 matches) in the last 28 days — higher than 72% of the 28-day loads seen for ODI bowlers over the last 10 years (Cricsheet matches only).
CE Dean (W),ODI,female,2026-09-17,2026-09-06,11,3.0,0.0,156.0,73.8,Normal load,About 26.0 overs' worth of deliveries incl. extras (3 matches) in the last 28 days — higher than 74% of the 28-day loads seen for ODI bowlers over the last 10 years (Cricsheet matches only).
DR Gibson (W),T20,female,2026-09-17,2026-09-06,11,3.0,0.0,93.0,79.1,Normal load,About 15.5 overs' worth of deliveries incl. extras (3 matches) in the last 28 days — higher than 79% of the 28-day loads seen for T20 bowlers over the last 10 years (Cricsheet matches only).
KJ McCartney (W),ODI,female,2026-09-17,2026-09-06,11,3.0,0.0,138.0,67.4,Normal load,About 23.0 overs' worth of deliveries incl. extras (3 matches) in the last 28 days — higher than 67% of the 28-day loads seen for ODI bowlers over the last 10 years (Cricsheet matches only).
L Filer (W),ODI,female,2026-09-17,2026-09-06,11,2.0,0.0,118.0,59.8,Normal load,About 19.7 overs' worth of deliveries incl. extras (2 matches) in the last 28 days — higher than 60% of the 28-day loads seen for ODI bowlers over the last 10 years (Cricsheet matches only).
L Little (W),ODI,female,2026-09-17,2026-09-06,11,2.0,0.0,76.0,41.9,Light load,About 12.7 overs' worth of deliveries incl. extras (2 matches) in the last 28 days — higher than 42% of the 28-day loads seen for ODI bowlers over the last 10 years (Cricsheet matches only).
LA McBride (W),T20,female,2026-09-17,2026-09-06,11,1.0,0.0,54.0,53.7,Normal load,About 9.0 overs' worth of deliveries incl. extras (1 match) in the last 28 days — higher than 54% of the 28-day loads seen for T20 bowlers over the last 10 years (Cricsheet matches only).
MK Villiers (W),Test,female,2026-09-17,2026-09-06,11,3.0,0.0,141.0,64.2,Normal load,About 23.5 overs' worth of deliveries incl. extras (3 matches) in the last 28 days — higher than 64% of the 28-day loads seen for Test bowlers over the last 10 years (Cricsheet matches only).
MR Corteen-Coleman (W),ODI,female,2026-09-17,2026-09-06,11,3.0,0.0,152.0,72.6,Normal load,About 25.3 overs' worth of deliveries incl. extras (3 matches) in the last 28 days — higher than 73% of the 28-day loads seen for ODI bowlers over the last 10 years (Cricsheet matches only).
O Prendergast (W),ODI,female,2026-09-17,2026-09-06,11,3.0,0.0,111.0,56.8,Normal load,About 18.5 overs' worth of deliveries incl. extras (3 matches) in the last 28 days — higher than 57% of the 28-day loads seen for ODI bowlers over the last 10 years (Cricsheet matches only).
R MacDonald-Gay (W),ODI,female,2026-09-17,2026-09-06,11,2.0,0.0,95.0,49.7,Light load,About 15.8 overs' worth of deliveries incl. extras (2 matches) in the last 28 days — higher than 50% of the 28-day loads seen for ODI bowlers over the last 10 years (Cricsheet matches only).
AR Nedd,T20,male,2026-09-17,2026-09-06,11,2.0,0.0,42.0,34.4,Light load,About 7.0 overs' worth of deliveries incl. extras (2 matches) in the last 28 days — higher than 34% of the 28-day loads seen for T20 bowlers over the last 10 years (Cricsheet matches only).
A Goodridge,T20,male,2026-09-17,2026-09-06,11,1.0,0.0,11.0,3.8,Light load,About 1.8 overs' worth of deliveries incl. extras (1 match) in the last 28 days — higher than 4% of the 28-day loads seen for T20 bowlers over the last 10 years (Cricsheet matches only).
Mujeeb Ur Rahman,T20,male,2026-09-17,2026-09-06,11,5.0,0.0,122.0,80.3,Normal load,About 20.3 overs' worth of deliveries incl. extras (5 matches) in the last 28 days — higher than 80% of the 28-day loads seen for T20 bowlers over the last 10 years (Cricsheet matches only).
AGC Vimukthi (W),ODI,female,2026-09-17,2026-09-06,11,3.0,0.0,64.0,36.1,Light load,About 10.7 overs' worth of deliveries incl. extras (3 matches) in the last 28 days — higher than 36% of the 28-day loads seen for ODI bowlers over the last 10 years (Cricsheet matches only).
Farjana Easmin (W),T20,female,2026-09-17,2026-09-06,11,1.0,0.0,6.0,1.2,Light load,About 1.0 overs' worth of deliveries incl. extras (1 match) in the last 28 days — higher than 1% of the 28-day loads seen for T20 bowlers over the last 10 years (Cricsheet matches only).
Ritu Moni (W),T20,female,2026-09-17,2026-09-06,11,1.0,0.0,24.0,20.3,Light load,About 4.0 overs' worth of deliveries incl. extras (1 match) in the last 28 days — higher than 20% of the 28-day loads seen for T20 bowlers over the last 10 years (Cricsheet matches only).
S Mostary (W),ODI,female,2026-09-17,2026-09-06,11,1.0,0.0,2.0,0.0,Light load,About 0.3 overs' worth of deliveries incl. extras (1 match) in the last 28 days — higher than 0% of the 28-day loads seen for ODI bowlers over the last 10 years (Cricsheet matches only).
K Matigimu,T20,male,2026-09-17,2026-09-06,11,3.0,0.0,51.0,44.5,Light load,About 8.5 overs' worth of deliveries incl. extras (3 matches) in the last 28 days — higher than 44% of the 28-day loads seen for T20 bowlers over the last 10 years (Cricsheet matches only).
D Pavelic (W),T20,female,2026-09-17,2026-09-06,11,3.0,0.0,85.0,75.1,Normal load,About 14.2 overs' worth of deliveries incl. extras (3 matches) in the last 28 days — higher than 75% of the 28-day loads seen for T20 bowlers over the last 10 years (Cricsheet matches only).
H Leko (W),T20,female,2026-09-17,2026-09-06,11,3.0,0.0,85.0,75.1,Normal load,About 14.2 overs' worth of deliveries incl. extras (3 matches) in the last 28 days — higher than 75% of the 28-day loads seen for T20 bowlers over the last 10 years (Cricsheet matches only).
L Krvaric (W),T20,female,2026-09-17,2026-09-06,11,3.0,0.0,89.0,77.1,Normal load,About 14.8 overs' worth of deliveries incl. extras (3 matches) in the last 28 days — higher than 77% of the 28-day loads seen for T20 bowlers over the last 10 years (Cricsheet matches only).
M Durdevac (W),T20,female,2026-09-17,2026-09-06,11,3.0,0.0,90.0,77.6,Normal load,About 15.0 overs' worth of deliveries incl. extras (3 matches) in the last 28 days — higher than 78% of the 28-day loads seen for T20 bowlers over the last 10 years (Cricsheet matches only).
M Trajkovic (W),T20,female,2026-09-17,2026-09-06,11,3.0,0.0,73.0,68.0,Normal load,About 12.2 overs' worth of deliveries incl. extras (3 matches) in the last 28 days — higher than 68% of the 28-day loads seen for T20 bowlers over the last 10 years (Cricsheet matches only).
P Senjug (W),T20,female,2026-09-17,2026-09-06,11,3.0,0.0,83.0,74.1,Normal load,About 13.8 overs' worth of deliveries incl. extras (3 matches) in the last 28 days — higher than 74% of the 28-day loads seen for T20 bowlers over the last 10 years (Cricsheet matches only).
D Ruynekova (W),T20,female,2026-09-17,2026-09-06,11,3.0,0.0,68.0,64.5,Normal load,About 11.3 overs' worth of deliveries incl. extras (3 matches) in the last 28 days — higher than 64% of the 28-day loads seen for T20 bowlers over the last 10 years (Cricsheet matches only).
Danaya Ilieva (W),T20,female,2026-09-17,2026-09-06,11,3.0,0.0,63.0,61.0,Normal load,About 10.5 overs' worth of deliveries incl. extras (3 matches) in the last 28 days — higher than 61% of the 28-day loads seen for T20 bowlers over the last 10 years (Cricsheet matches only).
Deya Stefanova (W),T20,female,2026-09-17,2026-09-06,11,3.0,0.0,75.0,69.7,Normal load,About 12.5 overs' worth of deliveries incl. extras (3 matches) in the last 28 days — higher than 70% of the 28-day loads seen for T20 bowlers over the last 10 years (Cricsheet matches only).
Dunja Miskovic (W),T20,female,2026-09-17,2026-09-06,11,3.0,0.0,84.0,74.5,Normal load,About 14.0 overs' worth of deliveries incl. extras (3 matches) in the last 28 days — higher than 74% of the 28-day loads seen for T20 bowlers over the last 10 years (Cricsheet matches only).
E Prokic (W),T20,female,2026-09-17,2026-09-06,11,2.0,0.0,31.0,31.0,Light load,About 5.2 overs' worth of deliveries incl. extras (2 matches) in the last 28 days — higher than 31% of the 28-day loads seen for T20 bowlers over the last 10 years (Cricsheet matches only).
Jana Majski (W),T20,female,2026-09-17,2026-09-06,11,4.0,0.0,111.0,86.0,Heavy load,About 18.5 overs' worth of deliveries incl. extras (4 matches) in the last 28 days — higher than 86% of the 28-day loads seen for T20 bowlers over the last 10 years (Cricsheet matches only).
K Srandeva (W),T20,female,2026-09-17,2026-09-06,11,3.0,0.0,83.0,74.1,Normal load,About 13.8 overs' worth of deliveries incl. extras (3 matches) in the last 28 days — higher than 74% of the 28-day loads seen for T20 bowlers over the last 10 years (Cricsheet matches only).
M Stevanovic (W),T20,female,2026-09-17,2026-09-06,11,4.0,0.0,103.0,83.3,Normal load,About 17.2 overs' worth of deliveries incl. extras (4 matches) in the last 28 days — higher than 83% of the 28-day loads seen for T20 bowlers over the last 10 years (Cricsheet matches only).
N Nojic (W),T20,female,2026-09-17,2026-09-06,11,4.0,0.0,114.0,86.9,Heavy load,About 19.0 overs' worth of deliveries incl. extras (4 matches) in the last 28 days — higher than 87% of the 28-day loads seen for T20 bowlers over the last 10 years (Cricsheet matches only).
S Sarandeva (W),T20,female,2026-09-17,2026-09-06,11,3.0,0.0,80.0,72.4,Normal load,About 13.3 overs' worth of deliveries incl. extras (3 matches) in the last 28 days — higher than 72% of the 28-day loads seen for T20 bowlers over the last 10 years (Cricsheet matches only).
S Simic (W),T20,female,2026-09-17,2026-09-06,11,2.0,0.0,38.0,37.3,Light load,About 6.3 overs' worth of deliveries incl. extras (2 matches) in the last 28 days — higher than 37% of the 28-day loads seen for T20 bowlers over the last 10 years (Cricsheet matches only).
V Nikolova (W),T20,female,2026-09-17,2026-09-06,11,3.0,0.0,40.0,39.0,Light load,About 6.7 overs' worth of deliveries incl. extras (3 matches) in the last 28 days — higher than 39% of the 28-day loads seen for T20 bowlers over the last 10 years (Cricsheet matches only).
A Ilahi (W),T20,female,2026-09-17,2026-09-06,11,8.0,0.0,200.0,98.3,Very heavy load,About 33.3 overs' worth of deliveries incl. extras (8 matches) in the last 28 days — higher than 98% of the 28-day loads seen for T20 bowlers over the last 10 years (Cricsheet matches only).
AC Brodin (W),T20,female,2026-09-17,2026-09-06,11,5.0,0.0,81.0,73.0,Normal load,About 13.5 overs' worth of deliveries incl. extras (5 matches) in the last 28 days — higher than 73% of the 28-day loads seen for T20 bowlers over the last 10 years (Cricsheet matches only).
ASCLD Faria (W),T20,female,2026-09-17,2026-09-06,11,2.0,0.0,35.0,34.0,Light load,About 5.8 overs' worth of deliveries incl. extras (2 matches) in the last 28 days — higher than 34% of the 28-day loads seen for T20 bowlers over the last 10 years (Cricsheet matches only).
IK Cheema (W),T20,female,2026-09-17,2026-09-06,11,4.0,0.0,93.0,79.1,Normal load,About 15.5 overs' worth of deliveries incl. extras (4 matches) in the last 28 days — higher than 79% of the 28-day loads seen for T20 bowlers over the last 10 years (Cricsheet matches only).
K Sequiera (W),T20,female,2026-09-17,2026-09-06,11,5.0,0.0,116.0,87.5,Heavy load,About 19.3 overs' worth of deliveries incl. extras (5 matches) in the last 28 days — higher than 88% of the 28-day loads seen for T20 bowlers over the last 10 years (Cricsheet matches only).
Payal Kothar (W),T20,female,2026-09-17,2026-09-06,11,4.0,0.0,73.0,68.0,Normal load,About 12.2 overs' worth of deliveries incl. extras (4 matches) in the last 28 days — higher than 68% of the 28-day loads seen for T20 bowlers over the last 10 years (Cricsheet matches only).
Rithika Rajesh (W),T20,female,2026-09-17,2026-09-06,11,4.0,0.0,102.0,82.9,Normal load,About 17.0 overs' worth of deliveries incl. extras (4 matches) in the last 28 days — higher than 83% of the 28-day loads seen for T20 bowlers over the last 10 years (Cricsheet matches only).
S Sinha (W),T20,female,2026-09-17,2026-09-06,11,8.0,0.0,201.0,98.3,Very heavy load,About 33.5 overs' worth of deliveries incl. extras (8 matches) in the last 28 days — higher than 98% of the 28-day loads seen for T20 bowlers over the last 10 years (Cricsheet matches only).
Afsheen Ahmed (W),T20,female,2026-09-17,2026-09-06,11,6.0,0.0,113.0,86.6,Heavy load,About 18.8 overs' worth of deliveries incl. extras (6 matches) in the last 28 days — higher than 87% of the 28-day loads seen for T20 bowlers over the last 10 years (Cricsheet matches only).
D Marikova-Moodley (W),T20,female,2026-09-17,2026-09-06,11,8.0,0.0,129.0,90.6,Heavy load,About 21.5 overs' worth of deliveries incl. extras (8 matches) in the last 28 days — higher than 91% of the 28-day loads seen for T20 bowlers over the last 10 years (Cricsheet matches only).
E Kuncova (W),T20,female,2026-09-17,2026-09-06,11,8.0,0.0,182.0,97.2,Very heavy load,About 30.3 overs' worth of deliveries incl. extras (8 matches) in the last 28 days — higher than 97% of the 28-day loads seen for T20 bowlers over the last 10 years (Cricsheet matches only).
Isabel Walker (W),T20,female,2026-09-17,2026-09-06,11,6.0,0.0,161.0,95.3,Very heavy load,About 26.8 overs' worth of deliveries incl. extras (6 matches) in the last 28 days — higher than 95% of the 28-day loads seen for T20 bowlers over the last 10 years (Cricsheet matches only).
MHS James (W),T20,female,2026-09-17,2026-09-06,11,5.0,0.0,116.0,87.5,Heavy load,About 19.3 overs' worth of deliveries incl. extras (5 matches) in the last 28 days — higher than 88% of the 28-day loads seen for T20 bowlers over the last 10 years (Cricsheet matches only).
NT Raghunandan (W),T20,female,2026-09-17,2026-09-06,11,5.0,0.0,125.0,89.8,Heavy load,About 20.8 overs' worth of deliveries incl. extras (5 matches) in the last 28 days — higher than 90% of the 28-day loads seen for T20 bowlers over the last 10 years (Cricsheet matches only).
S Talamarla (W),T20,female,2026-09-17,2026-09-06,11,8.0,0.0,199.0,98.2,Very heavy load,About 33.2 overs' worth of deliveries incl. extras (8 matches) in the last 28 days — higher than 98% of the 28-day loads seen for T20 bowlers over the last 10 years (Cricsheet matches only).
Viola Komeda (W),T20,female,2026-09-17,2026-09-06,11,8.0,0.0,184.0,97.3,Very heavy load,About 30.7 overs' worth of deliveries incl. extras (8 matches) in the last 28 days — higher than 97% of the 28-day loads seen for T20 bowlers over the last 10 years (Cricsheet matches only).
Iqra Sahar (W),T20,female,2026-09-17,2026-09-07,10,2.0,0.0,54.0,53.7,Normal load,About 9.0 overs' worth of deliveries incl. extras (2 matches) in the last 28 days — higher than 54% of the 28-day loads seen for T20 bowlers over the last 10 years (Cricsheet matches only).
Joyleen Kaur (W),T20,female,2026-09-17,2026-09-07,10,3.0,0.0,52.0,52.1,Normal load,About 8.7 overs' worth of deliveries incl. extras (3 matches) in the last 28 days — higher than 52% of the 28-day loads seen for T20 bowlers over the last 10 years (Cricsheet matches only).
KY Chan (W),T20,female,2026-09-17,2026-09-07,10,3.0,0.0,72.0,67.1,Normal load,About 12.0 overs' worth of deliveries incl. extras (3 matches) in the last 28 days — higher than 67% of the 28-day loads seen for T20 bowlers over the last 10 years (Cricsheet matches only).
M Bibi (W),T20,female,2026-09-17,2026-09-07,10,3.0,0.0,38.0,37.3,Light load,About 6.3 overs' worth of deliveries incl. extras (3 matches) in the last 28 days — higher than 37% of the 28-day loads seen for T20 bowlers over the last 10 years (Cricsheet matches only).
M Wai Siu (W),T20,female,2026-09-17,2026-09-07,10,3.0,0.0,67.0,63.7,Normal load,About 11.2 overs' worth of deliveries incl. extras (3 matches) in the last 28 days — higher than 64% of the 28-day loads seen for T20 bowlers over the last 10 years (Cricsheet matches only).
MBA Lamplough (W),T20,female,2026-09-17,2026-09-07,10,3.0,0.0,66.0,63.0,Normal load,About 11.0 overs' worth of deliveries incl. extras (3 matches) in the last 28 days — higher than 63% of the 28-day loads seen for T20 bowlers over the last 10 years (Cricsheet matches only).
Ruchitha Venkatesh (W),T20,female,2026-09-17,2026-09-07,10,3.0,0.0,37.0,36.1,Light load,About 6.2 overs' worth of deliveries incl. extras (3 matches) in the last 28 days — higher than 36% of the 28-day loads seen for T20 bowlers over the last 10 years (Cricsheet matches only).
AS Joseph,T20,male,2026-09-17,2026-09-08,9,4.0,0.0,79.0,62.6,Normal load,About 13.2 overs' worth of deliveries incl. extras (4 matches) in the last 28 days — higher than 63% of the 28-day loads seen for T20 bowlers over the last 10 years (Cricsheet matches only).
JM James,T20,male,2026-09-17,2026-09-08,9,5.0,0.0,85.0,65.2,Normal load,About 14.2 overs' worth of deliveries incl. extras (5 matches) in the last 28 days — higher than 65% of the 28-day loads seen for T20 bowlers over the last 10 years (Cricsheet matches only).
JNT Seales,Test,male,2026-09-17,2026-09-08,9,5.0,0.0,77.0,25.2,Light load,About 12.8 overs' worth of deliveries incl. extras (5 matches) in the last 28 days — higher than 25% of the 28-day loads seen for Test bowlers over the last 10 years (Cricsheet matches only).
Mohammad Nabi,T20,male,2026-09-17,2026-09-08,9,5.0,0.0,108.0,75.3,Normal load,About 18.0 overs' worth of deliveries incl. extras (5 matches) in the last 28 days — higher than 75% of the 28-day loads seen for T20 bowlers over the last 10 years (Cricsheet matches only).
Shadab Khan,T20,male,2026-09-17,2026-09-08,9,4.0,0.0,97.0,70.8,Normal load,About 16.2 overs' worth of deliveries incl. extras (4 matches) in the last 28 days — higher than 71% of the 28-day loads seen for T20 bowlers over the last 10 years (Cricsheet matches only).
Sufiyan Muqeem,T20,male,2026-09-17,2026-09-08,9,3.0,0.0,63.0,52.4,Normal load,About 10.5 overs' worth of deliveries incl. extras (3 matches) in the last 28 days — higher than 52% of the 28-day loads seen for T20 bowlers over the last 10 years (Cricsheet matches only).
Archara Supriya (W),T20,female,2026-09-17,2026-09-08,9,1.0,0.0,12.0,5.9,Light load,About 2.0 overs' worth of deliveries incl. extras (1 match) in the last 28 days — higher than 6% of the 28-day loads seen for T20 bowlers over the last 10 years (Cricsheet matches only).
ER Oza (W),T20,female,2026-09-17,2026-09-08,9,3.0,0.0,65.0,62.3,Normal load,About 10.8 overs' worth of deliveries incl. extras (3 matches) in the last 28 days — higher than 62% of the 28-day loads seen for T20 bowlers over the last 10 years (Cricsheet matches only).
H Hotchandani (W),T20,female,2026-09-17,2026-09-08,9,2.0,0.0,49.0,48.4,Light load,About 8.2 overs' worth of deliveries incl. extras (2 matches) in the last 28 days — higher than 48% of the 28-day loads seen for T20 bowlers over the last 10 years (Cricsheet matches only).
I Nandakumar (W),ODI,female,2026-09-17,2026-09-08,9,2.0,0.0,39.0,19.8,Light load,About 6.5 overs' worth of deliveries incl. extras (2 matches) in the last 28 days — higher than 20% of the 28-day loads seen for ODI bowlers over the last 10 years (Cricsheet matches only).
J Thirukkumaran (W),T20,female,2026-09-17,2026-09-08,9,2.0,0.0,19.0,14.6,Light load,About 3.2 overs' worth of deliveries incl. extras (2 matches) in the last 28 days — higher than 15% of the 28-day loads seen for T20 bowlers over the last 10 years (Cricsheet matches only).
S Dharnidharka (W),ODI,female,2026-09-17,2026-09-08,9,3.0,0.0,32.0,16.3,Light load,About 5.3 overs' worth of deliveries incl. extras (3 matches) in the last 28 days — higher than 16% of the 28-day loads seen for ODI bowlers over the last 10 years (Cricsheet matches only).
S Kotte (W),T20,female,2026-09-17,2026-09-08,9,3.0,0.0,56.0,55.6,Normal load,About 9.3 overs' worth of deliveries incl. extras (3 matches) in the last 28 days — higher than 56% of the 28-day loads seen for T20 bowlers over the last 10 years (Cricsheet matches only).
J Ramanandi,ODI,male,2026-09-17,2026-09-08,9,1.0,0.0,38.0,19.5,Light load,About 6.3 overs' worth of deliveries incl. extras (1 match) in the last 28 days — higher than 20% of the 28-day loads seen for ODI bowlers over the last 10 years (Cricsheet matches only).
Muhammad Jawadullah,ODI,male,2026-09-17,2026-09-08,9,1.0,0.0,39.0,19.9,Light load,About 6.5 overs' worth of deliveries incl. extras (1 match) in the last 28 days — higher than 20% of the 28-day loads seen for ODI bowlers over the last 10 years (Cricsheet matches only).
Nadeem Khan,ODI,male,2026-09-17,2026-09-08,9,1.0,0.0,61.0,34.0,Light load,About 10.2 overs' worth of deliveries incl. extras (1 match) in the last 28 days — higher than 34% of the 28-day loads seen for ODI bowlers over the last 10 years (Cricsheet matches only).
M Fumba,T20,male,2026-09-17,2026-09-08,9,1.0,0.0,17.0,8.9,Light load,About 2.8 overs' worth of deliveries incl. extras (1 match) in the last 28 days — higher than 9% of the 28-day loads seen for T20 bowlers over the last 10 years (Cricsheet matches only).
AAP Atkinson,Test,male,2026-09-17,2026-09-09,8,2.0,0.0,282.0,73.8,Normal load,About 47.0 overs' worth of deliveries incl. extras (2 matches) in the last 28 days — higher than 74% of the 28-day loads seen for Test bowlers over the last 10 years (Cricsheet matches only).
DW Lawrence,Test,male,2026-09-17,2026-09-09,8,2.0,0.0,40.0,12.0,Light load,About 6.7 overs' worth of deliveries incl. extras (2 matches) in the last 28 days — higher than 12% of the 28-day loads seen for Test bowlers over the last 10 years (Cricsheet matches only).
HC Brook,Test,male,2026-09-17,2026-09-09,8,1.0,0.0,6.0,0.8,Light load,About 1.0 overs' worth of deliveries incl. extras (1 match) in the last 28 days — higher than 1% of the 28-day loads seen for Test bowlers over the last 10 years (Cricsheet matches only).
Mohammad Abbas,Test,male,2026-09-17,2026-09-09,8,2.0,0.0,441.0,87.9,Heavy load,About 73.5 overs' worth of deliveries incl. extras (2 matches) in the last 28 days — higher than 88% of the 28-day loads seen for Test bowlers over the last 10 years (Cricsheet matches only).
Mohammad Ali,Test,male,2026-09-17,2026-09-09,8,2.0,0.0,389.0,83.9,Normal load,About 64.8 overs' worth of deliveries incl. extras (2 matches) in the last 28 days — higher than 84% of the 28-day loads seen for Test bowlers over the last 10 years (Cricsheet matches only).
Mohammad Imran,Test,male,2026-09-17,2026-09-09,8,1.0,0.0,128.0,40.6,Light load,About 21.3 overs' worth of deliveries incl. extras (1 match) in the last 28 days — higher than 41% of the 28-day loads seen for Test bowlers over the last 10 years (Cricsheet matches only).
OE Robinson,Test,male,2026-09-17,2026-09-09,8,2.0,0.0,370.0,82.4,Normal load,About 61.7 overs' worth of deliveries incl. extras (2 matches) in the last 28 days — higher than 82% of the 28-day loads seen for Test bowlers over the last 10 years (Cricsheet matches only).
Razaullah,Test,male,2026-09-17,2026-09-09,8,1.0,0.0,168.0,51.9,Normal load,About 28.0 overs' worth of deliveries incl. extras (1 match) in the last 28 days — higher than 52% of the 28-day loads seen for Test bowlers over the last 10 years (Cricsheet matches only).
J Bishop,T20,male,2026-09-17,2026-09-09,8,5.0,0.0,109.0,75.7,Normal load,About 18.2 overs' worth of deliveries incl. extras (5 matches) in the last 28 days — higher than 76% of the 28-day loads seen for T20 bowlers over the last 10 years (Cricsheet matches only).
K Pierre,Test,male,2026-09-17,2026-09-09,8,6.0,0.0,92.0,29.1,Light load,About 15.3 overs' worth of deliveries incl. extras (6 matches) in the last 28 days — higher than 29% of the 28-day loads seen for Test bowlers over the last 10 years (Cricsheet matches only).
KIC Asalanka,ODI,male,2026-09-17,2026-09-09,8,3.0,0.0,48.0,24.8,Light load,About 8.0 overs' worth of deliveries incl. extras (3 matches) in the last 28 days — higher than 25% of the 28-day loads seen for ODI bowlers over the last 10 years (Cricsheet matches only).
MW Forde,T20,male,2026-09-17,2026-09-09,8,5.0,0.0,116.0,78.1,Normal load,About 19.3 overs' worth of deliveries incl. extras (5 matches) in the last 28 days — higher than 78% of the 28-day loads seen for T20 bowlers over the last 10 years (Cricsheet matches only).
RL Chase,Test,male,2026-09-17,2026-09-09,8,5.0,0.0,124.0,39.5,Light load,About 20.7 overs' worth of deliveries incl. extras (5 matches) in the last 28 days — higher than 40% of the 28-day loads seen for Test bowlers over the last 10 years (Cricsheet matches only).
BM Scholtz,ODI,male,2026-09-17,2026-09-09,8,3.0,0.0,90.0,46.7,Light load,About 15.0 overs' worth of deliveries incl. extras (3 matches) in the last 28 days — higher than 47% of the 28-day loads seen for ODI bowlers over the last 10 years (Cricsheet matches only).
JJ Smit,ODI,male,2026-09-17,2026-09-09,8,5.0,0.0,143.0,66.8,Normal load,About 23.8 overs' worth of deliveries incl. extras (5 matches) in the last 28 days — higher than 67% of the 28-day loads seen for ODI bowlers over the last 10 years (Cricsheet matches only).
JO Holder,T20,male,2026-09-17,2026-09-10,7,5.0,0.0,102.0,73.2,Normal load,About 17.0 overs' worth of deliveries incl. extras (5 matches) in the last 28 days — higher than 73% of the 28-day loads seen for T20 bowlers over the last 10 years (Cricsheet matches only).
JS Louis,T20,male,2026-09-17,2026-09-10,7,4.0,0.0,66.0,53.9,Normal load,About 11.0 overs' worth of deliveries incl. extras (4 matches) in the last 28 days — higher than 54% of the 28-day loads seen for T20 bowlers over the last 10 years (Cricsheet matches only).
N Bidaisee,T20,male,2026-09-17,2026-09-10,7,3.0,0.0,36.0,29.7,Light load,About 6.0 overs' worth of deliveries incl. extras (3 matches) in the last 28 days — higher than 30% of the 28-day loads seen for T20 bowlers over the last 10 years (Cricsheet matches only).
Naseem Shah,T20,male,2026-09-17,2026-09-10,7,5.0,0.0,104.0,74.0,Normal load,About 17.3 overs' worth of deliveries incl. extras (5 matches) in the last 28 days — higher than 74% of the 28-day loads seen for T20 bowlers over the last 10 years (Cricsheet matches only).
Waqar Salamkheil,T20,male,2026-09-17,2026-09-10,7,3.0,0.0,54.0,46.5,Light load,About 9.0 overs' worth of deliveries incl. extras (3 matches) in the last 28 days — higher than 46% of the 28-day loads seen for T20 bowlers over the last 10 years (Cricsheet matches only).
Fahima Khatun (W),ODI,female,2026-09-17,2026-09-10,7,4.0,0.0,79.0,43.0,Light load,About 13.2 overs' worth of deliveries incl. extras (4 matches) in the last 28 days — higher than 43% of the 28-day loads seen for ODI bowlers over the last 10 years (Cricsheet matches only).
Marufa Akter (W),T20,female,2026-09-17,2026-09-10,7,4.0,0.0,92.0,78.6,Normal load,About 15.3 overs' worth of deliveries incl. extras (4 matches) in the last 28 days — higher than 79% of the 28-day loads seen for T20 bowlers over the last 10 years (Cricsheet matches only).
Nahida Akter (W),ODI,female,2026-09-17,2026-09-10,7,4.0,0.0,97.0,50.8,Normal load,About 16.2 overs' worth of deliveries incl. extras (4 matches) in the last 28 days — higher than 51% of the 28-day loads seen for ODI bowlers over the last 10 years (Cricsheet matches only).
Rabeya Khan (W),T20,female,2026-09-17,2026-09-10,7,3.0,0.0,64.0,61.6,Normal load,About 10.7 overs' worth of deliveries incl. extras (3 matches) in the last 28 days — higher than 62% of the 28-day loads seen for T20 bowlers over the last 10 years (Cricsheet matches only).
Shorna Akter (W),ODI,female,2026-09-17,2026-09-10,7,2.0,0.0,19.0,7.0,Light load,About 3.2 overs' worth of deliveries incl. extras (2 matches) in the last 28 days — higher than 7% of the 28-day loads seen for ODI bowlers over the last 10 years (Cricsheet matches only).
Sultana Khatun (W),T20,female,2026-09-17,2026-09-10,7,3.0,0.0,66.0,63.0,Normal load,About 11.0 overs' worth of deliveries incl. extras (3 matches) in the last 28 days — higher than 63% of the 28-day loads seen for T20 bowlers over the last 10 years (Cricsheet matches only).
Hassnain Shah,ODI,male,2026-09-17,2026-09-10,7,2.0,0.0,113.0,56.5,Normal load,About 18.8 overs' worth of deliveries incl. extras (2 matches) in the last 28 days — higher than 56% of the 28-day loads seen for ODI bowlers over the last 10 years (Cricsheet matches only).
Jay Odedra,ODI,male,2026-09-17,2026-09-10,7,2.0,0.0,91.0,47.2,Light load,About 15.2 overs' worth of deliveries incl. extras (2 matches) in the last 28 days — higher than 47% of the 28-day loads seen for ODI bowlers over the last 10 years (Cricsheet matches only).
K Sonavale,ODI,male,2026-09-17,2026-09-10,7,1.0,0.0,36.0,17.6,Light load,About 6.0 overs' worth of deliveries incl. extras (1 match) in the last 28 days — higher than 18% of the 28-day loads seen for ODI bowlers over the last 10 years (Cricsheet matches only).
Muhammed Imran,ODI,male,2026-09-17,2026-09-10,7,1.0,0.0,50.0,27.1,Light load,About 8.3 overs' worth of deliveries incl. extras (1 match) in the last 28 days — higher than 27% of the 28-day loads seen for ODI bowlers over the last 10 years (Cricsheet matches only).
Mujibur Ali,ODI,male,2026-09-17,2026-09-10,7,2.0,0.0,85.0,44.7,Light load,About 14.2 overs' worth of deliveries incl. extras (2 matches) in the last 28 days — higher than 45% of the 28-day loads seen for ODI bowlers over the last 10 years (Cricsheet matches only).
S Malla,T20,male,2026-09-17,2026-09-10,7,1.0,0.0,12.0,5.2,Light load,About 2.0 overs' worth of deliveries incl. extras (1 match) in the last 28 days — higher than 5% of the 28-day loads seen for T20 bowlers over the last 10 years (Cricsheet matches only).
Shakeel Ahmed,ODI,male,2026-09-17,2026-09-10,7,2.0,0.0,104.0,53.0,Normal load,About 17.3 overs' worth of deliveries incl. extras (2 matches) in the last 28 days — higher than 53% of the 28-day loads seen for ODI bowlers over the last 10 years (Cricsheet matches only).
AJ Hosein,T20,male,2026-09-17,2026-09-11,6,8.0,24.0,156.0,89.1,Heavy load,About 26.0 overs' worth of deliveries incl. extras (8 matches) in the last 28 days — higher than 89% of the 28-day loads seen for T20 bowlers over the last 10 years (Cricsheet matches only).
CBRLS Kumara,Test,male,2026-09-17,2026-09-11,6,5.0,26.0,209.0,62.7,Normal load,About 34.8 overs' worth of deliveries incl. extras (5 matches) in the last 28 days — higher than 63% of the 28-day loads seen for Test bowlers over the last 10 years (Cricsheet matches only).
D Pretorius,T20,male,2026-09-17,2026-09-11,6,7.0,21.0,123.0,80.7,Normal load,About 20.5 overs' worth of deliveries incl. extras (7 matches) in the last 28 days — higher than 81% of the 28-day loads seen for T20 bowlers over the last 10 years (Cricsheet matches only).
JP Greaves,Test,male,2026-09-17,2026-09-11,6,3.0,11.0,37.0,11.3,Light load,About 6.2 overs' worth of deliveries incl. extras (3 matches) in the last 28 days — higher than 11% of the 28-day loads seen for Test bowlers over the last 10 years (Cricsheet matches only).
JU Goolie,T20,male,2026-09-17,2026-09-11,6,5.0,6.0,85.0,65.2,Normal load,About 14.2 overs' worth of deliveries incl. extras (5 matches) in the last 28 days — higher than 65% of the 28-day loads seen for T20 bowlers over the last 10 years (Cricsheet matches only).
R Shepherd,T20,male,2026-09-17,2026-09-11,6,7.0,6.0,85.0,65.2,Normal load,About 14.2 overs' worth of deliveries incl. extras (7 matches) in the last 28 days — higher than 65% of the 28-day loads seen for T20 bowlers over the last 10 years (Cricsheet matches only).
S Joseph,Test,male,2026-09-17,2026-09-11,6,7.0,24.0,154.0,48.0,Light load,About 25.7 overs' worth of deliveries incl. extras (7 matches) in the last 28 days — higher than 48% of the 28-day loads seen for Test bowlers over the last 10 years (Cricsheet matches only).
SP Narine,T20,male,2026-09-17,2026-09-11,6,8.0,24.0,184.0,94.1,Heavy load,About 30.7 overs' worth of deliveries incl. extras (8 matches) in the last 28 days — higher than 94% of the 28-day loads seen for T20 bowlers over the last 10 years (Cricsheet matches only).
Usman Tariq,T20,male,2026-09-17,2026-09-11,6,8.0,25.0,194.0,95.3,Very heavy load,About 32.3 overs' worth of deliveries incl. extras (8 matches) in the last 28 days — higher than 95% of the 28-day loads seen for T20 bowlers over the last 10 years (Cricsheet matches only).
Ayesha Zafar (W),T20,female,2026-09-17,2026-09-11,6,3.0,6.0,31.0,31.0,Light load,About 5.2 overs' worth of deliveries incl. extras (3 matches) in the last 28 days — higher than 31% of the 28-day loads seen for T20 bowlers over the last 10 years (Cricsheet matches only).
Sadia Iqbal (W),ODI,female,2026-09-17,2026-09-11,6,4.0,24.0,78.0,42.5,Light load,About 13.0 overs' worth of deliveries incl. extras (4 matches) in the last 28 days — higher than 42% of the 28-day loads seen for ODI bowlers over the last 10 years (Cricsheet matches only).
D Jansen,T20,male,2026-09-17,2026-09-11,6,7.0,60.0,209.0,96.7,Very heavy load,About 34.8 overs' worth of deliveries incl. extras (7 matches) in the last 28 days — higher than 97% of the 28-day loads seen for T20 bowlers over the last 10 years (Cricsheet matches only).
JC Balt,T20,male,2026-09-17,2026-09-11,6,3.0,62.0,110.0,76.1,Normal load,About 18.3 overs' worth of deliveries incl. extras (3 matches) in the last 28 days — higher than 76% of the 28-day loads seen for T20 bowlers over the last 10 years (Cricsheet matches only).
JF Smith,ODI,male,2026-09-17,2026-09-11,6,1.0,24.0,24.0,10.2,Light load,About 4.0 overs' worth of deliveries incl. extras (1 match) in the last 28 days — higher than 10% of the 28-day loads seen for ODI bowlers over the last 10 years (Cricsheet matches only).
P Subrayen,Test,male,2026-09-17,2026-09-11,6,6.0,42.0,165.0,51.1,Normal load,About 27.5 overs' worth of deliveries incl. extras (6 matches) in the last 28 days — higher than 51% of the 28-day loads seen for Test bowlers over the last 10 years (Cricsheet matches only).
DM Gondaria,T20,male,2026-09-17,2026-09-11,6,1.0,19.0,19.0,12.4,Light load,About 3.2 overs' worth of deliveries incl. extras (1 match) in the last 28 days — higher than 12% of the 28-day loads seen for T20 bowlers over the last 10 years (Cricsheet matches only).
OF Smith,T20,male,2026-09-17,2026-09-12,5,4.0,14.0,41.0,33.5,Light load,About 6.8 overs' worth of deliveries incl. extras (4 matches) in the last 28 days — higher than 34% of the 28-day loads seen for T20 bowlers over the last 10 years (Cricsheet matches only).
Basir Ahamad,ODI,male,2026-09-17,2026-09-12,5,1.0,15.0,15.0,5.3,Light load,About 2.5 overs' worth of deliveries incl. extras (1 match) in the last 28 days — higher than 5% of the 28-day loads seen for ODI bowlers over the last 10 years (Cricsheet matches only).
DS Airee,ODI,male,2026-09-17,2026-09-12,5,2.0,62.0,99.0,50.9,Normal load,About 16.5 overs' worth of deliveries incl. extras (2 matches) in the last 28 days — higher than 51% of the 28-day loads seen for ODI bowlers over the last 10 years (Cricsheet matches only).
Gulsan Jha,ODI,male,2026-09-17,2026-09-12,5,1.0,39.0,39.0,19.9,Light load,About 6.5 overs' worth of deliveries incl. extras (1 match) in the last 28 days — higher than 20% of the 28-day loads seen for ODI bowlers over the last 10 years (Cricsheet matches only).
Karan KC,ODI,male,2026-09-17,2026-09-12,5,2.0,56.0,86.0,45.2,Light load,About 14.3 overs' worth of deliveries incl. extras (2 matches) in the last 28 days — higher than 45% of the 28-day loads seen for ODI bowlers over the last 10 years (Cricsheet matches only).
LN Rajbanshi,ODI,male,2026-09-17,2026-09-12,5,2.0,60.0,90.0,46.7,Light load,About 15.0 overs' worth of deliveries incl. extras (2 matches) in the last 28 days — higher than 47% of the 28-day loads seen for ODI bowlers over the last 10 years (Cricsheet matches only).
RK Paudel,ODI,male,2026-09-17,2026-09-12,5,2.0,12.0,37.0,18.7,Light load,About 6.2 overs' worth of deliveries incl. extras (2 matches) in the last 28 days — higher than 19% of the 28-day loads seen for ODI bowlers over the last 10 years (Cricsheet matches only).
S Lamichhane,ODI,male,2026-09-17,2026-09-12,5,2.0,60.0,96.0,49.3,Light load,About 16.0 overs' worth of deliveries incl. extras (2 matches) in the last 28 days — higher than 49% of the 28-day loads seen for ODI bowlers over the last 10 years (Cricsheet matches only).
E Kusuda-Nairn (W),T20,female,2026-09-17,2026-09-12,5,1.0,12.0,12.0,5.9,Light load,About 2.0 overs' worth of deliveries incl. extras (1 match) in the last 28 days — higher than 6% of the 28-day loads seen for T20 bowlers over the last 10 years (Cricsheet matches only).
K Ota (W),T20,female,2026-09-17,2026-09-12,5,1.0,19.0,19.0,14.6,Light load,About 3.2 overs' worth of deliveries incl. extras (1 match) in the last 28 days — higher than 15% of the 28-day loads seen for T20 bowlers over the last 10 years (Cricsheet matches only).
D Maisuria,T20,male,2026-09-17,2026-09-12,5,4.0,24.0,55.0,47.3,Light load,About 9.2 overs' worth of deliveries incl. extras (4 matches) in the last 28 days — higher than 47% of the 28-day loads seen for T20 bowlers over the last 10 years (Cricsheet matches only).
L Lamin,T20,male,2026-09-17,2026-09-12,5,2.0,7.0,13.0,7.1,Light load,About 2.2 overs' worth of deliveries incl. extras (2 matches) in the last 28 days — higher than 7% of the 28-day loads seen for T20 bowlers over the last 10 years (Cricsheet matches only).
S Williams,T20,male,2026-09-17,2026-09-12,5,4.0,19.0,82.0,64.0,Normal load,About 13.7 overs' worth of deliveries incl. extras (4 matches) in the last 28 days — higher than 64% of the 28-day loads seen for T20 bowlers over the last 10 years (Cricsheet matches only).
GD Phillips,T20,male,2026-09-17,2026-09-13,4,3.0,12.0,24.0,17.2,Light load,About 4.0 overs' worth of deliveries incl. extras (3 matches) in the last 28 days — higher than 17% of the 28-day loads seen for T20 bowlers over the last 10 years (Cricsheet matches only).
GF Linde,T20,male,2026-09-17,2026-09-13,4,1.0,24.0,24.0,17.2,Light load,About 4.0 overs' worth of deliveries incl. extras (1 match) in the last 28 days — higher than 17% of the 28-day loads seen for T20 bowlers over the last 10 years (Cricsheet matches only).
Imran Tahir,T20,male,2026-09-17,2026-09-13,4,8.0,48.0,191.0,95.0,Heavy load,About 31.8 overs' worth of deliveries incl. extras (8 matches) in the last 28 days — higher than 95% of the 28-day loads seen for T20 bowlers over the last 10 years (Cricsheet matches only).
J Layne,Test,male,2026-09-17,2026-09-13,4,1.0,19.0,19.0,4.8,Light load,About 3.2 overs' worth of deliveries incl. extras (1 match) in the last 28 days — higher than 5% of the 28-day loads seen for Test bowlers over the last 10 years (Cricsheet matches only).
Mehedi Hasan Miraz,Test,male,2026-09-17,2026-09-13,4,4.0,48.0,84.0,26.9,Light load,About 14.0 overs' worth of deliveries incl. extras (4 matches) in the last 28 days — higher than 27% of the 28-day loads seen for Test bowlers over the last 10 years (Cricsheet matches only).
RJ Alimohamed,T20,male,2026-09-17,2026-09-13,4,1.0,6.0,6.0,1.5,Light load,About 1.0 overs' worth of deliveries incl. extras (1 match) in the last 28 days — higher than 2% of the 28-day loads seen for T20 bowlers over the last 10 years (Cricsheet matches only).
S Descarte,T20,male,2026-09-17,2026-09-13,4,5.0,26.0,57.0,48.5,Light load,About 9.5 overs' worth of deliveries incl. extras (5 matches) in the last 28 days — higher than 48% of the 28-day loads seen for T20 bowlers over the last 10 years (Cricsheet matches only).
SE Rutherford,ODI,male,2026-09-17,2026-09-13,4,2.0,1.0,10.0,2.4,Light load,About 1.7 overs' worth of deliveries incl. extras (2 matches) in the last 28 days — higher than 2% of the 28-day loads seen for ODI bowlers over the last 10 years (Cricsheet matches only).
V Permaul,T20,male,2026-09-17,2026-09-13,4,2.0,49.0,49.0,41.8,Light load,About 8.2 overs' worth of deliveries incl. extras (2 matches) in the last 28 days — higher than 42% of the 28-day loads seen for T20 bowlers over the last 10 years (Cricsheet matches only).
A Bosch (W),T20,female,2026-09-17,2026-09-13,4,1.0,13.0,13.0,7.9,Light load,About 2.2 overs' worth of deliveries incl. extras (1 match) in the last 28 days — higher than 8% of the 28-day loads seen for T20 bowlers over the last 10 years (Cricsheet matches only).
L Mabhero (W),ODI,female,2026-09-17,2026-09-13,4,2.0,45.0,45.0,23.6,Light load,About 7.5 overs' worth of deliveries incl. extras (2 matches) in the last 28 days — higher than 24% of the 28-day loads seen for ODI bowlers over the last 10 years (Cricsheet matches only).
N Nini (W),T20,female,2026-09-17,2026-09-13,4,2.0,42.0,42.0,40.5,Light load,About 7.0 overs' worth of deliveries incl. extras (2 matches) in the last 28 days — higher than 40% of the 28-day loads seen for T20 bowlers over the last 10 years (Cricsheet matches only).
AC Jayangani (W),ODI,female,2026-09-17,2026-09-13,4,5.0,49.0,114.0,57.9,Normal load,About 19.0 overs' worth of deliveries incl. extras (5 matches) in the last 28 days — higher than 58% of the 28-day loads seen for ODI bowlers over the last 10 years (Cricsheet matches only).
BMSM Kumari (W),T20,female,2026-09-17,2026-09-13,4,5.0,48.0,114.0,86.9,Heavy load,About 19.0 overs' worth of deliveries incl. extras (5 matches) in the last 28 days — higher than 87% of the 28-day loads seen for T20 bowlers over the last 10 years (Cricsheet matches only).
C Praboda (W),T20,female,2026-09-17,2026-09-13,4,5.0,48.0,114.0,86.9,Heavy load,About 19.0 overs' worth of deliveries incl. extras (5 matches) in the last 28 days — higher than 87% of the 28-day loads seen for T20 bowlers over the last 10 years (Cricsheet matches only).
DB Sharma (W),ODI,female,2026-09-17,2026-09-13,4,5.0,24.0,92.0,48.5,Light load,About 15.3 overs' worth of deliveries incl. extras (5 matches) in the last 28 days — higher than 48% of the 28-day loads seen for ODI bowlers over the last 10 years (Cricsheet matches only).
K Goud (W),ODI,female,2026-09-17,2026-09-13,4,5.0,12.0,79.0,43.0,Light load,About 13.2 overs' worth of deliveries incl. extras (5 matches) in the last 28 days — higher than 43% of the 28-day loads seen for ODI bowlers over the last 10 years (Cricsheet matches only).
M Ayodhya (W),T20,female,2026-09-17,2026-09-13,4,3.0,49.0,72.0,67.1,Normal load,About 12.0 overs' worth of deliveries incl. extras (3 matches) in the last 28 days — higher than 67% of the 28-day loads seen for T20 bowlers over the last 10 years (Cricsheet matches only).
N Shree Charani (W),T20,female,2026-09-17,2026-09-13,4,5.0,24.0,110.0,85.6,Heavy load,About 18.3 overs' worth of deliveries incl. extras (5 matches) in the last 28 days — higher than 86% of the 28-day loads seen for T20 bowlers over the last 10 years (Cricsheet matches only).
NND de Silva (W),T20,female,2026-09-17,2026-09-13,4,3.0,14.0,20.0,16.1,Light load,About 3.3 overs' worth of deliveries incl. extras (3 matches) in the last 28 days — higher than 16% of the 28-day loads seen for T20 bowlers over the last 10 years (Cricsheet matches only).
NSS Sharma (W),T20,female,2026-09-17,2026-09-13,4,5.0,18.0,85.0,75.1,Normal load,About 14.2 overs' worth of deliveries incl. extras (5 matches) in the last 28 days — higher than 75% of the 28-day loads seen for T20 bowlers over the last 10 years (Cricsheet matches only).
P Rawat (W),T20,female,2026-09-17,2026-09-13,4,5.0,18.0,109.0,85.2,Heavy load,About 18.2 overs' worth of deliveries incl. extras (5 matches) in the last 28 days — higher than 85% of the 28-day loads seen for T20 bowlers over the last 10 years (Cricsheet matches only).
Shafali Verma (W),T20,female,2026-09-17,2026-09-13,4,4.0,24.0,72.0,67.1,Normal load,About 12.0 overs' worth of deliveries incl. extras (4 matches) in the last 28 days — higher than 67% of the 28-day loads seen for T20 bowlers over the last 10 years (Cricsheet matches only).
WK Dilhari (W),ODI,female,2026-09-17,2026-09-13,4,5.0,37.0,92.0,48.5,Light load,About 15.3 overs' worth of deliveries incl. extras (5 matches) in the last 28 days — higher than 48% of the 28-day loads seen for ODI bowlers over the last 10 years (Cricsheet matches only).
BC Fortuin,ODI,male,2026-09-17,2026-09-13,4,7.0,60.0,209.0,84.0,Normal load,About 34.8 overs' worth of deliveries incl. extras (7 matches) in the last 28 days — higher than 84% of the 28-day loads seen for ODI bowlers over the last 10 years (Cricsheet matches only).
C Bosch,T20,male,2026-09-17,2026-09-13,4,2.0,38.0,82.0,64.0,Normal load,About 13.7 overs' worth of deliveries incl. extras (2 matches) in the last 28 days — higher than 64% of the 28-day loads seen for T20 bowlers over the last 10 years (Cricsheet matches only).
E Bosch,T20,male,2026-09-17,2026-09-13,4,6.0,77.0,168.0,91.4,Heavy load,About 28.0 overs' worth of deliveries incl. extras (6 matches) in the last 28 days — higher than 91% of the 28-day loads seen for T20 bowlers over the last 10 years (Cricsheet matches only).
JN Loftie-Eaton,ODI,male,2026-09-17,2026-09-13,4,3.0,48.0,54.0,29.2,Light load,About 9.0 overs' worth of deliveries incl. extras (3 matches) in the last 28 days — higher than 29% of the 28-day loads seen for ODI bowlers over the last 10 years (Cricsheet matches only).
JT Brassell,ODI,male,2026-09-17,2026-09-13,4,7.0,100.0,229.0,87.4,Heavy load,About 38.2 overs' worth of deliveries incl. extras (7 matches) in the last 28 days — higher than 87% of the 28-day loads seen for ODI bowlers over the last 10 years (Cricsheet matches only).
KT Maphaka,T20,male,2026-09-17,2026-09-13,4,6.0,39.0,169.0,91.6,Heavy load,About 28.2 overs' worth of deliveries incl. extras (6 matches) in the last 28 days — higher than 92% of the 28-day loads seen for T20 bowlers over the last 10 years (Cricsheet matches only).
M Heingo,T20,male,2026-09-17,2026-09-13,4,6.0,27.0,140.0,85.2,Heavy load,About 23.3 overs' worth of deliveries incl. extras (6 matches) in the last 28 days — higher than 85% of the 28-day loads seen for T20 bowlers over the last 10 years (Cricsheet matches only).
MG Erasmus,T20,male,2026-09-17,2026-09-13,4,6.0,42.0,142.0,85.7,Heavy load,About 23.7 overs' worth of deliveries incl. extras (6 matches) in the last 28 days — higher than 86% of the 28-day loads seen for T20 bowlers over the last 10 years (Cricsheet matches only).
N Mokoena,T20,male,2026-09-17,2026-09-13,4,5.0,76.0,142.0,85.7,Heavy load,About 23.7 overs' worth of deliveries incl. extras (5 matches) in the last 28 days — higher than 86% of the 28-day loads seen for T20 bowlers over the last 10 years (Cricsheet matches only).
N Peter,ODI,male,2026-09-17,2026-09-13,4,4.0,73.0,103.0,52.4,Normal load,About 17.2 overs' worth of deliveries incl. extras (4 matches) in the last 28 days — higher than 52% of the 28-day loads seen for ODI bowlers over the last 10 years (Cricsheet matches only).
R Trumpelmann,ODI,male,2026-09-17,2026-09-13,4,7.0,87.0,255.0,91.2,Heavy load,About 42.5 overs' worth of deliveries incl. extras (7 matches) in the last 28 days — higher than 91% of the 28-day loads seen for ODI bowlers over the last 10 years (Cricsheet matches only).
W Smith,T20,male,2026-09-17,2026-09-13,4,2.0,72.0,72.0,57.8,Normal load,About 12.0 overs' worth of deliveries incl. extras (2 matches) in the last 28 days — higher than 58% of the 28-day loads seen for T20 bowlers over the last 10 years (Cricsheet matches only).
A Chandel (W),T20,female,2026-09-17,2026-09-13,4,2.0,47.0,47.0,45.8,Light load,About 7.8 overs' worth of deliveries incl. extras (2 matches) in the last 28 days — higher than 46% of the 28-day loads seen for T20 bowlers over the last 10 years (Cricsheet matches only).
A Fujikawa (W),T20,female,2026-09-17,2026-09-13,4,2.0,53.0,53.0,52.9,Normal load,About 8.8 overs' worth of deliveries incl. extras (2 matches) in the last 28 days — higher than 53% of the 28-day loads seen for T20 bowlers over the last 10 years (Cricsheet matches only).
Ainna Hamizah Hashim (W),T20,female,2026-09-17,2026-09-13,4,2.0,20.0,20.0,16.1,Light load,About 3.3 overs' worth of deliveries incl. extras (2 matches) in the last 28 days — higher than 16% of the 28-day loads seen for T20 bowlers over the last 10 years (Cricsheet matches only).
Aisya Eleesa (W),T20,female,2026-09-17,2026-09-13,4,2.0,37.0,37.0,36.1,Light load,About 6.2 overs' worth of deliveries incl. extras (2 matches) in the last 28 days — higher than 36% of the 28-day loads seen for T20 bowlers over the last 10 years (Cricsheet matches only).
M Kaswan (W),T20,female,2026-09-17,2026-09-13,4,1.0,24.0,24.0,20.3,Light load,About 4.0 overs' worth of deliveries incl. extras (1 match) in the last 28 days — higher than 20% of the 28-day loads seen for T20 bowlers over the last 10 years (Cricsheet matches only).
M Ogawa (W),T20,female,2026-09-17,2026-09-13,4,1.0,11.0,11.0,4.6,Light load,About 1.8 overs' worth of deliveries incl. extras (1 match) in the last 28 days — higher than 5% of the 28-day loads seen for T20 bowlers over the last 10 years (Cricsheet matches only).
Mahirah Izzati Ismail (W),T20,female,2026-09-17,2026-09-13,4,2.0,25.0,25.0,23.4,Light load,About 4.2 overs' worth of deliveries incl. extras (2 matches) in the last 28 days — higher than 23% of the 28-day loads seen for T20 bowlers over the last 10 years (Cricsheet matches only).
Nonoha Yasumoto (W),T20,female,2026-09-17,2026-09-13,4,2.0,38.0,38.0,37.3,Light load,About 6.3 overs' worth of deliveries incl. extras (2 matches) in the last 28 days — higher than 37% of the 28-day loads seen for T20 bowlers over the last 10 years (Cricsheet matches only).
Nur Arianna Natsya (W),T20,female,2026-09-17,2026-09-13,4,1.0,8.0,8.0,3.5,Light load,About 1.3 overs' worth of deliveries incl. extras (1 match) in the last 28 days — higher than 4% of the 28-day loads seen for T20 bowlers over the last 10 years (Cricsheet matches only).
Nur Dania Syuhada (W),T20,female,2026-09-17,2026-09-13,4,2.0,43.0,43.0,41.8,Light load,About 7.2 overs' worth of deliveries incl. extras (2 matches) in the last 28 days — higher than 42% of the 28-day loads seen for T20 bowlers over the last 10 years (Cricsheet matches only).
Nur Qalysha (W),T20,female,2026-09-17,2026-09-13,4,1.0,9.0,9.0,4.0,Light load,About 1.5 overs' worth of deliveries incl. extras (1 match) in the last 28 days — higher than 4% of the 28-day loads seen for T20 bowlers over the last 10 years (Cricsheet matches only).
Nurin Imanina (W),T20,female,2026-09-17,2026-09-13,4,2.0,38.0,38.0,37.3,Light load,About 6.3 overs' worth of deliveries incl. extras (2 matches) in the last 28 days — higher than 37% of the 28-day loads seen for T20 bowlers over the last 10 years (Cricsheet matches only).
S Kato (W),T20,female,2026-09-17,2026-09-13,4,2.0,44.0,44.0,43.1,Light load,About 7.3 overs' worth of deliveries incl. extras (2 matches) in the last 28 days — higher than 43% of the 28-day loads seen for T20 bowlers over the last 10 years (Cricsheet matches only).
SM Dhanusri (W),T20,female,2026-09-17,2026-09-13,4,2.0,30.0,30.0,29.9,Light load,About 5.0 overs' worth of deliveries incl. extras (2 matches) in the last 28 days — higher than 30% of the 28-day loads seen for T20 bowlers over the last 10 years (Cricsheet matches only).
WA Duraisingam (W),T20,female,2026-09-17,2026-09-13,4,2.0,44.0,44.0,43.1,Light load,About 7.3 overs' worth of deliveries incl. extras (2 matches) in the last 28 days — higher than 43% of the 28-day loads seen for T20 bowlers over the last 10 years (Cricsheet matches only).
AB Kamara,T20,male,2026-09-17,2026-09-13,4,4.0,39.0,63.0,52.4,Normal load,About 10.5 overs' worth of deliveries incl. extras (4 matches) in the last 28 days — higher than 52% of the 28-day loads seen for T20 bowlers over the last 10 years (Cricsheet matches only).
Aliya Kamara,T20,male,2026-09-17,2026-09-13,4,3.0,8.0,26.0,23.0,Light load,About 4.3 overs' worth of deliveries incl. extras (3 matches) in the last 28 days — higher than 23% of the 28-day loads seen for T20 bowlers over the last 10 years (Cricsheet matches only).
M Mooketsi,T20,male,2026-09-17,2026-09-13,4,5.0,70.0,115.0,77.8,Normal load,About 19.2 overs' worth of deliveries incl. extras (5 matches) in the last 28 days — higher than 78% of the 28-day loads seen for T20 bowlers over the last 10 years (Cricsheet matches only).
Rizwan Haider,T20,male,2026-09-17,2026-09-14,3,1.0,21.0,21.0,14.3,Light load,About 3.5 overs' worth of deliveries incl. extras (1 match) in the last 28 days — higher than 14% of the 28-day loads seen for T20 bowlers over the last 10 years (Cricsheet matches only).
DN Wellalage,T20,male,2026-09-17,2026-09-15,2,1.0,19.0,19.0,12.4,Light load,About 3.2 overs' worth of deliveries incl. extras (1 match) in the last 28 days — higher than 12% of the 28-day loads seen for T20 bowlers over the last 10 years (Cricsheet matches only).
JC Tongue,Test,male,2026-09-17,2026-09-15,2,3.0,26.0,308.0,77.0,Normal load,About 51.3 overs' worth of deliveries incl. extras (3 matches) in the last 28 days — higher than 77% of the 28-day loads seen for Test bowlers over the last 10 years (Cricsheet matches only).
M Theekshana,T20,male,2026-09-17,2026-09-15,2,6.0,12.0,133.0,83.4,Normal load,About 22.2 overs' worth of deliveries incl. extras (6 matches) in the last 28 days — higher than 83% of the 28-day loads seen for T20 bowlers over the last 10 years (Cricsheet matches only).
MD Shanaka,T20,male,2026-09-17,2026-09-15,2,1.0,22.0,22.0,14.7,Light load,About 3.7 overs' worth of deliveries incl. extras (1 match) in the last 28 days — higher than 15% of the 28-day loads seen for T20 bowlers over the last 10 years (Cricsheet matches only).
A Zampa,T20,male,2026-09-17,2026-09-15,2,1.0,61.0,61.0,50.9,Normal load,About 10.2 overs' worth of deliveries incl. extras (1 match) in the last 28 days — higher than 51% of the 28-day loads seen for T20 bowlers over the last 10 years (Cricsheet matches only).
B Evans,T20,male,2026-09-17,2026-09-15,2,6.0,55.0,170.0,91.8,Heavy load,About 28.3 overs' worth of deliveries incl. extras (6 matches) in the last 28 days — higher than 92% of the 28-day loads seen for T20 bowlers over the last 10 years (Cricsheet matches only).
B Muzarabani,T20,male,2026-09-17,2026-09-15,2,5.0,62.0,158.0,89.5,Heavy load,About 26.3 overs' worth of deliveries incl. extras (5 matches) in the last 28 days — higher than 90% of the 28-day loads seen for T20 bowlers over the last 10 years (Cricsheet matches only).
BJ Bennett,T20,male,2026-09-17,2026-09-15,2,2.0,18.0,24.0,17.2,Light load,About 4.0 overs' worth of deliveries incl. extras (2 matches) in the last 28 days — higher than 17% of the 28-day loads seen for T20 bowlers over the last 10 years (Cricsheet matches only).
C Connolly,T20,male,2026-09-17,2026-09-15,2,1.0,24.0,24.0,17.2,Light load,About 4.0 overs' worth of deliveries incl. extras (1 match) in the last 28 days — higher than 17% of the 28-day loads seen for T20 bowlers over the last 10 years (Cricsheet matches only).
MT Renshaw,ODI,male,2026-09-17,2026-09-15,2,1.0,24.0,24.0,10.2,Light load,About 4.0 overs' worth of deliveries incl. extras (1 match) in the last 28 days — higher than 10% of the 28-day loads seen for ODI bowlers over the last 10 years (Cricsheet matches only).
NT Ellis,T20,male,2026-09-17,2026-09-15,2,1.0,56.0,56.0,48.0,Light load,About 9.3 overs' worth of deliveries incl. extras (1 match) in the last 28 days — higher than 48% of the 28-day loads seen for T20 bowlers over the last 10 years (Cricsheet matches only).
NT Nyamhuri,T20,male,2026-09-17,2026-09-15,2,5.0,61.0,151.0,88.1,Heavy load,About 25.2 overs' worth of deliveries incl. extras (5 matches) in the last 28 days — higher than 88% of the 28-day loads seen for T20 bowlers over the last 10 years (Cricsheet matches only).
OJ Peake,ODI,male,2026-09-17,2026-09-15,2,1.0,6.0,6.0,1.1,Light load,About 1.0 overs' worth of deliveries incl. extras (1 match) in the last 28 days — higher than 1% of the 28-day loads seen for ODI bowlers over the last 10 years (Cricsheet matches only).
SH Johnson,T20,male,2026-09-17,2026-09-15,2,1.0,58.0,58.0,49.0,Light load,About 9.7 overs' worth of deliveries incl. extras (1 match) in the last 28 days — higher than 49% of the 28-day loads seen for T20 bowlers over the last 10 years (Cricsheet matches only).
Sikandar Raza,T20,male,2026-09-17,2026-09-15,2,6.0,66.0,182.0,93.8,Heavy load,About 30.3 overs' worth of deliveries incl. extras (6 matches) in the last 28 days — higher than 94% of the 28-day loads seen for T20 bowlers over the last 10 years (Cricsheet matches only).
W Madhevere,T20,male,2026-09-17,2026-09-15,2,6.0,18.0,68.0,55.5,Normal load,About 11.3 overs' worth of deliveries incl. extras (6 matches) in the last 28 days — higher than 56% of the 28-day loads seen for T20 bowlers over the last 10 years (Cricsheet matches only).
WP Masakadza,T20,male,2026-09-17,2026-09-15,2,4.0,36.0,79.0,62.6,Normal load,About 13.2 overs' worth of deliveries incl. extras (4 matches) in the last 28 days — higher than 63% of the 28-day loads seen for T20 bowlers over the last 10 years (Cricsheet matches only).
XC Bartlett,T20,male,2026-09-17,2026-09-15,2,1.0,50.0,50.0,43.3,Light load,About 8.3 overs' worth of deliveries incl. extras (1 match) in the last 28 days — higher than 43% of the 28-day loads seen for T20 bowlers over the last 10 years (Cricsheet matches only).
B Biza (W),ODI,female,2026-09-17,2026-09-15,2,3.0,37.0,37.0,18.5,Light load,About 6.2 overs' worth of deliveries incl. extras (3 matches) in the last 28 days — higher than 18% of the 28-day loads seen for ODI bowlers over the last 10 years (Cricsheet matches only).
L Tshuma (W),ODI,female,2026-09-17,2026-09-15,2,3.0,25.0,25.0,12.0,Light load,About 4.2 overs' worth of deliveries incl. extras (3 matches) in the last 28 days — higher than 12% of the 28-day loads seen for ODI bowlers over the last 10 years (Cricsheet matches only).
S Naidu (W),T20,female,2026-09-17,2026-09-15,2,3.0,73.0,73.0,68.0,Normal load,About 12.2 overs' worth of deliveries incl. extras (3 matches) in the last 28 days — higher than 68% of the 28-day loads seen for T20 bowlers over the last 10 years (Cricsheet matches only).
T Makusha (W),ODI,female,2026-09-17,2026-09-15,2,3.0,53.0,53.0,28.8,Light load,About 8.8 overs' worth of deliveries incl. extras (3 matches) in the last 28 days — higher than 29% of the 28-day loads seen for ODI bowlers over the last 10 years (Cricsheet matches only).
Riazat Ali Shah,T20,male,2026-09-17,2026-09-15,2,4.0,30.0,54.0,46.5,Light load,About 9.0 overs' worth of deliveries incl. extras (4 matches) in the last 28 days — higher than 46% of the 28-day loads seen for T20 bowlers over the last 10 years (Cricsheet matches only).
JM Iradukunda,T20,male,2026-09-17,2026-09-15,2,3.0,45.0,69.0,56.2,Normal load,About 11.5 overs' worth of deliveries incl. extras (3 matches) in the last 28 days — higher than 56% of the 28-day loads seen for T20 bowlers over the last 10 years (Cricsheet matches only).
P Koech,T20,male,2026-09-17,2026-09-15,2,4.0,38.0,82.0,64.0,Normal load,About 13.7 overs' worth of deliveries incl. extras (4 matches) in the last 28 days — higher than 64% of the 28-day loads seen for T20 bowlers over the last 10 years (Cricsheet matches only).
S Gill,T20,male,2026-09-17,2026-09-15,2,6.0,88.0,137.0,84.4,Normal load,About 22.8 overs' worth of deliveries incl. extras (6 matches) in the last 28 days — higher than 84% of the 28-day loads seen for T20 bowlers over the last 10 years (Cricsheet matches only).
AD Russell,T20,male,2026-09-17,2026-09-16,1,3.0,49.0,67.0,54.7,Normal load,About 11.2 overs' worth of deliveries incl. extras (3 matches) in the last 28 days — higher than 55% of the 28-day loads seen for T20 bowlers over the last 10 years (Cricsheet matches only).
AM Ghazanfar,T20,male,2026-09-17,2026-09-16,1,4.0,62.0,80.0,63.1,Normal load,About 13.3 overs' worth of deliveries incl. extras (4 matches) in the last 28 days — higher than 63% of the 28-day loads seen for T20 bowlers over the last 10 years (Cricsheet matches only).
CJ Green,T20,male,2026-09-17,2026-09-16,1,9.0,61.0,199.0,95.9,Very heavy load,About 33.2 overs' worth of deliveries incl. extras (9 matches) in the last 28 days — higher than 96% of the 28-day loads seen for T20 bowlers over the last 10 years (Cricsheet matches only).
DR Sams,T20,male,2026-09-17,2026-09-16,1,8.0,44.0,181.0,93.6,Heavy load,About 30.2 overs' worth of deliveries incl. extras (8 matches) in the last 28 days — higher than 94% of the 28-day loads seen for T20 bowlers over the last 10 years (Cricsheet matches only).
G Motie,ODI,male,2026-09-17,2026-09-16,1,9.0,62.0,171.0,75.2,Normal load,About 28.5 overs' worth of deliveries incl. extras (9 matches) in the last 28 days — higher than 75% of the 28-day loads seen for ODI bowlers over the last 10 years (Cricsheet matches only).
Hassan Khan,T20,male,2026-09-17,2026-09-16,1,3.0,36.0,60.0,50.0,Light load,About 10.0 overs' worth of deliveries incl. extras (3 matches) in the last 28 days — higher than 50% of the 28-day loads seen for T20 bowlers over the last 10 years (Cricsheet matches only).
Hunain Shah,T20,male,2026-09-17,2026-09-16,1,6.0,52.0,140.0,85.2,Heavy load,About 23.3 overs' worth of deliveries incl. extras (6 matches) in the last 28 days — higher than 85% of the 28-day loads seen for T20 bowlers over the last 10 years (Cricsheet matches only).
JJ Pollard,T20,male,2026-09-17,2026-09-16,1,5.0,32.0,100.0,72.5,Normal load,About 16.7 overs' worth of deliveries incl. extras (5 matches) in the last 28 days — higher than 72% of the 28-day loads seen for T20 bowlers over the last 10 years (Cricsheet matches only).
KA Anderson,T20,male,2026-09-17,2026-09-16,1,1.0,2.0,2.0,0.1,Light load,About 0.3 overs' worth of deliveries incl. extras (1 match) in the last 28 days — higher than 0% of the 28-day loads seen for T20 bowlers over the last 10 years (Cricsheet matches only).
KMA Paul,T20,male,2026-09-17,2026-09-16,1,6.0,45.0,135.0,83.9,Normal load,About 22.5 overs' worth of deliveries incl. extras (6 matches) in the last 28 days — higher than 84% of the 28-day loads seen for T20 bowlers over the last 10 years (Cricsheet matches only).
R Powell,T20,male,2026-09-17,2026-09-16,1,1.0,1.0,1.0,0.0,Light load,About 0.2 overs' worth of deliveries incl. extras (1 match) in the last 28 days — higher than 0% of the 28-day loads seen for T20 bowlers over the last 10 years (Cricsheet matches only).
Saim Ayub,T20,male,2026-09-17,2026-09-16,1,5.0,25.0,167.0,91.2,Heavy load,About 27.8 overs' worth of deliveries incl. extras (5 matches) in the last 28 days — higher than 91% of the 28-day loads seen for T20 bowlers over the last 10 years (Cricsheet matches only).
VO Lawes,ODI,male,2026-09-17,2026-09-16,1,6.0,31.0,103.0,52.4,Normal load,About 17.2 overs' worth of deliveries incl. extras (6 matches) in the last 28 days — higher than 52% of the 28-day loads seen for ODI bowlers over the last 10 years (Cricsheet matches only).
AD Nath,ODI,male,2026-09-17,2026-09-16,1,2.0,42.0,42.0,21.0,Light load,About 7.0 overs' worth of deliveries incl. extras (2 matches) in the last 28 days — higher than 21% of the 28-day loads seen for ODI bowlers over the last 10 years (Cricsheet matches only).
Adeeb Usmani,ODI,male,2026-09-17,2026-09-16,1,3.0,67.0,93.0,48.2,Light load,About 15.5 overs' worth of deliveries incl. extras (3 matches) in the last 28 days — higher than 48% of the 28-day loads seen for ODI bowlers over the last 10 years (Cricsheet matches only).
Muhammad Amir,T20,male,2026-09-17,2026-09-16,1,1.0,6.0,6.0,1.5,Light load,About 1.0 overs' worth of deliveries incl. extras (1 match) in the last 28 days — higher than 2% of the 28-day loads seen for T20 bowlers over the last 10 years (Cricsheet matches only).
P Madhukar,T20,male,2026-09-17,2026-09-16,1,2.0,43.0,43.0,35.7,Light load,About 7.2 overs' worth of deliveries incl. extras (2 matches) in the last 28 days — higher than 36% of the 28-day loads seen for T20 bowlers over the last 10 years (Cricsheet matches only).
S Vijay Unni,T20,male,2026-09-17,2026-09-16,1,2.0,30.0,30.0,25.8,Light load,About 5.0 overs' worth of deliveries incl. extras (2 matches) in the last 28 days — higher than 26% of the 28-day loads seen for T20 bowlers over the last 10 years (Cricsheet matches only).
B Keganne,T20,male,2026-09-17,2026-09-16,1,3.0,39.0,39.0,32.6,Light load,About 6.5 overs' worth of deliveries incl. extras (3 matches) in the last 28 days — higher than 33% of the 28-day loads seen for T20 bowlers over the last 10 years (Cricsheet matches only).
E Kasaija,T20,male,2026-09-17,2026-09-16,1,3.0,46.0,64.0,52.9,Normal load,About 10.7 overs' worth of deliveries incl. extras (3 matches) in the last 28 days — higher than 53% of the 28-day loads seen for T20 bowlers over the last 10 years (Cricsheet matches only).
G Sesay,T20,male,2026-09-17,2026-09-16,1,7.0,95.0,175.0,92.8,Heavy load,About 29.2 overs' worth of deliveries incl. extras (7 matches) in the last 28 days — higher than 93% of the 28-day loads seen for T20 bowlers over the last 10 years (Cricsheet matches only).
Mohamed Turay,T20,male,2026-09-17,2026-09-16,1,4.0,12.0,74.0,59.6,Normal load,About 12.3 overs' worth of deliveries incl. extras (4 matches) in the last 28 days — higher than 60% of the 28-day loads seen for T20 bowlers over the last 10 years (Cricsheet matches only).
R Coker,T20,male,2026-09-17,2026-09-16,1,7.0,74.0,131.0,82.9,Normal load,About 21.8 overs' worth of deliveries incl. extras (7 matches) in the last 28 days — higher than 83% of the 28-day loads seen for T20 bowlers over the last 10 years (Cricsheet matches only).
S Conteh,T20,male,2026-09-17,2026-09-16,1,7.0,66.0,134.0,83.6,Normal load,About 22.3 overs' worth of deliveries incl. extras (7 matches) in the last 28 days — higher than 84% of the 28-day loads seen for T20 bowlers over the last 10 years (Cricsheet matches only).
Z Bimenyimana,T20,male,2026-09-17,2026-09-16,1,4.0,43.0,73.0,58.7,Normal load,About 12.2 overs' worth of deliveries incl. extras (4 matches) in the last 28 days — higher than 59% of the 28-day loads seen for T20 bowlers over the last 10 years (Cricsheet matches only).
AU Rashid,T20,male,2026-09-17,2026-09-17,0,2.0,37.0,37.0,30.9,Light load,About 6.2 overs' worth of deliveries incl. extras (2 matches) in the last 28 days — higher than 31% of the 28-day loads seen for T20 bowlers over the last 10 years (Cricsheet matches only).
D Madushanka,T20,male,2026-09-17,2026-09-17,0,1.0,12.0,12.0,5.2,Light load,About 2.0 overs' worth of deliveries incl. extras (1 match) in the last 28 days — higher than 5% of the 28-day loads seen for T20 bowlers over the last 10 years (Cricsheet matches only).
E Malinga,T20,male,2026-09-17,2026-09-17,0,2.0,41.0,41.0,33.5,Light load,About 6.8 overs' worth of deliveries incl. extras (2 matches) in the last 28 days — higher than 34% of the 28-day loads seen for T20 bowlers over the last 10 years (Cricsheet matches only).
J Overton,T20,male,2026-09-17,2026-09-17,0,2.0,45.0,45.0,37.9,Light load,About 7.5 overs' worth of deliveries incl. extras (2 matches) in the last 28 days — higher than 38% of the 28-day loads seen for T20 bowlers over the last 10 years (Cricsheet matches only).
JC Archer,Test,male,2026-09-17,2026-09-17,0,3.0,24.0,365.0,82.0,Normal load,About 60.8 overs' worth of deliveries incl. extras (3 matches) in the last 28 days — higher than 82% of the 28-day loads seen for Test bowlers over the last 10 years (Cricsheet matches only).
KTH Ratnayake,T20,male,2026-09-17,2026-09-17,0,1.0,13.0,13.0,7.1,Light load,About 2.2 overs' worth of deliveries incl. extras (1 match) in the last 28 days — higher than 7% of the 28-day loads seen for T20 bowlers over the last 10 years (Cricsheet matches only).
LA Dawson,T20,male,2026-09-17,2026-09-17,0,2.0,43.0,43.0,35.7,Light load,About 7.2 overs' worth of deliveries incl. extras (2 matches) in the last 28 days — higher than 36% of the 28-day loads seen for T20 bowlers over the last 10 years (Cricsheet matches only).
PVD Chameera,T20,male,2026-09-17,2026-09-17,0,2.0,45.0,45.0,37.9,Light load,About 7.5 overs' worth of deliveries incl. extras (2 matches) in the last 28 days — higher than 38% of the 28-day loads seen for T20 bowlers over the last 10 years (Cricsheet matches only).
PWH de Silva,T20,male,2026-09-17,2026-09-17,0,7.0,42.0,157.0,89.3,Heavy load,About 26.2 overs' worth of deliveries incl. extras (7 matches) in the last 28 days — higher than 89% of the 28-day loads seen for T20 bowlers over the last 10 years (Cricsheet matches only).
S Baker,Test,male,2026-09-17,2026-09-17,0,2.0,49.0,49.0,15.6,Light load,About 8.2 overs' worth of deliveries incl. extras (2 matches) in the last 28 days — higher than 16% of the 28-day loads seen for Test bowlers over the last 10 years (Cricsheet matches only).
WG Jacks,Test,male,2026-09-17,2026-09-17,0,2.0,18.0,18.0,4.0,Light load,About 3.0 overs' worth of deliveries incl. extras (2 matches) in the last 28 days — higher than 4% of the 28-day loads seen for Test bowlers over the last 10 years (Cricsheet matches only).
A Dercksen (W),T20,female,2026-09-17,2026-09-17,0,3.0,63.0,63.0,61.0,Normal load,About 10.5 overs' worth of deliveries incl. extras (3 matches) in the last 28 days — higher than 61% of the 28-day loads seen for T20 bowlers over the last 10 years (Cricsheet matches only).
A Hlubi (W),ODI,female,2026-09-17,2026-09-17,0,2.0,43.0,43.0,22.2,Light load,About 7.2 overs' worth of deliveries incl. extras (2 matches) in the last 28 days — higher than 22% of the 28-day loads seen for ODI bowlers over the last 10 years (Cricsheet matches only).
C Mutasa (W),ODI,female,2026-09-17,2026-09-17,0,3.0,15.0,15.0,4.4,Light load,About 2.5 overs' worth of deliveries incl. extras (3 matches) in the last 28 days — higher than 4% of the 28-day loads seen for ODI bowlers over the last 10 years (Cricsheet matches only).
C Wyngaard (W),T20,female,2026-09-17,2026-09-17,0,3.0,57.0,57.0,56.4,Normal load,About 9.5 overs' worth of deliveries incl. extras (3 matches) in the last 28 days — higher than 56% of the 28-day loads seen for T20 bowlers over the last 10 years (Cricsheet matches only).
E Marx (W),T20,female,2026-09-17,2026-09-17,0,4.0,79.0,79.0,71.9,Normal load,About 13.2 overs' worth of deliveries incl. extras (4 matches) in the last 28 days — higher than 72% of the 28-day loads seen for T20 bowlers over the last 10 years (Cricsheet matches only).
F Chipare (W),T20,female,2026-09-17,2026-09-17,0,1.0,25.0,25.0,23.4,Light load,About 4.2 overs' worth of deliveries incl. extras (1 match) in the last 28 days — higher than 23% of the 28-day loads seen for T20 bowlers over the last 10 years (Cricsheet matches only).
K Reyneke (W),T20,female,2026-09-17,2026-09-17,0,4.0,56.0,56.0,55.6,Normal load,About 9.3 overs' worth of deliveries incl. extras (4 matches) in the last 28 days — higher than 56% of the 28-day loads seen for T20 bowlers over the last 10 years (Cricsheet matches only).
L Phiri (W),ODI,female,2026-09-17,2026-09-17,0,2.0,31.0,31.0,15.6,Light load,About 5.2 overs' worth of deliveries incl. extras (2 matches) in the last 28 days — higher than 16% of the 28-day loads seen for ODI bowlers over the last 10 years (Cricsheet matches only).
LE Nzuza (W),T20,female,2026-09-17,2026-09-17,0,2.0,42.0,42.0,40.5,Light load,About 7.0 overs' worth of deliveries incl. extras (2 matches) in the last 28 days — higher than 40% of the 28-day loads seen for T20 bowlers over the last 10 years (Cricsheet matches only).
M Mavunga (W),T20,female,2026-09-17,2026-09-17,0,4.0,76.0,76.0,70.4,Normal load,About 12.7 overs' worth of deliveries incl. extras (4 matches) in the last 28 days — higher than 70% of the 28-day loads seen for T20 bowlers over the last 10 years (Cricsheet matches only).
M Smit (W),ODI,female,2026-09-17,2026-09-17,0,2.0,18.0,18.0,5.5,Light load,About 3.0 overs' worth of deliveries incl. extras (2 matches) in the last 28 days — higher than 6% of the 28-day loads seen for ODI bowlers over the last 10 years (Cricsheet matches only).
N Gwanzura (W),T20,female,2026-09-17,2026-09-17,0,4.0,85.0,85.0,75.1,Normal load,About 14.2 overs' worth of deliveries incl. extras (4 matches) in the last 28 days — higher than 75% of the 28-day loads seen for T20 bowlers over the last 10 years (Cricsheet matches only).
N Shangase (W),ODI,female,2026-09-17,2026-09-17,0,2.0,18.0,18.0,5.5,Light load,About 3.0 overs' worth of deliveries incl. extras (2 matches) in the last 28 days — higher than 6% of the 28-day loads seen for ODI bowlers over the last 10 years (Cricsheet matches only).
N Sibanda (W),ODI,female,2026-09-17,2026-09-17,0,4.0,74.0,74.0,41.1,Light load,About 12.3 overs' worth of deliveries incl. extras (4 matches) in the last 28 days — higher than 41% of the 28-day loads seen for ODI bowlers over the last 10 years (Cricsheet matches only).
Fatima Sana (W),ODI,female,2026-09-17,2026-09-17,0,5.0,44.0,106.0,54.8,Normal load,About 17.7 overs' worth of deliveries incl. extras (5 matches) in the last 28 days — higher than 55% of the 28-day loads seen for ODI bowlers over the last 10 years (Cricsheet matches only).
Nashra Sandhu (W),ODI,female,2026-09-17,2026-09-17,0,5.0,36.0,94.0,49.5,Light load,About 15.7 overs' worth of deliveries incl. extras (5 matches) in the last 28 days — higher than 50% of the 28-day loads seen for ODI bowlers over the last 10 years (Cricsheet matches only).
O Kamchomphu (W),T20,female,2026-09-17,2026-09-17,0,4.0,18.0,84.0,74.5,Normal load,About 14.0 overs' worth of deliveries incl. extras (4 matches) in the last 28 days — higher than 74% of the 28-day loads seen for T20 bowlers over the last 10 years (Cricsheet matches only).
P Maya (W),T20,female,2026-09-17,2026-09-17,0,4.0,12.0,78.0,71.4,Normal load,About 13.0 overs' worth of deliveries incl. extras (4 matches) in the last 28 days — higher than 71% of the 28-day loads seen for T20 bowlers over the last 10 years (Cricsheet matches only).
S Chaturongrattana (W),T20,female,2026-09-17,2026-09-17,0,4.0,12.0,80.0,72.4,Normal load,About 13.3 overs' worth of deliveries incl. extras (4 matches) in the last 28 days — higher than 72% of the 28-day loads seen for T20 bowlers over the last 10 years (Cricsheet matches only).
S Laomi (W),T20,female,2026-09-17,2026-09-17,0,4.0,12.0,84.0,74.5,Normal load,About 14.0 overs' worth of deliveries incl. extras (4 matches) in the last 28 days — higher than 74% of the 28-day loads seen for T20 bowlers over the last 10 years (Cricsheet matches only).
T Putthawong (W),T20,female,2026-09-17,2026-09-17,0,4.0,10.0,82.0,73.6,Normal load,About 13.7 overs' worth of deliveries incl. extras (4 matches) in the last 28 days — higher than 74% of the 28-day loads seen for T20 bowlers over the last 10 years (Cricsheet matches only).
Tasmia Rubab (W),ODI,female,2026-09-17,2026-09-17,0,1.0,13.0,13.0,3.6,Light load,About 2.2 overs' worth of deliveries incl. extras (1 match) in the last 28 days — higher than 4% of the 28-day loads seen for ODI bowlers over the last 10 years (Cricsheet matches only).
Tuba Hassan (W),T20,female,2026-09-17,2026-09-17,0,4.0,24.0,66.0,63.0,Normal load,About 11.0 overs' worth of deliveries incl. extras (4 matches) in the last 28 days — higher than 63% of the 28-day loads seen for T20 bowlers over the last 10 years (Cricsheet matches only).
Umm-e-Hani (W),ODI,female,2026-09-17,2026-09-17,0,5.0,37.0,86.0,45.9,Light load,About 14.3 overs' worth of deliveries incl. extras (5 matches) in the last 28 days — higher than 46% of the 28-day loads seen for ODI bowlers over the last 10 years (Cricsheet matches only).
Aayan Afzal Khan,ODI,male,2026-09-17,2026-09-17,0,5.0,100.0,154.0,70.3,Normal load,About 25.7 overs' worth of deliveries incl. extras (5 matches) in the last 28 days — higher than 70% of the 28-day loads seen for ODI bowlers over the last 10 years (Cricsheet matches only).
Azri Azhar,T20,male,2026-09-17,2026-09-17,0,1.0,24.0,24.0,17.2,Light load,About 4.0 overs' worth of deliveries incl. extras (1 match) in the last 28 days — higher than 17% of the 28-day loads seen for T20 bowlers over the last 10 years (Cricsheet matches only).
Haider Ali,ODI,male,2026-09-17,2026-09-17,0,5.0,110.0,146.0,67.8,Normal load,About 24.3 overs' worth of deliveries incl. extras (5 matches) in the last 28 days — higher than 68% of the 28-day loads seen for ODI bowlers over the last 10 years (Cricsheet matches only).
Ibrar Ahmad,T20,male,2026-09-17,2026-09-17,0,5.0,124.0,150.0,87.9,Heavy load,About 25.0 overs' worth of deliveries incl. extras (5 matches) in the last 28 days — higher than 88% of the 28-day loads seen for T20 bowlers over the last 10 years (Cricsheet matches only).
Khuzaima Tanveer,ODI,male,2026-09-17,2026-09-17,0,5.0,124.0,163.0,72.7,Normal load,About 27.2 overs' worth of deliveries incl. extras (5 matches) in the last 28 days — higher than 73% of the 28-day loads seen for ODI bowlers over the last 10 years (Cricsheet matches only).
Muhammad Mohsin,T20,male,2026-09-17,2026-09-17,0,4.0,106.0,106.0,74.7,Normal load,About 17.7 overs' worth of deliveries incl. extras (4 matches) in the last 28 days — higher than 75% of the 28-day loads seen for T20 bowlers over the last 10 years (Cricsheet matches only).
Muhammad Wafiq,T20,male,2026-09-17,2026-09-17,0,2.0,37.0,37.0,30.9,Light load,About 6.2 overs' worth of deliveries incl. extras (2 matches) in the last 28 days — higher than 31% of the 28-day loads seen for T20 bowlers over the last 10 years (Cricsheet matches only).
Pavandeep Singh,T20,male,2026-09-17,2026-09-17,0,2.0,30.0,30.0,25.8,Light load,About 5.0 overs' worth of deliveries incl. extras (2 matches) in the last 28 days — higher than 26% of the 28-day loads seen for T20 bowlers over the last 10 years (Cricsheet matches only).
S Muniandy,T20,male,2026-09-17,2026-09-17,0,1.0,12.0,12.0,5.2,Light load,About 2.0 overs' worth of deliveries incl. extras (1 match) in the last 28 days — higher than 5% of the 28-day loads seen for T20 bowlers over the last 10 years (Cricsheet matches only).
Shoaib Khan,T20,male,2026-09-17,2026-09-17,0,1.0,6.0,6.0,1.5,Light load,About 1.0 overs' worth of deliveries incl. extras (1 match) in the last 28 days — higher than 2% of the 28-day loads seen for T20 bowlers over the last 10 years (Cricsheet matches only).
Syed Aziz,T20,male,2026-09-17,2026-09-17,0,3.0,60.0,60.0,50.0,Light load,About 10.0 overs' worth of deliveries incl. extras (3 matches) in the last 28 days — higher than 50% of the 28-day loads seen for T20 bowlers over the last 10 years (Cricsheet matches only).
Virandeep Singh,T20,male,2026-09-17,2026-09-17,0,3.0,73.0,73.0,58.7,Normal load,About 12.2 overs' worth of deliveries incl. extras (3 matches) in the last 28 days — higher than 59% of the 28-day loads seen for T20 bowlers over the last 10 years (Cricsheet matches only).
C Kyewuta,T20,male,2026-09-17,2026-09-17,0,5.0,89.0,117.0,78.5,Normal load,About 19.5 overs' worth of deliveries incl. extras (5 matches) in the last 28 days — higher than 78% of the 28-day loads seen for T20 bowlers over the last 10 years (Cricsheet matches only).
E Kubwimana,T20,male,2026-09-17,2026-09-17,0,3.0,43.0,68.0,55.5,Normal load,About 11.3 overs' worth of deliveries incl. extras (3 matches) in the last 28 days — higher than 56% of the 28-day loads seen for T20 bowlers over the last 10 years (Cricsheet matches only).
E Rukiriza,T20,male,2026-09-17,2026-09-17,0,8.0,119.0,182.0,93.8,Heavy load,About 30.3 overs' worth of deliveries incl. extras (8 matches) in the last 28 days — higher than 94% of the 28-day loads seen for T20 bowlers over the last 10 years (Cricsheet matches only).
I Ntirenganya,T20,male,2026-09-17,2026-09-17,0,6.0,97.0,140.0,85.2,Heavy load,About 23.3 overs' worth of deliveries incl. extras (6 matches) in the last 28 days — higher than 85% of the 28-day loads seen for T20 bowlers over the last 10 years (Cricsheet matches only).
J Baguma,T20,male,2026-09-17,2026-09-17,0,7.0,104.0,141.0,85.5,Heavy load,About 23.5 overs' worth of deliveries incl. extras (7 matches) in the last 28 days — higher than 86% of the 28-day loads seen for T20 bowlers over the last 10 years (Cricsheet matches only).
J Miyaji,T20,male,2026-09-17,2026-09-17,0,5.0,68.0,118.0,78.8,Normal load,About 19.7 overs' worth of deliveries incl. extras (5 matches) in the last 28 days — higher than 79% of the 28-day loads seen for T20 bowlers over the last 10 years (Cricsheet matches only).
K Waiswa,T20,male,2026-09-17,2026-09-17,0,7.0,72.0,114.0,77.4,Normal load,About 19.0 overs' worth of deliveries incl. extras (7 matches) in the last 28 days — higher than 77% of the 28-day loads seen for T20 bowlers over the last 10 years (Cricsheet matches only).
M Akayezu,T20,male,2026-09-17,2026-09-17,0,8.0,127.0,186.0,94.3,Heavy load,About 31.0 overs' worth of deliveries incl. extras (8 matches) in the last 28 days — higher than 94% of the 28-day loads seen for T20 bowlers over the last 10 years (Cricsheet matches only).
M Musinguzi,T20,male,2026-09-17,2026-09-17,0,7.0,127.0,178.0,93.2,Heavy load,About 29.7 overs' worth of deliveries incl. extras (7 matches) in the last 28 days — higher than 93% of the 28-day loads seen for T20 bowlers over the last 10 years (Cricsheet matches only).
Muhammad Nadir,T20,male,2026-09-17,2026-09-17,0,8.0,120.0,192.0,95.1,Very heavy load,About 32.0 overs' worth of deliveries incl. extras (8 matches) in the last 28 days — higher than 95% of the 28-day loads seen for T20 bowlers over the last 10 years (Cricsheet matches only).
Olipa Gerald,T20,male,2026-09-17,2026-09-17,0,3.0,52.0,52.0,45.3,Light load,About 8.7 overs' worth of deliveries incl. extras (3 matches) in the last 28 days — higher than 45% of the 28-day loads seen for T20 bowlers over the last 10 years (Cricsheet matches only).
Yves Cyusa,T20,male,2026-09-17,2026-09-17,0,5.0,12.0,67.0,54.7,Normal load,About 11.2 overs' worth of deliveries incl. extras (5 matches) in the last 28 days — higher than 55% of the 28-day loads seen for T20 bowlers over the last 10 years (Cricsheet matches only).
B Kgosiemang,T20,male,2026-09-17,2026-09-17,0,6.0,44.0,83.0,64.3,Normal load,About 13.8 overs' worth of deliveries incl. extras (6 matches) in the last 28 days — higher than 64% of the 28-day loads seen for T20 bowlers over the last 10 years (Cricsheet matches only).
B Khumalo,T20,male,2026-09-17,2026-09-17,0,5.0,64.0,70.0,56.8,Normal load,About 11.7 overs' worth of deliveries incl. extras (5 matches) in the last 28 days — higher than 57% of the 28-day loads seen for T20 bowlers over the last 10 years (Cricsheet matches only).
F Mutua,T20,male,2026-09-17,2026-09-17,0,7.0,111.0,159.0,89.7,Heavy load,About 26.5 overs' worth of deliveries incl. extras (7 matches) in the last 28 days — higher than 90% of the 28-day loads seen for T20 bowlers over the last 10 years (Cricsheet matches only).
GM Muthui,T20,male,2026-09-17,2026-09-17,0,3.0,78.0,78.0,62.1,Normal load,About 13.0 overs' worth of deliveries incl. extras (3 matches) in the last 28 days — higher than 62% of the 28-day loads seen for T20 bowlers over the last 10 years (Cricsheet matches only).
K Piet,T20,male,2026-09-17,2026-09-17,0,7.0,109.0,127.0,81.9,Normal load,About 21.2 overs' worth of deliveries incl. extras (7 matches) in the last 28 days — higher than 82% of the 28-day loads seen for T20 bowlers over the last 10 years (Cricsheet matches only).
LN Oluoch,T20,male,2026-09-17,2026-09-17,0,5.0,68.0,110.0,76.1,Normal load,About 18.3 overs' worth of deliveries incl. extras (5 matches) in the last 28 days — higher than 76% of the 28-day loads seen for T20 bowlers over the last 10 years (Cricsheet matches only).
N Hirani,T20,male,2026-09-17,2026-09-17,0,4.0,54.0,54.0,46.5,Light load,About 9.0 overs' worth of deliveries incl. extras (4 matches) in the last 28 days — higher than 46% of the 28-day loads seen for T20 bowlers over the last 10 years (Cricsheet matches only).
Ryan Adams,T20,male,2026-09-17,2026-09-17,0,3.0,24.0,36.0,29.7,Light load,About 6.0 overs' worth of deliveries incl. extras (3 matches) in the last 28 days — higher than 30% of the 28-day loads seen for T20 bowlers over the last 10 years (Cricsheet matches only).
SO Ngoche,T20,male,2026-09-17,2026-09-17,0,7.0,114.0,150.0,87.9,Heavy load,About 25.0 overs' worth of deliveries incl. extras (7 matches) in the last 28 days — higher than 88% of the 28-day loads seen for T20 bowlers over the last 10 years (Cricsheet matches only).
T Mpatane,T20,male,2026-09-17,2026-09-17,0,2.0,28.0,28.0,24.8,Light load,About 4.7 overs' worth of deliveries incl. extras (2 matches) in the last 28 days — higher than 25% of the 28-day loads seen for T20 bowlers over the last 10 years (Cricsheet matches only).
T Tshose,T20,male,2026-09-17,2026-09-17,0,5.0,76.0,96.0,70.2,Normal load,About 16.0 overs' worth of deliveries incl. extras (5 matches) in the last 28 days — higher than 70% of the 28-day loads seen for T20 bowlers over the last 10 years (Cricsheet matches only).
V Balakrishnan,T20,male,2026-09-17,2026-09-17,0,3.0,43.0,43.0,35.7,Light load,About 7.2 overs' worth of deliveries incl. extras (3 matches) in the last 28 days — higher than 36% of the 28-day loads seen for T20 bowlers over the last 10 years (Cricsheet matches only).
Vishil Patel,T20,male,2026-09-17,2026-09-17,0,6.0,61.0,97.0,70.8,Normal load,About 16.2 overs' worth of deliveries incl. extras (6 matches) in the last 28 days — higher than 71% of the 28-day loads seen for T20 bowlers over the last 10 years (Cricsheet matches only).
