striker,year,format,runs,balls_faced,dismissals,matches,fours,sixes,average,strike_rate,lag1_runs,lag1_avg,lag1_sr,lag1_matches,career_runs_to_date,lag1_balls,lag1_rpm,lag2_runs,roll3_runs,seasons_before,is_women,fmt_BBL,fmt_CPL,fmt_IPL,fmt_ODI,fmt_PSL,fmt_T20I,fmt_Test,fmt_WPL,lag2_matches,lag3_matches,m_hat,w_rpm,rpm_shrunk,pred_struct,pop_rpm,w_sr,w_avg,pos_1,predicted_runs
A Adekunle,2026,T20I,100.0,139.0,7.0,9.0,10.0,0.0,14.29,71.94,12.0,6.0,60.0,4.0,19.0,20.0,3.0,7.0,9.5,2,1,0,0,0,0,0,1,0,0,6.0,0.0,4.749999999999999,2.1315789473684212,2.621040723981901,12.449943438914026,3.241025641025641,48.795180722891565,4.2631578947368425,8.5,9.0
A Aikenhead,2026,T20I,98.0,78.0,2.0,2.0,14.0,0.0,49.0,125.64,155.0,25.833333333333332,94.51219512195121,8.0,226.0,164.0,19.375,46.0,75.33333333333333,3,1,0,0,0,0,0,1,0,0,4.0,5.0,6.224489795918367,15.704918032786885,16.56572756821863,103.11320221034045,18.316040290263185,90.32623043560248,18.784313725490197,2.0,92.0
A Akhigbe,2026,T20I,5.0,16.0,2.0,2.0,0.0,0.0,2.5,31.25,9.0,2.25,32.142857142857146,6.0,81.0,28.0,1.5,72.0,40.5,2,1,0,0,0,0,0,1,0,0,5.0,0.0,5.625,5.8,4.776410256410257,26.867307692307694,3.241025641025641,63.19612590799032,8.156249999999998,8.142857142857142,23.0
A Alexander,2026,T20I,5.0,3.0,1.0,3.0,1.0,0.0,5.0,166.67,45.0,11.25,150.0,5.0,45.0,30.0,9.0,45.0,45.0,1,0,0,0,0,0,0,1,0,0,0.0,0.0,5.0,9.0,7.040511727078891,35.20255863539445,5.407604832977968,150.0,11.25,8.5,22.0
A Alfonso,2026,T20I,13.0,28.0,5.0,5.0,1.0,0.0,2.6,46.43,5.0,2.5,71.42857142857143,3.0,18.0,7.0,1.6666666666666667,13.0,9.0,2,1,0,0,0,0,0,1,0,0,4.0,0.0,3.375,2.3703703703703702,2.8286099865047234,9.546558704453442,3.241025641025641,44.75524475524476,3.368421052631579,7.666666666666667,11.0
A Argyropoulou,2026,T20I,163.0,244.0,10.0,12.0,10.0,2.0,16.3,66.8,158.0,13.166666666666666,77.07317073170732,13.0,232.0,205.0,12.153846153846153,46.0,77.33333333333333,3,1,0,0,0,0,0,1,0,0,3.0,3.0,8.10204081632653,12.32241813602015,13.96600739221111,113.15316193281245,18.316040290263185,74.61866992068335,13.703081232492998,2.3846153846153846,84.0
A Athanaze,2025,CPL,65.0,62.0,3.0,4.0,4.0,3.0,21.67,104.84,179.0,22.375,105.29411764705883,9.0,344.0,170.0,19.88888888888889,165.0,172.0,2,0,0,1,0,0,0,0,0,0,8.0,0.0,8.625,20.144927536231883,21.472905611834697,185.20381090207425,24.527255185721177,106.43185298621746,22.78688524590164,3.3333333333333335,165.0
A Athanaze,2026,ODI,99.0,157.0,4.0,4.0,9.0,3.0,24.75,63.06,18.0,6.0,58.06451612903226,3.0,306.0,31.0,6.0,163.0,102.0,3,0,0,0,0,1,0,0,0,0,6.0,4.0,4.1020408163265305,20.000000000000004,25.522972558562838,104.69627518920674,32.92375578703704,78.85445272655943,20.000000000000004,1.6666666666666667,113.0
A Athanaze,2026,Test,154.0,321.0,8.0,4.0,20.0,1.0,19.25,47.98,206.0,25.75,63.38461538461539,4.0,627.0,325.0,51.5,309.0,209.0,3,0,0,0,0,0,0,0,1,0,7.0,2.0,4.551020408163265,48.39910313901345,52.650202436412094,239.6121457820387,58.970170058544745,56.01806197124617,24.6979405034325,5.0,215.0
A Augastin,2026,T20I,186.0,166.0,7.0,9.0,18.0,4.0,26.57,112.05,129.0,43.0,134.375,4.0,129.0,96.0,32.25,129.0,129.0,1,0,0,0,0,0,0,1,0,0,0.0,0.0,4.0,32.25,26.346990870132288,105.38796348052915,22.411651450220482,134.375,43.0,3.0,107.0
A Badoni,2026,IPL,215.0,141.0,10.0,10.0,23.0,9.0,21.5,152.48,329.0,32.9,148.19819819819818,11.0,963.0,222.0,29.90909090909091,235.0,267.3333333333333,4,0,0,0,1,0,0,0,0,0,12.0,12.0,11.440366972477062,23.700882117080994,22.691590973161258,259.6001279223127,18.496304118268217,142.39256118712657,29.320436507936503,5.090909090909091,256.0
A Bosch,2026,T20I,206.0,123.0,6.0,6.0,32.0,4.0,34.33,167.48,225.0,32.142857142857146,113.06532663316582,9.0,910.0,199.0,25.0,316.0,187.33333333333334,6,1,0,0,0,0,0,1,0,0,12.0,5.0,9.1651376146789,23.94794794794795,22.6472764334711,207.56540511043696,18.316040290263185,113.49684520138526,27.625866050808316,2.888888888888889,194.0
A Busing-Volschenk,2026,T20I,305.0,219.0,7.0,11.0,10.0,22.0,43.57,139.27,6.0,3.0,100.0,3.0,6.0,6.0,2.0,6.0,6.0,1,0,0,0,0,0,0,1,0,0,0.0,0.0,3.0,2.0,10.822565206987317,32.46769562096195,15.233847810480976,100.0,3.0,6.333333333333333,29.0
A Canning,2026,ODI,2.0,2.0,0.0,1.0,0.0,0.0,2.0,100.0,43.0,7.166666666666667,60.56338028169014,7.0,106.0,71.0,6.142857142857143,27.0,35.333333333333336,3,1,0,0,0,1,0,0,0,0,6.0,4.0,6.142857142857142,5.9933554817275745,6.269702787286452,38.513888550473915,6.824239713774597,58.45755022683085,6.7565543071161045,8.714285714285714,29.0
A Canning,2026,T20I,21.0,21.0,3.0,4.0,2.0,0.0,7.0,100.0,9.0,3.0,60.0,3.0,57.0,15.0,3.0,27.0,14.333333333333334,5,1,0,0,0,0,0,1,0,0,4.0,4.0,3.2385321100917426,4.362606232294618,7.217087472042604,23.372769519550815,10.5758603974794,78.6516853932584,5.579710144927536,5.333333333333333,29.0
A Capsey,2026,ODI,223.0,286.0,9.0,10.0,24.0,1.0,24.78,77.97,86.0,14.333333333333334,74.78260869565217,7.0,343.0,115.0,12.285714285714286,124.0,108.0,4,1,0,0,0,1,0,0,0,0,5.0,7.0,5.844036697247706,16.13971742543171,17.892783292717393,104.56608217854108,21.615126484254002,77.89816638884678,19.508538899430736,6.142857142857143,98.0
A Capsey,2026,T20I,312.0,226.0,10.0,11.0,33.0,7.0,31.2,138.05,69.0,7.666666666666667,79.3103448275862,9.0,741.0,87.0,7.666666666666667,248.0,169.0,4,1,0,0,0,0,0,1,0,0,12.0,11.0,10.155963302752292,15.252032520325203,14.254980894984946,144.77306285090214,10.5758603974794,106.32911392405065,16.003791469194315,4.222222222222222,126.0
A Chandel,2026,T20I,15.0,20.0,3.0,4.0,0.0,0.0,5.0,75.0,127.0,15.875,88.19444444444444,13.0,343.0,144.0,9.76923076923077,46.0,114.33333333333333,3,1,0,0,0,0,0,1,0,0,8.0,10.0,10.918367346938775,10.08411214953271,10.191794247623227,111.27775351996787,10.5758603974794,71.30584192439862,13.976683937823834,5.538461538461538,78.0
A Chilia,2026,T20I,5.0,12.0,3.0,4.0,0.0,0.0,1.67,41.67,32.0,4.571428571428571,43.24324324324324,8.0,126.0,74.0,4.0,26.0,33.333333333333336,4,1,0,0,0,0,0,1,0,0,4.0,3.0,5.857142857142858,5.463414634146341,7.218258717670274,42.278372489211606,10.5758603974794,50.272523244629696,6.588235294117646,5.375,43.0
A Dercksen,2026,ODI,352.0,419.0,11.0,11.0,28.0,10.0,32.0,84.01,398.0,44.22222222222222,102.31362467866323,10.0,399.0,389.0,39.8,1.0,199.5,2,1,0,0,0,1,0,0,0,0,1.0,0.0,6.624999999999999,37.60377358490566,31.824744512380963,210.83893239452385,21.615126484254002,100.60575466935893,41.520833333333336,5.8,234.0
A Dercksen,2026,T20I,430.0,335.0,13.0,20.0,44.0,14.0,33.08,128.36,170.0,42.5,138.21138211382114,9.0,216.0,123.0,18.88888888888889,38.0,72.0,3,1,0,0,0,0,0,1,0,0,8.0,1.0,7.224489795918368,13.819209039548022,12.85392670559903,92.86306232208278,10.5758603974794,125.14709644410334,21.362445414847162,5.777777777777778,81.0
A Dhabe,2026,T20I,129.0,132.0,4.0,11.0,7.0,5.0,32.25,97.73,32.0,10.666666666666666,76.19047619047619,5.0,32.0,42.0,6.4,32.0,32.0,1,0,0,0,0,0,0,1,0,0,0.0,0.0,5.0,6.4,5.858693545260709,29.293467726303547,5.407604832977968,76.19047619047619,10.666666666666666,9.8,15.0
A Dirannehelage,2026,T20I,80.0,159.0,8.0,8.0,5.0,0.0,10.0,50.31,126.0,126.0,86.89655172413792,3.0,158.0,145.0,42.0,32.0,79.0,2,1,0,0,0,0,0,1,0,0,4.0,0.0,3.375,26.888888888888886,22.37686331066483,75.5219136734938,18.316040290263185,83.83371824480369,42.705882352941174,1.0,94.0
A Dizija,2026,T20I,150.0,174.0,10.0,10.0,12.0,4.0,15.0,86.21,104.0,34.666666666666664,146.47887323943664,4.0,552.0,71.0,26.0,34.0,83.0,4,0,0,0,0,0,0,1,0,0,6.0,3.0,4.990825688073394,21.233455882352946,21.65224577614472,108.06258442406171,22.411651450220482,122.3882178427633,23.382591093117412,1.5,125.0
A Donovan,2026,T20I,147.0,163.0,8.0,9.0,9.0,5.0,18.38,90.18,278.0,69.5,191.72413793103448,9.0,278.0,145.0,30.88888888888889,278.0,278.0,1,0,0,0,0,0,0,1,0,0,0.0,0.0,9.0,30.88888888888889,24.626872457525725,221.64185211773153,15.233847810480976,191.72413793103448,69.5,6.666666666666667,153.0
A Dutt,2026,ODI,12.0,27.0,4.0,4.0,1.0,0.0,3.0,44.44,24.0,4.0,37.5,7.0,207.0,64.0,3.4285714285714284,87.0,55.0,5,0,0,0,0,1,0,0,0,0,12.0,6.0,8.412844036697248,5.610687022900763,6.442498158342385,54.199732212843735,8.98506752900894,58.15530688368939,6.98100407055631,9.714285714285714,41.0
A Dutt,2026,T20I,22.0,16.0,3.0,3.0,2.0,1.0,7.33,137.5,79.0,39.5,106.75675675675676,6.0,114.0,74.0,13.166666666666666,35.0,57.0,3,0,0,0,0,0,0,1,0,0,7.0,0.0,6.374999999999999,9.803921568627452,8.175656110979494,52.11980770749427,5.407604832977968,105.26315789473684,22.727272727272727,9.166666666666666,38.0
A Ferguson,2026,T20I,67.0,70.0,6.0,6.0,8.0,0.0,11.17,95.71,116.0,38.666666666666664,82.85714285714286,7.0,402.0,140.0,16.571428571428573,22.0,96.33333333333333,4,0,0,0,0,0,0,1,0,0,1.0,6.0,4.8807339449541285,19.588345864661655,18.01821435474074,87.94211042864288,15.233847810480976,88.59887774188063,35.81099656357389,5.0,97.0
A Fujikawa,2026,T20I,9.0,14.0,2.0,3.0,0.0,0.0,4.5,64.29,57.0,57.0,83.82352941176471,6.0,70.0,68.0,9.5,9.0,23.333333333333332,3,1,0,0,0,0,0,1,0,0,4.0,2.0,4.653061224489797,6.999999999999999,5.508343508343508,25.630659589843265,3.241025641025641,73.51450944265316,20.20253164556962,8.142857142857142,21.0
A Galan,2026,T20I,40.0,73.0,5.0,7.0,1.0,0.0,8.0,54.79,35.0,5.833333333333333,38.88888888888889,6.0,63.0,90.0,5.833333333333333,18.0,21.0,3,1,0,0,0,0,0,1,0,0,2.0,6.0,4.775510204081632,5.277777777777778,10.370849071717391,49.52609556697692,18.316040290263185,42.971468336812805,5.277777777777778,1.0,53.0
A Gardner,2026,ODI,412.0,324.0,8.0,11.0,47.0,7.0,51.5,127.16,314.0,39.25,91.81286549707602,9.0,1192.0,342.0,34.888888888888886,127.0,206.66666666666666,9,1,0,0,0,1,0,0,0,0,7.0,5.0,7.788990825688073,29.599528857479385,27.514828498934897,214.31274674858463,21.615126484254002,94.05644135040046,35.04881450488145,6.0,193.0
A Gardner,2026,T20I,222.0,150.0,6.0,10.0,22.0,6.0,37.0,148.0,82.0,16.4,103.79746835443038,6.0,1416.0,79.0,13.666666666666666,81.0,165.0,9,1,0,0,0,0,0,1,0,0,9.0,14.0,8.146788990825687,15.359234234234238,14.151311548185037,115.28774912649827,10.5758603974794,116.78225875503041,20.82290076335878,5.0,118.0
A Gardner,2026,WPL,244.0,172.0,9.0,9.0,26.0,8.0,27.11,141.86,243.0,30.375,164.1891891891892,9.0,567.0,148.0,27.0,120.0,189.0,3,1,0,0,0,0,0,0,0,1,8.0,8.0,8.510204081632653,23.287769784172664,21.941230016498835,186.72434524244926,18.197849462365593,146.78053204353083,25.35509138381201,4.0,186.0
A Gbla,2026,T20I,123.0,103.0,12.0,14.0,7.0,5.0,10.25,119.42,78.0,26.0,114.70588235294117,4.0,204.0,68.0,19.5,43.0,51.0,4,0,0,0,0,0,0,1,0,0,5.0,4.0,4.477064220183486,12.96516393442623,13.828876069980067,61.91276625825938,15.233847810480976,104.011178694723,15.937027707808564,6.25,66.0
A Griffin,2026,T20I,7.0,16.0,2.0,3.0,0.0,0.0,3.5,43.75,8.0,2.6666666666666665,36.36363636363637,3.0,8.0,22.0,2.6666666666666665,8.0,8.0,1,1,0,0,0,0,0,1,0,0,0.0,0.0,3.0,2.6666666666666665,3.04957264957265,9.14871794871795,3.241025641025641,36.36363636363637,2.6666666666666665,8.333333333333334,7.0
A Gurung,2026,T20I,17.0,31.0,6.0,6.0,1.0,0.0,2.83,54.84,6.0,2.0,50.0,5.0,52.0,12.0,1.2,6.0,9.0,4,1,0,0,0,0,0,1,0,0,4.0,3.0,4.394495412844036,2.1398747390396657,5.388649703778972,23.680396404680067,10.5758603974794,49.92693619094008,3.2031250000000004,5.8,19.0
A Hlubi,2026,ODI,2.0,10.0,1.0,2.0,0.0,0.0,2.0,20.0,9.0,9.0,56.25,3.0,13.0,16.0,3.0,4.0,6.5,2,1,0,0,0,1,0,0,0,0,1.0,0.0,2.25,3.1666666666666665,5.452649821109124,12.26846209749553,6.824239713774597,58.16326530612245,7.125,11.0,8.0
A Hunter,2026,ODI,454.0,573.0,8.0,8.0,43.0,2.0,56.75,79.23,349.0,34.9,86.60049627791562,10.0,1034.0,403.0,34.9,326.0,273.0,4,1,0,0,0,1,0,0,0,0,12.0,8.0,9.91743119266055,29.775208140610548,29.9591802367681,297.1181085866634,30.622093023255815,86.22056735688837,31.279883381924197,2.8,257.0
A Hunter,2026,T20I,268.0,236.0,12.0,13.0,32.0,4.0,22.33,113.56,443.0,36.916666666666664,119.72972972972973,15.0,1377.0,370.0,29.533333333333335,508.0,436.6666666666667,5,1,0,0,0,0,0,1,0,0,17.0,17.0,14.669724770642201,27.87179487179487,26.362196991616088,386.72617421645987,18.316040290263185,117.48873012943875,34.28230769230768,1.2,301.0
A Ikuzwe,2026,T20I,101.0,173.0,11.0,13.0,6.0,0.0,9.18,58.38,185.0,18.5,100.54347826086956,16.0,386.0,184.0,11.5625,47.0,116.0,5,1,0,0,0,0,0,1,0,0,10.0,0.0,12.45054945054945,9.709620476610768,9.890968680560935,123.14799467115976,10.5758603974794,91.75911251980982,14.23156532988357,6.5625,79.0
A Ilahi,2026,T20I,111.0,172.0,6.0,9.0,9.0,0.0,18.5,64.53,6.0,1.5,28.57142857142857,4.0,6.0,21.0,1.5,6.0,6.0,1,1,0,0,0,0,0,1,0,0,0.0,0.0,4.0,1.5,6.945516238487639,27.782064953950556,10.5758603974794,28.57142857142857,1.5,6.0,18.0
A Johnson,2026,ODI,76.0,82.0,2.0,2.0,8.0,4.0,38.0,92.68,31.0,10.333333333333334,79.48717948717949,3.0,438.0,39.0,10.333333333333334,288.0,146.0,3,0,0,0,0,1,0,0,0,0,12.0,4.0,5.938775510204081,21.189003436426116,25.18041580057949,149.54083669323737,32.92375578703704,97.36301910626875,21.189003436426116,1.3333333333333333,148.0
A Kamboj,2026,IPL,58.0,38.0,1.0,4.0,3.0,4.0,58.0,152.63,14.0,7.0,116.66666666666667,5.0,16.0,12.0,2.8,2.0,8.0,2,0,0,0,1,0,0,0,0,0,1.0,0.0,3.4999999999999996,2.7142857142857144,3.960134974971067,13.860472412398734,5.122927618277396,115.15151515151516,7.6,9.6,8.0
A Kano,2026,T20I,22.0,42.0,2.0,2.0,2.0,0.0,11.0,52.38,104.0,13.0,75.91240875912408,10.0,271.0,137.0,10.4,41.0,85.33333333333333,5,1,0,0,0,0,0,1,0,0,5.0,10.0,8.469387755102042,10.154216867469879,12.321072643432704,104.3519417760117,18.316040290263185,73.02027378270665,11.837078651685394,2.1,79.0
A Kanukuntla,2026,T20I,89.0,127.0,6.0,7.0,1.0,1.0,14.83,70.08,77.0,12.833333333333334,46.95121951219512,8.0,77.0,164.0,9.625,77.0,77.0,1,1,0,0,0,0,0,1,0,0,0.0,0.0,8.0,9.625,10.032511598919742,80.26009279135793,10.5758603974794,46.95121951219512,12.833333333333334,4.5,45.0
A Kato-Stafford,2026,T20I,223.0,214.0,4.0,5.0,18.0,0.0,55.75,104.21,98.0,32.666666666666664,73.13432835820896,4.0,98.0,134.0,24.5,98.0,98.0,1,1,0,0,0,0,0,1,0,0,0.0,0.0,4.0,24.5,20.78962417415791,83.15849669663164,18.316040290263185,73.13432835820896,32.666666666666664,1.75,70.0
A Khaka,2026,ODI,18.0,56.0,4.0,6.0,2.0,0.0,4.5,32.14,21.0,21.0,61.76470588235294,4.0,128.0,34.0,5.25,5.0,11.333333333333334,8,1,0,0,0,1,0,0,0,0,4.0,1.0,3.8073394495412844,3.6361445783132527,4.9738068729124185,18.936971121639026,6.824239713774597,54.47653429602888,8.773255813953488,10.4,11.0
A King,2026,ODI,98.0,85.0,4.0,6.0,8.0,4.0,24.5,115.29,60.0,10.0,63.829787234042556,7.0,197.0,94.0,8.571428571428571,117.0,59.0,4,1,0,0,0,1,0,0,0,0,5.0,2.0,5.1192660550458715,12.060931899641576,10.229920645841933,52.36968550807155,6.824239713774597,89.61384820239681,16.10047846889952,8.428571428571429,53.0
A Kirschbaum,2026,T20I,210.0,184.0,7.0,9.0,16.0,3.0,30.0,114.13,129.0,21.5,96.99248120300751,9.0,210.0,133.0,14.333333333333334,19.0,68.33333333333333,4,0,0,0,0,0,0,1,0,0,1.0,6.0,5.798165137614679,12.818037974683545,13.595659166463834,78.82987700188204,15.233847810480976,93.5126399630613,16.807053941908713,4.0,81.0
A Kohli,2026,T20I,99.0,122.0,6.0,7.0,4.0,0.0,16.5,81.15,31.0,7.75,83.78378378378379,6.0,101.0,37.0,5.166666666666667,30.0,30.5,3,1,0,0,0,0,0,1,0,0,5.0,0.0,5.186813186813186,6.122881355932203,5.002989238740534,25.94957055698387,3.241025641025641,77.12836936215639,9.262820512820513,8.166666666666666,26.0
A Kontopirakis,2026,T20I,149.0,156.0,7.0,8.0,12.0,4.0,21.29,95.51,73.0,14.6,89.02439024390245,7.0,73.0,82.0,10.428571428571429,73.0,73.0,1,1,0,0,0,0,0,1,0,0,0.0,0.0,7.0,10.428571428571429,10.4965509526828,73.4758566687796,10.5758603974794,89.02439024390245,14.6,4.142857142857143,48.0
A Kourkoulou,2026,T20I,12.0,46.0,6.0,6.0,0.0,0.0,2.0,26.09,14.0,4.666666666666667,38.88888888888889,5.0,14.0,36.0,2.8,14.0,14.0,1,1,0,0,0,0,0,1,0,0,0.0,0.0,5.0,2.8,3.040559440559441,15.202797202797205,3.241025641025641,38.88888888888889,4.666666666666667,9.666666666666666,6.0
A Limdawala,2026,T20I,173.0,217.0,13.0,13.0,17.0,2.0,13.31,79.72,321.0,16.05,98.76923076923076,20.0,378.0,325.0,16.05,57.0,189.0,2,0,0,0,0,0,0,1,0,0,2.0,0.0,13.249999999999998,16.754716981132077,18.002570172842752,238.53405479016644,22.411651450220482,99.05186837702175,17.24271844660194,2.25,146.0
A Lister,2026,T20I,277.0,262.0,19.0,22.0,38.0,3.0,14.58,105.73,60.0,15.0,83.33333333333334,4.0,476.0,72.0,15.0,108.0,133.0,5,1,0,0,0,0,0,1,0,0,5.0,12.0,5.798165137614679,17.51424050632911,15.280856351119976,88.60092856796169,10.5758603974794,119.20094766314884,18.95376712328767,4.0,111.0
A Lumbe,2026,T20I,74.0,163.0,6.0,6.0,9.0,0.0,12.33,45.4,27.0,6.75,60.0,5.0,27.0,45.0,5.4,27.0,27.0,1,1,0,0,0,0,0,1,0,0,0.0,0.0,5.0,5.4,8.223196580443307,41.11598290221654,10.5758603974794,60.0,6.75,3.8,33.0
A Makri,2026,T20I,108.0,197.0,12.0,12.0,6.0,0.0,9.0,54.82,228.0,19.0,72.38095238095238,13.0,253.0,315.0,17.53846153846154,13.0,84.33333333333333,3,1,0,0,0,0,0,1,0,0,3.0,4.0,8.285714285714286,14.785714285714285,15.738140366078197,130.4017344617908,18.316040290263185,71.59212880143113,16.401639344262296,3.076923076923077,100.0
A Martel,2026,T20I,9.0,7.0,2.0,2.0,2.0,0.0,4.5,128.57,23.0,7.666666666666667,76.66666666666667,5.0,97.0,30.0,4.6,37.0,24.666666666666668,4,0,0,0,0,0,0,1,0,0,3.0,3.0,3.715596330275229,6.8271604938271615,10.404474245594743,38.65882632537496,15.233847810480976,94.82167352537724,10.018115942028986,6.8,41.0
A Merritt,2026,T20I,102.0,75.0,2.0,2.0,14.0,1.0,51.0,136.0,206.0,34.333333333333336,124.84848484848486,8.0,400.0,165.0,25.75,76.0,129.66666666666666,4,1,0,0,0,0,0,1,0,0,4.0,6.0,5.862385321100917,22.890453834115807,21.42897985844404,125.62493696830956,18.316040290263185,118.43724696356277,29.07952286282306,1.0,140.0
A Mhatre,2026,IPL,201.0,113.0,6.0,6.0,20.0,12.0,33.5,177.88,240.0,34.285714285714285,188.9763779527559,7.0,240.0,127.0,34.285714285714285,240.0,240.0,1,0,0,0,1,0,0,0,0,0,0.0,0.0,7.0,34.285714285714285,31.3209644916962,219.24675144187339,27.86208973200843,188.9763779527559,34.285714285714285,1.5714285714285714,209.0
A Mokgotlhe,2026,T20I,57.0,47.0,4.0,6.0,6.0,0.0,14.25,121.28,131.0,32.75,113.91304347826087,9.0,362.0,115.0,14.555555555555555,79.0,80.66666666666667,5,1,0,0,0,0,0,1,0,0,12.0,5.0,9.183673469387756,10.551111111111112,10.557298432703183,96.95478152482517,10.5758603974794,97.91709630851724,16.95714285714286,4.777777777777778,79.0
A Mundra,2026,T20I,469.0,279.0,15.0,17.0,52.0,22.0,31.27,168.1,112.0,14.0,119.14893617021276,8.0,265.0,94.0,14.0,153.0,132.5,2,0,0,0,0,0,0,1,0,0,4.0,0.0,6.5,19.596153846153847,20.62621394520262,134.070390643817,22.411651450220482,136.04806408544727,20.79591836734694,2.0,114.0
A Natubhai Ahir,2026,T20I,66.0,62.0,2.0,3.0,2.0,5.0,33.0,106.45,113.0,11.3,81.29496402877699,10.0,257.0,139.0,11.3,39.0,79.0,4,0,0,0,0,0,0,1,0,0,4.0,4.0,6.55045871559633,12.002801120448181,12.958732093830662,84.88563958711093,15.233847810480976,88.18686972628113,12.002801120448181,4.4,79.0
A Ostergaard,2026,T20I,186.0,195.0,8.0,8.0,20.0,3.0,23.25,95.38,31.0,15.5,60.78431372549019,4.0,59.0,51.0,7.75,28.0,29.5,2,1,0,0,0,0,0,1,0,0,3.0,0.0,3.6249999999999996,8.241379310344827,9.428403591938677,34.1779630207777,10.5758603974794,58.15085158150851,14.937499999999998,4.5,44.0
A Oxley,2026,T20I,117.0,110.0,2.0,3.0,9.0,2.0,58.5,106.36,116.0,23.2,74.35897435897436,5.0,116.0,156.0,23.2,116.0,116.0,1,0,0,0,0,0,0,1,0,0,0.0,0.0,5.0,23.2,18.85482607844417,94.27413039222085,15.233847810480976,74.35897435897436,23.2,4.0,75.0
A Parima,2026,T20I,116.0,98.0,5.0,5.0,5.0,10.0,23.2,118.37,54.0,10.8,84.375,5.0,250.0,64.0,10.8,109.0,81.5,3,0,0,0,0,0,0,1,0,0,5.0,0.0,5.0,15.224175824175823,18.080126404061115,90.40063202030558,22.411651450220482,106.60203139427516,17.536708860759493,3.0,92.0
A Patmore,2026,T20I,141.0,161.0,6.0,8.0,13.0,0.0,23.5,87.58,56.0,11.2,83.5820895522388,6.0,273.0,67.0,9.333333333333334,166.0,91.0,3,0,0,0,0,0,0,1,0,0,6.0,8.0,6.36734693877551,13.939102564102562,14.359474397342307,91.43175534634285,15.233847810480976,94.66695690030473,15.988970588235293,6.166666666666667,82.0
A Paul,2026,T20I,2.0,2.0,1.0,1.0,0.0,0.0,2.0,100.0,9.0,4.5,69.23076923076923,3.0,28.0,13.0,3.0,5.0,7.0,3,0,0,0,0,0,0,1,0,0,1.0,0.0,2.098901098901099,3.9476439790575912,4.839677087359247,10.158003556984793,5.407604832977968,75.55110220440882,5.347517730496453,10.0,11.0
A Perera,2026,T20I,173.0,234.0,13.0,14.0,14.0,0.0,13.31,73.93,61.0,15.25,76.25,5.0,143.0,80.0,12.2,61.0,57.0,4,1,0,0,0,0,0,1,0,0,0.0,6.0,4.810126582278482,10.710526315789473,14.065900128057283,67.65876010964264,18.316040290263185,74.1212893826261,12.33333333333333,1.4,54.0
A Pusthay,2026,T20I,164.0,160.0,12.0,13.0,14.0,5.0,13.67,102.5,27.0,6.75,72.97297297297297,4.0,120.0,37.0,6.75,27.0,27.0,3,0,0,0,0,0,0,1,0,0,0.0,0.0,3.819672131147541,6.643776824034335,11.478713589388917,43.8449223988134,15.233847810480976,71.36929460580913,6.643776824034335,5.25,48.0
A Raghuvanshi,2026,IPL,422.0,288.0,10.0,12.0,40.0,19.0,42.2,146.53,300.0,33.333333333333336,139.53488372093022,11.0,463.0,215.0,27.272727272727273,163.0,231.5,2,0,0,0,1,0,0,0,0,0,7.0,0.0,9.499999999999998,26.17105263157895,23.99895399573629,227.9900629594947,18.496304118268217,143.09352517985613,30.13636363636364,4.7272727272727275,199.0
A Rautela,2026,T20I,10.0,37.0,2.0,2.0,0.0,0.0,5.0,27.03,12.0,6.0,54.54545454545454,3.0,12.0,22.0,4.0,12.0,12.0,1,1,0,0,0,0,0,1,0,0,0.0,0.0,3.0,4.0,8.383906931652932,25.1517207949588,10.5758603974794,54.54545454545454,6.0,5.333333333333333,23.0
A Raza,2026,T20I,35.0,37.0,6.0,6.0,3.0,2.0,5.83,94.59,171.0,21.375,174.48979591836735,8.0,316.0,98.0,21.375,72.0,88.33333333333333,4,0,0,0,0,0,0,1,0,0,6.0,2.0,5.853211009174311,18.286833855799372,19.60607189239461,114.75847584722715,22.411651450220482,160.12901454844905,17.465568862275447,2.5,117.0
A Reddy,2026,ODI,10.0,13.0,1.0,1.0,0.0,0.0,10.0,76.92,48.0,9.6,61.53846153846154,6.0,48.0,78.0,8.0,48.0,48.0,1,1,0,0,0,1,0,0,0,0,0.0,0.0,6.0,8.0,7.412119856887299,44.47271914132379,6.824239713774597,61.53846153846154,9.6,8.166666666666666,27.0
A Reddy,2026,T20I,66.0,57.0,4.0,8.0,5.0,1.0,16.5,115.79,10.0,5.0,100.0,3.0,81.0,10.0,3.3333333333333335,10.0,10.0,4,1,0,0,0,0,0,1,0,0,0.0,0.0,3.0,3.3333333333333335,3.271794871794872,9.815384615384616,3.241025641025641,100.0,5.0,8.0,15.0
A Reddy,2026,WPL,38.0,50.0,3.0,4.0,3.0,0.0,12.67,76.0,6.0,3.0,85.71428571428571,3.0,56.0,7.0,2.0,25.0,18.666666666666668,3,1,0,0,0,0,0,0,0,1,4.0,2.0,3.122448979591837,4.901960784313726,5.515119079475515,17.220677942035795,6.140540540540541,96.40102827763496,6.637168141592921,10.0,20.0
A Salomao,2026,T20I,9.0,16.0,3.0,4.0,1.0,0.0,3.0,56.25,18.0,2.5714285714285716,56.25,8.0,67.0,32.0,2.25,35.0,18.0,5,1,0,0,0,0,0,1,0,0,6.0,2.0,6.285714285714286,3.1948051948051948,3.209942895532415,20.176783914775182,3.241025641025641,59.02819436112778,3.8893280632411065,7.625,16.0
A Savvani,2026,T20I,51.0,119.0,10.0,11.0,1.0,0.0,5.1,42.86,78.0,26.0,53.06122448979592,7.0,109.0,147.0,11.142857142857142,17.0,36.333333333333336,3,1,0,0,0,0,0,1,0,0,3.0,3.0,5.040816326530613,9.437246963562753,9.86745355068491,49.74002095957496,10.5758603974794,53.43878954607978,15.85714285714286,4.857142857142857,54.0
A Sharafu,2026,ODI,64.0,58.0,4.0,4.0,8.0,4.0,16.0,110.34,173.0,21.625,73.61702127659574,8.0,369.0,235.0,21.625,29.0,107.0,5,0,0,0,0,1,0,0,0,0,2.0,7.0,5.779816513761467,19.331746031746032,21.5793025320404,124.72440913014177,26.29917118265859,70.67664809656455,19.331746031746032,4.0,126.0
A Sharafu,2026,T20I,553.0,436.0,16.0,17.0,43.0,30.0,34.56,126.83,699.0,29.125,134.94208494208496,26.0,1250.0,518.0,26.884615384615383,521.0,408.0,4,0,0,0,0,0,0,1,0,0,18.0,1.0,18.959183673469386,27.261571582346612,26.587347282236394,504.0744005142369,22.411651450220482,134.99280422152336,30.923076923076923,2.0384615384615383,307.0
A Sharma,2026,ODI,309.0,376.0,10.0,10.0,32.0,8.0,30.9,82.18,233.0,21.181818181818183,72.13622291021672,11.0,477.0,323.0,21.181818181818183,233.0,184.5,6,0,0,0,0,1,0,0,0,0,0.0,7.0,9.941176470588236,20.855029585798814,24.564679032900727,244.20180920942488,32.92375578703704,72.84282318900486,20.855029585798814,1.0909090909090908,150.0
A Sharma,2026,T20I,185.0,151.0,5.0,6.0,17.0,7.0,37.0,122.52,75.0,18.75,131.57894736842107,4.0,337.0,57.0,18.75,103.0,84.66666666666667,8,0,0,0,0,0,0,1,0,0,5.0,3.0,4.122448979591836,20.31683168316832,21.209510561173502,87.43512517055198,22.411651450220482,118.03278688524594,20.31683168316832,3.25,103.0
A Shukla,2026,T20I,10.0,5.0,1.0,1.0,1.0,1.0,10.0,200.0,1.0,0.5,20.0,3.0,44.0,5.0,0.3333333333333333,42.0,21.5,3,0,0,0,0,0,0,1,0,0,15.0,0.0,6.835164835164835,2.1237942122186495,3.1922792298192957,21.819754735687933,5.407604832977968,52.08990536277602,3.1303317535545023,9.666666666666666,10.0
A Simelane,2026,T20I,24.0,18.0,2.0,2.0,2.0,1.0,12.0,133.33,32.0,6.4,82.05128205128204,6.0,32.0,39.0,5.333333333333333,32.0,32.0,1,0,0,0,0,0,0,1,0,0,0.0,0.0,6.0,5.333333333333333,5.37046908315565,32.2228144989339,5.407604832977968,82.05128205128204,6.4,7.833333333333333,20.0
A Stoilova,2026,T20I,24.0,44.0,3.0,3.0,0.0,0.0,8.0,54.55,2.0,0.5,8.0,4.0,2.0,25.0,0.5,2.0,2.0,1,1,0,0,0,0,0,1,0,0,0.0,0.0,4.0,0.5,6.545516238487639,26.182064953950555,10.5758603974794,8.0,0.5,6.75,16.0
A Sutherland,2026,ODI,198.0,213.0,6.0,9.0,19.0,2.0,33.0,92.96,399.0,49.875,105.0,10.0,864.0,380.0,39.9,123.0,254.0,5,1,0,0,0,1,0,0,0,0,5.0,6.0,7.357798165137614,35.548628428927685,31.755479079198007,233.65040570198897,21.615126484254002,99.51481727110895,45.90982286634461,5.0,252.0
A Sutherland,2026,T20I,76.0,53.0,4.0,5.0,8.0,1.0,19.0,143.4,80.0,11.428571428571429,140.35087719298244,9.0,191.0,57.0,8.88888888888889,46.0,53.0,4,1,0,0,0,0,0,1,0,0,4.0,4.0,6.551020408163265,9.305295950155763,9.70993430917603,63.60997782133684,10.5758603974794,140.23474178403754,11.667968749999998,6.444444444444445,53.0
A Suwanchonrathi,2026,T20I,153.0,212.0,15.0,19.0,13.0,0.0,10.2,72.17,202.0,14.428571428571429,76.51515151515152,15.0,224.0,264.0,13.466666666666667,22.0,112.0,2,1,0,0,0,0,0,1,0,0,4.0,0.0,10.874999999999998,12.367816091954023,13.893001783828167,151.08639439913128,18.316040290263185,75.19217330538085,13.121951219512196,2.0,95.0
A Thorpe,2026,T20I,2.0,6.0,1.0,1.0,0.0,0.0,2.0,33.33,18.0,4.5,47.368421052631575,5.0,18.0,38.0,3.6,18.0,18.0,1,1,0,0,0,0,0,1,0,0,0.0,0.0,5.0,3.6,3.4041958041958043,17.02097902097902,3.241025641025641,47.368421052631575,4.5,8.6,10.0
A Turay,2026,T20I,178.0,174.0,13.0,13.0,21.0,8.0,13.69,102.3,83.0,16.6,98.80952380952381,5.0,263.0,84.0,16.6,118.0,87.66666666666667,3,0,0,0,0,0,0,1,0,0,8.0,3.0,5.551020408163266,16.1875,18.399876107898272,102.138087782619,22.411651450220482,101.35819521178637,16.74144486692015,2.0,96.0
A Turkmen,2026,T20I,19.0,24.0,3.0,4.0,2.0,0.0,6.33,79.17,138.0,46.0,172.5,4.0,262.0,80.0,34.5,49.0,78.0,4,0,0,0,0,0,0,1,0,0,4.0,3.0,3.834862385321101,22.784688995215305,19.62974142499205,75.27735702428144,15.233847810480976,143.54182366239638,31.95973154362416,4.5,110.0
A Vaidya,2026,T20I,90.0,83.0,2.0,3.0,14.0,0.0,45.0,108.43,149.0,16.555555555555557,86.62790697674419,9.0,183.0,172.0,16.555555555555557,149.0,91.5,2,1,0,0,0,0,0,1,0,0,0.0,3.0,7.411764705882353,15.996031746031747,16.861706575968853,124.97500168071032,18.316040290263185,87.85963382737576,15.996031746031747,1.3333333333333333,77.0
A Vessik,2026,T20I,13.0,32.0,2.0,2.0,0.0,0.0,6.5,40.62,46.0,7.666666666666667,50.0,7.0,62.0,92.0,6.571428571428571,16.0,31.0,2,1,0,0,0,0,0,1,0,0,5.0,0.0,6.25,5.5600000000000005,10.343515108848694,64.64696943030434,18.316040290263185,50.271247739602174,6.619047619047619,2.4285714285714284,50.0
A Yon,2026,T20I,20.0,33.0,4.0,4.0,1.0,1.0,5.0,60.61,101.0,25.25,118.82352941176471,5.0,161.0,85.0,20.2,101.0,80.5,2,0,0,0,0,0,0,1,0,0,0.0,3.0,4.470588235294118,20.164473684210524,21.28062158123534,95.13689648081682,22.411651450220482,122.89494787489974,24.133858267716533,1.8,81.0
A Zampa,2025,BBL,11.0,9.0,1.0,2.0,1.0,0.0,11.0,122.22,6.0,3.0,75.0,4.0,167.0,8.0,1.5,6.0,6.333333333333333,12,0,1,0,0,0,0,0,0,0,2.0,3.0,3.2844036697247705,1.9692737430167597,3.7080875837295504,12.178856467662193,5.78307210031348,75.88805166846072,5.035714285714286,10.0,9.0
A Zampa,2026,ODI,25.0,53.0,2.0,8.0,2.0,0.0,12.5,47.17,83.0,10.375,68.0327868852459,9.0,376.0,122.0,9.222222222222221,63.0,56.666666666666664,10,0,0,0,0,1,0,0,0,0,9.0,4.0,7.77064220183486,8.030696576151122,8.280314087796585,64.34335809507986,8.98506752900894,70.78780310125923,11.060162601626015,9.777777777777779,41.0
A Zampa,2026,T20I,11.0,17.0,3.0,5.0,0.0,0.0,3.67,64.71,1.0,0.5,16.666666666666664,4.0,59.0,6.0,0.25,11.0,4.0,8,0,0,0,0,0,0,1,0,0,4.0,1.0,3.302752293577982,1.147222222222222,3.0837597725657426,10.184894661685021,5.407604832977968,55.36193029490616,1.8858447488584476,10.25,7.0
AA Alleyne,2026,ODI,62.0,74.0,3.0,4.0,7.0,0.0,20.67,83.78,217.0,18.083333333333332,69.10828025477707,15.0,509.0,314.0,14.466666666666667,163.0,144.66666666666666,6,1,0,0,0,1,0,0,0,0,9.0,5.0,10.990825688073395,14.353923205342237,15.808102767207075,173.74410197352364,21.615126484254002,71.03436880370127,18.139240506329113,7.266666666666667,103.0
AA Alleyne,2026,T20I,31.0,37.0,1.0,5.0,3.0,0.0,31.0,83.78,37.0,7.4,92.5,8.0,344.0,40.0,4.625,78.0,96.33333333333333,6,1,0,0,0,0,0,1,0,0,7.0,14.0,8.211009174311926,8.279329608938548,8.855864534932067,72.71558494279081,10.5758603974794,96.7741935483871,10.913107511045654,6.875,48.0
AA Jangoo,2026,ODI,75.0,114.0,2.0,2.0,5.0,0.0,37.5,65.79,153.0,38.25,92.16867469879519,5.0,153.0,166.0,30.6,153.0,153.0,1,0,0,0,0,1,0,0,0,0,0.0,0.0,5.0,30.6,28.25409337235923,141.27046686179614,26.29917118265859,92.16867469879519,38.25,5.4,141.0
AA Navicha,2026,T20I,105.0,57.0,3.0,5.0,10.0,6.0,35.0,184.21,169.0,28.166666666666668,117.36111111111111,8.0,218.0,144.0,21.125,169.0,96.5,3,0,0,0,0,0,0,1,0,0,0.0,3.0,6.164556962025317,18.802874743326488,17.442381630424766,107.5245551141375,15.233847810480976,108.84345655533103,24.81571815718157,5.0,86.0
AA Rahayu,2026,T20I,166.0,145.0,8.0,13.0,14.0,6.0,20.75,114.48,56.0,11.2,60.86956521739131,8.0,78.0,92.0,7.0,22.0,39.0,2,0,0,0,0,0,0,1,0,0,3.0,0.0,6.125,7.061224489795918,6.433267658092899,39.403764405819004,5.407604832977968,65.40642722117202,11.161290322580646,7.625,30.0
AA Senn,2026,T20I,363.0,402.0,14.0,16.0,20.0,6.0,25.93,90.3,59.0,19.666666666666668,83.09859154929578,4.0,59.0,71.0,14.75,59.0,59.0,1,0,0,0,0,0,0,1,0,0,0.0,0.0,4.0,14.75,19.346990870132288,77.38796348052915,22.411651450220482,83.09859154929578,19.666666666666668,2.5,67.0
AAP Atkinson,2026,Test,207.0,402.0,13.0,8.0,23.0,3.0,15.92,51.49,178.0,19.77777777777778,79.46428571428571,6.0,380.0,224.0,29.666666666666668,202.0,190.0,2,0,0,0,0,0,0,0,1,0,6.0,0.0,5.999999999999999,31.166666666666668,26.170489296636084,157.0229357798165,18.176605504587155,77.99791449426485,21.681159420289852,8.333333333333334,143.0
AAP Rivero,2026,T20I,82.0,71.0,4.0,6.0,3.0,3.0,20.5,115.49,62.0,12.4,70.45454545454545,7.0,94.0,88.0,8.857142857142858,19.0,31.333333333333332,3,0,0,0,0,0,0,1,0,0,1.0,5.0,4.795918367346938,8.306382978723407,11.005395250836745,52.78097722340071,15.233847810480976,75.01921598770178,10.551351351351354,5.857142857142857,53.0
AB Kaur,2026,ODI,159.0,192.0,5.0,8.0,17.0,1.0,31.8,82.81,43.0,21.5,130.3030303030303,3.0,98.0,33.0,14.333333333333334,27.0,32.666666666666664,3,1,0,0,0,1,0,0,0,0,3.0,3.0,3.0,11.782312925170068,9.278235545677408,27.834706637032223,6.824239713774597,82.83118125298901,15.327433628318586,7.666666666666667,34.0
AB Kaur,2026,T20I,25.0,25.0,3.0,3.0,1.0,1.0,8.33,100.0,75.0,75.0,153.0612244897959,4.0,167.0,49.0,18.75,35.0,55.666666666666664,3,1,0,0,0,0,0,1,0,0,4.0,3.0,3.8163265306122454,15.57754010695187,13.351273173952254,50.952818031205545,10.5758603974794,143.9940682155215,39.9041095890411,5.5,80.0
AB Kaur,2026,WPL,139.0,104.0,6.0,7.0,20.0,3.0,23.17,133.65,128.0,42.666666666666664,133.33333333333331,7.0,209.0,96.0,18.285714285714285,57.0,69.66666666666667,3,1,0,0,0,0,0,0,0,1,7.0,3.0,6.26530612244898,13.912052117263842,15.318768970141877,95.97677701701134,18.197849462365593,130.37240537240532,29.054421768707478,6.142857142857143,96.0
ABY Smith,2026,T20I,20.0,42.0,2.0,2.0,1.0,0.0,10.0,47.62,249.0,19.153846153846153,71.55172413793103,14.0,249.0,348.0,17.785714285714285,249.0,249.0,1,1,0,0,0,0,0,1,0,0,0.0,0.0,14.0,17.785714285714285,17.944812087078954,251.22736921910536,18.316040290263185,71.55172413793103,19.153846153846153,1.5,113.0
AC Agar,2025,BBL,26.0,26.0,3.0,3.0,1.0,1.0,8.67,100.0,66.0,16.5,134.6938775510204,6.0,766.0,49.0,11.0,16.0,38.666666666666664,11,0,1,0,0,0,0,0,0,0,5.0,5.0,5.862385321100917,9.162754303599373,11.83529559735961,69.38306318085128,17.527808553068912,120.39893070121323,12.783842794759824,7.5,51.0
AC Jayangani,2026,ODI,376.0,471.0,13.0,13.0,53.0,7.0,28.92,79.83,164.0,20.5,68.6192468619247,8.0,2924.0,239.0,20.5,458.0,345.6666666666667,12,1,0,0,0,1,0,0,0,0,9.0,8.0,8.073394495412842,36.10795454545455,34.71324398896334,280.25371293841954,30.622093023255815,92.71957980741172,40.52933673469388,2.625,242.0
AC Jayangani,2026,T20I,678.0,499.0,21.0,24.0,92.0,21.0,32.29,135.87,132.0,26.4,92.95774647887323,6.0,2984.0,142.0,22.0,728.0,459.6666666666667,12,1,0,0,0,0,0,1,0,0,20.0,21.0,13.036697247706421,29.94018296973962,27.913894298128383,363.90498896917825,18.316040290263185,121.15559858753846,33.98162939297124,1.6666666666666667,240.0
AC Kerr,2026,ODI,548.0,655.0,12.0,13.0,65.0,2.0,45.67,83.66,85.0,42.5,77.27272727272727,3.0,1854.0,110.0,28.333333333333332,553.0,309.0,9,1,0,0,0,1,0,0,0,0,12.0,9.0,7.376146788990824,39.97014925373135,34.98237132724294,258.0351059367277,21.615126484254002,78.0568375030362,48.17991004497751,5.0,251.0
AC Kerr,2026,T20I,596.0,404.0,14.0,15.0,94.0,4.0,42.57,147.52,345.0,34.5,104.2296072507553,12.0,1453.0,331.0,28.75,370.0,376.0,9,1,0,0,0,0,0,1,0,0,14.0,15.0,12.440366972477062,27.26548672566372,25.644210197511452,319.0233855763809,18.316040290263185,110.00624832634117,33.21832884097035,3.0,266.0
AC Kerr,2026,WPL,74.0,61.0,3.0,5.0,8.0,1.0,24.67,121.31,73.0,9.125,82.95454545454545,8.0,437.0,88.0,9.125,215.0,145.66666666666666,3,1,0,0,0,0,0,0,0,1,9.0,7.0,8.122448979591836,16.05778894472362,16.64357193312927,135.18656386500916,18.197849462365593,112.16216216216218,19.604294478527606,3.875,121.0
AC Sabino,2026,T20I,88.0,94.0,8.0,9.0,6.0,2.0,11.0,93.62,87.0,10.875,82.85714285714286,10.0,92.0,105.0,8.7,87.0,46.0,2,1,0,0,0,0,0,1,0,0,0.0,1.0,7.61764705882353,8.571428571428571,9.30655026802423,70.89401527700811,10.5758603974794,79.14438502673796,11.1,5.1,48.0
AD Russell,2025,CPL,89.0,58.0,5.0,8.0,4.0,8.0,17.8,153.45,116.0,23.2,184.12698412698413,7.0,1871.0,63.0,16.571428571428573,145.0,126.66666666666667,11,0,0,1,0,0,0,0,0,0,10.0,9.0,8.458715596330274,15.24078091106291,15.548580649429473,131.52102164012817,16.494551845342706,169.11782404621496,22.19905213270142,6.142857142857143,125.0
ADS Fletcher,2025,CPL,310.0,240.0,10.0,10.0,27.0,15.0,31.0,129.17,318.0,31.8,149.29577464788733,10.0,3033.0,213.0,31.8,278.0,275.0,12,0,0,1,0,0,0,0,0,0,8.0,8.0,9.321100917431192,30.394685039370078,29.057125042337653,270.8443948900464,24.527255185721177,137.75091444375056,32.268547544409614,1.9,262.0
AE Jones,2026,ODI,250.0,289.0,8.0,10.0,34.0,1.0,31.25,86.51,488.0,69.71428571428571,95.3125,11.0,2373.0,512.0,44.36363636363637,304.0,348.3333333333333,12,1,0,0,0,1,0,0,0,0,6.0,9.0,10.0,38.2605504587156,34.66801291027065,346.6801291027065,21.615126484254002,93.23496534764142,51.296432964329654,4.0,303.0
AE Jones,2026,T20I,193.0,154.0,10.0,11.0,23.0,1.0,19.3,125.32,151.0,15.1,115.2671755725191,12.0,1662.0,131.0,12.583333333333334,188.0,180.66666666666666,11,1,0,0,0,0,0,1,0,0,13.0,12.0,12.174311926605503,14.32629992464205,13.634762212196572,165.99384821637474,10.5758603974794,122.92124660545716,17.783910196445277,5.538461538461538,108.0
AE Jones,2026,Test,106.0,142.0,2.0,1.0,12.0,0.0,53.0,74.65,72.0,18.0,49.6551724137931,2.0,188.0,145.0,36.0,17.0,35.333333333333336,6,1,0,0,0,0,0,0,1,0,1.0,1.0,1.5596330275229355,27.076470588235296,42.14450645273806,65.72996419234374,50.68306010928962,50.73853615520283,13.990881458966566,6.5,50.0
AGS Gous,2025,CPL,170.0,129.0,3.0,5.0,11.0,7.0,56.67,131.78,41.0,13.666666666666666,97.61904761904762,3.0,41.0,42.0,13.666666666666666,41.0,41.0,1,0,0,1,0,0,0,0,0,0,0.0,0.0,3.0,13.666666666666666,15.551923452450694,46.65577035735208,16.494551845342706,97.61904761904762,13.666666666666666,5.0,47.0
AGS Gous,2026,ODI,12.0,34.0,2.0,2.0,1.0,0.0,6.0,35.29,403.0,40.3,91.38321995464852,11.0,403.0,441.0,36.63636363636363,403.0,403.0,1,0,0,0,0,1,0,0,0,0,0.0,0.0,11.0,36.63636363636363,35.326031454248366,388.586345996732,32.92375578703704,91.38321995464852,40.3,2.0,290.0
AGS Gous,2026,PSL,13.0,13.0,2.0,2.0,2.0,0.0,6.5,100.0,142.0,28.4,144.89795918367346,6.0,142.0,98.0,23.666666666666668,142.0,142.0,1,0,0,0,0,0,1,0,0,0,0.0,0.0,6.0,23.666666666666668,25.419405756731663,152.51643454038998,27.17214484679666,144.89795918367346,28.4,2.5,148.0
AGS Gous,2026,T20I,19.0,22.0,2.0,2.0,2.0,1.0,9.5,86.36,307.0,34.111111111111114,146.19047619047618,9.0,752.0,210.0,34.111111111111114,445.0,376.0,2,0,0,0,0,0,0,1,0,0,15.0,0.0,11.25,31.88888888888889,29.519579529221787,332.0952697037451,22.411651450220482,145.39007092198582,32.98850574712644,2.3,240.0
AI Chudasama,2026,T20I,111.0,117.0,8.0,11.0,9.0,2.0,13.88,94.87,112.0,28.0,91.05691056910568,8.0,137.0,123.0,14.0,25.0,68.5,2,1,0,0,0,0,0,1,0,0,3.0,0.0,6.125,12.959183673469386,12.054124201574455,73.83151073464353,10.5758603974794,89.68926553672317,21.896551724137932,5.875,74.0
AI Ross,2025,BBL,33.0,33.0,2.0,2.0,2.0,0.0,16.5,100.0,256.0,32.0,141.43646408839777,10.0,2176.0,181.0,25.6,164.0,225.33333333333334,11,0,1,0,0,0,0,0,0,0,8.0,13.0,9.844036697247706,23.2385834109972,21.99078118421025,216.47805697851004,17.527808553068912,133.4635765134079,28.14334085778781,5.1,212.0
AJ Healy,2026,ODI,543.0,435.0,8.0,9.0,86.0,5.0,67.88,124.83,223.0,31.857142857142858,91.76954732510289,7.0,2795.0,243.0,31.857142857142858,320.0,198.33333333333334,13,1,0,0,0,1,0,0,0,0,11.0,4.0,8.412844036697248,32.1897491821156,31.80330970170645,267.5562843712368,30.622093023255815,89.5135856380398,32.1897491821156,1.4285714285714286,259.0
AJ Hosein,2025,CPL,44.0,24.0,4.0,7.0,2.0,4.0,11.0,183.33,45.0,15.0,128.57142857142858,5.0,312.0,35.0,9.0,63.0,45.666666666666664,9,0,0,1,0,0,0,0,0,0,6.0,4.0,5.211009174311926,9.42781690140845,8.325508130608098,43.38429924940733,6.238470191226097,112.54728877679696,15.47687861271676,7.6,32.0
AJ Hosein,2026,T20I,35.0,21.0,4.0,6.0,1.0,4.0,8.75,166.67,71.0,17.75,104.41176470588236,7.0,272.0,68.0,10.142857142857142,48.0,63.0,5,0,0,0,0,0,0,1,0,0,8.0,6.0,7.3119266055045875,8.959849435382685,7.988406061890054,58.410638819508016,5.407604832977968,106.88519682682231,14.939330543933053,9.285714285714286,41.0
AJ Turner,2025,BBL,243.0,133.0,7.0,12.0,19.0,16.0,34.71,182.71,240.0,34.285714285714285,147.23926380368098,10.0,2242.0,163.0,24.0,19.0,213.33333333333334,12,0,1,0,0,0,0,0,0,0,1.0,14.0,8.58715596330275,24.95192307692308,23.14995353229828,198.79226152505674,17.527808553068912,149.50070413519396,36.8957345971564,5.0,187.0
AJ Turner,2026,PSL,220.0,128.0,6.0,11.0,14.0,11.0,36.67,171.88,15.0,5.0,136.36363636363635,3.0,15.0,11.0,5.0,15.0,15.0,1,0,0,0,0,0,1,0,0,0,0.0,0.0,3.0,5.0,13.648987738808097,40.946963216424294,17.973481608212147,136.36363636363635,5.0,5.0,50.0
AK Gokoel,2026,T20I,44.0,54.0,2.0,4.0,1.0,0.0,22.0,81.48,22.0,3.6666666666666665,34.92063492063492,6.0,22.0,63.0,3.6666666666666665,22.0,22.0,1,0,0,0,0,0,0,1,0,0,0.0,0.0,6.0,3.6666666666666665,9.45025723857382,56.70154343144293,15.233847810480976,34.92063492063492,3.6666666666666665,6.0,33.0
AK Markram,2026,IPL,231.0,168.0,10.0,11.0,20.0,11.0,23.1,137.5,445.0,34.23076923076923,148.82943143812707,13.0,1440.0,299.0,34.23076923076923,220.0,304.3333333333333,5,0,0,0,1,0,0,0,0,0,11.0,13.0,12.34862385321101,27.864041604754828,27.863685856380638,344.07817580448017,27.86208973200843,139.83967188665176,31.09867330016584,1.3846153846153846,329.0
AK Markram,2026,ODI,118.0,116.0,3.0,3.0,11.0,4.0,39.33,101.72,325.0,32.5,91.80790960451978,10.0,2421.0,354.0,32.5,431.0,473.6666666666667,7,0,0,0,0,1,0,0,0,0,12.0,14.0,10.807339449541283,36.3981324278438,35.69291389452714,385.7454364014033,32.92375578703704,101.7151397257674,40.0345471521942,2.3,336.0
AK Markram,2026,T20I,494.0,318.0,11.0,14.0,50.0,20.0,44.91,155.35,173.0,17.3,155.85585585585585,11.0,1444.0,111.0,15.727272727272727,208.0,240.66666666666666,6,0,0,0,0,0,0,1,0,0,13.0,12.0,11.412844036697248,19.520900321543408,20.082574763643873,229.19929363277961,22.411651450220482,144.99641748268448,21.58577777777778,2.090909090909091,195.0
AK Markram,2026,Test,199.0,391.0,8.0,4.0,26.0,2.0,24.88,50.9,483.0,40.25,63.21989528795812,7.0,2993.0,764.0,69.0,225.0,328.0,8,0,0,0,0,0,0,0,1,0,4.0,2.0,5.348623853211008,65.01372212692968,64.88948138199491,347.0694279422296,64.64804020100503,62.264677859184545,36.97853658536586,1.3846153846153846,377.0
AK Mohan,2026,T20I,235.0,179.0,6.0,7.0,17.0,11.0,39.17,131.28,117.0,23.4,96.69421487603306,6.0,377.0,121.0,19.5,117.0,81.5,4,0,0,0,0,0,0,1,0,0,0.0,4.0,5.822784810126582,17.69782608695652,19.558546625087033,113.8852081967093,22.411651450220482,91.52332771219785,19.85609756097561,2.5,88.0
AK Roger,2026,T20I,4.0,17.0,3.0,4.0,0.0,0.0,1.33,23.53,7.0,2.3333333333333335,21.875,3.0,7.0,32.0,2.3333333333333335,7.0,7.0,1,0,0,0,0,0,0,1,0,0,0.0,0.0,3.0,2.3333333333333335,10.933676318098428,32.80102895429528,15.233847810480976,21.875,2.3333333333333335,7.333333333333333,19.0
AL Mundundo,2026,T20I,84.0,137.0,8.0,8.0,6.0,0.0,10.5,61.31,76.0,8.444444444444445,44.70588235294118,11.0,96.0,170.0,6.909090909090909,20.0,48.0,2,1,0,0,0,0,0,1,0,0,5.0,0.0,8.75,6.285714285714286,7.57275811924382,66.26163354338343,10.5758603974794,40.93023255813954,7.719298245614035,4.909090909090909,49.0
AM Fernando,2026,ODI,0.0,5.0,1.0,3.0,0.0,0.0,0.0,0.0,6.0,3.0,28.57142857142857,5.0,7.0,21.0,1.2,6.0,6.0,2,0,0,0,0,1,0,0,0,0,0.0,0.0,5.0,1.2,5.446400470368513,27.232002351842564,8.98506752900894,28.57142857142857,3.0,11.0,8.0
AM Fernando,2026,Test,1.0,39.0,2.0,3.0,0.0,0.0,0.5,2.56,10.0,2.0,18.181818181818183,6.0,58.0,55.0,1.6666666666666667,12.0,13.333333333333334,5,0,0,0,0,0,0,0,1,0,4.0,3.0,4.752293577981652,2.5830115830115825,8.301933559139542,39.4532255379292,18.176605504587155,25.955383123181374,3.170616113744076,11.0,13.0
AM Hardie,2025,BBL,339.0,232.0,9.0,12.0,34.0,12.0,37.67,146.12,120.0,17.142857142857142,106.19469026548674,7.0,1160.0,113.0,17.142857142857142,334.0,304.6666666666667,6,0,1,0,0,0,0,0,0,0,11.0,15.0,9.522935779816514,24.629094412331405,24.917658883562705,237.28926533154208,25.91609195402299,126.10990528808208,28.919683257918553,2.857142857142857,233.0
AM Kimote,2026,T20I,16.0,18.0,2.0,3.0,3.0,0.0,8.0,88.89,35.0,11.666666666666666,97.22222222222221,3.0,279.0,36.0,11.666666666666666,68.0,80.66666666666667,4,0,0,0,0,0,0,1,0,0,10.0,18.0,7.605504587155964,8.080820265379977,7.3704884410038884,56.056283647635084,5.407604832977968,92.8997365136597,11.451282051282053,8.333333333333334,39.0
AM Rahane,2026,IPL,335.0,248.0,13.0,14.0,25.0,18.0,25.77,135.08,390.0,35.45454545454545,147.72727272727272,12.0,5032.0,264.0,32.5,242.0,319.3333333333333,17,0,0,0,1,0,0,0,0,0,12.0,11.0,11.330275229357797,27.604048582995954,27.654480077916958,313.3328706075912,27.86208973200843,142.6998744244454,29.21251071122537,3.0,363.0
AM Zepeda,2026,T20I,179.0,191.0,1.0,6.0,22.0,1.0,179.0,93.72,107.0,35.666666666666664,118.88888888888889,4.0,225.0,90.0,26.75,41.0,74.0,3,1,0,0,0,0,0,1,0,0,2.0,0.0,3.25,25.307692307692307,21.56216444121242,70.07703443394037,18.316040290263185,121.85185185185186,31.333333333333332,1.75,94.0
AN Aminou,2026,T20I,8.0,10.0,3.0,4.0,1.0,0.0,2.67,80.0,11.0,3.6666666666666665,68.75,3.0,59.0,16.0,3.6666666666666665,11.0,29.5,2,0,0,0,0,0,0,1,0,0,0.0,5.0,3.5294117647058827,5.8916666666666675,5.6227434257285,19.844976796688826,5.407604832977968,96.45293315143248,6.3693693693693705,7.666666666666667,22.0
AN Kelly,2026,ODI,32.0,39.0,4.0,4.0,2.0,0.0,8.0,82.05,122.0,17.428571428571427,87.14285714285714,10.0,392.0,140.0,12.2,145.0,113.0,4,1,0,0,0,1,0,0,0,0,10.0,7.0,8.798165137614678,12.856100104275287,11.418802155784256,100.46450704034037,6.824239713774597,70.6006986199393,16.460614152202936,7.9,89.0
AN Lascu,2026,T20I,199.0,146.0,8.0,9.0,22.0,9.0,24.88,136.3,134.0,44.666666666666664,171.7948717948718,5.0,263.0,78.0,26.8,129.0,131.5,2,0,0,0,0,0,0,1,0,0,4.0,0.0,4.625,28.567567567567565,25.81118721651663,119.3767408763894,22.411651450220482,148.66385372714487,44.041666666666664,2.0,155.0
AN Toube,2026,T20I,142.0,113.0,6.0,6.0,9.0,8.0,23.67,125.66,15.0,3.0,53.57142857142857,5.0,55.0,28.0,3.0,15.0,22.0,3,0,0,0,0,0,0,1,0,0,0.0,6.0,5.08860759493671,3.465174129353233,8.4945218563309,43.2252884334813,15.233847810480976,57.32510288065843,3.465174129353233,4.0,30.0
AP Yadav,2026,T20I,96.0,107.0,6.0,7.0,10.0,1.0,16.0,89.72,521.0,28.944444444444443,95.77205882352942,20.0,941.0,544.0,26.05,341.0,313.6666666666667,3,0,0,0,0,0,0,1,0,0,13.0,4.0,14.918367346938776,25.787961696306425,25.213107511388273,376.13839981275163,22.411651450220482,103.99404203674077,30.503236245954692,1.25,266.0
AR Leo,2026,T20I,22.0,52.0,4.0,4.0,1.0,0.0,5.5,42.31,38.0,19.0,92.6829268292683,4.0,63.0,41.0,9.5,38.0,31.5,2,0,0,0,0,0,0,1,0,0,0.0,3.0,3.7352941176470593,9.251968503937007,12.491253326975258,46.65850507428994,15.233847810480976,84.8375451263538,15.25974025974026,6.0,40.0
AR Naidoo,2026,T20I,102.0,88.0,0.0,4.0,5.0,4.0,102.0,115.91,397.0,23.352941176470587,105.58510638297874,18.0,442.0,376.0,22.055555555555557,45.0,221.0,2,0,0,0,0,0,0,1,0,0,4.0,0.0,12.749999999999998,20.784313725490197,21.154163208383444,269.7155809068889,22.411651450220482,102.46495891735137,21.855670103092784,2.9444444444444446,203.0
AR Odedara,2026,ODI,106.0,150.0,5.0,5.0,11.0,4.0,21.2,70.67,137.0,34.25,43.63057324840764,5.0,137.0,314.0,27.4,137.0,137.0,1,0,0,0,0,1,0,0,0,0,0.0,0.0,5.0,27.4,30.412957702020204,152.064788510101,32.92375578703704,43.63057324840764,34.25,1.8,137.0
AR Odedara,2026,T20I,17.0,27.0,4.0,4.0,2.0,0.0,4.25,62.96,28.0,7.0,77.77777777777779,4.0,28.0,36.0,7.0,28.0,28.0,1,0,0,0,0,0,0,1,0,0,0.0,0.0,4.0,7.0,16.246990870132286,64.98796348052915,22.411651450220482,77.77777777777779,7.0,2.75,46.0
AR Patel,2026,IPL,173.0,132.0,9.0,11.0,16.0,6.0,19.22,131.06,263.0,26.3,157.48502994011977,11.0,1916.0,167.0,23.90909090909091,235.0,260.3333333333333,12,0,0,0,1,0,0,0,0,0,12.0,13.0,11.504587155963302,21.76714513556619,21.135708645740326,243.15760221796666,18.496304118268217,146.0147640954317,28.315352697095438,4.7272727272727275,229.0
AR Patel,2026,ODI,135.0,139.0,4.0,5.0,13.0,1.0,33.75,97.12,215.0,35.833333333333336,86.34538152610442,8.0,783.0,249.0,26.875,87.0,170.0,9,0,0,0,0,1,0,0,0,0,5.0,10.0,7.10091743119266,23.405684754521964,24.21392118696236,171.94105503402628,26.29917118265859,85.8781701825077,29.409090909090914,5.375,164.0
AR Patel,2026,T20I,215.0,191.0,16.0,20.0,11.0,6.0,13.44,112.57,72.0,12.0,114.28571428571428,7.0,523.0,63.0,10.285714285714286,123.0,125.33333333333333,8,0,0,0,0,0,0,1,0,0,8.0,11.0,8.137614678899084,12.78466741826381,13.403668359851974,109.07388839622662,15.233847810480976,132.4766355140187,16.976047904191617,7.285714285714286,67.0
AR Patwa,2026,T20I,131.0,94.0,5.0,5.0,20.0,3.0,26.2,139.36,60.0,20.0,98.36065573770492,4.0,1020.0,61.0,15.0,139.0,272.3333333333333,4,0,0,0,0,0,0,1,0,0,6.0,23.0,8.394495412844035,22.43387978142077,22.428391304581194,188.27502792377788,22.411651450220482,113.68520159503768,24.761158021712912,1.0,166.0
AR Ramjani,2026,T20I,17.0,27.0,3.0,3.0,0.0,0.0,5.67,62.96,251.0,50.2,153.0487804878049,11.0,728.0,164.0,22.818181818181817,93.0,213.66666666666666,4,0,0,0,0,0,0,1,0,0,10.0,14.0,10.311926605504587,19.255338078291814,18.408114005017058,189.823120565497,15.233847810480976,139.23700463201237,27.854568854568853,6.090909090909091,153.0
AR Valdez,2026,T20I,98.0,95.0,6.0,6.0,14.0,2.0,16.33,103.16,172.0,17.2,69.07630522088354,13.0,172.0,249.0,13.23076923076923,172.0,172.0,1,1,0,0,0,0,0,1,0,0,0.0,0.0,13.0,13.23076923076923,14.836644302188374,192.87637592844885,18.316040290263185,69.07630522088354,17.2,2.5384615384615383,91.0
AS Gorad,2026,T20I,152.0,199.0,11.0,11.0,15.0,0.0,13.82,76.38,104.0,14.857142857142858,54.166666666666664,7.0,156.0,192.0,14.857142857142858,48.0,76.0,3,1,0,0,0,0,0,1,0,0,5.0,0.0,6.25,13.280000000000001,15.168515108848695,94.80321943030434,18.316040290263185,54.115729421352896,13.280000000000001,1.0,76.0
AS Joseph,2025,CPL,38.0,33.0,3.0,4.0,0.0,4.0,12.67,115.15,30.0,15.0,93.75,4.0,232.0,32.0,7.5,24.0,43.333333333333336,8,0,0,1,0,0,0,0,0,0,4.0,8.0,4.458715596330276,7.609053497942385,7.085930098432351,31.59414704438645,6.238470191226097,106.47854880506766,14.168582375478927,8.75,27.0
AS Joseph,2026,ODI,17.0,34.0,4.0,5.0,2.0,0.0,4.25,50.0,64.0,12.8,108.47457627118644,5.0,461.0,59.0,12.8,41.0,52.333333333333336,8,0,0,0,0,1,0,0,0,0,4.0,6.0,5.5963302752293576,11.357377049180327,10.575296987585363,59.18285470116579,8.98506752900894,91.24193335967338,14.167689161554192,9.4,47.0
AS Joseph,2026,PSL,33.0,30.0,3.0,6.0,1.0,2.0,11.0,110.0,31.0,10.333333333333334,147.61904761904762,5.0,31.0,21.0,6.2,31.0,31.0,1,0,0,0,0,0,1,0,0,0,0.0,0.0,5.0,6.2,5.758864464818292,28.79432232409146,5.391251518833536,147.61904761904762,10.333333333333334,8.0,20.0
AS Joseph,2026,Test,34.0,44.0,2.0,2.0,1.0,3.0,17.0,77.27,102.0,12.75,59.30232558139535,5.0,770.0,172.0,20.4,114.0,107.0,9,0,0,0,0,0,0,0,1,0,5.0,7.0,5.330275229357797,18.95869191049914,18.69237417863354,99.63549906225765,18.176605504587155,58.50640038242948,11.343975283213181,8.1,89.0
AS Qwele,2026,T20I,52.0,74.0,5.0,6.0,5.0,0.0,10.4,70.27,60.0,10.0,58.82352941176471,10.0,95.0,102.0,6.0,19.0,31.666666666666668,3,1,0,0,0,0,0,1,0,0,5.0,2.0,7.000000000000001,5.623906705539359,7.13058632783349,49.91410429483444,10.5758603974794,60.60320452403394,8.808219178082194,6.5,43.0
AS Samra,2026,T20I,56.0,50.0,4.0,4.0,9.0,0.0,14.0,112.0,454.0,34.92307692307692,152.86195286195286,14.0,564.0,297.0,32.42857142857143,55.0,188.0,3,0,0,0,0,0,0,1,0,0,5.0,4.0,9.408163265306124,27.483731019522775,26.23853963589701,246.85646473772496,22.411651450220482,146.59261830382968,30.095011876484563,2.2142857142857144,220.0
ASF Sirah,2026,T20I,71.0,69.0,7.0,7.0,11.0,0.0,10.14,102.9,152.0,21.714285714285715,138.1818181818182,9.0,186.0,110.0,16.88888888888889,24.0,62.0,3,0,0,0,0,0,0,1,0,0,2.0,2.0,5.571428571428571,15.567765567765568,15.449355015536987,86.07497794370607,15.233847810480976,133.187088686932,19.85981308411215,4.333333333333333,86.0
ASH Parsons,2026,T20I,3.0,7.0,1.0,1.0,0.0,0.0,3.0,42.86,16.0,4.0,36.36363636363637,4.0,16.0,44.0,4.0,16.0,16.0,1,0,0,0,0,0,0,1,0,0,0.0,0.0,4.0,4.0,10.740308686288586,42.96123474515434,15.233847810480976,36.36363636363637,4.0,5.5,35.0
ASS Fletcher,2026,ODI,68.0,78.0,4.0,6.0,7.0,0.0,17.0,87.18,98.0,12.25,87.5,11.0,326.0,112.0,8.909090909090908,34.0,58.0,9,1,0,0,0,1,0,0,0,0,7.0,5.0,8.10091743119266,7.996602491506229,7.699300011946221,62.37139367475699,6.824239713774597,81.46994346371294,11.067398119122258,9.363636363636363,40.0
ASS Fletcher,2026,T20I,5.0,8.0,2.0,2.0,0.0,0.0,2.5,62.5,30.0,10.0,93.75,5.0,218.0,32.0,6.0,35.0,56.666666666666664,7,1,0,0,0,0,0,1,0,0,4.0,16.0,6.714285714285714,6.747720364741641,5.649590493014292,37.93296473881025,3.241025641025641,98.44789356984481,10.136986301369863,8.6,25.0
AT Carey,2025,BBL,96.0,61.0,3.0,3.0,11.0,2.0,32.0,157.38,53.0,17.666666666666668,189.28571428571428,3.0,1890.0,28.0,17.666666666666668,36.0,70.33333333333333,9,0,1,0,0,0,0,0,0,0,1.0,4.0,2.614678899082569,24.305263157894736,25.131329207191275,65.71035618394049,25.91609195402299,154.93178259897113,24.305263157894736,2.3333333333333335,137.0
AT Carey,2026,ODI,166.0,259.0,9.0,9.0,14.0,0.0,18.44,64.09,398.0,56.857142857142854,107.56756756756755,9.0,2212.0,370.0,44.22222222222222,25.0,205.33333333333334,8,0,0,0,0,1,0,0,0,0,3.0,9.0,7.853211009174312,33.23247663551402,31.433175912454654,246.8513631290017,26.29917118265859,100.25021144629265,40.350354609929084,5.777777777777778,259.0
AT Carey,2026,Test,377.0,570.0,10.0,7.0,35.0,1.0,37.7,66.14,671.0,41.9375,76.25,11.0,2010.0,880.0,61.0,336.0,519.6666666666666,4,0,0,0,0,0,0,0,1,0,7.0,13.0,10.128440366972475,53.01358695652174,54.28636112362068,549.8361713805249,58.970170058544745,68.9997877909033,37.089353612167294,6.944444444444445,402.0
AU Rashid,2026,ODI,15.0,42.0,3.0,5.0,0.0,1.0,5.0,35.71,126.0,12.6,80.76923076923077,13.0,927.0,156.0,9.692307692307692,72.0,85.66666666666667,12,0,0,0,0,1,0,0,0,0,8.0,7.0,9.522935779816514,9.30057803468208,9.229835768836084,87.8951332848794,8.98506752900894,82.22468273571245,13.991304347826087,9.571428571428571,61.0
AU Rashid,2026,T20I,8.0,7.0,1.0,3.0,1.0,0.0,8.0,114.29,44.0,22.0,102.32558139534885,5.0,155.0,43.0,8.8,11.0,22.333333333333332,13,0,0,0,0,0,0,1,0,0,5.0,3.0,4.871559633027523,5.792843691148776,5.653768291087112,27.54266938135098,5.407604832977968,96.3055729492799,10.49829351535836,10.0,18.0
AV Lazarus,2026,T20I,109.0,93.0,6.0,7.0,11.0,4.0,18.17,117.2,404.0,23.764705882352942,109.4850948509485,20.0,715.0,369.0,20.2,311.0,357.5,2,0,0,0,0,0,0,1,0,0,12.0,0.0,17.0,21.71323529411765,20.54226165249656,349.2184480924415,15.233847810480976,114.32442895857531,26.36607142857143,4.35,241.0
AWJ Auguste,2025,CPL,229.0,142.0,9.0,10.0,22.0,11.0,25.44,161.27,141.0,20.142857142857142,111.90476190476191,9.0,156.0,126.0,15.666666666666666,141.0,78.0,2,0,0,1,0,0,0,0,0,0,0.0,2.0,7.147058823529413,15.061728395061728,18.674524880046253,133.4679278191541,24.527255185721177,109.6136567834681,18.963730569948186,3.3333333333333335,108.0
AY Patel,2026,Test,30.0,30.0,0.0,1.0,3.0,2.0,30.0,100.0,62.0,7.75,35.02824858757062,5.0,189.0,177.0,12.4,1.0,32.666666666666664,7,0,0,0,0,0,0,0,1,0,2.0,2.0,3.477064220183486,10.443271767810026,13.86006134223291,48.192323382626356,18.176605504587155,34.28620928620928,8.995454545454546,9.333333333333334,51.0
Aamer Jamal,2026,PSL,25.0,20.0,1.0,4.0,2.0,1.0,25.0,125.0,25.0,8.333333333333334,108.69565217391303,4.0,192.0,23.0,6.25,138.0,64.0,3,0,0,0,0,0,1,0,0,0,8.0,5.0,5.408163265306123,11.154716981132074,9.071536693554288,49.060351505956866,5.391251518833536,142.4578313253012,17.28654970760234,8.25,40.0
Aamer Jamal,2026,Test,3.0,17.0,2.0,1.0,0.0,0.0,1.5,17.65,209.0,26.125,58.05555555555556,5.0,352.0,360.0,41.8,143.0,176.0,2,0,0,0,0,0,0,0,1,0,3.0,0.0,4.25,43.352941176470594,31.55153383027523,134.09401877866972,18.176605504587155,57.53317720530836,26.8,8.0,147.0
Aamir Kaleem,2026,T20I,172.0,154.0,11.0,11.0,19.0,4.0,15.64,111.69,229.0,20.818181818181817,130.85714285714286,13.0,521.0,175.0,17.615384615384617,229.0,229.0,5,0,0,0,0,0,0,1,0,0,0.0,0.0,11.01639344262295,17.186011904761905,18.798863616323196,207.09567787162604,22.411651450220482,129.38606318619762,20.19055944055944,2.3076923076923075,125.0
Aarif Sheikh,2026,ODI,278.0,424.0,12.0,15.0,16.0,6.0,23.17,65.57,325.0,46.42857142857143,75.5813953488372,8.0,1240.0,430.0,40.625,60.0,254.66666666666666,8,0,0,0,0,1,0,0,0,0,2.0,17.0,8.339449541284402,31.633663366336634,30.30996803539915,252.76844902915434,26.29917118265859,70.79199389448289,35.898876404494395,5.25,200.0
Aarif Sheikh,2026,T20I,54.0,50.0,5.0,5.0,6.0,1.0,10.8,108.0,45.0,15.0,150.0,4.0,508.0,30.0,11.25,88.0,66.5,4,0,0,0,0,0,0,1,0,0,5.0,0.0,5.2967032967032965,14.04771784232365,14.502754914506767,76.81678976694792,15.233847810480976,123.98828053470059,17.45103092783505,6.25,71.0
Aaron Jones,2025,CPL,40.0,42.0,4.0,4.0,3.0,1.0,10.0,95.24,57.0,57.0,139.02439024390242,3.0,57.0,41.0,19.0,57.0,57.0,1,0,0,1,0,0,0,0,0,0,0.0,0.0,3.0,19.0,17.329701230228473,51.98910369068542,16.494551845342706,139.02439024390242,57.0,5.666666666666667,62.0
Aasif Sheikh,2026,ODI,605.0,810.0,17.0,17.0,60.0,12.0,35.59,74.69,96.0,13.714285714285714,61.935483870967744,8.0,1470.0,155.0,12.0,171.0,319.6666666666667,5,0,0,0,0,1,0,0,0,0,7.0,26.0,10.999999999999998,22.019182652210176,24.201552192202207,266.21707411422426,32.92375578703704,73.5055823147813,24.78967136150235,2.0,217.0
Aasif Sheikh,2026,T20I,417.0,302.0,15.0,16.0,34.0,22.0,27.8,138.08,287.0,23.916666666666668,125.87719298245614,12.0,1362.0,228.0,23.916666666666668,612.0,449.5,4,0,0,0,0,0,0,1,0,0,26.0,0.0,16.857142857142858,23.53911342894394,23.35468671486704,393.6932903363301,22.411651450220482,118.19253052273248,24.00864361702128,2.0,231.0
Aayan Afzal Khan,2026,ODI,52.0,86.0,3.0,4.0,4.0,1.0,17.33,60.47,50.0,6.25,37.3134328358209,9.0,595.0,134.0,5.555555555555555,95.0,198.33333333333334,3,0,0,0,0,1,0,0,0,0,3.0,22.0,9.551020408163264,14.369658119658121,13.06271865590832,124.76229246867537,8.98506752900894,65.38012832976861,17.981283422459896,7.666666666666667,101.0
Abbas Afridi,2026,PSL,65.0,37.0,4.0,7.0,7.0,4.0,16.25,175.68,72.0,14.4,175.609756097561,7.0,140.0,41.0,10.285714285714286,12.0,35.666666666666664,5,0,0,0,0,0,1,0,0,0,2.0,3.0,4.458715596330275,9.135802469135804,7.7065845491731055,34.36146872383605,5.391251518833536,173.36977743069113,12.685714285714283,8.428571428571429,36.0
Abbas Ghani,2026,T20I,217.0,143.0,7.0,7.0,26.0,10.0,31.0,151.75,459.0,28.6875,160.48951048951048,16.0,522.0,286.0,28.6875,50.0,174.0,3,0,0,0,0,0,0,1,0,0,4.0,1.0,9.571428571428571,26.315565031982945,25.369543970166514,242.82277800016521,22.411651450220482,155.99089989888776,26.315565031982945,1.0,213.0
Abdul Majid Abbasi,2026,T20I,21.0,38.0,3.0,6.0,0.0,1.0,7.0,55.26,10.0,3.3333333333333335,41.66666666666667,7.0,26.0,24.0,1.4285714285714286,12.0,8.666666666666666,3,0,0,0,0,0,0,1,0,0,4.0,3.0,5.346938775510204,1.7786259541984732,3.099856128511396,16.574740932040527,5.407604832977968,51.09649122807017,4.707070707070708,9.857142857142858,7.0
Abdul Naser Baluch,2026,T20I,1.0,9.0,2.0,3.0,0.0,0.0,0.5,11.11,30.0,5.0,88.23529411764706,6.0,53.0,34.0,5.0,15.0,17.666666666666668,3,0,0,0,0,0,0,1,0,0,2.0,1.0,3.8571428571428577,5.5396825396825395,5.4812410765389235,21.141929866650138,5.407604832977968,97.12430426716142,5.5396825396825395,8.666666666666666,20.0
Abdul Samad,2026,IPL,116.0,88.0,6.0,7.0,10.0,5.0,19.33,131.82,164.0,20.5,176.34408602150538,12.0,743.0,93.0,13.666666666666666,182.0,171.66666666666666,6,0,0,0,1,0,0,0,0,0,12.0,8.0,10.330275229357797,14.872113676731793,15.634566083787142,161.50937073710386,18.496304118268217,163.0415733618927,21.090680100755666,6.083333333333333,146.0
Abdul Samad,2026,PSL,132.0,70.0,5.0,8.0,8.0,12.0,26.4,188.57,61.0,15.25,190.625,4.0,61.0,32.0,15.25,61.0,61.0,1,0,0,0,0,0,1,0,0,0,0.0,0.0,4.0,15.25,16.884088964927287,67.53635585970915,17.973481608212147,190.625,15.25,6.5,53.0
Abdul Samad,2026,T20I,19.0,23.0,0.0,4.0,1.0,0.0,19.0,82.61,71.0,17.75,105.97014925373134,6.0,71.0,67.0,11.833333333333334,71.0,71.0,1,0,0,0,0,0,0,1,0,0,0.0,0.0,6.0,11.833333333333334,8.62046908315565,51.7228144989339,5.407604832977968,105.97014925373134,17.75,8.0,34.0
Abdullah Shafique,2026,PSL,245.0,172.0,10.0,10.0,24.0,10.0,24.5,142.44,390.0,32.5,148.2889733840304,13.0,1068.0,263.0,30.0,159.0,272.3333333333333,4,0,0,0,0,0,1,0,0,0,5.0,10.0,10.100917431192661,28.932788374205266,28.5557769122334,288.4395447740273,27.17214484679666,143.72405702941708,32.14429868819374,3.0,265.0
Abdullah Shafique,2026,Test,374.0,802.0,10.0,6.0,36.0,3.0,37.4,46.63,132.0,26.4,49.25373134328358,3.0,1504.0,268.0,44.0,152.0,256.0,4,0,0,0,0,0,0,0,1,0,5.0,7.0,4.614678899082568,55.60238568588469,58.98183320087361,272.1822211012791,64.64804020100503,45.55123047606638,30.90386740331491,1.0,286.0
Abeera Waris,2026,T20I,50.0,69.0,5.0,6.0,4.0,0.0,10.0,72.46,76.0,15.2,118.75,7.0,93.0,64.0,10.857142857142858,7.0,30.666666666666668,4,1,0,0,0,0,0,1,0,0,3.0,4.0,4.798165137614679,7.998087954110898,8.937737690454215,42.88474139548215,10.5758603974794,92.40114866357412,9.888888888888888,4.857142857142857,51.0
Abhishek Anand,2026,T20I,261.0,225.0,15.0,15.0,25.0,12.0,17.4,116.0,18.0,6.0,81.81818181818183,3.0,18.0,22.0,6.0,18.0,18.0,1,0,0,0,0,0,0,1,0,0,0.0,0.0,3.0,6.0,16.941100966813654,50.823302900440964,22.411651450220482,81.81818181818183,6.0,2.6666666666666665,47.0
Abhishek Sharma,2026,IPL,563.0,275.0,14.0,15.0,50.0,43.0,40.21,204.73,439.0,33.76923076923077,193.3920704845815,13.0,1816.0,227.0,33.76923076923077,484.0,383.0,8,0,0,0,1,0,0,0,0,0,16.0,11.0,13.596330275229358,30.51551956815115,30.068814208531165,408.82552896369896,27.86208973200843,182.31073127469162,31.146005509641874,1.4615384615384615,362.0
Abhishek Sharma,2026,T20I,1033.0,565.0,35.0,37.0,112.0,58.0,29.51,182.83,472.0,33.714285714285715,201.7094017094017,14.0,596.0,234.0,33.714285714285715,124.0,298.0,2,0,0,0,0,0,0,1,0,0,4.0,0.0,10.249999999999998,33.31707317073171,30.395978067023343,311.55877518698924,22.411651450220482,197.54157628344177,33.31707317073171,1.8571428571428572,224.0
Abishek Porel,2026,IPL,108.0,88.0,4.0,4.0,15.0,1.0,27.0,122.73,301.0,25.083333333333332,146.8292682926829,13.0,661.0,205.0,23.153846153846153,327.0,220.33333333333334,3,0,0,0,1,0,0,0,0,0,12.0,4.0,11.040816326530614,23.52495378927911,24.466444949061163,270.129524845757,27.86208973200843,150.10024767071587,26.187242798353907,2.230769230769231,239.0
Abrar Ahmed,2026,ODI,0.0,10.0,0.0,1.0,0.0,0.0,0.0,0.0,28.0,14.0,147.36842105263156,4.0,28.0,19.0,7.0,28.0,28.0,1,0,0,0,0,1,0,0,0,0,0.0,0.0,4.0,7.0,8.191040517405364,32.764162069621456,8.98506752900894,147.36842105263156,14.0,10.833333333333334,12.0
Abrar Ahmed,2026,PSL,37.0,25.0,1.0,4.0,7.0,0.0,37.0,148.0,15.0,3.75,93.75,5.0,33.0,16.0,3.0,18.0,11.0,3,0,0,0,0,0,1,0,0,0,5.0,2.0,4.448979591836735,2.9587155963302747,3.9502383908288867,17.5745299836877,5.391251518833536,87.99454297407911,3.623595505617977,9.833333333333334,10.0
Adam Senn,2026,T20I,192.0,179.0,12.0,13.0,10.0,3.0,16.0,107.26,132.0,132.0,169.23076923076923,4.0,132.0,78.0,33.0,132.0,132.0,1,0,0,0,0,0,0,1,0,0,0.0,0.0,4.0,33.0,22.340308686288587,89.36123474515435,15.233847810480976,169.23076923076923,132.0,5.25,114.0
Adil Butt,2026,T20I,309.0,181.0,8.0,9.0,30.0,21.0,38.62,170.72,439.0,48.77777777777778,196.8609865470852,10.0,569.0,223.0,43.9,439.0,281.5,3,0,0,0,0,0,0,1,0,0,0.0,5.0,8.676470588235295,40.9864406779661,34.72527576973724,301.2928338844849,22.411651450220482,188.8333593627987,44.78148148148148,1.0909090909090908,236.0
Afif Hossain,2026,ODI,46.0,72.0,2.0,3.0,2.0,0.0,23.0,63.89,67.0,22.333333333333332,77.01149425287356,3.0,548.0,87.0,22.333333333333332,38.0,59.333333333333336,6,0,0,0,0,1,0,0,0,0,1.0,7.0,3.4128440366972477,22.225806451612904,24.044272849401153,82.05935321080027,26.29917118265859,83.0871269219174,22.90304709141274,5.0,114.0
Agha Salman,2026,ODI,450.0,483.0,9.0,11.0,40.0,7.0,50.0,93.17,629.0,39.3125,95.73820395738204,17.0,1057.0,657.0,37.0,51.0,318.6666666666667,4,0,0,0,0,1,0,0,0,0,1.0,10.0,10.027522935779817,35.735590118938696,33.7033390917427,337.96100575481444,26.29917118265859,96.8364943597372,39.65380710659899,5.294117647058823,311.0
Agha Salman,2026,PSL,112.0,94.0,9.0,9.0,14.0,4.0,12.44,119.15,201.0,25.125,136.73469387755102,9.0,730.0,147.0,22.333333333333332,310.0,255.5,6,0,0,0,0,0,1,0,0,0,12.0,0.0,10.124999999999998,23.88888888888889,22.29013016438166,225.68756791436428,17.973481608212147,138.41201716738198,27.642857142857142,4.0,200.0
Agha Salman,2026,T20I,404.0,284.0,19.0,22.0,35.0,17.0,21.26,142.25,415.0,21.842105263157894,108.63874345549738,23.0,415.0,382.0,18.043478260869566,415.0,415.0,1,0,0,0,0,0,0,1,0,0,0.0,0.0,23.0,18.043478260869566,17.46217540906503,401.63003440849565,15.233847810480976,108.63874345549738,21.842105263157894,4.304347826086956,181.0
Agha Salman,2026,Test,391.0,667.0,13.0,7.0,35.0,5.0,30.08,58.62,388.0,32.333333333333336,62.68174474959613,7.0,1317.0,619.0,55.42857142857143,261.0,411.3333333333333,4,0,0,0,0,0,0,0,1,0,5.0,7.0,5.944954128440366,59.680555555555564,59.45575001852682,353.4617065321594,58.970170058544745,62.56552125800816,36.3468045112782,7.076923076923077,311.0
Ahmad Ramdoni,2026,T20I,65.0,122.0,8.0,9.0,5.0,0.0,8.12,53.28,579.0,24.125,92.34449760765551,32.0,771.0,627.0,18.09375,166.0,257.0,3,0,0,0,0,0,0,1,0,0,14.0,5.0,21.530612244897956,16.30236966824645,16.16935864860759,348.13619131185726,15.233847810480976,93.50839993475779,23.304878048780488,4.28125,192.0
Ahmadullah Shinwari,2026,T20I,3.0,12.0,2.0,4.0,0.0,0.0,1.5,25.0,72.0,36.0,102.85714285714285,6.0,85.0,70.0,12.0,72.0,72.0,3,0,0,0,0,0,0,1,0,0,0.0,0.0,5.639344262295082,10.880813953488373,8.331182375610856,46.982405528034995,5.407604832977968,101.21687398593835,25.993055555555557,9.166666666666666,26.0
Ahmed Aqeel,2026,T20I,76.0,78.0,3.0,5.0,3.0,0.0,25.33,97.44,205.0,29.285714285714285,107.89473684210526,13.0,513.0,190.0,15.76923076923077,308.0,256.5,2,0,0,0,0,0,0,1,0,0,13.0,0.0,13.0,18.740384615384613,17.955339062047976,233.4194078066237,15.233847810480976,118.6244674376141,33.03389830508474,5.230769230769231,159.0
Ahmed Faiz,2026,T20I,125.0,128.0,6.0,8.0,6.0,5.0,20.83,97.66,211.0,21.1,134.39490445859872,11.0,1242.0,157.0,19.181818181818183,413.0,320.6666666666667,4,0,0,0,0,0,0,1,0,0,23.0,11.0,14.201834862385319,20.739018087855296,19.84532161425557,281.8399803565837,15.233847810480976,127.28065654363081,22.576652601969055,4.2727272727272725,209.0
Ahmed Hassan,2026,T20I,55.0,51.0,5.0,5.0,2.0,6.0,11.0,107.84,329.0,29.90909090909091,129.5275590551181,12.0,764.0,254.0,27.416666666666668,86.0,193.0,6,0,0,0,0,0,0,1,0,0,4.0,5.0,8.238532110091743,25.97327394209354,25.08138183227558,206.63376959067404,22.411651450220482,127.3352623246165,30.528795811518325,3.0,195.0
Ahmer Bin Nisar,2026,T20I,403.0,299.0,13.0,18.0,35.0,16.0,31.0,134.78,571.0,24.82608695652174,133.72365339578454,31.0,1034.0,427.0,18.419354838709676,173.0,344.6666666666667,3,0,0,0,0,0,0,1,0,0,8.0,15.0,21.020408163265305,18.9126213592233,18.4449806538747,387.7210219079784,15.233847810480976,128.72530231943435,25.699208443271765,4.84375,222.0
Aina Najwa,2026,T20I,54.0,90.0,5.0,11.0,1.0,0.0,10.8,60.0,6.0,2.0,46.15384615384615,3.0,113.0,13.0,2.0,31.0,37.0,4,1,0,0,0,0,0,1,0,0,7.0,12.0,5.877551020408164,4.447916666666666,6.546527533383356,38.47754958396749,10.5758603974794,54.02783635596794,6.279411764705881,6.333333333333333,31.0
Ainna Hamizah Hashim,2026,T20I,472.0,621.0,26.0,27.0,49.0,4.0,18.15,76.01,76.0,25.333333333333332,66.66666666666666,4.0,371.0,114.0,19.0,23.0,74.33333333333333,6,1,0,0,0,0,0,1,0,0,10.0,18.0,8.871559633027521,8.13443640124095,10.5452344807253,93.55267654001251,18.316040290263185,61.14738805970148,10.925,2.75,65.0
Ainool Hafizs,2026,T20I,0.0,1.0,1.0,1.0,0.0,0.0,0.0,0.0,34.0,6.8,106.25,6.0,184.0,32.0,5.666666666666667,56.0,32.0,6,0,0,0,0,0,0,1,0,0,14.0,1.0,7.073394495412844,5.0376134889753565,5.141252520908861,36.36610728092414,5.407604832977968,94.8705422569614,6.264516129032258,8.142857142857142,25.0
Aizaz Khan,2026,T20I,98.0,95.0,7.0,8.0,8.0,1.0,14.0,103.16,32.0,6.4,78.04878048780488,7.0,977.0,41.0,4.571428571428571,426.0,187.66666666666666,9,0,0,0,0,0,0,1,0,0,26.0,4.0,11.834862385321102,13.166666666666666,13.556700844744839,160.4416888965215,15.233847810480976,109.94239109327467,16.426499032882013,6.285714285714286,89.0
Akhil Arjunan,2026,T20I,2.0,3.0,1.0,1.0,0.0,0.0,2.0,66.67,38.0,19.0,90.47619047619048,3.0,120.0,42.0,12.666666666666666,69.0,40.0,3,0,0,0,0,0,0,1,0,0,5.0,2.0,3.4285714285714284,12.511904761904765,9.160819889769483,31.40852533635251,5.407604832977968,88.80439374735954,15.686567164179106,8.666666666666666,34.0
Akhil Kumar,2026,ODI,97.0,87.0,2.0,3.0,8.0,3.0,48.5,111.49,26.0,8.666666666666666,68.42105263157895,3.0,26.0,38.0,8.666666666666666,0.0,13.0,2,0,0,0,0,1,0,0,0,0,1.0,0.0,2.25,7.222222222222222,8.32400053896392,18.72900121266882,8.98506752900894,67.35751295336787,8.666666666666666,7.75,28.0
Ali Dawood,2026,T20I,52.0,49.0,4.0,10.0,4.0,2.0,13.0,106.12,15.0,5.0,48.38709677419355,6.0,46.0,31.0,2.5,16.0,15.333333333333334,3,0,0,0,0,0,0,1,0,0,5.0,3.0,5.142857142857143,2.9761904761904763,3.883434639170884,19.971949572878835,5.407604832977968,60.19261637239166,6.097560975609756,9.285714285714286,12.0
Ali Farasat,2026,T20I,19.0,17.0,2.0,3.0,2.0,0.0,9.5,111.76,25.0,6.25,65.78947368421053,5.0,200.0,38.0,5.0,65.0,36.666666666666664,4,0,0,0,0,0,0,1,0,0,3.0,2.0,4.155963302752292,10.044150110375277,12.111758755835716,50.336024921042,15.233847810480976,105.15368615669054,11.290322580645164,6.0,64.0
Ali Nadeem,2026,ODI,65.0,99.0,3.0,3.0,6.0,1.0,21.67,65.66,69.0,23.0,63.888888888888886,3.0,69.0,108.0,23.0,69.0,69.0,1,0,0,0,0,1,0,0,0,0,0.0,0.0,3.0,23.0,29.615837191358025,88.84751157407408,32.92375578703704,63.888888888888886,23.0,1.0,79.0
Ali Nawaz,2026,T20I,151.0,135.0,10.0,10.0,9.0,5.0,15.1,111.85,94.0,15.666666666666666,114.6341463414634,9.0,94.0,82.0,10.444444444444445,94.0,94.0,1,0,0,0,0,0,0,1,0,0,0.0,0.0,9.0,10.444444444444445,12.360205790859057,111.24185211773151,15.233847810480976,114.6341463414634,15.666666666666666,7.333333333333333,52.0
Alina Aslam,2026,T20I,25.0,39.0,3.0,4.0,1.0,0.0,8.33,64.1,23.0,4.6,40.35087719298245,5.0,62.0,57.0,4.6,39.0,31.0,2,1,0,0,0,0,0,1,0,0,5.0,0.0,5.0,5.8,7.846797313205457,39.23398656602728,10.5758603974794,49.25690021231423,6.823529411764706,6.0,35.0
Aliya Riaz,2026,ODI,125.0,189.0,8.0,9.0,18.0,0.0,15.62,66.14,232.0,58.0,80.27681660899654,6.0,1439.0,289.0,38.666666666666664,232.0,216.33333333333334,11,1,0,0,0,1,0,0,0,0,11.0,7.0,8.146788990825687,28.763513513513516,26.958365273801515,219.6241134232637,21.615126484254002,72.46779776428531,35.524339360222534,4.0,206.0
Aliya Riaz,2026,T20I,198.0,174.0,12.0,12.0,25.0,4.0,16.5,113.79,115.0,19.166666666666668,94.26229508196722,9.0,1171.0,122.0,12.777777777777779,242.0,197.0,11,1,0,0,0,0,0,1,0,0,16.0,15.0,11.715596330275227,14.063429913860611,13.399973442767166,156.98867969186853,10.5758603974794,102.12100534516091,22.33706467661692,5.333333333333333,111.0
Amal Jacob,2026,T20I,15.0,30.0,4.0,5.0,1.0,0.0,3.75,50.0,16.0,8.0,55.172413793103445,7.0,45.0,29.0,2.2857142857142856,29.0,22.5,2,0,0,0,0,0,0,1,0,0,4.0,0.0,5.875,3.553191489361702,4.2756901946667405,25.1196798936671,5.407604832977968,64.47876447876449,10.437499999999998,9.714285714285714,11.0
Aman Desai,2026,T20I,53.0,58.0,3.0,3.0,5.0,0.0,17.67,91.38,154.0,17.11111111111111,117.55725190839695,10.0,478.0,131.0,15.4,28.0,118.33333333333333,4,0,0,0,0,0,0,1,0,0,5.0,6.0,7.862385321100917,15.177362893815635,17.053150764966414,134.0784422529928,22.411651450220482,118.59044493070749,16.117719950433703,2.1,107.0
Amar Naeem,2026,T20I,137.0,125.0,11.0,11.0,11.0,9.0,12.45,109.6,154.0,25.666666666666668,132.75862068965517,9.0,199.0,116.0,17.11111111111111,45.0,99.5,2,0,0,0,0,0,0,1,0,0,4.0,0.0,7.125,15.87719298245614,15.655349819706085,111.54436746540586,15.233847810480976,125.0,23.205128205128204,5.444444444444445,96.0
Amarpal Kaur,2026,T20I,178.0,227.0,5.0,8.0,9.0,0.0,35.6,78.41,45.0,15.0,76.27118644067797,5.0,140.0,59.0,9.0,45.0,70.0,2,1,0,0,0,0,0,1,0,0,0.0,6.0,5.264705882352942,11.06145251396648,14.369015329907226,75.64863953098217,18.316040290263185,77.22308892355693,17.83783783783784,3.2,64.0
Amir Farooq,2026,T20I,1.0,4.0,1.0,1.0,0.0,0.0,1.0,25.0,15.0,5.0,68.18181818181817,5.0,86.0,22.0,3.0,71.0,43.0,2,0,0,0,0,0,0,1,0,0,6.0,0.0,5.374999999999999,6.6976744186046515,6.167508835470398,33.150359990653385,5.407604832977968,94.42622950819673,9.6,8.6,27.0
Amjad Sher,2026,T20I,86.0,60.0,8.0,12.0,4.0,5.0,10.75,143.33,46.0,11.5,97.87234042553192,6.0,301.0,47.0,7.666666666666667,84.0,49.666666666666664,5,0,0,0,0,0,0,1,0,0,8.0,4.0,6.321100917431193,8.481857764876633,7.549324014047918,47.720038951183625,5.407604832977968,99.62495738152064,10.45438282647585,7.666666666666667,35.0
Amna Tariq,2026,T20I,53.0,87.0,5.0,6.0,2.0,0.0,10.6,60.92,41.0,3.727272727272727,44.086021505376344,12.0,253.0,93.0,3.4166666666666665,70.0,41.666666666666664,5,1,0,0,0,0,0,1,0,0,5.0,7.0,9.247706422018348,5.436507936507937,6.615258500950933,61.175968522555415,10.5758603974794,52.06156184685541,5.9760087241003275,4.666666666666667,57.0
Amrita Sasidharan,2026,T20I,26.0,41.0,4.0,4.0,1.0,0.0,6.5,63.41,106.0,35.333333333333336,91.37931034482759,3.0,106.0,116.0,35.333333333333336,106.0,106.0,1,1,0,0,0,0,0,1,0,0,0.0,0.0,3.0,35.333333333333336,23.9884713046199,71.96541391385969,18.316040290263185,91.37931034482759,35.333333333333336,1.6666666666666667,77.0
Ananya Srinivasan,2026,T20I,1.0,3.0,1.0,1.0,0.0,0.0,1.0,33.33,37.0,18.5,66.07142857142857,5.0,37.0,56.0,7.4,37.0,37.0,1,1,0,0,0,0,0,1,0,0,0.0,0.0,5.0,7.4,9.132287489534217,45.66143744767109,10.5758603974794,66.07142857142857,18.5,4.8,36.0
Aniket Verma,2026,IPL,79.0,54.0,6.0,8.0,6.0,5.0,13.17,146.3,236.0,26.22222222222222,166.19718309859155,12.0,236.0,142.0,19.666666666666668,236.0,236.0,1,0,0,0,1,0,0,0,0,0,0.0,0.0,12.0,19.666666666666668,19.276545817200518,231.31854980640622,18.496304118268217,166.19718309859155,26.22222222222222,5.666666666666667,183.0
Anjar Tadarus,2026,T20I,196.0,238.0,17.0,24.0,15.0,3.0,11.53,82.35,220.0,11.578947368421053,82.70676691729322,22.0,497.0,266.0,10.0,249.0,165.66666666666666,3,0,0,0,0,0,0,1,0,0,17.0,5.0,17.346938775510203,11.161176470588234,11.772077171572146,204.20950195584334,15.233847810480976,86.76605085055789,12.734228187919461,3.590909090909091,130.0
Anoop Orsu,2026,T20I,23.0,23.0,0.0,1.0,2.0,0.0,23.0,100.0,103.0,20.6,121.17647058823529,7.0,269.0,85.0,14.714285714285714,52.0,74.33333333333333,4,0,0,0,0,0,0,1,0,0,7.0,3.0,6.137614678899082,12.615844544095665,13.42637187114994,82.4058970807276,15.233847810480976,119.76727685539944,16.293436293436294,5.428571428571429,79.0
Anshuman Rath,2026,T20I,518.0,336.0,11.0,14.0,46.0,27.0,47.09,154.17,778.0,45.76470588235294,140.4332129963899,18.0,1789.0,554.0,43.22222222222222,650.0,518.3333333333334,6,0,0,0,0,0,0,1,0,0,29.0,3.0,18.612244897959183,33.270833333333336,31.737050581481242,590.6977577614467,22.411651450220482,132.1501676756239,36.690447400241844,2.111111111111111,358.0
Aqib Iqbal,2026,T20I,315.0,231.0,12.0,15.0,23.0,17.0,26.25,136.36,503.0,29.58823529411765,126.70025188916875,23.0,768.0,397.0,21.869565217391305,88.0,220.0,5,0,0,0,0,0,0,1,0,0,5.0,5.0,13.458715596330274,20.53237900477164,19.632798156844533,264.23224675312775,15.233847810480976,124.54413892908826,27.20957542908762,4.3478260869565215,204.0
Arjun Vinod,2026,T20I,117.0,102.0,5.0,5.0,14.0,2.0,23.4,114.71,203.0,29.0,110.32608695652173,8.0,513.0,184.0,25.375,42.0,131.66666666666666,4,0,0,0,0,0,0,1,0,0,4.0,5.0,6.403669724770642,22.074498567335244,20.018190724593477,128.18988188776373,15.233847810480976,109.1991495393338,26.657439446366777,4.0,139.0
Arshad Khan,2026,IPL,23.0,11.0,1.0,2.0,1.0,2.0,23.0,209.09,23.0,11.5,121.05263157894737,4.0,119.0,19.0,5.75,78.0,39.666666666666664,3,0,0,0,1,0,0,0,0,0,3.0,3.0,3.510204081632653,11.087209302325581,8.30881721348326,29.165644096308586,5.122927618277396,140.22058823529414,22.97590361445783,8.0,26.0
Arshdeep Singh,2026,T20I,32.0,43.0,9.0,12.0,3.0,0.0,3.56,74.42,24.0,8.0,141.1764705882353,5.0,69.0,17.0,4.8,13.0,21.666666666666668,4,0,0,0,0,0,0,1,0,0,5.0,5.0,4.798165137614679,4.087954110898662,4.568993256249564,21.922784156133226,5.407604832977968,118.71182676290952,7.746376811594204,8.8,18.0
Arslan Amjad,2026,T20I,43.0,59.0,5.0,5.0,5.0,0.0,8.6,72.88,132.0,16.5,112.82051282051282,8.0,337.0,117.0,16.5,172.0,152.0,3,0,0,0,0,0,0,1,0,0,12.0,0.0,8.714285714285714,15.287515762925599,15.272785309372637,133.09141483881868,15.233847810480976,112.92966930600838,15.888597640891218,4.5,103.0
Arun Yadav,2026,T20I,206.0,159.0,8.0,9.0,21.0,6.0,25.75,129.56,232.0,58.0,179.84496124031008,5.0,232.0,129.0,46.4,232.0,232.0,1,0,0,0,0,0,0,1,0,0,0.0,0.0,5.0,46.4,33.315446245574805,166.57723122787402,22.411651450220482,179.84496124031008,58.0,1.0,163.0
Ashutosh Sharma,2026,IPL,171.0,94.0,5.0,8.0,15.0,12.0,34.2,181.91,204.0,29.142857142857142,160.62992125984252,9.0,393.0,127.0,22.666666666666668,189.0,196.5,2,0,0,0,1,0,0,0,0,0,9.0,0.0,8.999999999999998,22.041666666666668,20.99891297596124,188.9902167836511,18.496304118268217,162.93634496919915,28.339285714285715,7.111111111111111,157.0
Ashwin Vinod,2026,T20I,25.0,35.0,2.0,5.0,1.0,1.0,12.5,71.43,12.0,6.0,120.0,3.0,46.0,10.0,4.0,8.0,10.0,3,0,0,0,0,0,0,1,0,0,1.0,0.0,2.4615384615384617,5.0267857142857135,5.244811927277462,12.910306282529138,5.407604832977968,134.04761904761904,10.144144144144143,9.0,16.0
Asif Afridi,2026,PSL,29.0,26.0,3.0,5.0,4.0,1.0,9.67,111.54,18.0,18.0,78.26086956521739,4.0,19.0,23.0,4.5,18.0,18.0,2,0,0,0,0,0,1,0,0,0,0.0,0.0,3.459016393442623,4.317535545023697,4.947897173483486,17.114857436147794,5.391251518833536,77.00760777683854,14.934426229508196,10.0,12.0
Asif Ali,2026,PSL,46.0,32.0,4.0,5.0,1.0,5.0,11.5,143.75,41.0,8.2,170.83333333333331,7.0,1250.0,24.0,5.857142857142857,72.0,75.66666666666667,10,0,0,0,0,0,1,0,0,0,6.0,9.0,7.458715596330274,9.555965559655597,11.824837809940382,88.19810219707824,17.973481608212147,147.39138683361793,13.212585034013603,5.857142857142857,69.0
Asif Ali,2026,T20I,403.0,292.0,21.0,22.0,38.0,28.0,19.19,138.01,844.0,30.142857142857142,131.875,32.0,1372.0,640.0,26.375,25.0,312.3333333333333,8,0,0,0,0,0,0,1,0,0,1.0,9.0,17.55045871559633,23.61474124411918,23.45164728200006,411.587167435469,22.411651450220482,131.84007004231722,27.782902829028288,1.8484848484848484,272.0
Aslam Khan,2026,T20I,101.0,90.0,11.0,11.0,12.0,6.0,9.18,112.22,303.0,27.545454545454547,187.03703703703704,12.0,364.0,162.0,25.25,17.0,121.33333333333333,3,0,0,0,0,0,0,1,0,0,5.0,2.0,8.020408163265307,20.931297709923662,21.340235207243225,171.15739666217527,22.411651450220482,174.09523809523807,23.912790697674417,2.4166666666666665,149.0
Aslan Jafri,2026,T20I,107.0,91.0,7.0,7.0,9.0,3.0,15.29,117.58,23.0,4.6,85.18518518518519,5.0,23.0,27.0,4.6,23.0,23.0,1,0,0,0,0,0,0,1,0,0,0.0,0.0,5.0,4.6,5.040511727078892,25.20255863539446,5.407604832977968,85.18518518518519,4.6,7.6,20.0
Avesh Khan,2026,IPL,6.0,6.0,1.0,3.0,1.0,0.0,6.0,100.0,21.0,21.0,175.0,4.0,62.0,12.0,5.25,10.0,10.333333333333334,6,0,0,0,1,0,0,0,0,0,2.0,1.0,2.9541284403669725,4.944099378881988,5.030350941291348,14.860302780695543,5.122927618277396,174.7530186608123,26.098360655737704,9.0,10.0
Avishka Iroshan,2026,T20I,446.0,365.0,14.0,20.0,38.0,22.0,31.86,122.19,144.0,24.0,98.63013698630137,7.0,144.0,146.0,20.571428571428573,144.0,144.0,1,0,0,0,0,0,0,1,0,0,0.0,0.0,7.0,20.571428571428573,18.10792975868353,126.7555083107847,15.233847810480976,98.63013698630137,24.0,3.7142857142857144,102.0
Awais Ahmad,2026,T20I,207.0,167.0,14.0,14.0,18.0,11.0,14.79,123.95,116.0,14.5,120.83333333333333,8.0,116.0,96.0,14.5,116.0,116.0,1,0,0,0,0,0,0,1,0,0,0.0,0.0,8.0,14.5,17.890707764380206,143.12566211504165,22.411651450220482,120.83333333333333,14.5,2.375,78.0
Ayesha Hasan,2026,T20I,212.0,217.0,10.0,11.0,21.0,0.0,21.2,97.7,119.0,17.0,82.63888888888889,7.0,184.0,144.0,17.0,21.0,57.666666666666664,4,1,0,0,0,0,0,1,0,0,4.0,1.0,4.979591836734694,14.700819672131146,16.077172699338774,80.05775793140124,18.316040290263185,78.09710428913563,14.700819672131146,3.0,86.0
Aysha,2026,T20I,245.0,215.0,14.0,15.0,26.0,2.0,17.5,113.95,125.0,31.25,171.23287671232876,6.0,525.0,73.0,20.833333333333332,30.0,94.33333333333333,4,1,0,0,0,0,0,1,0,0,3.0,7.0,5.944954128440367,18.697530864197528,18.576805999028434,110.43825951715986,18.316040290263185,128.85249388493034,23.03422053231939,3.0,137.0
Azam Khan,2026,PSL,236.0,162.0,7.0,8.0,18.0,15.0,33.71,145.68,66.0,11.0,101.53846153846153,6.0,1206.0,65.0,11.0,226.0,191.33333333333334,7,0,0,0,0,0,1,0,0,0,10.0,9.0,8.10091743119266,20.851642129105322,20.121762030823028,163.00473278180488,17.973481608212147,145.4459277984043,22.843672456575685,4.5,160.0
Aziz Mohammad,2026,T20I,231.0,179.0,6.0,8.0,28.0,8.0,38.5,129.05,72.0,24.0,141.1764705882353,3.0,219.0,51.0,24.0,33.0,52.5,3,0,0,0,0,0,0,1,0,0,3.0,0.0,3.241758241758242,19.81016949152542,21.121841067338057,68.47190236115084,22.411651450220482,139.07663017610662,19.81016949152542,1.6666666666666667,95.0
Azmatullah Omarzai,2026,IPL,52.0,27.0,2.0,2.0,3.0,5.0,26.0,192.59,57.0,14.25,139.02439024390242,5.0,99.0,41.0,11.4,42.0,49.5,2,0,0,0,1,0,0,0,0,0,4.0,0.0,4.625,11.108108108108109,14.416255575343977,66.67518203596589,18.496304118268217,135.19736842105263,12.84375,7.2,47.0
B Balala,2026,T20I,32.0,59.0,4.0,5.0,0.0,2.0,8.0,54.24,48.0,9.6,67.6056338028169,14.0,48.0,71.0,3.4285714285714284,48.0,48.0,1,0,0,0,0,0,0,1,0,0,0.0,0.0,14.0,3.4285714285714284,4.02228144989339,56.31194029850745,5.407604832977968,67.6056338028169,9.6,9.071428571428571,15.0
B Biza,2026,ODI,205.0,277.0,6.0,6.0,27.0,0.0,34.17,74.01,220.0,27.5,61.97183098591549,9.0,220.0,355.0,24.444444444444443,220.0,220.0,1,1,0,0,0,1,0,0,0,0,0.0,0.0,9.0,24.444444444444443,23.31271726036827,209.81445534331442,21.615126484254002,61.97183098591549,27.5,4.444444444444445,143.0
B Biza,2026,T20I,178.0,198.0,13.0,13.0,22.0,2.0,13.69,89.9,120.0,17.142857142857142,109.09090909090908,8.0,254.0,110.0,15.0,134.0,127.0,2,1,0,0,0,0,0,1,0,0,7.0,0.0,7.624999999999999,16.42622950819672,14.497536394773428,110.54371501014738,10.5758603974794,98.71921182266009,17.892857142857142,5.0,99.0
B Ercegovcevic,2026,T20I,24.0,50.0,4.0,5.0,1.0,0.0,6.0,48.0,10.0,5.0,111.11111111111111,3.0,10.0,9.0,3.3333333333333335,10.0,10.0,1,1,0,0,0,0,0,1,0,0,0.0,0.0,3.0,3.3333333333333335,8.161684709430709,24.485054128292127,10.5758603974794,111.11111111111111,5.0,7.0,21.0
B Ichinkhorloo,2026,T20I,45.0,93.0,4.0,4.0,4.0,0.0,11.25,48.39,49.0,6.125,32.450331125827816,8.0,65.0,151.0,6.125,16.0,32.5,2,1,0,0,0,0,0,1,0,0,6.0,0.0,7.249999999999999,5.051724137931035,9.573650098953356,69.40896321741182,18.316040290263185,27.931363203050523,5.051724137931035,2.125,50.0
B Ito-Davis,2026,T20I,91.0,95.0,6.0,8.0,3.0,3.0,15.17,95.79,43.0,7.166666666666667,104.8780487804878,7.0,137.0,41.0,6.142857142857143,94.0,68.5,2,0,0,0,0,0,0,1,0,0,4.0,0.0,5.875,10.574468085106384,12.389810835252328,72.79013865710743,15.233847810480976,119.75903614457832,12.743589743589745,5.142857142857143,71.0
B Khumalo,2026,T20I,23.0,31.0,1.0,6.0,1.0,0.0,23.0,74.19,16.0,16.0,66.66666666666666,4.0,22.0,24.0,4.0,16.0,10.5,3,0,0,0,0,0,0,1,0,0,0.0,3.0,3.7352941176470593,3.5039370078740157,4.534804061179405,16.938826934405427,5.407604832977968,66.2202380952381,13.088235294117649,9.75,9.0
B Kumar,2026,IPL,34.0,26.0,0.0,4.0,3.0,1.0,34.0,130.77,14.0,4.666666666666667,56.00000000000001,6.0,320.0,25.0,2.3333333333333335,23.0,26.333333333333332,15,0,0,0,1,0,0,0,0,0,5.0,5.0,5.559633027522936,3.9768976897689763,4.356377798546599,24.21986188916733,5.122927618277396,74.10824108241083,7.370030581039755,9.0,16.0
B Manuel,2026,T20I,14.0,38.0,5.0,5.0,1.0,0.0,2.8,36.84,49.0,7.0,60.49382716049383,7.0,54.0,81.0,7.0,5.0,18.0,3,1,0,0,0,0,0,1,0,0,3.0,1.0,4.673469387755103,5.676855895196506,7.615775882907413,35.59209545277138,10.5758603974794,59.523809523809526,6.074766355140188,3.857142857142857,38.0
B Murekatete,2026,T20I,37.0,49.0,5.0,10.0,4.0,0.0,7.4,75.51,34.0,3.7777777777777777,52.307692307692314,13.0,124.0,65.0,2.6153846153846154,70.0,52.0,4,1,0,0,0,0,0,1,0,0,10.0,0.0,10.56043956043956,3.9542143600416235,5.529546486315479,58.39444146537556,10.5758603974794,63.428476047404445,5.663189269746647,7.5,37.0
B Muzarabani,2026,ODI,4.0,12.0,0.0,2.0,0.0,0.0,4.0,33.33,12.0,4.0,70.58823529411765,4.0,115.0,17.0,3.0,19.0,23.333333333333332,6,0,0,0,0,1,0,0,0,0,4.0,5.0,4.064220183486238,4.349887133182844,6.221426996908051,25.285249170919876,8.98506752900894,70.4828090709583,6.882142857142856,10.2,18.0
B Muzarabani,2026,T20I,21.0,25.0,4.0,6.0,2.0,1.0,5.25,84.0,0.0,0.0,0.0,3.0,42.0,4.0,0.0,23.0,8.333333333333334,5,0,0,0,0,0,0,1,0,0,7.0,4.0,4.408163265306123,1.6805555555555554,3.2080347676139214,14.141541016420552,5.407604832977968,71.45669291338582,2.520833333333333,9.666666666666666,7.0
B Muzarabani,2026,Test,0.0,3.0,1.0,1.0,0.0,0.0,0.0,0.0,154.0,12.833333333333334,56.00000000000001,8.0,231.0,275.0,19.25,4.0,79.0,4,0,0,0,0,0,0,0,1,0,1.0,0.0,5.374999999999999,18.186046511627907,18.182166645720752,97.72914572074903,18.176605504587155,54.72358292512246,11.84848484848485,10.0,79.0
B Niaz,2026,T20I,135.0,94.0,5.0,7.0,13.0,5.0,27.0,143.62,224.0,18.666666666666668,122.40437158469946,12.0,490.0,183.0,18.666666666666668,223.0,156.33333333333334,4,0,0,0,0,0,0,1,0,0,8.0,2.0,8.938775510204081,20.87442922374429,21.266577750906585,190.09716438565476,22.411651450220482,136.0565476190476,22.409313725490193,3.0,146.0
B Phelenyane,2026,T20I,28.0,67.0,5.0,6.0,2.0,0.0,5.6,41.79,34.0,6.8,57.6271186440678,5.0,41.0,59.0,6.8,5.0,19.5,3,1,0,0,0,0,0,1,0,0,5.0,0.0,5.0,4.625,7.175368741776885,35.87684370888442,10.5758603974794,46.954314720812185,4.625,6.2,30.0
B Pondani,2026,T20I,17.0,21.0,2.0,5.0,1.0,0.0,8.5,80.95,3.0,3.0,37.5,4.0,3.0,8.0,0.75,3.0,3.0,2,0,0,0,0,0,0,1,0,0,0.0,0.0,3.459016393442623,0.7109004739336493,3.4682611543901967,11.996772189775927,5.407604832977968,34.64203233256351,3.0,10.25,6.0
B Rawal,2026,T20I,189.0,279.0,14.0,15.0,22.0,0.0,13.5,67.74,55.0,7.857142857142857,69.62025316455697,8.0,274.0,79.0,6.875,18.0,47.666666666666664,5,1,0,0,0,0,0,1,0,0,4.0,9.0,6.963302752293577,7.342555994729908,8.258506250466308,57.50647930370575,10.5758603974794,67.62528819318044,9.366386554621851,5.625,60.0
B Sai Sudharsan,2026,IPL,722.0,457.0,16.0,17.0,75.0,30.0,45.12,157.99,759.0,54.214285714285715,156.17283950617283,15.0,1793.0,486.0,50.6,527.0,549.3333333333334,4,0,0,0,1,0,0,0,0,0,12.0,8.0,12.009174311926605,47.265851795263565,43.647996842512455,524.1764024481541,27.86208973200843,149.6203327529503,51.55916666666667,1.0,474.0
B Sai Sudharsan,2026,Test,162.0,439.0,5.0,3.0,20.0,0.0,32.4,36.9,140.0,23.333333333333332,41.05571847507331,3.0,140.0,341.0,46.666666666666664,140.0,140.0,1,0,0,0,0,0,0,0,1,0,0.0,0.0,3.0,46.666666666666664,58.654249022892245,175.96274706867672,64.64804020100503,41.05571847507331,23.333333333333332,3.0,184.0
B Shanti,2026,T20I,49.0,82.0,7.0,8.0,5.0,0.0,7.0,59.76,216.0,19.636363636363637,89.62655601659752,12.0,317.0,241.0,18.0,56.0,102.0,4,1,0,0,0,0,0,1,0,0,5.0,7.0,8.743119266055045,13.86463798530955,13.077221164600017,114.3357043106772,10.5758603974794,79.65876891541568,15.508215962441314,4.076923076923077,97.0
B Sharki,2026,ODI,172.0,290.0,9.0,9.0,19.0,1.0,19.11,59.31,174.0,29.0,73.41772151898735,6.0,862.0,237.0,29.0,229.0,273.0,4,0,0,0,0,1,0,0,0,0,7.0,14.0,7.192660550458714,30.0140306122449,30.819305107113568,221.67280003648654,32.92375578703704,69.206788035646,32.77298050139276,3.0,194.0
B Shotorova,2026,T20I,31.0,58.0,4.0,4.0,3.0,0.0,7.75,53.45,31.0,3.4444444444444446,30.392156862745097,10.0,31.0,102.0,3.1,31.0,31.0,1,1,0,0,0,0,0,1,0,0,0.0,0.0,10.0,3.1,5.903447649054774,59.034476490547746,10.5758603974794,30.392156862745097,3.4444444444444446,4.1,27.0
B Siddharth,2026,ODI,1.0,5.0,2.0,3.0,0.0,0.0,0.5,20.0,7.0,3.5,50.0,3.0,7.0,14.0,2.3333333333333335,7.0,7.0,1,0,0,0,0,1,0,0,0,0,0.0,0.0,3.0,2.3333333333333335,6.767822797117072,20.303468391351217,8.98506752900894,50.0,3.5,9.333333333333334,15.0
B Tau,2026,T20I,279.0,359.0,13.0,16.0,35.0,0.0,21.46,77.72,174.0,29.0,109.43396226415094,9.0,663.0,159.0,19.333333333333332,73.0,140.33333333333334,6,1,0,0,0,0,0,1,0,0,4.0,8.0,6.651376146788992,19.386206896551723,19.07298740202825,126.86161345385764,18.316040290263185,105.65286025708487,29.71458773784355,3.0,134.0
B Tlali,2026,T20I,27.0,58.0,6.0,6.0,1.0,0.0,4.5,46.55,29.0,5.8,43.28358208955223,5.0,29.0,67.0,5.8,29.0,29.0,1,1,0,0,0,0,0,1,0,0,0.0,0.0,5.0,5.8,12.626931067416281,63.134655337081405,18.316040290263185,43.28358208955223,5.8,3.2,47.0
B de Leede,2026,T20I,481.0,455.0,22.0,23.0,61.0,2.0,21.86,105.71,392.0,28.0,112.00000000000001,15.0,1267.0,350.0,26.133333333333333,363.0,309.0,7,1,0,0,0,0,0,1,0,0,12.0,18.0,13.559633027522935,23.163058186738834,22.345226145713692,302.9930664528884,18.316040290263185,107.96959757789833,26.89316575019639,3.0,257.0
BA Carse,2026,ODI,39.0,40.0,3.0,3.0,1.0,4.0,13.0,97.5,70.0,10.0,54.6875,9.0,225.0,128.0,7.777777777777778,63.0,49.333333333333336,5,0,0,0,0,1,0,0,0,0,2.0,1.0,5.247706422018348,10.54895104895105,10.01091772787005,52.53435725084099,8.98506752900894,69.68472109943413,14.610169491525426,8.11111111111111,54.0
BA Carse,2026,T20I,3.0,3.0,0.0,1.0,0.0,0.0,3.0,100.0,43.0,10.75,134.375,5.0,43.0,32.0,8.6,0.0,14.333333333333334,3,0,0,0,0,0,0,1,0,0,1.0,1.0,3.0408163265306123,7.214765100671141,6.308162959687943,19.181964918234765,5.407604832977968,130.46116504854368,9.347826086956523,7.6,24.0
BA Carse,2026,Test,99.0,156.0,9.0,5.0,9.0,3.0,11.0,63.46,258.0,23.454545454545453,77.01492537313432,9.0,258.0,335.0,28.666666666666668,258.0,258.0,1,0,0,0,0,0,0,0,1,0,0.0,0.0,9.0,28.666666666666668,24.47064220183486,220.23577981651374,18.176605504587155,77.01492537313432,23.454545454545453,9.0,144.0
BA King,2025,CPL,262.0,192.0,6.0,7.0,22.0,16.0,43.67,136.46,59.0,14.75,120.40816326530613,4.0,1837.0,49.0,14.75,288.0,256.3333333333333,8,0,0,1,0,0,0,0,0,0,10.0,12.0,7.678899082568807,25.406212664277174,25.17429776228351,193.3108919911128,24.527255185721177,135.54082478169417,26.31806930693069,1.0,207.0
BA King,2026,ODI,65.0,80.0,3.0,3.0,7.0,2.0,21.67,81.25,414.0,23.0,81.33595284872298,18.0,1429.0,509.0,23.0,53.0,345.6666666666667,5,0,0,0,0,1,0,0,0,0,3.0,14.0,13.009174311926603,25.54583921015515,26.83418319913336,349.09056675569815,32.92375578703704,83.74716789198688,25.948424068767906,1.0555555555555556,297.0
BA King,2026,T20I,268.0,224.0,16.0,16.0,28.0,12.0,16.75,119.64,264.0,20.307692307692307,144.2622950819672,13.0,1635.0,183.0,20.307692307692307,411.0,340.6666666666667,6,0,0,0,0,0,0,1,0,0,14.0,12.0,13.412844036697246,25.32352941176471,24.827749963147646,333.01073803781514,22.411651450220482,140.57943499392468,27.32324723247233,1.0,251.0
BA King,2026,Test,365.0,633.0,11.0,7.0,59.0,2.0,33.18,57.66,129.0,21.5,60.0,3.0,129.0,215.0,43.0,129.0,129.0,1,0,0,0,0,0,0,0,1,0,0.0,0.0,3.0,43.0,57.43202680067002,172.29608040201006,64.64804020100503,60.0,21.5,3.5,191.0
BA Stokes,2026,Test,241.0,582.0,14.0,7.0,23.0,2.0,17.21,41.41,524.0,34.93333333333333,57.45614035087719,10.0,7032.0,912.0,52.4,391.0,534.3333333333334,12,0,0,0,0,0,0,0,1,0,8.0,10.0,9.954128440366972,54.4626728110599,55.43902600546096,551.8471854672031,58.970170058544745,61.104159988418616,33.40418315432448,6.25,382.0
BAD Manenti,2026,T20I,138.0,77.0,3.0,3.0,11.0,8.0,46.0,179.22,41.0,20.5,102.49999999999999,3.0,93.0,40.0,13.666666666666666,41.0,46.5,2,0,0,0,0,0,0,1,0,0,0.0,5.0,3.5294117647058827,12.441666666666666,13.992878413230171,49.38662969375355,15.233847810480976,107.64239365537132,15.715789473684211,5.666666666666667,48.0
BC Fortuin,2026,ODI,3.0,6.0,2.0,2.0,0.0,0.0,1.5,50.0,56.0,14.0,68.29268292682927,4.0,58.0,82.0,14.0,56.0,29.0,2,0,0,0,0,1,0,0,0,0,0.0,3.0,3.7352941176470593,11.165354330708661,9.984693607766573,37.29576729959867,8.98506752900894,66.82375117813383,12.016949152542374,8.5,36.0
BF Mailata,2026,T20I,201.0,209.0,9.0,12.0,13.0,11.0,22.33,96.17,33.0,11.0,106.4516129032258,3.0,33.0,31.0,11.0,33.0,33.0,1,0,0,0,0,0,0,1,0,0,0.0,0.0,3.0,11.0,13.822565206987317,41.46769562096195,15.233847810480976,106.4516129032258,11.0,3.6666666666666665,43.0
BFW de Leede,2026,ODI,181.0,224.0,5.0,6.0,9.0,5.0,36.2,80.8,263.0,43.833333333333336,78.97897897897897,9.0,1155.0,333.0,29.22222222222222,208.0,252.0,6,0,0,0,0,1,0,0,0,0,11.0,7.0,9.522935779816514,27.172447013487474,26.97664525769624,256.896860343933,26.29917118265859,77.93589389334072,33.57738095238095,5.666666666666667,224.0
BFW de Leede,2026,T20I,158.0,113.0,3.0,4.0,13.0,6.0,52.67,139.82,26.0,6.5,61.904761904761905,4.0,723.0,42.0,6.5,87.0,68.66666666666667,7,0,0,0,0,0,0,1,0,0,7.0,8.0,5.990825688073394,13.537519142419601,14.07151557517764,84.29999697789907,15.233847810480976,90.25012761613067,17.470355731225293,5.0,96.0
BI Dilruksha,2026,T20I,127.0,120.0,5.0,6.0,15.0,4.0,25.4,105.83,265.0,20.384615384615383,106.85483870967742,13.0,265.0,248.0,20.384615384615383,265.0,265.0,1,0,0,0,0,0,0,1,0,0,0.0,0.0,13.0,20.384615384615383,21.02473203691173,273.32151647985245,22.411651450220482,106.85483870967742,20.384615384615383,2.230769230769231,150.0
BJ Bennett,2026,ODI,48.0,80.0,4.0,4.0,7.0,1.0,12.0,60.0,339.0,42.375,97.134670487106,8.0,339.0,349.0,42.375,339.0,339.0,1,0,0,0,0,1,0,0,0,0,0.0,0.0,8.0,42.375,38.32446676587301,306.5957341269841,32.92375578703704,97.134670487106,42.375,3.25,269.0
BJ Bennett,2026,T20I,990.0,683.0,23.0,27.0,125.0,27.0,43.04,144.95,647.0,32.35,150.11600928074247,20.0,1037.0,431.0,32.35,390.0,518.5,2,0,0,0,0,0,0,1,0,0,19.0,0.0,19.624999999999996,28.057324840764334,27.151601836933768,532.8501860498251,22.411651450220482,145.33157373804025,29.17218543046358,1.3,343.0
BJ Bennett,2026,Test,59.0,67.0,1.0,1.0,9.0,0.0,59.0,88.06,373.0,31.083333333333332,73.28094302554028,7.0,391.0,509.0,53.285714285714285,18.0,195.5,2,0,0,0,0,0,0,0,1,0,1.0,0.0,4.749999999999999,50.50000000000001,56.74178244161987,269.5234665976943,64.64804020100503,71.52441297055535,29.075757575757578,1.4615384615384615,278.0
BJ Curran,2026,ODI,131.0,169.0,3.0,4.0,11.0,0.0,43.67,77.51,313.0,78.25,79.24050632911393,5.0,313.0,395.0,62.6,313.0,313.0,1,0,0,0,0,1,0,0,0,0,0.0,0.0,5.0,62.6,46.4129577020202,232.064788510101,32.92375578703704,79.24050632911393,78.25,2.0,243.0
BJ Curran,2026,Test,42.0,51.0,1.0,1.0,5.0,0.0,42.0,82.35,212.0,21.2,44.44444444444444,5.0,212.0,477.0,42.4,212.0,212.0,1,0,0,0,0,0,0,0,1,0,0.0,0.0,5.0,42.4,54.53529465509366,272.6764732754683,64.64804020100503,44.44444444444444,21.2,2.0,197.0
BJ Currie,2026,ODI,0.0,5.0,0.0,1.0,0.0,0.0,0.0,0.0,8.0,8.0,66.66666666666666,3.0,16.0,12.0,2.6666666666666665,8.0,8.0,2,0,0,0,0,1,0,0,0,0,1.0,0.0,2.25,3.555555555555556,6.949000538963922,15.635251212668825,8.98506752900894,64.64646464646465,12.8,11.0,6.0
BJ Dwarshuis,2025,BBL,40.0,39.0,7.0,8.0,4.0,0.0,5.71,102.56,146.0,36.5,173.80952380952382,8.0,602.0,84.0,18.25,33.0,78.0,10,0,1,0,0,0,0,0,0,0,7.0,7.0,7.256880733944953,13.067003792667512,14.293622883520326,103.72711652169336,17.527808553068912,169.60945191992127,22.180257510729614,7.125,79.0
BJ Dwarshuis,2026,ODI,4.0,12.0,1.0,1.0,0.0,0.0,4.0,33.33,61.0,20.333333333333332,66.30434782608695,3.0,61.0,92.0,20.333333333333332,61.0,61.0,1,0,0,0,0,1,0,0,0,0,0.0,0.0,3.0,20.333333333333332,12.76782279711707,38.30346839135121,8.98506752900894,66.30434782608695,20.333333333333332,8.333333333333334,41.0
BJ Dwarshuis,2026,T20I,18.0,22.0,2.0,3.0,0.0,0.0,9.0,81.82,44.0,11.0,84.61538461538461,5.0,45.0,52.0,8.8,1.0,22.5,3,0,0,0,0,0,0,1,0,0,2.0,0.0,3.5274725274725274,6.947040498442368,6.20335177116488,21.882152951032158,5.407604832977968,82.22713864306786,8.576923076923077,8.0,24.0
BJ McMullen,2026,ODI,370.0,319.0,8.0,9.0,37.0,19.0,46.25,115.99,481.0,40.083333333333336,95.0592885375494,13.0,1202.0,506.0,37.0,181.0,400.6666666666667,3,0,0,0,0,1,0,0,0,0,7.0,13.0,11.16326530612245,35.831809872029254,35.20597326837239,393.01361995509586,32.92375578703704,90.24356554169161,40.081799591002046,3.0,359.0
BJ McMullen,2026,T20I,158.0,116.0,5.0,7.0,7.0,9.0,31.6,136.21,132.0,18.857142857142858,136.08247422680412,7.0,629.0,97.0,18.857142857142858,285.0,209.66666666666666,3,0,0,0,0,0,0,1,0,0,9.0,6.0,7.428571428571428,26.052197802197803,24.989781551620766,185.6383772406114,22.411651450220482,143.39936488734313,27.89117647058823,3.0,159.0
BJ Webster,2025,BBL,149.0,116.0,4.0,4.0,9.0,7.0,37.25,128.45,184.0,30.666666666666668,128.67132867132867,7.0,1577.0,143.0,26.285714285714285,262.0,240.0,9,0,1,0,0,0,0,0,0,0,8.0,12.0,8.201834862385322,25.805369127516773,23.725580038459523,194.59328948975062,17.527808553068912,118.67894439014353,30.2755905511811,4.857142857142857,163.0
BJ Webster,2026,Test,88.0,119.0,3.0,3.0,10.0,0.0,29.33,73.95,381.0,34.63636363636363,58.978328173374614,7.0,381.0,646.0,54.42857142857143,381.0,381.0,1,0,0,0,0,0,0,0,1,0,0.0,0.0,7.0,54.42857142857143,56.524693873174506,395.67285711222155,58.970170058544745,58.978328173374614,34.63636363636363,6.25,300.0
BKG Mendis,2026,ODI,265.0,316.0,6.0,7.0,25.0,5.0,44.17,83.86,735.0,56.53846153846154,101.2396694214876,15.0,4226.0,726.0,49.0,591.0,577.6666666666666,10,0,0,0,0,1,0,0,0,0,17.0,17.0,15.174311926605503,39.482466747279325,38.47549986494939,583.83923648281,32.92375578703704,95.15372286172227,44.54570259208731,3.0,511.0
BKG Mendis,2026,PSL,550.0,327.0,10.0,11.0,52.0,23.0,55.0,168.2,143.0,35.75,168.23529411764707,5.0,143.0,85.0,28.6,143.0,143.0,1,0,0,0,0,0,1,0,0,0,0.0,0.0,5.0,28.6,22.80371724084299,114.01858620421494,17.973481608212147,168.23529411764707,35.75,4.2,135.0
BKG Mendis,2026,T20I,530.0,424.0,20.0,22.0,49.0,16.0,26.5,125.0,363.0,24.2,120.19867549668875,16.0,1980.0,302.0,22.6875,409.0,394.0,10,0,0,0,0,0,0,1,0,0,12.0,13.0,13.798165137614678,27.034574468085108,26.265795695712942,362.41978648029595,22.411651450220482,129.4533413989621,28.533333333333335,2.0,268.0
BKG Mendis,2026,Test,79.0,142.0,4.0,2.0,9.0,3.0,19.75,55.63,568.0,51.63636363636363,69.69325153374233,8.0,4747.0,815.0,71.0,191.0,448.3333333333333,10,0,0,0,0,0,0,0,1,0,4.0,6.0,6.467889908256881,69.30212765957445,66.21796121150588,428.2904830652445,58.970170058544745,68.1707827542905,44.33575317604356,7.076923076923077,383.0
BL Mooney,2026,ODI,627.0,612.0,10.0,11.0,67.0,4.0,62.7,102.45,268.0,29.77777777777778,87.01298701298701,10.0,2528.0,308.0,26.8,260.0,299.3333333333333,10,1,0,0,0,1,0,0,0,0,11.0,7.0,9.98165137614679,31.47058823529412,29.340445205530404,292.86609526254205,21.615126484254002,87.57705194771978,44.18064516129033,4.0,246.0
BL Mooney,2026,T20I,402.0,302.0,11.0,13.0,48.0,3.0,36.55,133.11,552.0,50.18181818181818,137.65586034912718,14.0,3337.0,401.0,39.42857142857143,364.0,496.0,10,1,0,0,0,0,0,1,0,0,12.0,15.0,13.211009174311924,36.489583333333336,33.35621384314882,440.6692471021495,18.316040290263185,130.86521219366406,48.78830083565459,1.3571428571428572,360.0
BL Mooney,2026,WPL,258.0,211.0,8.0,9.0,28.0,2.0,32.25,122.27,237.0,29.625,128.1081081081081,9.0,522.0,185.0,26.333333333333332,285.0,174.0,3,1,0,0,0,0,0,0,0,1,8.0,1.0,7.224489795918368,28.8135593220339,27.86854103343465,201.33599032318094,25.638297872340427,132.77792241603748,35.17241379310345,1.1111111111111112,185.0
BM Duckett,2026,ODI,303.0,347.0,9.0,9.0,31.0,6.0,33.67,87.32,793.0,49.5625,110.1388888888889,16.0,1188.0,720.0,49.5625,249.0,355.0,4,0,0,0,0,1,0,0,0,0,5.0,3.0,10.244897959183673,47.344621513944226,44.026937681066805,451.05148399786805,32.92375578703704,108.88308594465823,48.80287474332649,2.0,421.0
BM Duckett,2026,T20I,0.0,1.0,1.0,1.0,0.0,0.0,0.0,0.0,212.0,26.5,168.25396825396825,8.0,527.0,126.0,26.5,14.0,172.66666666666666,4,0,0,0,0,0,0,1,0,0,1.0,10.0,6.224489795918367,26.681967213114753,25.274170807764992,157.31881829323106,22.411651450220482,159.19405320813772,28.35540069686411,2.0,174.0
BM Duckett,2026,Test,492.0,568.0,21.0,11.0,73.0,1.0,23.43,86.62,1044.0,49.714285714285715,86.06760098928277,12.0,2872.0,1213.0,87.0,707.0,920.6666666666666,4,0,0,0,0,0,0,0,1,0,11.0,11.0,11.510204081632654,81.2127659574468,77.73278155483298,894.7201795290981,64.64804020100503,87.25901089689859,45.98795180722892,2.0952380952380953,720.0
BM Halliday,2026,ODI,592.0,651.0,10.0,13.0,69.0,5.0,59.2,90.94,209.0,29.857142857142858,76.55677655677655,7.0,870.0,273.0,29.857142857142858,265.0,171.33333333333334,5,1,0,0,0,1,0,0,0,0,8.0,5.0,7.247706422018348,26.792405063291138,25.367466004840548,183.85594627361496,21.615126484254002,72.49623236059735,29.234806629834253,4.714285714285714,170.0
BM Halliday,2026,T20I,234.0,231.0,11.0,13.0,19.0,0.0,21.27,101.3,165.0,15.0,107.14285714285714,12.0,442.0,154.0,13.75,162.0,110.0,5,1,0,0,0,0,0,1,0,0,11.0,2.0,9.266055045871559,13.534653465346533,12.857067266598335,119.13429302077355,10.5758603974794,100.57386698057682,14.87486398258977,4.666666666666667,100.0
BM Scholtz,2026,ODI,12.0,17.0,2.0,5.0,0.0,0.0,6.0,70.59,105.0,15.0,77.20588235294117,12.0,301.0,136.0,8.75,32.0,75.33333333333333,6,0,0,0,0,1,0,0,0,0,7.0,10.0,9.688073394495412,8.085227272727275,8.284306975444457,80.2589740006362,8.98506752900894,71.97167664165895,12.592920353982304,10.0,51.0
BM Scholtz,2026,T20I,10.0,12.0,4.0,4.0,1.0,0.0,2.5,83.33,6.0,3.0,60.0,3.0,67.0,10.0,2.0,44.0,17.0,5,0,0,0,0,0,0,1,0,0,8.0,1.0,4.146788990825688,3.891592920353982,4.496384906773125,18.645559429921583,5.407604832977968,100.22792022792022,10.286549707602338,9.0,18.0
BMSM Kumari,2026,ODI,34.0,59.0,3.0,5.0,2.0,0.0,11.33,57.63,59.0,19.666666666666668,67.04545454545455,5.0,158.0,88.0,11.8,20.0,29.666666666666668,10,1,0,0,0,1,0,0,0,0,2.0,1.0,3.211009174311927,10.75142857142857,8.938879867895967,28.702825263886133,6.824239713774597,69.27466863033872,15.744769874476985,8.8,33.0
BMSM Kumari,2026,T20I,18.0,27.0,3.0,5.0,1.0,0.0,6.0,66.67,2.0,0.5,22.22222222222222,4.0,84.0,9.0,0.5,15.0,13.0,7,1,0,0,0,0,0,1,0,0,3.0,7.0,4.422018348623853,2.5560165975103732,2.8188077906747986,12.464819771607823,3.241025641025641,57.92195580629996,3.0723192019950125,8.25,9.0
BN Toube,2026,T20I,53.0,61.0,4.0,4.0,3.0,2.0,13.25,86.89,76.0,19.0,107.04225352112675,5.0,244.0,71.0,15.2,76.0,97.5,3,0,0,0,0,0,0,1,0,0,0.0,6.0,5.08860759493671,16.121890547263682,18.809822557074277,95.71580592334001,22.411651450220482,103.48076001916016,18.41193181818182,2.0,82.0
BR McDermott,2025,BBL,322.0,238.0,10.0,11.0,20.0,15.0,32.2,135.29,186.0,37.2,144.1860465116279,8.0,2782.0,129.0,23.25,261.0,214.33333333333334,11,0,1,0,0,0,0,0,0,0,8.0,12.0,9.1651376146789,27.03203203203203,24.837061251671035,227.63508431577398,17.527808553068912,142.00452226954832,34.710796915167094,4.0,227.0
BS Fulmali,2026,WPL,119.0,81.0,6.0,9.0,7.0,8.0,19.83,146.91,133.0,66.5,172.72727272727272,4.0,197.0,77.0,33.25,64.0,98.5,2,1,0,0,0,0,0,0,0,1,3.0,0.0,3.6249999999999996,29.551724137931036,23.77856752323674,86.19730727173318,18.197849462365593,157.53676470588235,53.5625,7.0,100.0
Babar Azam,2026,ODI,335.0,473.0,8.0,9.0,30.0,1.0,41.88,70.82,562.0,37.46666666666667,77.62430939226519,17.0,5993.0,724.0,33.05882352941177,246.0,480.0,11,0,0,0,0,1,0,0,0,0,8.0,12.0,12.889908256880734,38.66548042704626,37.65520629683936,485.3721545601771,32.92375578703704,82.11899507210448,42.978639240506325,2.7058823529411766,420.0
Babar Azam,2026,PSL,588.0,403.0,8.0,11.0,60.0,15.0,73.5,145.91,288.0,36.0,128.57142857142858,10.0,3792.0,224.0,28.8,569.0,459.6666666666667,10,0,0,0,0,0,1,0,0,0,11.0,11.0,10.440366972477063,39.22583479789103,36.7111567830591,383.27794879927757,27.17214484679666,136.0488860443144,45.596527068437176,2.3,314.0
Babar Azam,2026,T20I,373.0,322.0,12.0,15.0,30.0,7.0,31.08,115.84,78.0,15.6,136.8421052631579,5.0,4172.0,57.0,15.6,660.0,489.6666666666667,10,0,0,0,0,0,0,1,0,0,18.0,23.0,12.761467889908255,30.443565780014374,29.018625331204106,370.3202553734395,22.411651450220482,130.05435950984307,33.135367762128325,2.4,264.0
Babar Azam,2026,Test,536.0,826.0,12.0,7.0,72.0,5.0,44.67,64.89,273.0,27.3,50.93283582089553,5.0,4235.0,536.0,54.6,190.0,371.0,9,0,0,0,0,0,0,0,1,0,5.0,7.0,5.532110091743118,65.35655058043119,65.12116507231619,360.25745448262984,64.64804020100503,52.96188786754825,34.12121212121212,3.0,340.0
Babar Hayat,2026,T20I,369.0,253.0,10.0,14.0,24.0,26.0,36.9,145.85,325.0,21.666666666666668,120.37037037037037,18.0,2046.0,270.0,18.055555555555557,978.0,441.6666666666667,8,0,0,0,0,0,0,1,0,0,34.0,4.0,19.284403669724767,23.22740247383444,23.125518499194897,445.96183381016203,22.411651450220482,130.87439017852356,26.534782608695657,3.4210526315789473,276.0
Baseer Khan,2026,T20I,157.0,152.0,9.0,16.0,9.0,6.0,17.44,103.29,90.0,22.5,115.38461538461537,6.0,102.0,78.0,15.0,12.0,51.0,2,0,0,0,0,0,0,1,0,0,3.0,0.0,4.875,12.461538461538462,13.666890352383032,66.62609046786729,15.233847810480976,114.08450704225352,18.692307692307693,5.833333333333333,61.0
Basil Hameed,2026,T20I,14.0,9.0,2.0,3.0,1.0,1.0,7.0,155.56,102.0,102.0,196.15384615384613,3.0,701.0,52.0,34.0,316.0,178.0,5,0,0,0,0,0,0,1,0,0,17.0,8.0,8.688073394495412,19.378035902851114,18.381037965632956,159.69580691242575,15.233847810480976,139.21256258534368,35.91193737769081,5.666666666666667,162.0
Basir Ahamad,2026,T20I,14.0,11.0,1.0,1.0,1.0,0.0,14.0,127.27,123.0,61.5,136.66666666666666,3.0,123.0,90.0,41.0,123.0,123.0,1,0,0,0,0,0,0,1,0,0,0.0,0.0,3.0,41.0,23.822565206987317,71.46769562096195,15.233847810480976,136.66666666666666,61.5,5.333333333333333,84.0
Bijeyata Kumari,2026,T20I,174.0,272.0,9.0,11.0,7.0,0.0,19.33,63.97,24.0,4.0,27.906976744186046,7.0,27.0,86.0,3.4285714285714284,1.0,9.0,3,1,0,0,0,0,0,1,0,0,2.0,1.0,4.367346938775509,2.9579439252336455,6.097195218741511,26.62856687368741,10.5758603974794,27.13244749249893,3.349206349206349,4.142857142857143,22.0
Bilal Masud,2026,T20I,85.0,78.0,4.0,5.0,4.0,4.0,21.25,108.97,78.0,15.6,111.42857142857143,5.0,434.0,70.0,15.6,356.0,217.0,2,0,0,0,0,0,0,1,0,0,13.0,0.0,8.0,22.78125,22.66329301602781,181.3063441282225,22.411651450220482,125.04288164665525,29.755102040816325,3.4,162.0
Bilal Tahir,2026,T20I,107.0,73.0,4.0,6.0,7.0,7.0,26.75,146.58,107.0,17.833333333333332,162.12121212121212,9.0,625.0,66.0,11.88888888888889,314.0,157.33333333333334,6,0,0,0,0,0,0,1,0,0,18.0,3.0,10.284403669724767,14.750223015165034,14.852325364633565,152.74730948398368,15.233847810480976,144.00801254136908,21.47402597402597,6.333333333333333,121.0
Bilal Zalmai,2026,T20I,570.0,356.0,25.0,27.0,56.0,38.0,22.8,160.11,812.0,33.833333333333336,157.36434108527132,27.0,1048.0,516.0,30.074074074074073,185.0,498.5,3,0,0,0,0,0,0,1,0,0,5.0,0.0,18.75,30.766666666666666,29.3741641305923,550.7655774486055,22.411651450220482,159.247757073844,34.96212121212121,1.9259259259259258,313.0
C Aweko,2026,T20I,11.0,17.0,2.0,4.0,1.0,0.0,5.5,64.71,0.0,0.0,0.0,3.0,96.0,5.0,0.0,30.0,17.666666666666668,7,1,0,0,0,0,0,1,0,0,8.0,4.0,5.247706422018349,2.9125874125874125,3.0255822159491883,15.877367224981063,3.241025641025641,53.915857605178,3.874418604651163,9.0,9.0
C Bosch,2026,ODI,185.0,143.0,4.0,6.0,16.0,7.0,46.25,129.37,124.0,62.0,96.12403100775194,5.0,124.0,129.0,24.8,124.0,124.0,1,0,0,0,0,1,0,0,0,0,0.0,0.0,5.0,24.8,25.617729735995592,128.08864867997795,26.29917118265859,96.12403100775194,62.0,7.4,112.0
C Bosch,2026,T20I,78.0,75.0,5.0,8.0,6.0,1.0,15.6,104.0,37.0,9.25,115.625,6.0,37.0,32.0,6.166666666666667,37.0,37.0,1,0,0,0,0,0,0,1,0,0,0.0,0.0,6.0,6.166666666666667,10.70025723857382,64.20154343144293,15.233847810480976,115.625,9.25,7.0,32.0
C Bosch,2026,Test,28.0,60.0,2.0,1.0,2.0,1.0,14.0,46.67,217.0,108.5,83.78378378378379,2.0,217.0,259.0,108.5,217.0,217.0,1,0,0,0,0,0,0,0,1,0,0.0,0.0,2.0,108.5,40.757454128440365,81.51490825688073,18.176605504587155,83.78378378378379,108.5,8.5,117.0
C Brennan,2026,T20I,22.0,23.0,2.0,2.0,1.0,1.0,11.0,95.65,60.0,20.0,89.55223880597015,5.0,289.0,67.0,12.0,151.0,95.0,4,0,0,0,0,0,0,1,0,0,10.0,5.0,6.073394495412844,13.453172205438067,14.008476448174939,85.07900374946614,15.233847810480976,115.33281533281534,20.149321266968332,6.2,79.0
C Bwanali,2026,T20I,8.0,44.0,6.0,8.0,0.0,0.0,1.33,18.18,8.0,2.6666666666666665,28.57142857142857,4.0,8.0,28.0,2.0,8.0,8.0,1,1,0,0,0,0,0,1,0,0,0.0,0.0,4.0,2.0,2.744615384615385,10.97846153846154,3.241025641025641,28.57142857142857,2.6666666666666665,8.5,6.0
C Campher,2026,T20I,143.0,120.0,7.0,8.0,12.0,3.0,20.43,119.17,75.0,25.0,120.96774193548387,3.0,875.0,62.0,25.0,158.0,208.33333333333334,5,0,0,0,0,0,0,1,0,0,12.0,16.0,8.834862385321099,18.964693665628246,18.07850700169778,159.72112149206384,15.233847810480976,127.26829268292683,22.056763285024157,4.333333333333333,145.0
C Chatphaisan,2026,T20I,114.0,122.0,14.0,14.0,7.0,6.0,8.14,93.44,284.0,14.2,102.89855072463767,20.0,560.0,276.0,14.2,229.0,175.33333333333334,4,0,0,0,0,0,0,1,0,0,13.0,2.0,13.587155963302752,14.63740715732613,15.946937358262854,216.67352502373657,22.411651450220482,103.87656332359,15.451176051318601,1.95,144.0
C Chete,2026,T20I,18.0,21.0,2.0,2.0,2.0,0.0,9.0,85.71,14.0,3.5,73.68421052631578,4.0,15.0,19.0,3.5,1.0,7.5,3,0,0,0,0,0,0,1,0,0,1.0,0.0,2.769230769230769,2.8968253968253967,9.601728882507777,26.589403059252305,15.233847810480976,67.34317343173431,2.8968253968253967,6.5,28.0
C Chukwuonye,2026,T20I,139.0,174.0,8.0,10.0,14.0,1.0,17.38,79.89,60.0,7.5,76.92307692307693,9.0,82.0,78.0,6.666666666666667,22.0,41.0,2,1,0,0,0,0,0,1,0,0,9.0,0.0,8.999999999999998,5.083333333333334,6.698782469846883,60.28904222862193,10.5758603974794,68.53932584269663,6.000000000000001,5.333333333333333,48.0
C Connolly,2025,BBL,209.0,150.0,11.0,12.0,14.0,14.0,19.0,139.33,351.0,50.142857142857146,131.46067415730337,10.0,577.0,267.0,35.1,181.0,192.33333333333334,3,0,1,0,0,0,0,0,0,0,10.0,2.0,8.53061224489796,28.456937799043065,25.570724089718908,218.13393203066335,17.527808553068912,134.1339648173207,40.32203389830509,3.6,208.0
C Connolly,2026,ODI,322.0,330.0,6.0,7.0,29.0,11.0,53.67,97.58,10.0,5.0,24.390243902439025,3.0,10.0,41.0,3.3333333333333335,10.0,10.0,1,0,0,0,0,1,0,0,0,0,0.0,0.0,3.0,3.3333333333333335,23.06028163580247,69.1808449074074,32.92375578703704,24.390243902439025,5.0,3.3333333333333335,62.0
C Crowe,2026,T20I,8.0,17.0,3.0,3.0,0.0,0.0,2.67,47.06,48.0,12.0,58.536585365853654,5.0,48.0,82.0,9.6,48.0,48.0,1,1,0,0,0,0,0,1,0,0,0.0,0.0,5.0,9.6,10.132287489534217,50.66143744767109,10.5758603974794,58.536585365853654,12.0,4.6,41.0
C Dickson,2026,T20I,74.0,52.0,4.0,5.0,3.0,4.0,18.5,142.31,59.0,14.75,67.81609195402298,5.0,164.0,87.0,11.8,47.0,53.0,3,0,0,0,0,0,0,1,0,0,4.0,0.0,4.54945054945055,12.072463768115941,13.400776390958393,60.96616951490962,15.233847810480976,77.22496909765142,16.440789473684212,5.0,72.0
C Green,2026,ODI,164.0,261.0,5.0,6.0,8.0,6.0,32.8,62.84,230.0,57.5,116.16161616161615,5.0,782.0,198.0,46.0,232.0,170.66666666666666,5,0,0,0,0,1,0,0,0,0,8.0,4.0,6.064220183486238,33.43267776096823,31.205776643910074,189.23870056536293,26.29917118265859,94.54522118593309,45.1,3.8,194.0
C Green,2026,T20I,117.0,95.0,6.0,6.0,7.0,5.0,19.5,123.16,258.0,43.0,168.62745098039215,8.0,518.0,153.0,32.25,124.0,172.0,4,0,0,0,0,0,0,1,0,0,4.0,6.0,5.862385321100917,29.818466353677618,25.158843815915112,147.49083668229133,15.233847810480976,161.95495112622186,39.77870563674321,3.875,180.0
C Green,2026,Test,355.0,589.0,10.0,7.0,35.0,3.0,35.5,60.27,188.0,23.5,46.19164619164619,4.0,1565.0,407.0,47.0,302.0,280.6666666666667,5,0,0,0,0,0,0,0,1,0,4.0,9.0,5.431192660550458,50.93412162162162,55.5464260765712,301.6833416268821,64.64804020100503,49.45384766778192,32.111821086261976,3.0,272.0
C Greenshields,2026,T20I,47.0,54.0,1.0,3.0,4.0,0.0,47.0,87.04,74.0,37.0,127.58620689655173,3.0,74.0,58.0,24.666666666666668,74.0,74.0,1,0,0,0,0,0,0,1,0,0,0.0,0.0,3.0,24.666666666666668,23.163323189035875,69.48996956710762,22.411651450220482,127.58620689655173,37.0,2.6666666666666665,73.0
C Hinze,2026,T20I,47.0,44.0,5.0,9.0,5.0,2.0,9.4,106.82,56.0,11.2,88.88888888888889,6.0,93.0,63.0,9.333333333333334,37.0,46.5,2,0,0,0,0,0,0,1,0,0,3.0,0.0,4.875,10.025641025641026,12.290078758180133,59.914133946128146,15.233847810480976,96.54320987654322,12.612903225806452,6.333333333333333,51.0
C Kyewuta,2026,T20I,28.0,17.0,1.0,4.0,0.0,3.0,28.0,164.71,48.0,24.0,165.51724137931035,6.0,112.0,29.0,8.0,26.0,35.666666666666664,4,0,0,0,0,0,0,1,0,0,5.0,5.0,5.155963302752293,6.813167259786477,6.323992401268434,32.6062727478244,5.407604832977968,125.99539322145444,15.315999999999999,8.5,30.0
C Lokuge,2026,T20I,10.0,19.0,2.0,2.0,1.0,0.0,5.0,52.63,71.0,11.833333333333334,73.19587628865979,8.0,71.0,97.0,8.875,71.0,71.0,1,1,0,0,0,0,0,1,0,0,0.0,0.0,8.0,8.875,9.603940170348313,76.8315213627865,10.5758603974794,73.19587628865979,11.833333333333334,3.875,46.0
C Madande,2026,T20I,27.0,25.0,2.0,3.0,3.0,0.0,13.5,108.0,145.0,18.125,125.0,9.0,573.0,116.0,16.11111111111111,396.0,191.0,3,0,0,0,0,0,0,1,0,0,23.0,3.0,12.183673469387752,16.50418760469012,16.24909929259993,197.97371995269705,15.233847810480976,118.71084337349399,21.513100436681224,4.666666666666667,119.0
C Magaia,2026,T20I,98.0,118.0,5.0,8.0,11.0,0.0,19.6,83.05,126.0,11.454545454545455,68.10810810810811,12.0,335.0,185.0,10.5,75.0,73.66666666666667,6,1,0,0,0,0,0,1,0,0,6.0,3.0,8.510204081632653,10.683453237410072,10.654989523142698,90.67613532960213,10.5758603974794,73.20078869536641,11.631853785900782,4.25,73.0
C Mahamalage,2026,T20I,33.0,64.0,3.0,4.0,1.0,0.0,11.0,51.56,21.0,4.2,36.206896551724135,6.0,212.0,58.0,3.5,108.0,70.66666666666667,3,1,0,0,0,0,0,1,0,0,7.0,8.0,6.673469387755102,8.844036697247708,9.388635345119308,62.65477056844926,10.5758603974794,61.349172677131946,11.661290322580644,6.666666666666667,51.0
C Munro,2025,BBL,94.0,67.0,6.0,6.0,8.0,5.0,15.67,140.3,46.0,7.666666666666667,62.16216216216216,6.0,1408.0,74.0,7.666666666666667,224.0,182.66666666666666,6,0,1,0,0,0,0,0,0,0,7.0,8.0,7.311926605504586,22.978670012547056,23.781975921792984,173.89206247402757,25.91609195402299,120.75695634972968,25.330567081604425,3.0,183.0
C Murray,2026,ODI,37.0,62.0,3.0,5.0,4.0,0.0,12.33,59.68,30.0,10.0,100.0,5.0,96.0,30.0,6.0,18.0,31.666666666666668,5,1,0,0,0,1,0,0,0,0,3.0,7.0,4.477064220183486,5.936475409836065,6.2744567438228165,28.091145788858114,6.824239713774597,61.82244985061887,9.921232876712327,10.4,20.0
C Nunes,2026,T20I,248.0,171.0,8.0,12.0,20.0,10.0,31.0,145.03,41.0,20.5,141.3793103448276,3.0,41.0,29.0,13.666666666666666,41.0,41.0,1,0,0,0,0,0,0,1,0,0,0.0,0.0,3.0,13.666666666666666,14.711454095876206,44.13436228762862,15.233847810480976,141.3793103448276,20.5,5.666666666666667,40.0
C Potgieter,2026,T20I,126.0,102.0,6.0,7.0,8.0,7.0,21.0,123.53,102.0,25.5,129.1139240506329,5.0,102.0,79.0,20.4,102.0,102.0,1,0,0,0,0,0,0,1,0,0,0.0,0.0,5.0,20.4,21.497264427392988,107.48632213696494,22.411651450220482,129.1139240506329,25.5,3.2,82.0
C Pyle,2026,T20I,139.0,126.0,7.0,9.0,10.0,4.0,19.86,110.32,135.0,33.75,162.65060240963857,6.0,231.0,83.0,22.5,96.0,115.5,2,0,0,0,0,0,0,1,0,0,6.0,0.0,5.999999999999999,20.0625,18.205326080954222,109.23195648572532,15.233847810480976,137.57142857142856,25.342105263157894,3.8333333333333335,124.0
C Roberts,2026,T20I,433.0,377.0,11.0,16.0,33.0,3.0,39.36,114.85,155.0,38.75,98.10126582278481,6.0,391.0,158.0,25.833333333333332,236.0,195.5,2,0,0,0,0,0,0,1,0,0,10.0,0.0,7.5,24.71666666666667,21.555727047938106,161.6679528595358,15.233847810480976,101.64496230294723,33.70454545454545,4.0,155.0
C Rububagumya,2026,T20I,46.0,43.0,3.0,4.0,5.0,1.0,15.33,106.98,131.0,16.375,76.16279069767442,11.0,614.0,172.0,11.909090909090908,64.0,189.0,5,0,0,0,0,0,0,1,0,0,8.0,31.0,12.770642201834862,11.02155172413793,11.768412732354781,150.2901882884207,15.233847810480976,81.11022997620935,14.446327683615818,6.181818181818182,89.0
C Sutthiruang,2026,ODI,54.0,56.0,2.0,3.0,6.0,0.0,27.0,96.43,82.0,16.4,72.56637168141593,5.0,155.0,113.0,16.4,82.0,77.5,2,1,0,0,0,1,0,0,0,0,0.0,7.0,5.529411764705882,14.398936170212767,21.598561992569152,119.42734278244119,30.622093023255815,69.48151950718686,14.398936170212767,2.0,84.0
C Sutthiruang,2026,T20I,269.0,357.0,25.0,30.0,27.0,1.0,10.76,75.35,220.0,20.0,101.38248847926268,14.0,842.0,217.0,15.714285714285714,124.0,169.33333333333334,8,1,0,0,0,0,0,1,0,0,11.0,19.0,12.688073394495412,12.881417208966017,12.47044451529639,158.22591527206333,10.5758603974794,98.1759065358757,16.633986928104576,5.428571428571429,99.0
C Tchale,2026,T20I,0.0,1.0,1.0,1.0,0.0,0.0,0.0,0.0,4.0,1.3333333333333333,50.0,3.0,4.0,8.0,1.3333333333333333,4.0,4.0,1,0,0,0,0,0,0,1,0,0,0.0,0.0,3.0,1.3333333333333333,4.049514333096423,12.148542999289269,5.407604832977968,50.0,1.3333333333333333,10.333333333333334,6.0
C Tlali,2026,T20I,83.0,101.0,9.0,10.0,14.0,0.0,9.22,82.18,19.0,4.75,39.58333333333333,4.0,97.0,48.0,4.75,19.0,25.0,3,0,0,0,0,0,0,1,0,0,0.0,4.0,3.8607594936708862,6.639344262295082,10.901081558916188,42.086454119866296,15.233847810480976,56.12527716186253,6.639344262295082,6.0,44.0
C Uwase,2026,T20I,244.0,254.0,13.0,16.0,24.0,4.0,18.77,96.06,209.0,9.5,82.93650793650794,22.0,364.0,252.0,9.5,131.0,121.0,4,1,0,0,0,0,0,1,0,0,17.0,1.0,15.137614678899082,8.972727272727273,10.410160044655875,157.58499150167148,18.316040290263185,79.66101694915255,9.746543778801845,3.272727272727273,94.0
C de Lange,2026,T20I,40.0,59.0,6.0,10.0,3.0,0.0,6.67,67.8,20.0,5.0,54.054054054054056,5.0,80.0,37.0,4.0,24.0,22.333333333333332,6,1,0,0,0,0,0,1,0,0,3.0,4.0,4.08256880733945,5.092134831460674,4.346721734641198,17.745790568030582,3.241025641025641,60.281989890928436,6.887537993920972,8.8,18.0
CA Henry,2026,ODI,136.0,177.0,4.0,6.0,6.0,2.0,34.0,76.84,282.0,40.285714285714285,118.4873949579832,9.0,758.0,238.0,31.333333333333332,76.0,189.33333333333334,7,1,0,0,0,1,0,0,0,0,9.0,8.0,8.93577981651376,21.500000000000007,21.52710984715558,192.36151368008743,21.615126484254002,104.22037525506396,24.989260143198095,4.888888888888889,184.0
CA Henry,2026,T20I,178.0,131.0,5.0,10.0,17.0,5.0,35.6,135.88,119.0,23.8,138.37209302325581,8.0,506.0,86.0,14.875,44.0,116.0,8,1,0,0,0,0,0,1,0,0,8.0,12.0,8.73469387755102,12.383177570093457,11.914150622183236,104.0664584958046,10.5758603974794,113.12700106723588,21.11553784860558,5.222222222222222,82.0
CA Henry,2026,WPL,108.0,69.0,4.0,5.0,10.0,6.0,27.0,156.52,167.0,23.857142857142858,194.1860465116279,7.0,167.0,86.0,23.857142857142858,167.0,167.0,1,1,0,0,0,0,0,0,0,1,0.0,0.0,7.0,23.857142857142858,21.24516129032258,148.71612903225807,18.197849462365593,194.1860465116279,23.857142857142858,6.25,132.0
CA Keita,2026,T20I,2.0,12.0,2.0,2.0,0.0,0.0,1.0,16.67,8.0,1.6,21.052631578947366,5.0,47.0,38.0,1.6,8.0,23.5,2,0,0,0,0,0,0,1,0,0,0.0,4.0,4.735294117647059,3.4223602484472053,9.119219201196612,43.18218504096043,15.233847810480976,40.66420664206642,3.4223602484472053,6.4,26.0
CA Lynn,2025,BBL,178.0,132.0,8.0,10.0,18.0,7.0,22.25,134.85,230.0,32.857142857142854,165.46762589928056,7.0,3910.0,139.0,32.857142857142854,304.0,316.6666666666667,14,0,1,0,0,0,0,0,0,0,7.0,11.0,8.1651376146789,34.23932584269662,32.141031585047806,262.4359459696564,25.91609195402299,154.66957669272153,37.52832512315271,2.2857142857142856,270.0
CB Roposo,2026,T20I,41.0,45.0,3.0,5.0,3.0,0.0,13.67,91.11,54.0,10.8,80.59701492537313,6.0,54.0,67.0,9.0,54.0,54.0,1,0,0,0,0,0,0,1,0,0,0.0,0.0,6.0,9.0,12.116923905240489,72.70154343144293,15.233847810480976,80.59701492537313,10.8,6.666666666666667,40.0
CBRLS Kumara,2026,Test,55.0,178.0,5.0,3.0,8.0,1.0,11.0,30.9,29.0,5.8,34.93975903614458,4.0,135.0,83.0,7.25,21.0,26.333333333333332,9,0,0,0,0,0,0,0,1,0,4.0,2.0,3.3669724770642198,7.209809264305178,12.142401276426007,40.88313090319582,18.176605504587155,31.609126747103094,5.777292576419214,10.0,43.0
CC Machado,2026,T20I,89.0,161.0,12.0,12.0,4.0,0.0,7.42,55.28,14.0,4.666666666666667,45.16129032258064,4.0,14.0,31.0,3.5,14.0,14.0,1,0,0,0,0,0,0,1,0,0,0.0,0.0,4.0,3.5,4.644562899786781,18.578251599147123,5.407604832977968,45.16129032258064,4.666666666666667,8.0,15.0
CE Coulter Reilly,2026,ODI,37.0,56.0,1.0,1.0,2.0,0.0,37.0,66.07,139.0,23.166666666666668,69.5,7.0,170.0,200.0,19.857142857142858,31.0,85.0,2,1,0,0,0,1,0,0,0,0,2.0,0.0,5.124999999999999,19.21951219512195,20.23174358489606,103.68768587259228,21.615126484254002,66.61031276415892,21.88888888888889,5.714285714285714,102.0
CE Coulter Reilly,2026,T20I,2.0,6.0,2.0,3.0,0.0,0.0,1.0,33.33,24.0,6.0,75.0,4.0,26.0,32.0,6.0,2.0,13.0,2,1,0,0,0,0,0,1,0,0,1.0,0.0,2.8749999999999996,5.478260869565218,8.36369456461098,24.045621873256565,10.5758603974794,77.30061349693251,6.3,4.2,35.0
CE Dean,2026,ODI,175.0,248.0,5.0,9.0,14.0,0.0,35.0,70.56,89.0,22.25,83.17757009345794,6.0,385.0,107.0,14.833333333333334,101.0,99.0,5,1,0,0,0,1,0,0,0,0,4.0,7.0,5.91743119266055,16.066666666666666,13.132562872097756,77.71103717892709,6.824239713774597,72.50402294829638,23.23542600896861,7.833333333333333,78.0
CE Dean,2026,T20I,24.0,17.0,0.0,3.0,4.0,0.0,24.0,141.18,22.0,4.4,91.66666666666666,6.0,148.0,24.0,3.6666666666666665,64.0,49.333333333333336,3,1,0,0,0,0,0,1,0,0,5.0,5.0,5.510204081632653,7.659259259259259,6.081318681318681,33.5093070195111,3.241025641025641,106.37860082304526,10.49746192893401,8.0,33.0
CH Abeyratne,2026,T20I,0.0,0.0,0.0,1.0,0.0,0.0,0.0,,6.0,6.0,30.0,3.0,16.0,20.0,2.0,6.0,6.0,2,1,0,0,0,0,0,1,0,0,0.0,0.0,3.721311475409836,1.806167400881057,6.798402503308956,25.298973250018573,10.5758603974794,30.325443786982248,3.228346456692913,5.0,20.0
CJ Dias,2026,T20I,7.0,17.0,0.0,3.0,0.0,0.0,7.0,41.18,7.0,7.0,50.0,4.0,7.0,14.0,1.75,7.0,7.0,1,1,0,0,0,0,0,1,0,0,0.0,0.0,4.0,1.75,2.644615384615385,10.57846153846154,3.241025641025641,50.0,7.0,11.0,4.0
CJ Green,2025,BBL,84.0,54.0,5.0,9.0,7.0,4.0,16.8,155.56,92.0,11.5,126.02739726027397,9.0,747.0,73.0,10.222222222222221,115.0,89.66666666666667,11,0,1,0,0,0,0,0,0,0,8.0,9.0,8.321100917431192,11.100330760749722,12.69788116480586,105.6603506098983,17.527808553068912,131.33315940516565,14.982142857142854,6.666666666666667,72.0
CJ Green,2025,CPL,65.0,37.0,2.0,6.0,4.0,3.0,32.5,175.68,107.0,15.285714285714286,122.98850574712642,7.0,384.0,87.0,15.285714285714286,72.0,71.33333333333333,7,0,0,1,0,0,0,0,0,0,7.0,7.0,6.999999999999998,11.605504587155965,12.985292148262287,90.897045037836,16.494551845342706,134.02451944906917,14.282258064516128,6.857142857142857,63.0
CJ Jordan,2025,BBL,54.0,57.0,5.0,9.0,4.0,0.0,10.8,94.74,61.0,30.5,132.6086956521739,7.0,286.0,46.0,8.714285714285714,133.0,97.0,6,0,1,0,0,0,0,0,0,0,7.0,0.0,6.274725274725275,12.502626970227672,14.23345874388137,89.31104332699189,17.527808553068912,148.85321100917432,24.532646048109967,7.0,68.0
CK Jasmat,2026,T20I,98.0,98.0,7.0,9.0,6.0,5.0,14.0,100.0,118.0,23.6,131.11111111111111,6.0,269.0,90.0,19.666666666666668,112.0,115.0,3,0,0,0,0,0,0,1,0,0,5.0,0.0,5.549450549450549,19.186138613861388,17.713235208874895,98.2987228624376,15.233847810480976,118.92721247084816,22.79764705882353,5.333333333333333,89.0
CL Tryon,2026,ODI,319.0,329.0,12.0,15.0,29.0,8.0,26.58,96.96,306.0,38.25,115.90909090909092,9.0,1681.0,264.0,34.0,154.0,230.0,10,1,0,0,0,1,0,0,0,0,5.0,0.0,8.527472527472527,31.538659793814432,28.771875413825462,245.3513771552589,21.615126484254002,110.8624750860663,36.31157270029673,7.111111111111111,203.0
CL Tryon,2026,T20I,139.0,114.0,10.0,14.0,13.0,3.0,13.9,121.93,123.0,15.375,109.82142857142858,11.0,1127.0,112.0,11.181818181818182,124.0,137.33333333333334,13,1,0,0,0,0,0,1,0,0,11.0,8.0,10.0,12.839449541284402,12.350905121758144,123.50905121758144,10.5758603974794,120.4596316061284,17.450124688279303,5.636363636363637,94.0
CM Greechan,2026,T20I,21.0,23.0,2.0,2.0,2.0,0.0,10.5,91.3,40.0,13.333333333333334,66.66666666666666,4.0,148.0,60.0,10.0,42.0,44.0,4,1,0,0,0,0,0,1,0,0,4.0,6.0,4.027522935779817,9.876993166287015,10.160701108584329,40.92245675842679,10.5758603974794,70.43534762833009,13.635220125786162,7.0,43.0
CN Ackermann,2026,T20I,75.0,58.0,4.0,4.0,5.0,3.0,18.75,129.31,50.0,16.666666666666668,106.38297872340425,3.0,515.0,47.0,16.666666666666668,50.0,107.5,4,0,0,0,0,0,0,1,0,0,0.0,8.0,4.139240506329115,18.64525993883792,17.01300533196857,70.42092080447752,15.233847810480976,107.73988337162044,19.73139158576052,5.0,82.0
CN Kakuru,2026,T20I,12.0,19.0,3.0,4.0,2.0,0.0,4.0,63.16,66.0,22.0,110.00000000000001,5.0,202.0,60.0,13.2,10.0,67.33333333333333,3,0,0,0,0,0,0,1,0,0,2.0,15.0,5.918367346938775,10.117241379310345,11.861539026300333,70.20094525769585,15.233847810480976,106.07375271149675,13.774647887323944,5.6,68.0
CP Jewell,2025,BBL,18.0,17.0,3.0,3.0,2.0,0.0,6.0,105.88,164.0,23.428571428571427,115.49295774647888,7.0,1160.0,142.0,23.428571428571427,187.0,213.33333333333334,6,0,1,0,0,0,0,0,0,0,10.0,11.0,8.889908256880734,22.07223942208462,22.98095160457596,204.29855142049638,25.91609195402299,126.65363889382364,22.77742279020234,1.7142857142857142,208.0
CR Ervine,2026,ODI,73.0,101.0,4.0,4.0,7.0,1.0,18.25,72.28,214.0,42.8,89.16666666666667,6.0,2909.0,240.0,35.666666666666664,82.0,230.33333333333334,13,0,0,0,0,1,0,0,0,0,3.0,11.0,5.697247706422018,34.412238325281805,33.92739059295452,193.29274824059405,32.92375578703704,85.90264099368893,39.94392523364486,3.5,226.0
CR Ervine,2026,Test,60.0,100.0,1.0,1.0,6.0,1.0,60.0,60.0,328.0,23.428571428571427,43.559096945551126,7.0,1672.0,753.0,46.857142857142854,12.0,154.66666666666666,10,0,0,0,0,0,0,0,1,0,1.0,2.0,4.244897959183674,45.653846153846146,51.233311477043884,217.48017933112507,58.970170058544745,44.48817053174046,22.826923076923073,4.785714285714286,236.0
CR Pagydyala,2026,T20I,420.0,448.0,14.0,15.0,45.0,2.0,30.0,93.75,188.0,18.8,82.09606986899564,12.0,190.0,229.0,15.666666666666666,188.0,95.0,2,1,0,0,0,0,0,1,0,0,0.0,1.0,9.088235294117647,15.268608414239482,16.264501184181867,147.8156137032999,18.316040290263185,82.15218526902316,18.872,2.25,91.0
CR Richards,2026,T20I,20.0,31.0,4.0,4.0,2.0,1.0,5.0,64.52,5.0,1.6666666666666667,38.46153846153847,3.0,12.0,13.0,1.6666666666666667,5.0,6.0,2,0,0,0,0,0,0,1,0,0,0.0,2.0,2.735294117647059,2.021505376344086,10.177272310996488,27.83783308596098,15.233847810480976,49.6042216358839,2.021505376344086,7.0,19.0
CS Mugeri-Tiripano,2026,ODI,109.0,203.0,6.0,6.0,9.0,0.0,18.17,53.69,353.0,44.125,79.68397291196389,9.0,445.0,443.0,39.22222222222222,74.0,148.33333333333334,3,1,0,0,0,1,0,0,0,0,2.0,3.0,5.755102040816326,35.804964539007095,34.00535637381568,195.7042958656331,30.622093023255815,77.86088834053054,39.28793774319066,3.4444444444444446,198.0
CS Mugeri-Tiripano,2026,T20I,65.0,77.0,7.0,7.0,12.0,1.0,9.29,84.42,207.0,29.571428571428573,93.24324324324324,8.0,1089.0,222.0,25.875,377.0,235.33333333333334,6,1,0,0,0,0,0,1,0,0,17.0,7.0,10.211009174311926,23.361185983827493,22.290029785618515,227.60369863663675,18.316040290263185,103.98320335932813,27.543432203389827,3.375,197.0
CS Nascimento,2026,T20I,18.0,26.0,5.0,5.0,1.0,0.0,3.6,69.23,70.0,11.666666666666666,78.65168539325843,7.0,92.0,89.0,10.0,70.0,46.0,3,1,0,0,0,0,0,1,0,0,0.0,5.0,5.708860759493672,8.638580931263856,9.412460877821331,53.73442855566356,10.5758603974794,74.67893425340235,10.172323759791125,6.857142857142857,36.0
CT Bancroft,2025,BBL,101.0,100.0,6.0,6.0,7.0,1.0,16.83,101.0,105.0,35.0,125.0,4.0,1929.0,84.0,26.25,230.0,230.66666666666666,10,0,1,0,0,0,0,0,0,0,9.0,11.0,6.935779816513761,26.943121693121693,26.651351880877748,184.84790845819794,25.91609195402299,123.42604374962127,32.12776025236594,2.0,221.0
CT Dhururu,2026,ODI,65.0,141.0,5.0,7.0,6.0,0.0,13.0,46.1,16.0,5.333333333333333,26.666666666666668,3.0,156.0,60.0,5.333333333333333,102.0,59.0,3,1,0,0,0,1,0,0,0,0,5.0,0.0,3.78021978021978,12.436046511627906,20.907807308970103,79.03610675039248,30.622093023255815,41.46554230881069,13.624203821656048,2.6666666666666665,95.0
CT Dhururu,2026,T20I,139.0,136.0,7.0,9.0,15.0,0.0,19.86,102.21,46.0,7.666666666666667,71.875,6.0,313.0,64.0,7.666666666666667,148.0,97.0,4,1,0,0,0,0,0,1,0,0,17.0,0.0,9.142857142857142,8.72235576923077,9.213567243148251,84.23832908021258,10.5758603974794,74.02835866571459,9.780323450134771,5.0,76.0
CV Anto,2026,T20I,121.0,94.0,6.0,6.0,9.0,8.0,20.17,128.72,253.0,25.3,170.94594594594594,10.0,765.0,148.0,25.3,512.0,382.5,2,0,0,0,0,0,0,1,0,0,26.0,0.0,16.0,21.8828125,21.983224958902625,351.731599342442,22.411651450220482,157.5365579302587,24.787610619469028,1.8,223.0
Cai Yuzhi,2026,T20I,73.0,121.0,9.0,11.0,8.0,0.0,8.11,60.33,63.0,7.0,52.066115702479344,9.0,63.0,121.0,7.0,63.0,63.0,1,1,0,0,0,0,0,1,0,0,0.0,0.0,9.0,7.0,8.43034415899176,75.87309743092584,10.5758603974794,52.066115702479344,7.0,4.666666666666667,42.0
D Abeyrathna,2026,T20I,94.0,90.0,7.0,7.0,7.0,5.0,13.43,104.44,234.0,18.0,98.73417721518987,14.0,510.0,237.0,16.714285714285715,81.0,119.0,5,0,0,0,0,0,0,1,0,0,2.0,2.0,7.807339449541284,18.72032902467685,19.682446077381535,153.66753772340996,22.411651450220482,101.36803257826419,21.47035040431267,3.2142857142857144,125.0
D Brevis,2026,IPL,151.0,118.0,8.0,8.0,8.0,10.0,18.88,127.97,225.0,37.5,180.0,6.0,455.0,125.0,37.5,69.0,147.0,3,0,0,0,1,0,0,0,0,0,3.0,0.0,5.131868131868131,32.314775160599574,26.90989730831873,138.0980444284049,18.496304118268217,162.91698153945805,32.314775160599574,5.333333333333333,165.0
D Brevis,2026,ODI,196.0,151.0,5.0,6.0,8.0,14.0,39.2,129.8,110.0,22.0,159.42028985507247,6.0,110.0,69.0,18.333333333333332,110.0,110.0,1,0,0,0,0,1,0,0,0,0,0.0,0.0,6.0,18.333333333333332,22.31625225799596,133.89751354797576,26.29917118265859,159.42028985507247,22.0,5.833333333333333,109.0
D Brevis,2026,T20I,555.0,365.0,19.0,20.0,33.0,41.0,29.21,152.05,340.0,42.5,197.67441860465115,10.0,345.0,172.0,34.0,340.0,172.5,2,0,0,0,0,0,0,1,0,0,0.0,2.0,7.882352941176472,31.884328358208954,25.909275530076908,204.2260541782533,15.233847810480976,195.85147834059134,39.19724770642202,4.5,160.0
D Brevis,2026,Test,54.0,59.0,3.0,2.0,6.0,2.0,18.0,91.53,84.0,28.0,98.82352941176471,2.0,84.0,85.0,42.0,84.0,84.0,1,0,0,0,0,0,0,0,1,0,0.0,0.0,2.0,42.0,54.72762754390856,109.45525508781712,58.970170058544745,98.82352941176471,28.0,6.0,115.0
D Dhingra,2026,T20I,61.0,59.0,5.0,5.0,9.0,0.0,12.2,103.39,247.0,19.0,89.16967509025271,13.0,510.0,277.0,19.0,53.0,166.66666666666666,4,1,0,0,0,0,0,1,0,0,4.0,10.0,8.917431192660551,18.15843621399177,18.195606986697292,162.2580733125667,18.316040290263185,89.79903332485371,18.856837606837605,1.0,119.0
D Ferreira,2026,T20I,113.0,82.0,7.0,8.0,8.0,7.0,16.14,137.8,55.0,27.5,196.42857142857142,3.0,127.0,28.0,18.333333333333332,24.0,42.333333333333336,3,0,0,0,0,0,0,1,0,0,3.0,1.0,2.63265306122449,16.7984496124031,15.957265847928841,42.009944783322865,15.233847810480976,175.60777957860617,20.836538461538463,5.666666666666667,63.0
D Gumyusenge,2026,T20I,89.0,115.0,13.0,15.0,6.0,3.0,6.85,77.39,398.0,20.94736842105263,102.8423772609819,21.0,398.0,387.0,18.952380952380953,398.0,398.0,1,0,0,0,0,0,0,1,0,0,0.0,0.0,21.0,18.952380952380953,18.126040254180957,380.6468453378001,15.233847810480976,102.8423772609819,20.94736842105263,4.142857142857143,197.0
D Hemalatha,2026,WPL,11.0,20.0,2.0,2.0,1.0,0.0,5.5,55.0,27.0,4.5,56.25,6.0,293.0,48.0,4.5,115.0,97.66666666666667,3,1,0,0,0,0,0,0,0,1,7.0,8.0,6.673469387755102,11.4954128440367,15.94286096614479,106.39419461080298,25.638297872340427,110.59135039717565,13.922222222222222,2.5,100.0
D Heyliger,2026,T20I,18.0,9.0,0.0,3.0,0.0,2.0,18.0,200.0,25.0,5.0,80.64516129032258,6.0,361.0,31.0,4.166666666666667,167.0,78.33333333333333,6,0,0,0,0,0,0,1,0,0,13.0,3.0,7.229357798165138,9.875634517766498,8.643641038504954,62.487973746256,5.407604832977968,159.86031224322105,17.21681415929204,7.833333333333333,43.0
D Issiaka,2026,T20I,15.0,39.0,6.0,6.0,0.0,0.0,2.5,38.46,4.0,0.8,10.81081081081081,5.0,4.0,37.0,0.8,4.0,4.0,1,0,0,0,0,0,0,1,0,0,0.0,0.0,5.0,0.8,12.58817351830208,62.9408675915104,22.411651450220482,10.81081081081081,0.8,3.4,27.0
D Jakiel,2026,T20I,52.0,86.0,5.0,9.0,1.0,0.0,10.4,60.47,34.0,4.25,53.96825396825397,9.0,83.0,63.0,3.7777777777777777,38.0,27.666666666666668,3,0,0,0,0,0,0,1,0,0,1.0,1.0,5.081632653061224,6.100401606425703,5.8399516915957275,29.67648920831298,5.407604832977968,69.74288337924702,7.595,8.0,25.0
D Johnson,2026,T20I,87.0,74.0,9.0,9.0,6.0,5.0,9.67,117.57,165.0,13.75,114.58333333333333,15.0,176.0,144.0,11.0,165.0,88.0,2,0,0,0,0,0,0,1,0,0,0.0,3.0,11.823529411764707,10.507462686567166,11.791806470239399,139.4207706187129,15.233847810480976,112.82051282051285,13.283018867924529,6.0,74.0
D Kansonkho,2026,T20I,118.0,122.0,6.0,7.0,11.0,2.0,19.67,96.72,326.0,17.157894736842106,94.21965317919076,21.0,504.0,346.0,15.523809523809524,22.0,123.66666666666667,4,0,0,0,0,0,0,1,0,0,2.0,3.0,11.18348623853211,15.452830188679242,16.827185934869085,188.1866023358295,22.411651450220482,92.55146661425832,17.393351800554015,2.238095238095238,123.0
D Lohia,2026,T20I,2.0,3.0,0.0,2.0,0.0,0.0,2.0,66.67,24.0,8.0,53.333333333333336,4.0,24.0,45.0,6.0,24.0,24.0,1,1,0,0,0,0,0,1,0,0,0.0,0.0,4.0,6.0,4.344615384615385,17.37846153846154,3.241025641025641,53.333333333333336,8.0,9.0,14.0
D Matla,2026,T20I,2.0,3.0,0.0,1.0,0.0,0.0,2.0,66.67,23.0,4.6,41.07142857142857,6.0,23.0,56.0,3.8333333333333335,23.0,23.0,1,0,0,0,0,0,0,1,0,0,0.0,0.0,6.0,3.8333333333333335,9.533590571907155,57.20154343144293,15.233847810480976,41.07142857142857,4.6,6.0,36.0
D Myers,2026,T20I,254.0,221.0,14.0,15.0,20.0,7.0,18.14,114.93,179.0,22.375,151.6949152542373,9.0,452.0,118.0,19.88888888888889,134.0,156.5,3,0,0,0,0,0,0,1,0,0,5.0,0.0,7.5,21.616666666666664,21.881661594517936,164.11246195888452,22.411651450220482,137.83209351753453,24.94230769230769,2.7777777777777777,142.0
D Nanayakkara,2026,T20I,8.0,9.0,3.0,3.0,1.0,0.0,2.67,88.89,176.0,22.0,127.53623188405795,10.0,278.0,138.0,17.6,45.0,92.66666666666667,3,1,0,0,0,0,0,1,0,0,6.0,8.0,8.408163265306122,13.563106796116505,14.831683351493734,124.707215118682,18.316040290263185,116.78160919540232,16.103746397694525,3.4,96.0
D Ndikubwimana,2026,T20I,765.0,744.0,27.0,28.0,88.0,17.0,28.33,102.82,480.0,21.818181818181817,93.9334637964775,23.0,955.0,511.0,20.869565217391305,238.0,305.3333333333333,5,0,0,0,0,0,0,1,0,0,17.0,20.0,18.73394495412844,17.14593535749265,17.820450655450955,333.8473416369803,22.411651450220482,85.34932475257177,18.00102827763496,2.0,204.0
D Norotam,2026,T20I,436.0,315.0,16.0,16.0,48.0,10.0,27.25,138.41,237.0,29.625,141.07142857142858,8.0,237.0,168.0,29.625,237.0,237.0,1,0,0,0,0,0,0,1,0,0,0.0,0.0,8.0,29.625,26.53356490723735,212.2685192578988,22.411651450220482,141.07142857142858,29.625,2.0,146.0
D Padikkal,2026,IPL,464.0,275.0,14.0,15.0,49.0,24.0,33.14,168.73,247.0,27.444444444444443,150.609756097561,10.0,1806.0,164.0,24.7,38.0,182.0,6,0,0,0,1,0,0,0,0,0,7.0,11.0,10.045871559633026,20.38721461187215,21.994714637707908,220.9560782411941,27.86208973200843,133.2298878013846,21.737098344693283,3.0,240.0
D Parashar,2026,ODI,29.0,55.0,2.0,4.0,1.0,0.0,14.5,52.73,169.0,24.142857142857142,65.0,9.0,169.0,260.0,18.77777777777778,169.0,169.0,1,0,0,0,0,1,0,0,0,0,0.0,0.0,9.0,18.77777777777778,21.786335139730102,196.07701625757093,26.29917118265859,65.0,24.142857142857142,6.444444444444445,130.0
D Parashar,2026,T20I,69.0,59.0,3.0,5.0,3.0,3.0,23.0,116.95,147.0,18.375,104.25531914893618,17.0,147.0,141.0,8.647058823529411,147.0,147.0,1,0,0,0,0,0,0,1,0,0,0.0,0.0,17.0,8.647058823529411,10.365351602734167,176.21097724648084,15.233847810480976,104.25531914893618,18.375,6.823529411764706,81.0
D Pretorius,2025,CPL,196.0,134.0,7.0,10.0,10.0,13.0,28.0,146.27,111.0,22.2,124.7191011235955,9.0,243.0,89.0,12.333333333333334,76.0,81.0,3,0,0,1,0,0,0,0,0,0,8.0,5.0,7.959183673469389,11.33076923076923,9.916241719785026,78.92518919828899,6.238470191226097,124.0246982879596,17.605577689243027,7.8,56.0
D Ruynekova,2026,T20I,126.0,193.0,7.0,9.0,13.0,0.0,18.0,65.28,95.0,9.5,64.62585034013605,10.0,95.0,147.0,9.5,95.0,95.0,1,1,0,0,0,0,0,1,0,0,0.0,0.0,10.0,9.5,9.903447649054774,99.03447649054775,10.5758603974794,64.62585034013605,9.5,4.8,53.0
D Sabir,2026,T20I,25.0,20.0,1.0,1.0,1.0,2.0,25.0,125.0,192.0,16.0,120.75471698113208,15.0,215.0,159.0,12.8,22.0,107.0,3,0,0,0,0,0,0,1,0,0,5.0,0.0,10.01098901098901,11.274423710208563,12.255288474933353,122.68755824905806,15.233847810480976,117.31581953169616,14.265277777777776,4.933333333333334,91.0
D Suzuki,2026,T20I,49.0,62.0,7.0,11.0,3.0,1.0,7.0,79.03,56.0,9.333333333333334,82.35294117647058,8.0,358.0,68.0,7.0,181.0,119.33333333333333,3,0,0,0,0,0,0,1,0,0,14.0,10.0,10.204081632653061,10.408,11.52165718703407,117.56793047993948,15.233847810480976,105.72937830150346,14.954022988505749,5.5,89.0
D Vihanga,2026,ODI,42.0,63.0,5.0,5.0,4.0,1.0,8.4,66.67,21.0,7.0,84.0,3.0,21.0,25.0,7.0,21.0,21.0,1,1,0,0,0,1,0,0,0,0,0.0,0.0,3.0,7.0,16.743417656169335,50.230252968508005,21.615126484254002,84.0,7.0,7.0,37.0
D Visser,2026,T20I,314.0,280.0,10.0,12.0,36.0,6.0,31.4,112.14,266.0,88.66666666666667,148.60335195530726,5.0,531.0,179.0,53.2,265.0,265.5,2,0,0,0,0,0,0,1,0,0,6.0,0.0,5.374999999999999,49.418604651162795,38.31985676036458,205.96923008695958,22.411651450220482,163.08518802762853,70.83333333333333,2.8,185.0
D Wangmo,2026,T20I,97.0,121.0,2.0,3.0,14.0,0.0,48.5,80.17,134.0,26.8,76.13636363636364,7.0,478.0,176.0,19.142857142857142,129.0,107.0,4,1,0,0,0,0,0,1,0,0,8.0,4.0,6.981651376146789,17.53088042049934,15.5643337598905,108.66475221354743,10.5758603974794,74.31070016153289,23.323426573426573,3.5714285714285716,108.0
D Wiese,2025,CPL,47.0,46.0,5.0,6.0,1.0,3.0,9.4,102.17,121.0,40.333333333333336,168.05555555555557,7.0,405.0,72.0,17.285714285714285,121.0,123.5,5,0,0,1,0,0,0,0,0,0,0.0,8.0,6.949367088607595,16.974499089253193,16.804906423560443,116.7834636270213,16.494551845342706,157.84214092140925,32.813380281690144,6.142857142857143,114.0
D Wulandari,2026,T20I,136.0,224.0,11.0,12.0,8.0,1.0,12.36,60.71,219.0,27.375,87.6,10.0,279.0,250.0,21.9,60.0,139.5,2,1,0,0,0,0,0,1,0,0,4.0,0.0,7.75,20.564516129032256,19.83131748595539,153.69271051615425,18.316040290263185,90.10600706713781,26.020408163265305,2.1,129.0
DA Galia,2026,T20I,35.0,60.0,3.0,3.0,0.0,0.0,11.67,58.33,87.0,7.25,55.769230769230774,15.0,130.0,156.0,5.8,36.0,43.333333333333336,3,1,0,0,0,0,0,1,0,0,6.0,2.0,9.857142857142858,5.751552795031055,6.8947536486918,67.96257167996204,10.5758603974794,52.76353276353276,6.808823529411764,5.0,54.0
DA Mehta,2026,T20I,88.0,104.0,6.0,6.0,9.0,0.0,14.67,84.62,87.0,21.75,122.53521126760563,5.0,106.0,71.0,17.4,87.0,53.0,2,0,0,0,0,0,0,1,0,0,0.0,2.0,4.205882352941177,16.405594405594407,19.480367636631648,81.93213447171546,22.411651450220482,120.55498458376157,19.88135593220339,2.0,69.0
DA Miller,2026,IPL,211.0,137.0,6.0,10.0,15.0,14.0,35.17,154.01,153.0,30.6,127.49999999999999,10.0,3077.0,120.0,15.3,210.0,207.33333333333334,13,0,0,0,1,0,0,0,0,0,9.0,13.0,10.825688073394494,20.25677966101695,19.89992651045978,215.43039708571132,18.496304118268217,139.9391136350331,36.7173579109063,5.7272727272727275,209.0
DA Miller,2026,T20I,193.0,126.0,5.0,8.0,15.0,10.0,38.6,153.17,154.0,30.8,142.59259259259258,5.0,2585.0,108.0,30.8,221.0,215.66666666666666,16,0,0,0,0,0,0,1,0,0,10.0,9.0,7.541284403669724,26.092457420924575,23.18908586733003,174.87549158665396,15.233847810480976,135.35277041524677,33.77637795275591,5.6,172.0
DA Warner,2025,BBL,433.0,281.0,5.0,8.0,38.0,20.0,86.6,154.09,405.0,45.0,141.6083916083916,12.0,706.0,286.0,33.75,50.0,184.66666666666666,6,0,1,0,0,0,0,0,0,0,2.0,6.0,7.836734693877551,30.640625,29.313508975849153,229.72219279032805,25.91609195402299,135.17922794117646,39.22,1.8333333333333333,235.0
DA Warner,2026,PSL,256.0,173.0,5.0,7.0,32.0,7.0,51.2,147.98,368.0,33.45454545454545,153.97489539748955,11.0,368.0,239.0,33.45454545454545,368.0,368.0,1,0,0,0,0,0,1,0,0,0,0.0,0.0,11.0,33.45454545454545,31.237227592987058,343.6095035228576,27.17214484679666,153.97489539748955,33.45454545454545,1.6363636363636365,254.0
DAL Paramitha,2026,T20I,13.0,29.0,5.0,5.0,0.0,0.0,2.6,44.83,15.0,5.0,50.0,3.0,15.0,30.0,5.0,0.0,7.5,2,1,0,0,0,0,0,1,0,0,1.0,0.0,2.25,4.166666666666667,8.172412748424625,18.387928683955405,10.5758603974794,47.16981132075472,4.166666666666667,7.333333333333333,24.0
DAM Louis,2026,T20I,21.0,24.0,2.0,4.0,2.0,0.0,10.5,87.5,27.0,9.0,117.3913043478261,3.0,27.0,23.0,9.0,27.0,27.0,1,0,0,0,0,0,0,1,0,0,0.0,0.0,3.0,9.0,13.155898540320651,39.467695620961955,15.233847810480976,117.3913043478261,9.0,5.666666666666667,38.0
DB Loic,2026,T20I,79.0,64.0,6.0,6.0,6.0,1.0,13.17,123.44,18.0,9.0,105.88235294117648,4.0,60.0,17.0,4.5,18.0,23.5,3,0,0,0,0,0,0,1,0,0,0.0,5.0,4.227848101265823,4.68562874251497,9.676899594864816,40.912461578289225,15.233847810480976,85.84750411409763,7.245370370370369,6.0,36.0
DB Sharma,2026,ODI,319.0,353.0,11.0,11.0,22.0,3.0,29.0,90.37,433.0,48.111111111111114,91.93205944798302,17.0,2068.0,471.0,25.470588235294116,107.0,214.66666666666666,10,1,0,0,0,1,0,0,0,0,4.0,5.0,11.238532110091743,24.219591836734693,23.70723799690243,266.434555469775,21.615126484254002,84.50780448900535,43.31240875912409,6.647058823529412,260.0
DB Sharma,2026,T20I,206.0,164.0,12.0,20.0,22.0,2.0,17.17,125.61,80.0,20.0,103.89610389610388,6.0,1076.0,77.0,13.333333333333334,65.0,152.33333333333334,9,1,0,0,0,0,0,1,0,0,7.0,17.0,8.596330275229358,14.374599786552826,13.453321034150218,115.64919090824544,10.5758603974794,113.33726018175699,23.506108202443283,6.0,104.0
DB Sharma,2026,WPL,131.0,110.0,6.0,7.0,15.0,3.0,21.83,119.09,122.0,15.25,114.01869158878503,8.0,507.0,107.0,15.25,295.0,169.0,3,1,0,0,0,0,0,0,0,1,8.0,8.0,8.0,21.13520408163265,20.322283061540293,162.57826449232235,18.197849462365593,120.29911427326847,26.899350649350648,4.0,155.0
DC Drakes,2025,CPL,21.0,15.0,1.0,3.0,2.0,1.0,21.0,140.0,34.0,8.5,91.8918918918919,4.0,255.0,37.0,8.5,68.0,51.0,5,0,0,1,0,0,0,0,0,0,6.0,0.0,4.780219780219779,11.177011494252874,13.347436127350765,63.803678191182215,16.494551845342706,110.42471042471043,17.744525547445257,7.25,48.0
DC Smith,2026,T20I,176.0,103.0,9.0,9.0,15.0,15.0,19.56,170.87,131.0,18.714285714285715,127.18446601941748,7.0,404.0,103.0,18.714285714285715,38.0,86.0,5,0,0,0,0,0,0,1,0,0,5.0,5.0,5.91743119266055,16.06046511627907,18.076714746101743,106.9677156994094,22.411651450220482,111.35117703966462,16.843902439024394,2.857142857142857,98.0
DEM Carter,2026,T20I,726.0,686.0,21.0,26.0,89.0,7.0,34.57,105.83,19.0,6.333333333333333,67.85714285714286,4.0,330.0,28.0,4.75,162.0,110.0,3,1,0,0,0,0,0,1,0,0,7.0,8.0,5.653061224489795,15.32851985559567,13.65896735274452,77.21497870837207,10.5758603974794,95.86814179272974,18.622807017543863,6.5,69.0
DG Perez,2026,T20I,0.0,6.0,2.0,2.0,0.0,0.0,0.0,0.0,62.0,15.5,101.63934426229508,3.0,62.0,61.0,20.666666666666668,62.0,62.0,1,1,0,0,0,0,0,1,0,0,0.0,0.0,3.0,20.666666666666668,19.09958241573101,57.298747247193035,18.316040290263185,101.63934426229508,15.5,1.0,64.0
DGAPD Wiswi,2026,T20I,79.0,84.0,4.0,7.0,7.0,1.0,19.75,94.05,6.0,2.0,46.15384615384615,3.0,6.0,13.0,2.0,6.0,6.0,1,0,0,0,0,0,0,1,0,0,0.0,0.0,3.0,2.0,4.271736555318645,12.815209665955935,5.407604832977968,46.15384615384615,2.0,10.0,6.0
DJ Hawoe,2026,T20I,201.0,182.0,21.0,29.0,10.0,14.0,9.57,110.44,298.0,12.956521739130435,126.27118644067797,29.0,423.0,236.0,10.275862068965518,91.0,141.0,3,0,0,0,0,0,0,1,0,0,14.0,6.0,20.183673469387756,9.222446916076846,10.014115163803465,202.1216305510536,15.233847810480976,127.33491553818233,11.530973451327434,6.724137931034483,91.0
DJ Mitchell,2026,ODI,770.0,820.0,7.0,10.0,74.0,16.0,110.0,93.9,464.0,38.666666666666664,84.82632541133455,12.0,2040.0,547.0,38.666666666666664,551.0,559.3333333333334,5,0,0,0,0,1,0,0,0,0,8.0,17.0,11.220183486238533,44.49223221586263,40.90856950413498,459.0016559959366,26.29917118265859,93.44186286126423,46.74742268041237,4.083333333333333,411.0
DJ Mitchell,2026,PSL,255.0,204.0,7.0,9.0,17.0,9.0,36.43,125.0,241.0,26.77777777777778,154.4871794871795,9.0,241.0,156.0,26.77777777777778,241.0,241.0,1,0,0,0,0,0,1,0,0,0,0.0,0.0,9.0,26.77777777777778,23.256059309951524,209.30453378956372,17.973481608212147,154.4871794871795,26.77777777777778,4.0,173.0
DJ Mitchell,2026,T20I,314.0,205.0,13.0,15.0,23.0,15.0,24.15,153.17,244.0,34.857142857142854,136.31284916201116,11.0,1519.0,179.0,22.181818181818183,222.0,293.0,7,0,0,0,0,0,0,1,0,0,9.0,20.0,12.743119266055043,22.82649388048956,21.477888894697628,273.695299768211,15.233847810480976,137.42198335644937,31.330039525691703,4.454545454545454,213.0
DJ Mitchell,2026,Test,272.0,566.0,8.0,6.0,28.0,4.0,34.0,48.06,531.0,33.1875,55.197505197505194,9.0,2139.0,962.0,59.0,292.0,399.3333333333333,6,0,0,0,0,0,0,0,1,0,5.0,6.0,7.20183486238532,63.51464968152867,62.25811153692482,448.3726381328989,58.970170058544745,53.85213587514176,37.34756554307117,5.125,404.0
DJS Dottin,2026,ODI,109.0,142.0,7.0,8.0,12.0,1.0,15.57,76.76,58.0,14.5,85.29411764705883,5.0,1679.0,68.0,11.6,58.0,58.0,10,1,0,0,0,1,0,0,0,0,0.0,0.0,6.803278688524591,23.71325301204819,22.832920203183495,155.33871941510083,21.615126484254002,85.93258819420188,26.96164383561644,4.2,131.0
DJS Dottin,2026,T20I,224.0,230.0,12.0,15.0,20.0,5.0,18.67,97.39,307.0,43.857142857142854,177.45664739884393,10.0,1880.0,173.0,30.7,307.0,307.0,12,1,0,0,0,0,0,1,0,0,0.0,0.0,8.737704918032787,29.12945590994371,22.447488738588017,196.1395327486461,10.5758603974794,172.89532293986636,40.53785900783289,4.1,185.0
DJS Dottin,2026,WPL,57.0,55.0,2.0,3.0,5.0,2.0,28.5,103.64,142.0,23.666666666666668,154.34782608695653,8.0,142.0,92.0,17.75,142.0,142.0,1,1,0,0,0,0,0,0,0,1,0.0,0.0,8.0,17.75,17.941935483870967,143.53548387096774,18.197849462365593,154.34782608695653,23.666666666666668,5.625,120.0
DK Pallekonda,2026,T20I,8.0,15.0,2.0,2.0,1.0,0.0,4.0,53.33,26.0,5.2,78.78787878787878,6.0,30.0,33.0,4.333333333333333,3.0,14.5,3,0,0,0,0,0,0,1,0,0,2.0,0.0,4.076923076923077,3.7762803234501345,8.89888873791996,36.28008485459675,15.233847810480976,73.69805365597055,4.519354838709678,5.666666666666667,36.0
DKJ Claude,2026,T20I,23.0,52.0,5.0,5.0,4.0,0.0,4.6,44.23,10.0,2.0,31.25,5.0,10.0,32.0,2.0,10.0,10.0,1,0,0,0,0,0,0,1,0,0,0.0,0.0,5.0,2.0,9.218462442080533,46.09231221040267,15.233847810480976,31.25,2.0,7.0,22.0
DL Chahar,2026,IPL,25.0,19.0,2.0,4.0,3.0,1.0,12.5,131.58,37.0,37.0,148.0,4.0,117.0,25.0,9.25,37.0,19.0,7,0,0,0,1,0,0,0,0,0,0.0,1.0,3.205882352941177,8.56880733944954,6.573124103249458,21.072662566299737,5.122927618277396,145.25660964230173,37.36,9.0,15.0
DM Gondaria,2026,T20I,639.0,395.0,14.0,17.0,50.0,42.0,45.64,161.77,119.0,17.0,114.42307692307692,7.0,271.0,104.0,17.0,119.0,119.0,3,0,0,0,0,0,0,1,0,0,0.0,0.0,7.0,17.0,19.497685284717143,136.48379699302,22.411651450220482,114.42307692307692,17.0,1.4285714285714286,84.0
DM Nakrani,2026,T20I,39.0,37.0,2.0,3.0,2.0,0.0,19.5,105.41,214.0,21.4,118.23204419889504,17.0,1049.0,181.0,12.588235294117647,181.0,176.0,6,0,0,0,0,0,0,1,0,0,10.0,7.0,13.321100917431192,15.795454545454547,15.699289008644005,209.13181321606507,15.233847810480976,126.69170855659284,25.511679644048947,5.117647058823529,152.0
DM de Silva,2026,Test,298.0,549.0,8.0,4.0,35.0,2.0,37.25,54.28,347.0,26.692307692307693,57.833333333333336,8.0,4133.0,600.0,43.375,485.0,439.3333333333333,10,0,0,0,0,0,0,0,1,0,5.0,6.0,6.944954128440367,61.86261558784676,61.04167551330504,423.9316363630451,58.970170058544745,61.02185215589696,37.76612903225807,6.0,352.0
DMW Rawlins,2026,T20I,190.0,96.0,1.0,3.0,11.0,17.0,190.0,197.92,323.0,35.888888888888886,131.3008130081301,11.0,1045.0,246.0,29.363636363636363,106.0,223.0,6,0,0,0,0,0,0,1,0,0,5.0,5.0,7.5504587155963305,30.273390036452003,26.25570288792902,198.2426007042714,15.233847810480976,142.03055523885533,39.67356687898089,3.5454545454545454,189.0
DN Wellalage,2026,ODI,67.0,55.0,2.0,3.0,6.0,2.0,33.5,121.82,55.0,13.75,82.08955223880598,4.0,322.0,67.0,13.75,136.0,93.0,4,0,0,0,0,1,0,0,0,0,8.0,7.0,5.495412844036697,14.836393989983305,18.661569916348807,102.55303100819206,26.29917118265859,79.10806480327577,17.057581573896353,7.25,83.0
DN Wyatt,2026,ODI,36.0,38.0,1.0,2.0,5.0,0.0,36.0,94.74,131.0,26.2,97.76119402985076,6.0,1680.0,134.0,21.833333333333332,66.0,150.33333333333334,13,1,0,0,0,1,0,0,0,0,4.0,8.0,7.192660550458716,24.302295918367342,23.5586143406607,169.4491159915412,21.615126484254002,99.11564271965874,28.060382916053012,5.0,170.0
DN Wyatt,2026,T20I,336.0,232.0,7.0,9.0,46.0,2.0,48.0,144.83,507.0,31.6875,136.29032258064515,18.0,3130.0,372.0,28.166666666666668,301.0,392.0,14,1,0,0,0,0,0,1,0,0,11.0,14.0,14.908256880733944,27.10830769230769,25.738084201079978,383.70997088766023,18.316040290263185,137.448906362133,29.445855614973258,1.8333333333333333,302.0
DN Wyatt,2026,WPL,14.0,8.0,1.0,1.0,3.0,0.0,14.0,175.0,137.0,22.833333333333332,125.68807339449542,6.0,137.0,109.0,22.833333333333332,137.0,137.0,1,1,0,0,0,0,0,0,0,1,0.0,0.0,6.0,22.833333333333332,24.23581560283688,145.41489361702128,25.638297872340427,125.68807339449542,22.833333333333332,2.0,136.0
DO Leicher,2026,ODI,43.0,44.0,2.0,3.0,3.0,1.0,21.5,97.73,111.0,37.0,68.09815950920245,4.0,111.0,163.0,27.75,111.0,111.0,1,0,0,0,0,1,0,0,0,0,0.0,0.0,4.0,27.75,16.491040517405363,65.96416206962145,8.98506752900894,68.09815950920245,37.0,8.0,63.0
DO Leicher,2026,T20I,25.0,28.0,2.0,5.0,1.0,1.0,12.5,89.29,27.0,13.5,84.375,4.0,149.0,32.0,6.75,122.0,74.5,2,0,0,0,0,0,0,1,0,0,8.0,0.0,5.5,11.386363636363635,8.962542499855934,49.293983749207634,5.407604832977968,91.59049360146253,20.04,7.75,37.0
DP Conway,2026,ODI,261.0,295.0,7.0,7.0,34.0,5.0,37.29,88.47,185.0,46.25,76.13168724279835,4.0,1411.0,243.0,46.25,352.0,349.3333333333333,5,0,0,0,0,1,0,0,0,0,9.0,12.0,6.899082568807339,40.59308510638298,38.40601400771018,264.96626177796384,32.92375578703704,87.3844216070764,44.498542274052475,2.0,300.0
DP Conway,2026,T20I,297.0,232.0,12.0,13.0,28.0,12.0,24.75,128.02,134.0,44.666666666666664,139.58333333333331,4.0,1498.0,96.0,33.5,152.0,275.3333333333333,5,0,0,0,0,0,0,1,0,0,7.0,18.0,7.541284403669724,28.186131386861312,26.642152794176596,200.91605134690974,22.411651450220482,124.71873822468645,34.22304283604136,1.75,171.0
DP Conway,2026,Test,680.0,1106.0,12.0,7.0,89.0,6.0,56.67,61.48,584.0,34.35294117647059,58.16733067729084,9.0,2081.0,1004.0,64.88888888888889,94.0,387.6666666666667,5,0,0,0,0,0,0,0,1,0,4.0,6.0,6.926605504587156,61.82649006622516,62.628826597442185,433.8051750556775,64.64804020100503,54.255195499558326,33.29457917261056,1.8823529411764706,420.0
DPS Tyagi,2026,T20I,52.0,41.0,4.0,6.0,3.0,3.0,13.0,126.83,13.0,6.5,81.25,4.0,13.0,16.0,3.25,13.0,13.0,1,0,0,0,0,0,0,1,0,0,0.0,0.0,4.0,3.25,4.544562899786781,18.178251599147124,5.407604832977968,81.25,6.5,9.75,9.0
DR Patankar,2026,T20I,23.0,26.0,2.0,2.0,2.0,0.0,11.5,88.46,139.0,17.375,110.31746031746033,8.0,291.0,126.0,17.375,63.0,97.0,3,0,0,0,0,0,0,1,0,0,6.0,8.0,7.387755102040817,14.422651933701657,16.763179135806784,123.84226218698073,22.411651450220482,105.9886317498985,15.046109510086456,1.125,95.0
DR Sams,2025,BBL,89.0,56.0,7.0,10.0,7.0,4.0,12.71,158.93,60.0,30.0,214.28571428571428,3.0,883.0,28.0,20.0,102.0,87.0,8,0,1,0,0,0,0,0,0,0,9.0,11.0,6.880733944954128,13.257333333333332,14.477469110400643,99.61561314495854,17.527808553068912,145.66363902724876,16.571666666666665,7.333333333333333,62.0
DS Airee,2026,ODI,688.0,788.0,17.0,17.0,52.0,13.0,40.47,87.31,149.0,37.25,79.67914438502673,5.0,979.0,187.0,29.8,15.0,219.33333333333334,7,0,0,0,0,1,0,0,0,0,3.0,25.0,8.660550458715598,20.281779661016948,21.73291909549644,188.2190424417307,26.29917118265859,75.17078916372203,23.09529553679132,6.2,177.0
DS Airee,2026,T20I,397.0,298.0,10.0,15.0,24.0,17.0,39.7,133.22,175.0,17.5,125.0,12.0,1786.0,140.0,14.583333333333334,549.0,362.0,6,0,0,0,0,0,0,1,0,0,19.0,0.0,14.79120879120879,23.82838038632987,22.261940670197017,329.2810125503866,15.233847810480976,148.45174728072206,31.382583170254403,5.5,227.0
DS Bajwa,2026,T20I,47.0,51.0,3.0,3.0,6.0,0.0,15.67,92.16,214.0,35.666666666666664,151.77304964539007,8.0,385.0,141.0,26.75,171.0,192.5,2,0,0,0,0,0,0,1,0,0,8.0,0.0,8.0,24.734375,23.993080250070367,191.94464200056294,22.411651450220482,138.13263525305413,31.039215686274513,2.0,157.0
DV Devjani Mutreja,2026,T20I,6.0,7.0,1.0,2.0,0.0,0.0,6.0,85.71,5.0,1.6666666666666667,26.31578947368421,3.0,6.0,19.0,1.6666666666666667,1.0,3.0,2,0,0,0,0,0,0,1,0,0,2.0,0.0,2.625,1.3333333333333333,3.729963627241942,9.791154521510098,5.407604832977968,26.923076923076923,1.5555555555555554,8.333333333333334,8.0
DVD Madampage,2026,T20I,65.0,77.0,5.0,6.0,4.0,3.0,13.0,84.42,61.0,7.625,80.26315789473685,8.0,61.0,76.0,7.625,61.0,61.0,1,0,0,0,0,0,0,1,0,0,0.0,0.0,8.0,7.625,13.962136335808777,111.69709068647022,22.411651450220482,80.26315789473685,7.625,1.5,56.0
Davion Codner,2026,T20I,10.0,8.0,1.0,2.0,0.0,0.0,10.0,125.0,8.0,2.6666666666666665,53.333333333333336,3.0,8.0,15.0,2.6666666666666665,8.0,8.0,1,0,0,0,0,0,0,1,0,0,0.0,0.0,3.0,2.6666666666666665,11.04478742920954,33.13436228762862,15.233847810480976,53.333333333333336,2.6666666666666665,7.333333333333333,20.0
Dawood Ahmadzai,2026,T20I,67.0,61.0,4.0,7.0,7.0,1.0,16.75,109.84,15.0,3.75,65.21739130434783,4.0,86.0,23.0,3.75,47.0,27.0,5,0,0,0,0,0,0,1,0,0,7.0,3.0,4.3577981651376145,5.336842105263158,5.364234128894698,23.376249644265886,5.407604832977968,82.76199804113615,7.800000000000001,9.5,20.0
Dhruv Jurel,2026,IPL,515.0,333.0,14.0,16.0,47.0,24.0,36.79,154.65,333.0,37.0,156.33802816901408,13.0,680.0,213.0,25.615384615384617,195.0,226.66666666666666,3,0,0,0,1,0,0,0,0,0,11.0,11.0,12.020408163265307,21.422750424448218,20.828749144438746,250.37006624641677,18.496304118268217,153.2798833819242,30.926470588235293,5.076923076923077,257.0
Dhruv Jurel,2026,Test,377.0,617.0,8.0,6.0,41.0,6.0,47.12,61.1,65.0,16.25,58.03571428571429,2.0,255.0,112.0,32.5,190.0,127.5,2,0,0,0,0,0,0,0,1,0,3.0,0.0,2.3749999999999996,47.10526315789474,54.36949187257842,129.12754319737374,58.970170058544745,55.17879161528977,30.862068965517242,6.75,147.0
Diana Baig,2026,ODI,70.0,70.0,4.0,6.0,9.0,1.0,17.5,100.0,20.0,10.0,117.64705882352942,3.0,282.0,17.0,6.666666666666667,44.0,27.666666666666668,9,1,0,0,0,1,0,0,0,0,5.0,3.0,4.155963302752293,7.794701986754966,7.408063630985895,30.787640594831284,6.824239713774597,90.39938556067587,10.83128834355828,8.666666666666666,28.0
Dilara Akter,2026,T20I,405.0,344.0,22.0,22.0,60.0,7.0,18.41,117.73,125.0,15.625,105.0420168067227,8.0,308.0,119.0,15.625,179.0,102.66666666666667,3,1,0,0,0,0,0,1,0,0,12.0,3.0,8.306122448979593,14.363636363636362,15.428018031489186,128.14700691461428,18.316040290263185,105.75253256150505,14.363636363636362,1.125,96.0
Divyendra Singh,2026,T20I,0.0,1.0,1.0,1.0,0.0,0.0,0.0,0.0,149.0,24.833333333333332,126.27118644067797,7.0,279.0,118.0,21.285714285714285,64.0,84.0,4,0,0,0,0,0,0,1,0,0,5.0,2.0,5.321100917431193,17.87758620689655,16.976311753573057,90.33266804653553,15.233847810480976,107.51762754043965,19.564150943396225,5.142857142857143,87.0
E Beukes,2026,T20I,166.0,136.0,6.0,9.0,9.0,11.0,27.67,122.06,132.0,22.0,118.91891891891892,10.0,351.0,111.0,13.2,219.0,175.5,2,0,0,0,0,0,0,1,0,0,13.0,0.0,11.125,14.797752808988761,14.907692725331337,165.84808156931112,15.233847810480976,125.07122507122506,24.388888888888886,5.9,110.0
E Chiralile,2026,T20I,93.0,151.0,12.0,14.0,11.0,0.0,7.75,61.59,21.0,5.25,29.577464788732392,5.0,21.0,71.0,4.2,21.0,21.0,1,1,0,0,0,0,0,1,0,0,0.0,0.0,5.0,4.2,11.899658340143555,59.49829170071777,18.316040290263185,29.577464788732392,5.25,2.4,43.0
E Claridge,2026,T20I,149.0,128.0,7.0,7.0,20.0,1.0,21.29,116.41,90.0,15.0,120.0,6.0,90.0,75.0,15.0,90.0,90.0,1,1,0,0,0,0,0,1,0,0,0.0,0.0,6.0,15.0,16.65802014513159,99.94812087078955,18.316040290263185,120.0,15.0,3.1666666666666665,66.0
E Ellermaa,2026,T20I,4.0,38.0,2.0,2.0,0.0,0.0,2.0,10.53,6.0,2.0,35.294117647058826,4.0,14.0,17.0,1.5,8.0,7.0,2,1,0,0,0,0,0,1,0,0,5.0,0.0,4.375,1.542857142857143,2.3266272189349113,10.178994082840237,3.241025641025641,23.893805309734514,2.0,7.75,11.0
E Gebhard,2026,T20I,261.0,280.0,6.0,8.0,23.0,0.0,43.5,93.21,31.0,15.5,52.54237288135594,3.0,31.0,59.0,10.333333333333334,31.0,31.0,1,1,0,0,0,0,0,1,0,0,0.0,0.0,3.0,10.333333333333334,15.655137971286567,46.965413913859706,18.316040290263185,52.54237288135594,15.5,3.0,39.0
E Iloku,2026,T20I,180.0,243.0,14.0,18.0,18.0,0.0,12.86,74.07,433.0,20.61904761904762,76.77304964539007,24.0,555.0,564.0,18.041666666666668,26.0,157.66666666666666,5,1,0,0,0,0,0,1,0,0,4.0,2.0,13.83673469387755,16.72713864306785,17.014983144371353,235.43180758946485,18.316040290263185,73.6189548847777,18.80762852404644,2.1666666666666665,160.0
E Kallous,2026,T20I,15.0,48.0,8.0,8.0,0.0,0.0,1.88,31.25,25.0,12.5,47.16981132075472,7.0,25.0,53.0,3.5714285714285716,25.0,25.0,1,1,0,0,0,0,0,1,0,0,0.0,0.0,7.0,3.5714285714285716,3.4189349112426037,23.932544378698225,3.241025641025641,47.16981132075472,12.5,9.0,10.0
E Khaliunaa,2026,T20I,22.0,23.0,1.0,4.0,1.0,0.0,22.0,95.65,7.0,2.3333333333333335,21.21212121212121,4.0,19.0,33.0,1.75,12.0,9.5,2,1,0,0,0,0,0,1,0,0,6.0,0.0,4.749999999999999,1.868421052631579,5.709938410652676,27.122207450600204,10.5758603974794,23.905723905723907,2.1515151515151514,4.0,23.0
E Konasova,2026,T20I,0.0,1.0,1.0,1.0,0.0,0.0,0.0,0.0,4.0,2.0,10.256410256410255,3.0,4.0,39.0,1.3333333333333333,4.0,4.0,1,1,0,0,0,0,0,1,0,0,0.0,0.0,3.0,1.3333333333333333,2.605128205128205,7.815384615384616,3.241025641025641,10.256410256410255,2.0,7.666666666666667,9.0
E Kubwimana,2026,T20I,6.0,13.0,1.0,1.0,0.0,0.0,6.0,46.15,27.0,6.75,58.69565217391305,7.0,35.0,46.0,3.857142857142857,4.0,11.666666666666666,3,0,0,0,0,0,0,1,0,0,3.0,5.0,5.408163265306123,2.9094339622641505,3.8123872890281807,20.618012889642202,5.407604832977968,57.45156482861401,4.644578313253012,9.428571428571429,12.0
E Kuncova,2026,T20I,178.0,253.0,8.0,10.0,7.0,0.0,22.25,70.36,46.0,5.111111111111111,47.42268041237113,10.0,52.0,97.0,4.6,6.0,26.0,2,1,0,0,0,0,0,1,0,0,3.0,0.0,7.375,4.203389830508474,6.351413617127887,46.84167542631817,10.5758603974794,44.52423698384201,5.166666666666667,3.8,32.0
E Lewis,2025,CPL,130.0,102.0,6.0,7.0,10.0,9.0,21.67,127.45,248.0,27.555555555555557,127.83505154639174,10.0,2587.0,194.0,24.8,85.0,155.33333333333334,11,0,0,1,0,0,0,0,0,0,7.0,7.0,8.779816513761467,23.019853709508883,23.379615398342366,205.2687333597582,24.527255185721177,134.48507417129602,24.89265536723164,1.1,244.0
E Malinga,2026,ODI,0.0,1.0,0.0,1.0,0.0,0.0,0.0,0.0,14.0,4.666666666666667,25.925925925925924,5.0,14.0,54.0,2.8,14.0,14.0,1,0,0,0,0,1,0,0,0,0,0.0,0.0,5.0,2.8,6.173673197641239,30.868365988206197,8.98506752900894,25.925925925925924,4.666666666666667,9.8,13.0
E Rukiriza,2026,T20I,146.0,133.0,17.0,19.0,13.0,7.0,8.59,109.77,74.0,6.7272727272727275,73.26732673267327,15.0,139.0,101.0,4.933333333333334,5.0,46.333333333333336,3,0,0,0,0,0,0,1,0,0,4.0,15.0,11.632653061224488,4.324561403508772,6.597329404961315,76.74444409852957,15.233847810480976,70.67087155963301,6.14713216957606,7.133333333333334,39.0
E Sandy,2026,T20I,200.0,209.0,8.0,10.0,22.0,0.0,25.0,95.69,82.0,13.666666666666666,97.61904761904762,6.0,227.0,84.0,13.666666666666666,34.0,58.0,4,1,0,0,0,0,0,1,0,0,7.0,0.0,6.087912087912088,10.07581227436823,12.970505956766926,78.9633000005371,18.316040290263185,81.93160135035961,10.07581227436823,2.5,75.0
E Thelander,2026,T20I,59.0,63.0,3.0,3.0,7.0,0.0,19.67,93.65,141.0,20.142857142857142,78.77094972067039,9.0,160.0,179.0,15.666666666666666,141.0,80.0,2,1,0,0,0,0,0,1,0,0,0.0,3.0,7.411764705882353,14.666666666666666,13.140246416969926,97.39241461989475,10.5758603974794,76.72825410006227,18.297029702970296,3.6666666666666665,83.0
E Ungerman,2026,T20I,2.0,1.0,0.0,1.0,0.0,0.0,2.0,200.0,10.0,3.3333333333333335,45.45454545454545,6.0,10.0,22.0,1.6666666666666667,10.0,10.0,1,1,0,0,0,0,0,1,0,0,0.0,0.0,6.0,1.6666666666666667,2.453846153846154,14.723076923076924,3.241025641025641,45.45454545454545,3.3333333333333335,11.0,4.0
E Van Zyl,2026,T20I,57.0,93.0,7.0,7.0,5.0,0.0,8.14,61.29,71.0,7.1,56.34920634920635,12.0,274.0,126.0,5.916666666666667,105.0,64.66666666666667,5,1,0,0,0,0,0,1,0,0,11.0,4.0,10.000000000000002,7.170642201834861,7.905581380750948,79.0558138075095,10.5758603974794,69.43852167732764,7.983656792645555,4.076923076923077,59.0
EA Perry,2026,ODI,320.0,376.0,8.0,10.0,29.0,8.0,40.0,85.11,303.0,33.666666666666664,85.8356940509915,10.0,3430.0,353.0,30.3,296.0,297.3333333333333,14,1,0,0,0,1,0,0,0,0,11.0,6.0,9.715596330275229,30.39282341831917,30.44343481013741,295.7761235223442,30.622093023255815,84.80935943716898,40.383939774153085,3.0,258.0
EA Perry,2026,T20I,322.0,248.0,10.0,13.0,38.0,3.0,32.2,129.84,295.0,29.5,121.900826446281,14.0,1857.0,242.0,21.071428571428573,251.0,306.6666666666667,12,1,0,0,0,0,0,1,0,0,10.0,11.0,11.192660550458715,23.87049180327869,21.246551394239358,237.80543762359648,10.5758603974794,130.53924425119908,32.79504504504504,3.857142857142857,221.0
EC Muller,2026,T20I,40.0,45.0,5.0,5.0,2.0,0.0,8.0,88.89,10.0,3.3333333333333335,83.33333333333334,3.0,10.0,12.0,3.3333333333333335,10.0,5.0,2,1,0,0,0,0,0,1,0,0,0.0,2.0,2.735294117647059,2.688172043010753,7.557115471695102,20.670933496107192,10.5758603974794,76.45259938837921,2.688172043010753,6.0,19.0
ECB Moore,2026,T20I,47.0,73.0,7.0,7.0,3.0,2.0,6.71,64.38,19.0,9.5,79.16666666666666,4.0,19.0,24.0,4.75,19.0,19.0,1,1,0,0,0,0,0,1,0,0,0.0,0.0,4.0,4.75,3.844615384615385,15.37846153846154,3.241025641025641,79.16666666666666,9.5,8.75,12.0
EFB Estrada,2026,T20I,19.0,26.0,0.0,2.0,2.0,0.0,19.0,73.08,40.0,13.333333333333334,60.60606060606061,3.0,40.0,66.0,13.333333333333334,40.0,40.0,1,1,0,0,0,0,0,1,0,0,0.0,0.0,3.0,13.333333333333334,11.495018042764043,34.48505412829213,10.5758603974794,60.60606060606061,13.333333333333334,3.75,38.0
EJ Carson,2026,ODI,9.0,8.0,2.0,4.0,1.0,0.0,4.5,112.5,3.0,0.75,33.33333333333333,4.0,3.0,9.0,0.75,0.0,1.0,3,1,0,0,0,1,0,0,0,0,1.0,1.0,2.5306122448979593,0.6048387096774194,4.009620281263466,10.146794181156526,6.824239713774597,29.069767441860467,0.6521739130434783,10.5,6.0
EL Bartram,2026,T20I,116.0,105.0,6.0,7.0,17.0,2.0,19.33,110.48,132.0,22.0,112.82051282051282,8.0,440.0,117.0,16.5,147.0,146.66666666666666,3,1,0,0,0,0,0,1,0,0,6.0,8.0,7.387755102040817,19.20994475138121,16.680427850824042,123.23091595914906,10.5758603974794,113.18359375,24.4,4.25,130.0
EL Lamb,2026,ODI,58.0,89.0,7.0,7.0,6.0,0.0,8.29,65.17,164.0,41.0,91.62011173184358,4.0,560.0,179.0,41.0,33.0,104.66666666666667,4,1,0,0,0,1,0,0,0,0,3.0,5.0,3.990825688073394,32.18850574712644,31.549153614934347,125.90717268345357,30.622093023255815,86.91495965238984,32.18850574712644,3.0,166.0
ER Oza,2026,T20I,865.0,611.0,18.0,25.0,118.0,10.0,48.06,141.57,241.0,34.42857142857143,131.69398907103823,7.0,2268.0,183.0,34.42857142857143,806.0,482.3333333333333,6,1,0,0,0,0,0,1,0,0,26.0,21.0,15.651376146788989,29.783704572098475,28.06869994370835,439.3137807703343,18.316040290263185,114.93621064060804,33.080078125,1.1428571428571428,263.0
EU Kejarukua,2026,T20I,35.0,64.0,5.0,10.0,2.0,0.0,7.0,54.69,8.0,4.0,44.44444444444444,4.0,10.0,18.0,2.0,8.0,8.0,2,1,0,0,0,0,0,1,0,0,0.0,0.0,4.0,2.0,2.744615384615385,10.97846153846154,3.241025641025641,44.44444444444444,4.0,10.0,5.0
Ehsan Khan,2026,T20I,29.0,32.0,3.0,7.0,1.0,1.0,9.67,90.62,51.0,51.0,170.0,6.0,347.0,30.0,8.5,101.0,53.0,7,0,0,0,0,0,0,1,0,0,21.0,1.0,9.302752293577981,5.735700197238658,5.660792579827541,52.66095115545988,5.407604832977968,103.08401276143213,11.315175097276263,8.833333333333334,39.0
Eman Asim,2026,T20I,88.0,81.0,2.0,3.0,7.0,2.0,44.0,108.64,166.0,33.2,85.56701030927834,5.0,183.0,194.0,33.2,166.0,91.5,2,1,0,0,0,0,0,1,0,0,0.0,4.0,4.735294117647059,26.726708074534166,22.67011589562533,107.3496664469317,18.316040290263185,83.74854028804982,28.30921052631579,1.8,92.0
Emily Sirs,2026,T20I,82.0,60.0,3.0,4.0,12.0,0.0,27.33,136.67,19.0,4.75,57.57575757575758,5.0,19.0,33.0,3.8,19.0,19.0,1,1,0,0,0,0,0,1,0,0,0.0,0.0,5.0,3.8,7.495923853170581,37.479619265852904,10.5758603974794,57.57575757575758,4.75,5.0,27.0
Eric Phiri,2026,T20I,11.0,16.0,4.0,4.0,2.0,0.0,2.75,68.75,97.0,32.333333333333336,94.1747572815534,4.0,104.0,103.0,24.25,97.0,52.0,2,0,0,0,0,0,0,1,0,0,0.0,2.0,3.4705882352941178,21.084745762711865,17.809989446164725,61.81113984257169,15.233847810480976,92.73201639955275,26.752688172043012,3.75,61.0
Erika Oda,2026,T20I,97.0,133.0,7.0,7.0,6.0,1.0,13.86,72.93,192.0,24.0,95.04950495049505,10.0,546.0,202.0,19.2,49.0,152.33333333333334,5,1,0,0,0,0,0,1,0,0,4.0,10.0,8.16326530612245,18.697499999999998,18.59346553370814,151.7833921119032,18.316040290263185,93.745299573828,21.368571428571425,2.2,130.0
Ethan D'Souza,2026,T20I,7.0,9.0,1.0,1.0,0.0,0.0,7.0,77.78,100.0,20.0,108.69565217391303,6.0,100.0,92.0,16.666666666666668,100.0,100.0,1,0,0,0,0,0,0,1,0,0,0.0,0.0,6.0,16.666666666666668,15.95025723857382,95.70154343144293,15.233847810480976,108.69565217391303,20.0,4.166666666666667,70.0
Ezgi Nur Kilic,2026,T20I,41.0,63.0,4.0,4.0,6.0,0.0,10.25,65.08,42.0,14.0,107.6923076923077,3.0,65.0,39.0,14.0,42.0,32.5,2,1,0,0,0,0,0,1,0,0,0.0,4.0,3.264705882352941,11.324324324324326,10.89417264222954,35.566269508455264,10.5758603974794,88.77118644067797,11.324324324324326,3.6666666666666665,43.0
F Baleri,2026,T20I,38.0,37.0,1.0,2.0,3.0,0.0,38.0,102.7,27.0,13.5,84.375,3.0,69.0,32.0,9.0,27.0,27.0,2,0,0,0,0,0,0,1,0,0,0.0,0.0,3.0,9.0,13.155898540320651,39.467695620961955,15.233847810480976,84.375,13.5,7.0,32.0
F Banunaek,2026,T20I,56.0,51.0,3.0,13.0,5.0,2.0,18.67,109.8,34.0,3.7777777777777777,53.125,13.0,251.0,64.0,2.6153846153846154,213.0,83.66666666666667,3,0,0,0,0,0,0,1,0,0,14.0,2.0,11.285714285714285,7.379746835443039,6.958948399639681,78.53670336736211,5.407604832977968,77.27703086536641,9.647754137115841,7.769230769230769,41.0
F Chipare,2026,T20I,1.0,1.0,1.0,1.0,0.0,0.0,1.0,100.0,15.0,5.0,75.0,3.0,20.0,20.0,5.0,3.0,9.0,3,1,0,0,0,0,0,1,0,0,2.0,0.0,2.4285714285714284,3.900452488687783,3.520744131108815,8.550378604121407,3.241025641025641,74.05498281786943,5.354037267080746,8.0,14.0
F Eseigbe,2026,T20I,34.0,47.0,2.0,3.0,0.0,0.0,17.0,72.34,71.0,17.75,57.25806451612904,5.0,191.0,124.0,14.2,74.0,72.5,5,1,0,0,0,0,0,1,0,0,12.0,0.0,7.065934065934066,9.26438569206843,12.144021301250218,85.80885380993286,18.316040290263185,50.35077339193643,10.791666666666668,2.6,68.0
F Irakoze,2026,T20I,8.0,13.0,1.0,1.0,0.0,0.0,8.0,61.54,39.0,19.5,114.70588235294117,4.0,68.0,34.0,9.75,19.0,29.0,4,1,0,0,0,0,0,1,0,0,5.0,0.0,3.9670329670329667,7.07202216066482,8.662266443636641,34.36349655112997,10.5758603974794,107.76699029126213,14.929824561403505,6.25,41.0
F Kuenburg,2026,T20I,81.0,101.0,3.0,5.0,6.0,0.0,27.0,80.2,187.0,62.333333333333336,117.61006289308176,6.0,187.0,159.0,31.166666666666668,187.0,187.0,1,1,0,0,0,0,0,1,0,0,0.0,0.0,6.0,31.166666666666668,24.741353478464926,148.44812087078955,18.316040290263185,117.61006289308176,62.333333333333336,2.6666666666666665,118.0
F Mutua,2026,T20I,49.0,31.0,5.0,6.0,4.0,3.0,9.8,158.06,19.0,6.333333333333333,95.0,4.0,29.0,20.0,4.75,10.0,14.5,2,0,0,0,0,0,0,1,0,0,3.0,0.0,3.6249999999999996,4.310344827586207,4.868273643887102,17.647491959090743,5.407604832977968,98.4251968503937,5.208333333333334,9.0,15.0
F O'Neill,2025,BBL,6.0,6.0,1.0,1.0,0.0,0.0,6.0,100.0,54.0,10.8,96.42857142857143,7.0,54.0,56.0,7.714285714285714,54.0,54.0,1,0,1,0,0,0,0,0,0,0,0.0,0.0,7.0,7.714285714285714,6.822956353990837,47.76069447793586,5.78307210031348,96.42857142857143,10.8,8.571428571428571,29.0
F Overdijk,2026,T20I,133.0,153.0,17.0,19.0,14.0,0.0,7.82,86.93,119.0,17.0,117.82178217821782,10.0,281.0,101.0,11.9,51.0,86.33333333333333,5,1,0,0,0,0,0,1,0,0,7.0,11.0,8.633027522935778,9.686503719447396,9.901497275780676,85.47989850008821,10.5758603974794,95.89689637033139,13.09626436781609,5.7,74.0
F Suluoto,2026,T20I,69.0,70.0,7.0,9.0,4.0,4.0,9.86,98.57,40.0,10.0,75.47169811320755,5.0,169.0,53.0,8.0,80.0,60.0,3,0,0,0,0,0,0,1,0,0,5.0,0.0,5.0,10.854945054945055,12.594906414760652,62.97453207380326,15.233847810480976,91.4460285132383,14.315942028985507,4.6,70.0
FA Allen,2025,CPL,152.0,95.0,6.0,9.0,9.0,11.0,25.33,160.0,81.0,16.2,120.89552238805969,10.0,818.0,67.0,8.1,152.0,114.66666666666667,6,0,0,1,0,0,0,0,0,0,9.0,10.0,9.825688073394495,11.311858076563958,12.445926734940052,122.28979388184216,16.494551845342706,130.5495689655173,17.331902718168813,7.0,93.0
FDW McCreath,2026,ODI,287.0,401.0,9.0,9.0,27.0,3.0,31.89,71.57,274.0,34.25,72.87234042553192,8.0,274.0,376.0,34.25,274.0,274.0,1,0,0,0,0,1,0,0,0,0,0.0,0.0,8.0,34.25,30.84250193542511,246.74001548340087,26.29917118265859,72.87234042553192,34.25,5.0,181.0
FDW McCreath,2026,T20I,41.0,40.0,3.0,3.0,5.0,0.0,13.67,102.5,53.0,13.25,117.77777777777779,4.0,53.0,45.0,13.25,53.0,53.0,1,0,0,0,0,0,0,1,0,0,0.0,0.0,4.0,13.25,14.440308686288585,57.76123474515434,15.233847810480976,117.77777777777779,13.25,5.0,52.0
FFZ Nhaduate,2026,T20I,269.0,149.0,5.0,6.0,30.0,17.0,53.8,180.54,18.0,6.0,51.42857142857142,4.0,18.0,35.0,4.5,18.0,18.0,1,0,0,0,0,0,0,1,0,0,0.0,0.0,4.0,4.5,10.940308686288585,43.76123474515434,15.233847810480976,51.42857142857142,6.0,5.75,34.0
FG Kemp,2026,T20I,191.0,121.0,4.0,11.0,20.0,5.0,47.75,157.85,21.0,21.0,123.52941176470588,3.0,145.0,17.0,7.0,49.0,31.0,4,1,0,0,0,0,0,1,0,0,7.0,3.0,4.0,8.041284403669724,9.074399618537798,36.297598474151194,10.5758603974794,129.61182994454717,15.651785714285714,7.0,37.0
FH Allen,2025,BBL,466.0,253.0,11.0,11.0,27.0,38.0,42.36,184.19,181.0,18.1,184.6938775510204,10.0,181.0,98.0,18.1,181.0,181.0,1,0,1,0,0,0,0,0,0,0,0.0,0.0,10.0,18.1,21.03103448275862,210.31034482758622,25.91609195402299,184.6938775510204,18.1,1.6,164.0
FH Allen,2026,T20I,377.0,185.0,6.0,8.0,33.0,26.0,62.83,203.78,144.0,36.0,211.76470588235296,5.0,1285.0,68.0,28.8,402.0,317.0,5,0,0,0,0,0,0,1,0,0,14.0,19.0,9.990825688073395,26.178145087235993,25.364647541444306,253.41377222598945,22.411651450220482,166.80124041893393,27.437921077959572,2.0,220.0
FJ Mpegna,2026,T20I,20.0,35.0,3.0,4.0,0.0,0.0,6.67,57.14,5.0,1.6666666666666667,55.55555555555556,3.0,23.0,9.0,1.6666666666666667,5.0,3.5,3,0,0,0,0,0,0,1,0,0,0.0,1.0,2.683544303797469,2.1792452830188678,4.070862206823028,10.92433908666433,5.407604832977968,54.28907168037603,2.431578947368421,8.666666666666666,9.0
FO Kibasu,2026,T20I,106.0,140.0,9.0,9.0,15.0,0.0,11.78,75.71,252.0,21.0,94.02985074626866,13.0,903.0,268.0,19.384615384615383,85.0,156.0,6,1,0,0,0,0,0,1,0,0,8.0,3.0,9.1651376146789,19.07807807807807,18.902087826850615,173.2402361378327,18.316040290263185,94.36082780473313,21.414606741573035,2.230769230769231,143.0
Faheem Ashraf,2026,ODI,88.0,100.0,4.0,4.0,10.0,3.0,22.0,88.0,98.0,32.666666666666664,93.33333333333333,3.0,320.0,105.0,32.666666666666664,98.0,51.0,6,0,0,0,0,1,0,0,0,0,0.0,1.0,2.4705882352941178,29.595238095238095,16.383590296373253,40.477105438098626,8.98506752900894,90.96231247713136,29.595238095238095,7.666666666666667,49.0
Faheem Ashraf,2026,PSL,73.0,61.0,6.0,6.0,5.0,3.0,12.17,119.67,163.0,20.375,155.23809523809524,8.0,966.0,105.0,20.375,100.0,159.33333333333334,8,0,0,0,0,0,1,0,0,0,8.0,10.0,8.330275229357797,18.00770925110132,17.999209008661957,149.93836495289042,17.973481608212147,150.00917431192659,22.337431693989068,7.0,115.0
Faheem Ashraf,2026,T20I,108.0,68.0,7.0,12.0,10.0,5.0,15.43,158.82,132.0,14.666666666666666,141.93548387096774,11.0,441.0,93.0,12.0,132.0,91.0,7,0,0,0,0,0,0,1,0,0,0.0,3.0,8.882352941176471,12.417218543046358,10.091019302979415,89.63199498528775,5.407604832977968,144.00921658986178,15.432098765432098,7.7272727272727275,52.0
Fahima Khatun,2026,ODI,52.0,129.0,4.0,4.0,2.0,0.0,13.0,40.31,122.0,24.4,75.77639751552795,7.0,305.0,161.0,17.428571428571427,107.0,93.66666666666667,6,1,0,0,0,1,0,0,0,0,7.0,4.0,6.3027522935779805,14.930131004366812,16.962044524089364,106.90756502797606,21.615126484254002,71.37787056367432,19.243902439024392,6.714285714285714,94.0
Fahima Khatun,2026,T20I,35.0,38.0,4.0,6.0,4.0,0.0,8.75,92.11,29.0,7.25,96.66666666666667,6.0,353.0,30.0,4.833333333333333,54.0,38.0,9,1,0,0,0,0,0,1,0,0,6.0,8.0,6.36734693877551,5.814102564102564,4.9786879786879785,31.701033660217334,3.241025641025641,88.27250608272506,7.256,7.666666666666667,23.0
Faisal Raza,2026,T20I,147.0,122.0,10.0,10.0,8.0,9.0,14.7,120.49,156.0,17.333333333333332,117.29323308270676,11.0,156.0,133.0,14.181818181818182,156.0,156.0,1,0,0,0,0,0,0,1,0,0,0.0,0.0,11.0,14.181818181818182,14.553122756640345,160.0843503230438,15.233847810480976,117.29323308270676,17.333333333333332,5.363636363636363,92.0
Faisal Safi,2026,T20I,6.0,7.0,1.0,1.0,0.0,0.0,6.0,85.71,50.0,16.666666666666668,111.11111111111111,3.0,50.0,45.0,16.666666666666668,50.0,50.0,1,0,0,0,0,0,0,1,0,0,0.0,0.0,3.0,16.666666666666668,20.496656522369207,61.48996956710762,22.411651450220482,111.11111111111111,16.666666666666668,1.3333333333333333,60.0
Fakhar Zaman,2026,ODI,210.0,255.0,6.0,6.0,22.0,4.0,35.0,82.35,159.0,39.75,103.921568627451,4.0,3593.0,153.0,39.75,220.0,321.3333333333333,9,0,0,0,0,1,0,0,0,0,4.0,12.0,5.825688073394495,44.744881889763775,40.9520072043969,238.57361995222047,32.92375578703704,97.53192365783333,48.40374787052811,1.75,290.0
Fakhar Zaman,2026,PSL,401.0,264.0,7.0,8.0,48.0,12.0,57.29,151.89,439.0,33.76923076923077,152.9616724738676,13.0,2969.0,287.0,33.76923076923077,157.0,341.6666666666667,9,0,0,0,0,0,1,0,0,0,8.0,13.0,11.623853211009173,32.25887924230466,31.28503092153095,363.6526071337588,27.17214484679666,148.60383944153577,32.25887924230466,1.0,322.0
Fakhar Zaman,2026,T20I,300.0,224.0,12.0,13.0,26.0,13.0,25.0,133.93,274.0,34.25,132.3671497584541,10.0,2087.0,207.0,27.4,415.0,257.6666666666667,9,0,0,0,0,0,0,1,0,0,15.0,4.0,10.889908256880734,26.01937657961247,25.29152349365578,275.42237052265517,22.411651450220482,136.02131595173083,29.0,2.6,220.0
Faraaz Mehti Abbas,2026,T20I,353.0,314.0,14.0,15.0,33.0,8.0,25.21,112.42,65.0,10.833333333333334,85.52631578947368,6.0,65.0,76.0,10.833333333333334,65.0,65.0,1,0,0,0,0,0,0,1,0,0,0.0,0.0,6.0,10.833333333333334,13.033590571907155,78.20154343144293,15.233847810480976,85.52631578947368,10.833333333333334,4.166666666666667,53.0
Fargana Hoque,2026,ODI,58.0,178.0,5.0,5.0,6.0,0.0,11.6,32.58,374.0,34.0,55.57206537890045,11.0,1427.0,673.0,34.0,267.0,289.0,9,1,0,0,0,1,0,0,0,0,9.0,6.0,9.422018348623853,32.30379746835444,31.923608068558217,300.78482097623197,30.622093023255815,53.32133271187259,32.65354330708662,1.3636363636363635,220.0
Fatima Sana,2026,ODI,267.0,251.0,13.0,15.0,23.0,10.0,20.54,106.37,106.0,26.5,95.4954954954955,5.0,590.0,111.0,21.2,188.0,133.66666666666666,6,1,0,0,0,1,0,0,0,0,8.0,5.0,6.53211009174312,19.72331460674157,20.28412840442312,132.49815985274554,21.615126484254002,81.71185848946818,23.288557213930353,5.6,137.0
Fatima Sana,2026,T20I,475.0,319.0,11.0,18.0,49.0,20.0,43.18,148.9,165.0,27.5,144.73684210526315,7.0,417.0,114.0,23.571428571428573,127.0,113.33333333333333,5,1,0,0,0,0,0,1,0,0,10.0,6.0,7.357798165137614,16.718204488778056,15.046059999313814,110.70587265550162,10.5758603974794,126.98172175395399,25.49049429657795,5.857142857142857,97.0
Fayaz Khan,2026,T20I,273.0,189.0,9.0,11.0,15.0,20.0,30.33,144.44,37.0,7.4,142.30769230769232,5.0,177.0,26.0,7.4,101.0,52.0,4,0,0,0,0,0,0,1,0,0,3.0,2.0,3.853211009174312,12.94047619047619,13.896047698811516,53.5444039770719,15.233847810480976,174.7588424437299,15.05540166204986,5.8,67.0
Festus Benn,2026,T20I,29.0,45.0,2.0,4.0,2.0,1.0,14.5,64.44,217.0,18.083333333333332,80.97014925373134,16.0,246.0,268.0,13.5625,217.0,123.0,2,0,0,0,0,0,0,1,0,0,0.0,4.0,12.823529411764708,13.041284403669724,13.60252077060093,174.43232517594137,15.233847810480976,79.6247024226299,17.88050314465409,3.875,86.0
Fiaz Ahmed,2026,T20I,549.0,468.0,19.0,21.0,38.0,26.0,28.89,117.31,1060.0,46.08695652173913,130.2211302211302,34.0,1112.0,814.0,31.176470588235293,1060.0,532.0,4,0,0,0,0,0,0,1,0,0,0.0,2.0,22.253164556962027,30.28270762229807,29.135323340654107,648.3531447198725,22.411651450220482,129.60294081846288,44.0703642384106,2.9411764705882355,358.0
Fiza,2026,T20I,388.0,372.0,15.0,20.0,35.0,0.0,25.87,104.3,28.0,9.333333333333334,103.7037037037037,3.0,246.0,27.0,9.333333333333334,28.0,28.0,3,1,0,0,0,0,0,1,0,0,0.0,0.0,3.901639344262295,13.92436974789916,16.373256667433,63.88254240736154,18.316040290263185,83.98378104409528,14.599118942731277,3.0,77.0
G Anujin,2026,T20I,16.0,18.0,3.0,3.0,3.0,0.0,5.33,88.89,14.0,1.75,33.33333333333333,7.0,29.0,42.0,2.0,15.0,14.5,2,1,0,0,0,0,0,1,0,0,6.0,0.0,6.624999999999999,2.169811320754717,8.005797695275849,53.03840973120249,18.316040290263185,34.84848484848485,1.9827586206896552,2.75,36.0
G Ayan,2026,T20I,15.0,23.0,3.0,4.0,1.0,0.0,5.0,65.22,47.0,15.666666666666666,138.23529411764704,4.0,63.0,34.0,11.75,47.0,31.5,2,1,0,0,0,0,0,1,0,0,0.0,4.0,4.0,9.698529411764707,10.15866804063605,40.6346721625442,10.5758603974794,100.76394194041252,11.882882882882884,4.5,44.0
G Chilia,2026,T20I,40.0,64.0,5.0,6.0,3.0,1.0,8.0,62.5,14.0,4.666666666666667,46.666666666666664,3.0,46.0,30.0,4.666666666666667,32.0,23.0,2,1,0,0,0,0,0,1,0,0,3.0,0.0,2.9999999999999996,6.916666666666668,4.8746438746438745,14.623931623931622,3.241025641025641,55.333333333333336,9.222222222222223,7.666666666666667,22.0
G Chohan,2026,T20I,22.0,38.0,3.0,4.0,0.0,0.0,7.33,57.89,82.0,13.666666666666666,109.33333333333333,6.0,139.0,75.0,13.666666666666666,12.0,38.0,4,0,0,0,0,0,0,1,0,0,2.0,3.0,4.100917431192661,11.39821029082774,12.938626965387272,53.06024085805606,15.233847810480976,107.33094586054351,13.131443298969073,4.833333333333333,75.0
G Coetzee,2026,T20I,30.0,16.0,3.0,3.0,4.0,1.0,10.0,187.5,73.0,18.25,152.08333333333331,6.0,98.0,48.0,12.166666666666666,0.0,32.666666666666664,3,0,0,0,0,0,0,1,0,0,2.0,3.0,4.224489795918368,9.903381642512075,8.014399789766651,33.85675013227953,5.407604832977968,137.49161636485582,13.05732484076433,8.666666666666666,32.0
G Dempsey,2026,ODI,5.0,23.0,2.0,4.0,0.0,0.0,2.5,21.74,12.0,12.0,92.3076923076923,3.0,122.0,13.0,4.0,34.0,17.0,4,1,0,0,0,1,0,0,0,0,3.0,2.0,3.0366972477064214,7.525679758308157,7.192190038244658,21.840503694119096,6.824239713774597,63.11122371421332,14.15340909090909,9.0,28.0
G Ford,2026,T20I,6.0,15.0,2.0,2.0,0.0,0.0,3.0,40.0,10.0,5.0,40.0,3.0,10.0,25.0,3.3333333333333335,10.0,10.0,1,1,0,0,0,0,0,1,0,0,0.0,0.0,3.0,3.3333333333333335,3.271794871794872,9.815384615384616,3.241025641025641,40.0,5.0,9.5,7.0
G Gune,2026,T20I,270.0,200.0,9.0,10.0,20.0,16.0,30.0,135.0,126.0,15.75,97.67441860465115,8.0,126.0,129.0,15.75,126.0,126.0,1,0,0,0,0,0,0,1,0,0,0.0,0.0,8.0,15.75,15.52879191877756,124.23033535022049,15.233847810480976,97.67441860465115,15.75,4.25,85.0
G Ilarionova,2026,T20I,83.0,89.0,3.0,3.0,7.0,0.0,27.67,93.26,33.0,4.125,50.0,9.0,33.0,66.0,3.6666666666666665,33.0,33.0,1,1,0,0,0,0,0,1,0,0,0.0,0.0,9.0,3.6666666666666665,6.430344158991759,57.87309743092583,10.5758603974794,50.0,4.125,6.555555555555555,28.0
G Ingabire,2026,T20I,78.0,68.0,4.0,5.0,12.0,0.0,19.5,114.71,42.0,6.0,51.85185185185185,8.0,61.0,81.0,5.25,19.0,30.5,2,1,0,0,0,0,0,1,0,0,4.0,0.0,6.5,5.134615384615384,7.125314779565635,46.31454606717662,10.5758603974794,57.79220779220778,6.0681818181818175,5.625,38.0
G Ishimwe,2026,T20I,348.0,314.0,16.0,16.0,45.0,5.0,21.75,110.83,327.0,25.153846153846153,91.59663865546219,13.0,911.0,357.0,25.153846153846153,246.0,195.66666666666666,6,1,0,0,0,0,0,1,0,0,16.0,1.0,10.93577981651376,21.014261744966444,20.471723918953725,223.87426524213612,18.316040290263185,86.76180250077934,22.345227475468334,3.076923076923077,181.0
G Kamalini,2026,WPL,75.0,77.0,4.0,5.0,10.0,1.0,18.75,97.4,32.0,10.666666666666666,128.0,5.0,32.0,25.0,6.4,32.0,32.0,1,1,0,0,0,0,0,0,0,1,0.0,0.0,5.0,6.4,6.258476658476659,31.292383292383295,6.140540540540541,128.0,10.666666666666666,7.6,22.0
G Kansonkho,2026,T20I,114.0,139.0,6.0,9.0,7.0,0.0,19.0,82.01,119.0,9.916666666666666,92.96875,12.0,246.0,128.0,9.916666666666666,53.0,59.666666666666664,4,0,0,0,0,0,0,1,0,0,2.0,2.0,6.7889908256880735,11.355405405405406,14.544707149102063,98.74388339757364,22.411651450220482,94.34152913438871,11.936079545454547,2.3333333333333335,77.0
G Keles,2026,T20I,40.0,43.0,3.0,5.0,2.0,0.0,13.33,93.02,75.0,37.5,102.73972602739727,4.0,84.0,73.0,18.75,75.0,42.0,2,1,0,0,0,0,0,1,0,0,0.0,3.0,3.7352941176470593,15.401574803149606,12.788372056396787,47.76833091654095,10.5758603974794,93.36515513126491,22.744186046511626,5.75,43.0
G Kodali,2026,T20I,5.0,7.0,2.0,3.0,0.0,0.0,2.5,71.43,38.0,7.6,102.7027027027027,7.0,102.0,37.0,5.428571428571429,6.0,26.333333333333332,5,1,0,0,0,0,0,1,0,0,3.0,5.0,5.165137614678899,5.145648312611012,7.0333234290194895,36.328083399430945,10.5758603974794,89.00153609831031,6.675115207373272,7.0,28.0
G Madanayake,2026,T20I,7.0,35.0,2.0,2.0,0.0,0.0,3.5,20.0,83.0,10.375,61.940298507462686,8.0,83.0,134.0,10.375,83.0,83.0,1,1,0,0,0,0,0,1,0,0,0.0,0.0,8.0,10.375,13.778302981541364,110.22642385233091,18.316040290263185,61.940298507462686,10.375,1.0,50.0
G Matome,2026,T20I,90.0,125.0,5.0,8.0,4.0,0.0,18.0,72.0,173.0,24.714285714285715,81.2206572769953,10.0,489.0,213.0,17.3,92.0,113.0,6,1,0,0,0,0,0,1,0,0,15.0,5.0,9.844036697247706,12.233923578751163,11.871637377453618,116.86483400007093,10.5758603974794,72.3729187341493,19.163503649635036,3.8,104.0
G Mckeon,2026,T20I,172.0,116.0,7.0,10.0,9.0,13.0,24.57,148.28,45.0,15.0,107.14285714285714,3.0,750.0,42.0,15.0,163.0,153.33333333333334,4,0,0,0,0,0,0,1,0,0,9.0,6.0,5.247706422018348,25.98951048951049,24.758595682415304,129.92584156276655,22.411651450220482,130.44928044928042,26.83393501805054,2.3333333333333335,160.0
G Motie,2025,CPL,17.0,22.0,3.0,6.0,2.0,0.0,5.67,77.27,46.0,11.5,90.19607843137256,7.0,113.0,51.0,6.571428571428571,27.0,32.666666666666664,4,0,0,1,0,0,0,0,0,0,4.0,3.0,5.110091743119266,6.687612208258527,10.12061324807796,51.71726219430664,16.494551845342706,99.306851506265,12.934027777777779,7.125,43.0
G Motie,2026,ODI,93.0,156.0,8.0,8.0,9.0,1.0,11.62,59.62,262.0,37.42857142857143,127.18446601941748,10.0,332.0,206.0,26.2,16.0,105.66666666666667,4,0,0,0,0,1,0,0,0,0,4.0,2.0,6.321100917431193,20.968069666182878,17.333185296969347,109.5648134826778,8.98506752900894,117.04609900348379,28.721669980119287,8.7,105.0
G Motie,2026,T20I,3.0,4.0,0.0,1.0,0.0,0.0,3.0,75.0,156.0,13.0,136.8421052631579,14.0,163.0,114.0,11.142857142857142,7.0,81.5,2,0,0,0,0,0,0,1,0,0,5.0,0.0,10.625,9.423529411764704,8.375896912950774,88.99390470010196,5.407604832977968,132.17821782178217,12.714285714285714,7.733333333333333,53.0
G Oliveira,2026,T20I,61.0,58.0,2.0,8.0,4.0,3.0,30.5,105.17,14.0,4.666666666666667,77.77777777777779,4.0,14.0,18.0,3.5,14.0,14.0,1,0,0,0,0,0,0,1,0,0,0.0,0.0,4.0,3.5,4.644562899786781,18.578251599147123,5.407604832977968,77.77777777777779,4.666666666666667,10.2,9.0
G Singh,2026,T20I,101.0,113.0,5.0,6.0,7.0,2.0,20.2,89.38,118.0,29.5,103.50877192982458,7.0,282.0,114.0,16.857142857142858,1.0,59.5,3,0,0,0,0,0,0,1,0,0,2.0,0.0,5.35164835164835,15.858316221765914,15.620272354694146,83.59420479929722,15.233847810480976,107.57765705530016,26.091216216216214,3.5714285714285716,98.0
G Urjindulam,2026,T20I,1.0,11.0,3.0,3.0,0.0,0.0,0.33,9.09,7.0,1.75,31.818181818181817,4.0,12.0,22.0,1.75,5.0,6.0,2,1,0,0,0,0,0,1,0,0,6.0,0.0,4.749999999999999,1.3157894736842106,5.401114881240911,25.655295685894323,10.5758603974794,20.408163265306122,1.4285714285714286,7.0,13.0
G Venkateswaran,2026,T20I,131.0,108.0,7.0,7.0,15.0,3.0,18.71,121.3,94.0,47.0,142.42424242424244,4.0,196.0,66.0,23.5,94.0,56.5,4,0,0,0,0,0,0,1,0,0,0.0,3.0,4.050632911392405,18.23125,16.780894101845632,67.97324193152662,15.233847810480976,128.27616534740545,26.518181818181816,7.5,52.0
G Voll,2026,ODI,376.0,326.0,8.0,9.0,54.0,4.0,47.0,115.34,173.0,57.666666666666664,105.48780487804879,4.0,173.0,164.0,43.25,173.0,173.0,1,1,0,0,0,1,0,0,0,0,0.0,0.0,4.0,43.25,35.67325581395349,142.69302325581396,30.622093023255815,105.48780487804879,57.666666666666664,2.0,158.0
G Voll,2026,T20I,394.0,250.0,12.0,13.0,53.0,11.0,32.83,157.6,210.0,35.0,144.82758620689654,6.0,210.0,145.0,35.0,210.0,210.0,1,1,0,0,0,0,0,1,0,0,0.0,0.0,6.0,35.0,26.65802014513159,159.94812087078955,18.316040290263185,144.82758620689654,35.0,2.0,125.0
G Voll,2026,WPL,170.0,134.0,5.0,6.0,23.0,2.0,34.0,126.87,154.0,77.0,167.3913043478261,3.0,154.0,92.0,51.333333333333336,154.0,154.0,1,1,0,0,0,0,0,0,0,1,0.0,0.0,3.0,51.333333333333336,34.2033096926714,102.60992907801419,25.638297872340427,167.3913043478261,77.0,2.3333333333333335,160.0
G Wareham,2026,T20I,145.0,94.0,9.0,9.0,23.0,0.0,16.11,154.26,84.0,12.0,113.51351351351352,8.0,261.0,74.0,10.5,107.0,70.66666666666667,7,1,0,0,0,0,0,1,0,0,6.0,4.0,6.183486238532109,11.93026706231454,11.513098685055258,71.1910872819013,10.5758603974794,134.53237410071944,15.891304347826084,5.0,76.0
G Wareham,2026,WPL,178.0,123.0,5.0,8.0,13.0,8.0,35.6,144.72,93.0,31.0,136.76470588235296,6.0,234.0,68.0,15.5,111.0,78.0,3,1,0,0,0,0,0,0,0,1,6.0,2.0,5.26530612244898,16.511627906976745,17.131562302340292,90.20291987762847,18.197849462365593,139.9474375821288,25.357142857142858,6.5,79.0
G Wetherall,2026,T20I,19.0,8.0,2.0,2.0,3.0,1.0,9.5,237.5,76.0,12.666666666666666,128.81355932203388,6.0,238.0,59.0,12.666666666666666,46.0,72.33333333333333,4,1,0,0,0,0,0,1,0,0,4.0,6.0,4.944954128440367,13.211502782931351,15.036724776017824,74.35591425939089,18.316040290263185,110.35177436851076,15.413419913419911,3.1666666666666665,83.0
GA Priandana,2026,T20I,789.0,778.0,34.0,40.0,78.0,23.0,23.21,101.41,396.0,18.857142857142858,114.78260869565217,23.0,788.0,345.0,17.217391304347824,246.0,262.6666666666667,3,0,0,0,0,0,0,1,0,0,15.0,6.0,17.428571428571427,17.451990632318502,18.192975814275968,317.0775784773811,22.411651450220482,112.09386281588448,19.107692307692307,2.0434782608695654,195.0
GC Bhogle,2026,T20I,199.0,181.0,5.0,9.0,21.0,4.0,39.8,109.94,105.0,17.5,82.03125,9.0,250.0,128.0,11.666666666666666,19.0,69.33333333333333,4,1,0,0,0,0,0,1,0,0,2.0,4.0,5.5412844036697235,12.90397350993378,12.13136960093343,67.22336916480542,10.5758603974794,84.0142287377385,19.73164556962026,4.222222222222222,79.0
GC Murtaza,2026,T20I,92.0,94.0,7.0,8.0,9.0,3.0,13.14,97.87,28.0,9.333333333333334,82.35294117647058,5.0,28.0,34.0,5.6,0.0,14.0,2,0,0,0,0,0,0,1,0,0,3.0,0.0,4.25,4.11764705882353,4.722314765458422,20.069837753198293,5.407604832977968,76.92307692307693,5.833333333333334,8.8,18.0
GD Arta,2026,T20I,327.0,327.0,27.0,32.0,18.0,22.0,12.11,100.0,67.0,6.7,60.909090909090914,13.0,245.0,110.0,5.153846153846154,178.0,122.5,2,0,0,0,0,0,0,1,0,0,12.0,0.0,12.624999999999998,8.603960396039605,7.871970572437703,99.38362847702598,5.407604832977968,72.90268456375838,11.743243243243244,7.615384615384615,50.0
GD Phillips,2026,ODI,150.0,132.0,2.0,3.0,12.0,4.0,75.0,113.64,377.0,53.857142857142854,111.86943620178043,12.0,1041.0,337.0,31.416666666666668,214.0,294.6666666666667,4,0,0,0,0,1,0,0,0,0,8.0,10.0,9.862385321100916,30.01953488372093,29.207819167125507,288.05876701522857,26.29917118265859,107.78197121004641,43.200803212851405,5.833333333333333,256.0
GD Phillips,2026,T20I,315.0,205.0,9.0,10.0,26.0,16.0,35.0,153.66,54.0,10.8,101.88679245283019,5.0,1911.0,53.0,10.8,298.0,315.6666666666667,8,0,0,0,0,0,0,1,0,0,12.0,18.0,10.18348623853211,24.673873873873873,22.66535769017326,230.8123581292873,15.233847810480976,134.58476658476658,29.167199148029816,4.0,212.0
GD Phillips,2026,Test,228.0,312.0,5.0,4.0,35.0,2.0,45.6,73.08,362.0,32.90909090909091,72.2554890219561,8.0,728.0,501.0,45.25,314.0,338.0,3,0,0,0,0,0,0,0,1,0,6.0,0.0,7.249999999999999,47.44827586206897,51.376194338140245,372.47740895151674,58.970170058544745,75.19125683060109,33.5609756097561,7.2,253.0
GE Plimmer,2026,ODI,187.0,282.0,10.0,9.0,27.0,1.0,18.7,66.31,245.0,49.0,77.53164556962025,5.0,396.0,316.0,49.0,101.0,132.0,3,1,0,0,0,1,0,0,0,0,11.0,3.0,6.469387755102041,25.5205047318612,27.15913052138838,175.7029464342881,30.622093023255815,71.86639424358178,27.056856187290975,2.0,175.0
GE Plimmer,2026,T20I,186.0,156.0,11.0,11.0,26.0,3.0,16.91,119.23,320.0,22.857142857142858,110.34482758620689,15.0,493.0,290.0,21.333333333333332,96.0,157.33333333333334,4,1,0,0,0,0,0,1,0,0,9.0,10.0,11.211009174311926,16.463993453355158,16.829048677450036,188.67061911783432,18.316040290263185,104.33001451980918,18.49172794117647,2.0,129.0
GF Linde,2026,T20I,178.0,113.0,7.0,9.0,15.0,9.0,25.43,157.52,114.0,28.5,152.0,6.0,225.0,75.0,19.0,114.0,114.0,2,0,0,0,0,0,0,1,0,0,0.0,0.0,6.0,19.0,17.116923905240487,102.70154343144293,15.233847810480976,152.0,28.5,6.666666666666667,78.0
GH Dockrell,2026,T20I,226.0,155.0,10.0,13.0,17.0,12.0,22.6,145.81,71.0,23.666666666666668,165.11627906976744,5.0,935.0,43.0,14.2,221.0,165.66666666666666,13,0,0,0,0,0,0,1,0,0,12.0,16.0,9.651376146788989,15.36977186311787,15.339611200550513,148.04835764201042,15.233847810480976,141.48582429121456,22.271349862258955,5.4,120.0
GH Lewis,2026,ODI,340.0,441.0,9.0,9.0,48.0,4.0,37.78,77.1,480.0,36.92307692307692,71.74887892376681,13.0,1664.0,669.0,36.92307692307692,249.0,349.0,7,1,0,0,0,1,0,0,0,0,10.0,8.0,11.045871559633026,35.03986710963456,34.15866217219198,377.31219500292787,30.622093023255815,73.23669820328097,36.84541484716157,2.0,283.0
GH Lewis,2026,T20I,462.0,416.0,14.0,14.0,60.0,5.0,33.0,111.06,500.0,50.0,125.31328320802004,12.0,2647.0,399.0,41.666666666666664,570.0,518.6666666666666,9,1,0,0,0,0,0,1,0,0,17.0,17.0,13.899082568807339,34.84818481848185,32.11559894604902,446.3773614978373,18.316040290263185,123.0107877629954,41.149649259547935,2.0,352.0
GJ Maxwell,2025,BBL,76.0,63.0,5.0,8.0,5.0,4.0,15.2,120.63,325.0,54.166666666666664,186.7816091954023,9.0,3120.0,174.0,36.111111111111114,243.0,284.0,13,0,1,0,0,0,0,0,0,0,9.0,0.0,9.483516483516482,33.24217844727694,29.18860065857324,276.81057547635936,17.527808553068912,177.93214662283694,45.46434231378764,5.111111111111111,229.0
GJ Maxwell,2026,T20I,64.0,60.0,4.0,4.0,3.0,2.0,16.0,106.67,233.0,25.88888888888889,171.3235294117647,10.0,2721.0,136.0,23.3,382.0,234.33333333333334,13,0,0,0,0,0,0,1,0,0,13.0,10.0,11.027522935779816,22.722129783693845,21.226467605289145,234.0753583629133,15.233847810480976,163.34928229665073,26.26153846153846,3.7,230.0
GK Diviya,2026,T20I,64.0,107.0,3.0,5.0,2.0,0.0,21.33,59.81,207.0,14.785714285714286,67.64705882352942,16.0,484.0,306.0,12.9375,66.0,105.0,5,1,0,0,0,0,0,1,0,0,7.0,4.0,10.633027522935778,11.841242450388265,13.172592246113059,140.06453590133057,18.316040290263185,61.92861332972337,13.890688259109309,2.125,95.0
GK Ghalley,2026,T20I,150.0,134.0,10.0,11.0,8.0,10.0,15.0,111.94,94.0,11.75,90.38461538461539,10.0,188.0,104.0,9.4,94.0,67.0,3,0,0,0,0,0,0,1,0,0,0.0,4.0,7.936708860759494,9.591706539074961,11.417642225614124,90.61850222101337,15.233847810480976,87.94969289265867,12.076305220883533,6.8,50.0
GM Harris,2026,T20I,1.0,2.0,1.0,1.0,0.0,0.0,1.0,50.0,103.0,20.6,125.60975609756098,6.0,565.0,82.0,17.166666666666668,106.0,136.66666666666666,6,1,0,0,0,0,0,1,0,0,5.0,10.0,6.082568807339449,18.800904977375566,16.23858579360729,98.7723154235012,10.5758603974794,145.77242427786223,25.543032786885245,4.333333333333333,115.0
GM Harris,2026,WPL,237.0,133.0,9.0,9.0,38.0,8.0,26.33,178.2,164.0,20.5,118.84057971014492,8.0,582.0,138.0,20.5,188.0,194.0,3,1,0,0,0,0,0,0,0,1,8.0,5.0,7.448979591836736,24.63013698630137,24.923776079322455,185.65669936638156,25.638297872340427,132.77211637867373,27.576687116564422,3.4444444444444446,178.0
GR Adair,2026,T20I,189.0,134.0,11.0,11.0,25.0,7.0,17.18,141.04,192.0,48.0,148.8372093023256,4.0,342.0,129.0,48.0,7.0,114.0,3,0,0,0,0,0,0,1,0,0,1.0,7.0,3.6326530612244894,34.78651685393258,29.127279626625217,105.8093015008018,22.411651450220482,144.6391030133146,34.78651685393258,2.0,124.0
GT Taylor,2026,T20I,52.0,58.0,3.0,4.0,6.0,1.0,17.33,89.66,112.0,16.0,96.55172413793103,9.0,180.0,116.0,12.444444444444445,112.0,66.5,3,0,0,0,0,0,0,1,0,0,0.0,4.0,7.164556962025317,11.475265017667844,15.263851541646815,109.35873383002657,22.411651450220482,89.16803953871499,13.937768240343347,2.888888888888889,68.0
GWHM Perera,2026,ODI,496.0,728.0,12.0,13.0,67.0,1.0,41.33,68.13,124.0,24.8,78.98089171974523,5.0,792.0,157.0,24.8,119.0,105.33333333333333,8,1,0,0,0,1,0,0,0,0,5.0,3.0,4.770642201834862,23.36730769230769,26.021497447532617,124.13925387813725,30.622093023255815,71.45125249911796,24.20517928286852,1.0,149.0
Gaurav Tiwari,2026,T20I,154.0,158.0,7.0,8.0,13.0,6.0,22.0,97.47,245.0,24.5,95.3307392996109,14.0,279.0,257.0,17.5,34.0,139.5,2,0,0,0,0,0,0,1,0,0,3.0,0.0,9.875,16.79746835443038,18.342656362446004,181.1337315791543,22.411651450220482,94.65049928673324,22.49152542372881,3.5,120.0
Geovanis Uwase,2026,T20I,32.0,25.0,2.0,3.0,2.0,1.0,16.0,128.0,38.0,5.428571428571429,79.16666666666666,8.0,50.0,48.0,4.75,12.0,25.0,2,1,0,0,0,0,0,1,0,0,5.0,0.0,6.875,4.109090909090909,3.802714932126697,26.143665158371043,3.241025641025641,78.47222222222221,4.5200000000000005,8.11111111111111,18.0
Gong Yuting,2026,T20I,45.0,80.0,8.0,10.0,1.0,0.0,5.62,56.25,60.0,10.0,92.3076923076923,8.0,60.0,65.0,7.5,60.0,60.0,1,1,0,0,0,0,0,1,0,0,0.0,0.0,8.0,7.5,8.818225884634028,70.54580707707223,10.5758603974794,92.3076923076923,10.0,6.75,36.0
Guido Angeletti,2026,T20I,0.0,1.0,1.0,1.0,0.0,0.0,0.0,0.0,71.0,8.875,83.52941176470588,8.0,94.0,85.0,8.875,23.0,47.0,2,0,0,0,0,0,0,1,0,0,2.0,0.0,5.749999999999999,9.217391304347826,14.425651888244929,82.94749835740832,22.411651450220482,83.79446640316205,9.86046511627907,2.625,61.0
Gull Feroza,2026,ODI,414.0,402.0,6.0,7.0,55.0,0.0,69.0,102.99,8.0,2.6666666666666665,32.0,3.0,8.0,25.0,2.6666666666666665,8.0,8.0,1,1,0,0,0,1,0,0,0,0,0.0,0.0,3.0,2.6666666666666665,21.303617571059434,63.9108527131783,30.622093023255815,32.0,2.6666666666666665,2.0,47.0
Gull Feroza,2026,T20I,249.0,217.0,17.0,18.0,37.0,0.0,14.65,114.75,35.0,7.0,76.08695652173914,5.0,289.0,46.0,7.0,251.0,143.0,3,1,0,0,0,0,0,1,0,0,12.0,0.0,6.945054945054944,14.735759493670887,15.88821039386154,110.34449416396146,18.316040290263185,94.97246583724251,16.28146853146853,1.8,105.0
Gulsan Jha,2026,ODI,297.0,328.0,11.0,14.0,18.0,15.0,27.0,90.55,188.0,37.6,102.17391304347827,7.0,689.0,184.0,26.857142857142858,41.0,229.66666666666666,3,0,0,0,0,1,0,0,0,0,3.0,19.0,7.979591836734694,24.18158567774936,24.768716594082786,197.64424874053816,26.29917118265859,85.19553072625699,31.94256756756757,7.0,169.0
Gulsan Jha,2026,T20I,174.0,127.0,11.0,13.0,4.0,17.0,15.82,137.01,113.0,28.25,171.21212121212122,7.0,461.0,66.0,16.142857142857142,348.0,230.5,2,0,0,0,0,0,0,1,0,0,23.0,0.0,12.999999999999998,15.471153846153847,15.418025629212158,200.43433317975803,15.233847810480976,143.0222222222222,22.661971830985912,6.0,124.0
H Carlyon,2026,T20I,156.0,98.0,4.0,5.0,13.0,8.0,39.0,159.18,94.0,15.666666666666666,127.02702702702702,6.0,671.0,74.0,15.666666666666666,256.0,135.0,5,0,0,0,0,0,0,1,0,0,9.0,5.0,7.1651376146788985,20.062740076824586,20.714611873326685,148.42304470704715,22.411651450220482,134.3133893365335,20.062740076824586,1.0,146.0
H Deol,2026,ODI,194.0,265.0,7.0,7.0,21.0,2.0,27.71,73.21,663.0,36.833333333333336,79.87951807228916,19.0,870.0,830.0,34.89473684210526,1.0,275.6666666666667,5,1,0,0,0,1,0,0,0,0,1.0,4.0,9.954128440366974,33.70046082949308,33.033666358827965,328.8213577920032,30.622093023255815,78.98943639152318,35.70800781249999,3.1052631578947367,306.0
H Deol,2026,WPL,167.0,144.0,7.0,8.0,25.0,1.0,23.86,115.97,232.0,38.666666666666664,120.83333333333333,9.0,482.0,192.0,25.77777777777778,48.0,160.66666666666666,3,1,0,0,0,0,0,0,0,1,3.0,8.0,6.979591836734694,24.380116959064328,22.495279307631787,157.0078678206137,18.197849462365593,115.6609793313913,32.31782945736434,3.7777777777777777,170.0
H Deshan,2026,T20I,185.0,148.0,8.0,9.0,23.0,3.0,23.12,125.0,222.0,20.181818181818183,133.73493975903614,11.0,222.0,166.0,20.181818181818183,222.0,222.0,1,0,0,0,0,0,0,1,0,0,0.0,0.0,11.0,20.181818181818183,20.968818158901346,230.6569997479148,22.411651450220482,133.73493975903614,20.181818181818183,3.3636363636363638,137.0
H Doriga,2026,T20I,245.0,244.0,14.0,15.0,32.0,8.0,17.5,100.41,72.0,12.0,102.85714285714285,7.0,94.0,70.0,10.285714285714286,72.0,42.5,3,1,0,0,0,0,0,1,0,0,0.0,1.0,4.79746835443038,10.377308707124012,10.465034048959971,50.2056696779219,10.5758603974794,107.25388601036269,11.954407294832828,6.0,47.0
H Fennell,2026,T20I,1.0,4.0,2.0,3.0,0.0,0.0,0.5,25.0,42.0,8.4,127.27272727272727,5.0,57.0,33.0,8.4,0.0,19.0,4,0,0,0,0,0,0,1,0,0,1.0,4.0,3.3302752293577975,6.528925619834712,6.021540648406321,20.053387663958663,5.407604832977968,115.55338859093125,6.869565217391305,8.6,23.0
H Goto,2026,T20I,67.0,76.0,4.0,4.0,1.0,0.0,16.75,88.16,91.0,8.272727272727273,59.86842105263158,11.0,199.0,152.0,8.272727272727273,85.0,66.33333333333333,3,1,0,0,0,0,0,1,0,0,8.0,5.0,8.979591836734695,8.538636363636362,9.05657467732527,81.32434404128816,10.5758603974794,56.16684108237404,8.716937354988398,4.818181818181818,64.0
H Hotchandani,2026,T20I,165.0,200.0,9.0,13.0,12.0,0.0,18.33,82.5,74.0,14.8,71.15384615384616,5.0,221.0,104.0,14.8,131.0,102.5,3,1,0,0,0,0,0,1,0,0,15.0,0.0,8.75,10.9,10.80275811924382,94.52413354338341,10.5758603974794,74.73065621939276,11.921874999999998,4.2,75.0
H Ishimwe,2026,T20I,134.0,116.0,12.0,14.0,14.0,4.0,11.17,115.52,325.0,20.3125,100.0,21.0,776.0,325.0,15.476190476190476,208.0,188.33333333333334,6,1,0,0,0,0,0,1,0,0,19.0,1.0,15.431192660550458,14.086206896551724,13.554872915864692,209.16785545398542,10.5758603974794,99.89459482249768,18.969575660528427,5.2272727272727275,149.0
H Iwasaki,2026,T20I,86.0,69.0,7.0,7.0,12.0,2.0,12.29,124.64,177.0,14.75,109.93788819875776,12.0,222.0,161.0,14.75,11.0,74.0,3,1,0,0,0,0,0,1,0,0,4.0,8.0,8.816326530612246,11.333333333333332,11.138108349865824,98.19720014575584,10.5758603974794,100.94845360824742,11.333333333333332,3.5833333333333335,84.0
H Jangariya,2026,T20I,51.0,56.0,4.0,4.0,5.0,2.0,12.75,91.07,129.0,43.0,150.0,4.0,129.0,86.0,32.25,129.0,129.0,1,0,0,0,0,0,0,1,0,0,0.0,0.0,4.0,32.25,22.040308686288586,88.16123474515435,15.233847810480976,150.0,43.0,5.5,98.0
H Kaur,2026,ODI,444.0,514.0,12.0,12.0,45.0,3.0,37.0,86.38,532.0,35.46666666666667,96.028880866426,17.0,2884.0,554.0,31.294117647058822,172.0,307.3333333333333,15,1,0,0,0,1,0,0,0,0,6.0,5.0,11.688073394495413,33.25039246467818,31.032743294330494,362.7129812566702,21.615126484254002,93.40492150291058,38.37047101449275,4.0,304.0
H Kaur,2026,T20I,633.0,504.0,15.0,24.0,60.0,15.0,42.2,125.6,228.0,45.6,123.24324324324326,9.0,2778.0,185.0,25.333333333333332,274.0,351.0,16,1,0,0,0,0,0,1,0,0,14.0,20.0,12.697247706422017,24.108381502890172,21.697599833280176,275.49979971797944,10.5758603974794,118.88405900377681,33.73710819009099,3.888888888888889,249.0
H Kaur,2026,WPL,342.0,227.0,5.0,8.0,36.0,13.0,68.4,150.66,302.0,33.55555555555556,154.8717948717949,10.0,851.0,195.0,30.2,268.0,283.6666666666667,3,1,0,0,0,0,0,0,0,1,7.0,9.0,8.897959183673468,32.33715596330275,28.71787955521303,255.5305201239363,18.197849462365593,146.9104928623528,38.840220385674925,4.0,239.0
H Kaushik,2026,T20I,132.0,104.0,6.0,9.0,3.0,10.0,22.0,126.92,24.0,8.0,150.0,4.0,24.0,16.0,6.0,24.0,24.0,1,0,0,0,0,0,0,1,0,0,0.0,0.0,4.0,6.0,11.540308686288586,46.161234745154346,15.233847810480976,150.0,8.0,6.0,35.0
H Kerge,2026,T20I,0.0,2.0,1.0,1.0,0.0,0.0,0.0,0.0,16.0,8.0,27.586206896551722,4.0,59.0,58.0,4.0,43.0,29.5,2,1,0,0,0,0,0,1,0,0,8.0,0.0,5.5,4.749999999999999,4.138253638253638,22.76039501039501,3.241025641025641,31.428571428571427,6.147058823529411,7.6,21.0
H Kerr,2025,BBL,28.0,27.0,1.0,2.0,1.0,1.0,28.0,103.7,55.0,18.333333333333332,134.14634146341464,5.0,385.0,41.0,11.0,20.0,69.33333333333333,5,0,1,0,0,0,0,0,0,0,4.0,8.0,5.522935779816514,12.31893687707641,14.05137756753955,77.60485592347531,17.527808553068912,127.53224419604472,18.08780487804878,7.4,59.0
H Khogiyani,2026,T20I,33.0,14.0,2.0,2.0,2.0,3.0,16.5,235.71,88.0,17.6,137.5,8.0,88.0,64.0,11.0,88.0,88.0,1,0,0,0,0,0,0,1,0,0,0.0,0.0,8.0,11.0,12.814506204491847,102.51604963593478,15.233847810480976,137.5,17.6,5.5,58.0
H Klaasen,2026,IPL,624.0,390.0,13.0,15.0,48.0,31.0,48.0,160.0,487.0,44.27272727272727,172.69503546099293,13.0,1480.0,282.0,37.46153846153846,479.0,471.3333333333333,5,0,0,0,1,0,0,0,0,0,15.0,11.0,13.244897959183675,36.04314329738058,32.74899326375498,433.7570740444283,18.496304118268217,172.92821763879647,43.64179104477612,4.538461538461538,397.0
H Lakov,2026,T20I,299.0,291.0,9.0,14.0,24.0,0.0,33.22,102.75,267.0,53.4,167.9245283018868,5.0,731.0,159.0,53.4,267.0,267.0,3,0,0,0,0,0,0,1,0,0,0.0,0.0,7.163934426229509,40.03890160183066,32.86363016969626,235.43289154356174,22.411651450220482,145.16717829585994,43.30940594059406,1.0,231.0
H Lin Aung,2026,T20I,63.0,87.0,11.0,11.0,4.0,5.0,5.73,72.41,60.0,12.0,67.41573033707866,6.0,124.0,89.0,10.0,48.0,41.333333333333336,3,0,0,0,0,0,0,1,0,0,7.0,4.0,5.938775510204081,8.123711340206187,10.542125105605773,62.60731440267918,15.233847810480976,60.584315735520256,8.887218045112784,4.833333333333333,63.0
H Lin Oo,2026,T20I,129.0,132.0,7.0,10.0,14.0,1.0,18.43,97.73,25.0,6.25,83.33333333333334,4.0,55.0,30.0,6.25,17.0,18.333333333333332,3,0,0,0,0,0,0,1,0,0,5.0,4.0,4.3061224489795915,4.725118483412323,12.074093400368621,51.99252464240365,22.411651450220482,67.13804713804716,5.899408284023669,3.5,54.0
H Madavi,2026,ODI,545.0,786.0,11.0,14.0,59.0,0.0,49.55,69.34,336.0,48.0,76.5375854214123,8.0,1065.0,439.0,42.0,217.0,218.66666666666666,7,1,0,0,0,1,0,0,0,0,6.0,8.0,7.146788990825687,34.64698331193838,33.527922063926546,239.61698429173188,30.622093023255815,75.75715047576276,42.638230647709314,3.375,241.0
H Madavi,2026,T20I,408.0,340.0,18.0,20.0,39.0,8.0,22.67,120.0,64.0,10.666666666666666,62.13592233009708,6.0,1527.0,103.0,10.666666666666666,571.0,407.0,8,1,0,0,0,0,0,1,0,0,18.0,20.0,12.119266055045868,24.93186979560939,23.707471984626128,287.3171604742303,18.316040290263185,98.74673942374,30.43900184842883,3.0,194.0
H Nguyen,2026,T20I,11.0,7.0,0.0,1.0,2.0,0.0,11.0,157.14,38.0,9.5,80.85106382978722,7.0,38.0,47.0,5.428571428571429,38.0,38.0,1,1,0,0,0,0,0,1,0,0,0.0,0.0,7.0,5.428571428571429,7.804243260375107,54.629702822625745,10.5758603974794,80.85106382978722,9.5,6.142857142857143,35.0
H Singh,2026,T20I,409.0,294.0,9.0,12.0,45.0,12.0,45.44,139.12,92.0,18.4,129.5774647887324,6.0,581.0,71.0,15.333333333333334,154.0,99.33333333333333,7,0,0,0,0,0,0,1,0,0,4.0,4.0,5.1192660550458715,19.166666666666664,17.79155517848985,91.07970449171869,15.233847810480976,133.90509578064353,22.901498929336185,4.0,109.0
H Thaker,2026,ODI,143.0,221.0,5.0,5.0,6.0,4.0,28.6,64.71,264.0,29.333333333333332,66.49874055415617,9.0,760.0,397.0,29.333333333333332,437.0,253.33333333333334,3,0,0,0,0,1,0,0,0,0,12.0,4.0,9.0,31.03401360544218,29.83227694991335,268.49049254922016,26.29917118265859,67.11455472734407,34.56060606060607,4.111111111111111,209.0
H Thaker,2026,T20I,86.0,73.0,2.0,3.0,4.0,5.0,43.0,117.81,267.0,24.272727272727273,122.4770642201835,14.0,646.0,218.0,19.071428571428573,250.0,209.0,5,0,0,0,0,0,0,1,0,0,13.0,6.0,11.192660550458715,18.785245901639342,18.084312067858086,202.41156626409966,15.233847810480976,121.42630073116459,23.243407707910748,4.785714285714286,156.0
H Venkataram,2026,T20I,22.0,10.0,0.0,1.0,2.0,2.0,22.0,220.0,126.0,42.0,105.88235294117648,12.0,126.0,119.0,10.5,126.0,126.0,1,0,0,0,0,0,0,1,0,0,0.0,0.0,12.0,10.5,8.80253494432599,105.63041933191187,5.407604832977968,105.88235294117648,42.0,8.666666666666666,49.0
HAM Shah,2026,T20I,531.0,326.0,8.0,9.0,41.0,32.0,66.38,162.88,91.0,30.333333333333332,135.82089552238804,3.0,982.0,67.0,30.333333333333332,281.0,165.0,6,0,0,0,0,0,0,1,0,0,6.0,6.0,4.724770642201835,35.526213592233006,30.698767404989134,145.04463498687528,22.411651450220482,133.86011120866257,36.301587301587304,2.3333333333333335,181.0
HB Dickson,2026,T20I,168.0,114.0,6.0,6.0,21.0,7.0,28.0,147.37,19.0,3.8,79.16666666666666,5.0,278.0,24.0,3.8,208.0,113.5,3,0,0,0,0,0,0,1,0,0,6.0,0.0,4.967032967032966,17.148230088495577,19.24799924875817,95.6054468180076,22.411651450220482,137.21012568596214,18.367298578199055,1.0,103.0
HC Brook,2026,ODI,390.0,330.0,8.0,9.0,28.0,22.0,48.75,118.18,563.0,40.214285714285715,104.8417132216015,16.0,904.0,537.0,35.1875,218.0,301.3333333333333,3,0,0,0,0,1,0,0,0,0,8.0,6.0,11.714285714285715,32.14634146341463,30.93491115662816,362.38038783478703,26.29917118265859,102.42575631418262,36.25147347740668,4.3125,286.0
HC Brook,2026,T20I,755.0,393.0,15.0,19.0,60.0,45.0,50.33,192.11,207.0,25.875,154.4776119402985,10.0,907.0,134.0,20.7,213.0,280.6666666666667,4,0,0,0,0,0,0,1,0,0,11.0,16.0,10.660550458715594,21.558519793459556,20.260707485050816,215.99029447366095,15.233847810480976,151.40215157742057,29.82261904761905,4.0,190.0
HC Brook,2026,Test,790.0,960.0,19.0,11.0,89.0,8.0,41.58,82.29,1262.0,63.1,88.43728100911002,12.0,2820.0,1427.0,105.16666666666667,377.0,936.0,4,0,0,0,0,0,0,0,1,0,6.0,11.0,9.073394495412842,96.64711830131448,87.87823973433936,797.3539366721249,58.970170058544745,87.1989490585316,58.461162079510714,5.0,576.0
HC Knight,2026,ODI,335.0,408.0,8.0,9.0,42.0,3.0,41.88,82.11,124.0,20.666666666666668,65.95744680851064,6.0,3158.0,188.0,20.666666666666668,148.0,163.0,14,1,0,0,0,1,0,0,0,0,8.0,6.0,7.862385321100917,22.74912485414236,24.79051677353219,194.91259518272557,30.622093023255815,71.74505041583868,24.7725540025413,3.1666666666666665,173.0
HC Knight,2026,T20I,325.0,263.0,10.0,11.0,37.0,1.0,32.5,123.57,264.0,52.8,135.3846153846154,10.0,2206.0,195.0,26.4,394.0,306.0,13,1,0,0,0,0,0,1,0,0,15.0,15.0,11.394495412844035,24.214170692431562,21.560802930767718,245.674470091867,10.5758603974794,129.30048583344083,40.861413043478265,4.7,222.0
HC Knight,2026,Test,19.0,59.0,2.0,1.0,2.0,0.0,9.5,32.2,167.0,41.75,45.62841530054645,2.0,955.0,366.0,83.5,32.0,88.33333333333333,11,1,0,0,0,0,0,0,1,0,1.0,1.0,1.5596330275229355,76.24705882352941,62.1198960532727,96.88424155097574,54.11450381679389,50.4299109053418,40.76100628930818,3.0,85.0
HD Weibgen,2025,BBL,131.0,117.0,5.0,6.0,7.0,5.0,26.2,111.97,46.0,11.5,92.0,6.0,46.0,50.0,7.666666666666667,46.0,46.0,1,0,1,0,0,0,0,0,0,0,0.0,0.0,6.0,7.666666666666667,12.59723760986779,75.58342565920674,17.527808553068912,92.0,11.5,5.0,50.0
HDJ Siegers,2026,T20I,258.0,187.0,14.0,14.0,39.0,4.0,18.43,137.97,287.0,26.09090909090909,143.5,12.0,1021.0,200.0,23.916666666666668,45.0,237.33333333333334,7,1,0,0,0,0,0,1,0,0,4.0,17.0,9.614678899082568,22.347328244274806,21.4501573346283,206.23637510725192,18.316040290263185,130.19790971758948,24.345114345114343,2.5833333333333335,186.0
HER Tyler,2026,T20I,169.0,136.0,5.0,9.0,18.0,4.0,33.8,124.26,37.0,3.7,74.0,10.0,249.0,50.0,3.7,166.0,101.5,4,0,0,0,0,0,0,1,0,0,6.0,0.0,8.076923076923077,9.891156462585036,11.43976265038096,92.39808294538467,15.233847810480976,127.20909886264221,9.891156462585036,3.9,94.0
HG Munsey,2026,ODI,147.0,160.0,8.0,8.0,23.0,4.0,18.38,91.88,735.0,73.5,107.45614035087718,11.0,2410.0,684.0,66.81818181818181,302.0,463.6666666666667,9,0,0,0,0,1,0,0,0,0,6.0,10.0,9.761467889908257,54.212406015037594,49.530151566063864,483.4869840944216,32.92375578703704,102.40559589539653,59.89823468328142,1.0,433.0
HG Munsey,2026,T20I,296.0,209.0,7.0,7.0,31.0,13.0,42.29,141.63,224.0,32.0,144.51612903225805,7.0,2212.0,155.0,32.0,402.0,328.3333333333333,11,0,0,0,0,0,0,1,0,0,12.0,9.0,9.211009174311926,32.835657370517936,30.437496499283856,280.36005949799073,22.411651450220482,141.97674418604655,34.48430962343096,1.0,233.0
HH Aung,2026,T20I,32.0,55.0,4.0,5.0,2.0,0.0,8.0,58.18,9.0,4.5,40.909090909090914,5.0,16.0,22.0,1.8,7.0,5.333333333333333,3,1,0,0,0,0,0,1,0,0,3.0,1.0,3.653061224489796,1.8435754189944134,2.4807107785831195,9.062188354415886,3.241025641025641,40.6905055487053,3.473684210526316,8.833333333333334,8.0
HH Pandya,2026,IPL,206.0,149.0,9.0,10.0,21.0,7.0,22.89,138.26,224.0,24.88888888888889,163.5036496350365,12.0,2758.0,137.0,18.666666666666668,216.0,262.0,11,0,0,0,1,0,0,0,0,0,13.0,15.0,13.073394495412844,20.536842105263162,20.181965933611867,263.8468023430909,18.496304118268217,146.2153384961279,25.921169176262183,5.583333333333333,228.0
HH Pandya,2026,T20I,476.0,289.0,16.0,19.0,33.0,31.0,29.75,164.71,289.0,36.125,143.7810945273632,11.0,1745.0,201.0,26.272727272727273,143.0,298.6666666666667,10,0,0,0,0,0,0,1,0,0,7.0,20.0,11.990825688073393,23.800306044376434,22.201091688328745,266.209420519685,15.233847810480976,141.27344566056587,34.44850498338871,5.545454545454546,190.0
HJ Manenti,2026,T20I,92.0,83.0,5.0,6.0,5.0,5.0,18.4,110.84,83.0,27.666666666666668,100.0,3.0,320.0,83.0,27.666666666666668,141.0,101.0,4,0,0,0,0,0,0,1,0,0,4.0,5.0,3.6055045871559632,25.41730279898219,21.00888072603794,75.7476158287423,15.233847810480976,110.90263128677695,25.41730279898219,4.0,104.0
HJ Thomas,2026,T20I,147.0,216.0,12.0,14.0,13.0,2.0,12.25,68.06,114.0,16.285714285714285,79.16666666666666,7.0,126.0,144.0,16.285714285714285,12.0,63.0,2,1,0,0,0,0,0,1,0,0,1.0,0.0,4.749999999999999,15.947368421052632,13.577585469476206,64.49353098001197,10.5758603974794,79.52755905511812,17.314285714285713,4.0,86.0
HK Matthews,2026,ODI,492.0,558.0,8.0,9.0,64.0,5.0,61.5,88.17,640.0,49.23076923076923,101.91082802547771,15.0,2719.0,628.0,42.666666666666664,406.0,436.6666666666667,11,1,0,0,0,1,0,0,0,0,6.0,8.0,11.36697247706422,44.15415657788538,41.51632742493615,471.9149511880357,30.622093023255815,92.89850396508683,49.33002705139765,1.3333333333333333,372.0
HK Matthews,2026,T20I,407.0,347.0,13.0,15.0,52.0,9.0,31.31,117.29,636.0,53.0,126.44135188866798,16.0,2784.0,503.0,39.75,623.0,615.0,10,1,0,0,0,0,0,1,0,0,11.0,21.0,14.137614678899082,40.16612589227774,36.60554703263387,517.5151190576954,18.316040290263185,125.88163514338011,48.54588235294118,1.5,368.0
HK Matthews,2026,WPL,109.0,87.0,5.0,5.0,18.0,1.0,21.8,125.29,307.0,30.7,122.8,10.0,758.0,250.0,30.7,180.0,252.66666666666666,3,1,0,0,0,0,0,0,0,1,9.0,10.0,9.693877551020408,26.976842105263156,26.6555914893617,258.39603994789405,25.638297872340427,121.2298959318827,27.49785407725322,1.5,236.0
HL Harji,2026,T20I,2.0,1.0,0.0,1.0,0.0,0.0,2.0,200.0,18.0,6.0,100.0,3.0,19.0,18.0,6.0,18.0,9.5,3,0,0,0,0,0,0,1,0,0,0.0,2.0,2.4936708860759498,4.65989847715736,5.111230281475635,12.745726144945571,5.407604832977968,85.7943925233645,4.65989847715736,8.0,16.0
HL Tau,2026,T20I,27.0,41.0,3.0,7.0,0.0,0.0,9.0,65.85,22.0,11.0,75.86206896551724,3.0,38.0,29.0,7.333333333333333,22.0,19.0,2,1,0,0,0,0,0,1,0,0,0.0,1.0,2.4705882352941178,8.261904761904761,9.745209656503889,24.076400327833138,10.5758603974794,81.55111633372502,13.879999999999999,4.333333333333333,34.0
HM Nicholls,2026,ODI,235.0,352.0,11.0,11.0,28.0,0.0,21.36,66.76,124.0,24.8,70.05649717514125,6.0,2180.0,177.0,20.666666666666668,239.0,196.66666666666666,10,0,0,0,0,1,0,0,0,0,6.0,11.0,6.8256880733944945,26.138440860215056,28.088244000106428,191.7215920741209,32.92375578703704,75.02990084494,31.88032786885246,3.0,187.0
HM Nicholls,2026,Test,197.0,317.0,4.0,2.0,26.0,0.0,49.25,62.15,188.0,150.0,62.04620462046204,2.0,3161.0,303.0,94.0,25.0,186.0,10,0,0,0,0,0,0,0,1,0,2.0,6.0,3.2660550458715596,56.42977528089887,60.18812814070352,196.57773961550873,64.64804020100503,57.25808750178138,41.33539094650206,3.3333333333333335,262.0
HM Omary,2026,T20I,217.0,209.0,10.0,12.0,27.0,0.0,21.7,103.83,197.0,21.88888888888889,94.25837320574163,13.0,441.0,209.0,15.153846153846153,111.0,116.66666666666667,6,1,0,0,0,0,0,1,0,0,10.0,3.0,9.614678899082566,13.895992366412218,13.15709059291085,126.50120129697767,10.5758603974794,89.75654853620956,19.4692513368984,3.923076923076923,110.0
HMD Rasangika,2026,T20I,338.0,327.0,10.0,12.0,51.0,0.0,33.8,103.36,318.0,39.75,139.4736842105263,9.0,857.0,228.0,35.333333333333336,79.0,180.33333333333334,6,1,0,0,0,0,0,1,0,0,3.0,4.0,6.321100917431193,34.764876632801155,27.42746018123743,173.37174371442742,10.5758603974794,127.49095167127953,45.27977315689981,3.5555555555555554,190.0
HMHE Parsons,2026,T20I,84.0,82.0,4.0,6.0,6.0,3.0,21.0,102.44,107.0,13.375,125.88235294117646,8.0,107.0,85.0,13.375,107.0,107.0,1,0,0,0,0,0,0,1,0,0,0.0,0.0,8.0,13.375,17.247850621523064,137.9828049721845,22.411651450220482,125.88235294117646,13.375,3.0,74.0
HT Dixon,2025,BBL,1.0,2.0,0.0,1.0,0.0,0.0,1.0,50.0,25.0,8.333333333333334,113.63636363636364,3.0,25.0,22.0,8.333333333333334,25.0,25.0,1,0,1,0,0,0,0,0,0,0,0.0,0.0,3.0,8.333333333333334,14.46298347982372,43.38895043947116,17.527808553068912,113.63636363636364,8.333333333333334,6.666666666666667,34.0
HT Tector,2026,T20I,394.0,320.0,12.0,14.0,34.0,7.0,32.83,123.12,148.0,37.0,143.68932038834953,5.0,1280.0,103.0,29.6,239.0,221.33333333333334,7,0,0,0,0,0,0,1,0,0,12.0,17.0,9.715596330275229,21.58262511803588,21.765633138385684,211.46610544541687,22.411651450220482,119.89718302470756,25.144114411441144,3.0,189.0
HV Patel,2026,IPL,10.0,9.0,3.0,3.0,2.0,0.0,3.33,111.11,21.0,10.5,80.76923076923077,4.0,270.0,26.0,5.25,13.0,13.333333333333334,11,0,0,0,1,0,0,0,0,0,4.0,2.0,3.9724770642201834,4.6674364896073905,4.853858506798389,19.281841591226627,5.122927618277396,83.96343996676362,7.192170818505339,9.25,13.0
HWA Landheer,2026,T20I,16.0,27.0,3.0,5.0,0.0,1.0,5.33,59.26,10.0,10.0,90.9090909090909,3.0,60.0,11.0,3.3333333333333335,11.0,17.333333333333332,5,1,0,0,0,0,0,1,0,0,4.0,8.0,3.89908256880734,3.447058823529411,3.361803713527851,13.107950259168229,3.241025641025641,76.62133891213388,6.0788381742738595,9.0,9.0
HWR Cartwright,2025,BBL,93.0,68.0,3.0,7.0,8.0,5.0,31.0,136.76,130.0,16.25,118.18181818181819,11.0,1944.0,110.0,11.818181818181818,209.0,220.0,11,0,1,0,0,0,0,0,0,0,8.0,14.0,10.871559633027521,18.99409282700422,18.697873781764763,203.27504982927744,17.527808553068912,128.81588736908373,25.901035673187565,6.090909090909091,179.0
Habeeba Bader,2026,T20I,15.0,35.0,5.0,5.0,1.0,0.0,3.0,42.86,48.0,16.0,59.25925925925925,4.0,69.0,81.0,12.0,48.0,34.5,2,1,0,0,0,0,0,1,0,0,0.0,3.0,3.7352941176470593,10.937007874015748,14.932873803391615,55.77867567737457,18.316040290263185,61.48738379814077,14.935483870967744,2.75,44.0
Habib Khan,2026,T20I,117.0,91.0,5.0,5.0,10.0,4.0,23.4,128.57,213.0,26.625,152.14285714285714,8.0,473.0,140.0,26.625,110.0,161.5,3,0,0,0,0,0,0,1,0,0,3.0,0.0,6.351648351648351,26.98961937716263,25.425393434016105,161.4931582951792,22.411651450220482,139.025042331343,26.98961937716263,1.5,151.0
Haider Ali,2026,PSL,103.0,78.0,6.0,7.0,7.0,6.0,17.17,132.05,77.0,15.4,142.59259259259258,6.0,846.0,54.0,12.833333333333334,103.0,96.33333333333333,6,0,0,0,0,0,1,0,0,0,6.0,6.0,6.302752293577981,15.39155749636099,16.17633686166529,101.95544425655096,17.973481608212147,135.96502507393598,19.052252252252252,6.666666666666667,100.0
Haider Ali,2026,T20I,4.0,8.0,3.0,3.0,0.0,0.0,1.33,50.0,41.0,8.2,124.24242424242425,8.0,544.0,33.0,5.125,4.0,46.0,6,0,0,0,0,0,0,1,0,0,1.0,11.0,6.266055045871559,8.043923865300147,7.239350406809146,45.36216814541877,5.407604832977968,121.1733568592854,10.90079365079365,9.0,36.0
Hamid Mahmood,2026,T20I,36.0,33.0,1.0,2.0,3.0,1.0,36.0,109.09,26.0,8.666666666666666,96.29629629629629,3.0,264.0,27.0,8.666666666666666,49.0,37.5,3,0,0,0,0,0,0,1,0,0,3.0,0.0,3.604395604395604,14.783536585365853,14.998653412650148,54.06108043240932,15.233847810480976,108.06775128147983,22.44907407407407,5.333333333333333,78.0
Hamid Safi,2026,T20I,54.0,52.0,4.0,4.0,2.0,5.0,13.5,103.85,157.0,22.428571428571427,170.65217391304347,13.0,157.0,92.0,12.076923076923077,157.0,157.0,1,0,0,0,0,0,0,1,0,0,0.0,0.0,13.0,12.076923076923077,13.073846676993993,169.96000680092192,15.233847810480976,170.65217391304347,22.428571428571427,6.384615384615385,92.0
Hammad Mirza,2026,ODI,397.0,531.0,8.0,9.0,40.0,5.0,49.62,74.76,268.0,26.8,68.36734693877551,11.0,268.0,392.0,24.363636363636363,268.0,268.0,1,0,0,0,0,1,0,0,0,0,0.0,0.0,11.0,24.363636363636363,25.046766299761856,275.5144292973804,26.29917118265859,68.36734693877551,26.8,4.0,174.0
Hammad Mirza,2026,T20I,274.0,276.0,12.0,13.0,27.0,6.0,22.83,99.28,198.0,16.5,122.22222222222223,13.0,198.0,162.0,15.23076923076923,198.0,198.0,1,0,0,0,0,0,0,1,0,0,0.0,0.0,13.0,15.23076923076923,15.231741413836097,198.01263837986926,15.233847810480976,122.22222222222223,16.5,4.384615384615385,96.0
Haris Rauf,2026,ODI,3.0,20.0,2.0,3.0,0.0,0.0,1.5,15.0,37.0,7.4,108.8235294117647,6.0,101.0,34.0,6.166666666666667,53.0,30.666666666666668,5,0,0,0,0,1,0,0,0,0,5.0,3.0,4.724770642201835,6.899029126213592,7.666896022948076,36.22432524603908,8.98506752900894,102.36243157591471,9.180878552971578,9.666666666666666,27.0
Haris Rauf,2026,PSL,6.0,14.0,3.0,3.0,0.0,0.0,2.0,42.86,23.0,5.75,76.66666666666667,4.0,114.0,30.0,5.75,23.0,28.0,6,0,0,0,0,0,1,0,0,0,0.0,4.0,4.0,5.7974683544303796,5.599635479951397,22.398541919805588,5.391251518833536,85.20930232558138,6.231292517006802,9.5,20.0
Haris Rauf,2026,T20I,9.0,7.0,1.0,2.0,1.0,0.0,9.0,128.57,17.0,4.25,51.515151515151516,7.0,100.0,33.0,2.4285714285714284,16.0,22.333333333333332,5,0,0,0,0,0,0,1,0,0,5.0,8.0,6.211009174311926,3.307237813884786,3.9521816273217913,24.54703634584268,5.407604832977968,81.29992737835875,6.018817204301075,9.857142857142858,12.0
Harmeet Singh,2026,ODI,68.0,74.0,3.0,7.0,2.0,6.0,22.67,91.89,204.0,20.4,107.93650793650794,10.0,227.0,189.0,20.4,23.0,113.5,2,0,0,0,0,1,0,0,0,0,3.0,0.0,7.375,18.45762711864407,21.100844218873682,155.6187261141934,26.29917118265859,104.3103448275862,19.446428571428573,6.454545454545454,123.0
Harmeet Singh,2026,T20I,7.0,8.0,3.0,3.0,1.0,0.0,2.33,87.5,48.0,9.6,120.0,6.0,235.0,40.0,8.0,187.0,117.5,2,0,0,0,0,0,0,1,0,0,12.0,0.0,8.249999999999998,12.136363636363637,13.104327440775306,108.11070138639624,15.233847810480976,144.58483754512633,16.346938775510203,6.0,81.0
Hasan Ali,2026,PSL,31.0,16.0,2.0,4.0,1.0,2.0,15.5,193.75,58.0,19.333333333333332,128.88888888888889,6.0,309.0,45.0,9.666666666666666,37.0,39.333333333333336,10,0,0,0,0,0,1,0,0,0,6.0,5.0,5.532110091743118,7.719734660033169,6.946152221096414,38.42687880111134,5.391251518833536,123.24596240402437,12.788461538461538,9.0,28.0
Hasan Mahmud,2026,Test,54.0,187.0,5.0,4.0,8.0,0.0,10.8,28.88,124.0,12.4,45.75645756457565,9.0,145.0,271.0,13.777777777777779,21.0,72.5,2,0,0,0,0,0,0,0,1,0,3.0,0.0,6.75,12.648148148148147,14.62259720401922,98.70253112712973,18.176605504587155,41.19420989143546,12.196428571428571,9.0625,69.0
Hassan Nawaz,2026,ODI,1.0,3.0,1.0,1.0,0.0,0.0,1.0,33.33,112.0,112.0,90.32258064516128,3.0,112.0,124.0,37.333333333333336,112.0,112.0,1,0,0,0,0,1,0,0,0,0,0.0,0.0,3.0,37.333333333333336,29.9772252328835,89.93167569865051,26.29917118265859,90.32258064516128,112.0,6.333333333333333,104.0
Hassan Nawaz,2026,PSL,291.0,217.0,9.0,10.0,24.0,13.0,32.33,134.1,399.0,57.0,162.19512195121953,10.0,427.0,246.0,39.9,399.0,213.5,2,0,0,0,0,0,1,0,0,0,0.0,3.0,8.147058823529413,36.92057761732852,30.26468908953589,246.56820228827772,17.973481608212147,159.74695407685098,50.62871287128713,4.2,235.0
Hassan Nawaz,2026,T20I,8.0,12.0,2.0,2.0,1.0,0.0,4.0,66.67,431.0,23.944444444444443,156.72727272727275,20.0,431.0,275.0,21.55,431.0,431.0,1,0,0,0,0,0,0,1,0,0,0.0,0.0,20.0,21.55,20.092426417803303,401.848528356066,15.233847810480976,156.72727272727275,23.944444444444443,4.05,231.0
Hassnain Shah,2026,ODI,20.0,24.0,5.0,6.0,1.0,2.0,4.0,83.33,70.0,35.0,125.0,3.0,70.0,56.0,23.333333333333332,70.0,70.0,1,0,0,0,0,1,0,0,0,0,0.0,0.0,3.0,23.333333333333332,25.310558566216837,75.93167569865051,26.29917118265859,125.0,35.0,7.5,63.0
Hiu Ying Cheung,2026,T20I,21.0,25.0,1.0,3.0,2.0,0.0,21.0,84.0,50.0,7.142857142857143,86.20689655172413,10.0,85.0,58.0,5.0,3.0,20.333333333333332,5,1,0,0,0,0,0,1,0,0,4.0,4.0,6.853211009174311,3.9103078982597057,5.82020832783555,39.8871157880106,10.5758603974794,75.05138746145941,5.088850174216027,7.0,28.0
Hussain Talat,2026,ODI,149.0,191.0,5.0,6.0,11.0,1.0,29.8,78.01,73.0,36.5,100.0,3.0,75.0,73.0,24.333333333333332,73.0,73.0,2,0,0,0,0,1,0,0,0,0,0.0,0.0,3.0,24.333333333333332,25.64389189955017,76.93167569865051,26.29917118265859,100.0,36.5,6.333333333333333,77.0
Huzaifa Mohammed,2026,T20I,4.0,8.0,0.0,1.0,0.0,0.0,4.0,50.0,13.0,6.5,56.52173913043478,4.0,112.0,23.0,3.25,57.0,32.333333333333336,4,0,0,0,0,0,0,1,0,0,3.0,2.0,3.2935779816513757,8.387186629526461,7.0307760999899696,23.156409356847696,5.407604832977968,76.46013204672423,18.138554216867465,9.75,19.0
I Asif,2026,T20I,125.0,101.0,6.0,7.0,10.0,7.0,20.83,123.76,79.0,15.8,79.7979797979798,6.0,157.0,99.0,13.166666666666666,75.0,77.0,3,0,0,0,0,0,0,1,0,0,4.0,0.0,5.25,14.761904761904761,14.958547698811518,78.53237541876047,15.233847810480976,90.64327485380116,18.235294117647058,3.6666666666666665,87.0
I Barma,2026,T20I,398.0,401.0,17.0,26.0,47.0,1.0,23.41,99.25,265.0,20.384615384615383,88.03986710963456,17.0,836.0,301.0,15.588235294117647,166.0,195.0,6,1,0,0,0,0,0,1,0,0,12.0,12.0,14.394495412844035,14.647546207775655,15.236389559699818,219.32013962540378,18.316040290263185,86.1232902379614,18.254169976171564,3.411764705882353,155.0
I Chathurani,2026,T20I,227.0,260.0,7.0,9.0,9.0,0.0,32.43,87.31,131.0,131.0,98.49624060150376,3.0,269.0,133.0,43.666666666666664,138.0,134.5,2,1,0,0,0,0,0,1,0,0,4.0,0.0,3.375,39.592592592592595,28.394407170313958,95.83112419980961,18.316040290263185,100.75400565504242,150.0,2.3333333333333335,113.0
I Chuma,2026,T20I,16.0,29.0,5.0,5.0,1.0,0.0,3.2,55.17,144.0,18.0,64.57399103139014,11.0,216.0,223.0,13.090909090909092,47.0,71.0,6,1,0,0,0,0,0,1,0,0,6.0,3.0,8.0,11.487244897959183,11.235016715169575,89.8801337213566,10.5758603974794,66.9989584883202,16.1978417266187,5.090909090909091,70.0
I Danladi,2026,T20I,503.0,421.0,15.0,17.0,51.0,10.0,33.53,119.48,456.0,24.0,123.24324324324326,21.0,819.0,370.0,21.714285714285715,326.0,391.0,3,0,0,0,0,0,0,1,0,0,19.0,0.0,20.249999999999996,20.111111111111114,19.349038720387654,391.8180340878499,15.233847810480976,118.47272727272728,22.783216783216783,3.619047619047619,283.0
I Edwards,2026,T20I,3.0,9.0,0.0,2.0,0.0,0.0,3.0,33.33,9.0,4.5,30.0,5.0,9.0,30.0,1.8,9.0,9.0,1,1,0,0,0,0,0,1,0,0,0.0,0.0,5.0,1.8,2.5860139860139864,12.930069930069932,3.241025641025641,30.0,4.5,9.2,7.0
I Goordial-John,2026,T20I,52.0,111.0,7.0,6.0,0.0,0.0,7.43,46.85,63.0,15.75,67.74193548387096,4.0,63.0,93.0,15.75,63.0,63.0,1,1,0,0,0,0,0,1,0,0,0.0,0.0,4.0,15.75,17.28962417415791,69.15849669663164,18.316040290263185,67.74193548387096,15.75,2.5,52.0
I Liyanage,2026,T20I,270.0,218.0,12.0,12.0,28.0,8.0,22.5,123.85,372.0,33.81818181818182,131.91489361702128,11.0,797.0,282.0,33.81818181818182,135.0,256.3333333333333,5,0,0,0,0,0,0,1,0,0,7.0,7.0,8.330275229357797,30.368942731277528,28.392794234326274,236.51979050246103,22.411651450220482,127.80404152762326,32.28922716627633,1.3636363636363635,221.0
I Mugisha,2026,T20I,6.0,5.0,2.0,2.0,0.0,1.0,3.0,120.0,51.0,10.2,108.51063829787233,6.0,52.0,47.0,8.5,51.0,26.0,2,0,0,0,0,0,0,1,0,0,0.0,1.0,4.676470588235294,8.075471698113207,6.780390695620373,31.708297664812925,5.407604832977968,107.62782900251466,10.272,8.5,21.0
I Nakisuuyi,2026,T20I,280.0,331.0,15.0,17.0,27.0,4.0,18.67,84.59,408.0,19.428571428571427,77.12665406427222,24.0,951.0,529.0,17.0,333.0,269.6666666666667,7,1,0,0,0,0,0,1,0,0,18.0,6.0,17.055045871559628,17.100591715976332,17.269482208003225,294.53181123557783,18.316040290263185,78.61028684470821,21.2926992632284,3.125,182.0
I Niyomugabo,2026,T20I,545.0,530.0,23.0,29.0,47.0,13.0,23.7,102.83,284.0,21.846153846153847,96.27118644067797,14.0,284.0,295.0,20.285714285714285,284.0,284.0,1,0,0,0,0,0,0,1,0,0,0.0,0.0,14.0,20.285714285714285,20.923495435066144,292.928936090926,22.411651450220482,96.27118644067797,21.846153846153847,3.142857142857143,151.0
I Ntirenganya,2026,T20I,55.0,54.0,3.0,9.0,6.0,2.0,18.33,101.85,25.0,8.333333333333334,69.44444444444444,7.0,48.0,36.0,3.5714285714285716,11.0,16.0,3,0,0,0,0,0,0,1,0,0,1.0,8.0,5.346938775510204,3.427480916030534,4.148399817831785,22.18123984228424,5.407604832977968,74.64671654197839,8.803921568627452,11.0,6.0
I Suhun,2026,T20I,15.0,26.0,3.0,3.0,1.0,0.0,5.0,57.69,53.0,17.666666666666668,88.33333333333333,6.0,74.0,60.0,8.833333333333334,3.0,22.0,4,1,0,0,0,0,0,1,0,0,3.0,4.0,4.6422018348623855,5.944664031620553,7.668434391121363,35.598420200985416,10.5758603974794,67.58031902943158,8.44943820224719,6.833333333333333,35.0
I Takahashi,2026,T20I,241.0,159.0,10.0,13.0,13.0,18.0,24.1,151.57,73.0,8.11111111111111,104.28571428571429,9.0,427.0,70.0,8.11111111111111,235.0,142.33333333333334,3,0,0,0,0,0,0,1,0,0,14.0,10.0,10.714285714285715,12.230476190476189,12.897892106032808,138.1917011360658,15.233847810480976,124.48623497479643,14.268888888888888,4.777777777777778,109.0
I Tchakou,2026,T20I,39.0,52.0,6.0,6.0,4.0,1.0,6.5,75.0,16.0,4.0,88.88888888888889,4.0,74.0,18.0,4.0,16.0,28.5,3,0,0,0,0,0,0,1,0,0,0.0,6.0,4.455696202531646,4.900568181818182,12.957815084457277,57.73608746492357,22.411651450220482,71.81515403830143,4.900568181818182,2.0,52.0
I van der Woning,2026,T20I,0.0,6.0,3.0,3.0,0.0,0.0,0.0,0.0,7.0,7.0,140.0,3.0,9.0,5.0,2.3333333333333335,7.0,4.5,2,1,0,0,0,0,0,1,0,0,0.0,1.0,2.4705882352941178,2.2976190476190474,2.9023668639053257,7.170553428471981,3.241025641025641,126.9736842105263,7.72,11.0,3.0
IA Karim,2026,T20I,143.0,123.0,2.0,4.0,14.0,1.0,71.5,116.26,64.0,32.0,86.48648648648648,3.0,1055.0,74.0,21.333333333333332,195.0,129.66666666666666,9,0,0,0,0,0,0,1,0,0,6.0,6.0,5.027522935779817,26.144160583941606,22.28438012163242,112.03523217114281,15.233847810480976,101.67482790433611,46.21612903225807,6.0,125.0
IC Gaze,2026,ODI,371.0,334.0,9.0,13.0,58.0,1.0,41.22,111.08,89.0,17.8,57.7922077922078,6.0,219.0,154.0,14.833333333333334,123.0,73.0,3,1,0,0,0,1,0,0,0,0,10.0,2.0,6.4897959183673475,12.996855345911952,15.759121736406199,102.2734839219831,21.615126484254002,63.53574173712529,15.714828897338403,6.833333333333333,79.0
IC Gaze,2026,T20I,340.0,272.0,13.0,15.0,51.0,1.0,26.15,125.0,58.0,19.333333333333332,115.99999999999999,7.0,217.0,50.0,8.285714285714286,111.0,65.66666666666667,4,1,0,0,0,0,0,1,0,0,10.0,2.0,6.4954128440366965,9.822033898305085,10.046387023059346,65.25543130574327,10.5758603974794,109.70184571699009,15.522321428571432,6.857142857142857,48.0
IDA Damarell,2026,T20I,76.0,59.0,4.0,7.0,10.0,0.0,19.0,128.81,96.0,16.0,124.67532467532467,7.0,423.0,77.0,13.714285714285714,72.0,84.0,4,0,0,0,0,0,0,1,0,0,6.0,0.0,7.032967032967033,14.364062499999998,14.641653556536482,102.9742667712456,15.233847810480976,111.44381137107528,16.184859154929576,5.571428571428571,90.0
IDM Latin,2026,T20I,165.0,165.0,9.0,10.0,6.0,8.0,18.33,100.0,228.0,57.0,154.05405405405406,7.0,672.0,148.0,32.57142857142857,203.0,196.0,4,0,0,0,0,0,0,1,0,0,10.0,9.0,7.85321100917431,24.813084112149536,22.327123134207866,175.33960920075165,15.233847810480976,135.29524173514235,31.939849624060155,4.0,179.0
IE Mulhovo,2026,T20I,1.0,6.0,2.0,2.0,0.0,0.0,0.5,16.67,82.0,7.454545454545454,35.96491228070175,11.0,151.0,228.0,7.454545454545454,27.0,50.333333333333336,3,1,0,0,0,0,0,1,0,0,6.0,3.0,8.0,7.227040816326531,8.153835903361458,65.23068722689166,10.5758603974794,38.03195059739563,7.227040816326531,3.8181818181818183,63.0
IG Sharp,2026,T20I,209.0,160.0,8.0,12.0,25.0,2.0,26.12,130.62,25.0,25.0,104.16666666666667,3.0,25.0,24.0,8.333333333333334,25.0,25.0,1,1,0,0,0,0,0,1,0,0,0.0,0.0,3.0,8.333333333333334,9.828351376097377,29.48505412829213,10.5758603974794,104.16666666666667,25.0,5.0,33.0
IJR Zwilling,2026,T20I,122.0,138.0,12.0,18.0,13.0,0.0,10.17,88.41,151.0,25.166666666666668,105.5944055944056,10.0,770.0,143.0,15.1,174.0,221.33333333333334,6,1,0,0,0,0,0,1,0,0,12.0,20.0,11.495412844036696,15.517956903431761,14.563269877169233,167.41079959718394,10.5758603974794,99.44762684124385,19.34726368159204,6.4,107.0
IK Gamantika,2026,T20I,374.0,383.0,18.0,21.0,27.0,9.0,20.78,97.65,347.0,17.35,96.1218836565097,23.0,686.0,361.0,15.08695652173913,263.0,228.66666666666666,3,0,0,0,0,0,0,1,0,0,18.0,6.0,18.3469387755102,14.798665183537265,14.860893395207004,272.6519012712468,15.233847810480976,96.65092626225935,17.277922077922078,4.782608695652174,166.0
IKEG Artawan,2026,T20I,165.0,181.0,15.0,24.0,18.0,3.0,11.0,91.16,207.0,12.176470588235293,88.46153846153845,25.0,292.0,234.0,8.28,83.0,97.33333333333333,3,0,0,0,0,0,0,1,0,0,13.0,3.0,17.285714285714285,7.600944510035421,8.749325147013188,151.2383346840851,15.233847810480976,92.46014648858252,11.138408304498272,7.48,64.0
IM Vaghela,2026,T20I,256.0,269.0,12.0,15.0,24.0,6.0,21.33,95.17,67.0,13.4,108.06451612903226,5.0,200.0,62.0,13.4,56.0,57.333333333333336,4,1,0,0,0,0,0,1,0,0,4.0,6.0,4.6880733944954125,12.17221135029354,11.581699283901134,54.295856275903475,10.5758603974794,89.45778800517762,14.987951807228914,5.0,75.0
IO Okpe,2026,T20I,165.0,119.0,11.0,14.0,12.0,8.0,15.0,138.66,185.0,14.23076923076923,115.625,18.0,631.0,160.0,10.277777777777779,154.0,143.0,6,0,0,0,0,0,0,1,0,0,18.0,4.0,14.779816513761466,10.550589695841092,11.285795051357557,166.80198007098184,15.233847810480976,107.39243065647311,13.247856586126264,6.894736842105263,89.0
IP Swaney,2026,T20I,47.0,38.0,4.0,4.0,5.0,2.0,11.75,123.68,40.0,13.333333333333334,148.14814814814815,4.0,50.0,27.0,10.0,40.0,25.0,2,0,0,0,0,0,0,1,0,0,0.0,2.0,3.4705882352941178,9.237288135593221,12.593571535716965,43.707101212194175,15.233847810480976,137.62626262626264,11.720430107526884,6.0,37.0
IS Sodhi,2026,T20I,45.0,29.0,1.0,4.0,1.0,4.0,45.0,155.17,21.0,7.0,87.5,3.0,198.0,24.0,7.0,22.0,28.333333333333332,8,0,0,0,0,0,0,1,0,0,8.0,11.0,5.899082568807339,4.468118195956454,4.767000477087371,28.120929419882376,5.407604832977968,89.585282195198,5.350093109869646,9.666666666666666,17.0
Ibrahim Rahimi,2026,T20I,155.0,99.0,11.0,11.0,8.0,12.0,14.09,156.57,308.0,30.8,171.11111111111111,13.0,321.0,180.0,23.692307692307693,13.0,160.5,3,0,0,0,0,0,0,1,0,0,1.0,0.0,7.593406593406593,22.85094066570188,20.54505988208304,156.00699317054264,15.233847810480976,170.0775527789746,29.186691312384472,4.461538461538462,159.0
Iftikhar Ahmed,2026,PSL,62.0,36.0,1.0,5.0,8.0,2.0,62.0,172.22,98.0,19.6,124.0506329113924,6.0,1134.0,79.0,16.333333333333332,259.0,182.0,10,0,0,0,0,0,1,0,0,0,11.0,9.0,8.174311926605505,19.74186307519641,19.296426937416996,157.73501285539948,17.973481608212147,148.42629313981945,29.219269102990033,6.0,142.0
Ikramullah Khan,2026,T20I,59.0,51.0,4.0,5.0,6.0,1.0,14.75,115.69,265.0,18.928571428571427,119.36936936936937,17.0,288.0,222.0,15.588235294117647,9.0,96.0,3,0,0,0,0,0,0,1,0,0,2.0,2.0,9.653061224489795,14.558139534883722,14.720830130934425,142.10107452922412,15.233847810480976,118.0727023319616,17.30150753768844,4.823529411764706,106.0
Ilenia Sims,2026,T20I,134.0,148.0,5.0,7.0,15.0,1.0,26.8,90.54,170.0,21.25,94.97206703910615,9.0,312.0,179.0,18.88888888888889,142.0,156.0,2,1,0,0,0,0,0,1,0,0,6.0,0.0,7.874999999999999,20.253968253968253,17.131997977681525,134.91448407424198,10.5758603974794,91.79856115107913,24.538461538461537,4.333333333333333,120.0
Ilyas Ataullah,2026,T20I,36.0,51.0,4.0,4.0,4.0,0.0,9.0,70.59,177.0,44.25,162.38532110091742,4.0,275.0,109.0,44.25,7.0,75.66666666666667,4,0,0,0,0,0,0,1,0,0,4.0,3.0,3.834862385321101,24.78947368421052,23.795954644938917,91.25421139068318,22.411651450220482,145.98478444632292,26.16666666666666,1.0,115.0
Imad Wasim,2025,CPL,137.0,119.0,6.0,8.0,8.0,4.0,22.83,115.13,177.0,35.4,120.40816326530613,8.0,800.0,147.0,22.125,313.0,209.33333333333334,7,0,0,1,0,0,0,0,0,0,10.0,10.0,8.678899082568808,22.96511627906976,21.407195468381065,185.79088911090358,16.494551845342706,124.84197218710491,32.377049180327866,5.375,174.0
Imad Wasim,2026,PSL,41.0,35.0,3.0,5.0,4.0,0.0,13.67,117.14,81.0,16.2,108.0,5.0,1293.0,75.0,16.2,126.0,203.66666666666666,10,0,0,0,0,0,1,0,0,0,9.0,10.0,7.229357798165136,21.133248730964468,20.261989414029085,146.4811711766506,17.973481608212147,138.25653798256536,29.684491978609625,7.4,134.0
Imal Zuwak,2026,T20I,237.0,261.0,19.0,19.0,16.0,3.0,12.47,90.8,284.0,35.5,116.8724279835391,8.0,430.0,243.0,35.5,59.0,130.33333333333334,5,0,0,0,0,0,0,1,0,0,4.0,2.0,5.4036697247706424,29.12224108658743,26.857700151930416,145.13014118795428,22.411651450220482,118.59918412500863,30.040280210157615,1.625,149.0
Imran Ameer,2026,T20I,23.0,21.0,3.0,6.0,1.0,1.0,7.67,109.52,72.0,24.0,114.28571428571428,5.0,282.0,63.0,14.4,72.0,99.5,3,0,0,0,0,0,0,1,0,0,0.0,8.0,5.683544303797469,15.142538975501111,15.179111272555797,86.27115140984246,15.233847810480976,111.73377156943303,23.689895470383277,5.8,72.0
Imran Anwar,2026,T20I,151.0,123.0,8.0,9.0,12.0,8.0,18.88,122.76,286.0,15.052631578947368,112.5984251968504,20.0,924.0,254.0,14.3,169.0,294.6666666666667,5,0,0,0,0,0,0,1,0,0,10.0,17.0,15.339449541284402,16.440191387559807,16.256670559403798,249.36837775525822,15.233847810480976,122.8623787601126,17.298930144745118,4.55,153.0
Imran Khan,2026,T20I,3.0,4.0,2.0,3.0,0.0,0.0,1.5,75.0,7.0,1.75,77.77777777777779,7.0,27.0,9.0,1.0,0.0,2.3333333333333335,5,0,0,0,0,0,0,1,0,0,1.0,1.0,3.853211009174312,1.0952380952380951,2.8920575692963753,11.143708065178693,5.407604832977968,62.585034013605444,1.7037037037037035,10.285714285714286,5.0
Iqra Sahar,2026,T20I,5.0,17.0,4.0,7.0,0.0,0.0,1.25,29.41,13.0,6.5,65.0,4.0,57.0,20.0,3.25,15.0,18.666666666666668,4,1,0,0,0,0,0,1,0,0,5.0,7.0,4.669724770642201,3.172888015717092,3.1981553675002377,14.934505339978172,3.241025641025641,60.691469372416385,5.937499999999999,9.25,9.0
Irfan Hafejee,2026,T20I,104.0,109.0,6.0,7.0,6.0,6.0,17.33,95.41,154.0,19.25,93.33333333333333,9.0,270.0,165.0,17.11111111111111,154.0,99.5,3,0,0,0,0,0,0,1,0,0,0.0,4.0,7.025316455696203,16.74054054054054,16.211876424730164,113.89356222437014,15.233847810480976,88.0246328754145,18.398019801980197,4.333333333333333,82.0
Irfan Khan,2026,PSL,149.0,119.0,6.0,10.0,10.0,7.0,24.83,125.21,165.0,20.625,132.0,10.0,428.0,125.0,16.5,171.0,142.66666666666666,3,0,0,0,0,0,1,0,0,0,8.0,7.0,8.83673469387755,17.362586605080832,17.519763707087172,154.81750377895398,17.973481608212147,135.04580564038085,25.398648648648653,5.3,126.0
Isa Zaroo,2026,T20I,316.0,299.0,14.0,15.0,31.0,5.0,22.57,105.69,174.0,43.5,204.70588235294116,5.0,289.0,85.0,34.8,108.0,96.33333333333333,3,0,0,0,0,0,0,1,0,0,7.0,1.0,4.877551020408163,25.242677824267787,24.15102241011073,117.797844000336,22.411651450220482,153.58961303462323,28.191588785046736,2.0,141.0
Ishan Kishan,2026,IPL,602.0,330.0,15.0,15.0,60.0,32.0,40.13,182.42,354.0,35.4,152.58620689655174,13.0,2998.0,232.0,27.23076923076923,320.0,376.0,10,0,0,0,1,0,0,0,0,0,14.0,15.0,13.70642201834862,26.82061579651942,26.994775317504203,370.0017827922135,27.86208973200843,145.17063980870955,30.060015003750944,3.1538461538461537,323.0
Izaz Ali,2026,T20I,128.0,88.0,4.0,4.0,12.0,7.0,32.0,145.45,81.0,10.125,115.71428571428572,8.0,107.0,70.0,10.125,26.0,53.5,2,0,0,0,0,0,0,1,0,0,3.0,0.0,6.125,9.857142857142856,11.898929548283913,72.88094348323897,15.233847810480976,112.85046728971963,9.857142857142856,4.625,65.0
J Andrew,2025,CPL,156.0,138.0,7.0,7.0,15.0,6.0,22.29,113.04,128.0,25.6,111.30434782608695,6.0,128.0,115.0,21.333333333333332,128.0,128.0,1,0,0,1,0,0,0,0,0,0,0.0,0.0,6.0,21.333333333333332,18.91394258933802,113.48365553602812,16.494551845342706,111.30434782608695,25.6,4.666666666666667,111.0
J Andrew,2026,T20I,7.0,22.0,2.0,2.0,0.0,0.0,3.5,31.82,71.0,23.666666666666668,122.41379310344827,3.0,71.0,58.0,23.666666666666668,71.0,71.0,1,0,0,0,0,0,0,1,0,0,0.0,0.0,3.0,23.666666666666668,22.829989855702543,68.48996956710764,22.411651450220482,122.41379310344827,23.666666666666668,1.6666666666666667,68.0
J Baker,2026,T20I,248.0,181.0,5.0,6.0,23.0,10.0,49.6,137.02,753.0,41.833333333333336,128.0612244897959,21.0,753.0,588.0,35.857142857142854,753.0,753.0,1,0,0,0,0,0,0,1,0,0,0.0,0.0,21.0,35.857142857142854,32.869255877826774,690.2543734343623,22.411651450220482,128.0612244897959,41.833333333333336,1.0,410.0
J Bangura,2026,T20I,213.0,240.0,13.0,15.0,16.0,6.0,16.38,88.75,22.0,5.5,110.00000000000001,4.0,284.0,20.0,5.5,132.0,62.666666666666664,4,0,0,0,0,0,0,1,0,0,9.0,3.0,5.715596330275228,10.799357945425362,12.240687262344846,69.96282719670494,15.233847810480976,74.1704332488149,11.70086956521739,5.5,76.0
J Brown,2025,BBL,311.0,207.0,10.0,10.0,30.0,20.0,31.1,150.24,151.0,18.875,141.12149532710282,8.0,775.0,107.0,18.875,366.0,258.3333333333333,3,0,1,0,0,0,0,0,0,0,9.0,14.0,9.408163265306122,25.13449023861172,25.32637282013658,238.27465040985638,25.91609195402299,146.93127060613747,25.13449023861172,1.25,215.0
J Butler,2026,T20I,199.0,169.0,8.0,9.0,17.0,7.0,24.88,117.75,76.0,25.333333333333332,118.75,4.0,701.0,64.0,19.0,178.0,141.0,6,0,0,0,0,0,0,1,0,0,5.0,6.0,5.211009174311926,24.66197183098592,23.884211330721367,124.46084436559389,22.411651450220482,121.84048012525008,32.65268065268066,1.25,158.0
J Charles,2025,CPL,212.0,147.0,10.0,10.0,18.0,14.0,21.2,144.22,452.0,41.09090909090909,153.22033898305085,12.0,3239.0,295.0,37.666666666666664,238.0,345.0,12,0,0,1,0,0,0,0,0,0,8.0,9.0,10.20183486238532,34.4658273381295,32.35423268818439,330.0725389840462,24.527255185721177,141.53925696137085,36.71072796934866,1.6666666666666667,324.0
J Charles,2026,T20I,13.0,12.0,2.0,2.0,1.0,1.0,6.5,108.33,166.0,23.714285714285715,115.27777777777777,7.0,1403.0,144.0,23.714285714285715,271.0,233.66666666666666,8,0,0,0,0,0,0,1,0,0,12.0,10.0,9.081632653061224,23.800000000000004,23.44999616392113,212.96425087642658,22.411651450220482,130.27060270602706,23.800000000000004,1.8571428571428572,190.0
J Coetzee,2026,T20I,22.0,24.0,2.0,2.0,1.0,1.0,11.0,91.67,161.0,20.125,98.17073170731707,10.0,356.0,164.0,16.1,146.0,118.66666666666667,3,0,0,0,0,0,0,1,0,0,8.0,2.0,7.918367346938776,17.15463917525773,16.619102549390604,131.59615896252154,15.233847810480976,106.17323337055353,22.716723549488055,5.2,106.0
J Da Silva,2026,Test,20.0,56.0,1.0,1.0,2.0,0.0,20.0,35.71,53.0,13.25,77.94117647058823,2.0,1238.0,68.0,26.5,303.0,189.33333333333334,5,0,0,0,0,0,0,0,1,0,7.0,8.0,4.871559633027523,35.46892655367231,43.9531299850342,214.12029378030425,58.970170058544745,47.60027295473501,22.368171021377673,7.0,177.0
J Dzulfikar,2026,T20I,28.0,32.0,3.0,4.0,3.0,0.0,9.33,87.5,108.0,10.8,77.14285714285715,12.0,108.0,140.0,9.0,108.0,108.0,1,0,0,0,0,0,0,1,0,0,0.0,0.0,12.0,9.0,11.077949270160325,132.9353912419239,15.233847810480976,77.14285714285715,10.8,4.833333333333333,67.0
J Edwards,2025,BBL,133.0,79.0,6.0,10.0,13.0,6.0,22.17,168.35,90.0,12.857142857142858,121.62162162162163,7.0,563.0,74.0,12.857142857142858,116.0,103.0,6,0,1,0,0,0,0,0,0,0,8.0,0.0,7.208791208791209,14.009146341463412,15.113329043850074,108.94883354687526,17.527808553068912,126.06310013717419,14.009146341463412,3.7142857142857144,108.0
J Fraser-McGurk,2025,BBL,163.0,118.0,10.0,10.0,10.0,9.0,16.3,138.14,188.0,18.8,138.23529411764704,10.0,724.0,136.0,18.8,257.0,161.66666666666666,5,0,1,0,0,0,0,0,0,0,8.0,6.0,8.587155963302752,20.36538461538461,21.712643678160912,186.44985763998727,25.91609195402299,139.79172777940744,20.36538461538461,2.2,176.0
J Glasgow,2026,ODI,125.0,178.0,7.0,7.0,15.0,0.0,17.86,70.22,115.0,16.428571428571427,82.73381294964028,7.0,115.0,139.0,16.428571428571427,115.0,115.0,1,1,0,0,0,1,0,0,0,0,0.0,0.0,7.0,16.428571428571427,18.822366069655693,131.75656248758986,21.615126484254002,82.73381294964028,16.428571428571427,6.0,87.0
J Glasgow,2026,T20I,125.0,114.0,8.0,11.0,16.0,0.0,15.62,109.65,112.0,28.0,100.0,7.0,122.0,112.0,16.0,10.0,61.0,2,1,0,0,0,0,0,1,0,0,1.0,0.0,4.749999999999999,15.526315789473685,13.342291351829147,63.37588392118843,10.5758603974794,96.56301145662847,25.65217391304348,6.0,77.0
J Gunasekar,2026,T20I,838.0,758.0,18.0,24.0,78.0,4.0,46.56,110.55,84.0,28.0,97.67441860465115,3.0,84.0,86.0,28.0,84.0,84.0,1,1,0,0,0,0,0,1,0,0,0.0,0.0,3.0,28.0,21.544026860175457,64.63208058052638,18.316040290263185,97.67441860465115,28.0,1.0,69.0
J Hicks,2026,T20I,12.0,34.0,1.0,3.0,0.0,0.0,12.0,35.29,0.0,0.0,0.0,4.0,0.0,10.0,0.0,0.0,0.0,1,1,0,0,0,0,0,1,0,0,0.0,0.0,4.0,0.0,1.9446153846153849,7.778461538461539,3.241025641025641,0.0,0.0,10.0,5.0
J Jarvis,2026,ODI,54.0,43.0,5.0,5.0,3.0,4.0,10.8,125.58,53.0,13.25,86.88524590163934,7.0,81.0,61.0,7.571428571428571,0.0,27.0,3,0,0,0,0,1,0,0,0,0,1.0,3.0,4.428571428571429,7.267281105990784,7.969373649458696,35.292940447602795,8.98506752900894,79.72699696663295,11.105633802816902,9.0,40.0
J Jemison,2026,T20I,55.0,48.0,2.0,4.0,5.0,1.0,27.5,114.58,141.0,10.071428571428571,71.57360406091371,17.0,149.0,197.0,8.294117647058824,141.0,74.5,2,0,0,0,0,0,0,1,0,0,0.0,3.0,13.294117647058824,7.957964601769912,9.770892311581639,129.89539190690886,15.233847810480976,70.58477237048665,9.541114058355438,5.470588235294118,64.0
J Kominkova,2026,T20I,34.0,52.0,3.0,4.0,5.0,0.0,11.33,65.38,66.0,7.333333333333333,44.29530201342282,10.0,73.0,149.0,6.6,7.0,36.5,2,1,0,0,0,0,0,1,0,0,4.0,0.0,7.75,5.661290322580645,7.263867520917197,56.29497328710828,10.5758603974794,43.440594059405946,6.157894736842105,5.6,47.0
J Liyanage,2026,ODI,210.0,229.0,6.0,7.0,16.0,6.0,35.0,91.7,438.0,48.666666666666664,88.30645161290323,14.0,774.0,496.0,31.285714285714285,336.0,387.0,2,0,0,0,0,1,0,0,0,0,8.0,0.0,11.75,34.02127659574468,32.153025286127075,377.7980471119931,26.29917118265859,85.8523489932886,48.45454545454546,6.071428571428571,276.0
J Maguire,2026,ODI,16.0,31.0,5.0,5.0,1.0,0.0,3.2,51.61,44.0,14.666666666666666,86.27450980392157,4.0,77.0,51.0,11.0,26.0,23.666666666666668,4,1,0,0,0,1,0,0,0,0,6.0,3.0,4.28440366972477,6.5610278372591,6.663979027551994,28.551176200612666,6.824239713774597,69.19602529358627,9.011764705882353,9.4,25.0
J Maguire,2026,T20I,30.0,27.0,3.0,4.0,2.0,0.0,10.0,111.11,16.0,16.0,228.57142857142856,3.0,48.0,7.0,5.333333333333333,3.0,14.666666666666666,4,1,0,0,0,0,0,1,0,0,2.0,4.0,2.7889908256880735,4.552631578947367,3.9011716760061126,10.880332013815213,3.241025641025641,133.97870280735722,12.697247706422017,8.0,16.0
J Martins,2026,T20I,205.0,170.0,10.0,13.0,14.0,8.0,20.5,120.59,50.0,25.0,128.2051282051282,3.0,50.0,39.0,16.666666666666668,50.0,50.0,1,0,0,0,0,0,0,1,0,0,0.0,0.0,3.0,16.666666666666668,15.711454095876206,47.13436228762862,15.233847810480976,128.2051282051282,25.0,3.6666666666666665,45.0
J Mbabazi,2026,T20I,421.0,466.0,16.0,19.0,40.0,4.0,26.31,90.34,372.0,17.714285714285715,87.52941176470588,25.0,889.0,425.0,14.88,152.0,191.66666666666666,7,1,0,0,0,0,0,1,0,0,16.0,7.0,18.642201834862387,13.33267716535433,13.973761615385484,260.50168442626887,18.316040290263185,81.55819134204347,15.314867156585642,1.4,167.0
J Miyaji,2026,T20I,9.0,16.0,5.0,5.0,1.0,0.0,1.8,56.25,100.0,12.5,151.5151515151515,10.0,229.0,66.0,10.0,26.0,64.33333333333333,4,0,0,0,0,0,0,1,0,0,4.0,5.0,7.01834862385321,9.649673202614379,11.222680134407788,78.76468167726566,15.233847810480976,122.23878125517469,12.18151815181518,6.9,53.0
J Mosca,2026,T20I,122.0,103.0,6.0,7.0,15.0,3.0,20.33,118.45,80.0,40.0,150.9433962264151,3.0,361.0,53.0,26.666666666666668,154.0,97.0,4,0,0,0,0,0,0,1,0,0,5.0,4.0,3.8165137614678897,25.038461538461537,23.937842786405227,91.3591064141704,22.411651450220482,157.03301673450926,31.0,1.0,118.0
J Nkomo,2026,ODI,128.0,174.0,2.0,2.0,7.0,0.0,64.0,73.56,150.0,75.0,78.53403141361257,5.0,354.0,191.0,30.0,9.0,63.333333333333336,4,1,0,0,0,1,0,0,0,0,2.0,2.0,3.779816513761468,24.592233009708735,23.33783419280365,88.21273107738628,21.615126484254002,70.80858201132155,43.48497854077253,6.0,115.0
J Overton,2025,BBL,90.0,79.0,8.0,8.0,7.0,3.0,11.25,113.92,191.0,95.5,156.55737704918033,9.0,276.0,122.0,21.22222222222222,85.0,138.0,2,0,1,0,0,0,0,0,0,0,5.0,0.0,7.5,20.166666666666668,19.287047295467417,144.65285471600563,17.527808553068912,152.58511979823456,75.625,6.222222222222222,139.0
J Overton,2026,ODI,190.0,161.0,4.0,4.0,24.0,7.0,47.5,118.01,50.0,10.0,90.9090909090909,5.0,50.0,55.0,10.0,50.0,50.0,1,0,0,0,0,1,0,0,0,0,0.0,0.0,5.0,10.0,9.446400470368513,47.23200235184257,8.98506752900894,90.9090909090909,10.0,7.8,34.0
J Overton,2026,T20I,34.0,34.0,4.0,6.0,1.0,2.0,8.5,100.0,35.0,7.0,94.5945945945946,7.0,54.0,37.0,5.0,19.0,27.0,2,0,0,0,0,0,0,1,0,0,2.0,0.0,5.124999999999999,5.658536585365854,5.552509084356888,28.456609057329047,5.407604832977968,103.57142857142858,8.285714285714286,7.571428571428571,24.0
J Pickering,2026,T20I,10.0,20.0,1.0,1.0,0.0,0.0,10.0,50.0,29.0,9.666666666666666,74.35897435897436,5.0,29.0,39.0,5.8,29.0,29.0,1,0,0,0,0,0,0,1,0,0,0.0,0.0,5.0,5.8,5.585966272533437,27.929831362667183,5.407604832977968,74.35897435897436,9.666666666666666,8.2,18.0
J Ramanandi,2026,T20I,56.0,55.0,7.0,10.0,4.0,2.0,8.0,101.82,30.0,10.0,71.42857142857143,3.0,30.0,42.0,10.0,30.0,30.0,1,0,0,0,0,0,0,1,0,0,0.0,0.0,3.0,10.0,13.489231873653985,40.467695620961955,15.233847810480976,71.42857142857143,10.0,7.0,31.0
J Singye,2026,T20I,39.0,55.0,4.0,4.0,1.0,1.0,9.75,70.91,186.0,16.90909090909091,71.26436781609196,11.0,310.0,261.0,16.90909090909091,186.0,186.0,3,0,0,0,0,0,0,1,0,0,0.0,0.0,9.918032786885245,16.753719008264465,16.249894301816898,161.1669844688397,15.233847810480976,72.08078509458113,16.753719008264465,4.090909090909091,89.0
J Souckova,2026,T20I,32.0,36.0,1.0,3.0,4.0,0.0,32.0,88.89,22.0,4.4,40.74074074074074,5.0,22.0,54.0,4.4,22.0,22.0,1,1,0,0,0,0,0,1,0,0,0.0,0.0,5.0,4.4,11.990567431052646,59.95283715526323,18.316040290263185,40.74074074074074,4.4,3.0,41.0
J Sumerauer,2026,T20I,43.0,19.0,2.0,2.0,3.0,4.0,21.5,226.32,110.0,27.5,146.66666666666666,6.0,299.0,75.0,18.333333333333332,78.0,71.66666666666667,6,0,0,0,0,0,0,1,0,0,5.0,5.0,5.761467889908257,14.589171974522293,14.797580111146866,85.25578265871772,15.233847810480976,146.21768273220553,21.608490566037737,5.166666666666667,88.0
J Tuffin,2026,T20I,68.0,83.0,7.0,7.0,5.0,2.0,9.71,81.93,164.0,23.428571428571427,103.79746835443038,12.0,164.0,158.0,13.666666666666666,164.0,164.0,1,0,0,0,0,0,0,1,0,0,0.0,0.0,12.0,13.666666666666666,14.189060381271437,170.26872457525724,15.233847810480976,103.79746835443038,23.428571428571427,6.5,86.0
J Tugsjargal,2026,T20I,21.0,46.0,3.0,3.0,1.0,0.0,7.0,45.65,34.0,5.666666666666667,33.33333333333333,6.0,34.0,102.0,5.666666666666667,34.0,34.0,1,1,0,0,0,0,0,1,0,0,0.0,0.0,6.0,5.666666666666667,11.991353478464925,71.94812087078955,18.316040290263185,33.33333333333333,5.666666666666667,2.5714285714285716,43.0
JA Diergaardt,2026,T20I,196.0,203.0,15.0,18.0,25.0,2.0,13.07,96.55,124.0,11.272727272727273,79.48717948717949,17.0,667.0,156.0,7.294117647058823,163.0,111.33333333333333,7,1,0,0,0,0,0,1,0,0,18.0,6.0,14.954128440366969,8.712883435582825,9.002465346758457,134.62402307537874,10.5758603974794,74.50034097466298,11.379807692307693,6.176470588235294,78.0
JA Duffy,2026,ODI,6.0,17.0,2.0,3.0,0.0,0.0,3.0,35.29,11.0,11.0,78.57142857142857,3.0,12.0,14.0,3.6666666666666665,1.0,4.0,3,0,0,0,0,1,0,0,0,0,1.0,1.0,2.020408163265306,2.929292929292929,6.577349917073659,13.288931465108003,8.98506752900894,67.7570093457944,11.6,10.4,10.0
JA Fitzgerald,2026,T20I,11.0,17.0,3.0,3.0,1.0,0.0,3.67,64.71,36.0,12.0,171.42857142857142,4.0,315.0,21.0,9.0,120.0,76.0,6,0,0,0,0,0,0,1,0,0,9.0,8.0,6.137614678899081,10.814648729446937,12.182821819550355,74.77346603008428,15.233847810480976,146.8439212502537,17.06367924528302,5.75,75.0
JA Warrican,2026,Test,34.0,79.0,5.0,4.0,2.0,1.0,6.8,43.04,88.0,14.666666666666666,77.19298245614034,4.0,333.0,114.0,22.0,60.0,58.0,7,0,0,0,0,0,0,0,1,0,2.0,2.0,2.9174311926605503,21.17610062893082,19.720035034589234,57.531845330269505,18.176605504587155,68.26153066396351,16.42439024390244,9.375,73.0
JB Abega,2026,T20I,35.0,47.0,5.0,6.0,5.0,0.0,7.0,74.47,7.0,2.3333333333333335,46.666666666666664,3.0,30.0,15.0,2.3333333333333335,7.0,13.0,3,0,0,0,0,0,0,1,0,0,0.0,6.0,3.683544303797469,2.529209621993127,8.978264540007263,33.071835204330554,15.233847810480976,41.6289592760181,2.437086092715232,5.666666666666667,23.0
JC Archer,2026,IPL,64.0,47.0,6.0,10.0,4.0,4.0,10.67,136.17,63.0,10.5,126.0,7.0,262.0,50.0,9.0,63.0,33.5,5,0,0,0,1,0,0,0,0,0,0.0,2.0,5.676470588235294,8.347150259067357,6.937140357847259,39.37847320778003,5.122927618277396,125.27216174183515,10.74,8.285714285714286,32.0
JC Archer,2026,ODI,30.0,28.0,2.0,3.0,3.0,1.0,15.0,107.14,143.0,35.75,131.1926605504587,8.0,175.0,109.0,17.875,143.0,74.0,4,0,0,0,0,1,0,0,0,0,0.0,2.0,6.411764705882354,16.605504587155963,13.499348177585166,86.55464419745785,8.98506752900894,126.9729919326552,33.211009174311926,9.25,60.0
JC Archer,2026,T20I,47.0,24.0,4.0,8.0,4.0,3.0,11.75,195.83,25.0,8.333333333333334,100.0,5.0,82.0,25.0,5.0,38.0,21.0,4,0,0,0,0,0,0,1,0,0,4.0,1.0,3.959183673469388,6.159793814432989,5.831804432984579,23.089184897938946,5.407604832977968,116.69921875,10.482456140350875,9.0,21.0
JC Archer,2026,Test,198.0,324.0,9.0,8.0,16.0,7.0,22.0,61.11,11.0,11.0,28.205128205128204,2.0,166.0,39.0,5.5,11.0,11.0,4,0,0,0,0,0,0,0,1,0,0.0,0.0,2.0,5.5,15.007454128440365,30.01490825688073,18.176605504587155,28.205128205128204,11.0,10.333333333333334,27.0
JC Balt,2026,ODI,26.0,51.0,1.0,1.0,2.0,0.0,26.0,50.98,35.0,17.5,58.333333333333336,3.0,35.0,60.0,11.666666666666666,35.0,35.0,1,0,0,0,0,1,0,0,0,0,0.0,0.0,3.0,11.666666666666666,21.421669677327948,64.26500903198385,26.29917118265859,58.333333333333336,17.5,4.666666666666667,70.0
JC Buttler,2026,IPL,526.0,345.0,14.0,17.0,51.0,26.0,37.57,152.46,538.0,59.77777777777778,163.03030303030303,13.0,4121.0,330.0,41.38461538461539,359.0,429.6666666666667,10,0,0,0,1,0,0,0,0,0,11.0,14.0,13.01834862385321,38.2093023255814,36.40350606143254,473.91353303828225,27.86208973200843,152.3219553308049,47.686015831134576,3.0,441.0
JC Buttler,2026,ODI,166.0,160.0,6.0,8.0,16.0,7.0,27.67,103.75,352.0,39.111111111111114,102.92397660818713,11.0,5370.0,342.0,32.0,190.0,373.3333333333333,14,0,0,0,0,1,0,0,0,0,11.0,12.0,10.761467889908257,32.231031543052,31.022913343379205,333.8520857961817,26.29917118265859,106.76927421632307,37.6939182452642,5.454545454545454,264.0
JC Buttler,2026,T20I,486.0,321.0,20.0,20.0,54.0,19.0,24.3,151.4,572.0,38.13333333333333,170.23809523809524,15.0,3798.0,336.0,38.13333333333333,498.0,530.3333333333334,14,0,0,0,0,0,0,1,0,0,14.0,13.0,14.091743119266054,37.00130208333333,34.61737224132142,487.8191170887128,22.411651450220482,163.26917552427463,40.91720662347012,2.8,357.0
JC Cullen,2026,T20I,85.0,105.0,5.0,5.0,5.0,1.0,17.0,80.95,4.0,1.3333333333333333,40.0,3.0,26.0,10.0,1.3333333333333333,4.0,13.0,3,1,0,0,0,0,0,1,0,0,0.0,6.0,3.405063291139241,2.2156133828996283,6.623476483732548,22.55335663448172,10.5758603974794,42.23954642097803,2.5579399141630907,6.666666666666667,20.0
JC Silk,2025,BBL,35.0,44.0,3.0,4.0,2.0,0.0,11.67,79.55,196.0,39.2,132.43243243243242,8.0,2394.0,148.0,24.5,189.0,249.33333333333334,12,0,1,0,0,0,0,0,0,0,10.0,14.0,9.743119266055045,22.107344632768363,21.098636245169367,205.56652928779693,17.527808553068912,129.14901809780517,35.041791044776126,4.875,206.0
JC Tongue,2026,Test,100.0,206.0,11.0,9.0,15.0,0.0,9.09,48.54,13.0,3.25,19.11764705882353,3.0,33.0,68.0,4.333333333333333,13.0,16.5,2,0,0,0,0,0,0,0,1,0,0.0,1.0,2.4705882352941178,6.011904761904762,13.809789853367834,34.118304343614646,18.176605504587155,25.63451776649746,4.279661016949152,10.0,29.0
JD Campbell,2026,Test,444.0,932.0,12.0,7.0,54.0,8.0,37.0,47.64,106.0,17.666666666666668,61.27167630057804,3.0,920.0,173.0,35.333333333333336,106.0,106.0,5,0,0,0,0,0,0,0,1,0,0.0,0.0,3.360655737704918,39.1609756097561,54.30180606000299,182.48967610328873,64.64804020100503,58.981705973109975,21.29442970822281,2.1666666666666665,185.0
JDS Neesham,2026,T20I,150.0,132.0,9.0,10.0,12.0,4.0,16.67,113.64,11.0,2.75,61.111111111111114,4.0,955.0,18.0,2.75,120.0,116.0,10,0,0,0,0,0,0,1,0,0,7.0,18.0,8.348623853211008,12.273626373626374,13.007565572846524,108.59527221367279,15.233847810480976,136.7409402546523,16.210449927431057,5.25,83.0
JE Root,2026,ODI,525.0,588.0,5.0,9.0,46.0,2.0,105.0,89.29,659.0,65.9,95.23121387283237,11.0,7053.0,692.0,59.90909090909091,265.0,321.0,13,0,0,0,0,1,0,0,0,0,8.0,4.0,8.41284403669725,46.54307524536531,43.185806685382985,363.31545624308444,32.92375578703704,93.25292780982345,49.22722029988464,3.272727272727273,374.0
JE Root,2026,Test,735.0,1227.0,19.0,11.0,86.0,1.0,38.68,59.9,1141.0,60.05263157894737,64.42687747035573,12.0,13543.0,1771.0,95.08333333333333,986.0,1013.0,13,0,0,0,0,0,0,0,1,0,11.0,11.0,11.862385321100918,90.12529002320186,84.25803579256964,999.5012869705739,58.970170058544745,63.77731683423,56.26846933848384,3.9523809523809526,739.0
JG Bethell,2026,ODI,226.0,309.0,9.0,9.0,25.0,2.0,25.11,73.14,486.0,40.5,101.88679245283019,13.0,486.0,477.0,37.38461538461539,486.0,486.0,1,0,0,0,0,1,0,0,0,0,0.0,0.0,13.0,37.38461538461539,33.88394879452377,440.491334328809,26.29917118265859,101.88679245283019,40.5,5.538461538461538,302.0
JG Bethell,2026,T20I,448.0,305.0,16.0,17.0,42.0,22.0,28.0,146.89,292.0,36.5,156.98924731182794,13.0,338.0,186.0,22.46153846153846,46.0,169.0,2,0,0,0,0,0,0,1,0,0,2.0,0.0,8.874999999999998,22.507042253521128,20.3466874684597,180.57685128257978,15.233847810480976,156.66666666666669,34.739130434782616,4.615384615384615,154.0
JG Bethell,2026,Test,308.0,562.0,10.0,5.0,36.0,0.0,30.8,54.8,271.0,38.714285714285715,69.30946291560103,4.0,271.0,391.0,67.75,271.0,271.0,1,0,0,0,0,0,0,0,1,0,0.0,0.0,4.0,67.75,62.48210203512686,249.92840814050743,58.970170058544745,69.30946291560103,38.714285714285715,3.75,218.0
JG Kimaro,2026,T20I,46.0,79.0,7.0,8.0,2.0,0.0,6.57,58.23,29.0,9.666666666666666,63.04347826086957,4.0,29.0,46.0,7.25,29.0,29.0,1,1,0,0,0,0,0,1,0,0,0.0,0.0,4.0,7.25,9.245516238487639,36.982064953950555,10.5758603974794,63.04347826086957,9.666666666666666,4.75,36.0
JI Rodrigues,2026,ODI,353.0,346.0,8.0,10.0,46.0,0.0,44.12,102.02,747.0,39.31578947368421,104.03899721448468,20.0,1415.0,718.0,37.35,187.0,354.3333333333333,7,1,0,0,0,1,0,0,0,0,5.0,3.0,12.285714285714285,37.60963455149502,34.41924065510386,422.8649566198474,21.615126484254002,100.35459421124952,40.94213381555154,5.0,347.0
JI Rodrigues,2026,T20I,449.0,334.0,17.0,19.0,48.0,7.0,26.41,134.43,301.0,27.363636363636363,134.375,12.0,2339.0,224.0,25.083333333333332,323.0,367.3333333333333,8,1,0,0,0,0,0,1,0,0,14.0,22.0,14.100917431192661,23.819778789850353,22.920964663624904,323.20663016505944,18.316040290263185,124.65865368245429,31.50688468158347,3.3333333333333335,238.0
JI Rodrigues,2026,WPL,264.0,186.0,8.0,10.0,33.0,2.0,33.0,141.94,146.0,20.857142857142858,130.35714285714286,8.0,507.0,112.0,18.25,235.0,169.0,3,1,0,0,0,0,0,0,0,1,9.0,7.0,8.122448979591836,20.876884422110557,22.18019102345085,180.15746994558035,25.638297872340427,139.01622887736323,26.803225806451618,3.375,172.0
JJ Bumrah,2026,Test,7.0,26.0,1.0,2.0,1.0,0.0,7.0,26.92,70.0,4.666666666666667,36.84210526315789,12.0,341.0,190.0,5.833333333333333,59.0,64.5,7,0,0,0,0,0,0,0,1,0,6.0,0.0,9.175824175824175,7.391616766467066,10.24227458271026,93.98131073146227,18.176605504587155,38.890989287964715,5.906220095693779,10.052631578947368,55.0
JJ Davidson,2026,ODI,9.0,5.0,0.0,1.0,1.0,0.0,9.0,180.0,37.0,37.0,115.625,3.0,38.0,32.0,12.333333333333334,1.0,19.0,2,0,0,0,0,1,0,0,0,0,1.0,0.0,2.25,10.444444444444445,9.532333872297254,21.447751212668823,8.98506752900894,113.25301204819276,37.6,10.333333333333334,20.0
JJ Huo,2026,T20I,326.0,164.0,6.0,6.0,43.0,18.0,54.33,198.78,269.0,33.625,135.17587939698493,9.0,415.0,199.0,29.88888888888889,269.0,178.5,3,0,0,0,0,0,0,1,0,0,0.0,6.0,7.898734177215191,25.115384615384613,24.237549172149507,191.44595801799107,22.411651450220482,129.20032976092332,31.918533604887983,1.0,135.0
JJ Peirson,2025,BBL,120.0,79.0,7.0,8.0,8.0,6.0,17.14,151.9,105.0,35.0,111.70212765957446,4.0,1794.0,94.0,26.25,76.0,171.66666666666666,11,0,1,0,0,0,0,0,0,0,4.0,17.0,6.853211009174311,19.880856760374833,21.61015051213648,148.0989213996876,25.91609195402299,113.47035452322739,23.914653784219,2.0,185.0
JJ Smit,2026,ODI,108.0,123.0,7.0,7.0,6.0,7.0,15.43,87.8,180.0,13.846153846153847,73.77049180327869,13.0,945.0,244.0,13.846153846153847,240.0,170.66666666666666,6,0,0,0,0,1,0,0,0,0,9.0,5.0,10.376146788990823,18.637488947833777,20.24371163857273,210.05172351583258,26.29917118265859,73.06412478336222,20.685966633954855,6.142857142857143,163.0
JJ Smit,2026,T20I,347.0,229.0,12.0,17.0,19.0,20.0,28.92,151.53,130.0,18.571428571428573,131.31313131313132,7.0,964.0,99.0,18.571428571428573,284.0,151.0,7,0,0,0,0,0,0,1,0,0,17.0,3.0,9.394495412844035,17.82421875,17.237276694217744,161.935516833752,15.233847810480976,136.5350089766607,28.834123222748822,5.142857142857143,133.0
JJS Sangha,2025,BBL,46.0,53.0,6.0,6.0,5.0,0.0,7.67,86.79,130.0,43.333333333333336,147.72727272727272,3.0,836.0,88.0,43.333333333333336,30.0,71.0,5,0,1,0,0,0,0,0,0,0,2.0,5.0,3.9633027522935778,30.66898148148148,28.721075937441114,113.83031931169322,25.91609195402299,128.29476130531617,34.77427821522309,1.6666666666666667,159.0
JKC Claxton,2026,ODI,50.0,69.0,4.0,4.0,5.0,0.0,12.5,72.46,89.0,29.666666666666668,118.66666666666667,4.0,89.0,75.0,22.25,89.0,89.0,1,1,0,0,0,1,0,0,0,0,0.0,0.0,4.0,22.25,12.994543828264758,51.97817531305903,6.824239713774597,118.66666666666667,29.666666666666668,8.25,55.0
JKD Andreano,2026,T20I,1.0,9.0,3.0,4.0,0.0,0.0,0.33,11.11,55.0,4.230769230769231,47.008547008547005,13.0,55.0,117.0,4.230769230769231,55.0,55.0,1,1,0,0,0,0,0,1,0,0,0.0,0.0,13.0,4.230769230769231,8.67874956534627,112.8237443495015,18.316040290263185,47.008547008547005,4.230769230769231,2.5384615384615383,45.0
JL Smith,2026,ODI,18.0,24.0,3.0,3.0,2.0,1.0,6.0,75.0,356.0,27.384615384615383,117.88079470198676,13.0,365.0,302.0,27.384615384615383,9.0,182.5,2,0,0,0,0,1,0,0,0,0,1.0,0.0,8.5,26.573529411764707,28.51747626133787,242.3985482213719,32.92375578703704,117.33766233766234,26.573529411764707,2.8461538461538463,234.0
JL Smith,2026,Test,474.0,681.0,17.0,10.0,63.0,6.0,27.88,69.6,588.0,49.0,76.16580310880829,9.0,1075.0,772.0,65.33333333333333,487.0,537.5,2,0,0,0,0,0,0,0,1,0,6.0,0.0,7.874999999999999,69.85714285714286,66.34521614791767,522.4685771648516,58.970170058544745,75.47590464757332,48.900000000000006,6.933333333333334,401.0
JM Joao,2026,T20I,14.0,17.0,2.0,3.0,2.0,0.0,7.0,82.35,81.0,13.5,109.45945945945945,6.0,82.0,74.0,13.5,81.0,41.0,2,0,0,0,0,0,0,1,0,0,0.0,1.0,4.676470588235294,12.792452830188678,13.97759602450533,65.36581670283375,15.233847810480976,104.84536082474227,12.792452830188678,4.833333333333333,54.0
JM Kerr,2026,ODI,91.0,78.0,9.0,10.0,9.0,3.0,10.11,116.67,59.0,19.666666666666668,101.72413793103448,4.0,276.0,58.0,14.75,76.0,47.333333333333336,6,1,0,0,0,1,0,0,0,0,7.0,1.0,5.036697247706421,11.25865209471767,14.918183681126267,75.13837468750751,21.615126484254002,104.62085308056872,14.929951690821255,7.5,55.0
JM Kerr,2026,T20I,60.0,58.0,3.0,8.0,4.0,1.0,20.0,103.45,36.0,12.0,109.09090909090908,4.0,167.0,33.0,9.0,77.0,47.333333333333336,4,1,0,0,0,0,0,1,0,0,10.0,3.0,5.653061224489796,8.361010830324908,9.139061029559508,51.663671534448646,10.5758603974794,116.79273827534038,12.655737704918032,7.25,42.0
JM Sharma,2026,IPL,116.0,95.0,9.0,12.0,9.0,6.0,12.89,122.11,261.0,37.285714285714285,176.35135135135135,11.0,991.0,148.0,23.727272727272727,187.0,252.33333333333334,4,0,0,0,1,0,0,0,0,0,12.0,14.0,11.6697247706422,21.066037735849058,20.575630556921414,240.1119455816884,18.496304118268217,159.52848722986246,26.742514970059876,5.636363636363637,232.0
JM Vince,2026,PSL,26.0,17.0,2.0,2.0,4.0,1.0,13.0,152.94,378.0,37.8,148.23529411764707,11.0,1500.0,255.0,34.36363636363637,214.0,255.33333333333334,7,0,0,0,0,0,1,0,0,0,9.0,5.0,8.954128440366972,30.35758196721311,29.608654744544666,265.1196975291339,27.17214484679666,142.35814154614903,33.47909604519773,3.0,281.0
JN Frylinck,2026,ODI,388.0,542.0,10.0,11.0,29.0,4.0,38.8,71.59,238.0,21.636363636363637,67.42209631728045,11.0,845.0,353.0,21.636363636363637,267.0,187.0,6,0,0,0,0,1,0,0,0,0,9.0,5.0,9.256880733944953,22.900891972249752,25.19795778159749,233.25448992322814,32.92375578703704,69.373724030263,24.120041753653442,3.090909090909091,199.0
JN Frylinck,2026,T20I,754.0,489.0,20.0,21.0,70.0,35.0,37.7,154.19,86.0,14.333333333333334,145.76271186440678,6.0,756.0,59.0,14.333333333333334,437.0,208.0,7,0,0,0,0,0,0,1,0,0,21.0,3.0,9.8348623853211,18.68563432835821,19.500361104275616,191.7833679246189,22.411651450220482,114.51520695174938,21.355010660980817,1.8333333333333333,156.0
JN Loftie-Eaton,2026,ODI,58.0,99.0,3.0,6.0,4.0,0.0,19.33,58.59,293.0,26.636363636363637,78.13333333333333,13.0,986.0,375.0,22.53846153846154,102.0,233.66666666666666,4,0,0,0,0,1,0,0,0,0,5.0,16.0,10.990825688073393,21.9974958263773,22.858979542588504,251.2390595598259,26.29917118265859,76.6543529480206,25.963546798029558,6.0,197.0
JN Loftie-Eaton,2026,T20I,225.0,183.0,15.0,18.0,19.0,7.0,15.0,122.95,245.0,40.833333333333336,170.13888888888889,6.0,591.0,144.0,40.833333333333336,195.0,153.66666666666666,5,0,0,0,0,0,0,1,0,0,9.0,3.0,6.8348623853211,26.36778523489933,25.23205304791019,172.45761028158796,22.411651450220482,160.68711656441718,29.6289592760181,3.0,179.0
JNT Seales,2026,ODI,18.0,50.0,4.0,6.0,2.0,0.0,4.5,36.0,35.0,35.0,152.17391304347828,3.0,52.0,23.0,11.666666666666666,35.0,18.0,3,0,0,0,0,1,0,0,0,0,0.0,2.0,2.7721518987341773,8.876712328767123,8.939345392490718,24.781223303233766,8.98506752900894,115.37091988130564,20.041237113402065,10.75,11.0
JNT Seales,2026,Test,106.0,253.0,10.0,8.0,8.0,3.0,10.6,41.9,71.0,11.833333333333334,60.68376068376068,6.0,145.0,117.0,11.833333333333334,33.0,36.333333333333336,5,0,0,0,0,0,0,0,1,0,5.0,1.0,4.798165137614678,9.35755258126195,12.572274181502,60.323847678216005,18.176605504587155,51.65716698332277,8.833935018050541,10.833333333333334,38.0
JO Holder,2025,CPL,267.0,159.0,7.0,10.0,13.0,21.0,38.14,167.92,112.0,16.0,114.28571428571428,8.0,1164.0,98.0,14.0,106.0,124.33333333333333,10,0,0,1,0,0,0,0,0,0,8.0,9.0,8.266055045871559,14.172031076581575,14.752177813158044,121.9423138500495,16.494551845342706,118.68203364624964,17.90883590462833,6.5,95.0
JO Holder,2026,T20I,237.0,152.0,11.0,14.0,10.0,21.0,21.55,155.92,181.0,25.857142857142858,169.1588785046729,11.0,653.0,107.0,16.454545454545453,84.0,119.33333333333333,9,0,0,0,0,0,0,1,0,0,6.0,8.0,9.229357798165138,14.400596421471173,12.33482499991837,113.8425133019989,5.407604832977968,161.90210102816272,22.81417322834646,7.545454545454546,87.0
JP Greaves,2026,ODI,191.0,221.0,8.0,9.0,15.0,4.0,23.88,86.43,277.0,55.4,137.81094527363186,9.0,315.0,201.0,30.77777777777778,9.0,143.0,3,0,0,0,0,1,0,0,0,0,2.0,0.0,5.967032967032966,26.591160220994475,26.487249531195225,158.05029115867038,26.29917118265859,126.27022299956275,42.09620991253644,5.888888888888889,170.0
JP Greaves,2026,Test,701.0,1380.0,14.0,9.0,70.0,2.0,50.07,50.8,237.0,19.75,50.53304904051173,7.0,305.0,469.0,33.857142857142854,68.0,152.5,2,0,0,0,0,0,0,0,1,0,2.0,0.0,5.124999999999999,33.87804878048781,44.480353545863984,227.96181192255287,58.970170058544745,51.57816561455626,19.291666666666668,6.5,161.0
JP Inglis,2026,IPL,266.0,143.0,5.0,5.0,32.0,12.0,53.2,186.01,278.0,30.88888888888889,162.5730994152047,11.0,278.0,171.0,25.272727272727273,278.0,278.0,1,0,0,0,1,0,0,0,0,0,0.0,0.0,11.0,25.272727272727273,22.881048512329958,251.69153363562953,18.496304118268217,162.5730994152047,30.88888888888889,3.8181818181818183,206.0
JP Inglis,2026,ODI,207.0,254.0,7.0,7.0,25.0,2.0,29.57,81.5,355.0,44.375,107.90273556231003,10.0,766.0,329.0,35.5,319.0,250.33333333333334,4,0,0,0,0,1,0,0,0,0,12.0,4.0,8.752293577981652,30.26310272536687,29.31479374385771,256.5716810242225,26.29917118265859,107.80806572068707,35.037621359223294,4.5,249.0
JP Inglis,2026,T20I,155.0,120.0,10.0,11.0,19.0,3.0,15.5,129.17,199.0,24.875,180.9090909090909,9.0,878.0,110.0,22.11111111111111,414.0,233.0,4,0,0,0,0,0,0,1,0,0,13.0,5.0,9.238532110091743,25.70705064548163,24.950646851619084,230.50735210624237,22.411651450220482,170.93898573692553,29.82373271889401,3.3,202.0
JP Inglis,2026,Test,65.0,84.0,3.0,2.0,8.0,0.0,21.67,77.38,119.0,29.75,82.63888888888889,3.0,119.0,144.0,39.666666666666664,119.0,119.0,1,0,0,0,0,0,0,0,1,0,0.0,0.0,3.0,39.666666666666664,52.53566892791872,157.60700678375616,58.970170058544745,82.63888888888889,29.75,4.75,143.0
JR Hazlewood,2026,ODI,0.0,2.0,1.0,1.0,0.0,0.0,0.0,0.0,10.0,10.0,37.03703703703704,5.0,135.0,27.0,2.0,31.0,18.0,11,0,0,0,0,1,0,0,0,0,6.0,2.0,4.678899082568807,3.845098039215686,5.748790442842816,26.89801032889758,8.98506752900894,78.88173773129526,12.986754966887418,11.0,10.0
JR Hazlewood,2026,Test,10.0,29.0,1.0,2.0,1.0,0.0,10.0,34.48,66.0,11.0,45.51724137931035,6.0,565.0,145.0,11.0,34.0,40.0,11,0,0,0,0,0,0,0,1,0,6.0,4.0,5.1651376146788985,8.312611012433393,11.741577811559848,60.646865210166915,18.176605504587155,41.9956927494616,10.540540540540542,11.0,37.0
JR Medianesta,2026,T20I,17.0,30.0,2.0,3.0,0.0,0.0,8.5,56.67,8.0,2.6666666666666665,28.57142857142857,6.0,8.0,28.0,1.3333333333333333,8.0,8.0,1,1,0,0,0,0,0,1,0,0,0.0,0.0,6.0,1.3333333333333333,2.2871794871794875,13.723076923076924,3.241025641025641,28.57142857142857,2.6666666666666665,10.0,6.0
JR Philippe,2025,BBL,292.0,213.0,12.0,12.0,30.0,8.0,24.33,137.09,195.0,21.666666666666668,132.6530612244898,10.0,2453.0,147.0,19.5,257.0,239.33333333333334,8,0,1,0,0,0,0,0,0,0,11.0,15.0,11.504587155963302,21.504784688995212,22.356388408112544,257.20101893369844,25.91609195402299,130.23132274110202,22.604358759430006,1.3,247.0
JS Kundi,2026,T20I,43.0,48.0,3.0,5.0,1.0,2.0,14.33,89.58,22.0,5.5,64.70588235294117,4.0,119.0,34.0,5.5,88.0,55.0,3,0,0,0,0,0,0,1,0,0,6.0,0.0,4.749999999999999,9.842105263157896,12.220815210506315,58.04887224990498,15.233847810480976,101.63043478260869,11.687499999999998,5.25,77.0
JS Pooranakaran,2026,T20I,2.0,7.0,1.0,2.0,0.0,0.0,2.0,28.57,3.0,0.6,14.285714285714285,5.0,4.0,21.0,0.6,0.0,1.5,3,1,0,0,0,0,0,1,0,0,3.0,0.0,4.461538461538461,0.3965517241379311,1.6052516888210941,7.1618921501248805,3.241025641025641,10.157728706624606,0.4316353887399464,9.5,6.0
JT Brassell,2026,ODI,10.0,27.0,3.0,6.0,0.0,0.0,3.33,37.04,2.0,1.0,20.0,3.0,4.0,10.0,0.6666666666666666,2.0,2.0,2,0,0,0,0,1,0,0,0,0,3.0,0.0,2.9999999999999996,0.6666666666666667,5.288000479079041,15.86400143723712,8.98506752900894,20.0,0.8421052631578948,10.333333333333334,7.0
JW Jenner,2026,T20I,122.0,62.0,2.0,4.0,8.0,9.0,61.0,196.77,131.0,26.2,136.45833333333331,6.0,1233.0,96.0,21.833333333333332,388.0,219.0,6,0,0,0,0,0,0,1,0,0,11.0,6.0,7.880733944954128,27.256111757857973,24.144222901763843,190.27419699646916,15.233847810480976,153.64877280483003,32.65411436541144,4.0,170.0
Jaker Ali,2026,T20I,60.0,55.0,6.0,6.0,5.0,1.0,10.0,109.09,387.0,32.25,133.44827586206895,18.0,632.0,290.0,21.5,245.0,316.0,2,0,0,0,0,0,0,1,0,0,14.0,0.0,16.499999999999996,20.227272727272727,19.30256440934833,318.4923127542474,15.233847810480976,128.3653846153846,30.689655172413797,5.555555555555555,212.0
Jamshid Nasiri,2026,T20I,79.0,68.0,6.0,7.0,6.0,3.0,13.17,116.18,88.0,22.0,112.82051282051282,5.0,88.0,78.0,17.6,88.0,88.0,1,0,0,0,0,0,0,1,0,0,0.0,0.0,5.0,17.6,16.309371532989623,81.5468576649481,15.233847810480976,112.82051282051282,22.0,6.4,53.0
Jasdeep Singh,2026,ODI,4.0,2.0,1.0,1.0,1.0,0.0,4.0,200.0,70.0,14.0,104.4776119402985,7.0,293.0,67.0,10.0,4.0,85.0,6,0,0,0,0,1,0,0,0,0,2.0,11.0,5.8807339449541285,11.090483619344774,10.41925638544387,61.27287470705982,8.98506752900894,83.6845203060624,13.592734225621415,9.125,59.0
Jaskaran Singh,2026,T20I,4.0,5.0,1.0,2.0,0.0,0.0,4.0,80.0,109.0,27.25,187.93103448275863,7.0,109.0,58.0,15.571428571428571,109.0,109.0,1,0,0,0,0,0,0,1,0,0,0.0,0.0,7.0,15.571428571428571,15.415622066375835,107.90935446463085,15.233847810480976,187.93103448275863,27.25,6.857142857142857,71.0
Jaspal Singh,2026,T20I,212.0,164.0,6.0,9.0,14.0,13.0,35.33,129.27,81.0,11.571428571428571,98.78048780487805,10.0,509.0,82.0,8.1,165.0,169.66666666666666,3,0,0,0,0,0,0,1,0,0,9.0,15.0,10.612244897959183,13.205769230769233,13.65981667398828,144.9613198055899,15.233847810480976,107.49843456480903,17.03970223325062,5.7,101.0
Jaswinder Singh,2026,T20I,11.0,15.0,2.0,3.0,1.0,0.0,5.5,73.33,37.0,6.166666666666667,60.65573770491803,9.0,67.0,61.0,4.111111111111111,30.0,22.333333333333332,3,0,0,0,0,0,0,1,0,0,5.0,1.0,6.3061224489795915,4.449838187702266,4.762833823413279,30.03501329458578,5.407604832977968,71.46569646569647,6.740196078431373,9.0,19.0
Jatinder Singh,2026,ODI,316.0,306.0,9.0,9.0,37.0,8.0,35.11,103.27,497.0,35.5,72.34352256186317,15.0,1670.0,687.0,33.13333333333333,497.0,309.5,6,0,0,0,0,1,0,0,0,0,0.0,9.0,14.468354430379748,30.832020997375327,31.26689309501809,452.3804912355149,32.92375578703704,72.28923076923076,32.57024029574861,1.5,266.0
Jatinder Singh,2026,T20I,215.0,165.0,10.0,10.0,28.0,6.0,21.5,130.3,322.0,23.0,133.60995850622405,14.0,1267.0,241.0,23.0,23.0,175.33333333333334,7,0,0,0,0,0,0,1,0,0,3.0,7.0,9.513761467889909,21.22082931533269,21.48802949518784,204.4319870321999,22.411651450220482,128.5021897810219,22.07221664994985,1.5,183.0
Javed Hina,2026,T20I,173.0,199.0,12.0,15.0,15.0,0.0,14.42,86.93,30.0,15.0,136.36363636363635,3.0,96.0,22.0,10.0,37.0,33.5,3,1,0,0,0,0,0,1,0,0,3.0,0.0,2.9999999999999996,10.875000000000002,10.708811331933,32.12643399579899,10.5758603974794,77.91044776119404,13.73684210526316,4.666666666666667,52.0
Jay Odedra,2026,ODI,4.0,12.0,2.0,2.0,1.0,0.0,2.0,33.33,27.0,6.75,61.36363636363637,5.0,31.0,44.0,5.4,27.0,15.5,2,0,0,0,0,1,0,0,0,0,0.0,3.0,4.470588235294118,4.677631578947368,6.817086521030931,30.476386799902986,8.98506752900894,57.99347471451877,6.02542372881356,9.4,18.0
Jay Odedra,2026,T20I,8.0,15.0,0.0,2.0,1.0,0.0,8.0,53.33,26.0,26.0,123.80952380952381,4.0,32.0,21.0,6.5,26.0,26.0,2,0,0,0,0,0,0,1,0,0,0.0,0.0,4.0,6.5,5.844562899786781,23.378251599147124,5.407604832977968,123.80952380952381,26.0,9.5,13.0
Jayasooriya,2026,T20I,2.0,3.0,1.0,2.0,0.0,0.0,2.0,66.67,71.0,10.142857142857142,71.71717171717171,8.0,71.0,99.0,8.875,71.0,35.5,2,1,0,0,0,0,0,1,0,0,0.0,4.0,6.9411764705882355,7.521186440677966,8.708235905756244,60.445402169366865,10.5758603974794,69.68983117393012,8.412322274881516,5.625,41.0
Jiaping Li,2026,T20I,103.0,172.0,11.0,12.0,6.0,0.0,9.36,59.88,31.0,3.4444444444444446,32.29166666666667,10.0,31.0,96.0,3.1,31.0,31.0,1,1,0,0,0,0,0,1,0,0,0.0,0.0,10.0,3.1,5.903447649054774,59.034476490547746,10.5758603974794,32.29166666666667,3.4444444444444446,4.9,27.0
Jobayer Hossen,2026,T20I,40.0,54.0,2.0,3.0,4.0,2.0,20.0,74.07,17.0,8.5,73.91304347826086,3.0,17.0,23.0,5.666666666666667,17.0,17.0,1,0,0,0,0,0,0,1,0,0,0.0,0.0,3.0,5.666666666666667,5.493958777540867,16.4818763326226,5.407604832977968,73.91304347826086,8.5,8.666666666666666,15.0
Jordan O'Brien,2026,T20I,59.0,65.0,6.0,8.0,6.0,1.0,9.83,90.77,114.0,19.0,134.1176470588235,6.0,194.0,85.0,19.0,45.0,64.66666666666667,3,0,0,0,0,0,0,1,0,0,6.0,4.0,5.63265306122449,13.913043478260871,14.378115426225696,80.98693587016922,15.233847810480976,121.17387188387502,13.913043478260871,6.166666666666667,80.0
Jun Hyunwoo,2026,T20I,1.0,17.0,3.0,3.0,0.0,0.0,0.33,5.88,15.0,2.5,35.714285714285715,6.0,81.0,42.0,2.5,15.0,40.5,2,0,0,0,0,0,0,1,0,0,0.0,3.0,5.205882352941177,5.47457627118644,9.951306335083016,51.80533003852041,15.233847810480976,57.67857142857142,5.47457627118644,5.5,48.0
Junaid Aziz,2026,T20I,127.0,128.0,8.0,9.0,11.0,5.0,15.88,99.22,284.0,28.4,106.76691729323309,17.0,600.0,266.0,16.705882352941178,117.0,180.33333333333334,5,0,0,0,0,0,0,1,0,0,9.0,7.0,11.834862385321099,15.997674418604651,15.853556190656787,187.62465583437847,15.233847810480976,109.83554207248922,24.98426150121065,5.647058823529412,120.0
Junaid Mehmood,2026,T20I,22.0,30.0,3.0,3.0,1.0,0.0,7.33,73.33,49.0,9.8,96.07843137254902,5.0,81.0,51.0,9.8,30.0,26.333333333333332,4,0,0,0,0,0,0,1,0,0,1.0,1.0,3.0408163265306123,11.241610738255034,13.244405256094135,40.2738037379189,15.233847810480976,97.44037230948224,12.5,4.2,53.0
Junaid Siddique,2026,ODI,21.0,24.0,3.0,7.0,0.0,2.0,7.0,87.5,28.0,4.666666666666667,50.90909090909091,12.0,1022.0,55.0,2.3333333333333335,8.0,31.333333333333332,8,0,0,0,0,1,0,0,0,0,2.0,17.0,9.56880733944954,2.910834132310642,4.267699373568639,40.83679308836779,8.98506752900894,57.33711048158639,4.758620689655172,9.916666666666666,21.0
Junaid Siddique,2026,T20I,7.0,10.0,1.0,3.0,1.0,0.0,7.0,70.0,17.0,8.5,113.33333333333333,6.0,233.0,15.0,2.8333333333333335,5.0,18.0,7,0,0,0,0,0,0,1,0,0,4.0,5.0,4.981651376146789,3.3075506445672196,4.0549008895532515,20.200102596581793,5.407604832977968,109.31223371880708,9.21025641025641,9.375,14.0
K Alleyne,2025,CPL,191.0,159.0,8.0,8.0,15.0,9.0,23.88,120.13,142.0,17.75,161.36363636363635,8.0,151.0,88.0,17.75,9.0,75.5,3,0,0,1,0,0,0,0,0,0,2.0,0.0,5.175824175824175,15.647558386411891,19.102693327777374,98.8721819492653,24.527255185721177,161.5873711905284,15.647558386411891,2.375,111.0
K Awino,2026,T20I,46.0,77.0,4.0,6.0,4.0,0.0,11.5,59.74,105.0,15.0,59.65909090909091,11.0,643.0,176.0,9.545454545454545,89.0,89.0,7,1,0,0,0,0,0,1,0,0,14.0,6.0,11.504587155963302,10.003987240829346,10.114387464120863,116.36185211016111,10.5758603974794,61.18019995123141,13.054110301768992,5.636363636363637,82.0
K Bhurtel,2026,ODI,303.0,372.0,12.0,13.0,33.0,8.0,25.25,81.45,167.0,27.833333333333332,78.40375586854461,7.0,1295.0,213.0,23.857142857142858,188.0,315.3333333333333,5,0,0,0,0,1,0,0,0,0,7.0,25.0,10.678899082568806,23.49226804123711,25.42494995636005,271.51047476333116,32.92375578703704,83.72627066748315,24.546678635547575,2.0,243.0
K Bhurtel,2026,T20I,772.0,497.0,18.0,19.0,70.0,46.0,42.89,155.33,467.0,35.92307692307692,137.75811209439527,14.0,1537.0,339.0,33.357142857142854,497.0,482.0,4,0,0,0,0,0,0,1,0,0,28.0,0.0,18.252747252747252,24.987959060806745,24.593827350875138,448.9049146132264,22.411651450220482,130.5393929863186,25.81156716417911,2.8125,307.0
K Dema,2026,T20I,41.0,68.0,6.0,6.0,5.0,0.0,6.83,60.29,31.0,6.2,53.44827586206896,5.0,118.0,58.0,6.2,65.0,36.0,4,1,0,0,0,0,0,1,0,0,7.0,4.0,5.082568807339449,6.906137184115524,10.914299867773952,55.47268006189696,18.316040290263185,50.38188043191993,7.561264822134388,1.8,55.0
K Fraser,2026,T20I,423.0,335.0,17.0,19.0,61.0,7.0,24.88,126.27,28.0,9.333333333333334,65.11627906976744,4.0,91.0,43.0,7.0,14.0,20.0,5,1,0,0,0,0,0,1,0,0,3.0,4.0,3.724770642201835,5.822660098522166,4.7256482893876655,17.6019560136825,3.241025641025641,64.89157287949492,7.650485436893203,8.0,24.0
K Goud,2026,ODI,38.0,48.0,4.0,6.0,5.0,0.0,9.5,79.17,6.0,6.0,42.857142857142854,3.0,6.0,14.0,2.0,6.0,6.0,1,1,0,0,0,1,0,0,0,0,0.0,0.0,3.0,2.0,5.216159809183065,15.648479427549194,6.824239713774597,42.857142857142854,6.0,9.666666666666666,9.0
K Goud,2026,WPL,1.0,2.0,1.0,1.0,0.0,0.0,1.0,50.0,8.0,8.0,114.28571428571428,4.0,8.0,7.0,2.0,8.0,8.0,1,1,0,0,0,0,0,0,0,1,0.0,0.0,4.0,2.0,4.484324324324325,17.9372972972973,6.140540540540541,114.28571428571428,8.0,10.75,5.0
K Inakale,2026,T20I,8.0,17.0,2.0,3.0,1.0,0.0,4.0,47.06,5.0,5.0,25.0,3.0,13.0,20.0,1.6666666666666667,8.0,6.5,2,1,0,0,0,0,0,1,0,0,5.0,0.0,3.75,1.6333333333333335,2.4371794871794874,9.139423076923078,3.241025641025641,28.488372093023255,3.5000000000000004,9.0,8.0
K Jaikaran,2026,T20I,21.0,39.0,4.0,5.0,2.0,0.0,5.25,53.85,67.0,9.571428571428571,70.52631578947368,8.0,67.0,95.0,8.375,67.0,67.0,1,0,0,0,0,0,0,1,0,0,0.0,0.0,8.0,8.375,11.314506204491847,90.51604963593478,15.233847810480976,70.52631578947368,9.571428571428571,5.5,47.0
K Joshi,2026,T20I,68.0,114.0,11.0,14.0,6.0,0.0,6.18,59.65,139.0,13.9,86.33540372670807,11.0,265.0,161.0,12.636363636363637,37.0,71.0,5,1,0,0,0,0,0,1,0,0,4.0,8.0,8.174311926605505,10.262626262626263,10.341526548483476,84.53486380457593,10.5758603974794,82.76611151339608,13.17579250720461,6.166666666666667,74.0
K Kadowaki-Fleming,2026,T20I,339.0,304.0,15.0,15.0,28.0,15.0,22.6,111.51,443.0,44.3,128.77906976744185,12.0,1440.0,344.0,36.916666666666664,529.0,480.0,3,0,0,0,0,0,0,1,0,0,12.0,11.0,11.816326530612246,40.10708117443869,36.46604625176004,430.8947097912054,22.411651450220482,142.7991636945025,45.17898832684824,1.5833333333333333,339.0
K Kisova,2026,T20I,0.0,11.0,1.0,2.0,0.0,0.0,0.0,0.0,1.0,0.2,2.941176470588235,5.0,1.0,34.0,0.2,1.0,1.0,1,1,0,0,0,0,0,1,0,0,0.0,0.0,5.0,0.2,1.8587412587412588,9.293706293706293,3.241025641025641,2.941176470588235,0.2,7.875,8.0
K Klein,2026,ODI,24.0,46.0,3.0,4.0,0.0,0.0,8.0,52.17,91.0,15.166666666666666,68.42105263157895,7.0,136.0,133.0,13.0,45.0,68.0,2,0,0,0,0,1,0,0,0,0,4.0,0.0,5.875,12.553191489361701,11.163013322990496,65.58270327256916,8.98506752900894,69.8224852071006,16.38888888888889,8.428571428571429,58.0
K Klein,2026,T20I,8.0,13.0,0.0,2.0,0.0,0.0,8.0,61.54,23.0,5.75,76.66666666666667,5.0,42.0,30.0,4.6,19.0,21.0,2,0,0,0,0,0,0,1,0,0,4.0,0.0,4.625,4.648648648648648,4.9884797759602835,23.071718963816313,5.407604832977968,80.75117370892018,5.374999999999999,8.2,20.0
K Klesse,2026,T20I,66.0,62.0,3.0,3.0,2.0,3.0,22.0,106.45,104.0,34.666666666666664,109.47368421052633,3.0,104.0,95.0,34.666666666666664,104.0,104.0,1,0,0,0,0,0,0,1,0,0,0.0,0.0,3.0,34.666666666666664,26.496656522369207,79.48996956710762,22.411651450220482,109.47368421052633,34.666666666666664,3.0,79.0
K Kunwar,2026,T20I,208.0,243.0,19.0,23.0,16.0,2.0,10.95,85.6,82.0,13.666666666666666,87.2340425531915,6.0,292.0,94.0,13.666666666666666,67.0,76.0,5,1,0,0,0,0,0,1,0,0,8.0,10.0,7.3119266055045875,10.292346298619822,12.486610835988108,91.30118198424333,18.316040290263185,78.8068018061293,11.73533619456366,3.3333333333333335,79.0
K Meso,2026,T20I,53.0,56.0,1.0,3.0,5.0,1.0,53.0,94.64,24.0,24.0,75.0,3.0,43.0,32.0,8.0,19.0,21.5,2,1,0,0,0,0,0,1,0,0,5.0,0.0,3.75,5.8999999999999995,8.237930198739699,30.89223824527387,10.5758603974794,68.33976833976834,16.09090909090909,6.666666666666667,27.0
K Mirpuri,2026,T20I,117.0,122.0,4.0,9.0,8.0,1.0,29.25,95.9,77.0,38.5,150.98039215686273,4.0,132.0,51.0,19.25,27.0,44.0,3,0,0,0,0,0,0,1,0,0,5.0,5.0,4.4897959183673475,11.736363636363636,13.154262625870665,59.05995464676626,15.233847810480976,118.54912764003673,39.723076923076924,5.5,69.0
K Mishara,2026,T20I,399.0,307.0,17.0,18.0,36.0,18.0,23.47,129.97,158.0,79.0,139.8230088495575,4.0,173.0,113.0,39.5,158.0,158.0,2,0,0,0,0,0,0,1,0,0,0.0,0.0,3.819672131147541,34.6137339055794,27.74577004702841,105.97974460586262,22.411651450220482,137.65147636115378,60.6390977443609,3.0,104.0
K Motlanka,2026,T20I,312.0,268.0,8.0,10.0,30.0,6.0,39.0,116.42,327.0,27.25,100.92592592592592,13.0,816.0,324.0,25.153846153846153,327.0,327.5,3,0,0,0,0,0,0,1,0,0,0.0,14.0,12.113924050632914,25.104493207941484,24.46181021087203,296.32851103550047,22.411651450220482,104.6932194526756,27.02474690663667,1.3846153846153846,203.0
K Nassoro,2026,T20I,47.0,44.0,2.0,4.0,4.0,1.0,23.5,106.82,64.0,12.8,100.0,5.0,825.0,64.0,12.8,124.0,181.66666666666666,4,0,0,0,0,0,0,1,0,0,12.0,26.0,10.999999999999998,13.699749791492911,14.006774078148295,154.07451485963122,15.233847810480976,92.92826431319304,15.584440227703984,4.6,113.0
K Ndlovu,2026,ODI,287.0,478.0,8.0,9.0,37.0,1.0,35.88,60.04,90.0,22.5,62.93706293706294,4.0,189.0,143.0,22.5,87.0,63.0,3,1,0,0,0,1,0,0,0,0,5.0,3.0,4.122448979591836,18.13366336633663,23.455437367864693,96.69384384303403,30.622093023255815,61.21323529411764,18.13366336633663,2.0,92.0
K Ndlovu,2026,T20I,222.0,225.0,15.0,16.0,34.0,3.0,14.8,98.67,336.0,42.0,103.06748466257669,11.0,1001.0,326.0,30.545454545454547,386.0,273.6666666666667,4,1,0,0,0,0,0,1,0,0,23.0,7.0,13.440366972477062,21.939931740614337,21.323972853869098,286.60202046713965,18.316040290263185,101.09454614078129,26.30278232405892,1.8181818181818181,219.0
K Oala,2026,T20I,157.0,174.0,12.0,12.0,14.0,8.0,13.08,90.23,207.0,51.75,156.8181818181818,5.0,271.0,132.0,41.4,207.0,207.0,2,1,0,0,0,0,0,1,0,0,0.0,0.0,5.0,41.4,28.808749249234463,144.0437462461723,18.316040290263185,156.8181818181818,51.75,1.0,130.0
K Ota,2026,T20I,30.0,43.0,2.0,5.0,2.0,0.0,15.0,69.77,66.0,7.333333333333333,56.896551724137936,10.0,99.0,116.0,6.6,10.0,33.0,3,1,0,0,0,0,0,1,0,0,3.0,3.0,6.571428571428572,6.232919254658385,7.61309122801252,50.028885212653705,10.5758603974794,55.12221917055754,6.968749999999999,4.2,52.0
K Paskova,2026,T20I,1.0,13.0,1.0,3.0,0.0,0.0,1.0,7.69,0.0,0.0,0.0,4.0,0.0,19.0,0.0,0.0,0.0,1,1,0,0,0,0,0,1,0,0,0.0,0.0,4.0,0.0,6.345516238487639,25.382064953950557,10.5758603974794,0.0,0.0,7.5,12.0
K Piet,2026,T20I,108.0,130.0,8.0,15.0,4.0,2.0,13.5,83.08,30.0,4.285714285714286,65.21739130434783,8.0,53.0,46.0,3.75,30.0,26.5,2,0,0,0,0,0,0,1,0,0,0.0,7.0,7.735294117647059,3.6387832699619773,4.281212409071901,33.11643716429147,5.407604832977968,65.32423208191126,4.737623762376238,8.25,14.0
K Rabada,2026,T20I,0.0,2.0,1.0,2.0,0.0,0.0,0.0,0.0,28.0,9.333333333333334,175.0,4.0,184.0,16.0,7.0,9.0,18.0,9,0,0,0,0,0,0,1,0,0,3.0,3.0,3.5596330275229353,6.255154639175257,5.88558350275202,20.950517422640214,5.407604832977968,133.57182168409466,9.707999999999997,8.75,24.0
K Rabada,2026,Test,71.0,72.0,3.0,2.0,4.0,4.0,23.67,98.61,99.0,19.8,74.43609022556392,6.0,1031.0,133.0,16.5,35.0,65.66666666666667,10,0,0,0,0,0,0,0,1,0,4.0,5.0,5.486238532110091,14.523411371237462,15.74385484563045,86.37454309804595,18.176605504587155,60.141264455370134,12.96268656716418,10.25,69.0
K Ramharack,2026,ODI,20.0,71.0,3.0,5.0,1.0,0.0,6.67,28.17,60.0,12.0,57.692307692307686,10.0,137.0,104.0,6.0,39.0,33.333333333333336,6,1,0,0,0,1,0,0,0,0,8.0,1.0,7.357798165137614,5.482543640897756,5.84779665529254,43.02690750040932,6.824239713774597,52.09715639810426,11.788203753351207,10.7,21.0
K Sathish,2026,T20I,57.0,54.0,4.0,4.0,9.0,1.0,14.25,105.56,71.0,17.75,91.02564102564102,4.0,71.0,78.0,17.75,71.0,71.0,1,0,0,0,0,0,0,1,0,0,0.0,0.0,4.0,17.75,16.240308686288586,64.96123474515434,15.233847810480976,91.02564102564102,17.75,3.75,61.0
K Shivam,2026,T20I,28.0,43.0,3.0,4.0,2.0,1.0,9.33,65.12,11.0,3.6666666666666665,26.190476190476193,3.0,11.0,42.0,3.6666666666666665,0.0,5.5,2,0,0,0,0,0,0,1,0,0,1.0,0.0,2.25,3.0555555555555554,15.153115489721134,34.09450985187255,22.411651450220482,24.774774774774773,3.0555555555555554,3.0,34.0
K Sonavale,2026,T20I,26.0,22.0,3.0,3.0,4.0,1.0,8.67,118.18,44.0,14.666666666666666,86.27450980392157,3.0,44.0,51.0,14.666666666666666,44.0,44.0,1,0,0,0,0,0,0,1,0,0,0.0,0.0,3.0,14.666666666666666,19.829989855702543,59.48996956710763,22.411651450220482,86.27450980392157,14.666666666666666,2.3333333333333335,61.0
K Srandeva,2026,T20I,37.0,112.0,7.0,8.0,0.0,0.0,5.29,33.04,31.0,5.166666666666667,34.065934065934066,8.0,31.0,91.0,3.875,31.0,31.0,1,1,0,0,0,0,0,1,0,0,0.0,0.0,8.0,3.875,6.746797313205456,53.97437850564365,10.5758603974794,34.065934065934066,5.166666666666667,5.875,33.0
K Tesarikova,2026,T20I,180.0,137.0,9.0,12.0,27.0,2.0,20.0,131.39,152.0,21.714285714285715,92.12121212121212,8.0,186.0,165.0,19.0,34.0,93.0,2,1,0,0,0,0,0,1,0,0,4.0,0.0,6.5,16.576923076923077,17.21318547204751,111.88570556830881,18.316040290263185,90.07314524555903,18.340425531914892,2.875,97.0
K Thuchila,2026,T20I,3.0,7.0,2.0,4.0,0.0,0.0,1.5,42.86,1.0,0.3333333333333333,14.285714285714285,4.0,1.0,7.0,0.25,1.0,1.0,1,0,0,0,0,0,0,1,0,0,0.0,0.0,4.0,0.25,3.344562899786781,13.378251599147124,5.407604832977968,14.285714285714285,0.3333333333333333,10.0,7.0
K Verreynne,2026,Test,101.0,264.0,6.0,4.0,9.0,0.0,16.83,38.26,446.0,44.6,65.49192364170338,9.0,1165.0,681.0,49.55555555555556,147.0,253.66666666666666,5,0,0,0,0,0,0,0,1,0,4.0,3.0,6.633027522935779,46.67911479944675,50.2835298314403,333.5320373223058,58.970170058544745,62.62571905733901,37.41574279379158,6.846153846153846,275.0
K Vijayaraghavan,2026,T20I,5.0,5.0,1.0,1.0,1.0,0.0,5.0,100.0,192.0,12.8,62.95081967213115,16.0,311.0,305.0,12.0,39.0,83.66666666666667,7,1,0,0,0,0,0,1,0,0,6.0,2.0,9.623853211009173,10.746425166825547,12.429808811770908,119.62265544539157,18.316040290263185,60.915378796066136,12.14762931034483,2.25,83.0
KA Green,2026,T20I,216.0,284.0,18.0,20.0,22.0,4.0,12.0,76.06,422.0,30.142857142857142,91.14470842332614,20.0,986.0,463.0,21.1,49.0,176.33333333333334,7,1,0,0,0,0,0,1,0,0,9.0,6.0,13.853211009174311,16.44701986754967,16.75680225805467,232.1355175198399,18.316040290263185,85.82734310201823,22.373873873873872,3.15,185.0
KA Maharaj,2026,ODI,30.0,43.0,0.0,2.0,2.0,0.0,30.0,69.77,56.0,11.2,77.77777777777779,6.0,294.0,72.0,9.333333333333334,77.0,46.666666666666664,7,0,0,0,0,1,0,0,0,0,8.0,3.0,5.954128440366972,9.355932203389829,9.238693634038652,55.008368518266835,8.98506752900894,73.70721048798252,12.192771084337346,8.666666666666666,47.0
KA Maharaj,2026,Test,42.0,90.0,3.0,3.0,4.0,0.0,14.0,46.67,157.0,22.428571428571427,74.05660377358491,6.0,1292.0,212.0,26.166666666666668,6.0,86.66666666666667,9,0,0,0,0,0,0,0,1,0,3.0,4.0,5.146788990825688,23.1711229946524,21.43087299811399,110.3001812104766,18.176605504587155,69.0004777323637,16.665384615384614,9.125,111.0
KA Pollard,2025,CPL,383.0,220.0,7.0,11.0,20.0,36.0,54.71,174.09,235.0,33.57142857142857,145.06172839506172,11.0,2720.0,162.0,21.363636363636363,215.0,194.0,12,0,0,1,0,0,0,0,0,0,10.0,9.0,10.293577981651374,20.897504456327987,19.968611500423922,205.5484596649141,16.494551845342706,142.03416525321057,26.95057471264368,5.454545454545454,195.0
KAJ Roach,2026,Test,117.0,479.0,8.0,6.0,16.0,0.0,14.62,24.43,104.0,20.8,38.37638376383764,3.0,1283.0,271.0,34.666666666666664,45.0,61.666666666666664,17,0,0,0,0,0,0,0,1,0,3.0,5.0,3.6330275229357794,20.3989898989899,19.441065591057683,70.62992636751231,18.176605504587155,35.07294199374783,14.687272727272727,9.5,88.0
KAR Hodge,2026,Test,333.0,851.0,9.0,6.0,39.0,0.0,37.0,39.13,138.0,17.25,47.75086505190311,4.0,556.0,289.0,34.5,418.0,278.0,2,0,0,0,0,0,0,0,1,0,7.0,0.0,5.124999999999999,47.41463414634146,52.29725495431469,268.0234316408627,58.970170058544745,49.744114636642784,23.70731707317073,4.0,217.0
KB Patil,2026,T20I,128.0,122.0,9.0,9.0,9.0,4.0,14.22,104.92,42.0,7.0,57.534246575342465,6.0,42.0,73.0,7.0,42.0,42.0,1,0,0,0,0,0,0,1,0,0,0.0,0.0,6.0,7.0,11.116923905240489,66.70154343144293,15.233847810480976,57.534246575342465,7.0,3.6666666666666665,47.0
KD Kesuma,2026,T20I,406.0,388.0,28.0,33.0,38.0,14.0,14.5,104.64,641.0,22.103448275862068,117.83088235294117,33.0,831.0,544.0,19.424242424242426,190.0,415.5,2,0,0,0,0,0,0,1,0,0,12.0,0.0,25.125,18.781094527363184,19.25259542643556,483.7214600891934,22.411651450220482,115.90420632483882,20.856353591160218,1.878787878787879,264.0
KDA Lukies,2026,T20I,47.0,35.0,2.0,2.0,5.0,1.0,23.5,134.29,21.0,7.0,53.84615384615385,6.0,77.0,39.0,3.5,36.0,25.666666666666668,3,0,0,0,0,0,0,1,0,0,3.0,3.0,4.530612244897958,5.608108108108109,5.527260013297568,25.041871896980815,5.407604832977968,79.50191570881225,10.921052631578945,10.0,16.0
KE Bryce,2026,T20I,377.0,276.0,14.0,16.0,50.0,7.0,26.93,136.59,76.0,19.0,98.7012987012987,4.0,1273.0,77.0,19.0,226.0,203.0,7,1,0,0,0,0,0,1,0,0,7.0,11.0,6.082568807339449,26.23378582202112,23.767198428950113,144.56561980177912,18.316040290263185,108.11835643687448,33.83852140077821,3.0,169.0
KH Pandya,2026,IPL,226.0,155.0,6.0,9.0,20.0,11.0,37.67,145.81,109.0,18.166666666666668,126.74418604651163,7.0,1756.0,86.0,15.571428571428571,133.0,143.33333333333334,10,0,0,0,1,0,0,0,0,0,11.0,14.0,9.862385321100916,13.80186046511628,14.826102716713066,146.22073780244537,18.496304118268217,123.48730753225135,21.226037195994277,6.857142857142857,109.0
KHM James,2025,CPL,42.0,22.0,2.0,2.0,3.0,3.0,21.0,190.91,142.0,17.75,111.81102362204724,8.0,149.0,127.0,17.75,7.0,74.5,2,0,0,1,0,0,0,0,0,0,1.0,0.0,5.374999999999999,17.0,20.093392542077197,108.00198491366491,24.527255185721177,112.98299845440494,17.0,2.625,116.0
KIC Asalanka,2026,ODI,158.0,196.0,6.0,6.0,10.0,1.0,26.33,80.61,654.0,50.30769230769231,99.3920972644377,15.0,2262.0,658.0,43.6,562.0,534.3333333333334,5,0,0,0,0,1,0,0,0,0,15.0,15.0,14.293577981651374,38.63222079589217,36.64087801657566,523.7292472460998,26.29917118265859,92.9315855296679,43.20818377602297,4.933333333333334,431.0
KIC Asalanka,2026,T20I,186.0,162.0,10.0,11.0,14.0,6.0,18.6,114.81,219.0,19.90909090909091,128.82352941176472,14.0,1270.0,170.0,15.642857142857142,245.0,249.33333333333334,5,0,0,0,0,0,0,1,0,0,11.0,12.0,13.34862385321101,19.553264604810995,18.814902759626378,251.1530597729943,15.233847810480976,133.5618046101122,23.377156943303202,5.142857142857143,181.0
KJ Garth,2026,ODI,81.0,117.0,5.0,6.0,7.0,0.0,16.2,69.23,37.0,18.5,61.66666666666667,5.0,173.0,60.0,7.4,56.0,31.666666666666668,5,1,0,0,0,1,0,0,0,0,3.0,1.0,3.653061224489796,9.960893854748603,8.530808380140394,31.163565307043484,6.824239713774597,71.26298960831335,24.094594594594593,9.4,36.0
KK Donovan,2026,T20I,102.0,107.0,4.0,4.0,14.0,0.0,25.5,95.33,189.0,15.75,86.69724770642202,13.0,189.0,218.0,14.538461538461538,189.0,189.0,1,1,0,0,0,0,0,1,0,0,0.0,0.0,13.0,14.538461538461538,13.287113809730336,172.73247952649436,10.5758603974794,86.69724770642202,15.75,4.0,89.0
KK Lin Thu,2026,T20I,189.0,223.0,11.0,13.0,18.0,2.0,17.18,84.75,50.0,10.0,67.56756756756756,5.0,102.0,74.0,10.0,39.0,34.0,3,0,0,0,0,0,0,1,0,0,7.0,4.0,5.428571428571428,7.338345864661656,10.185281662433045,55.291529024636525,15.233847810480976,59.87730061349694,7.338345864661656,4.0,62.0
KK Nair,2026,IPL,18.0,18.0,2.0,2.0,3.0,0.0,9.0,100.0,198.0,24.75,172.17391304347828,8.0,1694.0,115.0,24.75,198.0,198.0,10,0,0,0,1,0,0,0,0,0,0.0,0.0,6.918032786885246,23.876777251184837,25.532724265377468,176.63622360638183,27.86208973200843,169.40147948890385,23.876777251184837,2.5,179.0
KL Rahul,2026,IPL,593.0,340.0,13.0,14.0,56.0,31.0,45.62,174.41,546.0,54.6,150.4132231404959,13.0,5235.0,363.0,42.0,520.0,446.6666666666667,12,0,0,0,1,0,0,0,0,0,14.0,9.0,12.715596330275227,39.39971139971141,37.34675380759344,474.88624566352746,27.86208973200843,140.1247081162916,45.65886287625419,2.857142857142857,409.0
KL Rahul,2026,ODI,330.0,275.0,6.0,9.0,26.0,9.0,55.0,120.0,192.0,48.0,98.46153846153847,7.0,2953.0,195.0,27.428571428571427,696.0,459.3333333333333,10,0,0,0,0,1,0,0,0,0,17.0,12.0,10.477064220183486,35.91593695271453,33.91522285353507,355.33196787832156,26.29917118265859,89.59566613512746,52.05076142131979,5.857142857142857,281.0
KL Rahul,2026,Test,399.0,831.0,9.0,6.0,43.0,8.0,44.33,48.01,926.0,40.26086956521739,52.823730747290355,13.0,3735.0,1753.0,71.23076923076923,221.0,414.0,10,0,0,0,0,0,0,0,1,0,3.0,4.0,7.752293577981652,67.60473372781064,66.83005420113669,518.0861999996376,64.64804020100503,52.079971555944525,38.288203753351205,2.88,381.0
KM Molapo,2026,T20I,51.0,86.0,6.0,7.0,4.0,0.0,8.5,59.3,26.0,5.2,37.142857142857146,5.0,94.0,70.0,5.2,56.0,31.333333333333332,3,1,0,0,0,0,0,1,0,0,5.0,3.0,4.63265306122449,7.039647577092511,11.526275977558297,53.39723769195375,18.316040290263185,44.1924778761062,7.039647577092511,1.0,60.0
KM Myat,2026,T20I,143.0,173.0,5.0,6.0,16.0,2.0,28.6,82.66,257.0,23.363636363636363,77.87878787878788,15.0,363.0,330.0,17.133333333333333,37.0,121.0,3,1,0,0,0,0,0,1,0,0,3.0,5.0,9.489795918367347,16.346236559139783,16.826676493560125,159.68172590827467,18.316040290263185,75.76754385964912,20.824657534246573,3.2666666666666666,112.0
KMA Aziz,2026,T20I,26.0,90.0,5.0,6.0,0.0,0.0,5.2,28.89,13.0,2.6,28.26086956521739,5.0,13.0,46.0,2.6,13.0,13.0,1,0,0,0,0,0,0,1,0,0,0.0,0.0,5.0,2.6,13.406355336483898,67.03177668241949,22.411651450220482,28.26086956521739,2.6,3.2,38.0
KMA Paul,2025,CPL,20.0,30.0,3.0,3.0,1.0,1.0,6.67,66.67,122.0,13.555555555555555,122.0,12.0,721.0,100.0,10.166666666666666,175.0,144.66666666666666,8,0,0,1,0,0,0,0,0,0,6.0,9.0,9.348623853211008,14.46516192345437,14.92673658347446,139.54444567486672,16.494551845342706,139.4512771996216,20.275103163686385,5.75,113.0
KP Navgire,2026,WPL,16.0,24.0,6.0,6.0,3.0,0.0,2.67,66.67,154.0,19.25,173.03370786516854,8.0,419.0,89.0,19.25,110.0,139.66666666666666,3,1,0,0,0,0,0,0,0,1,8.0,8.0,8.0,17.589285714285715,19.816872104891264,158.5349768391301,25.638297872340427,151.04052573932094,17.589285714285715,1.625,157.0
KR Mayers,2025,CPL,167.0,130.0,10.0,10.0,15.0,8.0,16.7,128.46,268.0,26.8,154.02298850574712,10.0,1362.0,174.0,26.8,159.0,264.3333333333333,10,0,0,1,0,0,0,0,0,0,8.0,12.0,9.577981651376147,25.40038314176245,25.205488508717522,241.41770645046876,24.527255185721177,143.0621493310315,25.670861568247823,3.1,230.0
KS Ahuja,2026,WPL,71.0,59.0,7.0,7.0,7.0,2.0,10.14,120.34,81.0,16.2,120.89552238805969,6.0,179.0,67.0,13.5,81.0,89.5,2,1,0,0,0,0,0,0,0,1,0.0,6.0,6.000000000000001,14.25,15.92281756879898,95.53690541279389,18.197849462365593,124.17770183682187,16.24022346368715,5.5,80.0
KS Gautam,2026,WPL,67.0,51.0,6.0,6.0,4.0,3.0,11.17,131.37,43.0,10.75,110.25641025641026,5.0,43.0,39.0,8.6,43.0,43.0,1,1,0,0,0,0,0,0,0,1,0.0,0.0,5.0,8.6,13.835190615835778,69.1759530791789,18.197849462365593,110.25641025641026,10.75,5.6,46.0
KS Williamson,2026,ODI,21.0,40.0,2.0,2.0,3.0,0.0,10.5,52.5,425.0,60.714285714285715,87.62886597938144,8.0,7124.0,485.0,53.125,256.0,313.0,15,0,0,0,0,1,0,0,0,0,4.0,5.0,6.0,53.405198776758404,46.96449343407873,281.78696060447237,32.92375578703704,86.02921254218083,64.92007434944237,3.0,342.0
KS Williamson,2026,Test,239.0,393.0,7.0,5.0,32.0,1.0,34.14,60.81,533.0,53.3,58.7651598676957,5.0,9276.0,907.0,106.6,619.0,636.0,15,0,0,0,0,0,0,0,1,0,6.0,6.0,5.238532110091743,105.6847635726795,91.550415683469,479.58979225009904,64.64804020100503,53.963711804841395,58.02499999999999,3.0,497.0
KU Carty,2025,CPL,159.0,148.0,7.0,9.0,12.0,4.0,22.71,107.43,246.0,30.75,125.51020408163265,10.0,373.0,196.0,24.6,121.0,124.33333333333333,3,0,0,1,0,0,0,0,0,0,2.0,2.0,6.081632653061225,26.909395973154368,23.422282983931712,142.44572100431938,16.494551845342706,124.77049945542247,32.33467741935485,4.2,144.0
KU Carty,2026,ODI,319.0,544.0,12.0,12.0,24.0,4.0,26.58,58.64,917.0,61.13333333333333,90.52319842053306,17.0,1495.0,1013.0,53.94117647058823,204.0,450.0,4,0,0,0,0,1,0,0,0,0,6.0,7.0,11.311926605504587,46.78588807785889,44.073142032688274,498.552147947749,32.92375578703704,85.54967299906572,53.11878453038675,3.0,447.0
KU Carty,2026,T20I,17.0,18.0,2.0,2.0,1.0,1.0,8.5,94.44,53.0,26.5,151.42857142857142,3.0,53.0,35.0,17.666666666666668,53.0,53.0,1,0,0,0,0,0,0,1,0,0,0.0,0.0,3.0,17.666666666666668,16.04478742920954,48.13436228762862,15.233847810480976,151.42857142857142,26.5,5.0,43.0
KY Chan,2026,T20I,332.0,305.0,23.0,27.0,35.0,6.0,14.43,108.85,327.0,19.235294117647058,89.83516483516483,19.0,1073.0,364.0,17.210526315789473,249.0,231.0,6,1,0,0,0,0,0,1,0,0,9.0,11.0,14.321100917431192,18.84240871236387,17.509810918454498,250.75976920832542,10.5758603974794,92.71529441432354,21.145219266714594,3.6,197.0
KY Wilfried,2026,T20I,25.0,92.0,5.0,5.0,1.0,0.0,5.0,27.17,17.0,3.4,21.794871794871796,4.0,17.0,78.0,4.25,17.0,17.0,1,0,0,0,0,0,0,1,0,0,0.0,0.0,4.0,4.25,15.146990870132289,60.587963480529154,22.411651450220482,21.794871794871796,3.4,3.2,41.0
Kaleem Sana,2026,ODI,27.0,24.0,3.0,6.0,1.0,2.0,9.0,112.5,39.0,6.5,86.66666666666667,8.0,108.0,45.0,4.875,35.0,36.0,3,0,0,0,0,1,0,0,0,0,5.0,4.0,6.346938775510204,5.807073954983923,6.8411282632350146,43.420222242165096,8.98506752900894,86.9942196531792,8.246575342465754,10.444444444444445,25.0
Kaleem Sana,2026,T20I,5.0,3.0,0.0,1.0,1.0,0.0,5.0,166.67,21.0,10.5,95.45454545454545,4.0,46.0,22.0,5.25,24.0,22.5,3,0,0,0,0,0,0,1,0,0,3.0,0.0,3.3076923076923075,5.916943521594685,5.662697919955725,18.73046235062278,5.407604832977968,95.95905172413794,12.631205673758863,9.25,17.0
Kamal Soukhiya,2026,T20I,6.0,12.0,5.0,5.0,0.0,0.0,1.2,50.0,33.0,6.6,103.125,5.0,33.0,32.0,6.6,33.0,33.0,1,0,0,0,0,0,0,1,0,0,0.0,0.0,5.0,6.6,11.309371532989623,56.546857664948114,15.233847810480976,103.125,6.6,7.4,30.0
Kamran Ghulam,2026,PSL,174.0,126.0,6.0,6.0,18.0,8.0,29.0,138.1,159.0,31.8,148.5981308411215,8.0,578.0,107.0,19.875,12.0,90.0,5,0,0,0,0,0,1,0,0,0,1.0,5.0,6.082568807339448,20.182503770739068,19.4943348727556,118.57563321685285,17.973481608212147,134.41486690105475,26.65537848605578,4.875,137.0
Kanchan Rana,2026,T20I,72.0,37.0,1.0,2.0,11.0,0.0,72.0,194.59,182.0,26.0,101.67597765363128,8.0,249.0,179.0,22.75,182.0,124.5,2,1,0,0,0,0,0,1,0,0,0.0,6.0,7.470588235294119,20.287401574803148,19.55546050381059,146.0907931755262,18.316040290263185,98.84903126798389,24.4218009478673,3.5,101.0
Karan KC,2026,ODI,164.0,188.0,11.0,12.0,7.0,9.0,14.91,87.23,123.0,30.75,116.03773584905662,6.0,550.0,106.0,20.5,81.0,123.0,8,0,0,0,0,1,0,0,0,0,4.0,14.0,6.972477064220183,16.268421052631577,14.207094583681773,99.05864113392795,8.98506752900894,99.91111111111111,22.853974121996302,9.333333333333334,80.0
Karan KC,2026,T20I,27.0,19.0,4.0,6.0,1.0,2.0,6.75,142.11,34.0,8.5,170.0,7.0,458.0,20.0,4.857142857142857,145.0,89.5,7,0,0,0,0,0,0,1,0,0,12.0,0.0,8.406593406593405,8.69934640522876,7.7720952581158596,65.33684475229265,5.407604832977968,152.35805860805863,14.069767441860463,8.428571428571429,49.0
Karanbir Singh,2026,T20I,1117.0,605.0,24.0,27.0,86.0,100.0,46.54,184.63,1195.0,56.904761904761905,172.43867243867243,24.0,1420.0,693.0,49.791666666666664,225.0,710.0,2,0,0,0,0,0,0,1,0,0,5.0,0.0,16.875,49.25925925925926,44.377876021252206,748.876657858631,22.411651450220482,168.69609335362762,55.416666666666664,1.0,521.0
Karma Dorji,2026,T20I,4.0,1.0,0.0,1.0,1.0,0.0,4.0,400.0,5.0,5.0,125.0,3.0,11.0,4.0,1.6666666666666667,0.0,3.6666666666666665,3,0,0,0,0,0,0,1,0,0,1.0,1.0,2.020408163265306,1.8080808080808082,3.976468774886326,8.034089973749923,5.407604832977968,114.01273885350318,7.16,10.333333333333334,6.0
Karri Gullem Keen,2026,T20I,148.0,152.0,5.0,6.0,20.0,1.0,29.6,97.37,95.0,9.5,65.97222222222221,11.0,95.0,144.0,8.636363636363637,95.0,95.0,1,1,0,0,0,0,0,1,0,0,0.0,0.0,11.0,8.636363636363637,9.32089190499273,102.52981095492002,10.5758603974794,65.97222222222221,9.5,4.818181818181818,55.0
Kaushal Kumar,2026,T20I,20.0,35.0,4.0,4.0,2.0,0.0,5.0,57.14,125.0,41.666666666666664,120.1923076923077,4.0,147.0,104.0,31.25,22.0,73.5,2,0,0,0,0,0,0,1,0,0,2.0,0.0,3.25,26.576923076923073,24.345527562618116,79.12296457850888,22.411651450220482,112.17532467532467,38.388888888888886,2.0,90.0
Kazim Somani,2026,T20I,37.0,53.0,3.0,4.0,1.0,1.0,12.33,69.81,157.0,19.625,87.22222222222223,12.0,157.0,180.0,13.083333333333334,157.0,157.0,1,0,0,0,0,0,0,1,0,0,0.0,0.0,12.0,13.083333333333334,13.800171492382548,165.60205790859058,15.233847810480976,87.22222222222223,19.625,5.416666666666667,91.0
Keziah Miriam Sabin,2026,T20I,57.0,36.0,1.0,2.0,8.0,1.0,57.0,158.33,14.0,7.0,82.35294117647058,3.0,31.0,17.0,4.666666666666667,17.0,15.5,2,1,0,0,0,0,0,1,0,0,4.0,0.0,3.375,4.481481481481481,7.689049332006701,25.950541495522614,10.5758603974794,80.13245033112582,9.307692307692307,7.333333333333333,23.0
Khadija Khalil,2026,T20I,13.0,29.0,2.0,4.0,0.0,0.0,6.5,44.83,53.0,7.571428571428571,56.98924731182796,10.0,218.0,93.0,5.3,46.0,41.333333333333336,5,1,0,0,0,0,0,1,0,0,5.0,5.0,7.899082568807338,6.340301974448316,7.434761515283221,58.72779508861333,10.5758603974794,62.97150767101165,7.923076923076922,5.8,53.0
Khaled Ahmed,2026,Test,8.0,17.0,3.0,2.0,0.0,1.0,2.67,47.06,9.0,4.5,47.368421052631575,2.0,47.0,19.0,4.5,25.0,14.0,5,0,0,0,0,0,0,0,1,0,2.0,3.0,2.6697247706422016,4.656357388316151,11.519427498098386,30.753700935290183,18.176605504587155,38.39614621705865,3.7021857923497263,10.5,20.0
Khalid Ahmadi,2026,T20I,25.0,18.0,2.0,2.0,2.0,1.0,12.5,138.89,73.0,18.25,208.57142857142858,6.0,217.0,35.0,12.166666666666666,50.0,43.666666666666664,6,0,0,0,0,0,0,1,0,0,5.0,1.0,4.4954128440366965,11.09591836734694,8.93579930366252,40.17010696141866,5.407604832977968,181.47530040053405,17.043887147335422,8.0,33.0
Khin Aye,2026,T20I,60.0,118.0,9.0,11.0,2.0,2.0,6.67,50.85,42.0,14.0,56.00000000000001,5.0,91.0,75.0,8.4,46.0,30.333333333333332,3,0,0,0,0,0,0,1,0,0,7.0,4.0,5.428571428571428,6.642857142857143,9.740570123971507,52.877380672988174,15.233847810480976,48.5973597359736,9.5,5.0,53.0
Khizar Hayat,2026,T20I,0.0,1.0,1.0,1.0,0.0,0.0,0.0,0.0,2.0,0.6666666666666666,25.0,3.0,253.0,8.0,0.6666666666666666,63.0,35.333333333333336,6,0,0,0,0,0,0,1,0,0,10.0,3.0,4.9266055045871555,5.837988826815642,5.683729330816475,28.001492207783915,5.407604832977968,76.91364082433758,9.675925925925924,7.666666666666667,29.0
Khizer Ahmed,2026,T20I,171.0,139.0,11.0,12.0,19.0,5.0,15.55,123.02,306.0,21.857142857142858,120.9486166007905,15.0,617.0,253.0,20.4,232.0,269.0,4,0,0,0,0,0,0,1,0,0,8.0,0.0,11.362637362637361,22.02804642166344,22.11431441909006,251.27693526746285,22.411651450220482,124.8670577270983,23.87526205450734,1.0666666666666667,178.0
Khurram Shahzad,2026,Test,65.0,100.0,8.0,4.0,10.0,2.0,8.12,65.0,59.0,11.8,46.45669291338583,3.0,83.0,127.0,19.666666666666668,24.0,41.5,2,0,0,0,0,0,0,0,1,0,3.0,0.0,2.9999999999999996,15.291666666666668,16.89441046551138,50.68323139653413,18.176605504587155,39.63282937365011,9.91891891891892,8.5,54.0
Khushdil Shah,2026,PSL,109.0,79.0,7.0,9.0,8.0,6.0,15.57,137.97,253.0,36.142857142857146,156.17283950617283,11.0,946.0,162.0,23.0,68.0,131.0,8,0,0,0,0,0,1,0,0,0,8.0,7.0,9.412844036697248,17.22124756335283,17.391436261284802,163.70287710163493,17.973481608212147,152.74031811894886,28.225239616613425,5.818181818181818,133.0
Kuldeep Gurjar,2026,T20I,2.0,9.0,2.0,2.0,0.0,0.0,1.0,22.22,47.0,6.714285714285714,65.27777777777779,7.0,49.0,72.0,6.714285714285714,47.0,24.5,2,0,0,0,0,0,0,1,0,0,0.0,1.0,5.411764705882353,6.483695652173912,10.413404705305828,56.354896052243305,15.233847810480976,64.03650026838433,6.483695652173912,6.857142857142857,32.0
Kuldeep Yadav,2026,IPL,9.0,21.0,3.0,4.0,0.0,0.0,3.0,42.86,18.0,6.0,112.5,5.0,201.0,16.0,3.6,47.0,32.0,8,0,0,0,1,0,0,0,0,0,5.0,10.0,6.027522935779817,5.168949771689498,5.154522764350281,31.0690041851205,5.122927618277396,97.98038084246971,11.83275261324042,10.2,13.0
Kulwinderjeet Singh,2026,T20I,0.0,6.0,2.0,2.0,0.0,0.0,0.0,0.0,55.0,13.75,107.84313725490196,4.0,163.0,51.0,13.75,108.0,81.5,2,0,0,0,0,0,0,1,0,0,4.0,0.0,4.0,18.71875,20.50563779849378,82.02255119397512,22.411651450220482,138.6574074074074,20.655172413793103,1.5,96.0
Kushal Malla,2026,T20I,212.0,188.0,10.0,12.0,14.0,10.0,21.2,112.77,113.0,18.833333333333332,98.26086956521739,7.0,883.0,115.0,16.142857142857142,587.0,350.0,5,0,0,0,0,0,0,1,0,0,24.0,0.0,12.362637362637361,21.008,19.79238901273284,244.6861279046642,15.233847810480976,136.9531204728516,25.036016949152543,4.0,190.0
Kyte Gullem Keen,2026,T20I,0.0,10.0,3.0,3.0,0.0,0.0,0.0,0.0,28.0,4.666666666666667,35.8974358974359,10.0,28.0,78.0,2.8,28.0,28.0,1,1,0,0,0,0,0,1,0,0,0.0,0.0,10.0,2.8,2.9653846153846155,29.653846153846153,3.241025641025641,35.8974358974359,4.666666666666667,7.7,12.0
L Agatha,2026,T20I,257.0,223.0,13.0,13.0,27.0,4.0,19.77,115.25,150.0,12.5,72.11538461538461,13.0,218.0,208.0,11.538461538461538,150.0,95.0,3,1,0,0,0,0,0,1,0,0,0.0,6.0,10.29113924050633,10.489544895448953,12.599112387312628,129.6592198846224,18.316040290263185,66.5989847715736,11.618528610354222,2.076923076923077,73.0
L Barnett,2026,T20I,257.0,144.0,2.0,4.0,36.0,7.0,128.5,178.47,208.0,29.714285714285715,127.60736196319019,7.0,575.0,163.0,29.714285714285715,194.0,191.66666666666666,3,1,0,0,0,0,0,1,0,0,3.0,4.0,5.224489795918368,37.76171874999999,30.577354787043042,159.75107807108202,18.316040290263185,143.7044745057232,50.878947368421045,1.0,153.0
L Berthe,2026,T20I,0.0,4.0,0.0,1.0,0.0,0.0,0.0,0.0,10.0,2.5,55.55555555555556,5.0,11.0,18.0,2.0,10.0,5.5,2,0,0,0,0,0,0,1,0,0,0.0,2.0,4.205882352941177,1.8111888111888113,3.6523574230262636,15.361385632139875,5.407604832977968,51.388888888888886,2.194915254237288,8.8,9.0
L Bonner,2026,T20I,19.0,19.0,3.0,3.0,2.0,1.0,6.33,100.0,123.0,20.5,124.24242424242425,7.0,123.0,99.0,17.571428571428573,123.0,123.0,1,0,0,0,0,0,0,1,0,0,0.0,0.0,7.0,17.571428571428573,16.492545143298912,115.44781600309238,15.233847810480976,124.24242424242425,20.5,3.5714285714285716,90.0
L Bruce,2026,T20I,251.0,167.0,10.0,10.0,26.0,10.0,25.1,150.3,61.0,12.2,101.66666666666666,5.0,1015.0,60.0,12.2,211.0,176.0,5,0,0,0,0,0,0,1,0,0,11.0,9.0,8.119266055045872,20.255367231638417,20.801261970519953,168.89098021935925,22.411651450220482,108.6819449496787,21.99509202453988,2.2,161.0
L Canessane,2026,T20I,57.0,48.0,4.0,5.0,4.0,2.0,14.25,118.75,39.0,6.5,97.5,6.0,413.0,40.0,6.5,171.0,126.66666666666667,5,0,0,0,0,0,0,1,0,0,10.0,8.0,7.229357798165137,13.161167512690355,13.732678624213504,99.27844730165357,15.233847810480976,115.76068757673848,14.226337448559672,5.0,96.0
L Cardoso,2026,T20I,246.0,228.0,11.0,13.0,27.0,2.0,22.36,107.89,175.0,14.583333333333334,70.8502024291498,14.0,207.0,247.0,12.5,175.0,99.0,3,1,0,0,0,0,0,1,0,0,0.0,5.0,10.27848101265823,11.407635467980294,11.18323571874444,114.94667599519603,10.5758603974794,69.52638294678376,13.213980028530669,3.7857142857142856,73.0
L Chipanga,2026,T20I,25.0,37.0,6.0,6.0,3.0,0.0,4.17,67.57,11.0,2.75,47.82608695652174,5.0,14.0,23.0,2.2,3.0,7.0,2,1,0,0,0,0,0,1,0,0,4.0,0.0,4.625,1.7297297297297298,2.4064293915040182,11.129735935706085,3.241025641025641,42.384105960264904,3.2,8.2,9.0
L Delany,2026,ODI,22.0,24.0,3.0,3.0,2.0,1.0,7.33,91.67,329.0,32.9,75.98152424942263,12.0,1088.0,433.0,27.416666666666668,89.0,211.66666666666666,7,1,0,0,0,1,0,0,0,0,5.0,8.0,8.807339449541283,27.445833333333336,26.05756979783826,229.49786243967637,21.615126484254002,78.46337105419893,32.17094017094017,4.916666666666667,216.0
L Delany,2026,T20I,61.0,72.0,6.0,6.0,5.0,0.0,10.17,84.72,285.0,47.5,133.80281690140845,11.0,1426.0,213.0,25.90909090909091,224.0,241.66666666666666,11,1,0,0,0,0,0,1,0,0,11.0,14.0,10.889908256880734,21.738837405223247,19.48672368476383,212.208633154263,10.5758603974794,114.37436283852665,34.87027027027026,4.909090909090909,191.0
L Filer,2026,ODI,0.0,11.0,2.0,2.0,0.0,0.0,0.0,0.0,16.0,4.0,50.0,5.0,24.0,32.0,3.2,8.0,12.0,2,1,0,0,0,1,0,0,0,0,2.0,0.0,3.875,3.3548387096774195,5.061101498577671,19.611768306988477,6.824239713774597,54.736842105263165,4.521739130434783,10.0,14.0
L Filer,2026,Test,4.0,33.0,1.0,1.0,1.0,0.0,4.0,12.12,25.0,8.333333333333334,35.2112676056338,2.0,41.0,71.0,12.5,5.0,13.666666666666666,3,1,0,0,0,0,0,0,1,0,1.0,1.0,1.510204081632653,10.797297297297298,14.2593662464986,21.534553106957066,15.967320261437909,38.12022900763359,6.495934959349594,10.0,15.0
L Goodall,2026,ODI,45.0,61.0,3.0,3.0,6.0,0.0,15.0,73.77,78.0,15.6,65.0,5.0,878.0,120.0,15.6,43.0,61.666666666666664,9,1,0,0,0,1,0,0,0,0,4.0,3.0,5.20183486238532,17.141093474426807,21.80579920066522,113.43016648419429,30.622093023255815,62.967282150955604,17.83302752293578,2.4,110.0
L Greig,2026,T20I,15.0,15.0,1.0,2.0,1.0,0.0,15.0,100.0,37.0,9.25,102.77777777777777,5.0,65.0,36.0,7.4,2.0,14.0,4,1,0,0,0,0,0,1,0,0,1.0,1.0,2.8348623853211006,7.174757281553399,8.850177535704137,25.08903539938145,10.5758603974794,93.07304785894208,8.559845559845561,6.6,36.0
L Keny,2026,T20I,38.0,67.0,6.0,8.0,1.0,0.0,6.33,56.72,64.0,16.0,94.11764705882352,6.0,217.0,68.0,10.666666666666666,43.0,49.666666666666664,4,1,0,0,0,0,0,1,0,0,10.0,7.0,7.1651376146788985,7.674775928297056,8.479887251844422,60.759559116426544,10.5758603974794,73.01741990498233,10.124999999999998,4.666666666666667,63.0
L Lamin,2026,T20I,246.0,285.0,20.0,22.0,16.0,14.0,12.3,86.32,71.0,71.0,122.41379310344827,4.0,359.0,58.0,17.75,59.0,76.33333333333333,4,0,0,0,0,0,0,1,0,0,8.0,5.0,5.770642201834863,13.564387917329093,10.930335252845413,63.07505389027308,5.407604832977968,98.29493087557604,23.569060773480665,8.25,48.0
L Leisner,2026,T20I,20.0,31.0,4.0,4.0,2.0,0.0,5.0,64.52,46.0,15.333333333333334,80.7017543859649,3.0,119.0,57.0,15.333333333333334,72.0,39.666666666666664,3,1,0,0,0,0,0,1,0,0,5.0,2.0,3.4285714285714284,13.32738095238095,12.029493898182107,41.243979079481505,10.5758603974794,80.16469745793054,16.224637681159418,4.0,70.0
L Little,2026,ODI,77.0,115.0,5.0,6.0,5.0,3.0,15.4,66.96,13.0,3.25,68.42105263157895,4.0,25.0,19.0,3.25,13.0,13.0,3,1,0,0,0,1,0,0,0,0,0.0,0.0,4.0,3.25,14.2690758905524,57.0763035622096,21.615126484254002,68.42105263157895,3.25,7.25,30.0
L Malino,2026,T20I,14.0,36.0,5.0,7.0,0.0,0.0,2.8,38.89,9.0,4.5,23.076923076923077,3.0,10.0,39.0,3.0,1.0,5.0,2,1,0,0,0,0,0,1,0,0,2.0,0.0,2.625,2.2857142857142856,2.8476621417797894,7.475113122171948,3.241025641025641,21.052631578947366,2.9999999999999996,10.5,4.0
L Maximo,2026,T20I,48.0,74.0,8.0,9.0,4.0,0.0,6.0,64.86,14.0,7.0,36.84210526315789,3.0,14.0,38.0,4.666666666666667,14.0,14.0,1,0,0,0,0,0,0,1,0,0,0.0,0.0,3.0,4.666666666666667,5.160625444207534,15.481876332622603,5.407604832977968,36.84210526315789,7.0,8.0,16.0
L Moises,2026,T20I,16.0,23.0,2.0,3.0,2.0,0.0,8.0,69.57,30.0,10.0,96.7741935483871,6.0,37.0,31.0,5.0,30.0,30.0,2,1,0,0,0,0,0,1,0,0,0.0,0.0,5.4590163934426235,4.7357357357357355,4.027342325920525,21.98532777920549,3.241025641025641,91.95335276967931,9.79503105590062,9.333333333333334,13.0
L Monanthane,2026,T20I,55.0,67.0,7.0,7.0,3.0,1.0,7.86,82.09,11.0,3.6666666666666665,37.93103448275862,3.0,11.0,29.0,3.6666666666666665,11.0,11.0,1,0,0,0,0,0,0,1,0,0,0.0,0.0,3.0,3.6666666666666665,4.8272921108742,14.481876332622601,5.407604832977968,37.93103448275862,3.6666666666666665,8.333333333333334,12.0
L Moore,2026,T20I,38.0,42.0,3.0,4.0,5.0,0.0,12.67,90.48,27.0,9.0,56.25,3.0,27.0,48.0,9.0,27.0,27.0,1,1,0,0,0,0,0,1,0,0,0.0,0.0,3.0,9.0,15.210693526842123,45.63208058052637,18.316040290263185,56.25,9.0,2.6666666666666665,40.0
L Mophakedi,2026,T20I,155.0,185.0,8.0,8.0,16.0,0.0,19.38,83.78,343.0,28.583333333333332,87.7237851662404,12.0,885.0,391.0,28.583333333333332,254.0,229.0,7,1,0,0,0,0,0,1,0,0,17.0,5.0,11.311926605504587,21.60827250608272,20.96400005680297,237.14323000034918,18.316040290263185,81.72950090493572,22.71355498721227,1.4166666666666667,214.0
L Ngidi,2026,ODI,1.0,16.0,2.0,3.0,0.0,0.0,0.5,6.25,31.0,15.5,67.3913043478261,4.0,122.0,46.0,7.75,11.0,20.0,6,0,0,0,0,1,0,0,0,0,3.0,6.0,3.9541284403669716,5.496519721577727,6.928208288238963,27.395025433311858,8.98506752900894,50.2972399150743,11.844999999999999,10.5,22.0
L Ostergaard,2026,T20I,105.0,169.0,10.0,12.0,6.0,0.0,10.5,62.13,36.0,18.0,58.06451612903226,3.0,96.0,62.0,12.0,60.0,48.0,2,1,0,0,0,0,0,1,0,0,5.0,0.0,3.75,12.0,11.2879301987397,42.32973824527387,10.5758603974794,58.44155844155845,14.4,3.6666666666666665,56.0
L Paul,2026,ODI,214.0,289.0,9.0,9.0,19.0,0.0,23.78,74.05,242.0,22.0,84.3205574912892,13.0,1123.0,287.0,18.615384615384617,395.0,243.0,5,1,0,0,0,1,0,0,0,0,11.0,8.0,11.321100917431192,23.96839546191248,23.508173367194395,266.138403074476,21.615126484254002,70.77361154315521,26.082010582010582,5.846153846153846,209.0
L Paul,2026,T20I,310.0,272.0,14.0,17.0,38.0,0.0,22.14,113.97,257.0,32.125,132.4742268041237,12.0,526.0,194.0,21.416666666666668,90.0,117.33333333333333,6,1,0,0,0,0,0,1,0,0,6.0,3.0,8.256880733944953,18.428888888888892,16.46563176603652,135.95475770121897,10.5758603974794,116.86865839909808,26.36883942766296,4.0,125.0
L Pickard,2026,T20I,67.0,99.0,5.0,5.0,1.0,0.0,13.4,67.68,82.0,13.666666666666666,58.992805755395686,8.0,82.0,139.0,10.25,82.0,82.0,1,1,0,0,0,0,0,1,0,0,0.0,0.0,8.0,10.25,13.706874410112793,109.65499528090234,18.316040290263185,58.992805755395686,13.666666666666666,1.375,49.0
L Piety,2026,T20I,40.0,35.0,3.0,3.0,6.0,1.0,13.33,114.29,198.0,39.6,141.42857142857144,5.0,440.0,140.0,39.6,223.0,210.5,3,1,0,0,0,0,0,1,0,0,13.0,0.0,8.0,25.921874999999996,23.494480943701014,187.9558475496081,18.316040290263185,122.25497420781136,33.85714285714285,1.0,163.0
L Sanogo,2026,T20I,8.0,17.0,2.0,4.0,1.0,0.0,4.0,47.06,17.0,5.666666666666667,51.515151515151516,4.0,23.0,33.0,4.25,17.0,11.5,2,0,0,0,0,0,0,1,0,0,0.0,4.0,4.0,3.522058823529412,9.664605495007505,38.65842198003002,15.233847810480976,52.349726775956285,4.696078431372549,6.2,28.0
L Scott,2025,BBL,310.0,223.0,6.0,10.0,27.0,10.0,51.67,139.01,87.0,43.5,155.35714285714286,5.0,100.0,56.0,17.4,87.0,87.0,3,0,1,0,0,0,0,0,0,0,0.0,0.0,4.4590163934426235,16.113970588235293,16.855493996364814,75.15892404936443,17.527808553068912,151.19006553984133,35.92622950819672,7.0,57.0
L Shaw,2025,BBL,123.0,81.0,5.0,7.0,12.0,5.0,24.6,151.85,73.0,24.333333333333332,132.72727272727275,4.0,73.0,55.0,18.25,73.0,73.0,1,0,1,0,0,0,0,0,0,0,0.0,0.0,4.0,18.25,17.816685131841346,71.26674052736539,17.527808553068912,132.72727272727275,24.333333333333332,6.0,62.0
L Tshuma,2026,ODI,81.0,109.0,7.0,7.0,13.0,1.0,11.57,74.31,142.0,35.5,78.88888888888889,4.0,205.0,180.0,35.5,15.0,63.0,4,1,0,0,0,1,0,0,0,0,4.0,3.0,3.834862385321101,19.861244019138756,24.35742048325452,93.40735561468247,30.622093023255815,70.10640094578619,21.34190231362468,3.0,119.0
L Tshuma,2026,T20I,10.0,39.0,9.0,9.0,2.0,0.0,1.11,25.64,127.0,18.142857142857142,112.38938053097345,8.0,214.0,113.0,15.875,49.0,61.0,4,1,0,0,0,0,0,1,0,0,9.0,2.0,7.204081632653061,11.254957507082155,11.052443458492865,79.62270491526492,10.5758603974794,102.37052306106673,14.500000000000004,3.75,77.0
L Tucker,2026,T20I,376.0,302.0,13.0,14.0,34.0,12.0,28.92,124.5,102.0,34.0,127.49999999999999,3.0,1200.0,80.0,34.0,290.0,244.66666666666666,7,0,0,0,0,0,0,1,0,0,12.0,17.0,9.10091743119266,24.319556451612904,23.87654445438556,217.29845962156395,22.411651450220482,128.4542889090038,27.414772727272727,3.3333333333333335,201.0
L Udeh,2026,T20I,9.0,16.0,3.0,6.0,1.0,0.0,3.0,56.25,39.0,5.571428571428571,60.0,8.0,86.0,65.0,4.875,43.0,41.0,3,1,0,0,0,0,0,1,0,0,6.0,0.0,6.4945054945054945,5.556683587140439,4.777000777000777,31.024257793488562,3.241025641025641,70.2159503955527,6.4266144814090005,7.625,28.0
L Wolvaardt,2026,ODI,1172.0,1191.0,18.0,20.0,159.0,8.0,65.11,98.4,375.0,41.666666666666664,68.68131868131869,10.0,4212.0,546.0,37.5,925.0,443.3333333333333,10,1,0,0,0,1,0,0,0,0,15.0,3.0,11.027522935779816,47.206322795341094,43.89389341343325,484.0409163573097,30.622093023255815,79.21209498415534,54.98255813953488,1.0,370.0
L Wolvaardt,2026,T20I,954.0,657.0,19.0,25.0,117.0,19.0,50.21,145.21,404.0,33.666666666666664,116.4265129682997,13.0,2023.0,347.0,31.076923076923077,448.0,437.3333333333333,8,1,0,0,0,0,0,1,0,0,12.0,13.0,12.22018348623853,33.02402402402402,30.320350543553282,370.52024700929326,18.316040290263185,117.23568135177634,38.15091066782307,1.1538461538461537,302.0
L Wolvaardt,2026,WPL,317.0,234.0,7.0,10.0,31.0,8.0,45.29,135.47,32.0,10.666666666666666,78.04878048780488,3.0,342.0,41.0,10.666666666666666,167.0,114.0,3,1,0,0,0,0,0,0,0,1,6.0,4.0,4.1020408163265305,22.845771144278608,24.039158634903313,98.60960991052175,25.638297872340427,118.41155234657037,22.845771144278608,1.6666666666666667,118.0
L Yamamoto-Lake,2026,T20I,16.0,18.0,2.0,2.0,1.0,1.0,8.0,88.89,130.0,11.818181818181818,87.24832214765101,11.0,659.0,149.0,11.818181818181818,358.0,219.66666666666666,3,0,0,0,0,0,0,1,0,0,14.0,11.0,11.918367346938776,17.39554794520548,18.42063721734751,219.54392112103974,22.411651450220482,123.15432173596798,18.640366972477064,1.8181818181818181,152.0
LA Dunbar,2026,T20I,243.0,232.0,8.0,10.0,25.0,4.0,30.38,104.74,117.0,39.0,114.70588235294117,3.0,700.0,102.0,39.0,67.0,81.0,5,0,0,0,0,0,0,1,0,0,6.0,3.0,4.633027522935779,26.075247524752477,24.70993221747347,114.48179605343212,22.411651450220482,112.75903408117829,29.004405286343612,3.3333333333333335,141.0
LAR Bommareddy,2026,T20I,25.0,42.0,4.0,4.0,2.0,0.0,6.25,59.52,22.0,4.4,30.985915492957744,7.0,43.0,71.0,3.142857142857143,21.0,21.5,2,1,0,0,0,0,0,1,0,0,4.0,0.0,5.875,3.6808510638297873,6.367218336680286,37.40740772799668,10.5758603974794,38.35920177383592,5.580645161290323,5.857142857142857,24.0
LD Chandimal,2026,PSL,52.0,30.0,2.0,3.0,4.0,3.0,26.0,173.33,87.0,43.5,170.58823529411765,3.0,87.0,51.0,29.0,87.0,87.0,1,0,0,0,0,0,1,0,0,0,0.0,0.0,3.0,29.0,21.648987738808096,64.94696321642428,17.973481608212147,170.58823529411765,43.5,5.666666666666667,89.0
LD Chandimal,2026,Test,173.0,265.0,5.0,3.0,17.0,2.0,34.6,65.28,705.0,50.357142857142854,48.024523160762946,8.0,6254.0,1468.0,88.125,254.0,439.3333333333333,14,0,0,0,0,0,0,0,1,0,5.0,6.0,6.844036697247706,77.60053619302948,73.88567118575669,505.6762449960962,64.64804020100503,51.50355871886121,47.29575163398693,3.0,417.0
LF Muller,2026,T20I,260.0,209.0,10.0,11.0,30.0,4.0,26.0,124.4,197.0,24.625,115.2046783625731,9.0,197.0,171.0,21.88888888888889,197.0,197.0,1,0,0,0,0,0,0,1,0,0,0.0,0.0,9.0,21.88888888888889,19.226872457525722,173.0418521177315,15.233847810480976,115.2046783625731,24.625,3.7777777777777777,116.0
LG Pretorius,2026,T20I,292.0,177.0,7.0,7.0,29.0,12.0,41.71,164.97,135.0,13.5,127.35849056603774,10.0,135.0,106.0,13.5,135.0,135.0,1,0,0,0,0,0,0,1,0,0,0.0,0.0,10.0,13.5,16.84186929383268,168.41869293832679,22.411651450220482,127.35849056603774,13.5,2.4,88.0
LH Rodrigues,2026,T20I,250.0,234.0,11.0,14.0,22.0,7.0,22.73,106.84,96.0,12.0,70.07299270072993,9.0,96.0,137.0,10.666666666666666,96.0,96.0,1,0,0,0,0,0,0,1,0,0,0.0,0.0,9.0,10.666666666666666,15.364660580088191,138.28194522079372,22.411651450220482,70.07299270072993,12.0,2.6666666666666665,69.0
LI Salomone,2026,T20I,34.0,36.0,5.0,5.0,5.0,1.0,6.8,94.44,123.0,13.666666666666666,101.65289256198346,9.0,124.0,121.0,13.666666666666666,123.0,62.0,2,0,0,0,0,0,0,1,0,0,0.0,1.0,6.882352941176471,13.17948717948718,16.785801347742378,115.52580927563872,22.411651450220482,101.34735458429182,13.706666666666667,2.0,74.0
LJ Evans,2025,BBL,95.0,63.0,6.0,7.0,9.0,5.0,15.83,150.79,102.0,17.0,136.0,7.0,755.0,75.0,14.571428571428571,292.0,197.0,3,0,1,0,0,0,0,0,0,0,7.0,0.0,7.604395604395604,25.76734104046243,23.275546941452294,176.99646685148338,17.527808553068912,160.35071942446044,32.479052823315115,5.285714285714286,168.0
LJ Leokaoke,2026,T20I,186.0,137.0,3.0,5.0,28.0,4.0,62.0,135.77,10.0,3.3333333333333335,33.33333333333333,3.0,10.0,30.0,3.3333333333333335,10.0,10.0,1,0,0,0,0,0,0,1,0,0,0.0,0.0,3.0,3.3333333333333335,11.267009651431762,33.80102895429528,15.233847810480976,33.33333333333333,3.3333333333333335,3.6666666666666665,30.0
LK Bell,2026,ODI,24.0,42.0,1.0,4.0,4.0,0.0,24.0,57.14,15.0,3.75,51.724137931034484,5.0,34.0,29.0,3.0,7.0,11.333333333333334,3,1,0,0,0,1,0,0,0,0,2.0,2.0,3.5306122448979593,3.398843930635838,4.989585006396871,17.616289920544055,6.824239713774597,56.21414913957934,4.741935483870968,11.0,9.0
LK Bell,2026,T20I,1.0,1.0,0.0,1.0,0.0,0.0,1.0,100.0,3.0,1.5,27.27272727272727,3.0,3.0,11.0,1.0,3.0,3.0,1,1,0,0,0,0,0,1,0,0,0.0,0.0,3.0,1.0,2.494017094017094,7.482051282051282,3.241025641025641,27.27272727272727,1.5,11.0,4.0
LK Bell,2026,Test,3.0,23.0,2.0,1.0,0.0,0.0,1.5,13.04,10.0,10.0,15.384615384615385,2.0,19.0,65.0,5.0,8.0,6.333333333333333,3,1,0,0,0,0,0,0,1,0,1.0,1.0,1.510204081632653,5.121621621621622,12.3843662464986,18.702920453895842,15.967320261437909,20.486486486486484,9.475,11.0,9.0
LL Dimba,2026,T20I,60.0,72.0,5.0,6.0,6.0,0.0,12.0,83.33,159.0,17.666666666666668,88.33333333333333,9.0,301.0,180.0,17.666666666666668,57.0,100.33333333333333,3,1,0,0,0,0,0,1,0,0,6.0,3.0,6.979591836734694,16.359649122807017,16.956109844592437,118.34672585409415,18.316040290263185,82.96263345195729,17.594339622641506,2.4444444444444446,105.0
LL Htun,2026,T20I,64.0,105.0,7.0,8.0,7.0,0.0,9.14,60.95,46.0,7.666666666666667,55.42168674698795,8.0,95.0,83.0,5.75,2.0,31.666666666666668,3,1,0,0,0,0,0,1,0,0,3.0,6.0,6.102040816326531,5.361204013377926,4.652903888984067,28.39220944502523,3.241025641025641,52.50573206681953,6.679166666666667,8.125,22.0
LM Gabriel,2026,T20I,81.0,125.0,9.0,9.0,9.0,2.0,9.0,64.8,10.0,2.5,52.63157894736842,4.0,100.0,19.0,2.5,10.0,50.0,2,0,0,0,0,0,0,1,0,0,0.0,4.0,4.0,7.794117647058824,15.460656355010743,61.84262542004297,22.411651450220482,97.51609935602575,8.346456692913385,1.0,47.0
LN Oluoch,2026,T20I,91.0,69.0,4.0,11.0,4.0,6.0,22.75,131.88,67.0,13.4,103.07692307692307,6.0,287.0,65.0,11.166666666666666,104.0,65.66666666666667,6,0,0,0,0,0,0,1,0,0,11.0,6.0,7.073394495412844,9.911802853437095,11.402571748967594,80.65488824269738,15.233847810480976,101.29904559915164,14.257462686567166,7.5,53.0
LS Livingstone,2026,IPL,15.0,25.0,2.0,2.0,0.0,1.0,7.5,60.0,112.0,16.0,133.33333333333331,8.0,1051.0,84.0,14.0,111.0,167.33333333333334,6,0,0,0,1,0,0,0,0,0,7.0,9.0,8.495412844036696,20.258099352051833,19.82699121980462,168.43847586733096,18.496304118268217,153.03475281448846,24.173969072164947,4.75,171.0
LU Igalagamage,2026,Test,235.0,375.0,6.0,3.0,28.0,5.0,39.17,62.67,78.0,26.0,69.64285714285714,2.0,78.0,112.0,39.0,78.0,78.0,1,0,0,0,0,0,0,0,1,0,0.0,0.0,2.0,39.0,58.23603015075378,116.47206030150755,64.64804020100503,69.64285714285714,26.0,2.0,155.0
LV Boas,2026,T20I,217.0,200.0,13.0,14.0,26.0,0.0,16.69,108.5,141.0,11.75,78.33333333333333,13.0,200.0,180.0,10.846153846153847,141.0,90.0,3,1,0,0,0,0,0,1,0,0,0.0,6.0,10.151898734177216,9.940149625935163,12.220337647077093,124.05963029058012,18.316040290263185,78.01154711811333,10.601063829787233,1.0,75.0
Liton Das,2026,ODI,300.0,365.0,7.0,9.0,19.0,6.0,42.86,82.19,6.0,1.5,18.75,4.0,2178.0,32.0,1.5,306.0,209.66666666666666,10,0,0,0,0,1,0,0,0,0,14.0,15.0,8.871559633027521,18.855222337125127,22.186366800403405,196.82767611000082,32.92375578703704,77.24865483201289,20.32664437012263,3.25,189.0
Liton Das,2026,T20I,169.0,128.0,9.0,9.0,18.0,5.0,18.78,132.03,581.0,27.666666666666668,133.5632183908046,23.0,2298.0,435.0,25.26086956521739,220.0,445.6666666666667,10,0,0,0,0,0,0,1,0,0,14.0,17.0,18.62385321100917,23.92364532019705,23.72896799788247,441.9248168412973,22.411651450220482,127.64811018241076,25.560526315789474,2.6956521739130435,308.0
Liton Das,2026,Test,427.0,631.0,9.0,6.0,43.0,7.0,47.44,67.67,274.0,19.571428571428573,57.20250521920668,7.0,2812.0,479.0,39.142857142857146,261.0,247.33333333333334,10,0,0,0,0,0,0,0,1,0,4.0,3.0,5.816513761467889,55.15615141955836,56.381210939575396,327.9420893182642,58.970170058544745,59.176213764743714,29.48482293423271,5.928571428571429,242.0
Lokesh Bam,2026,T20I,157.0,97.0,5.0,8.0,19.0,7.0,31.4,161.86,26.0,8.666666666666666,173.33333333333334,4.0,112.0,15.0,6.5,20.0,23.0,3,0,0,0,0,0,0,1,0,0,2.0,0.0,3.5824175824175826,8.05521472392638,11.495454222275226,41.18151732375521,15.233847810480976,143.96929824561403,9.90943396226415,4.5,59.0
Lopamudra,2026,T20I,10.0,17.0,3.0,4.0,0.0,0.0,3.33,58.82,0.0,0.0,0.0,5.0,16.0,22.0,0.0,14.0,5.333333333333333,3,1,0,0,0,0,0,1,0,0,4.0,1.0,3.959183673469388,1.175257731958763,2.0760286225402504,8.219378628016502,3.241025641025641,16.83899556868538,1.7674418604651165,10.2,4.0
Lucas Rossi,2026,T20I,134.0,117.0,8.0,8.0,11.0,4.0,16.75,114.53,123.0,15.375,84.24657534246576,8.0,124.0,146.0,15.375,1.0,62.0,2,0,0,0,0,0,0,1,0,0,1.0,0.0,5.374999999999999,14.372093023255815,17.676021143926228,95.00861364860346,22.411651450220482,83.96739130434783,15.45,1.625,94.0
Luqman Butt,2026,T20I,190.0,127.0,8.0,8.0,10.0,14.0,23.75,149.61,393.0,43.666666666666664,165.12605042016807,11.0,858.0,238.0,35.72727272727273,465.0,429.0,2,0,0,0,0,0,0,1,0,0,15.0,0.0,12.5,33.6,29.361657187034073,367.02071483792594,15.233847810480976,149.20071047957373,43.07692307692308,4.545454545454546,308.0
M Abadjieva,2026,T20I,36.0,95.0,8.0,9.0,1.0,0.0,4.5,37.89,17.0,5.666666666666667,53.125,4.0,17.0,32.0,4.25,17.0,17.0,1,1,0,0,0,0,0,1,0,0,0.0,0.0,4.0,4.25,8.04551623848764,32.18206495395056,10.5758603974794,53.125,5.666666666666667,7.25,22.0
M Akayezu,2026,T20I,105.0,92.0,9.0,10.0,7.0,6.0,11.67,114.13,99.0,7.071428571428571,119.27710843373494,16.0,451.0,83.0,6.1875,116.0,121.66666666666667,5,0,0,0,0,0,0,1,0,0,14.0,24.0,15.660550458715596,6.6362038664323375,7.92135243803901,124.05273955717972,15.233847810480976,111.81522061000888,7.462450592885377,7.125,61.0
M Ariokot,2026,T20I,24.0,41.0,5.0,7.0,1.0,0.0,4.8,58.54,116.0,19.333333333333332,77.85234899328859,13.0,158.0,149.0,8.923076923076923,42.0,79.0,2,1,0,0,0,0,0,1,0,0,8.0,0.0,11.125,7.932584269662921,8.598956402725898,95.66338998032562,10.5758603974794,75.83243823845326,15.688888888888888,6.142857142857143,63.0
M Artur,2026,T20I,23.0,34.0,4.0,5.0,1.0,0.0,5.75,67.65,30.0,7.5,107.14285714285714,5.0,33.0,28.0,6.0,30.0,15.5,3,1,0,0,0,0,0,1,0,0,0.0,2.0,4.177215189873418,4.666666666666667,7.480568443244159,31.247944130007244,10.5758603974794,88.81199538638985,5.500000000000001,6.2,24.0
M Batnasan,2026,T20I,30.0,33.0,3.0,4.0,3.0,0.0,10.0,90.91,48.0,6.857142857142857,65.75342465753424,8.0,48.0,73.0,6.0,48.0,48.0,1,1,0,0,0,0,0,1,0,0,0.0,0.0,8.0,6.0,7.961083027491171,63.688664219929365,10.5758603974794,65.75342465753424,6.857142857142857,5.75,36.0
M Bayram,2026,T20I,67.0,52.0,4.0,6.0,6.0,1.0,16.75,128.85,68.0,17.0,165.85365853658536,4.0,68.0,41.0,17.0,68.0,68.0,1,1,0,0,0,0,0,1,0,0,0.0,0.0,4.0,17.0,17.78962417415791,71.15849669663164,18.316040290263185,165.85365853658536,17.0,1.0,66.0
M Bibi,2026,T20I,270.0,299.0,11.0,22.0,16.0,1.0,24.55,90.3,122.0,9.384615384615385,84.13793103448276,16.0,308.0,145.0,7.625,97.0,100.66666666666667,4,1,0,0,0,0,0,1,0,0,7.0,10.0,11.825688073394494,8.200155159038014,8.64868352375319,102.27663359741156,10.5758603974794,83.05830583058305,10.252182347235692,5.375,71.0
M Bryant,2025,BBL,222.0,146.0,7.0,10.0,16.0,12.0,31.71,152.05,259.0,43.166666666666664,164.96815286624204,9.0,1517.0,157.0,28.77777777777778,94.0,168.33333333333334,7,0,1,0,0,0,0,0,0,0,5.0,9.0,8.0,24.123853211009173,22.435445875358937,179.4835670028715,17.527808553068912,152.85568958000292,30.39884393063584,5.222222222222222,197.0
M Castineiras,2026,T20I,62.0,95.0,6.0,7.0,2.0,2.0,10.33,65.26,36.0,6.0,34.61538461538461,6.0,341.0,104.0,6.0,260.0,113.33333333333333,4,1,0,0,0,0,0,1,0,0,2.0,6.0,4.394495412844036,21.718162839248436,17.427160615203878,76.5835773824097,10.5758603974794,97.48852028863276,23.169265033407573,3.8333333333333335,98.0
M Choamba,2026,T20I,120.0,157.0,10.0,12.0,7.0,2.0,12.0,76.43,48.0,6.857142857142857,60.0,9.0,50.0,80.0,5.333333333333333,2.0,25.0,2,0,0,0,0,0,0,1,0,0,1.0,0.0,5.999999999999999,5.125000000000001,9.013018388646529,54.07811033187917,15.233847810480976,59.27710843373495,6.473684210526317,6.777777777777778,39.0
M Corazon,2026,T20I,116.0,100.0,7.0,7.0,15.0,3.0,16.57,116.0,305.0,33.888888888888886,126.55601659751036,10.0,476.0,241.0,30.5,54.0,158.66666666666666,3,1,0,0,0,0,0,1,0,0,6.0,5.0,7.857142857142857,24.644155844155843,22.869917838391547,179.69221158736215,18.316040290263185,119.78285570003789,29.015290519877674,1.1,163.0
M Dale-Bradley,2026,T20I,45.0,29.0,2.0,4.0,3.0,2.0,22.5,155.17,62.0,10.333333333333334,96.875,6.0,94.0,64.0,10.333333333333334,32.0,47.0,2,0,0,0,0,0,0,1,0,0,4.0,0.0,5.25,9.666666666666666,11.986325476589295,62.9282087520938,15.233847810480976,99.02439024390245,10.41025641025641,4.333333333333333,60.0
M Gilkes,2025,BBL,232.0,149.0,10.0,10.0,20.0,11.0,23.2,155.7,157.0,22.428571428571427,130.83333333333334,8.0,899.0,120.0,19.625,21.0,153.33333333333334,6,0,1,0,0,0,0,0,0,0,4.0,15.0,8.660550458715598,17.797669491525422,19.755488413349592,171.0934042403855,25.91609195402299,120.84442206717974,19.58158508158508,3.375,151.0
M Gogev,2026,T20I,283.0,240.0,15.0,15.0,27.0,12.0,18.87,117.92,244.0,61.0,215.929203539823,5.0,351.0,113.0,48.8,107.0,175.5,2,0,0,0,0,0,0,1,0,0,7.0,0.0,5.749999999999999,33.5,29.12302030929756,167.45736677846094,22.411651450220482,185.21634615384613,37.58536585365854,3.0,143.0
M Gorases,2026,T20I,242.0,299.0,15.0,17.0,25.0,1.0,16.13,80.94,66.0,5.5,45.51724137931035,15.0,350.0,145.0,4.4,217.0,104.66666666666667,5,1,0,0,0,0,0,1,0,0,18.0,5.0,13.064220183486237,7.558988764044944,8.083966426475534,105.61071735138678,10.5758603974794,63.054302618475774,9.475352112676056,5.866666666666666,71.0
M Hill,2026,T20I,501.0,550.0,23.0,24.0,55.0,9.0,21.78,91.09,421.0,28.066666666666666,88.81856540084388,16.0,1482.0,474.0,26.3125,323.0,370.0,6,1,0,0,0,0,0,1,0,0,12.0,17.0,14.761467889908255,25.36668738346799,24.258675792079075,358.09366375647,18.316040290263185,98.79935126237565,28.24567474048443,2.5625,285.0
M Ibrahim,2026,T20I,6.0,41.0,3.0,4.0,0.0,0.0,2.0,14.63,1.0,0.3333333333333333,6.25,3.0,1.0,16.0,0.3333333333333333,1.0,1.0,1,0,0,0,0,0,0,1,0,0,0.0,0.0,3.0,0.3333333333333333,3.7161809997630897,11.148542999289269,5.407604832977968,6.25,0.3333333333333333,7.75,9.0
M Jansen,2026,IPL,51.0,45.0,4.0,5.0,1.0,3.0,12.75,113.33,75.0,18.75,119.04761904761905,8.0,141.0,63.0,9.375,18.0,44.0,5,0,0,0,1,0,0,0,0,0,2.0,6.0,5.412844036697247,8.628813559322035,7.447054253351932,40.30974320621687,5.122927618277396,115.94169892962879,17.25762711864407,8.0,35.0
M Jansen,2026,ODI,89.0,56.0,3.0,3.0,10.0,3.0,29.67,158.93,42.0,10.5,67.74193548387096,4.0,464.0,62.0,10.5,157.0,154.0,4,0,0,0,0,1,0,0,0,0,8.0,10.0,5.7889908256880735,18.329635499207605,20.8976921104163,120.97654790525401,26.29917118265859,100.6614447345518,22.902970297029704,7.25,107.0
M Jansen,2026,T20I,85.0,60.0,4.0,5.0,2.0,9.0,21.25,141.67,103.0,25.75,201.96078431372547,6.0,167.0,51.0,17.166666666666668,32.0,51.666666666666664,4,0,0,0,0,0,0,1,0,0,6.0,1.0,4.669724770642201,12.970530451866404,13.809832315382314,64.48811604155594,15.233847810480976,165.92108569992462,18.916905444126073,6.666666666666667,65.0
M Jansen,2026,Test,118.0,136.0,4.0,3.0,7.0,8.0,29.5,86.76,105.0,17.5,80.1526717557252,5.0,506.0,131.0,21.0,95.0,102.0,4,0,0,0,0,0,0,0,1,0,2.0,4.0,4.2110091743119265,26.59694989106754,23.26875052882233,97.98492195164633,18.176605504587155,56.937642833823055,21.530864197530864,8.0,101.0
M Jele,2026,T20I,4.0,8.0,1.0,4.0,0.0,0.0,4.0,50.0,21.0,4.2,55.26315789473685,6.0,39.0,38.0,3.5,21.0,18.5,3,0,0,0,0,0,0,1,0,0,0.0,2.0,4.810126582278481,3.5789473684210527,4.385708014549103,21.095810702894422,5.407604832977968,59.64912280701754,4.518272425249169,8.333333333333334,13.0
M Kapp,2026,ODI,208.0,202.0,7.0,8.0,19.0,6.0,29.71,102.97,247.0,61.75,88.84892086330936,6.0,2382.0,278.0,41.166666666666664,539.0,312.0,14,1,0,0,0,1,0,0,0,0,13.0,3.0,7.935779816513762,40.543352601156066,35.669131283498885,283.06237211217007,21.615126484254002,90.42854932700737,59.04040404040404,4.833333333333333,245.0
M Kapp,2026,T20I,149.0,103.0,6.0,7.0,14.0,5.0,24.83,144.66,93.0,15.5,124.0,7.0,1349.0,75.0,13.285714285714286,309.0,193.0,11,1,0,0,0,0,0,1,0,0,10.0,9.0,8.285714285714285,21.06650246305419,18.23629327270128,151.1007156880963,10.5758603974794,130.77981651376146,22.991935483870968,3.857142857142857,163.0
M Kapp,2026,WPL,49.0,45.0,4.0,9.0,6.0,2.0,12.25,108.89,106.0,35.333333333333336,129.26829268292684,6.0,362.0,82.0,17.666666666666668,79.0,120.66666666666667,3,1,0,0,0,0,0,0,0,1,5.0,7.0,5.877551020408164,18.847222222222225,18.624834290764472,109.46841379061567,18.197849462365593,127.74770534243352,31.742690058479532,5.333333333333333,113.0
M Kasselman,2026,T20I,512.0,392.0,17.0,18.0,47.0,24.0,30.12,130.61,165.0,20.625,126.92307692307692,12.0,165.0,130.0,13.75,165.0,165.0,1,0,0,0,0,0,0,1,0,0,0.0,0.0,12.0,13.75,16.637217150073493,199.6466058008819,22.411651450220482,126.92307692307692,20.625,2.8333333333333335,97.0
M Khojbariya,2026,T20I,87.0,91.0,6.0,9.0,9.0,2.0,14.5,95.6,102.0,12.75,109.6774193548387,10.0,102.0,93.0,10.2,102.0,102.0,1,0,0,0,0,0,0,1,0,0,0.0,0.0,10.0,10.2,12.087692928930366,120.87692928930366,15.233847810480976,109.6774193548387,12.75,3.9,74.0
M Klaas,2026,ODI,30.0,51.0,2.0,4.0,3.0,0.0,15.0,58.82,6.0,2.0,35.294117647058826,3.0,109.0,17.0,2.0,22.0,11.0,10,1,0,0,0,1,0,0,0,0,5.0,1.0,3.3211009174311927,3.2348066298342544,4.86143793675586,16.145325991794692,6.824239713774597,37.56817452678858,4.010273972602739,9.0,11.0
M Labuschagne,2026,ODI,109.0,189.0,5.0,6.0,7.0,0.0,21.8,57.67,215.0,21.5,87.75510204081633,11.0,1857.0,245.0,19.545454545454547,512.0,374.3333333333333,6,0,0,0,0,1,0,0,0,0,13.0,10.0,11.38532110091743,29.096696212731665,28.552077452821266,325.07456989863476,26.29917118265859,82.84350838552778,32.096888888888884,4.454545454545454,271.0
M Labuschagne,2026,Test,295.0,492.0,12.0,7.0,34.0,3.0,24.58,59.96,321.0,24.692307692307693,41.47286821705426,8.0,4435.0,774.0,40.125,325.0,632.0,7,0,0,0,0,0,0,0,1,0,7.0,15.0,9.082568807339447,56.05454545454547,58.053032604884905,527.2706631085875,64.64804020100503,47.426310346890475,34.297898640296665,2.857142857142857,378.0
M Levitt,2026,T20I,79.0,60.0,4.0,4.0,8.0,4.0,19.75,131.67,328.0,36.44444444444444,140.17094017094016,9.0,878.0,234.0,36.44444444444444,550.0,439.0,2,0,0,0,0,0,0,1,0,0,16.0,0.0,11.625,35.376344086021504,32.21422393094808,374.4903531972714,22.411651450220482,142.60944950151713,36.55555555555556,1.0,259.0
M Lollo,2026,T20I,61.0,67.0,5.0,6.0,1.0,0.0,12.2,91.04,63.0,12.6,70.0,6.0,84.0,90.0,10.5,63.0,42.0,2,1,0,0,0,0,0,1,0,0,0.0,6.0,6.000000000000001,8.647058823529411,12.744084868755586,76.46450921253353,18.316040290263185,69.50354609929079,9.854748603351956,2.0,44.0
M Louis,2025,CPL,9.0,8.0,2.0,2.0,0.0,1.0,4.5,112.5,201.0,28.714285714285715,141.54929577464787,8.0,201.0,142.0,25.125,201.0,201.0,1,0,0,1,0,0,0,0,0,0,0.0,0.0,8.0,25.125,21.426236505146875,171.409892041175,16.494551845342706,141.54929577464787,28.714285714285715,5.0,138.0
M Madara,2026,ODI,15.0,64.0,3.0,4.0,1.0,0.0,5.0,23.44,2.0,0.6666666666666666,50.0,3.0,2.0,4.0,0.6666666666666666,2.0,2.0,1,1,0,0,0,1,0,0,0,0,0.0,0.0,3.0,0.6666666666666666,4.771715364738621,14.315146094215862,6.824239713774597,50.0,0.6666666666666666,10.0,8.0
M Magagula,2026,T20I,38.0,55.0,4.0,4.0,5.0,0.0,9.5,69.09,25.0,6.25,104.16666666666667,6.0,60.0,24.0,4.166666666666667,25.0,12.5,3,0,0,0,0,0,0,1,0,0,0.0,1.0,4.582278481012659,4.516574585635359,4.9203647279356355,22.546481411553167,5.407604832977968,86.59957627118644,6.700819672131148,8.166666666666666,17.0
M Mani,2026,WPL,13.0,11.0,2.0,3.0,2.0,0.0,6.5,118.18,9.0,4.5,128.57142857142858,3.0,15.0,7.0,3.0,5.0,5.0,3,1,0,0,0,0,0,0,0,1,1.0,2.0,2.2040816326530615,2.8611111111111107,4.767756128221245,10.50852371118152,6.140540540540541,94.20731707317071,3.72289156626506,10.666666666666666,6.0
M Mariyappan,2026,T20I,5.0,19.0,3.0,3.0,0.0,0.0,1.67,26.32,18.0,6.0,64.28571428571429,3.0,18.0,28.0,6.0,18.0,18.0,1,0,0,0,0,0,0,1,0,0,0.0,0.0,3.0,6.0,12.155898540320651,36.467695620961955,15.233847810480976,64.28571428571429,6.0,4.333333333333333,38.0
M Mooketsi,2026,T20I,1.0,7.0,1.0,2.0,0.0,0.0,1.0,14.29,21.0,7.0,43.75,5.0,57.0,48.0,4.2,21.0,18.5,4,0,0,0,0,0,0,1,0,0,0.0,7.0,5.037974683544304,3.6934673366834168,4.430202650277063,22.319248795066724,5.407604832977968,49.54499494438827,5.856573705179283,9.2,13.0
M Mupachikwa,2026,ODI,148.0,259.0,7.0,7.0,17.0,0.0,21.14,57.14,307.0,34.111111111111114,66.02150537634408,9.0,473.0,465.0,34.111111111111114,70.0,137.0,4,1,0,0,0,1,0,0,0,0,2.0,3.0,5.779816513761467,29.752380952380953,30.032933233308327,173.58484345857104,30.622093023255815,61.96363636363637,31.24,2.111111111111111,157.0
M Mupachikwa,2026,T20I,186.0,243.0,9.0,10.0,19.0,0.0,20.67,76.54,201.0,25.125,87.77292576419214,10.0,1169.0,229.0,20.1,498.0,259.0,6,1,0,0,0,0,0,1,0,0,21.0,5.0,11.899082568807339,21.639167309175015,21.01491051163366,250.05815535402618,18.316040290263185,83.53473421036966,28.178714859437747,1.7,190.0
M Mwatile,2026,T20I,209.0,255.0,16.0,20.0,23.0,3.0,13.06,81.96,267.0,20.53846153846154,86.97068403908796,19.0,360.0,307.0,14.052631578947368,91.0,179.0,3,1,0,0,0,0,0,1,0,0,13.0,0.0,14.967032967032967,11.822320117474302,11.597327388233346,173.5775813491628,10.5758603974794,88.1914777084018,17.295381310418907,5.55,99.0
M Pathirana,2026,T20I,2.0,5.0,1.0,2.0,0.0,0.0,2.0,40.0,0.0,0.0,0.0,3.0,7.0,3.0,0.0,7.0,3.5,2,0,0,0,0,0,0,1,0,0,4.0,0.0,3.375,0.7777777777777778,3.2145288594620887,10.849034900684549,5.407604832977968,38.88888888888889,1.3125,10.0,5.0
M Perisic,2026,T20I,41.0,77.0,7.0,7.0,2.0,0.0,5.86,53.25,82.0,11.714285714285714,57.34265734265735,7.0,92.0,143.0,11.714285714285714,10.0,46.0,2,1,0,0,0,0,0,1,0,0,3.0,0.0,5.5,10.0,13.37136768524183,73.54252226883007,18.316040290263185,51.76470588235295,10.0,1.8571428571428572,57.0
M Phiase,2026,T20I,29.0,45.0,3.0,5.0,1.0,0.0,9.67,64.44,4.0,2.0,22.22222222222222,3.0,14.0,18.0,1.3333333333333333,10.0,4.666666666666667,3,1,0,0,0,0,0,1,0,0,6.0,2.0,3.7346938775510203,1.3661202185792352,2.210672210672211,8.256183970469685,3.241025641025641,26.968716289104638,1.5822784810126584,8.333333333333334,10.0
M Podosky,2026,T20I,39.0,62.0,4.0,4.0,4.0,1.0,9.75,62.9,308.0,23.692307692307693,121.25984251968505,14.0,512.0,254.0,22.0,133.0,158.66666666666666,4,0,0,0,0,0,0,1,0,0,6.0,3.0,9.073394495412844,20.643073811931245,19.384138357753525,175.8799342735618,15.233847810480976,120.05174644243209,23.200000000000006,3.9285714285714284,143.0
M Polimeri,2026,T20I,55.0,122.0,9.0,10.0,0.0,0.0,6.11,45.08,75.0,9.375,51.724137931034484,9.0,82.0,145.0,8.333333333333334,6.0,27.333333333333332,3,1,0,0,0,0,0,1,0,0,2.0,2.0,5.571428571428571,7.23076923076923,8.416971772155815,46.89455701629668,10.5758603974794,50.177935943060504,8.472103004291844,4.555555555555555,45.0
M Prasidh Krishna,2026,Test,8.0,21.0,2.0,2.0,1.0,0.0,4.0,38.1,10.0,2.5,20.408163265306122,4.0,10.0,49.0,2.5,0.0,5.0,2,0,0,0,0,0,0,0,1,0,2.0,0.0,3.25,1.923076923076923,10.630324377457404,34.54855422673656,18.176605504587155,17.064846416382252,2.173913043478261,10.714285714285714,14.0
M Rathnayake,2026,T20I,45.0,63.0,6.0,7.0,4.0,1.0,7.5,71.43,72.0,8.0,60.50420168067227,10.0,287.0,119.0,7.2,94.0,95.66666666666667,3,1,0,0,0,0,0,1,0,0,5.0,8.0,8.10204081632653,10.828715365239296,12.881912328225736,104.36977947562484,18.316040290263185,75.15734265734265,12.042016806722689,1.8,78.0
M Ribeiro,2026,T20I,6.0,12.0,1.0,2.0,0.0,0.0,6.0,50.0,5.0,1.25,29.411764705882355,4.0,10.0,17.0,1.25,5.0,5.0,3,1,0,0,0,0,0,1,0,0,0.0,3.0,3.3544303797468356,1.2830188679245282,2.3226684819605175,7.791229717968824,3.241025641025641,24.268379728765172,1.2830188679245282,9.75,6.0
M Shahbaz Butt,2026,T20I,15.0,35.0,3.0,8.0,0.0,0.0,5.0,42.86,20.0,10.0,76.92307692307693,4.0,55.0,26.0,5.0,20.0,10.0,3,0,0,0,0,0,0,1,0,0,0.0,1.0,3.177215189873418,5.517928286852589,10.807902619136648,34.33903237219366,15.233847810480976,79.7811059907834,9.172185430463577,7.25,29.0
M Shahrukh Khan,2026,IPL,43.0,33.0,4.0,5.0,3.0,2.0,10.75,130.3,179.0,29.833333333333332,179.0,11.0,732.0,100.0,16.272727272727273,127.0,154.0,5,0,0,0,1,0,0,0,0,0,7.0,12.0,9.761467889908257,15.841165413533835,16.42514020196515,160.33347866872404,18.496304118268217,166.38696939782824,23.639551192145866,5.2727272727272725,153.0
M Smit,2026,T20I,110.0,66.0,2.0,2.0,16.0,1.0,55.0,166.67,81.0,40.5,132.78688524590163,3.0,146.0,61.0,27.0,65.0,73.0,2,1,0,0,0,0,0,1,0,0,3.0,0.0,2.9999999999999996,25.0,16.986589109710774,50.95976732913231,10.5758603974794,122.95081967213115,37.5,4.666666666666667,85.0
M Spoors,2025,BBL,1.0,2.0,1.0,2.0,0.0,0.0,1.0,50.0,78.0,26.0,101.29870129870129,4.0,78.0,77.0,19.5,78.0,78.0,1,0,1,0,0,0,0,0,0,0,0.0,0.0,4.0,19.5,18.316685131841346,73.26674052736539,17.527808553068912,101.29870129870129,26.0,7.0,51.0
M Stanikzai,2026,T20I,155.0,96.0,9.0,9.0,14.0,11.0,17.22,161.46,127.0,18.142857142857142,139.56043956043956,8.0,146.0,91.0,15.875,19.0,73.0,2,0,0,0,0,0,0,1,0,0,3.0,0.0,6.125,14.122448979591836,14.54449916853708,89.08505740728961,15.233847810480976,134.36893203883494,15.727272727272727,7.125,65.0
M Syahadat Ramli,2026,T20I,145.0,177.0,11.0,12.0,7.0,3.0,13.18,81.92,159.0,31.8,125.19685039370079,8.0,427.0,127.0,19.875,56.0,107.5,4,0,0,0,0,0,0,1,0,0,7.0,0.0,7.307692307692307,16.16842105263158,15.877880148336056,116.03066262245578,15.233847810480976,110.07371007371005,28.825737265415547,4.75,111.0
M Syrioti,2026,T20I,98.0,171.0,8.0,9.0,4.0,1.0,12.25,57.31,144.0,13.090909090909092,67.9245283018868,12.0,339.0,212.0,12.0,84.0,113.0,3,1,0,0,0,0,0,1,0,0,3.0,4.0,7.775510204081633,15.377952755905513,16.20792098595005,126.02485501320346,18.316040290263185,70.08373205741627,17.647590361445786,2.6666666666666665,95.0
M Taniyama,2026,T20I,8.0,18.0,1.0,1.0,0.0,0.0,8.0,44.44,34.0,34.0,73.91304347826086,5.0,89.0,46.0,6.8,43.0,29.666666666666668,3,0,0,0,0,0,0,1,0,0,4.0,5.0,4.693877551020408,6.969565217391305,6.353001907754461,29.820213036398485,5.407604832977968,89.30362116991645,13.93913043478261,9.6,21.0
M Tarimiala,2026,T20I,3.0,10.0,1.0,2.0,0.0,0.0,3.0,30.0,23.0,5.75,56.09756097560976,5.0,31.0,41.0,4.6,3.0,13.0,3,1,0,0,0,0,0,1,0,0,1.0,0.0,3.4999999999999996,4.428571428571429,3.8143236074270557,13.350132625994693,3.241025641025641,57.14285714285715,6.2,9.0,12.0
M Taylor,2026,T20I,113.0,109.0,3.0,3.0,12.0,3.0,37.67,103.67,343.0,18.05263157894737,92.95392953929539,20.0,508.0,369.0,17.15,343.0,216.0,3,0,0,0,0,0,0,1,0,0,0.0,4.0,14.126582278481013,17.551971326164875,18.581564572786824,262.494000800381,22.411651450220482,93.63288718929255,18.375234521575983,1.0,140.0
M Theekshana,2026,ODI,28.0,32.0,1.0,2.0,2.0,0.0,28.0,87.5,49.0,12.25,50.51546391752577,6.0,256.0,97.0,8.166666666666666,118.0,76.0,5,0,0,0,0,1,0,0,0,0,10.0,6.0,6.999999999999999,9.549148099606816,9.389953206681733,65.72967244677213,8.98506752900894,48.96834464681766,14.258317025440313,9.0,51.0
M Theekshana,2026,T20I,32.0,55.0,8.0,11.0,3.0,0.0,4.0,58.18,37.0,7.4,69.81132075471697,7.0,82.0,53.0,5.285714285714286,11.0,20.666666666666668,5,0,0,0,0,0,0,1,0,0,5.0,6.0,6.28440366972477,3.8715328467153287,4.33937203034862,27.27036551182389,5.407604832977968,63.15789473684211,5.583157894736842,8.857142857142858,18.0
M Uwase,2026,T20I,239.0,216.0,10.0,15.0,26.0,2.0,23.9,110.65,190.0,10.0,73.92996108949417,21.0,411.0,257.0,9.047619047619047,221.0,205.5,2,1,0,0,0,0,0,1,0,0,16.0,0.0,19.125,10.542483660130719,11.816837206054075,225.9970115657842,18.316040290263185,76.1208117036338,11.521428571428572,2.0476190476190474,130.0
M Valner,2026,T20I,1.0,8.0,2.0,2.0,0.0,0.0,0.5,12.5,7.0,2.3333333333333335,20.588235294117645,4.0,38.0,34.0,1.75,31.0,19.0,2,1,0,0,0,0,0,1,0,0,8.0,0.0,5.5,2.9090909090909087,6.017240701680837,33.094823859244606,10.5758603974794,23.74768089053803,3.5555555555555554,7.5,16.0
M Vervitsioti,2026,T20I,61.0,117.0,8.0,11.0,2.0,0.0,7.62,52.14,17.0,2.4285714285714284,30.909090909090907,8.0,27.0,55.0,2.125,4.0,9.0,3,1,0,0,0,0,0,1,0,0,2.0,2.0,5.061224489795919,2.1733870967741935,5.340148391009824,27.027689815723193,10.5758603974794,32.46987951807229,2.5913461538461537,7.25,16.0
M Wai Siu,2026,T20I,21.0,42.0,4.0,6.0,1.0,0.0,5.25,50.0,42.0,10.5,53.16455696202531,11.0,65.0,79.0,3.8181818181818183,2.0,19.666666666666668,5,1,0,0,0,0,0,1,0,0,2.0,4.0,6.458715596330274,3.482954545454546,3.410665032178977,22.028515437192656,3.241025641025641,49.53535353535353,11.62085308056872,8.636363636363637,12.0
M Yanagida,2026,T20I,77.0,109.0,6.0,6.0,5.0,0.0,12.83,70.64,299.0,21.357142857142858,94.3217665615142,15.0,581.0,317.0,19.933333333333334,153.0,181.33333333333334,5,1,0,0,0,0,0,1,0,0,8.0,9.0,11.755102040816327,18.399305555555557,18.38210198834639,216.08348459770448,18.316040290263185,88.70103783059928,21.196,3.066666666666667,150.0
M Zhu,2026,T20I,232.0,250.0,10.0,11.0,20.0,1.0,23.2,92.8,36.0,6.0,67.9245283018868,7.0,48.0,53.0,5.142857142857143,3.0,16.0,3,1,0,0,0,0,0,1,0,0,2.0,3.0,4.73469387755102,4.422413793103448,6.838688637753691,32.37909722365013,10.5758603974794,59.30635838150289,4.956521739130434,4.142857142857143,31.0
M van Lingen,2026,ODI,96.0,161.0,6.0,6.0,9.0,0.0,16.0,59.63,241.0,80.33333333333333,140.11627906976744,3.0,1300.0,172.0,80.33333333333333,204.0,396.6666666666667,4,0,0,0,0,1,0,0,0,0,9.0,19.0,7.596330275229357,39.60144927536232,37.825466964637506,287.33473987816376,32.92375578703704,98.15014367816092,44.430894308943095,1.0,324.0
MA Abbas,2026,ODI,58.0,100.0,3.0,3.0,2.0,0.0,19.33,58.0,104.0,34.666666666666664,100.97087378640776,3.0,104.0,103.0,34.666666666666664,104.0,104.0,1,0,0,0,0,1,0,0,0,0,0.0,0.0,3.0,34.666666666666664,29.088336343994612,87.26500903198384,26.29917118265859,100.97087378640776,34.666666666666664,6.333333333333333,98.0
MA Algi,2026,T20I,13.0,10.0,0.0,2.0,1.0,1.0,13.0,130.0,12.0,6.0,85.71428571428571,3.0,12.0,14.0,4.0,12.0,12.0,1,0,0,0,0,0,0,1,0,0,0.0,0.0,3.0,4.0,4.938403221985312,14.815209665955937,5.407604832977968,85.71428571428571,6.0,9.333333333333334,13.0
MA Baig,2026,T20I,29.0,42.0,3.0,4.0,2.0,1.0,9.67,69.05,50.0,25.0,71.42857142857143,4.0,197.0,70.0,12.5,50.0,62.0,3,0,0,0,0,0,0,1,0,0,0.0,1.0,3.316455696202532,17.69083969465649,16.379278190648208,54.32115045506115,15.233847810480976,84.42622950819673,35.93023255813954,4.5,71.0
MA Leask,2026,ODI,77.0,66.0,4.0,5.0,5.0,3.0,19.25,116.67,222.0,27.75,124.7191011235955,11.0,1481.0,178.0,20.181818181818183,57.0,222.0,10,0,0,0,0,1,0,0,0,0,4.0,12.0,9.743119266055045,22.650659133709983,23.454296148896898,228.518004680078,26.29917118265859,115.05165486894968,28.534994068801897,6.818181818181818,183.0
MA Leask,2026,T20I,31.0,22.0,4.0,5.0,2.0,2.0,7.75,140.91,144.0,24.0,115.19999999999999,7.0,852.0,125.0,20.571428571428573,148.0,138.66666666666666,11,0,0,0,0,0,0,1,0,0,11.0,8.0,8.56880733944954,16.94860813704497,16.53172961356912,141.65720604654638,15.233847810480976,125.83465818759937,19.59158415841584,5.857142857142857,106.0
MA Nyabela,2026,T20I,25.0,60.0,6.0,6.0,0.0,0.0,4.17,41.67,43.0,8.6,64.17910447761194,5.0,67.0,67.0,8.6,19.0,22.333333333333332,3,1,0,0,0,0,0,1,0,0,5.0,3.0,4.63265306122449,6.18942731277533,7.93469246584061,36.758677341751394,10.5758603974794,56.95176327523307,6.627358490566037,5.0,38.0
MA Sherry,2026,T20I,11.0,10.0,0.0,1.0,1.0,0.0,11.0,110.0,68.0,11.333333333333334,87.17948717948718,7.0,68.0,78.0,9.714285714285714,68.0,68.0,1,0,0,0,0,0,0,1,0,0,0.0,0.0,7.0,9.714285714285714,12.261775912529682,85.83243138770777,15.233847810480976,87.17948717948718,11.333333333333334,6.571428571428571,47.0
MA Starc,2026,IPL,0.0,2.0,1.0,1.0,0.0,0.0,0.0,0.0,6.0,3.0,60.0,5.0,111.0,10.0,1.2,9.0,7.5,4,0,0,0,1,0,0,0,0,0,5.0,0.0,5.0,1.4249999999999998,3.009826122118884,15.04913061059442,5.122927618277396,68.67469879518072,3.5624999999999996,9.0,10.0
MA Starc,2026,ODI,6.0,12.0,2.0,2.0,1.0,0.0,3.0,50.0,6.0,3.0,24.0,4.0,573.0,25.0,1.5,85.0,35.0,14,0,0,0,0,1,0,0,0,0,8.0,3.0,4.834862385321101,6.741935483870967,7.555647229386556,36.53051458611665,8.98506752900894,53.67069486404834,10.511834319526628,9.25,30.0
MA Starc,2026,Test,176.0,309.0,9.0,7.0,25.0,0.0,19.56,56.96,229.0,17.615384615384617,43.61904761904762,11.0,2322.0,525.0,20.818181818181817,113.0,168.66666666666666,13,0,0,0,0,0,0,0,1,0,7.0,10.0,9.633027522935777,19.24952380952381,19.01109751953789,183.13442564692457,18.176605504587155,45.34481985013685,16.3,9.0,134.0
MAA Sanjeewani,2026,ODI,28.0,53.0,5.0,6.0,2.0,0.0,5.6,52.83,155.0,38.75,78.28282828282829,8.0,550.0,198.0,19.375,74.0,92.0,9,1,0,0,0,1,0,0,0,0,5.0,5.0,6.275229357798166,16.66520467836257,18.17432718015874,114.04807147916128,21.615126484254002,78.225363711227,25.1079295154185,7.125,107.0
MB Kruger,2026,ODI,194.0,343.0,9.0,9.0,14.0,1.0,21.56,56.56,240.0,20.0,66.29834254143645,12.0,393.0,362.0,20.0,153.0,196.5,2,0,0,0,0,1,0,0,0,0,5.0,0.0,9.375,22.12,23.314048909331024,218.56920852497836,26.29917118265859,68.66721854304636,22.12,5.0,171.0
MB Kruger,2026,T20I,114.0,101.0,9.0,9.0,14.0,3.0,12.67,112.87,91.0,15.166666666666666,88.3495145631068,6.0,367.0,103.0,15.166666666666666,276.0,183.5,2,0,0,0,0,0,0,1,0,0,16.0,0.0,9.75,16.44871794871795,16.1112540214299,157.08472670894153,15.233847810480976,103.38436744560839,17.819444444444446,4.166666666666667,115.0
MC Alex,2026,T20I,10.0,21.0,5.0,5.0,1.0,0.0,2.0,47.62,8.0,1.6,32.0,5.0,8.0,25.0,1.6,8.0,8.0,1,0,0,0,0,0,0,1,0,0,0.0,0.0,5.0,1.6,9.036644260262351,45.183221301311754,15.233847810480976,32.0,1.6,4.4,28.0
MC Henriques,2025,BBL,185.0,162.0,12.0,12.0,15.0,4.0,15.42,114.2,236.0,29.5,124.21052631578948,10.0,3171.0,190.0,23.6,257.0,266.3333333333333,14,0,1,0,0,0,0,0,0,0,10.0,15.0,11.330275229357797,24.17651821862348,22.877096134150275,259.2037956483999,17.527808553068912,124.39796683609698,30.781443298969066,3.9,212.0
MD Bimenyimana,2026,T20I,132.0,178.0,8.0,10.0,12.0,0.0,16.5,74.16,429.0,22.57894736842105,79.00552486187846,23.0,1062.0,543.0,18.652173913043477,439.0,292.0,6,1,0,0,0,0,0,1,0,0,21.0,1.0,16.89908256880734,19.326818675352875,19.185253075200258,324.2131758212741,18.316040290263185,76.33424105324099,23.670212765957448,1.6521739130434783,196.0
MD Botha,2026,T20I,129.0,138.0,5.0,7.0,11.0,0.0,25.8,93.48,48.0,12.0,68.57142857142857,5.0,48.0,70.0,9.6,48.0,48.0,1,1,0,0,0,0,0,1,0,0,0.0,0.0,5.0,9.6,10.132287489534217,50.66143744767109,10.5758603974794,68.57142857142857,12.0,4.8,44.0
MD Patel,2026,ODI,185.0,241.0,8.0,8.0,21.0,3.0,23.12,76.76,399.0,30.692307692307693,81.42857142857143,13.0,2036.0,490.0,30.692307692307693,285.0,329.6666666666667,7,0,0,0,0,1,0,0,0,0,5.0,13.0,11.0,34.0,33.78460756244903,371.63068318693934,32.92375578703704,84.70505121865065,34.872540633019675,3.0,331.0
MD Patel,2026,T20I,91.0,64.0,4.0,4.0,6.0,4.0,22.75,142.19,371.0,46.375,153.94190871369295,9.0,920.0,241.0,41.22222222222222,282.0,326.5,4,0,0,0,0,0,0,1,0,0,10.0,0.0,9.32967032967033,34.17196702002356,31.101388542268186,290.1657018943483,22.411651450220482,146.67340748230535,36.81725888324873,2.4444444444444446,260.0
MD Shanaka,2026,T20I,499.0,307.0,21.0,23.0,23.0,40.0,23.76,162.54,81.0,20.25,109.45945945945945,6.0,1509.0,74.0,13.5,86.0,130.66666666666666,11,0,0,0,0,0,0,1,0,0,8.0,12.0,9.055045871559633,16.45997973657548,16.174168098791213,146.4578340688709,15.233847810480976,128.42687747035572,21.632490013315582,6.166666666666667,112.0
MDKJ Perera,2026,PSL,210.0,146.0,8.0,10.0,20.0,6.0,26.25,143.84,170.0,56.666666666666664,173.46938775510205,4.0,170.0,98.0,42.5,170.0,170.0,1,0,0,0,0,0,1,0,0,0,0.0,0.0,4.0,42.5,27.784088964927285,111.13635585970914,17.973481608212147,173.46938775510205,56.666666666666664,4.0,149.0
MDKJ Perera,2026,T20I,148.0,116.0,10.0,9.0,17.0,3.0,14.8,127.59,363.0,27.923076923076923,142.91338582677164,15.0,2159.0,254.0,24.2,136.0,206.66666666666666,13,0,0,0,0,0,0,1,0,0,5.0,3.0,9.559633027522935,24.722648752399234,24.20603236592112,231.40078647054867,22.411651450220482,139.36164457668377,27.31813361611877,3.2,229.0
ME Bouchier,2026,ODI,247.0,230.0,4.0,4.0,30.0,0.0,61.75,107.39,63.0,12.6,82.89473684210526,5.0,482.0,76.0,12.6,307.0,160.66666666666666,3,1,0,0,0,1,0,0,0,0,8.0,2.0,5.367346938775511,27.33079847908745,28.5261839067515,153.1099258668499,30.622093023255815,102.20389591923787,30.075313807531384,1.6,163.0
ME Bouchier,2026,T20I,62.0,70.0,2.0,3.0,4.0,0.0,31.0,88.57,200.0,22.22222222222222,120.48192771084338,10.0,738.0,166.0,20.0,333.0,207.0,5,1,0,0,0,0,0,1,0,0,13.0,6.0,9.862385321100916,20.999999999999996,20.414408790602874,201.33476559539528,18.316040290263185,122.02043132803631,23.914194915254235,1.2,159.0
ME Bouchier,2026,Test,25.0,60.0,2.0,1.0,3.0,0.0,12.5,41.67,129.0,32.25,68.61702127659575,2.0,129.0,188.0,64.5,129.0,129.0,1,1,0,0,0,0,0,0,1,0,0.0,0.0,2.0,64.5,56.71087786259542,113.42175572519083,54.11450381679389,68.61702127659575,32.25,1.75,126.0
ME Leoela,2026,T20I,4.0,24.0,3.0,3.0,0.0,0.0,1.33,16.67,12.0,4.0,57.14285714285714,3.0,24.0,21.0,4.0,12.0,8.5,3,0,0,0,0,0,0,1,0,0,0.0,3.0,2.7215189873417724,3.5674418604651166,10.363406491542316,28.204207540273394,15.233847810480976,56.646971935007386,4.284916201117318,3.6666666666666665,28.0
MFI Assuncao,2026,T20I,135.0,163.0,13.0,13.0,12.0,1.0,10.38,82.82,63.0,9.0,94.02985074626866,7.0,63.0,67.0,9.0,63.0,63.0,1,0,0,0,0,0,0,1,0,0,0.0,0.0,7.0,9.0,11.877160527914297,83.14012369540008,15.233847810480976,94.02985074626866,9.0,7.142857142857143,39.0
MG Bracewell,2026,ODI,285.0,313.0,9.0,12.0,28.0,6.0,31.67,91.05,247.0,30.875,109.2920353982301,13.0,757.0,226.0,19.0,247.0,246.5,3,0,0,0,0,1,0,0,0,0,0.0,6.0,10.987341772151899,22.67511520737327,23.605951502395182,259.3666570136585,26.29917118265859,113.28421779670772,34.289198606271775,6.6923076923076925,186.0
MG Bracewell,2026,PSL,190.0,110.0,7.0,8.0,16.0,13.0,27.14,172.73,83.0,13.833333333333334,150.9090909090909,7.0,83.0,55.0,11.857142857142858,83.0,83.0,1,0,0,0,0,0,1,0,0,0,0.0,0.0,7.0,11.857142857142858,14.680068434559452,102.76047904191617,17.973481608212147,150.9090909090909,13.833333333333334,5.428571428571429,63.0
MG Bracewell,2026,T20I,52.0,50.0,6.0,6.0,4.0,1.0,8.67,104.0,215.0,35.833333333333336,153.57142857142858,10.0,382.0,140.0,21.5,54.0,97.66666666666667,4,0,0,0,0,0,0,1,0,0,3.0,6.0,6.807339449541285,18.57277628032345,17.61147249821909,119.88727150163822,15.233847810480976,141.82360810949882,28.47314049586777,6.3,110.0
MG Erasmus,2026,ODI,222.0,291.0,9.0,10.0,14.0,4.0,24.67,76.29,313.0,22.357142857142858,65.48117154811716,14.0,2031.0,478.0,22.357142857142858,272.0,436.3333333333333,6,0,0,0,0,1,0,0,0,0,9.0,19.0,13.045871559633026,29.900140646976087,29.272794050405096,381.8891113731747,26.29917118265859,73.38280980324473,31.332350773765658,3.7333333333333334,267.0
MG Erasmus,2026,T20I,681.0,464.0,19.0,21.0,47.0,31.0,35.84,146.77,205.0,29.285714285714285,141.3793103448276,8.0,1615.0,145.0,25.625,470.0,242.33333333333334,7,0,0,0,0,0,0,1,0,0,20.0,3.0,11.38532110091743,23.95648670427075,22.258374005933998,253.41873524187238,15.233847810480976,121.25290590970268,30.744570837642193,4.0,215.0
MG Neser,2025,BBL,36.0,16.0,1.0,2.0,5.0,2.0,36.0,225.0,30.0,30.0,200.0,3.0,665.0,15.0,10.0,88.0,86.33333333333333,13,0,1,0,0,0,0,0,0,0,8.0,13.0,5.9266055045871555,10.405572755417957,12.664209900550395,75.05577610784913,17.527808553068912,147.60649978041286,15.560185185185187,5.333333333333333,61.0
MH Cross,2026,ODI,275.0,283.0,7.0,9.0,28.0,4.0,39.29,97.17,217.0,24.11111111111111,84.43579766536965,9.0,1877.0,257.0,24.11111111111111,57.0,182.0,12,0,0,0,0,1,0,0,0,0,4.0,13.0,9.293577981651374,22.563672260612044,23.417175441582312,217.62934607635668,26.29917118265859,73.29250304623869,22.971859296482414,5.555555555555555,191.0
MH Cross,2026,T20I,53.0,37.0,3.0,5.0,4.0,2.0,17.67,143.24,136.0,27.2,112.39669421487604,7.0,1200.0,121.0,19.428571428571427,212.0,141.66666666666666,12,0,0,0,0,0,0,1,0,0,10.0,6.0,7.963302752293577,18.658986175115206,17.779241732144087,141.58148461927584,15.233847810480976,109.89279413760346,23.85272459499263,6.857142857142857,111.0
MH Ushanga,2026,T20I,16.0,21.0,3.0,5.0,2.0,0.0,5.33,76.19,2.0,1.0,16.666666666666664,4.0,31.0,12.0,0.5,16.0,10.333333333333334,3,1,0,0,0,0,0,1,0,0,6.0,2.0,4.244897959183674,1.9567307692307694,2.4948431456811346,10.590354577585225,3.241025641025641,50.811485642946316,3.4201680672268906,10.25,6.0
MIW van den Raad,2026,T20I,19.0,33.0,5.0,6.0,2.0,0.0,3.8,57.58,40.0,10.0,105.26315789473684,5.0,44.0,38.0,8.0,4.0,22.0,2,1,0,0,0,0,0,1,0,0,1.0,0.0,3.4999999999999996,7.571428571428572,9.125445033179,31.939057616126497,10.5758603974794,103.41463414634147,10.6,6.0,40.0
MJ Hay,2026,ODI,20.0,19.0,2.0,2.0,2.0,0.0,10.0,105.26,166.0,41.5,104.40251572327044,5.0,166.0,159.0,33.2,166.0,166.0,1,0,0,0,0,1,0,0,0,0,0.0,0.0,5.0,33.2,29.435911554177412,147.17955777088707,26.29917118265859,104.40251572327044,41.5,7.2,126.0
MJ Hay,2026,T20I,2.0,3.0,1.0,1.0,0.0,0.0,2.0,66.67,87.0,12.428571428571429,127.94117647058823,9.0,87.0,68.0,9.666666666666666,87.0,87.0,1,0,0,0,0,0,0,1,0,0,0.0,0.0,9.0,9.666666666666666,11.89353912419239,107.04185211773151,15.233847810480976,127.94117647058823,12.428571428571429,5.888888888888889,55.0
MJ Henry,2026,Test,22.0,51.0,6.0,3.0,3.0,1.0,3.67,43.14,54.0,5.4,53.46534653465347,6.0,654.0,101.0,9.0,138.0,114.0,10,0,0,0,0,0,0,0,1,0,4.0,3.0,4.651376146788991,20.465483234714004,19.614599320168708,91.23487940665628,18.176605504587155,77.28864059590317,13.035175879396986,9.3,97.0
MJ Owen,2025,BBL,166.0,85.0,11.0,11.0,15.0,13.0,15.09,195.29,452.0,45.2,203.6036036036036,11.0,531.0,222.0,41.09090909090909,29.0,164.66666666666666,5,0,1,0,0,0,0,0,0,0,2.0,3.0,6.394495412844036,34.41893830703013,31.860408812644838,203.73123800379312,25.91609195402299,194.66082440765985,38.384,1.3636363636363635,241.0
MJ Owen,2026,T20I,44.0,39.0,5.0,5.0,2.0,2.0,8.8,112.82,135.0,27.0,164.6341463414634,6.0,135.0,82.0,22.5,135.0,135.0,1,0,0,0,0,0,0,1,0,0,0.0,0.0,6.0,22.5,18.866923905240487,113.20154343144293,15.233847810480976,164.6341463414634,27.0,5.833333333333333,109.0
MJ Potts,2026,Test,19.0,59.0,0.0,1.0,3.0,0.0,19.0,32.2,16.0,5.333333333333333,55.172413793103445,2.0,86.0,29.0,8.0,40.0,28.0,3,0,0,0,0,0,0,0,1,0,2.0,0.0,2.362637362637363,10.83720930232558,15.112585730827467,35.705559693713255,18.176605504587155,52.90644868301544,8.204225352112676,9.25,41.0
MJ Santner,2026,IPL,26.0,19.0,0.0,2.0,3.0,0.0,26.0,136.84,40.0,20.0,121.21212121212122,8.0,110.0,33.0,5.0,14.0,18.666666666666668,5,0,0,0,1,0,0,0,0,0,3.0,2.0,5.229357798165138,4.733333333333332,4.867676190210596,25.454820444220548,5.122927618277396,106.6824831949387,12.72641509433962,7.75,22.0
MJ Santner,2026,ODI,210.0,205.0,6.0,9.0,12.0,12.0,35.0,102.44,83.0,13.833333333333334,83.83838383838383,8.0,1431.0,99.0,10.375,96.0,124.66666666666667,11,0,0,0,0,1,0,0,0,0,6.0,7.0,7.18348623853211,15.28735632183908,13.541569952634056,97.27568140286665,8.98506752900894,95.53835102562057,20.28813559322034,7.875,85.0
MJ Santner,2026,T20I,356.0,228.0,10.0,15.0,33.0,18.0,35.6,156.14,60.0,20.0,100.0,6.0,731.0,60.0,10.0,102.0,90.0,11,0,0,0,0,0,0,1,0,0,7.0,13.0,7.93577981651376,10.85549132947977,11.98296510141141,95.09417259376941,15.233847810480976,111.50694691841825,18.557312252964422,7.5,61.0
MJ Santner,2026,Test,4.0,15.0,2.0,1.0,1.0,0.0,2.0,26.67,281.0,31.22222222222222,63.57466063348416,5.0,1085.0,442.0,56.2,38.0,159.5,8,0,0,0,0,0,0,0,1,0,2.0,0.0,3.875,49.0,33.84095352684614,131.1336949165288,18.176605504587155,63.9578947368421,29.7843137254902,8.222222222222221,171.0
MJ Swepson,2025,BBL,22.0,16.0,3.0,3.0,1.0,2.0,7.33,137.5,16.0,8.0,133.33333333333331,4.0,84.0,12.0,4.0,14.0,10.333333333333334,9,0,1,0,0,0,0,0,0,0,3.0,3.0,3.3577981651376145,3.5327868852459012,4.546428874015081,15.265990531096511,5.78307210031348,135.10971786833858,6.246376811594203,9.0,11.0
MK Amusa,2026,T20I,53.0,88.0,3.0,3.0,5.0,0.0,17.67,60.23,166.0,15.090909090909092,66.66666666666666,11.0,166.0,249.0,15.090909090909092,166.0,166.0,1,1,0,0,0,0,0,1,0,0,0.0,0.0,11.0,15.090909090909092,16.229190690681122,178.52109759749234,18.316040290263185,66.66666666666666,15.090909090909092,2.8181818181818183,89.0
MK Pandey,2026,IPL,70.0,49.0,2.0,2.0,8.0,2.0,35.0,142.86,92.0,46.0,141.53846153846155,3.0,3951.0,65.0,30.666666666666668,42.0,98.0,18,0,0,0,1,0,0,0,0,0,1.0,9.0,3.7431192660550456,23.794117647058826,21.549281406045857,80.66153040061201,18.496304118268217,126.27471383975029,27.117318435754193,6.333333333333333,138.0
MK Thakur,2026,T20I,41.0,33.0,3.0,4.0,1.0,4.0,13.67,124.24,51.0,25.5,110.86956521739131,5.0,132.0,46.0,10.2,81.0,66.0,2,0,0,0,0,0,0,1,0,0,6.0,0.0,5.374999999999999,11.581395348837209,13.082403209786703,70.31791725260352,15.233847810480976,117.17647058823528,17.785714285714285,6.8,51.0
ML Castillo,2026,T20I,68.0,63.0,2.0,3.0,1.0,5.0,34.0,107.94,82.0,13.666666666666666,101.23456790123457,7.0,119.0,81.0,11.714285714285714,82.0,82.0,2,0,0,0,0,0,0,1,0,0,0.0,0.0,6.459016393442623,11.439086294416244,13.079473116922612,84.48053127979523,15.233847810480976,96.59237033861982,13.101744186046512,4.857142857142857,65.0
ML Green,2026,ODI,637.0,655.0,11.0,13.0,72.0,0.0,57.91,97.25,285.0,57.0,94.6843853820598,7.0,1539.0,301.0,40.714285714285715,292.0,254.66666666666666,10,1,0,0,0,1,0,0,0,0,12.0,7.0,8.981651376146788,30.739530132788563,28.599325993179207,256.8691756635086,21.615126484254002,79.89062624439194,41.16826265389877,5.714285714285714,220.0
ML Green,2026,T20I,246.0,211.0,6.0,13.0,22.0,4.0,41.0,116.59,187.0,23.375,137.5,11.0,1094.0,136.0,17.0,190.0,214.0,10,1,0,0,0,0,0,1,0,0,15.0,13.0,11.724770642201834,15.990610328638498,14.961190189634866,175.41652350782897,10.5758603974794,118.42837273991655,23.013513513513516,5.909090909090909,116.0
ML Karlsen,2026,T20I,57.0,76.0,4.0,7.0,2.0,0.0,14.25,75.0,49.0,16.333333333333332,59.756097560975604,4.0,114.0,82.0,12.25,57.0,38.0,3,1,0,0,0,0,0,1,0,0,4.0,2.0,3.63265306122449,12.089887640449437,14.937213547376453,54.26171451904099,18.316040290263185,58.44649646931015,15.940740740740736,3.5,63.0
ML Schutt,2026,ODI,2.0,2.0,0.0,2.0,0.0,0.0,2.0,100.0,4.0,1.3333333333333333,23.52941176470588,3.0,82.0,17.0,1.3333333333333333,1.0,3.6666666666666665,8,1,0,0,0,1,0,0,0,0,1.0,3.0,2.2477064220183482,1.4244897959183673,4.396829200242898,9.88278122990376,6.824239713774597,30.21645021645022,1.9388888888888887,10.0,7.0
MLG Silva,2026,T20I,45.0,67.0,7.0,8.0,5.0,0.0,6.43,67.16,50.0,6.25,56.17977528089888,9.0,64.0,89.0,5.555555555555555,50.0,25.0,3,1,0,0,0,0,0,1,0,0,0.0,3.0,6.79746835443038,4.942271880819367,6.961479234460955,47.32043479627257,10.5758603974794,55.85016835016835,5.79475982532751,6.333333333333333,29.0
MM Ali,2025,CPL,94.0,105.0,10.0,11.0,6.0,3.0,9.4,89.52,169.0,21.125,110.45751633986929,10.0,169.0,153.0,16.9,169.0,169.0,1,0,0,1,0,0,0,0,0,0,0.0,0.0,10.0,16.9,16.747956942003515,167.47956942003515,16.494551845342706,110.45751633986929,21.125,4.8,110.0
MM Baig,2026,T20I,169.0,126.0,9.0,11.0,9.0,10.0,18.78,134.13,144.0,48.0,139.80582524271844,7.0,162.0,103.0,20.571428571428573,9.0,54.0,3,0,0,0,0,0,0,1,0,0,5.0,2.0,5.469387755102042,14.238805970149254,14.595878400890305,79.8305186007878,15.233847810480976,130.2833731649027,24.0,5.0,87.0
MM Dekeling,2026,T20I,7.0,17.0,2.0,3.0,0.0,0.0,3.5,41.18,18.0,6.0,69.23076923076923,3.0,30.0,26.0,6.0,5.0,10.0,3,1,0,0,0,0,0,1,0,0,2.0,3.0,2.6938775510204085,4.454545454545454,7.710564041212446,20.771315376327408,10.5758603974794,63.293864370290635,6.322580645161291,4.0,30.0
MM Lanning,2026,WPL,248.0,198.0,8.0,8.0,37.0,5.0,31.0,125.25,276.0,34.5,118.96551724137932,9.0,952.0,232.0,30.666666666666668,331.0,317.3333333333333,3,1,0,0,0,0,0,0,0,1,9.0,9.0,8.999999999999998,33.94557823129252,31.837131439680313,286.53418295712277,25.638297872340427,124.05734648214137,37.61306532663317,1.2222222222222223,257.0
MM Mabathoana,2026,T20I,8.0,28.0,5.0,5.0,1.0,0.0,1.6,28.57,5.0,1.6666666666666667,21.73913043478261,4.0,17.0,23.0,1.25,5.0,5.666666666666667,3,1,0,0,0,0,0,1,0,0,5.0,3.0,4.122448979591836,1.301980198019802,2.128277972027972,8.773717354074497,3.241025641025641,19.113372093023255,1.4858757062146892,7.75,10.0
MNM Aslam,2026,T20I,121.0,96.0,5.0,6.0,13.0,3.0,24.2,126.04,113.0,18.833333333333332,124.17582417582418,8.0,680.0,91.0,14.125,407.0,182.66666666666666,6,0,0,0,0,0,0,1,0,0,20.0,4.0,10.339449541284404,17.075421472937,16.688265131846034,172.54747526229798,15.233847810480976,118.00343389747363,20.53788687299893,6.375,109.0
MP Ainsworth,2026,T20I,37.0,49.0,6.0,6.0,2.0,0.0,6.17,75.51,179.0,22.375,79.91071428571429,11.0,179.0,224.0,16.272727272727273,179.0,179.0,1,0,0,0,0,0,0,1,0,0,0.0,0.0,11.0,16.272727272727273,15.906063933110932,174.96670326422026,15.233847810480976,79.91071428571429,22.375,5.0,99.0
MP Breetzke,2026,ODI,243.0,282.0,6.0,7.0,16.0,5.0,40.5,86.17,467.0,77.83333333333333,103.09050772626931,6.0,467.0,453.0,77.83333333333333,467.0,467.0,1,0,0,0,0,1,0,0,0,0,0.0,0.0,6.0,77.83333333333333,55.37854456018518,332.2712673611111,32.92375578703704,103.09050772626931,77.83333333333333,3.3333333333333335,337.0
MP Breetzke,2026,T20I,7.0,13.0,3.0,3.0,1.0,0.0,2.33,53.85,90.0,30.0,128.57142857142858,4.0,151.0,70.0,22.5,56.0,50.333333333333336,3,0,0,0,0,0,0,1,0,0,5.0,1.0,3.7551020408163267,17.038043478260867,19.451340471655904,73.0417683017283,22.411651450220482,125.24970035956852,19.71698113207547,3.0,93.0
MP Kuhnemann,2025,BBL,33.0,27.0,2.0,5.0,1.0,3.0,16.5,122.22,18.0,18.0,81.81818181818183,3.0,46.0,22.0,6.0,3.0,8.0,5,0,1,0,0,0,0,0,0,0,2.0,5.0,3.1559633027522933,3.418604651162791,4.520064643003175,14.265158139386164,5.78307210031348,70.92882991556093,9.966101694915256,10.666666666666666,7.0
MP O'Dowd,2026,ODI,147.0,263.0,7.0,7.0,11.0,0.0,21.0,55.89,527.0,40.53846153846154,87.97996661101837,14.0,2111.0,599.0,37.642857142857146,426.0,485.3333333333333,6,0,0,0,0,1,0,0,0,0,16.0,13.0,14.28440366972477,33.24277456647399,33.19123679919823,474.117024737171,32.92375578703704,78.14920505503467,35.306275579809004,2.0,416.0
MP O'Dowd,2026,T20I,45.0,44.0,4.0,4.0,5.0,1.0,11.25,102.27,397.0,39.7,135.03401360544217,12.0,2211.0,294.0,33.083333333333336,342.0,327.0,11,0,0,0,0,0,0,1,0,0,15.0,8.0,11.963302752293576,29.03757668711657,27.79831386226069,332.55964473750396,22.411651450220482,124.81458285262224,32.755190311418694,1.8571428571428572,286.0
MP Stoinis,2025,BBL,273.0,201.0,5.0,8.0,25.0,9.0,54.6,135.82,311.0,28.272727272727273,124.4,11.0,2945.0,250.0,28.272727272727273,169.0,223.33333333333334,12,0,1,0,0,0,0,0,0,0,9.0,9.0,9.816513761467888,24.214953271028037,22.75061501162093,223.33172534343478,17.527808553068912,131.62306324612646,26.711340206185564,4.2727272727272725,207.0
MP Stoinis,2026,IPL,216.0,120.0,6.0,9.0,23.0,11.0,36.0,180.0,160.0,26.666666666666668,186.04651162790697,11.0,2026.0,86.0,14.545454545454545,388.0,318.6666666666667,10,0,0,0,1,0,0,0,0,0,14.0,15.0,12.385321100917428,21.259259259259263,20.75690377907907,257.08091836474074,18.496304118268217,157.24304185842647,29.226069246435845,6.2727272727272725,244.0
MP Stoinis,2026,T20I,171.0,130.0,7.0,9.0,17.0,3.0,24.43,131.54,96.0,96.0,195.91836734693877,3.0,1217.0,49.0,32.0,292.0,199.0,9,0,0,0,0,0,0,1,0,0,13.0,8.0,7.486238532110091,24.517156862745097,22.02164367665259,164.85927743255516,15.233847810480976,163.74201997053527,41.08008213552362,4.666666666666667,182.0
MPGT Ketiyage,2026,T20I,315.0,276.0,14.0,15.0,19.0,18.0,22.5,114.13,152.0,38.0,152.0,4.0,306.0,100.0,38.0,154.0,153.0,2,0,0,0,0,0,0,1,0,0,9.0,0.0,5.874999999999999,26.0,21.805395250836746,128.10669709866588,15.233847810480976,138.23529411764704,26.0,4.25,130.0
MPM Pathirannehelage,2026,T20I,40.0,63.0,4.0,6.0,4.0,0.0,10.0,63.49,15.0,5.0,75.0,3.0,49.0,20.0,5.0,34.0,24.5,2,1,0,0,0,0,0,1,0,0,2.0,0.0,2.625,8.428571428571427,9.691682586752588,25.440666790225542,10.5758603974794,96.19565217391305,11.799999999999999,5.666666666666667,40.0
MPP San,2026,T20I,44.0,102.0,8.0,10.0,3.0,0.0,5.5,43.14,138.0,11.5,86.79245283018868,14.0,193.0,159.0,9.857142857142858,11.0,64.33333333333333,3,1,0,0,0,0,0,1,0,0,3.0,5.0,8.979591836734695,9.11590909090909,9.48708315190154,85.19013442523833,10.5758603974794,74.81813094571909,10.959016393442624,3.857142857142857,79.0
MR Adair,2026,T20I,89.0,65.0,5.0,6.0,6.0,3.0,17.8,136.92,42.0,21.0,168.0,3.0,725.0,25.0,14.0,156.0,120.33333333333333,7,0,0,0,0,0,0,1,0,0,9.0,12.0,7.348623853211008,14.640449438202246,14.802138367978467,108.77534708945643,15.233847810480976,139.69029184038118,17.79514415781487,7.0,98.0
MR Machado,2026,T20I,179.0,147.0,5.0,10.0,15.0,2.0,35.8,121.77,10.0,2.5,20.833333333333336,4.0,20.0,48.0,2.5,10.0,10.0,2,1,0,0,0,0,0,1,0,0,0.0,4.0,4.0,2.5,6.735591117559126,26.942364470236505,10.5758603974794,24.478041756659465,2.5,5.5,21.0
MR Marsh,2026,IPL,563.0,345.0,13.0,13.0,51.0,36.0,43.31,163.19,627.0,48.23076923076923,163.7075718015666,13.0,1292.0,383.0,48.23076923076923,61.0,272.0,9,0,0,0,1,0,0,0,0,0,4.0,9.0,9.357798165137615,37.495098039215684,35.305777969395855,330.38434430076853,27.86208973200843,158.59423595272654,37.495098039215684,1.5384615384615385,372.0
MR Marsh,2026,ODI,134.0,154.0,3.0,4.0,14.0,5.0,44.67,87.01,328.0,46.857142857142854,88.17204301075269,7.0,2968.0,372.0,46.857142857142854,517.0,414.0,13,0,0,0,0,1,0,0,0,0,11.0,10.0,8.293577981651374,43.957964601769916,41.2085770233481,341.76654705602454,32.92375578703704,98.64707196584168,46.42289719626169,1.8571428571428572,342.0
MR Marsh,2026,T20I,514.0,305.0,10.0,13.0,52.0,29.0,51.4,168.52,170.0,21.25,141.66666666666669,8.0,1742.0,120.0,21.25,345.0,282.0,10,0,0,0,0,0,0,1,0,0,14.0,10.0,9.779816513761467,25.294559099437148,24.661416863152372,241.1841318910131,22.411651450220482,146.44001520664747,28.44303797468355,1.125,197.0
MRJ Watt,2026,ODI,199.0,225.0,7.0,9.0,14.0,9.0,28.43,88.44,170.0,28.333333333333332,87.17948717948718,11.0,717.0,195.0,15.454545454545455,41.0,138.33333333333334,10,0,0,0,0,1,0,0,0,0,4.0,12.0,9.036697247706421,15.348223350253805,13.862661679924265,125.27267664885687,8.98506752900894,84.15720329547985,24.034976152623212,7.818181818181818,114.0
MRJ Watt,2026,T20I,27.0,20.0,2.0,3.0,2.0,1.0,13.5,135.0,51.0,8.5,94.44444444444444,6.0,292.0,54.0,8.5,78.0,53.333333333333336,10,0,0,0,0,0,0,1,0,0,8.0,2.0,6.091743119266055,9.53012048192771,11.305139360108187,68.8680049092829,15.233847810480976,103.85688494994254,10.653198653198654,4.0,70.0
MS Chapman,2026,ODI,189.0,204.0,7.0,7.0,19.0,7.0,27.0,92.65,382.0,76.4,104.37158469945356,6.0,816.0,366.0,63.666666666666664,81.0,193.66666666666666,7,0,0,0,0,1,0,0,0,0,7.0,5.0,5.605504587155963,40.53191489361703,38.02648379375535,213.15762933930748,32.92375578703704,106.11903843681709,45.02727272727273,3.5,275.0
MS Chapman,2026,PSL,245.0,144.0,5.0,7.0,20.0,14.0,49.0,170.14,52.0,17.333333333333332,120.93023255813952,4.0,52.0,43.0,13.0,52.0,52.0,1,0,0,0,0,0,1,0,0,0,0.0,0.0,4.0,13.0,15.984088964927286,63.936355859709145,17.973481608212147,120.93023255813952,17.333333333333332,5.0,57.0
MS Chapman,2026,T20I,294.0,195.0,13.0,14.0,24.0,16.0,22.62,150.77,204.0,17.0,136.91275167785236,12.0,1644.0,149.0,17.0,215.0,350.6666666666667,10,0,0,0,0,0,0,1,0,0,13.0,21.0,12.95412844036697,21.16218130311615,21.38113051113677,276.9739108415148,22.411651450220482,140.21397400403546,24.254058441558445,3.25,222.0
MS Diakite,2026,T20I,0.0,9.0,2.0,2.0,0.0,0.0,0.0,0.0,14.0,2.8,36.84210526315789,5.0,28.0,38.0,2.8,14.0,14.0,2,0,0,0,0,0,0,1,0,0,0.0,3.0,4.470588235294118,3.131578947368421,9.14263964096737,40.872977218442365,15.233847810480976,43.15503173164098,3.131578947368421,4.6,30.0
MS Maker,2026,T20I,176.0,128.0,3.0,8.0,14.0,6.0,58.67,137.5,120.0,60.0,134.8314606741573,4.0,120.0,89.0,30.0,120.0,120.0,1,0,0,0,0,0,0,1,0,0,0.0,0.0,4.0,30.0,21.140308686288584,84.56123474515434,15.233847810480976,134.8314606741573,60.0,5.5,91.0
MS Wade,2025,BBL,161.0,91.0,6.0,9.0,12.0,9.0,26.83,176.92,168.0,24.0,141.1764705882353,9.0,2785.0,119.0,18.666666666666668,186.0,220.33333333333334,13,0,1,0,0,0,0,0,0,0,6.0,12.0,9.073394495412844,23.337714863498483,21.985525652382215,199.48334743308266,17.527808553068912,136.87362865445058,26.28815489749431,3.5555555555555554,186.0
MT Renshaw,2025,BBL,324.0,211.0,9.0,10.0,24.0,17.0,36.0,153.55,280.0,35.0,169.6969696969697,9.0,1800.0,165.0,31.11111111111111,175.0,246.0,8,0,1,0,0,0,0,0,0,0,10.0,12.0,9.972477064220184,25.49218031278749,23.769533212632066,237.04112479019318,17.527808553068912,147.89709649871904,29.199157007376186,4.0,240.0
MTMMJ Ave,2026,T20I,84.0,79.0,5.0,6.0,7.0,3.0,16.8,106.33,65.0,13.0,69.89247311827957,5.0,432.0,93.0,13.0,105.0,85.0,3,0,0,0,0,0,0,1,0,0,6.0,0.0,5.329670329670329,19.138144329896907,17.6460564880819,94.04766370021672,15.233847810480976,92.59776536312849,24.884718498659517,4.0,100.0
MV Lehmann,2026,T20I,24.0,60.0,5.0,5.0,0.0,0.0,4.8,40.0,20.0,5.0,46.51162790697674,5.0,20.0,43.0,4.0,20.0,20.0,1,1,0,0,0,0,0,1,0,0,0.0,0.0,5.0,4.0,3.5860139860139864,17.930069930069934,3.241025641025641,46.51162790697674,5.0,8.6,13.0
MW Forde,2026,ODI,52.0,59.0,6.0,6.0,6.0,1.0,8.67,88.14,133.0,26.6,147.77777777777777,6.0,172.0,90.0,22.166666666666668,39.0,86.0,2,0,0,0,0,1,0,0,0,0,4.0,0.0,5.25,18.61904761904762,14.60488924819817,76.6756685530404,8.98506752900894,131.64983164983167,23.0,7.666666666666667,76.0
MW Forde,2026,T20I,86.0,59.0,5.0,9.0,7.0,6.0,17.2,145.76,43.0,21.5,186.95652173913044,3.0,51.0,23.0,14.333333333333334,8.0,25.5,2,0,0,0,0,0,0,1,0,0,2.0,0.0,2.625,11.38095238095238,7.867218529202727,20.65144863915716,5.407604832977968,158.27814569536423,14.937499999999998,8.666666666666666,23.0
MW Harvey,2025,BBL,61.0,61.0,6.0,6.0,8.0,0.0,10.17,100.0,45.0,11.25,95.74468085106383,5.0,704.0,47.0,9.0,20.0,37.666666666666664,6,0,1,0,0,0,0,0,0,0,2.0,2.0,4.28440366972477,13.394004282655246,15.010876878644947,64.3126559846531,17.527808553068912,107.75193798449611,16.59151193633952,5.4,85.0
MW Short,2025,BBL,280.0,211.0,10.0,10.0,22.0,8.0,28.0,132.7,236.0,33.714285714285715,171.0144927536232,7.0,2186.0,138.0,33.714285714285715,541.0,411.6666666666667,10,0,1,0,0,0,0,0,0,0,11.0,14.0,10.165137614678898,37.6326714801444,35.13624118338558,357.16472689166255,25.91609195402299,156.2680358280553,40.91952894995093,1.1428571428571428,317.0
MW Short,2026,ODI,182.0,243.0,8.0,8.0,15.0,2.0,22.75,74.9,208.0,23.11111111111111,102.46305418719213,9.0,260.0,203.0,23.11111111111111,52.0,130.0,2,0,0,0,0,1,0,0,0,0,3.0,0.0,6.75,22.148148148148145,25.996579447751323,175.47691127232142,32.92375578703704,98.35526315789474,22.148148148148145,1.0,150.0
MW Short,2026,T20I,123.0,98.0,7.0,9.0,11.0,5.0,17.57,125.51,41.0,13.666666666666666,164.0,3.0,293.0,25.0,13.666666666666666,166.0,97.66666666666667,3,0,0,0,0,0,0,1,0,0,7.0,3.0,4.224489795918368,20.71980676328502,21.430665875442777,90.53362931054399,22.411651450220482,159.85836749906818,20.71980676328502,1.0,111.0
MWR Stokes,2026,T20I,280.0,199.0,6.0,7.0,29.0,7.0,46.67,140.7,236.0,59.0,128.26086956521738,7.0,715.0,184.0,33.714285714285715,169.0,154.33333333333334,5,0,0,0,0,0,0,1,0,0,8.0,3.0,6.81651376146789,27.352624495289366,23.866878564855504,162.68890618062056,15.233847810480976,128.2370015143867,48.97108433734939,4.0,180.0
Ma Ruike,2026,T20I,29.0,39.0,8.0,9.0,0.0,1.0,3.62,74.36,30.0,10.0,52.63157894736842,6.0,30.0,57.0,5.0,30.0,30.0,1,1,0,0,0,0,0,1,0,0,0.0,0.0,6.0,5.0,4.120512820512821,24.723076923076924,3.241025641025641,52.63157894736842,10.0,10.166666666666666,11.0
Maaz Khan,2026,T20I,242.0,145.0,9.0,10.0,22.0,18.0,26.89,166.9,78.0,19.5,144.44444444444443,4.0,128.0,54.0,19.5,78.0,62.5,3,0,0,0,0,0,0,1,0,0,0.0,4.0,3.8607594936708862,15.668852459016394,19.01238914886966,73.40226190386387,22.411651450220482,135.6514334374113,15.668852459016394,3.25,78.0
Maaz Sadaqat,2026,PSL,260.0,146.0,11.0,12.0,27.0,16.0,23.64,178.08,78.0,39.0,165.95744680851064,3.0,78.0,47.0,26.0,78.0,78.0,1,0,0,0,0,0,1,0,0,0,0.0,0.0,3.0,26.0,20.648987738808096,61.94696321642429,17.973481608212147,165.95744680851064,39.0,5.333333333333333,79.0
Madhawa Basnayaka,2026,T20I,32.0,18.0,2.0,3.0,3.0,2.0,16.0,177.78,41.0,13.666666666666666,95.34883720930233,4.0,41.0,43.0,10.25,41.0,41.0,1,0,0,0,0,0,0,1,0,0,0.0,0.0,4.0,10.25,7.34456289978678,29.37825159914712,5.407604832977968,95.34883720930233,13.666666666666666,8.75,21.0
Mahedi Hasan,2026,T20I,76.0,62.0,3.0,7.0,10.0,1.0,25.33,122.58,88.0,9.777777777777779,92.63157894736842,9.0,391.0,95.0,9.777777777777779,63.0,75.5,6,0,0,0,0,0,0,1,0,0,6.0,0.0,8.494505494505495,9.844760672703751,11.351495193983496,96.42533829614553,15.233847810480976,97.15307034341888,11.565349544072948,6.3,71.0
Mahirah Izzati Ismail,2026,T20I,346.0,447.0,28.0,31.0,23.0,0.0,12.36,77.4,2.0,0.6666666666666666,28.57142857142857,3.0,356.0,7.0,0.6666666666666666,135.0,103.33333333333333,6,1,0,0,0,0,0,1,0,0,10.0,17.0,7.137614678899082,9.605398457583547,12.029510284859882,85.86200918918337,18.316040290263185,66.02173336867216,10.957478005865104,3.3333333333333335,88.0
Mahmudul Hasan Joy,2026,Test,354.0,623.0,9.0,5.0,36.0,4.0,39.33,56.82,152.0,15.2,37.905236907730675,5.0,682.0,401.0,30.4,167.0,159.5,3,0,0,0,0,0,0,0,1,0,4.0,0.0,5.032967032967033,36.251091703056765,47.48998952546373,239.01555167760864,64.64804020100503,39.61962487471962,18.571588366890378,1.2,200.0
Manan Bashir,2026,T20I,216.0,134.0,12.0,14.0,8.0,17.0,18.0,161.19,227.0,75.66666666666667,338.8059701492537,5.0,262.0,67.0,45.4,35.0,131.0,2,0,0,0,0,0,0,1,0,0,3.0,0.0,4.25,36.470588235294116,26.515866161162958,112.69243118494256,15.233847810480976,289.7196261682243,51.66666666666667,4.0,139.0
Manpreet Singh,2026,T20I,168.0,79.0,2.0,4.0,15.0,12.0,84.0,212.66,337.0,22.466666666666665,132.67716535433073,15.0,1275.0,254.0,22.466666666666665,189.0,230.33333333333334,6,0,0,0,0,0,0,1,0,0,8.0,7.0,11.954128440366972,21.52110514198004,20.344450619553516,243.20017575484616,15.233847810480976,131.20905858132133,22.798373983739832,4.666666666666667,198.0
Mansoor Safi,2026,T20I,13.0,7.0,1.0,1.0,1.0,1.0,13.0,185.71,148.0,21.142857142857142,202.73972602739727,8.0,148.0,73.0,18.5,148.0,148.0,1,0,0,0,0,0,0,1,0,0,0.0,0.0,8.0,18.5,17.100220490206134,136.80176392164907,15.233847810480976,202.73972602739727,21.142857142857142,4.875,101.0
Manuel Iturbe,2026,T20I,14.0,22.0,4.0,5.0,1.0,0.0,3.5,63.64,33.0,11.0,76.74418604651163,3.0,33.0,43.0,11.0,33.0,33.0,1,0,0,0,0,0,0,1,0,0,0.0,0.0,3.0,11.0,13.822565206987317,41.46769562096195,15.233847810480976,76.74418604651163,11.0,7.333333333333333,31.0
Maria Jasvi,2026,T20I,9.0,25.0,2.0,4.0,0.0,0.0,4.5,36.0,20.0,5.0,45.45454545454545,8.0,65.0,44.0,2.5,10.0,10.666666666666666,5,1,0,0,0,0,0,1,0,0,2.0,4.0,5.788990825688073,2.4659270998415215,2.7156903247128814,15.721106375172733,3.241025641025641,41.22946475887652,4.700906344410876,9.0,10.0
Mariamma Hyder,2026,T20I,15.0,27.0,3.0,4.0,1.0,0.0,5.0,55.56,64.0,12.8,71.11111111111111,8.0,190.0,90.0,8.0,19.0,32.333333333333336,5,1,0,0,0,0,0,1,0,0,5.0,5.0,6.678899082568807,6.295329670329671,7.544511789147685,50.38903286696802,10.5758603974794,63.92802343423073,10.184444444444443,7.375,41.0
Marufa Akter,2026,ODI,4.0,9.0,3.0,5.0,0.0,0.0,1.33,44.44,13.0,13.0,37.142857142857146,5.0,60.0,35.0,2.6,31.0,20.0,3,1,0,0,0,1,0,0,0,0,6.0,4.0,5.122448979591836,3.721115537848606,4.881885179716184,25.007207757321673,6.824239713774597,55.62835020845742,14.825396825396828,10.4,14.0
Maryam Omar,2026,T20I,87.0,141.0,7.0,8.0,7.0,0.0,12.43,61.7,142.0,47.333333333333336,69.6078431372549,5.0,622.0,204.0,28.4,16.0,77.66666666666667,5,1,0,0,0,0,0,1,0,0,3.0,7.0,5.486238532110092,20.91137123745819,20.044334172693713,109.96799848872331,18.316040290263185,73.83243785794414,26.66311300639659,3.0,120.0
Mayank Nagayach,2026,T20I,51.0,55.0,3.0,3.0,7.0,0.0,17.0,92.73,39.0,6.5,102.63157894736842,7.0,39.0,38.0,5.571428571428571,39.0,39.0,1,0,0,0,0,0,0,1,0,0,0.0,0.0,7.0,5.571428571428571,10.03100668176045,70.21704677232316,15.233847810480976,102.63157894736842,6.5,5.0,42.0
Mazharul Islam,2026,T20I,80.0,104.0,3.0,4.0,10.0,0.0,26.67,76.92,54.0,13.5,78.26086956521739,5.0,220.0,69.0,10.8,54.0,65.5,3,0,0,0,0,0,0,1,0,0,0.0,4.0,4.772151898734177,13.43501326259947,17.412844069521633,83.09673688872981,22.411651450220482,88.19432352429044,16.996644295302012,2.0,74.0
Md Ariyan,2026,T20I,337.0,206.0,13.0,17.0,20.0,28.0,25.92,163.59,169.0,28.166666666666668,128.03030303030303,7.0,169.0,132.0,24.142857142857142,169.0,169.0,1,0,0,0,0,0,0,1,0,0,0.0,0.0,7.0,24.142857142857142,20.031006681760452,140.21704677232316,15.233847810480976,128.03030303030303,28.166666666666668,5.142857142857143,112.0
Meet Ahir,2026,T20I,1.0,3.0,0.0,1.0,0.0,0.0,1.0,33.33,66.0,33.0,101.53846153846153,3.0,66.0,65.0,22.0,66.0,66.0,1,0,0,0,0,0,0,1,0,0,0.0,0.0,3.0,22.0,22.274434300146986,66.82330290044095,22.411651450220482,101.53846153846153,33.0,2.0,70.0
Meet Bhavsar,2026,T20I,147.0,124.0,6.0,6.0,14.0,7.0,24.5,118.55,329.0,32.9,125.09505703422053,10.0,1497.0,263.0,32.9,724.0,428.0,5,0,0,0,0,0,0,1,0,0,30.0,7.0,14.908256880733944,27.21907692307692,26.469867758475917,394.6195881424162,22.411651450220482,130.95393178588347,29.966802168021673,3.2,251.0
Meghna Rajan,2026,T20I,110.0,150.0,5.0,5.0,5.0,0.0,22.0,73.33,338.0,150.0,113.04347826086956,7.0,338.0,299.0,48.285714285714285,338.0,338.0,1,1,0,0,0,0,0,1,0,0,0.0,0.0,7.0,48.285714285714285,34.45355705704455,241.17489939931184,18.316040290263185,113.04347826086956,150.0,3.142857142857143,198.0
Mehboob Ali,2026,T20I,220.0,130.0,9.0,8.0,22.0,17.0,24.44,169.23,255.0,25.5,196.15384615384613,10.0,255.0,130.0,25.5,255.0,255.0,1,0,0,0,0,0,0,1,0,0,0.0,0.0,10.0,25.5,21.650192928930366,216.50192928930366,15.233847810480976,196.15384615384613,25.5,3.9,143.0
Mehedi Hasan Miraz,2026,ODI,165.0,249.0,8.0,11.0,12.0,1.0,20.62,66.27,207.0,25.875,86.25,8.0,1243.0,240.0,25.875,228.0,241.33333333333334,9,0,0,0,0,1,0,0,0,0,12.0,13.0,9.623853211009173,22.41563393708293,23.279281953148683,224.03639237479786,26.29917118265859,84.66496237352823,24.46826222684703,4.375,200.0
Mehedi Hasan Miraz,2026,Test,198.0,440.0,9.0,6.0,16.0,4.0,22.0,45.0,485.0,30.3125,58.859223300970875,9.0,2039.0,824.0,53.888888888888886,380.0,324.3333333333333,9,0,0,0,0,0,0,0,1,0,6.0,3.0,7.082568807339449,51.47538860103627,53.572808785040515,379.4331044224887,58.970170058544745,54.675160287278835,30.9493769470405,7.0588235294117645,271.0
Milad Momend,2026,T20I,4.0,12.0,1.0,2.0,0.0,0.0,4.0,33.33,4.0,2.0,25.0,4.0,10.0,16.0,1.0,6.0,5.0,2,0,0,0,0,0,0,1,0,0,4.0,0.0,4.0,1.1874999999999998,3.229486209505468,12.917944838021873,5.407604832977968,27.142857142857142,2.0,10.25,6.0
Milind Kumar,2026,ODI,532.0,568.0,6.0,10.0,39.0,11.0,88.67,93.66,552.0,78.85714285714286,103.37078651685394,11.0,677.0,534.0,50.18181818181818,125.0,338.5,2,0,0,0,0,1,0,0,0,0,5.0,0.0,8.75,44.785714285714285,39.239751354797576,343.3478243544788,26.29917118265859,102.55152109911678,62.7,5.090909090909091,339.0
Milind Kumar,2026,T20I,94.0,80.0,4.0,4.0,6.0,3.0,23.5,117.5,272.0,45.333333333333336,118.26086956521739,12.0,322.0,230.0,22.666666666666668,50.0,161.0,2,0,0,0,0,0,0,1,0,0,5.0,0.0,9.375,20.133333333333333,18.733480326804088,175.62637806378834,15.233847810480976,109.81818181818181,35.95238095238095,4.416666666666667,137.0
Mir Hamza,2026,PSL,4.0,8.0,0.0,2.0,1.0,0.0,4.0,50.0,17.0,17.0,113.33333333333333,3.0,25.0,15.0,5.666666666666667,7.0,12.0,4,0,0,0,0,0,1,0,0,0,4.0,0.0,3.087912087912088,3.8113879003558715,4.627152247246231,14.28823935688122,5.391251518833536,102.7831094049904,21.419999999999998,10.333333333333334,6.0
Mirab Razwan,2026,T20I,12.0,27.0,3.0,6.0,0.0,0.0,4.0,44.44,24.0,4.0,35.82089552238806,7.0,50.0,67.0,3.4285714285714284,26.0,25.0,2,1,0,0,0,0,0,1,0,0,5.0,0.0,6.25,3.96,3.6903846153846156,23.064903846153847,3.241025641025641,43.51648351648352,4.4,7.571428571428571,18.0
Mirab Sajjad,2026,T20I,51.0,89.0,4.0,6.0,4.0,0.0,12.75,57.3,13.0,3.25,40.625,4.0,13.0,32.0,3.25,13.0,13.0,1,1,0,0,0,0,0,1,0,0,0.0,0.0,4.0,3.25,12.289624174157911,49.158496696631644,18.316040290263185,40.625,3.25,2.0,36.0
Mohamed Coulibaly,2026,T20I,2.0,6.0,1.0,1.0,0.0,0.0,2.0,33.33,2.0,0.6666666666666666,8.695652173913043,3.0,20.0,23.0,0.6666666666666666,2.0,10.0,2,0,0,0,0,0,0,1,0,0,0.0,5.0,3.5294117647058827,1.7666666666666668,13.236102657529894,46.71565643834081,22.411651450220482,23.820224719101123,1.7666666666666668,1.0,27.0
Mohameed Taiwo,2026,T20I,5.0,4.0,1.0,2.0,1.0,0.0,5.0,125.0,38.0,4.75,69.0909090909091,10.0,143.0,55.0,3.8,41.0,39.5,4,0,0,0,0,0,0,1,0,0,9.0,0.0,8.824175824175823,3.980074719800747,4.368342202985848,38.54701965931467,5.407604832977968,72.12818776799818,5.779385171790234,8.7,25.0
Mohammad Abbas,2026,Test,120.0,219.0,7.0,6.0,16.0,3.0,17.14,54.79,10.0,10.0,23.809523809523807,2.0,120.0,42.0,5.0,10.0,10.0,6,0,0,0,0,0,0,0,1,0,0.0,0.0,2.0,5.0,14.882454128440365,29.76490825688073,18.176605504587155,23.809523809523807,10.0,10.5,26.0
Mohammad Ahnaff,2026,T20I,48.0,40.0,0.0,1.0,5.0,0.0,48.0,120.0,246.0,35.142857142857146,107.89473684210526,10.0,395.0,228.0,24.6,149.0,197.5,2,0,0,0,0,0,0,1,0,0,8.0,0.0,9.25,22.662162162162158,22.589899456794367,208.9565699753479,22.411651450220482,111.57684630738522,28.42372881355932,3.4,173.0
Mohammad Ali,2026,PSL,11.0,18.0,2.0,3.0,0.0,0.0,5.5,61.11,7.0,3.5,53.84615384615385,3.0,8.0,13.0,2.3333333333333335,1.0,4.0,2,0,0,0,0,0,1,0,0,0,2.0,0.0,2.625,1.8095238095238093,3.916422462058943,10.280608962904726,5.391251518833536,44.18604651162791,3.8,10.0,7.0
Mohammad Amir,2026,PSL,6.0,10.0,2.0,4.0,1.0,0.0,3.0,60.0,35.0,8.75,152.17391304347828,5.0,160.0,23.0,7.0,64.0,49.5,8,0,0,0,0,0,1,0,0,0,6.0,0.0,5.374999999999999,8.534883720930234,7.2429800762329615,38.931017909752164,5.391251518833536,145.05928853754943,10.485714285714286,8.8,27.0
Mohammad Haris,2026,PSL,206.0,116.0,9.0,9.0,23.0,12.0,22.89,177.59,247.0,27.444444444444443,148.7951807228916,10.0,905.0,166.0,24.7,142.0,246.33333333333334,4,0,0,0,0,0,1,0,0,0,10.0,11.0,9.660550458715596,23.490978157644822,22.267586461540017,215.1171426055196,17.973481608212147,155.83695583695584,25.422404933196297,3.6,206.0
Mohammad Haris,2026,T20I,44.0,36.0,3.0,3.0,3.0,1.0,14.67,122.22,367.0,21.58823529411765,145.63492063492063,19.0,471.0,252.0,19.31578947368421,367.0,235.5,2,0,0,0,0,0,0,1,0,0,0.0,6.0,15.558823529411766,19.113421550094518,19.842043766617188,308.7188574276616,22.411651450220482,144.7737686139748,21.108559498956158,3.3684210526315788,171.0
Mohammad Hasnain,2026,PSL,0.0,1.0,1.0,1.0,0.0,0.0,0.0,0.0,17.0,5.666666666666667,94.44444444444444,4.0,56.0,18.0,4.25,7.0,16.0,6,0,0,0,0,0,1,0,0,0,2.0,3.0,3.2040816326530615,4.7515923566878975,5.064129406596189,16.225884017053097,5.391251518833536,88.17966903073285,6.9074074074074066,9.75,15.0
Mohammad Nadeem,2026,T20I,180.0,207.0,5.0,8.0,8.0,4.0,36.0,86.96,155.0,25.833333333333332,103.33333333333334,7.0,576.0,150.0,22.142857142857142,127.0,145.0,7,0,0,0,0,0,0,1,0,0,11.0,5.0,7.467889908256879,18.544226044226047,17.652741780201342,131.82873219343017,15.233847810480976,114.13125661575685,23.403100775193796,4.428571428571429,127.0
Mohammad Nawaz,2026,PSL,54.0,54.0,4.0,6.0,5.0,1.0,13.5,100.0,88.0,29.333333333333332,127.53623188405795,4.0,383.0,69.0,22.0,88.0,95.0,5,0,0,0,0,0,1,0,0,0,6.0,9.0,5.376146788990826,16.825938566552903,17.214497158536847,92.54766362295956,17.973481608212147,124.9049911325057,20.371900826446282,5.0,101.0
Mohammad Nawaz,2026,T20I,250.0,186.0,14.0,18.0,18.0,14.0,17.86,134.41,126.0,14.0,134.04255319148936,10.0,524.0,94.0,12.6,50.0,132.0,4,0,0,0,0,0,0,1,0,0,3.0,16.0,8.862385321100918,13.631469979296064,14.011180365832773,124.17247920545375,15.233847810480976,138.34839251943686,16.86043533930858,6.6,87.0
Mohammad Rizwan,2026,ODI,266.0,360.0,6.0,9.0,28.0,2.0,44.33,73.89,625.0,41.666666666666664,74.9400479616307,18.0,2615.0,834.0,34.72222222222222,387.0,516.6666666666666,9,0,0,0,0,1,0,0,0,0,7.0,12.0,12.871559633027521,39.02708481824662,36.78493913963452,473.47953773309376,26.29917118265859,81.98083545440934,50.1419413919414,4.0,373.0
Mohammad Rizwan,2026,PSL,204.0,175.0,10.0,10.0,28.0,3.0,20.4,116.57,367.0,52.42857142857143,139.54372623574145,10.0,2770.0,263.0,36.7,407.0,441.3333333333333,10,0,0,0,0,0,1,0,0,0,12.0,12.0,11.082568807339449,38.46523178807947,36.21859645493302,401.3950873170558,27.17214484679666,133.48079630002013,47.511247443762784,1.7,352.0
Mohammad Rizwan,2026,Test,409.0,749.0,15.0,8.0,40.0,2.0,27.27,54.61,363.0,27.923076923076923,50.48678720445062,7.0,2273.0,719.0,51.857142857142854,487.0,347.0,7,0,0,0,0,0,0,0,1,0,4.0,4.0,5.678899082568806,64.12924071082392,62.44510448048252,354.61944654512547,58.970170058544745,56.44810374984003,37.59090909090909,6.076923076923077,335.0
Mohammad Wasim,2026,PSL,37.0,19.0,1.0,3.0,2.0,3.0,37.0,194.74,19.0,6.333333333333333,111.76470588235294,4.0,164.0,17.0,4.75,30.0,29.0,6,0,0,0,0,0,1,0,0,0,6.0,4.0,4.55045871559633,5.818548387096774,5.657506853831735,25.744251371564587,5.391251518833536,109.81735159817354,7.457364341085271,8.2,27.0
Mohammed Qasim,2026,T20I,263.0,182.0,6.0,7.0,18.0,17.0,43.83,144.51,28.0,9.333333333333334,103.7037037037037,3.0,54.0,27.0,9.333333333333334,28.0,28.0,2,0,0,0,0,0,0,1,0,0,0.0,0.0,3.0,9.333333333333334,18.052212077924764,54.15663623377429,22.411651450220482,103.7037037037037,9.333333333333334,3.3333333333333335,50.0
Mohammed Shami,2026,IPL,31.0,22.0,5.0,7.0,2.0,3.0,6.2,140.91,10.0,10.0,100.0,4.0,84.0,10.0,2.5,10.0,7.5,10,0,0,0,1,0,0,0,0,0,0.0,2.0,3.4705882352941178,2.5000000000000004,3.9680565027671997,13.771490215486164,5.122927618277396,97.03947368421053,6.86046511627907,10.5,4.0
Mohammed Siraj,2026,Test,19.0,70.0,5.0,4.0,0.0,1.0,3.8,27.14,47.0,4.2727272727272725,28.65853658536585,12.0,151.0,164.0,3.9166666666666665,24.0,28.333333333333332,5,0,0,0,0,0,0,0,1,0,6.0,7.0,8.715596330275229,3.6473684210526316,7.134385321100917,62.18042252335662,18.176605504587155,28.081692195477753,4.159663865546218,10.19047619047619,30.0
Mominul Haque,2026,Test,592.0,1061.0,12.0,7.0,62.0,2.0,49.33,55.8,484.0,26.88888888888889,53.18681318681319,10.0,4436.0,910.0,48.4,352.0,320.6666666666667,12,0,0,0,0,0,0,0,1,0,6.0,2.0,7.477064220183486,47.862576687116565,50.851166831895455,380.2174400733467,58.970170058544745,53.03242471619877,27.27832167832168,3.526315789473684,304.0
Muhammad Amir,2026,T20I,137.0,108.0,7.0,11.0,11.0,6.0,19.57,126.85,26.0,8.666666666666666,108.33333333333333,3.0,435.0,24.0,8.666666666666666,252.0,136.66666666666666,4,0,0,0,0,0,0,1,0,0,23.0,7.0,9.165137614678898,11.522522522522523,12.379641526669971,113.46111821232384,15.233847810480976,97.94095124649026,12.258785942492011,6.0,81.0
Muhammad Asim,2026,T20I,596.0,457.0,20.0,24.0,52.0,34.0,29.8,130.42,281.0,46.833333333333336,144.84536082474227,9.0,281.0,194.0,31.22222222222222,281.0,281.0,1,0,0,0,0,0,0,1,0,0,0.0,0.0,9.0,31.22222222222222,24.826872457525724,223.44185211773151,15.233847810480976,144.84536082474227,46.833333333333336,5.111111111111111,150.0
Muhammad Fahad,2026,T20I,169.0,123.0,8.0,8.0,16.0,8.0,21.12,137.4,211.0,52.75,237.07865168539323,4.0,211.0,89.0,52.75,211.0,211.0,1,0,0,0,0,0,0,1,0,0,0.0,0.0,4.0,52.75,34.54699087013229,138.18796348052916,22.411651450220482,237.07865168539323,52.75,2.0,129.0
Muhammad Haziq Aiman,2026,T20I,409.0,266.0,18.0,19.0,41.0,26.0,22.72,153.76,6.0,2.0,60.0,3.0,6.0,10.0,2.0,6.0,6.0,1,0,0,0,0,0,0,1,0,0,0.0,0.0,3.0,2.0,15.60776763348032,46.82330290044096,22.411651450220482,60.0,2.0,3.0,33.0
Muhammad Jawadullah,2026,ODI,1.0,4.0,0.0,1.0,0.0,0.0,1.0,25.0,1.0,0.5,11.11111111111111,5.0,15.0,9.0,0.2,1.0,7.5,2,0,0,0,0,1,0,0,0,0,0.0,4.0,4.735294117647059,0.9378881987577641,4.819164403058974,22.82016084977926,8.98506752900894,44.15204678362573,2.2205882352941178,10.833333333333334,7.0
Muhammad Jawadullah,2026,T20I,5.0,5.0,0.0,1.0,0.0,0.0,5.0,100.0,7.0,3.5,70.0,3.0,7.0,10.0,2.3333333333333335,7.0,7.0,1,0,0,0,0,0,0,1,0,0,0.0,0.0,3.0,2.3333333333333335,4.382847666429757,13.148542999289269,5.407604832977968,70.0,3.5,10.333333333333334,6.0
Muhammad Nadir,2026,T20I,104.0,93.0,5.0,13.0,13.0,3.0,20.8,111.83,82.0,9.11111111111111,82.0,14.0,125.0,100.0,5.857142857142857,43.0,62.5,2,0,0,0,0,0,0,1,0,0,10.0,0.0,12.5,5.39,5.394062653764147,67.42578317205184,5.407604832977968,74.34482758620689,8.166666666666666,9.0,30.0
Muhammad Naeem,2026,PSL,118.0,73.0,7.0,7.0,10.0,7.0,16.86,161.64,314.0,26.166666666666668,162.69430051813472,12.0,314.0,193.0,26.166666666666668,314.0,314.0,1,0,0,0,0,0,1,0,0,0,0.0,0.0,12.0,26.166666666666668,26.50182606004333,318.02191272052,27.17214484679666,162.69430051813472,26.166666666666668,2.0,228.0
Muhammad Tanveer,2026,T20I,42.0,52.0,4.0,3.0,1.0,1.0,10.5,80.77,428.0,35.666666666666664,125.51319648093842,15.0,1263.0,341.0,28.533333333333335,511.0,387.0,6,0,0,0,0,0,0,1,0,0,11.0,5.0,10.935779816513762,34.52600671140939,30.6468862889707,335.1476005179181,15.233847810480976,135.3782894736842,43.50422832980973,4.25,301.0
Muhammad Umar,2026,T20I,76.0,75.0,4.0,4.0,3.0,6.0,19.0,101.33,156.0,19.5,111.42857142857143,10.0,255.0,140.0,15.6,99.0,127.5,2,0,0,0,0,0,0,1,0,0,7.0,0.0,8.874999999999998,15.169014084507044,15.188271626875537,134.79591068852037,15.233847810480976,119.93318485523386,19.581818181818182,5.3,99.0
Muhammad Wafiq,2026,T20I,1.0,3.0,0.0,1.0,0.0,0.0,1.0,33.33,32.0,16.0,114.28571428571428,5.0,66.0,28.0,6.4,5.0,12.666666666666666,6,0,0,0,0,0,0,1,0,0,3.0,3.0,3.715596330275229,4.392592592592592,4.824512694884242,17.925941664478145,5.407604832977968,90.44229791560753,7.906666666666666,9.4,16.0
Muhammad Zohaib,2026,T20I,14.0,14.0,1.0,1.0,2.0,0.0,14.0,100.0,256.0,23.272727272727273,102.81124497991966,12.0,256.0,249.0,21.333333333333332,256.0,256.0,1,0,0,0,0,0,0,1,0,0,0.0,0.0,12.0,21.333333333333332,21.69277270562905,260.3132724675486,22.411651450220482,102.81124497991966,23.272727272727273,1.6666666666666667,148.0
Mujeeb-ur-Rehman,2026,T20I,39.0,43.0,3.0,4.0,2.0,0.0,13.0,90.7,79.0,13.166666666666666,94.04761904761905,8.0,79.0,84.0,9.875,79.0,79.0,1,0,0,0,0,0,0,1,0,0,0.0,0.0,8.0,9.875,12.171649061634705,97.37319249307764,15.233847810480976,94.04761904761905,13.166666666666666,7.0,42.0
Mujibur Ali,2026,ODI,87.0,110.0,6.0,6.0,11.0,0.0,14.5,79.09,50.0,16.666666666666668,39.37007874015748,4.0,50.0,127.0,12.5,50.0,50.0,1,0,0,0,0,1,0,0,0,0,0.0,0.0,4.0,12.5,20.779502709595153,83.11801083838061,26.29917118265859,39.37007874015748,16.666666666666668,4.0,69.0
Mukhtar Ghulami,2026,T20I,77.0,58.0,5.0,5.0,9.0,3.0,15.4,132.76,75.0,15.0,136.36363636363635,5.0,271.0,55.0,15.0,20.0,90.33333333333333,3,0,0,0,0,0,0,1,0,0,4.0,9.0,5.428571428571429,14.131578947368421,17.117182013300653,92.92184521506069,22.411651450220482,113.35946924004827,14.626459143968871,3.0,96.0
Muneeba Ali,2026,ODI,201.0,371.0,12.0,15.0,23.0,0.0,16.75,54.18,299.0,49.833333333333336,72.74939172749392,6.0,1247.0,411.0,49.833333333333336,212.0,242.0,7,1,0,0,0,1,0,0,0,0,10.0,8.0,7.8348623853211,33.297423887587826,32.60193059530047,255.4316397099688,30.622093023255815,68.49902440199456,34.014354066985646,1.3333333333333333,208.0
Muneeba Ali,2026,T20I,450.0,387.0,21.0,21.0,58.0,6.0,21.43,116.28,260.0,32.5,118.18181818181819,9.0,1410.0,220.0,28.88888888888889,467.0,368.0,9,1,0,0,0,0,0,1,0,0,21.0,19.0,13.954128440366972,23.383957922419462,22.549045627171306,314.65227888924363,18.316040290263185,107.54414610546688,25.866909090909093,1.1111111111111112,238.0
Murat Yilmaz,2026,T20I,10.0,39.0,5.0,5.0,0.0,0.0,2.0,25.64,13.0,4.333333333333333,54.166666666666664,3.0,15.0,24.0,4.333333333333333,13.0,7.5,2,0,0,0,0,0,0,1,0,0,0.0,2.0,2.735294117647059,3.688172043010753,10.815132393301015,29.582568016970423,15.233847810480976,51.734539969834096,4.083333333333334,6.0,25.0
Musa Shaheen,2026,T20I,315.0,272.0,9.0,9.0,30.0,10.0,35.0,115.81,104.0,34.666666666666664,146.47887323943664,3.0,200.0,71.0,34.666666666666664,104.0,58.0,4,0,0,0,0,0,0,1,0,0,0.0,5.0,4.151898734177215,18.35670731707317,20.293782539914243,84.25773003913761,22.411651450220482,124.96886674968866,19.42258064516129,1.0,86.0
Musaddiq Ahmed,2026,T20I,313.0,196.0,14.0,14.0,27.0,21.0,22.36,159.69,275.0,45.833333333333336,176.28205128205127,6.0,374.0,156.0,45.833333333333336,99.0,187.0,2,0,0,0,0,0,0,1,0,0,4.0,0.0,5.25,39.8095238095238,32.560410326480756,170.94215421402396,22.411651450220482,176.9312169312169,55.73333333333333,1.6666666666666667,174.0
Mushfiqur Rahim,2026,Test,548.0,1120.0,10.0,7.0,50.0,2.0,54.8,48.93,436.0,29.066666666666666,50.697674418604656,8.0,6044.0,860.0,54.5,339.0,346.0,19,0,0,0,0,0,0,0,1,0,4.0,3.0,5.9724770642201825,65.48847926267281,63.43223030238004,378.84754061329727,58.970170058544745,51.14814281600921,37.36459246275197,5.266666666666667,355.0
Muslim Yar,2026,T20I,75.0,56.0,5.0,8.0,2.0,7.0,15.0,133.93,65.0,16.25,100.0,6.0,229.0,65.0,10.833333333333334,22.0,57.333333333333336,4,0,0,0,0,0,0,1,0,0,2.0,6.0,4.899082568807339,11.361423220973784,12.754381706408026,62.48476909377876,15.233847810480976,112.33104980559155,15.677002583979329,6.333333333333333,59.0
Mustafa Omer,2026,T20I,204.0,144.0,5.0,6.0,11.0,13.0,40.8,141.67,76.0,15.2,90.47619047619048,5.0,80.0,84.0,15.2,76.0,76.0,2,0,0,0,0,0,0,1,0,0,0.0,0.0,5.0,15.2,19.133628063756625,95.66814031878312,22.411651450220482,90.47619047619048,15.2,1.8,62.0
Mustafizur Rahman,2026,ODI,13.0,28.0,3.0,4.0,1.0,0.0,4.33,46.43,3.0,3.0,11.11111111111111,5.0,152.0,27.0,0.6,44.0,23.666666666666668,10,0,0,0,0,1,0,0,0,0,7.0,8.0,5.743119266055045,3.073482428115016,4.988682784776116,28.650600213484843,8.98506752900894,38.21251241310824,7.099630996309964,10.8,7.0
N Boochatham,2026,T20I,186.0,203.0,14.0,14.0,28.0,0.0,13.29,91.63,161.0,13.416666666666666,88.95027624309392,12.0,714.0,181.0,13.416666666666666,137.0,127.0,7,1,0,0,0,0,0,1,0,0,12.0,13.0,12.183673469387754,11.435510887772194,12.817143297910947,156.15988875209868,18.316040290263185,88.02217637957709,11.610544217687075,1.0,114.0
N Burger,2026,ODI,20.0,35.0,1.0,2.0,2.0,0.0,20.0,57.14,11.0,11.0,61.111111111111114,3.0,19.0,18.0,3.6666666666666665,8.0,9.5,2,0,0,0,0,1,0,0,0,0,2.0,0.0,2.625,3.761904761904762,6.834353448436633,17.94017780214616,8.98506752900894,38.16425120772947,9.875,10.0,14.0
N Chaiwai,2026,ODI,159.0,207.0,3.0,3.0,11.0,0.0,53.0,76.81,72.0,14.4,67.9245283018868,5.0,316.0,106.0,14.4,72.0,158.0,2,1,0,0,0,1,0,0,0,0,0.0,9.0,6.058823529411765,19.398058252427184,20.33221621527556,123.18931001019901,21.615126484254002,66.42287234042553,22.324022346368714,5.0,106.0
N Chaiwai,2026,T20I,576.0,617.0,26.0,31.0,48.0,7.0,22.15,93.35,173.0,21.625,85.64356435643565,12.0,1235.0,202.0,14.416666666666666,209.0,245.0,7,1,0,0,0,0,0,1,0,0,10.0,18.0,12.489795918367347,17.380718954248366,16.041179868270223,200.3510628445179,10.5758603974794,83.24463922366566,25.569711538461537,4.583333333333333,138.0
N Chantam,2026,ODI,86.0,138.0,3.0,3.0,11.0,0.0,28.67,62.32,157.0,31.4,71.04072398190046,5.0,630.0,221.0,31.4,157.0,315.0,2,1,0,0,0,1,0,0,0,0,0.0,9.0,6.058823529411765,39.71844660194174,32.0906431815677,194.43154398243962,21.615126484254002,71.19735468151758,39.71844660194174,4.0,151.0
N Chantam,2026,T20I,922.0,742.0,25.0,36.0,125.0,12.0,36.88,124.26,180.0,60.0,111.11111111111111,8.0,1287.0,162.0,22.5,45.0,252.0,8,1,0,0,0,0,0,1,0,0,5.0,25.0,9.275229357798164,20.115727002967358,17.93269116647126,166.329823571582,10.5758603974794,91.63700265849592,30.03988183161004,4.111111111111111,160.0
N Choden,2026,T20I,233.0,246.0,7.0,9.0,34.0,2.0,33.29,94.72,121.0,17.285714285714285,78.06451612903226,7.0,387.0,155.0,17.285714285714285,78.0,79.66666666666667,4,1,0,0,0,0,0,1,0,0,8.0,4.0,6.981651376146789,14.110381077529567,15.299540138622959,106.81605546323001,18.316040290263185,67.09153389565762,14.317333333333334,1.7142857142857142,93.0
N Gwanzura,2026,T20I,116.0,107.0,11.0,11.0,16.0,1.0,10.55,108.41,30.0,7.5,120.0,5.0,94.0,25.0,6.0,40.0,35.0,4,1,0,0,0,0,0,1,0,0,8.0,0.0,5.626373626373626,5.53125,7.395022314339679,41.60715851584522,10.5758603974794,87.48841519925858,7.044776119402986,6.2,36.0
N Kingsley,2026,T20I,16.0,13.0,2.0,2.0,1.0,0.0,8.0,123.08,115.0,11.5,112.74509803921569,13.0,115.0,102.0,8.846153846153847,115.0,115.0,1,1,0,0,0,0,0,1,0,0,0.0,0.0,13.0,8.846153846153847,9.392376967625074,122.10090057912596,10.5758603974794,112.74509803921569,11.5,4.923076923076923,64.0
N Koncharoenkai,2026,ODI,121.0,151.0,3.0,3.0,10.0,0.0,40.33,80.13,62.0,12.4,59.61538461538461,5.0,182.0,104.0,12.4,62.0,91.0,2,1,0,0,0,1,0,0,0,0,0.0,6.0,5.264705882352942,14.692737430167595,21.95536156075493,115.58852115809215,30.622093023255815,66.4309168982066,15.470588235294116,3.0,90.0
N Koncharoenkai,2026,T20I,1008.0,1004.0,26.0,36.0,117.0,0.0,38.77,100.4,396.0,30.46153846153846,105.31914893617021,16.0,1642.0,376.0,24.75,258.0,413.6666666666667,8,1,0,0,0,0,0,1,0,0,14.0,25.0,15.422018348623851,22.891136228435453,22.19828979660725,342.3424325513466,18.316040290263185,96.0367375461715,29.783281733746126,2.75,274.0
N McAndrew,2025,BBL,16.0,9.0,2.0,3.0,3.0,0.0,8.0,177.78,39.0,19.5,177.27272727272728,5.0,308.0,22.0,7.8,67.0,53.666666666666664,7,0,1,0,0,0,0,0,0,0,9.0,7.0,6.733944954128439,7.583106267029973,7.06085264032306,47.54739300914793,5.78307210031348,148.11069717935072,11.9186295503212,8.2,35.0
N Mlaba,2026,ODI,12.0,27.0,5.0,6.0,0.0,0.0,2.4,44.44,31.0,10.333333333333334,65.95744680851064,6.0,51.0,47.0,5.166666666666667,9.0,20.0,4,1,0,0,0,1,0,0,0,0,5.0,0.0,5.186813186813186,3.995762711864407,5.094911805870958,26.42635574034167,6.824239713774597,63.43760511268079,6.064308681672026,9.833333333333334,16.0
N Mugabe,2026,T20I,58.0,59.0,2.0,2.0,4.0,1.0,29.0,98.31,44.0,14.666666666666666,72.1311475409836,3.0,360.0,61.0,14.666666666666666,316.0,180.0,2,0,0,0,0,0,0,1,0,0,13.0,0.0,6.75,21.629629629629626,21.908923136983507,147.88523117463868,22.411651450220482,102.27670753064797,22.901960784313726,2.25,135.0
N Navaika,2026,T20I,106.0,155.0,6.0,8.0,9.0,0.0,17.67,68.39,197.0,17.90909090909091,79.11646586345381,12.0,316.0,249.0,16.416666666666668,43.0,101.66666666666667,4,1,0,0,0,0,0,1,0,0,4.0,5.0,8.26530612244898,15.197530864197532,16.04037124962068,132.57857869584439,18.316040290263185,72.57398891640136,16.590296495956874,2.9166666666666665,99.0
N Nojic,2026,T20I,149.0,216.0,4.0,8.0,13.0,0.0,37.25,68.98,7.0,3.5,87.5,3.0,10.0,8.0,2.3333333333333335,3.0,5.0,2,1,0,0,0,0,0,1,0,0,3.0,0.0,2.9999999999999996,1.8333333333333335,6.690292813414481,20.07087844024344,10.5758603974794,50.0,2.3157894736842106,7.333333333333333,19.0
N Nuntarach,2026,T20I,20.0,45.0,5.0,6.0,1.0,0.0,4.0,44.44,25.0,3.5714285714285716,51.02040816326531,6.0,167.0,49.0,4.166666666666667,80.0,49.0,4,0,0,0,0,0,0,1,0,0,9.0,3.0,6.229357798165136,6.81296023564065,9.393416080841975,58.51494971460275,15.233847810480976,62.56424127671087,6.79295154185022,6.857142857142857,48.0
N Pooran,2025,CPL,426.0,320.0,10.0,13.0,21.0,29.0,42.6,133.12,504.0,56.0,169.6969696969697,11.0,2409.0,297.0,45.81818181818182,291.0,301.0,11,0,0,1,0,0,0,0,0,0,10.0,9.0,10.293577981651374,34.56149732620322,32.44456860458253,333.97069701230816,24.527255185721177,162.18997030406962,39.529051987767595,3.3636363636363638,341.0
N Pooran,2026,IPL,234.0,184.0,14.0,14.0,11.0,19.0,16.71,127.17,524.0,43.666666666666664,196.25468164794006,14.0,2293.0,267.0,37.42857142857143,499.0,460.3333333333333,7,0,0,0,1,0,0,0,0,0,14.0,15.0,14.064220183486237,33.25505544683627,32.37240966699538,455.2926974266414,27.86208973200843,183.32853855005754,44.56293706293706,3.142857142857143,406.0
N Rana,2026,IPL,225.0,149.0,9.0,9.0,27.0,10.0,25.0,151.01,217.0,21.7,161.94029850746267,11.0,2853.0,134.0,19.727272727272727,42.0,224.0,10,0,0,0,1,0,0,0,0,0,2.0,14.0,9.321100917431192,23.144685039370078,22.08502373516753,205.8567349993597,18.496304118268217,149.25420501428118,25.09605122732124,3.6363636363636362,246.0
N Senamontree,2026,T20I,75.0,99.0,6.0,9.0,4.0,0.0,12.5,75.76,35.0,8.75,50.72463768115942,11.0,82.0,69.0,3.1818181818181817,26.0,24.666666666666668,4,0,0,0,0,0,0,1,0,0,7.0,1.0,7.938775510204081,3.552699228791774,4.068906725318544,32.30213706426354,5.407604832977968,53.379683275395905,8.177514792899407,8.909090909090908,16.0
N Shangase,2026,ODI,5.0,3.0,1.0,2.0,1.0,0.0,5.0,166.67,120.0,24.0,83.33333333333334,5.0,158.0,144.0,24.0,24.0,48.0,4,1,0,0,0,1,0,0,0,0,3.0,1.0,3.653061224489796,18.77094972067039,20.067686846924317,73.30848868570313,21.615126484254002,76.03530210454853,18.77094972067039,3.8,97.0
N Shangase,2026,T20I,51.0,54.0,2.0,3.0,6.0,0.0,25.5,94.44,47.0,15.666666666666666,81.03448275862068,3.0,102.0,58.0,15.666666666666666,49.0,48.0,4,1,0,0,0,0,0,1,0,0,5.0,0.0,3.75,12.733333333333334,11.654596865406367,43.70473824527387,10.5758603974794,78.27868852459018,14.148148148148149,6.0,50.0
N Sibanda,2026,ODI,65.0,128.0,4.0,7.0,5.0,0.0,16.25,50.78,19.0,6.333333333333333,33.33333333333333,3.0,101.0,57.0,6.333333333333333,21.0,24.666666666666668,4,1,0,0,0,1,0,0,0,0,4.0,3.0,3.1743119266055047,7.193641618497109,7.022092746334952,22.29031275442104,6.824239713774597,41.46260203231718,8.67247386759582,9.333333333333334,26.0
N Tanner,2026,T20I,122.0,129.0,8.0,9.0,9.0,3.0,15.25,94.57,174.0,15.818181818181818,85.29411764705883,13.0,174.0,204.0,13.384615384615385,174.0,174.0,1,0,0,0,0,0,0,1,0,0,0.0,0.0,13.0,13.384615384615385,13.968583519099255,181.5915857482903,15.233847810480976,85.29411764705883,15.818181818181818,4.538461538461538,93.0
N Toleva,2026,T20I,4.0,34.0,1.0,3.0,0.0,0.0,4.0,11.76,5.0,1.0,10.416666666666668,6.0,5.0,48.0,0.8333333333333334,5.0,5.0,1,1,0,0,0,0,0,1,0,0,0.0,0.0,6.0,0.8333333333333334,5.704596865406366,34.227581192438194,10.5758603974794,10.416666666666668,1.0,5.166666666666667,15.0
N Tyagi,2026,T20I,13.0,16.0,0.0,1.0,2.0,0.0,13.0,81.25,6.0,3.0,35.294117647058826,3.0,6.0,17.0,2.0,6.0,6.0,1,0,0,0,0,0,0,1,0,0,0.0,0.0,3.0,2.0,4.271736555318645,12.815209665955935,5.407604832977968,35.294117647058826,3.0,9.0,8.0
N Vare,2026,T20I,221.0,347.0,11.0,16.0,27.0,0.0,20.09,63.69,258.0,36.857142857142854,86.0,9.0,500.0,300.0,28.666666666666668,42.0,148.0,6,1,0,0,0,0,0,1,0,0,4.0,8.0,6.651376146788992,23.257931034482752,21.8115239873941,145.07665037486902,18.316040290263185,80.72191105366458,27.77924217462932,1.5555555555555556,147.0
N Wadhera,2026,IPL,65.0,57.0,6.0,6.0,4.0,4.0,10.83,114.04,369.0,30.75,145.8498023715415,15.0,719.0,253.0,24.6,109.0,239.66666666666666,3,0,0,0,1,0,0,0,0,0,6.0,10.0,11.3265306122449,23.47567567567567,22.416234918780468,253.89817101884003,18.496304118268217,143.5069941623527,27.662420382165603,4.733333333333333,251.0
N de Klerk,2026,ODI,345.0,283.0,12.0,15.0,40.0,11.0,28.75,121.91,186.0,31.0,124.83221476510067,9.0,713.0,149.0,20.666666666666668,243.0,180.66666666666666,8,1,0,0,0,1,0,0,0,0,11.0,3.0,8.155963302752294,21.753655793025867,21.71870306583364,177.13694518831292,21.615126484254002,93.65586711220882,28.73551263001486,7.333333333333333,151.0
N de Klerk,2026,T20I,192.0,190.0,11.0,14.0,21.0,2.0,17.45,101.05,145.0,29.0,115.07936507936508,9.0,645.0,126.0,16.11111111111111,107.0,131.66666666666666,8,1,0,0,0,0,0,1,0,0,9.0,11.0,8.522935779816512,14.172228202368139,13.294351602313931,113.30690494082238,10.5758603974794,118.5378590078329,29.0,6.0,98.0
NA Greenwood,2026,T20I,127.0,68.0,4.0,5.0,8.0,10.0,31.75,186.76,123.0,20.5,128.125,6.0,896.0,96.0,20.5,265.0,211.66666666666666,5,0,0,0,0,0,0,1,0,0,9.0,6.0,6.724770642201833,27.53751705320601,26.048882318553872,175.1727590779815,22.411651450220482,142.44883556810166,30.262368815592207,2.5,160.0
NA McSweeney,2025,BBL,193.0,149.0,5.0,6.0,23.0,1.0,38.6,129.53,209.0,29.857142857142858,125.90361445783131,8.0,637.0,166.0,26.125,222.0,198.33333333333334,5,0,1,0,0,0,0,0,0,0,9.0,5.0,7.275229357798164,25.72887767969735,25.780263116383257,187.55732707607265,25.91609195402299,118.85011941515697,29.3568345323741,2.875,184.0
NC Monteiro,2026,T20I,16.0,19.0,2.0,5.0,1.0,0.0,8.0,84.21,19.0,19.0,55.88235294117647,5.0,42.0,34.0,3.8,19.0,15.0,3,1,0,0,0,0,0,1,0,0,0.0,4.0,4.632911392405063,3.497267759562842,3.381843381843382,15.667780731071872,3.241025641025641,52.91442744935924,8.64864864864865,8.6,8.0
NF Kelly,2026,ODI,216.0,292.0,5.0,5.0,26.0,3.0,43.2,73.97,49.0,16.333333333333332,80.32786885245902,3.0,49.0,61.0,16.333333333333332,49.0,49.0,1,0,0,0,0,1,0,0,0,0,0.0,0.0,3.0,16.333333333333332,27.393614969135804,82.18084490740742,32.92375578703704,80.32786885245902,16.333333333333332,2.0,88.0
NG Smith,2026,ODI,79.0,112.0,5.0,8.0,5.0,0.0,15.8,70.54,36.0,6.0,61.016949152542374,7.0,36.0,59.0,5.142857142857143,36.0,36.0,1,0,0,0,0,1,0,0,0,0,0.0,0.0,7.0,5.142857142857143,6.916185013388741,48.41329509372119,8.98506752900894,61.016949152542374,6.0,8.714285714285714,25.0
NG Smith,2026,Test,108.0,200.0,8.0,5.0,14.0,1.0,13.5,54.0,102.0,25.5,51.256281407035175,3.0,102.0,199.0,34.0,102.0,102.0,1,0,0,0,0,0,0,0,1,0,0.0,0.0,3.0,34.0,23.451070336391435,70.3532110091743,18.176605504587155,51.256281407035175,25.5,8.4,73.0
NGRP Jayasuriya,2026,Test,38.0,110.0,5.0,3.0,3.0,0.0,7.6,34.55,73.0,6.636363636363637,40.78212290502793,7.0,253.0,179.0,10.428571428571429,109.0,79.33333333333333,4,0,0,0,0,0,0,0,1,0,4.0,5.0,5.440366972477063,13.647554806070826,15.169072397957608,82.52532047696202,18.176605504587155,35.39625612316305,8.37784679089027,8.0,73.0
NJ Pius,2026,T20I,167.0,237.0,14.0,15.0,11.0,1.0,11.93,70.46,310.0,28.181818181818183,90.37900874635568,13.0,496.0,343.0,23.846153846153847,124.0,217.0,5,1,0,0,0,0,0,1,0,0,10.0,0.0,10.681318681318682,20.0679012345679,19.654726483552636,209.93839716497982,18.316040290263185,88.77662479519388,24.352059925093634,2.0,168.0
NK Aneesh Kumar,2026,T20I,11.0,23.0,2.0,2.0,0.0,0.0,5.5,47.83,29.0,29.0,103.57142857142858,5.0,41.0,28.0,5.8,2.0,15.5,3,0,0,0,0,0,0,1,0,0,2.0,0.0,4.010989010989011,4.438356164383561,4.875611202847203,19.556022956475047,5.407604832977968,90.70548712206045,12.272727272727272,9.2,16.0
NKF Rada Rani,2026,T20I,69.0,102.0,8.0,10.0,2.0,0.0,8.62,67.65,54.0,18.0,94.73684210526315,5.0,232.0,57.0,10.8,176.0,115.0,3,1,0,0,0,0,0,1,0,0,9.0,0.0,6.499999999999999,15.346153846153848,13.600924535663195,88.40600948181076,10.5758603974794,85.80645161290322,29.555555555555554,4.8,98.0
NL Jacinta Si Ping,2026,T20I,19.0,28.0,3.0,3.0,1.0,0.0,6.33,67.86,5.0,1.25,16.666666666666664,5.0,7.0,30.0,1.0,5.0,3.5,2,1,0,0,0,0,0,1,0,0,0.0,2.0,4.205882352941177,1.0,2.147282751378315,9.03121863079703,3.241025641025641,17.20818291215403,1.311926605504587,7.833333333333333,9.0
NL Mtomba,2026,T20I,38.0,40.0,3.0,3.0,7.0,0.0,12.67,95.0,28.0,14.0,133.33333333333331,3.0,28.0,21.0,9.333333333333334,28.0,28.0,1,1,0,0,0,0,0,1,0,0,0.0,0.0,3.0,9.333333333333334,10.161684709430709,30.485054128292127,10.5758603974794,133.33333333333331,14.0,6.333333333333333,30.0
NLKWR Dewi,2026,T20I,171.0,180.0,13.0,14.0,20.0,1.0,13.15,95.0,119.0,23.8,132.22222222222223,8.0,537.0,90.0,14.875,344.0,179.0,3,1,0,0,0,0,0,1,0,0,13.0,4.0,8.79591836734694,20.419953596287698,17.878449328092785,157.2573808246529,10.5758603974794,107.30309680565715,32.35661764705882,4.625,143.0
NM Lyon,2026,Test,67.0,159.0,5.0,4.0,6.0,1.0,13.4,42.14,117.0,13.0,44.827586206896555,9.0,1638.0,261.0,13.0,147.0,130.33333333333334,15,0,0,0,0,0,0,0,1,0,7.0,9.0,8.449541284403669,15.365906623235613,16.056496028973093,135.67002607967171,18.176605504587155,53.41183574879227,13.660231660231657,9.571428571428571,99.0
NM Salonen,2026,T20I,221.0,163.0,13.0,13.0,13.0,10.0,17.0,135.58,44.0,8.8,104.76190476190477,6.0,124.0,42.0,7.333333333333333,80.0,62.0,2,0,0,0,0,0,0,1,0,0,7.0,0.0,6.374999999999999,9.019607843137255,11.321178201412708,72.172511034006,15.233847810480976,92.92929292929293,10.0,6.0,63.0
NN Banner,2026,T20I,5.0,21.0,2.0,2.0,0.0,0.0,2.5,23.81,37.0,18.5,94.87179487179486,6.0,41.0,39.0,6.166666666666667,37.0,37.0,2,0,0,0,0,0,0,1,0,0,0.0,0.0,5.098360655737705,6.090032154340837,10.579630676177239,53.93877279165772,15.233847810480976,92.93424926398431,17.063063063063062,6.333333333333333,37.0
NN Saidi,2026,T20I,185.0,264.0,10.0,13.0,13.0,0.0,18.5,70.08,22.0,5.5,73.33333333333333,6.0,91.0,30.0,3.6666666666666665,22.0,22.0,4,1,0,0,0,0,0,1,0,0,0.0,0.0,5.639344262295082,3.965116279069768,7.0446554646643165,39.727237374500405,10.5758603974794,72.36074270557029,6.144144144144144,7.333333333333333,28.0
NND de Silva,2026,ODI,283.0,281.0,8.0,11.0,23.0,6.0,35.38,100.71,221.0,31.571428571428573,77.27272727272727,8.0,924.0,286.0,27.625,200.0,162.66666666666666,9,1,0,0,0,1,0,0,0,0,7.0,5.0,7.027522935779817,26.417754569190603,25.066170680371673,176.1530893684835,21.615126484254002,76.46036424091288,36.39568345323741,5.625,158.0
NND de Silva,2026,T20I,331.0,272.0,11.0,18.0,25.0,3.0,30.09,121.69,105.0,35.0,87.5,6.0,1114.0,120.0,17.5,192.0,211.66666666666666,11,1,0,0,0,0,0,1,0,0,14.0,18.0,10.788990825688073,16.92091836734694,15.631272438512074,168.6456549329376,10.5758603974794,99.04927824788452,27.79189944134078,5.666666666666667,114.0
NP Kenjige,2026,ODI,30.0,54.0,2.0,2.0,4.0,0.0,15.0,55.56,35.0,7.0,49.29577464788733,8.0,410.0,71.0,4.375,21.0,80.66666666666667,6,0,0,0,0,1,0,0,0,0,2.0,12.0,7.412844036697247,8.981435643564357,8.982419006049353,66.58527116410896,8.98506752900894,67.20689016484536,14.870901639344265,10.11111111111111,51.0
NPAN Sakarini,2026,T20I,345.0,427.0,9.0,14.0,30.0,1.0,38.33,80.8,174.0,29.0,82.85714285714286,9.0,655.0,210.0,19.333333333333332,335.0,199.66666666666666,4,1,0,0,0,0,0,1,0,0,12.0,4.0,9.0,23.095238095238095,19.9177310653501,179.2595795881509,10.5758603974794,85.06639939864696,33.28431372549019,4.0,167.0
NR Hobson,2025,BBL,73.0,58.0,5.0,5.0,8.0,1.0,14.6,125.86,153.0,30.6,150.0,9.0,481.0,102.0,17.0,61.0,115.0,5,0,1,0,0,0,0,0,0,0,4.0,10.0,7.082568807339449,16.04663212435233,16.461140453284212,116.58715990766432,17.527808553068912,144.13030831879,27.048034934497814,6.222222222222222,110.0
NR Kirton,2026,ODI,81.0,104.0,4.0,5.0,6.0,1.0,20.25,77.88,202.0,22.444444444444443,84.87394957983193,10.0,613.0,238.0,20.2,326.0,204.33333333333334,3,0,0,0,0,1,0,0,0,0,11.0,2.0,8.83673469387755,24.722863741339495,25.128431693651443,222.05328415002194,26.29917118265859,78.12728068895053,28.320105820105823,4.545454545454546,192.0
NR Kirton,2026,T20I,10.0,12.0,3.0,3.0,1.0,0.0,3.33,83.33,232.0,19.333333333333332,126.08695652173914,12.0,727.0,184.0,19.333333333333332,420.0,326.0,3,0,0,0,0,0,0,1,0,0,16.0,0.0,13.5,22.407407407407405,20.847937929814705,281.4471620524985,15.233847810480976,128.1101111699312,24.444444444444443,4.083333333333333,217.0
NR Sciver-Brunt,2026,ODI,262.0,307.0,6.0,6.0,26.0,3.0,43.67,85.34,416.0,37.81818181818182,94.33106575963718,12.0,1083.0,441.0,34.666666666666664,274.0,361.0,3,1,0,0,0,1,0,0,0,0,7.0,5.0,9.183673469387756,40.10444444444445,35.482114954396835,325.85615774446075,21.615126484254002,95.36567321919256,49.853591160220994,3.6666666666666665,309.0
NR Sciver-Brunt,2026,T20I,227.0,159.0,2.0,4.0,26.0,2.0,113.5,142.77,447.0,49.666666666666664,128.8184438040346,13.0,1001.0,347.0,34.38461538461539,283.0,333.6666666666667,3,1,0,0,0,0,0,1,0,0,11.0,8.0,11.46938775510204,31.777580071174373,27.310925645536386,313.23959617941733,10.5758603974794,133.24628814444526,43.13768115942029,3.5384615384615383,299.0
NR Sciver-Brunt,2026,Test,55.0,110.0,2.0,1.0,6.0,1.0,27.5,50.0,234.0,58.5,67.0487106017192,2.0,371.0,349.0,117.0,59.0,123.66666666666667,3,1,0,0,0,0,0,0,1,0,1.0,1.0,1.510204081632653,100.49999999999999,67.14044203747072,101.39576960760884,50.68306010928962,68.75924556213016,50.24999999999999,4.0,83.0
NR Sciver-Brunt,2026,WPL,321.0,212.0,5.0,7.0,48.0,4.0,64.2,151.42,523.0,65.375,152.47813411078715,10.0,1027.0,343.0,52.3,172.0,342.3333333333333,3,1,0,0,0,0,0,0,0,1,9.0,10.0,9.693877551020408,39.24842105263158,35.981991489361704,348.80501953973084,25.638297872340427,144.87876903947776,49.06052631578948,3.0,344.0
NRJ Croes,2026,ODI,148.0,214.0,4.0,4.0,8.0,0.0,37.0,69.16,257.0,23.363636363636363,82.9032258064516,12.0,390.0,310.0,21.416666666666668,126.0,130.0,3,0,0,0,0,1,0,0,0,0,6.0,1.0,8.142857142857142,20.99749373433584,22.446039485243695,182.77489295127006,26.29917118265859,80.56543898451774,23.337047353760447,5.916666666666667,152.0
NRJ Croes,2026,T20I,25.0,12.0,0.0,1.0,5.0,0.0,25.0,208.33,159.0,22.714285714285715,134.74576271186442,10.0,203.0,118.0,15.9,44.0,101.5,2,0,0,0,0,0,0,1,0,0,4.0,0.0,7.75,14.951612903225806,15.04364602515684,116.58825669496551,15.233847810480976,128.92906815020862,21.068181818181817,6.1,96.0
NRJ Young,2025,CPL,0.0,1.0,1.0,1.0,0.0,0.0,0.0,0.0,17.0,8.5,170.0,3.0,136.0,10.0,5.666666666666667,76.0,46.5,4,0,0,1,0,0,0,0,0,0,5.0,0.0,3.9010989010989006,9.529577464788732,8.022200087584471,31.295395946071284,6.238470191226097,101.83624322697172,13.371541501976283,8.0,41.0
NS Dhaliwal,2026,T20I,108.0,84.0,3.0,3.0,11.0,2.0,36.0,128.57,256.0,25.6,126.73267326732673,11.0,1157.0,202.0,23.272727272727273,193.0,224.5,5,0,0,0,0,0,0,1,0,0,10.0,0.0,10.428571428571429,23.889357218124342,23.534423887162642,245.4304205375533,22.411651450220482,127.82476319350474,26.178983833718245,2.0,206.0
NS Prasad,2026,WPL,75.0,62.0,3.0,4.0,12.0,0.0,25.0,120.97,78.0,39.0,118.18181818181819,3.0,78.0,66.0,26.0,78.0,78.0,1,1,0,0,0,0,0,0,0,1,0.0,0.0,3.0,26.0,20.79856630824373,62.395698924731185,18.197849462365593,118.18181818181819,39.0,7.333333333333333,55.0
NT Ellis,2025,BBL,27.0,25.0,1.0,5.0,2.0,0.0,27.0,108.0,81.0,27.0,128.57142857142858,4.0,348.0,63.0,20.25,30.0,68.33333333333333,6,0,1,0,0,0,0,0,0,0,4.0,10.0,4.990825688073395,13.058823529411764,10.472655959827065,52.26720038665985,5.78307210031348,135.34006477424273,19.624309392265193,8.5,52.0
NT Ellis,2026,ODI,49.0,77.0,5.0,7.0,4.0,0.0,9.8,63.64,27.0,6.75,72.97297297297297,4.0,90.0,37.0,6.75,27.0,42.0,3,0,0,0,0,1,0,0,0,0,0.0,4.0,3.8607594936708862,8.00655737704918,8.491769022649061,32.78467787225271,8.98506752900894,85.83479789103691,9.88663967611336,9.25,30.0
NT Ellis,2026,T20I,9.0,11.0,0.0,3.0,1.0,0.0,9.0,81.82,13.0,6.5,81.25,3.0,30.0,16.0,4.333333333333333,16.0,9.666666666666666,4,0,0,0,0,0,0,1,0,0,3.0,1.0,2.63265306122449,4.37984496124031,4.932404032067008,12.985308574217225,5.407604832977968,71.24842370744011,7.635135135135136,9.0,13.0
NT Gireesh,2026,T20I,24.0,32.0,4.0,5.0,2.0,1.0,6.0,75.0,4.0,2.0,44.44444444444444,3.0,4.0,9.0,1.3333333333333333,4.0,4.0,1,0,0,0,0,0,0,1,0,0,0.0,0.0,3.0,1.3333333333333333,4.049514333096423,12.148542999289269,5.407604832977968,44.44444444444444,2.0,10.0,7.0
NT Miles,2026,T20I,800.0,838.0,22.0,27.0,82.0,10.0,36.36,95.47,300.0,16.666666666666668,72.11538461538461,19.0,1002.0,416.0,15.789473684210526,211.0,266.0,4,1,0,0,0,0,0,1,0,0,10.0,14.0,14.990825688073393,17.58873929008568,17.701557439027383,265.36096197587835,18.316040290263185,80.12043154637452,20.426439232409383,1.368421052631579,162.0
NT Nyamhuri,2026,Test,0.0,11.0,1.0,1.0,0.0,0.0,0.0,0.0,18.0,4.5,28.125,2.0,18.0,64.0,9.0,18.0,18.0,1,0,0,0,0,0,0,0,1,0,0.0,0.0,2.0,9.0,15.882454128440365,31.76490825688073,18.176605504587155,28.125,4.5,8.5,34.0
Nahid Rana,2026,Test,8.0,38.0,1.0,3.0,1.0,0.0,8.0,21.05,12.0,2.4,19.672131147540984,6.0,13.0,61.0,2.0,1.0,6.5,2,0,0,0,0,0,0,0,1,0,3.0,0.0,4.875,1.6153846153846154,8.815915436777022,42.97758775428798,18.176605504587155,17.119565217391305,2.032258064516129,11.0,13.0
Nahida Akter,2026,ODI,50.0,104.0,5.0,7.0,4.0,0.0,10.0,48.08,82.0,16.4,58.57142857142858,7.0,185.0,140.0,11.714285714285714,44.0,49.666666666666664,7,1,0,0,0,1,0,0,0,0,6.0,5.0,6.293577981651375,8.985422740524783,8.327861981878682,52.41204880338326,6.824239713774597,49.64561855670103,12.205940594059406,8.285714285714286,47.0
Nahida Akter,2026,T20I,22.0,39.0,3.0,6.0,1.0,0.0,7.33,56.41,7.0,3.5,77.77777777777779,4.0,135.0,9.0,1.75,38.0,41.0,7,1,0,0,0,0,0,1,0,0,11.0,14.0,7.979591836734694,3.7007672634271094,3.5732973126688465,28.51345406639835,3.241025641025641,68.31916902738432,5.764940239043825,9.25,17.0
Naman Dhir,2026,IPL,318.0,216.0,12.0,14.0,31.0,13.0,26.5,147.22,252.0,31.5,182.6086956521739,12.0,392.0,138.0,21.0,140.0,196.0,2,0,0,0,1,0,0,0,0,0,7.0,0.0,10.124999999999998,20.74074074074074,20.1341362481806,203.85812951282853,18.496304118268217,181.22977346278319,28.96551724137931,6.416666666666667,180.0
Namgay Thinley,2026,T20I,275.0,158.0,12.0,13.0,24.0,18.0,22.92,174.05,40.0,5.0,58.82352941176471,8.0,139.0,68.0,5.0,23.0,31.0,4,0,0,0,0,0,0,1,0,0,6.0,4.0,6.587155963302751,5.203342618384402,8.159287174012075,53.74649716459329,15.233847810480976,58.66834170854271,5.949044585987261,6.25,57.0
Naseem Shah,2026,ODI,6.0,2.0,0.0,2.0,0.0,1.0,6.0,300.0,187.0,20.77777777777778,89.90384615384616,12.0,190.0,208.0,15.583333333333334,187.0,93.5,3,0,0,0,0,1,0,0,0,0,0.0,1.0,7.962025316455697,14.917329093799681,13.00163644639686,103.51935854156488,8.98506752900894,89.06502135738018,20.353579175704986,9.166666666666666,77.0
Nashra Sandhu,2026,T20I,38.0,52.0,6.0,10.0,1.0,0.0,6.33,73.08,14.0,14.0,70.0,4.0,32.0,20.0,3.5,8.0,8.333333333333334,5,1,0,0,0,0,0,1,0,0,6.0,2.0,4.244897959183674,2.389423076923077,2.7462397937258274,11.657507695815758,3.241025641025641,50.71428571428572,6.291139240506331,10.0,5.0
Nasra Mohamedi,2026,T20I,16.0,27.0,4.0,4.0,1.0,0.0,4.0,59.26,56.0,14.0,81.15942028985508,4.0,56.0,69.0,14.0,56.0,56.0,1,1,0,0,0,0,0,1,0,0,0.0,0.0,4.0,14.0,11.945516238487638,47.78206495395055,10.5758603974794,81.15942028985508,14.0,5.0,45.0
Nasrulla Rana,2026,T20I,40.0,23.0,4.0,4.0,5.0,2.0,10.0,173.91,52.0,17.333333333333332,100.0,9.0,217.0,52.0,5.777777777777778,147.0,68.33333333333333,4,0,0,0,0,0,0,1,0,0,17.0,1.0,9.979591836734693,7.2781186094069525,9.14566067538677,91.2699606176353,15.233847810480976,112.84083703233986,13.95686274509804,6.888888888888889,50.0
Natalia Pervaiz,2026,ODI,194.0,224.0,9.0,9.0,21.0,0.0,21.56,86.61,30.0,15.0,49.18032786885246,4.0,100.0,61.0,7.5,65.0,47.5,3,1,0,0,0,1,0,0,0,0,2.0,0.0,3.25,13.269230769230768,17.740246330850358,57.65580057526366,21.615126484254002,58.1787521079258,21.5625,5.75,67.0
Natalia Pervaiz,2026,T20I,84.0,94.0,7.0,8.0,9.0,0.0,12.0,89.36,69.0,23.0,153.33333333333334,3.0,155.0,45.0,23.0,57.0,63.0,4,1,0,0,0,0,0,1,0,0,9.0,0.0,5.249999999999999,12.285714285714286,11.573275165616415,60.75969461948617,10.5758603974794,117.00680272108843,14.333333333333332,4.333333333333333,76.0
Natim Hassam,2026,T20I,148.0,121.0,4.0,7.0,13.0,4.0,37.0,122.31,70.0,23.333333333333332,94.5945945945946,4.0,70.0,74.0,17.5,70.0,70.0,1,0,0,0,0,0,0,1,0,0,0.0,0.0,4.0,17.5,16.140308686288584,64.56123474515434,15.233847810480976,94.5945945945946,23.333333333333332,4.5,58.0
Nauman Ali,2026,Test,23.0,82.0,5.0,3.0,1.0,1.0,4.6,28.05,93.0,13.285714285714286,52.84090909090909,4.0,368.0,176.0,23.25,93.0,82.0,4,0,0,0,0,0,0,0,1,0,0.0,3.0,3.7721518987341773,21.0,19.583581356816296,73.87224359912983,18.176605504587155,45.086455331412104,12.745417515274948,8.857142857142858,67.0
Nazmul Hossain Shanto,2026,ODI,463.0,640.0,13.0,15.0,48.0,8.0,35.62,72.34,114.0,22.8,71.25,5.0,1279.0,160.0,22.8,474.0,367.6666666666667,7,0,0,0,0,1,0,0,0,0,15.0,11.0,8.743119266055047,31.737670514165785,32.021649430256275,279.96910006453425,32.92375578703704,82.81356953152806,33.87010078387457,2.8,244.0
Nazmul Hossain Shanto,2026,Test,505.0,817.0,12.0,7.0,56.0,4.0,42.08,61.81,650.0,46.42857142857143,55.84192439862543,8.0,1919.0,1164.0,81.25,256.0,335.3333333333333,8,0,0,0,0,0,0,0,1,0,6.0,3.0,6.8256880733944945,61.80645161290323,60.991428177742755,416.30846389211564,58.970170058544745,53.5139475613588,34.1380846325167,4.133333333333334,362.0
Nigar Sultana,2026,ODI,268.0,493.0,10.0,10.0,23.0,0.0,26.8,54.36,420.0,46.666666666666664,83.8323353293413,11.0,1168.0,501.0,38.18181818181818,187.0,267.3333333333333,7,1,0,0,0,1,0,0,0,0,9.0,6.0,9.422018348623853,31.031158714703025,28.902440049190812,272.31932046347674,21.615126484254002,70.02944537224225,35.52842809364549,4.0,258.0
Nigar Sultana,2026,T20I,547.0,495.0,19.0,23.0,56.0,9.0,28.79,110.51,218.0,27.25,86.85258964143426,10.0,1993.0,251.0,21.8,429.0,404.6666666666667,8,1,0,0,0,0,0,1,0,0,18.0,22.0,13.577981651376145,23.633108108108107,21.432448381597656,291.00939086939934,10.5758603974794,90.93674440371265,30.023175965665235,4.0,224.0
Nikhil Chaudhary,2025,BBL,307.0,200.0,10.0,11.0,21.0,17.0,30.7,153.5,232.0,23.2,128.88888888888889,10.0,386.0,180.0,23.2,154.0,193.0,2,0,1,0,0,0,0,0,0,0,6.0,0.0,8.5,23.852941176470587,21.916676087674155,186.2917467452303,17.527808553068912,132.51633986928104,23.852941176470587,4.6,159.0
Nithish Kumar Reddy,2026,IPL,302.0,176.0,10.0,13.0,19.0,21.0,30.2,171.59,182.0,22.75,118.95424836601308,11.0,485.0,153.0,16.545454545454547,303.0,242.5,2,0,0,0,1,0,0,0,0,0,11.0,0.0,11.0,20.67045454545454,20.11770443684785,221.29474880532632,18.496304118268217,129.83583154889365,27.149253731343283,4.909090909090909,190.0
Nithish Kumar Reddy,2026,Test,53.0,75.0,3.0,2.0,5.0,2.0,17.67,70.67,343.0,28.583333333333332,55.68181818181818,7.0,343.0,616.0,49.0,343.0,343.0,1,0,0,0,0,0,0,0,1,0,0.0,0.0,7.0,49.0,53.60161695009758,375.21131865068304,58.970170058544745,55.68181818181818,28.583333333333332,7.384615384615385,218.0
Nizakat Khan,2026,T20I,169.0,131.0,10.0,10.0,20.0,4.0,16.9,129.01,323.0,21.533333333333335,110.99656357388317,18.0,2219.0,291.0,17.944444444444443,902.0,436.6666666666667,9,0,0,0,0,0,0,1,0,0,38.0,4.0,20.38532110091743,21.456795679567957,21.57037884023241,439.7190989265726,22.411651450220482,119.93006993006992,24.80593132154006,3.3333333333333335,296.0
Noman Amjad,2026,T20I,162.0,143.0,12.0,15.0,17.0,1.0,13.5,113.29,22.0,11.0,122.22222222222223,3.0,228.0,18.0,7.333333333333333,21.0,40.666666666666664,5,0,0,0,0,0,0,1,0,0,4.0,7.0,4.036697247706422,8.888636363636364,7.477407364720797,30.18402972914817,5.407604832977968,107.80044101433297,12.29874213836478,7.666666666666667,32.0
Noor Ahmad,2026,IPL,11.0,23.0,3.0,4.0,0.0,1.0,3.67,47.83,7.0,1.75,41.17647058823529,6.0,20.0,17.0,1.1666666666666667,5.0,6.666666666666667,3,0,0,0,1,0,0,0,0,0,2.0,3.0,4.224489795918368,1.5555555555555551,3.0544513802285973,12.903498687904484,5.122927618277396,50.23400936037442,2.1756756756756754,9.833333333333334,6.0
Nyeing Cham Soe,2026,T20I,70.0,71.0,5.0,8.0,5.0,2.0,14.0,98.59,6.0,6.0,54.54545454545454,3.0,12.0,11.0,2.0,5.0,4.0,3,0,0,0,0,0,0,1,0,0,3.0,2.0,2.816326530612245,1.6956521739130435,3.6289608505093582,10.220338721842683,5.407604832977968,37.56019261637239,3.6562499999999996,9.666666666666666,7.0
O Amarjargal,2026,T20I,12.0,49.0,4.0,4.0,1.0,0.0,3.0,24.49,27.0,4.5,30.0,6.0,33.0,90.0,4.5,6.0,16.5,2,1,0,0,0,0,0,1,0,0,5.0,0.0,5.625,3.4000000000000004,3.3364102564102565,18.767307692307693,3.241025641025641,26.02040816326531,4.25,8.142857142857142,12.0
O Casasola,2026,T20I,17.0,29.0,3.0,3.0,0.0,0.0,5.67,58.62,71.0,10.142857142857142,59.166666666666664,7.0,71.0,120.0,10.142857142857142,71.0,71.0,1,0,0,0,0,0,0,1,0,0,0.0,0.0,7.0,10.142857142857142,15.805377592409453,110.63764314686617,22.411651450220482,59.166666666666664,10.142857142857142,1.7142857142857142,49.0
O Davies,2025,BBL,2.0,4.0,1.0,1.0,0.0,0.0,2.0,50.0,172.0,19.11111111111111,113.1578947368421,9.0,834.0,152.0,19.11111111111111,171.0,225.33333333333334,5,0,1,0,0,0,0,0,0,0,9.0,13.0,9.357798165137613,20.070588235294117,19.492683762061116,182.40860034222325,17.527808553068912,123.32530120481928,20.65792129162462,3.888888888888889,167.0
O Kamchomphu,2026,ODI,3.0,11.0,1.0,1.0,0.0,0.0,3.0,27.27,13.0,3.25,40.625,5.0,48.0,32.0,2.6,13.0,24.0,2,1,0,0,0,1,0,0,0,0,0.0,7.0,5.529411764705882,3.4042553191489366,4.921999872976892,27.215764003519286,6.824239713774597,49.766718506998444,4.7058823529411775,10.4,12.0
O Kamchomphu,2026,T20I,35.0,35.0,7.0,11.0,1.0,1.0,5.0,100.0,10.0,3.3333333333333335,76.92307692307693,4.0,125.0,13.0,2.5,8.0,13.666666666666666,7,1,0,0,0,0,0,1,0,0,5.0,11.0,5.591836734693878,2.105839416058394,2.5074383164005805,14.021185687627737,3.241025641025641,57.527417746759724,2.671296296296296,9.25,9.0
O Kgeresi,2026,T20I,42.0,60.0,8.0,8.0,2.0,0.0,5.25,70.0,134.0,13.4,63.20754716981132,12.0,269.0,212.0,11.166666666666666,124.0,88.0,4,1,0,0,0,0,0,1,0,0,15.0,3.0,10.330275229357797,9.398756660746002,11.27476303441722,116.47140529131916,18.316040290263185,62.63612689393939,10.95548654244306,1.75,87.0
O Manishimwe,2026,T20I,230.0,276.0,15.0,19.0,12.0,8.0,15.33,83.33,451.0,20.5,96.36752136752136,24.0,907.0,468.0,18.791666666666668,300.0,302.3333333333333,3,0,0,0,0,0,0,1,0,0,13.0,18.0,19.53061224489796,17.950888192267502,18.555327658114788,362.39690956767043,22.411651450220482,96.50039321424558,19.455266138165346,1.0,189.0
O Mondlane,2026,T20I,34.0,71.0,8.0,8.0,3.0,0.0,4.25,47.89,98.0,8.166666666666666,54.14364640883977,12.0,272.0,181.0,8.166666666666666,90.0,94.0,4,1,0,0,0,0,0,1,0,0,6.0,0.0,9.75,9.743589743589745,12.124826006554587,118.21705356390721,18.316040290263185,60.654429369513174,9.743589743589745,1.0,80.0
O Olaleye,2026,T20I,11.0,20.0,2.0,2.0,0.0,0.0,5.5,55.0,227.0,18.916666666666668,100.8888888888889,14.0,347.0,225.0,16.214285714285715,93.0,160.0,4,0,0,0,0,0,0,1,0,0,5.0,0.0,9.46153846153846,16.461091753774685,16.143974455765974,152.7468352353242,15.233847810480976,99.73961998592542,19.388508891928865,3.5714285714285716,118.0
O Omonkhobio,2026,T20I,57.0,40.0,6.0,7.0,5.0,2.0,9.5,142.5,53.0,13.25,135.8974358974359,5.0,54.0,39.0,10.6,53.0,53.0,2,1,0,0,0,0,0,1,0,0,0.0,0.0,5.0,10.6,10.586832944079672,52.934164720398364,10.5758603974794,135.8974358974359,13.25,5.2,46.0
O Prendergast,2026,ODI,261.0,330.0,9.0,9.0,19.0,5.0,29.0,79.09,381.0,31.75,69.02173913043478,13.0,1071.0,552.0,29.307692307692307,379.0,322.3333333333333,4,1,0,0,0,1,0,0,0,0,11.0,8.0,10.91743119266055,29.655462184873947,28.036602647836375,306.0876802837182,21.615126484254002,74.40281672324008,33.32389046270066,3.923076923076923,269.0
O Prendergast,2026,T20I,508.0,398.0,14.0,17.0,58.0,11.0,36.29,127.64,380.0,38.0,123.37662337662339,12.0,1539.0,308.0,31.666666666666668,490.0,416.3333333333333,6,1,0,0,0,0,0,1,0,0,17.0,16.0,13.431192660550458,28.738387978142075,26.96587986795859,362.1839277678108,18.316040290263185,123.00248501681041,34.59950657894738,3.25,294.0
O Sam Arthur,2026,T20I,3.0,17.0,0.0,2.0,0.0,0.0,3.0,17.65,33.0,33.0,113.79310344827587,3.0,33.0,29.0,11.0,33.0,33.0,1,0,0,0,0,0,0,1,0,0,0.0,0.0,3.0,11.0,13.822565206987317,41.46769562096195,15.233847810480976,113.79310344827587,33.0,7.0,31.0
O Tuyisenge,2026,T20I,31.0,40.0,4.0,6.0,1.0,0.0,7.75,77.5,79.0,11.285714285714286,92.94117647058823,7.0,957.0,85.0,11.285714285714286,249.0,271.0,5,0,0,0,0,0,0,1,0,0,17.0,29.0,13.18348623853211,14.78009742519137,14.858465367383012,195.8863736965999,15.233847810480976,96.99502214915285,15.290856731461481,4.714285714285714,115.0
OB Nightingale,2026,T20I,125.0,109.0,5.0,6.0,10.0,2.0,25.0,114.68,146.0,29.2,98.64864864864865,7.0,310.0,148.0,20.857142857142858,104.0,100.0,4,0,0,0,0,0,0,1,0,0,6.0,2.0,5.495412844036697,19.081803005008346,17.797724519626577,97.80584391978275,15.233847810480976,105.92160133444537,26.70560747663551,5.714285714285714,91.0
OC McCoy,2025,CPL,11.0,9.0,1.0,3.0,1.0,1.0,11.0,122.22,14.0,7.0,116.66666666666667,3.0,61.0,12.0,4.666666666666667,9.0,11.0,6,0,0,1,0,0,0,0,0,0,3.0,1.0,2.4678899082568804,4.275092936802974,5.310265478678083,13.105150584994533,6.238470191226097,99.48096885813148,6.084656084656085,10.333333333333334,10.0
OC McCoy,2026,T20I,0.0,3.0,0.0,1.0,0.0,0.0,0.0,0.0,5.0,5.0,55.55555555555556,3.0,68.0,9.0,1.6666666666666667,5.0,3.5,5,0,0,0,0,0,0,1,0,0,0.0,1.0,2.683544303797469,2.6462264150943393,4.264221581823028,11.443227536031419,5.407604832977968,70.0374531835206,6.759036144578312,10.666666666666666,6.0
OE Taylor,2026,T20I,26.0,35.0,2.0,3.0,2.0,0.0,13.0,74.29,23.0,5.75,46.93877551020408,5.0,35.0,49.0,4.6,12.0,17.5,2,0,0,0,0,0,0,1,0,0,2.0,0.0,3.875,4.870967741935484,5.134887622776049,19.89768953825719,5.407604832977968,49.50819672131148,5.8076923076923075,8.0,22.0
OEG Baartman,2026,ODI,3.0,13.0,1.0,2.0,0.0,0.0,3.0,23.08,13.0,13.0,54.166666666666664,3.0,13.0,24.0,4.333333333333333,13.0,13.0,1,0,0,0,0,1,0,0,0,0,0.0,0.0,3.0,4.333333333333333,7.434489463783738,22.303468391351213,8.98506752900894,54.166666666666664,13.0,10.666666666666666,12.0
OF Smith,2025,CPL,11.0,17.0,1.0,2.0,1.0,0.0,11.0,64.71,40.0,10.0,102.56410256410255,4.0,401.0,39.0,10.0,89.0,86.0,6,0,0,1,0,0,0,0,0,0,7.0,8.0,5.990825688073394,12.830015313935682,13.983594494861293,83.77327711141673,16.494551845342706,130.4781186731039,16.59009900990099,6.5,71.0
OGL Bascome,2026,T20I,69.0,44.0,1.0,3.0,6.0,5.0,69.0,156.82,367.0,24.466666666666665,153.55648535564853,16.0,485.0,239.0,22.9375,367.0,367.0,4,0,0,0,0,0,0,1,0,0,0.0,0.0,13.655737704918034,22.292917166866744,22.324356076845667,304.8555510165974,22.411651450220482,153.00321331465764,23.716475095785437,3.4375,203.0
OH Agbomadzie,2026,T20I,50.0,43.0,3.0,4.0,4.0,0.0,16.67,116.28,79.0,26.333333333333332,77.45098039215686,4.0,576.0,102.0,19.75,171.0,128.66666666666666,5,0,0,0,0,0,0,1,0,0,12.0,5.0,6.46788990825688,18.08368794326241,19.37561734832452,125.3193599134751,22.411651450220482,86.64537175479137,21.793162393162397,3.0,124.0
OJ Pope,2026,Test,125.0,189.0,6.0,3.0,12.0,0.0,20.83,66.14,726.0,36.3,67.53488372093022,12.0,3607.0,1075.0,60.5,745.0,706.3333333333334,7,0,0,0,0,0,0,0,1,0,11.0,8.0,10.862385321100916,64.24577702702702,63.179279661430876,686.2776799920564,58.970170058544745,70.33537064605314,37.10585365853658,3.7,584.0
OK Mohamed,2026,T20I,21.0,75.0,6.0,6.0,2.0,0.0,3.5,28.0,20.0,4.0,33.89830508474576,5.0,20.0,59.0,4.0,20.0,20.0,1,0,0,0,0,0,0,1,0,0,0.0,0.0,5.0,4.0,14.042718972847535,70.21359486423768,22.411651450220482,33.89830508474576,4.0,1.0,39.0
OP Eguakun,2026,T20I,11.0,26.0,5.0,6.0,1.0,0.0,2.2,42.31,20.0,5.0,46.51162790697674,5.0,20.0,43.0,4.0,20.0,20.0,1,1,0,0,0,0,0,1,0,0,0.0,0.0,5.0,4.0,7.586832944079672,37.93416472039836,10.5758603974794,46.51162790697674,5.0,5.8,26.0
OSB Tilley,2026,T20I,47.0,55.0,4.0,4.0,5.0,0.0,11.75,85.45,28.0,7.0,77.77777777777779,4.0,30.0,36.0,7.0,2.0,15.0,2,0,0,0,0,0,0,1,0,0,1.0,0.0,2.8749999999999996,6.347826086956522,15.440557424653102,44.391602595877664,22.411651450220482,78.49462365591397,7.3,3.0,45.0
Omid Mailk Khel,2026,T20I,293.0,220.0,6.0,8.0,32.0,10.0,48.83,133.18,104.0,20.8,114.28571428571428,5.0,170.0,91.0,20.8,104.0,59.5,3,0,0,0,0,0,0,1,0,0,0.0,1.0,3.8101265822784818,20.036544850498338,21.222122188130026,80.8589718813562,22.411651450220482,112.30912476722533,20.79655172413793,3.4,80.0
P Aho,2026,T20I,36.0,39.0,3.0,6.0,3.0,2.0,12.0,92.31,46.0,11.5,97.87234042553192,11.0,251.0,47.0,4.181818181818182,30.0,27.333333333333332,5,0,0,0,0,0,0,1,0,0,5.0,1.0,7.394495412844036,5.2915632754342425,5.323039285617893,39.36118957989011,5.407604832977968,106.2266500622665,11.077922077922077,10.181818181818182,26.0
P Alako,2026,T20I,322.0,343.0,13.0,17.0,36.0,6.0,24.77,93.88,107.0,9.727272727272727,86.99186991869918,14.0,524.0,123.0,7.642857142857143,250.0,156.0,6,1,0,0,0,0,0,1,0,0,15.0,7.0,11.807339449541283,11.707847707847707,11.493861448798878,135.71192371196472,10.5758603974794,91.50977772379447,13.61156278229449,5.142857142857143,99.0
P Baron,2026,T20I,366.0,279.0,9.0,10.0,44.0,6.0,40.67,131.18,215.0,26.875,139.6103896103896,9.0,485.0,154.0,23.88888888888889,50.0,131.0,4,0,0,0,0,0,0,1,0,0,2.0,6.0,6.073394495412844,23.513595166163142,23.169953674704928,140.7202691069235,22.411651450220482,126.50142218610321,27.260945709281962,3.0,139.0
P Choudhary,2026,T20I,10.0,27.0,0.0,1.0,0.0,0.0,10.0,37.04,15.0,2.5,46.875,6.0,15.0,32.0,2.5,15.0,15.0,1,1,0,0,0,0,0,1,0,0,0.0,0.0,6.0,2.5,6.537930198739699,39.227581192438194,10.5758603974794,46.875,2.5,4.166666666666667,23.0
P Cuinica,2026,T20I,98.0,123.0,7.0,8.0,10.0,0.0,14.0,79.67,24.0,6.0,40.67796610169492,5.0,176.0,59.0,4.8,24.0,37.0,5,1,0,0,0,0,0,1,0,0,0.0,3.0,4.470588235294118,6.907894736842105,8.729731985503012,39.027037111660526,10.5758603974794,46.68741662961317,8.26771653543307,5.0,45.0
P Jayeshbhai Patel,2026,T20I,74.0,84.0,4.0,4.0,10.0,1.0,18.5,88.1,53.0,7.571428571428571,60.91954022988506,7.0,53.0,87.0,7.571428571428571,53.0,53.0,1,0,0,0,0,0,0,1,0,0,0.0,0.0,7.0,7.571428571428571,14.420762207794068,100.94533545455847,22.411651450220482,60.91954022988506,7.571428571428571,2.2857142857142856,45.0
P Koech,2026,T20I,1.0,2.0,0.0,1.0,0.0,0.0,1.0,50.0,4.0,4.0,57.14285714285714,3.0,17.0,7.0,1.3333333333333333,8.0,5.666666666666667,3,0,0,0,0,0,0,1,0,0,3.0,1.0,2.63265306122449,2.054263565891473,3.8571352148627067,10.154498830965085,5.407604832977968,65.27093596059113,5.408163265306123,10.0,8.0
P Kurup,2026,T20I,523.0,493.0,18.0,20.0,51.0,14.0,29.06,106.09,788.0,25.419354838709676,107.50341064120055,34.0,986.0,733.0,23.176470588235293,788.0,451.0,3,0,0,0,0,0,0,1,0,0,0.0,7.0,23.392405063291143,22.93073593073593,22.858238098261705,534.7091646276916,22.411651450220482,107.95607979007973,25.119146413752222,1.8823529411764706,250.0
P Litchfield,2026,ODI,621.0,560.0,11.0,13.0,84.0,12.0,56.45,110.89,331.0,36.77777777777778,88.03191489361703,9.0,983.0,376.0,36.77777777777778,351.0,327.6666666666667,3,1,0,0,0,1,0,0,0,0,11.0,8.0,9.428571428571429,35.17099567099567,34.05606855145159,321.1000749136864,30.622093023255815,83.5553041600247,37.354022988505754,1.3333333333333333,279.0
P Litchfield,2026,T20I,240.0,175.0,10.0,10.0,33.0,4.0,24.0,137.14,249.0,31.125,127.04081632653062,13.0,440.0,196.0,19.153846153846153,180.0,146.66666666666666,3,1,0,0,0,0,0,1,0,0,8.0,1.0,9.26530612244898,19.876651982378853,17.566852747718393,162.7622683155949,10.5758603974794,136.39661426844015,31.774647887323944,4.384615384615385,145.0
P Litchfield,2026,WPL,243.0,157.0,6.0,6.0,30.0,10.0,40.5,154.78,91.0,18.2,135.82089552238804,6.0,199.0,67.0,15.166666666666666,108.0,99.5,2,1,0,0,0,0,0,0,0,1,8.0,0.0,6.75,14.425925925925926,15.773041474654377,106.46802995391704,18.197849462365593,118.75000000000003,15.89795918367347,5.0,98.0
P Mapotsane,2026,T20I,202.0,187.0,8.0,8.0,24.0,2.0,25.25,108.02,18.0,4.5,56.25,5.0,243.0,32.0,3.6,198.0,81.0,3,1,0,0,0,0,0,1,0,0,14.0,4.0,7.571428571428571,9.873315363881403,10.075583607719597,76.28656160130552,10.5758603974794,66.15495755824455,12.544520547945206,6.4,58.0
P Maya,2026,ODI,47.0,90.0,3.0,3.0,3.0,0.0,15.67,52.22,61.0,12.2,57.54716981132076,5.0,114.0,106.0,12.2,61.0,57.0,2,1,0,0,0,1,0,0,0,0,0.0,8.0,5.794117647058824,10.16243654822335,15.113167068121328,87.56746801235006,21.615126484254002,56.537701214346235,11.184357541899441,6.2,54.0
P Maya,2026,T20I,302.0,299.0,20.0,26.0,32.0,1.0,15.1,101.0,100.0,16.666666666666668,71.94244604316546,8.0,256.0,139.0,12.5,63.0,85.33333333333333,3,1,0,0,0,0,0,1,0,0,9.0,14.0,9.408163265306122,9.288503253796097,9.604548379086596,90.36115923997797,10.5758603974794,70.26583524778471,11.894444444444444,5.5,70.0
P Maziya,2026,T20I,125.0,240.0,9.0,13.0,7.0,0.0,13.89,52.08,78.0,9.75,72.89719626168224,9.0,117.0,107.0,8.666666666666666,39.0,58.5,2,1,0,0,0,0,0,1,0,0,6.0,0.0,7.874999999999999,8.047619047619047,8.863180773380451,69.79754859037105,10.5758603974794,65.16709511568124,8.74137931034483,4.666666666666667,55.0
P Molkenboer,2026,T20I,273.0,303.0,21.0,22.0,42.0,0.0,13.0,90.1,354.0,29.5,108.58895705521472,14.0,522.0,326.0,25.285714285714285,80.0,174.0,3,1,0,0,0,0,0,1,0,0,7.0,11.0,11.306122448979592,19.57039711191336,19.30313358457312,218.24359195619405,18.316040290263185,102.12886209495102,25.272727272727273,1.3571428571428572,173.0
P Nissanka,2026,ODI,253.0,292.0,7.0,7.0,29.0,5.0,36.14,86.64,420.0,32.30769230769231,86.24229979466119,13.0,2058.0,487.0,32.30769230769231,538.0,534.6666666666666,5,0,0,0,0,1,0,0,0,0,14.0,16.0,13.266055045871557,36.52558782849239,35.90671634370624,476.3404755321029,32.92375578703704,87.08613639361563,38.27246376811594,1.0769230769230769,399.0
P Nissanka,2026,T20I,674.0,464.0,23.0,25.0,65.0,29.0,29.3,145.26,650.0,40.625,138.88888888888889,16.0,1932.0,468.0,40.625,229.0,388.6666666666667,5,0,0,0,0,0,0,1,0,0,9.0,12.0,14.11926605504587,33.83430799220273,31.970905619938087,451.4057224686671,22.411651450220482,130.21656496949086,34.077879581151834,1.0,319.0
P Nissanka,2026,Test,5.0,12.0,2.0,1.0,0.0,0.0,2.5,41.67,551.0,45.916666666666664,64.36915887850468,7.0,1305.0,856.0,78.71428571428571,217.0,384.0,4,0,0,0,0,0,0,0,1,0,2.0,0.0,5.1098901098901095,80.53333333333335,74.30380661477322,379.684286548017,64.64804020100503,65.77556074684277,48.13367609254499,1.0,400.0
P Pheko,2026,T20I,14.0,47.0,5.0,5.0,0.0,0.0,2.8,29.79,33.0,6.6,45.20547945205479,5.0,50.0,73.0,6.6,33.0,18.0,3,1,0,0,0,0,0,1,0,0,0.0,3.0,4.470588235294118,5.605263157894736,11.918563058077739,53.28298778905342,18.316040290263185,43.469387755102034,5.605263157894736,2.8,45.0
P Pushparajan,2026,T20I,342.0,210.0,9.0,10.0,25.0,22.0,38.0,162.86,265.0,26.5,149.71751412429379,10.0,265.0,177.0,26.5,265.0,265.0,1,0,0,0,0,0,0,1,0,0,0.0,0.0,10.0,26.5,24.96686929383268,249.66869293832679,22.411651450220482,149.71751412429379,26.5,3.2,149.0
P Sabu,2026,T20I,104.0,118.0,7.0,8.0,8.0,0.0,14.86,88.14,55.0,18.333333333333332,110.00000000000001,4.0,143.0,50.0,13.75,82.0,68.5,3,1,0,0,0,0,0,1,0,0,2.0,0.0,3.25,20.038461538461537,19.115735869783848,62.12614157679751,18.316040290263185,97.38317757009345,24.809523809523807,2.0,90.0
P Sharma,2026,T20I,34.0,45.0,3.0,3.0,4.0,0.0,11.33,75.56,124.0,13.777777777777779,102.4793388429752,9.0,335.0,121.0,13.777777777777779,131.0,111.66666666666667,3,0,0,0,0,0,0,1,0,0,9.0,4.0,8.081632653061224,14.608585858585858,16.75228519694702,135.38581506104123,22.411651450220482,108.92487290529091,15.936639118457297,1.4444444444444444,94.0
P Shetty,2026,T20I,43.0,53.0,1.0,3.0,4.0,0.0,43.0,81.13,13.0,4.333333333333333,36.11111111111111,3.0,70.0,36.0,4.333333333333333,11.0,14.333333333333334,4,1,0,0,0,0,0,1,0,0,3.0,4.0,3.467889908256881,4.283068783068783,7.0674898513920645,24.509276732350465,10.5758603974794,46.603339090385724,4.733918128654971,6.666666666666667,28.0
P Siaka,2026,T20I,200.0,172.0,14.0,15.0,22.0,3.0,14.29,116.28,45.0,7.5,107.14285714285714,7.0,182.0,42.0,6.428571428571429,95.0,51.666666666666664,5,1,0,0,0,0,0,1,0,0,4.0,3.0,4.908256880733945,10.201869158878505,10.336237268555472,50.732907694286034,10.5758603974794,112.95529801324507,12.489702517162472,5.285714285714286,67.0
P Silas,2026,T20I,210.0,228.0,12.0,15.0,15.0,4.0,17.5,92.11,77.0,12.833333333333334,101.3157894736842,7.0,286.0,76.0,11.0,77.0,92.0,4,0,0,0,0,0,0,1,0,0,0.0,11.0,7.354430379746836,11.134251290877796,12.530254646020763,92.15288543465904,15.233847810480976,103.75300721732155,13.676532769556024,5.714285714285714,63.0
P Simran Singh,2026,IPL,510.0,302.0,12.0,13.0,55.0,23.0,42.5,168.87,599.0,35.23529411764706,161.89189189189187,18.0,1355.0,370.0,33.27777777777778,334.0,430.3333333333333,7,0,0,0,1,0,0,0,0,0,14.0,14.0,14.52293577981651,29.41756159191409,29.169743451727314,423.63031086315897,27.86208973200843,158.96228025260285,30.37703848662753,2.0,371.0
P Suman Bhai Ahir,2026,T20I,3.0,7.0,1.0,2.0,0.0,0.0,3.0,42.86,17.0,3.4,62.96296296296296,5.0,17.0,27.0,3.4,17.0,17.0,1,0,0,0,0,0,0,1,0,0,0.0,0.0,5.0,3.4,4.495057181624346,22.47528590812173,5.407604832977968,62.96296296296296,3.4,7.8,15.0
P Thongsa,2026,T20I,104.0,142.0,6.0,12.0,6.0,0.0,17.33,73.24,52.0,8.666666666666666,75.36231884057972,8.0,55.0,69.0,6.5,52.0,52.0,2,0,0,0,0,0,0,1,0,0,0.0,0.0,6.918032786885246,6.239336492890995,9.976668065296804,69.01891677959429,15.233847810480976,73.28138046200947,8.466237942122186,7.0,34.0
P Useni,2026,T20I,117.0,68.0,8.0,10.0,2.0,10.0,14.62,172.06,106.0,15.142857142857142,135.8974358974359,9.0,328.0,78.0,11.777777777777779,182.0,101.33333333333333,5,0,0,0,0,0,0,1,0,0,16.0,3.0,9.633027522935778,10.7,11.70752173566244,112.77887910500513,15.233847810480976,141.48092179826216,13.751529987760097,7.111111111111111,70.0
P Yevugah,2026,T20I,4.0,4.0,1.0,1.0,0.0,0.0,4.0,100.0,11.0,3.6666666666666665,52.38095238095239,3.0,17.0,21.0,3.6666666666666665,6.0,8.5,2,0,0,0,0,0,0,1,0,0,1.0,0.0,2.25,4.055555555555555,11.041988214883943,24.844473483488873,15.233847810480976,57.936507936507944,4.055555555555555,3.6666666666666665,39.0
PA Chatterji,2026,T20I,228.0,185.0,12.0,17.0,26.0,2.0,19.0,123.24,9.0,3.0,75.0,3.0,412.0,12.0,3.0,119.0,80.66666666666667,7,1,0,0,0,0,0,1,0,0,8.0,12.0,5.862385321100917,10.363067292644756,10.43105231016381,61.150847946740136,10.5758603974794,87.62736535662299,12.447368421052634,5.0,70.0
PA Raikes,2026,T20I,184.0,126.0,6.0,6.0,16.0,9.0,30.67,146.03,233.0,46.6,184.92063492063494,5.0,537.0,126.0,46.6,33.0,134.33333333333334,4,0,0,0,0,0,0,1,0,0,4.0,3.0,4.5963302752293576,33.093812375249506,29.09300304003264,133.72105067024177,22.411651450220482,148.67288378766142,35.12711864406779,1.0,162.0
PA van Meekeren,2026,T20I,0.0,1.0,1.0,1.0,0.0,0.0,0.0,0.0,24.0,12.0,126.3157894736842,3.0,136.0,19.0,8.0,13.0,27.333333333333332,10,0,0,0,0,0,0,1,0,0,6.0,3.0,3.7247706422018343,6.182266009852218,5.8530898723702425,21.80141732277356,5.407604832977968,115.7749077490775,9.436090225563909,10.333333333333334,15.0
PB Gouge,2026,T20I,204.0,114.0,4.0,5.0,14.0,14.0,51.0,178.95,24.0,12.0,100.0,3.0,124.0,24.0,8.0,100.0,41.333333333333336,3,0,0,0,0,0,0,1,0,0,2.0,1.0,2.3265306122448983,18.421052631578945,16.610140801409646,38.64400104817755,15.233847810480976,132.57575757575756,23.595505617977526,7.333333333333333,45.0
PBB Rajapaksa,2026,T20I,11.0,18.0,1.0,1.0,1.0,0.0,11.0,61.11,55.0,13.75,122.22222222222223,6.0,646.0,45.0,9.166666666666666,55.0,87.0,5,0,0,0,0,0,0,1,0,0,0.0,8.0,7.430379746835443,14.08688245315162,14.474807602191989,107.55331724666705,15.233847810480976,126.47598654022639,18.665914221218962,6.0,78.0
PD Salt,2026,IPL,202.0,120.0,6.0,6.0,16.0,11.0,33.67,168.33,403.0,33.583333333333336,175.9825327510917,13.0,1056.0,229.0,31.0,435.0,352.0,3,0,0,0,1,0,0,0,0,0,12.0,9.0,11.959183673469386,31.67576791808874,30.898523722556067,369.52112043709906,27.86208973200843,176.66317692966595,34.56610800744879,1.0,336.0
PD Salt,2026,T20I,429.0,298.0,16.0,17.0,46.0,14.0,26.81,143.96,479.0,47.9,182.82442748091603,12.0,1423.0,262.0,39.916666666666664,636.0,451.6666666666667,4,0,0,0,0,0,0,1,0,0,16.0,11.0,12.128440366972477,36.38275340393343,33.79870248771032,409.92554760323895,22.411651450220482,174.98453814530504,43.175942549371634,1.0,370.0
PE Kulume,2026,T20I,1.0,2.0,0.0,1.0,0.0,0.0,1.0,50.0,20.0,10.0,51.28205128205128,7.0,202.0,39.0,2.857142857142857,45.0,34.333333333333336,4,1,0,0,0,0,0,1,0,0,6.0,5.0,6.798165137614678,5.564102564102565,4.894627946501146,33.27448906749861,3.241025641025641,70.15484090522376,10.230769230769232,7.714285714285714,27.0
PE Mendonca,2026,T20I,280.0,307.0,13.0,17.0,25.0,0.0,21.54,91.21,68.0,34.0,97.14285714285714,3.0,231.0,70.0,22.666666666666668,11.0,39.5,4,1,0,0,0,0,0,1,0,0,3.0,0.0,3.483516483516483,16.24290220820189,13.487452381270371,46.98376269079898,10.5758603974794,93.53315168029064,21.01632653061224,4.333333333333333,72.0
PHKD Mendis,2026,ODI,75.0,81.0,4.0,4.0,8.0,3.0,18.75,92.59,274.0,27.4,86.70886075949366,14.0,464.0,316.0,19.571428571428573,63.0,168.5,5,0,0,0,0,1,0,0,0,0,2.0,0.0,8.714285714285714,20.83858764186633,22.33737543897308,194.65427168247967,26.29917118265859,86.62717550849234,29.351687388987568,4.928571428571429,161.0
PHKD Mendis,2026,T20I,307.0,242.0,16.0,17.0,20.0,14.0,19.19,126.86,168.0,18.666666666666668,136.58536585365854,10.0,383.0,123.0,16.8,139.0,153.5,4,0,0,0,0,0,0,1,0,0,9.0,0.0,9.624999999999998,16.324675324675326,16.01883583471429,154.18129490912503,15.233847810480976,126.20481927710843,17.458333333333332,4.9,114.0
PHKD Mendis,2026,Test,240.0,400.0,8.0,4.0,23.0,6.0,30.0,60.0,621.0,51.75,65.09433962264151,8.0,1316.0,954.0,77.625,634.0,627.5,3,0,0,0,0,0,0,0,1,0,5.0,0.0,6.164835164835165,90.44741532976826,79.47973405059632,489.97945936686307,58.970170058544745,64.7479168527569,59.62514688601645,5.071428571428571,487.0
PJ Cummins,2026,IPL,30.0,19.0,3.0,3.0,1.0,3.0,10.0,157.89,97.0,24.25,167.24137931034483,9.0,612.0,58.0,10.777777777777779,136.0,116.5,7,0,0,0,1,0,0,0,0,0,10.0,0.0,8.846153846153847,11.954037267080743,10.099437362428251,89.34117666763453,5.122927618277396,160.00997672098435,22.695754716981128,7.888888888888889,69.0
PJ Cummins,2026,Test,36.0,90.0,5.0,3.0,3.0,0.0,7.2,40.0,253.0,15.8125,68.19407008086253,9.0,1548.0,371.0,28.11111111111111,195.0,222.66666666666666,10,0,0,0,0,0,0,0,1,0,7.0,10.0,8.614678899082566,25.933972310969118,24.05567526341901,207.2319180949582,18.176605504587155,63.10606649563347,16.922863099374567,7.75,161.0
PM Siddle,2025,BBL,12.0,9.0,0.0,2.0,1.0,1.0,12.0,133.33,19.0,19.0,146.15384615384613,4.0,68.0,13.0,4.75,19.0,15.0,9,0,1,0,0,0,0,0,0,0,0.0,5.0,4.088607594936709,3.6904024767801857,4.698108555528161,19.20872232196957,5.78307210031348,121.75689479060267,11.801980198019802,11.0,5.0
PR Stirling,2026,T20I,192.0,157.0,10.0,11.0,20.0,8.0,19.2,122.29,102.0,20.4,152.23880597014926,5.0,2968.0,67.0,20.4,140.0,213.0,16,0,0,0,0,0,0,1,0,0,11.0,17.0,10.449541284403669,19.644424934152767,20.221331087606767,211.30363402554227,22.411651450220482,134.41667667908203,20.83333333333333,1.0,234.0
PR Surve,2026,T20I,83.0,49.0,0.0,2.0,6.0,6.0,83.0,169.39,318.0,35.333333333333336,101.59744408945687,15.0,826.0,313.0,21.2,362.0,275.3333333333333,3,0,0,0,0,0,0,1,0,0,12.0,6.0,12.428571428571429,24.12807881773399,22.370325654245253,278.03119027419103,15.233847810480976,110.40649184762191,36.827067669172926,4.133333333333334,207.0
PSR Gurusinghe,2026,T20I,16.0,39.0,2.0,3.0,0.0,0.0,8.0,41.03,71.0,6.454545454545454,58.19672131147541,12.0,174.0,122.0,5.916666666666667,39.0,47.666666666666664,5,1,0,0,0,0,0,1,0,0,6.0,3.0,8.155963302752294,6.0641169853768275,7.202487905167216,58.74322704306106,10.5758603974794,54.39959636730576,6.425506555423123,4.25,54.0
PSRK Sudarshan,2026,T20I,9.0,5.0,1.0,2.0,0.0,1.0,9.0,180.0,11.0,3.6666666666666665,73.33333333333333,3.0,11.0,15.0,3.6666666666666665,11.0,11.0,1,0,0,0,0,0,0,1,0,0,0.0,0.0,3.0,3.6666666666666665,4.8272921108742,14.481876332622601,5.407604832977968,73.33333333333333,3.6666666666666665,9.0,11.0
PUKK Arachchige,2026,T20I,24.0,27.0,2.0,2.0,0.0,1.0,12.0,88.89,10.0,3.3333333333333335,41.66666666666667,3.0,10.0,24.0,3.3333333333333335,10.0,10.0,1,0,0,0,0,0,0,1,0,0,0.0,0.0,3.0,3.3333333333333335,11.267009651431762,33.80102895429528,15.233847810480976,41.66666666666667,3.3333333333333335,6.333333333333333,27.0
PV Naringrekar,2026,T20I,1.0,6.0,1.0,1.0,0.0,0.0,1.0,16.67,5.0,2.5,62.5,3.0,5.0,8.0,1.6666666666666667,0.0,2.5,2,0,0,0,0,0,0,1,0,0,1.0,0.0,2.25,1.3888888888888888,3.9005863539445635,8.776319296375268,5.407604832977968,54.34782608695653,1.923076923076923,8.0,10.0
PVD Chameera,2026,IPL,0.0,3.0,0.0,1.0,0.0,0.0,0.0,0.0,10.0,10.0,71.42857142857143,3.0,53.0,14.0,3.3333333333333335,10.0,10.0,2,0,0,0,1,0,0,0,0,0,0.0,0.0,3.721311475409836,4.286343612334802,4.762577391808764,17.723033900665403,5.122927618277396,96.52777777777779,19.46,9.666666666666666,8.0
PWA Mulder,2026,Test,100.0,212.0,5.0,3.0,14.0,0.0,20.0,47.17,752.0,107.42857142857143,74.9003984063745,7.0,1153.0,1004.0,107.42857142857143,75.0,293.6666666666667,6,0,0,0,0,0,0,0,1,0,2.0,1.0,4.431192660550457,87.45548654244308,76.54157218079621,339.1704528745372,58.970170058544745,69.45590870973577,75.97302158273381,4.3,377.0
PWH de Silva,2026,ODI,112.0,87.0,3.0,4.0,13.0,0.0,37.33,128.74,111.0,18.5,100.0,7.0,919.0,111.0,15.857142857142858,73.0,105.0,9,0,0,0,0,1,0,0,0,0,4.0,10.0,6.1651376146788985,15.976190476190476,13.818436480146794,85.19256251980408,8.98506752900894,105.78382106611488,18.104553119730184,8.0,83.0
PWH de Silva,2026,T20I,130.0,126.0,11.0,13.0,11.0,2.0,11.82,103.17,57.0,11.4,123.91304347826086,7.0,612.0,46.0,8.142857142857142,40.0,60.666666666666664,7,0,0,0,0,0,0,1,0,0,9.0,12.0,8.981651376146788,8.283963227783453,9.91411598369374,89.04513346822175,15.233847810480976,129.20184801656842,10.755968169761273,7.142857142857143,54.0
PZ Kamunya,2026,T20I,142.0,182.0,12.0,13.0,13.0,1.0,11.83,78.02,13.0,4.333333333333333,30.952380952380953,6.0,168.0,42.0,2.1666666666666665,66.0,35.0,6,1,0,0,0,0,0,1,0,0,9.0,2.0,5.761467889908256,5.598726114649682,4.836538461538462,27.865561044460122,3.241025641025641,62.03246294989414,7.528907922912205,8.5,23.0
Pargat Singh,2026,ODI,84.0,146.0,5.0,5.0,11.0,0.0,16.8,57.53,423.0,35.25,71.09243697478992,12.0,956.0,595.0,35.25,331.0,318.6666666666667,3,0,0,0,0,1,0,0,0,0,10.0,4.0,9.918367346938776,35.71604938271605,35.0574895724144,347.7130598406816,32.92375578703704,75.15912535180776,36.85350318471338,2.769230769230769,292.0
Parvez Hossain Emon,2026,T20I,212.0,182.0,13.0,14.0,14.0,14.0,16.31,116.48,405.0,23.823529411764707,149.44649446494464,18.0,430.0,271.0,22.5,23.0,214.0,3,0,0,0,0,0,0,1,0,0,2.0,0.0,10.67032967032967,21.588053553038108,21.782451168423403,232.42593499493543,22.411651450220482,141.48218142548598,22.760043431053205,1.5555555555555556,202.0
Pavandeep Singh,2026,T20I,2.0,3.0,0.0,2.0,0.0,0.0,2.0,66.67,17.0,17.0,80.95238095238095,3.0,34.0,21.0,5.666666666666667,7.0,12.0,6,0,0,0,0,0,0,1,0,0,4.0,0.0,3.208791208791209,3.8184931506849313,4.623786232928024,14.836764615549265,5.407604832977968,65.89834515366432,22.3,10.75,5.0
Pooja Ganesh,2026,T20I,168.0,150.0,10.0,14.0,17.0,1.0,16.8,112.0,98.0,16.333333333333332,96.07843137254902,7.0,118.0,102.0,14.0,20.0,59.0,2,1,0,0,0,0,0,1,0,0,2.0,0.0,5.124999999999999,13.414634146341465,12.215152280625098,62.60265543820362,10.5758603974794,91.66666666666666,15.277777777777777,6.142857142857143,62.0
Poorvaja Jagdeesha,2026,T20I,32.0,67.0,4.0,5.0,1.0,0.0,8.0,47.76,68.0,11.333333333333334,54.400000000000006,7.0,72.0,125.0,9.714285714285714,4.0,36.0,3,1,0,0,0,0,0,1,0,0,3.0,0.0,4.956043956043956,7.804878048780488,8.911795098859946,44.167248237206984,10.5758603974794,52.19454329774615,8.778054862842893,3.857142857142857,44.0
Prachi Kumari,2026,T20I,3.0,4.0,2.0,3.0,0.0,0.0,1.5,75.0,4.0,1.3333333333333333,22.22222222222222,4.0,8.0,18.0,1.0,4.0,4.0,2,1,0,0,0,0,0,1,0,0,2.0,0.0,3.25,1.2307692307692308,2.307692307692308,7.500000000000001,3.241025641025641,27.350427350427353,1.777777777777778,10.75,4.0
Pratik Singh Bais,2026,T20I,12.0,22.0,5.0,7.0,0.0,0.0,2.4,54.55,16.0,16.0,69.56521739130434,7.0,30.0,23.0,2.2857142857142856,14.0,15.0,2,0,0,0,0,0,0,1,0,0,3.0,0.0,5.5,2.7727272727272725,3.840920878234311,21.12506483028871,5.407604832977968,62.24489795918367,11.09090909090909,10.857142857142858,5.0
Pratika Rawal,2026,ODI,397.0,512.0,10.0,10.0,51.0,4.0,39.7,77.54,792.0,52.8,84.97854077253218,16.0,792.0,932.0,49.5,792.0,792.0,1,1,0,0,0,1,0,0,0,0,0.0,0.0,16.0,49.5,44.3514799154334,709.6236786469344,30.622093023255815,84.97854077253218,52.8,1.3125,434.0
Priyada Murali,2026,T20I,133.0,161.0,5.0,6.0,15.0,0.0,26.6,82.61,193.0,14.846153846153847,80.08298755186722,13.0,565.0,241.0,14.846153846153847,91.0,110.66666666666667,5,1,0,0,0,0,0,1,0,0,6.0,7.0,10.082568807339449,13.962693357597814,14.896220219498895,150.19216533237875,18.316040290263185,74.15551152563668,14.656160458452723,1.0,102.0
Priyansh Arya,2026,IPL,364.0,172.0,13.0,13.0,27.0,32.0,28.0,211.63,545.0,30.27777777777778,182.2742474916388,18.0,545.0,299.0,30.27777777777778,545.0,545.0,1,0,0,0,1,0,0,0,0,0,0.0,0.0,18.0,30.27777777777778,29.67385576633544,534.1294037940379,27.86208973200843,182.2742474916388,30.27777777777778,1.0,331.0
Puja Mahato,2026,T20I,421.0,509.0,24.0,27.0,37.0,4.0,17.54,82.71,253.0,18.071428571428573,82.6797385620915,16.0,438.0,306.0,15.8125,156.0,146.0,3,1,0,0,0,0,0,1,0,0,8.0,6.0,11.714285714285715,15.550522648083623,14.519860579588274,170.08979536089123,10.5758603974794,82.28244837758113,18.068825910931174,3.875,125.0
Pyae Phyo Wai,2026,T20I,181.0,175.0,12.0,12.0,15.0,2.0,15.08,103.43,38.0,7.6,74.50980392156863,5.0,184.0,51.0,7.6,114.0,61.333333333333336,3,0,0,0,0,0,0,1,0,0,7.0,4.0,5.428571428571428,11.082706766917294,15.167662782531421,82.33874081945628,22.411651450220482,66.7572463768116,11.082706766917294,3.0,79.0
Q Joseph,2026,ODI,72.0,101.0,5.0,5.0,13.0,0.0,14.4,71.29,365.0,24.333333333333332,83.33333333333334,14.0,414.0,438.0,26.071428571428573,11.0,188.0,5,1,0,0,0,1,0,0,0,0,1.0,0.0,8.142857142857142,25.11875843454791,26.704733820342696,217.45283253707623,30.622093023255815,83.45139885222383,23.530973451327437,1.8666666666666667,200.0
Q Joseph,2026,T20I,129.0,134.0,12.0,12.0,16.0,4.0,10.75,96.27,323.0,21.533333333333335,130.24193548387098,15.0,392.0,248.0,21.533333333333335,67.0,195.0,3,1,0,0,0,0,0,1,0,0,5.0,0.0,11.25,20.177777777777777,19.71234340589913,221.76386331636522,18.316040290263185,124.98279421885752,20.177777777777777,1.5333333333333334,160.0
Q de Kock,2025,CPL,208.0,175.0,9.0,9.0,16.0,7.0,23.11,118.86,453.0,45.3,161.78571428571428,12.0,674.0,280.0,37.75,453.0,337.0,2,0,0,1,0,0,0,0,0,0,0.0,7.0,10.676470588235295,36.67768595041322,33.12492841687754,353.6573239801926,24.527255185721177,155.75573233504912,45.1322033898305,1.4166666666666667,305.0
Q de Kock,2026,IPL,132.0,81.0,2.0,3.0,9.0,9.0,66.0,162.96,152.0,21.714285714285715,129.9145299145299,8.0,3312.0,117.0,19.0,250.0,181.66666666666666,12,0,0,0,1,0,0,0,0,0,11.0,4.0,8.871559633027521,24.055842812823165,24.957085177271136,221.40826941670812,27.86208973200843,136.69859552212495,25.675496688741728,1.125,255.0
QF Djakaridja,2026,T20I,8.0,27.0,4.0,5.0,0.0,0.0,2.0,29.63,1.0,0.2,4.0,5.0,1.0,25.0,0.2,1.0,1.0,1,0,0,0,0,0,0,1,0,0,0.0,0.0,5.0,0.2,3.0405117270788917,15.202558635394459,5.407604832977968,4.0,0.2,8.6,7.0
Qamar Mushtaque,2026,T20I,81.0,81.0,7.0,11.0,5.0,4.0,11.57,100.0,133.0,16.625,93.00699300699301,11.0,187.0,143.0,12.090909090909092,33.0,56.0,4,0,0,0,0,0,0,1,0,0,3.0,1.0,6.339449541284403,11.410998552821997,12.568268762002315,79.67590563801467,15.233847810480976,97.01033464566932,15.521653543307089,6.909090909090909,55.0
R Abdulkareem,2026,T20I,15.0,25.0,1.0,3.0,0.0,0.0,15.0,60.0,83.0,13.833333333333334,109.21052631578947,9.0,252.0,76.0,9.222222222222221,138.0,73.66666666666667,4,0,0,0,0,0,0,1,0,0,13.0,1.0,8.275229357798164,9.568736141906875,10.982657523414554,90.88400996440299,15.233847810480976,91.85823754789273,12.882089552238808,7.0,54.0
R Airee,2026,T20I,1.0,2.0,0.0,1.0,0.0,0.0,1.0,50.0,39.0,19.5,61.904761904761905,4.0,39.0,63.0,9.75,39.0,39.0,1,1,0,0,0,0,0,1,0,0,0.0,0.0,4.0,9.75,10.245516238487639,40.982064953950555,10.5758603974794,61.904761904761905,19.5,6.0,36.0
R Andrew,2026,T20I,96.0,136.0,7.0,8.0,8.0,0.0,13.71,70.59,385.0,35.0,105.47945205479452,13.0,616.0,365.0,29.615384615384617,19.0,185.33333333333334,4,1,0,0,0,0,0,1,0,0,4.0,6.0,8.95918367346939,25.69020501138952,23.81223436933697,213.33818139059045,18.316040290263185,104.11742983751846,29.678947368421053,1.1538461538461537,204.0
R Baaleri,2026,T20I,62.0,51.0,3.0,3.0,8.0,1.0,20.67,121.57,78.0,26.0,86.66666666666667,5.0,203.0,90.0,15.6,55.0,66.33333333333333,4,0,0,0,0,0,0,1,0,0,3.0,4.0,4.08256880733945,15.240449438202244,18.12818179203509,74.00954951794142,22.411651450220482,81.53402260158691,21.948220064724918,1.2,83.0
R Castillo,2026,T20I,26.0,32.0,4.0,5.0,3.0,0.0,6.5,81.25,19.0,2.7142857142857144,44.18604651162791,10.0,19.0,43.0,1.9,19.0,19.0,1,1,0,0,0,0,0,1,0,0,0.0,0.0,10.0,1.9,2.4028846153846155,24.028846153846153,3.241025641025641,44.18604651162791,2.7142857142857144,8.5,11.0
R Cenik,2026,T20I,14.0,22.0,3.0,3.0,1.0,0.0,4.67,63.64,39.0,19.5,73.58490566037736,3.0,39.0,53.0,13.0,39.0,39.0,1,1,0,0,0,0,0,1,0,0,0.0,0.0,3.0,13.0,11.383906931652932,34.1517207949588,10.5758603974794,73.58490566037736,19.5,5.0,37.0
R Chaudhary,2026,T20I,9.0,35.0,2.0,5.0,0.0,0.0,4.5,25.71,2.0,1.0,20.0,4.0,2.0,10.0,0.5,2.0,2.0,1,1,0,0,0,0,0,1,0,0,0.0,0.0,4.0,0.5,2.144615384615385,8.57846153846154,3.241025641025641,20.0,1.0,9.5,7.0
R Choden,2026,T20I,40.0,52.0,3.0,6.0,3.0,1.0,13.33,76.92,7.0,3.5,53.84615384615385,3.0,10.0,13.0,2.3333333333333335,3.0,5.0,2,1,0,0,0,0,0,1,0,0,2.0,0.0,2.625,2.0952380952380953,2.7692307692307696,7.26923076923077,3.241025641025641,40.0,3.3846153846153846,8.666666666666666,6.0
R Chopra,2026,ODI,278.0,313.0,2.0,5.0,24.0,5.0,139.0,88.82,365.0,28.076923076923077,80.93126385809313,13.0,403.0,451.0,28.076923076923077,38.0,201.5,2,0,0,0,0,1,0,0,0,0,3.0,0.0,9.25,26.2027027027027,26.230530148843823,242.63240387680537,26.29917118265859,78.28017763423497,26.2027027027027,4.846153846153846,215.0
R Chopra,2026,T20I,121.0,114.0,6.0,8.0,4.0,7.0,20.17,106.14,518.0,27.263157894736842,119.63048498845265,23.0,534.0,433.0,22.52173913043478,16.0,267.0,2,0,0,0,0,0,0,1,0,0,2.0,0.0,15.124999999999998,21.801652892561986,20.4967909557247,310.01396320533604,15.233847810480976,116.98447893569846,26.118811881188122,4.478260869565218,206.0
R Coker,2026,T20I,260.0,359.0,20.0,22.0,23.0,3.0,13.0,72.42,7.0,2.3333333333333335,58.333333333333336,3.0,65.0,12.0,2.3333333333333335,25.0,21.666666666666668,3,0,0,0,0,0,0,1,0,0,7.0,5.0,4.591836734693878,3.764444444444444,8.352205790859056,38.351965366189546,15.233847810480976,45.83333333333333,3.9212962962962954,4.666666666666667,33.0
R Davson,2026,T20I,45.0,47.0,2.0,3.0,6.0,1.0,22.5,95.74,99.0,12.375,73.33333333333333,8.0,112.0,135.0,12.375,99.0,99.0,2,0,0,0,0,0,0,1,0,0,0.0,0.0,6.918032786885246,12.06872037914692,13.383870281363288,92.59005342189029,15.233847810480976,72.72597458232187,12.06872037914692,5.125,57.0
R Dianish,2026,T20I,68.0,64.0,3.0,3.0,7.0,2.0,22.67,106.25,241.0,18.53846153846154,126.17801047120419,14.0,333.0,191.0,17.214285714285715,92.0,166.5,2,0,0,0,0,0,0,1,0,0,5.0,0.0,10.625,17.423529411764704,18.72477863918795,198.95077304137197,22.411651450220482,118.29073482428115,18.5125,2.0714285714285716,119.0
R Haiong,2026,T20I,34.0,62.0,5.0,7.0,3.0,0.0,6.8,54.84,50.0,16.666666666666668,50.0,8.0,87.0,100.0,6.25,25.0,37.5,4,1,0,0,0,0,0,1,0,0,6.0,0.0,7.249999999999999,5.603448275862069,7.298588771867976,52.91476859604282,10.5758603974794,50.70202808112325,9.84848484848485,7.375,36.0
R Hashu,2026,T20I,20.0,16.0,0.0,3.0,0.0,1.0,20.0,125.0,89.0,29.666666666666668,139.0625,6.0,89.0,64.0,14.833333333333334,89.0,89.0,1,0,0,0,0,0,0,1,0,0,0.0,0.0,6.0,14.833333333333334,15.033590571907155,90.20154343144293,15.233847810480976,139.0625,29.666666666666668,7.166666666666667,52.0
R Immadi,2026,T20I,117.0,147.0,9.0,10.0,8.0,0.0,13.0,79.59,52.0,7.428571428571429,61.904761904761905,7.0,118.0,84.0,7.428571428571429,59.0,39.0,4,1,0,0,0,0,0,1,0,0,5.0,1.0,5.285714285714286,8.644787644787645,9.35300503575039,49.43731233182349,10.5758603974794,70.80961416824795,8.644787644787645,4.428571428571429,56.0
R Limema,2026,T20I,9.0,46.0,5.0,6.0,0.0,0.0,1.8,19.57,4.0,2.0,36.36363636363637,4.0,6.0,11.0,1.0,2.0,2.0,3,1,0,0,0,0,0,1,0,0,3.0,2.0,3.326530612244898,0.7975460122699387,1.9685426394691572,6.548417351703523,3.241025641025641,18.30985915492958,1.7567567567567568,11.0,4.0
R Lutaaya,2026,T20I,33.0,24.0,5.0,4.0,4.0,1.0,6.6,137.5,25.0,6.25,113.63636363636364,4.0,339.0,22.0,6.25,4.0,113.0,3,0,0,0,0,0,0,1,0,0,2.0,15.0,5.408163265306122,13.113207547169813,16.47409088562186,89.09457315693453,22.411651450220482,123.8417676407698,13.113207547169813,2.0,100.0
R Mazumder,2026,T20I,440.0,411.0,14.0,16.0,52.0,4.0,31.43,107.06,143.0,71.5,110.00000000000001,4.0,365.0,130.0,35.75,68.0,105.5,3,0,0,0,0,0,0,1,0,0,6.0,0.0,5.384615384615385,22.212244897959184,22.287968905147018,120.01214025848395,22.411651450220482,108.87266179853955,29.576086956521742,1.0,121.0
R Musamali,2026,T20I,278.0,326.0,14.0,18.0,25.0,0.0,19.86,85.28,434.0,25.529411764705884,94.75982532751091,23.0,1015.0,458.0,18.869565217391305,253.0,246.66666666666666,7,1,0,0,0,0,0,1,0,0,16.0,6.0,17.256880733944953,16.920786815523655,16.048032150043014,276.93897682780647,10.5758603974794,91.04379415887182,23.69918093819806,4.304347826086956,189.0
R Nehonde,2026,T20I,81.0,109.0,6.0,8.0,3.0,1.0,13.5,74.31,124.0,24.8,104.20168067226892,7.0,645.0,119.0,17.714285714285715,124.0,215.0,4,0,0,0,0,0,0,1,0,0,0.0,14.0,8.455696202531646,20.062874251497007,18.566275147876336,156.99078226305562,15.233847810480976,102.38349885408708,25.19172932330827,4.285714285714286,120.0
R Ngarava,2026,ODI,27.0,41.0,1.0,1.0,3.0,0.0,27.0,65.85,86.0,21.5,91.48936170212765,6.0,244.0,94.0,14.333333333333334,8.0,49.333333333333336,7,0,0,0,0,1,0,0,0,0,3.0,6.0,5.275229357798165,11.135652173913044,10.39830886708878,54.85346420711971,8.98506752900894,95.04230369600712,18.72222222222222,9.166666666666666,53.0
R Ngarava,2026,T20I,29.0,37.0,2.0,5.0,2.0,1.0,14.5,78.38,31.0,10.333333333333334,147.61904761904762,7.0,82.0,21.0,4.428571428571429,16.0,22.666666666666668,5,0,0,0,0,0,0,1,0,0,8.0,5.0,6.339449541284404,3.500723589001447,4.077983299589698,25.852169357949368,5.407604832977968,129.28915018706576,5.75952380952381,9.571428571428571,12.0
R Ngarava,2026,Test,3.0,11.0,1.0,1.0,0.0,0.0,3.0,27.27,66.0,16.5,44.29530201342282,3.0,132.0,149.0,22.0,16.0,33.666666666666664,4,0,0,0,0,0,0,0,1,0,1.0,1.0,2.020408163265306,20.818181818181817,19.226870785895873,38.84612668987125,18.176605504587155,46.52370203160271,15.853846153846153,9.166666666666666,58.0
R Obuya,2026,T20I,309.0,212.0,7.0,10.0,30.0,17.0,44.14,145.75,449.0,29.933333333333334,123.35164835164835,17.0,605.0,364.0,26.41176470588235,54.0,201.66666666666666,3,0,0,0,0,0,0,1,0,0,6.0,8.0,11.979591836734695,22.066439522998298,22.136699752419364,265.18862764632996,22.411651450220482,122.78888994217463,24.814176245210728,2.0,220.0
R Ova,2026,T20I,0.0,3.0,2.0,2.0,0.0,0.0,0.0,0.0,3.0,1.5,60.0,3.0,10.0,5.0,1.0,6.0,3.3333333333333335,3,1,0,0,0,0,0,1,0,0,1.0,1.0,2.020408163265306,1.7575757575757576,2.651220265678097,5.356547067390441,3.241025641025641,71.900826446281,2.3513513513513513,10.333333333333334,7.0
R Overman,2026,T20I,6.0,30.0,2.0,3.0,0.0,0.0,3.0,20.0,32.0,5.333333333333333,82.05128205128204,7.0,32.0,39.0,4.571428571428571,32.0,32.0,1,1,0,0,0,0,0,1,0,0,0.0,0.0,7.0,4.571428571428571,7.342704798836645,51.39893359185652,10.5758603974794,82.05128205128204,5.333333333333333,4.857142857142857,42.0
R Parag,2026,IPL,309.0,196.0,13.0,14.0,24.0,21.0,23.77,157.65,397.0,30.53846153846154,166.80672268907563,14.0,1570.0,238.0,28.357142857142858,573.0,349.3333333333333,7,0,0,0,1,0,0,0,0,0,14.0,7.0,12.844036697247706,28.89785714285714,27.062288962047333,347.5890325400575,18.496304118268217,155.2455871066769,33.463192721257236,3.533333333333333,348.0
R Pasipanodya,2026,ODI,44.0,79.0,3.0,4.0,6.0,0.0,14.67,55.7,67.0,22.333333333333332,44.07894736842105,5.0,67.0,152.0,13.4,67.0,67.0,1,1,0,0,0,1,0,0,0,0,0.0,0.0,5.0,13.4,17.880978082320365,89.40489041160183,21.615126484254002,44.07894736842105,22.333333333333332,7.0,47.0
R Pavlickova,2026,T20I,144.0,185.0,10.0,10.0,13.0,0.0,14.4,77.84,6.0,0.75,17.142857142857142,8.0,18.0,35.0,0.75,12.0,9.0,2,1,0,0,0,0,0,1,0,0,2.0,0.0,5.749999999999999,1.434782608695652,5.04310278847871,28.99784103375258,10.5758603974794,21.086261980830674,1.434782608695652,3.75,17.0
R Poddar,2026,T20I,205.0,256.0,16.0,19.0,17.0,1.0,12.81,80.08,11.0,5.5,73.33333333333333,3.0,11.0,15.0,3.6666666666666665,11.0,11.0,1,1,0,0,0,0,0,1,0,0,0.0,0.0,3.0,3.6666666666666665,8.272795820541821,24.818387461625463,10.5758603974794,73.33333333333333,5.5,3.6666666666666665,25.0
R Powell,2025,CPL,241.0,131.0,5.0,9.0,13.0,22.0,48.2,183.97,158.0,22.571428571428573,118.796992481203,10.0,1650.0,133.0,15.8,193.0,210.66666666666666,9,0,0,1,0,0,0,0,0,0,9.0,12.0,10.055045871559631,18.79197080291971,18.298256127222647,183.9898047287708,16.494551845342706,129.58349062539324,26.27040816326531,4.7,150.0
R Powell,2026,T20I,422.0,292.0,14.0,19.0,24.0,31.0,30.14,144.52,469.0,27.58823529411765,135.15850144092218,18.0,1897.0,347.0,26.055555555555557,348.0,357.6666666666667,9,0,0,0,0,0,0,1,0,0,15.0,12.0,16.28440366972477,24.676056338028165,23.310917755732188,379.60439464609755,15.233847810480976,142.6106209097125,27.306733167082292,5.333333333333333,246.0
R Ravindra,2026,ODI,191.0,195.0,6.0,6.0,24.0,6.0,31.83,97.95,413.0,51.625,111.62162162162161,8.0,1201.0,370.0,51.625,609.0,400.3333333333333,3,0,0,0,0,1,0,0,0,0,14.0,6.0,9.46938775510204,45.411637931034484,42.36085239096996,401.13133692673597,32.92375578703704,110.30782117055804,46.92873051224944,2.25,404.0
R Ravindra,2026,T20I,307.0,228.0,14.0,17.0,26.0,13.0,21.93,134.65,221.0,31.571428571428573,150.34013605442175,7.0,452.0,147.0,31.571428571428573,86.0,132.66666666666666,5,0,0,0,0,0,0,1,0,0,5.0,10.0,6.339449541284403,22.206946454413895,22.268915676151508,141.17266726807972,22.411651450220482,145.83729329024905,26.873905429071808,2.5714285714285716,146.0
R Ravindra,2026,Test,641.0,870.0,10.0,7.0,80.0,11.0,64.1,73.68,705.0,44.0625,72.08588957055214,10.0,1224.0,978.0,70.5,446.0,575.5,3,0,0,0,0,0,0,0,1,0,4.0,0.0,7.175824175824176,75.70137825421132,70.43447116218616,505.42538097700617,58.970170058544745,65.20127677535085,45.14429223744291,4.166666666666667,472.0
R Rijke,2026,T20I,368.0,347.0,17.0,22.0,41.0,3.0,21.65,106.05,254.0,23.09090909090909,106.27615062761507,15.0,1118.0,239.0,16.933333333333334,270.0,261.3333333333333,7,1,0,0,0,0,0,1,0,0,11.0,18.0,13.284403669724771,17.733425414364643,16.505010365700127,219.25922027095214,10.5758603974794,109.73973246719946,23.364877161055507,4.2,159.0
R Rodrigo,2026,T20I,18.0,17.0,4.0,3.0,2.0,0.0,4.5,105.88,100.0,16.666666666666668,76.92307692307693,8.0,166.0,130.0,12.5,100.0,54.0,3,1,0,0,0,0,0,1,0,0,0.0,3.0,6.443037974683545,11.359528487229863,13.939199118762614,89.81078925886293,18.316040290263185,72.66557747894934,13.766666666666666,2.0,61.0
R Sakurano-Thomas,2026,T20I,61.0,64.0,6.0,7.0,3.0,1.0,10.17,95.31,60.0,20.0,89.55223880597015,3.0,213.0,67.0,20.0,66.0,71.0,3,0,0,0,0,0,0,1,0,0,9.0,9.0,5.938775510204081,11.247422680412372,12.603349595401692,74.84846392371209,15.233847810480976,93.78223495702005,14.355263157894736,5.333333333333333,70.0
R Samson,2026,T20I,1.0,2.0,0.0,1.0,0.0,0.0,1.0,50.0,9.0,4.5,75.0,3.0,24.0,12.0,3.0,4.0,6.5,4,1,0,0,0,0,0,1,0,0,1.0,0.0,2.098901098901099,3.2146596858638743,3.230769230769231,6.781065088757397,3.241025641025641,70.7373271889401,6.140000000000001,10.5,5.0
R Sandaruwan,2026,T20I,33.0,32.0,5.0,5.0,4.0,2.0,6.6,103.12,207.0,20.7,128.57142857142858,10.0,1484.0,161.0,20.7,748.0,378.3333333333333,6,0,0,0,0,0,0,1,0,0,30.0,7.0,14.908256880733944,23.675076923076922,23.478179446787607,350.0187302846776,22.411651450220482,140.6551623281661,24.12037617554859,1.2,221.0
R Sandeep,2026,T20I,10.0,33.0,4.0,4.0,0.0,0.0,2.5,30.3,46.0,11.5,90.19607843137256,6.0,46.0,51.0,7.666666666666667,46.0,46.0,1,0,0,0,0,0,0,1,0,0,0.0,0.0,6.0,7.666666666666667,11.45025723857382,68.70154343144293,15.233847810480976,90.19607843137256,11.5,6.833333333333333,35.0
R Satheesan,2026,T20I,276.0,204.0,11.0,12.0,23.0,15.0,25.09,135.29,131.0,21.833333333333332,148.86363636363635,6.0,1190.0,88.0,21.833333333333332,131.0,232.5,4,0,0,0,0,0,0,1,0,0,0.0,10.0,7.607594936708861,26.630615640599004,25.225855088863646,191.90808744819054,22.411651450220482,140.1243214848538,27.98076923076923,2.6666666666666665,151.0
R Shepherd,2025,CPL,197.0,111.0,9.0,12.0,12.0,16.0,21.89,177.48,193.0,38.6,175.45454545454547,8.0,583.0,110.0,24.125,113.0,128.33333333333334,7,0,0,1,0,0,0,0,0,0,8.0,10.0,8.330275229357797,17.247797356828194,17.060733074174514,142.12060212248124,16.494551845342706,171.30824764821702,29.0556586270872,7.125,126.0
R Shepherd,2026,IPL,83.0,66.0,4.0,7.0,6.0,5.0,20.75,125.76,70.0,35.0,291.66666666666663,3.0,185.0,24.0,23.333333333333332,57.0,42.333333333333336,4,0,0,0,1,0,0,0,0,0,5.0,1.0,3.220183486238532,16.66096866096866,17.506745369401635,56.37493233633003,18.496304118268217,254.37146585471942,29.24,6.666666666666667,50.0
R Shepherd,2026,T20I,242.0,159.0,6.0,13.0,15.0,19.0,40.33,152.2,292.0,20.857142857142858,139.04761904761904,19.0,667.0,210.0,15.368421052631579,74.0,156.33333333333334,4,0,0,0,0,0,0,1,0,0,9.0,6.0,13.091743119266054,14.612473721093203,14.720413632393916,192.71587388464326,15.233847810480976,139.41298388714313,21.743482794577684,7.368421052631579,100.0
R Shimwamana,2026,T20I,1.0,3.0,1.0,1.0,0.0,0.0,1.0,33.33,33.0,8.25,64.70588235294117,7.0,40.0,51.0,4.714285714285714,7.0,20.0,2,1,0,0,0,0,0,1,0,0,2.0,0.0,5.124999999999999,4.536585365853659,3.9891657638136517,20.444474539544963,3.241025641025641,62.0,8.08695652173913,9.285714285714286,14.0
R Stokell,2026,T20I,185.0,191.0,11.0,16.0,18.0,2.0,16.82,96.86,175.0,35.0,138.88888888888889,10.0,723.0,126.0,17.5,67.0,126.66666666666667,6,1,0,0,0,0,0,1,0,0,10.0,10.0,9.394495412844035,13.395507812499998,12.756614893688685,119.84196010217624,10.5758603974794,120.17697564394602,24.320921985815602,5.3,111.0
R Tewatia,2026,IPL,190.0,132.0,7.0,15.0,20.0,8.0,27.14,143.94,99.0,12.375,167.79661016949152,11.0,1112.0,59.0,9.0,188.0,124.66666666666667,10,0,0,0,1,0,0,0,0,0,9.0,10.0,10.38532110091743,12.847173144876326,14.030650304106471,145.7128086628305,18.496304118268217,153.68276445101978,19.160737812911727,5.666666666666667,122.0
R Trumpelmann,2026,ODI,79.0,84.0,5.0,7.0,6.0,4.0,15.8,94.05,138.0,15.333333333333334,79.76878612716763,10.0,488.0,173.0,13.8,60.0,127.33333333333333,4,0,0,0,0,1,0,0,0,0,4.0,13.0,8.844036697247704,13.670124481327802,12.55816476163187,111.06487000195523,8.98506752900894,81.26541687222496,16.555276381909547,7.7272727272727275,100.0
R Trumpelmann,2026,T20I,180.0,139.0,12.0,18.0,10.0,9.0,15.0,129.5,22.0,11.0,183.33333333333331,3.0,166.0,12.0,7.333333333333333,69.0,38.666666666666664,4,0,0,0,0,0,0,1,0,0,6.0,1.0,3.899082568807339,9.811764705882354,12.05538530088868,47.004942686951274,15.233847810480976,129.6238731737644,13.80794701986755,6.666666666666667,53.0
RA Herman,2026,T20I,197.0,156.0,9.0,11.0,20.0,6.0,21.89,126.28,130.0,26.0,132.6530612244898,5.0,130.0,98.0,26.0,130.0,130.0,1,0,0,0,0,0,0,1,0,0,0.0,0.0,5.0,26.0,20.127553351171443,100.63776675585721,15.233847810480976,132.6530612244898,26.0,3.6,100.0
RA Jadeja,2026,IPL,266.0,197.0,4.0,11.0,24.0,5.0,66.5,135.03,301.0,33.44444444444444,135.5855855855856,14.0,3260.0,222.0,21.5,267.0,252.66666666666666,17,0,0,0,1,0,0,0,0,0,11.0,12.0,12.440366972477063,20.469026548672566,20.111649296787718,250.19629767379948,18.496304118268217,137.52849073431773,33.042857142857144,5.357142857142857,231.0
RA Jadeja,2026,ODI,99.0,112.0,4.0,5.0,5.0,1.0,24.75,88.39,50.0,50.0,113.63636363636364,5.0,2781.0,44.0,10.0,171.0,119.66666666666667,16,0,0,0,0,1,0,0,0,0,8.0,9.0,6.18348623853211,15.593471810089019,13.558029013041768,83.83588582376285,8.98506752900894,85.49581062393233,36.36678200692041,8.0,94.0
RA Jadeja,2026,Test,274.0,479.0,7.0,5.0,20.0,7.0,39.14,57.2,850.0,44.73684210526316,53.125,13.0,3866.0,1600.0,65.38461538461539,232.0,454.3333333333333,12,0,0,0,0,0,0,0,1,0,5.0,7.0,8.899082568807339,60.49072164948455,60.131536234301926,535.1155059382831,58.970170058544745,51.02571460871533,42.82919708029198,6.695652173913044,374.0
RA Lister,2026,T20I,14.0,45.0,4.0,3.0,0.0,0.0,3.5,31.11,12.0,3.0,19.35483870967742,4.0,12.0,62.0,3.0,12.0,12.0,1,1,0,0,0,0,0,1,0,0,0.0,0.0,4.0,3.0,12.18962417415791,48.75849669663164,18.316040290263185,19.35483870967742,3.0,3.0,33.0
RA Mair,2026,T20I,11.0,11.0,1.0,2.0,1.0,0.0,11.0,100.0,14.0,4.666666666666667,82.35294117647058,5.0,48.0,17.0,2.8,16.0,15.0,5,1,0,0,0,0,0,1,0,0,2.0,0.0,3.5274725274725274,3.6760124610591904,3.4658739006565096,12.225774968249885,3.241025641025641,87.99403430275913,7.329192546583851,9.0,10.0
RA Sealy,2026,T20I,67.0,35.0,2.0,2.0,4.0,4.0,33.5,191.43,278.0,16.352941176470587,118.80341880341881,18.0,425.0,234.0,15.444444444444445,90.0,141.66666666666666,3,0,0,0,0,0,0,1,0,0,4.0,4.0,11.142857142857142,16.14102564102564,15.945513177546188,177.67857540694322,15.233847810480976,119.80696030451332,16.915547024952016,3.611111111111111,120.0
RC Belbashi,2026,T20I,204.0,220.0,13.0,21.0,23.0,3.0,15.69,92.73,122.0,9.384615384615385,80.26315789473685,14.0,843.0,152.0,8.714285714285714,272.0,179.0,6,1,0,0,0,0,0,1,0,0,10.0,11.0,12.40366972477064,14.127218934911243,13.482299103658487,167.22998521235112,10.5758603974794,95.37124881410097,16.594265855777586,5.266666666666667,114.0
RD Atangana,2026,T20I,49.0,59.0,5.0,6.0,3.0,1.0,9.8,83.05,8.0,2.6666666666666665,32.0,3.0,11.0,25.0,2.6666666666666665,8.0,5.5,2,0,0,0,0,0,0,1,0,0,0.0,4.0,3.264705882352941,2.0450450450450455,9.624816749318569,31.422195858069447,15.233847810480976,31.353591160220994,2.7023809523809526,4.666666666666667,25.0
RD Berrington,2026,ODI,281.0,336.0,9.0,9.0,31.0,7.0,31.22,83.63,444.0,40.36363636363637,81.17001828153565,12.0,2691.0,547.0,37.0,228.0,361.6666666666667,15,0,0,0,0,1,0,0,0,0,7.0,14.0,11.357798165137613,34.62439418416802,33.00048852717658,374.812888042611,26.29917118265859,80.1859438427147,43.385627530364374,4.0,315.0
RD Berrington,2026,T20I,169.0,104.0,6.0,6.0,14.0,8.0,28.17,162.5,105.0,26.25,115.38461538461537,5.0,1871.0,91.0,21.0,198.0,205.66666666666666,15,0,0,0,0,0,0,1,0,0,11.0,8.0,7.853211009174312,24.134345794392527,21.824527978498526,171.39262339077743,15.233847810480976,130.4065143289989,29.725179856115115,4.0,176.0
RD Gaikwad,2026,IPL,337.0,273.0,12.0,14.0,29.0,12.0,28.08,123.44,122.0,24.4,150.6172839506173,5.0,2502.0,81.0,24.4,583.0,431.6666666666667,6,0,0,0,1,0,0,0,0,0,14.0,15.0,10.036697247706423,34.970749542961606,33.440908837591486,335.63627769105585,27.86208973200843,142.53567303751726,38.80121703853956,3.0,334.0
RD Rickelton,2026,IPL,448.0,240.0,11.0,12.0,31.0,38.0,40.73,186.67,388.0,29.846153846153847,150.9727626459144,14.0,388.0,257.0,27.714285714285715,388.0,388.0,1,0,0,0,1,0,0,0,0,0,0.0,0.0,14.0,27.714285714285715,27.758626919602527,388.62077687443536,27.86208973200843,150.9727626459144,29.846153846153847,1.4285714285714286,278.0
RD Rickelton,2026,ODI,0.0,5.0,2.0,2.0,0.0,0.0,0.0,0.0,334.0,30.363636363636363,85.64102564102564,12.0,351.0,390.0,27.833333333333332,334.0,175.5,2,0,0,0,0,1,0,0,0,0,0.0,2.0,9.352941176470589,26.738993710691823,28.72128924798196,268.6285288487725,32.92375578703704,85.16626602564102,29.020477815699657,1.5,195.0
RD Rickelton,2026,T20I,299.0,181.0,7.0,10.0,22.0,18.0,42.71,165.19,287.0,23.916666666666668,140.68627450980392,12.0,381.0,204.0,23.916666666666668,94.0,190.5,2,0,0,0,0,0,0,1,0,0,6.0,0.0,9.75,22.01282051282051,22.123606884320502,215.7051671221249,22.411651450220482,136.26984126984127,22.01282051282051,1.5833333333333333,159.0
RD Rickelton,2026,Test,259.0,528.0,7.0,4.0,30.0,3.0,37.0,49.05,454.0,50.44444444444444,58.42985842985843,6.0,638.0,777.0,75.66666666666667,19.0,168.33333333333334,4,0,0,0,0,0,0,0,1,0,1.0,1.0,3.495412844036697,66.4278215223097,65.64377688737372,229.45210086320537,64.64804020100503,56.69705862586527,44.32399299474606,3.3,299.0
RE van der Merwe,2026,ODI,67.0,80.0,4.0,5.0,5.0,1.0,16.75,83.75,111.0,18.5,78.72340425531915,10.0,267.0,141.0,11.1,60.0,85.5,5,0,0,0,0,1,0,0,0,0,8.0,0.0,9.25,9.932432432432432,9.659154094906425,89.34717537788443,8.98506752900894,83.33333333333333,13.61111111111111,8.6,65.0
RE van der Merwe,2026,T20I,14.0,20.0,2.0,2.0,0.0,0.0,7.0,70.0,71.0,23.666666666666668,136.53846153846155,6.0,518.0,52.0,11.833333333333334,25.0,33.666666666666664,12,0,0,0,0,0,0,1,0,0,2.0,4.0,4.26605504587156,9.582795698924729,7.945465947573059,33.8957950974447,5.407604832977968,131.6784869976359,20.347031963470318,8.166666666666666,31.0
RG Sharma,2026,IPL,283.0,180.0,8.0,9.0,21.0,21.0,35.38,157.22,418.0,29.857142857142858,149.28571428571428,15.0,7048.0,280.0,27.866666666666667,417.0,389.0,18,0,0,0,1,0,0,0,0,0,14.0,16.0,14.788990825688069,26.261786600496283,26.512880188076643,392.09874186403243,27.86208973200843,144.51916840200732,27.633159268929507,1.5333333333333334,362.0
RG Sharma,2026,ODI,584.0,626.0,11.0,12.0,64.0,19.0,53.09,93.29,302.0,37.75,108.24372759856631,8.0,10948.0,279.0,37.75,704.0,553.6666666666666,19,0,0,0,0,1,0,0,0,0,14.0,16.0,10.77064220183486,42.49659284497445,40.54825423074024,436.73073822833976,32.92375578703704,115.38425958047134,44.98737601442741,1.125,408.0
RK Paudel,2026,ODI,505.0,715.0,16.0,17.0,24.0,5.0,31.56,70.63,164.0,20.5,63.565891472868216,8.0,1727.0,258.0,20.5,117.0,309.0,8,0,0,0,0,1,0,0,0,0,6.0,27.0,11.293577981651376,23.524776604386673,24.068420218679012,271.8185806348061,26.29917118265859,70.32809578162566,24.54152542372881,4.25,206.0
RK Paudel,2026,T20I,400.0,308.0,13.0,17.0,30.0,16.0,30.77,129.87,311.0,28.272727272727273,113.5036496350365,13.0,1383.0,274.0,23.923076923076923,716.0,513.5,5,0,0,0,0,0,0,1,0,0,29.0,0.0,17.79120879120879,24.74737492279185,24.38222794948731,433.78930824417523,22.411651450220482,119.67859489814205,30.608097784568372,3.2941176470588234,245.0
RK Singh,2026,IPL,299.0,199.0,5.0,11.0,28.0,11.0,59.8,150.25,206.0,29.428571428571427,153.73134328358208,11.0,1099.0,134.0,18.727272727272727,168.0,282.6666666666667,7,0,0,0,1,0,0,0,0,0,11.0,14.0,11.091743119266054,21.328370554177006,20.76533547745558,230.3237669013192,18.496304118268217,150.94538430018147,31.484737484737487,5.909090909090909,211.0
RK Singh,2026,T20I,156.0,110.0,6.0,11.0,12.0,9.0,26.0,141.82,147.0,14.7,105.0,11.0,471.0,140.0,13.363636363636363,286.0,157.0,3,0,0,0,0,0,0,1,0,0,13.0,1.0,9.775510204081632,17.342379958246347,16.839550352260964,164.6151963006735,15.233847810480976,135.75747671188105,23.80229226361032,4.636363636363637,124.0
RL Chase,2025,CPL,270.0,187.0,7.0,10.0,29.0,7.0,38.57,144.39,183.0,26.142857142857142,126.20689655172414,11.0,1162.0,145.0,16.636363636363637,156.0,146.33333333333334,6,0,0,1,0,0,0,0,0,0,8.0,10.0,10.110091743119265,18.63520871143376,18.177150894153222,183.77266316841144,16.494551845342706,126.914282182807,25.01339829476249,4.545454545454546,157.0
RL Chase,2026,ODI,100.0,143.0,7.0,7.0,7.0,2.0,14.29,69.93,308.0,34.22222222222222,90.85545722713864,14.0,937.0,339.0,22.0,96.0,179.33333333333334,7,0,0,0,0,1,0,0,0,0,3.0,5.0,8.376146788990825,23.06133625410734,23.862119830830647,199.8726183995264,26.29917118265859,85.57899443157339,32.64341085271318,6.785714285714286,171.0
RL Chase,2026,T20I,294.0,251.0,11.0,12.0,26.0,6.0,26.73,117.13,237.0,15.8,111.79245283018868,17.0,552.0,212.0,13.941176470588236,241.0,162.66666666666666,4,0,0,0,0,0,0,1,0,0,8.0,2.0,10.8348623853211,16.904318374259102,16.56593811150864,179.48965972194222,15.233847810480976,120.05532503457816,21.170731707317074,4.647058823529412,124.0
RL Chase,2026,Test,429.0,843.0,16.0,9.0,43.0,3.0,26.81,50.89,114.0,19.0,40.714285714285715,3.0,2377.0,280.0,38.0,114.0,185.0,9,0,0,0,0,0,0,0,1,0,0.0,6.0,3.544303797468355,37.324999999999996,48.52077761648866,171.97237636223832,58.970170058544745,44.67957761532214,19.282287822878228,4.833333333333333,171.0
RM Dorji,2026,T20I,265.0,201.0,13.0,13.0,25.0,10.0,20.38,131.84,257.0,25.7,110.77586206896552,11.0,363.0,232.0,23.363636363636363,68.0,162.5,4,0,0,0,0,0,0,1,0,0,7.0,0.0,8.956043956043956,18.41840490797546,17.561573401923134,157.28222332491598,15.233847810480976,102.17820434279491,19.622222222222227,3.727272727272727,126.0
RM Ghosh,2026,ODI,304.0,259.0,10.0,12.0,30.0,14.0,30.4,117.37,423.0,30.214285714285715,115.25885558583107,18.0,904.0,367.0,23.5,170.0,296.5,3,1,0,0,0,1,0,0,0,0,6.0,0.0,13.802197802197803,23.6234076433121,23.2362069057045,320.71072388532804,21.615126484254002,106.02086757664546,30.46303901437372,5.388888888888889,246.0
RM Ghosh,2026,T20I,315.0,216.0,14.0,22.0,33.0,13.0,22.5,145.83,207.0,23.0,151.09489051094891,12.0,1073.0,137.0,17.25,297.0,277.6666666666667,6,1,0,0,0,0,0,1,0,0,14.0,16.0,12.70642201834862,19.087364620938633,17.571963275515625,223.2767810696251,10.5758603974794,150.87318799223834,27.169578622816033,5.25,169.0
RM Ghosh,2026,WPL,189.0,125.0,6.0,8.0,18.0,11.0,31.5,151.2,232.0,38.666666666666664,173.13432835820893,8.0,627.0,134.0,29.0,257.0,209.0,3,1,0,0,0,0,0,0,0,1,9.0,7.0,8.122448979591836,27.379396984924625,24.866199670355545,201.97443813880625,18.197849462365593,156.0504081340398,37.064625850340136,4.444444444444445,195.0
RM Koda,2026,T20I,7.0,10.0,1.0,2.0,0.0,0.0,7.0,70.0,13.0,3.25,52.0,8.0,16.0,25.0,1.625,2.0,5.333333333333333,3,0,0,0,0,0,0,1,0,0,3.0,1.0,5.183673469387755,1.4330708661417322,2.9087641706601364,15.078083660156626,5.407604832977968,48.663101604278076,2.9354838709677415,10.88888888888889,4.0
RM Magare,2026,T20I,72.0,53.0,5.0,5.0,10.0,1.0,14.4,135.85,90.0,12.857142857142858,96.7741935483871,8.0,90.0,93.0,11.25,90.0,90.0,1,0,0,0,0,0,0,1,0,0,0.0,0.0,8.0,11.25,16.03356490723735,128.2685192578988,22.411651450220482,96.7741935483871,12.857142857142858,2.625,66.0
RM Patidar,2026,IPL,501.0,260.0,12.0,14.0,30.0,42.0,41.75,192.69,312.0,24.0,143.77880184331798,14.0,1111.0,217.0,22.285714285714285,395.0,353.5,4,0,0,0,1,0,0,0,0,0,13.0,0.0,12.824175824175823,26.660668380462724,24.991064236864666,320.48980180682486,18.496304118268217,156.04875112849837,28.13110307414105,3.9285714285714284,280.0
RMAM Avery,2026,T20I,354.0,396.0,3.0,12.0,27.0,1.0,118.0,89.39,209.0,26.125,64.3076923076923,12.0,359.0,325.0,17.416666666666668,209.0,161.5,3,1,0,0,0,0,0,1,0,0,0.0,6.0,9.658227848101266,16.9043250327654,17.302739498663176,167.1138004744304,18.316040290263185,63.89576934509065,24.47438330170778,3.0833333333333335,95.0
RMAU Grimmond,2026,ODI,125.0,183.0,4.0,4.0,14.0,1.0,31.25,68.31,73.0,18.25,65.17857142857143,4.0,73.0,112.0,18.25,73.0,73.0,1,1,0,0,0,1,0,0,0,0,0.0,0.0,4.0,18.25,25.67325581395349,102.69302325581396,30.622093023255815,65.17857142857143,18.25,2.0,75.0
RMVD Gunaratne,2026,ODI,360.0,464.0,10.0,11.0,34.0,1.0,36.0,77.59,166.0,23.714285714285715,66.66666666666666,7.0,567.0,249.0,23.714285714285715,288.0,187.0,4,1,0,0,0,1,0,0,0,0,9.0,7.0,7.045871559633026,24.651041666666664,26.328303283686086,185.5058433199166,30.622093023255815,70.73152506911752,25.653116531165306,1.7142857142857142,157.0
RMVD Gunaratne,2026,T20I,137.0,160.0,10.0,10.0,12.0,1.0,13.7,85.62,35.0,5.833333333333333,47.2972972972973,6.0,755.0,74.0,5.833333333333333,455.0,217.0,4,1,0,0,0,0,0,1,0,0,22.0,12.0,11.697247706422017,15.248627450980392,15.832896563224732,185.20131301019754,18.316040290263185,87.65159370632523,18.035250463821892,1.3333333333333333,151.0
RN Patel,2026,T20I,171.0,114.0,6.0,8.0,23.0,7.0,28.5,150.0,81.0,16.2,105.1948051948052,5.0,797.0,77.0,16.2,187.0,192.33333333333334,6,0,0,0,0,0,0,1,0,0,11.0,15.0,8.504587155963302,17.80906148867314,18.93438910763337,161.02916241079018,22.411651450220482,112.19926600516517,19.842548076923077,2.2,144.0
RP Burl,2026,T20I,556.0,431.0,18.0,26.0,51.0,15.0,30.89,129.0,409.0,25.5625,143.50877192982458,19.0,1423.0,285.0,21.526315789473685,293.0,285.3333333333333,8,0,0,0,0,0,0,1,0,0,17.0,10.0,16.05504587155963,19.298285714285715,18.703489923485023,300.2853886798054,15.233847810480976,131.73662037759402,26.119102861562258,4.947368421052632,208.0
RP Singh,2026,T20I,179.0,129.0,10.0,11.0,14.0,11.0,17.9,138.76,62.0,6.888888888888889,79.48717948717949,10.0,153.0,78.0,6.2,16.0,48.0,6,1,0,0,0,0,0,1,0,0,2.0,7.0,6.495412844036696,6.8276836158192085,7.943212419884742,51.594443975031155,10.5758603974794,83.31609789727679,7.553124999999999,4.7272727272727275,63.0
RP Yadav,2026,ODI,21.0,24.0,1.0,2.0,1.0,0.0,21.0,87.5,78.0,19.5,86.66666666666667,5.0,84.0,90.0,15.6,6.0,42.0,2,1,0,0,0,1,0,0,0,0,1.0,0.0,3.4999999999999996,14.571428571428571,10.564261920917895,36.97491672321263,6.824239713774597,86.62420382165604,17.73913043478261,8.0,43.0
RR Hendricks,2026,T20I,122.0,112.0,7.0,7.0,9.0,2.0,17.43,108.93,383.0,31.916666666666668,139.27272727272728,12.0,2353.0,275.0,31.916666666666668,325.0,327.0,10,0,0,0,0,0,0,1,0,0,16.0,6.0,12.009174311926605,29.016806722689076,27.785267517132468,333.678120916756,22.411651450220482,136.31567614125754,29.016806722689076,1.8333333333333333,283.0
RR Pant,2026,IPL,313.0,227.0,11.0,13.0,30.0,11.0,28.45,137.89,269.0,24.454545454545453,133.16831683168317,13.0,3566.0,202.0,20.692307692307693,446.0,357.5,9,0,0,0,1,0,0,0,0,0,13.0,0.0,13.0,25.841081994928143,24.3552874143496,316.6187363865448,18.496304118268217,144.37517710399544,30.539460539460528,3.923076923076923,277.0
RR Pant,2026,Test,217.0,281.0,7.0,4.0,21.0,9.0,31.0,77.22,1156.0,46.24,75.21145087833442,14.0,3427.0,1537.0,82.57142857142857,1156.0,652.0,7,0,0,0,0,0,0,0,1,0,0.0,2.0,10.151898734177216,83.2643391521197,76.65068150414105,778.1499565357104,58.970170058544745,76.99616045382744,47.22630834512023,5.076923076923077,567.0
RR Patel,2026,T20I,429.0,322.0,13.0,14.0,44.0,13.0,33.0,133.23,397.0,44.111111111111114,140.2826855123675,11.0,1528.0,283.0,36.09090909090909,196.0,280.3333333333333,9,0,0,0,0,0,0,1,0,0,12.0,12.0,11.339449541284402,26.831715210355988,24.5665067338179,278.5706635137516,15.233847810480976,135.64562967810545,35.20594479830149,4.0,241.0
RR Rossouw,2025,CPL,91.0,86.0,7.0,7.0,6.0,5.0,13.0,105.81,110.0,18.333333333333332,123.59550561797752,6.0,110.0,89.0,18.333333333333332,110.0,110.0,1,0,0,1,0,0,0,0,0,0,0.0,0.0,6.0,18.333333333333332,17.41394258933802,104.48365553602812,16.494551845342706,123.59550561797752,18.333333333333332,4.833333333333333,78.0
RR Rossouw,2026,PSL,317.0,222.0,8.0,9.0,31.0,14.0,39.62,142.79,272.0,34.0,178.94736842105263,9.0,2292.0,152.0,30.22222222222222,148.0,291.0,9,0,0,0,0,0,1,0,0,0,10.0,11.0,9.706422018348624,27.617202268431,25.48677796941358,247.3854228590786,17.973481608212147,159.70157411456054,31.519956850053937,3.6666666666666665,234.0
RR Seth,2026,T20I,174.0,206.0,6.0,8.0,16.0,2.0,29.0,84.47,244.0,13.555555555555555,74.39024390243902,20.0,389.0,328.0,12.2,76.0,111.0,5,1,0,0,0,0,0,1,0,0,8.0,3.0,12.174311926605505,11.46948003014318,11.304706895663072,137.62702798665043,10.5758603974794,72.77421822702496,12.404237978810105,4.45,87.0
RRS Cornwall,2025,CPL,54.0,47.0,7.0,7.0,9.0,1.0,7.71,114.89,58.0,8.285714285714286,100.0,7.0,1347.0,58.0,8.285714285714286,193.0,164.33333333333334,10,0,0,1,0,0,0,0,0,0,9.0,9.0,7.779816513761466,17.04481132075472,19.00015379417801,147.81771025195366,24.527255185721177,141.05591880550406,17.66992665036675,1.7142857142857142,149.0
Rabeya Khan,2026,ODI,94.0,110.0,7.0,8.0,11.0,1.0,13.43,85.45,32.0,6.4,61.53846153846154,6.0,71.0,52.0,5.333333333333333,24.0,23.666666666666668,3,1,0,0,0,1,0,0,0,0,6.0,3.0,5.448979591836735,4.850187265917603,5.560278074499256,30.297841752883702,6.824239713774597,50.11609907120743,5.940366972477063,8.666666666666666,23.0
Rabeya Khan,2026,T20I,52.0,53.0,6.0,13.0,3.0,1.0,8.67,98.11,8.0,8.0,38.095238095238095,6.0,96.0,21.0,1.3333333333333333,76.0,32.0,3,1,0,0,0,0,0,1,0,0,11.0,4.0,7.163265306122448,4.1253561253561255,3.8605865192691544,27.654405474764758,3.241025641025641,62.52158894645942,9.222929936305732,8.666666666666666,20.0
Raghav Dhawan,2026,T20I,186.0,161.0,3.0,5.0,21.0,3.0,62.0,115.53,353.0,23.533333333333335,104.4378698224852,15.0,353.0,338.0,23.533333333333335,353.0,353.0,1,0,0,0,0,0,0,1,0,0,0.0,0.0,15.0,23.533333333333335,23.21285279530109,348.1927919295163,22.411651450220482,104.4378698224852,23.533333333333335,2.8,190.0
Ragne Hallik,2026,T20I,23.0,40.0,2.0,2.0,0.0,0.0,11.5,57.5,81.0,13.5,58.69565217391305,7.0,92.0,138.0,11.571428571428571,11.0,46.0,2,1,0,0,0,0,0,1,0,0,4.0,0.0,5.875,9.319148936170212,9.808776778238727,57.62656357215252,10.5758603974794,51.40845070422535,10.428571428571427,5.0,53.0
Rahmatullah Mangal,2026,T20I,8.0,10.0,2.0,4.0,1.0,0.0,4.0,80.0,19.0,6.333333333333333,111.76470588235294,4.0,77.0,17.0,4.75,19.0,12.0,4,0,0,0,0,0,0,1,0,0,0.0,3.0,3.6329113924050636,4.428571428571429,4.928929216172726,17.906363101792056,5.407604832977968,91.11111111111111,5.125,9.0,15.0
Ramandeep Singh,2026,IPL,82.0,68.0,5.0,6.0,8.0,2.0,16.4,120.59,47.0,9.4,134.28571428571428,7.0,217.0,35.0,6.714285714285714,125.0,86.0,3,0,0,0,1,0,0,0,0,0,9.0,0.0,7.2967032967032965,9.932228915662652,8.435558387430724,61.55176669509891,5.122927618277396,162.83950617283952,16.823979591836732,7.571428571428571,41.0
Rameesha Shahid,2026,T20I,43.0,53.0,7.0,7.0,2.0,0.0,6.14,81.13,170.0,21.25,94.97206703910615,12.0,182.0,179.0,14.166666666666666,7.0,60.666666666666664,3,1,0,0,0,0,0,1,0,0,2.0,1.0,6.918367346938775,12.97935103244838,12.242083966506973,84.69523397236456,10.5758603974794,94.03718743321222,20.46511627906977,5.166666666666667,86.0
Rameez Khan,2026,T20I,38.0,28.0,4.0,4.0,3.0,3.0,9.5,135.71,11.0,3.6666666666666665,50.0,5.0,55.0,22.0,2.2,44.0,27.5,2,0,0,0,0,0,0,1,0,0,3.0,0.0,4.25,5.5,10.062741161162958,42.76664993494257,15.233847810480976,94.9238578680203,7.791666666666667,6.6,42.0
Rashid Khan,2026,IPL,50.0,41.0,4.0,6.0,4.0,2.0,12.5,121.95,40.0,8.0,142.85714285714286,8.0,585.0,28.0,5.0,102.0,90.66666666666667,9,0,0,0,1,0,0,0,0,0,8.0,9.0,8.1651376146789,9.439325842696629,11.72259767687434,95.71662323319416,18.496304118268217,164.9195131527287,16.281007751937985,7.375,59.0
Ravi Bishnoi,2026,T20I,10.0,10.0,0.0,1.0,1.0,0.0,10.0,100.0,14.0,7.0,116.66666666666667,4.0,55.0,12.0,3.5,23.0,15.0,4,0,0,0,0,0,0,1,0,0,5.0,1.0,3.5779816513761467,4.215384615384615,4.73374123172955,16.93723926949105,5.407604832977968,119.4767441860465,7.116883116883116,9.8,14.0
Renuka Singh,2026,ODI,2.0,10.0,2.0,4.0,0.0,0.0,1.0,20.0,12.0,6.0,38.70967741935484,6.0,19.0,31.0,2.0,5.0,5.666666666666667,4,1,0,0,0,1,0,0,0,0,2.0,1.0,3.770642201834862,1.8783454987834547,3.965220694982249,14.95142849208903,6.824239713774597,41.72972972972973,4.265193370165745,10.5,7.0
Renuka Singh,2026,T20I,1.0,1.0,0.0,1.0,0.0,0.0,1.0,100.0,5.0,5.0,125.0,3.0,12.0,4.0,1.6666666666666667,2.0,3.6666666666666665,4,1,0,0,0,0,0,1,0,0,1.0,2.0,2.0825688073394493,1.7312775330396477,2.590716683695811,5.395345754118798,3.241025641025641,102.61096605744126,4.974683544303798,11.0,4.0
Rhys Burinaga,2026,T20I,7.0,18.0,2.0,3.0,0.0,0.0,3.5,38.89,59.0,7.375,85.5072463768116,9.0,59.0,69.0,6.555555555555555,59.0,59.0,1,0,0,0,0,0,0,1,0,0,0.0,0.0,9.0,6.555555555555555,10.026872457525723,90.24185211773151,15.233847810480976,85.5072463768116,7.375,5.333333333333333,47.0
Riazat Ali Shah,2026,T20I,251.0,141.0,5.0,9.0,21.0,16.0,50.2,178.01,223.0,31.857142857142858,118.61702127659575,10.0,1446.0,188.0,22.3,170.0,241.0,6,0,0,0,0,0,0,1,0,0,7.0,12.0,10.311926605504587,23.441281138790035,21.712187038724927,223.89447918831942,15.233847810480976,117.7827447474296,32.97622027534418,4.1,203.0
Rinitha Rajith,2026,T20I,231.0,201.0,14.0,13.0,30.0,3.0,16.5,114.93,33.0,11.0,132.0,3.0,234.0,25.0,11.0,147.0,77.66666666666667,4,1,0,0,0,0,0,1,0,0,19.0,7.0,7.963302752293579,8.09331797235023,10.71901719784157,85.35877915345398,18.316040290263185,103.76661742983752,9.70303867403315,3.0,76.0
Rishad Hossain,2026,ODI,85.0,73.0,7.0,8.0,5.0,5.0,12.14,116.44,44.0,14.666666666666666,95.65217391304348,4.0,98.0,46.0,11.0,54.0,49.0,2,0,0,0,0,1,0,0,0,0,2.0,0.0,3.25,14.692307692307693,11.63485760482622,37.813287215685214,8.98506752900894,129.05405405405406,21.222222222222225,8.0,43.0
Rishad Hossain,2026,PSL,4.0,10.0,2.0,3.0,0.0,0.0,2.0,40.0,23.0,5.75,95.83333333333334,6.0,23.0,24.0,3.8333333333333335,23.0,23.0,1,0,0,0,0,0,1,0,0,0,0.0,0.0,6.0,3.8333333333333335,4.612292426083434,27.673754556500604,5.391251518833536,95.83333333333334,5.75,7.833333333333333,19.0
Rishad Hossain,2026,T20I,51.0,51.0,8.0,9.0,4.0,2.0,6.38,100.0,42.0,5.25,105.0,11.0,170.0,40.0,3.8181818181818183,120.0,56.666666666666664,3,0,0,0,0,0,0,1,0,0,11.0,1.0,9.16326530612245,6.507795100222717,6.232288355503664,57.10811166573766,5.407604832977968,126.60311958405546,8.49418604651163,7.833333333333333,46.0
Ritik Tomar,2026,T20I,81.0,100.0,7.0,7.0,5.0,1.0,11.57,81.0,13.0,4.333333333333333,108.33333333333333,3.0,255.0,12.0,4.333333333333333,78.0,45.5,3,0,0,0,0,0,0,1,0,0,5.0,0.0,4.868131868131868,10.821670428893905,12.603168698713718,61.35388718165029,15.233847810480976,103.34123733563267,12.015037593984962,5.0,79.0
Ritu Moni,2026,ODI,81.0,112.0,7.0,8.0,9.0,1.0,11.57,72.32,142.0,47.333333333333336,80.68181818181817,4.0,443.0,176.0,35.5,67.0,100.66666666666667,6,1,0,0,0,1,0,0,0,0,6.0,6.0,5.18348623853211,21.07256637168141,21.260737508989823,110.2047402988922,21.615126484254002,67.50963937400772,23.118446601941745,5.5,124.0
Ritu Moni,2026,T20I,95.0,96.0,9.0,14.0,8.0,0.0,10.56,98.96,17.0,3.4,62.96296296296296,5.0,402.0,27.0,3.4,134.0,95.33333333333333,8,1,0,0,0,0,0,1,0,0,13.0,18.0,9.146788990825687,7.785356068204614,8.43080811044242,77.11482280835864,10.5758603974794,78.67423474559092,9.408484848484848,6.8,45.0
Riya Sharma,2026,T20I,12.0,46.0,5.0,8.0,2.0,0.0,2.4,26.09,7.0,2.3333333333333335,46.666666666666664,4.0,7.0,15.0,1.75,7.0,7.0,1,1,0,0,0,0,0,1,0,0,0.0,0.0,4.0,1.75,2.644615384615385,10.57846153846154,3.241025641025641,46.666666666666664,2.3333333333333335,10.75,4.0
Riyaa Bhasin,2026,T20I,31.0,62.0,1.0,3.0,0.0,0.0,31.0,50.0,25.0,6.25,73.52941176470588,6.0,53.0,34.0,4.166666666666667,1.0,14.666666666666666,4,1,0,0,0,0,0,1,0,0,1.0,4.0,4.091743119266055,3.8183856502242146,6.535868792552037,26.743096160350536,10.5758603974794,57.72881355932202,4.921965317919075,7.0,22.0
Rizpha Bano,2026,T20I,76.0,79.0,5.0,5.0,12.0,0.0,15.2,96.2,150.0,25.0,104.16666666666667,6.0,205.0,144.0,25.0,17.0,56.333333333333336,4,1,0,0,0,0,0,1,0,0,2.0,2.0,4.541284403669724,17.05454545454545,17.530581241608747,79.61135517978283,18.316040290263185,93.06581413295115,19.49653579676674,1.0,85.0
Rizwan Butt,2026,T20I,60.0,50.0,6.0,10.0,1.0,6.0,10.0,120.0,73.0,7.3,96.05263157894737,15.0,210.0,76.0,4.866666666666666,74.0,70.0,3,0,0,0,0,0,0,1,0,0,9.0,8.0,11.877551020408163,6.017182130584193,5.8922687499271795,69.9857227032167,5.407604832977968,111.03360811667724,8.625615763546797,7.933333333333334,41.0
Roheed Akhtar,2026,T20I,7.0,18.0,2.0,4.0,0.0,0.0,3.5,38.89,32.0,8.0,68.08510638297872,5.0,32.0,47.0,6.4,32.0,32.0,1,1,0,0,0,0,0,1,0,0,0.0,0.0,5.0,6.4,8.677742034988762,43.38871017494381,10.5758603974794,68.08510638297872,8.0,6.2,31.0
Rohit Kumar,2026,T20I,154.0,136.0,6.0,8.0,22.0,3.0,25.67,113.24,25.0,8.333333333333334,119.04761904761905,3.0,105.0,21.0,8.333333333333334,25.0,48.5,3,0,0,0,0,0,0,1,0,0,0.0,3.0,2.8607594936708867,11.654867256637166,13.696110918525273,39.18127933654066,15.233847810480976,124.53900709219859,11.654867256637166,4.0,49.0
Roma Thapa,2026,T20I,24.0,32.0,4.0,5.0,1.0,1.0,6.0,75.0,46.0,11.5,73.01587301587301,6.0,98.0,63.0,7.666666666666667,29.0,37.5,5,1,0,0,0,0,0,1,0,0,2.0,0.0,4.197802197802198,8.528795811518323,9.429264104463078,39.582185581372485,10.5758603974794,71.93640980348862,12.928571428571427,6.666666666666667,41.0
Rosine Irera,2026,T20I,22.0,39.0,1.0,5.0,2.0,0.0,22.0,56.41,17.0,8.5,60.71428571428571,8.0,47.0,28.0,2.125,30.0,23.5,2,1,0,0,0,0,0,1,0,0,8.0,0.0,8.0,2.734375,2.8960720130932898,23.168576104746318,3.241025641025641,75.10729613733906,10.9375,10.375,6.0
Ruchitha Venkatesh,2026,T20I,21.0,25.0,1.0,4.0,1.0,1.0,21.0,84.0,40.0,5.0,51.94805194805194,9.0,158.0,77.0,4.444444444444445,40.0,51.5,5,1,0,0,0,0,0,1,0,0,0.0,8.0,8.215189873417721,5.049306625577813,6.796373149888115,55.83349587692894,10.5758603974794,54.02242004615893,6.057301293900185,5.444444444444445,51.0
S Bhardwaj,2026,T20I,46.0,111.0,7.0,7.0,1.0,0.0,6.57,41.44,22.0,11.0,73.33333333333333,3.0,22.0,30.0,7.333333333333333,0.0,11.0,2,1,0,0,0,0,0,1,0,0,1.0,0.0,2.25,6.111111111111111,8.901579415091291,20.028553683955405,10.5758603974794,67.90123456790124,8.461538461538462,6.0,34.0
S Chaturongrattana,2026,ODI,21.0,45.0,2.0,2.0,0.0,0.0,10.5,46.67,13.0,4.333333333333333,38.23529411764706,5.0,13.0,34.0,2.6,13.0,13.0,1,1,0,0,0,1,0,0,0,0,0.0,0.0,5.0,2.6,4.904130752967962,24.52065376483981,6.824239713774597,38.23529411764706,4.333333333333333,9.6,11.0
S Chaturongrattana,2026,T20I,32.0,41.0,5.0,10.0,2.0,0.0,6.4,78.05,70.0,10.0,63.06306306306306,6.0,75.0,111.0,11.666666666666666,2.0,25.0,3,1,0,0,0,0,0,1,0,0,2.0,1.0,3.8571428571428577,9.56084656084656,10.009967727498259,38.60987552035043,10.5758603974794,60.41457706452692,9.820652173913043,3.857142857142857,50.0
S Chilemanya,2026,T20I,17.0,23.0,4.0,4.0,0.0,1.0,4.25,73.91,32.0,8.0,69.56521739130434,4.0,32.0,46.0,8.0,32.0,32.0,1,0,0,0,0,0,0,1,0,0,0.0,0.0,4.0,8.0,16.64699087013229,66.58796348052915,22.411651450220482,69.56521739130434,8.0,1.5,43.0
S Chinawa,2026,T20I,90.0,154.0,14.0,14.0,6.0,0.0,6.43,58.44,82.0,10.25,67.21311475409836,9.0,219.0,122.0,9.11111111111111,85.0,73.0,3,1,0,0,0,0,0,1,0,0,7.0,3.0,7.285714285714286,10.624649859943977,12.900209158854983,93.98723815737202,18.316040290263185,68.06029068724206,11.965299684542586,2.7777777777777777,73.0
S Choden,2026,T20I,89.0,128.0,5.0,7.0,5.0,0.0,17.8,69.53,77.0,15.4,62.096774193548384,6.0,165.0,124.0,12.833333333333334,37.0,39.333333333333336,4,1,0,0,0,0,0,1,0,0,8.0,3.0,6.256880733944954,8.136363636363637,8.881627412671914,55.571283444424274,10.5758603974794,56.237964933617114,11.075848303393215,5.333333333333333,57.0
S Conteh,2026,T20I,31.0,69.0,7.0,10.0,3.0,0.0,4.43,44.93,36.0,36.0,120.0,3.0,136.0,30.0,12.0,13.0,16.333333333333332,4,0,0,0,0,0,0,1,0,0,3.0,2.0,3.440366972477064,8.392,7.065602147990207,24.308264270608507,5.407604832977968,84.03204272363149,12.844897959183672,7.666666666666667,29.0
S Davizi,2026,T20I,108.0,86.0,5.0,6.0,10.0,4.0,21.6,125.58,61.0,10.166666666666666,105.17241379310344,6.0,910.0,58.0,10.166666666666666,61.0,56.5,5,0,0,0,0,0,0,1,0,0,0.0,2.0,6.202531645569621,21.357142857142858,21.757589158311575,134.95213528573004,22.411651450220482,133.34607543323142,22.899343544857768,2.0,116.0
S Desungnoen,2026,T20I,160.0,169.0,10.0,11.0,16.0,7.0,16.0,94.67,150.0,12.5,78.125,15.0,239.0,192.0,10.0,17.0,75.66666666666667,5,0,0,0,0,0,0,1,0,0,3.0,4.0,8.770642201834862,9.611924686192467,10.954740719063926,96.08011126078085,15.233847810480976,77.01785265275332,11.661167512690353,4.6,79.0
S Dube,2026,IPL,270.0,170.0,7.0,12.0,24.0,15.0,38.57,158.82,357.0,32.45454545454545,132.22222222222223,14.0,1859.0,270.0,25.5,396.0,390.3333333333333,7,0,0,0,1,0,0,0,0,0,14.0,14.0,13.697247706422017,27.081714668452783,25.64522656747377,351.26902078200305,18.496304118268217,146.45923135436666,34.034511784511785,5.357142857142857,309.0
S Dube,2026,T20I,586.0,355.0,21.0,29.0,37.0,39.0,27.9,165.07,93.0,46.5,172.22222222222223,3.0,407.0,54.0,31.0,187.0,100.66666666666667,4,0,0,0,0,0,0,1,0,0,10.0,1.0,4.775510204081632,22.769230769230766,19.82572180096913,94.67793676381176,15.233847810480976,140.06309148264987,34.37419354838709,5.333333333333333,121.0
S Ecclestone,2026,ODI,25.0,30.0,3.0,5.0,3.0,0.0,8.33,83.33,59.0,11.8,80.82191780821918,6.0,396.0,73.0,9.833333333333334,23.0,43.333333333333336,7,1,0,0,0,1,0,0,0,0,3.0,8.0,6.412844036697248,9.244635193133048,8.517789703836216,54.6232569080873,6.824239713774597,73.58232748804375,11.813528336380255,8.5,49.0
S Ecclestone,2026,T20I,17.0,8.0,1.0,2.0,3.0,0.0,17.0,212.5,99.0,16.5,143.47826086956522,10.0,351.0,69.0,9.9,53.0,64.33333333333333,8,1,0,0,0,0,0,1,0,0,7.0,6.0,7.908256880733943,9.27262180974478,7.715411094929168,61.0154528791646,3.241025641025641,140.79619517350716,18.042889390519186,8.1,34.0
S Ecclestone,2026,Test,61.0,88.0,2.0,1.0,8.0,0.0,30.5,69.32,56.0,14.0,51.85185185185185,2.0,196.0,108.0,28.0,10.0,31.0,7,1,0,0,0,0,0,0,1,0,1.0,1.0,1.5596330275229355,25.558823529411768,19.436587400917816,30.3139436528076,15.967320261437909,48.28850855745722,13.663522012578616,8.0,28.0
S Ecclestone,2026,WPL,26.0,42.0,5.0,6.0,2.0,0.0,5.2,61.9,99.0,12.375,126.92307692307692,8.0,188.0,78.0,12.375,19.0,62.666666666666664,3,1,0,0,0,0,0,0,0,1,5.0,7.0,6.8979591836734695,10.029585798816568,8.834182543198937,60.93783060410695,6.140540540540541,122.2943722943723,11.452702702702702,7.777777777777778,48.0
S Etim,2026,T20I,75.0,97.0,6.0,8.0,4.0,0.0,12.5,77.32,72.0,8.0,75.78947368421053,9.0,112.0,95.0,8.0,40.0,56.0,3,1,0,0,0,0,0,1,0,0,8.0,0.0,7.7032967032967035,6.847360912981454,7.9647933259179,61.355166169982944,10.5758603974794,70.46388725778037,7.855973813420621,4.888888888888889,52.0
S Fanning,2025,BBL,31.0,24.0,1.0,1.0,3.0,1.0,31.0,129.17,71.0,23.666666666666668,142.0,3.0,102.0,50.0,23.666666666666668,31.0,51.0,2,0,1,0,0,0,0,0,0,0,1.0,0.0,2.25,24.888888888888886,25.5308908045977,57.444504310344826,25.91609195402299,144.51612903225805,24.888888888888886,1.0,94.0
S Forbes,2026,ODI,80.0,159.0,6.0,6.0,8.0,0.0,13.33,50.31,284.0,23.666666666666668,63.96396396396396,12.0,328.0,444.0,23.666666666666668,32.0,158.0,3,1,0,0,0,1,0,0,0,0,3.0,0.0,7.945054945054945,21.150760719225445,23.928277523926432,190.1114796681188,30.622093023255815,62.27145009569573,21.150760719225445,1.0,131.0
S Foster,2026,T20I,4.0,4.0,0.0,1.0,0.0,0.0,4.0,100.0,239.0,17.071428571428573,92.63565891472868,17.0,239.0,258.0,14.058823529411764,239.0,239.0,1,0,0,0,0,0,0,1,0,0,0.0,0.0,17.0,14.058823529411764,14.365351602734167,244.21097724648084,15.233847810480976,92.63565891472868,17.071428571428573,4.294117647058823,123.0
S Galabova,2026,T20I,34.0,67.0,10.0,10.0,2.0,0.0,3.4,50.75,92.0,11.5,58.97435897435898,10.0,92.0,156.0,9.2,92.0,92.0,1,1,0,0,0,0,0,1,0,0,0.0,0.0,10.0,9.2,9.715947649054774,97.15947649054775,10.5758603974794,58.97435897435898,11.5,5.9,49.0
S Georgota,2026,T20I,50.0,93.0,8.0,10.0,1.0,0.0,6.25,53.76,36.0,3.6,46.15384615384615,10.0,159.0,78.0,3.6,30.0,53.0,3,1,0,0,0,0,0,1,0,0,3.0,4.0,6.755102040816327,6.607250755287009,7.844862909816859,52.992849452028175,10.5758603974794,54.04002965159377,6.9872204472843435,4.2727272727272725,63.0
S Gill,2026,T20I,206.0,171.0,10.0,13.0,15.0,8.0,20.6,120.47,192.0,32.0,127.15231788079471,10.0,192.0,151.0,19.2,192.0,192.0,1,0,0,0,0,0,0,1,0,0,0.0,0.0,10.0,19.2,17.712692928930366,177.12692928930366,15.233847810480976,127.15231788079471,32.0,5.2,112.0
S Gooch,2026,T20I,33.0,78.0,2.0,3.0,2.0,0.0,16.5,42.31,179.0,25.571428571428573,127.85714285714285,7.0,461.0,140.0,25.571428571428573,282.0,230.5,2,0,0,0,0,0,0,1,0,0,9.0,0.0,7.749999999999999,28.080645161290324,26.23206025550668,203.29846698017676,22.411651450220482,122.60563380281691,31.089285714285715,2.7142857142857144,170.0
S Grover,2026,T20I,211.0,128.0,6.0,6.0,21.0,10.0,35.17,164.84,51.0,7.285714285714286,82.25806451612904,8.0,142.0,62.0,6.375,63.0,40.333333333333336,4,0,0,0,0,0,0,1,0,0,4.0,1.0,5.489795918367347,8.486988847583643,10.9023321517235,59.85157854721677,15.233847810480976,97.10761378136962,9.714893617021275,4.375,69.0
S Gulecha,2026,T20I,36.0,23.0,4.0,4.0,5.0,1.0,9.0,156.52,25.0,8.333333333333334,78.125,3.0,25.0,32.0,8.333333333333334,25.0,25.0,1,0,0,0,0,0,0,1,0,0,0.0,0.0,3.0,8.333333333333334,17.718878744591432,53.15663623377429,22.411651450220482,78.125,8.333333333333334,3.3333333333333335,46.0
S Gupta,2026,WPL,10.0,6.0,1.0,2.0,0.0,1.0,10.0,166.67,23.0,7.666666666666667,127.77777777777777,4.0,23.0,18.0,5.75,23.0,23.0,1,1,0,0,0,0,0,0,0,1,0.0,0.0,4.0,5.75,5.984324324324325,23.9372972972973,6.140540540540541,127.77777777777777,7.666666666666667,8.75,18.0
S Houghton,2026,T20I,175.0,218.0,10.0,10.0,14.0,5.0,17.5,80.28,41.0,10.25,107.89473684210526,4.0,68.0,38.0,10.25,27.0,34.0,2,0,0,0,0,0,0,1,0,0,5.0,0.0,4.375,8.171428571428573,14.74383913087099,64.50429619756058,22.411651450220482,83.38192419825074,8.9375,2.0,57.0
S Immadi,2026,T20I,3.0,7.0,1.0,2.0,0.0,0.0,3.0,42.86,5.0,2.5,45.45454545454545,3.0,8.0,11.0,1.6666666666666667,3.0,4.0,2,1,0,0,0,0,0,1,0,0,1.0,0.0,2.25,1.8888888888888888,2.7339743589743595,6.151442307692308,3.241025641025641,26.153846153846157,2.6153846153846154,11.0,4.0
S Jafta,2026,ODI,254.0,283.0,12.0,14.0,37.0,2.0,21.17,89.75,54.0,9.0,72.97297297297297,6.0,198.0,74.0,9.0,56.0,38.666666666666664,7,1,0,0,0,1,0,0,0,0,6.0,1.0,4.871559633027522,9.094161958568737,13.614365758455115,66.32319465816207,21.615126484254002,69.5020149683362,10.755011135857458,6.333333333333333,62.0
S Jafta,2026,T20I,34.0,31.0,6.0,8.0,5.0,0.0,5.67,109.68,27.0,13.5,180.0,3.0,138.0,15.0,9.0,12.0,26.666666666666668,6,1,0,0,0,0,0,1,0,0,4.0,5.0,3.6055045871559632,6.676844783715013,5.1894771894771905,18.710683811601246,3.241025641025641,135.18804739824836,12.67632850241546,8.333333333333334,26.0
S Joseph,2025,CPL,0.0,2.0,0.0,1.0,0.0,0.0,0.0,0.0,8.0,8.0,114.28571428571428,3.0,8.0,7.0,2.6666666666666665,0.0,4.0,2,0,0,1,0,0,0,0,0,0,1.0,0.0,2.25,2.2222222222222223,4.732377202849644,10.6478487064117,6.238470191226097,105.26315789473684,8.0,10.0,9.0
S Joseph,2026,ODI,23.0,22.0,0.0,1.0,1.0,1.0,23.0,104.55,11.0,11.0,78.57142857142857,3.0,11.0,14.0,3.6666666666666665,11.0,11.0,1,0,0,0,0,1,0,0,0,0,0.0,0.0,3.0,3.6666666666666665,7.212267241561515,21.636801724684545,8.98506752900894,78.57142857142857,11.0,10.0,14.0
S Joseph,2026,T20I,11.0,4.0,0.0,1.0,1.0,1.0,11.0,275.0,28.0,28.0,155.55555555555557,3.0,28.0,18.0,9.333333333333334,28.0,28.0,1,0,0,0,0,0,0,1,0,0,0.0,0.0,3.0,9.333333333333334,6.71618099976309,20.14854299928927,5.407604832977968,155.55555555555557,28.0,10.25,13.0
S Joseph,2026,Test,100.0,87.0,5.0,4.0,9.0,6.0,20.0,114.94,142.0,15.777777777777779,97.93103448275862,5.0,299.0,145.0,28.4,157.0,149.5,2,0,0,0,0,0,0,0,1,0,6.0,0.0,5.374999999999999,27.46511627906977,23.647920070378284,127.10757037828326,18.176605504587155,91.19691119691119,15.746666666666666,9.8,122.0
S Kamate,2026,T20I,42.0,51.0,5.0,6.0,4.0,1.0,8.4,82.35,17.0,3.4,70.83333333333334,5.0,28.0,24.0,3.4,17.0,14.0,2,0,0,0,0,0,0,1,0,0,0.0,4.0,4.735294117647059,3.254658385093168,9.032402480939378,42.77108233621294,15.233847810480976,58.41694537346712,3.254658385093168,4.2,31.0
S Kananji,2026,T20I,210.0,192.0,12.0,13.0,35.0,1.0,17.5,109.38,140.0,17.5,92.10526315789474,10.0,269.0,152.0,14.0,78.0,89.66666666666667,3,1,0,0,0,0,0,1,0,0,6.0,3.0,7.489795918367347,13.975476839237059,12.989127774897314,97.28591619157784,10.5758603974794,86.6677931733694,17.871080139372825,3.9,100.0
S Kanankege,2026,T20I,12.0,22.0,2.0,2.0,1.0,0.0,6.0,54.55,10.0,5.0,45.45454545454545,4.0,23.0,22.0,2.5,4.0,7.666666666666667,3,1,0,0,0,0,0,1,0,0,3.0,3.0,3.510204081632653,2.2732558139534884,2.724080267558529,9.562077673878917,3.241025641025641,36.9914853358562,3.989795918367347,9.25,8.0
S Kato,2026,T20I,89.0,95.0,4.0,6.0,10.0,0.0,22.25,93.68,95.0,11.875,75.39682539682539,8.0,200.0,126.0,11.875,32.0,66.66666666666667,3,1,0,0,0,0,0,1,0,0,4.0,8.0,6.775510204081633,10.578313253012047,10.577549916228028,71.66829739158582,10.5758603974794,73.07532251352475,12.633093525179856,5.125,69.0
S Kharvi,2026,T20I,77.0,120.0,12.0,13.0,5.0,1.0,6.42,64.17,79.0,19.75,143.63636363636363,4.0,79.0,55.0,19.75,79.0,79.0,1,0,0,0,0,0,0,1,0,0,0.0,0.0,4.0,19.75,17.040308686288586,68.16123474515435,15.233847810480976,143.63636363636363,19.75,4.75,65.0
S Khiaoto,2026,T20I,72.0,75.0,9.0,9.0,6.0,1.0,8.0,96.0,53.0,13.25,106.0,9.0,277.0,50.0,5.888888888888889,124.0,92.33333333333333,3,1,0,0,0,0,0,1,0,0,10.0,8.0,9.122448979591836,9.13870246085011,9.499797419802194,86.66141727860368,10.5758603974794,84.8566680515164,14.434628975265015,6.555555555555555,60.0
S Khurana,2026,T20I,135.0,134.0,9.0,14.0,17.0,0.0,15.0,100.75,41.0,20.5,102.49999999999999,3.0,79.0,40.0,13.666666666666666,38.0,39.5,2,1,0,0,0,0,0,1,0,0,3.0,0.0,2.9999999999999996,13.291666666666666,11.782885406007074,35.34865621802122,10.5758603974794,99.6875,19.937499999999996,6.0,46.0
S Kolcharam,2026,T20I,104.0,108.0,6.0,6.0,10.0,1.0,17.33,96.3,290.0,20.714285714285715,116.93548387096774,16.0,340.0,248.0,18.125,29.0,112.0,4,1,0,0,0,0,0,1,0,0,5.0,2.0,9.146788990825687,15.767301905717153,14.566505874513355,133.23675556779645,10.5758603974794,112.87427299490199,18.515901060070675,3.75,112.0
S Konstas,2025,BBL,151.0,137.0,9.0,9.0,16.0,2.0,16.78,110.22,122.0,24.4,128.42105263157896,5.0,122.0,95.0,24.4,122.0,122.0,1,0,1,0,0,0,0,0,0,0,0.0,0.0,5.0,24.4,25.226959247648903,126.13479623824452,25.91609195402299,128.42105263157896,24.4,1.2,122.0
S Lamichhane,2026,ODI,29.0,43.0,6.0,10.0,2.0,0.0,4.83,67.44,72.0,18.0,93.5064935064935,6.0,450.0,77.0,12.0,22.0,100.0,8,0,0,0,0,1,0,0,0,0,1.0,14.0,6.146788990825688,12.959701492537315,11.73043325639452,72.10449799802136,8.98506752900894,88.67442810457518,17.1940594059406,9.5,62.0
S Lamichhane,2026,T20I,7.0,11.0,1.0,2.0,0.0,0.0,7.0,63.64,15.0,7.5,93.75,4.0,71.0,16.0,3.75,7.0,11.0,6,0,0,0,0,0,0,1,0,0,2.0,0.0,3.4615384615384617,3.955555555555555,4.663872276249415,16.14417326394028,5.407604832977968,98.03304484657748,6.846153846153846,9.25,15.0
S Laomi,2026,ODI,4.0,5.0,1.0,2.0,0.0,0.0,4.0,80.0,13.0,3.25,38.23529411764706,5.0,74.0,34.0,2.6,13.0,37.0,2,1,0,0,0,1,0,0,0,0,0.0,5.0,5.0,5.141176470588236,5.930112365831843,29.650561829159216,6.824239713774597,49.43438914027149,6.027586206896552,9.8,17.0
S Laomi,2026,T20I,95.0,142.0,15.0,18.0,5.0,0.0,6.33,66.9,9.0,4.5,25.71428571428571,3.0,88.0,35.0,3.0,38.0,21.666666666666668,6,1,0,0,0,0,0,1,0,0,5.0,5.0,3.979591836734694,4.907692307692308,7.37211321629539,29.338001575053084,10.5758603974794,48.138832997987926,7.4765625,7.0,27.0
S Lita D'Sa,2026,T20I,13.0,28.0,5.0,5.0,0.0,0.0,2.6,46.43,71.0,7.1,84.52380952380952,11.0,109.0,84.0,6.454545454545454,25.0,36.333333333333336,3,1,0,0,0,0,0,1,0,0,5.0,3.0,7.6938775510204085,6.013262599469496,7.311914724140247,56.25697655103823,10.5758603974794,77.823549605218,6.440340909090909,6.363636363636363,44.0
S Luus,2026,ODI,662.0,752.0,14.0,17.0,71.0,5.0,47.29,88.03,214.0,26.75,80.75471698113208,9.0,2283.0,265.0,23.77777777777778,339.0,226.66666666666666,11,1,0,0,0,1,0,0,0,0,15.0,3.0,10.366972477064218,25.72920353982301,24.8661104512421,257.78628265966574,21.615126484254002,75.8023725720245,28.172480620155042,4.444444444444445,232.0
S Luus,2026,T20I,464.0,351.0,16.0,17.0,61.0,7.0,29.0,132.19,128.0,25.6,130.6122448979592,8.0,1335.0,98.0,16.0,183.0,159.0,11,1,0,0,0,0,0,1,0,0,11.0,11.0,9.01834862385321,15.86266531027467,14.626467746877491,131.906585276886,10.5758603974794,115.36697247706422,22.02401129943503,4.875,117.0
S Maduranga,2026,T20I,23.0,58.0,3.0,5.0,0.0,0.0,7.67,39.66,200.0,20.0,86.20689655172413,14.0,200.0,232.0,14.285714285714286,200.0,200.0,1,0,0,0,0,0,0,1,0,0,0.0,0.0,14.0,14.285714285714286,14.570154343144292,203.98216080402008,15.233847810480976,86.20689655172413,20.0,6.0,110.0
S Mandhana,2026,ODI,648.0,610.0,12.0,13.0,78.0,14.0,54.0,106.23,1178.0,53.54545454545455,101.20274914089347,22.0,4080.0,1164.0,53.54545454545455,406.0,593.3333333333334,12,1,0,0,0,1,0,0,0,0,5.0,5.0,13.908256880733944,54.51055408970976,50.56422241573608,703.2601943326229,30.622093023255815,97.51486830926083,54.90897009966776,1.6818181818181819,520.0
S Mandhana,2026,T20I,769.0,542.0,22.0,23.0,99.0,22.0,34.95,141.88,489.0,40.75,135.45706371191136,12.0,3684.0,361.0,40.75,639.0,564.0,11,1,0,0,0,0,0,1,0,0,20.0,22.0,16.05504587155963,33.25371428571429,31.06771321320925,498.7935607625338,18.316040290263185,127.84551505964544,36.73863636363637,1.3333333333333333,386.0
S Mandhana,2026,WPL,377.0,246.0,7.0,9.0,57.0,9.0,53.86,153.25,199.0,24.875,135.37414965986395,8.0,648.0,147.0,24.875,300.0,216.0,3,1,0,0,0,0,0,0,0,1,10.0,8.0,8.612244897959183,25.630331753554504,25.632420770718642,220.7526850049646,25.638297872340427,131.2462079844679,25.630331753554504,1.3333333333333333,201.0
S Matijevic,2026,T20I,72.0,108.0,3.0,4.0,10.0,0.0,24.0,66.67,65.0,21.666666666666668,103.17460317460319,6.0,71.0,63.0,10.833333333333334,6.0,35.5,2,1,0,0,0,0,0,1,0,0,1.0,0.0,4.124999999999999,10.393939393939394,10.480568443244158,43.23234482838214,10.5758603974794,94.49035812672176,19.055555555555554,4.0,55.0
S Merican,2026,T20I,1.0,10.0,3.0,2.0,0.0,0.0,0.33,10.0,33.0,8.25,43.42105263157895,4.0,39.0,76.0,8.25,6.0,13.0,3,1,0,0,0,0,0,1,0,0,5.0,3.0,4.122448979591836,4.52970297029703,10.404562623691698,42.8922785711372,18.316040290263185,33.9517625231911,4.52970297029703,2.75,45.0
S Molineux,2026,T20I,49.0,29.0,4.0,5.0,5.0,2.0,12.25,168.97,11.0,5.5,157.14285714285714,3.0,58.0,7.0,3.6666666666666665,0.0,5.5,6,1,0,0,0,0,0,1,0,0,1.0,0.0,2.25,3.0555555555555554,3.1714743589743595,7.135817307692308,3.241025641025641,144.73684210526315,4.230769230769231,9.333333333333334,10.0
S Mostary,2026,ODI,315.0,407.0,7.0,10.0,43.0,0.0,45.0,77.4,133.0,19.0,63.942307692307686,9.0,246.0,208.0,14.777777777777779,60.0,75.66666666666667,5,1,0,0,0,1,0,0,0,0,5.0,2.0,6.036697247706422,14.006079027355625,16.38887050655136,98.93464947991555,21.615126484254002,61.020989207442234,17.06666666666667,4.777777777777778,88.0
S Mostary,2026,T20I,568.0,516.0,20.0,23.0,54.0,16.0,28.4,110.08,248.0,27.555555555555557,95.75289575289575,9.0,586.0,259.0,27.555555555555557,136.0,187.33333333333334,5,1,0,0,0,0,0,1,0,0,14.0,13.0,10.431192660550456,17.476693051890944,17.651922120444645,184.13060046739042,18.316040290263185,88.80100102784108,18.43320964749536,2.3333333333333335,133.0
S Movva,2026,ODI,137.0,177.0,3.0,5.0,9.0,1.0,45.67,77.4,185.0,26.428571428571427,55.89123867069487,11.0,468.0,331.0,16.818181818181817,283.0,234.0,2,0,0,0,0,1,0,0,0,0,11.0,0.0,11.0,20.159090909090907,21.720128266777607,238.92141093455368,26.29917118265859,62.333099086437095,28.612903225806452,6.0,183.0
S Movva,2026,T20I,30.0,32.0,2.0,2.0,4.0,0.0,15.0,93.75,136.0,19.428571428571427,99.27007299270073,10.0,346.0,137.0,13.6,169.0,104.66666666666667,4,0,0,0,0,0,0,1,0,0,8.0,1.0,7.055045871559633,16.104031209362805,15.859826326608315,111.89180224919077,15.233847810480976,106.19104784771052,22.153846153846153,5.1,104.0
S Mtae,2026,T20I,273.0,256.0,14.0,15.0,38.0,5.0,19.5,106.64,181.0,15.083333333333334,111.7283950617284,12.0,678.0,162.0,15.083333333333334,220.0,162.33333333333334,6,1,0,0,0,0,0,1,0,0,11.0,3.0,9.53211009174312,17.39942252165544,17.604788713277784,167.81078415684053,18.316040290263185,105.92371242749168,17.91674925668979,1.8333333333333333,126.0
S Muniandy,2026,T20I,198.0,171.0,10.0,17.0,9.0,10.0,19.8,115.79,98.0,10.88888888888889,106.5217391304348,11.0,946.0,92.0,8.909090909090908,421.0,204.0,7,0,0,0,0,0,0,1,0,0,25.0,7.0,13.788990825688073,13.40652029274784,13.71056813263688,189.0548981959012,15.233847810480976,106.51794682032036,15.903709550118393,6.090909090909091,104.0
S Nampiina,2026,T20I,215.0,282.0,16.0,17.0,25.0,1.0,13.44,76.24,271.0,18.066666666666666,92.17687074829932,20.0,718.0,294.0,13.55,230.0,196.66666666666666,7,1,0,0,0,0,0,1,0,0,18.0,7.0,15.38532110091743,13.156231365533692,12.76467279678494,196.38858972668203,10.5758603974794,93.00649186409241,16.210874357090375,5.3,112.0
S Niyomuhoza,2026,T20I,0.0,8.0,3.0,3.0,0.0,0.0,0.0,0.0,166.0,18.444444444444443,87.83068783068782,11.0,287.0,189.0,15.090909090909092,121.0,143.5,2,1,0,0,0,0,0,1,0,0,10.0,0.0,10.625,14.035294117647059,13.132833147168538,139.53635218866572,10.5758603974794,83.02018093249826,18.075757575757578,4.181818181818182,107.0
S Pandey,2026,WPL,27.0,19.0,1.0,5.0,3.0,0.0,27.0,142.11,31.0,10.333333333333334,96.875,4.0,93.0,32.0,7.75,23.0,31.0,3,1,0,0,0,0,0,0,0,1,3.0,3.0,3.510204081632653,8.552325581395348,7.42882323317106,26.076685634804537,6.140540540540541,110.51840721262207,16.34444444444444,8.5,29.0
S Periyalwar,2026,T20I,10.0,17.0,3.0,3.0,2.0,0.0,3.33,58.82,63.0,31.5,146.51162790697674,3.0,414.0,43.0,21.0,0.0,43.0,5,0,0,0,0,0,0,1,0,0,1.0,7.0,3.8165137614678897,14.737980769230768,14.945746289307671,57.04064638855037,15.233847810480976,111.10909749909388,20.64309764309764,5.666666666666667,87.0
S Pillai,2026,T20I,34.0,58.0,3.0,3.0,2.0,2.0,11.33,58.62,64.0,21.333333333333332,74.4186046511628,3.0,96.0,86.0,21.333333333333332,32.0,48.0,2,0,0,0,0,0,0,1,0,0,4.0,0.0,3.375,15.407407407407407,15.316060251130336,51.69170334756488,15.233847810480976,74.02135231316726,15.407407407407407,4.0,70.0
S Rana,2026,ODI,178.0,202.0,4.0,7.0,21.0,2.0,44.5,88.12,41.0,13.666666666666666,128.125,4.0,225.0,32.0,10.25,1.0,14.333333333333334,5,1,0,0,0,1,0,0,0,0,1.0,3.0,3.715596330275229,9.335802469135803,8.26705236047146,30.71702941276093,6.824239713774597,99.21280503804778,11.742236024844722,9.5,33.0
S Ravichandran,2026,T20I,134.0,142.0,11.0,11.0,9.0,4.0,12.18,94.37,239.0,19.916666666666668,99.1701244813278,13.0,818.0,241.0,18.384615384615383,432.0,272.6666666666667,3,0,0,0,0,0,0,1,0,0,13.0,10.0,12.448979591836734,22.58688524590164,21.135627857331773,263.1169998565792,15.233847810480976,121.3599929534044,24.82522522522522,4.538461538461538,193.0
S Ravikumar,2026,T20I,33.0,55.0,4.0,4.0,1.0,1.0,8.25,60.0,25.0,8.333333333333334,53.191489361702125,3.0,89.0,47.0,8.333333333333334,64.0,44.5,2,0,0,0,0,0,0,1,0,0,4.0,0.0,3.375,11.74074074074074,17.357009535203762,58.5799071813127,22.411651450220482,64.3002028397566,11.74074074074074,1.0,52.0
S Rukmal,2026,T20I,5.0,7.0,0.0,1.0,1.0,0.0,5.0,71.43,4.0,2.0,30.76923076923077,4.0,4.0,13.0,1.0,4.0,4.0,1,0,0,0,0,0,0,1,0,0,0.0,0.0,4.0,1.0,3.6445628997867807,14.578251599147123,5.407604832977968,30.76923076923077,2.0,11.0,5.0
S Rungrueang,2026,T20I,10.0,19.0,2.0,3.0,0.0,0.0,5.0,52.63,45.0,5.625,71.42857142857143,12.0,89.0,63.0,3.75,41.0,29.666666666666668,3,0,0,0,0,0,0,1,0,0,4.0,3.0,7.8979591836734695,4.565891472868216,7.545767544827089,59.59616407853232,15.233847810480976,67.3142857142857,6.156794425087107,6.666666666666667,46.0
S Sajana,2026,WPL,103.0,76.0,6.0,7.0,15.0,3.0,17.17,135.53,51.0,10.2,127.49999999999999,8.0,138.0,40.0,6.375,87.0,69.0,2,1,0,0,0,0,0,0,0,1,6.0,0.0,7.249999999999999,8.89655172413793,12.067448680351905,87.4890029325513,18.197849462365593,141.3698630136986,15.176470588235293,6.125,71.0
S Samarawickrama,2026,ODI,129.0,165.0,3.0,3.0,11.0,1.0,43.0,78.18,135.0,22.5,79.88165680473372,6.0,1139.0,169.0,22.5,436.0,333.6666666666667,6,0,0,0,0,1,0,0,0,0,17.0,11.0,10.285714285714286,27.351190476190474,27.109901647398754,278.8447026589586,26.29917118265859,91.09231480869623,30.633333333333333,4.333333333333333,241.0
S Sarandeva,2026,T20I,44.0,134.0,9.0,9.0,2.0,0.0,4.89,32.84,65.0,7.222222222222222,51.587301587301596,9.0,65.0,126.0,7.222222222222222,65.0,65.0,1,1,0,0,0,0,0,1,0,0,0.0,0.0,9.0,7.222222222222222,8.563677492325093,77.07309743092584,10.5758603974794,51.587301587301596,7.222222222222222,4.555555555555555,42.0
S Sehrawat,2026,WPL,46.0,47.0,6.0,6.0,2.0,3.0,7.67,97.87,119.0,17.0,113.33333333333333,7.0,261.0,105.0,17.0,108.0,87.0,3,1,0,0,0,0,0,0,0,1,7.0,6.0,6.816326530612245,14.67365269461078,15.765862436683552,107.46526640514911,18.197849462365593,107.1256830601093,15.080000000000002,5.857142857142857,100.0
S Sheridan,2026,T20I,48.0,30.0,1.0,2.0,4.0,1.0,48.0,160.0,90.0,12.857142857142858,103.44827586206897,7.0,90.0,87.0,12.857142857142858,90.0,90.0,1,1,0,0,0,0,0,1,0,0,0.0,0.0,7.0,12.857142857142858,15.37663398012147,107.6364378608503,18.316040290263185,103.44827586206897,12.857142857142858,1.8571428571428572,64.0
S Shrivastava,2026,ODI,1.0,3.0,0.0,1.0,0.0,0.0,1.0,33.33,21.0,10.5,43.75,5.0,21.0,48.0,4.2,21.0,21.0,1,0,0,0,0,1,0,0,0,0,0.0,0.0,5.0,4.2,6.810036834004876,34.05018417002438,8.98506752900894,43.75,10.5,9.6,19.0
S Shrivastava,2026,T20I,1.0,1.0,0.0,1.0,0.0,0.0,1.0,100.0,11.0,5.5,55.00000000000001,3.0,47.0,20.0,3.6666666666666665,14.0,15.666666666666666,3,0,0,0,0,0,0,1,0,0,2.0,1.0,2.3265306122448983,5.991228070175438,5.659623958131421,13.16728839238739,5.407604832977968,72.35169491525424,13.66,10.333333333333334,11.0
S Siegers,2026,T20I,28.0,34.0,5.0,8.0,2.0,0.0,5.6,82.35,9.0,4.5,81.81818181818183,4.0,41.0,11.0,2.25,7.0,5.666666666666667,7,1,0,0,0,0,0,1,0,0,2.0,1.0,2.6513761467889907,2.3460207612456743,2.801880632101345,7.428839474103566,3.241025641025641,62.25895316804407,4.237499999999999,10.25,5.0
S Singh,2026,T20I,189.0,159.0,11.0,14.0,17.0,8.0,17.18,118.87,51.0,10.2,67.10526315789474,5.0,565.0,76.0,10.2,256.0,163.66666666666666,5,0,0,0,0,0,0,1,0,0,15.0,11.0,8.743119266055047,15.064008394543546,15.10467226108882,132.06195105337292,15.233847810480976,100.70145903479238,17.48599269183922,4.4,117.0
S Sola,2026,T20I,23.0,32.0,5.0,5.0,3.0,0.0,4.6,71.88,22.0,11.0,84.61538461538461,3.0,39.0,26.0,7.333333333333333,22.0,22.0,2,0,0,0,0,0,0,1,0,0,0.0,0.0,3.360655737704918,6.278048780487806,11.598325431968899,38.97797891071515,15.233847810480976,74.43609022556392,8.937500000000002,6.333333333333333,33.0
S Solman,2026,T20I,75.0,102.0,5.0,6.0,8.0,0.0,15.0,73.53,190.0,47.5,98.44559585492227,9.0,323.0,193.0,21.11111111111111,38.0,100.0,4,1,0,0,0,0,0,1,0,0,4.0,6.0,6.918367346938776,17.604719764011797,15.448627933787135,106.87928305211916,10.5758603974794,93.8217261436881,33.52808988764045,3.7777777777777777,110.0
S Stephen,2026,T20I,108.0,123.0,8.0,8.0,12.0,1.0,13.5,87.8,83.0,11.857142857142858,97.6470588235294,10.0,83.0,85.0,8.3,83.0,83.0,1,1,0,0,0,0,0,1,0,0,0.0,0.0,10.0,8.3,9.153447649054774,91.53447649054775,10.5758603974794,97.6470588235294,11.857142857142858,5.4,47.0
S Sugaya-Slater,2026,T20I,14.0,17.0,2.0,2.0,1.0,0.0,7.0,82.35,11.0,11.0,84.61538461538461,3.0,11.0,13.0,3.6666666666666665,11.0,11.0,1,0,0,0,0,0,0,1,0,0,0.0,0.0,3.0,3.6666666666666665,4.8272921108742,14.481876332622601,5.407604832977968,84.61538461538461,11.0,9.666666666666666,9.0
S Sunday,2026,T20I,110.0,128.0,10.0,10.0,8.0,1.0,11.0,85.94,182.0,20.22222222222222,97.84946236559139,11.0,585.0,186.0,16.545454545454547,236.0,209.0,5,1,0,0,0,0,0,1,0,0,11.0,0.0,10.153846153846153,18.2012987012987,16.332318724872405,165.83585166793517,10.5758603974794,99.29739623309914,21.478927203065133,4.636363636363637,127.0
S Thanikaithasan,2026,T20I,45.0,34.0,5.0,6.0,6.0,1.0,9.0,132.35,88.0,29.333333333333332,169.23076923076923,3.0,413.0,52.0,29.333333333333332,70.0,107.33333333333333,4,0,0,0,0,0,0,1,0,0,6.0,9.0,5.220183486238532,18.370826010544818,17.287864606610235,90.24582533175433,15.233847810480976,137.25052521008405,19.611632270168855,5.0,114.0
S Tuhadeleni,2026,T20I,6.0,12.0,0.0,1.0,0.0,0.0,6.0,50.0,5.0,5.0,35.714285714285715,4.0,5.0,14.0,1.25,5.0,5.0,1,1,0,0,0,0,0,1,0,0,0.0,0.0,4.0,1.25,2.4446153846153846,9.778461538461539,3.241025641025641,35.714285714285715,5.0,10.75,4.0
S Vijay Unni,2026,T20I,48.0,75.0,5.0,9.0,4.0,0.0,9.6,64.0,70.0,11.666666666666666,93.33333333333333,10.0,276.0,75.0,7.0,138.0,91.0,4,0,0,0,0,0,0,1,0,0,14.0,6.0,9.532110091743117,8.511068334937441,10.017292265230989,95.48593269334857,15.233847810480976,89.24210313856092,14.912310286677911,7.0,60.0
S Yenamandra,2026,T20I,19.0,45.0,4.0,5.0,1.0,0.0,4.75,42.22,22.0,5.5,32.35294117647059,4.0,22.0,68.0,5.5,22.0,22.0,1,1,0,0,0,0,0,1,0,0,0.0,0.0,4.0,5.5,8.54551623848764,34.18206495395056,10.5758603974794,32.35294117647059,5.5,6.0,33.0
S Yeshi,2026,T20I,26.0,31.0,4.0,6.0,2.0,2.0,6.5,83.87,4.0,2.0,50.0,3.0,27.0,8.0,1.3333333333333333,8.0,8.0,4,0,0,0,0,0,0,1,0,0,4.0,2.0,3.0091743119266057,2.100609756097561,3.6803844743525325,11.074918418235145,5.407604832977968,53.870211102423774,2.8949579831932772,10.333333333333334,7.0
SA Abbott,2026,T20I,13.0,8.0,1.0,2.0,2.0,0.0,13.0,162.5,12.0,12.0,85.71428571428571,4.0,37.0,14.0,3.0,5.0,6.666666666666667,6,0,0,0,0,0,0,1,0,0,3.0,1.0,2.9266055045871555,2.520376175548589,3.919679240538595,11.471354841576254,5.407604832977968,82.46153846153845,5.324503311258278,9.0,8.0
SA Campbelle,2026,ODI,69.0,114.0,6.0,7.0,6.0,0.0,11.5,60.53,342.0,22.8,65.76923076923077,17.0,1337.0,520.0,20.11764705882353,192.0,190.33333333333334,11,1,0,0,0,1,0,0,0,0,9.0,5.0,12.513761467889909,19.53005865102639,19.90597232288233,249.0985894349679,21.615126484254002,63.09867828888153,21.64012997562957,4.235294117647059,175.0
SA Campbelle,2026,T20I,232.0,212.0,10.0,11.0,23.0,5.0,23.2,109.43,212.0,16.307692307692307,100.4739336492891,14.0,1157.0,211.0,15.142857142857142,202.0,207.66666666666666,12,1,0,0,0,0,0,1,0,0,11.0,13.0,12.89795918367347,16.156645569620252,15.086162480334924,194.58070790962594,10.5758603974794,95.78799249530957,18.464737793851718,3.5714285714285716,134.0
SA Edwards,2026,ODI,283.0,401.0,4.0,5.0,15.0,2.0,70.75,70.57,456.0,38.0,80.14059753954305,13.0,1873.0,569.0,35.07692307692308,440.0,444.6666666666667,6,0,0,0,0,1,0,0,0,0,15.0,12.0,13.284403669724771,33.42886740331492,32.20523532883156,427.82734638667984,26.29917118265859,86.06710406998454,38.724000000000004,4.0,368.0
SA Edwards,2026,T20I,90.0,62.0,3.0,4.0,8.0,2.0,30.0,145.16,329.0,29.90909090909091,134.8360655737705,13.0,1193.0,244.0,25.307692307692307,292.0,237.33333333333334,8,0,0,0,0,0,0,1,0,0,16.0,8.0,12.697247706422017,20.360549132947977,19.447241296403977,246.92643994700092,15.233847810480976,126.86385737439223,24.22957867583835,3.642857142857143,194.0
SA Jumbe,2026,T20I,14.0,31.0,3.0,3.0,1.0,0.0,4.67,45.16,30.0,15.0,214.28571428571428,4.0,456.0,14.0,7.5,190.0,130.0,4,0,0,0,0,0,0,1,0,0,12.0,21.0,9.211009174311926,10.942231075697212,11.92956621406771,109.88334384333926,15.233847810480976,114.21145649235886,16.06140350877193,6.5,72.0
SA Mohandas,2026,T20I,24.0,37.0,5.0,6.0,1.0,0.0,4.8,64.86,13.0,6.5,72.22222222222221,4.0,64.0,18.0,3.25,0.0,8.0,4,0,0,0,0,0,0,1,0,0,1.0,3.0,3.0091743119266052,3.9268292682926833,4.634206130403488,13.945134043782971,5.407604832977968,85.75233022636485,8.10062893081761,9.5,14.0
SA Okpe,2026,T20I,330.0,289.0,15.0,17.0,22.0,9.0,22.0,114.19,252.0,16.8,121.15384615384615,19.0,507.0,208.0,13.263157894736842,163.0,145.0,6,0,0,0,0,0,0,1,0,0,16.0,2.0,13.954128440366972,12.075608152531228,12.59591122632855,175.76496307564884,15.233847810480976,106.31511924056494,16.355298308103293,5.684210526315789,100.0
SA Wittmann,2026,T20I,429.0,445.0,19.0,21.0,55.0,10.0,22.58,96.4,452.0,19.652173913043477,113.85390428211586,24.0,1053.0,397.0,18.833333333333332,223.0,243.0,6,1,0,0,0,0,0,1,0,0,10.0,6.0,15.963302752293576,17.935632183908048,17.991574552489684,287.20495157185366,18.316040290263185,103.81557499750507,18.8,1.0,188.0
SA Yadav,2026,IPL,270.0,183.0,13.0,13.0,28.0,10.0,20.77,147.54,717.0,65.18181818181819,167.91569086651054,16.0,4311.0,427.0,44.8125,345.0,555.6666666666666,13,0,0,0,1,0,0,0,0,0,11.0,16.0,13.81651376146789,40.12151394422311,36.52928639838342,504.70738821986635,18.496304118268217,168.63801283840357,51.24936386768449,3.6875,435.0
SA Yadav,2026,T20I,623.0,415.0,22.0,26.0,55.0,31.0,28.32,150.12,220.0,20.0,144.73684210526315,13.0,2597.0,152.0,16.923076923076923,542.0,597.3333333333334,5,0,0,0,0,0,0,1,0,0,17.0,24.0,16.825688073394495,28.967284623773175,28.045686708090972,471.8879763544848,22.411651450220482,160.70542682557928,34.23067010309278,3.3076923076923075,307.0
SB Dubey,2026,IPL,81.0,58.0,4.0,6.0,8.0,3.0,20.25,139.66,106.0,26.5,160.6060606060606,8.0,139.0,66.0,13.25,33.0,69.5,2,0,0,0,1,0,0,0,0,0,3.0,0.0,6.125,12.836734693877549,14.985938272760082,91.78887192065551,18.496304118268217,162.53229974160206,24.19230769230769,7.125,68.0
SB Harper,2025,BBL,381.0,245.0,7.0,10.0,37.0,15.0,54.43,155.51,153.0,13.909090909090908,109.28571428571428,11.0,1623.0,140.0,13.909090909090908,27.0,148.0,8,0,1,0,0,0,0,0,0,0,5.0,12.0,9.715596330275229,14.53257790368272,17.045494912587856,165.60714782046367,25.91609195402299,119.46902654867257,14.840887174541948,2.0,131.0
SB Martinez,2026,T20I,30.0,40.0,0.0,1.0,3.0,0.0,30.0,75.0,17.0,5.666666666666667,41.46341463414634,3.0,17.0,41.0,5.666666666666667,17.0,17.0,1,1,0,0,0,0,0,1,0,0,0.0,0.0,3.0,5.666666666666667,8.939462487208488,26.818387461625463,10.5758603974794,41.46341463414634,5.666666666666667,3.75,34.0
SB Patel,2026,T20I,46.0,34.0,4.0,4.0,4.0,3.0,11.5,135.29,109.0,12.11111111111111,109.00000000000001,9.0,109.0,100.0,12.11111111111111,109.0,109.0,1,0,0,0,0,0,0,1,0,0,0.0,0.0,9.0,12.11111111111111,9.429708599857854,84.86737739872069,5.407604832977968,109.00000000000001,12.11111111111111,7.555555555555555,47.0
SC Williams,2026,T20I,77.0,45.0,1.0,1.0,10.0,2.0,77.0,171.11,37.0,12.333333333333334,154.16666666666669,3.0,1541.0,24.0,12.333333333333334,209.0,151.33333333333334,11,0,0,0,0,0,0,1,0,0,12.0,10.0,7.238532110091742,18.39670468948035,19.502750629078182,141.17128666369433,22.411651450220482,129.83005366726294,19.58839406207827,3.0,140.0
SD Hope,2025,CPL,491.0,386.0,10.0,12.0,37.0,16.0,49.1,127.2,391.0,30.076923076923077,135.29411764705884,13.0,1762.0,289.0,30.076923076923077,481.0,374.6666666666667,8,0,0,1,0,0,0,0,0,0,12.0,9.0,11.458715596330274,32.079263410728586,30.616640771927923,350.8273791205318,24.527255185721177,135.28835764451648,34.78038194444444,3.076923076923077,306.0
SD Hope,2026,ODI,440.0,496.0,9.0,12.0,33.0,12.0,48.89,88.71,702.0,50.142857142857146,94.99323410013531,18.0,5425.0,739.0,39.0,237.0,524.0,9,0,0,0,0,1,0,0,0,0,6.0,14.0,14.339449541284404,39.2853486884197,37.19417678733095,533.3440212715439,26.29917118265859,92.00467492770346,49.1224,3.9444444444444446,403.0
SD Hope,2026,T20I,533.0,397.0,15.0,19.0,40.0,28.0,35.53,134.26,460.0,30.666666666666668,137.7245508982036,17.0,1133.0,334.0,27.058823529411764,354.0,293.6666666666667,6,0,0,0,0,0,0,1,0,0,12.0,2.0,12.036697247706421,27.097560975609756,26.22549344607081,315.6683247820633,22.411651450220482,140.2888485518112,32.20289855072464,2.4705882352941178,264.0
SD Hope,2026,Test,679.0,1394.0,15.0,8.0,70.0,6.0,45.27,48.71,113.0,18.833333333333332,50.22222222222222,3.0,1826.0,225.0,37.666666666666664,113.0,113.0,9,0,0,0,0,0,0,0,1,0,0.0,0.0,2.819672131147541,36.11046511627907,50.63993859653268,142.78802358366593,58.970170058544745,48.02443361942317,18.055232558139537,6.166666666666667,146.0
SD Parris,2025,CPL,28.0,33.0,3.0,3.0,0.0,2.0,9.33,84.85,179.0,22.375,108.4848484848485,8.0,179.0,165.0,22.375,179.0,179.0,1,0,0,1,0,0,0,0,0,0,0.0,0.0,8.0,22.375,23.29739507959479,186.37916063675831,24.527255185721177,108.4848484848485,22.375,2.375,152.0
SE Rutherford,2025,CPL,189.0,140.0,8.0,9.0,9.0,16.0,23.62,135.0,35.0,8.75,194.44444444444443,4.0,970.0,18.0,8.75,194.0,126.66666666666667,7,0,0,1,0,0,0,0,0,0,8.0,8.0,6.366972477064219,18.976945244956774,18.22773194527446,116.05546761486671,16.494551845342706,145.10797708241518,22.590051457975985,5.0,140.0
SE Rutherford,2026,IPL,123.0,75.0,5.0,7.0,5.0,12.0,24.6,164.0,291.0,32.333333333333336,157.2972972972973,11.0,397.0,185.0,26.454545454545453,291.0,291.0,3,0,0,0,1,0,0,0,0,0,0.0,0.0,9.37704918032787,26.071678321678323,23.46547160032164,220.03688123580292,18.496304118268217,152.1734693877551,31.595338983050848,4.454545454545454,182.0
SE Rutherford,2026,ODI,212.0,247.0,12.0,12.0,13.0,11.0,17.67,85.83,565.0,70.625,109.28433268858801,11.0,637.0,517.0,51.36363636363637,72.0,318.5,2,0,0,0,0,1,0,0,0,0,3.0,0.0,8.0,47.515625,40.74441633489104,325.95533067912834,26.29917118265859,106.29150646627052,62.06122448979592,4.909090909090909,332.0
SE Rutherford,2026,T20I,316.0,191.0,9.0,14.0,20.0,22.0,35.11,165.45,224.0,14.933333333333334,123.07692307692308,17.0,570.0,182.0,13.176470588235293,318.0,271.0,4,0,0,0,0,0,0,1,0,0,12.0,0.0,15.124999999999998,17.140495867768593,16.761691617976354,253.52058572189233,15.233847810480976,137.07865168539323,20.333333333333332,5.0588235294117645,153.0
SF Sirah,2026,T20I,15.0,15.0,1.0,3.0,1.0,0.0,15.0,100.0,37.0,5.285714285714286,50.0,8.0,37.0,74.0,4.625,37.0,37.0,1,1,0,0,0,0,0,1,0,0,0.0,0.0,8.0,4.625,7.175368741776885,57.40294993421508,10.5758603974794,50.0,5.285714285714286,6.625,34.0
SF Tiai,2026,T20I,91.0,68.0,7.0,8.0,3.0,7.0,13.0,133.82,97.0,24.25,101.04166666666667,4.0,207.0,96.0,24.25,35.0,66.0,3,0,0,0,0,0,0,1,0,0,5.0,0.0,4.45054945054945,16.60493827160494,16.021495522190488,71.30445809326535,15.233847810480976,100.53819703991628,18.475274725274726,5.5,81.0
SFM Devine,2026,ODI,289.0,339.0,5.0,5.0,25.0,5.0,57.8,85.25,130.0,26.0,79.75460122699386,5.0,2796.0,163.0,26.0,343.0,256.6666666666667,12,1,0,0,0,1,0,0,0,0,10.0,9.0,8.146788990825689,31.072072072072064,28.683954499390737,233.68212472898145,21.615126484254002,93.56074734664813,31.71494252873563,4.0,226.0
SFM Devine,2026,T20I,386.0,248.0,11.0,12.0,33.0,20.0,35.09,155.65,163.0,20.375,96.44970414201184,11.0,2637.0,169.0,14.818181818181818,248.0,226.33333333333334,14,1,0,0,0,0,0,1,0,0,12.0,15.0,11.431192660550456,18.219903691813805,16.736583518268965,191.31911067672593,10.5758603974794,109.8306724721819,22.954499494438824,4.090909090909091,148.0
SFS Cheema,2026,T20I,1.0,3.0,1.0,1.0,0.0,0.0,1.0,33.33,1.0,0.3333333333333333,20.0,3.0,1.0,5.0,0.3333333333333333,1.0,1.0,1,0,0,0,0,0,0,1,0,0,0.0,0.0,3.0,0.3333333333333333,10.267009651431762,30.801028954295283,15.233847810480976,20.0,0.3333333333333333,7.0,19.0
SG Luijke,2026,T20I,100.0,97.0,4.0,5.0,10.0,0.0,25.0,103.09,16.0,5.333333333333333,72.72727272727273,3.0,16.0,22.0,5.333333333333333,16.0,16.0,1,1,0,0,0,0,0,1,0,0,0.0,0.0,3.0,5.333333333333333,13.9884713046199,41.9654139138597,18.316040290263185,72.72727272727273,5.333333333333333,2.0,45.0
SH Lawlor,2026,T20I,48.0,79.0,4.0,4.0,4.0,0.0,12.0,60.76,26.0,13.0,49.056603773584904,3.0,87.0,53.0,8.666666666666666,61.0,43.5,2,1,0,0,0,0,0,1,0,0,3.0,0.0,2.9999999999999996,13.041666666666668,15.971874235331397,47.91562270599418,18.316040290263185,52.60504201680673,16.47368421052632,1.0,53.0
SH Mohamedi,2026,T20I,3.0,7.0,3.0,3.0,0.0,0.0,1.0,42.86,36.0,6.0,70.58823529411765,7.0,163.0,51.0,5.142857142857143,2.0,29.333333333333332,6,1,0,0,0,0,0,1,0,0,4.0,3.0,5.110091743119266,6.337522441651706,7.821188003785088,39.966988239525634,10.5758603974794,76.01205857019812,7.400419287211742,7.285714285714286,36.0
SH Venugopal,2026,T20I,75.0,63.0,4.0,4.0,4.0,4.0,18.75,119.05,174.0,24.857142857142858,103.57142857142858,9.0,174.0,168.0,19.333333333333332,174.0,174.0,1,0,0,0,0,0,0,1,0,0,0.0,0.0,9.0,19.333333333333332,17.69353912419239,159.24185211773153,15.233847810480976,103.57142857142858,24.857142857142858,5.444444444444445,104.0
SIR Dunkley,2026,ODI,280.0,334.0,9.0,9.0,32.0,1.0,31.11,83.83,196.0,32.666666666666664,101.55440414507773,7.0,981.0,193.0,28.0,16.0,106.0,5,1,0,0,0,1,0,0,0,0,2.0,8.0,6.899082568807339,24.355053191489365,23.573705271175097,162.6369391185658,21.615126484254002,89.54676575563487,26.50506512301013,3.7142857142857144,178.0
SIR Dunkley,2026,T20I,218.0,170.0,8.0,9.0,34.0,4.0,27.25,128.24,383.0,34.81818181818182,135.3356890459364,14.0,1245.0,283.0,27.357142857142858,122.0,275.0,6,1,0,0,0,0,0,1,0,0,9.0,13.0,12.256880733944953,23.616017964071858,22.644139417529924,277.54651616348605,18.316040290263185,129.39222440944883,27.822751322751323,1.9285714285714286,257.0
SJ Bryce,2026,ODI,70.0,59.0,0.0,1.0,11.0,0.0,70.0,118.64,127.0,25.4,80.89171974522293,5.0,298.0,157.0,25.4,171.0,149.0,2,1,0,0,0,1,0,0,0,0,5.0,0.0,5.0,28.7,25.663625636108858,128.31812818054428,21.615126484254002,76.43142476697736,28.7,4.0,140.0
SJ Bryce,2026,T20I,598.0,468.0,17.0,24.0,79.0,4.0,35.18,127.78,83.0,27.666666666666668,84.6938775510204,4.0,1278.0,98.0,20.75,106.0,169.33333333333334,7,1,0,0,0,0,0,1,0,0,8.0,11.0,6.559633027522936,20.651748251748252,19.961391218797,130.93940111412712,18.316040290263185,102.13737289894169,25.95079086115993,2.0,143.0
SJ French,2026,T20I,81.0,91.0,6.0,7.0,3.0,5.0,13.5,89.01,29.0,9.666666666666666,70.73170731707317,3.0,29.0,41.0,9.666666666666666,29.0,29.0,1,0,0,0,0,0,0,1,0,0,0.0,0.0,3.0,9.666666666666666,18.163323189035875,54.48996956710762,22.411651450220482,70.73170731707317,9.666666666666666,2.0,47.0
SK Patel,2026,ODI,326.0,389.0,11.0,11.0,40.0,6.0,29.64,83.8,376.0,41.77777777777778,80.86021505376344,11.0,559.0,465.0,34.18181818181818,183.0,279.5,2,0,0,0,0,1,0,0,0,0,5.0,0.0,8.75,34.7,34.167126736111115,298.96235894097225,32.92375578703704,79.1463017269469,40.483333333333334,1.0,283.0
SK Springer,2025,CPL,17.0,17.0,2.0,4.0,0.0,1.0,8.5,100.0,40.0,13.333333333333334,86.95652173913044,4.0,221.0,46.0,10.0,42.0,41.0,5,0,0,1,0,0,0,0,0,0,3.0,0.0,3.6249999999999996,11.24137931034483,13.912483989157307,50.43275446069523,16.494551845342706,100.0,15.523809523809524,6.25,63.0
SKS Gill,2026,T20I,91.0,100.0,7.0,8.0,8.0,0.0,13.0,91.0,187.0,31.166666666666668,103.8888888888889,7.0,755.0,180.0,26.714285714285715,166.0,187.33333333333334,4,0,0,0,0,0,0,1,0,0,7.0,9.0,7.431192660550458,24.95679012345679,24.2689148063659,180.3469815885906,22.411651450220482,104.06156697209926,26.98931909212283,2.0,169.0
SL Gomez,2026,T20I,90.0,95.0,3.0,4.0,10.0,0.0,30.0,94.74,44.0,6.285714285714286,64.70588235294117,9.0,183.0,68.0,4.888888888888889,12.0,32.0,5,1,0,0,0,0,0,1,0,0,4.0,6.0,7.330275229357798,4.999999999999999,6.5220729019507,47.80858943723495,10.5758603974794,65.52402821059536,5.962686567164179,6.6,38.0
SL Kalis,2026,T20I,553.0,534.0,18.0,21.0,77.0,3.0,30.72,103.56,302.0,37.75,116.15384615384616,10.0,1405.0,260.0,30.2,225.0,276.6666666666667,6,1,0,0,0,0,0,1,0,0,8.0,8.0,8.513761467889907,30.358836206896555,27.41678508719785,233.4199684488037,18.316040290263185,111.55856497980518,36.97244094488189,2.2,217.0
SM Boland,2026,Test,42.0,120.0,5.0,5.0,7.0,0.0,8.4,35.0,36.0,12.0,25.0,4.0,83.0,144.0,9.0,36.0,29.5,3,0,0,0,0,0,0,0,1,0,0.0,5.0,3.9493670886075956,7.9423076923076925,12.959120345385859,51.180323389372006,18.176605504587155,27.162117724432754,9.458015267175572,10.666666666666666,29.0
SM Curran,2026,ODI,71.0,109.0,6.0,6.0,9.0,0.0,11.83,65.14,129.0,43.0,80.625,3.0,587.0,160.0,43.0,75.0,131.0,8,0,0,0,0,1,0,0,0,0,4.0,10.0,4.330275229357798,26.875,26.651232324867326,115.40717116823282,26.29917118265859,89.53274985883681,27.940528634361232,6.0,148.0
SM Curran,2026,T20I,351.0,269.0,9.0,15.0,24.0,13.0,39.0,130.48,102.0,34.0,178.94736842105263,4.0,393.0,57.0,25.5,106.0,94.66666666666667,6,0,0,0,0,0,0,1,0,0,7.0,10.0,5.917431192660549,15.265116279069769,15.25518978110507,90.2715358606676,15.233847810480976,136.78799666574045,19.007722007722005,5.75,103.0
SM Nash,2026,T20I,16.0,40.0,6.0,7.0,1.0,0.0,2.67,40.0,54.0,18.0,73.97260273972603,4.0,77.0,73.0,13.5,23.0,38.5,2,0,0,0,0,0,0,1,0,0,4.0,0.0,4.0,10.593749999999998,12.838958617974667,51.35583447189867,15.233847810480976,74.0174672489083,14.125,6.25,50.0
SM Sharif,2026,ODI,45.0,24.0,1.0,5.0,2.0,4.0,45.0,187.5,46.0,46.0,143.75,3.0,538.0,32.0,15.333333333333334,23.0,37.0,12,0,0,0,0,1,0,0,0,0,2.0,8.0,4.3577981651376145,12.332631578947368,11.036800333809913,48.096148243667045,8.98506752900894,84.16666666666667,22.61776061776062,10.0,38.0
SM Sharif,2026,T20I,2.0,5.0,1.0,2.0,0.0,0.0,2.0,40.0,12.0,6.0,57.14285714285714,3.0,180.0,21.0,4.0,11.0,8.666666666666666,12,0,0,0,0,0,0,1,0,0,4.0,1.0,3.0458715596330275,3.8915662650602405,4.61120482578068,14.045137634487944,5.407604832977968,64.72945891783569,8.5,9.333333333333334,13.0
SN Netravalkar,2026,ODI,18.0,37.0,1.0,3.0,3.0,0.0,18.0,48.65,11.0,11.0,61.111111111111114,5.0,145.0,18.0,2.2,11.0,21.0,6,0,0,0,0,1,0,0,0,0,0.0,6.0,5.645569620253165,2.8789237668161434,5.334477558582684,30.116164444656675,8.98506752900894,58.204895738893924,8.075471698113207,11.0,9.0
SN Shihepo,2026,T20I,58.0,67.0,6.0,9.0,5.0,1.0,9.67,86.57,38.0,4.222222222222222,56.71641791044776,13.0,211.0,67.0,2.923076923076923,109.0,73.5,5,1,0,0,0,0,0,1,0,0,14.0,0.0,12.725274725274724,4.8635578583765104,6.038928751196035,76.84702740532975,10.5758603974794,71.43581938102484,7.267096774193548,7.3076923076923075,39.0
SN Thakur,2026,IPL,24.0,30.0,2.0,3.0,2.0,0.0,12.0,80.0,18.0,6.0,150.0,5.0,325.0,12.0,3.6,21.0,50.666666666666664,10,0,0,0,1,0,0,0,0,0,3.0,9.0,5.614678899082568,7.980392156862747,7.040436716538618,39.52979147267554,5.122927618277396,146.7989179440938,11.854368932038836,7.6,25.0
SO Hetmyer,2025,CPL,210.0,137.0,11.0,12.0,15.0,13.0,19.09,153.28,402.0,40.2,185.25345622119815,13.0,2063.0,217.0,30.923076923076923,227.0,303.3333333333333,8,0,0,1,0,0,0,0,0,0,10.0,11.0,11.541284403669724,27.35294117647059,25.262108827729662,291.5571826172836,16.494551845342706,157.55494505494505,31.920222634508352,4.153846153846154,248.0
SO Hetmyer,2026,IPL,78.0,69.0,6.0,7.0,5.0,3.0,13.0,113.04,245.0,22.272727272727273,145.83333333333331,13.0,1488.0,168.0,18.846153846153847,113.0,219.0,7,0,0,0,1,0,0,0,0,0,9.0,13.0,12.10091743119266,18.556482183472326,18.545331214008936,224.41552175484205,18.496304118268217,150.5289052890529,26.575461454940285,5.785714285714286,189.0
SO Hetmyer,2026,T20I,504.0,283.0,11.0,13.0,38.0,36.0,45.82,178.09,179.0,17.9,175.49019607843138,10.0,1069.0,102.0,17.9,34.0,105.0,8,0,0,0,0,0,0,1,0,0,3.0,4.0,7.28440366972477,18.443324937027707,17.563212379473757,127.93752870919415,15.233847810480976,151.4374353671148,19.44754316069057,4.3,131.0
SO Ngoche,2026,T20I,25.0,38.0,3.0,4.0,2.0,1.0,8.33,65.79,16.0,3.2,84.21052631578947,6.0,523.0,19.0,2.6666666666666665,169.0,91.33333333333333,10,0,0,0,0,0,0,1,0,0,15.0,7.0,8.642201834862385,8.959660297239916,8.10167588558244,70.0163182038409,5.407604832977968,114.75186947654659,12.885496183206108,8.666666666666666,46.0
SP Gomes,2026,T20I,136.0,115.0,5.0,5.0,12.0,2.0,27.2,118.26,173.0,57.666666666666664,155.85585585585585,5.0,386.0,111.0,34.6,173.0,152.0,3,0,0,0,0,0,0,1,0,0,0.0,3.0,4.405063291139241,34.224137931034484,28.755394189916885,126.66933136824147,22.411651450220482,147.34628232092044,54.38356164383561,1.6,136.0
SP Krishnamurthi,2026,ODI,93.0,85.0,3.0,5.0,4.0,6.0,31.0,109.41,242.0,30.25,100.83333333333333,9.0,255.0,240.0,26.88888888888889,242.0,242.0,2,0,0,0,0,1,0,0,0,0,0.0,0.0,9.0,26.88888888888889,26.65300180639677,239.87701625757092,26.29917118265859,100.83333333333333,30.25,6.888888888888889,151.0
SP Krishnamurthi,2026,T20I,106.0,68.0,3.0,4.0,5.0,8.0,35.33,155.88,90.0,30.0,130.43478260869566,5.0,90.0,69.0,18.0,90.0,90.0,1,0,0,0,0,0,0,1,0,0,0.0,0.0,5.0,18.0,16.491189714807806,82.45594857403903,15.233847810480976,130.43478260869566,30.0,5.8,61.0
SP Narine,2025,CPL,27.0,21.0,3.0,3.0,1.0,2.0,9.0,128.57,69.0,9.857142857142858,156.8181818181818,7.0,947.0,44.0,9.857142857142858,21.0,67.0,12,0,0,1,0,0,0,0,0,0,5.0,9.0,6.779816513761468,10.263870094722597,14.382268099823246,97.50913876852643,24.527255185721177,134.50966483419046,10.683098591549296,1.7142857142857142,99.0
SP Narine,2026,IPL,40.0,32.0,3.0,4.0,2.0,4.0,13.33,125.0,246.0,22.363636363636363,170.83333333333331,12.0,1780.0,144.0,20.5,488.0,251.66666666666666,14,0,0,0,1,0,0,0,0,0,14.0,10.0,11.91743119266055,21.631254811393376,22.800266991621342,271.7206130469369,27.86208973200843,173.55775169857935,23.73226351351351,2.0,255.0
SPD Smith,2026,Test,443.0,720.0,8.0,6.0,47.0,6.0,55.38,61.53,792.0,46.588235294117645,55.892731122088925,10.0,10477.0,1417.0,79.2,365.0,772.0,15,0,0,0,0,0,0,0,1,0,7.0,15.0,9.999999999999998,71.78256880733946,69.01730289033341,690.173028903334,58.970170058544745,52.08248740256543,44.76144164759726,4.235294117647059,483.0
SR Bhudia,2026,T20I,230.0,175.0,8.0,11.0,16.0,10.0,28.75,131.43,86.0,21.5,130.3030303030303,5.0,477.0,66.0,17.2,235.0,149.33333333333334,6,0,0,0,0,0,0,1,0,0,10.0,9.0,6.834862385321101,18.67248322147651,17.68531516090363,120.87669536580921,15.233847810480976,126.65938268232726,22.546191247974072,5.2,121.0
SR Magar,2026,T20I,117.0,118.0,7.0,11.0,16.0,1.0,16.71,99.15,47.0,23.5,72.3076923076923,4.0,753.0,65.0,11.75,223.0,151.33333333333334,6,1,0,0,0,0,0,1,0,0,12.0,14.0,8.761467889908255,15.4565445026178,14.289847106967187,125.20003657939138,10.5758603974794,82.07851423487543,21.26945244956772,6.5,100.0
SR Mohan,2026,T20I,26.0,41.0,3.0,4.0,2.0,0.0,8.67,63.41,36.0,9.0,64.28571428571429,4.0,65.0,56.0,9.0,36.0,36.0,2,0,0,0,0,0,0,1,0,0,0.0,0.0,4.0,8.684426229508198,12.296239601368185,49.18495840547274,15.233847810480976,63.25373134328358,9.545045045045045,6.5,39.0
SR Mukkamalla,2026,ODI,550.0,658.0,9.0,11.0,33.0,16.0,61.11,83.59,542.0,45.166666666666664,85.08634222919937,13.0,982.0,637.0,41.69230769230769,59.0,277.3333333333333,4,0,0,0,0,1,0,0,0,0,1.0,9.0,8.53211009174312,37.288172043010746,34.60792793072974,295.2786511520978,26.29917118265859,84.06176520495478,41.68028846153846,4.153846153846154,299.0
SR Mukkamalla,2026,T20I,98.0,76.0,3.0,3.0,7.0,4.0,32.67,128.95,563.0,43.30769230769231,150.13333333333335,16.0,639.0,375.0,35.1875,76.0,319.5,2,0,0,0,0,0,0,1,0,0,2.0,0.0,10.749999999999998,35.38372093023256,32.02887537505702,344.3104102818629,22.411651450220482,151.84630738522955,42.85915492957747,1.5,280.0
SR Taylor,2026,ODI,466.0,590.0,6.0,9.0,43.0,3.0,77.67,78.98,182.0,26.0,70.8171206225681,9.0,3196.0,257.0,20.22222222222222,217.0,320.3333333333333,13,1,0,0,0,1,0,0,0,0,12.0,17.0,13.064220183486238,23.929073033707866,23.526414121389905,307.3542542097177,21.615126484254002,68.039775563587,27.15139442231076,4.555555555555555,226.0
SR Taylor,2026,T20I,240.0,245.0,8.0,12.0,16.0,8.0,30.0,97.96,94.0,18.8,87.85046728971963,7.0,2524.0,107.0,13.428571428571429,420.0,186.33333333333334,14,1,0,0,0,0,0,1,0,0,18.0,2.0,9.30275229357798,21.277120315581858,20.601074647700884,191.64669442907058,18.316040290263185,109.19074851966195,24.713631156930123,2.5714285714285716,177.0
SS Iyer,2026,IPL,498.0,295.0,9.0,13.0,39.0,30.0,55.33,168.81,604.0,50.333333333333336,175.07246376811594,17.0,3735.0,345.0,35.529411764705884,351.0,477.5,10,0,0,0,1,0,0,0,0,0,14.0,0.0,15.648351648351646,31.70014044943821,31.032266194665045,485.6038138593738,27.86208973200843,162.97566611307676,44.56169792694966,3.4705882352941178,420.0
SS Iyer,2026,ODI,233.0,302.0,8.0,8.0,19.0,3.0,29.12,77.15,424.0,53.0,93.59823399558499,8.0,2820.0,453.0,53.0,751.0,570.6666666666666,8,0,0,0,0,1,0,0,0,0,17.0,12.0,11.036697247706421,47.0831255195345,42.93463163991855,473.8565308515781,26.29917118265859,100.45223991771009,51.16621499548329,4.0,430.0
SS Kang,2026,ODI,6.0,9.0,0.0,1.0,0.0,0.0,6.0,66.67,25.0,8.333333333333334,26.041666666666668,3.0,25.0,96.0,8.333333333333334,25.0,25.0,1,0,0,0,0,1,0,0,0,0,0.0,0.0,3.0,8.333333333333334,8.76782279711707,26.30346839135121,8.98506752900894,26.041666666666668,8.333333333333334,9.333333333333334,27.0
STRA de Silva,2026,T20I,57.0,67.0,4.0,4.0,6.0,0.0,14.25,85.07,51.0,12.75,71.83098591549296,5.0,116.0,71.0,10.2,51.0,58.0,2,0,0,0,0,0,0,1,0,0,0.0,3.0,4.470588235294118,12.23684210526316,13.725421097921014,61.360706084823356,15.233847810480976,79.11527009783073,15.762711864406782,5.4,54.0
SV Samson,2026,IPL,477.0,288.0,11.0,14.0,53.0,24.0,43.36,165.62,285.0,35.625,140.39408866995075,9.0,4704.0,203.0,31.666666666666668,531.0,392.6666666666667,13,0,0,0,1,0,0,0,0,0,15.0,14.0,12.284403669724771,31.16803584764749,30.562920634290737,375.44725439738806,27.86208973200843,147.94044665012402,37.19607843137254,2.2222222222222223,311.0
SV Samson,2026,T20I,571.0,353.0,19.0,20.0,48.0,37.0,30.05,161.76,417.0,37.90909090909091,183.70044052863437,12.0,861.0,227.0,34.75,70.0,188.33333333333334,7,0,0,0,0,0,0,1,0,0,4.0,6.0,8.100917431192661,29.810872027180064,27.934484729557177,226.29495427705496,22.411651450220482,170.91747289137072,34.00904392764858,1.0,225.0
SW Bates,2026,ODI,86.0,153.0,10.0,10.0,13.0,0.0,8.6,56.21,178.0,25.428571428571427,72.06477732793523,7.0,3303.0,247.0,25.428571428571427,359.0,283.6666666666667,13,1,0,0,0,1,0,0,0,0,12.0,9.0,9.614678899082566,29.368320610687025,29.6473500793596,285.0497512217326,30.622093023255815,75.6569405865146,31.31027466937945,1.0,212.0
SW Bates,2026,T20I,42.0,38.0,3.0,4.0,4.0,1.0,14.0,110.53,368.0,24.533333333333335,104.24929178470255,15.0,3165.0,353.0,24.533333333333335,395.0,395.0,16,1,0,0,0,0,0,1,0,0,16.0,15.0,14.36697247706422,25.480842911877392,24.328945384286687,349.53328873204543,18.316040290263185,104.30793360345054,26.478433974784338,1.0,292.0
SW Billings,2025,BBL,204.0,156.0,10.0,10.0,15.0,8.0,20.4,130.77,271.0,30.11111111111111,132.84313725490196,11.0,1430.0,204.0,24.636363636363637,145.0,201.0,7,0,1,0,0,0,0,0,0,0,7.0,8.0,9.20183486238532,24.317048853439683,22.753908339156315,209.37770701076863,17.527808553068912,136.53921513743492,27.684449489216803,4.7272727272727275,199.0
SW Billings,2026,PSL,227.0,155.0,8.0,10.0,21.0,7.0,28.38,146.45,161.0,26.833333333333332,185.05747126436782,8.0,563.0,87.0,20.125,161.0,198.0,4,0,0,0,0,0,1,0,0,0,0.0,10.0,8.529411764705882,21.17241379310345,20.081868730072323,171.28652740355804,17.973481608212147,162.56288059306328,26.58008658008658,5.125,144.0
SY Nihute,2026,T20I,125.0,152.0,7.0,9.0,6.0,4.0,17.86,82.24,215.0,17.916666666666668,89.9581589958159,13.0,215.0,239.0,16.53846153846154,215.0,215.0,1,0,0,0,0,0,0,1,0,0,0.0,0.0,13.0,16.53846153846154,16.12647825594136,209.6442173272377,15.233847810480976,89.9581589958159,17.916666666666668,4.0,118.0
SYD Chan,2026,T20I,36.0,55.0,3.0,4.0,1.0,0.0,12.0,65.45,22.0,7.333333333333333,68.75,5.0,43.0,32.0,4.4,22.0,21.5,2,1,0,0,0,0,0,1,0,0,0.0,3.0,4.470588235294118,4.8618421052631575,7.699930660999701,34.423219425645726,10.5758603974794,59.54875100725221,7.245098039215685,6.6,26.0
SZ Vayani,2026,T20I,152.0,140.0,10.0,12.0,16.0,3.0,15.2,108.57,103.0,7.357142857142857,96.26168224299066,17.0,110.0,107.0,6.0588235294117645,7.0,55.0,2,0,0,0,0,0,0,1,0,0,1.0,0.0,11.0,6.090909090909091,8.41538503656296,92.56923540219256,15.233847810480976,92.41379310344828,7.6571428571428575,7.176470588235294,46.0
Saad Baig,2026,PSL,143.0,112.0,6.0,6.0,23.0,0.0,23.83,127.68,70.0,14.0,125.0,5.0,70.0,56.0,14.0,0.0,35.0,2,0,0,0,0,0,1,0,0,0,1.0,0.0,3.4999999999999996,12.5,15.331111176661455,53.65888911831509,17.973481608212147,123.67491166077738,12.5,4.0,71.0
Saad Bin Zafar,2026,ODI,100.0,119.0,5.0,6.0,10.0,2.0,20.0,84.03,161.0,16.1,81.7258883248731,11.0,356.0,197.0,14.636363636363637,140.0,118.66666666666667,3,0,0,0,0,1,0,0,0,0,10.0,4.0,9.408163265306124,14.360086767895877,17.291122221601945,162.67770090119384,26.29917118265859,78.23209643110376,16.930946291560105,7.454545454545454,95.0
Saad Bin Zafar,2026,T20I,16.0,15.0,2.0,2.0,2.0,0.0,8.0,106.67,144.0,36.0,127.43362831858407,10.0,455.0,113.0,14.4,172.0,130.0,6,0,0,0,0,0,0,1,0,0,10.0,5.0,8.36697247706422,15.27850877192982,12.835215717733817,107.39189664746092,5.407604832977968,126.05391713406908,38.07103825136611,7.7,86.0
Saber Zakhil,2026,T20I,32.0,23.0,2.0,2.0,3.0,2.0,16.0,139.13,267.0,26.7,188.0281690140845,11.0,687.0,142.0,24.272727272727273,88.0,139.0,6,0,0,0,0,0,0,1,0,0,7.0,2.0,7.706422018348624,21.320238095238096,19.718556441354643,151.9595175297055,15.233847810480976,168.12805107022157,22.669620253164556,5.636363636363637,151.0
Sachin Mandy,2026,T20I,46.0,50.0,6.0,6.0,4.0,1.0,7.67,92.0,101.0,33.666666666666664,124.69135802469135,4.0,166.0,81.0,25.25,8.0,41.0,4,0,0,0,0,0,0,1,0,0,2.0,4.0,3.4495412844036695,15.997340425531915,15.658512341929429,54.01468477582995,15.233847810480976,119.29789765965889,18.450920245398773,5.75,78.0
Sadia Iqbal,2026,T20I,4.0,10.0,1.0,5.0,0.0,0.0,4.0,40.0,2.0,1.0,33.33333333333333,3.0,16.0,6.0,0.6666666666666666,9.0,5.0,4,1,0,0,0,0,0,1,0,0,5.0,1.0,3.2448979591836737,1.389937106918239,2.288523773960667,7.426026123668288,3.241025641025641,42.82945736434108,2.009090909090909,11.0,4.0
Saee Parkhi,2026,T20I,29.0,84.0,5.0,5.0,2.0,0.0,5.8,34.52,12.0,4.0,85.71428571428571,3.0,12.0,14.0,4.0,12.0,12.0,1,1,0,0,0,0,0,1,0,0,0.0,0.0,3.0,4.0,3.494017094017094,10.482051282051282,3.241025641025641,85.71428571428571,4.0,8.0,14.0
Saeed Ahmed,2026,T20I,237.0,204.0,16.0,16.0,19.0,10.0,14.81,116.18,125.0,41.666666666666664,164.4736842105263,5.0,151.0,76.0,25.0,8.0,50.333333333333336,3,0,0,0,0,0,0,1,0,0,2.0,1.0,3.3469387755102042,20.774390243902438,18.12763430436989,60.67208216156454,15.233847810480976,160.32941176470587,29.8859649122807,5.4,91.0
Saeed Waqar Ali,2026,T20I,1.0,15.0,2.0,2.0,0.0,0.0,0.5,6.67,11.0,3.6666666666666665,33.33333333333333,5.0,16.0,33.0,2.2,5.0,8.0,2,0,0,0,0,0,0,1,0,0,2.0,0.0,3.875,2.258064516129032,3.8070187703170335,14.752197734978505,5.407604832977968,35.8974358974359,3.888888888888889,10.4,6.0
Saghar Manzoor,2026,T20I,81.0,93.0,7.0,8.0,5.0,5.0,11.57,87.1,67.0,22.333333333333332,106.34920634920636,4.0,121.0,63.0,16.75,54.0,60.5,2,0,0,0,0,0,0,1,0,0,5.0,0.0,4.375,14.200000000000001,14.677160527914298,64.21257730962505,15.233847810480976,108.99122807017545,16.566666666666666,5.5,75.0
Sahibzada Farhan,2026,PSL,380.0,228.0,9.0,10.0,33.0,23.0,42.22,166.67,449.0,37.416666666666664,152.20338983050848,12.0,906.0,295.0,37.416666666666664,266.0,357.5,5,0,0,0,0,0,1,0,0,0,8.0,0.0,9.835164835164836,34.6268156424581,32.75535017074393,322.1542681628112,27.17214484679666,145.70286788904562,36.289227166276355,1.0,298.0
Sahibzada Farhan,2026,T20I,853.0,580.0,20.0,22.0,79.0,41.0,42.65,147.07,353.0,23.533333333333335,122.99651567944252,15.0,413.0,287.0,23.533333333333335,20.0,186.5,4,0,0,0,0,0,0,1,0,0,2.0,0.0,10.124999999999998,22.530864197530864,22.498644536095625,227.79877592796817,22.411651450220482,123.06136210384355,22.530864197530864,1.2666666666666666,170.0
Sahil Chauhan,2026,T20I,47.0,39.0,5.0,5.0,5.0,3.0,9.4,120.51,89.0,11.125,128.9855072463768,8.0,471.0,69.0,11.125,382.0,235.5,2,0,0,0,0,0,0,1,0,0,12.0,0.0,9.499999999999998,20.93421052631579,19.32090032372103,183.54855307534976,15.233847810480976,176.77777777777777,26.081967213114755,4.625,149.0
Saim Ayub,2026,ODI,208.0,217.0,5.0,5.0,25.0,4.0,41.6,95.85,543.0,49.36363636363637,101.68539325842696,12.0,543.0,534.0,45.25,543.0,543.0,1,0,0,0,0,1,0,0,0,0,0.0,0.0,12.0,45.25,41.14125192901234,493.6950231481481,32.92375578703704,101.68539325842696,49.36363636363637,1.0833333333333333,365.0
Saim Ayub,2026,PSL,258.0,216.0,12.0,13.0,29.0,7.0,21.5,119.44,174.0,17.4,125.17985611510791,10.0,974.0,139.0,17.4,345.0,286.6666666666667,5,0,0,0,0,0,1,0,0,0,11.0,12.0,10.673469387755103,24.080305927342256,24.769423071351408,264.37567890442426,27.17214484679666,146.2038541908521,24.080305927342256,1.3,224.0
Saim Ayub,2026,T20I,482.0,353.0,21.0,22.0,50.0,23.0,22.95,136.54,476.0,29.75,152.07667731629394,18.0,719.0,313.0,26.444444444444443,186.0,239.66666666666666,3,0,0,0,0,0,0,1,0,0,14.0,4.0,14.204081632653061,21.8433908045977,21.94414623821876,311.69644452653586,22.411651450220482,144.69401351479965,23.53405572755418,1.9444444444444444,247.0
Saim Ayub,2026,Test,0.0,11.0,2.0,1.0,0.0,0.0,0.0,0.0,196.0,24.5,55.0561797752809,4.0,364.0,356.0,49.0,168.0,182.0,2,0,0,0,0,0,0,0,1,0,3.0,0.0,3.6249999999999996,51.17241379310345,58.02442722085001,210.33854867558125,64.64804020100503,55.31121878494223,25.586206896551726,1.875,200.0
Sajid Khan,2026,Test,115.0,172.0,7.0,4.0,13.0,5.0,16.43,66.86,118.0,23.6,71.08433734939759,4.0,206.0,166.0,29.5,15.0,66.5,4,0,0,0,0,0,0,0,1,0,1.0,0.0,2.89010989010989,26.068441064638787,21.863200091254257,63.18705081318538,18.176605504587155,67.40070782540307,18.783561643835615,9.285714285714286,74.0
Sajid Liaqat,2026,T20I,64.0,42.0,3.0,7.0,3.0,4.0,21.33,152.38,56.0,28.0,164.70588235294116,3.0,81.0,34.0,18.666666666666668,10.0,33.0,3,0,0,0,0,0,0,1,0,0,2.0,0.0,2.4285714285714284,14.773755656108596,9.380578598643744,22.781405168134807,5.407604832977968,155.10688836104515,19.093567251461984,8.0,27.0
Sameer Rizvi,2026,IPL,252.0,171.0,7.0,9.0,15.0,17.0,36.0,147.37,121.0,40.333333333333336,153.1645569620253,4.0,172.0,79.0,30.25,51.0,86.0,2,0,0,0,1,0,0,0,0,0,5.0,0.0,4.375,21.657142857142855,20.198294208431488,88.36753716188775,18.496304118268217,144.65648854961833,28.074074074074073,4.5,111.0
Sameera Khan,2026,T20I,160.0,161.0,9.0,17.0,12.0,0.0,17.78,99.38,11.0,11.0,40.74074074074074,3.0,18.0,27.0,3.6666666666666665,7.0,9.0,4,1,0,0,0,0,0,1,0,0,2.0,0.0,2.4285714285714284,3.438914027149321,7.54848007532403,18.33202304007264,10.5758603974794,38.11434302908726,7.524752475247524,6.666666666666667,19.0
Sami Sohail,2026,T20I,292.0,239.0,13.0,14.0,29.0,12.0,22.46,122.18,723.0,38.05263157894737,128.64768683274022,22.0,1023.0,562.0,32.86363636363637,79.0,284.0,4,0,0,0,0,0,0,1,0,0,2.0,2.0,11.477064220183486,33.014388489208635,30.963568945884038,355.3708692779902,22.411651450220482,129.4377585558481,40.49117647058823,2.590909090909091,267.0
Samiullah Rahmani,2026,T20I,84.0,55.0,8.0,8.0,5.0,6.0,10.5,152.73,128.0,18.285714285714285,147.1264367816092,8.0,196.0,87.0,16.0,43.0,65.33333333333333,3,0,0,0,0,0,0,1,0,0,2.0,1.0,4.877551020408163,17.029288702928874,16.336959309954107,79.68435255263329,15.233847810480976,149.41262848751836,19.01869158878505,6.875,60.0
Samjhana Khadka,2026,T20I,388.0,357.0,25.0,27.0,52.0,0.0,15.52,108.68,194.0,12.125,91.07981220657277,17.0,325.0,213.0,11.411764705882353,84.0,108.33333333333333,3,1,0,0,0,0,0,1,0,0,5.0,6.0,11.306122448979592,11.792418772563176,13.182394948209485,149.04177145526643,18.316040290263185,95.17773892773891,12.71011673151751,1.0,96.0
Sana Butt,2026,T20I,25.0,82.0,7.0,8.0,2.0,0.0,3.57,30.49,9.0,3.0,56.25,3.0,12.0,16.0,3.0,3.0,6.0,2,1,0,0,0,0,0,1,0,0,3.0,0.0,2.9999999999999996,2.2500000000000004,2.8005698005698005,8.4017094017094,3.241025641025641,41.221374045801525,2.5714285714285716,8.0,9.0
Saqlain Arshad,2026,T20I,42.0,40.0,5.0,6.0,5.0,0.0,8.4,105.0,249.0,16.6,119.71153846153845,15.0,547.0,208.0,16.6,246.0,182.33333333333334,3,0,0,0,0,0,0,1,0,0,12.0,2.0,11.693877551020407,18.120418848167542,19.010716068510476,222.30898586237757,22.411651450220482,127.18030377266048,18.607526881720432,1.5333333333333334,145.0
Sarawut Maliwan,2026,T20I,4.0,14.0,1.0,3.0,0.0,0.0,4.0,28.57,10.0,1.6666666666666667,50.0,7.0,21.0,20.0,1.4285714285714286,6.0,7.0,3,0,0,0,0,0,0,1,0,0,4.0,1.0,4.979591836734694,1.5778688524590163,3.0358901648393277,15.117493882057062,5.407604832977968,40.271966527196646,2.138888888888889,10.285714285714286,6.0
Saud Shakeel,2026,PSL,280.0,212.0,10.0,10.0,33.0,6.0,28.0,132.08,237.0,26.333333333333332,117.32673267326732,11.0,560.0,202.0,21.545454545454547,323.0,280.0,2,0,0,0,0,0,1,0,0,0,10.0,0.0,10.625,25.341176470588234,25.81882039481652,274.32496669492554,27.17214484679666,127.1546635182999,29.916666666666668,1.0,215.0
Saud Shakeel,2026,Test,348.0,622.0,14.0,7.0,46.0,2.0,24.86,55.95,532.0,40.92307692307692,57.08154506437768,7.0,1658.0,932.0,76.0,251.0,552.6666666666666,3,0,0,0,0,0,0,0,1,0,5.0,7.0,6.387755102040816,79.68051118210863,72.97089742717432,466.12022234092984,58.970170058544745,51.862172222337755,44.14159292035398,4.923076923076923,449.0
Sazib Bhuiyan,2026,T20I,179.0,119.0,7.0,7.0,10.0,13.0,25.57,150.42,142.0,17.75,125.66371681415929,8.0,349.0,113.0,17.75,104.0,84.33333333333333,4,0,0,0,0,0,0,1,0,0,5.0,2.0,6.18348623853211,16.916913946587538,16.398515752714882,101.3999964892645,15.233847810480976,129.52402590026128,17.677519379844966,3.625,102.0
Seika Sumi,2026,T20I,4.0,8.0,2.0,3.0,0.0,0.0,2.0,50.0,74.0,12.333333333333334,89.1566265060241,10.0,104.0,83.0,7.4,28.0,34.666666666666664,3,1,0,0,0,0,0,1,0,0,5.0,1.0,6.816326530612245,6.850299401197605,8.004915412441964,54.56411730113502,10.5758603974794,80.0559832050385,9.777777777777779,5.7,53.0
Sejal Vinod,2026,T20I,4.0,19.0,0.0,2.0,0.0,0.0,4.0,21.05,22.0,7.333333333333333,73.33333333333333,3.0,22.0,30.0,7.333333333333333,22.0,22.0,1,1,0,0,0,0,0,1,0,0,0.0,0.0,3.0,7.333333333333333,14.655137971286567,43.965413913859706,18.316040290263185,73.33333333333333,7.333333333333333,3.0,40.0
Selim Salau,2026,T20I,282.0,242.0,15.0,15.0,24.0,9.0,18.8,116.53,456.0,30.4,111.21951219512196,16.0,589.0,410.0,28.5,133.0,294.5,2,0,0,0,0,0,0,1,0,0,5.0,0.0,11.875,28.2,26.810796348052914,318.37820663312834,22.411651450220482,108.85818772856561,29.766666666666666,2.0625,231.0
Shadab Khan,2026,PSL,173.0,122.0,5.0,8.0,13.0,6.0,34.6,141.8,173.0,24.714285714285715,155.85585585585585,7.0,1413.0,111.0,24.714285714285715,305.0,204.33333333333334,9,0,0,0,0,0,1,0,0,0,12.0,9.0,8.807339449541283,24.14375,22.674638478145752,199.7032379726598,17.973481608212147,149.58373668925458,26.27891156462585,5.0,173.0
Shadab Khan,2026,T20I,217.0,135.0,8.0,11.0,17.0,12.0,27.12,160.74,113.0,18.833333333333332,143.03797468354432,6.0,687.0,79.0,18.833333333333332,113.0,131.33333333333334,9,0,0,0,0,0,0,1,0,0,9.0,10.0,7.28440366972477,16.122166246851386,15.878568869418915,115.66590534237264,15.233847810480976,148.24551244933411,17.680939226519335,5.833333333333333,101.0
Shadman Islam,2026,Test,291.0,444.0,10.0,6.0,36.0,1.0,29.1,65.54,512.0,30.11764705882353,52.6207605344296,9.0,1166.0,973.0,56.888888888888886,136.0,324.0,6,0,0,0,0,0,0,0,1,0,2.0,0.0,6.208791208791208,54.127433628318585,57.77619891364338,358.72035589240113,64.64804020100503,51.50305663618451,29.125714285714285,1.4705882352941178,302.0
Shafali Verma,2026,ODI,101.0,100.0,3.0,3.0,9.0,2.0,33.67,101.0,56.0,18.666666666666668,133.33333333333331,3.0,644.0,42.0,18.666666666666668,53.0,40.333333333333336,5,1,0,0,0,1,0,0,0,0,4.0,3.0,4.587155963302752,19.002000000000002,23.359534883720933,107.15382974183915,30.622093023255815,86.6484268125855,19.429447852760735,1.3333333333333333,126.0
Shafali Verma,2026,T20I,916.0,570.0,24.0,26.0,124.0,29.0,38.17,160.7,273.0,30.333333333333332,134.48275862068965,9.0,2221.0,203.0,30.333333333333332,585.0,432.0,6,1,0,0,0,0,0,1,0,0,21.0,19.0,14.559633027522935,26.429741650913677,25.139805027598815,366.0263355853148,18.316040290263185,128.39868980928767,28.018704074816306,1.5555555555555556,260.0
Shafali Verma,2026,WPL,259.0,207.0,10.0,10.0,39.0,4.0,25.9,125.12,304.0,38.0,152.76381909547737,9.0,865.0,199.0,33.77777777777778,309.0,288.3333333333333,3,1,0,0,0,0,0,0,0,1,9.0,9.0,8.999999999999998,32.88662131519275,31.04694531446881,279.4225078302192,25.638297872340427,158.4334717063579,36.99744897959184,1.7777777777777777,247.0
Shafina Mahesh,2026,T20I,66.0,108.0,8.0,7.0,7.0,0.0,8.25,61.11,249.0,22.636363636363637,79.55271565495208,14.0,449.0,313.0,17.785714285714285,25.0,111.33333333333333,5,1,0,0,0,0,0,1,0,0,8.0,7.0,10.486238532110091,13.407699037620297,14.428144204489922,151.29696170396312,18.316040290263185,73.17131398013751,16.01358411703239,3.2142857142857144,105.0
Shah Abrar Hussain,2026,T20I,279.0,260.0,8.0,9.0,17.0,14.0,34.88,107.31,65.0,13.0,110.16949152542372,8.0,79.0,59.0,8.125,14.0,39.5,2,0,0,0,0,0,0,1,0,0,3.0,0.0,6.125,7.489795918367347,10.430575117904167,63.887272597163026,15.233847810480976,98.39142091152816,10.794117647058824,6.25,50.0
Shaheen Shah Afridi,2026,ODI,60.0,75.0,5.0,6.0,5.0,2.0,12.0,80.0,76.0,9.5,97.43589743589743,9.0,261.0,78.0,8.444444444444445,52.0,53.0,6,0,0,0,0,1,0,0,0,0,5.0,4.0,6.26605504587156,8.906295754026354,8.930335970196014,55.95797676737502,8.98506752900894,101.99530516431925,11.974409448818896,8.222222222222221,51.0
Shaheen Shah Afridi,2026,PSL,51.0,47.0,6.0,7.0,2.0,4.0,8.5,108.51,31.0,6.2,91.17647058823529,7.0,359.0,34.0,4.428571428571429,107.0,90.33333333333333,8,0,0,0,0,0,1,0,0,0,6.0,8.0,6.587155963302752,10.637883008356544,9.091724416159195,59.88860670460828,5.391251518833536,141.97026022304834,13.811934900542497,7.571428571428571,39.0
Shaheen Shah Afridi,2026,T20I,66.0,59.0,6.0,9.0,4.0,4.0,11.0,111.86,131.0,21.833333333333332,137.89473684210526,11.0,277.0,95.0,11.909090909090908,98.0,86.0,6,0,0,0,0,0,0,1,0,0,10.0,5.0,8.724770642201834,10.527865404837014,9.29998517177729,81.14023759963489,5.407604832977968,135.6272013004606,18.784240150093808,8.727272727272727,52.0
Shaheryar Butt,2026,T20I,73.0,59.0,2.0,3.0,7.0,4.0,36.5,123.73,338.0,33.8,132.03125,12.0,717.0,256.0,28.166666666666668,104.0,167.66666666666666,6,0,0,0,0,0,0,1,0,0,8.0,2.0,8.541284403669724,23.699248120300748,21.636193617501455,184.8008830999436,15.233847810480976,125.20002269761106,28.32349165596919,4.5,178.0
Shahid Afridi,2026,T20I,164.0,84.0,11.0,12.0,7.0,18.0,14.91,195.24,55.0,9.166666666666666,183.33333333333331,6.0,1559.0,30.0,9.166666666666666,55.0,81.5,14,0,0,0,0,0,0,1,0,0,0.0,5.0,5.735294117647059,12.035897435897436,16.547094833429192,94.90245566231448,22.411651450220482,181.93798449612405,12.035897435897436,1.3333333333333333,75.0
Shahid Arshad,2026,T20I,29.0,46.0,4.0,4.0,1.0,1.0,7.25,63.04,37.0,9.25,86.04651162790698,4.0,113.0,43.0,9.25,46.0,41.5,3,0,0,0,0,0,0,1,0,0,3.0,0.0,3.67032967032967,10.658682634730537,12.823587292025698,47.06679291798443,15.233847810480976,83.15814062135016,10.658682634730537,4.0,59.0
Shahid Wasif,2026,T20I,174.0,118.0,3.0,5.0,14.0,12.0,58.0,147.46,56.0,18.666666666666668,107.6923076923077,4.0,378.0,52.0,14.0,56.0,40.0,6,0,0,0,0,0,0,1,0,0,0.0,2.0,3.405063291139241,13.609665427509293,14.466000603065542,49.257647623096595,15.233847810480976,100.826218672542,19.26842105263158,6.5,52.0
Shahreeennawab,2026,T20I,63.0,106.0,9.0,12.0,2.0,0.0,7.0,59.43,84.0,21.0,51.85185185185185,6.0,312.0,162.0,14.0,84.0,65.0,3,1,0,0,0,0,0,1,0,0,0.0,5.0,6.468354430379747,13.757338551859101,15.443664718962953,99.89509710620341,18.316040290263185,59.279871827304156,17.575,3.3333333333333335,72.0
Shahzaib Jamil,2026,T20I,62.0,60.0,5.0,6.0,1.0,4.0,12.4,103.33,217.0,43.4,163.1578947368421,7.0,313.0,133.0,31.0,96.0,156.5,2,0,0,0,0,0,0,1,0,0,6.0,0.0,6.624999999999999,25.905660377358494,22.04837872667987,146.07050906425414,15.233847810480976,150.21881838074398,31.93023255813954,5.428571428571429,148.0
Shakeel Ahmed,2026,ODI,85.0,168.0,7.0,9.0,6.0,2.0,12.14,50.6,99.0,16.5,56.25,10.0,99.0,176.0,9.9,99.0,99.0,1,0,0,0,0,1,0,0,0,0,0.0,0.0,10.0,9.9,9.556900323378352,95.56900323378352,8.98506752900894,56.25,16.5,9.2,52.0
Shakeel Ahmed,2026,T20I,19.0,25.0,3.0,4.0,2.0,0.0,6.33,76.0,159.0,19.875,101.27388535031847,11.0,224.0,157.0,14.454545454545455,65.0,112.0,2,0,0,0,0,0,0,1,0,0,10.0,0.0,10.625,11.647058823529411,10.01937517382034,106.4558612218411,5.407604832977968,99.19839679358718,16.229508196721312,9.090909090909092,58.0
Shamim Hossain,2026,T20I,88.0,84.0,8.0,10.0,6.0,4.0,11.0,104.76,235.0,21.363636363636363,142.42424242424244,15.0,449.0,165.0,15.666666666666666,9.0,108.33333333333333,5,0,0,0,0,0,0,1,0,0,1.0,2.0,7.788990825688073,16.548881036513546,16.205530324755696,126.22472702493197,15.233847810480976,134.3597590131013,21.64869029275809,6.466666666666667,100.0
Shan Masood,2026,PSL,367.0,232.0,8.0,11.0,30.0,15.0,45.88,158.19,27.0,9.0,84.375,3.0,1503.0,32.0,9.0,158.0,140.33333333333334,7,0,0,0,0,0,1,0,0,0,10.0,9.0,6.825688073394495,20.962365591397845,20.10349088358586,137.22015795768698,17.973481608212147,117.19266606552449,20.962365591397845,4.0,144.0
Shan Masood,2026,Test,546.0,1022.0,16.0,8.0,56.0,4.0,34.12,53.42,497.0,38.23076923076923,62.83185840707964,7.0,2380.0,791.0,71.0,286.0,334.0,11,0,0,0,0,0,0,0,1,0,5.0,5.0,6.020408163265307,63.342372881355935,63.78248546101293,383.996596142833,64.64804020100503,65.22391706516807,33.60791366906475,1.9285714285714286,357.0
Shantanu Kaveri,2026,T20I,116.0,132.0,7.0,9.0,6.0,1.0,16.57,87.88,80.0,10.0,61.53846153846154,9.0,182.0,130.0,8.88888888888889,102.0,91.0,2,0,0,0,0,0,0,1,0,0,6.0,0.0,7.874999999999999,11.206349206349206,12.505542304456227,98.48114564759278,15.233847810480976,72.93388429752066,12.836363636363636,5.888888888888889,72.0
Shanzeen Shahzad,2026,T20I,80.0,129.0,12.0,12.0,8.0,0.0,6.67,62.02,356.0,17.8,85.78313253012048,21.0,643.0,415.0,16.952380952380953,132.0,186.0,6,1,0,0,0,0,0,1,0,0,11.0,13.0,16.01834862385321,13.650630011454751,14.334707764945723,229.61834639995624,18.316040290263185,80.44688966145745,15.288005131494547,2.0952380952380953,147.0
Sharmin Akhter,2026,ODI,323.0,526.0,9.0,10.0,40.0,1.0,35.89,61.41,567.0,56.7,74.31192660550458,11.0,909.0,763.0,51.54545454545455,567.0,307.0,4,1,0,0,0,1,0,0,0,0,0.0,4.0,8.848101265822786,44.56938483547925,40.38100891589263,357.2952561039108,30.622093023255815,70.19986930755536,48.00308166409861,3.0,282.0
Sharmin Akhter,2026,T20I,365.0,370.0,16.0,18.0,34.0,2.0,22.81,98.65,160.0,32.0,96.96969696969697,6.0,309.0,165.0,26.666666666666668,160.0,92.0,5,1,0,0,0,0,0,1,0,0,0.0,2.0,4.9411764705882355,25.095238095238095,21.897503281570685,108.19942797952574,18.316040290263185,93.81397418780595,29.48251748251748,3.5,93.0
Shashank Singh,2026,IPL,132.0,70.0,6.0,9.0,11.0,8.0,22.0,188.57,350.0,50.0,153.50877192982458,14.0,773.0,228.0,25.0,354.0,352.0,3,0,0,0,1,0,0,0,0,0,14.0,0.0,12.912087912087912,24.57787234042553,23.34094321049523,301.3803106849659,18.496304118268217,157.2330810693091,45.55047318611986,6.285714285714286,279.0
Shashikant Laxman,2026,T20I,54.0,42.0,2.0,2.0,5.0,2.0,27.0,128.57,84.0,9.333333333333334,110.5263157894737,9.0,124.0,76.0,9.333333333333334,40.0,62.0,2,0,0,0,0,0,0,1,0,0,6.0,0.0,7.874999999999999,8.571428571428571,13.036016596845315,102.65863070015683,22.411651450220482,101.31332082551596,8.571428571428571,1.0,81.0
Shayan Jahangir,2026,ODI,141.0,175.0,8.0,8.0,16.0,5.0,17.62,80.57,158.0,26.333333333333332,102.59740259740259,7.0,624.0,154.0,22.571428571428573,128.0,208.0,3,0,0,0,0,1,0,0,0,0,5.0,11.0,7.122448979591837,25.535816618911173,25.765281918634848,183.5119059102768,26.29917118265859,94.14747517430806,31.270175438596496,4.142857142857143,176.0
Shayan Jahangir,2026,T20I,91.0,66.0,3.0,3.0,8.0,5.0,30.33,137.88,296.0,37.0,147.2636815920398,12.0,372.0,201.0,24.666666666666668,76.0,186.0,2,0,0,0,0,0,0,1,0,0,6.0,0.0,9.75,21.897435897435898,20.046439206615087,195.4527822644971,15.233847810480976,138.1877022653722,31.05454545454546,3.8461538461538463,153.0
Sher Sahak,2026,T20I,87.0,77.0,5.0,6.0,6.0,3.0,17.4,112.99,147.0,21.0,141.34615384615387,8.0,396.0,104.0,18.375,9.0,52.333333333333336,5,0,0,0,0,0,0,1,0,0,4.0,1.0,5.6422018348623855,14.583739837398374,14.796889992507422,83.48703986598224,15.233847810480976,136.20349278663633,18.155870445344135,6.375,75.0
Sheraz Sheikh,2026,T20I,184.0,124.0,7.0,7.0,18.0,11.0,26.29,148.39,56.0,11.2,114.28571428571428,7.0,257.0,49.0,8.0,68.0,60.333333333333336,5,0,0,0,0,0,0,1,0,0,7.0,2.0,5.9724770642201825,9.703533026113671,11.44811182244405,68.37358528817501,15.233847810480976,104.70744240013259,12.659318637274547,5.0,73.0
Sheraz Sirwari,2026,T20I,10.0,14.0,2.0,4.0,0.0,1.0,5.0,71.43,32.0,10.666666666666666,188.23529411764704,3.0,32.0,17.0,10.666666666666666,32.0,32.0,1,0,0,0,0,0,0,1,0,0,0.0,0.0,3.0,10.666666666666666,7.160625444207533,21.4818763326226,5.407604832977968,188.23529411764704,10.666666666666666,9.0,22.0
Shivam Sharma,2026,ODI,1.0,5.0,1.0,1.0,0.0,0.0,1.0,20.0,118.0,23.6,74.21383647798741,6.0,118.0,159.0,19.666666666666668,118.0,118.0,1,0,0,0,0,1,0,0,0,0,0.0,0.0,6.0,19.666666666666668,14.325867097837802,85.95520258702682,8.98506752900894,74.21383647798741,23.6,8.333333333333334,68.0
Shoaib Bashir,2026,Test,14.0,35.0,1.0,2.0,1.0,0.0,14.0,40.0,38.0,7.6,40.86021505376344,8.0,92.0,93.0,4.75,54.0,46.0,2,0,0,0,0,0,0,0,1,0,9.0,0.0,8.374999999999998,5.253731343283583,9.25049654781046,77.47290858791258,18.176605504587155,38.3442265795207,7.183673469387755,10.923076923076923,23.0
Shoaib Khan,2026,ODI,144.0,195.0,8.0,8.0,13.0,5.0,18.0,73.85,59.0,19.666666666666668,95.16129032258065,3.0,843.0,62.0,19.666666666666668,58.0,116.66666666666667,5,0,0,0,0,1,0,0,0,0,4.0,8.0,5.2110091743119265,25.05281690140845,25.483584510135458,132.79519267666916,26.29917118265859,85.87809293904648,28.9816700610998,6.0,137.0
Shoaib Khan,2026,T20I,109.0,89.0,7.0,8.0,8.0,7.0,15.57,122.47,84.0,28.0,106.32911392405062,4.0,368.0,79.0,21.0,44.0,70.66666666666667,4,0,0,0,0,0,0,1,0,0,8.0,7.0,6.20183486238532,12.940828402366865,15.851942044125149,98.31112680576696,22.411651450220482,100.54016779680497,17.88957055214724,3.0,91.0
Shoaib Rafiq,2026,T20I,1.0,9.0,3.0,4.0,0.0,0.0,0.33,11.11,47.0,11.75,114.6341463414634,6.0,75.0,41.0,7.833333333333333,28.0,37.5,2,0,0,0,0,0,0,1,0,0,4.0,0.0,5.25,7.595238095238095,6.683724235963043,35.08955223880597,5.407604832977968,105.98006644518271,11.0,8.5,29.0
Shoriful Islam,2026,T20I,28.0,38.0,5.0,5.0,0.0,2.0,5.6,73.68,29.0,7.25,145.0,5.0,58.0,20.0,5.8,13.0,15.666666666666666,5,0,0,0,0,0,0,1,0,0,4.0,1.0,3.6605504587155964,4.837092731829573,5.0819477108632185,18.60272602416903,5.407604832977968,128.49533954727028,6.050156739811912,10.6,10.0
Shorna Akter,2026,ODI,144.0,189.0,8.0,9.0,11.0,4.0,18.0,76.19,100.0,20.0,81.9672131147541,7.0,155.0,122.0,14.285714285714286,55.0,77.5,2,1,0,0,0,1,0,0,0,0,8.0,0.0,7.375,11.271186440677965,14.757907803681125,108.83957005214829,21.615126484254002,67.92645556690499,15.465116279069768,6.428571428571429,81.0
Shorna Akter,2026,T20I,353.0,274.0,16.0,22.0,26.0,9.0,22.06,128.83,62.0,7.75,84.93150684931507,10.0,310.0,73.0,6.2,152.0,103.33333333333333,3,1,0,0,0,0,0,1,0,0,14.0,7.0,10.673469387755102,8.975143403441683,9.33191539319749,99.60391327841401,10.5758603974794,86.5732202139432,11.618811881188119,5.7,72.0
Shruti Yadav,2026,T20I,0.0,1.0,1.0,1.0,0.0,0.0,0.0,0.0,1.0,1.0,14.285714285714285,3.0,1.0,7.0,0.3333333333333333,1.0,1.0,1,1,0,0,0,0,0,1,0,0,0.0,0.0,3.0,0.3333333333333333,2.271794871794872,6.815384615384616,3.241025641025641,14.285714285714285,1.0,10.666666666666666,5.0
Shubman Gill,2026,IPL,732.0,449.0,16.0,16.0,74.0,33.0,45.75,163.03,650.0,50.0,155.87529976019187,15.0,3866.0,417.0,43.333333333333336,426.0,655.3333333333334,8,0,0,0,1,0,0,0,0,0,12.0,17.0,14.605504587155963,41.84233668341709,39.62559562346856,578.7518186473574,27.86208973200843,152.477853823792,47.4451566951567,2.0,467.0
Shubman Gill,2026,ODI,366.0,384.0,8.0,9.0,48.0,6.0,45.75,95.31,447.0,63.857142857142854,89.57915831663327,8.0,2775.0,499.0,55.875,589.0,758.6666666666666,6,0,0,0,0,1,0,0,0,0,14.0,24.0,12.091743119266054,51.0546282245827,47.69290898399945,576.6904040450576,32.92375578703704,97.46100256361976,58.819930069930074,2.125,518.0
Shubman Gill,2026,Test,270.0,470.0,5.0,5.0,32.0,3.0,54.0,57.45,1155.0,52.5,64.30957683741649,12.0,2647.0,1796.0,96.25,526.0,689.3333333333334,5,0,0,0,0,0,0,0,1,0,7.0,7.0,8.889908256880734,84.94427244582043,80.14610879456383,712.4915543296546,64.64804020100503,63.164074190602626,47.74419953596288,3.4782608695652173,587.0
Sidra Ameen,2026,ODI,711.0,887.0,12.0,15.0,85.0,1.0,59.25,80.16,346.0,69.2,65.77946768060836,6.0,1941.0,526.0,57.666666666666664,333.0,365.0,9,1,0,0,0,1,0,0,0,0,12.0,9.0,8.75229357798165,41.4475890985325,38.85775750157635,340.094501435815,30.622093023255815,68.62731485499071,48.93688118811881,3.0,293.0
Sidra Ameen,2026,T20I,26.0,26.0,2.0,2.0,2.0,0.0,13.0,100.0,112.0,16.0,93.33333333333333,7.0,948.0,120.0,16.0,306.0,248.0,9,1,0,0,0,0,0,1,0,0,17.0,14.0,11.346938775510203,18.56834532374101,18.51473943844119,210.08561485251633,18.316040290263185,92.88349077822764,18.87385740402194,3.2857142857142856,168.0
Sidra Nawaz,2026,ODI,64.0,99.0,4.0,6.0,7.0,0.0,16.0,64.65,52.0,17.333333333333332,61.1764705882353,4.0,377.0,85.0,13.0,52.0,57.5,11,1,0,0,0,1,0,0,0,0,0.0,5.0,4.784810126582279,12.497354497354499,16.53176688093835,79.10136558221136,21.615126484254002,58.47258324050008,16.178082191780824,6.25,51.0
Sikandar Raza,2026,ODI,102.0,166.0,4.0,4.0,9.0,1.0,25.5,61.45,289.0,48.166666666666664,89.47368421052632,7.0,3662.0,323.0,41.285714285714285,65.0,262.3333333333333,13,0,0,0,0,1,0,0,0,0,5.0,11.0,7.614678899082569,35.775903614457825,33.25995695114829,253.2638923803035,26.29917118265859,94.88719882405573,41.127423822714675,5.285714285714286,243.0
Sikandar Raza,2026,PSL,162.0,117.0,8.0,10.0,14.0,7.0,20.25,138.46,254.0,42.333333333333336,169.33333333333334,10.0,591.0,150.0,25.4,91.0,189.33333333333334,4,0,0,0,0,0,1,0,0,0,8.0,11.0,9.571428571428573,20.72921108742004,20.061425268548984,192.01649899896887,17.973481608212147,165.1715936119606,33.06802721088435,6.0,176.0
Sikandar Raza,2026,T20I,584.0,425.0,24.0,27.0,48.0,27.0,24.33,137.41,484.0,32.266666666666666,146.2235649546828,19.0,2201.0,331.0,25.473684210526315,778.0,493.6666666666667,11,0,0,0,0,0,0,1,0,0,24.0,8.0,17.853211009174313,28.885919835560117,27.06240175562969,483.15076895830623,15.233847810480976,144.54101311391102,33.78124999999999,3.9473684210526314,320.0
Simran Shaikh,2026,WPL,32.0,25.0,2.0,2.0,4.0,0.0,16.0,128.0,54.0,10.8,122.72727272727273,5.0,83.0,44.0,10.8,54.0,41.5,2,1,0,0,0,0,0,0,0,1,0.0,7.0,5.529411764705882,8.569148936170214,7.4913641452103,41.42283703822166,6.140540540540541,105.15665796344646,9.476470588235294,7.8,31.0
Sohail Ahmed,2026,T20I,435.0,393.0,11.0,16.0,28.0,17.0,39.55,110.69,676.0,35.578947368421055,125.88454376163874,32.0,1470.0,537.0,21.125,232.0,490.0,3,0,0,0,0,0,0,1,0,0,9.0,16.0,22.020408163265305,23.57553290083411,22.557426502499712,496.7237386979018,15.233847810480976,121.96969696969697,39.746874999999996,3.9393939393939394,357.0
Sojib Miah,2026,T20I,54.0,30.0,2.0,3.0,7.0,2.0,27.0,180.0,48.0,16.0,177.77777777777777,3.0,48.0,27.0,16.0,48.0,48.0,1,0,0,0,0,0,0,1,0,0,0.0,0.0,3.0,16.0,15.489231873653985,46.467695620961955,15.233847810480976,177.77777777777777,16.0,7.0,35.0
Sompal Kami,2026,ODI,64.0,107.0,6.0,8.0,4.0,0.0,10.67,59.81,155.0,31.0,118.3206106870229,5.0,689.0,131.0,31.0,48.0,145.0,7,0,0,0,0,1,0,0,0,0,5.0,16.0,7.422018348623853,18.275648949320146,15.762416824799534,116.98894689231948,8.98506752900894,89.42720619367324,23.4310618066561,8.6,116.0
Sompal Kami,2026,T20I,59.0,42.0,2.0,8.0,4.0,1.0,29.5,140.48,10.0,3.3333333333333335,58.82352941176471,4.0,322.0,17.0,2.5,98.0,54.0,7,0,0,0,0,0,0,1,0,0,14.0,0.0,7.054945054945055,5.3753894080996885,5.3856490975513704,37.99545846843934,5.407604832977968,103.63363363363361,6.486842105263158,8.25,25.0
Sonam,2026,T20I,54.0,66.0,5.0,7.0,5.0,0.0,10.8,81.82,13.0,4.333333333333333,54.166666666666664,4.0,30.0,24.0,3.25,11.0,9.666666666666666,4,1,0,0,0,0,0,1,0,0,4.0,3.0,3.63302752293578,2.7297979797979797,6.111721435695142,22.204052188397032,10.5758603974794,31.461001164144353,3.1242774566473988,6.0,19.0
Soumya Sarkar,2026,ODI,293.0,374.0,11.0,10.0,25.0,10.0,26.64,78.34,94.0,23.5,93.06930693069307,4.0,2044.0,101.0,23.5,244.0,169.0,7,0,0,0,0,1,0,0,0,0,6.0,0.0,4.749999999999999,31.631578947368425,32.20165696486929,152.95787058312908,32.92375578703704,96.23698959167335,34.34285714285714,2.0,204.0
Sufiyan Muqeem,2026,PSL,1.0,2.0,0.0,1.0,0.0,0.0,1.0,50.0,6.0,2.0,50.0,3.0,16.0,12.0,2.0,6.0,8.0,2,0,0,0,0,0,1,0,0,0,0.0,2.0,2.735294117647059,2.5806451612903225,4.315587357304652,11.804400712627432,5.391251518833536,58.82352941176471,3.1999999999999997,9.333333333333334,8.0
Sufyan Mehmood,2026,T20I,143.0,162.0,8.0,10.0,12.0,2.0,17.88,88.27,83.0,13.833333333333334,75.45454545454545,8.0,102.0,110.0,10.375,83.0,83.0,3,0,0,0,0,0,0,1,0,0,0.0,0.0,8.0,10.375,12.45736334734899,99.65890677879192,15.233847810480976,75.45454545454545,13.833333333333334,6.875,46.0
Sulaimon Runsewe,2026,T20I,322.0,327.0,15.0,18.0,30.0,5.0,21.47,98.47,421.0,21.05,117.92717086834735,21.0,1085.0,357.0,20.047619047619047,461.0,333.3333333333333,5,0,0,0,0,0,0,1,0,0,24.0,6.0,19.16326530612245,19.703940362087323,20.07690332188528,384.7390248826588,22.411651450220482,114.23103043773537,21.145142857142854,1.0952380952380953,245.0
Suryansh Shedge,2026,IPL,158.0,90.0,4.0,7.0,9.0,12.0,39.5,175.56,7.0,2.3333333333333335,63.63636363636363,3.0,7.0,11.0,2.3333333333333335,7.0,7.0,1,0,0,0,1,0,0,0,0,0,0.0,0.0,3.0,2.3333333333333335,13.10864718995659,39.32594156986977,18.496304118268217,63.63636363636363,2.3333333333333335,7.333333333333333,27.0
Suzan Turan,2026,T20I,49.0,68.0,4.0,5.0,5.0,0.0,12.25,72.06,56.0,18.666666666666668,94.91525423728814,4.0,56.0,59.0,14.0,56.0,56.0,1,1,0,0,0,0,0,1,0,0,0.0,0.0,4.0,14.0,11.945516238487638,47.78206495395055,10.5758603974794,94.91525423728814,18.666666666666668,4.5,44.0
Swann Htet Ko Ko,2026,T20I,23.0,26.0,5.0,6.0,1.0,2.0,4.6,88.46,20.0,6.666666666666667,80.0,3.0,53.0,25.0,6.666666666666667,7.0,17.666666666666668,3,0,0,0,0,0,0,1,0,0,3.0,4.0,3.183673469387755,5.378205128205129,10.209402521477603,32.503403945928696,15.233847810480976,61.5553925165077,6.658730158730159,7.0,28.0
Syed Aziz,2026,T20I,444.0,372.0,15.0,16.0,37.0,19.0,29.6,119.35,397.0,26.466666666666665,140.2826855123675,17.0,2296.0,283.0,23.352941176470587,720.0,468.3333333333333,7,0,0,0,0,0,0,1,0,0,29.0,14.0,19.20183486238532,23.80506450071667,23.630378368184765,453.7466231615661,22.411651450220482,140.56707575116377,27.710789766407117,1.0,293.0
Syed Haider,2026,T20I,51.0,45.0,2.0,2.0,1.0,4.0,25.5,113.33,77.0,12.833333333333334,106.94444444444444,7.0,109.0,72.0,11.0,32.0,54.5,2,0,0,0,0,0,0,1,0,0,3.0,0.0,5.5,10.931818181818182,12.675884247492286,69.71736336120757,15.233847810480976,106.8888888888889,14.575757575757576,5.571428571428571,59.0
T Banton,2026,T20I,421.0,282.0,13.0,18.0,38.0,17.0,32.38,149.29,49.0,16.333333333333332,181.4814814814815,4.0,376.0,27.0,12.25,49.0,49.0,3,0,0,0,0,0,0,1,0,0,0.0,0.0,4.1803278688524586,14.87058823529412,15.06694476242215,62.9847690888139,15.233847810480976,171.73913043478265,18.49756097560976,5.5,75.0
T Basile,2026,T20I,2.0,11.0,4.0,4.0,0.0,0.0,0.5,18.18,26.0,13.0,92.85714285714286,3.0,28.0,28.0,8.666666666666666,26.0,13.0,3,1,0,0,0,0,0,1,0,0,0.0,1.0,2.2658227848101267,7.385474860335195,4.789786414003533,10.852807191223196,3.241025641025641,85.73281452658885,10.248062015503876,9.0,13.0
T Bavuma,2026,ODI,94.0,115.0,2.0,2.0,8.0,1.0,47.0,81.74,311.0,31.1,87.35955056179775,11.0,1800.0,356.0,28.272727272727273,122.0,359.3333333333333,8,0,0,0,0,1,0,0,0,0,7.0,11.0,9.394495412844035,32.4931640625,32.59073016322591,306.1734650196636,32.92375578703704,88.72563398309379,35.472281449893394,2.272727272727273,284.0
T Bavuma,2026,Test,102.0,250.0,3.0,2.0,9.0,0.0,34.0,40.8,606.0,67.33333333333333,54.15549597855228,5.0,3708.0,1119.0,121.2,105.0,365.3333333333333,11,0,0,0,0,0,0,0,1,0,2.0,5.0,4.376146788990825,96.53039832285116,82.02837968798381,358.9682303776906,58.970170058544745,52.531602245242546,55.94775212636694,4.666666666666667,349.0
T Bharaj,2026,T20I,75.0,72.0,4.0,6.0,6.0,1.0,18.75,104.17,94.0,47.0,149.20634920634922,3.0,681.0,63.0,31.333333333333332,126.0,126.66666666666667,6,0,0,0,0,0,0,1,0,0,6.0,6.0,4.724770642201835,25.454368932038832,21.692213917968456,102.4907354839794,15.233847810480976,131.0375849660136,28.87444933920705,3.6666666666666665,153.0
T Brits,2026,ODI,590.0,619.0,17.0,19.0,75.0,11.0,34.71,95.32,490.0,54.44444444444444,88.76811594202898,10.0,1258.0,552.0,49.0,435.0,339.6666666666667,5,1,0,0,0,1,0,0,0,0,13.0,3.0,9.669724770642201,39.37096774193548,37.4325169180035,361.9621360695017,30.622093023255815,82.0050194652491,41.331673306772906,2.0,351.0
T Brits,2026,T20I,424.0,376.0,13.0,16.0,46.0,8.0,32.62,112.77,343.0,31.181818181818183,107.52351097178683,13.0,1709.0,319.0,26.384615384615383,441.0,390.0,8,1,0,0,0,0,0,1,0,0,14.0,11.0,12.339449541284402,28.996282527881043,27.048517986066237,333.76382285558793,18.316040290263185,109.78493412903951,34.27065026362039,1.9230769230769231,282.0
T Gwandu,2026,T20I,8.0,5.0,0.0,1.0,1.0,0.0,8.0,160.0,3.0,1.5,25.0,3.0,8.0,12.0,1.0,5.0,4.0,2,0,0,0,0,0,0,1,0,0,1.0,0.0,2.25,1.6666666666666665,4.00475302061123,9.010694296375268,5.407604832977968,40.0,3.0,11.0,4.0
T Hinds,2025,CPL,11.0,11.0,2.0,2.0,2.0,0.0,5.5,100.0,27.0,27.0,207.6923076923077,3.0,32.0,13.0,9.0,5.0,16.0,2,0,0,1,0,0,0,0,0,0,2.0,0.0,2.625,7.142857142857142,6.6108648183682925,17.353520148216766,6.238470191226097,187.5,13.636363636363635,8.666666666666666,19.0
T Jamtsho,2026,T20I,105.0,89.0,11.0,13.0,10.0,5.0,9.55,117.98,110.0,12.222222222222221,107.84313725490196,11.0,419.0,102.0,10.0,133.0,121.5,4,0,0,0,0,0,0,1,0,0,7.0,0.0,9.076923076923077,13.500000000000002,13.961948794977168,126.7315352159466,15.233847810480976,113.43845371312311,15.359504132231406,4.363636363636363,100.0
T Khabo,2026,T20I,31.0,43.0,3.0,3.0,1.0,0.0,10.33,72.09,9.0,1.8,27.27272727272727,5.0,54.0,33.0,1.8,22.0,15.5,3,1,0,0,0,0,0,1,0,0,4.0,0.0,4.625,2.9999999999999996,6.392176297378835,29.563815375377114,10.5758603974794,27.20588235294118,2.9999999999999996,4.0,24.0
T Marumani,2026,T20I,505.0,369.0,24.0,27.0,51.0,19.0,21.04,136.86,476.0,31.733333333333334,156.57894736842107,16.0,993.0,304.0,29.75,388.0,291.6666666666667,4,0,0,0,0,0,0,1,0,0,23.0,3.0,15.755102040816325,23.081606217616585,22.972611407302683,361.9358368660749,22.411651450220482,137.73672412460385,25.383190883190885,1.875,253.0
T Mulepati,2026,T20I,20.0,44.0,0.0,2.0,1.0,0.0,20.0,45.45,72.0,9.0,39.130434782608695,8.0,72.0,184.0,9.0,72.0,72.0,1,1,0,0,0,0,0,1,0,0,0.0,0.0,8.0,9.0,12.992588695827079,103.94070956661663,18.316040290263185,39.130434782608695,9.0,3.25,48.0
T Munyonga,2026,T20I,58.0,59.0,7.0,11.0,5.0,2.0,8.29,98.31,158.0,17.555555555555557,123.4375,10.0,324.0,128.0,15.8,37.0,71.66666666666667,5,0,0,0,0,0,0,1,0,0,5.0,3.0,6.862385321100917,13.467914438502673,13.973429716740737,95.89105897359698,15.233847810480976,111.59853772017281,15.08083832335329,6.363636363636363,76.0
T Musekiwa,2026,T20I,74.0,69.0,9.0,13.0,3.0,3.0,8.22,107.25,199.0,19.9,131.78807947019868,18.0,240.0,151.0,11.055555555555555,41.0,120.0,2,0,0,0,0,0,0,1,0,0,2.0,0.0,11.999999999999998,11.645833333333334,12.500122494558964,150.00146993470753,15.233847810480976,140.80604534005036,21.09433962264151,6.722222222222222,87.0
T Nightingale,2026,T20I,131.0,92.0,6.0,7.0,13.0,7.0,21.83,142.39,152.0,19.0,132.17391304347825,8.0,523.0,115.0,19.0,180.0,120.0,4,0,0,0,0,0,0,1,0,0,8.0,3.0,7.275229357798165,19.290037831021436,20.146839373345053,146.5728772758039,22.411651450220482,135.56362991846862,19.840466926070036,3.25,122.0
T Parima,2026,T20I,95.0,93.0,4.0,6.0,8.0,5.0,23.75,102.15,90.0,18.0,109.75609756097562,5.0,350.0,82.0,18.0,197.0,143.5,3,0,0,0,0,0,0,1,0,0,6.0,0.0,5.329670329670329,22.89278350515464,22.708911382249866,121.03101121308994,22.411651450220482,131.2876906704505,23.424050632911392,2.0,130.0
T Parisi-mesimeri,2026,T20I,25.0,60.0,4.0,8.0,1.0,0.0,6.25,41.67,18.0,6.0,78.26086956521739,3.0,23.0,23.0,6.0,0.0,7.666666666666667,3,1,0,0,0,0,0,1,0,0,1.0,3.0,2.387755102040816,4.230769230769231,7.795427189595169,18.613571044543566,10.5758603974794,66.08811748998666,5.5,7.0,23.0
T Perera,2026,T20I,78.0,72.0,4.0,5.0,8.0,2.0,19.5,108.33,220.0,24.444444444444443,118.91891891891892,12.0,477.0,185.0,18.333333333333332,220.0,152.5,4,0,0,0,0,0,0,1,0,0,0.0,4.0,9.063291139240507,18.590782122905026,17.59956136136249,159.50994854095623,15.233847810480976,116.11130495464059,25.64739884393063,4.166666666666667,112.0
T Putthawong,2026,ODI,0.0,3.0,0.0,1.0,0.0,0.0,0.0,0.0,46.0,11.5,44.66019417475729,5.0,77.0,103.0,9.2,46.0,38.5,2,1,0,0,0,1,0,0,0,0,0.0,7.0,5.529411764705882,7.601063829787234,13.820322404254734,76.41825329411441,21.615126484254002,39.88277979346916,9.855172413793102,7.2,37.0
T Putthawong,2026,T20I,11.0,18.0,2.0,6.0,0.0,0.0,5.5,61.11,43.0,43.0,75.43859649122807,5.0,172.0,57.0,8.6,103.0,57.333333333333336,3,1,0,0,0,0,0,1,0,0,8.0,6.0,6.102040816326531,9.54515050167224,9.889485656173518,60.346045126446576,10.5758603974794,76.41231593038822,18.178343949044585,7.4,44.0
T Rossi,2026,T20I,176.0,116.0,4.0,8.0,9.0,10.0,44.0,151.72,33.0,8.25,64.70588235294117,4.0,94.0,51.0,8.25,38.0,31.0,4,0,0,0,0,0,0,1,0,0,1.0,5.0,3.2385321100917426,9.056657223796034,11.894570203896315,38.5209475410587,15.233847810480976,76.11904761904763,9.347953216374268,5.25,48.0
T Sandeep,2026,T20I,143.0,101.0,5.0,5.0,19.0,3.0,28.6,141.58,37.0,9.25,75.51020408163265,5.0,174.0,49.0,7.4,37.0,87.0,2,0,0,0,0,0,0,1,0,0,0.0,5.0,5.0,12.694117647058823,17.249211617290847,86.24605808645424,22.411651450220482,90.78670593184685,15.867647058823529,3.0,72.0
T Shadrack,2026,T20I,101.0,117.0,6.0,8.0,4.0,0.0,16.83,86.32,76.0,10.857142857142858,60.317460317460316,9.0,318.0,126.0,8.444444444444445,182.0,89.66666666666667,6,1,0,0,0,0,0,1,0,0,17.0,4.0,9.770642201834862,9.24225352112676,9.535353933511955,93.16653155220396,10.5758603974794,56.05353075170842,11.634751773049643,4.333333333333333,71.0
T Shamsi,2025,CPL,6.0,7.0,0.0,2.0,1.0,0.0,6.0,85.71,2.0,2.0,40.0,3.0,20.0,5.0,0.6666666666666666,2.0,5.0,5,0,0,1,0,0,0,0,0,0,0.0,1.0,2.4705882352941178,1.4523809523809523,4.520386874717584,11.168014631655208,6.238470191226097,56.74418604651162,4.88,11.0,5.0
T Smith,2026,T20I,15.0,11.0,1.0,2.0,3.0,0.0,15.0,136.36,60.0,15.0,88.23529411764706,5.0,177.0,68.0,12.0,43.0,59.0,3,1,0,0,0,0,0,1,0,0,4.0,6.0,4.877551020408164,11.761506276150627,11.304316348642441,55.137379741337625,10.5758603974794,83.91044776119404,13.135514018691588,4.4,74.0
T Stubbs,2026,IPL,275.0,216.0,8.0,13.0,18.0,9.0,34.38,127.31,306.0,51.0,153.0,13.0,711.0,200.0,23.53846153846154,378.0,236.33333333333334,4,0,0,0,1,0,0,0,0,0,13.0,2.0,10.073394495412844,24.69216757741348,23.362583144120503,235.34051644260836,18.496304118268217,163.89795671623745,47.732394366197184,5.428571428571429,223.0
T Stubbs,2026,T20I,167.0,125.0,3.0,8.0,7.0,7.0,55.67,133.6,251.0,27.88888888888889,124.25742574257426,10.0,799.0,202.0,25.1,323.0,226.66666666666666,4,0,0,0,0,0,0,1,0,0,12.0,8.0,9.614678899082566,24.291030534351144,22.275337049810304,214.17021310276323,15.233847810480976,127.59761415467894,29.362168396770468,4.6,192.0
T Stubbs,2026,Test,249.0,618.0,7.0,4.0,20.0,4.0,35.57,40.29,368.0,33.45454545454545,49.00133155792277,7.0,510.0,751.0,52.57142857142857,142.0,255.0,2,0,0,0,0,0,0,0,1,0,3.0,0.0,5.5,51.49999999999999,54.52844732103165,299.90646026567407,58.970170058544745,49.86795774647887,31.041095890410958,3.8333333333333335,236.0
T Suri,2026,ODI,90.0,81.0,2.0,2.0,10.0,5.0,45.0,111.11,64.0,21.333333333333332,68.81720430107528,3.0,91.0,93.0,21.333333333333332,27.0,45.5,2,0,0,0,0,1,0,0,0,0,2.0,0.0,2.625,19.095238095238095,27.229660266884533,71.4778582005719,32.92375578703704,71.86379928315412,19.095238095238095,1.3333333333333333,82.0
T Suri,2026,T20I,47.0,31.0,2.0,2.0,8.0,1.0,23.5,151.61,158.0,31.6,118.796992481203,5.0,197.0,133.0,31.6,39.0,98.5,2,0,0,0,0,0,0,1,0,0,4.0,0.0,4.625,24.513513513513512,23.572381246367378,109.02226326444912,22.411651450220482,114.23173803526447,24.513513513513512,1.0,105.0
T Tshose,2026,T20I,169.0,177.0,16.0,19.0,6.0,8.0,10.56,95.48,113.0,11.3,97.41379310344827,10.0,283.0,116.0,11.3,113.0,119.5,4,0,0,0,0,0,0,1,0,0,0.0,11.0,9.253164556962027,11.433652530779755,12.539431952613281,116.02942730835835,15.233847810480976,108.36250486192145,12.09551374819103,6.2,72.0
T Wangchuk,2026,T20I,35.0,49.0,7.0,7.0,2.0,0.0,5.0,71.43,63.0,7.875,75.0,10.0,106.0,84.0,6.3,31.0,33.666666666666664,4,0,0,0,0,0,0,1,0,0,5.0,4.0,6.8256880733944945,5.727150537634408,5.635327059284856,38.46498469823791,5.407604832977968,74.01424352961611,7.2962328767123275,7.6,28.0
T Zangmo,2026,T20I,88.0,125.0,6.0,8.0,8.0,2.0,14.67,70.4,43.0,7.166666666666667,54.43037974683544,6.0,307.0,79.0,7.166666666666667,110.0,54.333333333333336,4,1,0,0,0,0,0,1,0,0,8.0,3.0,6.3577981651376145,10.409812409812409,10.459977964998812,66.50242871324933,10.5758603974794,58.31379839948268,11.23676012461059,4.166666666666667,68.0
T de Zorzi,2026,ODI,303.0,314.0,6.0,7.0,30.0,7.0,50.5,96.5,198.0,28.285714285714285,104.76190476190477,7.0,474.0,189.0,28.285714285714285,228.0,158.0,3,0,0,0,0,1,0,0,0,0,3.0,2.0,4.857142857142858,36.98319327731091,35.413823113545234,172.00999798007686,32.92375578703704,102.0876826722338,39.47085201793721,2.142857142857143,183.0
T de Zorzi,2026,Test,278.0,495.0,7.0,4.0,19.0,7.0,39.71,56.16,333.0,27.75,57.913043478260875,7.0,641.0,575.0,47.57142857142857,194.0,213.66666666666666,3,0,0,0,0,0,0,0,1,0,4.0,2.0,5.163265306122449,48.46245059288537,54.48686359838897,281.33013245698794,64.64804020100503,55.53995289001631,27.802721088435373,1.5,238.0
TA Blundell,2026,Test,342.0,593.0,9.0,6.0,39.0,3.0,38.0,57.67,384.0,25.6,71.91011235955057,9.0,2140.0,534.0,42.666666666666664,98.0,316.0,7,0,0,0,0,0,0,0,1,0,6.0,6.0,7.678899082568806,44.62126642771804,48.4072568316301,371.71444007407695,58.970170058544745,61.51160301068893,27.341142020497802,6.1875,302.0
TA Imlach,2026,Test,114.0,382.0,7.0,4.0,12.0,2.0,16.29,29.84,55.0,13.75,58.51063829787234,2.0,55.0,94.0,27.5,55.0,55.0,1,0,0,0,0,0,0,0,1,0,0.0,0.0,2.0,27.5,51.10262754390856,102.20525508781712,58.970170058544745,58.51063829787234,13.75,7.0,78.0
TA Lavia,2026,T20I,43.0,69.0,6.0,7.0,4.0,1.0,7.17,62.32,18.0,9.0,66.66666666666666,3.0,18.0,27.0,6.0,18.0,18.0,1,1,0,0,0,0,0,1,0,0,0.0,0.0,3.0,6.0,9.050573598319598,27.151720794958795,10.5758603974794,66.66666666666666,9.0,6.0,28.0
TB Pawde,2026,T20I,115.0,120.0,7.0,9.0,13.0,0.0,16.43,95.83,60.0,20.0,101.69491525423729,3.0,69.0,59.0,20.0,9.0,34.5,2,1,0,0,0,0,0,1,0,0,2.0,0.0,2.625,15.571428571428573,17.18590605309599,45.11300338937698,18.316040290263185,89.1008174386921,15.571428571428573,2.0,55.0
TB Robinson,2026,T20I,387.0,273.0,15.0,16.0,35.0,15.0,25.8,141.76,195.0,32.5,128.28947368421052,8.0,278.0,152.0,24.375,83.0,139.0,2,0,0,0,0,0,0,1,0,0,3.0,0.0,6.125,24.979591836734695,24.004424601349548,147.02710068326599,22.411651450220482,130.62966915688366,31.384615384615387,1.625,135.0
TC Barker,2026,T20I,121.0,89.0,8.0,8.0,14.0,3.0,15.12,135.96,57.0,14.25,129.54545454545453,4.0,743.0,44.0,14.25,155.0,128.0,5,0,0,0,0,0,0,1,0,0,6.0,9.0,5.8807339449541285,18.332293291731666,19.632832555862002,115.45546484685819,22.411651450220482,121.19430693069306,18.861958266452646,1.0,131.0
TD Chaoana,2026,T20I,24.0,35.0,4.0,6.0,1.0,1.0,6.0,68.57,18.0,18.0,81.81818181818183,4.0,26.0,22.0,4.5,18.0,10.5,3,0,0,0,0,0,0,1,0,0,0.0,3.0,3.4936708860759498,3.655797101449275,4.56819696162047,15.959776726674049,5.407604832977968,74.51994091580502,8.77391304347826,9.5,9.0
TE Tsiga,2026,Test,1.0,2.0,1.0,1.0,0.0,0.0,1.0,50.0,161.0,16.1,39.6551724137931,6.0,189.0,406.0,26.833333333333332,161.0,94.5,2,0,0,0,0,0,0,0,1,0,0.0,2.0,4.9411764705882355,25.458333333333336,41.265803486734946,203.9016172285727,58.970170058544745,38.39317773788151,15.44043321299639,7.083333333333333,113.0
TF Rogers,2025,BBL,178.0,140.0,8.0,8.0,19.0,5.0,22.25,127.14,46.0,5.111111111111111,83.63636363636363,9.0,589.0,55.0,5.111111111111111,187.0,185.66666666666666,4,0,1,0,0,0,0,0,0,0,10.0,14.0,9.293577981651374,13.913129318854887,16.655618877537623,154.79029287106064,25.91609195402299,115.6478214490851,15.07379679144385,2.4444444444444446,154.0
TG Norris,2026,T20I,56.0,46.0,4.0,5.0,6.0,1.0,14.0,121.74,17.0,8.5,68.0,3.0,17.0,25.0,5.666666666666667,17.0,17.0,1,1,0,0,0,0,0,1,0,0,0.0,0.0,3.0,5.666666666666667,8.939462487208488,26.818387461625463,10.5758603974794,68.0,8.5,5.333333333333333,27.0
TH David,2025,BBL,98.0,73.0,2.0,4.0,7.0,4.0,49.0,134.25,254.0,42.333333333333336,177.62237762237763,9.0,1326.0,143.0,28.22222222222222,112.0,240.0,7,0,1,0,0,0,0,0,0,0,9.0,14.0,10.229357798165136,22.269058295964125,21.2638463363397,217.51549233962166,17.527808553068912,164.84100112859323,32.20492866407263,5.888888888888889,215.0
TH David,2025,CPL,212.0,138.0,8.0,10.0,11.0,17.0,26.5,153.62,86.0,17.2,117.8082191780822,6.0,453.0,73.0,14.333333333333334,86.0,85.5,3,0,0,1,0,0,0,0,0,0,0.0,4.0,6.2405063291139244,18.11764705882353,17.503613560659286,109.23141120765858,16.494551845342706,129.65597329075337,21.785365853658536,5.333333333333333,90.0
TH David,2026,IPL,305.0,162.0,9.0,15.0,22.0,23.0,33.89,188.27,187.0,62.333333333333336,185.14851485148515,9.0,846.0,101.0,20.77777777777778,241.0,219.66666666666666,5,0,0,0,1,0,0,0,0,0,11.0,15.0,10.440366972477063,20.021089630931456,19.702984169318817,205.70638518059462,18.496304118268217,172.8155339805825,37.53542009884679,6.777777777777778,209.0
TH David,2026,T20I,196.0,118.0,8.0,10.0,13.0,16.0,24.5,166.1,317.0,52.833333333333336,193.29268292682926,8.0,1481.0,164.0,39.625,359.0,307.6666666666667,5,0,0,0,0,0,0,1,0,0,19.0,11.0,11.918367346938776,26.597602739726025,24.275309498054693,289.3220560584478,15.233847810480976,179.92586586354685,38.35308641975308,4.875,249.0
TI Gajanayake,2026,T20I,85.0,164.0,11.0,11.0,9.0,0.0,7.73,51.83,115.0,19.166666666666668,70.98765432098766,8.0,417.0,162.0,14.375,15.0,49.333333333333336,4,1,0,0,0,0,0,1,0,0,3.0,4.0,5.963302752293577,14.589230769230769,15.766117986398902,94.01813478127784,18.316040290263185,70.92744951383695,18.741106719367586,1.5,86.0
TJ Mahe,2026,T20I,0.0,13.0,3.0,3.0,0.0,0.0,0.0,0.0,5.0,1.6666666666666667,33.33333333333333,3.0,31.0,15.0,1.6666666666666667,1.0,10.333333333333334,3,1,0,0,0,0,0,1,0,0,1.0,3.0,2.387755102040816,3.1196581196581197,7.308535803827378,17.4509936540368,10.5758603974794,53.83480825958702,3.1196581196581197,7.333333333333333,19.0
TK Curran,2025,BBL,60.0,32.0,3.0,5.0,7.0,3.0,20.0,187.5,82.0,16.4,130.15873015873015,6.0,441.0,63.0,13.666666666666666,8.0,45.0,5,0,1,0,0,0,0,0,0,0,3.0,0.0,4.648351648351648,11.118203309692673,13.777790547608125,64.04401540261799,17.527808553068912,128.32196452933152,14.165662650602409,7.166666666666667,56.0
TKP Rajapaksha,2026,T20I,62.0,82.0,4.0,4.0,7.0,1.0,15.5,75.61,21.0,4.2,52.5,5.0,88.0,40.0,4.2,21.0,44.0,2,0,0,0,0,0,0,1,0,0,0.0,4.0,4.735294117647059,7.0062111801242235,14.43648783772692,68.36101593747159,22.411651450220482,66.2749706227967,7.0062111801242235,2.0,45.0
TL Seifert,2025,BBL,285.0,192.0,10.0,10.0,25.0,15.0,28.5,148.44,200.0,22.22222222222222,122.69938650306749,10.0,200.0,163.0,20.0,200.0,200.0,1,0,1,0,0,0,0,0,0,0,0.0,0.0,10.0,20.0,22.21853448275862,222.18534482758622,25.91609195402299,122.69938650306749,22.22222222222222,3.4,162.0
TL Seifert,2025,CPL,396.0,234.0,9.0,10.0,38.0,21.0,44.0,169.23,257.0,28.555555555555557,156.70731707317074,12.0,791.0,164.0,21.416666666666668,257.0,239.0,4,0,0,1,0,0,0,0,0,0,0.0,9.0,11.037974683544306,21.568807339449542,20.269936479183286,223.7390456942763,16.494551845342706,132.2086320821032,26.868571428571432,4.833333333333333,170.0
TL Seifert,2026,T20I,478.0,295.0,13.0,15.0,53.0,23.0,36.77,162.03,445.0,55.625,169.84732824427482,10.0,1750.0,262.0,44.5,181.0,327.6666666666667,8,0,0,0,0,0,0,1,0,0,10.0,10.0,9.495412844036698,33.56908212560386,31.061794333382878,294.9445608720301,22.411651450220482,155.7607818524164,38.34878587196469,1.1,314.0
TM Head,2026,IPL,410.0,241.0,15.0,15.0,46.0,23.0,27.33,170.12,374.0,31.166666666666668,162.6086956521739,12.0,1146.0,230.0,31.166666666666668,567.0,470.5,4,0,0,0,1,0,0,0,0,0,15.0,0.0,13.125,34.00952380952381,32.643427347853724,428.44498394058013,27.86208973200843,175.2208047105005,35.00980392156863,1.5833333333333333,379.0
TM Head,2026,ODI,69.0,75.0,4.0,4.0,10.0,1.0,17.25,92.0,486.0,54.0,122.41813602015112,10.0,2883.0,397.0,48.6,333.0,433.3333333333333,8,0,0,0,0,1,0,0,0,0,6.0,10.0,8.495412844036696,50.062634989200866,45.868782003353274,389.67423977160666,32.92375578703704,123.17789291882555,55.920386007237624,1.6,397.0
TM Head,2026,T20I,216.0,138.0,11.0,11.0,31.0,7.0,19.64,156.52,26.0,8.666666666666666,78.78787878787878,3.0,1119.0,33.0,8.666666666666666,633.0,258.0,7,0,0,0,0,0,0,1,0,0,17.0,3.0,6.651376146788991,31.235862068965517,28.65316627811331,190.58298671222155,22.411651450220482,167.03053547720904,32.584172661870504,2.0,164.0
TM Head,2026,Test,690.0,821.0,13.0,7.0,83.0,9.0,53.08,84.04,790.0,41.578947368421055,82.89611752360966,11.0,3963.0,953.0,71.81818181818181,269.0,787.3333333333334,7,0,0,0,0,0,0,0,1,0,7.0,14.0,10.192660550458715,68.36363636363636,66.36644296071115,676.450625039909,58.970170058544745,80.47894039735098,40.92241379310345,4.6,561.0
TM Macalou,2026,T20I,39.0,76.0,5.0,6.0,2.0,0.0,7.8,51.32,27.0,5.4,33.33333333333333,5.0,53.0,81.0,5.4,27.0,26.5,2,0,0,0,0,0,0,1,0,0,0.0,4.0,4.735294117647059,5.645962732919255,13.73230777341824,65.02651622118637,22.411651450220482,36.99633699633699,5.980263157894736,2.0,42.0
TM McGrath,2026,ODI,95.0,126.0,7.0,8.0,10.0,0.0,13.57,75.4,198.0,33.0,92.95774647887323,9.0,766.0,213.0,22.0,177.0,153.33333333333334,6,1,0,0,0,1,0,0,0,0,7.0,5.0,7.788990825688073,23.20259128386337,22.788109612947085,177.49637671001904,21.615126484254002,90.75370865198563,30.4466769706337,7.0,164.0
TM McGrath,2026,T20I,16.0,18.0,1.0,3.0,1.0,0.0,16.0,88.89,176.0,35.2,125.71428571428571,10.0,1139.0,140.0,17.6,293.0,254.66666666666666,4,1,0,0,0,0,0,1,0,0,11.0,13.0,10.568807339449542,23.459201388888886,20.797354076614198,219.80322840605098,10.5758603974794,128.36040657357273,37.22451790633609,5.8,191.0
TP Alsop,2025,BBL,15.0,23.0,2.0,2.0,0.0,0.0,7.5,65.22,100.0,33.333333333333336,147.05882352941177,4.0,100.0,68.0,25.0,100.0,100.0,1,0,1,0,0,0,0,0,0,0,0.0,0.0,4.0,25.0,20.51668513184135,82.0667405273654,17.527808553068912,147.05882352941177,33.333333333333336,5.75,86.0
TP Kanwar,2026,WPL,54.0,36.0,2.0,4.0,7.0,2.0,27.0,150.0,55.0,13.75,101.85185185185186,4.0,114.0,54.0,13.75,46.0,38.0,3,1,0,0,0,0,0,0,0,1,6.0,3.0,4.428571428571429,10.055299539170507,8.455261801310849,37.44473083437662,6.140540540540541,97.23707664884135,11.668449197860962,8.5,36.0
TS Erichsen,2026,T20I,11.0,23.0,3.0,3.0,1.0,0.0,3.67,47.83,38.0,19.0,66.66666666666666,3.0,125.0,57.0,12.666666666666666,87.0,62.5,2,1,0,0,0,0,0,1,0,0,5.0,0.0,3.75,15.033333333333331,16.674686811798257,62.53007554424346,18.316040290263185,72.27564102564101,20.499999999999996,1.0,79.0
TT Aung,2026,T20I,77.0,163.0,9.0,10.0,5.0,0.0,8.56,47.24,201.0,14.357142857142858,67.67676767676768,15.0,218.0,297.0,13.4,14.0,72.66666666666667,3,1,0,0,0,0,0,1,0,0,2.0,1.0,8.448979591836734,12.710144927536234,14.201074545282763,119.98458901524619,18.316040290263185,66.21366553416385,14.416438356164385,1.2666666666666666,86.0
TT Beaumont,2026,ODI,210.0,272.0,7.0,8.0,31.0,1.0,30.0,77.21,434.0,43.4,89.11704312114989,11.0,4190.0,487.0,39.45454545454545,444.0,372.3333333333333,13,1,0,0,0,1,0,0,0,0,11.0,10.0,11.743119266055047,36.32343749999999,35.24090373859287,413.83813564586126,30.622093023255815,86.25653964602425,39.738461538461536,1.4545454545454546,348.0
TT Beaumont,2026,Test,2.0,8.0,2.0,1.0,0.0,0.0,1.0,25.0,88.0,22.0,38.26086956521739,2.0,612.0,230.0,44.0,27.0,115.0,9,1,0,0,0,0,0,0,1,0,1.0,1.0,1.5596330275229355,59.464705882352945,56.04968328731525,87.41693723709716,54.11450381679389,47.56728778467909,30.726443768996962,1.25,70.0
TT Maposa,2026,T20I,15.0,22.0,3.0,5.0,1.0,0.0,5.0,68.18,40.0,40.0,117.64705882352942,6.0,40.0,34.0,6.666666666666667,40.0,40.0,1,0,0,0,0,0,0,1,0,0,0.0,0.0,6.0,6.666666666666667,6.037135749822316,36.2228144989339,5.407604832977968,117.64705882352942,40.0,8.666666666666666,18.0
TT Soe,2026,T20I,160.0,174.0,11.0,12.0,16.0,0.0,14.55,91.95,138.0,11.5,79.3103448275862,14.0,213.0,174.0,9.857142857142858,36.0,71.0,3,1,0,0,0,0,0,1,0,0,3.0,6.0,9.16326530612245,9.668151447661469,9.895457528584156,90.6747026598834,10.5758603974794,74.35765673175744,11.130769230769229,4.571428571428571,76.0
TU Deshpande,2026,IPL,26.0,14.0,2.0,2.0,0.0,3.0,13.0,185.71,7.0,7.0,87.5,4.0,28.0,8.0,1.75,0.0,2.3333333333333335,4,0,0,0,1,0,0,0,0,0,1.0,1.0,2.5306122448979593,1.4112903225806452,3.4432085501518594,8.713425718751644,5.122927618277396,78.12500000000001,7.0,10.5,5.0
TWM Latham,2026,ODI,303.0,429.0,11.0,14.0,26.0,2.0,27.55,70.63,262.0,29.11111111111111,85.06493506493507,10.0,4280.0,308.0,26.2,234.0,352.0,14,0,0,0,0,1,0,0,0,0,10.0,17.0,11.357798165137615,28.063812600969303,27.71960426189699,314.8336704241144,26.29917118265859,88.70024764482116,32.838374291115315,5.0,254.0
TWM Latham,2026,Test,616.0,1107.0,13.0,7.0,57.0,3.0,47.38,55.65,416.0,26.0,56.06469002695418,8.0,5834.0,742.0,52.0,268.0,403.6666666666667,12,0,0,0,0,0,0,0,1,0,6.0,6.0,7.220183486238532,56.62388818297332,58.83846555685511,424.8245173692199,64.64804020100503,51.4964870111861,29.39511873350924,1.0,340.0
Taher Muhammad,2026,T20I,62.0,84.0,4.0,4.0,2.0,2.0,15.5,73.81,57.0,11.4,90.47619047619048,5.0,88.0,63.0,11.4,12.0,34.5,3,0,0,0,0,0,0,1,0,0,3.0,0.0,4.21978021978022,8.903645833333334,14.828209700389099,62.5717859884551,22.411651450220482,80.77013938105361,8.903645833333334,2.2,63.0
Taijul Islam,2026,Test,114.0,240.0,9.0,6.0,12.0,1.0,12.67,47.5,187.0,11.6875,37.02970297029703,9.0,827.0,505.0,20.77777777777778,117.0,105.66666666666667,11,0,0,0,0,0,0,0,1,0,4.0,3.0,6.229357798165137,20.207658321060386,19.585272371170735,122.00366917454062,18.176605504587155,38.64090793883241,11.920938314509122,8.8125,106.0
Taj Nehar,2026,T20I,5.0,15.0,2.0,2.0,1.0,0.0,2.5,33.33,44.0,6.285714285714286,88.0,7.0,44.0,50.0,6.285714285714286,44.0,44.0,1,1,0,0,0,0,0,1,0,0,0.0,0.0,7.0,6.285714285714286,8.265781721913568,57.86047205339497,10.5758603974794,88.0,6.285714285714286,4.714285714285714,39.0
Tanvir Islam,2026,ODI,14.0,14.0,2.0,3.0,1.0,1.0,7.0,100.0,17.0,5.666666666666667,50.0,3.0,17.0,34.0,5.666666666666667,17.0,17.0,1,0,0,0,0,1,0,0,0,0,0.0,0.0,3.0,5.666666666666667,7.8789339082281815,23.636801724684545,8.98506752900894,50.0,5.666666666666667,10.0,19.0
Tanzid Hasan,2026,ODI,486.0,468.0,11.0,12.0,46.0,22.0,44.18,103.85,241.0,30.125,103.87931034482759,8.0,499.0,232.0,30.125,245.0,166.33333333333334,3,0,0,0,0,1,0,0,0,0,11.0,2.0,7.816326530612245,25.631853785900784,27.68398380498228,216.38705708792273,32.92375578703704,103.54392996519354,25.631853785900784,1.375,203.0
Tanzid Hasan,2026,T20I,441.0,342.0,14.0,16.0,36.0,18.0,31.5,128.95,439.0,25.823529411764707,133.03030303030303,19.0,752.0,330.0,23.105263157894736,313.0,376.0,2,0,0,0,0,0,0,1,0,0,13.0,0.0,16.75,23.388059701492534,23.209448436015943,388.75826130326703,22.411651450220482,128.49528495284954,26.5593220338983,1.5263157894736843,269.0
Tanzim Hasan Sakib,2026,T20I,56.0,51.0,4.0,5.0,5.0,1.0,14.0,109.8,121.0,20.166666666666668,116.34615384615385,10.0,136.0,104.0,12.1,15.0,68.0,2,0,0,0,0,0,0,1,0,0,6.0,0.0,8.5,9.558823529411764,8.28804229580958,70.44835951438144,5.407604832977968,112.06896551724137,16.666666666666668,8.5,46.0
Taranjeet Singh,2026,T20I,460.0,307.0,14.0,16.0,54.0,21.0,32.86,149.84,136.0,45.333333333333336,137.37373737373736,5.0,1184.0,99.0,27.2,272.0,173.0,5,0,0,0,0,0,0,1,0,0,8.0,5.0,6.431192660550459,30.907275320970037,28.36113430076537,182.39591875996814,22.411651450220482,150.83542188805345,36.72203389830508,1.0,168.0
Tarun Sharma,2026,T20I,28.0,34.0,4.0,4.0,3.0,0.0,7.0,82.35,101.0,14.428571428571429,108.6021505376344,7.0,133.0,93.0,14.428571428571429,32.0,66.5,2,0,0,0,0,0,0,1,0,0,5.0,0.0,6.25,12.02,15.91686929383268,99.48043308645424,22.411651450220482,102.2108843537415,12.787234042553191,2.857142857142857,78.0
Taskin Ahmed,2026,ODI,32.0,48.0,6.0,6.0,3.0,1.0,5.33,66.67,14.0,3.5,43.75,4.0,221.0,32.0,3.5,67.0,48.666666666666664,9,0,0,0,0,1,0,0,0,0,6.0,8.0,5.110091743119266,7.301615798922799,7.890922122173491,40.323335982115914,8.98506752900894,66.2269988601205,9.264236902050111,9.25,30.0
Taskin Ahmed,2026,T20I,29.0,18.0,3.0,5.0,2.0,2.0,9.67,161.11,24.0,12.0,92.3076923076923,3.0,198.0,26.0,8.0,59.0,39.666666666666664,7,0,0,0,0,0,0,1,0,0,7.0,8.0,5.229357798165138,6.945614035087719,6.4152660343602195,33.547721464085555,5.407604832977968,99.92428066633013,12.812297734627833,9.666666666666666,25.0
Taskin Ahmed,2026,Test,75.0,100.0,6.0,4.0,8.0,3.0,12.5,75.0,39.0,9.75,49.36708860759494,3.0,259.0,79.0,13.0,1.0,24.0,7,0,0,0,0,0,0,0,1,0,1.0,1.0,2.1192660550458715,12.541125541125542,15.7250125261321,33.32548526180289,18.176605504587155,49.394714407502136,9.92123287671233,9.666666666666666,44.0
Tenjin Rabgey,2026,T20I,165.0,139.0,9.0,9.0,14.0,7.0,18.33,118.71,193.0,19.3,86.16071428571429,11.0,361.0,224.0,17.545454545454547,35.0,110.33333333333333,4,0,0,0,0,0,0,1,0,0,7.0,4.0,8.036697247706421,14.707762557077626,16.6730403359406,133.99617737875195,22.411651450220482,79.94043556493145,15.598062953995159,2.0,102.0
Theertha Satish,2026,T20I,528.0,469.0,14.0,24.0,66.0,5.0,37.71,112.58,215.0,43.0,113.1578947368421,7.0,1797.0,190.0,30.714285714285715,530.0,409.6666666666667,4,1,0,0,0,0,0,1,0,0,23.0,20.0,14.963302752293576,25.511955855303498,24.39399900936249,365.0147925162405,18.316040290263185,111.87288272301986,33.610662358642976,1.8571428571428572,242.0
Thuya Aung,2026,T20I,92.0,123.0,11.0,12.0,8.0,2.0,8.36,74.8,124.0,24.8,70.45454545454545,6.0,199.0,176.0,20.666666666666668,58.0,66.33333333333333,3,0,0,0,0,0,0,1,0,0,7.0,4.0,5.938775510204081,14.168384879725089,14.530787237125049,86.29508338782426,15.233847810480976,58.341587660959405,15.500000000000004,5.0,81.0
Tilak Varma,2026,IPL,359.0,246.0,12.0,14.0,30.0,17.0,29.92,145.93,343.0,31.181818181818183,138.30645161290323,13.0,1499.0,248.0,26.384615384615383,416.0,367.3333333333333,4,0,0,0,1,0,0,0,0,0,13.0,11.0,12.770642201834862,28.85847701149425,27.02121231411375,345.0782343233609,18.496304118268217,144.31830429315613,36.027802690582966,4.461538461538462,325.0
Tilak Varma,2026,T20I,865.0,619.0,21.0,31.0,64.0,39.0,41.19,139.74,444.0,74.0,162.63736263736263,10.0,754.0,273.0,44.4,136.0,251.33333333333334,3,0,0,0,0,0,0,1,0,0,7.0,7.0,8.53061224489796,35.18181818181819,31.80941499565682,271.35378506499086,22.411651450220482,157.21616420782553,57.670588235294126,3.5,285.0
Towhid Hridoy,2026,ODI,524.0,700.0,10.0,14.0,39.0,4.0,52.4,74.86,210.0,42.0,71.67235494880546,5.0,969.0,293.0,42.0,352.0,323.0,3,0,0,0,0,1,0,0,0,0,13.0,9.0,8.183673469387754,35.394014962593516,32.918104677674755,269.3910199132158,26.29917118265859,80.01465779682039,38.25606469002695,4.4,262.0
Towhid Hridoy,2026,T20I,431.0,321.0,12.0,15.0,28.0,17.0,35.92,134.27,345.0,24.642857142857142,109.87261146496816,17.0,872.0,314.0,20.294117647058822,437.0,290.6666666666667,3,0,0,0,0,0,0,1,0,0,18.0,5.0,15.10204081632653,21.60810810810811,20.53379457480017,310.10220378269645,15.233847810480976,118.05965741287656,25.79032258064516,4.0588235294117645,211.0
Tshering Tashi,2026,T20I,95.0,119.0,7.0,8.0,8.0,3.0,13.57,79.83,7.0,2.3333333333333335,28.000000000000004,6.0,7.0,25.0,1.1666666666666667,7.0,7.0,1,0,0,0,0,0,0,1,0,0,0.0,0.0,6.0,1.1666666666666667,3.2871357498223173,19.722814498933904,5.407604832977968,28.000000000000004,2.3333333333333335,9.0,10.0
Tuba Hassan,2026,T20I,109.0,99.0,7.0,11.0,12.0,2.0,15.57,110.1,24.0,8.0,80.0,5.0,84.0,30.0,4.8,30.0,27.666666666666668,4,1,0,0,0,0,0,1,0,0,5.0,3.0,4.36697247706422,5.531512605042017,7.481647060881211,32.67214679797666,10.5758603974794,89.64930200885257,8.835570469798657,7.2,28.0
U Bayarjavkhlan,2026,T20I,16.0,15.0,3.0,3.0,1.0,0.0,5.33,106.67,17.0,4.25,25.757575757575758,6.0,17.0,66.0,2.8333333333333335,17.0,17.0,1,1,0,0,0,0,0,1,0,0,0.0,0.0,6.0,2.8333333333333335,3.0371794871794875,18.223076923076924,3.241025641025641,25.757575757575758,4.25,8.333333333333334,10.0
U Peace,2026,T20I,2.0,10.0,2.0,2.0,0.0,0.0,1.0,20.0,21.0,3.5,70.0,8.0,31.0,30.0,2.625,10.0,15.5,2,1,0,0,0,0,0,1,0,0,3.0,0.0,6.125,2.7551020408163263,2.9396299902629015,18.00523369036027,3.241025641025641,67.16417910447761,4.5,9.75,7.0
U Shantu,2026,T20I,5.0,7.0,1.0,3.0,0.0,0.0,5.0,71.43,21.0,10.5,116.66666666666667,3.0,21.0,18.0,7.0,21.0,21.0,1,0,0,0,0,0,0,1,0,0,0.0,0.0,3.0,7.0,5.938403221985312,17.815209665955937,5.407604832977968,116.66666666666667,10.5,9.666666666666666,14.0
UCKA Dona,2026,T20I,21.0,38.0,3.0,5.0,1.0,0.0,7.0,55.26,42.0,42.0,77.77777777777779,5.0,113.0,54.0,8.4,42.0,42.0,3,1,0,0,0,0,0,1,0,0,0.0,0.0,5.0,8.4,9.586832944079672,47.934164720398364,10.5758603974794,77.77777777777779,42.0,6.4,36.0
UT Khawaja,2026,Test,176.0,293.0,7.0,4.0,19.0,0.0,25.14,60.07,602.0,31.68421052631579,51.19047619047619,11.0,6053.0,1176.0,54.72727272727273,447.0,759.3333333333334,11,0,0,0,0,0,0,0,1,0,7.0,15.0,10.15596330275229,68.11201445347788,67.37342719282269,684.2420541509605,64.64804020100503,47.092917949646804,39.53854221289985,1.619047619047619,554.0
Ubaid Shah,2026,PSL,5.0,12.0,2.0,3.0,1.0,0.0,2.5,41.67,21.0,7.0,61.76470588235294,5.0,21.0,34.0,4.2,0.0,10.5,2,0,0,0,0,0,1,0,0,0,1.0,0.0,3.4999999999999996,3.7500000000000004,4.598923199396657,16.096231197888297,5.391251518833536,59.65909090909091,5.833333333333333,10.4,10.0
Umair Qasim,2026,T20I,134.0,125.0,4.0,7.0,15.0,4.0,33.5,107.2,53.0,8.833333333333334,94.64285714285714,7.0,98.0,56.0,7.571428571428571,53.0,43.0,3,0,0,0,0,0,0,1,0,0,0.0,4.0,6.037974683544304,7.077568134171908,10.226710866337571,61.748621306873694,15.233847810480976,92.21524173723026,7.9063231850117095,6.714285714285714,39.0
Umair Tariq,2026,T20I,24.0,21.0,3.0,6.0,2.0,1.0,8.0,114.29,61.0,20.333333333333332,117.3076923076923,5.0,98.0,52.0,12.2,61.0,38.5,3,0,0,0,0,0,0,1,0,0,0.0,4.0,4.3544303797468356,10.375000000000002,12.63843842103151,55.033200213099235,15.233847810480976,109.14373088685016,15.31759656652361,6.4,42.0
Urvil Patel,2026,IPL,129.0,64.0,7.0,7.0,6.0,14.0,18.43,201.56,68.0,22.666666666666668,212.5,3.0,68.0,32.0,22.666666666666668,68.0,68.0,1,0,0,0,1,0,0,0,0,0,0.0,0.0,3.0,22.666666666666668,26.130282043561177,78.39084613068353,27.86208973200843,212.5,22.666666666666668,3.0,75.0
Usama Mir,2026,PSL,24.0,12.0,3.0,3.0,1.0,3.0,8.0,200.0,14.0,3.5,73.68421052631578,4.0,97.0,19.0,3.5,18.0,23.333333333333332,7,0,0,0,0,0,1,0,0,0,2.0,5.0,3.5714285714285716,5.497142857142856,5.448269931769324,19.45810689917616,5.391251518833536,130.17591339648175,5.7951807228915655,9.25,20.0
Usman Khan,2026,PSL,389.0,239.0,11.0,13.0,36.0,22.0,35.36,162.76,213.0,26.625,147.91666666666669,8.0,879.0,144.0,26.625,430.0,270.0,4,0,0,0,0,0,1,0,0,0,7.0,4.0,6.959183673469387,38.938416422287396,35.343832437921584,245.96422165982162,27.17214484679666,160.2461984069515,44.85810810810811,3.0,236.0
Usman Khan,2026,T20I,301.0,258.0,15.0,25.0,24.0,7.0,20.07,116.67,140.0,12.727272727272727,113.8211382113821,11.0,676.0,123.0,12.727272727272727,229.0,211.66666666666666,4,0,0,0,0,0,0,1,0,0,18.0,7.0,12.40816326530612,15.34375,15.322001545609693,190.11789672919778,15.233847810480976,117.96914516944865,17.117431192660547,4.818181818181818,123.0
Usman Patel,2026,T20I,9.0,21.0,4.0,4.0,1.0,0.0,2.25,42.86,174.0,24.857142857142858,137.00787401574803,9.0,1084.0,127.0,19.333333333333332,516.0,259.6666666666667,5,0,0,0,0,0,0,1,0,0,25.0,7.0,12.972477064220183,19.695898161244696,18.914909185031675,245.37322557463108,15.233847810480976,134.2880563190125,26.650717703349283,4.444444444444445,175.0
V Balakrishnan,2026,T20I,445.0,384.0,15.0,16.0,50.0,10.0,29.67,115.89,242.0,22.0,125.38860103626943,12.0,502.0,193.0,20.166666666666668,242.0,204.0,4,0,0,0,0,0,0,1,0,0,0.0,10.0,10.569620253164558,18.477844311377247,19.517617123406293,206.29380124106655,22.411651450220482,121.37350534927627,20.71006711409396,2.5,130.0
V Hirlal,2026,T20I,74.0,112.0,6.0,6.0,7.0,0.0,12.33,66.07,56.0,9.333333333333334,68.29268292682927,7.0,56.0,82.0,8.0,56.0,56.0,1,0,0,0,0,0,0,1,0,0,0.0,0.0,7.0,8.0,11.338698989452759,79.37089292616932,15.233847810480976,68.29268292682927,9.333333333333334,4.142857142857143,47.0
V Igbinedion,2026,T20I,18.0,32.0,1.0,2.0,3.0,0.0,18.0,56.25,59.0,19.666666666666668,84.28571428571429,3.0,138.0,70.0,19.666666666666668,79.0,69.0,2,1,0,0,0,0,0,1,0,0,5.0,0.0,3.75,17.733333333333334,18.024686811798258,67.59257554424347,18.316040290263185,77.2133526850508,19.703703703703702,2.6666666666666665,87.0
V Jatinder Kumar,2026,T20I,5.0,8.0,2.0,4.0,1.0,0.0,2.5,62.5,18.0,4.5,85.71428571428571,4.0,18.0,21.0,4.5,18.0,18.0,1,0,0,0,0,0,0,1,0,0,0.0,0.0,4.0,4.5,5.044562899786781,20.178251599147124,5.407604832977968,85.71428571428571,4.5,8.5,18.0
V Kohli,2026,IPL,675.0,407.0,12.0,16.0,73.0,25.0,56.25,165.85,657.0,54.75,144.7136563876652,15.0,8671.0,454.0,43.8,741.0,679.0,18,0,0,0,1,0,0,0,0,0,15.0,14.0,14.935779816513762,43.20208845208845,40.815159190665206,609.6062308477335,27.86208973200843,144.92684937152276,52.44817300521998,2.0,541.0
V Kohli,2026,ODI,760.0,711.0,10.0,12.0,64.0,19.0,76.0,106.89,275.0,45.833333333333336,84.3558282208589,7.0,14059.0,326.0,39.285714285714285,824.0,594.0,18,0,0,0,0,1,0,0,0,0,14.0,15.0,10.34862385321101,46.710106382978715,43.81381424097416,453.4126831543014,32.92375578703704,92.13135393170016,53.65478615071283,3.0,388.0
V Langiatu,2026,T20I,230.0,242.0,7.0,8.0,20.0,8.0,32.86,95.04,270.0,20.76923076923077,79.88165680473372,13.0,409.0,338.0,20.76923076923077,47.0,123.0,4,1,0,0,0,0,0,1,0,0,4.0,6.0,8.95918367346939,18.047835990888377,18.116139292936293,162.30581937957214,18.316040290263185,77.41084513922813,18.047835990888377,2.0,117.0
V Mahajan,2026,T20I,89.0,129.0,8.0,8.0,6.0,1.0,11.12,68.99,38.0,19.0,76.0,3.0,38.0,50.0,12.666666666666666,38.0,38.0,1,1,0,0,0,0,0,1,0,0,0.0,0.0,3.0,12.666666666666666,11.272795820541821,33.81838746162546,10.5758603974794,76.0,19.0,5.0,35.0
V Marghashayam,2026,T20I,11.0,19.0,1.0,2.0,1.0,0.0,11.0,57.89,5.0,1.6666666666666667,62.5,4.0,5.0,8.0,1.25,5.0,5.0,1,0,0,0,0,0,0,1,0,0,0.0,0.0,4.0,1.25,3.744562899786781,14.978251599147123,5.407604832977968,62.5,1.6666666666666667,8.0,13.0
V Mbazo,2026,T20I,137.0,175.0,11.0,12.0,12.0,2.0,12.45,78.29,98.0,12.25,94.23076923076923,10.0,288.0,104.0,9.8,98.0,95.5,4,0,0,0,0,0,0,1,0,0,0.0,10.0,9.443037974683545,9.490616621983914,11.137814859602573,105.17480867422177,15.233847810480976,91.42561983471074,11.149606299212598,4.2,69.0
V Nigam,2026,IPL,15.0,10.0,1.0,2.0,2.0,0.0,15.0,150.0,142.0,20.285714285714285,179.74683544303798,8.0,142.0,79.0,17.75,142.0,142.0,1,0,0,0,1,0,0,0,0,0,0.0,0.0,8.0,17.75,18.06984462211495,144.5587569769196,18.496304118268217,179.74683544303798,20.285714285714285,7.25,106.0
V Nikolova,2026,T20I,126.0,136.0,11.0,11.0,18.0,0.0,11.45,92.65,52.0,7.428571428571429,70.27027027027027,7.0,52.0,74.0,7.428571428571429,52.0,52.0,1,1,0,0,0,0,0,1,0,0,0.0,0.0,7.0,7.428571428571429,12.453557057044547,87.17489939931183,18.316040290263185,70.27027027027027,7.428571428571429,3.2857142857142856,46.0
V Ravindran,2026,T20I,235.0,153.0,11.0,11.0,29.0,12.0,21.36,153.59,367.0,33.36363636363637,149.79591836734693,12.0,575.0,245.0,30.583333333333332,126.0,191.66666666666666,3,0,0,0,0,0,0,1,0,0,4.0,3.0,7.8979591836734695,30.498708010335918,28.239753663934955,223.0364217947516,22.411651450220482,146.8217439980097,32.60497237569061,2.1666666666666665,190.0
V Saini,2026,T20I,417.0,324.0,12.0,14.0,43.0,8.0,34.75,128.7,240.0,34.285714285714285,135.59322033898303,8.0,1000.0,177.0,30.0,141.0,226.0,5,0,0,0,0,0,0,1,0,0,7.0,10.0,8.357798165137613,26.871569703622395,23.988566757344586,200.49159922881572,15.233847810480976,131.2178387650086,32.596537949400805,4.0,186.0
V Shaw,2026,T20I,57.0,69.0,6.0,6.0,3.0,2.0,9.5,82.61,52.0,10.4,74.28571428571429,6.0,52.0,70.0,8.666666666666666,52.0,52.0,1,0,0,0,0,0,0,1,0,0,0.0,0.0,6.0,8.666666666666666,11.95025723857382,71.70154343144293,15.233847810480976,74.28571428571429,10.4,6.666666666666667,36.0
V Shukla,2026,ODI,183.0,216.0,8.0,9.0,10.0,7.0,22.88,84.72,144.0,24.0,84.21052631578947,7.0,144.0,171.0,20.571428571428573,144.0,144.0,1,0,0,0,0,1,0,0,0,0,0.0,0.0,7.0,20.571428571428573,23.215002084303965,162.50501459012776,26.29917118265859,84.21052631578947,24.0,6.285714285714286,128.0
V Shukla,2026,T20I,184.0,126.0,9.0,11.0,16.0,8.0,20.44,146.03,212.0,26.5,140.3973509933775,10.0,212.0,151.0,21.2,212.0,212.0,1,0,0,0,0,0,0,1,0,0,0.0,0.0,10.0,21.2,18.962692928930366,189.62692928930366,15.233847810480976,140.3973509933775,26.5,6.0,116.0
V Stolle,2026,T20I,31.0,38.0,4.0,5.0,0.0,0.0,7.75,81.58,28.0,7.0,48.275862068965516,5.0,54.0,58.0,5.6,28.0,28.0,3,1,0,0,0,0,0,1,0,0,0.0,0.0,5.0,5.6,8.314105671352399,41.570528356762,10.5758603974794,48.275862068965516,7.0,7.0,27.0
V Suryavanshi,2026,IPL,776.0,327.0,16.0,16.0,63.0,72.0,48.5,237.31,252.0,36.0,206.55737704918033,7.0,252.0,122.0,36.0,252.0,252.0,1,0,0,0,1,0,0,0,0,0,0.0,0.0,7.0,36.0,32.24404141477312,225.70828990341187,27.86208973200843,206.55737704918033,36.0,2.0,174.0
V Vijh,2026,T20I,111.0,77.0,5.0,7.0,9.0,5.0,22.2,144.16,131.0,21.833333333333332,110.08403361344538,7.0,727.0,119.0,18.714285714285715,131.0,166.33333333333334,6,0,0,0,0,0,0,1,0,0,7.0,9.0,7.330275229357798,19.254067584480598,18.156646354089435,133.09321501759138,15.233847810480976,114.31119037004012,22.13525179856115,4.857142857142857,129.0
V Vira,2026,T20I,27.0,38.0,4.0,6.0,2.0,0.0,6.75,71.05,9.0,3.0,33.33333333333333,5.0,20.0,27.0,1.8,7.0,6.666666666666667,3,1,0,0,0,0,0,1,0,0,3.0,1.0,3.653061224489796,2.0446927374301676,2.5901332709843348,9.461915418493795,3.241025641025641,29.326923076923073,4.066666666666666,9.833333333333334,6.0
V Zimonjic,2026,T20I,73.0,73.0,7.0,10.0,4.0,1.0,10.43,100.0,63.0,31.5,123.52941176470588,3.0,188.0,51.0,21.0,21.0,39.0,5,0,0,0,0,0,0,1,0,0,4.0,2.0,3.4128440366972477,13.029569892473118,14.01362253444091,47.826308099192836,15.233847810480976,114.02023053399199,20.112033195020746,4.666666666666667,67.0
VB Viyala,2026,T20I,55.0,67.0,7.0,9.0,3.0,0.0,7.86,82.09,29.0,9.666666666666666,72.5,5.0,42.0,40.0,5.8,13.0,21.0,2,1,0,0,0,0,0,1,0,0,3.0,0.0,4.25,5.411764705882352,7.832434561318468,33.28784688560349,10.5758603974794,65.48042704626333,8.761904761904761,7.4,25.0
VD Adewoye,2026,T20I,213.0,152.0,14.0,14.0,12.0,13.0,15.21,140.13,98.0,10.88888888888889,112.64367816091954,12.0,258.0,87.0,8.166666666666666,89.0,93.5,5,0,0,0,0,0,0,1,0,0,6.0,0.0,9.75,9.705128205128206,11.24088365105953,109.59861559783042,15.233847810480976,122.49190938511327,13.280701754385966,6.923076923076923,65.0
VE Tembo,2026,T20I,93.0,63.0,3.0,5.0,13.0,2.0,31.0,147.62,102.0,12.75,124.39024390243902,9.0,138.0,82.0,11.333333333333334,102.0,102.0,2,0,0,0,0,0,0,1,0,0,0.0,0.0,8.278688524590164,10.883168316831684,12.504539556700985,103.52118813334422,15.233847810480976,118.47380901056262,12.378378378378377,3.6666666666666665,74.0
VR Iyer,2026,IPL,209.0,112.0,4.0,6.0,21.0,13.0,52.25,186.61,142.0,20.285714285714285,139.2156862745098,7.0,1468.0,102.0,20.285714285714285,370.0,305.3333333333333,5,0,0,0,1,0,0,0,0,0,13.0,14.0,10.311926605504587,24.443060498220643,23.19023260918572,239.13597663050228,18.496304118268217,145.0963823607077,28.529595015576326,4.571428571428571,247.0
VS Padhaal,2026,T20I,168.0,149.0,9.0,9.0,17.0,3.0,18.67,112.75,29.0,9.666666666666666,82.85714285714286,3.0,401.0,35.0,9.666666666666666,194.0,88.33333333333333,5,0,0,0,0,0,0,1,0,0,8.0,4.0,4.844036697247707,17.325757575757574,19.16847274766442,92.85278541987903,22.411651450220482,107.03170703170701,19.21848739495798,1.0,100.0
Vikramjit Singh,2026,ODI,0.0,5.0,1.0,1.0,0.0,0.0,0.0,0.0,209.0,23.22222222222222,59.03954802259888,9.0,1304.0,354.0,23.22222222222222,287.0,312.3333333333333,4,0,0,0,0,1,0,0,0,0,11.0,13.0,10.513761467889909,27.081151832460733,28.293310329260795,297.4691159388337,32.92375578703704,68.13990251613752,27.80913978494624,1.6666666666666667,214.0
Vinay Ravi,2026,T20I,25.0,35.0,5.0,7.0,3.0,0.0,5.0,71.43,118.0,14.75,111.32075471698113,10.0,190.0,106.0,11.8,16.0,46.0,5,0,0,0,0,0,0,1,0,0,2.0,1.0,5.605504587155963,10.847790507364977,9.056291382978475,50.765082889906864,5.407604832977968,109.04902928594933,13.444219066937121,8.166666666666666,44.0
Vineet Shah,2026,T20I,45.0,54.0,4.0,5.0,1.0,1.0,11.25,83.33,77.0,25.666666666666668,89.53488372093024,4.0,77.0,86.0,19.25,77.0,77.0,1,0,0,0,0,0,0,1,0,0,0.0,0.0,4.0,19.25,21.14699087013229,84.58796348052915,22.411651450220482,89.53488372093024,25.666666666666668,3.5,69.0
Vinu Kumar,2026,T20I,83.0,111.0,4.0,6.0,6.0,0.0,20.75,74.77,350.0,21.875,81.3953488372093,17.0,488.0,430.0,20.58823529411765,60.0,143.33333333333334,4,1,0,0,0,0,0,1,0,0,7.0,6.0,11.422018348623851,16.303614457831326,16.69437675539091,190.68347761891448,18.316040290263185,76.33983978336904,17.51337359792925,3.1176470588235294,122.0
Virandeep Singh,2026,T20I,461.0,360.0,14.0,18.0,48.0,16.0,32.93,128.06,572.0,40.857142857142854,136.8421052631579,16.0,2686.0,418.0,35.75,684.0,577.0,7,0,0,0,0,0,0,1,0,0,24.0,14.0,17.36697247706422,32.057052297939784,30.737572017814024,533.8185672451555,22.411651450220482,130.99622234214786,39.30310880829016,3.375,391.0
W Hornero-Garcia,2026,T20I,208.0,201.0,6.0,8.0,21.0,0.0,34.67,103.48,393.0,26.2,97.51861042183623,18.0,407.0,403.0,21.833333333333332,0.0,196.5,3,1,0,0,0,0,0,1,0,0,1.0,0.0,10.461538461538463,20.802521008403357,20.206718919392134,211.39336715671774,18.316040290263185,96.45901319955189,24.693266832917708,1.0555555555555556,205.0
W Madhevere,2026,ODI,112.0,144.0,4.0,4.0,9.0,1.0,28.0,77.78,77.0,25.666666666666668,82.79569892473118,3.0,751.0,93.0,25.666666666666668,77.0,148.5,5,0,0,0,0,1,0,0,0,0,0.0,10.0,5.569620253164558,20.849999999999998,23.059123452429155,128.43056100087128,26.29917118265859,77.61421319796955,20.849999999999998,5.0,135.0
W Madhevere,2026,T20I,89.0,90.0,8.0,8.0,6.0,3.0,11.12,98.89,90.0,11.25,100.0,9.0,1164.0,90.0,10.0,217.0,144.0,6,0,0,0,0,0,0,1,0,0,15.0,11.0,11.38532110091743,13.66317485898469,15.366317608738575,174.95046011417037,22.411651450220482,108.608762490392,15.98114985862394,3.4444444444444446,121.0
W Madhevere,2026,Test,77.0,108.0,0.0,1.0,8.0,0.0,77.0,71.3,244.0,22.181818181818183,49.795918367346935,6.0,244.0,490.0,40.666666666666664,244.0,244.0,1,0,0,0,0,0,0,0,1,0,0.0,0.0,6.0,40.666666666666664,49.81841836260571,298.9105101756343,58.970170058544745,49.795918367346935,22.181818181818183,5.75,183.0
W Maximo,2026,T20I,110.0,124.0,8.0,8.0,9.0,0.0,13.75,88.71,99.0,11.0,67.3469387755102,9.0,99.0,147.0,11.0,99.0,99.0,1,0,0,0,0,0,0,1,0,0,0.0,0.0,9.0,11.0,15.564660580088193,140.08194522079373,22.411651450220482,67.3469387755102,11.0,2.3333333333333335,69.0
W Miyauchi,2026,T20I,73.0,72.0,6.0,8.0,4.0,2.0,12.17,101.39,105.0,21.0,87.5,8.0,350.0,120.0,13.125,219.0,116.66666666666667,3,0,0,0,0,0,0,1,0,0,9.0,3.0,7.387755102040816,16.972375690607734,16.46304135072685,121.62491773394122,15.233847810480976,98.27255278310942,22.588235294117645,6.25,98.0
W Moutswi,2026,T20I,27.0,45.0,2.0,3.0,2.0,0.0,13.5,60.0,106.0,17.666666666666668,74.12587412587412,9.0,144.0,143.0,11.777777777777779,34.0,48.0,3,1,0,0,0,0,0,1,0,0,8.0,1.0,7.224489795918368,9.028248587570621,9.488847340519662,68.55208078661144,10.5758603974794,70.75492583573167,13.316666666666668,4.111111111111111,66.0
W Mwatile,2026,T20I,273.0,243.0,12.0,18.0,24.0,7.0,22.75,112.35,219.0,14.6,74.23728813559322,18.0,712.0,295.0,12.166666666666666,245.0,181.66666666666666,7,1,0,0,0,0,0,1,0,0,15.0,4.0,14.155963302752292,13.346727154893065,12.895690786350418,182.55092553521737,10.5758603974794,77.45890848911122,16.254143646408842,5.222222222222222,113.0
W Ngowhuad,2026,T20I,5.0,10.0,1.0,3.0,0.0,0.0,5.0,50.0,1.0,0.5,16.666666666666664,4.0,1.0,6.0,0.25,0.0,0.5,2,0,0,0,0,0,0,1,0,0,1.0,0.0,2.8749999999999996,0.2173913043478261,3.155248018666774,9.071338053666974,5.407604832977968,13.88888888888889,0.3846153846153846,11.0,4.0
W O'Rourke,2026,ODI,7.0,16.0,2.0,2.0,0.0,0.0,3.5,43.75,5.0,5.0,50.0,3.0,6.0,10.0,1.6666666666666667,1.0,3.0,2,0,0,0,0,1,0,0,0,0,1.0,0.0,2.25,1.5555555555555554,6.199000538963921,13.947751212668823,8.98506752900894,43.07692307692307,3.4999999999999996,11.0,7.0
W O'Rourke,2026,Test,20.0,66.0,4.0,3.0,4.0,0.0,5.0,30.3,18.0,3.0,10.588235294117647,9.0,18.0,170.0,2.0,0.0,9.0,2,0,0,0,0,0,0,0,1,0,2.0,0.0,6.374999999999999,1.7647058823529413,7.843187223921168,50.00031855249744,18.176605504587155,9.66702470461869,3.0,10.25,16.0
W Sutherland,2025,BBL,120.0,100.0,8.0,10.0,8.0,6.0,15.0,120.0,191.0,27.285714285714285,130.82191780821915,9.0,630.0,146.0,21.22222222222222,112.0,171.0,7,0,1,0,0,0,0,0,0,0,8.0,14.0,9.651376146788989,16.40874524714829,16.65705811088807,160.76353332710318,17.527808553068912,139.626304295074,24.176470588235293,6.666666666666667,120.0
WA Young,2026,ODI,376.0,490.0,17.0,17.0,39.0,2.0,22.12,76.73,430.0,33.07692307692308,82.85163776493256,15.0,1620.0,519.0,28.666666666666668,500.0,460.0,5,0,0,0,0,1,0,0,0,0,11.0,11.0,12.330275229357799,35.050595238095234,34.662485849216004,427.3979906545533,32.92375578703704,85.20320497748196,38.77201646090534,1.0,373.0
WA Young,2026,Test,37.0,59.0,2.0,1.0,4.0,0.0,18.5,62.71,461.0,51.22222222222222,56.63390663390664,6.0,1171.0,814.0,76.83333333333333,135.0,202.0,5,0,0,0,0,0,0,0,1,0,3.0,1.0,4.651376146788991,63.07100591715976,63.657264015243506,296.0938794103528,64.64804020100503,50.572513047603984,39.380541871921174,2.4545454545454546,351.0
WAE Burton,2026,T20I,105.0,91.0,7.0,7.0,10.0,5.0,15.0,115.38,96.0,48.0,162.71186440677968,4.0,431.0,59.0,24.0,21.0,55.666666666666664,5,0,0,0,0,0,0,1,0,0,2.0,3.0,3.990825688073394,19.68505747126437,17.868237201556862,71.30902002456178,15.233847810480976,147.23177441540577,27.983660130718953,3.75,117.0
WG Jacks,2026,IPL,139.0,76.0,5.0,7.0,12.0,9.0,27.8,182.89,233.0,23.3,135.46511627906978,11.0,463.0,172.0,21.181818181818183,230.0,231.5,2,0,0,0,1,0,0,0,0,0,8.0,0.0,9.875,23.481012658227847,24.686813687708742,243.78228516612384,27.86208973200843,148.04469273743018,26.126760563380284,3.3636363636363638,221.0
WG Jacks,2026,ODI,58.0,71.0,2.0,3.0,6.0,0.0,29.0,81.69,345.0,28.75,102.98507462686568,13.0,621.0,335.0,26.53846153846154,249.0,207.0,3,0,0,0,0,1,0,0,0,0,5.0,2.0,8.53061224489796,30.150717703349283,29.133583939082374,248.52730788849863,26.29917118265859,104.45917944467466,32.06870229007634,4.3076923076923075,221.0
WG Jacks,2026,T20I,283.0,167.0,8.0,14.0,19.0,19.0,35.38,169.46,130.0,21.666666666666668,130.0,8.0,401.0,100.0,16.25,163.0,133.66666666666666,3,0,0,0,0,0,0,1,0,0,11.0,6.0,8.551020408163264,15.91169451073986,15.733000301532773,134.53320666004552,15.233847810480976,132.96769046669326,18.067750677506776,4.375,110.0
WGAKK Kulasuriya,2026,ODI,17.0,31.0,1.0,1.0,3.0,0.0,17.0,54.84,27.0,9.0,45.0,3.0,82.0,60.0,9.0,5.0,15.333333333333334,7,1,0,0,0,1,0,0,0,0,3.0,3.0,3.0,5.458715596330275,6.112076418073969,18.33622925422191,6.824239713774597,43.06393244873341,6.24125874125874,9.333333333333334,20.0
WK Dilhari,2026,ODI,221.0,261.0,9.0,12.0,22.0,1.0,24.56,84.67,197.0,32.833333333333336,80.73770491803278,6.0,665.0,244.0,32.833333333333336,149.0,165.0,6,1,0,0,0,1,0,0,0,0,7.0,6.0,6.275229357798165,26.883040935672515,25.276969456581504,158.61878081010778,21.615126484254002,78.95234006011164,29.420800000000003,4.666666666666667,171.0
WK Dilhari,2026,T20I,252.0,222.0,16.0,18.0,24.0,2.0,15.75,113.51,63.0,10.5,94.02985074626866,6.0,535.0,67.0,10.5,269.0,133.66666666666666,6,1,0,0,0,0,0,1,0,0,17.0,11.0,10.256880733944953,11.953488372093025,11.66202970327491,119.61604778221421,10.5758603974794,107.45356597250142,15.049549549549553,4.166666666666667,110.0
WK Lai,2026,T20I,6.0,16.0,4.0,3.0,0.0,0.0,1.5,37.5,42.0,4.2,68.85245901639344,11.0,79.0,61.0,3.8181818181818183,15.0,19.333333333333332,5,1,0,0,0,0,0,1,0,0,2.0,1.0,6.467889908256879,3.8921985815602844,5.887321511685394,38.07854739209359,10.5758603974794,65.34889259347464,4.3904000000000005,6.0,31.0
WNA Bucuane,2026,T20I,78.0,113.0,7.0,7.0,7.0,0.0,11.14,69.03,46.0,4.6,56.09756097560976,11.0,46.0,82.0,4.181818181818182,46.0,46.0,1,1,0,0,0,0,0,1,0,0,0.0,0.0,11.0,4.181818181818182,6.438538963816258,70.82392860197884,10.5758603974794,56.09756097560976,4.6,4.2727272727272725,34.0
WP Masakadza,2026,T20I,15.0,12.0,3.0,4.0,2.0,0.0,5.0,125.0,29.0,5.8,85.29411764705883,7.0,211.0,34.0,4.142857142857143,105.0,46.333333333333336,7,0,0,0,0,0,0,1,0,0,9.0,2.0,6.321100917431192,6.998548621190131,6.51595697663639,41.18802162295846,5.407604832977968,92.99903567984572,9.11531190926276,8.0,36.0
Walid Ghauri,2026,T20I,138.0,114.0,7.0,8.0,9.0,6.0,19.71,121.05,446.0,40.54545454545455,135.56231003039514,13.0,743.0,329.0,34.30769230769231,181.0,313.5,4,0,0,0,0,0,0,1,0,0,6.0,0.0,9.483516483516484,32.986095017381224,30.258379565835032,286.9558413770949,22.411651450220482,129.83216272917997,37.30930537352556,3.1538461538461537,252.0
Walid Sahibzada,2026,T20I,73.0,41.0,1.0,2.0,9.0,4.0,73.0,178.05,42.0,14.0,93.33333333333333,3.0,42.0,45.0,14.0,42.0,42.0,1,0,0,0,0,0,0,1,0,0,0.0,0.0,3.0,14.0,19.60776763348032,58.823302900440964,22.411651450220482,93.33333333333333,14.0,3.3333333333333335,61.0
Wan Julia,2026,T20I,78.0,117.0,9.0,11.0,3.0,0.0,8.67,66.67,21.0,7.0,63.63636363636363,4.0,633.0,33.0,5.25,170.0,109.66666666666667,6,1,0,0,0,0,0,1,0,0,11.0,15.0,9.055045871559633,11.70111448834853,13.243055234715582,119.91647262994752,18.316040290263185,74.42804665850359,12.719162995594715,2.25,99.0
Wang Huiying,2026,T20I,148.0,156.0,9.0,12.0,17.0,0.0,16.44,94.87,39.0,7.8,67.24137931034483,9.0,39.0,58.0,4.333333333333333,39.0,39.0,1,1,0,0,0,0,0,1,0,0,0.0,0.0,9.0,4.333333333333333,3.8964102564102565,35.06769230769231,3.241025641025641,67.24137931034483,7.8,9.11111111111111,16.0
Waqar Khan,2026,T20I,35.0,44.0,4.0,4.0,1.0,2.0,8.75,79.55,48.0,12.0,111.62790697674419,5.0,83.0,43.0,9.6,22.0,35.0,3,0,0,0,0,0,0,1,0,0,2.0,0.0,3.769230769230769,9.338192419825074,12.088887003334825,45.565804858723574,15.233847810480976,109.69178082191779,10.93174061433447,7.2,37.0
Waqar Zalmai,2026,T20I,76.0,66.0,10.0,12.0,3.0,6.0,7.6,115.15,97.0,32.333333333333336,136.61971830985914,11.0,98.0,71.0,8.818181818181818,1.0,49.0,2,0,0,0,0,0,0,1,0,0,1.0,0.0,7.249999999999999,8.413793103448276,10.738811753573058,77.85638521340466,15.233847810480976,135.18005540166206,27.111111111111107,7.454545454545454,47.0
Waseem Muhammad,2026,ODI,178.0,228.0,8.0,8.0,11.0,6.0,22.25,78.07,278.0,21.384615384615383,78.08988764044943,13.0,1567.0,356.0,21.384615384615383,92.0,419.0,4,0,0,0,0,1,0,0,0,0,3.0,27.0,13.064220183486238,25.3061797752809,25.47897410371089,332.862927740223,26.29917118265859,86.027358017618,25.3061797752809,3.769230769230769,272.0
Waseem Muhammad,2026,T20I,337.0,259.0,12.0,13.0,35.0,13.0,28.08,130.12,904.0,33.48148148148148,149.17491749174917,29.0,2345.0,606.0,31.17241379310345,674.0,589.0,4,0,0,0,0,0,0,1,0,0,21.0,8.0,21.81651376146789,31.6148023549201,30.583829512720744,667.2325374426598,22.411651450220482,152.3558617894417,33.60751005811355,2.0344827586206895,419.0
Waseem Yaqoob,2026,T20I,39.0,67.0,4.0,4.0,5.0,0.0,9.75,58.21,29.0,7.25,70.73170731707317,4.0,112.0,41.0,7.25,29.0,56.0,2,0,0,0,0,0,0,1,0,0,0.0,4.0,4.0,10.823529411764707,13.136633467035477,52.54653386814191,15.233847810480976,79.05477980665951,10.823529411764707,5.25,52.0
Washington Sundar,2026,IPL,377.0,251.0,10.0,16.0,40.0,12.0,37.7,150.2,133.0,26.6,166.25,5.0,511.0,80.0,26.6,0.0,64.33333333333333,9,0,0,0,1,0,0,0,0,0,1.0,5.0,4.10091743119266,19.778523489932887,19.263575951111733,78.99833440501783,18.496304118268217,150.6389504174476,20.60839160839161,4.0,123.0
Washington Sundar,2026,T20I,86.0,61.0,4.0,5.0,5.0,5.0,21.5,140.98,33.0,16.5,94.28571428571428,3.0,193.0,35.0,11.0,53.0,48.666666666666664,6,0,0,0,0,0,0,1,0,0,3.0,4.0,3.183673469387755,13.846153846153845,14.526395985529888,46.2473015049523,15.233847810480976,106.87778327560613,20.186915887850464,7.25,45.0
Washington Sundar,2026,Test,133.0,323.0,4.0,3.0,8.0,2.0,33.25,41.18,487.0,37.46153846153846,44.07239819004525,9.0,752.0,1105.0,54.111111111111114,487.0,487.0,2,0,0,0,0,0,0,0,1,0,0.0,0.0,9.0,54.111111111111114,39.73730886850153,357.6357798165138,18.176605504587155,44.07239819004525,37.46153846153846,7.833333333333333,313.0
Wasim Ali,2026,ODI,121.0,126.0,6.0,7.0,8.0,2.0,20.17,96.03,52.0,13.0,57.14285714285714,5.0,54.0,91.0,10.4,52.0,52.0,2,0,0,0,0,1,0,0,0,0,0.0,0.0,4.278688524590164,10.045977011494253,18.737524696608872,80.17203189860518,26.29917118265859,57.34908136482939,13.11,3.6,64.0
Wasim Ali,2026,T20I,117.0,108.0,4.0,5.0,7.0,6.0,29.25,108.33,129.0,16.125,151.76470588235293,9.0,130.0,85.0,14.333333333333334,129.0,129.0,2,0,0,0,0,0,0,1,0,0,0.0,0.0,9.0,14.333333333333334,14.693539124192391,132.24185211773153,15.233847810480976,151.76470588235293,16.125,4.555555555555555,86.0
Wei Haiting,2026,T20I,76.0,152.0,9.0,9.0,2.0,0.0,8.44,50.0,52.0,5.777777777777778,33.5483870967742,10.0,52.0,155.0,5.2,52.0,52.0,1,1,0,0,0,0,0,1,0,0,0.0,0.0,10.0,5.2,7.215947649054774,72.15947649054775,10.5758603974794,33.5483870967742,5.777777777777778,3.9,38.0
XC Bartlett,2025,BBL,67.0,50.0,6.0,8.0,6.0,3.0,11.17,134.0,23.0,4.6,85.18518518518519,5.0,221.0,27.0,4.6,10.0,22.333333333333332,5,0,1,0,0,0,0,0,0,0,5.0,2.0,4.605504587155964,6.934262948207171,6.503642930291826,29.952557348683456,5.78307210031348,105.54881746513041,8.880102040816327,8.0,35.0
XSD Smith,2026,T20I,80.0,92.0,4.0,6.0,0.0,3.0,20.0,86.96,110.0,18.333333333333332,127.90697674418605,8.0,110.0,86.0,13.75,110.0,110.0,1,0,0,0,0,0,0,1,0,0,0.0,0.0,8.0,13.75,14.385934775920418,115.08747820736335,15.233847810480976,127.90697674418605,18.333333333333332,6.625,64.0
Y Daswani,2026,T20I,779.0,741.0,14.0,22.0,94.0,1.0,55.64,105.13,262.0,21.833333333333332,83.70607028753993,23.0,635.0,313.0,11.391304347826088,70.0,156.66666666666666,6,1,0,0,0,0,0,1,0,0,5.0,14.0,14.944954128440365,11.436464088397791,11.30262214579773,168.9171695000413,10.5758603974794,79.41514983588388,19.26577042399173,4.0,114.0
Y Jalloh,2026,T20I,212.0,234.0,16.0,17.0,22.0,1.0,13.25,90.6,65.0,21.666666666666668,91.54929577464789,4.0,72.0,71.0,16.25,7.0,36.0,2,0,0,0,0,0,0,1,0,0,3.0,0.0,3.6249999999999996,11.931034482758621,17.260161754349394,62.56808635951654,22.411651450220482,83.37349397590363,14.416666666666668,3.0,61.0
Y Jasti,2026,T20I,10.0,11.0,3.0,3.0,1.0,0.0,3.33,90.91,11.0,2.75,44.0,4.0,11.0,25.0,2.75,11.0,11.0,1,0,0,0,0,0,0,1,0,0,0.0,0.0,4.0,2.75,4.344562899786781,17.378251599147124,5.407604832977968,44.0,2.75,9.25,10.0
Y Konate,2026,T20I,21.0,32.0,5.0,4.0,0.0,2.0,4.2,65.62,16.0,3.2,39.02439024390244,5.0,16.0,41.0,3.2,16.0,16.0,1,0,0,0,0,0,0,1,0,0,0.0,0.0,5.0,3.2,4.404148090715255,22.020740453576273,5.407604832977968,39.02439024390244,3.2,8.2,12.0
Y Saranonnakkun,2026,T20I,86.0,115.0,12.0,12.0,8.0,3.0,7.17,74.78,148.0,9.866666666666667,104.9645390070922,15.0,209.0,141.0,9.866666666666667,44.0,64.0,4,0,0,0,0,0,0,1,0,0,7.0,1.0,9.477064220183486,8.622458857696031,11.725803027056372,111.12618832063515,22.411651450220482,94.10459587955626,8.978830645161292,3.3333333333333335,81.0
YBK Jaiswal,2026,IPL,427.0,280.0,14.0,16.0,52.0,18.0,30.5,152.5,559.0,39.92857142857143,159.71428571428572,14.0,2166.0,350.0,39.92857142857143,435.0,539.6666666666666,6,0,0,0,1,0,0,0,0,0,15.0,14.0,13.871559633027521,36.43386243386244,35.01469476799257,485.70842650646574,27.86208973200843,157.9357798165138,37.62841530054645,1.1333333333333333,425.0
YBK Jaiswal,2026,Test,379.0,560.0,10.0,6.0,56.0,2.0,37.9,67.68,1181.0,40.724137931034484,63.188871054039595,15.0,2209.0,1869.0,78.73333333333333,762.0,736.3333333333334,3,0,0,0,0,0,0,0,1,0,7.0,2.0,10.163265306122447,87.04618473895583,81.86142905887463,831.9794218636645,64.64804020100503,65.89596254408367,46.511802575107296,1.0333333333333334,554.0
YP Dayal,2026,T20I,53.0,46.0,2.0,5.0,2.0,2.0,26.5,115.22,83.0,10.375,74.10714285714286,8.0,83.0,112.0,10.375,83.0,83.0,1,0,0,0,0,0,0,1,0,0,0.0,0.0,8.0,10.375,12.45736334734899,99.65890677879192,15.233847810480976,74.10714285714286,10.375,5.0,52.0
YS Samra,2026,ODI,206.0,216.0,6.0,6.0,24.0,6.0,34.33,95.37,172.0,24.571428571428573,67.1875,6.0,172.0,256.0,28.666666666666668,172.0,172.0,1,0,0,0,0,1,0,0,0,0,0.0,0.0,6.0,28.666666666666668,30.79521122685185,184.77126736111111,32.92375578703704,67.1875,24.571428571428573,1.2857142857142858,132.0
YS Samra,2026,T20I,127.0,78.0,3.0,3.0,14.0,6.0,42.33,162.82,397.0,36.09090909090909,157.53968253968253,14.0,397.0,252.0,28.357142857142858,397.0,397.0,1,0,0,0,0,0,0,1,0,0,0.0,0.0,14.0,28.357142857142858,26.573495435066143,372.028936090926,22.411651450220482,157.53968253968253,36.09090909090909,2.0,233.0
YSD Seneveratne,2026,T20I,215.0,171.0,2.0,6.0,17.0,8.0,107.5,125.73,380.0,38.0,131.4878892733564,13.0,551.0,289.0,29.23076923076923,380.0,251.5,3,0,0,0,0,0,0,1,0,0,0.0,4.0,10.61764705882353,29.382271468144044,27.336101208479594,290.2450745959157,22.411651450220482,129.2590787228857,37.08741258741259,2.0,200.0
Yasar Haroon,2026,T20I,171.0,181.0,10.0,12.0,18.0,3.0,17.1,94.48,87.0,10.875,69.04761904761905,9.0,87.0,126.0,9.666666666666666,87.0,87.0,1,0,0,0,0,0,0,1,0,0,0.0,0.0,9.0,9.666666666666666,11.89353912419239,107.04185211773151,15.233847810480976,69.04761904761905,10.875,4.333333333333333,55.0
Yasim Murtaza,2026,T20I,114.0,91.0,8.0,8.0,5.0,7.0,14.25,125.27,165.0,16.5,111.48648648648648,14.0,779.0,148.0,11.785714285714286,342.0,205.66666666666666,4,0,0,0,0,0,0,1,0,0,27.0,4.0,15.422018348623851,13.249256395002975,13.549800274176828,208.96526844854353,15.233847810480976,117.62966092743214,16.221412964311728,5.571428571428571,122.0
Yasin Patel,2026,T20I,104.0,101.0,4.0,6.0,3.0,6.0,26.0,102.97,36.0,12.0,87.8048780487805,5.0,149.0,41.0,7.2,100.0,46.666666666666664,4,0,0,0,0,0,0,1,0,0,15.0,2.0,6.853211009174312,6.654618473895582,6.29730797506532,43.15678034287885,5.407604832977968,80.24213075060533,12.183823529411764,8.4,32.0
Yasir Khan,2026,PSL,206.0,144.0,8.0,8.0,20.0,10.0,25.75,143.06,226.0,32.285714285714285,166.1764705882353,7.0,496.0,136.0,32.285714285714285,164.0,136.33333333333334,4,0,0,0,0,0,1,0,0,0,7.0,2.0,5.871559633027523,27.373437499999994,27.309195163871273,160.34756793465704,27.17214484679666,148.1522198731501,27.373437499999994,1.0,185.0
Yasmeen Khan,2026,T20I,267.0,246.0,14.0,14.0,38.0,6.0,19.07,108.54,393.0,20.68421052631579,101.02827763496146,23.0,1544.0,389.0,17.08695652173913,458.0,311.0,7,1,0,0,0,0,0,1,0,0,19.0,6.0,17.98165137614679,18.624999999999996,17.556530141258325,315.6954043749203,10.5758603974794,97.77688496049285,21.32301401869159,3.5652173913043477,229.0
Yves Cyusa,2026,T20I,87.0,110.0,10.0,14.0,7.0,2.0,8.7,79.09,125.0,12.5,81.16883116883116,12.0,158.0,154.0,10.416666666666666,33.0,79.0,2,0,0,0,0,0,0,1,0,0,3.0,0.0,8.625,10.492753623188406,11.929448831458881,102.89149617133285,15.233847810480976,84.18604651162791,12.92857142857143,5.083333333333333,79.0
Z Bimenyimana,2026,T20I,16.0,22.0,4.0,7.0,1.0,0.0,4.0,72.73,37.0,9.25,105.71428571428572,8.0,252.0,35.0,4.625,25.0,65.0,5,0,0,0,0,0,0,1,0,0,7.0,19.0,9.036697247706421,5.349238578680203,5.362864941551276,48.46258685713767,5.407604832977968,113.89969736273235,8.539708265802268,10.125,24.0
Z Crawley,2026,Test,273.0,426.0,10.0,5.0,31.0,1.0,27.3,64.08,605.0,28.80952380952381,66.99889258028793,12.0,3313.0,903.0,50.416666666666664,504.0,650.0,6,0,0,0,0,0,0,0,1,0,8.0,11.0,10.8348623853211,57.065198983911934,58.60122353835348,634.9361926494996,64.64804020100503,70.61991784726297,32.18433619866285,1.0,511.0
Z Franova,2026,T20I,52.0,89.0,4.0,6.0,4.0,0.0,13.0,58.43,20.0,2.857142857142857,32.25806451612903,7.0,77.0,62.0,2.857142857142857,57.0,38.5,2,1,0,0,0,0,0,1,0,0,4.0,0.0,5.875,5.7659574468085095,7.639945609407557,44.8846804552694,10.5758603974794,44.208809135399676,5.7659574468085095,3.7142857142857144,43.0
Z James,2026,T20I,14.0,8.0,1.0,1.0,1.0,0.0,14.0,175.0,76.0,12.666666666666666,80.0,9.0,125.0,95.0,8.444444444444445,26.0,41.666666666666664,3,1,0,0,0,0,0,1,0,0,4.0,3.0,6.36734693877551,8.003205128205128,8.838482813034435,56.277686482994774,10.5758603974794,78.99398924391015,11.72300469483568,6.444444444444445,50.0
Z Makadji,2026,T20I,19.0,35.0,5.0,5.0,1.0,0.0,3.8,54.29,2.0,1.0,20.0,3.0,2.0,10.0,0.6666666666666666,2.0,1.0,2,0,0,0,0,0,0,1,0,0,0.0,1.0,2.4705882352941178,0.5952380952380952,3.6800885681482702,9.091983521307492,5.407604832977968,19.305019305019304,0.8474576271186441,8.333333333333334,8.0
ZB Lion-Cachet,2026,ODI,117.0,226.0,6.0,7.0,5.0,0.0,19.5,51.77,200.0,20.0,71.42857142857143,10.0,200.0,280.0,20.0,200.0,200.0,1,0,0,0,0,1,0,0,0,0,0.0,0.0,10.0,20.0,22.36218919349697,223.6218919349697,26.29917118265859,71.42857142857143,20.0,3.9,151.0
ZB Lion-Cachet,2026,T20I,41.0,29.0,3.0,3.0,3.0,1.0,13.67,141.38,72.0,14.4,120.0,5.0,105.0,60.0,14.4,33.0,52.5,2,0,0,0,0,0,0,1,0,0,4.0,0.0,4.625,12.405405405405405,16.885814082188276,78.09689013012077,22.411651450220482,103.37837837837837,12.405405405405405,3.5,70.0
ZE Green,2026,ODI,224.0,259.0,8.0,9.0,22.0,3.0,28.0,86.49,203.0,18.454545454545453,58.67052023121387,12.0,851.0,346.0,16.916666666666668,77.0,207.0,6,0,0,0,0,1,0,0,0,0,5.0,14.0,9.394495412844035,18.505859375,21.7727543324102,204.54404070080773,32.92375578703704,67.20573110614605,20.202558635394453,3.1666666666666665,176.0
ZE Green,2026,T20I,203.0,155.0,10.0,14.0,21.0,4.0,20.3,130.97,112.0,56.0,128.73563218390805,5.0,546.0,87.0,22.4,191.0,101.66666666666667,6,0,0,0,0,0,0,1,0,0,13.0,1.0,7.247706422018348,16.64303797468354,16.25518747077458,117.81282662304511,15.233847810480976,117.42431008305793,24.393320964749535,6.6,101.0
ZGF Foulkes,2026,T20I,41.0,26.0,4.0,6.0,4.0,3.0,10.25,157.69,59.0,29.5,147.5,6.0,59.0,40.0,9.833333333333334,0.0,29.5,2,0,0,0,0,0,0,1,0,0,1.0,0.0,4.124999999999999,8.93939393939394,7.257589603005381,29.93755711239719,5.407604832977968,145.32019704433498,22.69230769230769,8.666666666666666,29.0
ZL Thoon,2026,T20I,0.0,2.0,1.0,1.0,0.0,0.0,0.0,0.0,29.0,9.666666666666666,64.44444444444444,5.0,29.0,45.0,5.8,29.0,29.0,1,1,0,0,0,0,0,1,0,0,0.0,0.0,5.0,5.8,8.405014762261489,42.02507381130744,10.5758603974794,64.44444444444444,9.666666666666666,7.0,27.0
ZL Win,2026,T20I,92.0,108.0,7.0,9.0,10.0,0.0,13.14,85.19,99.0,11.0,85.34482758620689,12.0,119.0,116.0,8.25,4.0,39.666666666666664,3,1,0,0,0,0,0,1,0,0,3.0,5.0,7.959183673469389,6.86923076923077,7.898850110410945,62.86839883796467,10.5758603974794,79.33076695291679,8.930000000000001,6.333333333333333,56.0
ZM Tribe,2026,T20I,74.0,60.0,1.0,3.0,3.0,5.0,74.0,123.33,129.0,21.5,102.38095238095238,6.0,390.0,126.0,21.5,146.0,97.66666666666667,4,0,0,0,0,0,0,1,0,0,10.0,2.0,6.541284403669725,17.14025245441795,18.70137752721238,122.33102914589384,22.411651450220482,107.13596914175507,19.96895424836601,3.0,110.0
ZT Kyaw,2026,T20I,5.0,12.0,3.0,3.0,1.0,0.0,1.67,41.67,87.0,9.666666666666666,98.86363636363636,11.0,178.0,88.0,7.909090909090909,36.0,59.333333333333336,3,1,0,0,0,0,0,1,0,0,3.0,5.0,7.448979591836736,8.794520547945204,9.313357397324095,69.37500918414888,10.5758603974794,82.47687564234327,10.490196078431373,5.916666666666667,64.0
Zahir Mohammed,2026,T20I,80.0,59.0,4.0,4.0,8.0,5.0,20.0,135.59,100.0,7.6923076923076925,104.16666666666667,13.0,365.0,96.0,7.6923076923076925,100.0,60.5,4,0,0,0,0,0,0,1,0,0,0.0,3.0,10.164556962025317,8.957658779576589,10.664691154255934,108.40186071984196,15.233847810480976,115.45746388443018,8.957658779576589,5.461538461538462,63.0
Zara Mohammad,2026,T20I,1.0,5.0,1.0,2.0,0.0,0.0,1.0,20.0,43.0,10.75,78.18181818181819,6.0,43.0,55.0,7.166666666666667,43.0,43.0,1,1,0,0,0,0,0,1,0,0,0.0,0.0,6.0,7.166666666666667,8.871263532073032,53.227581192438194,10.5758603974794,78.18181818181819,10.75,7.428571428571429,30.0
Zeefa Jilani,2026,T20I,216.0,211.0,8.0,9.0,24.0,4.0,27.0,102.37,191.0,14.692307692307692,94.55445544554455,13.0,377.0,202.0,14.692307692307692,103.0,107.33333333333333,5,1,0,0,0,0,0,1,0,0,4.0,7.0,9.128440366972477,13.762814070351757,14.817615511257879,135.26171957524394,18.316040290263185,84.46829509005676,14.354297693920334,2.0,97.0
Zeerak Chughtai,2026,T20I,18.0,25.0,3.0,5.0,0.0,0.0,6.0,72.0,26.0,13.0,136.8421052631579,3.0,173.0,19.0,8.666666666666666,83.0,57.666666666666664,3,0,0,0,0,0,0,1,0,0,6.0,2.0,3.7346938775510203,13.50273224043716,14.282514028745185,53.3408176991912,15.233847810480976,97.09233791748527,18.440298507462686,5.666666666666667,74.0
Zeeshan Ali,2026,T20I,304.0,254.0,12.0,14.0,40.0,6.0,25.33,119.69,598.0,27.181818181818183,133.7807606263982,23.0,1293.0,447.0,26.0,554.0,386.3333333333333,4,0,0,0,0,0,0,1,0,0,26.0,1.0,18.678899082568805,23.63457760314342,23.477523730764617,438.5342964755665,22.411651450220482,137.78490436376129,28.40613931523022,2.2083333333333335,276.0
Zeshan Arif,2026,T20I,196.0,124.0,12.0,14.0,17.0,16.0,16.33,158.06,164.0,20.5,123.30827067669172,10.0,164.0,133.0,16.4,164.0,164.0,1,0,0,0,0,0,0,1,0,0,0.0,0.0,10.0,16.4,15.962692928930366,159.62692928930366,15.233847810480976,123.30827067669172,20.5,4.1,98.0
Zon Lin,2026,T20I,263.0,265.0,9.0,12.0,31.0,1.0,29.22,99.25,316.0,28.727272727272727,100.0,13.0,375.0,316.0,24.307692307692307,25.0,125.0,3,1,0,0,0,0,0,1,0,0,2.0,5.0,8.16326530612245,21.4525,20.597101897344505,168.13960732526127,18.316040290263185,96.72001803426511,24.517142857142858,2.3076923076923075,132.0
Zubaidi Zulkifle,2026,T20I,78.0,61.0,7.0,7.0,10.0,4.0,11.14,127.87,8.0,2.0,57.14285714285714,4.0,965.0,14.0,2.0,310.0,215.33333333333334,5,0,0,0,0,0,0,1,0,0,22.0,13.0,11.247706422018348,15.3115823817292,16.707401988903108,187.9199526458276,22.411651450220482,131.098540400866,16.08568980291345,2.0,126.0
Zuhaib Zubair,2026,T20I,8.0,5.0,0.0,1.0,1.0,0.0,8.0,160.0,70.0,11.666666666666666,142.85714285714286,10.0,83.0,49.0,7.0,13.0,41.5,2,0,0,0,0,0,0,1,0,0,1.0,0.0,6.624999999999999,7.339622641509434,10.192957039932883,67.52834038955534,15.233847810480976,143.01470588235296,11.787878787878789,7.4,40.0
