striker,matches,runs,balls_faced,dismissals,dot_balls,fours,sixes,average,strike_rate,dot_pct,boundary_pct
V Kohli,808,37348,42233,764,21700,3600,635,48.88,88.43,51.38,10.03
DA Warner,616,27206,27716,650,14855,2954,613,41.86,98.16,53.6,12.87
RG Sharma,759,27189,28400,717,15179,2586,963,37.92,95.74,53.45,12.5
AB de Villiers,577,24905,29238,539,16247,2362,584,46.21,85.18,55.57,10.08
KC Sangakkara,550,24714,33679,555,19807,2568,203,44.53,73.38,58.81,8.23
JE Root,382,22840,34250,463,20923,2265,113,49.33,66.69,61.09,6.94
SPD Smith,478,22213,30926,491,18822,2205,299,45.24,71.83,60.86,8.1
MS Dhoni,688,22018,25047,509,13104,1799,599,43.26,87.91,52.32,9.57
KS Williamson,450,21486,30979,470,19200,2165,213,45.71,69.36,61.98,7.68
CH Gayle,583,20618,20284,571,11688,1995,1055,36.11,101.65,57.62,15.04
Babar Azam,459,20305,23084,452,12064,2129,259,44.92,87.96,52.26,10.34
LRPL Taylor,512,19581,25894,485,15151,1851,333,40.37,75.62,58.51,8.43
HM Amla,371,19311,28859,424,18338,2188,122,45.54,66.92,63.54,8.0
DPMD Jayawardene,491,18192,25677,498,15425,1867,165,36.53,70.85,60.07,7.91
Q de Kock,481,18119,17533,482,8815,1953,499,37.59,103.34,50.28,13.99
BB McCullum,538,18022,19430,552,11050,1859,600,32.65,92.75,56.87,12.66
JC Buttler,527,17970,16521,489,8176,1698,646,36.75,108.77,49.49,14.19
S Dhawan,483,17469,17436,464,8687,2096,290,37.65,100.19,49.82,13.68
F du Plessis,453,17448,20904,449,11804,1715,380,38.86,83.47,56.47,10.02
SR Watson,506,17175,18666,500,10728,1748,587,34.35,92.01,57.47,12.51
TM Dilshan,455,16664,19396,445,10417,1922,128,37.45,85.91,53.71,10.57
KP Pietersen,358,16420,20999,390,12545,1751,299,42.1,78.19,59.74,9.76
JH Kallis,364,16040,24610,372,15494,1619,194,43.12,65.18,62.96,7.37
AD Mathews,411,15786,25159,402,16108,1406,247,39.27,62.74,64.02,6.57
AN Cook,256,15737,30763,366,22305,1818,21,43.0,51.16,72.51,5.98
MJ Clarke,339,15713,24075,356,15197,1540,87,44.14,65.27,63.12,6.76
MJ Guptill,452,15621,18279,460,10771,1561,481,33.96,85.46,58.93,11.17
KL Rahul,369,15366,17326,365,9412,1433,443,42.1,88.69,54.32,10.83
SR Tendulkar,305,15193,21241,325,13379,1865,119,46.75,71.53,62.99,9.34
Mushfiqur Rahim,412,15044,23506,422,14734,1437,165,35.65,64.0,62.68,6.82
Tamim Iqbal,379,15020,20258,418,12505,1726,199,35.93,74.14,61.73,9.5
Shakib Al Hasan,489,14940,18163,479,9692,1526,174,31.19,82.26,53.36,9.36
V Sehwag,362,14846,14475,408,7827,1990,292,36.39,102.56,54.07,15.77
Mohammad Hafeez,479,14600,18092,475,10665,1520,293,30.74,80.7,58.95,10.02
GC Smith,306,14487,20340,356,12827,1746,87,40.69,71.22,63.06,9.01
RT Ponting,312,14358,20529,351,12753,1489,140,40.91,69.94,62.12,7.94
MEK Hussey,341,14325,20383,322,12311,1302,205,44.49,70.28,60.4,7.39
AJ Finch,441,13987,12950,415,6260,1358,440,33.7,108.01,48.34,13.88
G Gambhir,371,13849,17371,380,9890,1585,96,36.44,79.72,56.93,9.68
Shoaib Malik,500,13848,15195,419,7375,1120,306,33.05,91.14,48.54,9.38
AM Rahane,385,13715,18516,410,11255,1441,215,33.45,74.07,60.79,8.94
SK Raina,471,13430,12587,408,5555,1219,384,32.92,106.7,44.13,12.74
IR Bell,284,13178,22224,331,15150,1446,77,39.81,59.3,68.17,6.85
JM Bairstow,318,13061,16196,357,10002,1460,289,36.59,80.64,61.76,10.8
SD Hope,371,13041,16524,369,9455,1094,353,35.34,78.92,57.22,8.76
GJ Maxwell,511,12932,9292,446,3603,1128,605,29.0,139.17,38.78,18.65
BKG Mendis,331,12538,15738,371,9345,1340,253,33.8,79.67,59.38,10.12
BA Stokes,300,12373,17265,361,11103,1248,310,34.27,71.67,64.31,9.02
KA Pollard,552,12352,9373,422,3875,772,784,29.27,131.78,41.34,16.6
Yuvraj Singh,416,12352,13461,375,7355,1233,374,32.94,91.76,54.64,11.94
Younis Khan,271,12343,20408,311,13226,1143,101,39.69,60.48,64.81,6.1
Mohammad Rizwan,335,12337,13704,299,6879,1118,234,41.26,90.02,50.2,9.87
EJG Morgan,436,11980,12225,374,6084,1014,396,32.03,98.0,49.77,11.53
TM Head,298,11890,12317,321,6800,1332,312,37.04,96.53,55.21,13.35
R Dravid,281,11853,20764,302,14049,1345,60,39.25,57.08,67.66,6.77
DA Miller,466,11787,9495,315,3449,840,495,37.42,124.14,36.32,14.06
TWM Latham,277,11630,19362,323,12871,1163,93,36.01,60.07,66.48,6.49
Shubman Gill,271,11502,11801,268,6126,1228,289,42.92,97.47,51.91,12.85
MR Marsh,363,11483,11436,343,6089,1069,459,33.48,100.41,53.24,13.36
JP Duminy,384,11482,13991,316,7365,894,250,36.34,82.07,52.64,8.18
Misbah-ul-Haq,278,11376,19128,266,12540,912,213,42.77,59.47,65.56,5.88
LD Chandimal,296,11271,18851,325,12291,1025,117,34.68,59.79,65.2,6.06
RA Jadeja,467,11054,13946,342,7858,913,272,32.32,79.26,56.35,8.5
UT Khawaja,221,10580,16693,269,11063,1157,90,39.33,63.38,66.27,7.47
Mahmudullah,371,10423,14037,329,8138,908,201,31.68,74.25,57.98,7.9
SE Marsh,270,10421,12691,276,7290,1033,216,37.76,82.11,57.44,9.84
S Chanderpaul,210,10178,19439,214,13461,939,66,47.56,52.36,69.25,5.17
Fakhar Zaman,305,9908,8690,294,3961,1017,325,33.7,114.02,45.58,15.44
MN Samuels,313,9858,13993,313,9002,1017,244,31.5,70.45,64.33,9.01
N Pooran,380,9778,7170,322,2968,661,641,30.37,136.37,41.39,18.16
ML Hayden,189,9608,12744,210,7919,1073,157,45.75,75.39,62.14,9.65
RR Pant,277,9522,9265,276,4779,935,348,34.5,102.77,51.58,13.85
AD Hales,314,9515,8416,303,4097,1038,318,31.4,113.06,48.68,16.11
SS Iyer,285,9508,8529,251,3665,846,323,37.88,111.48,42.97,13.71
AJ Strauss,204,9407,16336,260,11317,1098,29,36.18,57.58,69.28,6.9
C Munro,339,9389,7045,309,2791,835,438,30.39,133.27,39.62,18.07
DJ Bravo,465,9365,10887,382,6062,757,302,24.52,86.02,55.68,9.73
AK Markram,264,9340,10539,276,5967,1024,224,33.84,88.62,56.62,11.84
Azhar Ali,156,9131,19618,225,14401,883,40,40.58,46.54,73.41,4.7
DM Bravo,285,9004,14359,288,9576,797,251,31.26,62.71,66.69,7.3
PD Collingwood,255,8978,14397,256,9260,786,123,35.07,62.36,64.32,6.31
Sikandar Raza,321,8749,9146,292,4736,734,290,29.96,95.66,51.78,11.2
JJ Roy,273,8702,7376,267,3447,1015,246,32.59,117.98,46.73,17.1
AC Gilchrist,249,8701,8220,252,4413,1064,221,34.53,105.85,53.69,15.63
SA Yadav,305,8575,5817,255,2036,855,372,33.63,147.41,35.0,21.09
WU Tharanga,262,8571,11970,267,7466,1011,73,32.1,71.6,62.37,9.06
MM Ali,354,8466,10577,354,6459,805,279,23.92,80.04,61.07,10.25
BRM Taylor,247,8438,11490,256,6797,826,115,32.96,73.44,59.16,8.19
MP Stoinis,353,8329,6436,270,2519,715,347,30.85,129.41,39.14,16.5
Liton Das,259,8230,10275,284,6057,892,147,28.98,80.1,58.95,10.11
FDM Karunaratne,137,8157,15256,218,10665,851,12,37.42,53.47,69.91,5.66
JO Holder,384,8107,10117,342,6137,694,304,23.7,80.13,60.66,9.86
KD Karthik,376,8015,7998,299,3954,813,208,26.81,100.21,49.44,12.77
SO Hetmyer,320,8006,6440,281,2755,581,417,28.49,124.32,42.78,15.5
MS Wade,319,7949,8703,288,4581,699,199,27.6,91.34,52.64,10.32
DJ Mitchell,214,7900,9443,201,5188,657,216,39.3,83.66,54.94,9.24
Kamran Akmal,298,7864,8780,307,5135,924,176,25.62,89.57,58.49,12.53
LMP Simmons,267,7720,7772,252,4093,688,309,30.63,99.33,52.66,12.83
HH Gibbs,215,7693,9567,225,5879,923,149,34.19,80.41,61.45,11.21
M Labuschagne,171,7685,12274,207,8019,796,38,37.13,62.61,65.33,6.79
Sarfraz Ahmed,256,7663,8817,230,4325,698,63,33.32,86.91,49.05,8.63
DP Conway,177,7623,9404,188,5630,883,137,40.55,81.06,59.87,10.85
CA Pujara,127,7601,16686,188,12692,912,20,40.43,45.55,76.06,5.59
BJ Haddin,241,7566,10182,250,6386,752,175,30.26,74.31,62.72,9.1
AD Russell,383,7539,4662,294,1903,523,600,25.64,161.71,40.82,24.09
HH Pandya,334,7534,5885,259,2355,588,366,29.09,128.02,40.02,16.21
SC Williams,233,7522,8477,227,4361,745,108,33.14,88.73,51.45,10.06
PR Stirling,264,7404,7257,258,3902,855,219,28.7,102.03,53.77,14.8
E Lewis,256,7186,5829,239,2951,587,453,30.07,123.28,50.63,17.84
SV Samson,257,7123,5100,224,1810,585,351,31.8,139.67,35.49,18.35
HC Brook,166,7064,6788,169,3373,695,210,41.8,104.07,49.69,13.33
AT Carey,225,7050,8171,224,4373,706,101,31.47,86.28,53.52,9.88
J Charles,270,7035,5959,265,2929,705,312,26.55,118.06,49.15,17.07
MDKJ Perera,239,7006,6967,242,3500,761,151,28.95,100.56,50.24,13.09
Umar Akmal,263,6999,7395,236,3672,592,192,29.66,94.65,49.66,10.6
DM de Silva,188,6986,10601,222,6889,779,68,31.47,65.9,64.98,7.99
M Vijay,189,6956,11211,228,7766,743,131,30.51,62.05,69.27,7.8
CA Lynn,243,6872,4764,219,1867,604,371,31.38,144.25,39.19,20.47
H Masakadza,237,6834,10236,262,6741,729,118,26.08,66.76,65.86,8.27
D Ramdin,293,6826,9768,272,5982,644,114,25.1,69.88,61.24,7.76
IJL Trott,124,6792,11930,148,7991,680,6,45.89,56.93,66.98,5.75
Shahid Afridi,360,6735,4775,325,1859,546,350,20.72,141.05,38.93,18.76
RR Sarwan,174,6735,10227,179,6363,670,57,37.63,65.86,62.22,7.11
DR Smith,281,6561,5653,266,2792,655,299,24.67,116.06,49.39,16.88
VVS Laxman,123,6521,12318,147,8720,786,7,44.36,52.94,70.79,6.44
P Nissanka,184,6502,7236,189,3988,739,119,34.4,89.86,55.11,11.86
Asad Shafiq,157,6444,11986,199,8459,667,41,32.38,53.76,70.57,5.91
R Powell,311,6405,4949,255,2080,402,407,25.12,129.42,42.03,16.35
ST Jayasuriya,205,6379,6442,204,3583,751,158,31.27,99.02,55.62,14.11
SC Ganguly,165,6378,9083,174,5679,679,102,36.66,70.22,62.52,8.6
T Bavuma,148,6374,10502,175,7083,684,58,36.42,60.69,67.44,7.07
A Symonds,175,6278,6949,146,3679,559,152,43.0,90.34,52.94,10.23
BA King,238,6270,5855,227,3116,690,245,27.62,107.09,53.22,15.97
RL Chase,225,6241,9225,238,5811,572,115,26.22,67.65,62.99,7.45
GD Phillips,208,6229,5434,189,2490,501,280,32.96,114.63,45.82,14.37
KC Brathwaite,109,6202,15005,191,11564,609,17,32.47,41.33,77.07,4.17
MV Boucher,220,6201,9404,207,5904,585,81,29.96,65.94,62.78,7.08
Ishan Kishan,209,6187,4584,196,1852,612,276,31.57,134.97,40.4,19.37
Ahmed Shehzad,203,6165,7727,209,4489,635,93,29.5,79.79,58.09,9.42
CR Ervine,192,6137,8689,203,5370,631,80,30.23,70.63,61.8,8.18
RV Uthappa,250,6135,5041,226,2128,615,207,27.15,121.7,42.21,16.31
AT Rayudu,244,6074,5593,196,2330,508,202,30.99,108.6,41.66,12.69
BM Duckett,131,6017,6213,167,3294,753,62,36.03,96.85,53.02,13.12
YBK Jaiswal,136,6003,6190,152,3563,733,191,39.49,96.98,57.56,14.93
HM Nicholls,160,5911,9750,168,6429,609,30,35.18,60.63,65.94,6.55
GJ Bailey,212,5904,5984,176,2731,461,149,33.55,98.66,45.64,10.19
DJG Sammy,315,5706,5654,261,3057,463,271,21.86,100.92,54.07,12.98
CL White,238,5705,5737,188,2579,418,180,30.35,99.44,44.95,10.42
HE van der Dussen,164,5624,6823,149,3703,452,139,37.74,82.43,54.27,8.66
Mominul Haque,105,5583,10063,160,7037,641,22,34.89,55.48,69.93,6.59
TH David,249,5567,3413,173,1072,387,365,32.18,163.11,31.41,22.03
HDRL Thirimanne,166,5537,9916,185,6556,478,33,29.93,55.84,66.12,5.15
RR Rossouw,208,5516,4246,179,1686,540,210,30.82,129.91,39.71,17.66
MJ Prior,145,5487,8407,162,5552,639,29,33.87,65.27,66.04,7.95
Mohammad Yousuf,107,5469,8444,118,5283,560,31,46.35,64.77,62.57,7.0
H Klaasen,177,5457,4099,152,1514,433,251,35.9,133.13,36.94,16.69
D Elgar,92,5451,11367,147,8639,692,26,37.08,47.95,76.0,6.32
SM Katich,108,5355,9312,129,6531,617,27,41.51,57.51,70.14,6.92
Shan Masood,142,5354,7517,180,4687,549,69,29.74,71.23,62.35,8.22
RS Bopara,223,5318,6326,181,3217,432,85,29.38,84.07,50.85,8.17
Imam-ul-Haq,122,5282,7805,139,4798,493,55,38.0,67.67,61.47,7.02
MK Pandey,218,5279,4465,168,1592,442,141,31.42,118.23,35.66,13.06
DJ Malan,145,5276,6232,147,3570,568,122,35.89,84.66,57.28,11.07
JM Vince,184,5267,4852,180,2334,606,110,29.26,108.55,48.1,14.76
ADS Fletcher,230,5215,4537,210,2117,430,245,24.83,114.94,46.66,14.88
R Ashwin,272,5209,8062,249,5233,539,63,20.92,64.61,64.91,7.47
MC Henriques,241,5154,4306,193,1546,388,155,26.7,119.69,35.9,12.61
Nazmul Hossain Shanto,144,5125,7741,170,4986,546,67,30.15,66.21,64.41,7.92
A Balbirnie,183,5085,5997,185,3314,518,94,27.49,84.79,55.26,10.21
HG Munsey,150,5065,4504,138,2272,534,198,36.7,112.46,50.44,16.25
N Dickwella,142,5038,6463,178,3811,569,36,28.3,77.95,58.97,9.36
RD Berrington,178,5012,5379,148,2635,373,155,33.86,93.18,48.99,9.82
PD Salt,179,4961,3333,167,1278,558,198,29.71,148.84,38.34,22.68
Agha Salman,159,4876,5690,161,3115,469,101,30.29,85.69,54.75,10.02
SB Styris,152,4785,6091,139,3335,429,77,34.42,78.56,54.75,8.31
DL Vettori,204,4736,6539,187,3905,497,29,25.33,72.43,59.72,8.04
DJ Hussey,200,4636,4259,170,1699,321,145,27.27,108.85,39.89,10.94
C Green,147,4636,6162,134,3800,422,127,34.6,75.24,61.67,8.91
JP Inglis,178,4621,3525,157,1369,463,154,29.43,131.09,38.84,17.5
A Flintoff,128,4608,6230,134,4005,508,112,34.39,73.96,64.29,9.95
Soumya Sarkar,172,4599,4964,177,2825,518,122,25.98,92.65,56.91,12.89
TL Seifert,183,4589,3303,162,1257,432,202,28.33,138.93,38.06,19.19
ME Trescothick,94,4566,6671,110,4469,639,34,41.51,68.45,66.99,10.09
TT Samaraweera,81,4559,8868,96,6372,533,6,47.49,51.41,71.85,6.08
MG Erasmus,155,4541,4699,131,2270,353,140,34.66,96.64,48.31,10.49
Salman Butt,122,4529,7051,143,4758,603,16,31.67,64.23,67.48,8.78
Waseem Muhammad,159,4513,3863,154,1917,378,239,29.31,116.83,49.62,15.97
MP O'Dowd,155,4487,4907,144,2540,455,89,31.16,91.44,51.76,11.09
E Chigumbura,210,4466,5458,188,3053,365,122,23.76,81.82,55.94,8.92
KR Mayers,191,4462,4502,193,2615,444,209,23.12,99.11,58.09,14.5
AR Patel,264,4433,4423,199,2116,327,181,22.28,100.23,47.84,11.49
R Ravindra,121,4429,5031,125,2845,470,105,35.43,88.03,56.55,11.43
BJ Watling,103,4401,9790,128,7360,490,11,34.38,44.95,75.18,5.12
NLTC Perera,261,4336,3567,218,1473,322,190,19.89,121.56,41.3,14.35
MA Agarwal,151,4330,4929,161,2944,475,129,26.89,87.85,59.73,12.25
WP Saha,184,4328,5329,170,3156,430,101,25.46,81.22,59.22,9.96
SCJ Broad,245,4303,6397,263,4317,484,68,16.36,67.27,67.48,8.63
SW Billings,193,4290,3468,173,1314,390,134,24.8,123.7,37.89,15.11
SE Rutherford,202,4287,3298,163,1423,286,271,26.3,129.99,43.15,16.89
YK Pathan,212,4250,3115,153,1173,335,219,27.78,136.44,37.66,17.78
LS Livingstone,180,4239,3134,156,1190,263,263,27.17,135.26,37.97,16.78
Mohammad Ashraful,170,4208,6756,193,4475,463,37,21.8,62.29,66.24,7.4
Saim Ayub,153,4156,3583,152,1785,419,176,27.34,115.99,49.82,16.61
KIC Asalanka,153,4138,4172,140,1947,322,136,29.56,99.19,46.67,10.98
Z Crawley,87,4131,5991,135,4005,560,22,30.6,68.95,66.85,9.71
SP Fleming,105,4129,6231,115,4249,538,44,35.9,66.27,68.19,9.34
Imrul Kayes,123,4112,6967,156,4780,465,50,26.36,59.02,68.61,7.39
KJ O'Brien,179,4108,3924,159,1881,373,136,25.84,104.69,47.94,12.97
DJM Short,140,4106,3295,127,1270,403,128,32.33,124.61,38.54,16.12
MJ Santner,239,4098,5180,169,3110,344,138,24.25,79.11,60.04,9.31
BJ Hodge,159,4092,3586,116,1508,345,139,35.28,114.11,42.05,13.5
PA Patel,178,4082,4156,168,2170,515,58,24.3,98.22,52.21,13.79
Mehedi Hasan Miraz,168,4076,6633,189,4479,417,62,21.57,61.45,67.53,7.22
RR Hendricks,142,4061,3582,136,1535,424,102,29.86,113.37,42.85,14.68
AG Prince,88,4027,8488,99,6173,401,17,40.68,47.44,72.73,4.92
Abhishek Sharma,144,4008,2259,134,794,388,248,29.91,177.42,35.15,28.15
RK Paudel,159,4005,4513,137,2223,297,96,29.23,88.74,49.26,8.71
HT Tector,138,3964,4595,128,2342,332,88,30.97,86.27,50.97,9.14
Shadab Khan,215,3961,3481,179,1506,282,167,22.13,113.79,43.26,12.9
BR McDermott,153,3948,3068,129,1148,283,176,30.6,128.68,37.42,14.96
OJ Pope,73,3923,5949,117,3924,453,23,33.53,65.94,65.96,8.0
BC Lara,84,3914,5544,86,3537,430,66,45.51,70.6,63.8,8.95
Abdullah Shafique,106,3911,6047,121,4005,367,93,32.32,64.68,66.23,7.61
MP Vaughan,96,3892,7055,119,5049,485,16,32.71,55.17,71.57,7.1
K Bhurtel,147,3888,3624,138,1868,393,144,28.17,107.28,51.55,14.82
Aasif Sheikh,146,3854,4216,138,2308,394,100,27.93,91.41,54.74,11.72
DS Airee,156,3840,3680,128,1630,289,116,30.0,104.35,44.29,11.01
DR Martyn,102,3820,5856,97,3656,382,19,39.38,65.23,62.43,6.85
SP Narine,307,3811,2786,256,1371,361,233,14.89,136.79,49.21,21.32
CR Woakes,175,3781,5730,159,3661,391,39,23.78,65.99,63.89,7.5
JDS Neesham,192,3757,3708,160,1842,337,119,23.48,101.32,49.68,12.3
Imad Wasim,226,3751,2979,152,1024,341,111,24.68,125.91,34.37,15.17
RD Gaikwad,112,3700,2788,98,1010,353,133,37.76,132.71,36.23,17.43
MD Shanaka,198,3697,3355,168,1548,255,187,22.01,110.19,46.14,13.17
T Taibu,126,3683,6001,119,3807,286,39,30.95,61.37,63.44,5.42
AC Voges,115,3671,4749,93,2642,347,32,39.47,77.3,55.63,7.98
Asif Ali,222,3668,2674,182,1110,243,240,20.15,137.17,41.51,18.06
L Ronchi,157,3609,2904,140,1315,384,134,25.78,124.28,45.28,17.84
WA Young,104,3548,5291,114,3449,412,41,31.12,67.06,65.19,8.56
Tilak Varma,124,3545,2514,91,834,275,174,38.96,141.01,33.17,17.86
MW Short,143,3501,2671,134,1056,302,140,26.13,131.07,39.54,16.55
KJ Coetzer,115,3490,3732,109,2088,418,73,32.02,93.52,55.95,13.16
Jatinder Singh,133,3455,3769,125,2037,378,67,27.64,91.67,54.05,11.81
FH Allen,122,3453,2233,117,977,327,218,29.51,154.64,43.75,24.41
TD Paine,118,3446,5456,127,3589,371,35,27.13,63.16,65.78,7.44
C de Grandhomme,146,3446,3388,133,1746,284,139,25.91,101.71,51.53,12.49
WTS Porterfield,132,3439,4774,128,2910,356,41,26.87,72.04,60.96,8.32
SA Edwards,139,3430,3505,108,1479,251,50,31.76,97.86,42.2,8.59
Harbhajan Singh,245,3412,4292,197,2616,330,107,17.32,79.5,60.95,10.18
MH Cross,159,3405,4015,143,2070,300,51,23.81,84.81,51.56,8.74
JD Ryder,107,3397,4029,116,2392,384,76,29.28,84.31,59.37,11.42
TG Southee,256,3383,3790,245,2294,300,145,13.81,89.26,60.53,11.74
JR Philippe,145,3379,2546,134,905,330,95,25.22,132.72,35.55,16.69
MT Renshaw,122,3336,3621,116,1864,274,88,28.76,92.13,51.48,10.0
J Blackwood,83,3308,5837,120,4235,379,49,27.57,56.67,72.55,7.33
MA Starc,219,3301,5214,196,3512,317,65,16.84,63.31,67.36,7.33
SM Curran,162,3285,3361,139,1694,279,118,23.63,97.74,50.4,11.81
JDP Oram,131,3284,4341,123,2639,289,95,26.7,75.65,60.79,8.85
IK Pathan,182,3281,3890,136,2169,302,84,24.12,84.34,55.76,9.92
MG Johnson,201,3279,4777,173,3201,347,63,18.95,68.64,67.01,8.58
KOA Powell,97,3268,5537,135,3908,412,33,24.21,59.02,70.58,8.04
L Tucker,128,3250,3494,120,1784,328,59,27.08,93.02,51.06,11.08
MS Chapman,132,3246,2568,113,1023,287,129,28.73,126.4,39.84,16.2
MD Patel,110,3232,3461,104,1684,291,65,31.08,93.38,48.66,10.29
CJ Anderson,137,3224,3405,125,1906,268,145,25.79,94.68,55.98,12.13
Abdul Razzaq,142,3222,3980,107,2277,250,99,30.11,80.95,57.21,8.77
Saud Shakeel,71,3220,5047,88,3270,343,32,36.59,63.8,64.79,7.43
Inzamam-ul-Haq,83,3186,4785,84,2955,322,29,37.93,66.58,61.76,7.34
V Sibanda,135,3168,4954,143,3367,363,42,22.15,63.95,67.97,8.18
S Dube,143,3165,2169,109,724,199,200,29.04,145.92,33.38,18.4
Virandeep Singh,107,3147,2499,89,940,281,120,35.36,125.93,37.62,16.05
JA Burns,101,3145,4012,103,2463,317,71,30.53,78.39,61.39,9.67
A Vala,114,3127,3703,104,1933,261,66,30.07,84.45,52.2,8.83
T Stubbs,114,3107,3441,93,1770,226,107,33.41,90.29,51.44,9.68
N Rana,124,3100,2276,114,897,288,151,27.19,136.2,39.41,19.29
DT Christian,207,3080,2444,153,906,206,134,20.13,126.02,37.07,13.91
PJ Cummins,210,3067,4663,186,3210,259,106,16.49,65.77,68.84,7.83
CA Ingram,134,3067,2641,112,1115,273,109,27.38,116.13,42.22,14.46
AJ Turner,161,3046,2139,117,646,201,135,26.03,142.4,30.2,15.71
LJ Wright,147,3043,2578,133,1151,311,94,22.88,118.04,44.65,15.71
PSP Handscomb,114,3009,3986,104,2253,273,36,28.93,75.49,56.52,7.75
JW Wells,125,2996,2468,88,774,243,54,34.05,121.39,31.36,12.03
OA Shah,115,2981,3311,100,1619,233,76,29.81,90.03,48.9,9.33
CS MacLeod,109,2945,3367,99,1719,290,41,29.75,87.47,51.05,9.83
B Sai Sudharsan,66,2944,2608,65,1181,313,84,45.29,112.88,45.28,15.22
Babar Hayat,114,2932,2567,97,1178,196,162,30.23,114.22,45.89,13.95
Haris Sohail,81,2919,4286,83,2573,237,46,35.17,68.11,60.03,6.6
TP Ura,107,2907,2552,99,1292,256,128,29.36,113.91,50.63,15.05
Nizakat Khan,130,2896,2559,122,1054,256,92,23.74,113.17,41.19,13.6
Imran Farhat,77,2876,5241,98,3804,372,13,29.35,54.88,72.58,7.35
PHKD Mendis,91,2876,3759,92,2286,262,76,31.26,76.51,60.81,8.99
BJ Bennett,87,2864,2457,87,1204,360,70,32.92,116.56,49.0,17.5
KU Carty,94,2845,3587,91,2009,234,62,31.26,79.31,56.01,8.25
TA Blundell,67,2839,5013,87,3557,338,21,32.63,56.63,70.96,7.16
Towhid Hridoy,97,2808,2942,83,1296,181,78,33.83,95.45,44.05,8.8
Iftikhar Ahmed,149,2784,2295,109,892,211,120,25.54,121.31,38.87,14.42
RD Rickelton,85,2764,3080,88,1828,276,105,31.41,89.74,59.35,12.37
RP Burl,140,2758,2507,103,1086,218,93,26.78,110.01,43.32,12.41
JEC Franklin,137,2746,3982,107,2418,216,64,25.66,68.96,60.72,7.03
Faheem Ashraf,177,2744,2917,146,1667,264,104,18.79,94.07,57.15,12.62
JN Frylinck,119,2743,2862,99,1362,219,69,27.71,95.84,47.59,10.06
Syed Aziz,111,2740,2029,96,851,241,139,28.54,135.04,41.94,18.73
D Padikkal,95,2726,2438,93,1122,288,83,29.31,111.81,46.02,15.22
BR Dunk,129,2725,2118,120,773,219,103,22.71,128.66,36.5,15.2
Anshuman Rath,92,2700,2326,82,919,269,60,32.93,116.08,39.51,14.14
Sabbir Rahman,110,2690,3019,107,1672,293,56,25.14,89.1,55.38,11.56
V Aravind,97,2686,3446,91,1952,260,37,29.52,77.95,56.65,8.62
CAK Walton,139,2681,2272,128,1032,235,121,20.95,118.0,45.42,15.67
CJ Chibhabha,118,2674,3946,121,2523,289,25,22.1,67.76,63.94,7.96
SM Pollock,109,2663,3404,91,1973,252,49,29.26,78.23,57.96,8.84
CJ Ferguson,117,2663,2452,97,898,231,41,27.45,108.61,36.62,11.09
Sahibzada Farhan,91,2653,1966,85,826,251,122,31.21,134.94,42.01,18.97
RW Chakabva,114,2653,4595,126,3075,230,38,21.06,57.74,66.92,5.83
BCJ Cutting,156,2649,1842,119,692,184,158,22.26,143.81,37.57,18.57
KM Jadhav,136,2648,2353,91,948,250,66,29.1,112.54,40.29,13.43
CK Kapugedera,123,2614,3491,114,1983,204,59,22.93,74.88,56.8,7.53
TLW Cooper,131,2605,2398,115,1062,241,68,22.65,108.63,44.29,12.89
AN Petersen,56,2605,4664,79,3320,310,15,32.97,55.85,71.18,6.97
Nasir Hossain,91,2592,3745,91,2287,254,29,28.48,69.21,61.07,7.56
MD Gunathilaka,96,2582,3008,103,1672,276,42,25.07,85.84,55.59,10.57
JL Langer,30,2558,4313,49,3037,326,12,52.2,59.31,70.42,7.84
J Weatherald,103,2548,2104,101,948,267,93,25.23,121.1,45.06,17.11
Karanbir Singh,56,2537,1457,50,643,207,211,50.74,174.12,44.13,28.69
PJ Hughes,57,2534,4117,77,2846,310,18,32.91,61.55,69.13,7.97
DP Hughes,105,2493,2038,91,732,231,58,27.4,122.33,35.92,14.18
Washington Sundar,122,2478,3326,101,2011,208,73,24.53,74.5,60.46,8.45
CT Bancroft,90,2476,2708,81,1362,212,50,30.57,91.43,50.3,9.68
SSJ Brooks,99,2475,3133,102,1847,213,72,24.26,79.0,58.95,9.1
Aaron Jones,100,2473,2999,85,1561,158,77,29.09,82.46,52.05,7.84
Asif Khan,87,2467,2440,74,1243,179,118,33.34,101.11,50.94,12.17
R Shepherd,163,2462,1714,107,695,166,166,23.01,143.64,40.55,19.37
MA Leask,131,2441,2052,109,886,178,113,22.39,118.96,43.18,14.18
JP Faulkner,168,2439,2127,97,786,161,82,25.14,114.67,36.95,11.42
W Madhevere,119,2437,2788,115,1427,246,27,21.19,87.41,51.18,9.79
JG Bethell,80,2435,2532,81,1363,244,83,30.06,96.17,53.83,12.91
JC Silk,112,2429,1949,78,547,179,44,31.14,124.63,28.07,11.44
PP Shaw,91,2420,1844,94,816,318,65,25.74,131.24,44.25,20.77
C Campher,96,2414,3062,92,1794,234,51,26.24,78.84,58.59,9.31
Shahriar Nafees,75,2404,3842,96,2627,343,3,25.04,62.57,68.38,9.01
Sharjeel Khan,92,2399,1849,90,916,264,120,26.66,129.75,49.54,20.77
GH Dockrell,162,2392,2360,115,1072,187,74,20.8,101.36,45.42,11.06
RA Tripathi,103,2388,1729,92,633,240,90,25.96,138.11,36.61,19.09
Zeeshan Maqsood,100,2387,2816,86,1488,220,57,27.76,84.77,52.84,9.84
JA Rudolph,60,2369,4647,73,3410,297,4,32.45,50.98,73.38,6.48
DS Smith,80,2367,4034,101,2822,280,17,23.44,58.68,69.96,7.36
MS Atapattu,73,2366,3834,71,2399,240,1,33.32,61.71,62.57,6.29
Aqib Ilyas,75,2364,2594,67,1310,221,52,35.28,91.13,50.5,10.52
JJ Smit,118,2364,2289,86,1101,131,132,27.49,103.28,48.1,11.49
Usman Khan,108,2363,1725,88,623,237,83,26.85,136.99,36.12,18.55
BJ McMullen,71,2359,2231,62,1108,217,88,38.05,105.74,49.66,13.67
NJ Astle,62,2338,3464,64,2218,265,21,36.53,67.49,64.03,8.26
KK Nair,90,2337,2288,89,1162,264,53,26.26,102.14,50.79,13.85
NJ Maddinson,124,2332,1949,118,887,212,97,19.76,119.65,45.51,15.85
GD Elliott,100,2331,2975,88,1580,173,36,26.49,78.35,53.11,7.03
Tanzid Hasan,84,2318,2165,80,1154,230,90,28.98,107.07,53.3,14.78
JA Morkel,149,2294,1868,102,775,163,116,22.49,122.81,41.49,14.94
WG Jacks,104,2289,2040,95,972,191,104,24.09,112.21,47.65,14.46
Azam Khan,112,2283,1624,101,642,186,138,22.6,140.58,39.53,19.95
SR Mukkamalla,63,2269,2357,55,1107,192,57,41.25,96.27,46.97,10.56
JL Denly,77,2258,3572,84,2455,255,36,26.88,63.21,68.73,8.15
AI Ross,103,2255,1756,81,554,163,79,27.84,128.42,31.55,13.78
EC Joyce,74,2245,3076,68,1763,214,21,33.01,72.98,57.31,7.64
KH Pandya,137,2236,1704,92,625,192,84,24.3,131.22,36.68,16.2
A Sharafu,91,2236,1970,84,927,214,89,26.62,113.5,47.06,15.38
PG Fulton,76,2235,4129,86,2943,218,39,25.99,54.13,71.28,6.22
PWH de Silva,165,2230,2008,134,878,209,59,16.64,111.06,43.73,13.35
BFW de Leede,92,2217,2643,76,1387,162,52,29.17,83.88,52.48,8.1
BJ Webster,84,2195,2191,73,991,172,56,30.07,100.18,45.23,10.41
CR Brathwaite,168,2184,2019,136,977,137,122,16.06,108.17,48.39,12.83
Junaid Siddique,136,2180,3887,120,2738,229,28,18.17,56.08,70.44,6.61
CO Obuya,86,2176,2227,74,1113,165,86,29.41,97.71,49.98,11.27
Fawad Alam,69,2166,3632,60,2304,178,16,36.1,59.64,63.44,5.34
MG Bracewell,99,2146,2098,81,1087,197,81,26.49,102.29,51.81,13.25
D Wiese,141,2145,1633,90,604,136,112,23.83,131.35,36.99,15.19
GS Ballance,45,2137,4138,60,2992,248,12,35.62,51.64,72.31,6.28
Taufeeq Umar,36,2129,4652,56,3567,281,3,38.02,45.77,76.68,6.1
RR Patel,87,2125,1654,66,684,178,101,32.2,128.48,41.35,16.87
MN Waller,88,2123,2848,95,1701,210,35,22.35,74.54,59.73,8.6
GC Wilson,108,2117,2581,95,1337,185,26,22.28,82.02,51.8,8.18
HAPW Jayawardene,50,2110,4311,70,3180,224,15,30.14,48.94,73.76,5.54
Mashrafe Mortaza,177,2110,2525,158,1498,191,74,13.35,83.56,59.33,10.5
JK Silva,39,2099,5212,74,4105,238,2,28.36,40.27,78.76,4.6
HWR Cartwright,106,2094,1779,77,730,166,79,27.19,117.71,41.03,13.77
Sohaib Maqsood,90,2081,1950,79,907,169,80,26.34,106.72,46.51,12.77
Aarif Sheikh,100,2080,2795,84,1478,160,28,24.76,74.42,52.88,6.73
RK Singh,100,2076,1429,66,487,173,104,31.45,145.28,34.08,19.38
D Brevis,79,2075,1404,75,554,120,157,27.67,147.79,39.46,19.73
CJL Rogers,30,2071,4049,52,3101,275,2,39.83,51.15,76.59,6.84
JL Smith,47,2062,2513,61,1567,233,52,33.8,82.05,62.36,11.34
JR Hopes,110,2055,2009,91,849,203,18,22.58,102.29,42.26,11.0
Rohan Mustafa,110,2042,2770,102,1631,178,40,20.02,73.72,58.88,7.87
LPC Silva,78,2031,2811,73,1673,207,15,27.82,72.25,59.52,7.9
NJ O'Brien,84,2026,2732,77,1531,167,31,26.31,74.16,56.04,7.25
DJ Hooda,125,2017,1611,103,548,137,81,19.58,125.2,34.02,13.53
SB Harper,98,2012,1498,90,539,179,69,22.36,134.31,35.98,16.56
B Lee,159,2006,2924,118,1895,179,50,17.0,68.6,64.81,7.83
S Bau,101,2006,2456,91,1347,168,42,22.04,81.68,54.85,8.55
MK Tiwary,96,1997,1869,71,759,180,43,28.13,106.85,40.61,11.93
R Parag,93,1996,1383,80,473,140,117,24.95,144.32,34.2,18.58
M Kaif,94,1994,3185,81,1984,186,8,24.62,62.61,62.29,6.09
AM Hardie,92,1992,1579,73,578,163,69,27.29,126.16,36.61,14.69
A Athanaze,72,1989,2710,84,1738,201,51,23.68,73.39,64.13,9.3
VD Philander,86,1988,4253,92,3198,220,21,21.61,46.74,75.19,5.67
S Sesazi,76,1970,1601,68,704,204,71,28.97,123.05,43.97,17.18
HH Dippenaar,53,1968,3458,57,2300,201,10,34.53,56.91,66.51,6.1
M Klinger,74,1953,1675,69,637,189,35,28.3,116.6,38.03,13.37
GP Swann,114,1949,2396,102,1463,237,24,19.11,81.34,61.06,10.89
K Rabada,176,1949,3036,150,2089,208,49,12.99,64.2,68.81,8.47
Yousuf Youhana,58,1941,2432,54,1255,157,22,35.94,79.81,51.6,7.36
JP Greaves,61,1940,2868,66,1783,190,21,29.39,67.64,62.17,7.36
MJ Lumb,81,1924,1557,79,719,208,63,24.35,123.57,46.18,17.41
KMDN Kulasekara,165,1915,2717,132,1674,157,52,14.51,70.48,61.61,7.69
JJ Peirson,111,1914,1559,88,539,162,48,21.75,122.77,34.57,13.47
J Botha,150,1907,1986,98,913,163,30,19.46,96.02,45.97,9.72
Sohail Ahmed,73,1905,1596,44,569,126,78,43.3,119.36,35.65,12.78
M van Lingen,69,1903,2003,64,1099,220,42,29.73,95.01,54.87,13.08
Kushal Malla,89,1887,1685,76,854,127,119,24.83,111.99,50.68,14.6
Yasir Hameed,50,1885,2940,60,1956,229,5,31.42,64.12,66.53,7.96
Anamul Haque,71,1883,2500,77,1503,194,39,24.45,75.32,60.12,9.32
JD Campbell,51,1880,3217,72,2292,217,30,26.11,58.44,71.25,7.68
P Simran Singh,65,1865,1189,63,446,196,94,29.6,156.85,37.51,24.39
JN Loftie-Eaton,99,1860,2012,82,1020,161,53,22.68,92.45,50.7,10.64
L Vincent,61,1853,2748,60,1806,205,28,30.88,67.43,65.72,8.48
Mandeep Singh,105,1852,1515,87,572,190,40,21.29,122.24,37.76,15.18
WIA Fernando,87,1849,2066,84,1068,183,32,22.01,89.5,51.69,10.41
Muhammad Usman,81,1847,1956,73,975,152,61,25.3,94.43,49.85,10.89
Habibul Bashar,68,1840,3098,84,2017,195,5,21.9,59.39,65.11,6.46
Dhruv Jurel,65,1839,1881,56,995,160,75,32.84,97.77,52.9,12.49
Nasir Jamshed,70,1836,2314,68,1355,192,31,27.0,79.34,58.56,9.64
Hussain Talat,89,1835,1610,75,591,159,42,24.47,113.98,36.71,12.48
VR Iyer,71,1834,1303,59,492,172,84,31.08,140.75,37.76,19.65
T de Zorzi,46,1830,2591,57,1629,184,38,32.11,70.63,62.87,8.57
NM Lyon,149,1826,3515,146,2661,222,17,12.51,51.95,75.7,6.8
ZE Green,105,1824,2068,87,1068,180,27,20.97,88.2,51.64,10.01
ND McKenzie,38,1817,4140,51,3190,222,7,35.63,43.89,77.05,5.53
KH Prajapati,78,1812,2086,73,1137,180,39,24.82,86.86,54.51,10.5
Khushdil Shah,109,1808,1471,75,562,129,85,24.11,122.91,38.21,14.55
W Jaffer,33,1802,3522,52,2634,242,6,34.65,51.16,74.79,7.04
KA Maharaj,116,1794,2780,127,1922,197,39,14.13,64.53,69.14,8.49
NT Paranavitana,31,1792,4274,55,3320,206,5,32.58,41.93,77.68,4.94
AS Joseph,167,1790,2506,133,1690,153,77,13.46,71.43,67.44,9.18
RJ Burns,32,1789,4084,59,3193,220,2,30.32,43.81,78.18,5.44
M Bryant,86,1788,1263,75,499,181,72,23.84,141.57,39.51,20.03
CJA Amini,88,1788,2230,82,1208,147,26,21.8,80.18,54.17,7.76
K Verreynne,45,1787,2846,54,1871,171,25,33.09,62.79,65.74,6.89
K Kadowaki-Fleming,50,1779,1278,46,478,135,90,38.67,139.2,37.4,17.61
DW Steyn,177,1779,3531,157,2670,172,47,11.33,50.38,75.62,6.2
RRS Cornwall,94,1777,1436,93,802,170,118,19.11,123.75,55.85,20.06
Basil Hameed,91,1766,1976,73,1015,110,68,24.19,89.37,51.37,9.01
KAJ Roach,150,1764,4531,146,3646,193,25,12.08,38.93,80.47,4.81
S Samarawickrama,66,1760,1989,65,1012,191,9,27.08,88.49,50.88,10.06
J Da Silva,58,1751,3544,70,2570,168,21,25.01,49.41,72.52,5.33
TT Bresnan,109,1747,2657,83,1683,179,17,21.05,65.75,63.34,7.38
HMRKB Herath,112,1737,3300,121,2340,198,8,14.36,52.64,70.91,6.24
D Ndikubwimana,92,1720,1928,86,1003,168,34,20.0,89.21,52.02,10.48
NS Dhaliwal,60,1713,1750,55,889,144,64,31.15,97.89,50.8,11.89
AU Rashid,147,1710,2508,109,1577,174,21,15.69,68.18,62.88,7.78
C Connolly,68,1704,1324,55,561,130,90,30.98,128.7,42.37,16.62
Vikramjit Singh,73,1704,2179,72,1322,176,33,23.67,78.2,60.67,9.59
C Kieswetter,70,1703,1736,65,934,163,61,26.2,98.1,53.8,12.9
Riazat Ali Shah,67,1697,1308,46,480,126,79,36.89,129.74,36.7,15.67
RM Patidar,56,1697,1160,55,430,118,111,30.85,146.29,37.07,19.74
Mohammad Nabi,104,1694,1254,81,461,123,82,20.91,135.09,36.76,16.35
T Marumani,93,1689,1458,85,717,175,58,19.87,115.84,49.18,15.98
Aftab Ahmed,77,1689,2480,79,1626,191,28,21.38,68.1,65.56,8.83
PWA Mulder,58,1686,2624,62,1761,191,26,27.19,64.25,67.11,8.27
SO Dowrich,43,1674,3390,63,2546,189,15,26.57,49.38,75.1,6.02
Shaiman Anwar,56,1670,1691,53,857,153,49,31.51,98.76,50.68,11.95
Chirag Suri,64,1664,2070,62,1205,172,30,26.84,80.39,58.21,9.76
Fiaz Ahmed,61,1661,1336,47,513,110,87,35.34,124.33,38.4,14.75
Mohammad Haris,78,1656,1065,73,385,166,81,22.68,155.49,36.15,23.19
Haider Ali,112,1655,1372,98,592,142,75,16.89,120.63,43.15,15.82
AGS Gous,59,1653,1377,54,613,149,76,30.61,120.04,44.52,16.34
L Siaka,94,1647,1762,88,926,137,42,18.72,93.47,52.55,10.16
Taranjeet Singh,52,1644,1039,46,426,198,77,35.74,158.23,41.0,26.47
Meet Bhavsar,64,1644,1258,58,455,141,59,28.34,130.68,36.17,15.9
MR Adair,104,1644,1594,82,816,141,65,20.05,103.14,51.19,12.92
RS Morton,58,1644,2671,59,1714,148,19,27.86,61.55,64.17,6.25
MJ North,42,1636,2865,51,2003,180,15,32.08,57.1,69.91,6.81
H Thaker,69,1635,1965,58,977,91,50,28.19,83.21,49.72,7.18
W Barresi,74,1632,1801,64,937,162,33,25.5,90.62,52.03,10.83
S Badrinath,74,1626,1599,56,733,171,28,29.04,101.69,45.84,12.45
Afif Hossain,85,1625,1532,72,653,133,45,22.57,106.07,42.62,11.62
Milind Kumar,47,1625,1616,32,701,125,42,50.78,100.56,43.38,10.33
NV Ojha,98,1623,1464,80,711,130,79,20.29,110.86,48.57,14.28
M Jansen,91,1621,1985,77,1225,146,67,21.05,81.66,61.71,10.73
Gulsan Jha,86,1620,1641,65,882,99,95,24.92,98.72,53.75,11.82
JM How,52,1620,2741,64,1911,194,9,25.31,59.1,69.72,7.41
MS Harris,67,1619,2175,76,1390,180,28,21.3,74.44,63.91,9.56
Bilal Zalmai,62,1618,1018,56,426,166,95,28.89,158.94,41.85,25.64
WPUJC Vaas,108,1611,2882,86,1918,154,9,18.73,55.9,66.55,5.66
Mohammad Nawaz,110,1610,1456,88,683,134,71,18.3,110.58,46.91,14.08
F Behardien,82,1606,1514,53,607,118,41,30.3,106.08,40.09,10.5
Zeeshan Ali,72,1597,1199,58,473,167,56,27.53,133.19,39.45,18.6
Z Khan,148,1591,2709,130,1931,167,41,12.24,58.73,71.28,7.68
Wahab Riaz,167,1586,2022,137,1216,130,56,11.58,78.44,60.14,9.2
AC Agar,117,1586,1687,89,809,113,49,17.82,94.01,47.95,9.6
Mohammad Nadeem,79,1583,2027,52,1039,106,29,30.44,78.1,51.26,6.66
GA Priandana,84,1577,1492,74,741,158,51,21.31,105.7,49.66,14.01
CD McMillan,58,1568,1944,51,1137,128,50,30.75,80.66,58.49,9.16
AR McBrine,71,1568,2305,59,1481,170,21,26.58,68.03,64.25,8.29
PJ Moor,62,1555,2533,70,1741,129,48,22.21,61.39,68.73,6.99
JM Anderson,231,1545,3794,183,3009,200,3,8.44,40.72,79.31,5.35
SS Tiwary,75,1543,1300,52,456,116,51,29.67,118.69,35.08,12.85
G Malla,67,1533,1758,65,999,141,49,23.58,87.2,56.83,10.81
FA Allen,115,1529,1136,83,479,107,93,18.42,134.6,42.17,17.61
Raqibul Hasan,61,1529,2655,63,1690,125,10,24.27,57.59,63.65,5.08
V Shankar,74,1528,1228,57,431,117,57,26.81,124.43,35.1,14.17
B Kumar,166,1525,2443,110,1581,159,13,13.86,62.42,64.72,7.04
CJ Green,147,1521,1139,97,347,111,49,15.68,133.54,30.47,14.05
R Sandaruwan,67,1517,1089,66,473,134,85,22.98,139.3,43.43,20.11
HAM Shah,39,1513,1132,37,422,133,59,40.89,133.66,37.28,16.96
P Kurup,63,1509,1392,57,607,156,35,26.47,108.41,43.61,13.72
SR Taylor,58,1509,1603,56,927,171,46,26.95,94.14,57.83,13.54
CH Morris,105,1503,1403,76,676,123,59,19.78,107.13,48.18,12.97
JM Kemp,67,1493,1656,46,865,96,65,32.46,90.16,52.23,9.72
Ayan Khan,70,1488,1757,63,904,120,31,23.62,84.69,51.45,8.59
J Fraser-McGurk,82,1485,1039,79,446,127,84,18.8,142.93,42.93,20.31
KMA Paul,108,1484,1298,81,621,103,81,18.32,114.33,47.84,14.18
JN Mohammed,77,1481,1744,63,897,111,38,23.51,84.92,51.43,8.54
JW Jenner,52,1474,1114,42,417,114,61,35.1,132.32,37.43,15.71
G Singh,62,1472,1623,48,820,123,36,30.67,90.7,50.52,9.8
R Satheesan,49,1466,978,44,389,148,74,33.32,149.9,39.78,22.7
Shoaib Khan,76,1464,1642,64,864,134,38,22.88,89.16,52.62,10.48
Pargat Singh,52,1464,1753,50,1005,156,30,29.28,83.51,57.33,10.61
GO Jones,56,1463,2392,61,1600,162,16,23.98,61.16,66.89,7.44
Sohail Tanvir,145,1463,1378,96,631,122,57,15.24,106.17,45.79,12.99
Shadman Islam,29,1457,2886,52,2096,171,3,28.02,50.49,72.63,6.03
NR Kirton,67,1456,1535,58,728,97,46,25.1,94.85,47.43,9.32
MDK Perera,56,1456,2984,83,2287,171,26,17.54,48.79,76.64,6.6
NL McCullum,111,1451,1591,85,759,93,43,17.07,91.2,47.71,8.55
MF Maharoof,94,1447,2297,90,1498,127,29,16.08,63.0,65.22,6.79
Manpreet Singh,68,1443,1128,58,358,83,61,24.88,127.93,31.74,12.77
PBB Rajapaksa,73,1443,1085,62,438,125,68,23.27,133.0,40.37,17.79
II Selemani,60,1435,947,58,426,151,78,24.74,151.53,44.98,24.18
Ahmer Bin Nisar,72,1429,1117,52,384,117,48,27.48,127.93,34.38,14.77
Hassan Nawaz,54,1428,1019,46,386,91,88,31.04,140.14,37.88,17.57
RN ten Doeschate,60,1426,1305,42,560,114,41,33.95,109.27,42.91,11.88
CJ Jordan,160,1426,1392,107,672,107,54,13.33,102.44,48.28,11.57
A Johnson,52,1424,1143,49,640,146,87,29.06,124.58,55.99,20.38
V Saini,57,1417,1109,45,344,132,31,31.49,127.77,31.02,14.7
JM Clarke,55,1416,1048,52,385,123,56,27.23,135.11,36.74,17.08
DC Thomas,92,1416,1441,82,736,119,52,17.27,98.27,51.08,11.87
Abid Ali,22,1414,2695,30,1987,177,5,47.13,52.47,73.73,6.75
S Matsikenyeri,86,1412,2109,83,1323,141,13,17.01,66.95,62.73,7.3
KR Patterson,63,1408,1324,59,583,127,32,23.86,106.34,44.03,12.01
Sulaimon Runsewe,78,1407,1313,69,576,145,17,20.39,107.16,43.87,12.34
Faisal Khan,47,1405,818,43,315,143,86,32.67,171.76,38.51,28.0
IA Karim,47,1394,1355,31,548,132,15,44.97,102.88,40.44,10.85
SR Patel,79,1390,1510,59,739,132,30,23.56,92.05,48.94,10.73
M Levitt,46,1388,1197,45,634,136,64,30.84,115.96,52.97,16.71
BOP Fernando,35,1380,2568,48,1900,153,19,28.75,53.74,73.99,6.7
Nithish Kumar Reddy,51,1373,1381,47,723,97,69,29.21,99.42,52.35,12.02
Ahmed Faiz,63,1367,1103,55,394,101,56,24.85,123.93,35.72,14.23
M Morkel,143,1364,2331,126,1695,181,18,10.83,58.52,72.72,8.54
LJ Evans,58,1363,984,51,368,122,57,26.73,138.52,37.4,18.19
N Vanua,86,1357,1408,75,760,67,81,18.09,96.38,53.98,10.51
Jaker Ali,52,1357,1564,45,851,95,56,30.16,86.76,54.41,9.65
Mohammad Amir,123,1355,2652,111,1980,148,20,12.21,51.09,74.66,6.33
Naeem Islam,62,1355,2319,51,1546,129,23,26.57,58.43,66.67,6.55
NR Sciver-Brunt,36,1348,936,27,315,205,15,49.93,144.02,33.65,23.5
Shaheen Shah Afridi,155,1347,1594,122,1011,102,77,11.04,84.5,63.43,11.23
Rashid Khan,153,1344,917,102,365,100,83,13.18,146.56,39.8,19.96
STR Binny,84,1339,1291,65,605,114,42,20.6,103.72,46.86,12.08
R Chopra,54,1336,1415,45,684,105,39,29.69,94.42,48.34,10.18
GJ Delany,85,1335,1051,66,419,105,58,20.23,127.02,39.87,15.51
T Banton,63,1332,959,56,387,125,62,23.79,138.89,40.35,19.5
Haider Butt,54,1324,1071,43,388,89,60,30.79,123.62,36.23,13.91
I Danladi,59,1322,1129,52,483,120,38,25.42,117.09,42.78,13.99
KA Edwards,34,1318,2552,46,1837,134,19,28.65,51.65,71.98,6.0
Sami Sohail,45,1315,1043,36,408,111,49,36.53,126.08,39.12,15.34
Hasan Ali,138,1306,1269,110,733,104,72,11.87,102.92,57.76,13.87
DR Sams,120,1306,912,92,341,83,77,14.2,143.2,37.39,17.54
Muhammad Tanveer,43,1303,986,35,382,88,78,37.23,132.15,38.74,16.84
JP Kotze,70,1303,1384,64,774,128,47,20.36,94.15,55.92,12.64
R Tewatia,92,1302,943,55,336,110,62,23.67,138.07,35.63,18.24
PM Siddle,94,1286,2600,94,1975,135,7,13.68,49.46,75.96,5.46
JL Carter,72,1285,1438,62,765,97,41,20.73,89.36,53.2,9.6
Kamran Ghulam,47,1274,1358,48,728,124,39,26.54,93.81,53.61,12.0
BN Cooper,58,1274,1078,46,443,124,36,27.7,118.18,41.09,14.84
NE Bonner,42,1273,2919,45,2180,122,12,28.29,43.61,74.68,4.59
DAS Gunaratne,43,1267,1774,39,1027,119,14,32.49,71.42,57.89,7.5
L Bruce,51,1266,1074,47,439,132,26,26.94,117.88,40.88,14.71
AJ Hosein,136,1262,1229,82,560,72,59,15.39,102.69,45.57,10.66
N Deonarine,53,1260,2422,57,1717,123,13,22.11,52.02,70.89,5.62
RA Reifer,75,1260,1655,64,959,100,39,19.69,76.13,57.95,8.4
P Utseya,117,1253,2158,74,1342,88,12,16.93,58.06,62.19,4.63
AB Barath,40,1251,2229,51,1606,157,10,24.53,56.12,72.05,7.49
DJ Willey,106,1247,1230,69,593,98,48,18.07,101.38,48.21,11.87
CS Delport,58,1245,999,54,405,118,49,23.06,124.62,40.54,16.72
Hamza Khan,45,1243,1004,37,417,99,61,33.59,123.8,41.53,15.94
Shayan Jahangir,57,1243,1218,46,587,122,33,27.02,102.05,48.19,12.73
JM Sharma,68,1238,811,55,298,97,75,22.51,152.65,36.74,21.21
KD Kesuma,78,1236,1110,69,555,130,47,17.91,111.35,50.0,15.95
MRJ Watt,99,1235,1385,70,683,98,32,17.64,89.17,49.31,9.39
DMW Rawlins,37,1235,808,28,303,83,85,44.11,152.85,37.5,20.79
Nurul Hasan,71,1229,1440,60,801,112,30,20.48,85.35,55.62,9.86
WW Hinds,46,1227,1888,44,1220,109,23,27.89,64.99,64.62,6.99
V Suryavanshi,29,1221,551,29,188,97,110,42.1,221.6,34.12,37.57
KD Mills,105,1218,1616,80,1007,103,43,15.22,75.37,62.31,9.03
Rahmanullah Gurbaz,51,1218,805,49,345,98,84,24.86,151.3,42.86,22.61
Aizaz Khan,93,1218,1199,78,510,87,33,15.62,101.58,42.54,10.01
Khurram Manzoor,32,1218,2332,45,1709,143,4,27.07,52.23,73.28,6.3
AA Jangoo,41,1210,1489,39,806,89,37,31.03,81.26,54.13,8.46
BJ Rohrer,64,1206,910,45,304,93,38,26.8,132.53,33.41,14.4
Abdul Samad,86,1206,862,61,321,80,74,19.77,139.91,37.24,17.87
MM Lanning,35,1200,947,32,403,179,16,37.5,126.72,42.56,20.59
BT Foakes,26,1200,2487,39,1785,111,8,30.77,48.25,71.77,4.78
JN Malan,33,1199,1336,31,699,122,27,38.68,89.75,52.32,11.15
Karan KC,101,1199,1106,74,567,69,78,16.2,108.41,51.27,13.29
DS Lehmann,30,1195,1770,31,1073,113,9,38.55,67.51,60.62,6.89
H Kaur,34,1193,820,26,276,148,35,45.88,145.49,33.66,22.32
JWA Taylor,32,1191,1840,33,1144,101,14,36.09,64.73,62.17,6.25
Umar Gul,133,1190,1901,123,1349,102,49,9.67,62.6,70.96,7.94
Abdul Waheed,45,1180,912,39,325,118,37,30.26,129.39,35.64,17.0
VP Thamotharam,52,1179,827,45,317,77,75,26.2,142.56,38.33,18.38
A Badoni,56,1178,836,46,265,96,47,25.61,140.91,31.7,17.11
CP Jewell,59,1178,934,57,361,127,27,20.67,126.12,38.65,16.49
CG Williams,47,1173,1219,41,586,100,29,28.61,96.23,48.07,10.58
N Davin,51,1172,937,47,430,127,38,24.94,125.08,45.89,17.61
Mohammad Mithun,51,1171,1800,54,1139,103,23,21.69,65.06,63.28,7.0
RAS Lakmal,118,1170,2338,113,1729,131,15,10.35,50.04,73.95,6.24
PA Jaques,22,1166,1904,29,1255,125,5,40.21,61.24,65.91,6.83
AA Obanda,51,1165,1244,47,710,139,31,24.79,93.65,57.07,13.67
JE Taylor,109,1165,1602,107,1102,136,32,10.89,72.72,68.79,10.49
J Liyanage,42,1165,1315,30,655,89,29,38.83,88.59,49.81,8.97
TK Curran,84,1158,1014,52,433,113,32,22.27,114.2,42.7,14.3
TA Boult,157,1158,1717,90,1214,110,47,12.87,67.44,70.7,9.14
CP Rizwan,50,1153,1760,43,991,85,6,26.81,65.51,56.31,5.17
AR Patwa,49,1151,950,46,447,144,32,25.02,121.16,47.05,18.53
Rameez Shahzad,40,1150,1381,35,726,99,23,32.86,83.27,52.57,8.83
Y Venugopal Rao,60,1146,1085,51,471,89,39,22.47,105.62,43.41,11.8
Javed Omar,37,1146,2345,53,1763,155,3,21.62,48.87,75.18,6.74
S Muniandy,89,1144,994,66,385,75,45,17.33,115.09,38.73,12.07
JA Raval,24,1143,2670,38,2108,143,1,30.08,42.81,78.95,5.39
Hammad Mirza,46,1137,1361,42,736,105,22,27.07,83.54,54.08,9.33
AT Nidamanuru,56,1137,1201,52,584,70,44,21.87,94.67,48.63,9.49
O Manishimwe,75,1137,1242,66,643,101,29,17.23,91.55,51.77,10.47
Sompal Kami,99,1134,1337,70,738,82,31,16.2,84.82,55.2,8.45
M Gilkes,59,1131,915,56,389,112,33,20.2,123.61,42.51,15.85
RE van der Merwe,98,1130,1020,68,400,81,35,16.62,110.78,39.22,11.37
K Motlanka,42,1128,1019,38,440,114,23,29.68,110.7,43.18,13.44
SN Thakur,86,1124,1244,72,699,114,35,15.61,90.35,56.19,11.98
Shafali Verma,37,1124,739,34,302,132,53,33.06,152.1,40.87,25.03
GH Vihari,39,1123,2309,45,1695,130,3,24.96,48.64,73.41,5.76
A Sharma,46,1117,1249,45,711,129,25,24.82,89.43,56.93,12.33
SN Khan,49,1117,1038,43,500,130,28,25.98,107.61,48.17,15.22
RJ Peterson,70,1117,1357,55,756,120,12,20.31,82.31,55.71,9.73
AG Cremer,83,1109,2603,81,1899,82,3,13.69,42.6,72.95,3.27
Yasir Shah,74,1107,2170,83,1598,118,13,13.34,51.01,73.64,6.04
Mosaddek Hossain,66,1101,1327,50,708,93,27,22.02,82.97,53.35,9.04
Mohammed Shami,141,1096,1397,111,897,109,40,9.87,78.45,64.21,10.67
DW Lawrence,29,1095,1662,40,1107,122,18,27.38,65.88,66.61,8.42
Usman Patel,56,1093,839,43,330,108,39,25.42,130.27,39.33,17.52
JC Archer,112,1090,1212,81,708,92,47,13.46,89.93,58.42,11.47
S Chandramohan,47,1090,913,43,413,98,48,25.35,119.39,45.24,15.99
TAM Siriwardana,48,1089,1187,48,625,87,36,22.69,91.74,52.65,10.36
DM Nakrani,65,1088,849,42,354,66,67,25.9,128.15,41.7,15.67
SJ Myburgh,51,1088,1094,48,605,127,30,22.67,99.45,55.3,14.35
C Bosch,51,1087,1038,36,464,106,24,30.19,104.72,44.7,12.52
J Brown,41,1086,731,41,351,98,72,26.49,148.56,48.02,23.26
M Vohra,51,1083,829,49,358,104,43,22.1,130.64,43.18,17.73
Aqib Iqbal,56,1083,882,45,331,80,42,24.07,122.79,37.53,13.83
DG Brownlie,34,1078,2091,43,1581,143,4,25.07,51.55,75.61,7.03
Imran Anwar,63,1075,854,58,400,65,73,18.53,125.88,46.84,16.16
RP Arnold,56,1075,1516,42,795,71,5,25.6,70.91,52.44,5.01
D Ganga,26,1074,2579,40,2033,138,1,26.85,41.64,78.83,5.39
B Sharki,40,1073,1574,37,940,105,8,29.0,68.17,59.72,7.18
A Mishra,87,1072,1604,71,1000,114,8,15.1,66.83,62.34,7.61
Khawar Ali,55,1072,1499,49,913,102,20,21.88,71.51,60.91,8.14
NCR Larkin,50,1069,888,35,320,107,17,30.54,120.38,36.04,13.96
EJM Cowan,24,1068,2490,37,1916,132,3,28.86,42.89,76.95,5.42
MB Kruger,57,1068,1353,55,769,96,21,19.42,78.94,56.84,8.65
I Liyanage,41,1067,864,38,356,116,29,28.08,123.5,41.2,16.78
CL Cairns,34,1061,1208,29,678,91,38,36.59,87.83,56.13,10.68
IK Gamantika,68,1060,1096,58,484,79,27,18.28,96.72,44.16,9.67
SA Abbott,110,1059,1003,84,463,73,39,12.61,105.58,46.16,11.17
NA Greenwood,41,1058,768,37,275,105,34,28.59,137.76,35.81,18.1
IS Sodhi,92,1050,1752,80,1211,90,32,13.12,59.93,69.12,6.96
Luqman Butt,34,1048,719,28,264,90,60,37.43,145.76,36.72,20.86
Khaled Mashud,51,1046,2364,53,1704,81,1,19.74,44.25,72.08,3.47
HH Streak,35,1045,1946,30,1350,96,10,34.83,53.7,69.37,5.45
Zubaidi Zulkifle,62,1043,740,59,328,103,53,17.68,140.95,44.32,21.08
DP Sibley,22,1042,3045,36,2476,114,1,28.94,34.22,81.31,3.78
Mahmudul Hasan Joy,24,1041,2368,43,1822,116,7,24.21,43.96,76.94,5.19
WD Parnell,93,1040,1289,59,667,89,16,17.63,80.68,51.75,8.15
AP Yadav,44,1037,984,36,419,107,19,28.81,105.39,42.58,12.8
A Kumble,69,1036,2525,63,1970,127,4,16.44,41.03,78.02,5.19
I Kaia,42,1034,1409,43,864,108,14,24.05,73.39,61.32,8.66
D Pretorius,74,1031,913,58,432,81,47,17.78,112.92,47.32,14.02
Taijul Islam,69,1030,2545,97,1985,112,4,10.62,40.47,78.0,4.56
H Lakov,40,1030,908,31,322,85,15,33.23,113.44,35.46,11.01
SF Mire,45,1026,1226,47,723,98,28,21.83,83.69,58.97,10.28
Imran Nazir,44,1026,942,43,536,128,34,23.86,108.92,56.9,17.2
NT Broom,46,1024,1283,43,658,91,11,23.81,79.81,51.29,7.95
S Mandhana,35,1023,748,33,321,145,29,31.0,136.76,42.91,23.26
G Motie,85,1021,1176,62,708,97,36,16.47,86.82,60.2,11.31
S Davizi,35,1018,710,31,276,116,35,32.84,143.38,38.87,21.27
MJ Owen,52,1015,576,47,223,73,78,21.6,176.22,38.72,26.22
AL Phehlukwayo,80,1012,1161,57,654,93,37,17.75,87.17,56.33,11.2
HJH Marshall,47,1010,1669,47,1045,85,2,21.49,60.52,62.61,5.21
DR Flynn,36,1007,2296,49,1787,124,6,20.55,43.86,77.83,5.66
SJ Baard,44,1001,1157,41,621,88,21,24.41,86.52,53.67,9.42
Zeeshan Khan,43,1001,804,41,324,108,26,24.41,124.5,40.3,16.67
J Baker,27,1001,769,23,350,90,51,43.52,130.17,45.51,18.34
MA Wood,71,997,1319,67,892,126,26,14.88,75.59,67.63,11.52
Rajin Saleh,39,997,2399,50,1806,99,3,19.94,41.56,75.28,4.25
MWR Stokes,37,995,785,25,260,95,17,39.8,126.75,33.12,14.27
RG Mukasa,46,993,804,42,356,112,31,23.64,123.51,44.28,17.79
SJ Modani,37,991,1485,36,882,83,8,27.53,66.73,59.39,6.13
H Singh,45,990,753,37,267,101,27,26.76,131.47,35.46,17.0
SK Patel,33,990,1215,31,668,104,13,31.94,81.48,54.98,9.63
SL Malinga,178,989,1486,133,1011,90,35,7.44,66.55,68.03,8.41
MJ Henry,82,988,1228,78,822,118,32,12.67,80.46,66.94,12.21
O Tuyisenge,68,986,979,63,480,91,27,15.65,100.72,49.03,12.05
AR Nurse,88,983,908,52,400,74,38,18.9,108.26,44.05,12.33
C Hemraj,51,982,862,50,434,97,45,19.64,113.92,50.35,16.47
S Movva,49,981,1257,36,628,68,13,27.25,78.04,49.96,6.44
D Myers,47,976,1114,47,607,90,23,20.77,87.61,54.49,10.14
KAR Hodge,26,974,2056,40,1544,121,3,24.35,47.37,75.1,6.03
EA Perry,25,972,731,15,250,109,25,64.8,132.97,34.2,18.33
CN Ackermann,44,970,1016,39,453,81,16,24.87,95.47,44.59,9.55
RN Patel,53,968,798,44,338,106,24,22.0,121.3,42.36,16.29
G Kirsten,15,965,1893,18,1400,129,4,53.61,50.98,73.96,7.03
BP Nash,20,962,2175,32,1666,108,2,30.06,44.23,76.6,5.06
Mohammad Rafique,64,962,1491,67,1015,91,28,14.36,64.52,68.08,7.98
OF Smith,77,955,697,50,313,61,71,19.1,137.02,44.91,18.94
S Ravichandran,47,952,793,44,299,86,21,21.64,120.05,37.7,13.49
H Carlyon,45,952,796,44,368,93,38,21.64,119.6,46.23,16.46
Naseem Khushi,58,951,693,54,292,63,63,17.61,137.23,42.14,18.18
J Overton,56,951,812,39,371,86,37,24.38,117.12,45.69,15.15
V Balakrishnan,46,947,840,40,389,102,24,23.68,112.74,46.31,15.0
LA Dunbar,36,943,793,29,370,83,46,32.52,118.92,46.66,16.27
P Khadka,36,942,834,33,408,107,28,28.55,112.95,48.92,16.19
RJ Nicol,42,941,1177,42,678,88,24,22.4,79.95,57.6,9.52
BA Pai,40,941,850,33,308,84,15,28.52,110.71,36.24,11.65
J Mubarak,48,938,1388,45,867,84,14,20.84,67.58,62.46,7.06
MP Breetzke,33,934,983,31,460,77,25,30.13,95.02,46.8,10.38
N Hussain,21,934,2007,29,1520,107,2,32.21,46.54,75.73,5.43
GB Hogg,73,931,1195,49,591,58,11,19.0,77.91,49.46,5.77
AJ Hall,41,931,1651,40,1138,98,10,23.28,56.39,68.93,6.54
Saad Bin Zafar,65,928,969,43,463,80,22,21.58,95.77,47.78,10.53
DAJ Bracewell,52,927,1598,59,1128,91,24,15.71,58.01,70.59,7.2
TP Ludeman,41,924,750,34,303,87,29,27.18,123.2,40.4,15.47
Mohammad Naim,40,921,1008,39,499,83,18,23.62,91.37,49.5,10.02
HD Rutherford,27,921,1499,39,1087,112,18,23.62,61.44,72.52,8.67
CS Baugh,53,919,1562,54,1044,88,10,17.02,58.83,66.84,6.27
I Sharma,139,915,2836,116,2322,98,3,7.89,32.26,81.88,3.56
G Mckeon,32,915,641,28,257,72,50,32.68,142.75,40.09,19.03
R Obuya,41,914,709,35,331,83,44,26.11,128.91,46.69,17.91
AP Rajeevan,44,913,813,35,315,83,17,26.09,112.3,38.75,12.3
R Trumpelmann,79,912,955,57,493,61,43,16.0,95.5,51.62,10.89
DM Gondaria,32,910,625,28,229,76,46,32.5,145.6,36.64,19.52
PR Surve,35,909,784,23,306,71,28,39.52,115.94,39.03,12.63
Priyansh Arya,31,909,471,31,163,87,63,29.32,192.99,34.61,31.85
VS Solanki,36,905,1212,33,731,115,5,27.42,74.67,60.31,9.9
Shashank Singh,42,905,560,25,155,67,51,36.2,161.61,27.68,21.07
C Madande,55,904,947,45,463,78,19,20.09,95.46,48.89,10.24
D Bishoo,67,903,2209,63,1700,90,5,14.33,40.88,76.96,4.3
YS Samra,30,902,802,27,413,91,41,33.41,112.47,51.5,16.46
BMAJ Mendis,70,902,1011,58,477,68,21,15.55,89.22,47.18,8.8
NA McSweeney,35,902,906,33,422,88,15,27.33,99.56,46.58,11.37
J Butler,39,900,783,32,329,82,26,28.12,114.94,42.02,13.79
E Dusingizimana,52,898,821,49,413,89,32,18.33,109.38,50.3,14.74
PW Borren,45,898,834,39,386,93,21,23.03,107.67,46.28,13.67
AF Giles,37,895,1680,39,1181,99,4,22.95,53.27,70.3,6.13
DT Tiripano,50,894,1995,48,1520,87,14,18.62,44.81,76.19,5.06
Yasim Murtaza,62,893,754,54,284,63,39,16.54,118.44,37.67,13.53
TM Odoyo,41,888,1257,36,759,77,19,24.67,70.64,60.38,7.64
CV Anto,42,886,588,37,245,56,66,23.95,150.68,41.67,20.75
Abdur Razzak,106,885,1211,72,737,73,23,12.29,73.08,60.86,7.93
A Raghuvanshi,30,885,608,26,190,86,35,34.04,145.56,31.25,19.9
Saeed Ajmal,120,885,1718,99,1194,77,7,8.94,51.51,69.5,4.89
JJS Sangha,38,882,743,32,266,70,21,27.56,118.71,35.8,12.25
Walid Ghauri,33,881,725,30,299,80,29,29.37,121.52,41.24,15.03
Muhammad Asim,33,877,651,26,282,87,40,33.73,134.72,43.32,19.51
N Wagner,58,875,1687,60,1338,96,36,14.58,51.87,79.31,7.82
Razmal Shigiwal,32,875,619,28,208,74,36,31.25,141.36,33.6,17.77
K Nassoro,58,872,873,46,397,81,16,18.96,99.89,45.48,11.11
MA Jones,32,872,983,31,514,76,23,28.13,88.71,52.29,10.07
BJ Dwarshuis,87,872,697,54,255,56,39,16.15,125.11,36.59,13.63
Selim Salau,36,871,789,35,347,83,20,24.89,110.39,43.98,13.05
TB Robinson,37,869,651,34,251,78,32,25.56,133.49,38.56,16.9
Saif Hassan,40,868,1001,43,614,84,36,20.19,86.71,61.34,11.99
HK Matthews,34,867,711,33,348,122,24,26.27,121.94,48.95,20.53
Adil Butt,25,865,497,22,207,87,57,39.32,174.04,41.65,28.97
TC Barker,42,864,684,41,278,94,21,21.07,126.32,40.64,16.81
RJ Quiney,41,860,679,39,292,81,34,22.05,126.66,43.0,16.94
MA Vermeulen,33,860,1534,35,1088,106,3,24.57,56.06,70.93,7.11
MG Vandort,17,857,1909,26,1444,98,4,32.96,44.89,75.64,5.34
SO Tikolo,46,856,1196,42,732,93,9,20.38,71.57,61.2,8.53
AWJ Auguste,44,855,753,40,359,73,39,21.38,113.55,47.68,14.87
LM Jongwe,72,854,881,55,450,83,19,15.53,96.94,51.08,11.58
Aamir Kaleem,57,853,871,51,448,91,21,16.73,97.93,51.44,12.86
AP Devcich,43,851,761,42,346,97,20,20.26,111.83,45.47,15.37
P Baron,31,851,699,27,305,97,18,31.52,121.75,43.63,16.45
NR Kumar,42,850,826,37,373,63,25,22.97,102.91,45.16,10.65
PJ Forrest,38,846,1019,34,526,70,14,24.88,83.02,51.62,8.24
SKS Gill,39,846,835,36,344,75,12,23.5,101.32,41.2,10.42
D Visser,23,845,595,18,238,86,38,46.94,142.02,40.0,20.84
Umar Amin,47,844,1020,46,563,92,10,18.35,82.75,55.2,10.0
SD Heazlett,51,844,689,48,269,68,33,17.58,122.5,39.04,14.66
MG Neser,78,843,819,57,419,77,25,14.79,102.93,51.16,12.45
PL Mommsen,28,843,959,22,460,70,10,38.32,87.9,47.97,8.34
Faisal Iqbal,23,841,1738,33,1300,94,4,25.48,48.39,74.8,5.64
SHT Kandamby,34,839,1192,28,629,68,0,29.96,70.39,52.77,5.7
V Vijh,45,838,724,39,280,59,30,21.49,115.75,38.67,12.29
SA Okpe,65,837,815,51,366,52,28,16.41,102.7,44.91,9.82
Ahmad Ramdoni,60,836,945,42,482,61,29,19.9,88.47,51.01,9.52
Sami Aslam,17,836,2055,28,1585,87,4,29.86,40.68,77.13,4.43
O Davies,44,836,645,42,231,53,38,19.9,129.61,35.81,14.11
D Doyle-Calle,33,834,606,25,230,54,47,33.36,137.62,37.95,16.67
Mohammad Nawaz (3),64,834,921,46,457,63,24,18.13,90.55,49.62,9.45
LE Plunkett,74,831,1009,54,572,81,16,15.39,82.36,56.69,9.61
SM Warnapura,15,829,1424,23,997,100,2,36.04,58.22,70.01,7.16
KK Jennings,20,829,1883,34,1422,93,1,24.38,44.03,75.52,4.99
IDM Latin,40,829,679,34,272,64,37,24.38,122.09,40.06,14.87
NM Coulter-Nile,97,829,706,68,326,58,43,12.19,117.42,46.18,14.31
I Niyomugabo,43,829,825,36,361,74,16,23.03,100.48,43.76,10.91
DG Bedingham,15,828,1228,23,827,91,17,36.0,67.43,67.35,8.79
L Steenkamp,28,827,861,27,415,70,21,30.63,96.05,48.2,10.57
MS Sinclair,29,826,1695,35,1262,93,4,23.6,48.73,74.45,5.72
AV Lazarus,39,824,708,32,276,66,31,25.75,116.38,38.98,13.7
LA Dawson,50,824,901,44,445,63,25,18.73,91.45,49.39,9.77
C Roberts,32,824,758,23,229,67,6,35.83,108.71,30.21,9.63
Parvez Hossain Emon,41,821,672,39,334,66,52,21.05,122.17,49.7,17.56
Ahmed Hassan,39,819,716,34,342,55,46,24.09,114.39,47.77,14.11
PM Nevill,50,818,1478,44,1033,81,5,18.59,55.35,69.89,5.82
MN van Wyk,29,818,913,26,513,86,19,31.46,89.59,56.19,11.5
K Doriga,61,818,1200,55,772,64,21,14.87,68.17,64.33,7.08
GM Harris,30,818,547,27,219,112,28,30.3,149.54,40.04,25.59
XM Marshall,46,814,1230,47,808,88,13,17.32,66.18,65.69,8.21
Taskin Ahmed,100,814,1299,82,878,73,23,9.93,62.66,67.59,7.39
RM Ghosh,32,814,539,24,206,88,41,33.92,151.02,38.22,23.93
Irfan Khan,52,814,648,35,239,64,35,23.26,125.62,36.88,15.28
Alok Kapali,50,813,1222,53,750,73,10,15.34,66.53,61.37,6.79
MA Carberry,25,812,1290,28,918,106,11,29.0,62.95,71.16,9.07
A Gardner,34,811,572,32,199,83,34,25.34,141.78,34.79,20.45
LG Pretorius,24,811,689,25,309,84,25,32.44,117.71,44.85,15.82
V Ravindran,30,810,548,29,230,95,35,27.93,147.81,41.97,23.72
N Nipiko,36,809,740,29,301,53,29,27.9,109.32,40.68,11.08
Sohail Akhtar,41,808,656,33,277,79,32,24.48,123.17,42.23,16.92
R Mazumder,36,805,738,30,320,91,11,26.83,109.08,43.36,13.82
Mohammad Ihsan,26,801,459,22,174,67,56,36.41,174.51,37.91,26.8
MNM Aslam,47,801,700,40,259,73,18,20.02,114.43,37.0,13.0
R Mutumbami,47,800,1119,47,723,82,20,17.02,71.49,64.61,9.12
BJ Curran,23,800,1168,26,741,86,4,30.77,68.49,63.44,7.71
RJ Harris,59,799,1142,47,757,77,13,17.0,69.96,66.29,7.88
KA Jamieson,54,799,1144,44,728,73,20,18.16,69.84,63.64,8.13
R Rampaul,77,799,1197,64,827,76,29,12.48,66.75,69.09,8.77
CK Coventry,37,798,847,35,457,66,32,22.8,94.21,53.96,11.57
MS Bisla,39,798,702,38,339,93,23,21.0,113.68,48.29,16.52
IO Okpe,70,796,738,59,302,34,31,13.49,107.86,40.92,8.81
KD Shah,50,796,828,42,378,61,18,18.95,96.14,45.65,9.54
N Boje,26,791,1192,23,828,115,5,34.39,66.36,69.46,10.07
Aayan Afzal Khan,52,789,1061,39,608,68,16,20.23,74.36,57.3,7.92
Yasir Ali,38,789,778,30,332,63,19,26.3,101.41,42.67,10.54
Khizer Ahmed,43,788,664,38,291,79,22,20.74,118.67,43.83,15.21
Shaheryar Butt,36,788,623,29,275,67,41,27.17,126.48,44.14,17.34
P Kumar,99,788,820,72,431,68,29,10.94,96.1,52.56,11.83
Shahadat Hossain,62,788,1705,72,1322,99,8,10.94,46.22,77.54,6.28
SK Warne,54,788,1088,50,700,84,17,15.76,72.43,64.34,9.28
JF Mooney,48,786,886,33,453,80,8,23.82,88.71,51.13,9.93
MA Butcher,11,785,1623,19,1255,112,0,41.32,48.37,77.33,6.9
N Wadhera,37,784,560,33,209,64,43,23.76,140.0,37.32,19.11
RB Patel,36,781,756,28,322,92,8,27.89,103.31,42.59,13.23
BL Mooney,27,780,601,22,204,103,7,35.45,129.78,33.94,18.3
A Bagai,28,779,1125,24,626,77,1,32.46,69.24,55.64,6.93
Sandeep Goud,63,775,1051,46,609,42,33,16.85,73.74,57.94,7.14
Faheem Nazir,22,775,529,19,197,91,23,40.79,146.5,37.24,21.55
M Shahrukh Khan,53,775,524,38,184,49,52,20.39,147.9,35.11,19.27
PM Seelaar,60,775,868,48,426,60,14,16.15,89.29,49.08,8.53
NRD Compton,16,775,2150,27,1739,84,3,28.7,36.05,80.88,4.05
CA Soper,62,772,1311,44,774,36,9,17.55,58.89,59.04,3.43
Sarfaraz Ali,42,771,550,39,283,66,57,19.77,140.18,51.45,22.36
JI Rodrigues,34,771,549,26,161,92,13,29.65,140.44,29.33,19.13
K Mishara,32,771,674,30,327,79,27,25.7,114.39,48.52,15.73
JR Hazlewood,116,770,1542,64,1174,102,6,12.03,49.94,76.13,7.0
LA Pomersbach,33,770,608,27,257,78,27,28.52,126.64,42.27,17.27
Abishek Porel,33,769,529,30,177,80,28,25.63,145.37,33.46,20.42
W Sutherland,62,768,602,43,215,41,35,17.86,127.57,35.71,12.62
TF Rogers,42,767,631,39,253,85,17,19.67,121.55,40.1,16.16
NRJ Croes,39,766,876,31,428,68,3,24.71,87.44,48.86,8.11
YSD Seneveratne,29,766,648,22,297,60,36,34.82,118.21,45.83,14.81
MW Harvey,47,765,659,41,268,70,18,18.66,116.08,40.67,13.35
SM Sharif,83,765,928,43,460,49,16,17.79,82.44,49.57,7.0
T Manders,25,763,568,21,240,73,33,36.33,134.33,42.25,18.66
T Kohler-Cadmore,41,763,591,39,239,62,39,19.56,129.1,40.44,17.09
NM Hauritz,47,758,1192,35,776,74,9,21.66,63.59,65.1,6.96
T Chanderpaul,15,758,2013,27,1601,72,6,28.07,37.66,79.53,3.87
T Bharaj,36,756,635,31,253,65,18,24.39,119.06,39.84,13.07
MG Bevan,25,755,1141,17,655,49,6,44.41,66.17,57.41,4.82
S Singh,51,754,717,42,337,83,10,17.95,105.16,47.0,12.97
Nikhil Chaudhary,31,752,535,30,161,63,28,25.07,140.56,30.09,17.01
KNM Fernando,19,751,1286,29,890,86,7,25.9,58.4,69.21,7.23
JO Adedeji,43,748,866,36,455,60,16,20.78,86.37,52.54,8.78
AR Ramjani,40,745,564,31,200,61,26,24.03,132.09,35.46,15.43
DD Ebrahim,35,745,1516,39,1027,63,0,19.1,49.14,67.74,4.16
C Karunaratne,58,745,875,38,448,49,19,19.61,85.14,51.2,7.77
KJ Stagno,28,744,436,27,168,49,61,27.56,170.64,38.53,25.23
UT Yadav,119,743,1218,73,862,66,32,10.18,61.0,70.77,8.05
Abbas Ghani,28,739,483,28,190,77,36,26.39,153.0,39.34,23.4
JJ Huo,27,734,507,21,219,83,31,34.95,144.77,43.2,22.49
A Mundra,29,734,466,26,186,81,35,28.23,157.51,39.91,24.89
Bilal Tahir,49,732,517,34,197,45,50,21.53,141.59,38.1,18.38
Anwar Ali,61,732,637,39,279,52,32,18.77,114.91,43.8,13.19
Hassan Khan,59,729,535,41,186,38,42,17.78,136.26,34.77,14.95
Junaid Aziz,47,727,680,34,303,47,35,21.38,106.91,44.56,12.06
Azyan Farhath,32,726,866,25,408,53,11,29.04,83.83,47.11,7.39
R Nehonde,42,726,762,35,352,57,13,20.74,95.28,46.19,9.19
AAP Atkinson,31,724,1007,37,666,83,16,19.57,71.9,66.14,9.83
V Shukla,37,723,664,31,280,51,29,23.32,108.89,42.17,12.05
NJ Reardon,36,721,584,31,218,45,32,23.26,123.46,37.33,13.18
SJ Benn,67,721,1109,64,789,84,17,11.27,65.01,71.15,9.11
Jaspal Singh,43,721,629,33,299,54,36,21.85,114.63,47.54,14.31
Saber Zakhil,33,719,448,29,189,41,61,24.79,160.49,42.19,22.77
PA Raikes,25,718,536,23,213,64,32,31.22,133.96,39.74,17.91
SA Ahmad,37,717,636,32,265,65,18,22.41,112.74,41.67,13.05
Aritra Dutta,37,712,551,36,259,71,35,19.78,129.22,47.01,19.24
Naman Dhir,33,710,433,26,132,68,36,27.31,163.97,30.48,24.02
Ravinderpal Singh,38,708,546,32,218,48,39,22.12,129.67,39.93,15.93
SR Bhudia,41,707,575,33,214,60,23,21.42,122.96,37.22,14.43
KD Petersen,14,704,1477,25,1135,86,0,28.16,47.66,76.84,5.82
Kuldeep Yadav,104,703,1638,65,1181,59,4,10.82,42.92,72.1,3.85
S Prasanna,62,703,661,53,356,46,44,13.26,106.35,53.86,13.62
ARS Silva,12,702,1712,20,1291,59,3,35.1,41.0,75.41,3.62
A Dizija,33,702,632,32,311,66,26,21.94,111.08,49.21,14.56
Yasir Khan,28,702,494,28,198,75,31,25.07,142.11,40.08,21.46
KS Leverock,25,701,461,21,182,61,41,33.38,152.06,39.48,22.13
J Edwards,50,701,585,46,227,72,13,15.24,119.83,38.8,14.53
R McLaren,60,700,972,37,543,62,7,18.92,72.02,55.86,7.1
SR Waugh,8,700,1127,10,799,101,2,70.0,62.11,70.9,9.14
Manan Ali,35,697,478,28,170,33,51,24.89,145.82,35.56,17.57
SJ Harmison,58,696,1144,56,816,86,9,12.43,60.84,71.33,8.3
H Hiri,48,696,1040,40,629,52,12,17.4,66.92,60.48,6.15
B Bhandari,42,694,827,36,459,61,19,19.28,83.92,55.5,9.67
Anjar Tadarus,69,693,802,56,425,68,14,12.38,86.41,52.99,10.22
AC Blizzard,32,692,541,27,210,72,17,25.63,127.91,38.82,16.45
Musaddiq Ahmed,24,687,407,20,173,74,43,34.35,168.8,42.51,28.75
SW Ambris,24,684,909,26,522,75,4,26.31,75.25,57.43,8.69
AJ Stewart,17,682,1103,18,718,76,1,37.89,61.83,65.1,6.98
GSNFG Jayasuriya,32,681,765,30,372,52,16,22.7,89.02,48.63,8.89
A Mansale,32,681,596,29,241,44,25,23.48,114.26,40.44,11.58
Maaz Sadaqat,26,680,446,24,186,64,37,28.33,152.47,41.7,22.65
TR Birt,31,678,485,29,191,58,32,23.38,139.79,39.38,18.56
M Kasselman,30,677,522,25,232,62,32,27.08,129.69,44.44,18.01
TL Suman,39,676,575,32,241,55,26,21.12,117.57,41.91,14.09
B Arora,39,676,704,30,346,63,17,22.53,96.02,49.15,11.36
GF Linde,42,676,657,38,345,63,26,17.79,102.89,52.51,13.55
L Yamamoto-Lake,38,675,527,35,237,68,25,19.29,128.08,44.97,17.65
C Chatphaisan,54,674,661,51,334,61,21,13.22,101.97,50.53,12.41
Ali Naseer,41,673,606,32,278,52,29,21.03,111.06,45.87,13.37
D Norotam,24,673,483,24,191,69,23,28.04,139.34,39.54,19.05
TMK Mawoyo,18,673,1820,28,1470,81,0,24.04,36.98,80.77,4.45
AM Nayar,51,672,584,38,230,55,20,17.68,115.07,39.38,12.84
A Zampa,141,670,940,89,536,55,5,7.53,71.28,57.02,6.38
M Deyal,37,670,507,35,224,66,32,19.14,132.15,44.18,19.33
PP Chawla,104,668,645,67,297,60,20,9.97,103.57,46.05,12.4
BA Carse,43,667,857,40,521,50,27,16.68,77.83,60.79,8.98
Imal Zuwak,39,667,648,37,283,58,15,18.03,102.93,43.67,11.27
Hamza Dar,29,666,447,19,156,42,39,35.05,148.99,34.9,18.12
AM Tribe,23,666,664,20,311,52,21,33.3,100.3,46.84,10.99
B Ward,36,666,571,24,250,41,34,27.75,116.64,43.78,13.13
I Takahashi,46,662,498,38,204,48,36,17.42,132.93,40.96,16.87
C Rububagumya,61,660,791,49,389,41,10,13.47,83.44,49.18,6.45
L Wolvaardt,23,659,506,20,177,80,15,32.95,130.24,34.98,18.77
Mohammad Saifuddin,45,658,663,24,305,50,20,27.42,99.25,46.0,10.56
TG McIntosh,15,657,1868,28,1495,69,7,23.46,35.17,80.03,4.07
Shamsur Rahman,23,657,1073,29,744,75,13,22.66,61.23,69.34,8.2
FDW McCreath,24,655,862,24,464,57,8,27.29,75.99,53.83,7.54
T Nightingale,35,654,502,32,197,60,26,20.44,130.28,39.24,17.13
Adnan Akmal,24,653,1430,27,1073,76,0,24.19,45.66,75.03,5.31
Aamer Jamal,36,651,831,30,533,65,23,21.7,78.34,64.14,10.59
H Deol,28,649,561,23,228,90,5,28.22,115.69,40.64,16.93
DN Wellalage,40,647,723,33,368,59,15,19.61,89.49,50.9,10.24
SFM Devine,27,645,426,25,166,69,33,25.8,151.41,38.97,23.94
WP Masakadza,69,645,1162,59,790,54,10,10.93,55.51,67.99,5.51
SM Whiteman,43,644,557,42,225,59,17,15.33,115.62,40.39,13.64
J Rasu,35,643,609,32,267,43,23,20.09,105.58,43.84,10.84
TM Dowlin,18,639,1159,21,791,69,2,30.43,55.13,68.25,6.13
DB Sharma,31,638,541,24,204,75,12,26.58,117.93,37.71,16.08
AB Agarkar,61,634,847,53,481,50,12,11.96,74.85,56.79,7.32
M Gogev,27,634,442,26,199,54,39,24.38,143.44,45.02,21.04
CN Greaves,47,633,655,30,315,53,15,21.1,96.64,48.09,10.38
SC Cook,11,632,1402,19,1070,68,0,33.26,45.08,76.32,4.85
Umar Adam,35,632,463,34,210,51,37,18.59,136.5,45.36,19.01
LV van Beek,57,632,758,38,381,36,14,16.63,83.38,50.26,6.6
Muhammad Muneeb,28,632,512,28,231,77,18,22.57,123.44,45.12,18.55
Arjun Vinod,30,630,568,25,249,59,15,25.2,110.92,43.84,13.03
K Waiswa,51,630,608,40,299,58,17,15.75,103.62,49.18,12.34
RM Dorji,37,628,585,36,262,45,26,17.44,107.35,44.79,12.14
GW Flower,21,627,942,18,557,54,2,34.83,66.56,59.13,5.94
OH Agbomadzie,34,626,646,28,302,47,14,22.36,96.9,46.75,9.44
B Niaz,31,625,491,26,212,54,31,24.04,127.29,43.18,17.31
Simi Singh,48,624,702,37,313,50,10,16.86,88.89,44.59,8.55
D Kansonkho,38,622,678,33,325,53,13,18.85,91.74,47.94,9.73
M Taylor,31,621,644,30,355,59,26,20.7,96.43,55.12,13.2
MPGT Ketiyage,29,621,504,27,226,40,38,23.0,123.21,44.84,15.48
AS Samra,27,620,457,25,183,53,28,24.8,135.67,40.04,17.72
B George,27,620,484,25,210,41,34,24.8,128.1,43.39,15.5
W Boshoff,30,619,567,23,231,42,19,26.91,109.17,40.74,10.76
CD Wallace,36,619,691,31,335,49,12,19.97,89.58,48.48,8.83
CB Wishart,20,618,991,24,690,75,7,25.75,62.36,69.63,8.27
DJ Hawoe,78,618,509,60,218,36,35,10.3,121.41,42.83,13.95
S Lamichhane,85,618,705,54,342,45,12,11.44,87.66,48.51,8.09
Steven Ryan Taylor,30,617,651,28,354,66,17,22.04,94.78,54.38,12.75
M Muralitharan,106,614,775,85,478,60,17,7.22,79.23,61.68,9.94
Shahid Wasif,36,612,608,27,297,48,24,22.67,100.66,48.85,11.84
AK Mohan,29,612,602,27,298,41,26,22.67,101.66,49.5,11.13
Zeeshan Kukikhel,22,610,416,21,171,69,26,29.05,146.63,41.11,22.84
Mohammad Sami,59,609,1298,48,955,48,13,12.69,46.92,73.57,4.7
SA Engelbrecht,21,607,712,19,371,49,15,31.95,85.25,52.11,8.99
JS Malhotra,29,606,586,25,276,41,29,24.24,103.41,47.1,11.95
J Mees,30,606,507,25,218,53,22,24.24,119.53,43.0,14.79
GS Dinusha,5,606,1034,7,666,53,8,86.57,58.61,64.41,5.9
Isa Zaroo,28,605,507,26,220,63,16,23.27,119.33,43.39,15.58
L Lamin,48,605,676,36,362,39,27,16.81,89.5,53.55,9.76
D Abeyrathna,35,604,626,31,300,54,14,19.48,96.49,47.92,10.86
Jahurul Islam,21,604,1244,26,934,62,7,23.23,48.55,75.08,5.55
Shahbaz Ahmed,41,603,493,30,172,33,28,20.1,122.31,34.89,12.37
T Mishra,27,601,784,25,408,48,8,24.04,76.66,52.04,7.14
P Pushparajan,20,599,383,18,136,47,35,33.28,156.4,35.51,21.41
MR Swart,25,598,536,23,206,51,15,26.0,111.57,38.43,12.31
Lakshit Gupta,28,597,562,23,258,48,25,25.96,106.23,45.91,12.99
D Ferreira,34,595,379,28,144,41,41,21.25,156.99,37.99,21.64
Ghulam Shabber,30,594,826,27,503,60,6,22.0,71.91,60.9,7.99
KTGD Prasad,33,593,982,41,701,63,11,14.46,60.39,71.38,7.54
RL Powell,31,593,650,25,370,63,14,23.72,91.23,56.92,11.85
Shamim Hossain,42,593,515,35,219,50,22,16.94,115.15,42.52,13.98
NK Patel,43,592,790,32,427,43,10,18.5,74.94,54.05,6.71
Mahedi Hasan,59,592,646,43,316,48,16,13.77,91.64,48.92,9.91
J van Heerden,18,591,438,14,143,64,15,42.21,134.93,32.65,18.04
Habib Khan,24,590,461,24,206,49,29,24.58,127.98,44.69,16.92
Khalid Latif,24,590,626,21,305,49,15,28.1,94.25,48.72,10.22
Avishka Iroshan,27,590,511,20,222,53,24,29.5,115.46,43.44,15.07
MD Craig,15,589,1083,16,790,66,10,36.81,54.39,72.95,7.02
Ahmed Aqeel,31,589,499,18,153,30,19,32.72,118.04,30.66,9.82
K Lewis,31,589,458,31,226,44,41,19.0,128.6,49.34,18.56
Saqlain Arshad,35,588,463,33,213,73,17,17.82,127.0,46.0,19.44
M Louis,21,588,1061,30,785,56,19,19.6,55.42,73.99,7.07
D Heyliger,53,587,451,30,189,41,34,19.57,130.16,41.91,16.63
F Damiao Couana,18,587,429,16,178,62,21,36.69,136.83,41.49,19.35
MW Machan,19,586,625,17,306,60,6,34.47,93.76,48.96,10.56
SO Ngoche,59,585,536,40,234,46,20,14.62,109.14,43.66,12.31
CD Barnwell,48,584,483,35,186,29,32,16.69,120.91,38.51,12.63
AM Blignaut,27,581,703,31,437,70,13,18.74,82.65,62.16,11.81
DC Smith,35,580,499,33,223,51,23,17.58,116.23,44.69,14.83
AJ Doolan,26,579,808,28,507,67,5,20.68,71.66,62.75,8.91
Saim Hussain,16,577,389,14,140,52,25,41.21,148.33,35.99,19.79
C Tear,26,576,721,23,427,60,8,25.04,79.89,59.22,9.43
PVD Chameera,99,574,1046,74,716,47,8,7.76,54.88,68.45,5.26
GP Thorpe,10,574,1227,13,914,69,1,44.15,46.78,74.49,5.7
NT Ellis,78,572,550,48,249,43,20,11.92,104.0,45.27,11.45
A Ashokan,22,572,498,16,182,28,22,35.75,114.86,36.55,10.04
GD Arta,57,572,651,45,353,33,30,12.71,87.86,54.22,9.68
Muhammad Amir,47,572,545,41,230,54,14,13.95,104.95,42.2,12.48
M Syahadat Ramli,40,572,551,27,227,38,20,21.19,103.81,41.2,10.53
LE Bosman,24,571,491,24,262,59,27,23.79,116.29,53.36,17.52
Waji Ul Hassan,28,571,470,23,160,40,22,24.83,121.49,34.04,13.19
VS Padhaal,34,569,534,31,230,53,11,18.35,106.55,43.07,11.99
S Jora,39,568,490,33,202,33,26,17.21,115.92,41.22,12.04
JL Pattinson,42,565,1146,35,858,52,12,16.14,49.3,74.87,5.58
Sohag Gazi,31,564,793,31,504,53,16,18.19,71.12,63.56,8.7
Ashutosh Sharma,26,564,334,19,104,39,40,29.68,168.86,31.14,23.65
TP Visee,33,563,401,33,193,79,19,17.06,140.4,48.13,24.44
M Shumba,38,561,748,31,444,48,13,18.1,75.0,59.36,8.16
TS Fray,35,559,614,31,287,45,8,18.03,91.04,46.74,8.63
M Akayezu,72,556,484,65,232,35,31,8.55,114.88,47.93,13.64
T Perera,31,555,535,24,265,54,16,23.12,103.74,49.53,13.08
OGL Bascome,31,554,402,28,185,41,38,19.79,137.81,46.02,19.65
NR Hobson,34,554,417,24,143,44,22,23.08,132.85,34.29,15.83
Harmeet Singh,45,553,472,35,215,33,32,15.8,117.16,45.55,13.77
L Louwrens,25,552,921,24,613,63,2,23.0,59.93,66.56,7.06
JM Cox,22,552,671,23,400,60,12,24.0,82.27,59.61,10.73
A Limdawala,35,551,598,34,312,49,14,16.21,92.14,52.17,10.54
M Podosky,32,551,496,28,254,45,28,19.68,111.09,51.21,14.72
B Evans,44,549,495,35,244,35,28,15.69,110.91,49.29,12.73
JWM Dalrymple,29,547,729,28,381,38,3,19.54,75.03,52.26,5.62
Tayyab Tahir,25,545,433,20,160,55,15,27.25,125.87,36.95,16.17
I Udana,48,545,456,32,210,37,29,17.03,119.52,46.05,14.47
JJ Bumrah,107,545,1118,79,854,59,14,6.9,48.75,76.39,6.53
Abdur Rehman,47,545,1177,46,896,57,10,11.85,46.3,76.13,5.69
SP Krishnamurthi,25,544,485,19,215,31,29,28.63,112.16,44.33,12.37
Azhar Mahmood,35,544,488,28,217,51,18,19.43,111.48,44.47,14.14
AR Naidoo,26,544,527,21,234,44,15,25.9,103.23,44.4,11.2
JW Hastings,46,542,525,31,274,47,22,17.48,103.24,52.19,13.14
DS Bajwa,27,540,514,24,260,54,14,22.5,105.06,50.58,13.23
Adeeb Usmani,13,540,529,11,257,39,25,49.09,102.08,48.58,12.1
AK Sah,27,540,551,25,313,53,24,21.6,98.0,56.81,13.97
Naseem Shah,78,539,850,55,606,40,31,9.8,63.41,71.29,8.35
IA De Silva,24,539,502,23,254,52,22,23.43,107.37,50.6,14.74
Raghav Dhawan,20,539,499,18,207,41,15,29.94,108.02,41.48,11.22
AJ Mosca,20,539,414,15,142,40,21,35.93,130.19,34.3,14.73
WAE Burton,30,536,376,26,174,57,31,20.62,142.55,46.28,23.4
BW Hilfenhaus,55,535,872,43,616,60,11,12.44,61.35,70.64,8.14
Dylan Steyn,19,535,399,19,144,64,8,28.16,134.09,36.09,18.05
KC D'Souza,24,535,339,17,122,32,37,31.47,157.82,35.99,20.35
PV Vuniwaqa,16,533,358,15,172,43,40,35.53,148.88,48.04,23.18
Zakir Hasan,17,533,1135,28,856,63,5,19.04,46.96,75.42,5.99
A Dananjaya,55,533,789,44,468,50,3,12.11,67.55,59.32,6.72
G Stewart,21,532,332,19,141,35,44,28.0,160.24,42.47,23.8
Aman Desai,33,531,455,32,192,49,15,16.59,116.7,42.2,14.07
K Gore,31,531,519,26,248,46,15,20.42,102.31,47.78,11.75
GR Adair,23,531,375,23,176,51,30,23.09,141.6,46.93,21.6
JD Wildermuth,43,530,401,38,147,27,31,13.95,132.17,36.66,14.46
BJ McCarthy,58,530,656,42,366,39,19,12.62,80.79,55.79,8.84
Muhammad Naeem,28,529,368,27,165,43,36,19.59,143.75,44.84,21.47
Sazib Bhuiyan,30,528,381,28,159,50,26,18.86,138.58,41.73,19.95
M Coetzee,29,528,406,28,169,71,12,18.86,130.05,41.63,20.44
MA Ouma,37,527,912,34,621,58,2,15.5,57.79,68.09,6.58
MK Lomror,35,527,373,29,120,33,30,18.17,141.29,32.17,16.89
T Munyonga,44,527,563,34,258,38,11,15.5,93.61,45.83,8.7
MD Stoneman,11,526,1188,19,937,66,1,27.68,44.28,78.87,5.64
Tenjin Rabgey,35,526,600,34,315,44,14,15.47,87.67,52.5,9.67
S Wickramasekara,27,525,373,22,144,36,30,23.86,140.75,38.61,17.69
Gurkeerat Singh,34,524,435,26,163,57,11,20.15,120.46,37.47,15.63
T Jamtsho,39,524,458,34,215,45,26,15.41,114.41,46.94,15.5
L Gregory,32,524,431,25,169,42,19,20.96,121.58,39.21,14.15
C Esterhuizen,12,523,407,10,189,38,32,52.3,128.5,46.44,17.2
MW Forde,50,522,415,38,205,39,35,13.74,125.78,49.4,17.83
SP Gomes,17,522,399,13,134,49,12,40.15,130.83,33.58,15.29
SSM Stanislaus,29,521,501,26,225,37,20,20.04,103.99,44.91,11.38
YS Chauhan,20,520,430,18,170,46,18,28.89,120.93,39.53,14.88
Bilal Masud,23,519,420,17,154,36,20,30.53,123.57,36.67,13.33
Harpreet Singh,20,518,537,19,241,50,9,27.26,96.46,44.88,10.99
Sahil Chauhan,25,518,293,20,118,30,46,25.9,176.79,40.27,25.94
R Ngarava,70,517,706,47,453,54,14,11.0,73.23,64.16,9.63
KSA McKenzie,29,517,654,34,443,60,16,15.21,79.05,67.74,11.62
E Beukes,32,517,413,20,167,32,33,25.85,125.18,40.44,15.74
MTMMJ Ave,22,516,474,16,217,44,19,32.25,108.86,45.78,13.29
Musa Shaheen,26,515,472,25,200,40,18,20.6,109.11,42.37,12.29
M Manhas,38,514,470,23,181,43,10,22.35,109.36,38.51,11.28
MJ Richardson,24,513,495,17,200,47,5,30.18,103.64,40.4,10.51
M Theekshana,87,513,971,55,637,34,6,9.33,52.83,65.6,4.12
Yasir Ali Chowdhury,24,512,691,24,444,51,13,21.33,74.1,64.25,9.26
Naved-ul-Hasan,47,511,565,32,294,37,17,15.97,90.44,52.04,9.56
AC Kerr,29,511,427,21,149,59,6,24.33,119.67,34.89,15.22
AJ Tye,73,510,442,46,210,39,22,11.09,115.38,47.51,13.8
Janak Prakash,36,506,408,26,143,31,20,19.46,124.02,35.05,12.5
YH Bhatia,28,506,446,27,239,80,10,18.74,113.45,53.59,20.18
Suraj Kumar,28,506,612,20,318,35,15,25.3,82.68,51.96,8.17
Md Ariyan,24,506,338,19,143,33,39,26.63,149.7,42.31,21.3
PC Valthaty,23,505,418,22,215,61,20,22.95,120.81,51.44,19.38
AJ Redmond,19,505,874,25,632,72,4,20.2,57.78,72.31,8.7
OJ Hairs,28,504,304,26,121,47,33,19.38,165.79,39.8,26.32
M Spoors,24,502,580,20,329,49,12,25.1,86.55,56.72,10.52
W Niyitanga,41,501,607,37,331,28,19,13.54,82.54,54.53,7.74
CJ Simmons,20,501,351,20,161,43,30,25.05,142.74,45.87,20.8
M Wright,21,500,408,18,155,36,20,27.78,122.55,37.99,13.73
IDA Damarell,31,499,446,25,190,55,8,19.96,111.88,42.6,14.13
Ahmed Raza,52,499,763,40,463,31,13,12.48,65.4,60.68,5.77
MJ Leach,36,498,1334,37,1105,64,2,13.46,37.33,82.83,4.95
OE Robinson,24,498,835,34,591,61,3,14.65,59.64,70.78,7.66
J Bangura,40,497,632,36,333,38,7,13.81,78.64,52.69,7.12
JT Smuts,27,496,505,26,256,52,15,19.08,98.22,50.69,13.27
P Silas,39,496,500,31,219,37,8,16.0,99.2,43.8,9.0
JA Richardson,59,496,467,35,201,33,17,14.17,106.21,43.04,10.71
J Gumbie,19,495,763,20,499,58,1,24.75,64.88,65.4,7.73
TB de Bruyn,15,494,1028,26,808,72,3,19.0,48.05,78.6,7.3
S Gooch,19,494,458,16,209,45,13,30.88,107.86,45.63,12.66
RA Sealy,28,492,391,27,163,36,24,18.22,125.83,41.69,15.35
V Ganesan,32,492,468,25,187,51,1,19.68,105.13,39.96,11.11
M Ntini,80,492,1021,54,797,59,8,9.11,48.19,78.06,6.56
P Rathnayake,18,489,431,17,161,45,10,28.76,113.46,37.35,12.76
Imran Tahir,90,488,677,58,441,57,7,8.41,72.08,65.14,9.45
D Gumyusenge,36,487,502,32,261,37,21,15.22,97.01,51.99,11.55
R Bakum,32,486,446,30,214,36,20,16.2,108.97,47.98,12.56
Talha Khan,26,486,470,22,209,39,11,22.09,103.4,44.47,10.64
KDK Vithanage,19,485,608,22,390,62,9,22.05,79.77,64.14,11.68
MO Kitunda,39,485,511,36,262,40,15,13.47,94.91,51.27,10.76
S Joseph,29,485,496,27,300,47,25,17.96,97.78,60.48,14.52
ND Laegsgaard,25,484,325,20,133,41,29,24.2,148.92,40.92,21.54
Ahsan Ali,21,484,377,20,139,54,13,24.2,128.38,36.87,17.77
Sher Sahak,31,483,364,25,147,30,27,19.32,132.69,40.38,15.66
J Mosca,23,483,341,20,129,54,16,24.15,141.64,37.83,20.53
J Bulele,19,482,507,16,260,55,4,30.12,95.07,51.28,11.64
JS Patel,36,479,854,38,607,50,5,12.61,56.09,71.08,6.44
SJ Erwee,10,479,1107,18,874,57,0,26.61,43.27,78.95,5.15
Amjad Javed,26,478,474,22,260,39,24,21.73,100.84,54.85,13.29
Manan Bashir,22,478,232,18,83,22,48,26.56,206.03,35.78,30.17
DT Johnston,40,477,557,28,293,32,13,17.04,85.64,52.6,8.08
M Campopiano,22,477,400,16,156,39,14,29.81,119.25,39.0,13.25
Ibrahim Rahimi,26,476,291,23,127,21,44,20.7,163.57,43.64,22.34
Ehsan Khan,66,476,574,36,292,29,15,13.22,82.93,50.87,7.67
RTM Mendis,21,475,1000,28,732,44,4,16.96,47.5,73.2,4.8
A Randhawa,34,475,516,28,229,32,12,16.96,92.05,44.38,8.53
Mehboob Ali,19,475,260,19,121,49,37,25.0,182.69,46.54,33.08
XC Bartlett,54,474,415,35,180,42,15,13.54,114.22,43.37,13.73
SMA Priyanjan,23,474,584,19,310,48,5,24.95,81.16,53.08,9.08
AD Mascarenhas,39,472,464,31,202,25,20,15.23,101.72,43.53,9.7
US Hathinjar,29,472,415,27,201,41,24,17.48,113.73,48.43,15.66
JN Gillespie,30,471,1254,22,1005,54,5,21.41,37.56,80.14,4.7
Ashfaq Ahmed,25,471,493,25,275,54,13,18.84,95.54,55.78,13.59
VD Adewoye,43,471,381,37,168,36,22,12.73,123.62,44.09,15.22
L Canessane,35,470,397,30,156,41,14,15.67,118.39,39.29,13.85
HJ Manenti,29,470,424,27,174,38,14,17.41,110.85,41.04,12.26
SA Jumbe,46,470,449,33,234,34,23,14.24,104.68,52.12,12.69
A Ferguson,24,469,500,18,234,53,2,26.06,93.8,46.8,11.0
PS Athavale,24,467,457,23,227,53,10,20.3,102.19,49.67,13.79
HJ Nielsen,33,466,395,25,141,41,7,18.64,117.97,35.7,12.15
Aslam Khan,30,465,309,27,162,48,32,17.22,150.49,52.43,25.89
ZM Tribe,28,464,434,22,176,37,12,21.09,106.91,40.55,11.29
Omid Mailk Khel,17,463,376,14,148,47,14,33.07,123.14,39.36,16.22
ZB Lion-Cachet,29,463,643,28,341,30,5,16.54,72.01,53.03,5.44
RW Price,56,463,922,50,672,48,5,9.26,50.22,72.89,5.75
Umer Imtiaz,31,462,403,30,206,37,25,15.4,114.64,51.12,15.38
AN Lascu,18,462,331,14,147,59,19,33.0,139.58,44.41,23.56
BB Chari,24,461,1072,31,825,42,8,14.87,43.0,76.96,4.66
KW Richardson,71,459,408,37,169,33,16,12.41,112.5,41.42,12.01
S Thanikaithasan,31,458,368,28,142,35,16,16.36,124.46,38.59,13.86
Rishad Hossain,59,458,376,45,183,31,31,10.18,121.81,48.67,16.49
TR Ambrose,16,457,997,19,777,55,4,24.05,45.84,77.93,5.92
LF Muller,20,457,380,18,161,50,10,25.39,120.26,42.37,15.79
AJ Hose,25,456,375,21,134,35,14,21.71,121.6,35.73,13.07
A McAuley,24,456,475,22,206,46,2,20.73,96.0,43.37,10.11
UDU Chandana,23,456,706,21,445,43,4,21.71,64.59,63.03,6.66
IKEG Artawan,65,455,489,42,261,42,14,10.83,93.05,53.37,11.45
P Mishra,41,454,401,35,212,27,35,12.97,113.22,52.87,15.46
AZ Lees,10,453,1052,19,837,59,1,23.84,43.06,79.56,5.7
T Tshose,45,452,415,37,197,23,23,12.22,108.92,47.47,11.08
KN Chaddha,18,452,424,17,172,39,11,26.59,106.6,40.57,11.79
Saud Islam,19,452,426,17,188,43,9,26.59,106.1,44.13,12.21
SA Wijeratne,22,452,483,21,242,54,3,21.52,93.58,50.1,11.8
Najibullah Zadran,23,452,384,22,167,32,21,20.55,117.71,43.49,13.8
CD Cumming,15,450,1210,19,976,59,2,23.68,37.19,80.66,5.04
Fayaz Khan,25,450,292,20,111,25,36,22.5,154.11,38.01,20.89
Aziz Mohammad,19,450,337,17,159,48,23,26.47,133.53,47.18,21.07
PL Harris,32,450,1328,41,1099,47,3,10.98,33.89,82.76,3.77
Nazimuddin,21,450,715,24,504,48,14,18.75,62.94,70.49,8.67
NP Kenjige,50,450,657,31,367,30,5,14.52,68.49,55.86,5.33
KM Dabengwa,27,449,739,23,468,32,9,19.52,60.76,63.33,5.55
AB McDonald,24,449,511,20,271,30,14,22.45,87.87,53.03,8.61
HB Dickson,19,446,311,18,121,50,18,24.78,143.41,38.91,21.86
R Gunasekera,20,446,625,20,378,41,7,22.3,71.36,60.48,7.68
T Parima,22,445,350,19,164,38,25,23.42,127.14,46.86,18.0
Zahir Mohammed,32,445,324,32,146,37,27,13.91,137.35,45.06,19.75
P Useni,46,445,310,32,127,22,31,13.91,143.55,40.97,17.1
AR Cusack,39,444,546,27,297,39,7,16.44,81.32,54.4,8.42
T Thushara,38,443,562,32,322,41,7,13.84,78.83,57.3,8.54
JM Davison,18,443,391,16,204,50,15,27.69,113.3,52.17,16.62
Mohammad Ahnaff,19,443,389,15,171,34,20,29.53,113.88,43.96,13.88
GH Worker,18,443,523,15,273,33,13,29.53,84.7,52.2,8.8
Shoaib Akhtar,57,443,727,43,536,40,20,10.3,60.94,73.73,8.25
P Litchfield,20,442,331,19,140,53,15,23.26,133.53,42.3,20.54
Hannan Sarkar,17,442,958,21,716,42,2,21.05,46.14,74.74,4.59
JJ Bazley,41,442,341,30,128,30,21,14.73,129.62,37.54,14.96
A Mhatre,13,441,240,13,79,51,23,33.92,183.75,32.92,30.83
A Turay,29,441,424,28,230,50,13,15.75,104.01,54.25,14.86
Sheraz Sheikh,31,441,389,25,202,30,29,17.64,113.37,51.93,15.17
Mohammad Naveed,46,440,396,32,211,39,23,13.75,111.11,53.28,15.66
H Hameed,10,439,1371,18,1131,50,2,24.39,32.02,82.49,3.79
CM McBride,23,438,592,21,362,54,3,20.86,73.99,61.15,9.63
C De Freitas,11,438,270,11,90,36,24,39.82,162.22,33.33,22.22
JJ Atkinson,28,438,452,24,237,43,13,18.25,96.9,52.43,12.39
Arun Yadav,14,438,288,12,106,45,19,36.5,152.08,36.81,22.22
RJ Sidebottom,35,438,1066,29,834,49,0,15.1,41.09,78.24,4.6
S Randiv,32,437,872,35,620,45,1,12.49,50.11,71.1,5.28
Aryan Lakra,24,437,726,23,469,38,6,19.0,60.19,64.6,6.06
S Konstas,19,436,521,24,310,51,8,18.17,83.69,59.5,11.32
J Andrew,24,436,402,22,187,33,19,19.82,108.46,46.52,12.94
Ali Masood,24,436,438,23,210,42,9,18.96,99.54,47.95,11.64
SNJ O'Keefe,50,435,752,37,525,44,6,11.76,57.85,69.81,6.65
OB Nightingale,24,435,399,18,135,29,5,24.17,109.02,33.83,8.52
KP Navgire,30,435,323,30,163,47,24,14.5,134.67,50.46,21.98
S Muthusamy,16,434,859,14,619,38,5,31.0,50.52,72.06,5.01
B Kohler-Cadmore,13,434,243,11,88,53,20,39.45,178.6,36.21,30.04
Gaurav Tiwari,25,433,454,20,217,39,11,21.65,95.37,47.8,11.01
G Burrows,16,432,367,13,138,36,10,33.23,117.71,37.6,12.53
HR Walsh,39,430,492,26,254,31,13,16.54,87.4,51.63,8.94
S Sohal,24,430,358,24,170,37,22,17.92,120.11,47.49,16.48
ST Finn,62,429,1144,43,921,48,3,9.98,37.5,80.51,4.46
AJ Healy,17,428,328,16,148,69,6,26.75,130.49,45.12,22.87
Faisal Mubashir,20,428,421,13,153,33,6,32.92,101.66,36.34,9.26
Shakeel Ahmed,44,427,597,31,358,27,15,13.77,71.52,59.97,7.04
J Sumerauer,31,426,309,22,109,31,18,19.36,137.86,35.28,15.86
RS Primus,33,426,349,21,139,26,23,20.29,122.06,39.83,14.04
PK Matautaava,25,426,356,22,160,30,21,19.36,119.66,44.94,14.33
LR Johnson,13,425,898,20,699,57,2,21.25,47.33,77.84,6.57
A Donovan,18,425,308,12,111,30,23,35.42,137.99,36.04,17.21
T Suri,18,425,412,18,211,51,9,23.61,103.16,51.21,14.56
V Mbazo,41,425,499,36,262,33,7,11.81,85.17,52.51,8.02
S Periyalwar,31,424,427,22,184,46,3,19.27,99.3,43.09,11.48
KC Ramamoorthy,26,424,391,25,192,37,17,16.96,108.44,49.1,13.81
Sameer Rizvi,18,424,293,14,108,30,26,30.29,144.71,36.86,19.11
SA Asnodkar,20,423,339,20,149,56,10,21.15,124.78,43.95,19.47
CMW Read,22,423,777,21,540,40,4,20.14,54.44,69.5,5.66
S Thakor,41,423,308,32,128,41,21,13.22,137.34,41.56,20.13
A Nel,43,423,758,39,559,51,8,10.85,55.8,73.75,7.78
W Miyauchi,28,423,424,22,165,36,3,19.23,99.76,38.92,9.2
MH Yardy,32,422,544,19,269,30,2,22.21,77.57,49.45,5.88
Sohail Khan,38,422,529,32,346,43,17,13.19,79.77,65.41,11.34
BAW Mendis,64,422,750,43,523,45,3,9.81,56.27,69.73,6.4
Wasim Ali,28,422,416,23,198,32,16,18.35,101.44,47.6,11.54
AA Senn,20,422,473,17,206,26,6,24.82,89.22,43.55,6.77
S Nadigotla,27,421,366,26,144,36,13,16.19,115.03,39.34,13.39
A Kirschbaum,29,420,424,24,186,32,6,17.5,99.06,43.87,8.96
KS Bharat,15,420,580,18,359,31,14,23.33,72.41,61.9,7.76
N Mugabe,19,418,399,17,188,37,13,24.59,104.76,47.12,12.53
Faraaz Mehti Abbas,21,418,390,20,176,38,8,20.9,107.18,45.13,11.79
D Jansen,23,418,341,15,129,34,14,27.87,122.58,37.83,14.08
S Ivetic,14,417,423,10,200,30,13,41.7,98.58,47.28,10.17
NR Welch,14,416,810,20,605,44,6,20.8,51.36,74.69,6.17
VB Chikkannaiah,20,416,413,19,194,30,12,21.89,100.73,46.97,10.17
Muhammad Haziq Aiman,22,415,276,21,133,42,26,19.76,150.36,48.19,24.64
IG Holland,17,415,527,16,263,31,3,25.94,78.75,49.91,6.45
R Rohan,27,414,418,27,213,43,12,15.33,99.04,50.96,13.16
T Webster,24,414,385,20,197,44,15,20.7,107.53,51.17,15.32
Namgay Thinley,37,414,395,33,194,29,20,12.55,104.81,49.11,12.41
D Parashar,35,414,515,20,253,22,12,20.7,80.39,49.13,6.6
B Muzarabani,78,414,748,59,545,45,11,7.02,55.35,72.86,7.49
A Patmore,28,414,457,24,203,39,0,17.25,90.59,44.42,8.53
H Kerr,31,413,332,22,106,23,14,18.77,124.4,31.93,11.14
Imran Ali Butt,19,413,417,18,198,38,11,22.94,99.04,47.48,11.75
G Wareham,22,412,295,15,82,40,12,27.47,139.66,27.8,17.63
L Scott,19,412,304,12,100,33,15,34.33,135.53,32.89,15.79
Khalid Kail,23,411,423,19,201,36,12,21.63,97.16,47.52,11.35
D la Cock,20,411,550,19,358,46,11,21.63,74.73,65.09,10.36
JP Kaltapau,24,411,428,19,189,27,8,21.63,96.03,44.16,8.18
M Kapp,27,411,332,15,130,42,14,27.4,123.8,39.16,16.87
SR Thompson,34,409,490,29,272,34,9,14.1,83.47,55.51,8.78
R Vinay Kumar,57,409,448,39,220,28,11,10.49,91.29,49.11,8.71
T Kelly,27,409,346,20,116,26,11,20.45,118.21,33.53,10.69
J Barker,26,409,426,17,155,29,2,24.06,96.01,36.38,7.28
Mohammed Qasim,16,408,419,14,222,31,18,29.14,97.37,52.98,11.69
TK Musakanda,21,408,505,24,296,41,6,17.0,80.79,58.61,9.31
HER Tyler,31,408,334,27,156,38,19,15.11,122.16,46.71,17.07
D Suzuki,43,407,398,29,175,39,6,14.03,102.26,43.97,11.31
H Deshan,20,407,314,19,130,50,8,21.42,129.62,41.4,18.47
RD Shah,14,407,636,14,428,49,2,29.07,63.99,67.3,8.02
DP Hyatt,29,406,512,24,295,29,17,16.92,79.3,57.62,8.98
A Capsey,16,405,303,15,127,48,16,27.0,133.66,41.91,21.12
LR Shukla,33,405,350,27,144,33,16,15.0,115.71,41.14,14.0
Zubair Ali,12,405,327,10,127,34,15,40.5,123.85,38.84,14.98
R Hekure,37,405,525,33,283,34,6,12.27,77.14,53.9,7.62
SM Ervine,19,404,469,15,259,38,9,26.93,86.14,55.22,10.02
HP Tillakaratne,15,402,728,14,475,37,0,28.71,55.22,65.25,5.08
R Dianish,22,401,354,21,175,41,14,19.1,113.28,49.44,15.54
AL Menaria,23,401,356,21,140,24,18,19.1,112.64,39.33,11.8
Khaled Mahmud,30,400,668,31,439,34,3,12.9,59.88,65.72,5.54
S Desungnoen,39,399,485,32,271,35,11,12.47,82.27,55.88,9.48
S Gill,23,398,322,16,116,25,16,24.88,123.6,36.02,12.73
FH Edwards,71,397,1122,52,890,40,3,7.63,35.38,79.32,3.83
Rubel Hossain,78,397,862,56,662,46,6,7.09,46.06,76.8,6.03
A Lyth,16,397,641,22,471,52,5,18.05,61.93,73.48,8.89
Ahmed Faiz Mohammad Noor,18,397,343,17,127,38,9,23.35,115.74,37.03,13.7
AR White,30,396,578,29,321,30,2,13.66,68.51,55.54,5.54
Nauman Ali,21,396,859,29,677,43,10,13.66,46.1,78.81,6.17
EMDY Munaweera,24,396,356,23,181,45,13,17.22,111.24,50.84,16.29
JK Vifah,28,396,361,25,172,39,9,15.84,109.7,47.65,13.3
G Gune,18,396,329,17,131,28,18,23.29,120.36,39.82,13.98
S van Zyl,11,395,778,15,589,59,0,26.33,50.77,75.71,7.58
WCF Smeed,14,395,293,14,115,42,15,28.21,134.81,39.25,19.45
Irfan Ringku,16,395,267,16,111,44,17,24.69,147.94,41.57,22.85
CM Carroll,5,395,199,4,56,30,30,98.75,198.49,28.14,30.15
Mohammad Wasim,54,394,388,35,215,31,20,11.26,101.55,55.41,13.14
H Davids,26,394,370,24,158,34,10,16.42,106.49,42.7,11.89
GJ Hopkins,29,393,659,30,424,32,7,13.1,59.64,64.34,5.92
BI Dilruksha,19,392,368,18,181,41,13,21.78,106.52,49.18,14.67
PS Masvaure,10,391,1054,17,842,45,1,23.0,37.1,79.89,4.36
Surya Anand,28,390,364,16,123,15,14,24.38,107.14,33.79,7.97
BM Scholtz,67,390,563,36,316,31,4,10.83,69.27,56.13,6.22
TS Kamunhukamwe,24,390,410,24,237,40,15,16.25,95.12,57.8,13.41
DE Bernard,22,390,635,20,405,30,6,19.5,61.42,63.78,5.67
Noman Amjad,38,390,363,29,136,26,8,13.45,107.44,37.47,9.37
PA de Silva,13,390,474,13,250,34,7,30.0,82.28,52.74,8.65
NV Knight,13,390,534,13,292,31,2,30.0,73.03,54.68,6.18
Hazratullah,14,389,260,14,109,46,18,27.79,149.62,41.92,24.62
Usman Khalid,26,389,343,19,137,30,15,20.47,113.41,39.94,13.12
KK Cooper,45,388,271,29,99,22,25,13.38,143.17,36.53,17.34
Jasdeep Singh,40,388,522,36,294,22,14,10.78,74.33,56.32,6.9
Saeed Ahmed,24,388,297,22,111,28,20,17.64,130.64,37.37,16.16
R Pathan,12,387,245,10,85,41,17,38.7,157.96,34.69,23.67
HS Gericke,16,387,238,16,71,32,17,24.19,162.61,29.83,20.59
Amjad Sher,41,387,307,33,122,23,18,11.73,126.06,39.74,13.36
EP Gulbis,28,386,301,21,109,35,11,18.38,128.24,36.21,15.28
DO Obuya,30,386,692,29,441,33,3,13.31,55.78,63.73,5.2
DL Chahar,32,386,324,17,156,28,21,22.71,119.14,48.15,15.12
M Simpson-Parker,19,383,315,15,128,29,14,25.53,121.59,40.63,13.65
NF Kelly,18,383,469,17,282,48,6,22.53,81.66,60.13,11.51
Farhad Reza,33,381,584,29,379,37,8,13.14,65.24,64.9,7.71
Iqbal Hossain,14,381,227,14,112,33,30,27.21,167.84,49.34,27.75
Arslan Amjad,28,380,361,27,176,30,16,14.07,105.26,48.75,12.74
Muhammad Fahad,12,380,212,12,80,37,25,31.67,179.25,37.74,29.25
D Ajekun,34,379,511,32,283,32,2,11.84,74.17,55.38,6.65
J Coetzee,23,378,349,17,138,24,14,22.24,108.31,39.54,10.89
LN Oluoch,43,378,345,24,150,26,14,15.75,109.57,43.48,11.59
TC Bruce,23,377,317,20,104,27,12,18.85,118.93,32.81,12.3
SE Gotch,30,377,368,23,141,24,9,16.39,102.45,38.32,8.97
Kuldeep,13,377,228,12,89,35,23,31.42,165.35,39.04,25.44
ES Szwarczynski,19,377,577,17,354,38,1,22.18,65.34,61.35,6.76
AB Kamara,26,377,410,22,184,26,10,17.14,91.95,44.88,8.78
C Hartmann,23,377,351,18,148,23,17,20.94,107.41,42.17,11.4
Hisham Sheikh,23,375,410,18,150,20,3,20.83,91.46,36.59,5.61
DB Ravi Teja,25,375,317,19,116,35,9,19.74,118.3,36.59,13.88
Shahzaib Jamil,19,375,276,16,103,19,26,23.44,135.87,37.32,16.3
D Foxcroft,13,375,428,11,212,20,13,34.09,87.62,49.53,7.71
Irfan Hafejee,23,374,432,21,236,34,10,17.81,86.57,54.63,10.19
CJ Boyce,50,374,322,33,134,25,19,11.33,116.15,41.61,13.66
Abbas Afridi,40,374,265,28,129,28,29,13.36,141.13,48.68,21.51
Adnan Idrees,29,374,281,28,142,48,15,13.36,133.1,50.53,22.42
D Khanal,16,373,530,16,315,29,7,23.31,70.38,59.43,6.79
Esam Rahman,14,373,300,11,125,37,12,33.91,124.33,41.67,16.33
AA Onikoyi,26,372,423,23,218,26,12,16.17,87.94,51.54,8.98
R Lutaaya,26,372,292,26,123,42,9,14.31,127.4,42.12,17.47
Kashif Daud,26,372,374,17,188,23,19,21.88,99.47,50.27,11.23
Rehan Ahmed,29,372,429,30,254,38,12,12.4,86.71,59.21,11.66
AS Hansra,21,371,600,17,380,24,9,21.82,61.83,63.33,5.5
JA Warrican,25,371,673,29,493,32,9,12.79,55.13,73.25,6.09
M Chadha,13,371,313,9,124,33,14,41.22,118.53,39.62,15.02
C Pyle,21,370,304,17,124,33,13,21.76,121.71,40.79,15.13
DR Tuffey,28,370,511,22,329,34,9,16.82,72.41,64.38,8.41
Maaz Khan,21,370,249,20,113,32,25,18.5,148.59,45.38,22.89
P Sharma,25,369,344,22,163,41,7,16.77,107.27,47.38,13.95
MD Dai,16,369,470,15,248,29,5,24.6,78.51,52.77,7.23
Tanzim Hasan Sakib,31,367,414,20,218,24,15,18.35,88.65,52.66,9.42
S Pradhan,26,367,409,25,212,41,4,14.68,89.73,51.83,11.0
CK Jasmat,25,367,333,21,146,26,18,17.48,110.21,43.84,13.21
B Masaba,34,366,368,22,170,37,6,16.64,99.46,46.2,11.68
SR Hain,18,366,324,13,99,26,7,28.15,112.96,30.56,10.19
Raza Iqbal,26,366,319,23,142,42,8,15.91,114.73,44.51,15.67
Haris Rauf,79,366,427,56,268,23,24,6.54,85.71,62.76,11.01
A Parima,20,366,315,18,158,30,21,20.33,116.19,50.16,16.19
Shafiul Islam,50,366,711,47,542,45,6,7.79,51.48,76.23,7.17
P Negi,35,365,289,26,112,27,16,14.04,126.3,38.75,14.88
Khawaja Nafay,24,365,277,22,103,27,18,16.59,131.77,37.18,16.25
Pyae Phyo Wai,28,365,459,28,235,22,6,13.04,79.52,51.2,6.1
AM McCarthy,24,364,340,21,156,23,18,17.33,107.06,45.88,12.06
Zubayr Hamza,9,363,817,17,642,47,3,21.35,44.43,78.58,6.12
D Mongia,19,363,581,17,348,28,4,21.35,62.48,59.9,5.51
Mushfiqur Rahman,18,363,880,19,664,37,0,19.11,41.25,75.45,4.2
DA Blignaut,25,362,393,20,193,18,15,18.1,92.11,49.11,8.4
DBL Powell,39,362,812,43,613,39,5,8.42,44.58,75.49,5.42
KM Jarvis,49,362,746,40,548,32,6,9.05,48.53,73.46,5.09
SK Springer,36,362,342,25,144,23,15,14.48,105.85,42.11,11.11
A Shreshta,20,361,361,18,165,34,5,20.06,100.0,45.71,10.8
AJ Bichel,18,361,423,14,234,35,8,25.79,85.34,55.32,10.17
SG Mangela,16,361,310,15,106,32,4,24.07,116.45,34.19,11.61
SMSM Senanayake,49,361,409,30,211,35,7,12.03,88.26,51.59,10.27
G Kansonkho,29,360,410,24,215,36,3,15.0,87.8,52.44,9.51
KV Sharma,41,360,323,27,136,20,17,13.33,111.46,42.11,11.46
Zeshan Arif,24,360,257,20,123,32,23,18.0,140.08,47.86,21.4
Shoriful Islam,54,360,456,48,294,35,13,7.5,78.95,64.47,10.53
A Busing-Volschenk,17,359,348,12,173,15,22,29.92,103.16,49.71,10.63
NM Odhiambo,32,359,338,25,146,25,12,14.36,106.21,43.2,10.95
SS Pathirana,19,359,407,18,219,36,5,19.94,88.21,53.81,10.07
S Hook,23,359,352,18,174,28,15,19.94,101.99,49.43,12.22
Mohammed Siraj,88,358,792,59,591,31,7,6.07,45.2,74.62,4.8
H Patel,20,358,382,19,200,36,7,18.84,93.72,52.36,11.26
Shah Abrar Hussain,20,358,345,16,163,21,19,22.38,103.77,47.25,11.59
O Olaleye,25,358,374,22,183,29,8,16.27,95.72,48.93,9.89
HV Patel,55,357,295,38,124,27,18,9.39,121.02,42.03,15.25
S Chattergoon,11,357,566,12,404,51,3,29.75,63.07,71.38,9.54
Azan Awais,7,357,659,14,486,53,0,25.5,54.17,73.75,8.04
E Sebareme,40,356,366,30,174,22,11,11.87,97.27,47.54,9.02
J Hermann,8,356,286,7,128,45,7,50.86,124.48,44.76,18.18
TM McGrath,17,355,262,15,110,51,8,23.67,135.5,41.98,22.52
AC Douglas,19,355,264,18,125,32,21,19.72,134.47,47.35,20.08
A Dutt,57,355,501,42,292,19,12,8.45,70.86,58.28,6.19
S Austin,24,354,344,22,138,28,5,16.09,102.91,40.12,9.59
Q Sampson,17,353,217,10,90,24,28,35.3,162.67,41.47,23.96
S Grover,22,353,259,18,101,34,14,19.61,136.29,39.0,18.53
Sufyan Mehmood,27,352,451,21,217,22,8,16.76,78.05,48.12,6.65
BAD Manenti,28,351,287,23,106,24,15,15.26,122.3,36.93,13.59
A Raza,24,350,237,24,115,39,20,14.58,147.68,48.52,24.89
S Sreesanth,60,350,674,43,506,46,4,8.14,51.93,75.07,7.42
Shuvagata Hom,15,349,558,15,361,41,1,23.27,62.54,64.7,7.53
JNT Seales,54,349,767,41,590,25,14,8.51,45.5,76.92,5.08
Sameer Minhas,11,349,224,9,76,41,13,38.78,155.8,33.93,24.11
Nafees Iqbal,15,349,782,21,595,43,0,16.62,44.63,76.09,5.5
J Singye,22,349,472,22,230,16,5,15.86,73.94,48.73,4.45
Mukhtar Ghulami,23,348,304,22,142,31,16,15.82,114.47,46.71,15.46
AB Kaur,24,348,268,15,95,42,6,23.2,129.85,35.45,17.91
DJ Harris,17,348,333,17,164,34,10,20.47,104.5,49.25,13.21
KJ Ferrary,16,348,309,13,108,33,6,26.77,112.62,34.95,12.62
Fayyaz Butt,38,348,423,22,210,28,7,15.82,82.27,49.65,8.27
Mustafizur Rahman,112,348,678,62,488,26,12,5.61,51.33,71.98,5.6
Ikramullah Khan,26,347,299,22,123,31,12,15.77,116.05,41.14,14.38
Wahidullah Sahak,18,347,258,17,102,37,12,20.41,134.5,39.53,18.99
CRD Fernando,56,346,570,33,392,40,2,10.48,60.7,68.77,7.37
K Hinds,26,346,339,26,191,24,20,13.31,102.06,56.34,12.98
SM Davies,13,346,313,13,147,48,0,26.62,110.54,46.96,15.34
LH Rodrigues,23,346,371,19,185,29,7,18.21,93.26,49.87,9.7
SS McKechnie,29,346,413,21,192,24,3,16.48,83.78,46.49,6.54
V Sukumaran,18,345,429,18,261,31,13,19.17,80.42,60.84,10.26
NM Salonen,26,345,300,25,124,22,12,13.8,115.0,41.33,11.33
Rashid Latif,18,345,454,17,254,24,6,20.29,75.99,55.95,6.61
Kamran Ahmadzai,16,344,217,13,77,23,21,26.46,158.53,35.48,20.28
Manjural Islam Rana,14,344,630,12,431,33,0,28.67,54.6,68.41,5.24
Sheikh Rasik,10,344,201,8,69,19,28,43.0,171.14,34.33,23.38
RA Herman,20,343,282,18,114,32,11,19.06,121.63,40.43,15.25
T Kaitano,15,343,895,18,723,39,2,19.06,38.32,80.78,4.58
GP Meade,29,343,338,22,148,24,9,15.59,101.48,43.79,9.76
Haseebullah Khan,23,343,299,21,129,33,11,16.33,114.72,43.14,14.72
SK Awiah,25,343,435,23,234,28,5,14.91,78.85,53.79,7.59
K Alleyne,19,342,253,19,103,25,20,18.0,135.18,40.71,17.79
Najjam Shahzad,22,342,264,18,115,27,19,19.0,129.55,43.56,17.42
R Bhatia,47,342,284,30,104,24,13,11.4,120.42,36.62,13.03
CFK van Wyk,9,341,694,16,517,41,0,21.31,49.14,74.5,5.91
Mohammad Rizlan,23,341,294,20,138,21,21,17.05,115.99,46.94,14.29
Luka Woods,11,341,242,11,109,34,19,31.0,140.91,45.04,21.9
NO Miller,40,341,479,18,273,26,4,18.94,71.19,56.99,6.26
JS Lehmann,28,341,312,24,111,34,3,14.21,109.29,35.58,11.86
AC Botha,23,340,486,18,301,38,2,18.89,69.96,61.93,8.23
SY Nihute,22,340,391,19,177,19,8,17.89,86.96,45.27,6.91
NN Odhiambo,37,339,437,31,261,38,3,10.94,77.57,59.73,9.38
LU Igalagamage,7,339,514,11,357,46,5,30.82,65.95,69.46,9.92
AP Tare,27,339,273,24,129,40,11,14.12,124.18,47.25,18.68
A Mukund,9,339,722,16,532,33,1,21.19,46.95,73.68,4.71
GK Ghalley,30,338,357,25,197,23,15,13.52,94.68,55.18,10.64
SM Solia,12,338,280,11,102,28,12,30.73,120.71,36.43,14.29
Moin Khan,17,338,472,12,270,27,4,28.17,71.61,57.2,6.57
Rizwan Cheema,29,337,292,26,157,34,18,12.96,115.41,53.77,17.81
ML Udawatte,17,337,497,19,302,34,3,17.74,67.81,60.76,7.44
BM Pecic,16,337,307,15,134,24,15,22.47,109.77,43.65,12.7
SD Robson,7,336,755,11,594,42,1,30.55,44.5,78.68,5.7
A Nortje,57,336,802,47,626,39,2,7.15,41.9,78.05,5.11
Ritik Tomar,28,336,322,24,144,26,10,14.0,104.35,44.72,11.18
Amar Naeem,24,336,289,20,148,28,20,16.8,116.26,51.21,16.61
MJ Hay,18,336,342,15,177,27,13,22.4,98.25,51.75,11.7
Haroon Arshad,24,336,252,17,78,26,9,19.76,133.33,30.95,13.89
TL Best,30,335,495,25,337,42,6,13.4,67.68,68.08,9.7
EN Gay,9,335,529,14,398,55,2,23.93,63.33,75.24,10.78
K Irakoze,41,335,314,36,143,20,17,9.31,106.69,45.54,11.78
Adnan Mufti,16,335,405,11,185,27,1,30.45,82.72,45.68,6.91
UBT Chand,22,335,330,22,165,33,11,15.23,101.52,50.0,13.33
Zain Ul Abidin,31,335,284,19,113,18,17,17.63,117.96,39.79,12.32
JA McCollum,11,334,639,15,480,47,1,22.27,52.27,75.12,7.51
Hamza Tariq,25,334,315,18,146,29,12,18.56,106.03,46.35,13.02
AD Nath,22,334,360,17,168,26,11,19.65,92.78,46.67,10.28
IDR Bradshaw,28,333,694,20,474,26,4,16.65,47.98,68.3,4.32
S Milenko,32,333,276,22,109,24,13,15.14,120.65,39.49,13.41
Chaudhary Akram,13,333,315,12,130,31,3,27.75,105.71,41.27,10.79
SP Patil,20,332,493,19,293,29,4,17.47,67.34,59.43,6.69
J Ramanandi,23,332,391,19,199,25,10,17.47,84.91,50.9,8.95
A Flower,7,332,459,7,254,30,1,47.43,72.33,55.34,6.75
Sajid Khan,22,331,560,24,397,35,10,13.79,59.11,70.89,8.04
Muhammad Umar,21,331,281,17,119,12,22,19.47,117.79,42.35,12.1
Shubham Ranjane,13,331,315,9,134,24,12,36.78,105.08,42.54,11.43
Mehran Khan,36,328,315,31,145,17,18,10.58,104.13,46.03,11.11
DO Leicher,24,328,396,14,201,16,9,23.43,82.83,50.76,6.31
PA Nixon,19,328,369,14,176,23,8,23.43,88.89,47.7,8.4
S Vesawkar,19,328,403,13,204,25,7,25.23,81.39,50.62,7.94
PB Gouge,11,328,204,9,62,19,21,36.44,160.78,30.39,19.61
MH Richardson,6,327,972,10,808,43,0,32.7,33.64,83.13,4.42
A Gbla,33,327,310,28,144,21,13,11.68,105.48,46.45,10.97
NG Smith,24,327,574,23,380,30,4,14.22,56.97,66.2,5.92
G Venkateswaran,21,327,285,19,118,30,10,17.21,114.74,41.4,14.04
WJ Cope,31,326,283,25,130,44,2,13.04,115.19,45.94,16.25
JA Fitzgerald,33,326,242,20,92,15,20,16.3,134.71,38.02,14.46
DLS van Bunge,18,326,542,16,368,28,7,20.38,60.15,67.9,6.46
R Coker,37,325,499,34,308,28,3,9.56,65.13,61.72,6.21
DK Mathias,14,325,319,11,147,21,15,29.55,101.88,46.08,11.29
K Krishnakumar,14,324,265,14,112,17,17,23.14,122.26,42.26,12.83
S Vijay Unni,40,324,382,23,173,24,5,14.09,84.82,45.29,7.59
MO Odumbe,10,324,355,7,169,31,2,46.29,91.27,47.61,9.3
Adam Senn,17,324,257,13,68,22,10,24.92,126.07,26.46,12.45
G Voll,9,324,226,7,82,52,3,46.29,143.36,36.28,24.34
N McAndrew,43,324,215,24,73,32,11,13.5,150.7,33.95,20.0
A Natubhai Ahir,23,323,335,22,181,19,17,14.68,96.42,54.03,10.75
Awais Ahmad,22,323,263,22,130,28,17,14.68,122.81,49.43,17.11
Niv Nagavkar,16,323,297,15,104,28,2,21.53,108.75,35.02,10.1
BG Rogers,10,323,473,12,302,41,1,26.92,68.29,63.85,8.88
C Munoz-Mills,27,322,237,13,91,28,14,24.77,135.86,38.4,17.72
Ali Nadeem,12,322,338,10,184,28,11,32.2,95.27,54.44,11.54
G Ngegba,20,322,314,15,137,32,3,21.47,102.55,43.63,11.15
DA Gunawardene,16,322,567,15,377,30,1,21.47,56.79,66.49,5.47
AB Fudadin,13,321,570,11,395,27,8,29.18,56.32,69.3,6.14
SV Carlisle,11,321,786,15,605,32,2,21.4,40.84,76.97,4.33
BJ Jacobs,18,320,242,14,91,16,20,22.86,132.23,37.6,14.88
CE McConchie,22,320,297,15,121,27,6,21.33,107.74,40.74,11.11
DC Drakes,32,320,264,20,118,24,17,16.0,121.21,44.7,15.53
L Lee,10,320,230,10,106,46,11,32.0,139.13,46.09,24.78
DM Bess,13,319,710,14,548,39,2,22.79,44.93,77.18,5.77
MM Baig,25,319,253,18,94,16,19,17.72,126.09,37.15,13.83
RE Levi,19,319,240,17,115,30,19,18.76,132.92,47.92,20.42
Muhammad Shahdad,9,319,426,9,241,20,11,35.44,74.88,56.57,7.28
JV Chand,14,318,297,11,115,28,7,28.91,107.07,38.72,11.78
Anuj Rawat,21,318,267,16,114,26,14,19.88,119.1,42.7,14.98
SR Clark,32,317,442,24,288,28,7,13.21,71.72,65.16,7.92
JR Dean,19,317,237,16,112,19,24,19.81,133.76,47.26,18.14
E Niyomugabo,35,317,324,32,150,18,11,9.91,97.84,46.3,8.95
Tanwir Afzal,25,317,308,22,166,19,19,14.41,102.92,53.9,12.34
AF Milne,56,317,344,33,162,14,12,9.61,92.15,47.09,7.56
T Sandeep,15,317,278,13,120,42,4,24.38,114.03,43.17,16.55
AA Navicha,19,317,278,14,136,21,16,22.64,114.03,48.92,13.31
BS Fulmali,16,316,211,10,75,30,16,31.6,149.76,35.55,21.8
A Augastin,13,315,262,10,110,35,8,31.5,120.23,41.98,16.41
RD Jacobs,18,315,605,16,405,26,4,19.69,52.07,66.94,4.96
Aniket Verma,20,315,196,15,72,18,25,21.0,160.71,36.73,21.94
DR Patankar,24,314,304,23,142,32,6,13.65,103.29,46.71,12.5
T Musekiwa,33,314,233,20,84,24,12,15.7,134.76,36.05,15.45
Ramandeep Singh,27,314,211,17,68,18,20,18.47,148.82,32.23,18.01
Abhijeet Ahuja,16,313,322,15,145,25,7,20.87,97.2,45.03,9.94
K Birkenstock,18,313,470,18,303,34,4,17.39,66.6,64.47,8.09
CJ McKay,48,312,459,31,271,22,6,10.06,67.97,59.04,6.1
NG Collins,15,311,339,14,176,29,4,22.21,91.74,51.92,9.73
C Brennan,24,311,274,18,107,19,14,17.28,113.5,39.05,12.04
Ilyas Ataullah,19,311,250,17,126,33,16,18.29,124.4,50.4,19.6
S Shillingford,28,310,668,28,540,32,12,11.07,46.41,80.84,6.59
Khurram Khan,12,310,384,12,201,32,2,25.83,80.73,52.34,8.85
SE Bond,45,310,576,27,403,24,7,11.48,53.82,69.97,5.38
Mohamed Rishwan,24,308,366,24,206,25,12,12.83,84.15,56.28,10.11
RR Emrit,39,308,296,22,126,15,15,14.0,104.05,42.57,10.14
Shiraz Khan,28,308,327,17,140,13,14,18.12,94.19,42.81,8.26
Faheem Nellancheri,22,307,210,20,87,20,21,15.35,146.19,41.43,19.52
F Banunaek,42,307,366,26,181,22,6,11.81,83.88,49.45,7.65
S Sehrawat,26,307,298,25,145,31,9,12.28,103.02,48.66,13.42
S Jegannathan,17,306,307,12,156,27,13,25.5,99.67,50.81,13.03
Imran Ameer,24,305,277,14,104,30,5,21.79,110.11,37.55,12.64
Lalit Yadav,21,305,290,16,116,27,7,19.06,105.17,40.0,11.72
Muslim Yar,28,304,248,20,107,18,18,15.2,122.58,43.15,14.52
DM Richards,11,304,417,14,284,41,6,21.71,72.9,68.11,11.27
KA Hope,15,304,504,19,360,40,2,16.0,60.32,71.43,8.33
S Fouché,13,304,437,12,245,27,2,25.33,69.57,56.06,6.64
DB Das,22,304,261,14,117,23,16,21.71,116.48,44.83,14.94
D Hemalatha,23,304,253,18,110,30,11,16.89,120.16,43.48,16.21
Faisal Raza,21,303,255,19,98,18,14,15.95,118.82,38.43,12.55
NGRP Jayasuriya,24,302,887,37,718,31,0,8.16,34.05,80.95,3.49
ST Doheny,14,302,533,16,381,31,3,18.88,56.66,71.48,6.38
S Meghana,14,302,255,13,113,40,6,23.23,118.43,44.31,18.04
AE Paraam,10,302,205,6,65,29,13,50.33,147.32,31.71,20.49
MH Wessels,17,301,276,16,117,32,6,18.81,109.06,42.39,13.77
M Stanikzai,20,301,207,19,87,26,17,15.84,145.41,42.03,20.77
Mehrab Hossain jnr,17,301,642,19,461,33,0,15.84,46.88,71.81,5.14
Taranjit Singh,22,301,164,17,56,23,23,17.71,183.54,34.15,28.05
Mazharul Islam,18,300,335,14,177,38,1,21.43,89.55,52.84,11.64
Hamid Mahmood,16,300,283,10,112,25,7,30.0,106.01,39.58,11.31
SS Cottrell,59,299,322,39,190,21,17,7.67,92.86,59.01,11.8
G Toka,23,299,510,23,336,24,3,13.0,58.63,65.88,5.29
Shantanu Kaveri,24,298,368,20,180,17,1,14.9,80.98,48.91,4.89
SF Tiai,22,298,258,19,126,24,16,15.68,115.5,48.84,15.5
JH Davey,30,298,384,19,223,25,5,15.68,77.6,58.07,7.81
HA Jackson,23,298,356,21,187,22,4,14.19,83.71,52.53,7.3
DE Budge,20,297,365,14,174,19,4,21.21,81.37,47.67,6.3
JJ Tucker,16,297,412,14,262,37,3,21.21,72.09,63.59,9.71
BN Toube,19,297,301,18,167,38,6,16.5,98.67,55.48,14.62
MS Maker,12,296,217,5,71,20,13,59.2,136.41,32.72,15.21
N Tanner,22,296,333,19,151,13,8,15.58,88.89,45.35,6.31
JL Jonassen,18,295,213,12,85,34,11,24.58,138.5,39.91,21.13
Kartik Sharma,11,295,216,9,84,24,16,32.78,136.57,38.89,18.52
AM Kimote,39,295,304,25,142,24,6,11.8,97.04,46.71,9.87
Y Saranonnakkun,40,295,354,38,199,23,10,7.76,83.33,56.21,9.32
RR Watson,16,294,382,14,244,40,2,21.0,76.96,63.87,10.99
Mirza Ahsan,18,293,197,16,73,22,14,18.31,148.73,37.06,18.27
Mohammad Boota,20,293,339,13,182,21,10,22.54,86.43,53.69,9.14
SP Goswami,21,293,295,20,131,32,3,14.65,99.32,44.41,11.86
TL Chatara,64,293,610,41,442,31,3,7.15,48.03,72.46,5.57
Anoop Orsu,23,292,246,16,108,22,13,18.25,118.7,43.9,14.23
Mirza Baig,14,292,231,13,108,34,12,22.46,126.41,46.75,19.91
A Manohar,20,292,235,19,91,23,14,15.37,124.26,38.72,15.74
Omar Rassol,20,291,247,17,128,23,18,17.12,117.81,51.82,16.6
J Yadav,12,291,618,13,460,32,2,22.38,47.09,74.43,5.5
Harshit Rana,27,291,269,21,139,23,14,13.86,108.18,51.67,13.75
Thuya Aung,29,291,496,27,309,20,5,10.78,58.67,62.3,5.04
T van der Gugten,22,291,295,15,143,13,13,19.4,98.64,48.47,8.81
Amjad Ali,15,291,427,14,276,39,0,20.79,68.15,64.64,9.13
KK Lin Thu,29,291,407,27,233,25,3,10.78,71.5,57.25,6.88
Gurdeep Singh,13,290,239,13,113,35,10,22.31,121.34,47.28,18.83
CPPM Sadun,18,289,312,16,141,24,3,18.06,92.63,45.19,8.65
JF Smith,14,289,282,10,129,24,9,28.9,102.48,45.74,11.7
Zawar Farid,21,289,260,18,132,26,12,16.06,111.15,50.77,14.62
C Nunes,15,289,200,10,65,21,13,28.9,144.5,32.5,17.0
S Veerapathiran,30,289,237,21,101,19,16,13.76,121.94,42.62,14.77
J Broad,9,288,241,7,70,26,3,41.14,119.5,29.05,12.03
A Kheterpal,16,288,234,10,94,33,7,28.8,123.08,40.17,17.09
DL Hemp,12,288,421,10,276,34,4,28.8,68.41,65.56,9.03
AR Odedara,18,288,527,17,371,28,6,16.94,54.65,70.4,6.45
Sahir Naqash,22,288,211,12,62,18,11,24.0,136.49,29.38,13.74
Tushar Imran,23,287,566,25,402,32,1,11.48,50.71,71.02,5.83
P Aho,37,287,270,21,113,21,6,13.67,106.3,41.85,10.0
FFZ Nhaduate,10,287,184,8,85,31,17,35.88,155.98,46.2,26.09
OJ Peake,12,286,267,11,119,22,11,26.0,107.12,44.57,12.36
CJ Bowes,17,286,275,17,136,42,2,16.82,104.0,49.45,16.0
Hasan Mahmud,38,286,688,29,550,27,8,9.86,41.57,79.94,5.09
S Dhaniram,13,286,317,12,148,23,4,23.83,90.22,46.69,8.52
IA Cockbain,9,286,206,7,60,24,10,40.86,138.83,29.13,16.5
RJ Gibson,25,285,272,19,113,23,5,15.0,104.78,41.54,10.29
E Rukiriza,53,285,333,40,185,20,10,7.12,85.59,55.56,9.01
Yasir Arafat,24,285,406,14,251,28,5,20.36,70.2,61.82,8.13
Y Nagar,20,285,259,14,101,20,9,20.36,110.04,39.0,11.2
Waqas Barkat,29,284,335,25,153,22,0,11.36,84.78,45.67,6.57
Y Jalloh,24,284,325,22,157,26,1,12.91,87.38,48.31,8.31
A Pusthay,24,284,308,23,145,24,5,12.35,92.21,47.08,9.42
Mustafa Omer,12,284,239,11,108,17,16,25.82,118.83,45.19,13.81
J Campbell,16,283,272,14,133,19,12,20.21,104.04,48.9,11.4
G Coetzee,32,283,292,30,151,23,12,9.43,96.92,51.71,11.99
L Ngidi,70,283,558,39,420,27,8,7.26,50.72,75.27,6.27
T Duffin,10,282,609,11,445,32,0,25.64,46.31,73.07,5.25
I Asif,18,282,266,15,133,26,11,18.8,106.02,50.0,13.91
AUKDS Kalugala,18,281,241,18,128,29,12,15.61,116.6,53.11,17.01
A Turkmen,19,281,221,13,91,26,12,21.62,127.15,41.18,17.19
CAK Rajitha,39,280,806,33,652,30,1,8.48,34.74,80.89,3.85
SC van Schalkwyk,26,280,345,15,186,22,8,18.67,81.16,53.91,8.7
B Chipli,21,280,251,15,104,28,7,18.67,111.55,41.43,13.94
A Ashish Reddy,23,280,193,15,58,16,15,18.67,145.08,30.05,16.06
Olipa Gerald,7,280,150,4,50,19,23,70.0,186.67,33.33,28.0
Shahzaib Hasan,17,280,295,17,168,33,7,16.47,94.92,56.95,13.56
Divyendra Singh,19,279,278,18,122,29,4,15.5,100.36,43.88,11.87
P Mustard,11,279,274,11,143,30,9,25.36,101.82,52.19,14.23
Fanyan Mughal,23,279,257,21,131,23,14,13.29,108.56,50.97,14.4
Samiullah Rahmani,19,277,186,17,79,21,20,16.29,148.92,42.47,22.04
T Maruma,28,276,495,27,351,21,8,10.22,55.76,70.91,5.86
CT Mutombodzi,22,276,386,21,228,24,4,13.14,71.5,59.07,7.25
PJ Ingram,12,276,424,13,286,38,1,21.23,65.09,67.45,9.2
R Gaznavi,20,275,288,18,146,24,8,15.28,95.49,50.69,11.11
Idrees Ul Haque,15,275,219,15,113,34,10,18.33,125.57,51.6,20.09
Festus Benn,24,275,362,16,206,26,3,17.19,75.97,56.91,8.01
Virk Ali,15,275,273,14,139,29,6,19.64,100.73,50.92,12.82
Ali Nayyer,20,275,213,14,70,15,13,19.64,129.11,32.86,13.15
GA Lamb,19,275,555,15,347,11,1,18.33,49.55,62.52,2.16
WKD Perkins,17,275,246,16,123,23,15,17.19,111.79,50.0,15.45
Abhishek Anand,18,275,244,17,124,26,13,16.18,112.7,50.82,15.98
R Sakurano-Thomas,28,274,290,22,116,14,2,12.45,94.48,40.0,5.52
RP Singh,62,274,596,41,434,23,3,6.68,45.97,72.82,4.36
RGL Carters,25,274,270,17,99,14,6,16.12,101.48,36.67,7.41
IS Billcliff,12,274,424,12,270,25,5,22.83,64.62,63.68,7.08
RMMP Rathnayake,8,274,474,11,340,29,4,24.91,57.81,71.73,6.96
K Pooran,8,273,171,7,69,33,13,39.0,159.65,40.35,26.9
PK Garg,19,273,241,18,86,16,9,15.17,113.28,35.68,10.37
SR Harmer,13,273,738,16,574,23,1,17.06,36.99,77.78,3.25
S Heath,9,273,176,8,58,25,14,34.12,155.11,32.95,22.16
BBJL Perera,12,272,249,11,113,27,8,24.73,109.24,45.38,14.06
A Saud,15,272,461,15,330,27,8,18.13,59.0,71.58,7.59
T Panyangara,48,271,592,41,451,31,3,6.61,45.78,76.18,5.74
JL Ontong,17,271,303,16,172,21,11,16.94,89.44,56.77,10.56
CA Henry,12,271,152,10,57,22,21,27.1,178.29,37.5,28.29
Rizwan Butt,42,270,228,28,92,7,20,9.64,118.42,40.35,11.84
R Sathish,24,270,231,17,87,22,6,15.88,116.88,37.66,12.12
T Rossi,21,270,239,16,109,15,13,16.88,112.97,45.61,11.72
Nasum Ahmed,32,270,303,22,167,26,9,12.27,89.11,55.12,11.55
Muhammad Zohaib,13,270,263,12,121,27,6,22.5,102.66,46.01,12.55
RR Sharan,15,270,271,13,154,20,16,20.77,99.63,56.83,13.28
Lokesh Bam,20,269,182,15,81,26,16,17.93,147.8,44.51,23.08
MJ Hoggard,33,268,1141,40,974,28,0,6.7,23.49,85.36,2.45
Qamar Mushtaque,29,268,265,19,116,18,10,14.11,101.13,43.77,10.57
Z Bimenyimana,49,268,223,31,113,16,15,8.65,120.18,50.67,13.9
MW Hill,10,268,217,10,81,21,9,26.8,123.5,37.33,13.82
R Abdulkareem,30,267,311,21,167,19,9,12.71,85.85,53.7,9.0
K Zondo,10,266,547,11,384,20,6,24.18,48.63,70.2,4.75
HN Ya France,25,266,311,15,173,22,9,17.73,85.53,55.63,9.97
RG Aga,16,266,254,15,107,29,2,17.73,104.72,42.13,12.2
V Permaul,33,266,431,28,298,25,6,9.5,61.72,69.14,7.19
Saleem Elahi,9,266,530,10,368,24,0,26.6,50.19,69.43,4.53
Suman Ghimire,10,265,218,7,87,29,5,37.86,121.56,39.91,15.6
Rafiullah,22,265,151,19,64,13,26,13.95,175.5,42.38,25.83
R Baaleri,18,265,316,14,154,19,2,18.93,83.86,48.73,6.65
MJG Rippon,11,264,293,9,140,20,6,29.33,90.1,47.78,8.87
D Johnson,27,263,234,23,107,21,10,11.43,112.39,45.73,13.25
Aamer Yamin,20,263,217,14,105,17,17,18.79,121.2,48.39,15.67
Osama Mahmood,12,263,225,10,96,25,7,26.3,116.89,42.67,14.22
Arafat Minhas,18,262,225,14,105,27,10,18.71,116.44,46.67,16.44
LB Ferbrache,21,262,287,15,110,13,4,17.47,91.29,38.33,5.92
Abdul-Shakoor Rahimzei,18,262,238,15,108,21,7,17.47,110.08,45.38,11.76
R Tari,26,262,254,19,102,11,9,13.79,103.15,40.16,7.87
SZ Vayani,30,262,262,24,132,27,6,10.92,100.0,50.38,12.6
B Zuiderent,20,261,453,18,295,21,3,14.5,57.62,65.12,5.3
SC Getkate,23,261,230,19,84,11,14,13.74,113.48,36.52,10.87
V Zimonjic,28,261,236,19,89,26,3,13.74,110.59,37.71,12.29
TS Rogers,30,260,225,14,89,17,10,18.57,115.56,39.56,12.0
A Venkatesh,15,260,241,13,88,24,2,20.0,107.88,36.51,10.79
Atharva Taide,10,260,177,10,63,30,8,26.0,146.89,35.59,21.47
KH Abe,21,260,215,19,92,16,13,13.68,120.93,42.79,13.49
Baseer Khan,25,259,242,15,90,14,11,17.27,107.02,37.19,10.33
Rohit Kumar,16,259,222,14,112,36,6,18.5,116.67,50.45,18.92
IJ Harvey,17,259,282,14,144,31,2,18.5,91.84,51.06,11.7
CBRLS Kumara,56,259,782,48,663,39,2,5.4,33.12,84.78,5.24
AN Kervezee,15,258,349,15,196,23,1,17.2,73.93,56.16,6.88
Yasar Haroon,21,258,307,18,169,28,3,14.33,84.04,55.05,10.1
SS Eskinazi,13,258,216,11,94,27,7,23.45,119.44,43.52,15.74
Amoluk Singh,12,258,240,10,124,36,5,25.8,107.5,51.67,17.08
Lucas Rossi,17,258,265,16,130,24,4,16.12,97.36,49.06,10.57
Azhar Andani,11,258,242,10,105,30,1,25.8,106.61,43.39,12.81
Nasrulla Rana,36,257,222,23,96,18,12,11.17,115.77,43.24,13.51
ASF Sirah,20,257,214,17,86,26,8,15.12,120.09,40.19,15.89
Junaid Khan,65,257,488,39,354,21,7,6.59,52.66,72.54,5.74
KO Otieno,19,257,581,19,439,29,4,13.53,44.23,75.56,5.68
C Kellaway,17,255,207,14,71,25,4,18.21,123.19,34.3,14.01
MJ McClenaghan,54,255,271,30,149,18,13,8.5,94.1,54.98,11.44
Mudassar Bukhari,30,255,303,24,144,13,7,10.62,84.16,47.52,6.6
J Martins,16,255,209,12,85,19,11,21.25,122.01,40.67,14.35
ST Gabriel,70,255,729,63,610,29,6,4.05,34.98,83.68,4.8
NMS Param,12,254,201,9,63,21,7,28.22,126.37,31.34,13.93
D Cleaver,12,254,202,11,79,25,8,23.09,125.74,39.11,16.34
K Pierre,30,254,354,14,225,23,9,18.14,71.75,63.56,9.04
Kashif Siddique,11,254,184,11,83,39,6,23.09,138.04,45.11,24.46
PA van Meekeren,50,253,290,36,159,17,9,7.03,87.24,54.83,8.97
Yasin Patel,29,253,287,16,121,10,8,15.81,88.15,42.16,6.27
Khurram Nawaz,18,253,239,12,102,17,11,21.08,105.86,42.68,11.72
Sayed Monib,24,253,139,17,43,14,22,14.88,182.01,30.94,25.9
Khizar Hayat,29,253,261,18,90,15,5,14.06,96.93,34.48,7.66
Ameer Saiyed,19,253,266,17,125,20,4,14.88,95.11,46.99,9.02
A Chopra,9,252,674,12,544,30,0,21.0,37.39,80.71,4.45
Omair Yousuf,13,251,199,11,71,23,8,22.82,126.13,35.68,15.58
J Avendano,17,251,223,17,105,17,14,14.76,112.56,47.09,13.9
Usama Mir,45,251,202,39,104,17,18,6.44,124.26,51.49,17.33
KS Ahuja,19,250,200,18,73,27,6,13.89,125.0,36.5,16.5
FA Cossa,15,250,222,10,119,24,13,25.0,112.61,53.6,16.67
C Overton,13,250,491,15,364,27,2,16.67,50.92,74.13,5.91
PI Walter,19,250,196,15,73,26,8,16.67,127.55,37.24,17.35
K Gowtham,28,249,151,19,51,15,17,13.11,164.9,33.77,21.19
K Mirpuri,23,249,248,7,81,17,4,35.57,100.4,32.66,8.47
Aminuddin Ramly,19,249,167,15,55,11,19,16.6,149.1,32.93,17.96
Harpreet Brar,27,249,206,12,83,20,10,20.75,120.87,40.29,14.56
SH Venugopal,13,249,231,11,81,14,7,22.64,107.79,35.06,9.09
DA Marillier,10,249,350,10,200,23,2,24.9,71.14,57.14,7.14
HMCM Bandara,20,249,400,15,261,17,6,16.6,62.25,65.25,5.75
Muhammad Siddiqui,11,248,208,11,103,24,12,22.55,119.23,49.52,17.31
M Raikes,7,248,161,6,50,25,10,41.33,154.04,31.06,21.74
I Pandey,13,248,356,12,211,22,3,20.67,69.66,59.27,7.02
D Uwimana,19,247,218,12,105,15,16,20.58,113.3,48.17,14.22
D Muhumuza,18,247,248,12,115,19,9,20.58,99.6,46.37,11.29
D Panda,15,246,221,12,85,16,6,20.5,111.31,38.46,9.95
Tapash Baisya,20,246,358,18,236,28,2,13.67,68.72,65.92,8.38
Yves Cyusa,29,245,294,22,158,21,6,11.14,83.33,53.74,9.18
F Mutizwa,14,245,372,13,220,17,3,18.85,65.86,59.14,5.38
Ali Nawaz,19,245,217,16,92,13,10,15.31,112.9,42.4,10.6
MD Bell,5,245,510,8,401,42,0,30.62,48.04,78.63,8.24
JAD Lawrenson,10,244,291,9,130,18,2,27.11,83.85,44.67,6.87
Awais Ahmed,16,244,219,14,103,25,9,17.43,111.42,47.03,15.53
AA Rahayu,24,244,260,15,129,20,7,16.27,93.85,49.62,10.38
MS Panesar,52,244,818,51,685,25,1,4.78,29.83,83.74,3.18
Amir Zaib,16,243,192,13,69,21,7,18.69,126.56,35.94,14.58
S Houghton,19,243,307,18,174,19,7,13.5,79.15,56.68,8.47
S Foster,18,243,262,14,113,19,0,17.36,92.75,43.13,7.25
Khalid Ahmadi,21,242,139,13,50,18,18,18.62,174.1,35.97,25.9
C Tommy,18,242,259,17,117,16,6,14.24,93.44,45.17,8.49
Abhishek Ahuja,12,242,212,12,91,19,10,20.17,114.15,42.92,13.68
Aaftab Alam Khan,21,241,194,16,77,20,9,15.06,124.23,39.69,14.95
NFI McCallum,14,241,374,12,251,23,5,20.08,64.44,67.11,7.49
S Sajana,21,241,171,14,73,33,8,17.21,140.94,42.69,23.98
Mohammad Abbas,32,241,908,28,798,29,5,8.61,26.54,87.89,3.74
LH Ferguson,54,240,346,28,197,14,7,8.57,69.36,56.94,6.07
D Sabir,22,240,209,17,75,19,6,14.12,114.83,35.89,11.96
JC Tredwell,32,240,349,19,211,19,5,12.63,68.77,60.46,6.88
Danish Kaneria,35,240,471,34,359,29,2,7.06,50.96,76.22,6.58
Jordan O'Brien,24,240,233,22,106,24,4,10.91,103.0,45.49,12.02
Musa Ahmed,13,238,371,13,234,20,3,18.31,64.15,63.07,6.2
Mohammad Shahzad (2),17,238,242,16,129,24,7,14.88,98.35,53.31,12.81
FY Fazal,12,238,234,10,103,29,2,23.8,101.71,44.02,13.25
F Suluoto,24,238,247,19,130,15,12,12.53,96.36,52.63,10.93
J Miyaji,29,238,224,24,92,6,14,9.92,106.25,41.07,8.93
AJ Nair,22,238,201,12,67,14,7,19.83,118.41,33.33,10.45
J Byrappa,12,238,227,10,109,15,10,23.8,104.85,48.02,11.01
JDF Vandersay,27,238,382,19,237,20,3,12.53,62.3,62.04,6.02
CA Young,48,238,296,24,168,17,8,9.92,80.41,56.76,8.45
C Dickson,18,238,249,14,107,13,7,17.0,95.58,42.97,8.03
Mohamed Arief,14,237,193,11,72,26,5,21.55,122.8,37.31,16.06
MD Mishra,17,237,208,16,97,24,8,14.81,113.94,46.63,15.38
JD Unadkat,31,237,258,19,136,18,8,12.47,91.86,52.71,10.08
H Kaushik,17,236,212,13,99,6,18,18.15,111.32,46.7,11.32
AD Poynter,15,236,263,13,142,20,9,18.15,89.73,53.99,11.03
RR Powar,25,236,322,18,178,20,3,13.11,73.29,55.28,7.14
JP Bray,12,236,384,11,253,25,2,21.45,61.46,65.89,7.03
Jakir Patel,14,235,208,14,90,18,12,16.79,112.98,43.27,14.42
Izaz Ali,15,235,184,15,82,20,12,15.67,127.72,44.57,17.39
Saqib Zulfiqar,17,234,292,14,157,16,6,16.71,80.14,53.77,7.53
DF Watts,13,234,325,13,198,25,3,18.0,72.0,60.92,8.62
BF Mailata,15,234,240,12,124,14,14,19.5,97.5,51.67,11.67
Basir Ahamad,11,234,276,9,145,20,6,26.0,84.78,52.54,9.42
RMS Eranga,28,233,540,19,432,31,0,12.26,43.15,80.0,5.74
A Oxley,8,233,266,7,115,15,2,33.29,87.59,43.23,6.39
Abdullah Fazal,9,232,349,9,240,25,7,25.78,66.48,68.77,9.17
Umair Qasim,24,232,237,19,119,21,7,12.21,97.89,50.21,11.81
GT Taylor,21,232,286,18,169,24,7,12.89,81.12,59.09,10.84
J Tuffin,19,232,241,14,97,12,5,16.57,96.27,40.25,7.05
Shahil Momin,15,231,251,12,99,14,1,19.25,92.03,39.44,5.98
Mohamed Azzam,30,231,316,27,161,13,2,8.56,73.1,50.95,4.75
VE Tembo,19,231,194,15,95,25,8,15.4,119.07,48.97,17.01
P Murungi,23,231,197,17,92,21,8,13.59,117.26,46.7,14.72
MM English,6,230,326,5,184,16,5,46.0,70.55,56.44,6.44
R Escobar,15,230,300,10,137,11,2,23.0,76.67,45.67,4.33
Zulfiqar Babar,27,229,291,14,182,20,7,16.36,78.69,62.54,9.28
E Solomon,8,229,209,6,75,24,0,38.17,109.57,35.89,11.48
B Mavuta,21,229,355,18,239,24,4,12.72,64.51,67.32,7.89
Muhammad Nadir,37,229,268,21,151,22,7,10.9,85.45,56.34,10.82
C Potgieter,12,228,181,10,80,14,15,22.8,125.97,44.2,16.02
B Ito-Davis,19,228,206,15,69,13,5,15.2,110.68,33.5,8.74
Nayeem Hasan,12,227,561,16,419,20,0,14.19,40.46,74.69,3.57
S Rana,22,227,185,15,75,23,7,15.13,122.7,40.54,16.22
J Jarvis,24,227,238,19,118,14,9,11.95,95.38,49.58,9.66
Devender Singh,18,227,219,12,97,17,7,18.92,103.65,44.29,10.96
SW Poynter,22,226,242,18,115,19,4,12.56,93.39,47.52,9.5
Zeeshan Ashraf,14,226,180,14,76,26,7,16.14,125.56,42.22,18.33
AY Patel,23,226,589,21,474,22,5,10.76,38.37,80.48,4.58
AM Samad,10,226,369,9,241,23,1,25.11,61.25,65.31,6.5
Saad Nasim,13,226,240,11,106,18,5,20.55,94.17,44.17,9.58
MA Baig,13,226,256,7,119,19,3,32.29,88.28,46.48,8.59
Shamyl Hussain,11,225,176,11,72,16,13,20.45,127.84,40.91,16.48
SC Kuggeleijn,19,225,205,13,103,19,10,17.31,109.76,50.24,14.15
DG Blampied,25,225,244,16,92,12,1,14.06,92.21,37.7,5.33
J Kila,20,225,290,15,171,18,7,15.0,77.59,58.97,8.62
KNA Bandara,9,225,296,7,142,13,4,32.14,76.01,47.97,5.74
C White,6,224,370,5,256,24,3,44.8,60.54,69.19,7.3
SKDT Madusanka,13,224,249,10,142,30,2,22.4,89.96,57.03,12.85
G Thakur,11,224,185,10,83,24,6,22.4,121.08,44.86,16.22
Kaleemullah,46,224,237,30,124,11,13,7.47,94.51,52.32,10.13
Mahmud Jasat,17,224,307,16,163,14,2,14.0,72.96,53.09,5.21
Rony Talukdar,10,224,174,10,73,24,7,22.4,128.74,41.95,17.82
Shariz Ahmad,24,224,344,20,193,16,0,11.2,65.12,56.1,4.65
R Sharma,29,224,181,18,82,16,12,12.44,123.76,45.3,15.47
UWMBCA Welegedara,22,224,435,25,339,31,4,8.96,51.49,77.93,8.05
Hammad Azam,23,223,276,18,136,16,4,12.39,80.8,49.28,7.25
R Dhawan,25,223,202,12,92,19,7,18.58,110.4,45.54,12.87
S Maduranga,19,223,290,13,164,20,5,17.15,76.9,56.55,8.62
CN Onwuzulike,18,222,219,16,104,17,8,13.88,101.37,47.49,11.42
Akhil Anil,20,222,192,16,84,17,10,13.88,115.62,43.75,14.06
Nasibullah Arab,10,222,131,10,56,26,12,22.2,169.47,42.75,29.01
A Shahi,19,222,151,16,67,13,17,13.88,147.02,44.37,19.87
Delawar Khan,20,221,165,14,68,13,13,15.79,133.94,41.21,15.76
JA Clarkson,18,220,211,12,94,14,8,18.33,104.27,44.55,10.43
Hadisullah Tarakhel,8,220,122,7,52,24,15,31.43,180.33,42.62,31.97
RM Haq,22,220,400,15,256,19,1,14.67,55.0,64.0,5.0
SB Dubey,17,220,143,10,47,17,13,22.0,153.85,32.87,20.98
Ali Farasat,20,219,185,18,80,12,12,12.17,118.38,43.24,12.97
E Mathew,22,219,236,19,106,11,6,11.53,92.8,44.92,7.2
DR Chumney,11,219,327,10,208,19,6,21.9,66.97,63.61,7.65
Asim Kamal,3,219,453,4,356,35,1,54.75,48.34,78.59,7.95
DK Anefie,22,218,187,18,79,9,11,12.11,116.58,42.25,10.7
Natim Hassam,11,218,195,7,73,19,5,31.14,111.79,37.44,12.31
Saeed Anwar,5,218,303,4,176,19,1,54.5,71.95,58.09,6.6
K Goel,17,218,231,15,122,17,9,14.53,94.37,52.81,11.26
S Cotter,15,218,223,13,109,24,3,16.77,97.76,48.88,12.11
AA Jhunjhunwala,15,217,210,13,89,19,5,16.69,103.33,42.38,11.43
CO Browne,10,217,261,9,143,19,6,24.11,83.14,54.79,9.58
M Kartik,23,217,249,14,112,16,2,15.5,87.15,44.98,7.23
K Nestor,26,216,233,21,124,19,7,10.29,92.7,53.22,11.16
MP Ainsworth,17,216,273,14,129,12,3,15.43,79.12,47.25,5.49
ARA Chambers,13,216,231,12,107,25,1,18.0,93.51,46.32,11.26
Ali Saleem,12,216,178,11,77,14,11,19.64,121.35,43.26,14.04
Waqas Khan,18,216,289,13,144,9,5,16.62,74.74,49.83,4.84
AR Bisht,11,215,246,10,117,14,5,21.5,87.4,47.56,7.72
Asghar Ali Khan,8,215,134,6,42,21,9,35.83,160.45,31.34,22.39
D Forrester,11,215,154,6,61,11,15,35.83,139.61,39.61,16.88
Vinay Ravi,29,215,206,20,96,17,6,10.75,104.37,46.6,11.17
SW Masakadza,18,215,372,19,272,20,6,11.32,57.8,73.12,6.99
CJO Smith,14,214,290,13,172,29,0,16.46,73.79,59.31,10.0
LOB Cann,10,214,172,10,89,23,10,21.4,124.42,51.74,19.19
HV Mandhyan,17,214,221,16,105,15,7,13.38,96.83,47.51,9.95
DL Piedt,11,214,619,14,506,20,3,15.29,34.57,81.74,3.72
CN Kakuru,26,214,213,20,99,20,2,10.7,100.47,46.48,10.33
Atif Rasheed,15,214,179,15,78,12,10,14.27,119.55,43.58,12.29
P Suanchuai,23,214,308,21,182,18,3,10.19,69.48,59.09,6.82
KTK Rodrigo,12,214,231,11,112,22,3,19.45,92.64,48.48,10.82
IE O'Brien,20,213,545,27,449,28,1,7.89,39.08,82.39,5.32
Saad Baig,12,213,169,12,72,34,1,17.75,126.04,42.6,20.71
N Khanna,20,213,161,14,59,24,4,15.21,132.3,36.65,17.39
S Ecclestone,26,213,196,21,85,18,8,10.14,108.67,43.37,13.27
Iftikhar Anjum,30,212,364,14,229,14,3,15.14,58.24,62.91,4.67
Sachin Mandy,20,212,203,19,102,15,11,11.16,104.43,50.25,12.81
Hamid Safi,17,211,144,11,72,8,21,19.18,146.53,50.0,20.14
Khalid Zahid,19,211,149,16,49,15,10,13.19,141.61,32.89,16.78
RO Hinds,8,211,595,13,488,24,2,16.23,35.46,82.02,4.37
CJ Delany,9,210,193,8,86,22,1,26.25,108.81,44.56,11.92
ZXM Vukusic,8,210,161,8,61,14,12,26.25,130.43,37.89,16.15
K Klein,26,210,303,19,159,11,2,11.05,69.31,52.48,4.29
WL Madsen,9,210,174,8,63,20,5,26.25,120.69,36.21,14.37
M Bhanuka,11,210,277,12,162,21,2,17.5,75.81,58.48,8.3
S Descarte,14,209,172,14,80,18,10,14.93,121.51,46.51,16.28
W Maximo,17,209,271,17,141,18,0,12.29,77.12,52.03,6.64
JA Davies,16,209,135,11,38,20,9,19.0,154.81,28.15,21.48
Qais Ahmad,27,208,187,17,88,11,14,12.24,111.23,47.06,13.37
K Sinclair,18,208,433,19,316,21,1,10.95,48.04,72.98,5.08
SD Parris,12,208,203,12,102,8,15,17.33,102.46,50.25,11.33
Amir Butt,8,208,159,8,69,9,14,26.0,130.82,43.4,14.47
SN Netravalkar,47,207,329,22,206,17,3,9.41,62.92,62.61,6.08
KJ Abbott,32,207,492,26,375,18,2,7.96,42.07,76.22,4.07
TN de Grooth,17,206,277,15,158,19,1,13.73,74.37,57.04,7.22
ZN Carter,11,206,168,11,93,15,16,18.73,122.62,55.36,18.45
SL Verma,5,206,134,4,50,7,16,51.5,153.73,37.31,17.16
WS Jayantha,9,206,313,9,201,24,1,22.89,65.81,64.22,7.99
Kamran Khan,13,206,142,13,74,25,10,15.85,145.07,52.11,24.65
RA Clarke,13,205,201,9,88,22,2,22.78,101.99,43.78,11.94
J Little,38,205,229,19,122,21,5,10.79,89.52,53.28,11.35
HS Modi,13,205,448,10,300,15,0,20.5,45.76,66.96,3.35
SM Boland,40,205,496,25,380,24,0,8.2,41.33,76.61,4.84
A Mithun,13,205,330,13,231,22,5,15.77,62.12,70.0,8.18
PADLR Sandakan,36,204,452,26,339,25,0,7.85,45.13,75.0,5.53
M van Jaarsveld,7,204,389,9,289,29,0,22.67,52.44,74.29,7.46
JS Floros,20,204,190,14,76,17,6,14.57,107.37,40.0,12.11
Arshdeep Singh,56,204,207,31,110,20,6,6.58,98.55,53.14,12.56
J Jemison,24,204,264,19,135,15,2,10.74,77.27,51.14,6.44
GR Russ,19,203,239,11,116,18,2,18.45,84.94,48.54,8.37
CZ Harris,18,203,388,14,254,15,0,14.5,52.32,65.46,3.87
M Yunusu Issa,26,203,169,16,72,14,9,12.69,120.12,42.6,13.61
Saghar Manzoor,17,202,203,15,113,20,9,13.47,99.51,55.67,14.29
N Knights,15,202,161,15,82,16,13,13.47,125.47,50.93,18.01
Zada Sher,11,201,144,11,53,12,12,18.27,139.58,36.81,16.67
XJ Doherty,37,201,391,15,270,15,1,13.4,51.41,69.05,4.09
EF Beard,14,201,174,11,80,20,5,18.27,115.52,45.98,14.37
TP Ward,9,200,147,9,58,19,8,22.22,136.05,39.46,18.37
Bilawal Bhatti,16,200,259,12,168,22,5,16.67,77.22,64.86,10.42
BDH Stevens,13,200,207,13,97,19,3,15.38,96.62,46.86,10.63
DJS Dottin,11,199,147,8,61,22,8,24.88,135.37,41.5,20.41
RWT Key,10,199,515,13,396,21,0,15.31,38.64,76.89,4.08
Raza-ur-Rehman,8,199,239,8,136,27,0,24.88,83.26,56.9,11.3
Luis Hermida,14,199,270,11,128,11,0,18.09,73.7,47.41,4.07
C Bah,24,199,191,22,86,12,8,9.05,104.19,45.03,10.47
MT Steketee,37,199,196,27,94,11,9,7.37,101.53,47.96,10.2
AJ Burger,6,199,198,6,107,25,3,33.17,100.51,54.04,14.14
DC Stovell,15,198,192,9,78,13,3,22.0,103.12,40.62,8.33
S Mathur,16,198,224,13,94,11,4,15.23,88.39,41.96,6.7
MFI Assuncao,20,198,230,20,127,17,3,9.9,86.09,55.22,8.7
Waheed Ahmed,18,197,235,11,139,14,11,17.91,83.83,59.15,10.64
Urvil Patel,10,197,96,10,38,11,20,19.7,205.21,39.58,32.29
NW Bracken,39,197,306,20,189,12,3,9.85,64.38,61.76,4.9
TW Hartley,6,197,293,10,206,24,6,19.7,67.24,70.31,10.24
AN Toube,21,197,206,21,116,13,10,9.38,95.63,56.31,11.17
S Ramakrishnan,7,197,156,6,52,22,4,32.83,126.28,33.33,16.67
Paing Danu,17,196,228,16,131,15,9,12.25,85.96,57.46,10.53
G Sesay,28,196,303,20,189,10,7,9.8,64.69,62.38,5.61
Jitin Singh,15,196,180,15,81,26,1,13.07,108.89,45.0,15.0
GD McGrath,34,196,424,21,314,15,1,9.33,46.23,74.06,3.77
LJ Leokaoke,8,196,167,6,87,28,4,32.67,117.37,52.1,19.16
L Shaw,11,196,136,8,41,19,6,24.5,144.12,30.15,18.38
JK Kamande,24,195,397,23,271,15,1,8.48,49.12,68.26,4.03
TM Beaton,11,194,128,6,30,14,7,32.33,151.56,23.44,16.41
AD Dore,13,194,181,12,89,20,4,16.17,107.18,49.17,13.26
TJ Murtagh,26,194,230,14,122,20,2,13.86,84.35,53.04,9.57
Zain Ahmad,16,194,180,16,87,24,3,12.12,107.78,48.33,15.0
Kazim Somani,16,194,233,11,108,15,2,17.64,83.26,46.35,7.3
ZGF Foulkes,23,194,262,12,170,18,5,16.17,74.05,64.89,8.78
Usman Najeeb,20,194,147,14,62,9,13,13.86,131.97,42.18,14.97
AS Raut,16,194,167,9,62,13,7,21.56,116.17,37.13,11.98
DA Mehta,13,194,194,12,100,26,2,16.17,100.0,51.55,14.43
T Westley,5,193,453,8,377,33,0,24.12,42.6,83.22,7.28
MVT Fernando,31,193,679,26,582,19,1,7.42,28.42,85.71,2.95
Mukhtar Ahmed,7,193,137,7,52,23,5,27.57,140.88,37.96,20.44
GM Hamilton,14,192,317,14,193,15,1,13.71,60.57,60.88,5.05
GB Brent,18,192,298,11,174,13,3,17.45,64.43,58.39,5.37
Mohammad Aadil Alam,15,192,171,14,82,14,10,13.71,112.28,47.95,14.04
Abdul Shakoor,14,192,245,12,117,14,2,16.0,78.37,47.76,6.53
YV Takawale,10,192,178,8,95,26,3,24.0,107.87,53.37,16.29
GC Viljoen,13,192,165,10,74,17,9,19.2,116.36,44.85,15.76
A Halbhavi,16,191,180,16,91,25,3,11.94,106.11,50.56,15.56
Zeerak Chughtai,16,191,204,11,94,14,5,17.36,93.63,46.08,9.31
HMHE Parsons,14,191,167,12,80,16,9,15.92,114.37,47.9,14.97
Praveen Santhanakrishnan,16,191,209,15,114,22,4,12.73,91.39,54.55,12.44
KHM James,11,191,153,11,74,17,11,17.36,124.84,48.37,18.3
S Burdekin,14,191,180,13,95,16,8,14.69,106.11,52.78,13.33
Yasser Nazir,13,191,171,11,82,21,7,17.36,111.7,47.95,16.37
U Aryaman Sunil,21,191,152,16,65,11,12,11.94,125.66,42.76,15.13
L Embuldeniya,16,191,583,26,493,17,6,7.35,32.76,84.56,3.95
Ziaur Rahman,20,191,203,18,116,13,11,10.61,94.09,57.14,11.82
TE Tsiga,9,190,518,14,419,24,0,13.57,36.68,80.89,4.63
NK Tiwari,13,190,214,12,113,15,5,15.83,88.79,52.8,9.35
BC Fortuin,27,190,211,20,98,17,3,9.5,90.05,46.45,9.48
Shafiq Sharif,12,190,157,11,70,24,4,17.27,121.02,44.59,17.83
C Zhuwao,12,190,172,12,103,23,10,15.83,110.47,59.88,19.19
XSD Smith,14,190,178,10,66,7,8,19.0,106.74,37.08,8.43
M Khojbariya,19,189,184,14,84,21,2,13.5,102.72,45.65,12.5
J Fernando,12,189,147,10,53,12,9,18.9,128.57,36.05,14.29
Ismail Ali,15,189,169,14,79,10,11,13.5,111.83,46.75,12.43
Umar Nawaz,9,189,188,9,104,16,9,21.0,100.53,55.32,13.3
A McGrath,12,189,405,10,282,15,0,18.9,46.67,69.63,3.7
Muhammad Soban,9,189,173,9,70,23,1,21.0,109.25,40.46,13.87
Akash Deep,15,188,317,17,244,22,8,11.06,59.31,76.97,9.46
RP Yadav,15,188,132,11,41,14,10,17.09,142.42,31.06,18.18
OJR Groves,6,188,158,4,59,13,8,47.0,118.99,37.34,13.29
Tanvir Ahmed (1),6,188,283,6,197,27,2,31.33,66.43,69.61,10.25
Bipul Sharma,17,187,123,8,33,11,9,23.38,152.03,26.83,16.26
R Clarke,11,187,423,12,308,14,1,15.58,44.21,72.81,3.55
Gurpratap Singh,10,187,133,10,63,10,15,18.7,140.6,47.37,18.8
H Lin Aung,28,187,301,27,197,9,10,6.93,62.13,65.45,6.31
N Nuntarach,30,187,300,27,164,10,1,6.93,62.33,54.67,3.67
ML Castillo,14,187,200,12,110,12,9,15.58,93.5,55.0,10.5
Ibrahim Hassan,28,187,244,23,120,9,5,8.13,76.64,49.18,5.74
Kaleem Sana,32,186,208,18,119,9,12,10.33,89.42,57.21,10.1
A Manepalli,10,186,172,9,71,18,3,20.67,108.14,41.28,12.21
Shadnan Khan,12,186,147,9,57,13,9,20.67,126.53,38.78,14.97
JPR Scantlebury-Searles,27,186,173,19,86,16,9,9.79,107.51,49.71,14.45
AA Jasani,6,185,152,5,63,15,6,37.0,121.71,41.45,13.82
A Reyes,18,185,210,12,101,17,2,15.42,88.1,48.1,9.05
TSS Mackintosh,10,185,215,9,102,18,1,20.56,86.05,47.44,8.84
H Lin Oo,23,184,223,16,116,18,1,11.5,82.51,52.02,8.52
Ainool Hafizs,29,184,192,24,81,12,4,7.67,95.83,42.19,8.33
RML Taylor,14,184,178,10,77,14,5,18.4,103.37,43.26,10.67
Haseeb Ghafoor,9,184,170,4,75,10,10,46.0,108.24,44.12,11.76
CA Rose,21,183,132,12,45,15,7,15.25,138.64,34.09,16.67
IH Romaine,13,183,361,12,255,20,1,15.25,50.69,70.64,5.82
Lucky Ali,17,183,212,11,100,14,0,16.64,86.32,47.17,6.6
MC Sorensen,15,182,210,10,105,12,5,18.2,86.67,50.0,8.1
Khurram Shahzad,21,182,391,24,304,23,2,7.58,46.55,77.75,6.39
C Musemez,6,182,129,6,57,15,12,30.33,141.09,44.19,20.93
KP Meiyappan,25,182,356,20,236,13,0,9.1,51.12,66.29,3.65
KO Wickham,11,181,180,11,80,10,7,16.45,100.56,44.44,9.44
TD Astle,10,181,344,10,243,18,2,18.1,52.62,70.64,5.81
LM Gabriel,17,181,212,16,125,22,2,11.31,85.38,58.96,11.32
Irfan Safi,17,181,154,12,77,13,12,15.08,117.53,50.0,16.23
A Yon,12,181,159,11,72,16,7,16.45,113.84,45.28,14.47
J Vijay,8,180,133,8,61,26,4,22.5,135.34,45.86,22.56
C Tlali,21,180,234,20,145,19,3,9.0,76.92,61.97,9.4
H Jangariya,8,180,142,7,64,20,8,25.71,126.76,45.07,19.72
Anwar Arudin,19,180,177,19,92,21,5,9.47,101.69,51.98,14.69
S Gopal,22,180,169,14,67,19,2,12.86,106.51,39.64,12.43
P Sarraf,24,179,234,21,152,20,6,8.52,76.5,64.96,11.11
N Chejay,15,179,234,13,120,14,2,13.77,76.5,51.28,6.84
AM Ellis,17,179,205,14,87,11,3,12.79,87.32,42.44,6.83
B Fitchet,14,179,176,14,99,21,5,12.79,101.7,56.25,14.77
Shashikant Laxman,17,178,169,17,93,23,4,10.47,105.33,55.03,15.98
Sidhant Singh,9,178,135,7,44,15,6,25.43,131.85,32.59,15.56
AR Adams,14,178,163,12,82,12,10,14.83,109.2,50.31,13.5
H Rathod,12,178,147,5,58,15,5,35.6,121.09,39.46,13.61
HD Weibgen,12,177,167,9,62,8,7,19.67,105.99,37.13,8.98
AB Sharma,7,177,137,7,61,28,2,25.29,129.2,44.53,21.9
MY Bawa,8,177,197,8,102,17,4,22.12,89.85,51.78,10.66
Azmatullah Omarzai,14,177,115,12,42,14,11,14.75,153.91,36.52,21.74
N Pradeep,51,177,455,41,375,23,1,4.32,38.9,82.42,5.27
NB Mahwire,13,176,421,12,334,22,2,14.67,41.81,79.33,5.7
Usman Limbada,7,176,229,5,126,18,1,35.2,76.86,55.02,8.3
RS Kaluwitharana,8,176,236,7,145,22,1,25.14,74.58,61.44,9.75
Ismail Kara,5,176,107,5,52,15,15,35.2,164.49,48.6,28.04
Abul Hasan,6,176,294,5,206,18,5,35.2,59.86,70.07,7.82
AAP Rivero,19,176,195,15,91,8,4,11.73,90.26,46.67,6.15
BKB Corbin,14,175,144,12,85,18,11,14.58,121.53,59.03,20.14
KS Lokuarachchi,14,175,228,13,112,8,3,13.46,76.75,49.12,4.82
S Vashisht,21,175,182,16,81,13,5,10.94,96.15,44.51,9.89
JR Barry,12,175,255,8,137,14,0,21.88,68.63,53.73,5.49
Muhammad Kashif,9,175,145,8,61,9,12,21.88,120.69,42.07,14.48
CAJ Meschede,4,174,113,3,40,9,13,58.0,153.98,35.4,19.47
WB Rankin,36,174,341,17,236,12,3,10.24,51.03,69.21,4.4
BF Calitz,11,174,123,9,38,10,10,19.33,141.46,30.89,16.26
CB Mpofu,53,174,443,35,349,9,6,4.97,39.28,78.78,3.39
Waqar Zalmai,24,174,139,14,62,11,12,12.43,125.18,44.6,16.55
A Sokovagone,6,174,129,6,53,10,12,29.0,134.88,41.09,17.05
Y Cariah,12,174,227,9,118,14,1,19.33,76.65,51.98,6.61
Rahat Ali,32,174,446,25,364,22,3,6.96,39.01,81.61,5.61
MK Thakur,15,173,144,11,57,10,9,15.73,120.14,39.58,13.19
STRA de Silva,12,173,202,10,101,13,1,17.3,85.64,50.0,6.93
Hassan Rasheed,16,173,201,16,94,9,6,10.81,86.07,46.77,7.46
Suryansh Shedge,12,173,112,9,36,10,12,19.22,154.46,32.14,19.64
TIF Triffitt,18,173,139,12,52,12,8,14.42,124.46,37.41,14.39
BA Parchment,9,172,364,11,282,19,2,15.64,47.25,77.47,5.77
DPS Sooriyabandara,2,172,307,3,214,20,1,57.33,56.03,69.71,6.84
W Wotu,20,172,174,17,89,5,12,10.12,98.85,51.15,9.77
Aslam Mohammad,9,171,142,9,73,11,12,19.0,120.42,51.41,16.2
Muhammad Yasin,11,171,153,11,69,16,6,15.55,111.76,45.1,14.38
Mohammed Al Balushi,5,171,142,5,78,19,10,34.2,120.42,54.93,20.42
Jakob Gul,18,171,142,17,60,7,12,10.06,120.42,42.25,13.38
CT Tremlett,22,171,394,18,306,15,2,9.5,43.4,77.66,4.31
M Choamba,22,170,242,18,137,9,3,9.44,70.25,56.61,4.96
F Nsubuga,22,170,158,15,76,9,10,11.33,107.59,48.1,12.03
KB Patil,15,170,195,15,104,11,4,11.33,87.18,53.33,7.69
K Klesse,6,170,157,6,62,11,6,28.33,108.28,39.49,10.83
MD Choudhary,10,170,120,6,48,11,12,28.33,141.67,40.0,19.17
C Carmichael,5,170,316,8,219,18,1,21.25,53.8,69.3,6.01
Abdul Wahid,10,170,131,8,44,13,8,21.25,129.77,33.59,16.03
Abrar Ahmed,36,170,225,24,156,23,5,7.08,75.56,69.33,12.44
DH Yagnik,17,170,137,10,55,23,2,17.0,124.09,40.15,18.25
CM Gautam,13,169,150,10,75,17,6,16.9,112.67,50.0,15.33
PJ Ongondo,30,169,263,23,167,10,5,7.35,64.26,63.5,5.7
HS Baidwan,17,169,220,13,112,14,1,13.0,76.82,50.91,6.82
TA Imlach,6,169,476,11,380,15,2,15.36,35.5,79.83,3.57
TS Chisoro,18,169,253,16,158,14,4,10.56,66.8,62.45,7.11
RA Young,5,169,419,7,330,19,1,24.14,40.33,78.76,4.77
Umar Siddiq,7,169,150,7,69,13,8,24.14,112.67,46.0,14.0
Shariq Munir,9,169,116,8,45,15,8,21.12,145.69,38.79,19.83
F Achelam,22,169,160,16,83,9,10,10.56,105.62,51.88,11.88
Saad Khan,11,168,157,11,76,15,6,15.27,107.01,48.41,13.38
J Theron,33,168,201,19,110,13,5,8.84,83.58,54.73,8.96
J Alegra,11,168,193,10,94,9,4,16.8,87.05,48.7,6.74
TP Kanwar,17,168,160,13,69,20,2,12.92,105.0,43.12,13.75
MJ Swepson,42,168,180,27,94,14,5,6.22,93.33,52.22,10.56
H Niaz,10,168,117,10,54,17,8,16.8,143.59,46.15,21.37
VV Morea,11,167,251,11,158,16,1,15.18,66.53,62.95,6.77
Choudry Share Ali,6,167,96,4,32,15,10,41.75,173.96,33.33,26.04
AS Mehmi,13,167,169,13,87,17,5,12.85,98.82,51.48,13.02
S Conteh,27,167,266,21,161,12,1,7.95,62.78,60.53,4.89
NA Rock,18,167,172,17,77,13,3,9.82,97.09,44.77,9.3
Jamshid Nasiri,12,167,146,10,62,12,7,16.7,114.38,42.47,13.01
Kaushal Kumar,10,167,171,8,92,20,4,20.88,97.66,53.8,14.04
N Bidaisee,12,167,161,10,69,8,9,16.7,103.73,42.86,10.56
KT Kasuza,5,167,545,8,458,14,2,20.88,30.64,84.04,2.94
LA Burns,15,167,147,10,50,15,2,16.7,113.61,34.01,11.56
Tamoor Sajjad,6,167,140,5,50,11,7,33.4,119.29,35.71,12.86
A Phillip,15,166,471,11,382,16,3,15.09,35.24,81.1,4.03
ED Silva,7,166,89,7,34,10,15,23.71,186.52,38.2,28.09
Ali Rahmon,9,166,141,8,66,20,3,20.75,117.73,46.81,16.31
SI Mahmood,22,166,262,20,174,18,1,8.3,63.36,66.41,7.25
HJ Jordaan,8,166,210,7,101,10,4,23.71,79.05,48.1,6.67
JC Balt,14,166,226,10,120,10,3,16.6,73.45,53.1,5.75
OC McCoy,33,166,152,18,92,14,12,9.22,109.21,60.53,17.11
K Weeraratne,9,165,174,7,70,10,3,23.57,94.83,40.23,7.47
J Taanyanda,3,165,112,2,40,13,8,82.5,147.32,35.71,18.75
MM Patel,46,165,284,24,194,19,2,6.88,58.1,68.31,7.39
BS Stephenson,11,164,140,8,65,11,9,20.5,117.14,46.43,14.29
Akhil Kumar,13,164,162,8,82,13,6,20.5,101.23,50.62,11.73
C Carter,12,164,232,11,140,19,0,14.91,70.69,60.34,8.19
M Vandrasi,8,164,156,6,62,17,1,27.33,105.13,39.74,11.54
MJ Cosgrove,10,164,168,10,85,15,4,16.4,97.62,50.6,11.31
GM Strydom,11,164,219,11,134,12,7,14.91,74.89,61.19,8.68
O Peters,8,164,136,7,69,9,12,23.43,120.59,50.74,15.44
PA Reddy,10,164,160,10,65,15,2,16.4,102.5,40.62,10.62
Kulwinderjeet Singh,10,163,116,9,57,18,9,18.11,140.52,49.14,23.28
L Klusener,8,163,152,3,66,9,8,54.33,107.24,43.42,11.18
Mujibur Ali,13,163,270,12,163,15,0,13.58,60.37,60.37,5.56
Ghazi Ghori,6,163,229,7,135,19,1,23.29,71.18,58.95,8.73
Zulqarnain Haider,10,162,302,8,215,19,0,20.25,53.64,71.19,6.29
N Jagadeesan,10,162,147,9,65,21,2,18.0,110.2,44.22,15.65
DP Michael,7,162,136,6,48,12,7,27.0,119.12,35.29,13.97
Khaibar Deldar,12,162,138,12,75,17,7,13.5,117.39,54.35,17.39
HG Kuhn,10,162,339,12,265,21,2,13.5,47.79,78.17,6.78
Sageer Ahmad,6,162,146,6,79,20,6,27.0,110.96,54.11,17.81
MA Abbas,6,162,203,6,103,8,4,27.0,79.8,50.74,5.91
RM Magare,13,162,146,12,59,19,2,13.5,110.96,40.41,14.38
Zaid Ahmad,14,162,157,11,70,9,6,14.73,103.18,44.59,9.55
JS Kundi,19,162,170,15,79,10,6,10.8,95.29,46.47,9.41
PP Ojha,52,161,655,24,541,10,1,6.71,24.58,82.6,1.68
Waqas Ahmad,12,161,100,8,37,10,12,20.12,161.0,37.0,22.0
K Piet,30,161,211,18,108,7,2,8.94,76.3,51.18,4.27
G Chohan,18,161,175,14,87,13,3,11.5,92.0,49.71,9.14
Tarun Sharma,16,161,168,15,79,12,6,10.73,95.83,47.02,10.71
Ayaz Dadabhai,15,161,150,13,58,9,7,12.38,107.33,38.67,10.67
MR Gillespie,20,161,218,14,142,16,4,11.5,73.85,65.14,9.17
Mansoor Safi,9,161,80,8,27,12,13,20.12,201.25,33.75,31.25
GEF Barnett,7,161,227,7,143,19,0,23.0,70.93,63.0,8.37
A Dhabe,16,161,174,7,81,8,6,23.0,92.53,46.55,8.05
FRJ Coleman,8,160,214,8,126,18,1,20.0,74.77,58.88,8.88
D Mohammed,6,160,221,5,156,21,4,32.0,72.4,70.59,11.31
A Nehra,55,160,283,33,192,13,5,4.85,56.54,67.84,6.36
Syed Haider,12,160,147,9,58,10,6,17.78,108.84,39.46,10.88
OJ Phillips,2,160,312,4,216,16,0,40.0,51.28,69.23,5.13
Danish Aziz,12,160,146,10,65,10,8,16.0,109.59,44.52,12.33
Jaskaran Singh,16,159,137,9,65,10,9,17.67,116.06,47.45,13.87
MM Sharma,42,159,209,22,123,14,4,7.23,76.08,58.85,8.61
Bilal Muhammad,13,159,83,9,22,7,12,17.67,191.57,26.51,22.89
Akshay Homraj,8,159,223,8,130,9,4,19.88,71.3,58.3,5.83
A Nao,27,159,161,12,77,14,4,13.25,98.76,47.83,11.18
P Thongsa,22,159,224,13,110,9,0,12.23,70.98,49.11,4.02
MP Kuhnemann,33,158,265,20,175,13,3,7.9,59.62,66.04,6.04
Mohammad Asif,36,158,469,34,386,19,0,4.65,33.69,82.3,4.05
LI Salomone,15,158,159,14,91,22,4,11.29,99.37,57.23,16.35
Qasim Akram,10,158,121,9,49,16,5,17.56,130.58,40.5,17.36
Saif-Ul Islam,5,158,124,4,45,16,2,39.5,127.42,36.29,14.52
Rizwan Mahmood,11,158,131,9,47,10,6,17.56,120.61,35.88,12.21
M Beitaki,15,158,167,14,91,11,8,11.29,94.61,54.49,11.38
R Nath,11,158,177,10,93,12,6,15.8,89.27,52.54,10.17
JM Vujinovich,13,157,242,12,126,10,1,13.08,64.88,52.07,4.55
R Davson,13,157,205,12,119,15,3,13.08,76.59,58.05,8.78
S Koppolu,14,157,149,12,70,15,4,13.08,105.37,46.98,12.75
Raja Shoaib,9,157,175,6,86,15,2,26.17,89.71,49.14,9.71
GS Sandhu,30,157,153,13,64,11,3,12.08,102.61,41.83,9.15
N Senamontree,32,157,255,18,126,5,0,8.72,61.57,49.41,1.96
V Nigam,10,157,89,8,28,18,8,19.62,176.4,31.46,29.21
RK Kleinveldt,13,157,195,11,131,11,10,14.27,80.51,67.18,10.77
Arshad Khan,14,156,112,6,43,7,11,26.0,139.29,38.39,16.07
Zahidullah Kamal,12,156,177,11,78,10,2,14.18,88.14,44.07,6.78
PJ Malan,3,156,530,6,429,11,0,26.0,29.43,80.94,2.08
Jai Sinh,13,156,138,11,66,9,10,14.18,113.04,47.83,13.77
FL Reifer,9,156,333,11,230,12,2,14.18,46.85,69.07,4.2
S Kharvi,17,156,175,16,100,9,8,9.75,89.14,57.14,9.71
JD Allan,16,155,177,15,89,13,2,10.33,87.57,50.28,8.47
M Dindyal,8,155,129,8,70,13,10,19.38,120.16,54.26,17.83
L Balaji,27,155,207,18,124,11,5,8.61,74.88,59.9,7.73
Saad Masood,7,155,110,7,44,21,4,22.14,140.91,40.0,22.73
SB Patel,13,155,134,13,67,12,9,11.92,115.67,50.0,15.67
CAH Stevenson,20,154,230,16,129,12,1,9.62,66.96,56.09,5.65
D Ravu,23,154,225,15,141,13,4,10.27,68.44,62.67,7.56
HJ Hunt,9,154,143,9,64,13,4,17.11,107.69,44.76,11.89
Zahoor Khan,46,154,280,26,191,11,4,5.92,55.0,68.21,5.36
Amandeep Singh,13,154,124,10,52,14,4,15.4,124.19,41.94,14.52
SK Atai,23,154,232,17,132,11,1,9.06,66.38,56.9,5.17
J Seymour,12,154,116,10,50,14,7,15.4,132.76,43.1,18.1
GK Berg,12,153,123,8,45,11,6,19.12,124.39,36.59,13.82
JJ van der Wath,15,153,125,11,57,7,10,13.91,122.4,45.6,13.6
A Kainessie,11,153,159,11,80,16,2,13.91,96.23,50.31,11.32
Dawood Ahmadzai,24,153,177,14,87,14,1,10.93,86.44,49.15,8.47
OAC Banks,5,153,356,5,270,15,2,30.6,42.98,75.84,4.78
NS Prasad,7,153,128,5,46,19,2,30.6,119.53,35.94,16.41
T Murphy,10,152,240,9,163,17,3,16.89,63.33,67.92,8.33
Naeem Gull,10,152,179,9,105,21,2,16.89,84.92,58.66,12.85
Muhammad Farooq,9,152,120,8,69,18,9,19.0,126.67,57.5,22.5
Ibrahim Kursad Dalyan,12,152,158,9,87,18,3,16.89,96.2,55.06,13.29
S Crowie,8,152,195,5,101,15,1,30.4,77.95,51.79,8.21
Umaid Asif,16,151,94,9,38,11,11,16.78,160.64,40.43,23.4
Ghulam Abbas Butt,13,151,127,13,69,18,5,11.62,118.9,54.33,18.11
Khin Aye,27,151,322,21,218,7,3,7.19,46.89,67.7,3.11
DN Wyatt,7,151,117,7,47,19,4,21.57,129.06,40.17,19.66
Waseem Yaqoob,12,151,201,12,121,13,4,12.58,75.12,60.2,8.46
N Dutta,12,150,170,6,81,7,7,25.0,88.24,47.65,8.24
AA Mulla,8,150,155,8,91,21,4,18.75,96.77,58.71,16.13
TKP Rajapaksha,13,150,200,13,118,17,1,11.54,75.0,59.0,9.0
A Otwani,12,150,149,12,75,19,2,12.5,100.67,50.34,14.09
ID Blackwell,19,150,227,17,141,17,1,8.82,66.08,62.11,7.93
Adnan Ilyas,8,150,146,8,61,11,3,18.75,102.74,41.78,9.59
A Sutherland,14,150,137,12,52,13,3,12.5,109.49,37.96,11.68
MJ Potts,16,150,289,11,206,16,2,13.64,51.9,71.28,6.23
Jahandad Khan,16,150,107,12,39,9,10,12.5,140.19,36.45,17.76
Taher Muhammad,16,150,204,16,110,10,3,9.38,73.53,53.92,6.37
Khuzaima Tanveer,8,149,108,6,49,6,14,24.83,137.96,45.37,18.52
Bakhtiar Tahiri,6,149,141,5,72,13,6,29.8,105.67,51.06,13.48
N Pathan,8,149,128,7,54,10,7,21.29,116.41,42.19,13.28
NJ Carey,6,149,105,4,24,20,0,37.25,141.9,22.86,19.05
Aamir Lal,9,149,127,7,54,7,9,21.29,117.32,42.52,12.6
Muhammed Manga,8,149,187,7,102,8,4,21.29,79.68,54.55,6.42
JA Prestwidge,14,149,124,10,56,11,8,14.9,120.16,45.16,15.32
Mohammad Kamran,13,149,133,10,61,14,4,14.9,112.03,45.86,13.53
JF Kloppenburg,4,149,232,4,142,9,4,37.25,64.22,61.21,5.6
M Machado,11,148,125,8,54,13,5,18.5,118.4,43.2,14.4
S Ashwathnarayana,7,148,103,4,40,9,9,37.0,143.69,38.83,17.48
Mohameed Taiwo,30,148,198,18,113,9,3,8.22,74.75,57.07,6.06
MO Jones,17,148,177,11,92,5,7,13.45,83.62,51.98,6.78
Shivam Sharma,11,148,178,9,90,9,5,16.44,83.15,50.56,7.87
H Venkataram,13,148,129,3,52,12,5,49.33,114.73,40.31,13.18
Amar Sharma,14,148,178,11,76,6,2,13.45,83.15,42.7,4.49
Rasheed Ali Mamadkhel,11,147,120,11,52,10,8,13.36,122.5,43.33,15.0
C Pengkumta,22,147,207,18,117,8,5,8.17,71.01,56.52,6.28
TR Gripper,5,147,359,8,281,18,0,18.38,40.95,78.27,5.01
Muhammad Younis,11,147,139,11,68,15,5,13.36,105.76,48.92,14.39
Sajid Khan Afridi,8,147,98,8,42,13,8,18.38,150.0,42.86,21.43
J Chialoufas,10,147,143,9,68,11,4,16.33,102.8,47.55,10.49
Kalhan Challu,8,147,108,5,19,10,3,29.4,136.11,17.59,12.04
RD Chahar,25,147,154,18,84,14,5,8.17,95.45,54.55,12.34
O Bascome,11,146,144,11,77,11,8,13.27,101.39,53.47,13.19
Usman Arif,10,146,80,10,33,6,15,14.6,182.5,41.25,26.25
D Wheatley,21,146,180,16,100,10,4,9.12,81.11,55.56,7.78
Sajid Liaqat,13,145,99,8,39,5,12,18.12,146.46,39.39,17.17
JP Behrendorff,35,145,147,13,54,7,2,11.15,98.64,36.73,6.12
CJ Borgas,11,145,135,10,48,10,2,14.5,107.41,35.56,8.89
JU Goolie,17,145,154,11,68,11,3,13.18,94.16,44.16,9.09
S Vidyut,8,145,109,8,49,21,3,18.12,133.03,44.95,22.02
J Neill,2,145,242,4,188,24,2,36.25,59.92,77.69,10.74
DDP D'Silva,11,144,227,7,136,13,0,20.57,63.44,59.91,5.73
Sachin Baby,11,144,118,9,44,11,5,16.0,122.03,37.29,13.56
KV Morea,26,144,185,13,102,10,4,11.08,77.84,55.14,7.57
I Elec,15,144,194,14,120,9,7,10.29,74.23,61.86,8.25
TK Joseph,23,144,160,20,83,7,5,7.2,90.0,51.88,7.5
B Laughlin,37,144,174,23,90,9,4,6.26,82.76,51.72,7.47
Yogev Nagavkar,9,143,183,8,104,15,0,17.88,78.14,56.83,8.2
MS Kasprowicz,17,143,288,14,206,13,0,10.21,49.65,71.53,4.51
Maidul Islam,8,143,149,8,71,13,4,17.88,95.97,47.65,11.41
G Manan,12,143,88,12,40,15,10,11.92,162.5,45.45,28.41
L Bonner,10,142,118,9,57,12,6,15.78,120.34,48.31,15.25
HJW Gardiner,7,142,213,7,132,16,0,20.29,66.67,61.97,7.51
Shahid Arshad,15,142,186,15,105,12,3,9.47,76.34,56.45,8.06
A Davidson Soler,10,142,120,5,37,11,1,28.4,118.33,30.83,10.0
NA Saini,14,142,172,6,99,15,3,23.67,82.56,57.56,10.47
Salvin Stanly,17,142,157,15,73,13,3,9.47,90.45,46.5,10.19
MB Loye,7,142,184,7,129,19,5,20.29,77.17,70.11,13.04
JAH Marshall,13,142,325,15,251,19,0,9.47,43.69,77.23,5.85
Ariful Haque,9,142,217,7,134,12,2,20.29,65.44,61.75,6.45
KJJ van Noortwijk,3,141,138,2,64,12,3,70.5,102.17,46.38,10.87
T Wangchuk,28,141,195,24,101,8,3,5.88,72.31,51.79,5.64
JS Lenton,11,141,105,6,38,9,6,23.5,134.29,36.19,14.29
A Mutreja,8,141,106,8,40,9,8,17.62,133.02,37.74,16.04
Mujeeb Ur Rahman,31,141,135,20,67,13,5,7.05,104.44,49.63,13.33
L Denny,11,141,144,10,55,10,1,14.1,97.92,38.19,7.64
Rohail Nazir,9,141,111,9,42,17,4,15.67,127.03,37.84,18.92
C Bogdanos,8,140,180,7,80,8,0,20.0,77.78,44.44,4.44
GS Bajwa,7,140,111,6,53,10,8,23.33,126.13,47.75,16.22
R Chandrika,5,140,448,10,369,11,0,14.0,31.25,82.37,2.46
C Hinze,18,140,137,12,57,11,2,11.67,102.19,41.61,9.49
C Kyewuta,22,140,115,10,47,9,7,14.0,121.74,40.87,13.91
JK Lalor,31,140,161,18,70,10,2,7.78,86.96,43.48,7.45
N Saini,10,140,141,10,65,16,0,14.0,99.29,46.1,11.35
R Klein,17,140,159,14,69,8,3,10.0,88.05,43.4,6.92
Sulaiman Ali,11,139,132,10,64,12,4,13.9,105.3,48.48,12.12
M Dale-Bradley,14,139,123,11,44,12,3,12.64,113.01,35.77,12.2
DB Loic,19,139,144,16,63,11,1,8.69,96.53,43.75,8.33
C Wright,23,139,178,16,90,5,3,8.69,78.09,50.56,4.49
Anmolpreet Singh,9,139,115,9,53,19,3,15.44,120.87,46.09,19.13
EH Hutchinson,7,139,133,5,70,10,7,27.8,104.51,52.63,12.78
Kamran Khan (2),7,139,127,7,69,14,7,19.86,109.45,54.33,16.54
Sahel Zadran,19,139,108,14,48,13,6,9.93,128.7,44.44,17.59
M Gill,6,139,191,5,102,13,1,27.8,72.77,53.4,7.33
U Bhatti,10,139,143,8,73,11,3,17.38,97.2,51.05,9.79
GI Hume,15,138,263,10,188,12,4,13.8,52.47,71.48,6.08
DE Bollinger,28,138,249,19,170,13,1,7.26,55.42,68.27,5.62
Wahidullah Usmani,6,138,137,6,67,14,2,23.0,100.73,48.91,11.68
D Gough,14,138,215,8,130,12,1,17.25,64.19,60.47,6.05
ARI Umeed,4,138,139,3,80,18,3,46.0,99.28,57.55,15.11
P Manning,13,138,203,11,114,10,1,12.55,67.98,56.16,5.42
Yusuf Ebrahim,15,137,196,15,105,8,0,9.13,69.9,53.57,4.08
Anique Uddin,12,137,172,12,76,8,1,11.42,79.65,44.19,5.23
DJ Worrall,20,137,112,10,41,12,4,13.7,122.32,36.61,14.29
Mohammad Hasnain,32,137,134,14,76,19,3,9.79,102.24,56.72,16.42
SM Sharma,11,136,142,6,72,7,5,22.67,95.77,50.7,8.45
NRJ Young,16,136,137,11,69,4,9,12.36,99.27,50.36,9.49
J Dzulfikar,16,136,172,13,100,14,2,10.46,79.07,58.14,9.3
JA Duffy,24,136,182,12,112,19,0,11.33,74.73,61.54,10.44
M Bhaiji,8,136,105,8,44,9,8,17.0,129.52,41.9,16.19
L Wood,28,136,137,19,67,8,6,7.16,99.27,48.91,10.22
S Anirudha,12,136,113,8,45,9,7,17.0,120.35,39.82,14.16
T Whiteman,7,136,115,5,50,14,4,27.2,118.26,43.48,15.65
YP Dayal,13,136,158,10,66,4,3,13.6,86.08,41.77,4.43
ML Kostic,13,136,143,11,72,13,4,12.36,95.1,50.35,11.89
RJ Hatchman,13,135,94,12,39,9,8,11.25,143.62,41.49,18.09
D Jakiel,20,135,194,13,102,7,1,10.38,69.59,52.58,4.12
RN Lewis,10,135,139,10,68,2,8,13.5,97.12,48.92,7.19
HC Knight,8,135,96,6,33,18,3,22.5,140.62,34.38,21.88
HDPK Dharmasena,9,135,170,8,80,9,0,16.88,79.41,47.06,5.29
HK Badani,5,135,174,3,90,9,1,45.0,77.59,51.72,5.75
M Koli,16,135,122,9,44,10,2,15.0,110.66,36.07,9.84
DB Lakhani,10,135,123,9,56,12,6,15.0,109.76,45.53,14.63
SB Wagh,9,135,164,9,77,10,1,15.0,82.32,46.95,6.71
OD Hald,14,134,114,11,44,9,5,12.18,117.54,38.6,12.28
PD Hennessy,8,134,142,7,61,6,4,19.14,94.37,42.96,7.04
PA Browne,5,134,179,4,106,7,6,33.5,74.86,59.22,7.26
A Prashar,10,134,82,8,24,8,9,16.75,163.41,29.27,20.73
N de Klerk,7,134,98,4,34,13,5,33.5,136.73,34.69,18.37
CW Perchard,19,133,145,11,67,5,7,12.09,91.72,46.21,8.28
WA Agar,22,133,122,14,52,11,2,9.5,109.02,42.62,10.66
NJ Ferraby,13,133,135,13,71,19,0,10.23,98.52,52.59,14.07
S Mahmood,21,133,240,10,162,8,3,13.3,55.42,67.5,4.58
J Glen,11,133,111,8,56,9,9,16.62,119.82,50.45,16.22
VC Drakes,11,133,272,10,197,13,1,13.3,48.9,72.43,5.15
Rahel Khan,6,133,100,6,53,12,8,22.17,133.0,53.0,20.0
ML Love,4,133,322,5,251,10,0,26.6,41.3,77.95,3.11
JC Tongue,14,133,306,18,242,18,0,7.39,43.46,79.08,5.88
JM Bird,32,133,246,13,157,8,1,10.23,54.07,63.82,3.66
G Schachat,8,133,132,5,50,10,3,26.6,100.76,37.88,9.85
S Fanning,5,133,94,5,31,11,6,26.6,141.49,32.98,18.09
PF Gallagher,16,133,104,14,52,12,8,9.5,127.88,50.0,19.23
TJ Friend,7,132,169,7,103,14,2,18.86,78.11,60.95,9.47
D Keulder,6,132,220,6,133,11,0,22.0,60.0,60.45,5.0
OJ Webster,6,132,95,6,36,14,5,22.0,138.95,37.89,20.0
S Badree,35,132,164,15,69,4,3,8.8,80.49,42.07,4.27
SP Khakurel,11,132,239,11,153,7,1,12.0,55.23,64.02,3.35
Ijaz Hussain,19,132,148,14,74,13,1,9.43,89.19,50.0,9.46
Shaof Hassan,10,132,100,8,42,10,7,16.5,132.0,42.0,17.0
DS Kulkarni,23,132,137,9,58,9,3,14.67,96.35,42.34,8.76
Muhammad Arfan,10,132,119,6,46,11,3,22.0,110.92,38.66,11.76
Abdul Hashim,15,131,154,11,77,10,2,11.91,85.06,50.0,7.79
Tanzeel Sheikh,10,131,86,9,37,11,8,14.56,152.33,43.02,22.09
S Tosic,15,131,236,12,137,8,0,10.92,55.51,58.05,3.39
Rohit Sharma,3,131,72,3,24,14,7,43.67,181.94,33.33,29.17
R Panchal,13,131,178,8,88,3,4,16.38,73.6,49.44,3.93
Bazid Khan,5,131,232,5,144,7,1,26.2,56.47,62.07,3.45
TJG Pringle,20,131,152,18,79,5,5,7.28,86.18,51.97,6.58
D Bau,8,130,219,7,135,10,1,18.57,59.36,61.64,5.02
Aslan Jafri,12,130,118,12,51,11,3,10.83,110.17,43.22,11.86
Amad Butt,15,130,91,10,35,9,8,13.0,142.86,38.46,18.68
S Pillai,10,130,188,10,120,15,2,13.0,69.15,63.83,9.04
Zuhaib Zubair,16,130,112,11,49,9,5,11.82,116.07,43.75,12.5
V Hirlal,13,130,194,12,120,11,2,10.83,67.01,61.86,6.7
Z de Bruyn,2,130,344,2,270,9,3,65.0,37.79,78.49,3.49
K Tathgur,10,129,113,8,48,5,8,16.12,114.16,42.48,11.5
Imran Butt (2),4,129,360,6,288,14,0,21.5,35.83,80.0,3.89
DJ Thornely,13,129,119,8,49,5,7,16.12,108.4,41.18,10.08
ML Cummins,17,129,346,17,291,14,4,7.59,37.28,84.1,5.2
Tashi Phuntsho,15,129,191,11,87,4,1,11.73,67.54,45.55,2.62
K Sathish,8,128,132,8,63,13,2,16.0,96.97,47.73,11.36
OP Stone,13,128,273,14,207,14,1,9.14,46.89,75.82,5.49
Farhan Yousaf,7,128,84,5,25,10,7,25.6,152.38,29.76,20.24
J Trembeath-Moro,6,128,148,5,75,10,3,25.6,86.49,50.68,8.78
Adnan Mirza,9,128,99,9,49,22,2,14.22,129.29,49.49,24.24
Muhammad Akhlaq,9,128,98,9,47,15,6,14.22,130.61,47.96,21.43
F Stoman,14,128,169,11,88,5,4,11.64,75.74,52.07,5.33
N Salekar,12,128,154,11,65,6,1,11.64,83.12,42.21,4.55
MJJ Critchley,6,128,111,5,39,5,6,25.6,115.32,35.14,9.91
ZE Surkari,8,127,292,7,202,7,0,18.14,43.49,69.18,2.4
N Zimonjic,19,127,129,18,69,9,6,7.06,98.45,53.49,11.63
KO Meth,9,127,228,9,157,12,2,14.11,55.7,68.86,6.14
P Dogra,12,127,138,11,60,4,5,11.55,92.03,43.48,6.52
K Lesporis,9,127,113,7,47,13,3,18.14,112.39,41.59,14.16
A Kadowaki Fleming,3,127,79,2,14,10,2,63.5,160.76,17.72,15.19
P Jayeshbhai Patel,11,127,171,11,111,16,2,11.55,74.27,64.91,10.53
GG Alta,12,126,147,12,78,7,6,10.5,85.71,53.06,8.84
M Bhatia,9,126,87,9,37,9,9,14.0,144.83,42.53,20.69
P Vastrakar,11,126,108,9,40,11,3,14.0,116.67,37.04,12.96
DVD Madampage,14,126,153,13,86,9,5,9.69,82.35,56.21,9.15
Zafar Gohar,10,126,186,7,129,14,2,18.0,67.74,69.35,8.6
SS Prabhudessai,10,126,106,10,48,11,4,12.6,118.87,45.28,14.15
CD Collymore,29,125,336,23,268,8,2,5.43,37.2,79.76,2.98
BB Samantray,8,125,113,5,45,13,2,25.0,110.62,39.82,13.27
RJ Trott,11,125,247,6,166,10,0,20.83,50.61,67.21,4.05
Danyal Raja,18,125,158,14,81,11,1,8.93,79.11,51.27,7.59
Dhiman Ghosh,12,125,201,10,120,9,1,12.5,62.19,59.7,4.98
Marshall Ayub,3,125,291,6,227,13,1,20.83,42.96,78.01,4.81
Aditya Panwar,7,125,103,5,40,7,5,25.0,121.36,38.83,11.65
E Duff,14,125,204,14,124,12,0,8.93,61.27,60.78,5.88
ML Nkala,10,125,175,9,105,12,2,13.89,71.43,60.0,8.0
LC Le Tissier,11,125,98,9,41,16,3,13.89,127.55,41.84,19.39
NJ Rimmington,18,125,126,10,52,5,4,12.5,99.21,41.27,7.14
PJ van Biljon,8,125,101,6,38,10,4,20.83,123.76,37.62,13.86
MB Tambe,24,125,172,16,87,6,2,7.81,72.67,50.58,4.65
Waqar Ul Hassan,5,125,104,4,37,9,5,31.25,120.19,35.58,13.46
LJ Barker,14,125,131,13,64,17,0,9.62,95.42,48.85,12.98
MC Juneja,7,125,128,7,48,11,1,17.86,97.66,37.5,9.38
C Sudarsanan,17,125,170,12,89,9,1,10.42,73.53,52.35,5.88
JOP Scamans,13,124,128,11,58,8,1,11.27,96.88,45.31,7.03
KDA Lukies,14,124,121,8,52,8,4,15.5,102.48,42.98,9.92
Dipanjan Dey,5,124,93,3,26,8,3,41.33,133.33,27.96,11.83
PD McGlashan,11,124,115,9,50,12,3,13.78,107.83,43.48,13.04
RJ Ainsworth,10,124,132,5,66,10,3,24.8,93.94,50.0,9.85
CJ Langford,13,124,113,8,46,10,3,15.5,109.73,40.71,11.5
Washeem Abbas,28,124,103,17,48,8,8,7.29,120.39,46.6,15.53
Muhammad Moiz,14,124,96,14,46,11,7,8.86,129.17,47.92,18.75
MJ Scotland,7,123,119,4,46,9,2,30.75,103.36,38.66,9.24
D Klein,17,123,99,12,40,10,5,10.25,124.24,40.4,15.15
Subham Patel,7,123,108,6,58,13,5,20.5,113.89,53.7,16.67
LS Boucher,8,123,124,7,58,13,3,17.57,99.19,46.77,12.9
Vineet Shah,9,122,140,7,57,10,1,17.43,87.14,40.71,7.86
M Dillon,13,122,213,12,154,13,2,10.17,57.28,72.3,7.04
Akhil Arjunan,11,122,140,9,57,7,1,13.56,87.14,40.71,5.71
ROC Dunka,15,122,131,13,63,5,4,9.38,93.13,48.09,6.87
JP Maher,6,122,186,5,120,9,3,24.4,65.59,64.52,6.45
Umair Tariq,17,122,118,11,54,11,2,11.09,103.39,45.76,11.02
S Ravikumar,11,122,188,11,110,6,2,11.09,64.89,58.51,4.26
AJ Jabiri,15,122,212,15,138,11,1,8.13,57.55,65.09,5.66
MHW Papps,8,121,334,12,274,19,0,10.08,36.23,82.04,5.69
Ismaila Tanba,9,121,100,7,48,16,3,17.29,121.0,48.0,19.0
KA Anderson,12,121,143,11,63,6,2,11.0,84.62,44.06,5.59
K Mendon,6,121,118,5,54,9,3,24.2,102.54,45.76,10.17
H Khogiyani,10,121,78,7,35,9,9,17.29,155.13,44.87,23.08
TH Tector,7,121,85,7,35,16,4,17.29,142.35,41.18,23.53
SIR Dunkley,6,121,69,6,28,19,3,20.17,175.36,40.58,31.88
S Arora,10,121,77,6,29,9,9,20.17,157.14,37.66,23.38
Niraj Patel,6,121,119,4,56,14,1,30.25,101.68,47.06,12.61
J Anderson,7,121,202,7,139,17,0,17.29,59.9,68.81,8.42
N Madziva,17,121,184,11,118,9,3,11.0,65.76,64.13,6.52
C Greenshields,6,121,112,3,51,11,3,40.33,108.04,45.54,12.5
Farzan Afzal,4,121,115,3,53,8,6,40.33,105.22,46.09,12.17
VM Nyauchi,15,121,254,14,193,15,1,8.64,47.64,75.98,6.3
AE Isesele,16,121,131,13,65,8,4,9.31,92.37,49.62,9.16
SE Findlay,6,120,168,5,103,13,2,24.0,71.43,61.31,8.93
HGV Vare,21,120,144,17,80,13,1,7.06,83.33,55.56,9.72
YS Chahal,37,120,240,18,162,8,0,6.67,50.0,67.5,3.33
GC Murtaza,16,120,132,13,66,10,4,9.23,90.91,50.0,10.61
DL Brangman,15,120,123,7,54,9,2,17.14,97.56,43.9,8.94
B Doggett,20,120,157,10,94,11,2,12.0,76.43,59.87,8.28
KJ Cottoy,9,120,104,4,43,9,5,30.0,115.38,41.35,13.46
Syed Rasel,30,120,267,23,200,14,0,5.22,44.94,74.91,5.24
S Pandey,15,120,100,5,28,12,1,24.0,120.0,28.0,13.0
J Edness,5,119,211,5,140,13,0,23.8,56.4,66.35,6.16
TS Roland-Jones,5,119,155,4,108,15,4,29.75,76.77,69.68,12.26
S Loday,11,119,154,9,68,7,0,13.22,77.27,44.16,4.55
RGA Amah,10,119,166,10,89,10,1,11.9,71.69,53.61,6.63
LA Musiani,10,118,116,9,45,7,1,13.11,101.72,38.79,6.9
Naveen-ul-Haq,19,118,127,8,63,9,3,14.75,92.91,49.61,9.45
BJ Patel,10,118,241,9,180,15,0,13.11,48.96,74.69,6.22
Mujeeb-ur-Rehman,12,118,127,9,47,10,0,13.11,92.91,37.01,7.87
WER Somerville,6,118,494,9,415,9,0,13.11,23.89,84.01,1.82
H Satheedevi,8,118,84,7,36,9,8,16.86,140.48,42.86,20.24
Sohel Patel,9,118,121,9,59,13,0,13.11,97.52,48.76,10.74
Waqar Khan,14,118,119,13,62,8,6,9.08,99.16,52.1,11.76
DJ Vilas,8,118,233,12,171,14,0,9.83,50.64,73.39,6.01
Avesh Khan,25,118,92,9,44,12,6,13.11,128.26,47.83,19.57
Marcelle Hanekom,9,118,126,8,59,13,1,14.75,93.65,46.83,11.11
RC Irani,10,118,200,8,118,7,0,14.75,59.0,59.0,3.5
Gurpreet Singh,9,117,130,9,60,8,1,13.0,90.0,46.15,6.92
Abdul Rahman,7,117,117,5,38,9,1,23.4,100.0,32.48,8.55
JP Wood,6,117,92,6,39,7,7,19.5,127.17,42.39,15.22
WA Simpson,6,117,87,3,31,7,6,39.0,134.48,35.63,14.94
Anthony Hillman,4,117,95,2,22,10,0,58.5,123.16,23.16,10.53
JEA Doctora,13,117,144,9,82,9,4,13.0,81.25,56.94,9.03
KS Bagabena,20,117,135,12,59,5,1,9.75,86.67,43.7,4.44
Huzaifa Mohammed,13,116,154,5,68,3,1,23.2,75.32,44.16,2.6
Mohammad Khan Rafah,8,116,79,7,39,5,10,16.57,146.84,49.37,18.99
Amir Khan,8,116,115,6,46,8,2,19.33,100.87,40.0,8.7
SC Joseph,7,116,250,9,182,10,2,12.89,46.4,72.8,4.8
Ethan D'Souza,9,116,120,8,51,11,1,14.5,96.67,42.5,10.0
BV Vitori,17,116,161,13,113,12,5,8.92,72.05,70.19,10.56
Khalid Shah,7,116,103,7,52,10,6,16.57,112.62,50.49,15.53
Aman Hakim Khan,10,115,104,9,50,8,6,12.78,110.58,48.08,13.46
Sanwar Hossain,9,115,199,8,125,9,0,14.38,57.79,62.81,4.52
GM Ntambalika,7,115,101,6,39,7,4,19.17,113.86,38.61,10.89
DE Roache,7,115,98,6,54,9,8,19.17,117.35,55.1,17.35
AJ Ayannaike,17,115,149,17,85,9,3,6.76,77.18,57.05,8.05
Simran Shaikh,14,115,117,12,53,11,3,9.58,98.29,45.3,11.97
Eric Phiri,10,115,131,9,74,15,2,12.78,87.79,56.49,12.98
K Mothlhanka,7,115,123,7,59,11,2,16.43,93.5,47.97,10.57
TP Alsop,6,115,91,5,29,5,5,23.0,126.37,31.87,10.99
D Maisuria,19,115,152,13,80,4,3,8.85,75.66,52.63,4.61
R Mupfudza,5,115,121,4,58,9,3,28.75,95.04,47.93,9.92
DJ Jacobs,9,115,131,9,78,11,5,12.78,87.79,59.54,12.21
Fitri Sham,19,115,118,14,58,4,7,8.21,97.46,49.15,9.32
Irfan Ahmed,9,115,150,9,104,13,5,12.78,76.67,69.33,12.0
MV Pavlovic,17,115,170,17,101,13,0,6.76,67.65,59.41,7.65
Walid Sahibzada,5,115,86,4,40,13,5,28.75,133.72,46.51,20.93
F Akankwasa,17,114,115,12,57,12,2,9.5,99.13,49.57,12.17
Naim Stanikzai,4,114,81,2,33,10,6,57.0,140.74,40.74,19.75
Mohammed Irshad,11,114,107,9,50,4,8,12.67,106.54,46.73,11.21
Suhrawadi Shuvo,12,114,178,9,108,10,1,12.67,64.04,60.67,6.18
Asif Bevinje,7,114,98,7,46,12,4,16.29,116.33,46.94,16.33
Ravi Bishnoi,32,114,123,19,65,12,3,6.0,92.68,52.85,12.2
BJ Lazarus,8,113,147,8,71,11,0,14.12,76.87,48.3,7.48
TA Griffith,8,113,103,7,46,9,4,16.14,109.71,44.66,12.62
Bilal Asif,7,113,225,11,171,12,2,10.27,50.22,76.0,6.22
HK Kukreja,6,113,115,6,47,12,0,18.83,98.26,40.87,10.43
GM Ewing,8,113,172,10,104,14,0,11.3,65.7,60.47,8.14
I Tchakou,20,113,169,20,112,14,1,5.65,66.86,66.27,8.88
T Shamsi,45,113,223,14,152,9,0,8.07,50.67,68.16,4.04
DL Maddy,4,113,80,4,26,12,3,28.25,141.25,32.5,18.75
PM Pushpakumara,6,113,250,8,201,15,3,14.12,45.2,80.4,7.2
TBM de Leede,9,113,206,8,136,10,1,14.12,54.85,66.02,5.34
HA Chohan,17,113,74,11,29,8,7,10.27,152.7,39.19,20.27
WK McCallan,16,112,190,12,121,10,0,9.33,58.95,63.68,5.26
LP van Troost,9,112,160,7,100,9,3,16.0,70.0,62.5,7.5
JA Foo,10,111,77,8,27,8,6,13.88,144.16,35.06,18.18
J Baleicikoibia,10,111,157,10,91,8,2,11.1,70.7,57.96,6.37
Zabiullah Zahid,10,111,56,6,20,7,10,18.5,198.21,35.71,30.36
AK Perera,9,111,148,9,77,8,1,12.33,75.0,52.03,6.08
Abdullah Khan Lodhi,7,111,127,7,65,13,0,15.86,87.4,51.18,10.24
JNK Shannon,8,111,89,8,46,12,5,13.88,124.72,51.69,19.1
M Kadyan,10,111,87,7,45,11,6,15.86,127.59,51.72,19.54
JS Foster,7,110,263,6,197,5,1,18.33,41.83,74.9,2.28
SJ French,10,110,132,9,69,5,5,12.22,83.33,52.27,7.58
Robert Raina,9,110,116,9,63,13,3,12.22,94.83,54.31,13.79
Gulraiz Sadaf,5,110,121,3,56,8,3,36.67,90.91,46.28,9.09
C de Lange,6,110,206,5,138,8,0,22.0,53.4,66.99,3.88
KS Gautam,11,110,90,10,36,9,5,11.0,122.22,40.0,15.56
R Hashu,9,109,80,3,24,2,6,36.33,136.25,30.0,10.0
JT Ball,11,109,180,13,132,15,1,8.38,60.56,73.33,8.89
V Shaw,12,109,139,11,86,7,4,9.91,78.42,61.87,7.91
SR Patil,15,109,72,5,27,17,2,21.8,151.39,37.5,26.39
LD Pfeffer,4,109,95,4,37,9,3,27.25,114.74,38.95,12.63
K Suttisan,6,109,85,6,44,11,5,18.17,128.24,51.76,18.82
K Santokie,21,109,119,11,64,5,7,9.91,91.6,53.78,10.08
C Forbes,9,109,133,9,80,15,1,12.11,81.95,60.15,12.03
SD Outerbridge,10,109,172,9,107,8,1,12.11,63.37,62.21,5.23
Naveed Ahmed,14,109,110,6,53,11,1,18.17,99.09,48.18,10.91
J Albin,12,109,134,6,72,11,0,18.17,81.34,53.73,8.21
R Murray,5,108,178,4,104,6,2,27.0,60.67,58.43,4.49
Firas Hussain,10,108,103,7,48,13,1,15.43,104.85,46.6,13.59
N Acawei,10,108,133,10,80,7,5,10.8,81.2,60.15,9.02
A Maregwede,8,108,179,7,118,10,1,15.43,60.34,65.92,6.15
M Sohel Patel,12,108,108,12,61,10,5,9.0,100.0,56.48,13.89
Ebadat Hossain,27,108,329,22,285,13,3,4.91,32.83,86.63,4.86
F Baleri,9,107,129,7,62,9,0,15.29,82.95,48.06,6.98
A Mene-Ejegi,10,107,69,9,27,10,6,11.89,155.07,39.13,23.19
G Kamalini,10,107,102,7,50,13,2,15.29,104.9,49.02,14.71
AJ Staal,10,107,75,7,32,7,7,15.29,142.67,42.67,18.67
CP Turkich,9,107,181,9,99,7,0,11.89,59.12,54.7,3.87
G Van Heerden,1,107,57,0,13,8,7,107.0,187.72,22.81,26.32
Abdulla Pervaiz,3,107,80,3,40,12,6,35.67,133.75,50.0,22.5
Zeeshan Sarwar,3,107,70,3,26,4,9,35.67,152.86,37.14,18.57
TB Sole,12,107,79,9,32,16,1,11.89,135.44,40.51,21.52
PHT Kaushal,8,106,245,11,203,16,0,9.64,43.27,82.86,6.53
FL Patel,11,106,90,11,43,13,2,9.64,117.78,47.78,16.67
AR Caddick,12,106,221,7,157,6,2,15.14,47.96,71.04,3.62
Shoaib Bashir,19,106,279,14,226,13,1,7.57,37.99,81.0,5.02
D Paterson,8,106,112,9,75,16,3,11.78,94.64,66.96,16.96
MPS Cheema,13,106,114,10,49,10,1,10.6,92.98,42.98,9.65
Jassim Khan,7,106,68,5,28,4,10,21.2,155.88,41.18,20.59
A Martel,14,106,99,10,53,13,3,10.6,107.07,53.54,16.16
A Rajshekara,7,106,110,5,55,9,4,21.2,96.36,50.0,11.82
NS Poonia,11,106,143,10,66,3,1,10.6,74.13,46.15,2.8
JD Freyone,13,105,138,11,77,8,2,9.55,76.09,55.8,7.25
G Bakiweyem,19,105,131,12,64,4,0,8.75,80.15,48.85,3.05
Shujaat Rasool,4,105,55,3,17,6,9,35.0,190.91,30.91,27.27
M Mosehle,6,105,65,5,25,6,9,21.0,161.54,38.46,23.08
NK Yadav,15,105,89,9,45,5,8,11.67,117.98,50.56,14.61
Mustafa Balkis,8,105,145,8,90,5,5,13.12,72.41,62.07,6.9
Sami Ullah,7,105,54,6,15,13,4,17.5,194.44,27.78,31.48
S Mba,7,105,144,5,83,11,1,21.0,72.92,57.64,8.33
D Marsic,8,105,164,8,102,9,2,13.12,64.02,62.2,6.71
HB Kayondo,4,104,98,4,37,6,4,26.0,106.12,37.76,10.2
M Ozturk,13,104,139,12,90,4,8,8.67,74.82,64.75,8.63
DA Minors,8,104,172,8,121,10,4,13.0,60.47,70.35,8.14
AM Rossington,3,104,69,3,26,16,2,34.67,150.72,37.68,26.09
D Nikolov,18,104,127,17,72,9,3,6.12,81.89,56.69,9.45
M Aboagye,14,104,152,13,78,5,0,8.0,68.42,51.32,3.29
CP Tremain,19,103,105,7,57,8,4,14.71,98.1,54.29,11.43
T Taylor,16,103,139,10,83,3,5,10.3,74.1,59.71,5.76
Mohammed Alamgir,10,103,88,7,46,11,5,14.71,117.05,52.27,18.18
Junaid Mehmood,11,103,121,10,61,7,2,10.3,85.12,50.41,7.44
I Ntirenganya,25,103,119,9,62,11,2,11.44,86.55,52.1,10.92
Habib Ahmadzai,7,103,101,6,46,10,1,17.17,101.98,45.54,10.89
Nishat Sakib,7,103,104,7,49,11,2,14.71,99.04,47.12,12.5
CC Machado,16,103,192,15,115,4,0,6.87,53.65,59.9,2.08
RDB Ahir,15,103,113,13,45,4,3,7.92,91.15,39.82,6.19
J Guatam,4,103,78,3,38,16,2,34.33,132.05,48.72,23.08
PN Khemnar,9,103,98,7,46,13,2,14.71,105.1,46.94,15.31
GPK Wijesingha,5,102,102,5,49,7,3,20.4,100.0,48.04,9.8
JS Paris,22,102,104,14,46,4,5,7.29,98.08,44.23,8.65
Breeze Ahir,10,102,125,8,70,9,1,12.75,81.6,56.0,8.0
Arjun Kumal,4,102,174,4,113,12,0,25.5,58.62,64.94,6.9
AM Bacher,5,102,175,5,119,12,0,20.4,58.29,68.0,6.86
Y Naing Tun,12,102,155,11,97,9,2,9.27,65.81,62.58,7.1
D Vrinda,9,102,118,9,65,15,0,11.33,86.44,55.08,12.71
DF Jacobs,9,102,159,9,104,12,2,11.33,64.15,65.41,8.81
WG Bosisto,10,102,105,7,45,11,0,14.57,97.14,42.86,10.48
Tshering Tashi,15,102,144,10,87,8,3,10.2,70.83,60.42,7.64
SM Tupou,10,102,128,10,66,4,5,10.2,79.69,51.56,7.03
Sojib Miah,6,102,57,5,21,12,5,20.4,178.95,36.84,29.82
JE Dunford,16,102,117,9,59,11,0,11.33,87.18,50.43,9.4
JP Netto,5,101,94,5,38,7,2,20.2,107.45,40.43,9.57
Boio Ray,8,101,103,8,43,5,3,12.62,98.06,41.75,7.77
RA Whiteley,12,101,98,8,35,3,4,12.62,103.06,35.71,7.14
AG Weligamage,10,101,92,6,48,4,8,16.83,109.78,52.17,13.04
J Vira,14,101,113,11,50,7,1,9.18,89.38,44.25,7.08
Al-Amin Hossain,17,101,159,8,121,12,5,12.62,63.52,76.1,10.69
Shaik Basha,9,101,104,8,47,3,5,12.62,97.12,45.19,7.69
Vasmiakram Chand,5,100,101,5,48,14,1,20.0,99.01,47.52,14.85
CD Shekleton,5,100,82,4,26,11,1,25.0,121.95,31.71,14.63
Nouman Sarwar,5,100,71,1,16,9,3,100.0,140.85,22.54,16.9
AM Phangiso,16,100,191,14,120,6,0,7.14,52.36,62.83,3.14
Kim Daeyeon,16,100,152,15,92,9,1,6.67,65.79,60.53,6.58
C Bisson,8,100,71,7,29,10,3,14.29,140.85,40.85,18.31
Zaheer Zahiri,13,99,76,5,30,9,4,19.8,130.26,39.47,17.11
Robiul Islam,10,99,204,11,163,13,3,9.0,48.53,79.9,7.84
Shahid Yousuf,6,99,97,5,38,9,1,19.8,102.06,39.18,10.31
S Rungrueang,22,99,158,17,89,1,3,5.82,62.66,56.33,2.53
Tajinder Singh,3,99,73,3,20,10,2,33.0,135.62,27.4,16.44
MS Gony,16,99,71,10,33,6,8,9.9,139.44,46.48,19.72
SD Chitnis,8,99,89,7,35,10,2,14.14,111.24,39.33,13.48
AR Berenger,8,99,135,8,92,12,3,12.38,73.33,68.15,11.11
J Bishop,12,99,81,6,41,7,7,16.5,122.22,50.62,17.28
R de Swardt,2,99,220,3,172,13,0,33.0,45.0,78.18,5.91
PC de Silva,8,99,118,7,54,10,0,14.14,83.9,45.76,8.47
CS Martin,51,99,485,40,430,10,0,2.48,20.41,88.66,2.06
MNR Cooray,3,99,76,2,34,12,3,49.5,130.26,44.74,19.74
CD de Lange,7,99,112,4,59,8,2,24.75,88.39,52.68,8.93
H Rashid,10,98,115,8,61,9,3,12.25,85.22,53.04,10.43
M Magagula,15,98,139,12,84,10,1,8.17,70.5,60.43,7.91
Mahidul Islam Ankon,4,98,187,5,130,6,2,19.6,52.41,69.52,4.28
TD Andrews,8,98,65,4,27,8,6,24.5,150.77,41.54,21.54
Azam Khalil,7,98,82,7,33,6,4,14.0,119.51,40.24,12.2
CD Hinchliffe,17,98,121,11,51,5,1,8.91,80.99,42.15,4.96
Sameer Patel,7,98,113,6,62,6,4,16.33,86.73,54.87,8.85
I Maraj,6,98,264,5,210,12,0,19.6,37.12,79.55,4.55
Ibrahim Rizan,28,98,144,15,82,6,1,6.53,68.06,56.94,4.86
Ali Dawood,24,98,117,11,56,6,3,8.91,83.76,47.86,7.69
Garret Banner,9,98,88,8,38,6,5,12.25,111.36,43.18,12.5
PN Mankad,5,97,73,3,29,13,2,32.33,132.88,39.73,20.55
M Faraz Akram,9,97,73,5,32,5,6,19.4,132.88,43.84,15.07
MNK Fernando,7,97,144,7,90,12,0,13.86,67.36,62.5,8.33
AL Kandappah,2,97,156,1,89,4,3,97.0,62.18,57.05,4.49
Numan Ahmadzai,5,97,86,4,45,11,4,24.25,112.79,52.33,17.44
Razaullah,2,97,84,3,52,6,9,32.33,115.48,61.9,17.86
IP Swaney,10,97,78,9,34,9,4,10.78,124.36,43.59,16.67
Shuaib Al Balushi,5,97,99,5,55,7,6,19.4,97.98,55.56,13.13
M Taniyama,15,97,115,10,54,3,3,9.7,84.35,46.96,5.22
Mohsin Riaz,4,97,59,4,21,13,3,24.25,164.41,35.59,27.12
SP Jones,6,97,181,5,139,13,1,19.4,53.59,76.8,7.73
Hayatullah Niazi,4,96,70,4,25,4,6,24.0,137.14,35.71,14.29
AJ Pienaar,5,96,59,3,15,10,4,32.0,162.71,25.42,23.73
FJ Klaassen,27,96,132,15,68,3,2,6.4,72.73,51.52,3.79
JM Joao,10,96,101,9,50,13,0,10.67,95.05,49.5,12.87
D Rawat,8,96,98,7,50,14,0,13.71,97.96,51.02,14.29
T Martin,4,96,56,4,14,9,4,24.0,171.43,25.0,23.21
RA Jones,3,96,185,3,118,7,1,32.0,51.89,63.78,4.32
U Shahid,4,96,90,4,33,5,3,24.0,106.67,36.67,8.89
CT Mumba,13,96,200,10,148,8,2,9.6,48.0,74.0,5.0
KR Jha,13,96,148,12,86,4,2,8.0,64.86,58.11,4.05
N Burger,16,96,235,10,174,6,1,9.6,40.85,74.04,2.98
Z Hoque,7,95,98,6,46,6,4,15.83,96.94,46.94,10.2
M Kelly,14,95,78,8,29,5,4,11.88,121.79,37.18,11.54
Ali Zaheer,7,95,96,5,37,8,1,19.0,98.96,38.54,9.38
BM Wheeler,7,95,75,2,31,7,5,47.5,126.67,41.33,16.0
BJ Konstas,4,95,83,2,31,10,1,47.5,114.46,37.35,13.25
CM Wright,7,95,157,6,88,4,1,15.83,60.51,56.05,3.18
CB Roposo,11,95,112,8,59,10,0,11.88,84.82,52.68,8.93
RS Gavaskar,9,95,170,7,105,5,1,13.57,55.88,61.76,3.53
Raghvi Bist,5,95,93,5,37,6,3,19.0,102.15,39.78,9.68
Zaid Soulat,5,95,86,3,47,10,4,31.67,110.47,54.65,16.28
Mudassir Iqbal,9,94,104,8,51,4,4,11.75,90.38,49.04,7.69
Tashi Dorji,12,94,68,10,29,2,9,9.4,138.24,42.65,16.18
S Godara,7,94,65,5,33,5,9,18.8,144.62,50.77,21.54
GT Main,6,94,104,2,52,9,1,47.0,90.38,50.0,9.62
Guido Angeletti,11,94,113,10,61,6,3,9.4,83.19,53.98,7.96
AF Ifill,15,94,152,12,88,5,1,7.83,61.84,57.89,3.95
A Reddy,13,94,106,10,44,9,0,9.4,88.68,41.51,8.49
Yair Nagavkar,11,94,111,8,51,5,1,11.75,84.68,45.95,5.41
Nimish Lathief,12,93,110,8,56,8,2,11.62,84.55,50.91,9.09
Rameez Khan,12,93,79,10,40,7,6,9.3,117.72,50.63,16.46
VR Aaron,22,93,197,15,142,7,2,6.2,47.21,72.08,4.57
CL Hooper,5,93,118,4,46,3,1,23.25,78.81,38.98,3.39
NT Nyamhuri,11,93,171,10,120,7,1,9.3,54.39,70.18,4.68
SM Nash,15,93,144,12,83,8,1,7.75,64.58,57.64,6.25
Abidullah Kotwa,1,93,26,0,2,2,12,93.0,357.69,7.69,53.85
N Pokana,20,93,168,11,105,3,3,8.45,55.36,62.5,3.57
Usman Khan (2),2,93,67,2,27,11,3,46.5,138.81,40.3,20.9
Javed Maroofkhail,8,93,100,5,43,3,3,18.6,93.0,43.0,6.0
JP Crawley,2,93,307,3,250,9,0,31.0,30.29,81.43,2.93
WK Bitis,7,93,72,6,39,13,4,15.5,129.17,54.17,23.61
GJ Thompson,4,93,78,4,32,13,1,23.25,119.23,41.03,17.95
Awais Zia,7,92,110,7,61,6,3,13.14,83.64,55.45,8.18
TM Macalou,15,92,205,13,147,8,0,7.08,44.88,71.71,3.9
Zubair Al Balushi,5,92,56,5,24,11,5,18.4,164.29,42.86,28.57
Rahimgul Naseri,8,92,75,8,42,10,5,11.5,122.67,56.0,20.0
WSLK Narayana,9,92,93,9,51,13,1,10.22,98.92,54.84,15.05
Tafseer Ali,12,92,132,10,72,8,0,9.2,69.7,54.55,6.06
PR Shah,9,92,91,8,44,9,2,11.5,101.1,48.35,12.09
Himmat Singh,5,92,69,3,21,5,5,30.67,133.33,30.43,14.49
Mohammad Irfan,48,92,271,23,223,11,2,4.0,33.95,82.29,4.8
Shafat Ali Syed,7,92,56,7,23,6,8,13.14,164.29,41.07,25.0
J Evans,8,92,88,8,42,10,2,11.5,104.55,47.73,13.64
JJ Krejza,7,92,181,7,132,8,0,13.14,50.83,72.93,4.42
Bosco Tuyizere,9,91,116,8,57,6,1,11.38,78.45,49.14,6.03
B Yadav,11,91,81,9,42,2,8,10.11,112.35,51.85,12.35
SR Mohan,12,91,147,9,83,5,1,10.11,61.9,56.46,4.08
Usman Qadir,20,91,93,10,40,5,3,9.1,97.85,43.01,8.6
GH Bodi,3,91,157,3,108,9,1,30.33,57.96,68.79,6.37
GG Banner,11,91,98,11,61,8,4,8.27,92.86,62.24,12.24
DJ Turkich,9,91,113,9,57,9,1,10.11,80.53,50.44,8.85
Mohammed Sameer,5,91,68,5,32,9,5,18.2,133.82,47.06,20.59
TL Chivanga,11,91,242,12,202,10,3,7.58,37.6,83.47,5.37
Ramaal Lewis,7,91,71,5,26,3,6,18.2,128.17,36.62,12.68
JV Harris,6,91,204,6,152,9,1,15.17,44.61,74.51,4.9
F Khaliq,8,90,73,6,25,9,1,15.0,123.29,34.25,13.7
Fawad Ahmed,31,90,116,15,68,7,3,6.0,77.59,58.62,8.62
J Nyumbu,18,90,227,14,172,4,3,6.43,39.65,75.77,3.08
PR Veer,5,90,67,2,25,10,3,45.0,134.33,37.31,19.4
GB Murgatroyd,6,90,145,6,82,7,1,15.0,62.07,56.55,5.52
Parveen Kumar,12,90,117,10,64,5,3,9.0,76.92,54.7,6.84
Mayank Nagayach,10,90,93,9,50,11,1,10.0,96.77,53.76,12.9
NL Smith,6,90,111,4,64,4,4,22.5,81.08,57.66,7.21
Muhammad Shoaib Ahmed,5,90,84,5,41,10,2,18.0,107.14,48.81,14.29
S Mukuddem,4,90,148,3,86,6,0,30.0,60.81,58.11,4.05
CM Akachukwu,13,90,93,10,45,6,1,9.0,96.77,48.39,7.53
Hassnain Shah,12,90,85,10,47,3,8,9.0,105.88,55.29,12.94
Anas Baig,6,89,62,6,29,8,5,14.83,143.55,46.77,20.97
SSD Arachchige,3,89,134,3,75,6,0,29.67,66.42,55.97,4.48
E Packard,7,89,88,6,39,5,4,14.83,101.14,44.32,10.23
Amir Ali,6,89,59,4,20,10,2,22.25,150.85,33.9,20.34
CJ Gannon,13,89,88,7,40,7,2,12.71,101.14,45.45,10.23
Junaid Siddiqui,13,89,171,10,102,1,2,8.9,52.05,59.65,1.75
LG Moras,10,89,115,8,68,5,4,11.12,77.39,59.13,7.83
TC Bastiampillai,5,89,160,5,115,11,2,17.8,55.62,71.88,8.12
M Jenkinson,5,89,79,5,38,5,5,17.8,112.66,48.1,12.66
Bilal Ahmad Mir,8,89,79,7,36,8,4,12.71,112.66,45.57,15.19
S Thakur,4,89,70,2,24,12,1,44.5,127.14,34.29,18.57
KM Awala,11,88,105,10,50,5,1,8.8,83.81,47.62,5.71
Ahmadullah Shinwari,15,88,101,9,50,8,1,9.78,87.13,49.5,8.91
SA Mohandas,18,88,101,10,47,6,0,8.8,87.13,46.53,5.94
DR Mousley,5,88,104,4,51,5,3,22.0,84.62,49.04,7.69
SW Tait,27,88,129,17,85,8,3,5.18,68.22,65.89,8.53
Sirajullah Khadim,14,88,99,9,45,8,1,9.78,88.89,45.45,9.09
Flynn Zahra,10,88,79,7,32,1,6,12.57,111.39,40.51,8.86
D Nanda,6,88,75,4,34,9,2,22.0,117.33,45.33,14.67
O Casasola,10,88,149,10,96,6,0,8.8,59.06,64.43,4.03
Md Shafiqul Haque,4,88,62,4,26,5,6,22.0,141.94,41.94,17.74
CK Langeveldt,24,88,149,13,97,9,1,6.77,59.06,65.1,6.71
K Jaikaran,13,88,134,11,78,9,0,8.0,65.67,58.21,6.72
Iqbal Abdulla,13,88,84,2,33,9,1,44.0,104.76,39.29,11.9
Zishan Shah,5,88,87,4,36,7,1,22.0,101.15,41.38,9.2
TK Patel,9,88,166,4,106,8,0,22.0,53.01,63.86,4.82
Ziaur Rehman,6,88,90,5,44,8,1,17.6,97.78,48.89,10.0
CB Sole,20,88,108,13,58,10,0,6.77,81.48,53.7,9.26
WP Myburgh,7,88,185,7,118,2,0,12.57,47.57,63.78,1.08
RJW Topley,26,88,133,7,82,4,3,12.57,66.17,61.65,5.26
C Jonker,4,88,62,4,31,10,4,22.0,141.94,50.0,22.58
Mohammad Farooq,4,87,69,4,39,7,7,21.75,126.09,56.52,20.29
T Mupariwa,21,87,200,17,150,7,2,5.12,43.5,75.0,4.5
ET Smith,3,87,172,5,136,15,0,17.4,50.58,79.07,8.72
Amir Farooq,12,87,91,9,41,5,4,9.67,95.6,45.05,9.89
Ramanjot Singh,4,87,94,4,45,8,2,21.75,92.55,47.87,10.64
JNT Vare,10,87,127,10,66,4,0,8.7,68.5,51.97,3.15
Ayyaz Qureshi,6,87,132,5,71,7,0,17.4,65.91,53.79,5.3
MJ Humphreys,15,87,181,12,141,11,2,7.25,48.07,77.9,7.18
Nadeem Ahmed,19,87,179,13,124,7,0,6.69,48.6,69.27,3.91
J Daley,4,87,74,3,33,9,1,29.0,117.57,44.59,13.51
C Viljoen,8,87,93,5,43,9,1,17.4,93.55,46.24,10.75
Khurram Chohan,11,87,147,7,91,6,2,12.43,59.18,61.9,5.44
AP Majumdar,4,87,76,4,27,7,2,21.75,114.47,35.53,11.84
J Essex,6,87,119,6,71,9,1,14.5,73.11,59.66,8.4
Ankit Sharma,10,87,67,7,27,7,4,12.43,129.85,40.3,16.42
GJ Naik,4,86,70,4,25,9,1,21.5,122.86,35.71,14.29
Nadeem Khan,11,86,79,9,42,7,5,9.56,108.86,53.16,15.19
AR Gandhi,3,86,98,2,40,5,1,43.0,87.76,40.82,6.12
Ibrahim Nashath,13,86,148,10,89,3,2,8.6,58.11,60.14,3.38
K Nuwantha,2,86,311,4,265,9,1,21.5,27.65,85.21,3.22
Avi Dixit,10,86,92,9,35,6,1,9.56,93.48,38.04,7.61
M Whelan,10,86,83,8,36,6,2,10.75,103.61,43.37,9.64
Mudassar Muhammad,3,86,88,3,39,3,4,28.67,97.73,44.32,7.95
E Schiferli,10,86,142,8,104,12,0,10.75,60.56,73.24,8.45
RM Siri,4,86,93,4,39,7,1,21.5,92.47,41.94,8.6
Rahmatullah Mangal,18,85,98,14,51,5,2,6.07,86.73,52.04,7.14
JN du Plooy,4,85,61,3,17,3,5,28.33,139.34,27.87,13.11
G Chaturvedi,8,85,84,8,47,10,2,10.62,101.19,55.95,14.29
CL Tryon,5,85,56,3,18,9,3,28.33,151.79,32.14,21.43
Rafatullah Mohmand,6,85,82,6,43,6,4,14.17,103.66,52.44,12.2
C Webster,9,85,73,8,31,4,5,10.62,116.44,42.47,12.33
AR Leo,11,85,133,9,78,5,1,9.44,63.91,58.65,4.51
T Sandaruwan,14,85,74,9,29,6,3,9.44,114.86,39.19,12.16
DGAPD Wiswi,10,85,97,7,44,7,1,12.14,87.63,45.36,8.25
Shahid Nazir,5,84,175,6,137,9,1,14.0,48.0,78.29,5.71
Mahbubul Alam,4,84,124,4,82,3,4,21.0,67.74,66.13,5.65
Ratul Khan,7,84,89,6,36,6,1,14.0,94.38,40.45,7.87
Ahmed Daniyal,10,84,67,5,29,9,3,16.8,125.37,43.28,17.91
BJ Holt,7,84,88,6,39,5,3,14.0,95.45,44.32,9.09
Puneet Arora,6,84,96,4,52,8,2,21.0,87.5,54.17,10.42
BD Macdonald,4,84,53,3,16,7,4,28.0,158.49,30.19,20.75
Utkarsh Srivastava,3,84,81,3,27,7,1,28.0,103.7,33.33,9.88
C Valente,8,84,71,5,26,8,1,16.8,118.31,36.62,12.68
A Beresford-Peirse,7,84,122,7,68,3,2,12.0,68.85,55.74,4.1
Shenjian Zheng,6,84,60,6,33,5,8,14.0,140.0,55.0,21.67
Muhammad Musa,9,84,71,2,39,11,3,42.0,118.31,54.93,19.72
L Emilio,10,84,85,7,47,10,1,12.0,98.82,55.29,12.94
T Rajiv,5,83,68,5,30,11,2,16.6,122.06,44.12,19.12
CJ Nevin,7,83,141,7,99,10,0,11.86,58.87,70.21,7.09
IG Butler,13,83,135,7,89,6,2,11.86,61.48,65.93,5.93
KE Bryce,8,83,85,4,35,8,1,20.75,97.65,41.18,10.59
Kaif Jamadar,6,83,80,6,42,9,2,13.83,103.75,52.5,13.75
J Smits,9,83,212,5,151,4,0,16.6,39.15,71.23,1.89
D Long Martinez,2,83,56,2,21,8,4,41.5,148.21,37.5,21.43
I Khan (2),12,83,87,8,35,7,1,10.38,95.4,40.23,9.2
PR Adams,4,83,169,5,124,10,0,16.6,49.11,73.37,5.92
Rizwan Hussain,8,82,77,8,32,9,1,10.25,106.49,41.56,12.99
K Sonavale,11,82,114,11,70,9,1,7.45,71.93,61.4,8.77
Muhammad Amin,9,82,84,8,50,10,3,10.25,97.62,59.52,15.48
RL Vitas,6,82,109,2,56,7,2,41.0,75.23,51.38,8.26
DB Kotze,6,82,135,5,83,3,1,16.4,60.74,61.48,2.96
Ranjit Singh,5,82,56,5,20,8,3,16.4,146.43,35.71,19.64
Shahnawaz Patel,8,82,81,6,33,7,1,13.67,101.23,40.74,9.88
DR Hooper,9,82,103,6,42,2,1,13.67,79.61,40.78,2.91
Ahmed Wardak,8,82,76,5,36,7,3,16.4,107.89,47.37,13.16
Nyeing Cham Soe,16,82,106,9,53,5,2,9.11,77.36,50.0,6.6
Raihan Stanikzai,4,82,51,4,22,10,4,20.5,160.78,43.14,27.45
Jun Hyunwoo,12,82,129,12,87,4,5,6.83,63.57,67.44,6.98
Arafat Sunny,16,82,121,6,73,8,1,13.67,67.77,60.33,7.44
W Nalisa,15,82,78,9,28,7,1,9.11,105.13,35.9,10.26
M Gouws,7,82,58,7,23,5,5,11.71,141.38,39.66,17.24
Yahya Suhail,8,81,157,7,109,7,1,11.57,51.59,69.43,5.1
Mohammad Faiq,5,81,63,4,20,9,1,20.25,128.57,31.75,15.87
Edward Fleming,8,81,85,7,41,8,1,11.57,95.29,48.24,10.59
Shahbaz Badar,10,81,89,9,39,6,1,9.0,91.01,43.82,7.87
BM Tickner,16,81,156,7,106,7,0,11.57,51.92,67.95,4.49
KY Ottley,6,81,115,6,75,11,1,13.5,70.43,65.22,10.43
Vamshi Reddy,6,81,112,6,67,8,1,13.5,72.32,59.82,8.04
Sagar Pun,8,81,107,8,62,11,0,10.12,75.7,57.94,10.28
JR Newton,5,81,93,5,37,5,1,16.2,87.1,39.78,6.45
LA Carseldine,5,81,68,4,27,11,0,20.25,119.12,39.71,16.18
TA Willett,7,81,90,6,49,4,5,13.5,90.0,54.44,10.0
Nasir Aziz,2,81,122,2,83,11,0,40.5,66.39,68.03,9.02
RV Patel,7,80,73,5,26,6,2,16.0,109.59,35.62,10.96
GR Codrington,6,80,118,5,74,8,2,16.0,67.8,62.71,8.47
Zohaib Sarwar,9,80,72,6,33,2,6,13.33,111.11,45.83,11.11
Jaspreet Singh,12,80,75,9,31,6,2,8.89,106.67,41.33,10.67
B Balala,19,80,130,9,70,2,2,8.89,61.54,53.85,3.08
Mir Hamza,18,80,217,10,179,6,3,8.0,36.87,82.49,4.15
U Chetry,7,80,102,6,51,9,0,13.33,78.43,50.0,8.82
Inam-ul-Haq,3,80,72,3,30,11,0,26.67,111.11,41.67,15.28
S Williams,12,80,91,4,43,8,1,20.0,87.91,47.25,9.89
Ansar Iqbal,6,80,81,6,42,9,2,13.33,98.77,51.85,13.58
CD Hartley,10,80,79,4,26,6,0,20.0,101.27,32.91,7.59
Al Sahariar,7,80,159,8,121,8,2,10.0,50.31,76.1,6.29
MA Sherry,8,79,88,6,34,5,1,13.17,89.77,38.64,6.82
D Langford-Smith,9,79,83,5,42,6,2,15.8,95.18,50.6,9.64
Shivam Mavi,13,79,74,11,37,6,4,7.18,106.76,50.0,13.51
GJ van Rensburg,6,79,110,6,59,5,1,13.17,71.82,53.64,5.45
J Merlo,14,79,87,11,31,6,0,7.18,90.8,35.63,6.9
LL Tsotsobe,25,79,172,12,130,9,1,6.58,45.93,75.58,5.81
JN Hamilton,11,79,176,12,122,4,1,6.58,44.89,69.32,2.84
Murid Ekrami,12,79,76,9,35,9,1,8.78,103.95,46.05,13.16
D Potgieter,5,79,65,3,21,4,3,26.33,121.54,32.31,10.77
PS Airee,10,79,94,10,53,9,1,7.9,84.04,56.38,10.64
M Dixit,11,78,72,9,26,3,2,8.67,108.33,36.11,6.94
RR Bastiansz,3,78,73,3,32,5,3,26.0,106.85,43.84,10.96
R Gowthaman,5,78,95,5,44,3,1,15.6,82.11,46.32,4.21
F Mutua,13,78,60,11,24,6,4,7.09,130.0,40.0,16.67
R Ramadhasyena,2,78,48,1,18,8,4,78.0,162.5,37.5,25.0
AS Roy,14,78,64,8,23,6,2,9.75,121.88,35.94,12.5
Saran Aslam,6,78,41,5,11,5,6,15.6,190.24,26.83,26.83
Rejaul Karim,5,78,60,4,31,10,3,19.5,130.0,51.67,21.67
S Molineux,7,78,84,6,38,10,0,13.0,92.86,45.24,11.9
Jaswinder Singh,18,78,103,12,58,5,1,6.5,75.73,56.31,5.83
Sahil Tarakhil,4,78,61,4,27,7,4,19.5,127.87,44.26,18.03
A Bramble,12,78,95,10,51,7,1,7.8,82.11,53.68,8.42
GC Galanis,12,77,65,8,25,6,3,9.62,118.46,38.46,13.85
V Aritharan,4,77,39,2,15,5,7,38.5,197.44,38.46,30.77
M Kpaka,14,77,140,13,83,0,1,5.92,55.0,59.29,0.71
AM Fernando,36,77,297,23,265,12,1,3.35,25.93,89.23,4.38
D Kalvin,9,77,118,7,71,4,1,11.0,65.25,60.17,4.24
S Bodha,12,77,70,8,27,7,1,9.62,110.0,38.57,11.43
B Likavu,4,77,40,3,13,6,6,25.67,192.5,32.5,30.0
Sultan Ahmed (2),14,77,100,10,59,3,4,7.7,77.0,59.0,7.0
Ameel Mauroof,13,77,120,9,63,3,1,8.56,64.17,52.5,3.33
DP Vaidya,7,77,80,6,32,9,0,12.83,96.25,40.0,11.25
BK Majji,3,77,82,3,30,3,2,25.67,93.9,36.59,6.1
OSB Tilley,9,77,93,8,47,10,0,9.62,82.8,50.54,10.75
MK Anafie,6,77,66,4,32,5,5,19.25,116.67,48.48,15.15
Alam Nakash,9,76,83,9,37,4,1,8.44,91.57,44.58,6.02
AC Evans,20,76,104,14,64,7,1,5.43,73.08,61.54,7.69
Swann Htet Ko Ko,16,76,125,13,75,1,3,5.85,60.8,60.0,3.2
R Baruah,7,76,45,4,13,5,5,19.0,168.89,28.89,22.22
B Akhil,11,76,55,6,24,5,5,12.67,138.18,43.64,18.18
N Master,5,76,63,3,23,7,2,25.33,120.63,36.51,14.29
RA Mariu,2,76,86,2,50,9,2,38.0,88.37,58.14,12.79
EM Turay,11,76,107,8,65,9,0,9.5,71.03,60.75,8.41
Shoaib Rafiq,14,76,82,10,42,3,4,7.6,92.68,51.22,8.54
AL Kerai,8,76,123,7,75,2,2,10.86,61.79,60.98,3.25
IECM Wong,6,76,52,4,14,5,4,19.0,146.15,26.92,17.31
MD du Preez,5,76,102,3,53,5,1,25.33,74.51,51.96,5.88
IR Jaggi,7,76,97,5,48,6,0,15.2,78.35,49.48,6.19
GHS Garton,13,75,64,11,28,6,3,6.82,117.19,43.75,14.06
GJ Batty,10,75,298,11,248,6,0,6.82,25.17,83.22,2.01
Tejwinder Singh,8,75,37,7,11,5,5,10.71,202.7,29.73,27.03
G Oliveira,12,75,76,5,45,4,4,15.0,98.68,59.21,10.53
H Khuttan,6,75,51,5,21,4,6,15.0,147.06,41.18,19.61
Omid Rahimi,3,75,39,2,10,8,4,37.5,192.31,25.64,30.77
Zain Asif,3,75,47,3,23,6,6,25.0,159.57,48.94,25.53
DAP Darrell,9,75,85,8,42,1,5,9.38,88.24,49.41,7.06
Mohammed Jamadar,5,75,97,5,63,11,0,15.0,77.32,64.95,11.34
P Dakainivanua,11,75,99,10,47,6,0,7.5,75.76,47.47,6.06
HA Varaiya,15,75,164,6,114,4,0,12.5,45.73,69.51,2.44
Jay Odedra,17,75,112,9,73,4,4,8.33,66.96,65.18,7.14
M Vivekanandan,12,75,159,12,120,8,0,6.25,47.17,75.47,5.03
S Jamil,10,75,84,6,47,10,0,12.5,89.29,55.95,11.9
Z Burgess,12,75,54,8,29,3,7,9.38,138.89,53.7,18.52
A Kamboj,11,74,55,4,17,5,4,18.5,134.55,30.91,16.36
J Masquater,7,74,106,7,69,9,2,10.57,69.81,65.09,10.38
Javid Patel,14,74,106,13,61,3,4,5.69,69.81,57.55,6.6
Rudolph Fox,8,74,80,5,37,4,3,14.8,92.5,46.25,8.75
BP Martin,5,74,141,5,113,14,0,14.8,52.48,80.14,9.93
Sapan Mehta,5,74,82,5,33,3,0,14.8,90.24,40.24,3.66
J Figy John,4,74,103,3,63,5,1,24.67,71.84,61.17,5.83
Anser Mehmood,4,73,70,3,30,4,3,24.33,104.29,42.86,10.0
DJ Reekers,8,73,58,8,33,12,2,9.12,125.86,56.9,24.14
Mohammad Amin,4,73,76,3,32,3,3,24.33,96.05,42.11,7.89
Bilal Safdar,8,73,86,6,40,7,0,12.17,84.88,46.51,8.14
AV Lalcheta,9,73,100,8,59,4,3,9.12,73.0,59.0,7.0
Madhawa Basnayaka,7,73,61,5,28,5,4,14.6,119.67,45.9,14.75
DS Weerakkody,3,73,66,3,28,9,1,24.33,110.61,42.42,15.15
DR Brown,5,73,120,4,70,6,0,18.25,60.83,58.33,5.0
Utkarsh Jain,11,73,78,4,30,5,1,18.25,93.59,38.46,7.69
Nilansh Keswani,9,73,85,4,38,6,0,18.25,85.88,44.71,7.06
Kasir Ahmed,7,73,93,7,36,1,0,10.43,78.49,38.71,1.08
LN Onyango,7,73,97,3,49,6,0,24.33,75.26,50.52,6.19
WJ Pucovski,1,72,126,2,95,6,0,36.0,57.14,75.4,4.76
Mohmedazim Abbasbhai,6,72,75,6,41,9,1,12.0,96.0,54.67,13.33
C Wickramasinghe,6,72,111,3,70,6,1,24.0,64.86,63.06,6.31
JE Marks,6,72,77,6,32,4,2,12.0,93.51,41.56,7.79
Delroy Leo,6,72,88,6,45,5,2,12.0,81.82,51.14,7.95
PE Kruger,5,72,60,4,23,6,3,18.0,120.0,38.33,15.0
TS Mills,20,72,75,12,43,5,5,6.0,96.0,57.33,13.33
RA Thomas,7,72,91,6,50,7,1,12.0,79.12,54.95,8.79
OJ Herrington,5,72,70,4,34,1,5,18.0,102.86,48.57,8.57
DLR Smith,14,72,100,13,54,7,0,5.54,72.0,54.0,7.0
Ashwin Vinod,13,71,69,5,34,3,3,14.2,102.9,49.28,8.7
JW Dernbach,20,71,91,15,45,6,1,4.73,78.02,49.45,7.69
P Zuze,12,71,111,11,65,6,0,6.45,63.96,58.56,5.41
Ali Yalmaz,9,71,58,8,24,2,6,8.88,122.41,41.38,13.79
Jaweed Sadran,11,71,60,9,25,6,2,7.89,118.33,41.67,13.33
Wasim Akram,5,71,69,3,34,10,1,23.67,102.9,49.28,15.94
Wei Guo Lei,9,71,116,9,87,9,2,7.89,61.21,75.0,9.48
J Lewis,9,71,97,9,56,9,0,7.89,73.2,57.73,9.28
Shamsullah Ehsan,8,71,98,8,56,7,0,8.88,72.45,57.14,7.14
R Walker,9,71,99,8,51,3,1,8.88,71.72,51.52,4.04
Muhammad Saleem,7,71,59,7,30,5,5,10.14,120.34,50.85,16.95
Abdul Stanikzai,4,71,86,4,51,4,3,17.75,82.56,59.3,8.14
DS Maraiwai,5,71,61,5,31,11,1,14.2,116.39,50.82,19.67
MO Kain,6,71,50,5,14,5,3,14.2,142.0,28.0,16.0
O Davidson,8,71,94,5,57,6,2,14.2,75.53,60.64,8.51
AW Robinson,5,71,57,5,27,8,3,14.2,124.56,47.37,19.3
Kapil Kumar,5,71,105,5,65,6,2,14.2,67.62,61.9,7.62
Vishnu Vinod,7,71,65,6,28,4,4,11.83,109.23,43.08,12.31
SH Obed,11,71,67,5,26,4,2,14.2,105.97,38.81,8.96
SK Rasheed,5,71,63,5,34,9,2,14.2,112.7,53.97,17.46
R Ankad,9,71,100,7,56,5,0,10.14,71.0,56.0,5.0
KJ Garth,8,71,79,3,28,5,0,23.67,89.87,35.44,6.33
M Shahbaz Butt,16,70,100,9,50,4,0,7.78,70.0,50.0,4.0
I Stewart,6,70,51,1,15,6,2,70.0,137.25,29.41,15.69
KJ Young,5,70,78,5,44,8,2,14.0,89.74,56.41,12.82
Alexandros Karvelas,3,70,70,3,33,2,5,23.33,100.0,47.14,10.0
Sajad Ahmadzai,10,70,79,6,41,4,3,11.67,88.61,51.9,8.86
Gaurav Mishra,6,70,61,4,21,3,2,17.5,114.75,34.43,8.2
Syed Ahzamul Haq,4,70,64,1,34,5,5,70.0,109.38,53.12,15.62
Muhammad Kaleem,7,70,93,7,62,6,2,10.0,75.27,66.67,8.6
JAR Blain,8,70,132,6,85,2,2,11.67,53.03,64.39,3.03
Vishaul Singh,8,70,105,7,51,2,0,10.0,66.67,48.57,1.9
S Shrivastava,13,70,106,4,61,6,1,17.5,66.04,57.55,6.6
S Kamate,15,70,108,14,72,7,1,5.0,64.81,66.67,7.41
J Suchith,9,70,61,4,29,6,3,17.5,114.75,47.54,14.75
E Ul Haq,9,70,109,9,67,6,1,7.78,64.22,61.47,6.42
Myat Thu Aung,10,69,139,5,89,3,0,13.8,49.64,64.03,2.16
A Nagarajan,5,69,77,5,39,8,1,13.8,89.61,50.65,11.69
Kawsar Khan,6,69,72,5,34,5,2,13.8,95.83,47.22,9.72
G Fatouros,3,69,54,3,25,6,3,23.0,127.78,46.3,16.67
J Stanigze,5,69,58,4,28,3,5,17.25,118.97,48.28,13.79
M Zondeki,6,69,171,6,140,10,0,11.5,40.35,81.87,5.85
Zafer Durmaz,8,69,56,7,27,8,2,9.86,123.21,48.21,17.86
Raihan Hossain,8,69,128,8,85,3,0,8.62,53.91,66.41,2.34
C Hauptfleisch,5,69,85,5,43,4,2,13.8,81.18,50.59,7.06
Anas Khan,9,69,80,6,39,5,2,11.5,86.25,48.75,8.75
Waqar Younis,6,69,94,8,60,6,2,8.62,73.4,63.83,8.51
B Fernando,10,69,83,6,47,7,1,11.5,83.13,56.63,9.64
Vivrant Sharma,1,69,47,1,16,9,2,69.0,146.81,34.04,23.4
T Amarmend,12,69,157,11,116,6,1,6.27,43.95,73.89,4.46
AB Dinda,23,69,108,16,60,4,0,4.31,63.89,55.56,3.7
JN Dorji,8,69,88,8,45,8,0,8.62,78.41,51.14,9.09
TP Allen,8,69,51,6,17,2,5,11.5,135.29,33.33,13.73
AA Bilakhia,7,69,85,5,39,5,0,13.8,81.18,45.88,5.88
TL Cutler,8,69,65,5,36,2,6,13.8,106.15,55.38,12.31
Sazzad Hosen,7,68,72,7,39,10,0,9.71,94.44,54.17,13.89
SH Johnson,17,68,65,9,39,10,2,7.56,104.62,60.0,18.46
S Bangera,10,68,92,10,47,7,0,6.8,73.91,51.09,7.61
S Samal,4,68,58,4,26,5,3,17.0,117.24,44.83,13.79
G Murali,4,68,103,4,60,3,2,17.0,66.02,58.25,4.85
AW O'Brien,11,68,68,5,30,3,2,13.6,100.0,44.12,7.35
KA Vimlesh,6,68,71,2,28,5,0,34.0,95.77,39.44,7.04
N Ahir,6,68,120,4,77,2,2,17.0,56.67,64.17,3.33
Nazmus Sakib,7,68,55,5,27,4,5,13.6,123.64,49.09,16.36
Aamer Azmat,5,67,60,4,24,7,1,16.75,111.67,40.0,13.33
BTJ Wheal,13,67,84,8,44,7,0,8.38,79.76,52.38,8.33
SR Waters,7,67,143,7,105,7,0,9.57,46.85,73.43,4.9
CA Wakim,7,67,79,7,44,7,1,9.57,84.81,55.7,10.13
Usman Shinwari,19,67,69,9,37,1,6,7.44,97.1,53.62,10.14
AA Paradkar,7,67,93,5,52,5,1,13.4,72.04,55.91,6.45
Muhammad Wafiq,18,67,84,11,46,3,4,6.09,79.76,54.76,8.33
A McKnight,2,67,74,2,36,6,2,33.5,90.54,48.65,10.81
LR Gaonkar,6,67,80,6,43,4,1,11.17,83.75,53.75,6.25
Meet Ahir,4,67,68,2,33,5,2,33.5,98.53,48.53,10.29
AN Aminou,12,67,63,10,30,2,4,6.7,106.35,47.62,9.52
Zameer Khan,5,66,92,5,51,5,0,13.2,71.74,55.43,5.43
P Heron,6,66,90,5,51,3,2,13.2,73.33,56.67,5.56
Mubasir Khan,8,66,64,8,27,6,1,8.25,103.12,42.19,10.94
L Monanthane,10,66,96,10,55,3,1,6.6,68.75,57.29,4.17
NR Johns-Wickberg,10,66,90,6,50,8,0,11.0,73.33,55.56,8.89
AJ Michael,5,66,80,5,35,5,1,13.2,82.5,43.75,7.5
D Olivier,14,66,266,11,237,10,1,6.0,24.81,89.1,4.14
HR Shokeen,5,66,65,3,31,9,0,22.0,101.54,47.69,13.85
Rhys Burinaga,12,66,87,10,39,1,1,6.6,75.86,44.83,2.3
WD Sheridan,8,66,66,4,23,4,0,16.5,100.0,34.85,6.06
AK Gokoel,10,66,117,8,61,2,0,8.25,56.41,52.14,1.71
A Osei,9,66,123,9,82,4,1,7.33,53.66,66.67,4.07
Abraash Khan,4,66,60,4,28,7,1,16.5,110.0,46.67,13.33
N Brand,2,66,129,4,100,11,0,16.5,51.16,77.52,8.53
SCG MacGill,12,66,111,10,75,9,0,6.6,59.46,67.57,8.11
Vishal Sharma,8,65,94,8,53,3,1,8.12,69.15,56.38,4.26
DPS Tyagi,10,65,57,6,27,4,3,10.83,114.04,47.37,12.28
RM Jariwala,5,65,81,5,40,5,1,13.0,80.25,49.38,7.41
Muhammad Adil,2,65,31,2,8,5,5,32.5,209.68,25.81,32.26
Nazril Rahman,6,65,63,5,26,5,1,13.0,103.17,41.27,9.52
Ihsanullah Wafa,4,65,50,3,22,3,4,21.67,130.0,44.0,14.0
Nawazish Akhtar,6,65,69,4,31,4,1,16.25,94.2,44.93,7.25
Zakria Atiq Butt,5,65,57,5,29,6,3,13.0,114.04,50.88,15.79
Rupesh Singh,3,65,43,2,12,2,4,32.5,151.16,27.91,13.95
JB Abega,19,65,124,18,80,6,0,3.61,52.42,64.52,4.84
G Hoey,3,65,142,4,112,6,1,16.25,45.77,78.87,4.93
B Keganne,5,65,85,4,44,5,1,16.25,76.47,51.76,7.06
Ehsan Adil,9,65,100,8,63,7,0,8.12,65.0,63.0,7.0
N Wijesekera,8,64,84,6,43,4,1,10.67,76.19,51.19,5.95
RD John,6,64,44,5,16,8,2,12.8,145.45,36.36,22.73
JS Iggo,6,64,79,6,43,4,1,10.67,81.01,54.43,6.33
Enamul Haque jnr,17,64,274,14,234,7,0,4.57,23.36,85.4,2.55
T Kaisala,4,64,73,3,38,6,2,21.33,87.67,52.05,10.96
D Gim,12,64,116,10,63,0,1,6.4,55.17,54.31,0.86
Bilal Hassun,13,64,62,8,30,6,2,8.0,103.23,48.39,12.9
R van Tonder,2,64,169,4,136,5,0,16.0,37.87,80.47,2.96
Rameez Raja (2),7,64,62,6,24,4,2,10.67,103.23,38.71,9.68
J Wilson,5,64,42,3,17,4,5,21.33,152.38,40.48,21.43
Irshad Mubbashar,4,64,75,4,31,2,2,16.0,85.33,41.33,5.33
Kabir Ali,9,64,85,8,46,4,1,8.0,75.29,54.12,5.88
MF Hurst,5,64,70,5,33,4,1,12.8,91.43,47.14,7.14
Abdul Shakoor (2),4,64,57,2,20,6,1,32.0,112.28,35.09,12.28
Abrar Bilal,6,64,72,5,33,3,1,12.8,88.89,45.83,5.56
S Shermatov,4,64,64,4,38,2,6,16.0,100.0,59.38,12.5
S Santhirakumaran,5,64,96,5,59,6,0,12.8,66.67,61.46,6.25
Ibrar Ahmad,9,64,55,7,26,4,4,9.14,116.36,47.27,14.55
SJ Coyte (2),6,63,41,4,13,7,2,15.75,153.66,31.71,21.95
P Hatchman,8,63,74,7,36,3,2,9.0,85.14,48.65,6.76
Anirudh Singh,4,63,66,4,31,6,1,15.75,95.45,46.97,10.61
KD Clarke,4,63,48,4,18,9,1,15.75,131.25,37.5,20.83
KOK Williams,25,63,111,11,65,2,1,5.73,56.76,58.56,2.7
Noorkhan Ahmedi,5,63,49,5,22,7,2,12.6,128.57,44.9,18.37
Ali Khan,22,63,81,14,49,5,2,4.5,77.78,60.49,8.64
Ahsan Abbasi,5,63,69,5,37,7,0,12.6,91.3,53.62,10.14
VA Singh,3,63,199,6,158,4,0,10.5,31.66,79.4,2.01
MP Biddappa,5,63,101,4,59,4,1,15.75,62.38,58.42,4.95
N Sindhu,5,63,50,5,22,7,2,12.6,126.0,44.0,18.0
J Henry,7,63,73,7,41,3,3,9.0,86.3,56.16,8.22
T Hinds,11,63,46,7,19,6,3,9.0,136.96,41.3,19.57
Sultan Ahmed,10,63,62,8,24,6,0,7.88,101.61,38.71,9.68
LAS Sebastien,5,63,67,2,31,7,0,31.5,94.03,46.27,10.45
AW Hawkins-Kay,8,63,82,6,31,2,0,10.5,76.83,37.8,2.44
H Pieterse,1,62,34,1,6,4,3,62.0,182.35,17.65,20.59
Shahzeb Afridi,4,62,35,2,13,2,6,31.0,177.14,37.14,22.86
GH Smit,3,62,57,3,24,5,1,20.67,108.77,42.11,10.53
S Sola,13,62,97,11,58,7,0,5.64,63.92,59.79,7.22
A Nanda,12,62,64,7,32,3,3,8.86,96.88,50.0,9.38
T Lungameni,20,62,114,10,75,5,0,6.2,54.39,65.79,4.39
Asrar Ahmed,3,62,67,1,33,8,1,62.0,92.54,49.25,13.43
Deng Jinqi,6,62,109,5,66,2,0,12.4,56.88,60.55,1.83
L Maximo,12,62,112,10,67,4,0,6.2,55.36,59.82,3.57
NP Mayavo,2,62,111,4,90,9,1,15.5,55.86,81.08,9.01
Zakir Husain Patel,4,62,42,2,17,7,3,31.0,147.62,40.48,23.81
S Bharratt,6,62,73,5,39,8,0,12.4,84.93,53.42,10.96
Muhammad Babar,2,61,35,2,19,3,7,30.5,174.29,54.29,28.57
Imran Butt,3,61,99,5,69,7,1,12.2,61.62,69.7,8.08
DR Drew,4,61,52,3,19,4,1,20.33,117.31,36.54,9.62
SP Jackson,8,61,57,6,20,5,1,10.17,107.02,35.09,10.53
Asad Mahmood,5,61,51,5,21,3,4,12.2,119.61,41.18,13.73
E Bosch,7,61,49,4,16,1,4,15.25,124.49,32.65,10.2
T Brown,7,61,107,6,62,2,1,10.17,57.01,57.94,2.8
Sandeep Sharma,27,61,76,6,30,4,0,10.17,80.26,39.47,5.26
OE Taylor,10,61,104,8,52,2,0,7.62,58.65,50.0,1.92
S Gulecha,7,61,55,7,29,6,3,8.71,110.91,52.73,16.36
JA Burrows,15,61,72,14,39,6,1,4.36,84.72,54.17,9.72
Chamalka Fernando,6,61,53,5,19,7,0,12.2,115.09,35.85,13.21
Yusuf Bhoola,7,61,86,7,58,8,1,8.71,70.93,67.44,10.47
Dolar Mahmud,4,61,44,4,22,5,4,15.25,138.64,50.0,20.45
N Krishna,11,60,80,8,46,7,0,7.5,75.0,57.5,8.75
Sherul Mehta,3,60,89,3,53,6,0,20.0,67.42,59.55,6.74
Ammad Uddin,5,60,38,3,14,5,4,20.0,157.89,36.84,23.68
AJ Crosthwaite,6,60,60,6,30,5,2,10.0,100.0,50.0,11.67
Amal Jacob,16,60,97,8,53,4,0,7.5,61.86,54.64,4.12
Nikhil,4,60,57,3,31,3,5,20.0,105.26,54.39,14.04
MR Kumar,6,60,66,5,32,4,2,12.0,90.91,48.48,9.09
Eranga De Silva,5,60,45,3,15,8,1,20.0,133.33,33.33,20.0
Patrick Nou,8,60,58,6,30,6,2,10.0,103.45,51.72,13.79
Rumman Raees,15,60,73,9,42,9,0,6.67,82.19,57.53,12.33
D Dewald,5,60,84,5,37,4,0,12.0,71.43,44.05,4.76
F O'Neill,8,60,62,6,21,3,1,10.0,96.77,33.87,6.45
SJ Bryce,5,60,40,4,9,5,2,15.0,150.0,22.5,17.5
Mohammad Imran,8,60,65,6,39,5,3,10.0,92.31,60.0,12.31
CKB Kulasekara,4,60,122,5,81,2,0,12.0,49.18,66.39,1.64
RD Atangana,13,60,95,9,58,3,1,6.67,63.16,61.05,4.21
JM Iradukunda,9,59,52,8,31,1,6,7.38,113.46,59.62,13.46
Krishna Chandran,7,59,155,7,113,5,0,8.43,38.06,72.9,3.23
M Ravula,2,59,59,1,25,5,1,59.0,100.0,42.37,10.17
Zahid Mahmood,12,59,165,9,131,4,2,6.56,35.76,79.39,3.64
Kamrul Hasan,3,59,45,3,28,4,6,19.67,131.11,62.22,22.22
Nauman Anwar,5,59,46,5,24,5,4,11.8,128.26,52.17,19.57
GJ Whittall,4,59,71,4,38,5,1,14.75,83.1,53.52,8.45
DR Tawake,6,59,79,6,44,5,0,9.83,74.68,55.7,6.33
S Aravind,11,59,57,4,24,7,0,14.75,103.51,42.11,12.28
Abdul Jabbar,2,59,82,2,56,9,1,29.5,71.95,68.29,12.2
SP Guzman,6,59,75,6,43,7,0,9.83,78.67,57.33,9.33
J Ghadiyali,5,59,76,5,38,6,0,11.8,77.63,50.0,7.89
R Kaia,3,59,161,6,134,8,0,9.83,36.65,83.23,4.97
VRV Singh,7,59,58,7,35,11,0,8.43,101.72,60.34,18.97
Haseeb Amjad,9,59,54,5,24,3,3,11.8,109.26,44.44,11.11
Sinan Khan,8,59,58,8,29,5,2,7.38,101.72,50.0,12.07
Syazrul Idrus,13,59,59,8,29,4,3,7.38,100.0,49.15,11.86
PS Roberts,4,59,56,2,19,5,0,29.5,105.36,33.93,8.93
JH Stander,7,59,66,5,40,1,4,11.8,89.39,60.61,7.58
VF Bomnyuy,8,59,82,5,49,6,0,11.8,71.95,59.76,7.32
Inshaf Farook,5,58,64,4,34,3,3,14.5,90.62,53.12,9.38
MR Ramprakash,1,58,133,1,96,5,0,58.0,43.61,72.18,3.76
J Grassi,4,58,63,4,27,2,2,14.5,92.06,42.86,6.35
Baljit Singh,6,58,53,5,22,3,2,11.6,109.43,41.51,9.43
M Vaik,10,58,106,8,54,1,0,7.25,54.72,50.94,0.94
Imran Haider,14,58,131,6,88,2,0,9.67,44.27,67.18,1.53
M Pretorius,12,58,47,7,23,4,4,8.29,123.4,48.94,17.02
I Mugisha,9,58,54,7,29,1,5,8.29,107.41,53.7,11.11
Abdullah Akbarjan,14,58,84,10,46,3,1,5.8,69.05,54.76,4.76
RP Meredith,20,58,76,10,35,4,0,5.8,76.32,46.05,5.26
M Mooketsi,21,58,114,15,73,2,0,3.87,50.88,64.04,1.75
K Modise,7,58,63,7,37,8,1,8.29,92.06,58.73,14.29
M van Schoor,5,58,111,4,74,3,1,14.5,52.25,66.67,3.6
D Ganesh,8,58,79,6,52,5,2,9.67,73.42,65.82,8.86
LB Williams,17,58,125,13,89,6,0,4.46,46.4,71.2,4.8
PJ Wiseman,2,58,110,1,81,8,0,58.0,52.73,73.64,7.27
Mohammad Usman,2,58,61,1,35,4,3,58.0,95.08,57.38,11.48
PK Mohanarangam,6,58,74,6,42,4,1,9.67,78.38,56.76,6.76
H Fennell,14,58,59,12,30,4,2,4.83,98.31,50.85,10.17
Gayan Munaweera,10,58,43,3,15,6,2,19.33,134.88,34.88,18.6
TG Thamae,8,57,54,7,26,7,1,8.14,105.56,48.15,14.81
Muhammad Nadeem,4,57,55,3,21,3,2,19.0,103.64,38.18,9.09
Akram Khan,2,57,98,2,58,3,0,28.5,58.16,59.18,3.06
Ishtiaq Ahmad,12,57,39,8,19,1,6,7.12,146.15,48.72,17.95
M Kyriacou,4,57,76,3,38,1,2,19.0,75.0,50.0,3.95
L Sreekumar,4,57,68,4,47,10,1,14.25,83.82,69.12,16.18
SB Bangar,11,57,77,10,43,2,3,5.7,74.03,55.84,6.49
J Horrocks,10,57,56,5,22,2,1,11.4,101.79,39.29,5.36
Bilal Khan,40,57,119,16,79,2,1,3.56,47.9,66.39,2.52
JR Doran,7,57,62,6,26,4,0,9.5,91.94,41.94,6.45
TA Dudnath,6,57,92,6,50,0,2,9.5,61.96,54.35,2.17
V Zanko,9,57,150,9,114,6,0,6.33,38.0,76.0,4.0
Zahid Shirzad,3,57,30,3,12,4,5,19.0,190.0,40.0,30.0
Abdur Rahman Sudais,3,57,45,2,22,3,4,28.5,126.67,48.89,15.56
G Newton,4,57,49,1,10,2,0,57.0,116.33,20.41,4.08
Jobayer Hossen,6,57,77,4,51,6,2,14.25,74.03,66.23,10.39
Mohammad Shahid,5,57,81,5,58,10,1,11.4,70.37,71.6,13.58
MJ Ansell,10,56,66,7,33,2,3,8.0,84.85,50.0,7.58
HTRY Thornton,9,56,61,4,27,2,2,14.0,91.8,44.26,6.56
R Sandeep,10,56,84,8,54,3,3,7.0,66.67,64.29,7.14
Shadreck Malama,4,56,51,4,28,3,4,14.0,109.8,54.9,13.73
A Simelane,8,56,57,7,27,4,2,8.0,98.25,47.37,10.53
Ahsan Hafeez,5,56,40,5,16,6,2,11.2,140.0,40.0,20.0
WA Mota,8,56,75,6,29,2,0,9.33,74.67,38.67,2.67
Faisal Safi,4,56,52,4,30,10,0,14.0,107.69,57.69,19.23
VN Veetil,4,56,55,2,23,2,3,28.0,101.82,41.82,9.09
S Waqas Ahmed,8,56,70,4,35,4,0,14.0,80.0,50.0,5.71
Amir Mangal,6,56,39,4,12,3,3,14.0,143.59,30.77,15.38
Khaled Ahmed,19,56,187,23,164,6,3,2.43,29.95,87.7,4.81
R Siriwardena,10,55,80,5,47,6,0,11.0,68.75,58.75,7.5
DR Briggs,7,55,37,4,16,6,2,13.75,148.65,43.24,21.62
P Vekaria,6,55,38,2,16,3,4,27.5,144.74,42.11,18.42
L Maphane,6,55,55,6,24,2,2,9.17,100.0,43.64,7.27
KM Venkataswamy,1,55,41,1,9,3,2,55.0,134.15,21.95,12.2
TT Maposa,11,55,56,4,23,3,1,13.75,98.21,41.07,7.14
K Kato-Stafford,8,55,45,4,21,7,1,13.75,122.22,46.67,17.78
S Asha,9,55,44,4,17,4,3,13.75,125.0,38.64,15.91
Yasir Mehmood,3,55,52,0,22,2,3,55.0,105.77,42.31,9.62
VO Lawes,7,55,62,6,39,2,5,9.17,88.71,62.9,11.29
Said Hakim,3,55,37,2,14,8,1,27.5,148.65,37.84,24.32
MJ Ross,4,55,40,3,10,2,3,18.33,137.5,25.0,12.5
Bismillah Khan,3,55,35,3,15,10,1,18.33,157.14,42.86,31.43
PM Liyanagamage,12,55,124,9,91,6,0,6.11,44.35,73.39,4.84
S Kalyan,4,55,122,4,89,1,1,13.75,45.08,72.95,1.64
M Rawat,11,55,69,5,33,4,1,11.0,79.71,47.83,7.25
LA Goncalves,7,54,57,6,29,5,1,9.0,94.74,50.88,10.53
JJ Davidson,7,54,49,0,17,4,0,54.0,110.2,34.69,8.16
Abdul Naser Baluch,12,54,63,11,35,1,4,4.91,85.71,55.56,7.94
Ansh Patel,4,54,58,2,24,5,0,27.0,93.1,41.38,8.62
Saghir Khan,5,54,34,3,15,4,4,18.0,158.82,44.12,23.53
Noor Ahmad,20,54,77,15,48,4,2,3.6,70.13,62.34,7.79
DES Maxwell,3,54,45,1,17,2,3,54.0,120.0,37.78,11.11
TU Deshpande,10,54,36,4,13,2,4,13.5,150.0,36.11,16.67
M Nandu,4,54,72,4,33,4,0,13.5,75.0,45.83,5.56
Faisal Javed,4,54,26,4,11,8,3,13.5,207.69,42.31,42.31
P Abanda,9,54,88,9,64,7,1,6.0,61.36,72.73,9.09
H McAleer,5,54,75,5,36,3,0,10.8,72.0,48.0,4.0
Muhammad Burhan,9,54,46,9,18,5,1,6.0,117.39,39.13,13.04
Munir Dar,3,54,43,3,17,7,1,18.0,125.58,39.53,18.6
SN Pathirana,11,54,86,7,43,0,1,7.71,62.79,50.0,1.16
Rashid Hashmi,5,54,63,5,32,4,1,10.8,85.71,50.79,7.94
Ismaeel Zia,6,54,68,6,41,6,0,9.0,79.41,60.29,8.82
J Thomas,6,54,86,5,46,2,0,10.8,62.79,53.49,2.33
BV Sears,15,54,103,7,67,4,0,7.71,52.43,65.05,3.88
Vichanath Singh,9,54,95,8,54,1,0,6.75,56.84,56.84,1.05
Serdar Burak Emir,10,54,65,10,42,5,3,5.4,83.08,64.62,12.31
A Shukla,21,54,90,15,60,3,2,3.6,60.0,66.67,5.56
PG Dooley,12,54,66,4,37,6,1,13.5,81.82,56.06,10.61
Akhter Pacha Sher,3,53,35,3,18,3,5,17.67,151.43,51.43,22.86
Anik Ahmed,4,53,58,2,20,2,0,26.5,91.38,34.48,3.45
V Baskaran,15,53,86,11,42,1,0,4.82,61.63,48.84,1.16
AO Suji,8,53,117,7,75,4,0,7.57,45.3,64.1,3.42
Sobu George,2,53,41,2,14,4,2,26.5,129.27,34.15,14.63
J Suleman,4,53,62,4,31,2,3,13.25,85.48,50.0,8.06
DI Allan,8,53,117,8,83,5,0,6.62,45.3,70.94,4.27
S Yeshi,17,53,78,11,53,4,2,4.82,67.95,67.95,7.69
S Kushretha,6,53,71,5,36,3,0,10.6,74.65,50.7,4.23
Aamer Ikram,3,53,67,3,45,3,4,17.67,79.1,67.16,10.45
Shivang Kumar,6,53,46,6,19,6,1,8.83,115.22,41.3,15.22
Lalu Bhai Ahir,4,53,77,3,39,4,0,17.67,68.83,50.65,5.19
Sajid Patel,4,53,59,4,34,7,0,13.25,89.83,57.63,11.86
Mohammad Salman,6,52,102,7,71,3,1,7.43,50.98,69.61,3.92
DNA Ankrah,8,52,75,7,45,4,1,7.43,69.33,60.0,6.67
S Sankar,5,52,59,4,22,4,0,13.0,88.14,37.29,6.78
ML Schutt,3,52,38,2,11,8,0,26.0,136.84,28.95,21.05
JA Thompson,9,52,35,8,15,3,3,6.5,148.57,42.86,17.14
BE Hendricks,12,52,89,8,58,3,1,6.5,58.43,65.17,4.49
Akif Raja,6,52,44,3,17,5,1,17.33,118.18,38.64,13.64
Faizan Asif,5,52,45,5,23,5,2,10.4,115.56,51.11,15.56
OE Newey,3,52,58,2,23,2,0,26.0,89.66,39.66,3.45
GA Manou,5,52,74,3,39,4,0,17.33,70.27,52.7,5.41
MJ Suthar,3,52,121,4,90,5,0,13.0,42.98,74.38,4.13
J Wadia,6,52,38,6,16,3,3,8.67,136.84,42.11,15.79
Asif Afridi,11,52,57,6,33,6,2,8.67,91.23,57.89,14.04
NK Aneesh Kumar,14,52,74,7,35,1,1,7.43,70.27,47.3,2.7
SSB Magala,8,52,42,4,19,3,4,13.0,123.81,45.24,16.67
Aliya Kamara,6,52,47,6,27,5,3,8.67,110.64,57.45,17.02
Fayyaz Ahmed,3,52,106,1,78,7,0,52.0,49.06,73.58,6.6
Muhammad Zafar Khan,4,52,39,2,25,12,0,26.0,133.33,64.1,30.77
Abdur Rauf,3,52,168,6,138,4,0,8.67,30.95,82.14,2.38
GE Gutierrez Chavez,5,52,66,4,41,4,2,13.0,78.79,62.12,9.09
RN Bhatia,9,51,111,7,76,4,0,7.29,45.95,68.47,3.6
W O'Rourke,21,51,294,15,262,5,0,3.4,17.35,89.12,1.7
A Kaul,8,51,58,7,29,7,0,7.29,87.93,50.0,12.07
SD Udal,3,51,89,3,60,5,1,17.0,57.3,67.42,6.74
Kuldeep Gurjar,10,51,88,10,51,0,3,5.1,57.95,57.95,3.41
GY Tomar,2,51,45,2,24,4,3,25.5,113.33,53.33,15.56
Kamrul Islam Rabbi,7,51,281,9,255,5,2,5.67,18.15,90.75,2.49
KB Arun Karthik,8,51,51,5,22,4,1,10.2,100.0,43.14,9.8
N M'shangwe,8,51,65,9,49,3,5,5.67,78.46,75.38,12.31
Hilal Ahmad,5,51,74,3,38,2,0,17.0,68.92,51.35,2.7
TE Kane,4,51,129,4,99,5,0,12.75,39.53,76.74,3.88
TG Gordon,6,51,87,6,56,5,0,8.5,58.62,64.37,5.75
LN Rajbanshi,35,51,195,14,161,3,0,3.64,26.15,82.56,1.54
Sikder Billah,5,51,39,3,12,5,1,17.0,130.77,30.77,15.38
Saqlain Mushtaq,7,51,197,7,164,4,0,7.29,25.89,83.25,2.03
Sohail Ahmad,6,51,52,6,22,1,3,8.5,98.08,42.31,7.69
P Khari,2,51,39,1,17,5,2,51.0,130.77,43.59,17.95
Abubacarr Kuyateh,8,51,72,8,52,7,2,6.38,70.83,72.22,12.5
Swapnil Singh,9,51,45,5,20,3,3,10.2,113.33,44.44,13.33
Ahmad Khalid Ahmadzai,8,50,37,6,19,1,6,8.33,135.14,51.35,18.92
MD Fisher,2,50,90,1,66,6,0,50.0,55.56,73.33,6.67
Zain Muzaffar,7,50,36,2,9,2,3,25.0,138.89,25.0,13.89
EB Knowles,4,50,55,3,29,6,0,16.67,90.91,52.73,10.91
Usman Salahuddin,3,50,148,4,117,2,0,12.5,33.78,79.05,1.35
GJ Rennie,4,50,125,4,90,4,0,12.5,40.0,72.0,3.2
K Hardat,7,50,57,6,32,7,0,8.33,87.72,56.14,12.28
YYM Jakda,12,50,48,11,29,4,3,4.55,104.17,60.42,14.58
Qateel Zabiullah,3,50,27,3,9,2,5,16.67,185.19,33.33,25.93
Sufiyan Muqeem,16,50,60,8,30,4,1,6.25,83.33,50.0,8.33
TD Chaoana,15,50,75,9,45,3,1,5.56,66.67,60.0,5.33
TJ Dean,3,50,44,3,12,4,0,16.67,113.64,27.27,9.09
PEA Karunarathna,6,50,38,4,16,4,3,12.5,131.58,42.11,18.42
HK Brahmbhatt,2,50,59,2,36,5,1,25.0,84.75,61.02,10.17
J Reb,5,50,65,5,38,3,2,10.0,76.92,58.46,7.69
F Campbell,7,50,71,7,42,4,1,7.14,70.42,59.15,7.04
JD Baker,5,50,48,3,21,2,3,16.67,104.17,43.75,10.42
Mohammad Bhaidu,6,50,77,6,47,4,1,8.33,64.94,61.04,6.49
Izhar Hussain,4,50,60,4,27,3,1,12.5,83.33,45.0,6.67
RV Gomez,9,50,51,5,25,5,1,10.0,98.04,49.02,11.76
Iqbal Hussain,6,50,42,4,13,3,2,12.5,119.05,30.95,11.9
A Alexander,8,50,33,5,12,2,4,10.0,151.52,36.36,18.18
B van Zyl,5,49,45,5,18,3,2,9.8,108.89,40.0,11.11
Syed Faizan Tahir,8,49,74,7,41,2,1,7.0,66.22,55.41,4.05
CU Jayasinghe,3,49,49,1,20,3,1,49.0,100.0,40.82,8.16
CA Keita,11,49,95,11,73,5,2,4.45,51.58,76.84,7.37
Saad Ali,5,49,63,5,25,1,1,9.8,77.78,39.68,3.17
A Khan,7,49,54,7,23,2,1,7.0,90.74,42.59,5.56
ZS Ansari,3,49,136,5,104,5,0,9.8,36.03,76.47,3.68
Aphsal Ashraf,2,49,25,1,6,1,5,49.0,196.0,24.0,24.0
I Master,6,49,51,5,25,3,0,9.8,96.08,49.02,5.88
S Chilemanya,8,49,69,8,45,1,1,6.12,71.01,65.22,2.9
AG Paunikar,5,49,58,5,36,9,0,9.8,84.48,62.07,15.52
Naseem Khan,5,49,56,5,35,5,2,9.8,87.5,62.5,12.5
AS Yadav,6,49,39,5,17,5,2,9.8,125.64,43.59,17.95
Jubaid Ahamed,7,49,45,4,16,2,2,12.25,108.89,35.56,8.89
Muhammad Ajmal,7,49,56,6,30,5,1,8.17,87.5,53.57,10.71
LHD Dilhara,4,49,60,4,36,3,3,12.25,81.67,60.0,10.0
P Magafas,3,49,50,3,22,5,0,16.33,98.0,44.0,10.0
K Senamontree,15,49,84,12,51,1,1,4.08,58.33,60.71,2.38
J Clough,5,49,49,4,24,2,2,12.25,100.0,48.98,8.16
FA Klokker,6,48,45,1,16,4,0,48.0,106.67,35.56,8.89
Mohammad Huraira,3,48,103,5,73,4,0,9.6,46.6,70.87,3.88
Zahir Khan,15,48,54,10,31,3,2,4.8,88.89,57.41,9.26
GD Drummond,4,48,57,3,23,4,0,16.0,84.21,40.35,7.02
DAM Louis,7,48,47,5,21,3,2,9.6,102.13,44.68,10.64
Zong Yuechao,8,48,100,7,71,3,1,6.86,48.0,71.0,4.0
L Shafeeg,9,48,56,4,24,3,1,12.0,85.71,42.86,7.14
M Markande,10,48,42,3,18,5,1,16.0,114.29,42.86,14.29
Ibrahim Kpaka,10,48,65,10,36,4,0,4.8,73.85,55.38,6.15
A Modi,5,48,76,4,34,1,0,12.0,63.16,44.74,1.32
Ajin Soman,5,48,38,5,18,2,4,9.6,126.32,47.37,15.79
AJ Prajapati,6,48,86,6,65,3,2,8.0,55.81,75.58,5.81
E Kahamker,3,47,39,3,13,4,1,15.67,120.51,33.33,12.82
Rehman Abdul,3,47,51,2,24,2,1,23.5,92.16,47.06,5.88
DA Payne,7,47,29,3,8,0,4,15.67,162.07,27.59,13.79
Yashpal Singh,4,47,66,4,37,5,0,11.75,71.21,56.06,7.58
Kabir Berlia,5,47,32,3,11,5,2,15.67,146.88,34.38,21.88
Zaker Taqawi,8,47,69,5,33,2,0,9.4,68.12,47.83,2.9
W Parker,6,47,35,4,9,4,1,11.75,134.29,25.71,14.29
R Lungu,5,47,74,5,54,7,1,9.4,63.51,72.97,10.81
R Athapaththu,5,47,31,0,9,2,3,47.0,151.61,29.03,16.13
RR Beaton,6,47,81,3,57,5,1,15.67,58.02,70.37,7.41
Abdul Majid Abbasi,20,47,88,8,51,1,1,5.88,53.41,57.95,2.27
Arshad Ali,2,47,89,2,60,5,0,23.5,52.81,67.42,5.62
Shabbir Ahmed,9,47,103,7,82,6,0,6.71,45.63,79.61,5.83
C Sridev,5,47,58,4,27,3,0,11.75,81.03,46.55,5.17
DNT Zoysa,11,47,64,7,31,4,0,6.71,73.44,48.44,6.25
Mohammad Ayub,1,47,168,2,135,4,0,23.5,27.98,80.36,2.38
Manuel Iturbe,8,47,65,7,38,3,1,6.71,72.31,58.46,6.15
Seetharam Guruvayoorappan,4,47,69,3,38,4,0,15.67,68.12,55.07,5.8
C Brown,4,46,61,4,35,6,0,11.5,75.41,57.38,9.84
B Stanlake,23,46,90,7,61,3,1,6.57,51.11,67.78,4.44
ME Sanuth,2,46,39,2,15,5,1,23.0,117.95,38.46,15.38
Elias Sunny,10,46,158,9,137,5,1,5.11,29.11,86.71,3.8
Zhuang Zelin,9,46,84,9,53,2,0,5.11,54.76,63.1,2.38
SU Parakh,4,46,33,4,14,5,2,11.5,139.39,42.42,21.21
Chen Zhuo Yue,11,46,93,8,62,2,1,5.75,49.46,66.67,3.23
V Veiqravi,5,46,61,5,41,3,3,9.2,75.41,67.21,9.84
R Telemachus,4,46,23,3,5,2,3,15.33,200.0,21.74,21.74
AS Wright,3,46,45,3,26,3,3,15.33,102.22,57.78,13.33
W Prestwidge,6,46,44,5,25,3,3,9.2,104.55,56.82,13.64
AM Oyede,7,46,77,7,45,2,0,6.57,59.74,58.44,2.6
L Ward,5,46,45,2,20,4,1,23.0,102.22,44.44,11.11
LC Hatcher,9,46,47,6,26,2,3,7.67,97.87,55.32,10.64
NN Banner,9,46,68,5,39,1,1,9.2,67.65,57.35,2.94
L Sipamla,10,46,97,6,63,3,0,7.67,47.42,64.95,3.09
Naveena Shetty,8,46,32,6,13,5,2,7.67,143.75,40.62,21.88
MADI Hemantha,8,46,53,5,26,4,1,9.2,86.79,49.06,9.43
Ghulam Ahmadi,14,46,48,3,20,4,0,15.33,95.83,41.67,8.33
Gagandeep Singh,11,46,51,6,26,4,1,7.67,90.2,50.98,9.8
LT Bichard,8,46,58,4,26,4,0,11.5,79.31,44.83,6.9
AB Mengoumou,8,46,132,7,94,0,0,6.57,34.85,71.21,0.0
L Botha,1,46,25,0,11,5,3,46.0,184.0,44.0,32.0
N Peter,7,46,58,3,33,5,0,15.33,79.31,56.9,8.62
A Shahzad,10,45,75,7,49,1,3,6.43,60.0,65.33,5.33
JD Bhatt,3,45,37,3,13,2,2,15.0,121.62,35.14,10.81
PA Hitchcock,6,45,60,4,38,4,2,11.25,75.0,63.33,10.0
M Fontaine,9,45,49,6,21,1,1,7.5,91.84,42.86,4.08
Kashif Abbas,4,45,41,4,24,4,3,11.25,109.76,58.54,17.07
KS Airee,6,45,42,4,15,3,1,11.25,107.14,35.71,9.52
KT Maphaka,12,45,62,7,41,4,2,6.43,72.58,66.13,9.68
JWN Moses,6,45,50,6,25,4,1,7.5,90.0,50.0,10.0
RDM Leverock,9,45,120,6,87,2,0,7.5,37.5,72.5,1.67
JA Sinclair,6,45,36,1,13,4,2,45.0,125.0,36.11,16.67
J Jojo,8,45,33,4,6,2,1,11.25,136.36,18.18,9.09
M Karg,2,45,65,2,43,4,1,22.5,69.23,66.15,7.69
Zahid Ali,5,45,48,2,22,4,0,22.5,93.75,45.83,8.33
SE Thomas,5,45,77,4,45,2,1,11.25,58.44,58.44,3.9
Tabarak Dar,2,45,88,2,60,5,0,22.5,51.14,68.18,5.68
Craig Cachopa,3,45,48,2,22,2,2,22.5,93.75,45.83,8.33
TV Mufambisi,4,45,69,4,47,6,0,11.25,65.22,68.12,8.7
B Khumalo,14,45,66,4,32,2,0,11.25,68.18,48.48,3.03
Brima Ansumana,6,45,79,6,51,3,0,7.5,56.96,64.56,3.8
Mohamed Mahfooz,6,45,68,4,34,2,0,11.25,66.18,50.0,2.94
Saif Ullah,4,45,38,4,24,5,3,11.25,118.42,63.16,21.05
CJM Sabburg,4,45,57,2,24,1,0,22.5,78.95,42.11,1.75
BJ Arnel,6,45,148,8,123,5,0,5.62,30.41,83.11,3.38
S Ateak,3,45,48,3,29,6,1,15.0,93.75,60.42,14.58
JR Cope,3,44,50,0,22,3,1,44.0,88.0,44.0,8.0
Mamoon Latif,5,44,47,5,21,3,1,8.8,93.62,44.68,8.51
NA de Groot,6,44,127,6,106,6,0,7.33,34.65,83.46,4.72
KR Smith,3,44,42,2,16,4,0,22.0,104.76,38.1,9.52
RJ Pierre,8,44,60,6,27,2,1,7.33,73.33,45.0,5.0
JS Henriksen,4,44,44,3,14,2,0,14.67,100.0,31.82,4.55
JAM Henri,6,44,38,5,13,2,1,8.8,115.79,34.21,7.89
Usman Waheed,3,44,38,2,11,4,1,22.0,115.79,28.95,13.16
Saqlain Haider,7,44,75,7,46,4,0,6.29,58.67,61.33,5.33
Atif Mehmood,7,44,45,3,18,2,2,14.67,97.78,40.0,8.89
CJ Stamp,5,44,51,2,23,3,0,22.0,86.27,45.1,5.88
Mohammad Ali,18,44,173,12,146,4,0,3.67,25.43,84.39,2.31
Ansh Tandon,6,44,52,6,27,4,1,7.33,84.62,51.92,9.62
S Sarthak,4,44,39,3,13,2,1,14.67,112.82,33.33,7.69
G Ganbold,13,44,121,12,88,1,0,3.67,36.36,72.73,0.83
R Galgalikar,6,44,65,6,37,3,0,7.33,67.69,56.92,4.62
Rasikh Salam,7,43,42,5,19,5,0,8.6,102.38,45.24,11.9
T Makoni,2,43,123,4,106,6,0,10.75,34.96,86.18,4.88
Sikander Zulfiqar,7,43,44,7,15,3,0,6.14,97.73,34.09,6.82
SJ Swanepoel,5,43,94,5,69,4,0,8.6,45.74,73.4,4.26
TS Waqavakatoga,5,43,38,4,14,2,2,10.75,113.16,36.84,10.53
Tanvir Islam,9,43,64,6,45,6,1,7.17,67.19,70.31,10.94
Sunzamul Islam,2,43,80,2,53,4,0,21.5,53.75,66.25,5.0
L Karlsson,6,43,45,5,21,3,1,8.6,95.56,46.67,8.89
Khalid Usman,3,43,34,1,9,3,1,43.0,126.47,26.47,11.76
M Jele,16,43,71,10,40,0,2,4.3,60.56,56.34,2.82
A Langham,3,43,39,3,19,3,1,14.33,110.26,48.72,10.26
J Perman,4,43,37,3,22,3,3,14.33,116.22,59.46,16.22
M Worndl,5,43,89,4,60,3,0,10.75,48.31,67.42,3.37
FJ Mpegna,12,43,76,9,47,2,1,4.78,56.58,61.84,3.95
Sunny Singh,5,43,31,4,12,6,1,10.75,138.71,38.71,22.58
AC Thomas,11,43,54,6,24,2,1,7.17,79.63,44.44,5.56
P Pustoslemsek,5,43,65,5,40,4,1,8.6,66.15,61.54,7.69
RP Lefebvre,4,43,65,3,43,4,1,14.33,66.15,66.15,7.69
Iftekar Jaman,3,43,28,2,9,3,3,21.5,153.57,32.14,21.43
Numan Yousuf,2,42,33,2,10,6,0,21.0,127.27,30.3,18.18
KY Wilfried,10,42,170,10,139,2,0,4.2,24.71,81.76,1.18
Muzaffar Shiralkar,5,42,38,5,23,7,1,8.4,110.53,60.53,21.05
LR Naylor,4,42,56,4,31,5,0,10.5,75.0,55.36,8.93
S Verma,5,42,53,2,24,4,0,21.0,79.25,45.28,7.55
Mohammad Mohsin,8,42,51,6,31,3,2,7.0,82.35,60.78,9.8
SF Mangoda,5,42,37,5,15,5,1,8.4,113.51,40.54,16.22
HJC Mol,4,42,116,4,89,4,0,10.5,36.21,76.72,3.45
Asad Ali Rehemtulla,11,42,55,7,23,3,0,6.0,76.36,41.82,5.45
SJC Keen,4,42,42,4,20,2,2,10.5,100.0,47.62,9.52
A Chaudhary,4,42,44,4,19,5,0,10.5,95.45,43.18,11.36
Jaikumar Thakur,7,42,79,7,47,2,0,6.0,53.16,59.49,2.53
R Kumar,5,42,28,4,10,4,1,10.5,150.0,35.71,17.86
Muhammad Murad,6,42,51,4,29,1,3,10.5,82.35,56.86,7.84
RL Bhudia,4,42,35,3,15,1,3,14.0,120.0,42.86,11.43
Abdullah Rana,5,42,27,4,10,4,2,10.5,155.56,37.04,22.22
Pratik Singh Bais,17,42,72,8,36,0,0,5.25,58.33,50.0,0.0
SD Valjalo,5,42,54,4,28,4,0,10.5,77.78,51.85,7.41
SK Trivedi,14,42,59,7,34,3,1,6.0,71.19,57.63,6.78
SC de Oliveira,5,42,34,3,12,2,2,14.0,123.53,35.29,11.76
DC Green,4,42,45,2,19,3,1,21.0,93.33,42.22,8.89
Asim Ashraf,3,42,76,3,51,5,0,14.0,55.26,67.11,6.58
T Gwandu,10,42,139,6,108,2,0,7.0,30.22,77.7,1.44
Sheraz Sirwari,7,42,31,5,15,0,5,8.4,135.48,48.39,16.13
AR Puri,14,41,77,9,49,1,1,4.56,53.25,63.64,2.6
BA Viraliliu,2,41,38,2,13,3,0,20.5,107.89,34.21,7.89
Shah Faisal,9,41,58,5,29,2,1,8.2,70.69,50.0,5.17
Zahid Khan,7,41,49,7,29,4,1,5.86,83.67,59.18,10.2
Suhail Sattar,8,41,55,8,36,5,1,5.12,74.55,65.45,10.91
Joginder Sharma,6,41,32,4,10,2,2,10.25,128.12,31.25,12.5
Mohammad Ghazanfar,13,41,62,6,36,3,0,6.83,66.13,58.06,4.84
E Kubwimana,16,41,75,11,49,2,0,3.73,54.67,65.33,2.67
E Jabarkhel,7,41,44,5,19,5,0,8.2,93.18,43.18,11.36
K Pala,2,41,30,1,14,4,2,41.0,136.67,46.67,20.0
P Baghel,3,41,53,3,36,7,0,13.67,77.36,67.92,13.21
O Thomas,29,41,115,13,87,4,0,3.15,35.65,75.65,3.48
Luca Petre,7,41,34,3,11,1,1,13.67,120.59,32.35,5.88
Karan Singh,9,41,61,7,34,3,0,5.86,67.21,55.74,4.92
P Dhiman,4,41,55,4,23,0,1,10.25,74.55,41.82,1.82
OK Mohamed,11,41,134,11,113,4,0,3.73,30.6,84.33,2.99
OL Pitcher,4,41,99,4,70,3,0,10.25,41.41,70.71,3.03
J Baguma,10,41,55,5,27,3,0,8.2,74.55,49.09,5.45
Codi Yusuf,2,40,77,2,61,7,0,20.0,51.95,79.22,9.09
Ben Jones,1,40,41,1,14,3,0,40.0,97.56,34.15,7.32
DV Varghese,8,40,55,5,26,2,0,8.0,72.73,47.27,3.64
S von Berg,1,40,111,2,94,7,0,20.0,36.04,84.68,6.31
A Bhadauria,2,40,31,2,12,6,0,20.0,129.03,38.71,19.35
Mertcan Donmez,5,40,67,3,47,4,1,13.33,59.7,70.15,7.46
Salim Patel,6,40,38,6,24,7,1,6.67,105.26,63.16,21.05
Ashish Bam,6,40,44,3,23,5,0,13.33,90.91,52.27,11.36
S Navaratne,6,40,43,6,24,1,3,6.67,93.02,55.81,9.3
S Nadeem,22,40,117,16,86,2,0,2.5,34.19,73.5,1.71
Zeeshan Siddiqui,3,40,44,2,17,4,0,20.0,90.91,38.64,9.09
P Hatzoglou,11,40,50,5,24,3,0,8.0,80.0,48.0,6.0
WF Stelling,2,40,38,0,18,2,2,40.0,105.26,47.37,10.53
PRP Boissevain,5,40,69,5,46,2,0,8.0,57.97,66.67,2.9
R Theruvath,6,40,41,6,19,4,1,6.67,97.56,46.34,12.2
J Pant,1,40,29,1,8,4,1,40.0,137.93,27.59,17.24
A Maheshwari,10,40,65,10,46,3,2,4.0,61.54,70.77,7.69
TGJ Gruijters,4,40,41,2,14,3,0,20.0,97.56,34.15,7.32
AD Algar,2,40,50,1,25,2,1,40.0,80.0,50.0,6.0
Nooruddin Mujadady,5,40,25,3,6,2,2,13.33,160.0,24.0,16.0
M Smith,3,40,48,3,32,2,3,13.33,83.33,66.67,10.42
O Lutbayar,12,40,78,12,54,2,1,3.33,51.28,69.23,3.85
Irfan Saleh,4,39,38,3,23,3,3,13.0,102.63,60.53,15.79
Muhammed Turkmen,4,39,27,4,13,3,3,9.75,144.44,48.15,22.22
K Shivam,8,39,89,7,64,2,1,5.57,43.82,71.91,3.37
RP Magar,5,39,76,5,48,0,2,7.8,51.32,63.16,2.63
TA Copeland,2,39,77,3,61,7,0,13.0,50.65,79.22,9.09
CB Lambert,1,39,84,1,64,4,1,39.0,46.43,76.19,5.95
Sajid Cheema,4,39,47,4,29,3,2,9.75,82.98,61.7,10.64
CV Varun,24,39,75,11,49,4,0,3.55,52.0,65.33,5.33
E Malinga,15,39,88,5,66,3,1,7.8,44.32,75.0,4.55
S Tobgay,2,39,58,2,26,1,0,19.5,67.24,44.83,1.72
T Sangha,13,39,71,7,43,2,0,5.57,54.93,60.56,2.82
A Manousis,6,39,32,5,18,5,2,7.8,121.88,56.25,21.88
J Gallimore,3,39,40,1,15,4,0,39.0,97.5,37.5,10.0
RA Austin,2,39,216,4,191,4,0,9.75,18.06,88.43,1.85
J Danikula,5,39,68,5,40,3,0,7.8,57.35,58.82,4.41
Imran Khalid,5,39,43,5,22,1,2,7.8,90.7,51.16,6.98
Mohammad Ilyas,11,39,45,6,17,2,0,6.5,86.67,37.78,4.44
S Snater,7,39,29,6,9,1,2,6.5,134.48,31.03,10.34
MJ Johnston,6,39,30,2,10,0,2,19.5,130.0,33.33,6.67
Arsalan Arif,4,39,51,3,24,1,0,13.0,76.47,47.06,1.96
KMA Aziz,11,39,136,10,108,2,0,3.9,28.68,79.41,1.47
OGT Gould,2,39,42,2,17,1,2,19.5,92.86,40.48,7.14
OO Bascome,3,39,68,3,46,5,0,13.0,57.35,67.65,7.35
Kamal Soukhiya,10,39,44,10,23,1,2,3.9,88.64,52.27,6.82
KDC Clarke,4,39,29,3,11,4,1,13.0,134.48,37.93,17.24
Yousef Shadzehisarjou,1,39,46,1,23,4,0,39.0,84.78,50.0,8.7
AUK Pathan,7,39,23,5,11,5,2,7.8,169.57,47.83,30.43
JEK Rew,1,39,90,2,72,6,0,19.5,43.33,80.0,6.67
J Pickering,6,39,59,4,28,1,0,9.75,66.1,47.46,1.69
Shahid Ahmadzai,6,38,63,4,39,3,0,9.5,60.32,61.9,4.76
Shahid Aziz,5,38,26,5,9,3,2,7.6,146.15,34.62,19.23
SZ Thakor,6,38,27,4,11,5,1,9.5,140.74,40.74,22.22
A Gorawara,4,38,37,4,16,2,2,9.5,102.7,43.24,10.81
DK Pallekonda,11,38,57,9,35,5,0,4.22,66.67,61.4,8.77
Ehsan Nawaz,9,38,89,6,65,4,0,6.33,42.7,73.03,4.49
Anasim Khan,4,38,28,3,13,4,2,12.67,135.71,46.43,21.43
Abu Jayed,12,38,160,15,144,4,0,2.53,23.75,90.0,2.5
H Pragji,4,38,65,3,34,1,0,12.67,58.46,52.31,1.54
S Jele,6,38,37,5,17,1,2,7.6,102.7,45.95,8.11
Mohammad Tauqir,9,38,85,6,66,5,0,6.33,44.71,77.65,5.88
S Shailesh,6,38,76,5,57,4,1,7.6,50.0,75.0,6.58
Irfan Sarfraz,3,38,55,3,27,2,0,12.67,69.09,49.09,3.64
V Masekesa,4,38,167,7,142,3,0,5.43,22.75,85.03,1.8
J Allenby,2,38,40,2,19,5,0,19.0,95.0,47.5,12.5
Jai Tiwari,2,38,33,2,18,4,2,19.0,115.15,54.55,18.18
Qaiser Ali,5,38,95,5,72,4,0,7.6,40.0,75.79,4.21
JL Kovacic,4,38,31,3,14,2,3,12.67,122.58,45.16,16.13
JM Polarouthu,3,38,41,1,16,1,1,38.0,92.68,39.02,4.88
AK Kitchen,4,38,32,3,10,3,1,12.67,118.75,31.25,12.5
P Kotoisuva,6,38,32,4,15,1,3,9.5,118.75,46.88,12.5
P Chin,4,38,55,4,32,1,0,9.5,69.09,58.18,1.82
Ovais Yousof,2,38,56,2,31,3,0,19.0,67.86,55.36,5.36
Benjamin Embleton,3,37,41,3,19,4,0,12.33,90.24,46.34,9.76
Mohamed Shiyam,4,37,54,2,33,4,0,18.5,68.52,61.11,7.41
A Sarma,2,37,46,2,24,3,1,18.5,80.43,52.17,8.7
Awais Zafar,2,37,35,2,18,5,1,18.5,105.71,51.43,17.14
D Madushanka,15,37,90,9,69,5,0,4.11,41.11,76.67,5.56
S Wankhade,4,37,81,4,55,1,0,9.25,45.68,67.9,1.23
S Tharanga,7,37,35,4,18,3,2,9.25,105.71,51.43,14.29
Fazl-e-Akbar,1,37,65,2,49,7,0,18.5,56.92,75.38,10.77
Furkan Tuskan,6,37,67,6,49,3,2,6.17,55.22,73.13,7.46
A Kuthalingham,2,37,39,2,14,1,0,18.5,94.87,35.9,2.56
SG Borthwick,4,37,51,5,32,4,1,7.4,72.55,62.75,9.8
E Otieno,17,37,91,11,63,2,0,3.36,40.66,69.23,2.2
S Narwal,4,37,27,3,10,6,0,12.33,137.04,37.04,22.22
Imran Khan (4),2,37,27,1,13,2,3,37.0,137.04,48.15,18.52
RM Hira,3,37,33,2,15,4,1,18.5,112.12,45.45,15.15
L McCarthy,5,37,53,4,35,4,1,9.25,69.81,66.04,9.43
Muhammad Akram,6,37,41,4,26,2,3,9.25,90.24,63.41,12.2
I Kamara,8,37,71,5,49,2,1,7.4,52.11,69.01,4.23
Abu Hider,3,37,29,1,15,4,2,37.0,127.59,51.72,20.69
Gabor Torok,2,37,40,2,21,4,0,18.5,92.5,52.5,10.0
H Aggarwal,4,37,58,3,32,2,0,12.33,63.79,55.17,3.45
Y Konate,10,37,73,10,56,2,2,3.7,50.68,76.71,5.48
Waleed Rana,3,37,48,3,27,2,1,12.33,77.08,56.25,6.25
M Prasidh Krishna,25,37,140,13,111,2,0,2.85,26.43,79.29,1.43
Jonte Smith,7,37,45,4,22,3,0,9.25,82.22,48.89,6.67
AJ McKay,11,37,103,5,81,3,0,7.4,35.92,78.64,2.91
Ankush Singh,2,36,29,2,18,3,3,18.0,124.14,62.07,20.69
DE Burgess,7,36,69,3,35,0,0,12.0,52.17,50.72,0.0
D Teinaki,4,36,38,4,23,2,3,9.0,94.74,60.53,13.16
O Sam Arthur,5,36,46,0,27,5,0,36.0,78.26,58.7,10.87
Najeeb Amar,3,36,50,2,32,5,0,18.0,72.0,64.0,10.0
M Clarke,6,36,20,3,11,0,5,12.0,180.0,55.0,25.0
KN Gabhane,2,36,39,0,17,3,0,36.0,92.31,43.59,7.69
A Magdalenic,14,36,90,12,65,3,0,3.0,40.0,72.22,3.33
AN Ahmed,6,36,26,1,10,4,1,36.0,138.46,38.46,19.23
PH Shamdasani,2,36,30,1,9,3,0,36.0,120.0,30.0,10.0
A Dowling,7,36,50,4,27,4,0,9.0,72.0,54.0,8.0
RMR Brathwaite,7,36,40,6,18,2,1,6.0,90.0,45.0,7.5
LD Madushanka,7,36,55,6,31,3,0,6.0,65.45,56.36,5.45
J Dunn,3,36,41,3,18,0,1,12.0,87.8,43.9,2.44
Elan Talker,7,36,48,3,19,1,0,12.0,75.0,39.58,2.08
Aaditya Varadarajan,3,36,62,3,34,1,0,12.0,58.06,54.84,1.61
Pavandeep Singh,17,36,62,1,28,0,0,36.0,58.06,45.16,0.0
JO Troughton,5,36,76,4,57,5,0,9.0,47.37,75.0,6.58
JL du Plooy,2,36,26,2,8,4,0,18.0,138.46,30.77,15.38
Azeem Nazir,2,36,42,2,23,5,0,18.0,85.71,54.76,11.9
Asif Iqbal,3,36,45,2,23,3,1,18.0,80.0,51.11,8.89
C Udekwe,9,36,39,5,20,1,2,7.2,92.31,51.28,7.69
Zaheer Ibrahim,6,36,39,6,21,4,1,6.0,92.31,53.85,12.82
LK Hamilton,1,36,19,1,7,3,3,36.0,189.47,36.84,31.58
Ali Usman,4,36,119,7,100,5,0,5.14,30.25,84.03,4.2
Anureet Singh,8,36,47,4,22,2,1,9.0,76.6,46.81,6.38
C Floyd,7,36,43,4,27,4,1,9.0,83.72,62.79,11.63
A Bohara,15,36,47,7,24,1,1,5.14,76.6,51.06,4.26
Mohammad Sharif,2,36,121,3,99,3,0,12.0,29.75,81.82,2.48
GC Tonge,5,36,43,3,25,4,0,12.0,83.72,58.14,9.3
Rizwan Haider,8,36,28,2,10,1,3,18.0,128.57,35.71,14.29
MA Suji,7,36,48,3,23,1,1,12.0,75.0,47.92,4.17
AM Patel,7,35,44,3,23,3,0,11.67,79.55,52.27,6.82
Nay Lin Htun,13,35,56,9,29,2,0,3.89,62.5,51.79,3.57
Nazakat Ali,2,35,31,2,14,1,3,17.5,112.9,45.16,12.9
Rahat Kazi,8,35,64,8,43,1,1,4.38,54.69,67.19,3.12
H Srinivasan,4,35,49,3,20,1,0,11.67,71.43,40.82,2.04
H Bharadwaj,5,35,30,3,13,3,2,11.67,116.67,43.33,16.67
S Kochar,4,35,44,4,23,2,1,8.75,79.55,52.27,6.82
Waqas Haider,3,35,21,2,9,4,2,17.5,166.67,42.86,28.57
NG Jones,5,35,34,3,10,0,2,11.67,102.94,29.41,5.88
RKJ Dawson,3,35,111,3,91,4,0,11.67,31.53,81.98,3.6
JC Martin,3,35,36,1,15,1,1,35.0,97.22,41.67,5.56
N Davidovic,7,35,34,6,19,3,2,5.83,102.94,55.88,14.71
Sathya Narayanan,5,35,51,4,26,2,0,8.75,68.63,50.98,3.92
A Ilaoa,7,35,35,6,18,3,1,5.83,100.0,51.43,11.43
B Sumanth,4,35,37,1,14,3,0,35.0,94.59,37.84,8.11
TAW Patterson,5,35,68,5,43,2,0,7.0,51.47,63.24,2.94
BJ Currie,11,35,62,3,32,0,0,11.67,56.45,51.61,0.0
A Conteh,6,35,55,6,36,3,0,5.83,63.64,65.45,5.45
Shehzad Patel,5,35,42,4,25,3,1,8.75,83.33,59.52,9.52
Salil Arora,1,35,21,1,5,2,2,35.0,166.67,23.81,19.05
M Ashwin,12,35,50,9,27,2,1,3.89,70.0,54.0,6.0
Amjad Mahboob,13,35,48,8,26,1,2,4.38,72.92,54.17,6.25
C McAuslan,2,35,72,2,51,4,0,17.5,48.61,70.83,5.56
YI Kachhalia,7,35,55,7,32,3,0,5.0,63.64,58.18,5.45
Arsalan Ahmed,3,35,27,3,14,7,0,11.67,129.63,51.85,25.93
F Hand,10,35,71,8,48,4,0,4.38,49.3,67.61,5.63
DT Hondo,14,35,110,8,87,4,0,4.38,31.82,79.09,3.64
M Matthew,4,35,23,4,9,3,2,8.75,152.17,39.13,21.74
RA Bawa,4,35,32,3,13,2,0,11.67,109.38,40.62,6.25
J Madan,5,35,33,2,14,5,0,17.5,106.06,42.42,15.15
Abdullah Jasat,7,35,29,5,13,2,2,7.0,120.69,44.83,13.79
S Smith,11,34,65,6,35,1,0,5.67,52.31,53.85,1.54
Mohammad Talha,4,34,73,5,62,4,2,6.8,46.58,84.93,8.22
NA Maiolo,4,34,40,4,18,2,1,8.5,85.0,45.0,7.5
Amir Hayat,7,34,79,5,53,1,1,6.8,43.04,67.09,2.53
SL Rainbird,11,34,36,7,14,2,0,4.86,94.44,38.89,5.56
DR Gibson,1,34,24,1,11,5,1,34.0,141.67,45.83,25.0
DK Dahyabhai Ahir,6,34,46,3,19,1,0,11.33,73.91,41.3,2.17
B Jerkovic,7,34,73,2,47,1,0,17.0,46.58,64.38,1.37
T Horpinitch,4,34,62,4,45,5,0,8.5,54.84,72.58,8.06
S Sriram,3,34,41,3,18,3,0,11.33,82.93,43.9,7.32
A Krishna,8,34,33,3,13,4,0,11.33,103.03,39.39,12.12
LS Baker,6,34,66,3,51,5,0,11.33,51.52,77.27,7.58
S Kimura,4,34,38,4,17,1,1,8.5,89.47,44.74,5.26
RJG Lockyear,4,34,42,4,22,2,1,8.5,80.95,52.38,7.14
J Marples,7,34,42,4,18,2,0,8.5,80.95,42.86,4.76
RP Alexander,2,34,75,2,51,3,0,17.0,45.33,68.0,4.0
YK Rai,1,34,26,1,8,1,2,34.0,130.77,30.77,11.54
Huang Junjie,5,34,81,5,60,3,0,6.8,41.98,74.07,3.7
J Hill,7,34,64,7,40,3,0,4.86,53.12,62.5,4.69
JJC Lawson,6,34,44,3,27,5,0,11.33,77.27,61.36,11.36
P Subrayen,5,34,42,6,22,2,1,5.67,80.95,52.38,7.14
W Perchard,3,34,31,0,10,2,0,34.0,109.68,32.26,6.45
W McClintock,4,34,38,3,19,4,0,11.33,89.47,50.0,10.53
AP Dole,2,34,22,2,6,3,1,17.0,154.55,27.27,18.18
PUKK Arachchige,5,34,51,5,29,0,1,6.8,66.67,56.86,1.96
Kashif Khan,4,34,51,4,24,0,1,8.5,66.67,47.06,1.96
Manoj Adhikari,6,34,53,3,30,3,0,11.33,64.15,56.6,5.66
BD Glover,10,34,57,5,41,5,0,6.8,59.65,71.93,8.77
Mustapha Yusuf,4,33,34,2,17,3,0,16.5,97.06,50.0,8.82
D Finau,8,33,29,5,14,2,2,6.6,113.79,48.28,13.79
GA Rogers,3,33,52,2,35,5,0,16.5,63.46,67.31,9.62
Nahid Rana,18,33,155,9,138,5,0,3.67,21.29,89.03,3.23
A Codrington,6,33,72,6,52,3,0,5.5,45.83,72.22,4.17
M Cohen,2,33,31,2,12,3,1,16.5,106.45,38.71,12.9
Elias Hasan,6,33,37,4,20,2,2,8.25,89.19,54.05,10.81
RJMGM Rupasinghe,2,33,39,2,17,2,0,16.5,84.62,43.59,5.13
C Chete,9,33,47,9,30,4,0,3.67,70.21,63.83,8.51
R Flannigan,2,33,28,1,10,3,0,33.0,117.86,35.71,10.71
Faisal Mehmood,2,33,25,2,12,5,1,16.5,132.0,48.0,24.0
Mohammad Iqbal,2,33,53,2,41,6,0,16.5,62.26,77.36,11.32
SS Kang,6,33,114,5,86,1,0,6.6,28.95,75.44,0.88
Micheal Das,3,33,29,2,13,4,1,16.5,113.79,44.83,17.24
Farhan Adil,1,33,69,2,53,4,0,16.5,47.83,76.81,5.8
Simandeep Singh,8,33,39,6,17,2,0,5.5,84.62,43.59,5.13
D Salunkhe,3,33,24,2,8,5,0,16.5,137.5,33.33,20.83
R Nil,2,33,27,2,9,2,1,16.5,122.22,33.33,11.11
N Mokoena,4,33,27,2,17,1,4,16.5,122.22,62.96,18.52
Omar Hussain,5,33,40,5,22,2,1,6.6,82.5,55.0,7.5
PARP Perera,2,33,58,2,32,2,0,16.5,56.9,55.17,3.45
B Regmi,10,33,82,9,62,4,0,3.67,40.24,75.61,4.88
J Srinath,9,33,86,6,67,4,0,5.5,38.37,77.91,4.65
DKJ Claude,10,33,84,10,68,5,0,3.3,39.29,80.95,5.95
AHT Donald,2,33,18,2,6,3,2,16.5,183.33,33.33,27.78
S Gupta,6,33,24,4,8,3,1,8.25,137.5,33.33,16.67
R Limbu,3,32,47,3,32,4,1,10.67,68.09,68.09,10.64
CR Richards,10,32,50,9,32,2,1,3.56,64.0,64.0,6.0
KRP Silva,2,32,12,2,2,2,3,16.0,266.67,16.67,41.67
JJ Wright,4,32,32,3,10,1,1,10.67,100.0,31.25,6.25
P Nedeljkovic,5,32,42,3,25,3,1,10.67,76.19,59.52,9.52
Bukhar Illikkal,4,32,32,4,12,2,1,8.0,100.0,37.5,9.38
Aftab Kayani,3,32,32,3,15,3,0,10.67,100.0,46.88,9.38
Basil Thampi,7,32,35,1,14,1,1,32.0,91.43,40.0,5.71
TW Samuels,5,32,43,4,21,2,0,8.0,74.42,48.84,4.65
Rakibul Hasan,6,32,24,4,11,4,1,8.0,133.33,45.83,20.83
D Gaikwad,2,32,23,2,11,6,0,16.0,139.13,47.83,26.09
JM James,5,32,26,3,13,3,2,10.67,123.08,50.0,19.23
BK Stroud,6,32,79,4,55,1,0,8.0,40.51,69.62,1.27
AR Balla,12,32,117,9,89,0,0,3.56,27.35,76.07,0.0
Salman Patel,6,32,35,4,18,3,1,8.0,91.43,51.43,11.43
L Grace,5,32,47,4,27,1,1,8.0,68.09,57.45,4.26
Josh Brown,1,32,11,1,3,3,3,32.0,290.91,27.27,54.55
Vivek Dixit,5,32,33,4,17,3,1,8.0,96.97,51.52,12.12
LJ Myott,8,32,34,3,15,1,1,10.67,94.12,44.12,5.88
H Miller,2,32,29,2,10,2,1,16.0,110.34,34.48,10.34
AAA Patel,4,32,31,4,21,4,1,8.0,103.23,67.74,16.13
J West,4,32,53,4,30,2,0,8.0,60.38,56.6,3.77
JD Newton,4,32,51,4,31,2,1,8.0,62.75,60.78,5.88
JS Bangera,4,32,44,4,27,3,1,8.0,72.73,61.36,9.09
K Ghalley,4,32,41,2,18,2,0,16.0,78.05,43.9,4.88
EC Rainsford,18,32,101,9,76,1,0,3.56,31.68,75.25,0.99
M de Lange,8,32,47,6,29,2,1,5.33,68.09,61.7,6.38
Aaqib Sulehri,4,32,33,3,18,5,0,10.67,96.97,54.55,15.15
LHB Harrington-Myers,4,32,39,3,18,1,1,10.67,82.05,46.15,5.13
ML Bojang,5,32,32,5,18,2,1,6.4,100.0,56.25,9.38
ZR Jaboneke,5,32,44,2,20,0,1,16.0,72.73,45.45,2.27
Syed Maisam Ali,4,31,24,1,9,1,2,31.0,129.17,37.5,12.5
D Daesrath,1,31,55,1,42,3,1,31.0,56.36,76.36,7.27
U Bhagwan,4,31,32,2,15,3,1,15.5,96.88,46.88,12.5
S Kollery,2,31,43,1,25,4,0,31.0,72.09,58.14,9.3
MA Beer,12,31,60,5,39,1,0,6.2,51.67,65.0,1.67
RJ Kirtley,4,31,120,6,102,1,1,5.17,25.83,85.0,1.67
RAP Nissanka,6,31,80,3,62,2,0,10.33,38.75,77.5,2.5
LN Saishiv,1,31,31,1,14,1,2,31.0,100.0,45.16,9.68
JDA Richardson,5,31,48,4,27,3,0,7.75,64.58,56.25,6.25
Parvindar Kumar,4,31,26,3,10,1,2,10.33,119.23,38.46,11.54
JB Reva,8,31,48,7,29,2,1,4.43,64.58,60.42,6.25
DG Weakley,6,31,50,5,29,1,1,6.2,62.0,58.0,4.0
TS Braat,2,31,30,1,15,4,1,31.0,103.33,50.0,16.67
G Onions,8,31,99,4,79,4,0,7.75,31.31,79.8,4.04
J Cama,5,31,28,5,14,0,3,6.2,110.71,50.0,10.71
RR Naik,2,31,19,2,3,0,3,15.5,163.16,15.79,15.79
JL Tutty,5,31,43,3,19,2,0,10.33,72.09,44.19,4.65
NT Rajendran,5,31,29,2,8,3,0,15.5,106.9,27.59,10.34
Umair Ali,3,31,28,2,14,2,2,15.5,110.71,50.0,14.29
NS Naik,4,31,50,4,28,2,0,7.75,62.0,56.0,4.0
Soyeb Pendi,7,31,28,4,17,2,3,7.75,110.71,60.71,17.86
L Sanogo,12,31,60,8,43,4,0,3.88,51.67,71.67,6.67
D Marks,6,31,35,3,16,1,1,10.33,88.57,45.71,5.71
D Cato,3,30,59,3,40,2,0,10.0,50.85,67.8,3.39
Gauhar Ali,3,30,22,3,10,4,1,10.0,136.36,45.45,22.73
AR Nedd,8,30,36,6,18,1,1,5.0,83.33,50.0,5.56
Danyal Akbar,3,30,31,2,11,2,0,15.0,96.77,35.48,6.45
T Kamungozi,10,30,63,7,50,5,0,4.29,47.62,79.37,7.94
R Poojary,7,30,52,7,30,0,1,4.29,57.69,57.69,1.92
OEG Baartman,11,30,72,5,47,1,0,6.0,41.67,65.28,1.39
DP Nannes,10,30,37,4,19,1,1,7.5,81.08,51.35,5.41
CJPF Kalugamage,8,30,44,3,20,1,0,10.0,68.18,45.45,2.27
J Pakhiaokajee,5,30,39,3,23,2,1,10.0,76.92,58.97,7.69
JC Darji,6,30,44,6,27,4,0,5.0,68.18,61.36,9.09
J Kariko,10,30,41,5,26,3,1,6.0,73.17,63.41,9.76
K Matigimu,3,30,28,3,15,0,3,10.0,107.14,53.57,10.71
RR Simmonds,5,30,14,1,4,3,2,30.0,214.29,28.57,35.71
JI de Villiers,10,30,69,8,47,1,1,3.75,43.48,68.12,2.9
AR Pitcher,1,30,54,1,37,2,1,30.0,55.56,68.52,5.56
Umran Malik,11,30,29,3,17,2,2,10.0,103.45,58.62,13.79
H Pattenden,3,30,28,0,14,2,2,30.0,107.14,50.0,14.29
PJC Hoffmann,3,30,23,2,12,4,1,15.0,130.43,52.17,21.74
A Mustafa,5,30,27,2,7,1,0,15.0,111.11,25.93,3.7
A Morris,12,30,67,4,47,2,0,7.5,44.78,70.15,2.99
Hamed Khan,5,30,43,4,20,2,0,7.5,69.77,46.51,4.65
MDUS Jayasundera,2,30,77,4,61,2,0,7.5,38.96,79.22,2.6
B Maphosa,4,30,39,2,20,0,1,15.0,76.92,51.28,2.56
D Nedd,3,30,34,3,17,1,2,10.0,88.24,50.0,8.82
Isaiah O'Brien,1,30,11,1,2,2,3,30.0,272.73,18.18,45.45
Imran Khan,15,30,41,11,23,3,0,2.73,73.17,56.1,7.32
Andre Jarju,8,30,71,5,50,2,0,6.0,42.25,70.42,2.82
A Paul,7,30,38,5,19,1,0,6.0,78.95,50.0,2.63
RV Viraj,4,30,52,4,37,5,0,7.5,57.69,71.15,9.62
NH Ekanayake,4,30,43,3,29,3,1,10.0,69.77,67.44,9.3
Hasnain Ul Wahab,2,29,45,2,33,3,1,14.5,64.44,73.33,8.89
Yasir Mohammad,7,29,60,6,36,0,0,4.83,48.33,60.0,0.0
HP Kingston,3,29,18,2,7,1,2,14.5,161.11,38.89,16.67
Muhammad Usman (3),1,29,18,0,1,1,1,29.0,161.11,5.56,11.11
Akshat Raghuwanshi,2,29,25,2,7,1,1,14.5,116.0,28.0,8.0
A Neill,6,29,41,2,22,2,0,14.5,70.73,53.66,4.88
Zeeshan Goraya,5,29,38,5,21,2,1,5.8,76.32,55.26,7.89
DK Shetty,5,29,24,2,7,1,1,14.5,120.83,29.17,8.33
DJ Hall,5,29,50,3,27,1,0,9.67,58.0,54.0,2.0
D Murphy,3,29,49,3,25,0,0,9.67,59.18,51.02,0.0
JM Mennie,10,29,64,10,43,2,0,2.9,45.31,67.19,3.12
L Solomone,2,29,19,2,11,5,1,14.5,152.63,57.89,31.58
Khalid Niazi,3,29,36,1,17,1,0,29.0,80.56,47.22,2.78
Hashir Dafedar,3,29,61,2,48,3,1,14.5,47.54,78.69,6.56
Hamza Tahir,10,29,85,7,65,2,0,4.14,34.12,76.47,2.35
DI Joyce,3,29,56,3,42,4,0,9.67,51.79,75.0,7.14
V Pulibanti,7,29,53,5,39,5,0,5.8,54.72,73.58,9.43
DJ Pattinson,3,29,57,4,44,4,0,7.25,50.88,77.19,7.02
BL Couch,10,29,39,3,24,3,0,9.67,74.36,61.54,7.69
VM Vaghela,1,29,32,1,12,2,0,29.0,90.62,37.5,6.25
P Malav,8,29,44,7,25,2,0,4.14,65.91,56.82,4.55
Bhargav Narasimha,4,29,43,3,21,0,0,9.67,67.44,48.84,0.0
D Robson,5,29,43,4,21,0,1,7.25,67.44,48.84,2.33
MR Day,1,29,20,0,6,1,1,29.0,145.0,30.0,10.0
FE Carava,5,29,63,5,41,1,0,5.8,46.03,65.08,1.59
Fazil Muhammad,4,29,43,3,24,1,0,9.67,67.44,55.81,2.33
MM Siddique,2,29,20,2,8,4,1,14.5,145.0,40.0,25.0
Adeshlie Alias,2,29,30,2,16,4,0,14.5,96.67,53.33,13.33
VH Zol,2,29,26,2,13,3,1,14.5,111.54,50.0,15.38
Saqib Ali,2,29,53,2,33,2,0,14.5,54.72,62.26,3.77
Amite Hasan,1,29,40,2,30,5,0,14.5,72.5,75.0,12.5
DM Dupavillon,4,29,25,2,7,2,1,14.5,116.0,28.0,12.0
J Syed Mohammad,5,29,26,2,10,4,0,14.5,111.54,38.46,15.38
Awais Ikram,5,29,29,3,17,3,1,9.67,100.0,58.62,13.79
Muhammad Jawadullah,14,28,41,6,25,2,1,4.67,68.29,60.98,7.32
AS Chima,2,28,29,2,18,4,1,14.0,96.55,62.07,17.24
ME Leoela,10,28,65,8,45,1,0,3.5,43.08,69.23,1.54
L Perera,3,28,35,2,17,2,0,14.0,80.0,48.57,5.71
L Dirmeik,2,28,35,2,18,1,1,14.0,80.0,51.43,5.71
NT Gireesh,8,28,41,6,28,3,1,4.67,68.29,68.29,9.76
Samader Shadab,6,28,42,6,26,0,2,4.67,66.67,61.9,4.76
MG Hunter,2,28,40,2,22,1,1,14.0,70.0,55.0,5.0
Kamran Hussain,1,28,21,0,3,2,0,28.0,133.33,14.29,9.52
S Moseley,2,28,105,4,89,3,0,7.0,26.67,84.76,2.86
JJ Celestine,4,28,61,4,50,5,0,7.0,45.9,81.97,8.2
Amir Sharif,3,28,27,2,11,1,1,14.0,103.7,40.74,7.41
S Sheelan,1,28,28,1,12,3,0,28.0,100.0,42.86,10.71
Usman Rafiq,2,28,40,1,26,4,0,28.0,70.0,65.0,10.0
MO Bacarese,3,28,55,3,33,0,1,9.33,50.91,60.0,1.82
SS Das,1,28,105,1,90,4,0,28.0,26.67,85.71,3.81
Mian Mehmood,4,28,33,4,15,2,0,7.0,84.85,45.45,6.06
AC Jayangani,4,28,27,4,18,6,0,7.0,103.7,66.67,22.22
Ehsanul Haque,3,28,71,3,53,4,0,9.33,39.44,74.65,5.63
SB Jakati,5,28,29,1,11,3,0,28.0,96.55,37.93,10.34
V Jayant,6,28,53,6,33,2,0,4.67,52.83,62.26,3.77
R Goodwin,9,28,55,7,37,1,0,4.0,50.91,67.27,1.82
AK Muslar,5,28,68,4,48,2,0,7.0,41.18,70.59,2.94
J Cutinho,4,28,41,4,27,2,1,7.0,68.29,65.85,7.32
KED Carroll,3,28,40,3,25,1,0,9.33,70.0,62.5,2.5
Wang Liuyang,4,28,51,4,31,2,0,7.0,54.9,60.78,3.92
Abdullah Mohd Yousaf,3,28,31,2,12,2,0,14.0,90.32,38.71,6.45
MS Diakite,10,28,64,10,49,4,0,2.8,43.75,76.56,6.25
RA Abolarin,4,28,21,2,8,2,1,14.0,133.33,38.1,14.29
M Mani,9,28,33,7,20,5,0,4.0,84.85,60.61,15.15
HP Rinke,8,28,62,8,46,3,0,3.5,45.16,74.19,4.84
Mansoor Malangzai,1,28,16,1,6,2,2,28.0,175.0,37.5,25.0
A Djorovic,4,27,47,2,30,3,0,13.5,57.45,63.83,6.38
S Hongsi,3,27,16,0,5,3,1,27.0,168.75,31.25,25.0
GH O'Brien,5,27,35,3,20,1,1,9.0,77.14,57.14,5.71
VC Ahir,3,27,22,2,11,1,2,13.5,122.73,50.0,13.64
A Bushell,3,27,31,2,14,1,1,13.5,87.1,45.16,6.45
Abdul Jalil,3,27,34,3,21,3,1,9.0,79.41,61.76,11.76
Tariq Aziz,3,27,36,3,17,1,1,9.0,75.0,47.22,5.56
N Edward,2,27,30,1,16,0,2,27.0,90.0,53.33,6.67
C Smith,4,27,27,4,13,2,1,6.75,100.0,48.15,11.11
CJ Smith,5,27,46,5,37,2,2,5.4,58.7,80.43,8.7
CN Evans,1,27,80,2,68,4,0,13.5,33.75,85.0,5.0
CJ Dala,6,27,34,2,15,2,0,13.5,79.41,44.12,5.88
MJM Kavana,4,27,53,4,31,1,0,6.75,50.94,58.49,1.89
P Arrighi,2,27,31,2,12,1,0,13.5,87.1,38.71,3.23
CB Ondoa,8,27,81,6,60,1,0,4.5,33.33,74.07,1.23
LF Mavume,3,27,40,3,28,3,1,9.0,67.5,70.0,10.0
C Shivakumar,3,27,40,3,24,3,0,9.0,67.5,60.0,7.5
J Santhanam,4,27,25,2,9,2,1,13.5,108.0,36.0,12.0
R Kalimuthu,7,27,27,2,12,2,1,13.5,100.0,44.44,11.11
Sufiyan Tarajia,4,27,30,2,16,1,2,13.5,90.0,53.33,10.0
Nageebullah Sultanzai,6,27,29,4,14,2,1,6.75,93.1,48.28,10.34
JK Fuller,3,27,16,1,4,4,0,27.0,168.75,25.0,25.0
Naved Yasin,3,27,33,2,18,2,1,13.5,81.82,54.55,9.09
Aizaz Cheema,10,27,71,3,53,2,0,9.0,38.03,74.65,2.82
BL Kotze,4,27,51,3,36,3,0,9.0,52.94,70.59,5.88
S Selvaraj,3,27,24,2,11,4,0,13.5,112.5,45.83,16.67
S Sharma,5,27,28,4,18,0,3,6.75,96.43,64.29,10.71
S Sengupta,4,27,25,3,10,3,0,9.0,108.0,40.0,12.0
Mohamed Shafeeq,11,27,29,10,15,3,0,2.7,93.1,51.72,10.34
R Drake,7,27,30,1,11,1,0,27.0,90.0,36.67,3.33
Sharveen Surendran,2,27,31,1,12,1,0,27.0,87.1,38.71,3.23
Kuldeep Lal,3,27,26,2,11,3,0,13.5,103.85,42.31,11.54
LJA Julien,4,27,40,4,23,3,0,6.75,67.5,57.5,7.5
B White,11,27,77,3,55,2,0,9.0,35.06,71.43,2.6
Hasan Murad,2,27,48,2,37,5,0,13.5,56.25,77.08,10.42
Imran Arif,2,27,38,2,25,1,2,13.5,71.05,65.79,7.89
Shahnawaz Dhani,6,26,20,3,9,1,2,8.67,130.0,45.0,15.0
J Jagroo,4,26,27,4,12,1,1,6.5,96.3,44.44,7.41
Zain Abbas,1,26,54,0,37,2,0,26.0,48.15,68.52,3.7
AF Buurman,3,26,34,3,20,4,0,8.67,76.47,58.82,11.76
B Kgosiemang,9,26,53,2,34,1,0,13.0,49.06,64.15,1.89
J Royal,9,26,28,4,13,2,1,6.5,92.86,46.43,10.71
SL Stewart,4,26,59,4,42,2,0,6.5,44.07,71.19,3.39
Hammadullah Shinwari,9,26,38,8,19,1,0,3.25,68.42,50.0,2.63
AS Rajpoot,7,26,41,5,27,2,1,5.2,63.41,65.85,7.32
Sachin Kumar,4,26,32,3,17,3,0,8.67,81.25,53.12,9.38
AA Kulkarni,4,26,33,4,19,3,0,6.5,78.79,57.58,9.09
Tian Sen Qun,10,26,70,10,52,1,0,2.6,37.14,74.29,1.43
AM Rajpurohit,3,26,34,3,24,3,1,8.67,76.47,70.59,11.76
JOA Gordon,11,26,55,5,39,1,1,5.2,47.27,70.91,3.64
Khandubhai Ahir,3,26,42,2,26,1,1,13.0,61.9,61.9,4.76
BJ Diamanti,1,26,22,0,11,3,0,26.0,118.18,50.0,13.64
BO van Rooi,3,26,38,1,24,3,0,26.0,68.42,63.16,7.89
Kau Qalo,2,26,30,2,17,2,1,13.0,86.67,56.67,10.0
PJ Sangwan,14,26,44,8,24,1,0,3.25,59.09,54.55,2.27
Ahsan Malik,8,26,33,2,18,1,1,13.0,78.79,54.55,6.06
U Shantu,6,26,25,3,10,1,0,8.67,104.0,40.0,4.0
HT Dixon,4,26,24,3,11,1,2,8.67,108.33,45.83,12.5
Samarth Shetty,4,26,39,4,25,2,1,6.5,66.67,64.1,7.69
IKO Aboagye,7,26,48,6,26,1,0,4.33,54.17,54.17,2.08
Faisal Hossain,3,26,54,2,37,2,0,13.0,48.15,68.52,3.7
Nestor Dhamba,6,26,58,4,35,1,0,6.5,44.83,60.34,1.72
RJ van Vuuren,5,26,38,3,25,2,1,8.67,68.42,65.79,7.89
C Bayraktar,3,26,34,3,22,0,2,8.67,76.47,64.71,5.88
Ubaid Shah,10,26,50,7,35,2,1,3.71,52.0,70.0,6.0
Raaz Mohammad,8,26,38,2,17,1,0,13.0,68.42,44.74,2.63
K Boniface,6,26,39,3,22,0,0,8.67,66.67,56.41,0.0
M Jobarteh,6,26,27,5,14,2,1,5.2,96.3,51.85,11.11
Nazmul Hossain,12,26,104,5,84,0,1,5.2,25.0,80.77,0.96
S Thuraisingam,4,26,44,3,31,3,1,8.67,59.09,70.45,9.09
Gurnoor Brar,2,25,29,1,15,1,1,25.0,86.21,51.72,6.9
S Hunter,3,25,34,3,22,2,1,8.33,73.53,64.71,8.82
A Nathwani,7,25,37,2,20,1,0,12.5,67.57,54.05,2.7
A Patel,1,25,29,1,18,3,0,25.0,86.21,62.07,10.34
A Choudhary,3,25,20,1,4,1,1,25.0,125.0,20.0,10.0
Mukesh Kumar,12,25,45,4,29,3,0,6.25,55.56,64.44,6.67
C Sakariya,9,25,41,6,25,3,0,4.17,60.98,60.98,7.32
P Agnihotri,2,25,36,2,20,2,0,12.5,69.44,55.56,5.56
SO Olayinka,3,25,34,3,24,1,2,8.33,73.53,70.59,8.82
Jahanzaib Sultan,1,25,21,1,10,2,1,25.0,119.05,47.62,14.29
Saud Munir,7,25,43,2,20,0,0,12.5,58.14,46.51,0.0
Sarawut Maliwan,15,25,68,9,49,1,0,2.78,36.76,72.06,1.47
KAD Hurdle,8,25,47,5,33,2,1,5.0,53.19,70.21,6.38
MA Algi,5,25,24,2,15,3,1,12.5,104.17,62.5,16.67
K Thagunna,2,25,41,2,23,1,0,12.5,60.98,56.1,2.44
Abdullah Mahmood,9,25,33,7,14,1,0,3.57,75.76,42.42,3.03
V Rathinasamy,4,25,53,4,40,2,1,6.25,47.17,75.47,5.66
Luqman Hussan,4,25,39,4,28,3,1,6.25,64.1,71.79,10.26
CK Holder,4,25,44,0,34,4,0,25.0,56.82,77.27,9.09
M Turner,2,25,21,0,8,2,0,25.0,119.05,38.1,9.52
TL Tsolekile,2,25,84,3,67,2,0,8.33,29.76,79.76,2.38
ACF Stokes,9,25,45,7,26,0,1,3.57,55.56,57.78,2.22
A Harris,11,25,36,6,23,0,2,4.17,69.44,63.89,5.56
IK Darmawan,2,25,33,2,19,3,0,12.5,75.76,57.58,9.09
Qalandar Khan,1,25,17,1,5,1,2,25.0,147.06,29.41,17.65
JH Kiani,2,25,36,2,21,2,0,12.5,69.44,58.33,5.56
S Sugaya-Slater,5,25,30,3,14,2,0,8.33,83.33,46.67,6.67
Mohsin Khan,7,25,28,5,16,2,1,5.0,89.29,57.14,10.71
Ngawang Thinley,7,25,36,5,22,2,0,5.0,69.44,61.11,5.56
Murat Yilmaz,10,25,70,9,48,1,0,2.78,35.71,68.57,1.43
AA Wagh,3,25,26,3,18,2,2,8.33,96.15,69.23,15.38
LSP Siriwardene,4,25,44,4,22,0,0,6.25,56.82,50.0,0.0
G Tuskan,4,25,50,4,32,1,0,6.25,50.0,64.0,2.0
Sanvir Singh,5,25,21,2,8,2,1,12.5,119.05,38.1,14.29
JT Brassell,19,25,65,11,44,1,0,2.27,38.46,67.69,1.54
LA Simango,6,25,45,2,27,2,0,12.5,55.56,60.0,4.44
Kamran Wahid,9,25,48,7,32,2,0,3.57,52.08,66.67,4.17
H Ssenyondo,14,25,49,6,27,0,0,4.17,51.02,55.1,0.0
Suresh Kumar,2,25,43,2,29,2,0,12.5,58.14,67.44,4.65
MJ Mason,7,25,74,6,56,2,0,4.17,33.78,75.68,2.7
HJ Patel,2,25,25,2,12,2,0,12.5,100.0,48.0,8.0
D Matla,7,25,59,5,39,0,0,5.0,42.37,66.1,0.0
RW Sims,1,24,60,1,45,2,0,24.0,40.0,75.0,3.33
RR Saun,6,24,48,5,34,3,0,4.8,50.0,70.83,6.25
I Wijesundera,1,24,20,2,12,1,2,12.0,120.0,60.0,15.0
PKD Chase,10,24,40,6,28,1,1,4.0,60.0,70.0,5.0
N Shree Charani,3,24,21,0,6,3,0,24.0,114.29,28.57,14.29
Tanush Kotian,1,24,31,1,17,3,0,24.0,77.42,54.84,9.68
Ubaid Minhas,3,24,21,1,6,1,0,24.0,114.29,28.57,4.76
Mustapha Suwareh,8,24,52,8,37,2,0,3.0,46.15,71.15,3.85
Muzahir Raza,4,24,15,1,3,4,0,24.0,160.0,20.0,26.67
Mohammed Faraazuddin,4,24,27,3,12,1,0,8.0,88.89,44.44,3.7
MA Khote,3,24,22,2,10,2,1,12.0,109.09,45.45,13.64
Ashish Gupta,4,24,35,4,24,1,2,6.0,68.57,68.57,8.57
S Ravoka,5,24,37,3,15,0,0,8.0,64.86,40.54,0.0
Hazrat Bilal,4,24,69,1,53,0,1,24.0,34.78,76.81,1.45
Hunain Shah,11,24,39,7,26,1,1,3.43,61.54,66.67,5.13
Hassan Khan Mohammad,5,24,33,3,17,2,0,8.0,72.73,51.52,6.06
Kartik Tyagi,9,24,26,7,14,2,1,3.43,92.31,53.85,11.54
CP Schofield,4,24,20,1,5,2,0,24.0,120.0,25.0,10.0
ND Stewart,8,24,17,4,8,1,2,6.0,141.18,47.06,17.65
GF Cardos,8,24,86,8,67,1,0,3.0,27.91,77.91,1.16
Ali Raza,6,24,28,1,16,2,1,24.0,85.71,57.14,10.71
Muhammad Shahzad,3,24,18,3,9,3,1,8.0,133.33,50.0,22.22
M Sarenac,11,24,51,8,32,1,0,3.0,47.06,62.75,1.96
R Pillai,3,24,31,2,14,1,0,12.0,77.42,45.16,3.23
SP Terry,4,24,29,4,16,3,0,6.0,82.76,55.17,10.34
SM Warnakulasuriya,4,24,25,3,9,1,0,8.0,96.0,36.0,4.0
M Akhigbe,5,24,27,5,14,3,0,4.8,88.89,51.85,11.11
WJ Malinda,7,24,32,5,17,0,1,4.8,75.0,53.12,3.12
Omer Kutuk,4,24,26,1,10,2,0,24.0,92.31,38.46,7.69
J Louw,2,24,8,1,2,1,3,24.0,300.0,25.0,50.0
Z Groenewald,6,24,54,4,35,0,0,6.0,44.44,64.81,0.0
RD McCann,3,24,58,3,40,1,0,8.0,41.38,68.97,1.72
KC Cariappa,5,24,21,3,8,0,2,8.0,114.29,38.1,9.52
ER Dwivedi,2,24,14,2,6,2,2,12.0,171.43,42.86,28.57
C Bevin,3,24,27,2,11,2,0,12.0,88.89,40.74,7.41
Qudratullah Mir Afzail,5,24,21,3,8,3,0,8.0,114.29,38.1,14.29
Ibrahim Jabarkhel,5,24,28,2,15,0,1,12.0,85.71,53.57,3.57
MGSM Fernando,3,24,19,3,8,2,1,8.0,126.32,42.11,15.79
Izatullah Dawlatzai,1,24,10,0,3,2,2,24.0,240.0,30.0,40.0
Amjad Gul,1,24,21,1,12,3,1,24.0,114.29,57.14,19.05
M Prasanna,3,24,13,2,3,4,0,12.0,184.62,23.08,30.77
R Francis,9,24,46,8,33,2,0,3.0,52.17,71.74,4.35
VB van Jaarsveld,5,24,38,5,18,0,0,4.8,63.16,47.37,0.0
SI Kamea,21,24,71,10,54,2,0,2.4,33.8,76.06,2.82
VJ Kingma,15,24,65,10,48,0,1,2.4,36.92,73.85,1.54
SH Lewis,2,24,66,4,53,3,0,6.0,36.36,80.3,4.55
E Otgonbayar,7,23,60,7,41,0,0,3.29,38.33,68.33,0.0
NA Karnik,4,23,47,3,30,1,0,7.67,48.94,63.83,2.13
RM Koda,14,23,44,7,26,1,0,3.29,52.27,59.09,2.27
Matthew Mount,5,23,28,4,16,2,1,5.75,82.14,57.14,10.71
D Ebersohn,6,23,47,5,29,0,0,4.6,48.94,61.7,0.0
PL Bruno,3,23,36,2,17,1,0,11.5,63.89,47.22,2.78
Ali Waqar,3,23,30,3,14,2,0,7.67,76.67,46.67,6.67
Hassan Mehmood,4,23,30,2,14,0,1,11.5,76.67,46.67,3.33
N Hirani,3,23,15,1,3,3,0,23.0,153.33,20.0,20.0
Zaki Ul Hassan,6,23,33,1,17,1,0,23.0,69.7,51.52,3.03
MT Diaby,5,23,38,5,26,3,0,4.6,60.53,68.42,7.89
JS Louis,4,23,29,2,16,3,0,11.5,79.31,55.17,10.34
Akif Javed,9,23,31,5,20,4,0,4.6,74.19,64.52,12.9
PD Macchi,4,23,47,4,36,3,0,5.75,48.94,76.6,6.38
Dilbar Hussain,3,23,23,1,12,2,1,23.0,100.0,52.17,13.04
S Chaudhary,4,23,27,3,14,1,1,7.67,85.19,51.85,7.41
B Shikongo,18,23,68,7,51,1,0,3.29,33.82,75.0,1.47
SM Elliott,5,23,32,4,20,2,1,5.75,71.88,62.5,9.38
M Mariyappan,6,23,47,6,28,1,0,3.83,48.94,59.57,2.13
Abdul Gaffar Saqlain,2,23,21,1,9,2,1,23.0,109.52,42.86,14.29
E Ernest,6,23,44,5,28,2,0,4.6,52.27,63.64,4.55
SJ Massiah,2,23,44,2,34,3,0,11.5,52.27,77.27,6.82
TJ Heggelman,2,23,70,2,51,0,0,11.5,32.86,72.86,0.0
Atif Kamal,5,23,28,4,13,1,1,5.75,82.14,46.43,7.14
P Dubey,2,23,33,1,17,2,0,23.0,69.7,51.52,6.06
D Sheeli,2,23,17,2,11,2,2,11.5,135.29,64.71,23.53
R Frylinck,3,23,29,3,14,1,1,7.67,79.31,48.28,6.9
AC Dawson,1,23,31,0,20,4,0,23.0,74.19,64.52,12.9
SG Satghare,4,23,24,2,8,2,0,11.5,95.83,33.33,8.33
EM Moore,1,23,58,2,49,4,0,11.5,39.66,84.48,6.9
EHSN Silva,3,23,35,2,17,1,0,11.5,65.71,48.57,2.86
J Arunkumar,3,23,23,3,15,5,0,7.67,100.0,65.22,21.74
Shamsudheen Purat,1,23,22,1,11,4,0,23.0,104.55,50.0,18.18
Muhammad Faizan,4,23,40,4,27,1,1,5.75,57.5,67.5,5.0
S Bhari,10,23,55,3,40,2,0,7.67,41.82,72.73,3.64
P Florin,5,23,29,2,16,2,0,11.5,79.31,55.17,6.9
DCC Borden,4,23,79,4,63,2,0,5.75,29.11,79.75,2.53
C Fortuin,2,23,96,4,84,3,0,5.75,23.96,87.5,3.12
V Jatinder Kumar,8,23,29,6,18,4,0,3.83,79.31,62.07,13.79
KL Nagarkoti,7,22,33,4,16,1,0,5.5,66.67,48.48,3.03
CS Sandri,2,22,15,1,6,1,1,22.0,146.67,40.0,13.33
Sediqullah Atal,1,22,16,1,6,0,2,22.0,137.5,37.5,12.5
Z Arinaitwe,3,22,26,3,18,3,1,7.33,84.62,69.23,15.38
Nazmul Huda,7,22,62,5,48,2,0,4.4,35.48,77.42,3.23
AL Khunti,4,22,37,3,27,0,2,7.33,59.46,72.97,5.41
A Goodridge,3,22,19,2,8,0,2,11.0,115.79,42.11,10.53
AA Banner,5,22,32,5,23,4,0,4.4,68.75,71.88,12.5
Mosharraf Hossain,4,22,61,3,42,0,0,7.33,36.07,68.85,0.0
V Krishnamurthy,4,22,32,4,21,2,1,5.5,68.75,65.62,9.38
WD Balaji Rao,5,22,41,5,27,2,0,4.4,53.66,65.85,4.88
JC Guillen,2,22,25,2,15,3,0,11.0,88.0,60.0,12.0
Ousman Bah,7,22,58,6,40,0,0,3.67,37.93,68.97,0.0
RL De silva,2,22,39,1,25,2,0,22.0,56.41,64.1,5.13
JL Jaggesar,7,22,27,0,12,2,0,22.0,81.48,44.44,7.41
Parvez Rasool,5,22,26,3,8,1,0,7.33,84.62,30.77,3.85
D Ahir,3,22,23,3,14,2,1,7.33,95.65,60.87,13.04
RL Johnson,4,22,43,4,33,2,1,5.5,51.16,76.74,6.98
Mohamed Coulibaly,9,22,64,9,51,1,0,2.44,34.38,79.69,1.56
VT Thiyanesh,3,22,28,2,15,1,1,11.0,78.57,53.57,7.14
Alexander Hillman,1,22,14,1,1,3,0,22.0,157.14,7.14,21.43
Hamza Nisar,1,22,11,1,4,1,2,22.0,200.0,36.36,27.27
JWP Stephan,3,22,30,3,13,1,0,7.33,73.33,43.33,3.33
Raza Hasan,5,22,39,3,25,2,0,7.33,56.41,64.1,5.13
Umair Masood,1,22,28,1,12,1,0,22.0,78.57,42.86,3.57
TV Badri Narayanan,4,22,54,4,40,1,0,5.5,40.74,74.07,1.85
Ali Sheikh,3,22,20,2,3,1,0,11.0,110.0,15.0,5.0
Yudhvir Singh,4,22,16,4,8,1,2,5.5,137.5,50.0,18.75
S Qeshile,1,22,23,1,10,3,0,22.0,95.65,43.48,13.04
Aminul Islam Biplob,3,22,18,1,9,4,0,22.0,122.22,50.0,22.22
Virendra Kumar,4,22,19,2,7,2,0,11.0,115.79,36.84,10.53
H Osinde,11,22,46,6,27,1,0,3.67,47.83,58.7,2.17
M Kulfiwala,3,22,21,3,11,4,0,7.33,104.76,52.38,19.05
Sarfraz Butt,2,21,19,1,5,1,0,21.0,110.53,26.32,5.26
Z Abbasi,4,21,18,4,10,2,1,5.25,116.67,55.56,16.67
MBS Jonkman,4,21,40,3,26,2,0,7.0,52.5,65.0,5.0
Raheel Thakkar,2,21,29,1,13,1,0,21.0,72.41,44.83,3.45
Kamran Shazad,3,21,20,3,12,1,2,7.0,105.0,60.0,15.0
UNGB Thenannahelage,4,21,24,3,4,0,0,7.0,87.5,16.67,0.0
HL Harji,7,21,30,6,21,2,1,3.5,70.0,70.0,10.0
Nathan Ingleston,2,21,32,1,18,1,0,21.0,65.62,56.25,3.12
Kumar Kushagra,4,21,21,4,11,3,0,5.25,100.0,52.38,14.29
NR Ferreira,1,21,99,2,89,3,0,10.5,21.21,89.9,3.03
P Yevugah,5,21,32,5,17,1,0,4.2,65.62,53.12,3.12
Fayaz Mohammad,3,21,17,3,6,3,0,7.0,123.53,35.29,17.65
Waqas Maqsood,5,21,25,4,16,2,1,5.25,84.0,64.0,12.0
Karweng NG,3,21,30,3,16,0,1,7.0,70.0,53.33,3.33
Saif Badar,4,21,23,4,11,1,1,5.25,91.3,47.83,8.7
Y Jasti,7,21,36,7,22,1,0,3.0,58.33,61.11,2.78
A Roy,3,21,27,1,11,2,0,21.0,77.78,40.74,7.41
Vishil Patel,9,21,47,3,29,0,0,7.0,44.68,61.7,0.0
Simon Shalders,2,21,35,2,23,2,0,10.5,60.0,65.71,5.71
BA Williams,5,21,35,3,20,0,0,7.0,60.0,57.14,0.0
S Kaul,10,21,38,5,24,1,0,4.2,55.26,63.16,2.63
Shahid Mahmood,4,21,26,1,15,0,2,21.0,80.77,57.69,7.69
BADL Faunce,3,21,32,3,18,2,0,7.0,65.62,56.25,6.25
B Botcha,5,21,49,5,34,2,0,4.2,42.86,69.39,4.08
R Pisal,3,21,24,3,12,3,0,7.0,87.5,50.0,12.5
R Sheshadri,3,21,22,2,10,1,1,10.5,95.45,45.45,9.09
J Patraj,2,21,48,2,31,1,0,10.5,43.75,64.58,2.08
JD Cook,6,21,22,2,9,1,0,10.5,95.45,40.91,4.55
AC Cummins,3,21,23,1,11,2,0,21.0,91.3,47.83,8.7
EJB Miles,9,21,33,5,21,2,0,4.2,63.64,63.64,6.06
Nirmaljit Singh,6,21,52,3,39,1,1,7.0,40.38,75.0,3.85
O Patterson,2,21,27,1,11,1,0,21.0,77.78,40.74,3.7
Z Makadji,9,21,46,8,31,1,0,2.62,45.65,67.39,2.17
J Clayton,2,21,23,2,14,4,0,10.5,91.3,60.87,17.39
EB Ringera,10,21,36,8,20,1,0,2.62,58.33,55.56,2.78
MMR Obili,6,21,33,4,15,0,0,5.25,63.64,45.45,0.0
Mohamed Turay,13,21,48,5,32,1,0,4.2,43.75,66.67,2.08
Mohammad Irfan (4),8,21,21,5,9,1,1,4.2,100.0,42.86,9.52
IA Moran,2,21,17,2,6,2,1,10.5,123.53,35.29,17.65
M Tiwari,2,21,12,1,3,2,1,21.0,175.0,25.0,25.0
V Jagannivasan,5,21,35,4,20,2,0,5.25,60.0,57.14,5.71
C Forshaw,4,21,26,2,11,0,1,10.5,80.77,42.31,3.85
B Indrajith,3,21,30,3,17,2,0,7.0,70.0,56.67,6.67
J Grzinic,5,21,49,3,32,1,0,7.0,42.86,65.31,2.04
Salman Irshad,13,20,37,7,22,0,1,2.86,54.05,59.46,2.7
S Kubheka,6,20,23,3,11,2,0,6.67,86.96,47.83,8.7
GE Mathurin,6,20,21,1,6,1,0,20.0,95.24,28.57,4.76
Meghna Singh,5,20,19,3,7,2,0,6.67,105.26,36.84,10.53
Zaman Khan,12,20,34,4,25,2,1,5.0,58.82,73.53,8.82
S Brathwaite,2,20,29,2,20,2,1,10.0,68.97,68.97,10.34
S McGiffin,2,20,23,1,9,1,0,20.0,86.96,39.13,4.35
RR Raje,5,20,18,1,6,1,1,20.0,111.11,33.33,11.11
M Heingo,3,20,11,1,7,2,2,20.0,181.82,63.64,36.36
KR Ebanks,7,20,45,7,29,1,0,2.86,44.44,64.44,2.22
I Khan,1,20,64,1,54,1,0,20.0,31.25,84.38,1.56
G Singhdeo,4,20,28,4,18,3,0,5.0,71.43,64.29,10.71
HB Shipley,8,20,41,5,23,0,0,4.0,48.78,56.1,0.0
Ainool Haqqiem,2,20,20,1,8,1,0,20.0,100.0,40.0,5.0
L Erdenebulgan,13,20,116,13,102,1,0,1.54,17.24,87.93,0.86
JRMVB Sanjaya,5,20,18,3,8,3,0,6.67,111.11,44.44,16.67
P Suman Bhai Ahir,7,20,34,6,20,2,0,3.33,58.82,58.82,5.88
Pankaj Singh,8,20,35,5,22,2,0,4.0,57.14,62.86,5.71
Mushtaq Ahmed,2,20,55,1,44,2,0,20.0,36.36,80.0,3.64
FFJ Heo,6,20,36,6,22,0,1,3.33,55.56,61.11,2.78
JKC Ahir,2,20,50,2,33,1,0,10.0,40.0,66.0,2.0
B Isaac,4,20,42,4,27,0,0,5.0,47.62,64.29,0.0
F de Wet,2,20,71,2,60,3,0,10.0,28.17,84.51,4.23
Z Shurentsetseg,11,20,67,7,55,0,1,2.86,29.85,82.09,1.49
Shakeel Zeb,2,20,19,1,8,2,0,20.0,105.26,42.11,10.53
KAM Corbin,1,20,28,1,10,0,0,20.0,71.43,35.71,0.0
MW Parkinson,6,20,27,5,18,3,0,4.0,74.07,66.67,11.11
MR Johnson,2,20,19,2,9,3,0,10.0,105.26,47.37,15.79
KS Melius,3,20,22,3,12,1,1,6.67,90.91,54.55,9.09
PSRK Sudarshan,5,20,20,4,11,1,1,5.0,100.0,55.0,10.0
Azri Azhar,4,20,21,3,11,1,1,6.67,95.24,52.38,9.52
R Heyns,1,20,16,1,10,3,1,20.0,125.0,62.5,25.0
SS Tallapragada,2,20,27,2,13,1,0,10.0,74.07,48.15,3.7
C Waiswa,2,20,14,1,4,1,1,20.0,142.86,28.57,14.29
AF Sattaur,3,20,60,3,47,0,1,6.67,33.33,78.33,1.67
JA Simpson,2,20,31,2,18,2,0,10.0,64.52,58.06,6.45
Manish Sharma,4,20,55,4,44,3,0,5.0,36.36,80.0,5.45
Akbar Khan,4,20,37,4,20,1,0,5.0,54.05,54.05,2.7
B Pondani,10,20,32,3,17,1,0,6.67,62.5,53.12,3.12
Y Gnaneswara Rao,1,19,17,1,8,3,0,19.0,111.76,47.06,17.65
Yang Wangjie,2,19,26,2,13,2,0,9.5,73.08,50.0,7.69
GJ Hilkowitz,4,19,17,4,8,3,0,4.75,111.76,47.06,17.65
Gulbadin Naib,1,19,15,1,4,1,1,19.0,126.67,26.67,13.33
L Horan,1,19,7,0,1,2,1,19.0,271.43,14.29,42.86
A Amado,2,19,28,2,16,2,0,9.5,67.86,57.14,7.14
Ali Mohammadipour,1,19,13,1,7,4,0,19.0,146.15,53.85,30.77
A Ndlovu,5,19,53,6,43,3,0,3.17,35.85,81.13,5.66
Muktar Ali,1,19,15,0,5,1,1,19.0,126.67,33.33,13.33
TL Lawford,5,19,19,2,8,2,0,9.5,100.0,42.11,10.53
C Zavoiu,6,19,33,4,22,1,0,4.75,57.58,66.67,3.03
Junaid Sheikh,3,19,20,3,11,1,1,6.33,95.0,55.0,10.0
P Jayawickrama,9,19,49,2,39,2,0,9.5,38.78,79.59,4.08
P Ray Barman,1,19,24,1,11,2,0,19.0,79.17,45.83,8.33
Nazmul Islam,4,19,39,4,28,2,0,4.75,48.72,71.79,5.13
P Sahu,2,19,13,1,4,1,1,19.0,146.15,30.77,15.38
A Johnmary,4,19,25,4,14,2,0,4.75,76.0,56.0,8.0
Renuka Singh,9,19,30,6,15,1,0,3.17,63.33,50.0,3.33
JW Wilson,2,19,16,2,5,2,0,9.5,118.75,31.25,12.5
W Behr,4,19,18,3,6,2,0,6.33,105.56,33.33,11.11
E Haven,5,19,53,4,38,1,0,4.75,35.85,71.7,1.89
PK Ananya,3,19,19,2,9,1,1,9.5,100.0,47.37,10.53
C Rumistrzewicz,8,19,33,3,17,0,0,6.33,57.58,51.52,0.0
AG Wharf,5,19,28,2,17,0,1,9.5,67.86,60.71,3.57
PP Bala,1,19,18,0,6,2,0,19.0,105.56,33.33,11.11
Abraar Khan,5,19,42,5,24,0,0,3.8,45.24,57.14,0.0
JD Nel,4,19,22,1,13,3,0,19.0,86.36,59.09,13.64
Huzaif Yousuf,3,19,25,1,14,2,0,19.0,76.0,56.0,8.0
Sarfaraj Patel,3,19,36,2,24,0,0,9.5,52.78,66.67,0.0
OR Willis,5,19,41,5,29,0,1,3.8,46.34,70.73,2.44
R Smaran,4,19,25,3,15,3,0,6.33,76.0,60.0,12.0
Navid Balouch,1,19,21,0,8,1,0,19.0,90.48,38.1,4.76
A King,1,19,14,0,6,2,1,19.0,135.71,42.86,21.43
D Wotu,5,19,15,1,3,2,0,19.0,126.67,20.0,13.33
A Khakimov,3,19,60,3,43,1,0,6.33,31.67,71.67,1.67
J Dowling,9,19,47,5,28,0,0,3.8,40.43,59.57,0.0
J Perry,3,19,41,2,25,0,0,9.5,46.34,60.98,0.0
R Shukla,4,19,23,1,10,2,0,19.0,82.61,43.48,8.7
Usman Tariq,8,19,33,4,23,3,0,4.75,57.58,69.7,9.09
R Bishnoi,3,19,17,3,11,1,2,6.33,111.76,64.71,17.65
D Issiaka,11,19,76,11,58,0,0,1.73,25.0,76.32,0.0
K Tayaga,3,19,24,3,15,3,0,6.33,79.17,62.5,12.5
Ateeq Iqbal,11,19,26,3,11,1,0,6.33,73.08,42.31,3.85
VM Waqavakatoga,5,19,22,4,14,1,1,4.75,86.36,63.64,9.09
N Tyagi,4,19,33,2,22,2,0,9.5,57.58,66.67,6.06
D Weston,2,19,18,2,8,1,1,9.5,105.56,44.44,11.11
M Pathirana,14,19,54,9,44,3,0,2.11,35.19,81.48,5.56
I Wardlaw,9,19,35,6,24,2,0,3.17,54.29,68.57,5.71
Fahad Tariq,4,19,24,4,16,1,1,4.75,79.17,66.67,8.33
MP Bicknell,2,19,36,3,28,3,0,6.33,52.78,77.78,8.33
RM Scott,2,19,19,2,10,3,0,9.5,100.0,52.63,15.79
A Valthapa,2,19,34,2,21,2,0,9.5,55.88,61.76,5.88
K Anjali Sarvani,4,19,30,2,16,1,0,9.5,63.33,53.33,3.33
NL Bertus,2,19,22,2,7,0,0,9.5,86.36,31.82,0.0
S Jyoti,2,19,43,2,29,0,1,9.5,44.19,67.44,2.33
Imran Ahmed Kaneez,6,19,51,5,34,0,0,3.8,37.25,66.67,0.0
RLB Rambukwella,1,19,16,1,7,1,1,19.0,118.75,43.75,12.5
Imran Khan (2),8,19,54,7,46,3,0,2.71,35.19,85.19,5.56
ASH Parsons,5,19,51,5,34,0,0,3.8,37.25,66.67,0.0
Zohaib Khan,4,18,13,1,1,1,0,18.0,138.46,7.69,7.69
P Koech,8,18,26,3,11,0,0,6.0,69.23,42.31,0.0
TCB Fernando,3,18,38,1,22,0,0,18.0,47.37,57.89,0.0
HY Kazi,5,18,25,4,13,0,0,4.5,72.0,52.0,0.0
HF Gurney,11,18,43,4,29,1,0,4.5,41.86,67.44,2.33
Saurav Chauhan,3,18,15,3,6,1,1,6.0,120.0,40.0,13.33
Skhawat Ali,3,18,55,3,44,2,0,6.0,32.73,80.0,3.64
D Young,4,18,21,4,14,2,1,4.5,85.71,66.67,14.29
Waqas Ali,2,18,24,2,9,0,0,9.0,75.0,37.5,0.0
JC Carmichael,5,18,26,0,12,1,0,18.0,69.23,46.15,3.85
Navdeep Saini,3,18,40,2,27,0,0,9.0,45.0,67.5,0.0
Sajedul Islam,3,18,47,6,39,2,0,3.0,38.3,82.98,4.26
MC Alex,10,18,46,10,35,2,0,1.8,39.13,76.09,4.35
Sumit Kumar,3,18,24,2,17,2,1,9.0,75.0,70.83,12.5
Muhammad Fahim,3,18,28,2,16,0,1,9.0,64.29,57.14,3.57
Jubair Hossain,6,18,97,4,86,2,0,4.5,18.56,88.66,2.06
Davion Codner,5,18,23,4,9,0,0,4.5,78.26,39.13,0.0
Atif-Ur-Rehman,6,18,20,1,6,0,0,18.0,90.0,30.0,0.0
AA Gajic,6,18,37,2,24,1,0,9.0,48.65,64.86,2.7
MW Jones,2,18,11,1,4,0,2,18.0,163.64,36.36,18.18
Jamaluddin Ahmed,1,18,28,0,18,2,0,18.0,64.29,64.29,7.14
Muhammad Rohid,4,18,22,1,13,2,0,18.0,81.82,59.09,9.09
Pratis GC,6,18,17,2,6,1,0,9.0,105.88,35.29,5.88
E Ochieng,3,18,19,2,10,1,1,9.0,94.74,52.63,10.53
O Issouf,7,18,70,6,57,0,0,3.0,25.71,81.43,0.0
Idan Varsulkar,4,18,20,3,9,2,0,6.0,90.0,45.0,10.0
T Takada,2,18,16,1,5,2,0,18.0,112.5,31.25,12.5
M Joshi,3,18,30,1,19,2,0,18.0,60.0,63.33,6.67
PV Tambe,6,18,39,2,23,1,0,9.0,46.15,58.97,2.56
SG Diaby,8,18,31,7,20,1,0,2.57,58.06,64.52,3.23
Vimal Kumar,2,18,36,1,21,0,0,18.0,50.0,58.33,0.0
D Mendonca,8,18,89,8,75,1,0,2.25,20.22,84.27,1.12
K Whatham,1,18,41,1,29,2,0,18.0,43.9,70.73,4.88
M Simmons,1,18,16,0,5,1,0,18.0,112.5,31.25,6.25
Arjun Tendulkar,2,18,14,1,3,0,1,18.0,128.57,21.43,7.14
Dilum Fernando,2,18,17,1,5,2,0,18.0,105.88,29.41,11.76
R Sai Kishore,4,18,16,4,8,0,2,4.5,112.5,50.0,12.5
V Shetty,3,18,30,2,16,1,0,9.0,60.0,53.33,3.33
H McKenzie,3,17,12,2,2,1,0,8.5,141.67,16.67,8.33
Khan Arbaaz,2,17,23,2,12,2,0,8.5,73.91,52.17,8.7
A Musaev,4,17,24,2,15,1,1,8.5,70.83,62.5,8.33
P Bosnjak,8,17,32,8,25,3,0,2.12,53.12,78.12,9.38
Adil Khan,2,17,23,2,16,0,2,8.5,73.91,69.57,8.7
Dharmang Patel,1,17,28,1,14,1,0,17.0,60.71,50.0,3.57
Nadif Chowdhury,2,17,16,2,4,1,0,8.5,106.25,25.0,6.25
Nasir Nawaz,2,17,22,2,9,0,0,8.5,77.27,40.91,0.0
L Guthrie,3,17,12,2,6,2,1,8.5,141.67,50.0,25.0
Salman Mirza,6,17,17,3,8,2,0,5.67,100.0,47.06,11.76
Sufyan Naseeb,4,17,20,4,11,2,0,4.25,85.0,55.0,10.0
G Bruno,2,17,9,2,4,4,0,8.5,188.89,44.44,44.44
P Deol,3,17,30,3,18,1,0,5.67,56.67,60.0,3.33
E Kuyumcu,3,17,47,3,35,1,0,5.67,36.17,74.47,2.13
AA Jimoh,4,17,23,2,12,1,0,8.5,73.91,52.17,4.35
Dewald Pretorius,1,17,34,2,27,3,0,8.5,50.0,79.41,8.82
Azmat Ali,1,17,20,1,8,0,1,17.0,85.0,40.0,5.0
T Singye,2,17,25,2,16,2,0,8.5,68.0,64.0,8.0
E Yaver,3,17,20,3,10,2,0,5.67,85.0,50.0,10.0
Du Jianhao,2,17,29,2,21,3,0,8.5,58.62,72.41,10.34
D Mauro,3,17,24,0,10,0,0,17.0,70.83,41.67,0.0
D St Ange,3,17,25,3,12,0,0,5.67,68.0,48.0,0.0
K Venkatraman,2,17,9,1,2,1,1,17.0,188.89,22.22,22.22
MS Graham,4,17,33,4,20,1,0,4.25,51.52,60.61,3.03
K Vislapuu,7,17,19,4,13,3,0,4.25,89.47,68.42,15.79
N Ncube,1,17,23,2,15,0,1,8.5,73.91,65.22,4.35
Mofassar Saeed,1,17,19,1,11,2,0,17.0,89.47,57.89,10.53
Sameer Yousuf,2,17,7,1,1,0,2,17.0,242.86,14.29,28.57
O Muzondo,2,17,9,1,2,1,1,17.0,188.89,22.22,22.22
Saeed Waqar Ali,9,17,58,6,43,0,0,2.83,29.31,74.14,0.0
M Thurgate,1,17,11,1,5,2,1,17.0,154.55,45.45,27.27
S Udhayan,4,17,13,4,7,2,1,4.25,130.77,53.85,23.08
JM Holland,8,17,62,4,48,0,0,4.25,27.42,77.42,0.0
JH Mensah,2,17,10,2,3,1,1,8.5,170.0,30.0,20.0
R Dhiman,3,17,17,2,7,1,0,8.5,100.0,41.18,5.88
Edward Taylor,2,17,52,2,40,1,0,8.5,32.69,76.92,1.92
AM Guruge,5,17,34,1,23,1,0,17.0,50.0,67.65,2.94
A Gasteratos,8,17,44,7,30,0,0,2.43,38.64,68.18,0.0
Niyas Pullariyil,2,17,18,0,8,0,1,17.0,94.44,44.44,5.56
TD Cruickshank,3,17,30,3,23,1,1,5.67,56.67,76.67,6.67
H Dandapani,1,17,19,1,10,2,0,17.0,89.47,52.63,10.53
LA Collado,4,17,27,2,15,1,0,8.5,62.96,55.56,3.7
U Dorji,3,17,22,3,13,2,0,5.67,77.27,59.09,9.09
Aung Ko Ko,6,16,35,4,24,1,0,4.0,45.71,68.57,2.86
P Vailoa,2,16,10,1,4,1,1,16.0,160.0,40.0,20.0
Muhammad Safdar,2,16,12,0,4,2,0,16.0,133.33,33.33,16.67
D Asghar,2,16,16,2,9,1,1,8.0,100.0,56.25,12.5
Ankur Sharma,1,16,31,1,19,1,0,16.0,51.61,61.29,3.23
Nitesh Hooda,2,16,7,0,1,3,0,16.0,228.57,14.29,42.86
RK Punjabi,1,16,11,0,2,2,0,16.0,145.45,18.18,18.18
MM Iqbal,2,16,56,2,44,0,0,8.0,28.57,78.57,0.0
A Husain,5,16,24,1,15,2,0,16.0,66.67,62.5,8.33
BB Ahir,3,16,19,1,7,1,0,16.0,84.21,36.84,5.26
Abdullah Sheikh,4,16,25,3,14,1,0,5.33,64.0,56.0,4.0
Shafiullah Zakhel,3,16,9,1,2,2,0,16.0,177.78,22.22,22.22
J Salazar,2,16,18,2,12,1,1,8.0,88.89,66.67,11.11
E Hasahya,4,16,24,4,15,2,0,4.0,66.67,62.5,8.33
Abid Ullah Shah,2,16,10,1,4,0,2,16.0,160.0,40.0,20.0
V Marghashayam,6,16,27,4,14,1,0,4.0,59.26,51.85,3.7
DK Butler,2,16,22,0,15,3,0,16.0,72.73,68.18,13.64
BS Mudzinganyama,1,16,62,1,53,2,0,16.0,25.81,85.48,3.23
KS Sharma,3,16,25,3,12,1,0,5.33,64.0,48.0,4.0
Wasim Al Balushi,4,16,31,3,21,2,0,5.33,51.61,67.74,6.45
G Caisley,6,16,37,6,27,2,0,2.67,43.24,72.97,5.41
J Layne,3,16,25,4,18,3,0,4.0,64.0,72.0,12.0
WJ Lubbe,2,16,10,2,6,4,0,8.0,160.0,60.0,40.0
Ashiqullah Said,4,16,13,3,5,2,0,5.33,123.08,38.46,15.38
JPR Lamsam,1,16,30,1,24,3,0,16.0,53.33,80.0,10.0
S Delai,1,16,29,1,22,3,0,16.0,55.17,75.86,10.34
Yousif Wali,3,16,24,3,12,1,0,5.33,66.67,50.0,4.17
Ali Hussain,4,16,18,3,9,2,0,5.33,88.89,50.0,11.11
NT Pascal,3,16,32,3,25,2,0,5.33,50.0,78.12,6.25
HNA Conway,5,16,19,3,7,1,0,5.33,84.21,36.84,5.26
Zeeshan Haider,1,16,11,1,4,1,1,16.0,145.45,36.36,18.18
R Sekaran,4,16,27,1,15,1,0,16.0,59.26,55.56,3.7
Rizwan Zahoor,2,16,19,0,8,2,0,16.0,84.21,42.11,10.53
N Ifill,2,16,43,2,33,2,0,8.0,37.21,76.74,4.65
Hasan Yanar,4,16,29,1,17,1,0,16.0,55.17,58.62,3.45
T Mayes,2,16,42,2,34,2,0,8.0,38.1,80.95,4.76
B Mahesh,4,16,10,3,4,0,2,5.33,160.0,40.0,20.0
Sami Faridi,1,16,25,1,16,1,0,16.0,64.0,64.0,4.0
Hamayun Altaf,1,16,13,1,5,2,0,16.0,123.08,38.46,15.38
L Smith,3,16,22,3,13,2,0,5.33,72.73,59.09,9.09
Yudha Verdian,3,16,29,3,19,1,0,5.33,55.17,65.52,3.45
JH Desai,1,16,38,1,29,1,0,16.0,42.11,76.32,2.63
N Naranbaatar,11,16,87,10,76,1,0,1.6,18.39,87.36,1.15
Issa Al Balushi,3,16,22,2,14,1,1,8.0,72.73,63.64,9.09
Vijaykumar Vyshak,6,16,16,2,6,0,1,8.0,100.0,37.5,6.25
YV Dhull,3,16,23,3,10,1,0,5.33,69.57,43.48,4.35
BV Save,2,16,17,2,11,3,0,8.0,94.12,64.71,17.65
Farmanullah Ghari,4,16,11,3,6,0,2,5.33,145.45,54.55,18.18
M Fru,4,16,31,4,20,1,0,4.0,51.61,64.52,3.23
RR Behera,2,16,27,2,17,1,0,8.0,59.26,62.96,3.7
ML Patel,2,15,55,2,41,0,0,7.5,27.27,74.55,0.0
B Ivanov,2,15,28,0,17,1,0,15.0,53.57,60.71,3.57
P Gheewala,4,15,19,3,10,0,1,5.0,78.95,52.63,5.26
V Hampihallikar,3,15,41,3,30,1,0,5.0,36.59,73.17,2.44
JJ Chicuele,3,15,20,1,12,2,0,15.0,75.0,60.0,10.0
JM Muirhead,4,15,14,2,6,2,0,7.5,107.14,42.86,14.29
SD Lad,1,15,13,1,8,1,1,15.0,115.38,61.54,15.38
H Dhami,1,15,26,0,17,1,0,15.0,57.69,65.38,3.85
D Samarawickrama,3,15,27,3,16,0,0,5.0,55.56,59.26,0.0
Ilyas Ahmed,6,15,14,1,4,1,0,15.0,107.14,28.57,7.14
Anowarul Islam,4,15,20,4,13,1,1,3.75,75.0,65.0,10.0
A Mongar,4,15,32,2,18,0,0,7.5,46.88,56.25,0.0
MW Tromp,2,15,30,2,17,0,0,7.5,50.0,56.67,0.0
K Gilham,3,15,13,0,4,1,0,15.0,115.38,30.77,7.69
GL Cloete,2,15,15,2,7,2,0,7.5,100.0,46.67,13.33
GR Napier,1,15,16,1,7,1,0,15.0,93.75,43.75,6.25
HK Bennett,7,15,67,3,52,0,0,5.0,22.39,77.61,0.0
Subashis Roy,5,15,69,1,64,3,0,15.0,21.74,92.75,4.35
BG Drew,2,15,23,2,13,1,0,7.5,65.22,56.52,4.35
DS Vosloo,1,15,17,1,6,0,0,15.0,88.24,35.29,0.0
Karma Dorji,6,15,10,2,4,3,0,7.5,150.0,40.0,30.0
P Campbell,4,15,32,3,21,1,0,5.0,46.88,65.62,3.12
TL Moreki,2,15,68,2,62,3,0,7.5,22.06,91.18,4.41
Sukhjinder Singh,2,15,25,1,18,1,1,15.0,60.0,72.0,8.0
DA Rankin,1,15,17,1,11,1,1,15.0,88.24,64.71,11.76
Muhammet Bicer,9,15,41,7,33,2,0,2.14,36.59,80.49,4.88
J Yon,4,15,14,1,5,1,0,15.0,107.14,35.71,7.14
Akbar-ur-Rehman,3,15,19,3,9,1,0,5.0,78.95,47.37,5.26
N Mapunda,1,15,21,1,14,2,0,15.0,71.43,66.67,9.52
TV Valivarthi,3,15,27,2,19,0,1,7.5,55.56,70.37,3.7
Abdul Bangalzai,4,15,23,4,13,0,1,3.75,65.22,56.52,4.35
Areeb Quadir,2,15,16,2,5,0,0,7.5,93.75,31.25,0.0
BP Loots,3,15,21,2,17,0,2,7.5,71.43,80.95,9.52
E Kuchey,4,15,26,2,17,0,1,7.5,57.69,65.38,3.85
C Madan,1,15,19,1,13,3,0,15.0,78.95,68.42,15.79
P Kumbhare,8,15,27,5,14,0,0,3.0,55.56,51.85,0.0
J Dickinson,1,15,14,1,4,1,0,15.0,107.14,28.57,7.14
Waseem Tabrez,3,15,19,2,11,1,0,7.5,78.95,57.89,5.26
D Nath,3,15,11,2,6,3,0,7.5,136.36,54.55,27.27
S Natsagdorj,4,15,59,4,46,0,0,3.75,25.42,77.97,0.0
Virat Singh,2,15,26,2,14,1,0,7.5,57.69,53.85,3.85
TJ Armstrong,2,15,29,2,19,1,0,7.5,51.72,65.52,3.45
RD Steede,2,15,20,2,13,2,0,7.5,75.0,65.0,10.0
S Sajeev,1,15,27,0,15,1,0,15.0,55.56,55.56,3.7
RHO Saunders,2,15,23,2,15,2,0,7.5,65.22,65.22,8.7
B Namsrai,11,15,72,10,64,2,0,1.5,20.83,88.89,2.78
A Razmilic,10,15,41,8,34,1,1,1.88,36.59,82.93,4.88
PW Gunaratne,1,15,15,0,9,3,0,15.0,100.0,60.0,20.0
MN Nawaz,1,15,22,0,6,0,0,15.0,68.18,27.27,0.0
ROO Jordan,2,15,10,2,4,1,1,7.5,150.0,40.0,20.0
VY Mahesh,5,15,27,2,14,0,0,7.5,55.56,51.85,0.0
Ryan Adams,4,15,22,3,10,1,0,5.0,68.18,45.45,4.55
A Mehmood,1,14,4,0,0,1,1,14.0,350.0,0.0,50.0
Thilina Silva,2,14,47,1,37,1,0,14.0,29.79,78.72,2.13
Auqib Nabi,2,14,4,1,1,2,1,14.0,350.0,25.0,75.0
Tarun Yadav,2,14,11,2,5,1,1,7.0,127.27,45.45,18.18
SR Rocket,8,14,42,7,34,2,0,2.0,33.33,80.95,4.76
T Langa,1,14,9,1,4,2,0,14.0,155.56,44.44,22.22
A Chaubey,4,14,21,4,17,0,2,3.5,66.67,80.95,9.52
W Peatfield,4,14,12,2,4,2,0,7.0,116.67,33.33,16.67
Umair Sharif,2,14,14,2,6,0,1,7.0,100.0,42.86,7.14
M Cope,4,14,22,2,14,1,0,7.0,63.64,63.64,4.55
KB Ahir,6,14,17,0,11,1,1,14.0,82.35,64.71,11.76
KTH Ratnayake,3,14,34,3,27,0,1,4.67,41.18,79.41,2.94
Abdurrahman Ahmadzai,1,14,5,1,1,0,2,14.0,280.0,20.0,40.0
SA Jacobs,6,14,23,3,13,1,0,4.67,60.87,56.52,4.35
AL Stephen,8,14,38,7,26,0,0,2.0,36.84,68.42,0.0
H Ivanov,3,14,18,3,11,2,0,4.67,77.78,61.11,11.11
S Bevin,3,14,15,2,9,1,1,7.0,93.33,60.0,13.33
S Barnett,3,14,18,3,11,0,1,4.67,77.78,61.11,5.56
H Kinga,4,14,24,2,15,1,0,7.0,58.33,62.5,4.17
H Upadhyay,5,14,35,5,22,0,0,2.8,40.0,62.86,0.0
VS Wategaonkar,1,14,14,1,3,1,0,14.0,100.0,21.43,7.14
Prasad Anish,5,14,28,2,16,0,0,7.0,50.0,57.14,0.0
D Birrell,5,14,18,3,9,0,0,4.67,77.78,50.0,0.0
K Christie,4,14,21,2,10,0,0,7.0,66.67,47.62,0.0
IPP Batuwitarachchi,2,14,48,2,37,0,0,7.0,29.17,77.08,0.0
K Joshi,1,14,22,1,11,0,0,14.0,63.64,50.0,0.0
LS Barkania,4,14,25,1,12,0,0,14.0,56.0,48.0,0.0
CM Rocca,1,14,19,1,11,2,0,14.0,73.68,57.89,10.53
J Lassayo,7,14,25,5,14,0,0,2.8,56.0,56.0,0.0
RA Bhatti,3,14,15,3,5,1,0,4.67,93.33,33.33,6.67
AJA Samuels,2,14,29,0,17,0,0,14.0,48.28,58.62,0.0
Milad Momend,10,14,48,6,38,1,0,2.33,29.17,79.17,2.08
Shunan Ali,2,14,27,0,17,0,0,14.0,51.85,62.96,0.0
G Chapple,1,14,7,1,1,1,1,14.0,200.0,14.29,28.57
A Kalasi,4,14,15,1,9,0,1,14.0,93.33,60.0,6.67
E Bisht,2,14,6,1,0,0,1,14.0,233.33,0.0,16.67
Syed Aqeel Israr,7,14,28,3,22,0,1,4.67,50.0,78.57,3.57
L Pope,10,14,37,7,26,1,0,2.0,37.84,70.27,2.7
JO Ngoche,5,14,43,2,35,0,1,7.0,32.56,81.4,2.33
LJ Woodcock,2,14,22,1,11,1,0,14.0,63.64,50.0,4.55
Riaz Afridi,2,14,14,2,8,1,1,7.0,100.0,57.14,14.29
Ilyas Cetin,2,13,15,2,10,1,1,6.5,86.67,66.67,13.33
S Vasilakis,6,13,26,3,17,1,0,4.33,50.0,65.38,3.85
MG Hogan,4,13,18,2,8,0,0,6.5,72.22,44.44,0.0
D Warren,3,13,15,2,5,1,0,6.5,86.67,33.33,6.67
D Wabwire,3,13,8,1,3,2,0,13.0,162.5,37.5,25.0
D Joseph,3,13,24,0,15,1,0,13.0,54.17,62.5,4.17
PT Collins,9,13,76,8,64,0,0,1.62,17.11,84.21,0.0
P Pirabakaran,1,13,13,1,6,2,0,13.0,100.0,46.15,15.38
Prince Yadav,5,13,14,0,7,0,1,13.0,92.86,50.0,7.14
Adeel Raja,6,13,76,4,66,1,0,3.25,17.11,86.84,1.32
Noah Mead,5,13,21,4,12,1,0,3.25,61.9,57.14,4.76
MMA Jonkman,1,13,37,1,30,2,0,13.0,35.14,81.08,5.41
DT Patil,2,13,13,2,5,1,0,6.5,100.0,38.46,7.69
A Wright,9,13,34,5,24,0,0,2.6,38.24,70.59,0.0
Maqsood Ahmad,1,13,19,1,10,1,0,13.0,68.42,52.63,5.26
A Rangaswamy,5,13,16,4,9,0,1,3.25,81.25,56.25,6.25
R Avery,6,13,26,5,17,1,0,2.6,50.0,65.38,3.85
JL Martel,1,13,6,0,1,1,1,13.0,216.67,16.67,33.33
D Jamyansuren,4,13,64,4,57,2,0,3.25,20.31,89.06,3.12
TK Canning,2,13,25,2,15,0,0,6.5,52.0,60.0,0.0
SKR Mallidi,2,13,20,2,11,0,1,6.5,65.0,55.0,5.0
S Pokhriyal,1,13,22,1,14,1,0,13.0,59.09,63.64,4.55
Muhammad Khan,3,13,22,3,18,1,1,4.33,59.09,81.82,9.09
Aminul Islam,3,13,23,2,11,0,0,6.5,56.52,47.83,0.0
Adnan Razzaq,3,13,7,0,2,1,1,13.0,185.71,28.57,28.57
MD Bates,1,13,10,1,7,1,1,13.0,130.0,70.0,20.0
Usman Mushtaq,2,13,24,1,14,1,0,13.0,54.17,58.33,4.17
Anthony Roe,2,13,37,2,29,2,0,6.5,35.14,78.38,5.41
S Tabuisulu,8,13,27,6,15,0,0,2.17,48.15,55.56,0.0
KF Bakiweyem,3,13,27,2,13,0,0,6.5,48.15,48.15,0.0
RI Ahmed,1,13,16,1,7,0,0,13.0,81.25,43.75,0.0
JF Jeremiah,3,13,17,2,11,2,0,6.5,76.47,64.71,11.76
AA Shafique,1,13,33,1,26,2,0,13.0,39.39,78.79,6.06
LS Lugg,1,13,21,1,11,1,0,13.0,61.9,52.38,4.76
Sukhdeep Singh,1,13,15,1,6,1,0,13.0,86.67,40.0,6.67
J Shields,4,13,37,2,26,0,0,6.5,35.14,70.27,0.0
SP Gauchan,5,13,43,3,32,0,0,4.33,30.23,74.42,0.0
BG Lister,7,13,27,3,18,1,0,4.33,48.15,66.67,3.7
Harsh Dubey,4,13,9,2,3,2,0,6.5,144.44,33.33,22.22
MD Rae,1,13,11,1,6,1,0,13.0,118.18,54.55,9.09
Mohammad Waheed,2,13,15,1,8,2,0,13.0,86.67,53.33,13.33
DR Salpietro,2,13,27,2,15,0,0,6.5,48.15,55.56,0.0
Asad Ali,2,13,16,2,10,0,1,6.5,81.25,62.5,6.25
M Malle,6,13,81,6,70,0,0,2.17,16.05,86.42,0.0
Munim Shahriar,3,13,19,3,11,1,0,4.33,68.42,57.89,5.26
DR Shorey,2,13,17,2,9,0,1,6.5,76.47,52.94,5.88
M Montgomery,1,13,19,1,9,1,0,13.0,68.42,47.37,5.26
Ali Muaaz,4,13,27,4,19,1,0,3.25,48.15,70.37,3.7
Y Divekar,3,13,18,2,11,0,1,6.5,72.22,61.11,5.56
B Siddharth,9,13,29,7,21,1,0,1.86,44.83,72.41,3.45
Syed Naqvi,5,13,26,5,15,0,0,2.6,50.0,57.69,0.0
AA Chavan,3,12,11,2,5,2,0,6.0,109.09,45.45,18.18
S Dhamala,1,12,38,1,28,0,0,12.0,31.58,73.68,0.0
Ali Abbas,2,12,17,2,11,2,0,6.0,70.59,64.71,11.76
Alex Carthew,2,12,22,1,13,0,0,12.0,54.55,59.09,0.0
S Daniel,1,12,28,1,20,1,0,12.0,42.86,71.43,3.57
BE Young,2,12,15,1,5,0,0,12.0,80.0,33.33,0.0
TS Nethula,3,12,11,2,2,1,0,6.0,109.09,18.18,9.09
Santiago Iturbe,4,12,21,2,11,0,0,6.0,57.14,52.38,0.0
Sanjay Kumar Ahir,5,12,20,2,10,0,0,6.0,60.0,50.0,0.0
Rohit Limbu,1,12,25,1,18,1,0,12.0,48.0,72.0,4.0
W Smith,2,12,30,2,22,1,0,6.0,40.0,73.33,3.33
Karanveer Singh,4,12,17,1,9,1,0,12.0,70.59,52.94,5.88
Nawed Al Balushi,4,12,20,2,10,0,0,6.0,60.0,50.0,0.0
Naveed Shahid,1,12,7,0,2,2,0,12.0,171.43,28.57,28.57
GI Maiden,1,12,14,0,7,1,0,12.0,85.71,50.0,7.14
Niaz Ali,2,12,12,2,8,1,1,6.0,100.0,66.67,16.67
M Grzinic,3,12,19,3,10,0,0,4.0,63.16,52.63,0.0
K Upadhyay,2,12,9,0,3,0,1,12.0,133.33,33.33,11.11
AAhan Achar,5,12,15,1,7,1,0,12.0,80.0,46.67,6.67
Merwais Shinwari,3,12,21,2,14,0,1,6.0,57.14,66.67,4.76
S Ismail,3,12,9,2,3,2,0,6.0,133.33,33.33,22.22
GM Muthui,4,12,15,2,8,1,0,6.0,80.0,53.33,6.67
KB Tember,3,12,26,3,19,0,1,4.0,46.15,73.08,3.85
Omar Hayat,3,12,8,3,2,1,0,4.0,150.0,25.0,12.5
T Vanuarua,3,12,12,3,8,1,1,4.0,100.0,66.67,16.67
O Stewart,3,12,9,3,5,1,1,4.0,133.33,55.56,22.22
Asif Mehmood,1,12,9,1,3,0,1,12.0,133.33,33.33,11.11
Jai Prakash Yadav,4,12,26,2,17,0,0,6.0,46.15,65.38,0.0
Jason Lui,1,12,16,0,11,2,0,12.0,75.0,68.75,12.5
AR Bawne,1,12,12,0,4,1,0,12.0,100.0,33.33,8.33
LW Feldman,2,12,10,1,5,0,1,12.0,120.0,50.0,10.0
K Kartikeya,4,12,17,4,9,1,0,3.0,70.59,52.94,5.88
CR Knott,1,12,12,1,6,2,0,12.0,100.0,50.0,16.67
CR Foggo,2,12,16,2,10,1,0,6.0,75.0,62.5,6.25
AJ Ireland,7,12,64,6,55,1,0,2.0,18.75,85.94,1.56
P Danci,1,12,15,1,10,2,0,12.0,80.0,66.67,13.33
Ryan Ani,2,12,9,1,1,0,0,12.0,133.33,11.11,0.0
Tian Senqun,1,12,17,1,10,0,0,12.0,70.59,58.82,0.0
Sabir Ali,3,12,13,2,7,2,0,6.0,92.31,53.85,15.38
MCE Manalo,1,12,14,1,4,0,0,12.0,85.71,28.57,0.0
TP Doropoulos,3,12,15,2,9,2,0,6.0,80.0,60.0,13.33
SM Harwood,4,12,21,2,11,0,0,6.0,57.14,52.38,0.0
EA Burns,1,12,9,1,3,2,0,12.0,133.33,33.33,22.22
Elias Tilman,7,12,59,5,48,0,0,2.4,20.34,81.36,0.0
EJ Richardson,1,12,18,1,13,2,0,12.0,66.67,72.22,11.11
F Clarke,4,12,25,3,20,0,1,4.0,48.0,80.0,4.0
Zou Kui,4,12,24,3,15,0,0,4.0,50.0,62.5,0.0
T Dahiya,2,12,15,2,9,2,0,6.0,80.0,60.0,13.33
T Filer,4,12,17,4,9,1,0,3.0,70.59,52.94,5.88
T Bukenya,1,12,9,0,3,0,1,12.0,133.33,33.33,11.11
M Commins,3,12,39,5,31,1,0,2.4,30.77,79.49,2.56
RR Joshi,3,12,12,3,6,0,1,4.0,100.0,50.0,8.33
Abul Farhad,5,12,25,3,16,1,0,4.0,48.0,64.0,4.0
Abhilash Patil,1,12,28,1,17,0,0,12.0,42.86,60.71,0.0
SF Nhavotso,3,12,26,3,17,0,0,4.0,46.15,65.38,0.0
TL O'Connell,4,12,17,2,9,1,0,6.0,70.59,52.94,5.88
DV Devjani Mutreja,7,12,29,5,18,0,0,2.4,41.38,62.07,0.0
Raag Kapur,3,12,16,2,8,1,0,6.0,75.0,50.0,6.25
DG Nalkande,2,12,12,2,5,0,1,6.0,100.0,41.67,8.33
SDJJ Dima,5,12,37,5,27,0,0,2.4,32.43,72.97,0.0
ZJ van Vuuren,1,12,9,1,4,2,0,12.0,133.33,44.44,22.22
Dayal Joy,3,12,13,3,8,0,1,4.0,92.31,61.54,7.69
R Minz,4,12,19,3,11,1,0,4.0,63.16,57.89,5.26
Mrittunjoy Chowdhury,2,12,22,2,12,0,0,6.0,54.55,54.55,0.0
Mohammad Ahsan,2,12,12,2,5,0,1,6.0,100.0,41.67,8.33
JMV Junior,2,12,13,1,7,0,1,12.0,92.31,53.85,7.69
Syed Tameem,1,11,22,1,12,0,0,11.0,50.0,54.55,0.0
Mustafa Atmaca,3,11,16,2,6,0,0,5.5,68.75,37.5,0.0
A Bishnoi,8,11,21,4,11,0,0,2.75,52.38,52.38,0.0
A Bulow,1,11,13,1,7,0,1,11.0,84.62,53.85,7.69
L Berthe,8,11,28,6,21,1,0,1.83,39.29,75.0,3.57
Sachin Ganpat Shinde,2,11,19,1,12,1,0,11.0,57.89,63.16,5.26
A Nimaga,3,11,13,2,7,1,0,5.5,84.62,53.85,7.69
PJK Mooney,2,11,8,1,1,1,0,11.0,137.5,12.5,12.5
MJ Buchanan,1,11,17,1,10,1,0,11.0,64.71,58.82,5.88
A Mucyodusenge,3,11,24,3,18,1,0,3.67,45.83,75.0,4.17
AK Roger,7,11,49,6,42,1,0,1.83,22.45,85.71,2.04
Ali Rasool,4,11,25,3,15,0,0,3.67,44.0,60.0,0.0
CG Osborne,2,11,25,1,15,0,0,11.0,44.0,60.0,0.0
Owais Ahmed,3,11,11,0,6,2,0,11.0,100.0,54.55,18.18
GA Stuurman,1,11,31,2,26,2,0,5.5,35.48,83.87,6.45
Asif Shaikh,4,11,13,2,8,0,1,5.5,84.62,61.54,7.69
Assad Borham,3,11,19,2,11,1,0,5.5,57.89,57.89,5.26
W Uisuk,4,11,40,4,33,1,0,2.75,27.5,82.5,2.5
MJ Mindley,1,11,37,1,34,1,1,11.0,29.73,91.89,5.41
Ali Ivan,1,11,39,1,30,0,0,11.0,28.21,76.92,0.0
GI Gokoel,3,11,27,1,19,1,0,11.0,40.74,70.37,3.7
A Daxini,3,11,22,3,14,1,0,3.67,50.0,63.64,4.55
S Chophel,4,11,18,3,9,0,0,3.67,61.11,50.0,0.0
Waqar Salamkheil,9,11,25,2,16,0,0,5.5,44.0,64.0,0.0
A Awasthi,5,11,50,4,40,0,0,2.75,22.0,80.0,0.0
Nikhil Deshmukh,2,11,25,2,18,1,0,5.5,44.0,72.0,4.0
Sohel Ebrahim Desai,5,11,18,4,9,0,0,2.75,61.11,50.0,0.0
BJ Bess,1,11,12,1,9,1,1,11.0,91.67,75.0,16.67
Mertcan Filiz,6,11,25,3,19,1,0,3.67,44.0,76.0,4.0
KK Ahmed,10,11,27,7,19,1,0,1.57,40.74,70.37,3.7
Tanveer Ahmed,4,11,20,0,13,1,0,11.0,55.0,65.0,5.0
CM Mbebe,2,11,9,0,4,0,1,11.0,122.22,44.44,11.11
S Pillay,1,11,10,1,5,2,0,11.0,110.0,50.0,20.0
Zahid Shah,2,11,20,0,16,2,0,11.0,55.0,80.0,10.0
JJ Nyambo,6,11,29,4,18,0,0,2.75,37.93,62.07,0.0
Ahsan Khan,3,11,9,1,2,1,0,11.0,122.22,22.22,11.11
RA Tappin,4,11,47,4,38,0,0,2.75,23.4,80.85,0.0
Abdulla Bhoola,4,11,21,2,14,1,0,5.5,52.38,66.67,4.76
Abdullah Shahid,2,11,17,2,9,1,0,5.5,64.71,52.94,5.88
E Robinson,3,11,16,0,7,0,0,11.0,68.75,43.75,0.0
LJ Burger,6,11,62,5,53,1,0,2.2,17.74,85.48,1.61
ND Buchanan,4,11,15,3,9,0,1,3.67,73.33,60.0,6.67
DD Kasat,5,11,25,5,17,1,0,2.2,44.0,68.0,4.0
Arif Yaqoob,3,11,9,0,3,0,1,11.0,122.22,33.33,11.11
R Dhakal,4,11,12,2,4,0,0,5.5,91.67,33.33,0.0
SV Bahutule,1,11,13,1,5,1,0,11.0,84.62,38.46,7.69
MS Diawara,4,11,27,4,18,0,0,2.75,40.74,66.67,0.0
TJ Draca,3,11,14,2,6,1,0,5.5,78.57,42.86,7.14
A Soni,1,11,14,1,4,0,0,11.0,78.57,28.57,0.0
Arslan Ahmed,2,11,29,2,23,1,0,5.5,37.93,79.31,3.45
Moshiur Rahman,3,11,25,1,14,0,0,11.0,44.0,56.0,0.0
Zahid Abbas,2,11,15,2,7,1,0,5.5,73.33,46.67,6.67
Mohammed Awais,3,11,16,3,8,1,0,3.67,68.75,50.0,6.25
RM West,5,11,14,4,7,1,0,2.75,78.57,50.0,7.14
RG Hart,1,11,39,1,32,1,0,11.0,28.21,82.05,2.56
J Buchanan,2,11,16,2,8,0,0,5.5,68.75,50.0,0.0
Amit Uniyal,2,11,26,2,19,0,0,5.5,42.31,73.08,0.0
SF Burger,2,11,20,2,13,1,0,5.5,55.0,65.0,5.0
RT Rubbi,2,11,28,2,17,0,0,5.5,39.29,60.71,0.0
RJG Palmer,3,11,23,0,13,0,0,11.0,47.83,56.52,0.0
T Kohli,3,11,19,3,13,0,1,3.67,57.89,68.42,5.26
T Henderson,3,11,18,3,12,0,1,3.67,61.11,66.67,5.56
Faridullah Shams,3,11,7,2,4,1,1,5.5,157.14,57.14,28.57
RO Cato,2,11,15,2,10,2,0,5.5,73.33,66.67,13.33
Syed Amanullah,1,11,13,0,7,0,1,11.0,84.62,53.85,7.69
Mabsar Abdulla,1,11,21,1,13,0,0,11.0,52.38,61.9,0.0
Mazhar Khan,4,11,28,3,20,1,0,3.67,39.29,71.43,3.57
Meet Patel,1,11,22,1,14,1,0,11.0,50.0,63.64,4.55
A Ashok,1,10,12,1,9,2,0,10.0,83.33,75.0,16.67
Krish Bhagat,2,10,21,1,12,0,0,10.0,47.62,57.14,0.0
Faris Al Balushi,1,10,11,0,7,2,0,10.0,90.91,63.64,18.18
S Srikanth,1,10,6,1,2,2,0,10.0,166.67,33.33,33.33
Acrey Hugo,2,10,12,0,6,1,0,10.0,83.33,50.0,8.33
M Hayward,1,10,18,1,15,2,0,10.0,55.56,83.33,11.11
Simarjeet Singh,6,10,15,3,7,0,0,3.33,66.67,46.67,0.0
X Thalaivan Sargunam,1,10,17,1,9,0,0,10.0,58.82,52.94,0.0
Nawaf Ahmed,3,10,9,1,7,1,1,10.0,111.11,77.78,22.22
Surya Tamang,1,10,32,0,23,0,0,10.0,31.25,71.88,0.0
L Basson,1,10,15,0,8,1,0,10.0,66.67,53.33,6.67
D du Preez,1,10,13,1,5,0,0,10.0,76.92,38.46,0.0
TJ Moores,2,10,21,2,14,0,0,5.0,47.62,66.67,0.0
S Murari,7,10,17,5,12,0,1,2.0,58.82,70.59,5.88
T Muzarabani,7,10,34,3,27,1,0,3.33,29.41,79.41,2.94
S Gantulga,6,10,52,6,45,1,0,1.67,19.23,86.54,1.92
KN Singh,1,10,10,0,2,0,0,10.0,100.0,20.0,0.0
Ali Hasan,4,10,15,3,10,0,1,3.33,66.67,66.67,6.67
ACL Richards,1,10,15,1,9,1,0,10.0,66.67,60.0,6.67
F Mutagana,2,10,12,2,8,1,0,5.0,83.33,66.67,8.33
Thomas Balkin,3,10,16,1,7,0,0,10.0,62.5,43.75,0.0
B Geeves,1,10,11,0,6,1,0,10.0,90.91,54.55,9.09
Vraj Patel,6,10,16,2,9,0,0,5.0,62.5,56.25,0.0
RK Bhui,4,10,26,4,18,0,0,2.5,38.46,69.23,0.0
A Sathyan,2,10,15,1,9,1,0,10.0,66.67,60.0,6.67
K Babu,6,10,23,2,13,0,0,5.0,43.48,56.52,0.0
Salman Nazar,1,10,9,1,3,1,0,10.0,111.11,33.33,11.11
Salman Fayyaz,2,10,6,1,1,0,1,10.0,166.67,16.67,16.67
Junaid Siddique (2),9,10,35,5,25,0,0,2.0,28.57,71.43,0.0
Sameen Gul,3,10,17,0,11,1,0,10.0,58.82,64.71,5.88
PLS Gamage,10,10,126,6,117,0,0,1.67,7.94,92.86,0.0
S Rossi,5,10,16,5,9,0,0,2.0,62.5,56.25,0.0
I Katzarski,4,10,25,3,15,0,0,3.33,40.0,60.0,0.0
T Wuatai,4,10,29,2,23,1,0,5.0,34.48,79.31,3.45
T Yotharat,3,10,24,0,16,0,0,10.0,41.67,66.67,0.0
G Cupido,3,10,11,2,7,0,1,5.0,90.91,63.64,9.09
B Casson,1,10,44,1,38,1,0,10.0,22.73,86.36,2.27
P Raho,2,10,6,0,2,0,1,10.0,166.67,33.33,16.67
AG Murtaza,3,10,14,1,7,1,0,10.0,71.43,50.0,7.14
Uzair Amir,2,10,14,2,4,0,0,5.0,71.43,28.57,0.0
RO Hussain,1,10,20,0,14,1,0,10.0,50.0,70.0,5.0
Anwar Rahman,8,10,25,4,15,0,0,2.5,40.0,60.0,0.0
R Cunningham,2,10,13,0,6,0,0,10.0,76.92,46.15,0.0
VG Arora,11,10,27,4,18,0,0,2.5,37.04,66.67,0.0
JE Pitcher,3,10,19,0,10,0,0,10.0,52.63,52.63,0.0
MC Patel,1,10,9,1,5,2,0,10.0,111.11,55.56,22.22
G Sanjeewa,2,10,11,2,7,2,0,5.0,90.91,63.64,18.18
Rajkumar Rajendran,2,10,17,2,13,0,1,5.0,58.82,76.47,5.88
LK Sharma,1,10,14,1,10,2,0,10.0,71.43,71.43,14.29
TW Gray,1,10,7,1,1,1,0,10.0,142.86,14.29,14.29
Zahid Hussain,3,10,32,1,25,1,0,10.0,31.25,78.12,3.12
BAA Zammitt,3,10,25,3,16,0,0,3.33,40.0,64.0,0.0
H Beresford-Peirse,2,10,13,2,5,0,0,5.0,76.92,38.46,0.0
J Pakeman,2,10,24,2,17,1,0,5.0,41.67,70.83,4.17
SHA Rance,3,10,21,3,14,0,0,3.33,47.62,66.67,0.0
SL Perera,2,10,23,2,15,0,0,5.0,43.48,65.22,0.0
J Shaju,7,10,29,4,20,0,0,2.5,34.48,68.97,0.0
BB Sran,7,10,14,1,5,0,0,10.0,71.43,35.71,0.0
SW Currie,2,10,18,2,13,1,0,5.0,55.56,72.22,5.56
J Hansrod,3,10,25,3,18,1,0,3.33,40.0,72.0,4.0
MA Aponso,8,10,47,4,39,0,0,2.5,21.28,82.98,0.0
AR Keath,2,10,11,2,4,0,0,5.0,90.91,36.36,0.0
G Kaltongga,2,10,12,2,7,1,0,5.0,83.33,58.33,8.33
D Traore,2,10,21,1,15,1,0,10.0,47.62,71.43,4.76
VL Mukesh,4,10,16,4,13,0,1,2.5,62.5,81.25,6.25
A Martin,5,10,29,1,19,0,0,10.0,34.48,65.52,0.0
J Ghelzai,3,10,9,3,6,0,1,3.33,111.11,66.67,11.11
Ashar Abbas,3,10,16,2,9,0,0,5.0,62.5,56.25,0.0
JM Carder,1,10,13,1,5,0,0,10.0,76.92,38.46,0.0
TJ Bishop,3,10,19,3,15,2,0,3.33,52.63,78.95,10.53
Tenzin Wangchuk jnr,2,9,17,2,14,2,0,4.5,52.94,82.35,11.76
BJ Davidson,3,9,21,3,13,1,0,3.0,42.86,61.9,4.76
YM Nkanya,12,9,32,7,24,0,0,1.29,28.12,75.0,0.0
T Amresh,2,9,9,2,6,0,1,4.5,100.0,66.67,11.11
A Poulose,3,9,14,3,11,2,0,3.0,64.29,78.57,14.29
Itibarshah Deedar,2,9,11,0,6,1,0,9.0,81.82,54.55,9.09
Iftikhar Kankhel,4,9,13,2,8,1,0,4.5,69.23,61.54,7.69
HR Johnson,2,9,20,1,14,0,0,9.0,45.0,70.0,0.0
Sanjay Kumar,2,9,7,1,1,1,0,9.0,128.57,14.29,14.29
H Shah,2,9,25,2,19,1,0,4.5,36.0,76.0,4.0
Mohammad Abrar,2,9,16,1,10,1,0,9.0,56.25,62.5,6.25
K Goud,5,9,9,1,4,1,0,9.0,100.0,44.44,11.11
Anam Mollik,1,9,10,1,4,1,0,9.0,90.0,40.0,10.0
Faisal Athar,1,9,38,1,30,1,0,9.0,23.68,78.95,2.63
K Lake,1,9,8,1,2,0,0,9.0,112.5,25.0,0.0
S Rukmal,5,9,20,2,17,2,0,4.5,45.0,85.0,10.0
Babar Ali,3,9,19,3,11,0,0,3.0,47.37,57.89,0.0
S Banamali,2,9,15,1,8,0,0,9.0,60.0,53.33,0.0
AA Noffke,2,9,10,2,4,1,0,4.5,90.0,40.0,10.0
B Nikitaras,2,9,14,2,9,1,0,4.5,64.29,64.29,7.14
S Varathappan,1,9,10,1,7,2,0,9.0,90.0,70.0,20.0
FC Muniz,3,9,26,2,18,0,0,4.5,34.62,69.23,0.0
NA Janes,2,9,11,2,5,1,0,4.5,81.82,45.45,9.09
GY Prastama,3,9,13,1,6,0,0,9.0,69.23,46.15,0.0
M Khauta,2,9,6,1,3,2,0,9.0,150.0,50.0,33.33
KK Tillett,2,9,19,2,14,1,0,4.5,47.37,73.68,5.26
KN Peiris,2,9,40,3,34,1,0,3.0,22.5,85.0,2.5
Ali Majid,1,9,8,0,5,2,0,9.0,112.5,62.5,25.0
Aziz Sualley,5,9,17,3,11,1,0,3.0,52.94,64.71,5.88
O Shields,2,9,13,3,10,2,0,3.0,69.23,76.92,15.38
H Isorena,2,9,21,2,16,1,0,4.5,42.86,76.19,4.76
CE Dean,1,9,5,1,1,0,1,9.0,180.0,20.0,20.0
F Kasteni,2,9,24,2,18,0,0,4.5,37.5,75.0,0.0
Faisal Akram,3,9,10,1,5,1,0,9.0,90.0,50.0,10.0
V Khanduri,3,9,20,2,14,0,0,4.5,45.0,70.0,0.0
RJ Campbell,2,9,23,2,17,1,0,4.5,39.13,73.91,4.35
TB Abell,1,9,13,1,5,0,0,9.0,69.23,38.46,0.0
TNM Soleh,1,9,21,1,12,0,0,9.0,42.86,57.14,0.0
RW Hartley,3,9,21,1,13,0,0,9.0,42.86,61.9,0.0
AR Perez Rivero,1,9,10,1,3,0,0,9.0,90.0,30.0,0.0
Ahmed Safi Abdullah,2,9,13,0,8,1,0,9.0,69.23,61.54,7.69
QF Djakaridja,10,9,52,9,44,0,0,1.0,17.31,84.62,0.0
Qadeer Ahmed,7,9,23,1,16,1,0,9.0,39.13,69.57,4.35
Ravinder Singh,1,9,19,1,11,0,0,9.0,47.37,57.89,0.0
AN Hyobeom,3,9,17,3,12,1,0,3.0,52.94,70.59,5.88
Safvan Patel,1,9,12,1,4,0,0,9.0,75.0,33.33,0.0
JQK Moala,4,9,21,4,12,0,0,2.25,42.86,57.14,0.0
Ashraful Shuvo,3,9,14,2,7,0,0,4.5,64.29,50.0,0.0
Lee Kangmin,3,9,12,1,6,1,0,9.0,75.0,50.0,8.33
Lovepreet Singh,2,9,25,2,20,1,0,4.5,36.0,80.0,4.0
Rashid Zia,2,9,57,2,54,2,0,4.5,15.79,94.74,3.51
D Hardware,2,9,24,1,17,0,0,9.0,37.5,70.83,0.0
TN Pathan,1,9,11,1,5,1,0,9.0,81.82,45.45,9.09
Humayun Kabir,2,9,16,2,9,0,0,4.5,56.25,56.25,0.0
SMK Waththage,3,9,16,1,9,0,0,9.0,56.25,56.25,0.0
E Karimi,6,9,23,3,16,0,0,3.0,39.13,69.57,0.0
A Kapoor,1,9,4,0,0,1,0,9.0,225.0,0.0,25.0
DK Raman,1,9,10,1,4,1,0,9.0,90.0,40.0,10.0
SR Giri,1,9,8,1,3,1,0,9.0,112.5,37.5,12.5
Abdul Makda,1,9,11,1,6,0,1,9.0,81.82,54.55,9.09
RAJ Smith,1,9,7,0,3,1,0,9.0,128.57,42.86,14.29
SJ Cameron,2,9,13,1,6,0,0,9.0,69.23,46.15,0.0
R Smith,6,9,37,4,31,0,0,2.25,24.32,83.78,0.0
J Hull,1,9,16,1,13,0,1,9.0,56.25,81.25,6.25
Nabi Gul,1,9,12,1,4,0,0,9.0,75.0,33.33,0.0
Zuhair Muhammad,3,9,26,3,17,0,0,3.0,34.62,65.38,0.0
Yadwinder Singh,1,9,13,0,8,1,0,9.0,69.23,61.54,7.69
Manjural Islam,5,8,31,4,27,0,0,2.0,25.81,87.1,0.0
Sunil,1,8,9,0,4,1,0,8.0,88.89,44.44,11.11
Kristan Tillett,3,8,19,2,12,0,0,4.0,42.11,63.16,0.0
S Simpson,1,8,9,0,4,1,0,8.0,88.89,44.44,11.11
B Mejaro,7,8,30,4,24,0,0,2.0,26.67,80.0,0.0
Xie Kunkun,4,8,36,4,30,0,0,2.0,22.22,83.33,0.0
Kalpesh Ahir,2,8,8,1,3,1,0,8.0,100.0,37.5,12.5
BP Kruger,1,8,12,1,7,1,0,8.0,66.67,58.33,8.33
E Isaneez,2,8,13,0,5,0,0,8.0,61.54,38.46,0.0
E Bhonkar,4,8,19,4,11,0,0,2.0,42.11,57.89,0.0
SJS Smith,1,8,11,1,6,1,0,8.0,72.73,54.55,9.09
SJ Hughes-Pinan,3,8,12,0,6,1,0,8.0,66.67,50.0,8.33
S Panguluri,1,8,18,1,13,1,0,8.0,44.44,72.22,5.56
Baz Aybui,3,8,24,1,18,0,0,8.0,33.33,75.0,0.0
ZE Matsinhe,3,8,18,2,12,0,0,4.0,44.44,66.67,0.0
Z Evans,3,8,9,2,7,0,1,4.0,88.89,77.78,11.11
DJM Moody,1,8,15,1,8,0,0,8.0,53.33,53.33,0.0
T Ritawa,3,8,10,3,5,1,0,2.67,80.0,50.0,10.0
T Shanmugam,1,8,10,0,5,0,0,8.0,80.0,50.0,0.0
Nazwan Ismail,5,8,20,1,13,0,0,8.0,40.0,65.0,0.0
Fakhrul Mohon,3,8,9,2,6,0,1,4.0,88.89,66.67,11.11
DK Jacobs,1,8,8,1,4,1,0,8.0,100.0,50.0,12.5
NCK Liyanage,3,8,8,2,3,1,0,4.0,100.0,37.5,12.5
RS Gayakwad,5,8,15,2,11,1,0,4.0,53.33,73.33,6.67
S Vaz,2,8,11,1,4,0,0,8.0,72.73,36.36,0.0
S Weleilakeba,1,8,3,1,1,0,1,8.0,266.67,33.33,33.33
S Kalavitigoda,1,8,54,2,50,1,0,4.0,14.81,92.59,1.85
Simranjit Singh,1,8,9,1,3,0,0,8.0,88.89,33.33,0.0
Abdul Salman Khan,2,8,11,1,6,1,0,8.0,72.73,54.55,9.09
KJ Patel,3,8,29,0,24,1,0,8.0,27.59,82.76,3.45
Ashar Zaidi,2,8,16,2,8,0,0,4.0,50.0,50.0,0.0
RK Kiseto,4,8,21,4,14,0,0,2.0,38.1,66.67,0.0
RH Scholte,2,8,31,2,22,0,0,4.0,25.81,70.97,0.0
Charanjeet Singh,1,8,9,0,4,1,0,8.0,88.89,44.44,11.11
J Batinibulu,3,8,18,2,10,0,0,4.0,44.44,55.56,0.0
I Mansaray,3,8,24,2,16,0,0,4.0,33.33,66.67,0.0
Saqlain Mukhtar,3,8,6,0,2,1,0,8.0,133.33,33.33,16.67
D Ramani,3,8,16,1,9,0,0,8.0,50.0,56.25,0.0
JK Reed,1,8,3,0,0,0,1,8.0,266.67,0.0,33.33
K Kekez,3,8,19,2,14,1,0,4.0,42.11,73.68,5.26
K Jack,2,8,13,2,7,0,0,4.0,61.54,53.85,0.0
P Rawat,1,8,4,0,2,2,0,8.0,200.0,50.0,50.0
CP Simpson,1,8,5,0,0,1,0,8.0,160.0,0.0,20.0
P Chopra,1,8,6,1,4,2,0,8.0,133.33,66.67,33.33
K Nagnama,5,8,26,5,21,0,0,1.6,30.77,80.77,0.0
R Edwards,3,8,21,2,13,0,0,4.0,38.1,61.9,0.0
CA Reid,2,8,17,2,13,1,0,4.0,47.06,76.47,5.88
A Dhingra,5,8,8,2,3,1,0,4.0,100.0,37.5,12.5
Kuldeep Singh,3,8,16,3,8,0,0,2.67,50.0,50.0,0.0
A Tripathi,3,8,25,3,20,1,0,2.67,32.0,80.0,4.0
A Ahmadhel,4,8,24,4,20,1,0,2.0,33.33,83.33,4.17
Tayyeb Javed,1,8,5,1,3,2,0,8.0,160.0,60.0,40.0
M Joseph,1,8,7,1,2,1,0,8.0,114.29,28.57,14.29
L Holt,1,8,4,0,2,0,1,8.0,200.0,50.0,25.0
K Dasan,3,8,13,3,6,0,0,2.67,61.54,46.15,0.0
Rizwan Mehmood,1,8,15,1,7,0,0,8.0,53.33,46.67,0.0
Zahid Zadran,3,8,11,3,6,0,0,2.67,72.73,54.55,0.0
K Burrows,2,8,4,1,2,0,1,8.0,200.0,50.0,25.0
W Viraliliu,3,8,10,2,4,0,0,4.0,80.0,40.0,0.0
Asif Iqbal (1),1,8,8,1,6,2,0,8.0,100.0,75.0,25.0
James Bracey,2,8,27,3,23,1,0,2.67,29.63,85.19,3.7
AS Broomfield,3,8,26,1,18,0,0,8.0,30.77,69.23,0.0
Azim Patel,3,8,13,3,9,1,0,2.67,61.54,69.23,7.69
Hazrat Luqman,1,8,6,1,0,0,0,8.0,133.33,0.0,0.0
Rafiulah Alokozai,3,8,11,3,8,0,1,2.67,72.73,72.73,9.09
RO Hurley,2,8,17,2,10,0,0,4.0,47.06,58.82,0.0
Shahzaib Khan,3,8,14,3,9,1,0,2.67,57.14,64.29,7.14
Akash Madhwal,2,8,14,0,7,0,0,8.0,57.14,50.0,0.0
Ronitkumar Ahir,2,8,10,2,3,0,0,4.0,80.0,30.0,0.0
U Sofi,1,8,6,1,3,0,1,8.0,133.33,50.0,16.67
KH Butt,2,8,28,2,21,0,0,4.0,28.57,75.0,0.0
ADJ Pitcher,1,8,12,1,10,0,1,8.0,66.67,83.33,8.33
Mukesh Choudhary,3,8,8,1,4,1,0,8.0,100.0,50.0,12.5
T Tumursukh,8,8,37,6,31,0,0,1.33,21.62,83.78,0.0
TM Srivastava,3,8,11,1,5,0,0,8.0,72.73,45.45,0.0
JB Richards,2,8,15,0,8,0,0,8.0,53.33,53.33,0.0
C Cassell,3,7,11,2,6,0,0,3.5,63.64,54.55,0.0
MT Chinouya,4,7,42,3,39,1,0,2.33,16.67,92.86,2.38
B Dugic,4,7,19,3,13,0,0,2.33,36.84,68.42,0.0
Ahmed Al Zadjali,1,7,5,1,1,1,0,7.0,140.0,20.0,20.0
G Kuthalingham,2,7,12,1,6,0,0,7.0,58.33,50.0,0.0
Zaheer Maqsood,2,7,15,1,10,1,0,7.0,46.67,66.67,6.67
Fazil Rahman,5,7,16,3,12,1,0,2.33,43.75,75.0,6.25
J Drysdale,4,7,11,1,7,1,0,7.0,63.64,63.64,9.09
E Ndubudem,4,7,11,2,7,0,0,3.5,63.64,63.64,0.0
Muhammad Asjed,1,7,7,1,4,1,0,7.0,100.0,57.14,14.29
NA Statham,2,7,44,2,39,0,0,3.5,15.91,88.64,0.0
V Hristov,2,7,11,2,7,0,0,3.5,63.64,63.64,0.0
DYA Davis,2,7,11,1,4,0,0,7.0,63.64,36.36,0.0
Naved Latif,2,7,16,2,10,0,0,3.5,43.75,62.5,0.0
J Matharu,2,7,10,0,6,1,0,7.0,70.0,60.0,10.0
M Ibrahim,7,7,57,6,51,0,0,1.17,12.28,89.47,0.0
BR Hampton,1,7,7,1,3,1,0,7.0,100.0,42.86,14.29
Zeeshan Siddiqi,1,7,21,1,17,1,0,7.0,33.33,80.95,4.76
A Bhargava,2,7,6,1,2,1,0,7.0,116.67,33.33,16.67
S Dhakal,9,7,46,1,41,0,0,7.0,15.22,89.13,0.0
Aftab Hussain,3,7,5,0,1,1,0,7.0,140.0,20.0,20.0
Surinder Singh,1,7,5,0,1,1,0,7.0,140.0,20.0,20.0
L Haskett,2,7,10,1,5,0,0,7.0,70.0,50.0,0.0
PC Connell,3,7,25,2,22,1,0,3.5,28.0,88.0,4.0
Zahoor Ahmad,2,7,20,2,13,0,0,3.5,35.0,65.0,0.0
JN Snape,1,7,11,1,5,0,0,7.0,63.64,45.45,0.0
Mohammed Nadeem,7,7,12,2,8,1,0,3.5,58.33,66.67,8.33
S Savkovic,2,7,11,2,6,0,0,3.5,63.64,54.55,0.0
Saqib Anwar,5,7,25,5,21,1,0,1.4,28.0,84.0,4.0
AR Beadle,1,7,7,1,1,0,0,7.0,100.0,14.29,0.0
AN Ghosh,2,7,8,2,5,1,0,3.5,87.5,62.5,12.5
M Badenhorst,3,7,19,2,12,0,0,3.5,36.84,63.16,0.0
Ankit Soni,3,7,9,2,7,0,1,3.5,77.78,77.78,11.11
UA Birla,1,7,14,1,10,1,0,7.0,50.0,71.43,7.14
LN O'Connor,7,7,24,4,17,0,0,1.75,29.17,70.83,0.0
I Malhotra,1,7,4,0,0,1,0,7.0,175.0,0.0,25.0
VS Malik,2,7,7,1,3,1,0,7.0,100.0,42.86,14.29
WT Gavera,3,7,12,2,9,1,0,3.5,58.33,75.0,8.33
Haroon Shahid,1,7,3,1,1,0,1,7.0,233.33,33.33,33.33
DA Senthil,1,7,15,1,9,0,0,7.0,46.67,60.0,0.0
Mohammad Amir Khan,3,7,13,0,9,1,0,7.0,53.85,69.23,7.69
R Jones,1,7,9,1,4,0,0,7.0,77.78,44.44,0.0
D Siva Kumar,1,7,13,1,9,1,0,7.0,53.85,69.23,7.69
Shakkir Kassim,1,7,8,1,4,1,0,7.0,87.5,50.0,12.5
Muhammad Salman,3,7,12,2,8,1,0,3.5,58.33,66.67,8.33
JB Lintott,4,7,16,2,9,0,0,3.5,43.75,56.25,0.0
TJ Stephenson,1,7,5,0,1,1,0,7.0,140.0,20.0,20.0
ADR Campbell,1,7,25,1,18,0,0,7.0,28.0,72.0,0.0
Lee Hyosin,2,7,14,1,8,0,0,7.0,50.0,57.14,0.0
T Zotos,4,7,9,3,6,1,0,2.33,77.78,66.67,11.11
P Karoho,1,7,10,1,6,1,0,7.0,70.0,60.0,10.0
WCA Ganegama,1,7,8,1,4,1,0,7.0,87.5,50.0,12.5
Adil Amin,1,7,7,0,2,1,0,7.0,100.0,28.57,14.29
V Viyaskanth,2,7,7,0,2,0,0,7.0,100.0,28.57,0.0
R Thapliyal,3,7,18,2,12,0,0,3.5,38.89,66.67,0.0
SKW Kelly,1,7,5,0,2,1,0,7.0,140.0,40.0,20.0
Gaurav Maithani,1,7,7,1,4,1,0,7.0,100.0,57.14,14.29
DSK Madushanka,1,7,6,1,2,1,0,7.0,116.67,33.33,16.67
Aminul Islam Chowdhury,1,7,6,0,2,1,0,7.0,116.67,33.33,16.67
Hasibul Hossain,3,7,22,1,18,0,0,7.0,31.82,81.82,0.0
DM Washington,1,7,25,0,21,1,0,7.0,28.0,84.0,4.0
M Pushpakumara,1,7,19,0,12,0,0,7.0,36.84,63.16,0.0
SN Swamy,4,7,13,2,6,0,0,3.5,53.85,46.15,0.0
SVE Bharathi,6,7,16,4,10,0,0,1.75,43.75,62.5,0.0
M Yambayamba,4,7,13,1,6,0,0,7.0,53.85,46.15,0.0
Tauqeer Hussain,2,6,10,1,6,0,0,6.0,60.0,60.0,0.0
Maiwand Momand,4,6,15,2,10,0,0,3.0,40.0,66.67,0.0
MV Matsau,8,6,20,4,15,0,0,1.5,30.0,75.0,0.0
BC Sahin,2,6,19,2,16,1,0,3.0,31.58,84.21,5.26
Danish Jasnaik,3,6,13,3,8,0,0,2.0,46.15,61.54,0.0
Dane Leo,3,6,18,3,15,1,0,2.0,33.33,83.33,5.56
DV Macome,3,6,10,1,7,1,0,6.0,60.0,70.0,10.0
Aritra Bhakat,2,6,4,1,1,0,0,6.0,150.0,25.0,0.0
T Kahamker,3,6,4,1,1,1,0,6.0,150.0,25.0,25.0
BA Bhatt,2,6,7,1,6,0,1,6.0,85.71,85.71,14.29
Md Shuayeb,3,6,31,2,25,0,0,3.0,19.35,80.65,0.0
S Tarawally,2,6,11,1,7,0,0,6.0,54.55,63.64,0.0
E Frimpong,2,6,4,1,1,1,0,6.0,150.0,25.0,25.0
E Batkhuyag,4,6,13,3,10,1,0,2.0,46.15,76.92,7.69
M Kristensen,1,6,10,1,7,1,0,6.0,60.0,70.0,10.0
Muhammed Basil,3,6,13,3,8,0,0,2.0,46.15,61.54,0.0
KK Hermann,3,6,18,2,15,1,0,3.0,33.33,83.33,5.56
MS Crane,1,6,11,2,6,0,0,3.0,54.55,54.55,0.0
A Curavic,4,6,22,4,17,0,0,1.5,27.27,77.27,0.0
T Ramautar,4,6,23,3,17,0,0,2.0,26.09,73.91,0.0
S Norman,2,6,10,2,5,0,0,3.0,60.0,50.0,0.0
R Mangal,7,6,15,5,9,0,0,1.2,40.0,60.0,0.0
SPS Shikongo,3,6,8,0,3,0,0,6.0,75.0,37.5,0.0
LA Doran,3,6,7,2,4,1,0,3.0,85.71,57.14,14.29
Z McLaughlin,2,6,16,0,10,0,0,6.0,37.5,62.5,0.0
M Stoman,1,6,1,0,0,0,1,6.0,600.0,0.0,100.0
Basiru Jaye,1,6,4,1,2,1,0,6.0,150.0,50.0,25.0
Noorullah Sidiqi,1,6,1,0,0,0,1,6.0,600.0,0.0,100.0
Absar Khan,2,6,9,1,4,0,0,6.0,66.67,44.44,0.0
L Mcfadzean,1,6,2,0,1,0,1,6.0,300.0,50.0,50.0
Faizan Mumtaz,3,6,15,3,11,0,0,2.0,40.0,73.33,0.0
Shoaib Khan jnr,2,6,12,2,9,0,0,3.0,50.0,75.0,0.0
V Dhaniram,1,6,2,0,1,0,1,6.0,300.0,50.0,50.0
Shiva Mani,1,6,7,0,1,0,0,6.0,85.71,14.29,0.0
Baljinder Singh,1,6,7,1,4,1,0,6.0,85.71,57.14,14.29
S Gasteratos,2,6,12,2,9,1,0,3.0,50.0,75.0,8.33
Q Utmanzai,1,6,9,1,3,0,0,6.0,66.67,33.33,0.0
JD Alembe,4,6,13,3,11,1,0,2.0,46.15,84.62,7.69
O Touray,2,6,8,2,4,0,0,3.0,75.0,50.0,0.0
M Abdulla,2,6,13,2,7,0,0,3.0,46.15,53.85,0.0
AS Kumaran,2,6,6,2,3,1,0,3.0,100.0,50.0,16.67
JK Mukhiya,2,6,12,1,6,0,0,6.0,50.0,50.0,0.0
SRMJJ Arachchilage,2,6,12,1,7,0,0,6.0,50.0,58.33,0.0
SS Shaikh,1,6,7,1,4,1,0,6.0,85.71,57.14,14.29
SS Shukla,2,6,11,1,6,0,0,6.0,54.55,54.55,0.0
C Trott,5,6,14,2,8,0,0,3.0,42.86,57.14,0.0
Fazalhaq Farooqi,8,6,21,3,15,0,0,2.0,28.57,71.43,0.0
IY Levy,2,6,12,0,8,0,0,6.0,50.0,66.67,0.0
TA Khetsi,3,6,10,3,7,1,0,2.0,60.0,70.0,10.0
K Juma,5,6,9,4,6,1,0,1.5,66.67,66.67,11.11
K Fletcher,4,6,17,2,12,0,0,3.0,35.29,70.59,0.0
Reon King,2,6,22,0,17,0,0,6.0,27.27,77.27,0.0
V Ateak,2,6,15,1,10,0,0,6.0,40.0,66.67,0.0
Mohamed Khan,3,6,6,2,3,1,0,3.0,100.0,50.0,16.67
LM Edward,1,6,6,0,3,1,0,6.0,100.0,50.0,16.67
CV Ranasinghe,3,6,13,2,7,0,0,3.0,46.15,53.85,0.0
Muhammad Riazullah,1,6,9,1,3,0,0,6.0,66.67,33.33,0.0
Vinay Iyer,1,6,10,1,7,1,0,6.0,60.0,70.0,10.0
S Rengarajan,1,6,12,0,6,0,0,6.0,50.0,50.0,0.0
PV Naringrekar,5,6,16,4,10,0,0,1.5,37.5,62.5,0.0
Izharulhaq Naveed,4,6,11,2,5,0,0,3.0,54.55,45.45,0.0
W Dlamini,2,6,12,2,6,0,0,3.0,50.0,50.0,0.0
W Ngowhuad,8,6,18,4,13,0,0,1.5,33.33,72.22,0.0
JW Chilia,3,6,9,0,3,0,0,6.0,66.67,33.33,0.0
SB Joshi,2,6,14,2,8,0,0,3.0,42.86,57.14,0.0
Saransh Jain,1,6,8,1,6,1,0,6.0,75.0,75.0,12.5
MP Yadav,2,6,6,1,3,1,0,6.0,100.0,50.0,16.67
J Blades,5,6,19,1,13,0,0,6.0,31.58,68.42,0.0
Sai Hla Htwe,2,6,10,0,5,0,0,6.0,60.0,50.0,0.0
JN Kalita,4,6,8,2,3,0,0,3.0,75.0,37.5,0.0
MQ Sheikh,2,6,20,2,15,0,0,3.0,30.0,75.0,0.0
John Bartlett,2,6,16,2,11,0,0,3.0,37.5,68.75,0.0
A Gupta,3,6,8,1,3,0,0,6.0,75.0,37.5,0.0
A Gulati,2,6,4,1,2,1,0,6.0,150.0,50.0,25.0
Mohammad Taha,2,6,11,2,6,0,0,3.0,54.55,54.55,0.0
AM Ghazanfar,3,6,11,1,6,0,0,6.0,54.55,54.55,0.0
PA Desai,2,6,19,0,13,0,0,6.0,31.58,68.42,0.0
S Draunivudi,1,6,4,0,2,1,0,6.0,150.0,50.0,25.0
Syed Faridoun,1,6,5,0,2,1,0,6.0,120.0,40.0,20.0
Zhao Tianle,6,6,28,6,22,0,0,1.0,21.43,78.57,0.0
BAC Howell,5,5,8,3,4,0,0,1.67,62.5,50.0,0.0
Komal Zanzad,1,5,7,0,2,0,0,5.0,71.43,28.57,0.0
T Bhatia,5,5,17,4,12,0,0,1.25,29.41,70.59,0.0
PDRL Perera,4,5,9,2,4,0,0,2.5,55.56,44.44,0.0
Ismail Sardar,2,5,16,2,12,0,0,2.5,31.25,75.0,0.0
TCR Kimber,3,5,13,3,8,0,0,1.67,38.46,61.54,0.0
Joshua Asia,7,5,19,5,15,0,0,1.0,26.32,78.95,0.0
Rohan Bhavesh Patel,2,5,8,0,3,0,0,5.0,62.5,37.5,0.0
MJ Fourie,2,5,12,1,7,0,0,5.0,41.67,58.33,0.0
Ma Qiancheng,8,5,48,6,43,0,0,0.83,10.42,89.58,0.0
RJ Gleeson,7,5,11,4,8,0,0,1.25,45.45,72.73,0.0
Khawar Zafar,1,5,3,1,1,1,0,5.0,166.67,33.33,33.33
S Elayaperumal,4,5,21,4,16,0,0,1.25,23.81,76.19,0.0
Sakib Hussain,1,5,7,0,5,1,0,5.0,71.43,71.43,14.29
N Kruger,1,5,20,1,17,0,0,5.0,25.0,85.0,0.0
M Mwamadi,3,5,10,0,5,0,0,5.0,50.0,50.0,0.0
Saurabh Kumar,4,5,26,4,21,0,0,1.25,19.23,80.77,0.0
P Bhart,4,5,25,2,20,0,0,2.5,20.0,80.0,0.0
Ashish Rana,2,5,8,1,4,0,0,5.0,62.5,50.0,0.0
JP Cabrera,1,5,5,0,3,1,0,5.0,100.0,60.0,20.0
Sadat Said,1,5,2,0,0,1,0,5.0,250.0,0.0,50.0
MH Oman,3,5,21,2,16,0,0,2.5,23.81,76.19,0.0
MD Garratt,2,5,18,2,14,0,0,2.5,27.78,77.78,0.0
Ikbal Hossain,1,5,3,0,1,1,0,5.0,166.67,33.33,33.33
M Ansari,3,5,9,0,3,0,0,5.0,55.56,33.33,0.0
P Taylor,1,5,7,1,3,0,0,5.0,71.43,42.86,0.0
RK Whelan,2,5,12,2,10,1,0,2.5,41.67,83.33,8.33
Tanbir Hayder,2,5,16,2,11,0,0,2.5,31.25,68.75,0.0
Adnan Anwar,1,5,2,0,0,1,0,5.0,250.0,0.0,50.0
Sagor Hossain,2,5,12,2,7,0,0,2.5,41.67,58.33,0.0
N Fernandes,1,5,13,1,8,0,0,5.0,38.46,61.54,0.0
Asif Javed,1,5,4,1,2,1,0,5.0,125.0,50.0,25.0
SK Gedara,1,5,5,0,1,0,0,5.0,100.0,20.0,0.0
S Franklin,1,5,6,1,2,0,0,5.0,83.33,33.33,0.0
T Cross,1,5,10,1,6,0,0,5.0,50.0,60.0,0.0
NA Gordon,3,5,9,2,7,1,0,2.5,55.56,77.78,11.11
Mansoor Amjad,1,5,10,1,5,0,0,5.0,50.0,50.0,0.0
SJ Srivastava,4,5,5,1,1,0,0,5.0,100.0,20.0,0.0
Dhananjay Rao,3,5,8,3,5,0,0,1.67,62.5,62.5,0.0
Naumanullah,1,5,4,1,2,1,0,5.0,125.0,50.0,25.0
Mansoor Shah,3,5,7,2,3,0,0,2.5,71.43,42.86,0.0
Kamal Raiz,1,5,10,1,5,0,0,5.0,50.0,50.0,0.0
G Snyman,4,5,9,4,7,1,0,1.25,55.56,77.78,11.11
Raja Adeel,6,5,13,4,9,0,0,1.25,38.46,69.23,0.0
G Riley,3,5,22,3,18,0,0,1.67,22.73,81.82,0.0
Muhammad Saqlain,7,5,17,5,15,1,0,1.0,29.41,88.24,5.88
T Sumiya,4,5,25,2,22,0,0,2.5,20.0,88.0,0.0
JA Chohan,1,5,4,0,2,1,0,5.0,125.0,50.0,25.0
JD Smith,1,5,9,1,4,0,0,5.0,55.56,44.44,0.0
Ashwani Kumari,1,5,5,1,1,0,0,5.0,100.0,20.0,0.0
TJ Ramphoma,2,5,8,2,5,0,0,2.5,62.5,62.5,0.0
Arshad Iqbal,6,5,13,3,8,0,0,1.67,38.46,61.54,0.0
Arshad Khan (2),1,5,4,1,2,1,0,5.0,125.0,50.0,25.0
Ankit Dubey,1,5,3,0,0,0,0,5.0,166.67,0.0,0.0
SG Whittingham,3,5,14,2,10,0,0,2.5,35.71,71.43,0.0
Husnain Kabeer,1,5,6,1,3,0,0,5.0,83.33,50.0,0.0
Musa Khan Ahmadzai,4,5,12,1,8,0,0,5.0,41.67,66.67,0.0
Miguel Silva,2,5,5,1,2,0,0,5.0,100.0,40.0,0.0
O Isiyaku,2,5,14,0,10,0,0,5.0,35.71,71.43,0.0
RT Crandon,1,5,9,1,7,1,0,5.0,55.56,77.78,11.11
RT Lyons,2,5,5,1,3,1,0,5.0,100.0,60.0,20.0
R Mbaiwa,2,5,14,2,10,0,0,2.5,35.71,71.43,0.0
VRB Arachchige,1,5,3,0,1,1,0,5.0,166.67,33.33,33.33
Ajhar Alam,3,5,11,2,6,0,0,2.5,45.45,54.55,0.0
Mohammad Khalil,1,5,23,2,21,1,0,2.5,21.74,91.3,4.35
DE Johnson,3,5,5,2,3,1,0,2.5,100.0,60.0,20.0
D Svilicic,4,5,15,2,10,0,0,2.5,33.33,66.67,0.0
AZ Shah,2,5,17,1,12,0,0,5.0,29.41,70.59,0.0
Aminullah Tanha,4,5,20,4,18,1,0,1.25,25.0,90.0,5.0
Luo Shilin,7,5,36,4,29,0,0,1.25,13.89,80.56,0.0
LP Kasturiarachchige,1,5,3,0,1,1,0,5.0,166.67,33.33,33.33
EDS Pimheiro,6,5,31,4,26,0,0,1.25,16.13,83.87,0.0
D Kegasitswe,2,5,11,0,7,0,0,5.0,45.45,63.64,0.0
Aijaz Ali,2,5,11,2,8,1,0,2.5,45.45,72.73,9.09
LW Potthoff,1,5,9,0,5,0,0,5.0,55.56,55.56,0.0
P Abhijit,2,5,9,2,7,1,0,2.5,55.56,77.78,11.11
P Awana,5,5,14,2,9,0,0,2.5,35.71,64.29,0.0
Bashir Ahmad,1,5,4,1,2,1,0,5.0,125.0,50.0,25.0
B Vakatini,3,5,9,3,6,0,0,1.67,55.56,66.67,0.0
YJC Altamirano,5,5,20,4,16,0,0,1.25,25.0,80.0,0.0
Asad Mohammad,1,5,5,1,3,1,0,5.0,100.0,60.0,20.0
Sivakumar,2,5,10,0,6,0,0,5.0,50.0,60.0,0.0
Kalyan Manne,1,5,3,1,1,1,0,5.0,166.67,33.33,33.33
S Bogdos,3,5,21,3,17,0,0,1.67,23.81,80.95,0.0
M Sidibe,3,5,21,3,19,1,0,1.67,23.81,90.48,4.76
T Natarajan,4,5,16,0,11,0,0,5.0,31.25,68.75,0.0
S Waqabaca,3,5,20,0,16,0,0,5.0,25.0,80.0,0.0
Nouman Butt,1,5,10,1,8,1,0,5.0,50.0,80.0,10.0
Norman Sankar,2,5,12,2,10,1,0,2.5,41.67,83.33,8.33
MKDI Amerasinghe,4,5,32,0,30,1,0,5.0,15.62,93.75,3.12
Badal Singh,1,5,12,1,7,0,0,5.0,41.67,58.33,0.0
Arif Ullah,1,5,6,0,4,1,0,5.0,83.33,66.67,16.67
J Proctor,3,5,18,2,15,0,0,2.5,27.78,83.33,0.0
NB Budayair,2,5,16,2,11,0,0,2.5,31.25,68.75,0.0
NAM McLean,1,5,7,1,3,0,0,5.0,71.43,42.86,0.0
Mokbul Ahammed,1,5,16,1,11,0,0,5.0,31.25,68.75,0.0
Mohsin Zaki,2,5,9,0,5,0,0,5.0,55.56,55.56,0.0
Bipin Kumar,2,5,12,2,7,0,0,2.5,41.67,58.33,0.0
Greg Scott,1,5,14,1,9,0,0,5.0,35.71,64.29,0.0
R Johnson,2,5,10,2,8,1,0,2.5,50.0,80.0,10.0
DL Richards,2,5,5,1,3,1,0,5.0,100.0,60.0,20.0
J Sebanja,4,5,8,3,3,0,0,1.67,62.5,37.5,0.0
M Musinguzi,1,4,4,0,2,0,0,4.0,100.0,50.0,0.0
Muhammad Jabir,7,4,21,3,18,0,0,1.33,19.05,85.71,0.0
RW Staple,2,4,11,2,10,1,0,2.0,36.36,90.91,9.09
PR Brown,1,4,9,0,5,0,0,4.0,44.44,55.56,0.0
D Mullen,2,4,5,1,2,0,0,4.0,80.0,40.0,0.0
FN Walsh,2,4,7,1,3,0,0,4.0,57.14,42.86,0.0
TA Lammonby,4,4,8,4,5,0,0,1.0,50.0,62.5,0.0
RJ Ramjiawan,1,4,8,1,5,0,0,4.0,50.0,62.5,0.0
Hardeep Singh,1,4,1,0,0,1,0,4.0,400.0,0.0,100.0
L Nyarko,3,4,6,2,5,1,0,2.0,66.67,83.33,16.67
A van der Merwe,1,4,4,0,0,0,0,4.0,100.0,0.0,0.0
A Uniyal,2,4,7,1,3,0,0,4.0,57.14,42.86,0.0
A Tomar,1,4,8,1,7,1,0,4.0,50.0,87.5,12.5
MWA van Nierop,1,4,14,1,13,1,0,4.0,28.57,92.86,7.14
Syed Ali Gillani,2,4,4,0,0,0,0,4.0,100.0,0.0,0.0
Yash Dayal,4,4,9,3,6,0,0,1.33,44.44,66.67,0.0
A Chandila,2,4,7,0,3,0,0,4.0,57.14,42.86,0.0
N Advani,4,4,13,3,9,0,0,1.33,30.77,69.23,0.0
Khalander Mustafa,1,4,1,0,0,1,0,4.0,400.0,0.0,100.0
Naiem Bameri,1,4,15,1,10,0,0,4.0,26.67,66.67,0.0
D Faletar,3,4,15,2,14,1,0,2.0,26.67,93.33,6.67
N Katechis,2,4,17,1,13,0,0,4.0,23.53,76.47,0.0
J Giyanani,1,4,5,1,2,0,0,4.0,80.0,40.0,0.0
Saqib Khan,1,4,2,1,1,1,0,4.0,200.0,50.0,50.0
Adnan Tahir,1,4,5,1,2,0,0,4.0,80.0,40.0,0.0
Aue Oru,1,4,11,1,7,0,0,4.0,36.36,63.64,0.0
Cihan Altun,1,4,2,1,1,1,0,4.0,200.0,50.0,50.0
Kaung Ko Ko,2,4,6,1,3,0,0,4.0,66.67,50.0,0.0
Kaung Htet Kyaw,2,4,10,2,6,0,0,2.0,40.0,60.0,0.0
Alfredo Puentes,1,4,14,0,10,0,0,4.0,28.57,71.43,0.0
ML Lewis,1,4,4,0,1,0,0,4.0,100.0,25.0,0.0
MR Dorgan,1,4,9,1,6,0,0,4.0,44.44,66.67,0.0
Altaf Gill,2,4,18,2,15,0,0,2.0,22.22,83.33,0.0
Talha Jubair,1,4,8,0,7,1,0,4.0,50.0,87.5,12.5
Mohammad Umar,4,4,13,3,8,0,0,1.33,30.77,61.54,0.0
Rizwan Mangera,3,4,22,3,18,0,0,1.33,18.18,81.82,0.0
J Chaturanga,2,4,7,2,4,0,0,2.0,57.14,57.14,0.0
Sarandeep Singh,1,4,16,1,13,0,0,4.0,25.0,81.25,0.0
Saqib Naveed,1,4,14,0,10,0,0,4.0,28.57,71.43,0.0
Shagharai Sefat,2,4,10,2,6,0,0,2.0,40.0,60.0,0.0
CA Philipson,2,4,15,2,11,0,0,2.0,26.67,73.33,0.0
CK Hooper,2,4,3,2,2,1,0,2.0,133.33,66.67,33.33
K Moses,2,4,6,1,3,0,0,4.0,66.67,50.0,0.0
CR Suryawanshi,2,4,6,2,2,0,0,2.0,66.67,33.33,0.0
AK Ahir,1,4,5,1,1,0,0,4.0,80.0,20.0,0.0
KA Bazil,3,4,12,3,8,0,0,1.33,33.33,66.67,0.0
Waqar Ali,3,4,6,1,2,0,0,4.0,66.67,33.33,0.0
JF Bangura,1,4,10,1,7,0,0,4.0,40.0,70.0,0.0
Munthir Al Balushi,1,4,9,1,5,0,0,4.0,44.44,55.56,0.0
KDACK Gunarathne,3,4,18,2,14,0,0,2.0,22.22,77.78,0.0
Shan Siddiqui,1,4,3,1,2,1,0,4.0,133.33,66.67,33.33
DE Martel,2,4,8,1,4,0,0,4.0,50.0,50.0,0.0
A Karn,1,4,7,1,4,0,0,4.0,57.14,57.14,0.0
K Thuchila,8,4,14,5,10,0,0,0.8,28.57,71.43,0.0
ADL Stokoe,1,4,9,1,7,0,0,4.0,44.44,77.78,0.0
Priya Mishra,4,4,14,2,10,0,0,2.0,28.57,71.43,0.0
JE Scott,2,4,7,2,4,0,0,2.0,57.14,57.14,0.0
LN Roche,2,4,10,2,6,0,0,2.0,40.0,60.0,0.0
Lemar Momand,3,4,10,1,6,0,0,4.0,40.0,60.0,0.0
Lovedeep Singh,4,4,9,3,5,0,0,1.33,44.44,55.56,0.0
Mohammad Irfan (5),2,4,3,1,2,1,0,4.0,133.33,66.67,33.33
MG Gale,2,4,10,0,7,0,0,4.0,40.0,70.0,0.0
N Thushara,9,4,27,1,24,0,0,4.0,14.81,88.89,0.0
H Durham,1,4,14,1,11,0,0,4.0,28.57,78.57,0.0
S Baker,2,4,46,2,45,1,0,2.0,8.7,97.83,2.17
C Tchale,4,4,9,4,8,1,0,1.0,44.44,88.89,11.11
IW Budiarta,3,4,5,2,4,1,0,2.0,80.0,80.0,20.0
D Simpson,1,4,5,1,2,0,0,4.0,80.0,40.0,0.0
M Manivannan,1,4,7,0,6,1,0,4.0,57.14,85.71,14.29
H Klazinge,5,4,8,2,4,0,0,2.0,50.0,50.0,0.0
Ravi Singh,1,4,2,1,1,1,0,4.0,200.0,50.0,50.0
V Nagpaul,2,4,6,1,3,0,0,4.0,66.67,50.0,0.0
Neeraj Mishra,3,4,9,2,8,1,0,2.0,44.44,88.89,11.11
LKW Ezechiel,4,4,25,3,22,0,0,1.33,16.0,88.0,0.0
DK Dahani,1,4,3,1,2,1,0,4.0,133.33,66.67,33.33
VAB Tewarie,1,4,22,1,18,0,0,4.0,18.18,81.82,0.0
Gaba Frank,1,4,8,1,5,0,0,4.0,50.0,62.5,0.0
R Parkin,2,4,4,2,3,1,0,2.0,100.0,75.0,25.0
DT Doram,3,4,6,0,3,0,0,4.0,66.67,50.0,0.0
MKGCP Lakshitha,1,4,6,1,3,0,0,4.0,66.67,50.0,0.0
SR Dubey,1,4,2,0,1,1,0,4.0,200.0,50.0,50.0
Farhan Ahmed,1,4,8,1,4,0,0,4.0,50.0,50.0,0.0
Guillermo Aburto,2,4,10,2,9,1,0,2.0,40.0,90.0,10.0
S Tyagi,3,4,6,1,2,0,0,4.0,66.67,33.33,0.0
RS Sodhi,1,4,2,0,1,1,0,4.0,200.0,50.0,50.0
DV Gujjar,2,4,4,1,1,0,0,4.0,100.0,25.0,0.0
Arif Hosen,6,4,29,6,26,0,0,0.67,13.79,89.66,0.0
J Kemp,2,4,7,2,3,0,0,2.0,57.14,42.86,0.0
J Khadka,4,4,10,1,6,0,0,4.0,40.0,60.0,0.0
J Kunnanchirakkal,4,4,6,2,2,0,0,2.0,66.67,33.33,0.0
V Mitari,5,4,11,3,7,0,0,1.33,36.36,63.64,0.0
M Fumba,1,4,10,1,6,0,0,4.0,40.0,60.0,0.0
Simba Mbaki,1,4,7,1,4,0,0,4.0,57.14,57.14,0.0
Bikram Sob,4,4,17,3,13,0,0,1.33,23.53,76.47,0.0
Bhumeshswar Jagroo,2,4,8,1,7,1,0,4.0,50.0,87.5,12.5
T Makaya,3,4,6,2,5,1,0,2.0,66.67,83.33,16.67
B Leo,3,4,12,1,8,0,0,4.0,33.33,66.67,0.0
Du Jianyao,2,4,12,2,8,0,0,2.0,33.33,66.67,0.0
R Wilson,1,4,16,2,15,1,0,2.0,25.0,93.75,6.25
Zikria Islam,4,4,15,2,12,0,0,2.0,26.67,80.0,0.0
Komang Putra,1,4,6,0,3,0,0,4.0,66.67,50.0,0.0
BB Seebaran,2,4,13,1,10,0,0,4.0,30.77,76.92,0.0
A Andrews,1,4,6,1,5,1,0,4.0,66.67,83.33,16.67
Zwe Htet Paing,2,3,6,1,3,0,0,3.0,50.0,50.0,0.0
MM Sarwar,1,3,3,1,1,0,0,3.0,100.0,33.33,0.0
B Lewis,3,3,8,1,5,0,0,3.0,37.5,62.5,0.0
BLCS Kumara,2,3,7,2,5,0,0,1.5,42.86,71.43,0.0
MK Gnanasekaram,1,3,5,1,2,0,0,3.0,60.0,40.0,0.0
MJ Tugaga,2,3,3,1,1,0,0,3.0,100.0,33.33,0.0
MC Bascombe,1,3,7,1,5,0,0,3.0,42.86,71.43,0.0
Mohit Sharma,2,3,6,2,4,0,0,1.5,50.0,66.67,0.0
Z Motara,2,3,5,2,2,0,0,1.5,60.0,40.0,0.0
M Perry,1,3,3,0,1,0,0,3.0,100.0,33.33,0.0
Muhammad Tahir,1,3,10,1,8,0,0,3.0,30.0,80.0,0.0
Muhammed Imran,5,3,12,2,10,0,0,1.5,25.0,83.33,0.0
M Janicijevic,3,3,5,1,2,0,0,3.0,60.0,40.0,0.0
M Faheem,3,3,7,3,4,0,0,1.0,42.86,57.14,0.0
Yash Singh,1,3,12,1,9,0,0,3.0,25.0,75.0,0.0
Lwin Maw,1,3,5,1,3,0,0,3.0,60.0,60.0,0.0
LR Morris,5,3,13,4,10,0,0,0.75,23.08,76.92,0.0
A Shamshudeen,1,3,28,1,25,0,0,3.0,10.71,89.29,0.0
L Mutale,2,3,5,1,2,0,0,3.0,60.0,40.0,0.0
LD Hearne,2,3,8,2,6,0,0,1.5,37.5,75.0,0.0
NL Ujawe,3,3,4,1,1,0,0,3.0,75.0,25.0,0.0
L Senokwane,1,3,36,1,34,0,0,3.0,8.33,94.44,0.0
B Passoni,1,3,11,0,7,0,0,3.0,27.27,63.64,0.0
Bashir Shah,4,3,7,1,4,0,0,3.0,42.86,57.14,0.0
Basharat Hussain,3,3,15,1,12,0,0,3.0,20.0,80.0,0.0
BS Dean,1,3,6,1,4,0,0,3.0,50.0,66.67,0.0
KMC Bandara,2,3,7,0,4,0,0,3.0,42.86,57.14,0.0
KK Sharma,2,3,8,1,5,0,0,3.0,37.5,62.5,0.0
O Duff,4,3,15,4,14,0,0,0.75,20.0,93.33,0.0
Wang Qi,4,3,16,3,13,0,0,1.0,18.75,81.25,0.0
KHRK Fernando,2,3,14,1,11,0,0,3.0,21.43,78.57,0.0
KK Dobell,2,3,6,1,3,0,0,3.0,50.0,50.0,0.0
KAB Hynam-Nyberg,2,3,4,1,2,0,0,3.0,75.0,50.0,0.0
AD Fofana,3,3,18,3,15,0,0,1.0,16.67,83.33,0.0
WT Mubayiwa,1,3,4,0,1,0,0,3.0,75.0,25.0,0.0
K Namchaikul,5,3,14,4,11,0,0,0.75,21.43,78.57,0.0
P Desungnoen,1,3,4,1,1,0,0,3.0,75.0,25.0,0.0
C Stephenson,3,3,15,3,13,0,0,1.0,20.0,86.67,0.0
P Madhukar,2,3,8,1,5,0,0,3.0,37.5,62.5,0.0
P Jirapatananukul,2,3,11,2,8,0,0,1.5,27.27,72.73,0.0
P Rowe,1,3,6,1,3,0,0,3.0,50.0,50.0,0.0
AL Fekete,4,3,12,2,9,0,0,1.5,25.0,75.0,0.0
AMA Dewar,1,3,3,0,1,0,0,3.0,100.0,33.33,0.0
Joshep Zulu,2,3,7,0,5,0,0,3.0,42.86,71.43,0.0
K Gaston,3,3,5,0,2,0,0,3.0,60.0,40.0,0.0
JR Lennox,5,3,24,2,21,0,0,1.5,12.5,87.5,0.0
PP Hinge,2,3,9,1,7,0,0,3.0,33.33,77.78,0.0
Vinod Kumar,1,3,4,1,1,0,0,3.0,75.0,25.0,0.0
JJ Esmeijer,2,3,15,1,12,0,0,3.0,20.0,80.0,0.0
Q Stephens,5,3,13,4,10,0,0,0.75,23.08,76.92,0.0
Preeti Bose,2,3,9,0,6,0,0,3.0,33.33,66.67,0.0
Prashant Shukla,1,3,4,0,2,0,0,3.0,75.0,50.0,0.0
CK Tshuma,2,3,31,3,29,0,0,1.0,9.68,93.55,0.0
CK Kruger,2,3,20,2,17,0,0,1.5,15.0,85.0,0.0
Shahab Alam,4,3,7,2,5,0,0,1.5,42.86,71.43,0.0
AT Chuvale,1,3,8,0,5,0,0,3.0,37.5,62.5,0.0
R Broaster,1,3,7,1,5,0,0,3.0,42.86,71.43,0.0
R Brar,3,3,7,2,4,0,0,1.5,42.86,57.14,0.0
R Olipa,1,3,4,1,1,0,0,3.0,75.0,25.0,0.0
R Ninan,1,3,6,1,2,0,0,3.0,50.0,33.33,0.0
J Moondra,2,3,3,0,0,0,0,3.0,100.0,0.0,0.0
RA Wiggins,1,3,6,1,4,0,0,3.0,50.0,66.67,0.0
Imran Yousaf,2,3,6,1,3,0,0,3.0,50.0,50.0,0.0
Ibrahim Karim,2,3,6,2,3,0,0,1.5,50.0,50.0,0.0
IGTR Kumara,1,3,12,1,10,0,0,3.0,25.0,83.33,0.0
IGTP Wiguna,1,3,9,0,6,0,0,3.0,33.33,66.67,0.0
TCW Veillard,1,3,5,0,2,0,0,3.0,60.0,40.0,0.0
Salman Sharjeel,2,3,4,1,1,0,0,3.0,75.0,25.0,0.0
Samiallah Khalil,2,3,6,2,4,0,0,1.5,50.0,66.67,0.0
Saqlain Ali,2,3,7,2,4,0,0,1.5,42.86,57.14,0.0
Hwanhee Lee,1,3,6,1,3,0,0,3.0,50.0,50.0,0.0
Rahim Khan,1,3,5,0,2,0,0,3.0,60.0,40.0,0.0
Hassan Nasir,1,3,3,0,1,0,0,3.0,100.0,33.33,0.0
Rajab Hussain,2,3,6,1,3,0,0,3.0,50.0,50.0,0.0
Ahmad Ullah,2,3,7,0,4,0,0,3.0,42.86,57.14,0.0
Umer Khan,4,3,8,3,5,0,0,1.0,37.5,62.5,0.0
Umair Safi,1,3,2,0,0,0,0,3.0,150.0,0.0,0.0
Raunaq Kapur,1,3,5,1,2,0,0,3.0,60.0,40.0,0.0
Haroon Mughal,3,3,8,3,5,0,0,1.0,37.5,62.5,0.0
Akeem Jordan,1,3,6,0,3,0,0,3.0,50.0,50.0,0.0
HK Olonga,1,3,12,1,9,0,0,3.0,25.0,75.0,0.0
H Hajnic,3,3,42,2,38,0,0,1.5,7.14,90.48,0.0
D Gamage,2,3,10,1,7,0,0,3.0,30.0,70.0,0.0
D Dawa,2,3,7,0,4,0,0,3.0,42.86,57.14,0.0
D Bourne,1,3,6,1,3,0,0,3.0,50.0,50.0,0.0
H Pile,2,3,8,1,6,0,0,3.0,37.5,75.0,0.0
Ajay Kumar,2,3,9,1,6,0,0,3.0,33.33,66.67,0.0
S Dadswell,1,3,4,1,1,0,0,3.0,75.0,25.0,0.0
GJP Kruger,3,3,15,2,13,0,0,1.5,20.0,86.67,0.0
G Sultana,3,3,7,1,4,0,0,3.0,42.86,57.14,0.0
TS Muyeye,1,3,7,1,4,0,0,3.0,42.86,57.14,0.0
SA van Breda,1,3,8,1,5,0,0,3.0,37.5,62.5,0.0
SD Parry,2,3,3,1,1,0,0,3.0,100.0,33.33,0.0
SD Bahadur,2,3,4,1,2,0,0,3.0,75.0,50.0,0.0
E Walker,4,3,19,0,16,0,0,3.0,15.79,84.21,0.0
E Samson,2,3,3,1,1,0,0,3.0,100.0,33.33,0.0
SK Lahiri,2,3,7,1,5,0,0,3.0,42.86,71.43,0.0
DS Rathi,3,3,8,1,5,0,0,3.0,37.5,62.5,0.0
DOD Rikhi,1,3,6,1,4,0,0,3.0,50.0,66.67,0.0
TK Lal,1,3,2,0,0,0,0,3.0,150.0,0.0,0.0
D Soraine,2,3,9,2,6,0,0,1.5,33.33,66.67,0.0
ST de Silva,2,3,7,2,5,0,0,1.5,42.86,71.43,0.0
D Kalyankrishna,1,3,8,1,5,0,0,3.0,37.5,62.5,0.0
BA Murphy,2,3,11,2,8,0,0,1.5,27.27,72.73,0.0
A Chenthamara,2,3,12,0,10,0,0,3.0,25.0,83.33,0.0
Syed Jawad Haider,1,2,5,1,3,0,0,2.0,40.0,60.0,0.0
A Bhattarai,1,2,3,1,1,0,0,2.0,66.67,33.33,0.0
A Bhagwat,3,2,9,3,7,0,0,0.67,22.22,77.78,0.0
Mihir Patel,1,2,2,1,1,0,0,2.0,100.0,50.0,0.0
Mobashar Ashraf,1,2,4,1,2,0,0,2.0,50.0,50.0,0.0
MW Archer,1,2,9,1,7,0,0,2.0,22.22,77.78,0.0
MS Tshabalala,1,2,3,0,1,0,0,2.0,66.67,33.33,0.0
W Kokaua,1,2,4,0,2,0,0,2.0,50.0,50.0,0.0
PG Gillespie,2,2,11,2,9,0,0,1.0,18.18,81.82,0.0
Sareer Shah,4,2,6,2,4,0,0,1.0,33.33,66.67,0.0
Jandu Hamoud,1,2,4,1,2,0,0,2.0,50.0,50.0,0.0
K Fubler,1,2,2,0,1,0,0,2.0,100.0,50.0,0.0
Junaed Mullah,1,2,12,1,10,0,0,2.0,16.67,83.33,0.0
DJ Terbrugge,1,2,25,2,22,0,0,1.0,8.0,88.0,0.0
DKD Warnakulasuriya,2,2,13,1,11,0,0,2.0,15.38,84.62,0.0
DV Malewar,2,2,5,2,3,0,0,1.0,40.0,60.0,0.0
Mario Ovalle,1,2,8,1,6,0,0,2.0,25.0,75.0,0.0
Matthew Walker,2,2,5,1,3,0,0,2.0,40.0,60.0,0.0
D Mogan,1,2,8,1,6,0,0,2.0,25.0,75.0,0.0
K Kamyuka,1,2,2,1,1,0,0,2.0,100.0,50.0,0.0
Qi Shuai,1,2,2,1,0,0,0,2.0,100.0,0.0,0.0
VS Yeligati,1,2,2,1,1,0,0,2.0,100.0,50.0,0.0
Shahrukh Quddus,3,2,5,0,3,0,0,2.0,40.0,60.0,0.0
AK Mandal,1,2,9,1,7,0,0,2.0,22.22,77.78,0.0
AJ Parmar,5,2,8,1,5,0,0,2.0,25.0,62.5,0.0
Brijesh Sharma,2,2,4,0,2,0,0,2.0,50.0,50.0,0.0
Mongdara Sok,5,2,9,2,7,0,0,1.0,22.22,77.78,0.0
Z Marosy,1,2,2,0,1,0,0,2.0,100.0,50.0,0.0
A Kansonkho,2,2,5,2,4,0,0,1.0,40.0,80.0,0.0
Mohomed Saddam,2,2,11,2,9,0,0,1.0,18.18,81.82,0.0
SJ Patel,4,2,11,3,9,0,0,0.67,18.18,81.82,0.0
E Leie,1,2,2,0,1,0,0,2.0,100.0,50.0,0.0
E Masuku,1,2,10,1,8,0,0,2.0,20.0,80.0,0.0
SFS Cheema,4,2,8,4,6,0,0,0.5,25.0,75.0,0.0
TO Thilappan,3,2,9,3,7,0,0,0.67,22.22,77.78,0.0
Anskumar Ahir,1,2,6,0,4,0,0,2.0,33.33,66.67,0.0
C Archibald,2,2,8,2,6,0,0,1.0,25.0,75.0,0.0
R Lekai,1,2,2,1,0,0,0,2.0,100.0,0.0,0.0
JAC Cubas,1,2,6,1,5,0,0,2.0,33.33,83.33,0.0
Aarnav Patel,2,2,7,0,5,0,0,2.0,28.57,71.43,0.0
Aakash Chand,2,2,6,1,4,0,0,2.0,33.33,66.67,0.0
R Vishwanath,1,2,3,0,1,0,0,2.0,66.67,33.33,0.0
J Long,1,2,6,0,4,0,0,2.0,33.33,66.67,0.0
Yin Chenhao,2,2,13,2,12,0,0,1.0,15.38,92.31,0.0
A Lazic,2,2,3,1,1,0,0,2.0,66.67,33.33,0.0
EF Faalupega,2,2,6,2,4,0,0,1.0,33.33,66.67,0.0
SC Meaker,2,2,16,2,14,0,0,1.0,12.5,87.5,0.0
Emran Shahbakhsh,1,2,2,0,1,0,0,2.0,100.0,50.0,0.0
Anmoldeep Singh,1,2,7,1,5,0,0,2.0,28.57,71.43,0.0
Anop Santosh,1,2,9,1,7,0,0,2.0,22.22,77.78,0.0
S di Bartolomeo,1,2,2,0,1,0,0,2.0,100.0,50.0,0.0
SA Pradhan,1,2,6,0,4,0,0,2.0,33.33,66.67,0.0
R Tanna,1,2,3,0,1,0,0,2.0,66.67,33.33,0.0
R Patten,3,2,9,1,7,0,0,2.0,22.22,77.78,0.0
JA Turner,1,2,5,0,3,0,0,2.0,40.0,60.0,0.0
Azin Rafeeg,1,2,5,0,3,0,0,2.0,40.0,60.0,0.0
B Angeltti,2,2,5,2,4,0,0,1.0,40.0,80.0,0.0
K Nima,1,2,3,0,1,0,0,2.0,66.67,33.33,0.0
K Savory,1,2,4,1,2,0,0,2.0,50.0,50.0,0.0
Emanuel,3,2,17,3,15,0,0,0.67,11.76,88.24,0.0
Fahad Nawaz,2,2,10,2,8,0,0,1.0,20.0,80.0,0.0
S Vijayakumar,2,2,5,2,3,0,0,1.0,40.0,60.0,0.0
Faizal Salehji,1,2,2,1,1,0,0,2.0,100.0,50.0,0.0
S Stanikzay,3,2,5,3,3,0,0,0.67,40.0,60.0,0.0
G Campbell,1,2,8,1,6,0,0,2.0,25.0,75.0,0.0
Fawad Ali,1,2,2,0,1,0,0,2.0,100.0,50.0,0.0
G Johnson,1,2,10,0,8,0,0,2.0,20.0,80.0,0.0
S Nsubuga,3,2,6,2,4,0,0,1.0,33.33,66.67,0.0
Muzammil Shahzad,3,2,16,3,14,0,0,0.67,12.5,87.5,0.0
M Gherasim,3,2,6,2,4,0,0,1.0,33.33,66.67,0.0
M Martin,1,2,6,1,5,0,0,2.0,33.33,83.33,0.0
P Buccimazza,2,2,13,2,11,0,0,1.0,15.38,84.62,0.0
RP Kellepotha,2,2,4,0,2,0,0,2.0,50.0,50.0,0.0
Ignacio Lisboa,1,2,6,1,5,0,0,2.0,33.33,83.33,0.0
RDS Morein,4,2,11,1,10,0,0,2.0,18.18,90.91,0.0
RG More,1,2,2,0,0,0,0,2.0,100.0,0.0,0.0
K Takahashi,1,2,3,1,1,0,0,2.0,66.67,33.33,0.0
KC Hodsoll,1,2,5,0,3,0,0,2.0,40.0,60.0,0.0
KA Jadhav,1,2,14,1,12,0,0,2.0,14.29,85.71,0.0
LR Butterworth,2,2,3,1,1,0,0,2.0,66.67,33.33,0.0
M Beardman,1,2,6,1,4,0,0,2.0,33.33,66.67,0.0
A Orfila,2,2,9,2,8,0,0,1.0,22.22,88.89,0.0
S Pitabeddara,4,2,8,4,7,0,0,0.5,25.0,87.5,0.0
Franz Bur,1,2,7,0,4,0,0,2.0,28.57,57.14,0.0
AAH Bhikari,2,2,11,2,9,0,0,1.0,18.18,81.82,0.0
O Jones,1,2,6,1,4,0,0,2.0,33.33,66.67,0.0
Choudhry Md Imran,2,2,3,2,2,0,0,1.0,66.67,66.67,0.0
Aviel Warsulkar,2,2,3,0,2,0,0,2.0,66.67,66.67,0.0
IC Simao,6,2,11,3,9,0,0,0.67,18.18,81.82,0.0
RS Higgins,2,2,20,2,18,0,0,1.0,10.0,90.0,0.0
Ibtisam Sheikh,1,2,6,1,4,0,0,2.0,33.33,66.67,0.0
RP Mitchell,2,2,5,0,3,0,0,2.0,40.0,60.0,0.0
L Stubbs,3,2,24,3,22,0,0,0.67,8.33,91.67,0.0
L Zulu,1,2,5,1,3,0,0,2.0,40.0,60.0,0.0
GJ Snyman,1,2,6,1,4,0,0,2.0,33.33,66.67,0.0
Tareq Aziz,1,2,11,0,9,0,0,2.0,18.18,81.82,0.0
Tasaduq Hussain,2,2,6,2,4,0,0,1.0,33.33,66.67,0.0
A Singh,5,2,10,4,7,0,0,0.5,20.0,70.0,0.0
LJ Hamilton,1,2,4,0,2,0,0,2.0,50.0,50.0,0.0
I Bardis,2,2,6,1,4,0,0,2.0,33.33,66.67,0.0
Abu Zar,1,2,3,1,2,0,0,2.0,66.67,66.67,0.0
CV Harrison,1,2,4,1,2,0,0,2.0,50.0,50.0,0.0
KP Appanna,3,2,4,1,2,0,0,2.0,50.0,50.0,0.0
KR Sen,2,2,7,0,5,0,0,2.0,28.57,71.43,0.0
KT Sandher,1,2,6,1,4,0,0,2.0,33.33,66.67,0.0
Waseeq Ahmed,2,2,3,0,1,0,0,2.0,66.67,33.33,0.0
XA Crone,2,2,6,2,4,0,0,1.0,33.33,66.67,0.0
Ajaz Patel,2,2,11,2,9,0,0,1.0,18.18,81.82,0.0
Akash Babu,3,2,6,3,5,0,0,0.67,33.33,83.33,0.0
Saif Ullah Malik,1,2,3,1,2,0,0,2.0,66.67,66.67,0.0
Sajjad Ali,1,2,2,1,1,0,0,2.0,100.0,50.0,0.0
D Lakshan,1,2,9,1,7,0,0,2.0,22.22,77.78,0.0
Aslam Bera,4,2,9,4,7,0,0,0.5,22.22,77.78,0.0
Shivam Singh,1,2,3,0,1,0,0,2.0,66.67,33.33,0.0
L Nou,1,2,3,0,1,0,0,2.0,66.67,33.33,0.0
Nasir Javed,1,2,19,0,16,0,0,2.0,10.53,84.21,0.0
Harry Johnson,2,2,3,1,1,0,0,2.0,66.67,33.33,0.0
Ahmad Raza,2,2,4,0,2,0,0,2.0,50.0,50.0,0.0
Rahman Ademi,3,2,12,3,10,0,0,0.67,16.67,83.33,0.0
L Bowe,3,2,4,2,2,0,0,1.0,50.0,50.0,0.0
BP Adapaka,4,2,4,1,2,0,0,2.0,50.0,50.0,0.0
BR Dorey,1,2,8,1,6,0,0,2.0,25.0,75.0,0.0
BR Sharath,1,2,5,1,3,0,0,2.0,40.0,60.0,0.0
BS Sandhu,1,2,5,1,3,0,0,2.0,40.0,60.0,0.0
Bilal Aftab,2,2,3,1,1,0,0,2.0,66.67,33.33,0.0
H Elder,2,2,3,1,1,0,0,2.0,66.67,33.33,0.0
Ronald Ebanks,3,2,6,3,5,0,0,0.67,33.33,83.33,0.0
Hafiz Qaleem,1,2,4,1,2,0,0,2.0,50.0,50.0,0.0
H Das,1,2,5,1,3,0,0,2.0,40.0,60.0,0.0
T Moses,1,2,5,0,3,0,0,2.0,40.0,60.0,0.0
Mohammad Atif,2,2,4,2,2,0,0,1.0,50.0,50.0,0.0
AR Menon,1,2,5,1,3,0,0,2.0,40.0,60.0,0.0
PR George,1,2,11,2,10,0,0,1.0,18.18,90.91,0.0
JN Rhodes,1,2,6,1,4,0,0,2.0,33.33,66.67,0.0
PK Dimitri,4,2,10,2,8,0,0,1.0,20.0,80.0,0.0
MJ Fisher,2,2,6,2,4,0,0,1.0,33.33,66.67,0.0
Mohammad Hamza,1,2,4,1,2,0,0,2.0,50.0,50.0,0.0
BE McGain,1,2,16,2,14,0,0,1.0,12.5,87.5,0.0
Sufyan Yousaf,1,2,4,1,2,0,0,2.0,50.0,50.0,0.0
Sumit Singh,1,2,7,1,6,0,0,2.0,28.57,85.71,0.0
T Misi,1,1,1,1,0,0,0,1.0,100.0,0.0,0.0
B Williams,1,1,3,0,2,0,0,1.0,33.33,66.67,0.0
B Wentzel,1,1,2,1,1,0,0,1.0,50.0,50.0,0.0
Sukhkaran Sahi,1,1,2,1,1,0,0,1.0,50.0,50.0,0.0
B Terbish,3,1,7,2,6,0,0,0.5,14.29,85.71,0.0
Mohammad Kashif,1,1,11,1,10,0,0,1.0,9.09,90.91,0.0
MJ Saggers,1,1,12,1,11,0,0,1.0,8.33,91.67,0.0
MF Manjate,3,1,5,3,4,0,0,0.33,20.0,80.0,0.0
ST Yalimaiwai,2,1,2,1,1,0,0,1.0,50.0,50.0,0.0
SZ Mulani,1,1,1,0,0,0,0,1.0,100.0,0.0,0.0
SYS Assegon,2,1,18,2,17,0,0,0.5,5.56,94.44,0.0
AR Nair,2,1,2,2,1,0,0,0.5,50.0,50.0,0.0
JR Lucky,2,1,8,1,7,0,0,1.0,12.5,87.5,0.0
PM Sarvesh Kumar,1,1,2,0,1,0,0,1.0,50.0,50.0,0.0
A Gavde,1,1,6,1,5,0,0,1.0,16.67,83.33,0.0
Mohammad Asghar,3,1,5,1,4,0,0,1.0,20.0,80.0,0.0
Mohammad Asaduzzaman,2,1,2,1,1,0,0,1.0,50.0,50.0,0.0
MR Montfort,1,1,1,0,0,0,0,1.0,100.0,0.0,0.0
ZK Shem,1,1,3,0,2,0,0,1.0,33.33,66.67,0.0
Snir Massil,1,1,3,1,2,0,0,1.0,33.33,66.67,0.0
T Mufudza,1,1,9,1,8,0,0,1.0,11.11,88.89,0.0
Toqeer Ahmad,2,1,4,2,3,0,0,0.5,25.0,75.0,0.0
Riyaz Kajalwala,2,1,9,1,8,0,0,1.0,11.11,88.89,0.0
Ross Hardie,1,1,2,0,1,0,0,1.0,50.0,50.0,0.0
H Virdee,1,1,1,0,0,0,0,1.0,100.0,0.0,0.0
Ashok Sharma,2,1,4,0,3,0,0,1.0,25.0,75.0,0.0
Asad Rasheed,2,1,3,0,2,0,0,1.0,33.33,66.67,0.0
Y Punja,1,1,6,1,5,0,0,1.0,16.67,83.33,0.0
L Bloomfield,1,1,3,1,2,0,0,1.0,33.33,66.67,0.0
NR Mittal,1,1,5,1,4,0,0,1.0,20.0,80.0,0.0
NSS Sharma,2,1,4,2,3,0,0,0.5,25.0,75.0,0.0
NSK Mehta,2,1,3,2,2,0,0,0.5,33.33,66.67,0.0
Rahila Firdous,1,1,1,0,0,0,0,1.0,100.0,0.0,0.0
Haris Karim,1,1,3,0,2,0,0,1.0,33.33,66.67,0.0
Hasan Raza,1,1,18,2,17,0,0,0.5,5.56,94.44,0.0
Ravinder Gill,1,1,1,0,0,0,0,1.0,100.0,0.0,0.0
Harprit Singh,1,1,1,0,0,0,0,1.0,100.0,0.0,0.0
Ahsan ul Haq,2,1,6,2,5,0,0,0.5,16.67,83.33,0.0
Kashif Bhatti,1,1,1,0,0,0,0,1.0,100.0,0.0,0.0
NM Carter,2,1,12,2,11,0,0,0.5,8.33,91.67,0.0
L Ruane,1,1,5,1,4,0,0,1.0,20.0,80.0,0.0
AA Hussein,1,1,1,0,0,0,0,1.0,100.0,0.0,0.0
Benjamin Constanzo,1,1,5,1,4,0,0,1.0,20.0,80.0,0.0
Shoaib Ahmed,3,1,6,2,5,0,0,0.5,16.67,83.33,0.0
Bilal Shah,1,1,1,0,0,0,0,1.0,100.0,0.0,0.0
D Halloway,1,1,2,1,1,0,0,1.0,50.0,50.0,0.0
Sajid Safi,1,1,3,1,2,0,0,1.0,33.33,66.67,0.0
Kashif Ali,1,1,12,2,11,0,0,0.5,8.33,91.67,0.0
Nelson Jesus Navarrete Aburto,1,1,8,1,7,0,0,1.0,12.5,87.5,0.0
KJ Harding,1,1,1,0,0,0,0,1.0,100.0,0.0,0.0
Santosh Yadav,1,1,4,1,3,0,0,1.0,25.0,75.0,0.0
Santiago Duggan,1,1,3,0,2,0,0,1.0,33.33,66.67,0.0
Chare Smith,2,1,4,1,3,0,0,1.0,25.0,75.0,0.0
Adnan Shnwarei,1,1,3,1,2,0,0,1.0,33.33,66.67,0.0
I Khaleel,1,1,2,1,1,0,0,1.0,50.0,50.0,0.0
LK Bell,1,1,1,0,0,0,0,1.0,100.0,0.0,0.0
N Venables,2,1,6,2,5,0,0,0.5,16.67,83.33,0.0
S Browne,2,1,9,2,8,0,0,0.5,11.11,88.89,0.0
GRD Munasinghe,3,1,10,3,9,0,0,0.33,10.0,90.0,0.0
Ghulam Mudassar,2,1,3,1,2,0,0,1.0,33.33,66.67,0.0
Alawi Shukri,1,1,3,1,2,0,0,1.0,33.33,66.67,0.0
GJ McCarter,1,1,1,0,0,0,0,1.0,100.0,0.0,0.0
S Ishaque,3,1,7,3,6,0,0,0.33,14.29,85.71,0.0
LC Romero,2,1,7,2,6,0,0,0.5,14.29,85.71,0.0
RV Nascimento,2,1,3,1,2,0,0,1.0,33.33,66.67,0.0
Het Patel,1,1,7,0,6,0,0,1.0,14.29,85.71,0.0
V Hettiarachchi,1,1,2,1,1,0,0,1.0,50.0,50.0,0.0
IIR Bhana,1,1,3,1,2,0,0,1.0,33.33,66.67,0.0
I Uboh,2,1,4,0,3,0,0,1.0,25.0,75.0,0.0
I Mustafoev,1,1,8,1,7,0,0,1.0,12.5,87.5,0.0
RR Ramdass,1,1,9,1,8,0,0,1.0,11.11,88.89,0.0
AC Frame,1,1,3,1,2,0,0,1.0,33.33,66.67,0.0
S Mills,1,1,3,0,2,0,0,1.0,33.33,66.67,0.0
G Wijekoon,2,1,5,1,4,0,0,1.0,20.0,80.0,0.0
GDR Eranga,1,1,1,1,0,0,0,1.0,100.0,0.0,0.0
GD Putland,2,1,4,1,3,0,0,1.0,25.0,75.0,0.0
S Ogundipe,1,1,3,0,2,0,0,1.0,33.33,66.67,0.0
N Gnanapragasam,2,1,5,2,4,0,0,0.5,20.0,80.0,0.0
M Brasier,2,1,4,1,3,0,0,1.0,25.0,75.0,0.0
M Bean,1,1,1,0,0,0,0,1.0,100.0,0.0,0.0
N Ndouteng,2,1,5,1,4,0,0,1.0,20.0,80.0,0.0
N Nankov,1,1,5,1,4,0,0,1.0,20.0,80.0,0.0
N Ndzeute,1,1,2,0,1,0,0,1.0,50.0,50.0,0.0
O Qudratov,2,1,3,1,2,0,0,1.0,33.33,66.67,0.0
KD Mehta,1,1,2,1,1,0,0,1.0,50.0,50.0,0.0
Omid Shafi Rahman,3,1,13,2,12,0,0,0.5,7.69,92.31,0.0
AE Jones,1,1,2,1,1,0,0,1.0,50.0,50.0,0.0
Imtiaz Khan,1,1,1,0,0,0,0,1.0,100.0,0.0,0.0
RM Duffield,1,1,3,1,2,0,0,1.0,33.33,66.67,0.0
Abdullahi Ismail,2,1,3,1,2,0,0,1.0,33.33,66.67,0.0
P Cabebula,5,1,10,5,9,0,0,0.2,10.0,90.0,0.0
Murat Ipek,2,1,2,2,1,0,0,0.5,50.0,50.0,0.0
Musawar Shah,1,1,1,0,0,0,0,1.0,100.0,0.0,0.0
Mustakim Aslam,1,1,5,1,4,0,0,1.0,20.0,80.0,0.0
G Goudie,1,1,3,1,2,0,0,1.0,33.33,66.67,0.0
P Donkaew,1,1,3,1,2,0,0,1.0,33.33,66.67,0.0
T Ulutuna,1,1,2,1,1,0,0,1.0,50.0,50.0,0.0
T Turan,3,1,7,2,6,0,0,0.5,14.29,85.71,0.0
C Nzabarinda,1,1,2,1,1,0,0,1.0,50.0,50.0,0.0
Abdul Nasir,2,1,4,1,3,0,0,1.0,25.0,75.0,0.0
Abdul Majid,1,1,1,0,0,0,0,1.0,100.0,0.0,0.0
J Pook,2,1,5,2,4,0,0,0.5,20.0,80.0,0.0
J Mulder,1,1,5,1,4,0,0,1.0,20.0,80.0,0.0
J Morgan,1,1,3,1,2,0,0,1.0,33.33,66.67,0.0
M Shiraz,1,1,1,0,0,0,0,1.0,100.0,0.0,0.0
M Separovic,2,1,3,2,2,0,0,0.5,33.33,66.67,0.0
Muhammad Ismail,1,1,2,0,1,0,0,1.0,50.0,50.0,0.0
SA Lewis,1,1,3,1,2,0,0,1.0,33.33,66.67,0.0
EP Thompson,1,1,1,0,0,0,0,1.0,100.0,0.0,0.0
SC Kerrigan,1,1,12,0,11,0,0,1.0,8.33,91.67,0.0
M Mpongwana,1,1,2,0,1,0,0,1.0,50.0,50.0,0.0
J Mathew,1,1,1,0,0,0,0,1.0,100.0,0.0,0.0
R Ugarkar,2,1,6,1,5,0,0,1.0,16.67,83.33,0.0
R Chatterton,1,1,7,1,6,0,0,1.0,14.29,85.71,0.0
Abdul Basith,1,1,1,0,0,0,0,1.0,100.0,0.0,0.0
R Hadley,1,1,2,1,1,0,0,1.0,50.0,50.0,0.0
R Murugan,3,1,7,2,6,0,0,0.5,14.29,85.71,0.0
R Mahajan,1,1,1,0,0,0,0,1.0,100.0,0.0,0.0
C Liebenberg,1,1,1,1,0,0,0,1.0,100.0,0.0,0.0
C Stow,1,1,2,0,1,0,0,1.0,50.0,50.0,0.0
E Henry,1,1,4,1,3,0,0,1.0,25.0,75.0,0.0
SL Clephane,1,1,6,1,5,0,0,1.0,16.67,83.33,0.0
Aqif Farooq,1,1,4,1,3,0,0,1.0,25.0,75.0,0.0
TM Anker,1,1,7,0,6,0,0,1.0,14.29,85.71,0.0
Mohit Rathee,1,1,2,0,1,0,0,1.0,50.0,50.0,0.0
Moniruzzaman,2,1,20,2,19,0,0,0.5,5.0,95.0,0.0
WJR Robertson,1,1,2,0,1,0,0,1.0,50.0,50.0,0.0
AK Heal,2,1,3,2,2,0,0,0.5,33.33,66.67,0.0
K Mahato,2,1,10,0,9,0,0,1.0,10.0,90.0,0.0
K Kubota,2,1,2,0,1,0,0,1.0,50.0,50.0,0.0
Sefu Athumani,1,1,6,0,5,0,0,1.0,16.67,83.33,0.0
JJ Athanaze,2,1,2,1,1,0,0,1.0,50.0,50.0,0.0
Qasim Anwar,1,1,2,1,1,0,0,1.0,50.0,50.0,0.0
P Hingorani,3,1,6,1,5,0,0,1.0,16.67,83.33,0.0
P Parameswaran,2,1,2,0,1,0,0,1.0,50.0,50.0,0.0
SV Wiig,1,1,1,0,0,0,0,1.0,100.0,0.0,0.0
Matiullah Khan,2,1,5,0,4,0,0,1.0,20.0,80.0,0.0
Masood Jayezeh,1,1,4,1,3,0,0,1.0,25.0,75.0,0.0
SM Shakil,2,1,2,2,1,0,0,0.5,50.0,50.0,0.0
DP Vijaykumar,1,1,1,0,0,0,0,1.0,100.0,0.0,0.0
DMK Grant,1,1,1,0,0,0,0,1.0,100.0,0.0,0.0
DJ Muthuswami,1,1,3,1,2,0,0,1.0,33.33,66.67,0.0
Arshad Mazarzei,1,1,11,1,10,0,0,1.0,9.09,90.91,0.0
Ashwani Kumar,1,1,6,0,5,0,0,1.0,16.67,83.33,0.0
SS Mishra,1,1,3,0,2,0,0,1.0,33.33,66.67,0.0
K Cawte,3,1,8,1,7,0,0,1.0,12.5,87.5,0.0
P Sadev,1,1,4,1,3,0,0,1.0,25.0,75.0,0.0
Jaison Jerome,2,1,5,2,4,0,0,0.5,20.0,80.0,0.0
JS Jesani,1,1,5,1,4,0,0,1.0,20.0,80.0,0.0
AS Dean,1,1,1,1,0,0,0,1.0,100.0,0.0,0.0
JL Curtis,1,1,2,1,1,0,0,1.0,50.0,50.0,0.0
PVSN Raju,1,1,1,0,0,0,0,1.0,100.0,0.0,0.0
CJ Rocchiccioli,1,1,2,1,1,0,0,1.0,50.0,50.0,0.0
Jabran Khan,1,1,4,1,3,0,0,1.0,25.0,75.0,0.0
W Mwayenga,2,1,11,2,10,0,0,0.5,9.09,90.91,0.0
MS Bhandage,1,1,4,1,3,0,0,1.0,25.0,75.0,0.0
Mohamad Junaid Khushi,1,1,1,0,0,0,0,1.0,100.0,0.0,0.0
A Govorko,1,1,1,0,0,0,0,1.0,100.0,0.0,0.0
Mirza Ahmed,2,1,2,0,1,0,0,1.0,50.0,50.0,0.0
T Batjargal,2,1,3,1,2,0,0,1.0,33.33,66.67,0.0
Syed Rehmatullah,1,1,2,0,1,0,0,1.0,50.0,50.0,0.0
Zuber Sunasara,1,1,7,1,6,0,0,1.0,14.29,85.71,0.0
T Chopel,1,0,1,1,1,0,0,0.0,0.0,100.0,0.0
BA Simango,2,0,4,2,4,0,0,0.0,0.0,100.0,0.0
BA Westdijk,2,0,3,2,3,0,0,0.0,0.0,100.0,0.0
T Hewa,2,0,2,1,2,0,0,0.0,0.0,100.0,0.0
T Jikoibure,1,0,1,1,1,0,0,0.0,0.0,100.0,0.0
MS Aulakh,1,0,2,1,2,0,0,0.0,0.0,100.0,0.0
Mehran Mumtaz,2,0,2,2,2,0,0,0.0,0.0,100.0,0.0
Mehran Siasar,1,0,3,1,3,0,0,0.0,0.0,100.0,0.0
T Mpatane,1,0,1,1,1,0,0,0.0,0.0,100.0,0.0
A Khasanov,1,0,2,1,2,0,0,0.0,0.0,100.0,0.0
Mohammad Ayaz,1,0,2,1,2,0,0,0.0,0.0,100.0,0.0
Mohammad Azab,1,0,2,1,1,0,0,0.0,0.0,50.0,0.0
Mohamed Fadiga,1,0,4,1,4,0,0,0.0,0.0,100.0,0.0
Mohamed Ishmath,2,0,3,2,3,0,0,0.0,0.0,100.0,0.0
Mohamed Miuvaan,1,0,1,1,1,0,0,0.0,0.0,100.0,0.0
A Amburose,2,0,6,2,6,0,0,0.0,0.0,100.0,0.0
JS Ababu,2,0,9,0,9,0,0,0.0,0.0,100.0,0.0
JS Buckingham,1,0,2,0,2,0,0,0.0,0.0,100.0,0.0
JWW Gardner,2,0,3,1,3,0,0,0.0,0.0,100.0,0.0
PF Ravarua,1,0,2,1,2,0,0,0.0,0.0,100.0,0.0
PG Chopra,1,0,5,0,5,0,0,0.0,0.0,100.0,0.0
CJ Sayers,1,0,5,2,5,0,0,0.0,0.0,100.0,0.0
Sarkar Ameji,1,0,1,0,1,0,0,0.0,0.0,100.0,0.0
Ayush Ummat,1,0,5,1,5,0,0,0.0,0.0,100.0,0.0
JJ Pollard,1,0,1,1,1,0,0,0.0,0.0,100.0,0.0
Pel Vannak,2,0,3,2,3,0,0,0.0,0.0,100.0,0.0
Phon Bunthean,1,0,1,0,1,0,0,0.0,0.0,100.0,0.0
JM Obando,1,0,5,1,5,0,0,0.0,0.0,100.0,0.0
PS Sisodia,1,0,1,0,1,0,0,0.0,0.0,100.0,0.0
JM Herrick,1,0,0,1,0,0,0,0.0,0.0,0.0,0.0
AS Hundal,1,0,4,1,4,0,0,0.0,0.0,100.0,0.0
AS Jaggernauth,1,0,8,1,8,0,0,0.0,0.0,100.0,0.0
Joseph Angara,1,0,3,1,3,0,0,0.0,0.0,100.0,0.0
PD Blignaut,2,0,1,2,1,0,0,0.0,0.0,100.0,0.0
P Sapesa,1,0,1,1,1,0,0,0.0,0.0,100.0,0.0
P Sua,1,0,2,1,2,0,0,0.0,0.0,100.0,0.0
K Dorji,2,0,4,2,4,0,0,0.0,0.0,100.0,0.0
P Kerai,1,0,1,1,1,0,0,0.0,0.0,100.0,0.0
R Aggarwal,1,0,3,1,3,0,0,0.0,0.0,100.0,0.0
VRCF Poubel,2,0,3,2,3,0,0,0.0,0.0,100.0,0.0
ARH Patel,2,0,4,2,4,0,0,0.0,0.0,100.0,0.0
Poonam Yadav,1,0,3,1,3,0,0,0.0,0.0,100.0,0.0
Shahzeb Choudhry,1,0,5,1,5,0,0,0.0,0.0,100.0,0.0
C Outerbridge,1,0,3,1,3,0,0,0.0,0.0,100.0,0.0
C Rathanak,1,0,1,1,1,0,0,0.0,0.0,100.0,0.0
Shafraz Jaleel,2,0,2,2,2,0,0,0.0,0.0,100.0,0.0
CA Liyanage,1,0,1,1,1,0,0,0.0,0.0,100.0,0.0
Shafiq Jan,1,0,1,1,1,0,0,0.0,0.0,100.0,0.0
K Loday,1,0,1,0,1,0,0,0.0,0.0,100.0,0.0
T Phaswana,1,0,3,1,3,0,0,0.0,0.0,100.0,0.0
Shawaiz Irfan,1,0,6,1,6,0,0,0.0,0.0,100.0,0.0
Shakeel Ansar,2,0,4,1,4,0,0,0.0,0.0,100.0,0.0
Shakerullah Safi,1,0,1,0,1,0,0,0.0,0.0,100.0,0.0
C Nanda,1,0,1,1,1,0,0,0.0,0.0,100.0,0.0
J Umanath,1,0,3,1,3,0,0,0.0,0.0,100.0,0.0
R Mondol,2,0,8,2,8,0,0,0.0,0.0,100.0,0.0
AY Karim,2,0,2,0,2,0,0,0.0,0.0,100.0,0.0
AS Luseno,2,0,3,1,3,0,0,0.0,0.0,100.0,0.0
JF Chester,3,0,6,1,6,0,0,0.0,0.0,100.0,0.0
R Aurora,1,0,1,0,1,0,0,0.0,0.0,100.0,0.0
R Bangera,2,0,3,1,3,0,0,0.0,0.0,100.0,0.0
R Walters,2,0,5,2,5,0,0,0.0,0.0,100.0,0.0
Abdul Rauf,1,0,1,1,1,0,0,0.0,0.0,100.0,0.0
J Solomon,1,0,2,1,2,0,0,0.0,0.0,100.0,0.0
R Sanjay Yadav,1,0,2,1,2,0,0,0.0,0.0,100.0,0.0
Shahriar Hossain,1,0,3,1,3,0,0,0.0,0.0,100.0,0.0
P Fernando,1,0,3,1,3,0,0,0.0,0.0,100.0,0.0
P Gopalkrishnan,1,0,2,1,2,0,0,0.0,0.0,100.0,0.0
K Phillip,1,0,2,1,2,0,0,0.0,0.0,100.0,0.0
P Ayoleyine,1,0,1,1,1,0,0,0.0,0.0,100.0,0.0
P Byron,1,0,1,1,1,0,0,0.0,0.0,100.0,0.0
IS Sohi,1,0,2,1,2,0,0,0.0,0.0,100.0,0.0
Ibrahim Altinoluk,1,0,3,1,3,0,0,0.0,0.0,100.0,0.0
Imran Khan (1),1,0,1,1,1,0,0,0.0,0.0,100.0,0.0
Ihsanullah,1,0,3,0,3,0,0,0.0,0.0,100.0,0.0
Ivan Genchev,1,0,1,1,1,0,0,0.0,0.0,100.0,0.0
Ivan Splicevic,2,0,11,1,11,0,0,0.0,0.0,100.0,0.0
RJ Alimohamed,1,0,1,1,1,0,0,0.0,0.0,100.0,0.0
J Hurley,1,0,1,1,1,0,0,0.0,0.0,100.0,0.0
V Pratap Singh,1,0,1,1,1,0,0,0.0,0.0,100.0,0.0
AG Puttick,1,0,5,1,4,0,0,0.0,0.0,80.0,0.0
AGR Loudon,1,0,0,1,0,0,0,0.0,0.0,0.0,0.0
K Yadav,1,0,4,0,4,0,0,0.0,0.0,100.0,0.0
Waqar Abbasi,1,0,4,1,4,0,0,0.0,0.0,100.0,0.0
AC McDermott,1,0,5,1,5,0,0,0.0,0.0,100.0,0.0
KK Peters,1,0,3,1,3,0,0,0.0,0.0,100.0,0.0
Chetan Kumar Ahir,1,0,8,1,8,0,0,0.0,0.0,100.0,0.0
ID Matic,2,0,8,2,8,0,0,0.0,0.0,100.0,0.0
RR Bhatkal,1,0,2,1,2,0,0,0.0,0.0,100.0,0.0
IM Farrell,1,0,2,1,2,0,0,0.0,0.0,100.0,0.0
IA Nicolson,1,0,3,1,3,0,0,0.0,0.0,100.0,0.0
IC Pandey,1,0,2,1,2,0,0,0.0,0.0,100.0,0.0
Aswad Khan,1,0,0,1,0,0,0,0.0,0.0,0.0,0.0
D Berthe,2,0,3,2,3,0,0,0.0,0.0,100.0,0.0
Sameer Othman,3,0,7,2,7,0,0,0.0,0.0,100.0,0.0
Sana Ullah,1,0,2,1,2,0,0,0.0,0.0,100.0,0.0
Salman Faris,1,0,2,1,2,0,0,0.0,0.0,100.0,0.0
KL Tucker,1,0,4,1,4,0,0,0.0,0.0,100.0,0.0
KM Asif,1,0,2,1,2,0,0,0.0,0.0,100.0,0.0
KO Altamirano,1,0,1,1,1,0,0,0.0,0.0,100.0,0.0
Nurudeen Ibrahim,1,0,2,1,2,0,0,0.0,0.0,100.0,0.0
Nazir Patel,1,0,6,1,6,0,0,0.0,0.0,100.0,0.0
KS Rathore,1,0,5,1,5,0,0,0.0,0.0,100.0,0.0
Hasan Cakir,1,0,2,1,2,0,0,0.0,0.0,100.0,0.0
Rashad Al Balushi,2,0,2,2,2,0,0,0.0,0.0,100.0,0.0
Aimal Khan,1,0,2,0,2,0,0,0.0,0.0,100.0,0.0
Afzaal Haider,1,0,10,1,10,0,0,0.0,0.0,100.0,0.0
Ahmadi Ravat,1,0,1,1,1,0,0,0.0,0.0,100.0,0.0
Ahmed Baladraf,1,0,1,1,1,0,0,0.0,0.0,100.0,0.0
Hein Zin Aung,2,0,11,1,11,0,0,0.0,0.0,100.0,0.0
Nader Zahadiafzal,1,0,3,1,3,0,0,0.0,0.0,100.0,0.0
NP Winter,3,0,9,2,9,0,0,0.0,0.0,100.0,0.0
L Ablish,1,0,2,0,2,0,0,0.0,0.0,100.0,0.0
L Croospulle,1,0,1,1,1,0,0,0.0,0.0,100.0,0.0
Y Prithvi Raj,1,0,1,0,1,0,0,0.0,0.0,100.0,0.0
Ashir Qureshi,1,0,1,1,1,0,0,0.0,0.0,100.0,0.0
H Gori,1,0,3,1,3,0,0,0.0,0.0,100.0,0.0
HAG Madhushanka,1,0,1,1,1,0,0,0.0,0.0,100.0,0.0
S Alavala,1,0,3,0,3,0,0,0.0,0.0,100.0,0.0
S Arachchige,1,0,2,1,2,0,0,0.0,0.0,100.0,0.0
Hamza Riaz,1,0,6,1,6,0,0,0.0,0.0,100.0,0.0
U Tuychiev,1,0,4,1,4,0,0,0.0,0.0,100.0,0.0
Ugyen Dorji,1,0,5,1,5,0,0,0.0,0.0,100.0,0.0
Ali Abdulla Popalzae,1,0,3,1,3,0,0,0.0,0.0,100.0,0.0
U Kaul,1,0,1,0,1,0,0,0.0,0.0,100.0,0.0
Saifullah Bangash,1,0,1,1,1,0,0,0.0,0.0,100.0,0.0
D Dasgupta,1,0,7,1,7,0,0,0.0,0.0,100.0,0.0
Sagar Kumar Ahir,1,0,3,1,3,0,0,0.0,0.0,100.0,0.0
TG Norris,1,0,1,1,1,0,0,0.0,0.0,100.0,0.0
Borna Pejic,1,0,1,1,1,0,0,0.0,0.0,100.0,0.0
Shivani Singh,1,0,2,1,2,0,0,0.0,0.0,100.0,0.0
Benson Chama,1,0,2,1,2,0,0,0.0,0.0,100.0,0.0
A Wichakam,1,0,1,1,1,0,0,0.0,0.0,100.0,0.0
LMM Tahuhu,1,0,2,1,2,0,0,0.0,0.0,100.0,0.0
S Kaushik,1,0,1,1,1,0,0,0.0,0.0,100.0,0.0
S Kommula,1,0,6,1,6,0,0,0.0,0.0,100.0,0.0
GF Gomes,1,0,1,1,1,0,0,0.0,0.0,100.0,0.0
GO Sopinho,1,0,1,1,1,0,0,0.0,0.0,100.0,0.0
Ali Shafiq,1,0,0,1,0,0,0,0.0,0.0,0.0,0.0
Gershon Yusuf,1,0,1,1,1,0,0,0.0,0.0,100.0,0.0
S Clarke,1,0,3,1,3,0,0,0.0,0.0,100.0,0.0
ND Doshi,1,0,13,1,13,0,0,0.0,0.0,100.0,0.0
YA Abdulla,1,0,1,0,1,0,0,0.0,0.0,100.0,0.0
M Altankhuyag,1,0,9,1,9,0,0,0.0,0.0,100.0,0.0
G Axtell,1,0,2,0,2,0,0,0.0,0.0,100.0,0.0
S Mohan,1,0,1,1,1,0,0,0.0,0.0,100.0,0.0
Aman Ali,1,0,2,1,2,0,0,0.0,0.0,100.0,0.0
GD Pope,1,0,1,1,1,0,0,0.0,0.0,100.0,0.0
S Kruger,1,0,3,1,3,0,0,0.0,0.0,100.0,0.0
S Ladda,2,0,9,1,9,0,0,0.0,0.0,100.0,0.0
S Malla,2,0,11,2,11,0,0,0.0,0.0,100.0,0.0
GA West,1,0,1,0,1,0,0,0.0,0.0,100.0,0.0
GBK Roland,2,0,11,2,11,0,0,0.0,0.0,100.0,0.0
Faizan Khan,1,0,1,0,1,0,0,0.0,0.0,100.0,0.0
Fahad Alhashmi,2,0,6,2,6,0,0,0.0,0.0,100.0,0.0
Fazle Mahmud,2,0,9,2,9,0,0,0.0,0.0,100.0,0.0
S Siriotis,1,0,1,1,1,0,0,0.0,0.0,100.0,0.0
Andrey Lilov,1,0,2,1,2,0,0,0.0,0.0,100.0,0.0
TW Dlamini,1,0,1,1,1,0,0,0.0,0.0,100.0,0.0
M Charlie,1,0,2,1,2,0,0,0.0,0.0,100.0,0.0
Musheer Khan,1,0,3,1,3,0,0,0.0,0.0,100.0,0.0
Mussadiq Ahmed,4,0,0,4,0,0,0,0.0,0.0,0.0,0.0
Muhammet Kursat,2,0,9,2,9,0,0,0.0,0.0,100.0,0.0
M Leporoporo,3,0,9,2,9,0,0,0.0,0.0,100.0,0.0
Muhammad Mohsin,1,0,2,1,2,0,0,0.0,0.0,100.0,0.0
M Noble,1,0,1,1,1,0,0,0.0,0.0,100.0,0.0
F Choudary,1,0,1,0,1,0,0,0.0,0.0,100.0,0.0
SAR Hashimi,1,0,2,1,2,0,0,0.0,0.0,100.0,0.0
TR Sadhu,1,0,1,1,1,0,0,0.0,0.0,100.0,0.0
Ammar Zuhdi Hazalan,1,0,3,1,3,0,0,0.0,0.0,100.0,0.0
F Pieters,1,0,2,1,2,0,0,0.0,0.0,100.0,0.0
F Thorpe,1,0,1,1,1,0,0,0.0,0.0,100.0,0.0
M Viswanathan,1,0,3,1,3,0,0,0.0,0.0,100.0,0.0
Muhammad Afis,1,0,1,1,1,0,0,0.0,0.0,100.0,0.0
A Kanogullari,2,0,13,2,13,0,0,0.0,0.0,100.0,0.0
MD Byrne,1,0,1,1,1,0,0,0.0,0.0,100.0,0.0
Mohsin Shabbir,1,0,2,1,2,0,0,0.0,0.0,100.0,0.0
Mohammad Zahid,1,0,5,2,5,0,0,0.0,0.0,100.0,0.0
Mohammad Zeeshan,2,0,2,2,2,0,0,0.0,0.0,100.0,0.0
Arish Ali,1,0,1,1,1,0,0,0.0,0.0,100.0,0.0
Deep Harian,1,0,1,1,1,0,0,0.0,0.0,100.0,0.0
E Munkhbat,1,0,5,1,5,0,0,0.0,0.0,100.0,0.0
Arnav Manoj,3,0,7,3,7,0,0,0.0,0.0,100.0,0.0
Anwar Hossain Monir,1,0,16,1,16,0,0,0.0,0.0,100.0,0.0
Apon Mustafizur,2,0,9,2,9,0,0,0.0,0.0,100.0,0.0
SU Halarnkar,2,0,4,2,4,0,0,0.0,0.0,100.0,0.0
DC Delany,1,0,1,1,1,0,0,0.0,0.0,100.0,0.0
SS Pawar,1,0,1,1,1,0,0,0.0,0.0,100.0,0.0
DL Blake,1,0,2,1,2,0,0,0.0,0.0,100.0,0.0
SMHH Aung,1,0,1,1,1,0,0,0.0,0.0,100.0,0.0
DO Christian,1,0,2,1,2,0,0,0.0,0.0,100.0,0.0
Mayank Dagar,1,0,1,1,1,0,0,0.0,0.0,100.0,0.0
Mahmad Data,1,0,1,1,1,0,0,0.0,0.0,100.0,0.0
A Faletar,2,0,2,1,2,0,0,0.0,0.0,100.0,0.0
Zain Ali,1,0,1,1,1,0,0,0.0,0.0,100.0,0.0
D Mutu,1,0,3,0,3,0,0,0.0,0.0,100.0,0.0
D Triantafillithis,1,0,2,1,2,0,0,0.0,0.0,100.0,0.0
D Polpitiya,1,0,1,1,1,0,0,0.0,0.0,100.0,0.0
Sunny Gupta,1,0,1,1,1,0,0,0.0,0.0,100.0,0.0
BM Edmondson,1,0,1,1,1,0,0,0.0,0.0,100.0,0.0
Zhao Zhilong,1,0,4,1,4,0,0,0.0,0.0,100.0,0.0
Zeeshan Zameer,1,0,1,1,1,0,0,0.0,0.0,100.0,0.0
Zain Amir,1,0,2,1,2,0,0,0.0,0.0,100.0,0.0
Ziaurahman Shinwari,1,0,1,1,1,0,0,0.0,0.0,100.0,0.0
A Ayre,1,0,1,1,1,0,0,0.0,0.0,100.0,0.0
