striker,format,recent_runs,recent_avg,recent_sr,career_avg,career_sr,form_score,form_label
A Adekunle,T20I,112,12.44,70.44,9.92,65.75,116.3,On Fire
A Aikenhead,T20I,216,36.0,107.46,19.06,95.58,150.7,On Fire
A Aitken-Drummond,ODI,45,11.25,69.23,9.75,70.27,107.0,Good
A Akhigbe,T20I,14,2.33,31.82,8.6,63.7,38.5,Poor
A Akurut,T20I,10,10.0,200.0,3.5,53.85,328.6,On Fire
A Alexander,T20I,50,10.0,151.52,10.0,151.52,100.0,Good
A Alfonso,T20I,18,2.57,51.43,3.1,43.66,100.3,Good
A Amburose,T20I,0,0.0,0.0,0.0,0.0,0.0,
A Amuzu,T20I,7,7.0,30.43,7.0,30.43,100.0,Good
A Argyropoulou,T20I,271,15.06,69.49,14.63,69.79,101.3,Good
A Athanaze,CPL,133,22.17,111.76,22.71,108.16,100.5,Good
A Athanaze,ODI,99,24.75,63.06,23.82,77.14,92.8,Good
A Athanaze,T20I,251,25.1,131.41,25.08,129.37,100.8,Good
A Athanaze,Test,221,18.42,50.46,23.67,52.35,87.1,Good
A Augastin,T20I,315,31.5,120.23,31.5,120.23,100.0,Good
A Awasthi,T20I,11,2.75,22.0,2.75,22.0,100.0,Good
A Badoni,IPL,544,27.2,149.86,25.61,140.91,106.3,Good
A Balbirnie,ODI,190,38.0,71.16,33.69,75.37,103.6,Good
A Balbirnie,Test,174,21.75,48.88,19.5,50.12,104.5,Good
A Beresford-Peirse,T20I,84,12.0,68.85,12.0,68.85,100.0,Good
A Bierwisch,T20I,24,24.0,88.89,11.77,54.06,184.2,On Fire
A Bosch,ODI,139,15.44,82.74,21.48,76.83,89.8,Good
A Bosch,T20I,206,34.33,167.48,27.9,117.1,133.0,On Fire
A Brown-Carrera,T20I,5,1.67,27.78,6.0,62.07,36.3,Poor
A Bushell,T20I,22,22.0,95.65,13.5,87.1,136.4,On Fire
A Busing-Volschenk,ODI,48,16.0,39.02,16.0,39.02,100.0,Good
A Busing-Volschenk,T20I,311,38.88,138.84,34.56,138.22,106.5,Good
A Canning,ODI,45,9.0,63.38,7.2,58.06,117.1,On Fire
A Canning,T20I,30,5.0,83.33,7.09,85.71,83.9,Average
A Capsey,ODI,301,21.5,77.98,21.77,79.16,98.6,Good
A Capsey,T20I,352,22.0,126.62,21.94,121.88,102.1,Good
A Capsey,Test,30,15.0,62.5,15.0,62.5,100.0,Good
A Capsey,WPL,16,16.0,88.89,27.0,133.66,62.9,Average
A Chandel,T20I,128,12.8,88.28,13.26,66.79,114.4,On Fire
A Chenthamara,T20I,3,3.0,25.0,3.0,25.0,100.0,Good
A Cheung,T20I,11,5.5,68.75,5.5,68.75,100.0,Good
A Chilia,T20I,37,3.7,43.02,7.71,57.21,61.6,Average
A Curavic,T20I,6,1.5,27.27,1.5,27.27,100.0,Good
A Dalzell,ODI,22,22.0,104.76,17.33,65.82,143.1,On Fire
A Dalzell,T20I,37,6.17,82.22,6.17,82.22,100.0,Good
A Davidson Soler,T20I,52,52.0,133.33,28.4,118.33,147.9,On Fire
A Davidson-Soler,T20I,36,7.2,70.59,18.0,87.5,60.3,Average
A Dcosta,T20I,81,10.12,72.97,7.53,73.86,116.6,On Fire
A Dercksen,ODI,681,40.06,95.51,35.76,91.59,108.2,Good
A Dercksen,T20I,456,32.57,128.45,24.85,124.71,117.0,On Fire
A Dhabe,T20I,161,23.0,92.53,23.0,92.53,100.0,Good
A Dirannehelage,T20I,206,22.89,67.76,18.31,67.81,112.5,On Fire
A Dizija,T20I,245,22.27,105.15,21.94,111.08,98.1,Good
A Djordjevic,T20I,0,0.0,0.0,0.0,0.0,0.0,
A Donovan,T20I,423,38.45,141.95,35.42,137.99,105.7,Good
A Dowling,T20I,34,11.33,72.34,9.0,72.0,113.2,On Fire
A Dutt,ODI,26,3.71,46.43,6.84,58.71,66.7,Average
A Dutt,T20I,101,20.2,112.22,13.6,106.25,127.1,On Fire
A Emch,T20I,40,20.0,81.63,20.0,78.43,102.0,Good
A Ferguson,T20I,67,11.17,95.71,26.06,93.8,72.4,Average
A Fillie,T20I,3,1.0,23.08,1.0,23.08,100.0,Good
A Fujikawa,T20I,66,22.0,80.49,11.29,67.52,157.0,On Fire
A Galan,T20I,75,6.82,46.01,5.42,45.78,113.2,On Fire
A Gardner,ODI,575,52.27,113.41,31.45,108.09,135.6,On Fire
A Gardner,T20I,222,37.0,148.0,25.59,130.1,129.2,On Fire
A Gardner,Test,45,22.5,51.14,29.64,57.8,82.2,Average
A Gardner,WPL,487,28.65,152.19,25.34,141.78,110.2,On Fire
A Gasteratos,T20I,0,0.0,0.0,2.43,38.64,0.0,
A Gbla,T20I,123,10.25,119.42,11.68,105.48,100.5,Good
A Goodridge,CPL,22,11.0,115.79,11.0,115.79,100.0,Good
A Griffin,T20I,15,3.0,39.47,3.0,39.47,100.0,Good
A Gulati,T20I,6,6.0,150.0,6.0,150.0,100.0,Good
A Gupta,T20I,6,6.0,75.0,6.0,75.0,100.0,Good
A Gurung,T20I,21,2.62,55.26,3.83,57.5,82.3,Average
A Halbhavi,T20I,17,4.25,89.47,11.94,106.11,60.0,Poor
A Harris,T20I,16,3.2,69.57,4.17,69.44,88.5,Good
A Hartley,T20I,129,32.25,101.57,38.6,97.47,93.9,Good
A Hlubi,ODI,5,5.0,38.46,5.0,46.88,91.0,Good
A Hunter,ODI,712,47.47,84.06,35.43,83.93,117.1,On Fire
A Hunter,T20I,650,30.95,119.05,29.38,113.92,104.9,Good
A Husain,T20I,5,5.0,45.45,16.0,66.67,49.7,Poor
A Ikuzwe,T20I,270,15.0,83.08,12.82,75.98,113.2,On Fire
A Ilahi,T20I,117,11.7,60.62,11.7,60.62,100.0,Good
A Ilaoa,T20I,20,6.67,95.24,5.83,100.0,104.8,Good
A Johnmary,T20I,11,5.5,100.0,4.75,76.0,123.7,On Fire
A Johnson,ODI,76,38.0,92.68,24.48,97.9,124.9,On Fire
A Johnson,T20I,48,9.6,96.0,32.5,147.25,47.4,Poor
A Kamboj,IPL,72,24.0,144.0,24.67,142.31,99.2,Good
A Kamboj,Test,0,0.0,0.0,0.0,0.0,0.0,
A Kano,T20I,83,10.38,64.34,10.46,69.6,95.8,Good
A Kanogullari,T20I,0,0.0,0.0,0.0,0.0,0.0,
A Kanukuntla,T20I,166,13.83,57.04,13.83,57.04,100.0,Good
A Kanwal,T20I,1,1.0,11.11,1.0,11.11,100.0,Good
A Kato-Stafford,T20I,321,45.86,92.24,45.86,92.24,100.0,Good
A Katoa,T20I,31,10.33,46.27,10.33,46.27,100.0,Good
A Khaka,ODI,38,7.6,44.71,5.62,46.65,115.5,On Fire
A Khaka,T20I,22,7.33,70.97,9.33,62.22,96.3,Good
A Khakimov,T20I,19,6.33,31.67,6.33,31.67,100.0,Good
A Khasanov,T20I,0,0.0,0.0,0.0,0.0,0.0,
A Khullar,T20I,4,2.0,18.18,2.0,18.18,100.0,Good
A King,ODI,133,19.0,90.48,18.44,99.33,97.1,Good
A King,T20I,12,12.0,92.31,13.0,90.7,97.0,Good
A King,Test,24,12.0,47.06,10.57,39.57,116.2,On Fire
A King,WPL,19,19.0,135.71,19.0,135.71,100.0,Good
A Kirschbaum,T20I,210,30.0,114.13,17.5,99.06,143.3,On Fire
A Kohli,T20I,130,13.0,81.76,13.33,79.37,100.3,Good
A Kolan,T20I,100,100.0,109.89,22.25,80.42,293.0,On Fire
A Konhu,T20I,19,6.33,79.17,6.33,79.17,100.0,Good
A Kontopirakis,T20I,222,18.5,93.28,18.5,93.28,100.0,Good
A Kourkoulou,T20I,26,2.89,31.71,2.89,31.71,100.0,Good
A Kuthalingham,T20I,37,18.5,94.87,18.5,94.87,100.0,Good
A Lazic,T20I,2,2.0,66.67,2.0,66.67,100.0,Good
A Le Ray,T20I,31,6.2,67.39,6.2,67.39,100.0,Good
A Levaci,T20I,0,0.0,0.0,0.0,0.0,0.0,
A Limdawala,T20I,448,16.59,94.32,16.21,92.14,102.4,Good
A Lister,ODI,133,26.6,94.33,23.67,84.86,111.8,On Fire
A Lister,T20I,277,14.58,105.73,15.69,117.11,91.6,Good
A Lumbe,T20I,101,10.1,48.56,10.1,48.56,100.0,Good
A Lupascu,T20I,2,2.0,22.22,2.0,22.22,100.0,Good
A Magdalenic,T20I,20,4.0,55.56,3.0,40.0,136.1,On Fire
A Makri,T20I,282,14.1,65.43,12.03,65.16,108.8,Good
A Manepalli,T20I,153,21.86,109.29,20.67,108.14,103.4,Good
A Manohar,IPL,61,12.2,100.0,15.37,124.26,79.9,Average
A Mansale,T20I,109,18.17,101.87,23.48,114.26,83.3,Average
A Mare,T20I,8,4.0,57.14,9.6,69.31,62.1,Average
A Martel,T20I,32,6.4,86.49,10.6,107.07,70.6,Average
A Matovic,T20I,0,0.0,0.0,0.0,0.0,0.0,
A Mazvishaya,ODI,20,10.0,68.97,12.33,51.39,107.7,Good
A Mazvishaya,T20I,27,27.0,55.1,45.0,58.44,77.1,Average
A McAuley,T20I,152,30.4,107.8,20.73,96.0,129.5,On Fire
A McKnight,T20I,67,33.5,90.54,33.5,90.54,100.0,Good
A Merritt,T20I,265,33.12,131.19,29.53,118.68,111.3,On Fire
A Mesarovic,T20I,80,40.0,115.94,39.4,115.88,100.8,Good
A Meyenborg,T20I,5,1.67,16.67,2.8,25.45,62.6,Average
A Mhatre,IPL,441,33.92,183.75,33.92,183.75,100.0,Good
A Mohamed,T20I,34,17.0,59.65,9.54,73.81,129.5,On Fire
A Mokgotlhe,T20I,188,23.5,116.05,15.52,99.52,134.0,On Fire
A Mongar,T20I,11,11.0,42.31,7.5,46.88,118.5,On Fire
A Morris,T20I,16,16.0,45.71,7.5,44.78,157.7,On Fire
A Mossop,T20I,29,29.0,54.72,29.0,54.72,100.0,Good
A Motorwala,T20I,2,1.0,28.57,0.67,25.0,131.8,On Fire
A Mucyodusenge,T20I,11,3.67,45.83,3.67,45.83,100.0,Good
A Mundra,T20I,581,25.26,155.76,28.23,157.51,94.2,Good
A Munisar,ODI,9,2.25,17.31,2.6,20.0,86.5,Good
A Musaev,T20I,17,8.5,70.83,8.5,70.83,100.0,Good
A Nagarajan,T20I,62,15.5,87.32,13.8,89.61,104.9,Good
A Nanda,T20I,12,12.0,171.43,8.86,96.88,156.2,On Fire
A Nao,T20I,49,49.0,100.0,21.0,112.9,161.0,On Fire
A Natubhai Ahir,T20I,83,20.75,110.67,14.68,96.42,128.1,On Fire
A Nookala,T20I,1,0.5,12.5,1.2,10.71,79.2,Average
A Nortje,IPL,0,0.0,0.0,7.0,98.0,0.0,
A Nortje,T20I,13,6.5,86.67,3.75,60.0,158.9,On Fire
A Ostergaard,T20I,217,21.7,88.21,20.42,82.21,106.8,Good
A Oxley,T20I,117,58.5,106.36,33.29,87.59,148.6,On Fire
A Parima,T20I,170,17.0,104.94,20.33,116.19,87.0,Good
A Patmore,T20I,171,21.38,89.06,17.25,90.59,111.1,On Fire
A Paul,T20I,11,3.67,73.33,6.0,78.95,77.0,Average
A Pavlickova,T20I,1,1.0,6.25,1.0,6.25,100.0,Good
A Perera,T20I,234,13.76,74.52,11.7,72.48,110.2,On Fire
A Phillip,Test,79,11.29,24.31,14.67,30.84,77.9,Average
A Prashar,T20I,86,17.2,156.36,16.75,163.41,99.2,Good
A Prince,T20I,1,0.33,14.29,2.17,30.23,31.2,Poor
A Pusthay,T20I,191,11.94,96.95,12.35,92.21,100.9,Good
A Raghuvanshi,IPL,722,38.0,143.54,34.04,145.56,105.1,Good
A Rameshan,T20I,65,13.0,69.89,14.78,67.51,95.7,Good
A Randhawa,T20I,325,23.21,112.07,16.96,92.05,129.3,On Fire
A Rautela,T20I,22,5.5,37.29,5.5,37.29,100.0,Good
A Raza,T20I,206,14.71,152.59,14.04,146.25,104.6,Good
A Razmilic,T20I,15,1.88,36.59,1.88,36.59,100.0,Good
A Reddy,ODI,37,12.33,77.08,9.67,63.74,124.2,On Fire
A Reddy,T20I,75,18.75,120.97,9.19,98.66,163.3,On Fire
A Reddy,WPL,44,8.8,77.19,9.4,88.68,90.3,Good
A Reyes,T20I,40,40.0,129.03,15.42,88.1,202.9,On Fire
A Roy,ODI,21,21.0,77.78,21.0,77.78,100.0,Good
A Saifee,T20I,0,0.0,0.0,0.0,0.0,0.0,
A Salomao,T20I,27,2.7,56.25,4.47,58.02,78.7,Average
A Saud,T20I,13,13.0,118.18,20.75,112.16,84.0,Average
A Savvani,T20I,111,8.54,52.61,8.42,49.54,103.8,Good
A Shahi,T20I,135,15.0,131.07,13.88,147.02,98.6,Good
A Sharafu,ODI,176,19.56,78.92,16.65,72.29,113.3,On Fire
A Sharafu,T20I,832,32.0,129.39,31.09,131.51,100.7,Good
A Sharma,ODI,463,30.87,79.69,23.82,76.53,116.9,On Fire
A Sharma,T20I,250,31.25,125.63,20.88,108.07,133.0,On Fire
A Shukla,T20I,11,3.67,110.0,3.6,60.0,142.6,On Fire
A Simelane,T20I,35,11.67,109.38,8.0,98.25,128.6,On Fire
A Soni,WPL,11,11.0,78.57,11.0,78.57,100.0,Good
A Sootaga,T20I,89,14.83,86.41,13.0,85.85,107.4,Good
A Stocks,T20I,70,11.67,46.98,10.93,56.88,94.7,Good
A Stoilova,T20I,26,3.71,37.68,3.71,37.68,100.0,Good
A Sutherland,ODI,328,32.8,91.88,40.85,93.16,89.5,Good
A Sutherland,T20I,134,16.75,141.05,13.35,140.53,112.9,On Fire
A Sutherland,Test,292,146.0,68.07,89.38,64.07,134.8,On Fire
A Sutherland,WPL,95,15.83,121.79,12.5,109.49,118.9,On Fire
A Suwanchonrathi,ODI,31,7.75,77.5,7.75,77.5,100.0,Good
A Suwanchonrathi,T20I,309,12.36,74.82,11.42,73.49,105.0,Good
A Taylor,T20I,27,3.86,31.03,4.8,34.78,84.8,Average
A Tector,ODI,43,14.33,52.44,10.25,56.94,116.0,On Fire
A Tector,T20I,51,12.75,89.47,12.75,89.47,100.0,Good
A Thorpe,T20I,20,4.0,45.45,4.0,45.45,100.0,Good
A Tomar,T20I,7,2.33,25.0,2.4,30.77,89.2,Good
A Tripathi,T20I,6,6.0,50.0,2.67,32.0,190.5,On Fire
A Turay,T20I,178,13.69,102.3,15.75,104.01,92.6,Good
A Turkmen,T20I,157,26.17,150.96,21.62,127.15,119.9,On Fire
A Vaidya,T20I,239,21.73,93.73,19.5,95.12,105.0,Good
A Vailoa,T20I,0,0.0,0.0,0.0,0.0,0.0,
A Vala,T20I,173,24.71,105.49,27.43,117.28,90.0,Good
A Vessik,T20I,59,7.38,47.58,6.25,48.39,108.2,Good
A Vishwakarma,T20I,0,0.0,0.0,0.0,0.0,0.0,
A Wichakam,T20I,0,0.0,0.0,0.0,0.0,0.0,
A Wright,T20I,7,1.75,41.18,2.6,38.24,87.5,Good
A Yon,T20I,20,5.0,60.61,16.45,113.84,41.8,Poor
A Zampa,BBL,14,4.67,107.69,7.42,91.75,90.2,Good
A Zampa,ODI,74,12.33,59.2,10.02,64.68,107.3,Good
A Zampa,PSL,1,0.5,16.67,0.5,16.67,100.0,Good
A Zampa,T20I,12,2.4,54.55,4.38,77.78,62.5,Average
A Zimunu,ODI,97,12.12,71.85,11.56,72.73,101.8,Good
A Zimunu,T20I,83,13.83,76.85,13.83,76.85,100.0,Good
AA Alleyne,ODI,245,20.42,74.92,16.31,67.02,118.5,On Fire
AA Alleyne,T20I,43,14.33,86.0,11.72,90.14,108.8,Good
AA Banner,T20I,7,7.0,140.0,4.4,68.75,181.4,On Fire
AA Jangoo,CPL,337,33.7,104.33,23.14,95.67,127.3,On Fire
AA Jangoo,ODI,124,20.67,62.94,38.0,81.43,65.8,Average
AA Jangoo,T20I,160,40.0,126.98,40.0,126.98,100.0,Good
AA Jangoo,Test,336,42.0,58.43,42.0,58.43,100.0,Good
AA Jimoh,T20I,17,8.5,73.91,8.5,73.91,100.0,Good
AA Kawirawira,T20I,5,5.0,45.45,5.0,45.45,100.0,Good
AA Kulkarni,IPL,17,8.5,68.0,6.5,78.79,108.5,Good
AA Moiane,T20I,10,1.43,25.64,3.21,44.55,51.1,Poor
AA Navicha,T20I,201,28.71,157.03,23.07,114.54,130.8,On Fire
AA Rahayu,T20I,221,18.42,94.85,16.27,93.85,107.1,Good
AA Senn,T20I,422,24.82,89.22,24.82,89.22,100.0,Good
AA Wagh,T20I,25,8.33,96.15,8.33,96.15,100.0,Good
AAM Eliane,T20I,1,1.0,12.5,4.0,12.9,60.9,Average
AAP Atkinson,ODI,64,32.0,152.38,21.17,138.04,130.8,On Fire
AAP Atkinson,T20I,2,2.0,15.38,10.0,43.48,27.7,Poor
AAP Atkinson,Test,235,15.67,52.57,19.57,65.81,80.0,Average
AAP Rivero,T20I,82,20.5,115.49,11.73,90.26,151.4,On Fire
AAhan Achar,T20I,10,10.0,76.92,12.0,80.0,89.7,Good
AB Kamara,T20I,340,18.89,95.24,17.14,91.95,106.9,Good
AB Kaur,ODI,202,28.86,89.78,21.42,77.18,125.5,On Fire
AB Kaur,T20I,100,25.0,135.14,24.0,129.73,104.2,Good
AB Kaur,WPL,267,29.67,133.5,23.2,129.85,115.3,On Fire
AB Mengoumou,T20I,38,12.67,38.78,6.57,34.85,152.1,On Fire
AB Sharma,T20I,72,24.0,102.86,24.0,102.86,100.0,Good
AB Sharma,WPL,177,25.29,129.2,25.29,129.2,100.0,Good
AB Slebsager,T20I,100,16.67,90.91,12.62,89.38,116.9,On Fire
ABY Smith,T20I,163,13.58,57.19,17.93,68.97,79.3,Average
AC Agar,BBL,84,16.8,127.27,16.85,117.33,104.1,Good
AC Brodin,T20I,102,12.75,96.23,9.08,75.64,133.8,On Fire
AC Dei Castelli,T20I,11,5.5,122.22,5.5,122.22,100.0,Good
AC Douglas,T20I,21,5.25,75.0,19.72,134.47,41.2,Poor
AC Frame,T20I,1,1.0,33.33,1.0,33.33,100.0,Good
AC Jayangani,ODI,540,25.71,76.06,38.82,79.56,80.9,Average
AC Jayangani,T20I,765,34.77,132.81,29.06,118.51,115.9,On Fire
AC Kerr,ODI,548,45.67,83.66,37.53,78.06,114.4,On Fire
AC Kerr,T20I,753,47.06,141.28,31.52,118.58,134.2,On Fire
AC Kerr,WPL,147,13.36,98.66,24.33,119.67,68.7,Average
AC Sabino,T20I,175,10.94,87.94,11.25,82.19,102.1,Good
ACF Stokes,T20I,2,1.0,28.57,3.57,55.56,39.7,Poor
AD Diwan Ali,T20I,2,2.0,25.0,2.0,25.0,100.0,Good
AD Dore,T20I,117,19.5,109.35,16.17,107.18,111.3,On Fire
AD Hales,CPL,518,28.78,126.34,25.89,130.17,104.1,Good
AD Hales,PSL,88,44.0,237.84,30.19,145.08,154.8,On Fire
AD Mathews,Test,172,28.67,46.99,43.88,48.31,81.3,Average
AD Nath,ODI,148,21.14,74.0,21.14,74.0,100.0,Good
AD Nath,T20I,96,96.0,154.84,96.0,154.84,100.0,Good
AD Russell,CPL,242,22.0,160.26,27.44,169.72,87.3,Good
AD Russell,IPL,167,18.56,163.73,27.95,174.1,80.2,Average
AD Russell,T20I,59,19.67,159.46,22.24,165.23,92.5,Good
ADS Fletcher,CPL,540,31.76,130.12,30.28,124.32,104.8,Good
AE Isesele,T20I,35,7.0,70.0,9.31,92.37,75.5,Average
AE Jones,ODI,660,47.14,89.67,34.97,86.74,119.1,On Fire
AE Jones,T20I,279,15.5,118.22,20.61,122.44,85.9,Good
AE Jones,Test,115,28.75,67.65,19.6,55.06,134.8,On Fire
AE Jones,WPL,1,1.0,50.0,1.0,50.0,100.0,Good
AF Aoina,T20I,24,4.0,64.86,6.5,80.25,71.2,Average
AF Ifill,T20I,5,5.0,83.33,7.83,61.84,99.3,Good
AF Mapu,T20I,59,7.38,100.0,7.38,100.0,100.0,Good
AF Milne,IPL,2,2.0,100.0,6.25,80.65,78.0,Average
AF Milne,PSL,16,16.0,228.57,16.0,228.57,100.0,Good
AG Cremer,T20I,3,3.0,30.0,5.42,65.66,50.5,Poor
AGC Vimukthi,ODI,9,4.5,27.27,4.5,27.27,100.0,Good
AGS Gous,CPL,283,40.43,132.24,32.4,126.56,114.6,On Fire
AGS Gous,ODI,258,28.67,77.25,34.58,87.37,85.7,Good
AGS Gous,PSL,155,22.14,139.64,22.14,139.64,100.0,Good
AGS Gous,T20I,78,19.5,121.88,30.84,142.78,74.3,Average
AH Maqsood,ODI,8,4.0,57.14,3.33,42.55,127.2,On Fire
AH Maqsood,T20I,9,1.5,37.5,3.36,50.54,59.4,Poor
AHT Donald,T20I,33,16.5,183.33,16.5,183.33,100.0,Good
AI Chudasama,ODI,42,21.0,64.62,20.17,71.18,97.4,Good
AI Chudasama,T20I,223,18.58,92.92,16.53,91.51,107.0,Good
AI Ross,BBL,184,36.8,139.39,27.61,128.96,120.7,On Fire
AIV Benatar,T20I,96,48.0,124.68,27.0,82.09,164.8,On Fire
AJ Healy,ODI,693,53.31,115.12,37.93,101.21,127.1,On Fire
AJ Healy,Test,47,23.5,49.47,29.53,56.6,83.5,Average
AJ Hosein,BBL,10,10.0,71.43,14.29,119.05,65.0,Average
AJ Hosein,CPL,85,17.0,134.92,15.27,109.97,117.0,On Fire
AJ Hosein,IPL,5,5.0,166.67,21.0,161.54,63.5,Average
AJ Hosein,ODI,43,21.5,134.38,14.71,78.03,159.2,On Fire
AJ Hosein,PSL,13,13.0,108.33,18.29,119.63,80.8,Average
AJ Hosein,T20I,63,12.6,150.0,14.62,114.55,108.6,Good
AJ Mosca,T20I,226,37.67,146.75,35.93,130.19,108.8,Good
AJ Parmar,T20I,1,1.0,20.0,2.0,25.0,65.0,Average
AJ Pienaar,CPL,96,32.0,162.71,32.0,162.71,100.0,Good
AJ Prajapati,T20I,48,8.0,55.81,8.0,55.81,100.0,Good
AJ Turner,BBL,342,31.09,169.31,28.24,147.83,112.3,On Fire
AJ Turner,PSL,235,26.11,169.06,26.11,169.06,100.0,Good
AJ Tye,BBL,8,4.0,80.0,11.12,115.35,52.7,Poor
AK Ahir,T20I,4,4.0,80.0,4.0,80.0,100.0,Good
AK Bangura,T20I,14,2.8,19.72,2.8,19.72,100.0,Good
AK Gokoel,T20I,44,22.0,81.48,8.25,56.41,205.6,On Fire
AK Gonerara,T20I,20,6.67,47.62,4.0,43.48,138.1,On Fire
AK Maguire,ODI,21,10.5,110.53,7.17,79.63,142.6,On Fire
AK Maguire,T20I,8,2.67,50.0,3.33,43.48,97.6,Good
AK Markram,IPL,676,29.39,144.75,29.84,135.41,102.7,Good
AK Markram,ODI,368,36.8,102.51,36.27,97.8,103.1,Good
AK Markram,T20I,594,37.12,158.82,31.77,148.73,111.8,On Fire
AK Markram,Test,366,33.27,55.71,35.47,59.03,94.1,Good
AK Mohan,T20I,352,32.0,117.33,22.67,101.66,128.3,On Fire
AK Roger,T20I,4,1.33,23.53,1.83,22.45,88.7,Good
AK Sah,ODI,2,2.0,12.5,26.83,87.26,10.9,Poor
AK Sah,T20I,4,2.0,66.67,16.77,119.78,33.8,Poor
AK Yadav,T20I,26,5.2,63.41,5.2,63.41,100.0,Good
AL Khunti,T20I,22,7.33,59.46,7.33,59.46,100.0,Good
AL Mundundo,T20I,160,9.41,52.12,8.57,47.12,110.2,On Fire
AM Fernando,ODI,6,2.0,23.08,1.75,21.88,109.9,Good
AM Fernando,Test,11,2.75,15.71,3.11,22.69,78.8,Average
AM Ghazanfar,CPL,4,4.0,50.0,4.0,50.0,100.0,Good
AM Ghazanfar,IPL,2,2.0,66.67,2.0,66.67,100.0,Good
AM Hardie,BBL,433,30.93,136.16,29.98,133.48,102.6,Good
AM Hardie,ODI,46,11.5,68.66,15.0,80.0,81.2,Average
AM Hardie,PSL,133,44.33,149.44,44.33,149.44,100.0,Good
AM Hardie,T20I,52,26.0,120.93,22.5,126.76,105.5,Good
AM Kamara,T20I,154,11.85,58.33,19.87,76.81,67.8,Average
AM Kimote,T20I,31,7.75,83.78,11.8,97.04,76.0,Average
AM Rahane,IPL,725,30.21,141.6,30.15,125.6,106.5,Good
AM Tribe,T20I,4,4.0,66.67,25.47,121.97,35.2,Poor
AM Zepeda,T20I,286,71.5,101.78,40.4,93.3,143.0,On Fire
AN Aminou,T20I,8,2.67,80.0,6.7,106.35,57.5,Poor
AN Davidson-Richards,ODI,104,52.0,92.86,40.0,84.21,120.1,On Fire
AN Kelly,ODI,131,14.56,99.24,14.62,66.25,124.7,On Fire
AN Kelly,T20I,50,6.25,104.17,7.16,92.75,99.8,Good
AN Lascu,T20I,333,30.27,148.66,33.0,139.58,99.1,Good
AN Toube,T20I,142,23.67,125.66,9.38,95.63,191.9,On Fire
AP Rajeevan,T20I,65,21.67,85.53,26.09,112.3,79.6,Average
AP Yadav,T20I,371,26.5,90.93,28.81,105.39,89.1,Good
AR Bisht,ODI,83,20.75,76.15,20.75,76.15,100.0,Good
AR Bisht,T20I,132,22.0,96.35,22.0,96.35,100.0,Good
AR Leo,T20I,22,5.5,42.31,9.44,63.91,62.2,Average
AR McBrine,ODI,70,35.0,118.64,23.88,76.03,151.3,On Fire
AR McBrine,Test,270,45.0,54.99,38.88,55.09,107.8,Good
AR Naidoo,T20I,301,27.36,122.36,25.9,103.23,112.1,On Fire
AR Nair,T20I,0,0.0,0.0,0.5,50.0,0.0,
AR Nedd,CPL,21,7.0,84.0,5.0,83.33,120.4,On Fire
AR Odedara,ODI,117,19.5,62.9,27.0,52.37,96.2,Good
AR Odedara,T20I,17,4.25,62.96,5.62,71.43,81.9,Average
AR Patel,IPL,436,22.95,145.82,21.76,133.74,107.3,Good
AR Patel,ODI,350,35.0,90.21,23.54,92.26,123.2,On Fire
AR Patel,T20I,252,12.6,112.0,16.77,129.7,80.7,Average
AR Patel,Test,42,21.0,67.74,34.4,53.05,94.4,Good
AR Patwa,T20I,131,26.2,139.36,25.02,121.16,109.9,Good
AR Poulter,T20I,2,2.0,33.33,2.0,33.33,100.0,Good
AR Puri,T20I,19,6.33,51.35,4.56,53.25,117.6,On Fire
AR Ramjani,T20I,114,22.8,134.12,24.03,132.09,98.2,Good
AR Valdez,T20I,215,14.33,72.15,16.88,78.49,88.4,Good
ARH Patel,T20I,0,0.0,0.0,0.0,0.0,0.0,
AS Broomfield,T20I,8,8.0,30.77,8.0,30.77,100.0,Good
AS Chima,ODI,28,14.0,96.55,14.0,96.55,100.0,Good
AS Gorad,T20I,256,14.22,65.47,12.83,62.73,107.6,Good
AS Hundal,T20I,0,0.0,0.0,0.0,0.0,0.0,
AS Joseph,CPL,56,14.0,100.0,14.4,109.09,94.4,Good
AS Joseph,ODI,80,10.0,89.89,14.48,75.51,94.1,Good
AS Joseph,PSL,64,10.67,125.49,10.67,125.49,100.0,Good
AS Joseph,T20I,8,8.0,88.89,16.12,103.2,67.9,Average
AS Joseph,Test,103,17.17,65.61,12.37,57.39,126.6,On Fire
AS Kumaran,T20I,6,3.0,100.0,3.0,100.0,100.0,Good
AS Mehmi,T20I,97,24.25,108.99,12.85,98.82,149.5,On Fire
AS Miranda,T20I,25,3.12,27.78,3.11,28.87,98.3,Good
AS Qwele,T20I,112,10.18,63.64,8.65,65.33,107.6,Good
AS Roy,IPL,52,10.4,130.0,9.75,121.88,106.7,Good
AS Samra,T20I,317,26.42,155.39,24.8,135.67,110.5,On Fire
AS Wikman,T20I,175,25.0,123.24,25.0,123.24,100.0,Good
ASCLD Faria,T20I,14,7.0,107.69,7.0,107.69,100.0,Good
ASF Sirah,T20I,208,17.33,130.0,15.12,120.09,111.4,On Fire
ASH Parsons,T20I,19,3.8,37.25,3.8,37.25,100.0,Good
ASS Fletcher,ODI,119,11.9,80.95,10.94,70.74,111.6,On Fire
ASS Fletcher,T20I,13,3.25,81.25,7.96,85.77,67.8,Average
AT Carey,BBL,149,24.83,167.42,33.66,131.18,100.7,Good
AT Carey,ODI,400,28.57,84.21,33.49,88.7,90.1,Good
AT Carey,T20I,34,11.33,121.43,11.12,109.88,106.2,Good
AT Carey,Test,853,42.65,72.72,35.1,64.44,117.2,On Fire
AT Nidamanuru,ODI,180,22.5,84.91,27.06,91.5,88.0,Good
AT Nidamanuru,T20I,94,15.67,101.08,12.84,108.44,107.6,Good
ATS Silva,ODI,1,1.0,100.0,1.0,100.0,100.0,Good
ATS Silva,T20I,12,3.0,46.15,3.0,46.15,100.0,Good
AU Rashid,ODI,63,7.0,57.8,16.82,92.72,52.0,Poor
AU Rashid,T20I,52,17.33,104.0,7.41,89.56,175.0,On Fire
AUKDS Kalugala,T20I,100,12.5,120.48,15.61,116.6,91.7,Good
AV Lazarus,T20I,292,20.86,109.77,25.75,116.38,87.7,Good
AWJ Auguste,CPL,329,23.5,154.46,21.09,134.72,113.0,On Fire
AWJ Auguste,ODI,205,22.78,76.49,22.78,76.49,100.0,Good
AWJ Auguste,T20I,165,20.62,132.0,20.62,132.0,100.0,Good
AY Patel,Test,30,30.0,100.0,11.53,38.09,261.4,On Fire
Aaftab Alam Khan,T20I,4,4.0,80.0,15.06,124.23,45.5,Poor
Aamer Azmat,PSL,24,24.0,92.31,16.75,111.67,113.0,On Fire
Aamer Jamal,PSL,50,12.5,116.28,18.08,141.83,75.6,Average
Aamer Jamal,Test,52,13.0,54.17,23.67,56.26,75.6,Average
Aamir Kaleem,ODI,108,13.5,56.54,12.31,60.15,101.8,Good
Aamir Kaleem,T20I,286,19.07,117.7,18.24,114.55,103.7,Good
Aanvi Kishore,T20I,101,20.2,95.28,20.2,95.28,100.0,Good
Aarif Sheikh,ODI,486,30.38,71.68,28.11,66.38,108.0,Good
Aarif Sheikh,T20I,98,16.33,125.64,18.73,110.63,100.4,Good
Aaron Jones,CPL,40,10.0,95.24,19.4,116.87,66.5,Average
Aaron Jones,ODI,64,16.0,68.09,33.75,71.9,71.1,Average
Aaron Jones,T20I,149,29.8,134.23,22.56,114.48,124.7,On Fire
Aarti Priya,T20I,75,10.71,61.98,8.0,57.14,121.2,On Fire
Aashita Gupta,T20I,21,10.5,56.76,10.5,56.76,100.0,Good
Aasif Sheikh,ODI,652,32.6,74.68,30.51,75.05,103.2,Good
Aasif Sheikh,T20I,545,27.25,141.56,25.41,122.61,111.3,On Fire
Aayan Afzal Khan,ODI,62,12.4,50.0,22.31,71.57,62.7,Average
Aayan Afzal Khan,T20I,7,7.0,350.0,14.2,90.45,218.1,On Fire
Abbas Afridi,CPL,34,11.33,136.0,11.33,136.0,100.0,Good
Abbas Afridi,PSL,137,15.22,175.64,14.64,169.42,103.8,Good
Abbas Afridi,T20I,43,14.33,97.73,12.27,113.45,101.5,Good
Abbas Ghani,T20I,676,29.39,157.58,26.39,153.0,107.2,Good
Abdul Gaffar Saqlain,T20I,23,23.0,109.52,23.0,109.52,100.0,Good
Abdul Hashim,T20I,8,4.0,44.44,11.91,85.06,42.9,Poor
Abdul Jalil,T20I,27,9.0,79.41,9.0,79.41,100.0,Good
Abdul Majid Abbasi,T20I,24,6.0,53.33,5.88,53.41,100.9,Good
Abdul Makda,T20I,9,9.0,81.82,9.0,81.82,100.0,Good
Abdul Naser Baluch,T20I,31,3.88,72.09,4.91,85.71,81.6,Average
Abdul Rauf,T20I,0,0.0,0.0,0.0,0.0,0.0,
Abdul Salman Khan,T20I,8,8.0,72.73,8.0,72.73,100.0,Good
Abdul Samad,IPL,280,20.0,154.7,19.09,148.62,104.4,Good
Abdul Samad,ODI,66,16.5,70.21,16.5,70.21,100.0,Good
Abdul Samad,PSL,193,21.44,189.22,21.44,189.22,100.0,Good
Abdul Samad,T20I,90,22.5,100.0,22.5,100.0,100.0,Good
Abdul Waheed,T20I,362,32.91,143.65,30.26,129.39,109.9,Good
Abdul Wahid,T20I,20,6.67,80.0,21.25,129.77,46.5,Poor
Abdulla Bhoola,T20I,4,4.0,40.0,5.5,52.38,74.5,Average
Abdulla Pervaiz,T20I,107,35.67,133.75,35.67,133.75,100.0,Good
Abdullah Fazal,PSL,91,18.2,135.82,18.2,135.82,100.0,Good
Abdullah Fazal,Test,141,35.25,50.0,35.25,50.0,100.0,Good
Abdullah Khan Lodhi,T20I,16,5.33,88.89,15.86,87.4,67.7,Average
Abdullah Mahmood,T20I,10,5.0,90.91,3.57,75.76,130.0,On Fire
Abdullah Mohd Yousaf,T20I,28,14.0,90.32,14.0,90.32,100.0,Good
Abdullah Shafique,ODI,125,20.83,63.45,28.29,78.14,77.4,Average
Abdullah Shafique,PSL,635,28.86,145.98,28.54,140.58,102.5,Good
Abdullah Shafique,Test,374,37.4,46.63,38.33,44.64,101.0,Good
Abdullahi Ismail,T20I,1,1.0,33.33,1.0,33.33,100.0,Good
Abdurrahman Ahmadzai,T20I,14,14.0,280.0,14.0,280.0,100.0,Good
Abeer Maryam,T20I,38,4.22,31.93,3.29,31.72,114.5,On Fire
Abeera Waris,T20I,64,9.14,81.01,7.94,73.71,112.5,On Fire
Abhilasha Singh,T20I,7,7.0,63.64,4.0,38.1,171.0,On Fire
Abhishek Anand,T20I,279,15.5,112.96,15.5,112.96,100.0,Good
Abhishek Sharma,IPL,1002,37.11,199.6,29.37,171.27,121.4,On Fire
Abhishek Sharma,T20I,1373,32.69,190.43,30.74,187.24,104.0,Good
Abid Ullah Shah,T20I,16,16.0,160.0,16.0,160.0,100.0,Good
Abidullah Kotwa,T20I,93,93.0,357.69,93.0,357.69,100.0,Good
Abishek Porel,IPL,409,25.56,139.59,25.63,145.37,97.9,Good
Abraar Khan,T20I,19,3.8,45.24,3.8,45.24,100.0,Good
Abrar Ahmed,ODI,24,24.0,88.89,14.0,96.55,131.7,On Fire
Abrar Ahmed,PSL,52,10.4,126.83,6.36,109.38,139.7,On Fire
Abrar Ahmed,T20I,4,1.33,33.33,1.33,33.33,100.0,Good
Abrar Ahmed,Test,2,2.0,18.18,8.5,56.67,27.8,Poor
Abul Farhad,T20I,9,4.5,47.37,4.0,48.0,105.6,Good
Acrey Hugo,T20I,10,10.0,83.33,10.0,83.33,100.0,Good
Ada Bhasin,T20I,1,1.0,50.0,8.1,57.24,49.8,Poor
Adam Senn,T20I,324,24.92,126.07,24.92,126.07,100.0,Good
Adeeb Usmani,ODI,325,40.62,81.66,40.62,81.66,100.0,Good
Adeeb Usmani,T20I,215,71.67,164.12,71.67,164.12,100.0,Good
Adeshlie Alias,T20I,29,14.5,96.67,14.5,96.67,100.0,Good
Adil Butt,T20I,549,42.23,197.48,39.91,175.6,109.1,Good
Adil Khan,T20I,17,8.5,73.91,8.5,73.91,100.0,Good
Aditya Panwar,T20I,34,17.0,113.33,25.0,121.36,80.7,Average
Adnan Anwar,T20I,5,5.0,250.0,5.0,250.0,100.0,Good
Adnan Razzaq,T20I,7,7.0,140.0,13.0,185.71,64.6,Average
Adnan Shnwarei,T20I,1,1.0,33.33,1.0,33.33,100.0,Good
Adnan Tahir,T20I,4,4.0,80.0,4.0,80.0,100.0,Good
Afida Afthab,T20I,6,6.0,33.33,6.0,33.33,100.0,Good
Afif Hossain,ODI,46,23.0,63.89,25.83,87.35,81.1,Average
Afshan Khan,T20I,4,4.0,28.57,4.0,28.57,100.0,Good
Afsheen Ahmed,T20I,1,0.33,14.29,0.33,14.29,100.0,Good
Agha Salman,ODI,870,43.5,94.46,43.06,96.48,99.5,Good
Agha Salman,PSL,313,18.41,129.88,20.54,123.46,97.4,Good
Agha Salman,T20I,769,23.3,127.53,21.55,122.97,105.9,Good
Agha Salman,Test,498,26.21,55.64,36.34,61.44,81.3,Average
Ahmad Khalid Ahmadzai,T20I,48,16.0,184.62,8.33,135.14,164.3,On Fire
Ahmad Ramdoni,T20I,399,19.95,95.91,19.9,88.47,104.3,Good
Ahmad Ullah,T20I,3,3.0,42.86,3.0,42.86,100.0,Good
Ahmadullah Shinwari,T20I,75,18.75,91.46,9.78,87.13,148.3,On Fire
Ahmed Al Zadjali,T20I,7,7.0,140.0,7.0,140.0,100.0,Good
Ahmed Aqeel,T20I,281,28.1,104.85,32.72,118.04,87.4,Good
Ahmed Daniyal,PSL,56,28.0,164.71,16.5,122.22,152.2,On Fire
Ahmed Daniyal,T20I,17,17.0,154.55,17.0,154.55,100.0,Good
Ahmed Faiz,T20I,336,21.0,117.89,24.85,123.93,89.8,Good
Ahmed Hassan,T20I,384,24.0,125.9,24.09,114.39,104.8,Good
Ahmed Wardak,T20I,42,14.0,113.51,16.4,107.89,95.3,Good
Ahmer Bin Nisar,T20I,724,28.96,137.38,27.11,128.07,107.0,Good
Ahsan Ali,PSL,4,4.0,133.33,24.89,132.54,58.3,Poor
Aina Najwa,T20I,54,9.0,59.34,8.35,56.61,106.3,Good
Ainna Hamizah Hashim,T20I,495,18.33,76.63,14.05,68.09,121.5,On Fire
Ainool Hafizs,T20I,34,5.67,103.03,7.67,95.83,90.7,Good
Aishani Kishore,T20I,74,18.5,83.15,18.5,83.15,100.0,Good
Aisya Eleesa,T20I,16,3.2,76.19,2.8,42.86,146.0,On Fire
Aizaz Khan,T20I,130,10.83,95.59,15.58,108.81,78.7,Average
Ajay Kumar,ODI,3,3.0,33.33,3.0,33.33,100.0,Good
Ajaz Patel,T20I,2,1.0,18.18,1.0,18.18,100.0,Good
Ajhar Alam,T20I,5,2.5,45.45,2.5,45.45,100.0,Good
Ajin Soman,T20I,48,9.6,126.32,9.6,126.32,100.0,Good
Akash Deep,IPL,6,6.0,300.0,8.33,178.57,120.0,On Fire
Akash Deep,Test,80,20.0,59.26,11.64,53.8,141.0,On Fire
Akash Madhwal,IPL,4,4.0,44.44,8.0,57.14,63.9,Average
Akhil Arjunan,T20I,40,13.33,88.89,13.56,87.14,100.2,Good
Akhil Kumar,ODI,121,30.25,105.22,24.6,97.62,115.4,On Fire
Akhil Kumar,T20I,1,0.5,25.0,13.67,113.89,12.8,Poor
Akhter Pacha Sher,T20I,53,17.67,151.43,17.67,151.43,100.0,Good
Akif Javed,ODI,10,5.0,71.43,5.0,71.43,100.0,Good
Akif Javed,PSL,6,2.0,85.71,4.33,76.47,79.1,Average
Akif Raja,T20I,1,1.0,33.33,26.0,118.18,16.0,Poor
Akshat Raghuwanshi,IPL,29,14.5,116.0,14.5,116.0,100.0,Good
Al Maseera Jahangir,ODI,31,10.33,44.29,10.33,44.29,100.0,Good
Al Maseera Jahangir,T20I,13,4.33,68.42,3.25,65.0,119.2,On Fire
Alexander Hillman,T20I,22,22.0,157.14,22.0,157.14,100.0,Good
Ali Abbas,T20I,12,6.0,70.59,6.0,70.59,100.0,Good
Ali Dawood,T20I,58,11.6,101.75,8.91,83.76,125.8,On Fire
Ali Farasat,T20I,44,7.33,80.0,12.17,118.38,63.9,Average
Ali Hasan,T20I,0,0.0,0.0,3.33,66.67,0.0,
Ali Hussain,T20I,9,9.0,128.57,5.33,88.89,156.7,On Fire
Ali Khan,ODI,5,5.0,45.45,3.57,54.35,111.8,On Fire
Ali Majid,PSL,9,9.0,112.5,9.0,112.5,100.0,Good
Ali Masood,T20I,27,9.0,81.82,18.96,99.54,64.8,Average
Ali Nadeem,ODI,134,22.33,64.73,22.33,64.73,100.0,Good
Ali Nadeem,T20I,188,47.0,143.51,47.0,143.51,100.0,Good
Ali Nawaz,T20I,245,15.31,112.9,15.31,112.9,100.0,Good
Ali Nayyer,T20I,93,13.29,114.81,19.64,129.11,78.3,Average
Ali Rahmon,T20I,166,20.75,117.73,20.75,117.73,100.0,Good
Ali Rasool,T20I,5,5.0,45.45,3.67,44.0,119.8,On Fire
Ali Raza,PSL,1,1.0,11.11,1.0,11.11,100.0,Good
Ali Sheikh,T20I,22,11.0,110.0,11.0,110.0,100.0,Good
Ali Usman,Test,36,5.14,30.25,5.14,30.25,100.0,Good
Ali Zaheer,T20I,49,24.5,119.51,19.0,98.96,124.9,On Fire
Alifiya Sayed,T20I,3,3.0,15.0,1.5,12.5,160.0,On Fire
Alina Aslam,T20I,48,6.0,50.0,7.91,55.06,83.3,Average
Aliya Kamara,T20I,52,8.67,110.64,8.67,110.64,100.0,Good
Aliya Riaz,ODI,357,29.75,74.69,26.51,67.27,111.6,On Fire
Aliya Riaz,T20I,258,18.43,109.32,19.56,98.92,102.4,Good
Amad Butt,PSL,3,3.0,100.0,13.0,142.86,46.5,Poor
Amal Jacob,T20I,31,5.17,52.54,7.5,61.86,76.9,Average
Amalin Sorfina,T20I,4,4.0,100.0,5.0,38.46,170.0,On Fire
Aman Desai,T20I,207,17.25,109.52,16.59,116.7,98.9,Good
Amandeep Singh,T20I,30,15.0,107.14,15.4,124.19,91.8,Good
Amar Naeem,T20I,291,17.12,120.75,16.8,116.26,102.9,Good
Amar Sharma,T20I,0,0.0,0.0,13.45,83.15,0.0,
Amarpal Kaur,T20I,223,27.88,77.97,26.5,78.13,102.5,Good
Amaya Rajapaksha,T20I,9,4.5,42.86,4.5,42.86,100.0,Good
Ameer Saiyed,T20I,99,14.14,103.12,14.88,95.11,101.7,Good
Amelia Griffiths,T20I,6,3.0,24.0,3.0,24.0,100.0,Good
Amelia Jones,T20I,64,21.33,46.38,21.33,46.38,100.0,Good
Amina Kashif,T20I,5,5.0,25.0,5.0,25.0,100.0,Good
Aminata Kamara,T20I,330,17.37,94.29,17.14,91.6,102.1,Good
Aminul Islam Chowdhury,T20I,7,7.0,116.67,7.0,116.67,100.0,Good
Aminullah Tanha,T20I,0,0.0,0.0,1.25,25.0,0.0,
Amir Butt,T20I,208,26.0,130.82,26.0,130.82,100.0,Good
Amir Farooq,T20I,1,1.0,25.0,9.67,95.6,18.2,Poor
Amir Khan,T20I,116,19.33,100.87,19.33,100.87,100.0,Good
Amite Hasan,Test,29,14.5,72.5,14.5,72.5,100.0,Good
Amjad Sher,T20I,132,11.0,123.36,11.73,126.06,95.8,Good
Amma Kashif,T20I,0,0.0,0.0,0.0,0.0,0.0,
Amna Tariq,T20I,63,7.0,50.0,6.95,50.0,100.4,Good
Amrita Sasidharan,T20I,132,18.86,84.08,18.86,84.08,100.0,Good
Anamul Haque,Test,62,12.4,44.6,10.8,40.6,112.3,On Fire
Ananya Sarma,T20I,9,1.8,29.03,1.22,15.07,170.1,On Fire
Ananya Srinivasan,T20I,38,12.67,64.41,12.67,64.41,100.0,Good
Anas Baig,T20I,89,14.83,143.55,14.83,143.55,100.0,Good
Anas Khan,T20I,0,0.0,0.0,11.5,86.25,0.0,
Angela Busa,T20I,25,3.12,43.86,3.0,32.35,119.8,On Fire
Aniket Verma,IPL,315,21.0,160.71,21.0,160.71,100.0,Good
Anjar Tadarus,T20I,292,11.68,87.43,12.38,86.41,97.8,Good
Anjuman Hira,T20I,0,0.0,0.0,0.0,0.0,0.0,
Ankita Mehta,T20I,15,15.0,93.75,15.0,93.75,100.0,Good
Ankush Singh,T20I,36,18.0,124.14,18.0,124.14,100.0,Good
Anna Wilson,T20I,0,0.0,0.0,0.0,0.0,0.0,
Anoop Orsu,T20I,126,25.2,116.67,18.25,118.7,118.2,On Fire
Anop Santosh,ODI,2,2.0,22.22,2.0,22.22,100.0,Good
Ansh Patel,ODI,54,27.0,94.74,27.0,94.74,100.0,Good
Ansh Patel,T20I,0,0.0,0.0,0.0,0.0,0.0,
Anshuman Rath,T20I,1296,46.29,145.62,32.49,128.24,128.0,On Fire
Anskumar Ahir,T20I,2,2.0,33.33,2.0,33.33,100.0,Good
Anthony Hillman,T20I,117,58.5,123.16,58.5,123.16,100.0,Good
Aqib Iqbal,T20I,818,28.21,130.25,24.07,122.79,111.6,On Fire
Aqif Farooq,T20I,1,1.0,25.0,1.0,25.0,100.0,Good
Arafat Minhas,ODI,60,30.0,70.59,30.0,70.59,100.0,Good
Arafat Minhas,PSL,154,15.4,158.76,14.09,158.16,104.8,Good
Archara Supriya,T20I,2,2.0,40.0,4.0,28.57,95.0,Good
Aridah Umer Farooq,T20I,2,1.0,10.53,1.0,10.53,100.0,Good
Arif Hosen,T20I,4,0.67,13.79,0.67,13.79,100.0,Good
Arif Ullah,T20I,5,5.0,83.33,5.0,83.33,100.0,Good
Arif Yaqoob,PSL,1,1.0,100.0,11.0,122.22,45.5,Poor
Aritra Bhakat,T20I,6,6.0,150.0,6.0,150.0,100.0,Good
Aritra Dutta,T20I,153,13.91,106.99,19.78,129.22,76.6,Average
Arjun Kumal,ODI,102,25.5,58.62,25.5,58.62,100.0,Good
Arjun Tendulkar,IPL,5,5.0,100.0,18.0,128.57,52.8,Poor
Arjun Vinod,T20I,320,26.67,111.89,25.2,110.92,103.4,Good
Arnav Manoj,T20I,0,0.0,0.0,0.0,0.0,0.0,
Arrikan Phuengkho,T20I,4,4.0,133.33,4.0,133.33,100.0,Good
Arsalan Arif,T20I,39,13.0,76.47,13.0,76.47,100.0,Good
Arshad Khan,IPL,46,15.33,153.33,23.67,149.47,83.7,Average
Arshdeep Singh,IPL,3,3.0,42.86,5.33,68.09,59.6,Poor
Arshdeep Singh,ODI,34,8.5,136.0,8.88,122.41,103.4,Good
Arshdeep Singh,T20I,38,3.45,79.17,5.94,99.02,69.0,Average
Arslan Amjad,T20I,175,13.46,99.43,14.07,105.26,95.1,Good
Arun Yadav,T20I,438,36.5,152.08,36.5,152.08,100.0,Good
Aryaa Kulkarni,T20I,0,0.0,0.0,0.0,0.0,0.0,
Asad Rasheed,T20I,1,1.0,33.33,1.0,33.33,100.0,Good
Asghar Ali Khan,T20I,215,35.83,160.45,35.83,160.45,100.0,Good
Ashar Abbas,T20I,10,5.0,62.5,5.0,62.5,100.0,Good
Ashi Chopla,T20I,5,1.25,33.33,1.25,33.33,100.0,Good
Ashish Bam,T20I,40,13.33,90.91,13.33,90.91,100.0,Good
Ashish Gupta,T20I,24,6.0,68.57,6.0,68.57,100.0,Good
Ashmal Hashmi,T20I,10,1.25,23.26,1.25,23.26,100.0,Good
Ashmeet Bhullar,T20I,4,2.0,28.57,2.0,28.57,100.0,Good
Ashok Sharma,IPL,1,1.0,25.0,1.0,25.0,100.0,Good
Ashraful Shuvo,T20I,2,2.0,100.0,4.5,64.29,100.0,Good
Ashutosh Sharma,IPL,375,31.25,169.68,29.68,168.86,102.9,Good
Ashwani Kumar,IPL,1,1.0,16.67,1.0,16.67,100.0,Good
Ashwin Vinod,T20I,37,9.25,82.22,14.2,102.9,72.5,Average
Ashwini Balaji,T20I,10,3.33,90.91,3.33,90.91,100.0,Good
Ashwini Govinda,T20I,11,5.5,14.29,2.75,12.64,156.5,On Fire
Asif Afridi,PSL,47,11.75,95.92,9.6,92.31,113.2,On Fire
Asif Afridi,Test,4,4.0,80.0,4.0,80.0,100.0,Good
Asif Ali,PSL,87,9.67,155.36,20.57,156.71,73.1,Average
Asif Ali,T20I,1003,27.11,143.49,20.88,132.07,119.2,On Fire
Asif Javed,T20I,5,5.0,125.0,5.0,125.0,100.0,Good
Asif Khan,ODI,115,38.33,65.34,38.48,80.94,90.2,Good
Asif Khan,T20I,256,28.44,163.06,29.2,137.43,108.0,Good
Asif Mehmood,PSL,12,12.0,133.33,12.0,133.33,100.0,Good
Asif Shaikh,T20I,11,5.5,84.62,5.5,84.62,100.0,Good
Aslam Bera,T20I,2,0.5,22.22,0.5,22.22,100.0,Good
Aslam Khan,T20I,404,18.36,160.32,17.22,150.49,106.6,Good
Aslan Jafri,T20I,130,10.83,110.17,10.83,110.17,100.0,Good
Asma Shifa,T20I,5,1.67,22.73,2.5,25.0,78.9,Average
Ateeq Iqbal,T20I,5,5.0,38.46,6.33,73.08,65.8,Average
Atharva Taide,IPL,13,13.0,144.44,26.0,146.89,74.2,Average
Atif Rasheed,T20I,13,6.5,59.09,14.33,119.44,47.4,Poor
Attia Diwan Ali,T20I,9,1.5,37.5,1.5,37.5,100.0,Good
Aue Oru,T20I,4,4.0,36.36,4.0,36.36,100.0,Good
Auqib Nabi,IPL,14,14.0,350.0,14.0,350.0,100.0,Good
Avesh Khan,IPL,27,13.5,150.0,17.0,158.14,87.1,Good
Avishka Iroshan,T20I,590,29.5,115.46,29.5,115.46,100.0,Good
Awais Ahmad,T20I,323,14.68,122.81,14.68,122.81,100.0,Good
Awais Ikram,T20I,25,25.0,108.7,9.67,100.0,183.6,On Fire
Awais Zafar,PSL,36,36.0,133.33,36.0,133.33,100.0,Good
Awais Zafar,Test,1,1.0,12.5,1.0,12.5,100.0,Good
Ayaz Dadabhai,T20I,161,12.38,107.33,12.38,107.33,100.0,Good
Ayesha Hasan,T20I,331,19.47,91.69,18.0,83.54,109.0,Good
Ayesha Zafar,ODI,277,46.17,97.19,21.38,66.93,180.6,On Fire
Ayesha Zafar,T20I,395,18.81,130.79,16.94,110.63,114.6,On Fire
Aysha,T20I,246,15.38,110.81,20.26,113.91,86.6,Good
Ayyaz Qureshi,T20I,32,32.0,54.24,17.4,65.91,133.1,On Fire
Azam Khan,PSL,302,23.23,133.04,24.86,143.77,93.0,Good
Azan Awais,Test,357,25.5,54.17,25.5,54.17,100.0,Good
Azim Patel,T20I,8,2.67,61.54,2.67,61.54,100.0,Good
Aziz Mohammad,T20I,303,33.67,131.74,26.47,133.53,112.9,On Fire
Azmatullah Omarzai,IPL,109,18.17,160.29,15.1,149.5,113.8,On Fire
Azri Azhar,T20I,20,6.67,95.24,6.67,95.24,100.0,Good
B Balala,T20I,71,8.88,63.39,8.89,61.54,101.4,Good
B Bhandari,ODI,66,22.0,69.47,20.69,62.69,108.6,Good
B Biza,ODI,302,33.56,74.57,30.36,67.25,110.7,On Fire
B Biza,T20I,298,14.9,96.75,16.0,93.3,98.4,Good
B Botcha,T20I,21,4.2,42.86,4.2,42.86,100.0,Good
B Doggett,BBL,15,7.5,60.0,11.11,94.34,65.6,Average
B Doggett,Test,20,20.0,39.22,20.0,39.22,100.0,Good
B Dugic,T20I,2,2.0,28.57,2.33,36.84,81.7,Average
B Ercegovcevic,T20I,33,5.5,56.9,5.67,57.63,97.9,Good
B Evans,ODI,137,27.4,120.18,17.2,97.73,141.1,On Fire
B Evans,T20I,239,18.38,144.85,16.47,136.59,108.8,Good
B Evans,Test,4,4.0,40.0,3.67,42.31,101.8,Good
B Fernando,T20I,6,6.0,60.0,14.33,91.49,53.7,Poor
B Fitchet,T20I,65,10.83,77.38,12.79,101.7,80.4,Average
B Ichinkhorloo,T20I,77,9.62,43.02,6.11,32.16,145.6,On Fire
B Ito-Davis,T20I,96,9.6,86.49,15.2,110.68,70.7,Average
B Kasinja,T20I,2,1.0,20.0,1.0,20.0,100.0,Good
B Keganne,T20I,65,16.25,76.47,16.25,76.47,100.0,Good
B Kgosiemang,T20I,9,9.0,50.0,13.0,49.06,85.6,Good
B Khumalo,T20I,23,23.0,74.19,11.25,68.18,156.6,On Fire
B Kohler-Cadmore,T20I,347,49.57,189.62,39.45,178.6,115.9,On Fire
B Kumar,IPL,48,16.0,94.12,9.32,93.9,136.0,On Fire
B Leo,T20I,4,4.0,36.36,4.0,33.33,104.5,Good
B Likavu,T20I,77,25.67,192.5,25.67,192.5,100.0,Good
B Manuel,T20I,63,5.25,52.94,4.53,52.31,108.5,Good
B Maximo,T20I,0,0.0,0.0,0.0,0.0,0.0,
B Mejaro,T20I,6,3.0,28.57,2.0,26.67,128.6,On Fire
B Mosoaboli,T20I,5,5.0,14.29,5.0,14.29,100.0,Good
B Murekatete,T20I,66,5.5,64.71,7.0,70.31,85.3,Good
B Muzarabani,ODI,5,5.0,33.33,5.95,53.6,73.1,Average
B Muzarabani,T20I,21,5.25,84.0,4.2,74.12,119.2,On Fire
B Muzarabani,Test,154,11.85,55.4,11.55,53.97,102.6,Good
B Namuunzul,T20I,21,21.0,51.22,4.38,30.97,322.4,On Fire
B Niaz,T20I,359,21.12,129.6,24.04,127.29,94.8,Good
B Nikitaras,BBL,1,1.0,50.0,4.5,64.29,50.0,Poor
B Passoni,T20I,3,3.0,27.27,3.0,27.27,100.0,Good
B Pavlinakova,T20I,3,3.0,33.33,5.0,38.46,73.3,Average
B Phelenyane,T20I,62,6.2,49.21,3.83,38.33,145.1,On Fire
B Pierre,T20I,82,9.11,56.94,9.11,56.94,100.0,Good
B Pondani,T20I,18,9.0,81.82,6.67,62.5,132.9,On Fire
B Rawal,T20I,244,11.62,68.16,12.51,65.95,98.1,Good
B Sai Sudharsan,IPL,1481,49.37,157.05,48.37,149.17,103.7,Good
B Sai Sudharsan,Test,302,27.45,38.72,27.45,38.72,100.0,Good
B Shanti,T20I,158,13.17,76.7,11.09,70.38,113.9,On Fire
B Sharki,ODI,331,25.46,67.97,29.54,66.8,94.0,Good
B Sharki,T20I,39,19.5,150.0,19.5,150.0,100.0,Good
B Shikongo,ODI,5,2.5,55.56,5.5,36.07,99.7,Good
B Shikongo,T20I,0,0.0,0.0,0.33,14.29,0.0,
B Shino-Dyson,T20I,0,0.0,0.0,0.0,0.0,0.0,
B Shotorova,T20I,50,5.56,46.3,4.77,38.75,118.0,On Fire
B Siddharth,ODI,5,1.67,55.56,2.0,42.11,107.7,Good
B Siddharth,T20I,5,5.0,166.67,1.67,50.0,316.4,On Fire
B Stanlake,BBL,8,8.0,200.0,9.33,59.57,210.7,On Fire
B Stanlake,ODI,0,0.0,0.0,1.33,13.79,0.0,
B Tau,ODI,57,9.5,34.55,12.86,46.27,74.3,Average
B Tau,T20I,453,23.84,87.45,24.79,89.29,97.1,Good
B Tlali,T20I,56,5.09,44.8,5.09,44.8,100.0,Good
B Unenchtseceg,T20I,5,5.0,45.45,5.0,45.45,100.0,Good
B Vakatini,T20I,0,0.0,0.0,1.67,55.56,0.0,
B Waluma,T20I,48,4.36,42.11,4.27,49.47,93.6,Good
B Wani,T20I,22,7.33,73.33,3.75,44.78,179.6,On Fire
B Ward,T20I,71,35.5,122.41,28.43,128.39,110.1,On Fire
B White,T20I,5,5.0,83.33,26.0,55.32,84.9,Average
B de Leede,ODI,58,58.0,90.62,24.79,73.21,178.9,On Fire
B de Leede,T20I,873,24.25,108.45,22.7,98.09,108.7,Good
B van Zyl,T20I,49,9.8,108.89,9.8,108.89,100.0,Good
BA Carse,ODI,72,10.29,75.79,17.6,80.24,76.5,Average
BA Carse,T20I,46,11.5,131.43,9.2,124.32,115.4,On Fire
BA Carse,Test,263,17.53,70.7,17.85,72.71,97.7,Good
BA King,CPL,476,34.0,127.27,28.91,131.35,107.3,Good
BA King,ODI,188,15.67,78.01,27.16,83.6,75.5,Average
BA King,T20I,428,20.38,130.89,26.07,134.39,87.8,Good
BA King,Test,494,29.06,58.25,29.06,58.25,100.0,Good
BA Pai,T20I,30,6.0,81.08,28.52,110.71,47.1,Poor
BA Stokes,Test,554,25.18,47.11,34.47,58.53,76.8,Average
BA Viraliliu,T20I,2,2.0,25.0,20.5,107.89,16.5,Poor
BAD Manenti,BBL,32,8.0,106.67,9.23,94.49,99.8,Good
BAD Manenti,T20I,179,35.8,152.99,23.1,144.38,130.5,On Fire
BADL Faunce,T20I,21,7.0,65.62,7.0,65.62,100.0,Good
BB Ahir,T20I,16,16.0,84.21,16.0,84.21,100.0,Good
BC Fortuin,ODI,3,1.5,50.0,7.62,63.54,49.2,Poor
BC Fortuin,T20I,53,17.67,123.26,10.75,112.17,137.1,On Fire
BD Macdonald,BBL,84,28.0,158.49,28.0,158.49,100.0,Good
BD Pare,T20I,3,3.0,60.0,3.0,60.0,100.0,Good
BF Calitz,T20I,174,19.33,141.46,19.33,141.46,100.0,Good
BF Mailata,T20I,234,19.5,97.5,19.5,97.5,100.0,Good
BFW de Leede,ODI,309,44.14,88.79,30.36,73.53,133.1,On Fire
BFW de Leede,T20I,159,39.75,133.61,27.53,106.66,134.8,On Fire
BG Illing,ODI,2,1.0,16.67,1.0,16.67,100.0,Good
BG Illing,T20I,5,5.0,41.67,5.0,41.67,100.0,Good
BG Lister,ODI,2,2.0,28.57,12.0,57.14,33.3,Poor
BI Dilruksha,T20I,329,25.31,119.64,21.78,106.52,114.3,On Fire
BJ Bennett,ODI,316,35.11,89.01,32.25,90.21,103.8,Good
BJ Bennett,T20I,1382,39.49,142.62,33.78,144.17,107.9,Good
BJ Bennett,Test,432,33.23,75.0,30.0,72.35,107.2,Good
BJ Curran,ODI,444,63.43,78.72,63.43,78.72,100.0,Good
BJ Curran,T20I,102,12.75,134.21,12.75,134.21,100.0,Good
BJ Curran,Test,254,23.09,48.11,23.09,48.11,100.0,Good
BJ Currie,ODI,7,7.0,70.0,16.0,53.33,87.5,Good
BJ Currie,T20I,4,4.0,50.0,9.5,59.38,63.2,Average
BJ Dwarshuis,BBL,152,13.82,139.45,16.05,141.41,92.4,Good
BJ Dwarshuis,ODI,65,16.25,62.5,16.25,62.5,100.0,Good
BJ Dwarshuis,PSL,102,51.0,170.0,51.0,170.0,100.0,Good
BJ Dwarshuis,T20I,62,10.33,83.78,7.88,79.75,118.1,On Fire
BJ Jacobs,CPL,35,11.67,89.74,11.67,89.74,100.0,Good
BJ Jacobs,PSL,102,25.5,136.0,25.5,136.0,100.0,Good
BJ Jacobs,T20I,183,26.14,142.97,26.14,142.97,100.0,Good
BJ Konstas,T20I,95,47.5,114.46,47.5,114.46,100.0,Good
BJ Lazarus,T20I,113,14.12,76.87,14.12,76.87,100.0,Good
BJ McCarthy,ODI,0,0.0,0.0,9.94,63.77,0.0,
BJ McCarthy,T20I,17,5.67,89.47,14.65,120.08,56.6,Poor
BJ McCarthy,Test,67,16.75,52.34,13.6,46.26,118.2,On Fire
BJ McMullen,ODI,684,38.0,105.39,42.49,93.35,101.2,Good
BJ McMullen,T20I,290,24.17,136.15,31.48,143.88,85.7,Good
BJ Webster,BBL,263,37.57,127.67,29.25,121.04,117.0,On Fire
BJ Webster,Test,469,33.5,61.31,33.5,61.31,100.0,Good
BK Majji,T20I,77,25.67,93.9,25.67,93.9,100.0,Good
BK Stroud,T20I,11,3.67,45.83,8.0,40.51,79.5,Average
BKB Corbin,T20I,80,13.33,105.26,14.58,121.53,89.0,Good
BKG Mendis,IPL,20,20.0,200.0,20.0,200.0,100.0,Good
BKG Mendis,ODI,711,44.44,92.46,35.36,87.24,115.8,On Fire
BKG Mendis,PSL,693,49.5,168.2,49.5,168.2,100.0,Good
BKG Mendis,T20I,722,24.9,125.57,25.88,129.78,96.5,Good
BKG Mendis,Test,358,39.78,68.06,36.56,58.6,112.5,On Fire
BL Couch,BBL,5,5.0,71.43,9.67,74.36,73.9,Average
BL Mooney,ODI,812,58.0,97.95,50.08,89.45,112.7,On Fire
BL Mooney,T20I,781,52.07,143.04,42.01,127.18,118.2,On Fire
BL Mooney,Test,125,62.5,55.31,41.29,52.55,128.3,On Fire
BL Mooney,WPL,495,30.94,125.0,35.45,129.78,91.8,Good
BM Duckett,BBL,108,27.0,138.46,28.68,139.03,96.9,Good
BM Duckett,ODI,791,39.55,100.25,42.6,100.0,96.5,Good
BM Duckett,T20I,212,23.56,166.93,27.74,153.2,96.9,Good
BM Duckett,Test,1094,35.29,86.89,38.23,86.21,96.5,Good
BM Halliday,ODI,634,52.83,89.42,34.0,78.69,134.5,On Fire
BM Halliday,T20I,285,20.36,100.71,16.1,98.69,114.3,On Fire
BM Pecic,T20I,286,26.0,116.26,22.47,109.77,110.8,On Fire
BM Scholtz,ODI,62,7.75,57.94,12.04,65.48,76.4,Average
BM Scholtz,T20I,10,2.5,83.33,7.7,90.59,62.2,Average
BM Tickner,ODI,37,18.5,90.24,13.25,76.81,128.6,On Fire
BM Tickner,Test,4,4.0,66.67,17.0,26.56,137.3,On Fire
BMA Mbida,T20I,122,10.17,84.72,8.59,71.86,118.1,On Fire
BMSM Kumari,ODI,93,15.5,63.27,10.67,51.2,134.4,On Fire
BMSM Kumari,T20I,19,4.75,63.33,4.86,61.08,100.7,Good
BN Toube,T20I,53,13.25,86.89,16.5,98.67,84.2,Average
BO Shastri,T20I,12,6.0,48.0,6.0,48.0,100.0,Good
BOP Fernando,Test,13,6.5,65.0,31.54,49.64,75.8,Average
BR Hampton,PSL,7,7.0,100.0,7.0,100.0,100.0,Good
BR McDermott,BBL,435,31.07,134.67,34.11,138.08,94.3,Good
BR McDermott,CPL,251,22.82,141.01,22.82,141.01,100.0,Good
BR McDermott,PSL,28,9.33,133.33,9.33,133.33,100.0,Good
BRM Taylor,ODI,24,8.0,45.28,33.47,75.25,42.0,Poor
BRM Taylor,T20I,275,34.38,143.23,27.4,124.97,120.0,On Fire
BRM Taylor,Test,68,22.67,39.31,37.33,57.4,64.6,Average
BS Fulmali,T20I,67,11.17,100.0,11.25,90.0,105.2,Good
BS Fulmali,WPL,252,31.5,159.49,31.6,149.76,103.1,Good
BTJ Wheal,T20I,2,2.0,66.67,10.0,90.91,46.7,Poor
BV Sears,ODI,11,11.0,64.71,11.0,64.71,100.0,Good
BV Sears,PSL,1,0.5,12.5,0.5,12.5,100.0,Good
BV Sears,T20I,9,9.0,64.29,7.67,69.7,104.8,Good
BV Sears,Test,19,19.0,46.34,19.0,42.22,104.9,Good
Babar Azam,BBL,202,22.44,103.06,22.44,103.06,100.0,Good
Babar Azam,ODI,669,35.21,74.42,53.63,87.16,75.5,Average
Babar Azam,PSL,876,54.75,139.71,47.1,129.7,112.0,On Fire
Babar Azam,T20I,373,31.08,115.84,39.18,128.32,84.8,Average
Babar Azam,Test,720,40.0,61.02,42.98,55.39,101.6,Good
Babar Hayat,T20I,694,27.76,132.7,28.75,131.18,98.9,Good
Bakhtiar Tahiri,T20I,8,8.0,266.67,29.8,105.67,139.6,On Fire
Baseer Khan,T20I,247,19.0,107.39,17.27,107.02,105.2,Good
Basharat Hussain,T20I,3,3.0,20.0,3.0,20.0,100.0,Good
Basil Hameed,T20I,14,7.0,155.56,23.83,129.29,74.8,Average
Basir Ahamad,ODI,94,23.5,58.02,16.17,55.43,125.0,On Fire
Basir Ahamad,T20I,137,45.67,135.64,45.67,135.64,100.0,Good
Benjamin Embleton,T20I,37,12.33,90.24,12.33,90.24,100.0,Good
Benson Chama,T20I,0,0.0,0.0,0.0,0.0,0.0,
Bhargav Narasimha,T20I,29,9.67,67.44,9.67,67.44,100.0,Good
Bijeyata Kumari,T20I,198,13.2,55.31,11.17,53.6,110.7,On Fire
Bilal Ahmad Mir,T20I,89,12.71,112.66,12.71,112.66,100.0,Good
Bilal Masud,T20I,163,18.11,110.14,30.53,123.57,74.2,Average
Bilal Shah,T20I,1,1.0,100.0,1.0,100.0,100.0,Good
Bilal Tahir,T20I,167,27.83,157.55,21.53,141.59,120.3,On Fire
Bilal Zalmai,T20I,1382,28.2,158.49,28.89,158.94,98.7,Good
Bipin Kumar,T20I,5,2.5,41.67,2.5,41.67,100.0,Good
Boio Ray,T20I,101,12.62,98.06,12.62,98.06,100.0,Good
Borna Pejic,T20I,0,0.0,0.0,0.0,0.0,0.0,
Breeze Ahir,T20I,58,29.0,100.0,12.75,81.6,175.0,On Fire
Brijesh Sharma,IPL,2,2.0,50.0,2.0,50.0,100.0,Good
Brima Ansumana,T20I,45,7.5,56.96,7.5,56.96,100.0,Good
Bukhar Illikkal,T20I,27,13.5,112.5,8.0,100.0,140.6,On Fire
C Abel,ODI,9,3.0,75.0,3.6,32.14,158.3,On Fire
C Abel,T20I,13,2.6,31.71,10.14,68.93,35.8,Poor
C Agafili,T20I,94,11.75,89.52,11.75,89.52,100.0,Good
C Aweko,T20I,11,2.75,50.0,4.86,57.84,71.5,Average
C Bah,T20I,71,7.1,91.03,9.05,104.19,82.9,Average
C Bevin,T20I,24,12.0,88.89,12.0,88.89,100.0,Good
C Bogdanos,T20I,45,15.0,76.27,20.0,77.78,86.5,Good
C Bosch,IPL,97,32.33,153.97,32.33,153.97,100.0,Good
C Bosch,ODI,269,44.83,117.98,51.5,113.6,95.5,Good
C Bosch,T20I,115,12.78,107.48,12.78,107.48,100.0,Good
C Bosch,Test,164,54.67,72.89,61.25,76.8,92.1,Good
C Brennan,T20I,82,16.4,91.11,17.28,113.5,87.6,Good
C Bull,T20I,286,13.0,81.71,12.15,80.0,104.6,Good
C Bwanali,T20I,16,1.78,22.22,1.78,22.22,100.0,Good
C Campher,ODI,118,39.33,69.41,34.39,80.52,100.3,Good
C Campher,PSL,16,8.0,133.33,8.0,133.33,100.0,Good
C Campher,T20I,169,21.12,116.55,22.13,126.62,93.7,Good
C Campher,Test,169,28.17,33.47,26.06,39.71,96.2,Good
C Carmichael,ODI,64,32.0,78.05,32.0,78.05,100.0,Good
C Carmichael,Test,106,17.67,45.3,17.67,45.3,100.0,Good
C Cassell,ODI,4,4.0,80.0,4.0,80.0,100.0,Good
C Cassell,T20I,2,2.0,66.67,3.0,50.0,100.0,Good
C Chatonzwa,ODI,7,2.33,17.95,6.57,31.29,46.4,Poor
C Chatonzwa,T20I,27,9.0,64.29,8.6,70.49,97.9,Good
C Chatphaisan,T20I,210,8.75,89.36,13.22,101.97,76.9,Average
C Chete,T20I,24,6.0,85.71,3.67,70.21,142.8,On Fire
C Chukwuonye,T20I,199,12.44,78.97,9.61,73.67,118.3,On Fire
C Cirlig,T20I,4,4.0,26.67,4.0,34.29,88.9,Good
C Connolly,BBL,331,23.64,142.67,30.23,137.41,91.0,Good
C Connolly,IPL,491,44.64,163.12,44.64,163.12,100.0,Good
C Connolly,ODI,325,40.62,91.55,41.5,89.49,100.1,Good
C Connolly,T20I,91,10.11,122.97,10.11,122.97,100.0,Good
C Connolly,Test,4,4.0,66.67,4.0,66.67,100.0,Good
C Crowe,T20I,56,8.0,56.57,8.0,56.57,100.0,Good
C Cummings,T20I,3,1.5,27.27,1.5,27.27,100.0,Good
C De Freitas,T20I,438,39.82,162.22,39.82,162.22,100.0,Good
C Dickson,T20I,133,16.62,95.68,17.0,95.58,98.9,Good
C Elmore,T20I,0,0.0,0.0,0.0,0.0,0.0,
C Esterhuizen,ODI,197,98.5,100.0,98.5,100.0,100.0,Good
C Esterhuizen,T20I,326,40.75,155.24,40.75,155.24,100.0,Good
C Forshaw,T20I,6,6.0,50.0,10.5,80.77,59.5,Poor
C Green,IPL,322,32.2,145.7,38.11,151.1,90.5,Good
C Green,ODI,320,45.71,84.66,41.13,83.42,106.3,Good
C Green,T20I,375,31.25,151.21,30.24,151.91,101.4,Good
C Green,Test,543,30.17,54.52,34.29,50.12,98.4,Good
C Greenshields,T20I,121,40.33,108.04,40.33,108.04,100.0,Good
C Hartmann,T20I,169,28.17,109.74,20.94,107.41,118.3,On Fire
C Henery,T20I,94,15.67,110.59,16.0,105.79,101.2,Good
C Hinze,T20I,79,8.78,94.05,11.67,102.19,83.6,Average
C Karunaratne,T20I,17,17.0,73.91,15.11,105.84,91.2,Good
C Kellaway,BBL,172,21.5,122.86,18.21,123.19,108.9,Good
C Kyewuta,T20I,34,17.0,141.67,14.0,121.74,118.9,On Fire
C Lokuge,T20I,81,10.12,69.83,10.12,69.83,100.0,Good
C Madande,ODI,43,10.75,70.49,19.6,72.59,76.0,Average
C Madande,T20I,53,8.83,76.81,21.43,117.42,53.3,Poor
C Magaia,T20I,224,14.0,73.93,14.43,83.75,92.6,Good
C Mahamalage,T20I,54,6.75,44.26,12.89,63.47,61.0,Average
C Mangulama,T20I,9,2.25,32.14,2.25,32.14,100.0,Good
C Munoz-Mills,T20I,68,22.67,147.83,24.77,135.86,100.2,Good
C Munro,BBL,118,13.11,116.83,28.88,129.26,67.9,Average
C Munro,CPL,736,32.0,144.31,34.72,132.16,100.7,Good
C Munro,PSL,216,36.0,144.97,33.33,149.82,102.4,Good
C Murray,ODI,54,10.8,65.06,9.5,53.41,117.7,On Fire
C Murray,T20I,2,0.5,22.22,3.64,75.47,21.6,Poor
C Musemez,T20I,182,30.33,141.09,30.33,141.09,100.0,Good
C Mutasa,ODI,3,1.0,25.0,1.0,25.0,100.0,Good
C Mutasa,T20I,59,19.67,100.0,11.14,100.0,138.3,On Fire
C Nunes,T20I,289,28.9,144.5,28.9,144.5,100.0,Good
C Nzabarinda,T20I,1,1.0,50.0,1.0,50.0,100.0,Good
C Ostergaard,T20I,32,10.67,59.26,13.67,64.06,85.3,Good
C Pengkumta,T20I,81,11.57,80.2,8.17,71.01,127.3,On Fire
C Perry,T20I,23,5.75,71.88,5.75,71.88,100.0,Good
C Piparo,T20I,305,43.57,127.08,43.57,127.08,100.0,Good
C Potgieter,T20I,228,22.8,125.97,22.8,125.97,100.0,Good
C Prasad,ODI,6,6.0,26.09,6.0,26.09,100.0,Good
C Pyle,T20I,225,22.5,138.89,21.76,121.71,108.8,Good
C Rathanak,T20I,0,0.0,0.0,0.0,0.0,0.0,
C Roberts,T20I,588,39.2,109.91,35.83,108.71,105.3,Good
C Rububagumya,T20I,108,13.5,83.72,13.47,83.44,100.3,Good
C Rumistrzewicz,T20I,1,1.0,25.0,6.33,57.58,29.6,Poor
C Shivakumar,T20I,27,9.0,67.5,9.0,67.5,100.0,Good
C Sosa,T20I,26,13.0,45.61,4.29,34.48,217.7,On Fire
C Sridev,T20I,47,11.75,81.03,11.75,81.03,100.0,Good
C Stow,BBL,1,1.0,50.0,1.0,50.0,100.0,Good
C Sudarsanan,T20I,41,13.67,78.85,10.42,73.53,119.2,On Fire
C Sutthiruang,ODI,136,19.43,80.47,14.93,72.57,120.5,On Fire
C Sutthiruang,T20I,432,13.5,85.71,13.55,88.53,98.2,Good
C Tchale,T20I,4,1.0,44.44,1.0,44.44,100.0,Good
C Tear,ODI,252,25.2,89.68,30.56,77.87,98.8,Good
C Tear,T20I,35,17.5,116.67,12.43,93.55,132.8,On Fire
C Tlali,T20I,83,9.22,82.18,9.0,76.92,104.6,Good
C Tommy,T20I,73,18.25,104.29,14.24,93.44,119.9,On Fire
C Trott,T20I,1,1.0,50.0,3.0,42.86,75.0,Average
C Udekwe,T20I,6,6.0,120.0,7.2,92.31,106.7,Good
C Uwase,T20I,415,13.83,90.02,12.16,84.8,109.9,Good
C Valencia,T20I,1,1.0,100.0,1.0,100.0,100.0,Good
C Webster,T20I,34,8.5,87.18,10.62,116.44,77.5,Average
C Wickramasinghe,ODI,58,19.33,58.0,19.33,58.0,100.0,Good
C Wickramasinghe,T20I,6,6.0,100.0,14.0,127.27,60.7,Average
C Wijesinghe,T20I,30,10.0,41.67,8.0,42.11,112.0,On Fire
C Wright,T20I,42,7.0,65.62,8.69,78.09,82.3,Average
C de Lange,ODI,130,21.67,50.78,16.64,49.36,116.6,On Fire
C de Lange,T20I,60,6.0,62.5,6.32,61.22,98.5,Good
CA Henry,ODI,357,35.7,104.08,19.87,88.34,148.7,On Fire
CA Henry,T20I,227,32.43,126.82,18.49,101.79,150.0,On Fire
CA Henry,WPL,275,25.0,177.42,25.0,177.42,100.0,Good
CA Keita,T20I,2,1.0,16.67,4.45,51.58,27.4,Poor
CA Lynn,BBL,362,32.91,157.39,35.24,149.47,99.3,Good
CA Wakim,BBL,28,7.0,73.68,9.57,84.81,80.0,Average
CA Young,T20I,10,10.0,111.11,6.64,73.0,151.4,On Fire
CA Young,Test,13,6.5,54.17,5.33,57.14,108.4,Good
CAK Rajitha,Test,12,6.0,38.71,6.9,24.91,121.2,On Fire
CB Roposo,T20I,94,13.43,92.16,11.88,84.82,110.9,On Fire
CBRLS Kumara,CPL,1,1.0,100.0,1.0,100.0,100.0,Good
CBRLS Kumara,ODI,1,1.0,10.0,5.27,43.28,21.0,Poor
CBRLS Kumara,Test,66,9.43,29.73,5.59,29.87,134.1,On Fire
CC Machado,T20I,89,7.42,55.28,6.87,53.65,105.5,Good
CD Shekleton,T20I,100,25.0,121.95,25.0,121.95,100.0,Good
CE Coulter Reilly,ODI,176,25.14,68.75,23.0,65.3,107.3,Good
CE Coulter Reilly,T20I,26,4.33,68.42,4.67,71.79,94.0,Good
CE Dean,ODI,217,24.11,72.82,23.33,70.26,103.5,Good
CE Dean,T20I,37,12.33,115.62,15.64,112.42,90.8,Good
CE Dean,WPL,9,9.0,180.0,9.0,180.0,100.0,Good
CE Jacob,T20I,143,11.0,64.41,11.0,64.41,100.0,Good
CE McConchie,PSL,5,2.5,50.0,2.5,50.0,100.0,Good
CE McConchie,T20I,89,22.25,136.92,18.9,118.12,116.8,On Fire
CH Abeyratne,T20I,6,6.0,30.0,2.0,30.77,198.7,On Fire
CH van Koolwijk,T20I,8,8.0,100.0,5.44,73.13,141.9,On Fire
CI Manidom,T20I,23,4.6,40.35,3.89,38.89,111.0,On Fire
CJ Boyce,BBL,43,43.0,138.71,11.56,117.46,245.0,On Fire
CJ Dias,T20I,7,7.0,41.18,14.0,45.16,70.6,Average
CJ Gannon,BBL,6,6.0,75.0,12.83,97.47,61.9,Average
CJ Green,BBL,162,14.73,137.29,15.68,133.39,98.4,Good
CJ Green,CPL,208,34.67,149.64,15.18,134.24,169.9,On Fire
CJ Green,PSL,69,23.0,160.47,19.2,133.33,120.1,On Fire
CJ Jordan,BBL,98,16.33,106.52,12.14,120.57,111.4,On Fire
CJ Jordan,PSL,25,25.0,119.05,16.7,122.79,123.3,On Fire
CJ Langford,T20I,14,14.0,175.0,15.5,109.73,124.9,On Fire
CJ Stamp,T20I,44,22.0,86.27,22.0,86.27,100.0,Good
CJPF Kalugamage,T20I,12,12.0,57.14,10.0,68.18,101.9,Good
CK Jasmat,T20I,216,18.0,114.89,17.48,110.21,103.6,Good
CL Tryon,ODI,560,31.11,107.07,29.85,108.87,101.3,Good
CL Tryon,T20I,168,12.92,120.86,18.62,131.88,80.5,Average
CL Tryon,WPL,85,28.33,151.79,28.33,151.79,100.0,Good
CM Akachukwu,T20I,21,5.25,87.5,9.0,96.77,74.4,Average
CM Carroll,T20I,395,98.75,198.49,98.75,198.49,100.0,Good
CM Gough,T20I,268,38.29,97.1,44.6,96.79,93.1,Good
CM Greechan,T20I,61,12.2,73.49,13.0,71.31,98.5,Good
CM Madsen,T20I,19,19.0,67.86,19.0,67.86,100.0,Good
CM Mbebe,T20I,11,11.0,122.22,11.0,122.22,100.0,Good
CM McBride,ODI,21,10.5,77.78,22.61,71.91,77.3,Average
CM McBride,T20I,31,10.33,119.23,10.33,119.23,100.0,Good
CM Saldanha,T20I,33,6.6,44.0,5.67,39.53,113.9,On Fire
CN Ackermann,ODI,54,54.0,65.06,27.14,74.66,143.1,On Fire
CN Ackermann,T20I,75,18.75,129.31,23.6,116.37,95.3,Good
CN Greaves,ODI,2,2.0,33.33,22.19,88.53,23.3,Poor
CN Greaves,T20I,20,20.0,166.67,19.86,109.45,126.5,On Fire
CN Kakuru,T20I,78,13.0,98.73,10.7,100.47,109.9,Good
CP Jewell,BBL,153,19.12,117.69,20.67,126.12,92.9,Good
CPPM Sadun,T20I,34,11.33,91.89,18.06,92.63,81.0,Average
CR Ervine,ODI,212,35.33,91.77,33.89,78.64,110.5,On Fire
CR Ervine,Test,388,25.87,45.49,31.49,48.76,87.7,Good
CR Knott,WPL,12,12.0,100.0,12.0,100.0,100.0,Good
CR Pagydyala,ODI,70,70.0,53.85,206.0,73.05,53.8,Poor
CR Pagydyala,T20I,608,25.33,89.81,25.42,89.84,99.8,Good
CR Richards,T20I,20,5.0,64.52,3.56,64.0,120.6,On Fire
CR Woakes,Test,64,10.67,41.29,25.11,52.93,60.3,Average
CS Fraser,ODI,45,15.0,63.38,8.9,52.35,144.8,On Fire
CS Fraser,T20I,4,4.0,23.53,6.2,47.69,56.9,Poor
CS Mugeri-Tiripano,ODI,274,30.44,64.32,29.16,70.22,98.0,Good
CS Mugeri-Tiripano,T20I,272,19.43,90.97,24.55,106.65,82.2,Average
CS Nascimento,T20I,88,8.0,76.52,6.88,69.62,113.1,On Fire
CSN Mbelel,T20I,39,4.88,37.86,4.33,37.14,107.3,Good
CT Bancroft,BBL,101,16.83,101.0,31.72,121.85,68.0,Average
CT Dhururu,ODI,81,10.12,40.3,13.81,42.58,84.0,Average
CT Dhururu,T20I,185,14.23,92.5,13.29,81.15,110.5,On Fire
CV Anto,T20I,276,27.6,154.19,23.95,150.68,108.8,Good
CV Ranasinghe,T20I,6,3.0,46.15,3.0,46.15,100.0,Good
CV Varun,IPL,6,3.0,85.71,5.17,58.49,102.3,Good
CV Varun,T20I,8,2.67,44.44,1.6,36.36,144.5,On Fire
CW Perchard,T20I,30,30.0,88.24,9.27,91.89,209.8,On Fire
Cai Yuzhi,T20I,74,7.4,60.66,7.56,56.2,102.9,Good
Camila Valdes,T20I,2,1.0,5.41,0.5,3.45,178.4,On Fire
Chado Om,T20I,51,12.75,64.56,9.38,61.98,120.0,On Fire
Chamalka Fernando,T20I,61,12.2,115.09,12.2,115.09,100.0,Good
Chan Ka Man,T20I,0,0.0,0.0,5.0,50.0,0.0,
Chan Sau Har,T20I,1,1.0,25.0,1.67,31.25,69.9,Average
Chare Smith,T20I,1,1.0,33.33,1.0,25.0,116.7,On Fire
Chaudhary Akram,T20I,287,28.7,113.44,27.75,105.71,105.4,Good
Chen Xinyu,T20I,42,6.0,62.69,5.62,54.88,110.5,On Fire
Chen Zhuo Yue,T20I,10,10.0,34.48,5.75,49.46,121.8,On Fire
Chetan Kumar Ahir,T20I,0,0.0,0.0,0.0,0.0,0.0,
Chloe Dillon,T20I,11,3.67,47.83,3.67,47.83,100.0,Good
Clea Bultot,T20I,5,5.0,26.32,5.0,26.32,100.0,Good
Codi Yusuf,ODI,5,5.0,45.45,5.0,45.45,100.0,Good
Codi Yusuf,Test,35,35.0,53.03,35.0,53.03,100.0,Good
Craig Cachopa,T20I,45,22.5,93.75,22.5,93.75,100.0,Good
D Abeyrathna,T20I,328,16.4,100.31,19.48,96.49,94.1,Good
D Ajekun,T20I,31,7.75,63.27,11.84,74.17,75.4,Average
D Asghar,T20I,16,8.0,100.0,8.0,100.0,100.0,Good
D Bourne,T20I,3,3.0,50.0,3.0,50.0,100.0,Good
D Brevis,IPL,376,26.86,154.73,25.25,146.02,106.2,Good
D Brevis,ODI,306,30.6,139.09,30.6,139.09,100.0,Good
D Brevis,T20I,895,33.15,166.67,31.03,165.44,103.8,Good
D Brevis,Test,138,23.0,95.83,23.0,95.83,100.0,Good
D Brown,ODI,19,19.0,76.0,19.0,76.0,100.0,Good
D Brown,T20I,9,9.0,64.29,17.0,89.47,62.4,Average
D Brown,Test,0,0.0,0.0,4.33,31.71,0.0,
D Chamto,T20I,4,2.0,57.14,2.0,57.14,100.0,Good
D Cleaver,T20I,100,25.0,156.25,22.2,134.55,114.4,On Fire
D Demic,T20I,213,23.67,97.26,23.67,97.26,100.0,Good
D Dhingra,ODI,52,26.0,68.42,32.11,68.32,90.6,Good
D Dhingra,T20I,308,17.11,91.67,17.84,91.07,98.3,Good
D Doyle-Calle,T20I,264,88.0,168.15,33.36,137.62,193.0,On Fire
D Ebersohn,T20I,23,4.6,48.94,4.6,48.94,100.0,Good
D Enkhtsetseg,T20I,2,1.0,25.0,1.0,25.0,100.0,Good
D Ferreira,IPL,318,31.8,176.67,27.17,170.68,110.3,On Fire
D Ferreira,ODI,10,5.0,45.45,5.0,45.45,100.0,Good
D Ferreira,T20I,161,20.12,154.81,18.46,155.84,104.2,Good
D Finau,T20I,15,7.5,78.95,6.6,113.79,91.5,Good
D Forrester,PSL,132,44.0,171.43,44.0,171.43,100.0,Good
D Forrester,T20I,83,27.67,107.79,27.67,107.79,100.0,Good
D Foxcroft,ODI,171,42.75,86.8,34.2,86.36,112.8,On Fire
D Foxcroft,T20I,18,18.0,81.82,21.2,104.95,81.4,Average
D Foxcroft,Test,98,98.0,75.97,98.0,75.97,100.0,Good
D Gaikwad,T20I,32,16.0,139.13,16.0,139.13,100.0,Good
D Ganesh,T20I,56,18.67,81.16,9.67,73.42,151.8,On Fire
D Golechha,T20I,8,8.0,61.54,4.0,46.15,166.7,On Fire
D Gumyusenge,T20I,319,15.19,100.95,15.22,97.01,101.9,Good
D Halloway,T20I,1,1.0,50.0,1.0,50.0,100.0,Good
D Hardware,T20I,9,9.0,37.5,9.0,37.5,100.0,Good
D Hemalatha,WPL,38,4.75,55.88,16.89,120.16,37.3,Poor
D Heyliger,ODI,39,6.5,65.0,14.2,95.95,56.8,Poor
D Heyliger,T20I,34,11.33,130.77,25.27,164.07,62.3,Average
D Issiaka,T20I,15,2.5,38.46,1.73,25.0,149.2,On Fire
D Jakiel,T20I,73,8.11,62.39,10.38,69.59,83.9,Average
D Jansen,ODI,3,3.0,100.0,3.0,100.0,100.0,Good
D Jansen,T20I,283,70.75,142.21,37.2,124.83,152.1,On Fire
D Johnson,T20I,252,12.6,116.13,11.43,112.39,106.8,Good
D Joseph,T20I,10,10.0,62.5,5.43,42.22,166.1,On Fire
D Kalvin,T20I,3,1.0,18.75,11.0,65.25,18.9,Poor
D Kansonkho,T20I,305,16.94,89.71,18.85,91.74,93.8,Good
D Kataina,T20I,12,6.0,80.0,7.14,54.95,114.8,On Fire
D Khanal,ODI,13,13.0,68.42,26.31,69.09,74.2,Average
D Koralalage,T20I,46,7.67,47.42,9.5,50.89,87.0,Good
D Lohia,ODI,14,3.5,27.45,5.0,32.47,77.3,Average
D Lohia,T20I,26,8.67,54.17,8.67,54.17,100.0,Good
D Madushanka,T20I,0,0.0,0.0,0.2,14.29,0.0,
D Maisuria,T20I,67,11.17,80.72,8.85,75.66,116.5,On Fire
D Marikova-Moodley,T20I,16,5.33,41.03,5.33,41.03,100.0,Good
D Marks,T20I,20,10.0,105.26,10.33,88.57,107.8,Good
D Matla,T20I,25,5.0,42.37,5.0,42.37,100.0,Good
D Medagoda,T20I,45,11.25,80.36,11.25,80.36,100.0,Good
D Mehtani,T20I,4,1.0,28.57,1.0,28.57,100.0,Good
D Mendonca,T20I,18,2.25,20.22,2.25,20.22,100.0,Good
D Murphy,T20I,15,7.5,115.38,11.67,102.94,88.2,Good
D Myers,T20I,276,18.4,115.48,20.76,123.43,91.1,Good
D Myers,Test,12,6.0,35.29,22.0,37.39,60.8,Average
D Nanayakkara,T20I,184,16.73,125.17,11.92,108.33,127.9,On Fire
D Nanda,T20I,88,22.0,117.33,22.0,117.33,100.0,Good
D Ndikubwimana,T20I,933,26.66,103.09,20.0,89.21,124.4,On Fire
D Nedd,CPL,30,10.0,88.24,10.0,88.24,100.0,Good
D Nikolov,T20I,14,4.67,70.0,6.12,81.89,80.9,Average
D Norotam,T20I,673,28.04,139.34,28.04,139.34,100.0,Good
D Padikkal,IPL,711,30.91,161.96,26.71,133.14,118.7,On Fire
D Padikkal,Test,328,109.33,65.86,69.67,60.14,133.2,On Fire
D Panda,T20I,246,20.5,111.31,20.5,111.31,100.0,Good
D Parashar,ODI,140,23.33,61.14,22.0,62.86,101.7,Good
D Parashar,T20I,144,18.0,100.0,19.64,108.0,92.1,Good
D Pavelic,T20I,39,13.0,58.21,13.0,58.21,100.0,Good
D Potgieter,CPL,79,26.33,121.54,26.33,121.54,100.0,Good
D Pretorius,CPL,198,22.0,142.45,18.38,131.25,114.1,On Fire
D Ramani,T20I,8,8.0,50.0,8.0,50.0,100.0,Good
D Ravu,T20I,4,2.0,40.0,4.33,74.29,50.0,Poor
D Rawat,T20I,56,18.67,105.66,13.71,97.96,122.0,On Fire
D Ruynekova,T20I,159,12.23,64.37,13.0,65.0,96.6,Good
D Sabir,T20I,143,17.88,121.19,14.12,114.83,116.1,On Fire
D St Ange,T20I,17,5.67,68.0,5.67,68.0,100.0,Good
D Suzuki,T20I,72,6.55,78.26,14.03,102.26,61.6,Average
D Svilicic,T20I,5,2.5,33.33,2.5,33.33,100.0,Good
D Tanase,T20I,0,0.0,0.0,0.0,0.0,0.0,
D Tekyildirim,T20I,101,25.25,85.59,25.25,85.59,100.0,Good
D Triantafillithis,T20I,0,0.0,0.0,0.0,0.0,0.0,
D Unhale,T20I,184,26.29,69.43,26.29,69.43,100.0,Good
D Uwimana,T20I,200,20.0,134.23,20.58,113.3,107.8,Good
D Vihanga,ODI,63,7.88,71.59,7.88,71.59,100.0,Good
D Visser,T20I,580,44.62,126.36,46.94,142.02,92.0,Good
D Vrinda,WPL,84,12.0,98.82,11.33,86.44,110.1,On Fire
D Wangmo,T20I,154,38.5,83.24,23.96,74.87,135.9,On Fire
D Warren,BBL,7,7.0,87.5,6.5,86.67,104.3,Good
D Wheatley,T20I,45,6.43,80.36,9.12,81.11,84.8,Average
D Wiese,CPL,47,9.4,102.17,19.65,136.97,61.2,Average
D Wiese,PSL,0,0.0,0.0,24.19,161.7,0.0,
D Wulandari,T20I,355,18.68,74.89,18.86,78.45,97.3,Good
D van Niekerk,ODI,98,49.0,184.91,39.29,75.35,185.1,On Fire
D van Niekerk,T20I,85,17.0,154.55,29.69,96.68,108.6,Good
DA Galia,T20I,80,13.33,65.57,7.17,51.4,156.7,On Fire
DA Mehta,T20I,175,17.5,100.0,16.17,100.0,104.1,Good
DA Miller,IPL,364,33.09,141.63,35.35,139.44,97.6,Good
DA Miller,ODI,107,107.0,155.07,42.74,104.03,199.7,On Fire
DA Miller,T20I,193,38.6,153.17,33.88,141.37,111.1,On Fire
DA Payne,BBL,1,0.5,33.33,13.67,170.83,11.6,Poor
DA Payne,IPL,6,6.0,120.0,6.0,120.0,100.0,Good
DA Senthil,T20I,7,7.0,46.67,7.0,46.67,100.0,Good
DA Warner,BBL,709,64.45,147.71,49.52,143.99,116.4,On Fire
DA Warner,PSL,624,39.0,151.46,39.0,151.46,100.0,Good
DAL Paramitha,T20I,28,3.5,47.46,3.11,45.16,108.8,Good
DAM Louis,T20I,48,9.6,102.13,9.6,102.13,100.0,Good
DB Lakhani,T20I,135,15.0,109.76,15.0,109.76,100.0,Good
DB Loic,T20I,79,13.17,123.44,8.69,96.53,139.7,On Fire
DB Sharma,ODI,628,41.87,94.58,35.63,71.23,125.1,On Fire
DB Sharma,T20I,220,16.92,125.71,22.49,107.82,95.9,Good
DB Sharma,Test,83,20.75,46.11,44.67,44.37,75.2,Average
DB Sharma,WPL,253,18.07,116.59,26.58,117.93,83.4,Average
DC Drakes,CPL,39,39.0,118.18,22.62,128.95,132.0,On Fire
DC Smith,T20I,176,19.56,170.87,17.58,116.23,129.1,On Fire
DE Burgess,T20I,26,26.0,56.52,12.0,52.17,162.5,On Fire
DE Roache,T20I,9,3.0,36.0,19.17,117.35,23.2,Poor
DEM Carter,ODI,58,58.0,68.24,25.8,72.47,159.5,On Fire
DEM Carter,T20I,726,34.57,105.83,28.54,103.23,111.8,On Fire
DG Bassey,T20I,8,8.0,72.73,8.0,72.73,100.0,Good
DG Bedingham,Test,232,46.4,65.91,36.0,67.43,113.3,On Fire
DG Blampied,T20I,7,3.5,70.0,15.57,94.37,48.3,Poor
DG Perez,T20I,0,0.0,0.0,10.33,92.54,0.0,
DG Weakley,T20I,1,1.0,20.0,6.2,62.0,24.2,Poor
DGAPD Wiswi,T20I,79,19.75,94.05,12.14,87.63,135.0,On Fire
DJ Hall,T20I,29,9.67,58.0,9.67,58.0,100.0,Good
DJ Hawoe,T20I,340,10.62,117.24,10.4,122.11,99.1,Good
DJ Hooda,IPL,31,6.2,75.61,17.61,127.62,47.2,Poor
DJ Mitchell,ODI,1234,64.95,90.27,58.54,94.68,103.1,Good
DJ Mitchell,PSL,496,31.0,137.78,31.0,137.78,100.0,Good
DJ Mitchell,T20I,478,26.56,146.18,26.96,140.24,101.4,Good
DJ Mitchell,Test,352,39.11,51.39,43.05,53.08,93.8,Good
DJ Willey,BBL,10,5.0,142.86,13.94,110.75,82.4,Average
DJ Willey,PSL,29,5.8,67.44,10.56,87.16,66.1,Average
DJM Short,BBL,64,16.0,120.75,34.11,131.46,69.4,Average
DJS Dottin,ODI,144,18.0,86.75,29.8,82.4,82.8,Average
DJS Dottin,T20I,334,23.86,117.61,27.32,122.4,91.7,Good
DJS Dottin,WPL,199,24.88,135.37,24.88,135.37,100.0,Good
DK Pallekonda,T20I,34,4.86,70.83,4.22,66.67,110.7,On Fire
DK Raman,T20I,9,9.0,90.0,9.0,90.0,100.0,Good
DK Shetty,T20I,24,12.0,126.32,14.5,120.83,93.7,Good
DKJ Claude,T20I,23,4.6,44.23,3.3,39.29,126.0,On Fire
DL Brangman,T20I,61,61.0,98.39,17.14,97.56,228.4,On Fire
DL Chahar,IPL,62,20.67,140.91,14.2,137.86,123.9,On Fire
DM Bravo,CPL,78,15.6,90.7,28.63,115.71,66.4,Average
DM Gondaria,T20I,701,38.94,154.41,32.5,145.6,112.9,On Fire
DM Nakrani,T20I,120,24.0,121.21,25.9,128.15,93.6,Good
DM de Silva,ODI,59,19.67,61.46,26.01,77.96,77.2,Average
DM de Silva,T20I,43,14.33,116.22,19.17,113.09,88.8,Good
DM de Silva,Test,420,30.0,55.56,39.21,58.02,86.1,Good
DMW Rawlins,T20I,513,51.3,150.0,44.11,152.85,107.2,Good
DN Wellalage,ODI,104,20.8,99.05,18.52,81.38,117.0,On Fire
DN Wellalage,PSL,20,20.0,83.33,20.0,83.33,100.0,Good
DN Wellalage,T20I,158,22.57,125.4,21.25,119.72,105.5,Good
DN Wyatt,ODI,109,27.25,88.62,25.24,93.46,101.4,Good
DN Wyatt,T20I,550,30.56,138.89,26.06,133.1,110.8,On Fire
DN Wyatt,Test,24,12.0,40.68,23.5,68.61,55.2,Poor
DN Wyatt,WPL,151,21.57,129.06,21.57,129.06,100.0,Good
DNA Ankrah,T20I,30,7.5,93.75,7.43,69.33,118.1,On Fire
DO Leicher,ODI,122,30.5,69.32,30.8,74.4,96.1,Good
DO Leicher,T20I,36,18.0,97.3,19.33,92.06,99.4,Good
DP Conway,IPL,156,26.0,131.09,43.2,139.72,77.0,Average
DP Conway,ODI,446,40.55,82.9,44.0,87.63,93.4,Good
DP Conway,PSL,315,35.0,129.1,35.0,129.1,100.0,Good
DP Conway,T20I,431,28.73,131.4,35.2,129.32,91.6,Good
DP Conway,Test,925,61.67,60.58,42.48,54.23,128.4,On Fire
DP Hughes,BBL,161,20.12,124.81,27.41,122.31,87.7,Good
DPS Sooriyabandara,Test,172,57.33,56.03,57.33,56.03,100.0,Good
DPS Tyagi,T20I,65,10.83,114.04,10.83,114.04,100.0,Good
DR Drew,BBL,16,16.0,114.29,20.33,117.31,88.1,Good
DR Gibson,ODI,99,33.0,116.47,33.0,116.47,100.0,Good
DR Gibson,T20I,65,21.67,144.44,16.31,130.06,122.0,On Fire
DR Gibson,WPL,34,34.0,141.67,34.0,141.67,100.0,Good
DR Patankar,T20I,162,16.2,106.58,13.65,103.29,110.9,On Fire
DR Sams,BBL,89,12.71,158.93,14.29,143.79,99.7,Good
DR Sams,CPL,66,8.25,106.45,8.25,106.45,100.0,Good
DR Sams,PSL,111,111.0,191.38,39.33,173.53,196.3,On Fire
DS Airee,ODI,806,40.3,86.02,25.26,78.08,134.9,On Fire
DS Airee,T20I,505,33.67,129.16,35.21,140.93,93.6,Good
DS Bajwa,ODI,34,11.33,59.65,13.5,61.71,90.3,Good
DS Bajwa,T20I,208,41.6,151.82,27.0,127.43,136.6,On Fire
DS Rathi,IPL,3,3.0,37.5,3.0,37.5,100.0,Good
DT Christian,BBL,23,23.0,153.33,22.45,135.41,107.8,Good
DT Doram,T20I,2,2.0,40.0,4.0,66.67,55.0,Poor
DV Devjani Mutreja,T20I,10,5.0,62.5,2.4,41.38,179.7,On Fire
DV Malewar,IPL,2,1.0,40.0,1.0,40.0,100.0,Good
DVD Madampage,T20I,126,9.69,82.35,9.69,82.35,100.0,Good
DW Lawrence,BBL,80,40.0,140.35,21.55,128.8,147.3,On Fire
DW Lawrence,Test,187,46.75,68.75,29.59,58.05,138.2,On Fire
Danaya Ilieva,T20I,0,0.0,0.0,0.0,0.0,0.0,
Dane Leo,T20I,6,3.0,46.15,2.0,33.33,144.2,On Fire
Danish Aziz,PSL,0,0.0,0.0,18.5,121.98,0.0,
Danyal Raja,T20I,56,8.0,69.14,8.93,79.11,88.5,Good
Davion Codner,T20I,18,4.5,78.26,4.5,78.26,100.0,Good
Dawood Ahmadzai,T20I,82,10.25,97.62,10.93,86.44,103.4,Good
Dayal Joy,T20I,12,4.0,92.31,4.0,92.31,100.0,Good
Deep Harian,T20I,0,0.0,0.0,0.0,0.0,0.0,
Delawar Khan,T20I,49,24.5,158.06,15.79,133.94,136.6,On Fire
Delroy Leo,T20I,28,7.0,84.85,12.0,81.82,81.0,Average
Deng Jinqi,T20I,9,4.5,64.29,12.4,56.88,74.7,Average
Devender Singh,T20I,20,20.0,68.97,18.92,103.65,86.1,Good
Deya Stefanova,T20I,2,1.0,11.76,1.0,11.76,100.0,Good
Dhruv Jurel,IPL,848,36.87,155.31,31.45,154.19,109.0,Good
Dhruv Jurel,T20I,6,3.0,66.67,4.0,52.17,101.4,Good
Dhruv Jurel,Test,430,43.0,61.17,42.13,58.36,103.4,Good
Diana Baig,ODI,90,15.0,103.45,9.78,76.52,144.3,On Fire
Diana Baig,T20I,11,11.0,50.0,4.43,56.36,168.5,On Fire
Dilara Akter,ODI,13,13.0,92.86,10.5,65.62,132.7,On Fire
Dilara Akter,T20I,446,17.84,117.37,15.84,110.37,109.5,Good
Dilini Ishara,T20I,35,3.89,41.67,3.89,41.67,100.0,Good
Dilum Fernando,T20I,18,18.0,105.88,18.0,105.88,100.0,Good
Disna Jayasooriya,T20I,0,0.0,0.0,0.0,0.0,0.0,
Divya Kandpal,T20I,0,0.0,0.0,1.33,18.18,0.0,
Divyendra Singh,T20I,149,21.29,125.21,15.5,100.36,131.1,On Fire
Dok Da Nit,T20I,21,10.5,61.76,3.83,32.86,231.1,On Fire
Du Jianhao,T20I,17,8.5,58.62,8.5,58.62,100.0,Good
Du Jianyao,T20I,4,2.0,33.33,2.0,33.33,100.0,Good
Dunja Miskovic,T20I,10,5.0,41.67,5.0,41.67,100.0,Good
E Bakiweyem,T20I,0,0.0,0.0,0.0,0.0,0.0,
E Beukes,T20I,221,27.62,116.93,25.85,125.18,100.1,Good
E Bhonkar,T20I,0,0.0,0.0,2.0,42.11,0.0,
E Bisht,WPL,2,2.0,200.0,14.0,233.33,50.0,Poor
E Bogdanova,T20I,11,2.75,73.33,2.6,65.0,109.3,Good
E Bosch,CPL,14,7.0,77.78,7.0,77.78,100.0,Good
E Bosch,ODI,36,36.0,163.64,36.0,163.64,100.0,Good
E Bosch,T20I,11,11.0,122.22,11.0,122.22,100.0,Good
E Bourgaize,T20I,2,2.0,50.0,1.0,28.57,187.5,On Fire
E Brathwaite,T20I,26,13.0,100.0,13.0,100.0,100.0,Good
E Chiralile,T20I,114,7.12,51.35,7.12,51.35,100.0,Good
E Claridge,T20I,239,18.38,117.73,18.38,117.73,100.0,Good
E Cleator,T20I,65,13.0,74.71,13.67,78.1,95.4,Good
E Duff,T20I,69,7.67,61.61,8.93,61.27,93.2,Good
E Duffy,T20I,21,21.0,95.45,22.5,80.36,106.1,Good
E Ellermaa,T20I,10,2.0,18.18,2.0,17.65,101.5,Good
E Gebhard,T20I,292,36.5,86.14,36.5,86.14,100.0,Good
E Gouge,T20I,3,3.0,150.0,3.5,43.75,214.3,On Fire
E Guehoada,T20I,40,10.0,43.48,8.6,40.95,111.2,On Fire
E Haven,T20I,5,5.0,62.5,4.75,35.85,139.8,On Fire
E Henry,T20I,1,1.0,25.0,1.0,25.0,100.0,Good
E Iloku,T20I,613,17.51,75.96,17.09,73.8,102.7,Good
E Kabwere,T20I,6,1.5,33.33,1.5,33.33,100.0,Good
E Kallous,T20I,38,3.8,38.38,4.0,39.6,96.0,Good
E Kamara,T20I,382,19.1,78.6,19.5,82.11,96.8,Good
E Karimi,T20I,3,3.0,50.0,3.0,39.13,113.9,On Fire
E Khaliunaa,T20I,29,7.25,51.79,4.1,41.0,151.6,On Fire
E Konasova,T20I,4,1.33,10.0,1.33,10.0,100.0,Good
E Kubwimana,T20I,9,4.5,26.47,3.73,54.67,84.5,Average
E Kuchey,T20I,1,1.0,14.29,7.5,57.69,19.1,Poor
E Kuncova,T20I,224,13.18,64.0,12.78,61.5,103.6,Good
E Laini,T20I,6,6.0,85.71,6.0,85.71,100.0,Good
E Lewis,CPL,289,22.23,125.11,26.63,141.54,85.9,Good
E Lewis,ODI,148,21.14,85.55,37.98,88.22,76.3,Average
E Lewis,T20I,139,34.75,187.84,30.3,161.24,115.6,On Fire
E Malama,T20I,4,2.0,12.12,2.0,12.12,100.0,Good
E Malinga,IPL,7,7.0,41.18,7.0,41.18,100.0,Good
E Malinga,ODI,14,4.67,25.45,4.67,25.45,100.0,Good
E Malinga,T20I,18,18.0,112.5,18.0,112.5,100.0,Good
E Marx,T20I,21,21.0,161.54,11.5,115.0,161.5,On Fire
E Masuku,ODI,2,2.0,20.0,2.0,20.0,100.0,Good
E Mathew,T20I,140,17.5,97.9,11.53,92.8,128.6,On Fire
E Millington,T20I,54,13.5,72.97,11.2,70.0,112.4,On Fire
E Mmese,T20I,2,2.0,20.0,2.0,20.0,100.0,Good
E Mulenga,T20I,5,1.67,20.0,1.67,20.0,100.0,Good
E Ndubudem,T20I,7,3.5,63.64,3.5,63.64,100.0,Good
E Packard,T20I,44,44.0,146.67,14.83,101.14,220.9,On Fire
E Pokana,ODI,1,0.5,14.29,0.5,14.29,100.0,Good
E Pokana,T20I,39,13.0,67.24,13.0,67.24,100.0,Good
E Prokic,T20I,5,1.67,23.81,3.75,25.0,69.9,Average
E Richard,T20I,20,5.0,40.0,5.0,40.0,100.0,Good
E Robinson,T20I,11,11.0,68.75,11.0,68.75,100.0,Good
E Rukiriza,T20I,156,7.8,103.31,7.12,85.59,115.1,On Fire
E Sagoe,T20I,3,3.0,42.86,3.0,42.86,100.0,Good
E Sandy,T20I,282,20.14,96.25,13.34,83.4,133.2,On Fire
E Thelander,T20I,200,20.0,82.64,16.85,78.21,112.2,On Fire
E Toguchi-Quinn,T20I,10,3.33,50.0,4.0,46.75,95.1,Good
E Ungerman,T20I,2,2.0,200.0,4.0,52.17,216.7,On Fire
E Van Zyl,T20I,86,6.62,55.84,8.07,71.34,80.2,Average
E Wachira,T20I,83,20.75,85.57,14.3,72.96,131.2,On Fire
E Yaver,T20I,17,5.67,85.0,5.67,85.0,100.0,Good
EA Perry,ODI,470,39.17,80.9,55.97,80.3,85.4,Good
EA Perry,T20I,407,31.31,130.45,32.04,120.59,102.9,Good
EA Perry,Test,78,39.0,63.41,60.27,46.84,100.0,Good
EA Perry,WPL,372,93.0,148.8,64.8,132.97,127.7,On Fire
EAS Ferrary,T20I,26,13.0,70.27,15.4,88.0,82.1,Average
EC Muller,T20I,50,6.25,87.72,5.0,83.33,115.1,On Fire
ECB Moore,T20I,66,7.33,68.04,7.33,68.04,100.0,Good
ECM Egodagamage,T20I,5,5.0,62.5,5.0,62.5,100.0,Good
EDS Pimheiro,T20I,5,1.25,16.13,1.25,16.13,100.0,Good
EF Faalupega,T20I,2,1.0,33.33,1.0,33.33,100.0,Good
EFB Estrada,T20I,19,19.0,73.08,19.67,64.13,105.3,Good
EGS Kana,T20I,57,4.75,64.77,3.6,48.65,132.5,On Fire
EJ Carson,ODI,9,4.5,112.5,1.71,60.0,225.3,On Fire
EJ Carson,T20I,15,7.5,107.14,4.83,72.5,151.5,On Fire
EL Arlott,ODI,25,25.0,92.59,25.0,92.59,100.0,Good
EL Arlott,T20I,26,26.0,113.04,26.0,113.04,100.0,Good
EL Bartram,T20I,248,20.67,111.71,24.17,112.32,92.5,Good
EL Kirkman,T20I,28,9.33,77.78,9.33,77.78,100.0,Good
EL Lamb,ODI,222,20.18,82.84,25.75,85.12,87.8,Good
EL Watson,T20I,121,13.44,77.07,10.48,70.74,118.6,On Fire
EM Turay,T20I,76,9.5,71.03,9.5,71.03,100.0,Good
EMA McLeod,ODI,61,15.25,61.0,15.25,61.0,100.0,Good
EMA McLeod,T20I,59,19.67,92.19,19.67,92.19,100.0,Good
EMC Fowler,T20I,14,7.0,50.0,7.0,46.67,103.6,Good
EMKNH Senavirathna,ODI,29,7.25,60.42,7.25,60.42,100.0,Good
EMKNH Senavirathna,T20I,129,18.43,113.16,13.18,111.54,120.6,On Fire
EN Gay,T20I,64,21.33,213.33,21.33,213.33,100.0,Good
EN Gay,Test,271,24.64,54.31,24.64,54.31,100.0,Good
EN Lynch,T20I,9,3.0,64.29,6.37,85.82,61.0,Average
ER Oza,ODI,148,18.5,71.15,18.5,71.15,100.0,Good
ER Oza,T20I,1106,44.24,139.29,34.05,119.53,123.2,On Fire
ET Williams,T20I,67,13.4,80.72,13.4,80.72,100.0,Good
EU Kejarukua,T20I,43,6.14,52.44,5.62,51.14,105.9,Good
Ebadat Hossain,Test,55,13.75,62.5,5.25,33.33,224.7,On Fire
Edward Fleming,T20I,81,11.57,95.29,11.57,95.29,100.0,Good
Ehsan Adil,ODI,16,16.0,106.67,10.75,75.44,145.1,On Fire
Ehsan Adil,T20I,1,1.0,50.0,1.0,50.0,100.0,Good
Ehsan Khan,T20I,80,20.0,129.03,13.43,107.43,134.5,On Fire
Elan Talker,T20I,32,10.67,71.11,12.0,75.0,91.9,Good
Elias Hasan,T20I,21,10.5,100.0,8.25,89.19,119.7,On Fire
Elias Tilman,T20I,12,2.4,20.34,2.4,20.34,100.0,Good
Elina Rama,T20I,33,16.5,94.29,16.5,94.29,100.0,Good
Elizabeth Annor,T20I,11,5.5,57.89,6.33,61.29,90.7,Good
Ellen Asante,T20I,5,5.0,50.0,2.5,41.67,160.0,On Fire
Elyza Wall,T20I,36,6.0,47.37,6.0,47.37,100.0,Good
Em Rotana,T20I,5,1.67,62.5,1.67,62.5,100.0,Good
Eman Asim,T20I,254,36.29,92.36,27.1,88.27,119.3,On Fire
Eman Naseer,T20I,45,22.5,88.24,22.5,88.24,100.0,Good
Eman Said,T20I,1,1.0,100.0,1.0,100.0,100.0,Good
Emanuel,T20I,2,0.67,11.76,0.67,11.76,100.0,Good
Emily Sirs,T20I,101,14.43,108.6,14.43,108.6,100.0,Good
Eranga De Silva,T20I,60,20.0,133.33,20.0,133.33,100.0,Good
Eric Phiri,T20I,108,15.43,90.76,12.78,87.79,112.1,On Fire
Erika Oda,T20I,182,14.0,79.13,18.91,88.81,81.6,Average
Esam Rahman,T20I,373,33.91,124.33,33.91,124.33,100.0,Good
Ethan D'Souza,T20I,107,17.83,105.94,17.83,105.94,100.0,Good
Eyman Fatima,ODI,2,2.0,33.33,2.0,33.33,100.0,Good
Eyman Fatima,T20I,161,14.64,122.9,14.64,122.9,100.0,Good
Ezgi Nur Kilic,T20I,83,11.86,81.37,9.64,70.2,119.5,On Fire
F Baleri,T20I,38,38.0,102.7,15.29,82.95,186.2,On Fire
F Banunaek,T20I,77,11.0,98.72,11.81,83.88,105.4,Good
F Bulpitt,T20I,23,7.67,51.11,6.6,49.25,110.0,Good
F Cagnewa,T20I,25,12.5,58.14,12.5,58.14,100.0,Good
F Chenda,T20I,34,4.86,37.36,4.86,37.36,100.0,Good
F Chipare,ODI,11,11.0,68.75,6.2,55.36,150.8,On Fire
F Chipare,T20I,16,4.0,76.19,4.2,72.41,100.2,Good
F Conteh,T20I,155,10.33,53.45,10.65,53.55,98.4,Good
F Elizabet,T20I,4,4.0,28.57,4.0,28.57,100.0,Good
F Eseigbe,T20I,105,17.5,61.4,9.38,49.67,155.1,On Fire
F Irakoze,T20I,47,15.67,100.0,9.5,90.48,137.7,On Fire
F Khaliq,T20I,28,14.0,121.74,15.0,123.29,96.0,Good
F Kuenburg,T20I,268,44.67,103.08,44.67,103.08,100.0,Good
F Malefula,T20I,145,18.12,106.62,15.73,92.51,115.2,On Fire
F Malotutoatasi,T20I,1,1.0,25.0,1.0,25.0,100.0,Good
F Mutagana,T20I,10,5.0,83.33,5.0,83.33,100.0,Good
F Mutua,T20I,62,10.33,163.16,7.09,130.0,135.6,On Fire
F Nsubuga,T20I,0,0.0,0.0,11.33,107.59,0.0,
F O'Neill,BBL,39,13.0,100.0,10.0,96.77,116.7,On Fire
F Overdijk,T20I,252,10.5,99.21,9.41,81.66,116.5,On Fire
F Parkinson,T20I,2,2.0,28.57,2.0,36.36,89.3,Good
F Pessima,T20I,4,4.0,21.05,8.75,53.03,42.7,Poor
F Qian,T20I,13,4.33,38.24,4.33,38.24,100.0,Good
F Sisifo,T20I,139,13.9,59.66,13.38,60.0,101.7,Good
F Stoman,T20I,0,0.0,0.0,11.64,75.74,0.0,
F Suluoto,T20I,109,9.91,88.62,12.53,96.36,85.5,Good
F Tanguy,T20I,51,8.5,66.23,6.56,59.0,120.9,On Fire
F Tunnicliffe,ODI,69,34.5,74.19,21.0,73.68,132.5,On Fire
F Tunnicliffe,T20I,105,35.0,125.0,18.0,95.15,162.9,On Fire
F Utagushimaninde,T20I,389,25.93,111.46,25.93,111.46,100.0,Good
F du Plessis,IPL,202,22.44,123.93,35.1,135.79,77.6,Average
FA Allen,CPL,194,24.25,152.76,22.49,147.52,105.7,Good
FA Allen,T20I,26,13.0,118.18,14.65,136.92,87.5,Good
FA Sargent,ODI,1,1.0,25.0,9.0,48.0,31.6,Poor
FA Zavala,T20I,4,2.0,28.57,7.7,60.63,36.5,Poor
FC Muniz,T20I,9,4.5,34.62,4.5,34.62,100.0,Good
FDM Devonshire,ODI,9,9.0,150.0,9.0,150.0,100.0,Good
FDM Karunaratne,Test,57,14.25,44.53,38.87,51.06,61.9,Average
FDW McCreath,ODI,561,33.0,72.2,33.0,72.2,100.0,Good
FDW McCreath,T20I,94,13.43,110.59,13.43,110.59,100.0,Good
FFJ Heo,T20I,12,12.0,80.0,3.33,55.56,252.2,On Fire
FFZ Nhaduate,T20I,269,53.8,180.54,35.88,155.98,132.8,On Fire
FG Kemp,ODI,138,34.5,97.87,27.67,107.33,107.9,Good
FG Kemp,T20I,207,41.4,155.64,28.0,144.21,127.9,On Fire
FH Allen,BBL,587,36.69,185.76,30.81,184.33,109.9,Good
FH Allen,IPL,349,34.9,214.11,34.9,214.11,100.0,Good
FH Allen,PSL,213,23.67,171.77,23.67,171.77,100.0,Good
FH Allen,T20I,521,52.1,205.93,29.68,171.16,147.9,On Fire
FJ Klaassen,ODI,11,11.0,91.67,12.0,65.75,115.5,On Fire
FJ Klaassen,T20I,3,3.0,50.0,4.36,81.36,65.1,Average
FJ Mpegna,T20I,20,6.67,57.14,4.78,56.58,120.3,On Fire
FL Albanjari,T20I,4,4.0,22.22,4.0,22.22,100.0,Good
FL Patel,T20I,67,13.4,163.41,9.64,117.78,138.9,On Fire
FN Walsh,T20I,3,3.0,60.0,4.0,57.14,90.0,Good
FO Kibasu,T20I,358,17.05,87.75,24.61,101.31,77.9,Average
Faheem Ashraf,ODI,186,26.57,90.73,15.11,85.53,141.0,On Fire
Faheem Ashraf,PSL,236,16.86,142.17,21.2,144.11,89.1,Good
Faheem Ashraf,T20I,240,15.0,149.07,13.72,139.34,108.2,Good
Faheem Nazir,T20I,170,24.29,126.87,40.79,146.5,73.1,Average
Faheem Nellancheri,T20I,179,16.27,145.53,15.35,146.19,102.8,Good
Fahima Khatun,ODI,170,18.89,60.28,13.73,58.81,120.0,On Fire
Fahima Khatun,T20I,42,7.0,85.71,9.95,97.24,79.2,Average
Faisal Akram,PSL,9,9.0,90.0,9.0,90.0,100.0,Good
Faisal Khan,T20I,344,31.27,184.95,32.86,171.9,101.4,Good
Faisal Raza,T20I,303,15.95,118.82,15.95,118.82,100.0,Good
Faisal Safi,T20I,56,14.0,107.69,14.0,107.69,100.0,Good
Faizal Salehji,T20I,2,2.0,100.0,2.0,100.0,100.0,Good
Fakhar Zaman,ODI,369,36.9,90.44,47.54,93.51,87.2,Good
Fakhar Zaman,PSL,840,42.0,152.45,32.4,143.04,118.1,On Fire
Fakhar Zaman,T20I,574,28.7,133.18,24.11,133.58,109.4,Good
Faraaz Mehti Abbas,T20I,418,20.9,107.18,20.9,107.18,100.0,Good
Fargana Hoque,ODI,260,20.0,47.02,28.56,50.8,81.3,Average
Farhan Yousaf,PSL,128,25.6,152.38,25.6,152.38,100.0,Good
Farhat Afroz,T20I,14,3.5,73.68,3.5,73.68,100.0,Good
Faridullah Shams,T20I,11,5.5,157.14,5.5,157.14,100.0,Good
Fariha Trisna,ODI,1,0.5,12.5,0.25,5.56,212.4,On Fire
Fariha Trisna,T20I,1,1.0,50.0,2.5,25.0,120.0,On Fire
Faris Al Balushi,T20I,10,10.0,90.91,10.0,90.91,100.0,Good
Farmanullah Ghari,T20I,16,5.33,145.45,5.33,145.45,100.0,Good
Farwa Baber,T20I,118,23.6,131.11,23.6,131.11,100.0,Good
Fatima Abbas,T20I,16,8.0,42.11,8.0,42.11,100.0,Good
Fatima Mukadam,T20I,31,10.33,46.97,10.33,46.97,100.0,Good
Fatima Sana,ODI,373,21.94,103.04,19.04,82.32,120.2,On Fire
Fatima Sana,T20I,512,39.38,149.71,31.86,132.94,118.1,On Fire
Fawad Ali,PSL,2,2.0,100.0,2.0,100.0,100.0,Good
Fayaz Khan,T20I,310,22.14,144.19,22.5,154.11,96.0,Good
Fazalhaq Farooqi,CPL,0,0.0,0.0,0.0,0.0,0.0,
Fazalhaq Farooqi,IPL,2,2.0,100.0,5.0,33.33,170.0,On Fire
Festus Benn,T20I,153,17.0,74.27,17.19,75.97,98.3,Good
Fiaz Ahmed,T20I,1492,42.63,129.07,35.34,124.33,112.2,On Fire
Firas Hussain,T20I,8,8.0,57.14,15.43,104.85,53.2,Poor
Fiza,T20I,416,23.11,104.26,21.86,89.8,110.9,On Fire
Florencia Martinez,T20I,0,0.0,0.0,0.0,0.0,0.0,
Flynn Zahra,T20I,89,12.71,111.25,12.71,111.25,100.0,Good
Francesca Galan,T20I,0,0.0,0.0,0.0,0.0,0.0,
Franchesca Moya,T20I,32,32.0,66.67,10.67,60.38,205.2,On Fire
Frida Larsen,T20I,59,29.5,78.67,29.5,78.67,100.0,Good
Furkan Tuskan,T20I,37,6.17,55.22,6.17,55.22,100.0,Good
G Anujin,T20I,22,3.14,52.38,2.65,45.0,117.4,On Fire
G Ayan,T20I,62,10.33,108.77,7.8,72.22,141.5,On Fire
G Bruno,T20I,17,8.5,188.89,8.5,188.89,100.0,Good
G Campbell,T20I,2,2.0,25.0,2.0,25.0,100.0,Good
G Candiru,T20I,285,21.92,94.06,21.19,88.74,104.7,Good
G Cengiz,T20I,100,25.0,111.11,15.0,98.13,139.9,On Fire
G Chilia,T20I,54,6.75,57.45,9.56,59.72,83.4,Average
G Chohan,T20I,65,9.29,85.53,11.5,92.0,86.9,Good
G Coetzee,IPL,17,8.5,154.55,5.17,93.94,164.5,On Fire
G Coetzee,T20I,47,9.4,142.42,10.67,137.63,95.8,Good
G Cupido,T20I,10,5.0,90.91,5.0,90.91,100.0,Good
G Dempsey,ODI,17,5.67,47.22,15.88,61.35,56.3,Poor
G Essoun,T20I,1,1.0,14.29,1.0,14.29,100.0,Good
G Fontenla,T20I,6,3.0,85.71,3.0,85.71,100.0,Good
G Ford,T20I,16,4.0,40.0,4.0,40.0,100.0,Good
G Gune,T20I,396,23.29,120.36,23.29,120.36,100.0,Good
G Hoey,Test,41,20.5,35.96,20.5,35.96,100.0,Good
G Ilarionova,T20I,102,14.57,79.07,10.55,74.84,121.9,On Fire
G Ingabire,T20I,115,14.38,92.74,9.93,82.74,128.4,On Fire
G Ionita,T20I,0,0.0,0.0,0.0,0.0,0.0,
G Ishimwe,T20I,583,24.29,106.58,21.34,93.89,113.7,On Fire
G Jaine,T20I,5,2.5,29.41,2.5,29.41,100.0,Good
G Kamalini,T20I,27,27.0,158.82,27.0,158.82,100.0,Good
G Kamalini,WPL,107,15.29,104.9,15.29,104.9,100.0,Good
G Kansonkho,T20I,152,13.82,82.16,15.0,87.8,92.9,Good
G Keles,T20I,115,23.0,99.14,13.78,84.93,141.8,On Fire
G Kodali,ODI,20,20.0,48.78,16.5,56.9,103.5,Good
G Kodali,T20I,43,6.14,97.73,6.69,84.92,103.4,Good
G Kuthalingham,T20I,7,7.0,58.33,7.0,58.33,100.0,Good
G Madanayake,T20I,90,9.0,53.25,9.0,53.25,100.0,Good
G Mallett,T20I,0,0.0,0.0,1.0,12.5,0.0,
G Manan,T20I,18,6.0,112.5,11.92,162.5,59.8,Poor
G Matome,T20I,263,21.92,77.81,18.68,71.75,112.9,On Fire
G Mckeon,T20I,217,21.7,137.34,32.93,142.95,81.0,Average
G Motie,CPL,52,8.67,106.12,11.0,99.4,92.8,Good
G Motie,ODI,261,17.4,96.67,19.32,91.99,97.6,Good
G Motie,T20I,63,15.75,140.0,12.77,127.69,116.5,On Fire
G Motie,Test,92,23.0,65.71,22.08,63.4,103.9,Good
G Newton,T20I,57,57.0,116.33,57.0,116.33,100.0,Good
G Oliveira,T20I,61,30.5,105.17,15.0,98.68,155.0,On Fire
G Quaicoe,T20I,0,0.0,0.0,0.0,0.0,0.0,
G Sanjeewa,T20I,10,5.0,90.91,5.0,90.91,100.0,Good
G Schachat,T20I,43,10.75,74.14,26.6,100.76,57.0,Poor
G Sesay,T20I,96,24.0,67.13,9.8,64.69,174.3,On Fire
G Setshwane,T20I,1,0.5,20.0,0.5,20.0,100.0,Good
G Shukla,T20I,56,14.0,96.55,15.44,97.2,95.0,Good
G Singh,T20I,101,20.2,89.38,23.94,106.98,84.0,Average
G Stewart,T20I,172,28.67,154.95,28.0,160.24,99.5,Good
G Sultana,WPL,0,0.0,0.0,3.0,42.86,0.0,
G Toka,T20I,31,15.5,114.81,15.5,114.81,100.0,Good
G Tuskan,T20I,25,6.25,50.0,6.25,50.0,100.0,Good
G Urjindulam,T20I,2,0.4,9.52,1.08,16.67,47.1,Poor
G Venkateswaran,T20I,225,25.0,129.31,17.21,114.74,129.0,On Fire
G Voll,ODI,376,41.78,113.6,49.91,112.04,92.6,Good
G Voll,T20I,604,33.56,152.91,33.56,152.91,100.0,Good
G Voll,Test,30,15.0,81.08,15.0,81.08,100.0,Good
G Voll,WPL,324,46.29,143.36,46.29,143.36,100.0,Good
G Wareham,ODI,146,24.33,143.14,26.31,114.0,109.0,Good
G Wareham,T20I,156,17.33,150.0,16.24,142.96,105.8,Good
G Wareham,WPL,271,33.88,141.88,27.47,139.66,112.5,On Fire
G Wetherall,T20I,95,11.88,141.79,17.13,112.23,97.8,Good
GA Priandana,T20I,1048,22.78,105.43,21.31,105.7,103.3,Good
GBK Roland,T20I,0,0.0,0.0,0.0,0.0,0.0,
GC Bhogle,T20I,304,27.64,98.38,28.06,94.53,101.3,Good
GC Galanis,T20I,15,7.5,107.14,9.62,118.46,84.2,Average
GC Murtaza,T20I,105,11.67,100.96,9.23,90.91,118.7,On Fire
GD Arta,T20I,341,11.0,96.06,12.71,87.86,97.9,Good
GD Phillips,CPL,147,21.0,108.09,33.15,132.01,72.6,Average
GD Phillips,IPL,67,16.75,124.07,12.0,121.1,121.0,On Fire
GD Phillips,ODI,503,71.86,114.84,41.07,104.2,142.6,On Fire
GD Phillips,T20I,321,32.1,152.13,31.8,142.78,103.7,Good
GD Phillips,Test,228,45.6,73.08,35.41,72.59,114.7,On Fire
GE Gutierrez Chavez,T20I,51,17.0,82.26,13.0,78.79,117.6,On Fire
GE Plimmer,ODI,327,27.25,71.71,21.59,68.67,115.3,On Fire
GE Plimmer,T20I,283,17.69,115.51,16.17,104.62,109.9,Good
GEM Brealey,T20I,98,24.5,89.09,14.71,82.4,137.3,On Fire
GES Sullivan,T20I,74,10.57,77.08,10.57,77.08,100.0,Good
GF Cardos,T20I,24,3.0,27.91,3.0,27.91,100.0,Good
GF Linde,IPL,31,10.33,147.62,10.33,147.62,100.0,Good
GF Linde,ODI,2,2.0,22.22,14.5,76.32,21.5,Poor
GF Linde,PSL,0,0.0,0.0,15.5,124.0,0.0,
GF Linde,T20I,244,24.4,148.78,19.19,147.62,114.0,On Fire
GG Alta,T20I,29,7.25,107.41,10.5,85.71,97.2,Good
GH Dockrell,ODI,80,20.0,91.95,23.94,83.94,96.5,Good
GH Dockrell,T20I,256,21.33,151.48,18.43,135.63,113.7,On Fire
GH Lewis,ODI,761,40.05,74.98,35.79,71.16,108.6,Good
GH Lewis,T20I,867,41.29,118.6,31.72,117.59,115.5,On Fire
GHS Garton,BBL,8,2.0,66.67,7.89,126.79,39.0,Poor
GI Hume,ODI,7,7.0,175.0,16.25,67.01,152.1,On Fire
GI Hume,T20I,5,5.0,166.67,37.0,132.14,69.8,Average
GJ Delany,T20I,218,19.82,135.4,20.7,134.86,98.1,Good
GJ Hilkowitz,T20I,19,4.75,111.76,4.75,111.76,100.0,Good
GJ Maxwell,BBL,348,43.5,164.93,34.37,155.3,116.4,On Fire
GJ Maxwell,IPL,48,8.0,97.96,23.9,155.12,48.3,Poor
GJ Maxwell,ODI,40,20.0,173.91,31.85,124.2,101.4,Good
GJ Maxwell,PSL,99,14.14,143.48,14.14,143.48,100.0,Good
GJ Maxwell,T20I,233,21.18,148.41,28.13,154.38,85.7,Good
GJ Naik,WPL,86,21.5,122.86,21.5,122.86,100.0,Good
GK Diviya,T20I,145,20.71,75.52,16.61,62.49,122.8,On Fire
GK Ghalley,T20I,150,15.0,111.94,13.52,94.68,114.6,On Fire
GL Mushi,T20I,49,12.25,84.48,17.75,72.45,92.8,Good
GM Harris,ODI,1,1.0,50.0,2.8,60.87,58.9,Poor
GM Harris,T20I,61,20.33,164.86,23.58,156.79,95.7,Good
GM Harris,WPL,401,23.59,147.97,30.33,149.45,88.4,Good
GM Muthui,T20I,4,4.0,200.0,6.0,80.0,158.3,On Fire
GMK Jayaweera,T20I,4,2.0,44.44,2.0,44.44,100.0,Good
GP Meade,T20I,41,8.2,97.62,15.59,101.48,74.4,Average
GP Tom,ODI,35,11.67,53.03,7.71,54.55,124.3,On Fire
GP Tom,T20I,18,6.0,64.29,6.0,64.29,100.0,Good
GR Adair,T20I,263,20.23,134.87,23.09,141.6,91.4,Good
GR Russ,T20I,57,57.0,116.33,18.45,84.94,222.9,On Fire
GS Bajwa,T20I,140,23.33,126.13,23.33,126.13,100.0,Good
GS Dinusha,Test,606,86.57,58.61,86.57,58.61,100.0,Good
GS Sandhu,BBL,47,47.0,114.63,12.08,102.61,250.4,On Fire
GS Sequeira,T20I,122,122.0,106.09,122.0,106.09,100.0,Good
GSNFG Jayasuriya,ODI,259,43.17,86.91,31.43,81.03,122.3,On Fire
GT Taylor,T20I,160,16.0,94.12,12.89,81.12,120.1,On Fire
GWHM Perera,ODI,620,36.47,70.06,23.85,63.32,131.8,On Fire
GWHM Perera,T20I,282,21.69,102.55,14.72,86.74,132.8,On Fire
GY Tomar,T20I,51,25.5,113.33,25.5,113.33,100.0,Good
Gaba Frank,T20I,4,4.0,50.0,4.0,50.0,100.0,Good
Gabor Torok,T20I,37,18.5,92.5,18.5,92.5,100.0,Good
Gagandeep Singh,T20I,7,3.5,63.64,7.67,90.2,58.1,Poor
Gargi Arya,T20I,0,0.0,0.0,0.0,0.0,0.0,
Gaurav Maithani,T20I,7,7.0,100.0,7.0,100.0,100.0,Good
Gaurav Tiwari,T20I,335,30.45,100.0,21.65,95.37,122.8,On Fire
Geovanis Uwase,T20I,54,6.75,101.89,5.86,92.13,112.9,On Fire
Ghazi Ghori,ODI,139,34.75,72.4,34.75,72.4,100.0,Good
Ghazi Ghori,PSL,4,4.0,80.0,4.0,80.0,100.0,Good
Ghazi Ghori,Test,20,10.0,62.5,10.0,62.5,100.0,Good
Ghulam Abbas Butt,T20I,18,3.6,58.06,11.62,118.9,39.9,Poor
Ghulam Ahmadi,T20I,7,7.0,50.0,15.33,95.83,48.9,Poor
Gong Yuting,T20I,59,6.56,60.82,7.5,72.41,85.7,Good
Grace Cottier,T20I,24,24.0,92.31,24.0,92.31,100.0,Good
Greg Scott,T20I,5,5.0,35.71,5.0,35.71,100.0,Good
Guido Angeletti,T20I,0,0.0,0.0,9.4,83.19,0.0,
Gull Feroza,ODI,422,46.89,98.83,46.89,98.83,100.0,Good
Gull Feroza,T20I,254,14.11,112.39,15.82,104.06,98.6,Good
Gulsan Jha,ODI,361,27.77,96.27,29.88,83.28,104.3,Good
Gulsan Jha,T20I,192,16.0,140.15,19.84,138.65,90.9,Good
Gurdeep Singh,T20I,123,30.75,195.24,22.31,121.34,149.4,On Fire
Gurnoor Brar,ODI,25,25.0,86.21,25.0,86.21,100.0,Good
Gurpreet Singh,T20I,100,14.29,86.21,13.0,90.0,102.9,Good
H Agarwal,T20I,0,0.0,0.0,5.69,39.78,0.0,
H Aggarwal,T20I,37,12.33,63.79,12.33,63.79,100.0,Good
H Atkinson,T20I,43,14.33,89.58,14.33,89.58,100.0,Good
H Beresford-Peirse,T20I,10,5.0,76.92,5.0,76.92,100.0,Good
H Bharadwaj,T20I,34,34.0,141.67,11.67,116.67,206.4,On Fire
H Bhullar,T20I,24,4.8,36.36,3.5,33.6,122.7,On Fire
H Bosnic,T20I,29,14.5,42.03,14.5,42.03,100.0,Good
H Carlyon,T20I,250,25.0,145.35,20.68,127.04,117.7,On Fire
H Celik,T20I,120,30.0,104.35,30.0,104.35,100.0,Good
H Chamto,T20I,10,2.5,58.82,2.5,46.88,112.7,On Fire
H Dassanayake,T20I,1,0.5,8.33,0.5,8.33,100.0,Good
H Deol,ODI,627,33.0,76.56,32.24,76.49,101.2,Good
H Deol,T20I,60,20.0,142.86,17.28,92.01,135.5,On Fire
H Deol,WPL,399,30.69,118.75,28.22,115.69,105.7,Good
H Deshan,T20I,407,21.42,129.62,21.42,129.62,100.0,Good
H Dhami,ODI,15,15.0,57.69,15.0,57.69,100.0,Good
H Dhavina,T20I,11,3.67,26.19,3.7,23.42,105.5,Good
H Doriga,ODI,95,19.0,67.38,19.0,67.38,100.0,Good
H Doriga,T20I,317,15.85,100.96,15.41,103.99,100.0,Good
H Elder,T20I,2,2.0,66.67,2.0,66.67,100.0,Good
H Fennell,T20I,1,0.5,25.0,4.83,98.31,17.9,Poor
H Goto,T20I,96,9.6,78.05,9.85,60.87,112.8,On Fire
H Hotchandani,ODI,119,29.75,48.97,29.75,48.97,100.0,Good
H Hotchandani,T20I,239,17.07,78.62,12.45,78.3,118.8,On Fire
H Ishimwe,T20I,395,16.46,105.61,15.96,100.11,104.3,Good
H Iwasaki,T20I,186,12.4,120.78,9.94,100.33,122.6,On Fire
H Jangariya,T20I,180,25.71,126.76,25.71,126.76,100.0,Good
H Karunaratne,ODI,100,33.33,64.52,16.11,51.51,166.1,On Fire
H Karunaratne,T20I,16,5.33,88.89,15.5,70.78,80.0,Average
H Kaur,ODI,738,36.9,90.89,39.62,82.62,101.6,Good
H Kaur,T20I,698,36.74,123.32,31.01,114.93,112.9,On Fire
H Kaur,Test,104,26.0,55.03,26.09,54.88,100.0,Good
H Kaur,WPL,644,46.0,152.61,45.88,145.49,102.6,Good
H Kaushik,ODI,80,20.0,86.96,20.0,86.96,100.0,Good
H Kaushik,T20I,156,17.33,130.0,17.33,130.0,100.0,Good
H Kavasoglu,T20I,0,0.0,0.0,0.0,0.0,0.0,
H Kerge,T20I,16,5.33,26.67,5.36,31.89,91.5,Good
H Kerr,BBL,79,19.75,129.51,18.77,124.4,104.7,Good
H Khogiyani,T20I,121,17.29,155.13,17.29,155.13,100.0,Good
H Khuttan,T20I,75,15.0,147.06,15.0,147.06,100.0,Good
H Kinga,T20I,14,14.0,73.68,7.0,58.33,163.2,On Fire
H Klaasen,IPL,1111,46.29,165.33,42.08,166.72,104.6,Good
H Klaasen,ODI,154,51.33,129.41,44.4,117.35,112.9,On Fire
H Klazinge,T20I,1,1.0,100.0,2.0,50.0,125.0,On Fire
H Lakov,T20I,566,40.43,125.78,33.23,113.44,116.3,On Fire
H Leko,T20I,98,24.5,70.0,16.12,66.49,128.6,On Fire
H Lin Aung,T20I,63,5.73,72.41,6.93,62.13,99.6,Good
H Lin Oo,T20I,129,18.43,97.73,11.5,82.51,139.4,On Fire
H Madavi,ODI,881,48.94,71.92,36.59,70.4,118.0,On Fire
H Madavi,T20I,421,21.05,116.3,27.25,101.31,96.0,Good
H Mbam,T20I,0,0.0,0.0,0.0,0.0,0.0,
H Mumford,T20I,1,1.0,20.0,6.0,34.62,37.2,Poor
H Nguyen,T20I,49,12.25,90.74,12.25,90.74,100.0,Good
H Pattenden,T20I,30,30.0,107.14,30.0,107.14,100.0,Good
H Pile,T20I,1,1.0,50.0,3.0,37.5,83.3,Average
H Rashid,T20I,62,15.5,89.86,12.38,85.34,115.2,On Fire
H Santhoshkumar,T20I,11,3.67,55.0,3.67,55.0,100.0,Good
H Satheedevi,T20I,104,34.67,152.94,16.86,140.48,157.3,On Fire
H Sawaneh,T20I,9,3.0,64.29,3.0,64.29,100.0,Good
H Sawanneh,T20I,31,5.17,60.78,5.17,60.78,100.0,Good
H Shreya,T20I,0,0.0,0.0,0.0,0.0,0.0,
H Simpson-Parker,T20I,13,6.5,56.52,10.5,87.5,63.2,Average
H Singh,T20I,501,35.79,137.26,26.76,131.47,119.1,On Fire
H Srinivasan,T20I,15,15.0,125.0,11.67,71.43,151.8,On Fire
H Ssenyondo,T20I,2,2.0,100.0,4.17,51.02,122.0,On Fire
H Thaker,ODI,291,26.45,62.58,33.44,66.15,86.9,Good
H Thaker,T20I,309,34.33,127.16,23.61,122.0,124.8,On Fire
H Venkataram,T20I,148,49.33,114.73,49.33,114.73,100.0,Good
H Wenehoua,T20I,2,1.0,28.57,1.0,28.57,100.0,Good
HA Daluwatta,T20I,10,3.33,83.33,4.0,75.0,97.2,Good
HA Jackson,T20I,11,11.0,42.31,14.19,83.71,64.0,Average
HAM Shah,T20I,622,56.55,158.27,40.89,133.66,128.4,On Fire
HB Dickson,T20I,187,17.0,135.51,24.78,143.41,81.5,Average
HC Brook,ODI,641,35.61,102.89,36.97,104.78,97.3,Good
HC Brook,T20I,962,41.83,182.54,36.93,165.37,111.8,On Fire
HC Brook,Test,1329,45.83,83.01,53.09,86.32,91.2,Good
HC Knight,ODI,406,36.91,79.45,36.39,77.07,102.3,Good
HC Knight,T20I,535,44.58,129.23,28.76,122.15,130.4,On Fire
HC Knight,Test,76,19.0,41.3,42.35,48.24,65.2,Average
HD Weibgen,BBL,177,19.67,105.99,19.67,105.99,100.0,Good
HDJ Siegers,T20I,545,21.8,140.83,19.68,119.42,114.4,On Fire
HE van der Dussen,CPL,113,22.6,101.8,23.0,111.29,94.9,Good
HE van der Dussen,ODI,141,141.0,92.16,48.63,86.85,198.0,On Fire
HE van der Dussen,PSL,43,14.33,116.22,39.64,143.04,58.7,Poor
HE van der Dussen,T20I,149,29.8,123.14,33.5,128.73,92.3,Good
HER Tyler,T20I,194,19.4,128.48,15.48,124.04,114.5,On Fire
HG Munsey,ODI,882,49.0,104.5,41.24,92.34,116.0,On Fire
HG Munsey,T20I,520,37.14,142.86,33.0,144.55,105.7,Good
HGV Vare,T20I,42,8.4,97.67,7.69,86.21,111.3,On Fire
HH Aung,T20I,32,8.0,58.18,5.33,48.98,134.4,On Fire
HH Pandya,IPL,430,23.89,150.35,27.7,146.37,94.5,Good
HH Pandya,ODI,135,22.5,118.42,33.28,111.07,87.1,Good
HH Pandya,T20I,588,29.4,158.92,27.76,145.07,107.7,Good
HJ Manenti,BBL,58,8.29,95.08,8.29,95.08,100.0,Good
HJ Manenti,T20I,175,21.88,105.42,20.6,113.5,99.5,Good
HJ Nielsen,BBL,7,2.33,70.0,18.64,117.97,35.9,Poor
HJ Thomas,ODI,88,12.57,46.07,11.31,49.0,102.6,Good
HJ Thomas,T20I,261,13.74,72.5,14.37,72.99,97.5,Good
HK Brahmbhatt,T20I,50,25.0,84.75,25.0,84.75,100.0,Good
HK Kukreja,T20I,113,18.83,98.26,18.83,98.26,100.0,Good
HK Matthews,ODI,1026,57.0,95.89,40.14,81.52,129.8,On Fire
HK Matthews,T20I,818,45.44,122.09,30.68,116.8,126.3,On Fire
HK Matthews,WPL,416,27.73,123.44,26.27,121.94,103.4,Good
HL Harji,T20I,2,2.0,200.0,3.5,70.0,171.4,On Fire
HL Tau,ODI,8,8.0,53.33,8.0,53.33,100.0,Good
HL Tau,T20I,49,9.8,70.0,13.0,77.38,82.9,Average
HM Nicholls,ODI,299,21.36,66.59,32.64,78.79,75.0,Average
HM Nicholls,Test,385,77.0,62.1,39.51,51.33,157.9,On Fire
HM Omary,T20I,414,21.79,99.04,17.78,92.29,114.9,On Fire
HMD Rasangika,T20I,497,35.5,112.7,36.21,113.81,98.5,Good
HMHE Parsons,T20I,191,15.92,114.37,15.92,114.37,100.0,Good
HRA Rainey,ODI,10,5.0,62.5,5.5,43.14,117.9,On Fire
HRA Rainey,T20I,1,1.0,100.0,1.8,25.71,222.3,On Fire
HT Dixon,BBL,26,8.67,108.33,8.67,108.33,100.0,Good
HT Tector,ODI,153,30.6,67.11,46.71,84.08,72.7,Average
HT Tector,T20I,521,37.21,129.93,24.26,119.91,130.9,On Fire
HT Tector,Test,118,14.75,44.36,25.44,44.47,78.9,Average
HTRY Thornton,BBL,12,12.0,200.0,14.0,91.8,151.8,On Fire
HV Patel,IPL,31,6.2,88.57,8.75,117.65,73.1,Average
HWA Landheer,ODI,1,1.0,50.0,3.43,33.8,88.5,Good
HWA Landheer,T20I,26,6.5,68.42,5.43,68.47,109.8,Good
HWR Cartwright,BBL,154,25.67,133.91,27.9,124.89,99.6,Good
Habeeba Bader,T20I,63,7.88,54.31,8.4,59.15,92.8,Good
Habib Khan,T20I,330,25.38,142.86,24.58,127.98,107.4,Good
Hadia Siddiqui,T20I,16,2.29,30.19,2.29,30.19,100.0,Good
Hadisullah Tarakhel,T20I,66,22.0,173.68,31.43,180.33,83.2,Average
Haider Ali,ODI,26,4.33,24.76,8.5,49.28,50.6,Poor
Haider Ali,PSL,180,16.36,136.36,21.09,136.35,88.8,Good
Haider Ali,T20I,45,5.62,109.76,15.22,124.55,62.5,Average
Hailey Wong,T20I,1,1.0,33.33,1.0,33.33,100.0,Good
Hamayun Altaf,PSL,16,16.0,123.08,16.0,123.08,100.0,Good
Hamid Mahmood,T20I,62,15.5,103.33,30.0,106.01,74.6,Average
Hamid Safi,T20I,211,19.18,146.53,19.18,146.53,100.0,Good
Hammad Azam,PSL,16,8.0,88.89,11.0,97.35,82.0,Average
Hammad Mirza,ODI,607,40.47,74.21,36.94,72.05,106.3,Good
Hammad Mirza,T20I,331,19.47,101.53,19.67,107.76,96.6,Good
Hammadullah Shinwari,T20I,26,3.25,68.42,3.25,68.42,100.0,Good
Hamza Dar,T20I,132,66.0,249.06,35.05,148.99,177.7,On Fire
Hamza Khan,T20I,977,39.08,131.32,32.74,123.54,112.8,On Fire
Hamza Nisar,T20I,22,22.0,200.0,22.0,200.0,100.0,Good
Hamza Riaz,T20I,0,0.0,0.0,0.0,0.0,0.0,
Hardeep Singh,T20I,4,4.0,400.0,4.0,400.0,100.0,Good
Haris Karim,T20I,1,1.0,33.33,1.0,33.33,100.0,Good
Haris Rauf,BBL,4,2.0,66.67,4.2,72.41,69.8,Average
Haris Rauf,ODI,34,6.8,69.39,7.43,73.76,92.8,Good
Haris Rauf,PSL,29,4.14,65.91,6.32,100.84,65.4,Average
Haris Rauf,T20I,22,5.5,68.75,6.81,104.81,73.2,Average
Harmeet Singh,ODI,177,17.7,99.44,19.67,99.66,94.9,Good
Harmeet Singh,T20I,7,2.33,87.5,15.12,145.78,37.7,Poor
Harper Chalmers,T20I,58,11.6,52.73,11.6,52.73,100.0,Good
Harpreet Brar,IPL,16,16.0,100.0,20.75,120.87,79.9,Average
Harpreet Singh,ODI,353,44.12,93.88,44.12,93.88,100.0,Good
Harpreet Singh,T20I,42,10.5,100.0,10.5,100.0,100.0,Good
Harry Johnson,T20I,1,1.0,100.0,2.0,66.67,100.0,Good
Harsh Dubey,IPL,13,6.5,144.44,6.5,144.44,100.0,Good
Harshit Rana,IPL,57,14.25,107.55,9.83,105.36,123.5,On Fire
Harshit Rana,ODI,124,24.8,121.57,24.8,121.57,100.0,Good
Harshit Rana,T20I,101,14.43,110.99,14.43,110.99,100.0,Good
Hasan Ali,BBL,26,13.0,136.84,13.0,136.84,100.0,Good
Hasan Ali,ODI,0,0.0,0.0,13.46,115.29,0.0,
Hasan Ali,PSL,89,17.8,145.9,10.3,139.34,138.8,On Fire
Hasan Ali,T20I,18,9.0,105.88,13.36,170.93,64.7,Average
Hasan Ali,Test,25,6.25,39.68,11.31,68.98,56.4,Poor
Hasan Mahmud,ODI,0,0.0,0.0,3.7,47.44,0.0,
Hasan Mahmud,T20I,43,43.0,119.44,25.0,98.04,146.9,On Fire
Hasan Mahmud,Test,92,13.14,30.07,11.71,35.6,98.3,Good
Hasan Murad,Test,27,13.5,56.25,13.5,56.25,100.0,Good
Hasan Yanar,T20I,16,16.0,55.17,16.0,55.17,100.0,Good
Haseebullah Khan,ODI,0,0.0,0.0,0.0,0.0,0.0,
Haseebullah Khan,PSL,130,26.0,99.24,19.19,120.39,109.0,Good
Hashir Dafedar,ODI,29,14.5,47.54,14.5,47.54,100.0,Good
Hasnain Ul Wahab,ODI,29,14.5,64.44,14.5,64.44,100.0,Good
Hassan Khan,BBL,173,19.22,133.08,17.9,133.58,103.5,Good
Hassan Khan,CPL,156,14.18,136.84,15.54,138.36,95.1,Good
Hassan Khan,PSL,139,27.8,195.77,19.71,142.27,139.3,On Fire
Hassan Khan,T20I,72,18.0,118.03,18.0,118.03,100.0,Good
Hassan Khan Mohammad,T20I,24,12.0,80.0,8.0,72.73,130.0,On Fire
Hassan Nasir,T20I,3,3.0,100.0,3.0,100.0,100.0,Good
Hassan Nawaz,CPL,173,28.83,125.36,28.83,125.36,100.0,Good
Hassan Nawaz,ODI,113,56.5,88.98,56.5,88.98,100.0,Good
Hassan Nawaz,PSL,690,43.12,149.03,37.79,146.23,108.0,Good
Hassan Nawaz,T20I,424,22.32,161.22,21.95,152.96,103.5,Good
Hassnain Shah,ODI,90,12.86,112.5,12.86,112.5,100.0,Good
Hassnain Shah,T20I,1,0.33,16.67,0.33,16.67,100.0,Good
Hayatullah Niazi,T20I,53,53.0,182.76,24.0,137.14,177.0,On Fire
Heal Theara,T20I,0,0.0,0.0,1.75,20.0,0.0,
Het Patel,T20I,1,1.0,14.29,1.0,14.29,100.0,Good
Himmat Singh,IPL,92,30.67,133.33,30.67,133.33,100.0,Good
Hisham Sheikh,T20I,57,19.0,86.36,20.83,91.46,92.8,Good
Hiu Ying Cheung,T20I,30,6.0,63.83,4.82,74.13,105.3,Good
Hong Yali,T20I,5,5.0,71.43,5.0,71.43,100.0,Good
Hor Siv na,T20I,9,9.0,24.32,2.0,19.23,288.2,On Fire
Humna Bilal,T20I,2,2.0,66.67,2.0,66.67,100.0,Good
Hunain Shah,CPL,5,5.0,62.5,5.0,62.5,100.0,Good
Hunain Shah,PSL,10,3.33,55.56,3.17,61.29,97.8,Good
Hussain Talat,ODI,222,31.71,84.09,28.0,80.58,108.8,Good
Hussain Talat,PSL,205,41.0,134.87,24.89,123.81,136.8,On Fire
Hussain Talat,T20I,47,11.75,87.04,22.05,113.95,64.8,Average
Huzaif Yousuf,T20I,3,3.0,33.33,19.0,76.0,29.8,Poor
Huzaifa Mohammed,T20I,4,4.0,50.0,23.2,75.32,41.8,Poor
I Asif,T20I,204,18.55,102.0,18.8,106.02,97.4,Good
I Barma,T20I,663,22.1,94.44,18.7,86.6,113.6,On Fire
I Bist,T20I,22,11.0,100.0,11.0,100.0,100.0,Good
I Chathurani,T20I,358,51.14,91.09,62.0,94.48,89.4,Good
I Chuma,T20I,160,12.31,63.49,8.92,65.72,117.3,On Fire
I Danladi,T20I,573,27.29,106.51,25.42,117.09,99.2,Good
I Dulani,ODI,127,31.75,59.07,23.67,56.8,119.1,On Fire
I Dulani,T20I,482,26.78,113.15,25.68,113.23,102.1,Good
I Edwards,T20I,12,6.0,30.77,6.0,30.77,100.0,Good
I Elec,T20I,56,18.67,96.55,10.29,74.23,155.8,On Fire
I Goordial-John,T20I,115,10.45,56.37,10.45,56.37,100.0,Good
I Kaia,ODI,73,18.25,55.3,21.32,63.78,86.2,Good
I Kaia,T20I,99,33.0,154.69,16.68,121.92,162.4,On Fire
I Kaia,Test,140,140.0,61.67,62.4,60.7,163.0,On Fire
I Kaur,T20I,0,0.0,0.0,0.0,0.0,0.0,
I Liyanage,T20I,270,22.5,123.85,28.08,123.5,90.2,Good
I Majdancic,T20I,35,11.67,89.74,11.67,89.74,100.0,Good
I Mugisha,T20I,36,7.2,133.33,8.29,107.41,105.5,Good
I Muhawenimana,T20I,4,4.0,133.33,4.67,66.67,142.8,On Fire
I Muntean,T20I,0,0.0,0.0,0.5,13.33,0.0,
I Mustafoev,T20I,1,1.0,12.5,1.0,12.5,100.0,Good
I Mutoni,T20I,2,2.0,100.0,2.0,100.0,100.0,Good
I Nakisuuyi,T20I,688,19.11,80.0,19.85,80.62,97.8,Good
I Nandakumar,ODI,16,16.0,59.26,16.0,59.26,100.0,Good
I Nandakumar,T20I,11,5.5,57.89,5.0,49.45,113.5,On Fire
I Niyomugabo,T20I,629,22.46,96.92,23.03,100.48,97.0,Good
I Ntirenganya,T20I,62,20.67,92.54,11.44,86.55,143.8,On Fire
I Palliya,T20I,0,0.0,0.0,0.0,0.0,0.0,
I Pandey,ODI,215,26.88,70.26,26.88,70.26,100.0,Good
I Ranaweera,ODI,11,2.75,26.83,10.0,38.46,48.6,Poor
I Smotara,T20I,0,0.0,0.0,0.0,0.0,0.0,
I Stewart,T20I,70,70.0,137.25,70.0,137.25,100.0,Good
I Suhun,T20I,24,6.0,64.86,5.24,54.94,116.3,On Fire
I Takahashi,T20I,254,19.54,147.67,17.58,133.33,111.0,On Fire
I Tchakou,T20I,39,6.5,75.0,5.65,66.86,113.6,On Fire
I Toua,ODI,38,7.6,60.32,6.58,50.32,117.7,On Fire
I Toua,T20I,90,9.0,94.74,8.46,85.94,108.3,Good
I Vrignaud,T20I,99,16.5,53.51,12.5,50.51,119.0,On Fire
I Waqavakatoga,T20I,63,10.5,55.26,12.46,66.67,83.6,Average
I Wijesundera,Test,24,12.0,120.0,12.0,120.0,100.0,Good
I van der Woning,T20I,7,2.33,63.64,2.25,64.29,101.3,Good
IA Karim,T20I,143,71.5,116.26,42.79,106.58,138.1,On Fire
IC Gaze,ODI,414,41.4,107.53,24.58,87.41,145.7,On Fire
IC Gaze,T20I,340,26.15,125.0,19.89,116.77,119.3,On Fire
IDA Damarell,T20I,172,17.2,126.47,19.96,111.88,99.6,Good
IDM Latin,T20I,339,26.08,120.21,24.62,122.37,102.1,Good
IE Mulhovo,T20I,83,6.38,35.47,6.91,40.32,90.2,Good
IECM Wong,T20I,23,11.5,135.29,9.0,121.62,119.5,On Fire
IECM Wong,Test,8,8.0,12.12,8.0,12.12,100.0,Good
IG Sharp,ODI,67,13.4,80.72,13.4,80.72,100.0,Good
IG Sharp,T20I,234,26.0,127.17,26.0,127.17,100.0,Good
IGTP Wiguna,T20I,3,3.0,33.33,3.0,33.33,100.0,Good
II Selemani,T20I,214,42.8,181.36,24.74,151.53,146.3,On Fire
IIA Vildosola,T20I,0,0.0,0.0,0.0,0.0,0.0,
IJR Zwilling,ODI,5,5.0,41.67,10.71,43.23,71.5,Average
IJR Zwilling,T20I,273,15.17,97.15,15.12,93.5,102.1,Good
IK Cheema,T20I,35,11.67,92.11,11.67,92.11,100.0,Good
IK Gamantika,T20I,557,18.57,96.2,18.28,96.72,100.5,Good
IKEG Artawan,T20I,254,11.55,100.0,10.63,92.89,108.2,Good
IKO Aboagye,T20I,10,5.0,90.91,4.33,54.17,141.6,On Fire
IM Vaghela,T20I,323,19.0,97.58,17.54,87.69,109.8,Good
IO Okpe,T20I,213,13.31,123.12,13.49,107.86,106.4,Good
IP Swaney,T20I,87,12.43,133.85,10.78,124.36,111.5,On Fire
IR James,T20I,14,14.0,155.56,14.0,155.56,100.0,Good
IS Sodhi,T20I,55,27.5,141.03,8.68,108.97,223.1,On Fire
IY Levy,T20I,6,6.0,50.0,6.0,50.0,100.0,Good
Ibrahim Altinoluk,T20I,0,0.0,0.0,0.0,0.0,0.0,
Ibrahim Karim,T20I,3,1.5,50.0,1.5,50.0,100.0,Good
Ibrahim Kpaka,T20I,48,4.8,73.85,4.8,73.85,100.0,Good
Ibrahim Kursad Dalyan,T20I,143,20.43,99.31,16.89,96.2,112.1,On Fire
Ibrahim Rahimi,T20I,463,22.05,165.95,20.7,163.57,104.0,Good
Ibrar Ahmad,ODI,4,2.0,28.57,2.0,28.57,100.0,Good
Ibrar Ahmad,T20I,60,12.0,146.34,12.0,146.34,100.0,Good
Idan Varsulkar,T20I,18,6.0,90.0,6.0,90.0,100.0,Good
Idrees Ul Haque,T20I,76,9.5,108.57,18.33,125.57,69.1,Average
Iftikhar Ahmed,CPL,63,21.0,108.62,21.0,108.62,100.0,Good
Iftikhar Ahmed,PSL,160,26.67,139.13,24.41,133.63,106.7,Good
Iftikhar Kankhel,T20I,9,4.5,69.23,4.5,69.23,100.0,Good
Ihsanullah Wafa,T20I,65,21.67,130.0,21.67,130.0,100.0,Good
Ijaz Hussain,T20I,5,5.0,71.43,9.43,89.19,66.6,Average
Ikramullah Khan,T20I,214,17.83,112.63,15.77,116.05,105.1,Good
Ilenia Sims,T20I,304,23.38,92.97,26.24,90.65,95.8,Good
Ilyas Ataullah,T20I,213,26.62,133.12,18.29,124.4,126.3,On Fire
Ilyas Cetin,T20I,13,6.5,86.67,6.5,86.67,100.0,Good
Imad Wasim,CPL,137,22.83,115.13,26.03,123.78,90.4,Good
Imad Wasim,PSL,122,15.25,110.91,25.17,136.54,70.9,Average
Imal Zuwak,T20I,521,19.3,103.37,18.03,102.93,103.7,Good
Imam-ul-Haq,ODI,14,7.0,31.11,46.79,82.97,26.2,Poor
Imam-ul-Haq,Test,297,24.75,59.4,34.54,47.77,98.0,Good
Imran Ahmed Kaneez,T20I,11,5.5,40.74,3.8,37.25,127.1,On Fire
Imran Ameer,T20I,95,15.83,113.1,21.79,110.11,87.7,Good
Imran Anwar,T20I,311,20.73,120.54,18.53,125.88,103.8,Good
Imran Khan,T20I,4,1.0,66.67,2.73,73.17,63.9,Average
Imran Tahir,CPL,26,13.0,66.67,8.42,92.66,113.2,On Fire
Imtiaz Khan,T20I,1,1.0,100.0,1.0,100.0,100.0,Good
Inshaf Farook,T20I,58,14.5,90.62,14.5,90.62,100.0,Good
Iqra Sahar,T20I,13,2.6,40.62,4.13,55.36,68.2,Average
Iram Javed,T20I,95,13.57,110.47,10.26,84.89,131.2,On Fire
Irdina Beh Nabil,T20I,82,8.2,63.08,8.6,62.77,97.9,Good
Irfan Hafejee,T20I,137,19.57,104.58,17.81,86.57,115.3,On Fire
Irfan Khan,ODI,0,0.0,0.0,8.0,64.86,0.0,
Irfan Khan,PSL,314,22.43,128.69,26.23,132.95,91.2,Good
Irfan Khan,T20I,36,12.0,116.13,27.0,135.0,65.2,Average
Irfan Ringku,T20I,395,24.69,147.94,24.69,147.94,100.0,Good
Irfan Safi,T20I,181,15.08,117.53,15.08,117.53,100.0,Good
Irfan Saleh,T20I,39,13.0,102.63,13.0,102.63,100.0,Good
Isa Zaroo,T20I,490,27.22,127.6,23.27,119.33,112.0,On Fire
Isabel Walker,T20I,104,52.0,105.05,52.0,105.05,100.0,Good
Isabella Clarke,T20I,0,0.0,0.0,0.0,0.0,0.0,
Isaiah O'Brien,T20I,30,30.0,272.73,30.0,272.73,100.0,Good
Ishan Kishan,IPL,956,38.24,170.11,30.51,143.54,121.9,On Fire
Ishan Kishan,ODI,15,7.5,75.0,39.17,101.69,46.5,Poor
Ishan Kishan,T20I,812,35.3,176.91,29.78,146.31,119.7,On Fire
Ishma Tanjim,ODI,24,8.0,42.11,8.0,42.11,100.0,Good
Ishtiaq Ahmad,T20I,37,9.25,148.0,7.12,146.15,115.6,On Fire
Ismail Kara,T20I,176,35.2,164.49,35.2,164.49,100.0,Good
Issa Al Balushi,T20I,16,8.0,72.73,8.0,72.73,100.0,Good
Itibarshah Deedar,T20I,5,5.0,125.0,9.0,81.82,104.2,Good
Ivan Genchev,T20I,0,0.0,0.0,0.0,0.0,0.0,
Ivy Yeboah,T20I,0,0.0,0.0,0.0,0.0,0.0,
Izaz Ali,T20I,209,17.42,132.28,15.67,127.72,107.4,Good
Izhar Hussain,T20I,49,16.33,89.09,12.5,83.33,118.8,On Fire
J Abwom,T20I,30,10.0,55.56,10.0,55.56,100.0,Good
J Ajiambo,T20I,2,2.0,22.22,3.0,35.29,64.8,Average
J Andrew,CPL,222,22.2,113.85,23.33,112.9,98.0,Good
J Andrew,ODI,8,4.0,66.67,4.0,66.67,100.0,Good
J Andrew,T20I,78,15.6,97.5,15.6,97.5,100.0,Good
J Andujar,T20I,43,14.33,148.28,14.33,148.28,100.0,Good
J Baguma,T20I,3,1.5,60.0,8.2,74.55,49.4,Poor
J Baker,T20I,846,52.88,136.67,43.52,130.17,113.3,On Fire
J Baleicikoibia,T20I,50,10.0,58.82,11.1,70.7,86.6,Good
J Bangura,T20I,213,16.38,88.75,13.81,78.64,115.7,On Fire
J Bishop,CPL,33,8.25,97.06,16.5,122.22,64.7,Average
J Blades,CPL,1,1.0,20.0,1.0,20.0,100.0,Good
J Blades,ODI,0,0.0,0.0,0.0,0.0,0.0,
J Blades,T20I,5,5.0,38.46,5.0,38.46,100.0,Good
J Brown,BBL,393,28.07,146.1,26.49,148.56,102.2,Good
J Buchanan,T20I,1,1.0,25.0,5.5,68.75,27.3,Poor
J Bulele,T20I,123,24.6,91.79,30.12,95.07,89.1,Good
J Butler,T20I,275,25.0,118.03,28.12,114.94,95.8,Good
J Byrappa,T20I,238,23.8,104.85,23.8,104.85,100.0,Good
J Campbell,ODI,8,8.0,53.33,8.0,53.33,100.0,Good
J Campbell,Test,37,18.5,56.92,18.5,56.92,100.0,Good
J Charles,CPL,408,21.47,133.33,28.27,131.8,88.6,Good
J Charles,T20I,122,20.33,107.02,22.48,128.03,87.0,Good
J Chirila,T20I,30,30.0,54.55,30.0,54.55,100.0,Good
J Chunquin,T20I,2,1.0,25.0,1.0,25.0,100.0,Good
J Clough,T20I,40,13.33,111.11,12.25,100.0,110.0,Good
J Coetzee,T20I,74,14.8,86.05,22.24,108.31,73.0,Average
J Cutinho,T20I,28,7.0,68.29,7.0,68.29,100.0,Good
J Da Silva,CPL,106,53.0,135.9,28.18,109.86,155.9,On Fire
J Da Silva,Test,20,20.0,35.71,24.67,40.94,84.1,Average
J Daley,T20I,87,29.0,117.57,29.0,117.57,100.0,Good
J Dowling,T20I,19,3.8,40.43,3.8,40.43,100.0,Good
J Dzulfikar,T20I,66,11.0,75.86,10.46,79.07,100.6,Good
J Edmiston,T20I,22,22.0,59.46,22.0,59.46,100.0,Good
J Edwards,BBL,158,14.36,147.66,15.47,120.21,107.8,Good
J Edwards,T20I,5,5.0,83.33,5.0,83.33,100.0,Good
J Erdenesuvd,T20I,4,2.0,11.11,1.38,11.11,122.5,On Fire
J Essex,T20I,78,19.5,76.47,14.5,73.11,119.5,On Fire
J Fernando,T20I,189,18.9,128.57,18.9,128.57,100.0,Good
J Figy John,T20I,19,9.5,63.33,9.5,63.33,100.0,Good
J Fraser-McGurk,BBL,297,18.56,144.17,18.1,129.3,107.0,Good
J Fraser-McGurk,IPL,55,9.17,105.77,25.67,199.48,44.4,Poor
J Fraser-McGurk,ODI,11,5.5,61.11,14.0,132.43,42.7,Poor
J Fraser-McGurk,T20I,2,2.0,28.57,14.38,133.72,17.6,Poor
J Gallimore,T20I,28,28.0,96.55,39.0,97.5,85.4,Good
J Ghelzai,T20I,10,3.33,111.11,3.33,111.11,100.0,Good
J Giyanani,ODI,4,4.0,80.0,4.0,80.0,100.0,Good
J Glasgow,ODI,240,17.14,75.71,17.14,75.71,100.0,Good
J Glasgow,T20I,237,19.75,104.87,19.0,101.65,103.6,Good
J Grewcock,ODI,81,16.2,64.8,16.2,64.8,100.0,Good
J Guatam,T20I,103,34.33,132.05,34.33,132.05,100.0,Good
J Gunasekar,T20I,922,43.9,109.24,43.9,109.24,100.0,Good
J Henry,T20I,43,10.75,75.44,9.0,86.3,103.4,Good
J Hermann,ODI,247,82.33,118.18,82.33,118.18,100.0,Good
J Hermann,T20I,109,27.25,141.56,27.25,141.56,100.0,Good
J Hicks,T20I,12,3.0,27.27,3.0,27.27,100.0,Good
J Horrocks,T20I,13,13.0,144.44,11.4,101.79,128.0,On Fire
J Jarvis,ODI,107,13.38,111.46,10.38,88.24,127.6,On Fire
J Jarvis,T20I,34,34.0,161.9,15.33,108.24,185.7,On Fire
J Jemison,T20I,124,13.78,82.67,10.74,77.27,117.6,On Fire
J Kariko,T20I,10,10.0,111.11,7.33,75.86,141.4,On Fire
J Khadka,T20I,4,4.0,40.0,4.0,40.0,100.0,Good
J Kokam,T20I,7,3.5,36.84,3.5,36.84,100.0,Good
J Kominkova,T20I,100,8.33,49.75,6.69,48.2,113.9,On Fire
J Kunnanchirakkal,T20I,4,2.0,66.67,2.0,66.67,100.0,Good
J Lassayo,T20I,14,2.8,56.0,2.8,56.0,100.0,Good
J Layne,Test,15,5.0,68.18,5.0,68.18,100.0,Good
J Little,ODI,1,1.0,33.33,8.1,93.1,24.1,Poor
J Little,T20I,1,1.0,100.0,13.67,87.23,61.0,Average
J Liyanage,ODI,572,44.0,92.11,44.73,86.32,102.5,Good
J Liyanage,T20I,153,30.6,117.69,22.62,103.43,124.5,On Fire
J Madan,T20I,35,17.5,106.06,17.5,106.06,100.0,Good
J Maguire,ODI,60,7.5,73.17,5.81,60.0,125.5,On Fire
J Maguire,T20I,46,11.5,135.29,11.14,104.0,116.7,On Fire
J Martins,T20I,255,21.25,122.01,21.25,122.01,100.0,Good
J Matharu,ODI,7,7.0,70.0,7.0,70.0,100.0,Good
J Mathew,T20I,1,1.0,100.0,1.0,100.0,100.0,Good
J Mbabazi,T20I,793,21.43,89.0,16.58,80.07,120.2,On Fire
J Merlo,BBL,14,14.0,66.67,7.18,90.8,134.2,On Fire
J Miyaji,T20I,59,6.56,131.11,9.92,106.25,94.8,Good
J Moondra,T20I,3,3.0,100.0,3.0,100.0,100.0,Good
J Mosca,T20I,202,25.25,129.49,24.15,141.64,98.0,Good
J Neill,Test,145,36.25,59.92,36.25,59.92,100.0,Good
J Newland,T20I,37,18.5,92.5,18.5,92.5,100.0,Good
J Nkomo,ODI,128,64.0,73.56,40.17,69.35,132.7,On Fire
J Nkomo,T20I,156,39.0,95.12,22.04,90.37,141.1,On Fire
J Oldham,T20I,5,5.0,83.33,5.0,83.33,100.0,Good
J Overton,BBL,154,17.11,130.51,30.5,139.69,74.8,Average
J Overton,IPL,151,30.2,162.37,30.2,162.37,100.0,Good
J Overton,ODI,208,29.71,107.22,26.67,111.11,103.9,Good
J Overton,T20I,65,7.22,97.01,8.8,104.76,87.3,Good
J Overton,Test,9,4.5,42.86,35.33,67.52,38.1,Poor
J Perry,T20I,19,9.5,46.34,9.5,46.34,100.0,Good
J Pickering,T20I,39,9.75,66.1,9.75,66.1,100.0,Good
J Proctor,T20I,5,2.5,27.78,2.5,27.78,100.0,Good
J Pullen,T20I,2,1.0,13.33,1.0,13.33,100.0,Good
J Ramanandi,ODI,246,27.33,83.67,27.33,83.67,100.0,Good
J Ramanandi,T20I,86,8.6,88.66,8.6,88.66,100.0,Good
J Rasu,T20I,143,23.83,93.46,20.09,105.58,103.6,Good
J Rokoro,T20I,0,0.0,0.0,0.0,0.0,0.0,
J Salazar,T20I,16,8.0,88.89,8.0,88.89,100.0,Good
J Sanele,T20I,55,11.0,80.88,11.44,69.59,106.2,Good
J Santhanam,T20I,27,13.5,108.0,13.5,108.0,100.0,Good
J Shields,T20I,13,6.5,35.14,6.5,35.14,100.0,Good
J Singye,T20I,39,9.75,70.91,15.86,73.94,78.7,Average
J Solomon,T20I,0,0.0,0.0,0.0,0.0,0.0,
J Souckova,T20I,54,9.0,60.0,9.0,60.0,100.0,Good
J Stanigze,T20I,69,17.25,118.97,17.25,118.97,100.0,Good
J Sumerauer,T20I,153,25.5,162.77,18.0,145.53,126.8,On Fire
J Taanyanda,T20I,165,82.5,147.32,82.5,147.32,100.0,Good
J Thirukkumaran,T20I,6,6.0,60.0,6.0,60.0,100.0,Good
J Thomas,T20I,47,15.67,66.2,10.8,62.79,125.3,On Fire
J Tuffin,T20I,137,12.45,101.48,16.57,96.27,90.3,Good
J Tugsjargal,T20I,46,6.57,35.38,6.11,37.16,101.4,Good
J Umanath,T20I,0,0.0,0.0,0.0,0.0,0.0,
J Vijay,T20I,42,14.0,123.53,22.5,135.34,76.7,Average
J Wadia,BBL,52,8.67,136.84,8.67,136.84,100.0,Good
J Weatherald,BBL,16,8.0,80.0,25.6,131.24,46.1,Poor
J Weatherald,Test,224,20.36,68.29,20.36,68.29,100.0,Good
J Wilson,T20I,64,21.33,152.38,21.33,152.38,100.0,Good
J Yon,T20I,10,10.0,111.11,15.0,107.14,85.2,Good
J de Figueiredo,T20I,1,1.0,33.33,1.0,33.33,100.0,Good
J van Heerden,T20I,320,40.0,150.23,42.21,134.93,103.1,Good
JA Burns,T20I,60,20.0,122.45,45.17,138.97,66.2,Average
JA Burrows,T20I,5,2.5,38.46,4.36,84.72,51.4,Poor
JA Chohan,BBL,5,5.0,125.0,5.0,125.0,100.0,Good
JA Clarkson,ODI,20,6.67,64.52,7.4,67.27,93.0,Good
JA Clarkson,T20I,76,38.0,176.74,25.17,132.46,142.2,On Fire
JA Davies,BBL,137,27.4,159.3,17.18,156.2,130.7,On Fire
JA Davies,T20I,20,20.0,142.86,20.0,142.86,100.0,Good
JA Diergaardt,T20I,292,12.7,95.42,13.08,78.17,109.6,Good
JA Duffy,ODI,9,4.5,42.86,6.0,48.65,81.5,Average
JA Duffy,T20I,23,7.67,104.55,8.0,97.56,101.5,Good
JA Duffy,Test,78,19.5,75.0,19.5,75.0,100.0,Good
JA Fitzgerald,T20I,47,7.83,123.68,16.3,134.71,69.9,Average
JA Miranda,T20I,9,4.5,90.0,4.0,60.0,131.2,On Fire
JA Richardson,BBL,46,15.33,127.78,15.8,122.48,100.7,Good
JA Richardson,Test,7,7.0,63.64,6.25,100.0,87.8,Good
JA Rymer,T20I,17,3.4,40.48,17.5,62.5,42.1,Poor
JA Stiglitz,T20I,5,5.0,83.33,11.14,70.27,81.7,Average
JA Warrican,CPL,4,4.0,80.0,4.0,80.0,100.0,Good
JA Warrican,Test,122,11.09,63.21,13.11,54.94,99.8,Good
JAC Cubas,T20I,2,2.0,33.33,2.0,33.33,100.0,Good
JAM Henri,T20I,11,3.67,100.0,8.8,115.79,64.0,Average
JAN Ngono,T20I,37,6.17,46.84,9.17,51.4,79.2,Average
JB Abega,T20I,35,7.0,74.47,3.61,52.42,168.0,On Fire
JB Richards,T20I,8,8.0,53.33,8.0,53.33,100.0,Good
JC Archer,IPL,127,10.58,130.93,13.04,144.89,85.8,Good
JC Archer,ODI,124,31.0,121.57,18.64,110.81,138.0,On Fire
JC Archer,T20I,72,10.29,146.94,11.73,150.0,92.8,Good
JC Archer,Test,209,20.9,57.58,12.13,54.41,139.1,On Fire
JC Balt,ODI,61,20.33,54.95,20.33,54.95,100.0,Good
JC Balt,T20I,40,20.0,137.93,15.0,91.3,142.2,On Fire
JC Bieni,T20I,36,12.0,59.02,12.0,59.02,100.0,Good
JC Buttler,IPL,1064,46.26,157.63,39.38,149.66,111.4,On Fire
JC Buttler,ODI,518,34.53,103.19,39.54,115.96,88.2,Good
JC Buttler,T20I,933,30.1,160.03,34.83,150.05,96.5,Good
JC Cullen,T20I,89,11.12,77.39,8.54,66.87,123.0,On Fire
JC Silk,BBL,159,22.71,110.42,31.14,124.63,80.8,Average
JC Tongue,ODI,0,0.0,0.0,0.0,0.0,0.0,
JC Tongue,Test,113,7.53,41.24,7.82,43.75,95.3,Good
JD Alembe,T20I,6,2.0,46.15,2.0,46.15,100.0,Good
JD Allan,T20I,13,13.0,108.33,10.33,87.57,124.8,On Fire
JD Bhatt,T20I,45,15.0,121.62,15.0,121.62,100.0,Good
JD Campbell,CPL,97,19.4,122.78,18.25,108.96,109.5,Good
JD Campbell,ODI,111,18.5,81.02,32.64,102.28,67.9,Average
JD Campbell,Test,550,30.56,49.77,26.75,50.22,106.7,Good
JD Unadkat,IPL,4,4.0,133.33,12.56,118.93,72.0,Average
JD Wildermuth,BBL,222,24.67,158.57,13.84,134.03,148.3,On Fire
JDA Richardson,T20I,31,10.33,70.45,7.75,64.58,121.2,On Fire
JDF Vandersay,ODI,20,10.0,64.52,11.0,49.81,110.2,On Fire
JDF Vandersay,T20I,15,7.5,75.0,11.67,87.5,75.0,Average
JDF Vandersay,Test,57,28.5,105.56,17.75,92.21,137.5,On Fire
JDS Neesham,PSL,9,4.5,112.5,12.0,129.73,62.1,Average
JDS Neesham,T20I,161,12.38,107.33,19.73,145.01,68.4,Average
JE Dunford,T20I,4,4.0,133.33,16.0,96.0,81.9,Average
JE Marks,T20I,72,12.0,93.51,12.0,93.51,100.0,Good
JE Ronalds,T20I,224,32.0,92.56,30.38,84.87,107.2,Good
JE Root,ODI,1184,78.93,92.5,50.86,87.38,130.5,On Fire
JE Root,Test,1306,46.64,58.96,50.45,57.61,97.4,Good
JEA Doctora,T20I,55,13.75,91.67,13.0,81.25,109.3,Good
JEK Rew,Test,39,19.5,43.33,19.5,43.33,100.0,Good
JF Bangura,T20I,4,4.0,40.0,4.0,40.0,100.0,Good
JF Jeremiah,CPL,12,6.0,85.71,6.5,76.47,102.2,Good
JF Smith,ODI,74,24.67,87.06,41.25,92.7,76.9,Average
JF Smith,T20I,118,19.67,120.41,20.67,119.23,98.1,Good
JG Bethell,BBL,160,32.0,129.03,24.38,125.0,117.2,On Fire
JG Bethell,IPL,163,18.11,140.52,18.11,140.52,100.0,Good
JG Bethell,ODI,545,36.33,94.29,33.9,90.59,105.6,Good
JG Bethell,T20I,613,26.65,146.65,30.23,150.86,92.7,Good
JG Bethell,Test,319,26.58,52.55,34.06,60.76,82.3,Average
JG Kimaro,T20I,75,7.5,60.0,7.5,60.0,100.0,Good
JH Davey,ODI,1,1.0,33.33,14.92,62.78,29.9,Poor
JI Rodrigues,ODI,832,46.22,105.32,34.0,90.07,126.4,On Fire
JI Rodrigues,T20I,557,26.52,132.94,29.35,118.24,101.4,Good
JI Rodrigues,Test,104,26.0,69.8,42.38,66.86,82.9,Average
JI Rodrigues,WPL,410,27.33,137.58,29.65,140.44,95.1,Good
JI de Villiers,ODI,20,6.67,40.82,4.67,43.75,118.1,On Fire
JI de Villiers,T20I,1,1.0,50.0,1.0,40.0,112.5,On Fire
JJ Bazley,BBL,9,9.0,128.57,14.73,129.62,80.1,Average
JJ Bumrah,IPL,7,7.0,87.5,9.38,87.21,87.5,Good
JJ Bumrah,ODI,20,20.0,153.85,9.17,64.33,228.6,On Fire
JJ Bumrah,T20I,4,1.33,100.0,2.0,66.67,108.2,Good
JJ Bumrah,Test,38,4.75,31.15,6.57,41.28,73.9,Average
JJ Chicuele,T20I,15,15.0,75.0,15.0,75.0,100.0,Good
JJ Davidson,ODI,46,46.0,124.32,47.0,120.51,100.5,Good
JJ Davidson,T20I,4,4.0,66.67,7.0,70.0,76.2,Average
JJ Huo,T20I,509,56.56,185.77,35.29,145.58,143.9,On Fire
JJ Peirson,BBL,120,17.14,151.9,21.75,122.77,101.3,Good
JJ Pollard,CPL,0,0.0,0.0,0.0,0.0,0.0,
JJ Roy,PSL,169,33.8,157.94,35.72,147.78,100.7,Good
JJ Smit,ODI,214,11.89,83.27,22.89,75.7,81.0,Average
JJ Smit,T20I,386,25.73,150.19,31.98,145.5,91.8,Good
JJS Sangha,BBL,143,17.88,125.44,27.56,118.71,85.3,Good
JKC Claxton,ODI,139,19.86,96.53,19.86,96.53,100.0,Good
JKC Claxton,T20I,104,9.45,83.87,9.45,83.87,100.0,Good
JKD Andreano,T20I,33,2.36,32.67,3.5,44.44,70.5,Average
JL Aras,T20I,10,10.0,62.5,34.0,77.27,55.1,Poor
JL Curtis,BBL,1,1.0,50.0,1.0,50.0,100.0,Good
JL Jonassen,WPL,150,37.5,145.63,24.58,138.5,128.9,On Fire
JL Kovacic,T20I,38,12.67,122.58,12.67,122.58,100.0,Good
JL Smith,ODI,250,22.73,129.53,22.53,113.99,107.3,Good
JL Smith,T20I,130,26.0,194.03,26.0,194.03,100.0,Good
JL Smith,Test,912,38.0,74.21,39.72,73.41,98.4,Good
JL Tutty,T20I,19,19.0,76.0,10.33,72.09,144.7,On Fire
JM Bairstow,IPL,85,42.5,184.78,34.88,146.07,124.2,On Fire
JM Bird,BBL,3,3.0,37.5,9.0,85.71,38.5,Poor
JM Clarke,BBL,134,22.33,139.58,27.34,134.57,92.7,Good
JM Cox,T20I,83,27.67,138.33,20.0,135.14,120.4,On Fire
JM Cox,Test,254,42.33,64.14,42.33,64.14,100.0,Good
JM Iradukunda,T20I,58,9.67,118.37,7.38,113.46,117.7,On Fire
JM James,CPL,13,6.5,81.25,10.67,123.08,63.5,Average
JM Joao,T20I,78,13.0,106.85,10.67,95.05,117.1,On Fire
JM Kerr,ODI,135,12.27,108.0,11.47,107.94,103.5,Good
JM Kerr,T20I,85,14.17,104.94,13.35,110.19,100.7,Good
JM Polarouthu,T20I,38,38.0,92.68,38.0,92.68,100.0,Good
JM Sharma,IPL,377,23.56,155.14,23.06,152.48,102.0,Good
JM Sharma,T20I,62,31.0,158.97,18.71,154.12,134.4,On Fire
JM Vince,BBL,64,32.0,118.52,31.79,131.83,95.3,Good
JM Vince,PSL,404,33.67,148.53,28.79,139.11,111.9,On Fire
JM Vujinovich,T20I,68,17.0,74.73,13.08,64.88,122.6,On Fire
JM Willathgamuwa,ODI,18,18.0,48.65,6.67,42.55,192.1,On Fire
JM Willathgamuwa,T20I,0,0.0,0.0,7.6,55.07,0.0,
JN Frylinck,ODI,618,30.9,70.63,27.4,72.66,105.0,Good
JN Frylinck,T20I,797,36.23,155.36,27.96,129.61,124.7,On Fire
JN Hamilton,CPL,13,6.5,54.17,7.67,69.7,81.2,Average
JN Kalita,WPL,1,0.5,25.0,3.0,75.0,25.0,Poor
JN Loftie-Eaton,ODI,248,20.67,68.13,26.1,73.68,85.8,Good
JN Loftie-Eaton,T20I,411,21.63,141.72,19.43,137.14,107.3,Good
JN du Plooy,T20I,85,28.33,139.34,28.33,139.34,100.0,Good
JNT Seales,CPL,5,2.5,33.33,12.0,85.71,29.9,Poor
JNT Seales,ODI,48,12.0,71.64,8.75,61.4,126.9,On Fire
JNT Seales,T20I,0,0.0,0.0,4.0,100.0,0.0,
JNT Seales,Test,149,9.93,45.15,8.37,40.42,115.2,On Fire
JO Adedeji,T20I,80,26.67,89.89,20.78,86.37,116.2,On Fire
JO Holder,CPL,392,24.5,139.5,19.45,132.2,115.7,On Fire
JO Holder,IPL,65,13.0,125.0,12.46,123.19,102.9,Good
JO Holder,PSL,69,34.5,164.29,34.5,164.29,100.0,Good
JO Holder,T20I,418,23.22,161.39,19.35,142.4,116.7,On Fire
JP Behrendorff,BBL,25,25.0,125.0,12.33,104.72,161.1,On Fire
JP Cabrera,T20I,5,5.0,100.0,5.0,100.0,100.0,Good
JP Greaves,CPL,54,18.0,96.43,24.82,112.23,79.2,Average
JP Greaves,ODI,427,32.85,109.21,28.11,96.93,114.8,On Fire
JP Greaves,Test,799,34.74,50.47,33.53,51.2,101.1,Good
JP Inglis,BBL,87,21.75,120.83,29.03,139.16,80.9,Average
JP Inglis,IPL,544,38.86,173.25,38.86,173.25,100.0,Good
JP Inglis,ODI,452,41.09,97.84,30.41,100.0,116.5,On Fire
JP Inglis,T20I,327,20.44,160.29,26.49,157.95,89.3,Good
JP Inglis,Test,184,26.29,80.7,26.29,80.7,100.0,Good
JP Kaltapau,T20I,85,28.33,102.41,21.63,96.03,118.8,On Fire
JP Kotze,ODI,132,16.5,57.64,18.67,66.67,87.4,Good
JP Kotze,T20I,37,18.5,168.18,21.38,120.08,113.3,On Fire
JP Netto,T20I,101,20.2,107.45,20.2,107.45,100.0,Good
JP Wood,BBL,76,25.33,138.18,19.5,127.17,119.3,On Fire
JR Barry,T20I,54,18.0,60.0,21.88,68.63,84.8,Average
JR Cope,T20I,44,44.0,88.0,44.0,88.0,100.0,Good
JR Doran,BBL,15,15.0,166.67,9.5,91.94,169.6,On Fire
JR Hazlewood,IPL,0,0.0,0.0,19.0,63.33,0.0,
JR Hazlewood,ODI,4,4.0,80.0,15.0,81.33,62.5,Average
JR Hazlewood,T20I,0,0.0,0.0,8.0,114.29,0.0,
JR Hazlewood,Test,65,9.29,50.0,11.5,43.89,97.4,Good
JR Lennox,ODI,3,1.5,12.5,1.5,12.5,100.0,Good
JR Lucky,T20I,1,1.0,12.5,1.0,12.5,100.0,Good
JR Medianesta,T20I,25,5.0,43.1,5.0,43.1,100.0,Good
JR Newton,T20I,81,16.2,87.1,16.2,87.1,100.0,Good
JR Philippe,BBL,339,18.83,128.41,27.45,137.11,81.1,Average
JR Philippe,ODI,37,37.0,127.59,25.5,86.44,146.4,On Fire
JR Philippe,PSL,268,24.36,151.41,24.36,151.41,100.0,Good
JR Philippe,T20I,36,12.0,102.86,12.4,108.14,95.9,Good
JS Bangera,T20I,32,8.0,72.73,8.0,72.73,100.0,Good
JS Buckingham,BBL,0,0.0,0.0,0.0,0.0,0.0,
JS Eguid,T20I,0,0.0,0.0,0.0,0.0,0.0,
JS Iggo,T20I,64,10.67,81.01,10.67,81.01,100.0,Good
JS Kundi,T20I,65,9.29,79.27,10.8,95.29,84.6,Average
JS Louis,CPL,12,6.0,133.33,11.5,79.31,110.1,On Fire
JS Ndanu,T20I,17,5.67,80.95,2.79,42.39,197.1,On Fire
JS Paris,BBL,23,7.67,100.0,7.29,98.08,103.6,Good
JS Pooranakaran,T20I,2,2.0,28.57,0.5,8.82,362.0,On Fire
JT Brassell,ODI,12,3.0,37.5,1.75,29.79,148.7,On Fire
JT Brassell,T20I,3,1.5,50.0,3.67,61.11,61.3,Average
JT Manase,T20I,4,4.0,44.44,4.0,44.44,100.0,Good
JT Smuts,T20I,83,13.83,116.9,13.53,108.9,104.8,Good
JU Goolie,CPL,96,13.71,93.2,13.18,94.16,101.5,Good
JV Chand,T20I,318,28.91,107.07,28.91,107.07,100.0,Good
JW Jenner,T20I,253,36.14,160.13,35.66,143.69,106.4,Good
JW Wells,BBL,45,45.0,145.16,33.74,121.68,126.3,On Fire
JWP Stephan,T20I,22,7.33,73.33,7.33,73.33,100.0,Good
JY Masaya,T20I,10,3.33,22.73,3.33,22.73,100.0,Good
Jabran Khan,T20I,1,1.0,25.0,1.0,25.0,100.0,Good
Jagrat Dubey,T20I,53,13.25,40.77,9.71,41.21,117.7,On Fire
Jahandad Khan,PSL,33,8.25,126.92,15.12,165.75,65.6,Average
Jahandad Khan,T20I,18,6.0,85.71,7.25,85.29,91.6,Good
Jahanzaib Sultan,PSL,25,25.0,119.05,25.0,119.05,100.0,Good
Jai Sinh,T20I,140,23.33,141.41,14.18,113.04,144.8,On Fire
Jai Tiwari,T20I,38,19.0,115.15,19.0,115.15,100.0,Good
Jaikumar Thakur,T20I,38,7.6,57.58,6.0,53.16,117.5,On Fire
Jaker Ali,ODI,215,43.0,69.81,46.86,79.23,89.9,Good
Jaker Ali,T20I,318,22.71,127.71,25.63,124.68,95.5,Good
Jaker Ali,Test,101,20.2,49.03,30.64,56.64,76.2,Average
Jakir Patel,T20I,235,16.79,112.98,16.79,112.98,100.0,Good
Jakob Gul,T20I,140,9.33,120.69,10.06,120.42,96.5,Good
Jamshid Nasiri,T20I,167,16.7,114.38,16.7,114.38,100.0,Good
Jana Majski,T20I,1,1.0,5.56,1.0,5.56,100.0,Good
Jannatul Ferdus,ODI,29,9.67,47.54,6.0,40.54,139.2,On Fire
Jasdeep Singh,ODI,73,18.25,121.67,12.38,70.05,160.6,On Fire
Jasdeep Singh,T20I,3,3.0,60.0,7.58,92.86,52.1,Poor
Jaskaran Singh,ODI,38,12.67,60.32,12.67,60.32,100.0,Good
Jaskaran Singh,T20I,113,22.6,179.37,22.6,179.37,100.0,Good
Jaspal Singh,T20I,293,22.54,119.11,21.85,114.44,103.6,Good
Jaspreet Singh,T20I,13,6.5,108.33,8.89,106.67,87.3,Good
Jassim Khan,T20I,44,14.67,162.96,21.2,155.88,86.9,Good
Jaswinder Singh,T20I,48,6.0,63.16,6.5,75.73,87.9,Good
Jatinder Singh,ODI,630,39.38,89.87,30.55,77.25,122.6,On Fire
Jatinder Singh,T20I,372,24.8,137.78,24.7,123.29,106.1,Good
Javed Hina,T20I,203,14.5,91.86,12.81,80.06,114.0,On Fire
Javid Patel,T20I,74,5.69,69.81,5.69,69.81,100.0,Good
Jay Odedra,ODI,6,1.2,27.27,4.38,50.0,41.0,Poor
Jay Odedra,T20I,8,8.0,53.33,40.0,95.24,38.0,Poor
Jayasooriya,T20I,73,9.12,71.57,6.08,66.36,128.9,On Fire
Jaza Mariyam,T20I,5,2.5,31.25,2.5,31.25,100.0,Good
Jenissa Jain,T20I,0,0.0,0.0,0.0,0.0,0.0,
Jiaping Li,T20I,122,8.71,54.46,6.7,50.0,119.5,On Fire
Joanna Child,T20I,2,2.0,25.0,2.0,25.0,100.0,Good
Jobayer Hossen,T20I,40,20.0,74.07,14.25,74.03,120.2,On Fire
Jonte Smith,T20I,25,12.5,89.29,9.25,82.22,121.9,On Fire
Jordan O'Brien,T20I,173,14.42,115.33,11.5,106.3,116.9,On Fire
Josh Brown,BBL,32,32.0,290.91,32.0,290.91,100.0,Good
Joshep Zulu,T20I,3,3.0,42.86,3.0,42.86,100.0,Good
Joshua Asia,T20I,2,2.0,33.33,1.0,26.32,163.3,On Fire
Joyleen Kaur,T20I,34,4.86,65.38,4.5,63.16,105.8,Good
Juairiya Ferdous,ODI,7,3.5,43.75,3.5,43.75,100.0,Good
Juairiya Ferdous,T20I,380,16.52,109.51,16.52,109.51,100.0,Good
Jun Hyunwoo,T20I,1,0.33,5.88,6.83,63.57,7.0,Poor
Junaid Aziz,T20I,373,23.31,107.8,21.38,106.91,104.9,Good
Junaid Khan,T20I,38,19.0,158.33,12.0,153.85,130.6,On Fire
Junaid Mehmood,T20I,71,8.88,87.65,10.3,85.12,94.6,Good
Junaid Siddique,ODI,27,5.4,71.05,14.49,68.53,70.5,Average
Junaid Siddique,T20I,7,3.5,46.67,16.0,133.33,28.4,Poor
K Alleyne,CPL,191,23.88,120.13,18.0,135.18,110.8,On Fire
K Amuge,T20I,1,0.33,14.29,0.33,14.29,100.0,Good
K Awino,T20I,151,13.73,59.68,14.35,66.31,92.8,Good
K Babu,T20I,10,5.0,43.48,5.0,43.48,100.0,Good
K Bhurtel,ODI,416,26.0,83.7,23.5,82.07,106.3,Good
K Bhurtel,T20I,1045,40.19,151.23,32.07,137.11,117.8,On Fire
K Boniface,T20I,26,8.67,66.67,8.67,66.67,100.0,Good
K Brock-Nielsen,T20I,37,5.29,44.05,5.18,41.3,104.4,Good
K Burrows,T20I,8,8.0,200.0,8.0,200.0,100.0,Good
K Canavarci,T20I,78,9.75,84.78,8.67,78.79,110.0,Good
K Carney,T20I,6,2.0,42.86,13.83,92.22,30.5,Poor
K Chigora,ODI,15,3.75,38.46,4.0,40.0,95.0,Good
K Chigora,T20I,24,6.0,66.67,7.25,72.5,87.4,Good
K De La Mare,T20I,48,12.0,97.96,10.4,94.55,109.5,Good
K Dema,T20I,50,7.14,58.82,7.23,50.64,107.5,Good
K Doriga,T20I,0,0.0,0.0,12.96,102.76,0.0,
K Dorji,T20I,0,0.0,0.0,0.0,0.0,0.0,
K Eftimova,T20I,14,14.0,45.16,14.0,45.16,100.0,Good
K Follain,T20I,1,1.0,50.0,1.0,50.0,100.0,Good
K Frank,ODI,11,5.5,16.67,10.12,42.41,46.8,Poor
K Fraser,ODI,77,19.25,76.24,28.62,76.85,83.2,Average
K Fraser,T20I,423,24.88,126.27,16.58,108.9,133.0,On Fire
K Gaston,CPL,3,3.0,60.0,3.0,60.0,100.0,Good
K Gore,CPL,313,22.36,129.34,22.36,129.34,100.0,Good
K Goud,ODI,44,8.8,70.97,8.8,70.97,100.0,Good
K Goud,T20I,32,16.0,152.38,16.0,152.38,100.0,Good
K Goud,Test,2,1.0,22.22,1.0,22.22,100.0,Good
K Goud,WPL,9,9.0,100.0,9.0,100.0,100.0,Good
K Hinds,T20I,133,12.09,95.68,13.31,102.06,92.3,Good
K Hruskova,T20I,1,0.5,12.5,0.5,12.5,100.0,Good
K Inakale,T20I,13,4.33,35.14,3.5,34.43,112.9,On Fire
K Ivanova,T20I,8,4.0,22.22,4.0,22.22,100.0,Good
K Jack,T20I,8,4.0,61.54,4.0,61.54,100.0,Good
K Jaikaran,T20I,21,5.25,53.85,8.0,65.67,73.8,Average
K Joshi,T20I,207,9.86,75.27,10.09,72.23,101.0,Good
K Juma,T20I,6,2.0,75.0,1.5,66.67,122.9,On Fire
K Kadowaki-Fleming,T20I,451,23.74,109.73,37.85,139.2,70.8,Average
K Kanwar,T20I,0,0.0,0.0,0.0,0.0,0.0,
K Kapadia,T20I,73,6.64,70.87,6.08,70.87,104.6,Good
K Kartikeya,IPL,3,1.5,60.0,3.0,70.59,67.5,Average
K Kato-Stafford,T20I,9,9.0,64.29,13.75,122.22,59.0,Poor
K Kavindi,T20I,43,21.5,71.67,24.5,76.56,90.7,Good
K Kisova,T20I,1,0.17,2.22,0.17,2.22,100.0,Good
K Klein,ODI,99,11.0,63.06,14.55,66.95,84.9,Average
K Klein,T20I,29,9.67,72.5,6.25,78.12,123.8,On Fire
K Klesse,T20I,170,28.33,108.28,28.33,108.28,100.0,Good
K Kondikakova,T20I,2,2.0,22.22,2.0,22.22,100.0,Good
K Krishnakumar,T20I,324,23.14,122.26,23.14,122.26,100.0,Good
K Kunwar,T20I,290,11.6,86.05,11.36,80.91,104.2,Good
K Lake,T20I,9,9.0,112.5,9.0,112.5,100.0,Good
K Mabitle,T20I,0,0.0,0.0,0.0,0.0,0.0,
K Mahekdeep,T20I,1,0.33,33.33,0.33,33.33,100.0,Good
K Marinkova,T20I,14,7.0,33.33,7.0,33.33,100.0,Good
K Mataora,T20I,23,23.0,82.14,21.0,85.71,102.7,Good
K Matigimu,T20I,30,30.0,166.67,30.0,166.67,100.0,Good
K Matigimu,Test,0,0.0,0.0,0.0,0.0,0.0,
K Meso,ODI,46,9.2,47.92,9.2,47.92,100.0,Good
K Meso,T20I,77,38.5,87.5,24.0,79.34,135.4,On Fire
K Mirpuri,T20I,194,32.33,112.14,35.57,100.4,101.3,Good
K Mishara,ODI,148,24.67,86.55,24.67,86.55,100.0,Good
K Mishara,T20I,557,29.32,132.62,26.0,130.3,107.3,Good
K Mishara,Test,51,25.5,79.69,25.5,79.69,100.0,Good
K Modise,T20I,42,10.5,89.36,8.29,92.06,111.9,On Fire
K Moingoto,T20I,4,1.33,26.67,1.33,26.67,100.0,Good
K Moses,T20I,4,4.0,66.67,4.0,66.67,100.0,Good
K Motlanka,T20I,312,39.0,116.42,29.68,110.7,118.3,On Fire
K Nagnama,T20I,7,2.33,41.18,1.6,30.77,139.7,On Fire
K Nassoro,T20I,89,14.83,104.71,18.96,99.89,91.5,Good
K Ndlovu,ODI,377,31.42,60.71,23.8,59.65,116.9,On Fire
K Ndlovu,T20I,558,24.26,101.27,21.46,98.79,107.8,Good
K Nestor,T20I,3,1.5,37.5,10.29,92.7,27.5,Poor
K Nuwantha,Test,86,21.5,27.65,21.5,27.65,100.0,Good
K Oala,ODI,40,10.0,66.67,10.0,66.67,100.0,Good
K Oala,T20I,364,22.75,118.95,22.53,116.3,101.6,Good
K Ota,T20I,90,10.0,62.5,8.06,57.59,116.3,On Fire
K Pandya,T20I,79,8.78,58.96,8.9,62.24,96.7,Good
K Paskova,T20I,1,1.0,7.69,0.25,3.12,323.2,On Fire
K Peddrick,T20I,52,10.4,75.36,9.79,74.05,104.0,Good
K Pierre,CPL,61,61.0,156.41,22.0,119.57,204.0,On Fire
K Pierre,ODI,42,42.0,50.6,27.0,62.31,118.4,On Fire
K Pierre,T20I,0,0.0,0.0,5.33,72.73,0.0,
K Pierre,Test,47,15.67,42.73,15.67,42.73,100.0,Good
K Piet,T20I,108,13.5,83.08,8.94,76.3,129.9,On Fire
K Pooran,CPL,273,39.0,159.65,39.0,159.65,100.0,Good
K Rabada,IPL,56,18.67,121.74,13.1,109.62,126.8,On Fire
K Rabada,ODI,16,16.0,72.73,14.85,79.09,99.9,Good
K Rabada,T20I,28,7.0,155.56,14.15,115.72,91.9,Good
K Rabada,Test,78,19.5,88.64,12.24,51.71,165.4,On Fire
K Ramharack,ODI,63,10.5,40.65,8.26,42.09,111.8,On Fire
K Ramharack,T20I,12,6.0,63.16,5.17,52.54,118.1,On Fire
K Raphapha,T20I,0,0.0,0.0,0.0,0.0,0.0,
K Reyneke,ODI,51,51.0,134.21,51.0,134.21,100.0,Good
K Reyneke,T20I,179,29.83,150.42,28.86,149.63,101.9,Good
K Ristic,T20I,3,1.5,13.64,1.5,13.64,100.0,Good
K Robert,T20I,63,15.75,69.23,15.75,69.23,100.0,Good
K Sathish,T20I,128,16.0,96.97,16.0,96.97,100.0,Good
K Savory,CPL,2,2.0,50.0,2.0,50.0,100.0,Good
K Senamontree,T20I,34,4.86,59.65,4.08,58.33,110.7,On Fire
K Sequiera,T20I,157,26.17,96.91,26.17,96.91,100.0,Good
K Shivam,T20I,39,6.5,45.88,5.57,43.82,110.7,On Fire
K Shrestha,T20I,6,6.0,100.0,10.28,74.93,95.9,Good
K Simone-Kingsley,T20I,1,0.5,25.0,0.5,25.0,100.0,Good
K Sinclair,Test,49,12.25,47.12,16.86,40.41,94.6,Good
K Sonavale,ODI,7,3.5,58.33,2.4,29.27,172.6,On Fire
K Sonavale,T20I,26,8.67,118.18,11.67,95.89,98.8,Good
K Srandeva,T20I,51,5.67,36.69,5.23,33.5,109.0,Good
K Suttisan,T20I,105,26.25,131.25,18.17,128.24,123.4,On Fire
K Suwanchonrathi,T20I,9,9.0,112.5,9.0,112.5,100.0,Good
K Takahashi,T20I,2,2.0,66.67,2.0,66.67,100.0,Good
K Tathgur,T20I,123,20.5,126.8,16.12,114.16,119.1,On Fire
K Tayaga,T20I,19,6.33,79.17,6.33,79.17,100.0,Good
K Tereza,T20I,42,10.5,51.22,10.5,51.22,100.0,Good
K Tesarikova,T20I,332,20.75,109.93,18.3,105.78,108.7,Good
K Thagunna,T20I,25,12.5,60.98,12.5,60.98,100.0,Good
K Thuchila,T20I,4,1.0,30.77,0.8,28.57,116.4,On Fire
K Venkatraman,T20I,17,17.0,188.89,17.0,188.89,100.0,Good
K Verreynne,ODI,45,45.0,125.0,43.42,90.61,120.8,On Fire
K Verreynne,Test,306,30.6,51.26,30.14,55.75,96.7,Good
K Vijayaraghavan,T20I,197,12.31,63.55,12.15,60.19,103.4,Good
K Vislapuu,T20I,12,12.0,100.0,4.25,89.47,197.1,On Fire
K Waiswa,T20I,51,25.5,137.84,15.75,103.62,147.5,On Fire
K Winda Prastini,T20I,15,5.0,45.45,19.0,70.63,45.3,Poor
KA Anderson,CPL,64,10.67,86.49,13.11,94.4,86.5,Good
KA Anderson,Test,3,1.5,16.67,1.5,16.67,100.0,Good
KA Green,T20I,614,19.81,85.52,17.94,85.98,104.9,Good
KA Jamieson,IPL,12,12.0,66.67,15.4,105.48,70.6,Average
KA Jamieson,ODI,18,18.0,138.46,25.25,87.83,114.5,On Fire
KA Jamieson,PSL,3,3.0,42.86,3.0,42.86,100.0,Good
KA Jamieson,T20I,46,6.57,104.55,10.56,123.38,73.5,Average
KA Jamieson,Test,91,30.33,95.79,20.92,59.98,152.3,On Fire
KA Knight,ODI,1,1.0,100.0,1.0,100.0,100.0,Good
KA Maharaj,ODI,86,17.2,74.78,14.09,80.4,107.5,Good
KA Maharaj,T20I,4,1.33,33.33,8.92,84.25,27.2,Poor
KA Maharaj,Test,161,23.0,67.08,15.33,60.72,130.3,On Fire
KA Pollard,CPL,579,41.36,162.64,33.66,151.19,115.2,On Fire
KA Vimlesh,T20I,5,5.0,100.0,34.0,95.77,59.6,Poor
KAB Hynam-Nyberg,T20I,3,3.0,75.0,3.0,75.0,100.0,Good
KAC Wong,T20I,21,21.0,47.73,21.0,47.73,100.0,Good
KAJ Roach,Test,146,16.22,26.99,12.17,36.01,104.1,Good
KAR Hodge,Test,373,28.69,40.02,28.68,45.33,94.2,Good
KB Patil,T20I,128,14.22,104.92,11.33,87.18,122.9,On Fire
KB Tember,T20I,12,4.0,46.15,4.0,46.15,100.0,Good
KC Brathwaite,Test,99,12.38,55.62,32.73,40.79,87.1,Good
KC Ramamoorthy,T20I,92,18.4,113.58,16.96,108.44,106.6,Good
KC Thompson,ODI,13,13.0,41.94,13.0,41.94,100.0,Good
KC Thompson,T20I,6,6.0,85.71,6.0,85.71,100.0,Good
KD Clarke,T20I,63,15.75,131.25,15.75,131.25,100.0,Good
KD Kesuma,T20I,744,16.53,108.3,17.93,111.34,94.7,Good
KD Shah,T20I,21,7.0,100.0,19.0,106.71,65.3,Average
KDA Lukies,T20I,57,14.25,118.75,15.5,102.48,103.9,Good
KDC Clarke,ODI,39,19.5,139.29,19.5,139.29,100.0,Good
KDC Clarke,T20I,0,0.0,0.0,0.0,0.0,0.0,
KDU Prabodhani,ODI,22,11.0,27.16,7.4,35.15,113.0,On Fire
KE Bryce,ODI,293,73.25,94.21,66.0,90.0,107.8,Good
KE Bryce,T20I,377,26.93,136.59,35.11,109.93,100.5,Good
KH Abe,T20I,5,1.67,31.25,13.68,120.93,19.0,Poor
KH Pandya,IPL,335,27.92,139.0,23.32,133.83,111.8,On Fire
KHM James,CPL,42,21.0,190.91,17.36,124.84,136.9,On Fire
KIC Asalanka,CPL,113,14.12,109.71,14.12,109.71,100.0,Good
KIC Asalanka,ODI,614,40.93,90.43,39.67,89.56,102.1,Good
KIC Asalanka,PSL,71,17.75,118.33,17.75,118.33,100.0,Good
KIC Asalanka,T20I,279,17.44,117.23,23.87,127.94,82.3,Average
KJ Ferrary,T20I,251,27.89,124.26,26.77,112.62,107.3,Good
KJ Garth,ODI,91,15.17,61.9,16.93,55.95,100.1,Good
KJ Garth,T20I,14,14.0,93.33,25.32,84.78,82.7,Average
KJ Garth,Test,0,0.0,0.0,34.33,50.49,0.0,
KJ Garth,WPL,27,13.5,87.1,23.67,89.87,77.0,Average
KJ McCartney,ODI,2,1.0,15.38,1.0,15.38,100.0,Good
KJ Stagno,T20I,88,22.0,133.33,27.56,170.64,79.0,Average
KK Ahmed,IPL,1,1.0,50.0,0.4,22.22,237.5,On Fire
KK Donovan,T20I,228,16.29,87.36,18.19,89.54,93.6,Good
KK Hermann,T20I,6,3.0,33.33,3.0,33.33,100.0,Good
KK Lin Thu,T20I,189,17.18,84.75,10.78,71.5,139.0,On Fire
KK Nair,IPL,216,21.6,162.41,23.45,131.29,107.9,Good
KK Nair,Test,205,25.62,52.56,41.36,64.62,71.6,Average
KK Sharma,T20I,3,3.0,37.5,3.0,37.5,100.0,Good
KL Gordon,T20I,28,14.0,116.67,14.5,116.0,98.6,Good
KL Rahul,IPL,1139,49.52,162.02,45.53,139.16,112.6,On Fire
KL Rahul,ODI,522,52.2,111.06,49.74,91.02,113.5,On Fire
KL Rahul,Test,948,45.14,49.09,35.95,51.67,110.3,On Fire
KM Amoe,T20I,1,1.0,8.33,1.0,8.33,100.0,Good
KM Chingaipe,T20I,14,4.67,40.0,4.91,54.0,84.6,Average
KM Molapo,T20I,77,7.0,49.36,7.63,50.0,95.2,Good
KM Myat,T20I,143,28.6,82.66,21.08,75.41,122.6,On Fire
KMA Aziz,T20I,26,5.2,28.89,3.9,28.68,117.0,On Fire
KMA Paul,CPL,161,16.1,120.15,19.17,130.09,88.2,Good
KMA Paul,ODI,4,4.0,44.44,20.53,96.55,32.8,Poor
KML Nonu,T20I,7,3.5,22.58,10.0,43.48,43.5,Poor
KN Chaddha,T20I,452,26.59,106.6,26.59,106.6,100.0,Good
KN Gabhane,T20I,36,36.0,92.31,36.0,92.31,100.0,Good
KN Peiris,Test,9,3.0,22.5,3.0,22.5,100.0,Good
KN Singh,T20I,10,10.0,100.0,10.0,100.0,100.0,Good
KNM Fernando,ODI,75,15.0,59.06,26.0,80.89,65.4,Average
KNM Fernando,Test,57,9.5,53.27,25.86,53.63,68.0,Average
KO Wickham,CPL,139,17.38,100.72,16.45,100.56,102.9,Good
KP Navgire,WPL,170,12.14,150.44,14.5,134.67,97.7,Good
KR Ebanks,T20I,5,1.67,27.78,2.86,44.44,60.5,Average
KR Jha,T20I,96,8.0,64.86,8.0,64.86,100.0,Good
KR Mayers,CPL,299,15.74,133.48,19.54,127.48,92.6,Good
KR Mayers,PSL,40,13.33,111.11,13.33,111.11,100.0,Good
KR Mayers,T20I,11,5.5,45.83,20.89,134.43,30.2,Poor
KR Patterson,BBL,98,19.6,119.51,21.79,120.38,94.6,Good
KS Ahuja,WPL,152,12.67,120.63,13.89,125.0,93.9,Good
KS Gautam,ODI,90,22.5,92.78,22.5,92.78,100.0,Good
KS Gautam,T20I,10,10.0,125.0,10.0,125.0,100.0,Good
KS Gautam,Test,34,34.0,58.62,34.0,58.62,100.0,Good
KS Gautam,WPL,110,11.0,122.22,11.0,122.22,100.0,Good
KS Kasse,T20I,21,3.5,41.18,3.7,48.05,90.1,Good
KS Rathore,IPL,0,0.0,0.0,0.0,0.0,0.0,
KS Williamson,ODI,446,49.56,84.95,48.28,81.67,103.3,Good
KS Williamson,Test,239,34.14,60.81,54.06,51.98,90.1,Good
KSA McKenzie,CPL,160,17.78,120.3,14.27,102.28,121.1,On Fire
KT Maphaka,IPL,8,8.0,400.0,8.0,400.0,100.0,Good
KT Maphaka,ODI,0,0.0,0.0,0.33,12.5,0.0,
KT Maphaka,T20I,3,1.5,60.0,9.5,79.17,45.8,Poor
KT Maphaka,Test,17,8.5,60.71,8.5,60.71,100.0,Good
KTH Ratnayake,T20I,4,4.0,57.14,4.0,57.14,100.0,Good
KTH Ratnayake,Test,10,5.0,37.04,5.0,37.04,100.0,Good
KU Carty,CPL,353,20.76,111.36,25.03,117.1,89.0,Good
KU Carty,ODI,814,38.76,73.87,41.23,75.55,95.9,Good
KU Carty,T20I,70,17.5,132.08,17.5,132.08,100.0,Good
KU Carty,Test,62,10.33,53.91,16.79,45.81,89.6,Good
KV Morea,T20I,9,4.5,60.0,10.29,104.35,50.6,Poor
KV Sharma,IPL,1,1.0,100.0,13.54,119.32,45.6,Poor
KV Vakuruivalu,T20I,31,31.0,73.81,8.5,56.67,247.5,On Fire
KW Richardson,BBL,16,16.0,94.12,12.77,116.49,103.0,Good
KY Chan,T20I,489,13.97,100.62,18.49,94.74,90.9,Good
KY Wilfried,T20I,25,5.0,27.17,4.2,24.71,114.5,On Fire
Kabir Berlia,T20I,47,15.67,146.88,15.67,146.88,100.0,Good
Kadri Just,T20I,0,0.0,0.0,0.0,0.0,0.0,
Kaif Jamadar,T20I,83,13.83,103.75,13.83,103.75,100.0,Good
Kainat Qazi,T20I,43,7.17,40.95,6.82,47.17,96.0,Good
Kaleem Sana,ODI,62,7.75,106.9,9.64,87.66,101.2,Good
Kaleem Sana,T20I,24,24.0,114.29,12.75,94.44,154.6,On Fire
Kalhan Challu,T20I,147,29.4,136.11,29.4,136.11,100.0,Good
Kalpesh Ahir,T20I,8,8.0,100.0,8.0,100.0,100.0,Good
Kamal Raja,T20I,3,3.0,27.27,1.5,20.0,168.2,On Fire
Kamal Soukhiya,T20I,39,3.9,88.64,3.9,88.64,100.0,Good
Kamran Ahmadzai,T20I,143,23.83,136.19,26.62,157.99,87.9,Good
Kamran Ghulam,ODI,18,18.0,56.25,30.0,99.06,58.4,Poor
Kamran Ghulam,PSL,333,30.27,142.92,25.07,126.6,116.8,On Fire
Kamran Ghulam,Test,107,17.83,53.23,28.36,56.52,78.5,Average
Kamran Khan,T20I,23,11.5,109.52,16.92,148.18,70.9,Average
Kamran Wahid,T20I,25,3.57,54.35,3.57,52.08,102.2,Good
Kamrul Hasan,T20I,59,19.67,131.11,19.67,131.11,100.0,Good
Kanchan Rana,T20I,254,31.75,117.59,26.75,107.72,113.9,On Fire
Karan KC,ODI,257,19.77,99.61,17.0,90.04,113.5,On Fire
Karan KC,T20I,42,7.0,127.27,15.16,154.95,64.2,Average
Karan Singh,T20I,41,5.86,67.21,5.86,67.21,100.0,Good
Karanbir Singh,T20I,2312,51.38,178.12,50.74,174.12,101.8,Good
Karma Dorji,T20I,4,4.0,400.0,7.5,150.0,160.0,On Fire
Karri Gullem Keen,T20I,237,18.23,84.34,16.2,82.09,107.6,Good
Kartik Sharma,IPL,295,32.78,136.57,32.78,136.57,100.0,Good
Kartik Tyagi,IPL,11,3.67,110.0,3.43,92.31,113.1,On Fire
Kashif Ali,Test,1,0.5,8.33,0.5,8.33,100.0,Good
Kashif Bhatti,PSL,1,1.0,100.0,1.0,100.0,100.0,Good
Kashif Khan,T20I,34,8.5,66.67,8.5,66.67,100.0,Good
Kasir Ahmed,T20I,73,10.43,78.49,10.43,78.49,100.0,Good
Kate Awuah,T20I,32,16.0,55.17,19.5,56.52,89.8,Good
Kaung Htet Kyaw,T20I,4,2.0,40.0,2.0,40.0,100.0,Good
Kaung Ko Ko,T20I,4,4.0,66.67,4.0,66.67,100.0,Good
Kaushal Kumar,T20I,95,19.0,107.95,20.88,97.66,100.8,Good
Kazim Somani,T20I,194,17.64,83.26,17.64,83.26,100.0,Good
Kelly Ndiraya,ODI,19,6.33,61.29,6.33,61.29,100.0,Good
Kelly Ndiraya,T20I,0,0.0,0.0,0.0,0.0,0.0,
Kerry Fraser,T20I,18,9.0,58.06,8.25,44.59,119.6,On Fire
Keziah Miriam Sabin,T20I,71,23.67,133.96,22.0,117.33,110.9,On Fire
Khadeeja Fatima,T20I,55,11.0,58.51,11.0,58.51,100.0,Good
Khadija Imtiaz,T20I,45,5.62,55.56,5.67,45.59,110.5,On Fire
Khadija Khalil,T20I,30,7.5,47.62,7.0,61.44,92.3,Good
Khaibar Deldar,T20I,60,30.0,117.65,13.5,117.39,161.2,On Fire
Khaled Ahmed,Test,12,3.0,57.14,2.5,30.05,155.1,On Fire
Khalid Ahmadi,T20I,98,16.33,184.91,18.62,174.1,97.0,Good
Khalid Niazi,T20I,29,29.0,80.56,29.0,80.56,100.0,Good
Khalid Zahid,T20I,55,11.0,117.02,13.19,141.61,83.0,Average
Khawaja Nafay,PSL,129,12.9,140.22,17.28,128.51,91.9,Good
Khawaja Nafay,T20I,54,13.5,154.29,13.5,154.29,100.0,Good
Khin Aye,T20I,60,6.67,50.85,7.19,46.89,100.6,Good
Khizar Hayat,T20I,2,0.5,22.22,14.06,96.93,13.2,Poor
Khizer Ahmed,T20I,477,19.08,121.68,20.74,118.67,97.3,Good
Khurram Shahzad,PSL,7,7.0,100.0,6.4,58.18,140.6,On Fire
Khurram Shahzad,Test,104,8.67,53.89,8.71,45.68,108.8,Good
Khusboo Kandpal,T20I,47,11.75,72.31,12.5,73.53,96.2,Good
Khushdil Shah,ODI,129,32.25,104.03,29.91,97.92,107.0,Good
Khushdil Shah,PSL,362,25.86,150.21,25.12,143.93,103.7,Good
Khushdil Shah,T20I,90,12.86,88.24,18.48,105.2,76.7,Average
Khuzaima Tanveer,ODI,79,19.75,106.76,19.75,106.76,100.0,Good
Khuzaima Tanveer,T20I,70,35.0,205.88,35.0,205.88,100.0,Good
Kim Daeyeon,T20I,36,5.14,60.0,6.67,65.79,84.1,Average
Komang Putra,T20I,4,4.0,66.67,4.0,66.67,100.0,Good
Krish Bhagat,IPL,10,10.0,47.62,10.0,47.62,100.0,Good
Kuldeep Gurjar,T20I,49,5.44,60.49,5.1,57.95,105.5,Good
Kuldeep Yadav,IPL,27,4.5,72.97,11.67,83.0,63.2,Average
Kuldeep Yadav,ODI,7,7.0,116.67,9.62,50.63,151.6,On Fire
Kuldeep Yadav,T20I,2,1.0,16.67,8.0,67.61,18.6,Poor
Kuldeep Yadav,Test,44,8.8,20.28,12.15,26.56,74.4,Average
Kulwinderjeet Singh,T20I,0,0.0,0.0,18.11,140.52,0.0,
Kumar Kushagra,IPL,18,18.0,128.57,5.25,100.0,235.7,On Fire
Kushal Malla,ODI,45,45.0,88.24,25.03,89.9,139.0,On Fire
Kushal Malla,T20I,216,18.0,110.77,24.89,137.22,76.5,Average
Kyte Gullem Keen,T20I,27,3.0,32.14,3.11,31.82,98.7,Good
L Agatha,T20I,407,16.28,94.43,13.97,81.06,116.5,On Fire
L Barnett,T20I,465,51.67,151.47,83.2,159.69,78.5,Average
L Basson,T20I,10,10.0,66.67,10.0,66.67,100.0,Good
L Berthe,T20I,0,0.0,0.0,1.83,39.29,0.0,
L Bigula,T20I,31,10.33,63.27,10.33,63.27,100.0,Good
L Bloomfield,T20I,1,1.0,33.33,1.0,33.33,100.0,Good
L Bonner,T20I,19,6.33,100.0,15.78,120.34,61.6,Average
L Bruce,T20I,277,21.31,149.73,26.94,117.88,103.1,Good
L Bull,T20I,74,6.73,69.16,10.5,65.62,84.7,Average
L Canessane,T20I,96,9.6,109.09,15.67,118.39,76.7,Average
L Cardoso,T20I,421,18.3,88.63,15.62,84.2,111.2,On Fire
L Chilia,T20I,1,0.5,11.11,2.83,40.48,22.6,Poor
L Chipanga,T20I,36,3.6,60.0,3.9,54.17,101.5,Good
L Croospulle,T20I,0,0.0,0.0,0.0,0.0,0.0,
L Delany,ODI,296,26.91,80.22,28.46,71.8,103.1,Good
L Delany,T20I,273,27.3,121.88,21.55,91.96,129.6,On Fire
L Denny,T20I,48,9.6,72.73,14.1,97.92,71.2,Average
L Dirmeik,T20I,28,14.0,80.0,14.0,80.0,100.0,Good
L Fainicka,T20I,0,0.0,0.0,0.0,0.0,0.0,
L Filer,ODI,15,3.0,41.67,3.43,45.28,89.7,Good
L Filer,T20I,6,3.0,42.86,2.67,53.33,96.4,Good
L Filer,Test,26,8.67,28.89,5.62,33.83,119.8,On Fire
L Goodall,ODI,106,15.14,69.74,21.98,62.49,90.2,Good
L Goodall,T20I,22,11.0,146.67,22.5,111.11,90.4,Good
L Grace,T20I,32,8.0,68.09,8.0,68.09,100.0,Good
L Greig,T20I,44,11.0,97.78,10.0,87.91,110.6,On Fire
L Haskett,BBL,7,7.0,70.0,7.0,70.0,100.0,Good
L Holmgaard,T20I,13,6.5,72.22,6.5,72.22,100.0,Good
L Holt,BBL,8,8.0,200.0,8.0,200.0,100.0,Good
L Horan,T20I,19,19.0,271.43,19.0,271.43,100.0,Good
L Hornby-Wheeler,T20I,0,0.0,0.0,0.0,0.0,0.0,
L Idambo,T20I,36,12.0,124.14,7.81,60.39,179.6,On Fire
L Keny,ODI,112,14.0,45.53,14.0,45.53,100.0,Good
L Keny,T20I,102,10.2,75.56,9.11,67.46,112.0,On Fire
L Krvaric,T20I,30,6.0,73.17,17.29,100.0,53.9,Poor
L Lamin,T20I,246,12.3,86.32,16.81,89.5,84.8,Average
L Lee,WPL,320,32.0,139.13,32.0,139.13,100.0,Good
L Leemhuis,ODI,4,4.0,57.14,4.0,57.14,100.0,Good
L Leisner,T20I,66,9.43,75.0,11.58,76.37,89.8,Good
L Little,ODI,90,10.0,67.16,10.2,67.11,99.1,Good
L Little,T20I,121,20.17,104.31,12.79,107.83,127.2,On Fire
L Mabhero,ODI,34,11.33,58.62,6.8,51.52,140.2,On Fire
L Mabhero,T20I,29,9.67,60.42,11.0,62.26,92.5,Good
L Malino,T20I,23,3.29,30.67,2.67,27.91,116.6,On Fire
L Mamba,T20I,14,3.5,15.22,3.75,15.62,95.4,Good
L Maphane,T20I,55,11.0,101.85,9.17,100.0,110.9,On Fire
L Martin,T20I,14,4.67,36.84,4.67,36.84,100.0,Good
L Mating,T20I,11,5.5,42.31,5.5,42.31,100.0,Good
L Maximo,T20I,48,6.0,64.86,6.2,55.36,107.0,Good
L McCarthy,ODI,0,0.0,0.0,0.0,0.0,0.0,
L McCarthy,T20I,25,12.5,104.17,12.5,104.17,100.0,Good
L McCarthy,Test,12,6.0,50.0,6.0,50.0,100.0,Good
L Mcfadzean,T20I,6,6.0,300.0,6.0,300.0,100.0,Good
L Moises,T20I,46,9.2,85.19,8.83,76.81,107.6,Good
L Monanthane,T20I,55,7.86,82.09,6.6,68.75,119.2,On Fire
L Moore,T20I,65,10.83,72.22,10.83,72.22,100.0,Good
L Mophakedi,T20I,498,24.9,86.46,18.57,77.27,123.0,On Fire
L Mutale,T20I,3,3.0,60.0,3.0,60.0,100.0,Good
L Ngidi,IPL,4,2.0,44.44,2.0,44.44,100.0,Good
L Ngidi,ODI,3,1.0,12.5,10.25,49.8,17.4,Poor
L Ngidi,T20I,18,18.0,90.0,11.8,81.94,131.2,On Fire
L Ngidi,Test,0,0.0,0.0,4.85,42.17,0.0,
L Nyarko,T20I,4,4.0,400.0,2.0,66.67,400.0,On Fire
L Ostergaard,T20I,141,11.75,61.04,11.82,60.36,100.3,Good
L Paul,ODI,437,25.71,81.08,25.71,67.02,110.5,On Fire
L Paul,T20I,472,23.6,118.3,19.44,104.5,117.3,On Fire
L Pemhiwa,T20I,8,4.0,42.11,4.5,42.86,93.6,Good
L Perera,T20I,28,14.0,80.0,14.0,80.0,100.0,Good
L Phiri,ODI,134,44.67,74.44,23.5,59.31,157.8,On Fire
L Phiri,T20I,54,10.8,78.26,7.25,75.65,126.2,On Fire
L Pickard,T20I,149,13.55,62.61,13.55,62.61,100.0,Good
L Piety,T20I,238,29.75,136.0,30.0,114.56,108.9,Good
L Polaki,T20I,6,1.2,18.75,1.2,18.75,100.0,Good
L Pope,BBL,8,2.0,32.0,2.0,37.84,92.3,Good
L Qiao,T20I,8,4.0,114.29,2.67,80.0,146.3,On Fire
L Rajadurai,ODI,97,24.25,37.45,16.71,37.74,122.2,On Fire
L Rajadurai,T20I,14,7.0,58.33,7.0,58.33,100.0,Good
L Ruane,T20I,1,1.0,20.0,1.0,20.0,100.0,Good
L Sanogo,T20I,8,4.0,47.06,3.88,51.67,97.1,Good
L Scott,BBL,377,53.86,141.73,37.27,136.67,124.1,On Fire
L Scott,ODI,2,2.0,50.0,2.0,50.0,100.0,Good
L Senokwane,Test,3,3.0,8.33,3.0,8.33,100.0,Good
L Shaw,BBL,188,26.86,145.74,24.5,144.12,105.4,Good
L Shetty,T20I,14,7.0,48.28,7.0,48.28,100.0,Good
L Siaka,T20I,246,35.14,120.59,18.71,116.78,145.5,On Fire
L Sipamla,T20I,6,6.0,60.0,5.67,68.0,97.0,Good
L Smith,T20I,16,5.33,72.73,5.33,72.73,100.0,Good
L Solomone,T20I,29,14.5,152.63,14.5,152.63,100.0,Good
L Sormus,T20I,9,3.0,29.03,7.6,49.35,49.1,Poor
L Stanfergin,T20I,4,2.0,30.77,2.0,30.77,100.0,Good
L Steenkamp,ODI,374,37.4,71.24,37.4,71.24,100.0,Good
L Steenkamp,T20I,453,26.65,134.82,26.65,134.82,100.0,Good
L Sviben,T20I,4,4.0,66.67,4.0,66.67,100.0,Good
L Taylor,T20I,26,4.33,50.98,5.29,66.07,79.5,Average
L Tshuma,ODI,223,20.27,77.16,14.3,64.56,130.6,On Fire
L Tshuma,T20I,137,8.56,90.13,8.96,88.19,98.9,Good
L Tucker,ODI,187,46.75,98.94,22.81,82.34,162.6,On Fire
L Tucker,T20I,478,29.88,125.13,25.42,125.68,108.6,Good
L Tucker,Test,273,39.0,56.4,40.0,62.16,94.1,Good
L Udeh,T20I,48,4.8,59.26,5.94,71.43,81.9,Average
L Visser,T20I,3,3.0,75.0,3.0,75.0,100.0,Good
L Wahmowe,T20I,4,1.33,30.77,1.33,30.77,100.0,Good
L Wesley,T20I,15,3.75,32.61,3.75,32.61,100.0,Good
L Wolvaardt,ODI,1392,55.68,92.49,52.27,76.98,113.3,On Fire
L Wolvaardt,T20I,1007,45.77,142.84,39.69,123.84,115.3,On Fire
L Wolvaardt,WPL,349,34.9,126.91,32.95,130.24,101.7,Good
L Wood,BBL,35,7.0,92.11,5.18,77.03,127.4,On Fire
L Wood,ODI,5,5.0,125.0,15.0,107.14,75.0,Average
L Wood,PSL,10,3.33,90.91,8.5,124.39,56.1,Poor
L Wood,T20I,1,1.0,100.0,4.0,80.0,75.0,Average
L Yamamoto-Lake,T20I,53,8.83,80.3,19.29,128.08,54.2,Poor
LA Burns,T20I,37,37.0,123.33,16.7,113.61,165.1,On Fire
LA Dawson,ODI,70,35.0,82.35,19.0,83.65,141.3,On Fire
LA Dawson,T20I,22,7.33,66.67,11.29,114.49,61.6,Average
LA Dawson,Test,26,26.0,40.0,22.0,41.98,106.7,Good
LA Dunbar,T20I,315,35.0,117.1,32.52,118.92,103.0,Good
LA Goncalves,T20I,54,9.0,94.74,9.0,94.74,100.0,Good
LA McBride,ODI,4,4.0,50.0,4.0,50.0,100.0,Good
LA McBride,T20I,3,3.0,50.0,3.0,50.0,100.0,Good
LAR Bommareddy,T20I,27,5.4,45.76,6.18,46.9,92.5,Good
LB Ferbrache,T20I,21,21.0,105.0,17.47,91.29,117.6,On Fire
LB Williams,ODI,1,1.0,33.33,4.5,69.23,35.2,Poor
LB Williams,T20I,8,4.0,88.89,2.33,53.85,168.4,On Fire
LC Hatcher,BBL,1,1.0,20.0,7.67,97.87,16.7,Poor
LCN Smith,ODI,53,26.5,94.64,26.5,94.64,100.0,Good
LCN Smith,T20I,1,1.0,16.67,1.0,16.67,100.0,Good
LD Chandimal,PSL,139,34.75,171.6,34.75,171.6,100.0,Good
LD Chandimal,T20I,4,4.0,80.0,19.05,103.46,49.2,Poor
LD Chandimal,Test,515,42.92,52.98,42.85,50.26,102.8,Good
LD Hearne,BBL,3,1.5,37.5,1.5,37.5,100.0,Good
LF Mavume,T20I,27,9.0,67.5,9.0,67.5,100.0,Good
LF Muller,T20I,260,26.0,124.4,25.39,120.26,102.9,Good
LG Moras,T20I,89,11.12,77.39,11.12,77.39,100.0,Good
LG Pretorius,IPL,7,3.5,87.5,3.5,87.5,100.0,Good
LG Pretorius,ODI,142,47.33,97.93,47.33,97.93,100.0,Good
LG Pretorius,T20I,427,25.12,150.88,25.12,150.88,100.0,Good
LG Pretorius,Test,235,78.33,92.89,78.33,92.89,100.0,Good
LH Ferguson,BBL,7,7.0,77.78,9.0,75.0,90.7,Good
LH Ferguson,IPL,4,4.0,400.0,24.0,153.19,138.9,On Fire
LH Ferguson,T20I,9,9.0,81.82,4.5,85.71,147.7,On Fire
LH Rodrigues,T20I,250,22.73,106.84,18.21,93.26,119.7,On Fire
LI Salomone,T20I,136,15.11,124.77,11.29,99.37,129.7,On Fire
LJ Barker,T20I,86,9.56,98.85,9.62,95.42,101.5,Good
LJ Evans,BBL,125,15.62,154.32,32.69,156.83,73.1,Average
LJ Leokaoke,T20I,186,62.0,135.77,32.67,117.37,152.7,On Fire
LJ Myott,T20I,3,3.0,37.5,10.67,94.12,34.0,Poor
LJ Payas,T20I,5,5.0,62.5,17.0,104.08,44.7,Poor
LK Bell,ODI,39,9.75,57.35,8.29,58.0,108.2,Good
LK Bell,T20I,4,2.0,33.33,2.0,33.33,100.0,Good
LK Bell,Test,10,3.33,13.16,5.5,20.95,61.7,Average
LK Bell,WPL,1,1.0,100.0,1.0,100.0,100.0,Good
LK Hamilton,Test,23,23.0,42.59,23.0,42.59,100.0,Good
LK Hamilton,WPL,36,36.0,189.47,36.0,189.47,100.0,Good
LL Dimba,T20I,219,15.64,86.9,17.19,83.95,97.2,Good
LL Htun,T20I,64,9.14,60.95,7.57,55.59,115.2,On Fire
LM Gabriel,T20I,81,9.0,64.8,11.31,85.38,77.7,Average
LM Gwebu,T20I,3,0.5,6.52,0.5,6.52,100.0,Good
LM Massawe,T20I,0,0.0,0.0,14.0,90.32,0.0,
LMM Tahuhu,ODI,20,10.0,86.96,10.0,88.24,99.3,Good
LMM Tahuhu,T20I,2,2.0,50.0,11.48,111.57,31.1,Poor
LN Oluoch,T20I,112,18.67,114.29,15.75,109.57,111.4,On Fire
LN Rajbanshi,ODI,6,1.2,24.0,3.91,24.29,64.7,Average
LN Rajbanshi,T20I,1,0.5,20.0,2.67,44.44,31.9,Poor
LN Saishiv,T20I,31,31.0,100.0,31.0,100.0,100.0,Good
LN Shabalala,T20I,26,2.6,17.69,2.6,17.69,100.0,Good
LR Gaonkar,T20I,24,12.0,96.0,11.17,83.75,111.0,On Fire
LR Morris,BBL,0,0.0,0.0,1.0,27.27,0.0,
LR Naylor,ODI,14,14.0,63.64,17.0,79.07,81.4,Average
LR Naylor,T20I,8,4.0,61.54,4.0,61.54,100.0,Good
LRPL Taylor,T20I,45,22.5,88.24,25.97,122.08,79.5,Average
LS Barkania,T20I,5,5.0,55.56,14.0,56.0,67.5,Average
LS Boucher,CPL,3,1.5,30.0,17.57,99.19,19.4,Poor
LS Livingstone,IPL,127,14.11,116.51,25.38,155.17,65.3,Average
LS Livingstone,ODI,78,15.6,80.41,32.57,108.57,61.0,Average
LS Livingstone,T20I,74,14.8,127.59,24.37,149.35,73.1,Average
LS Simelane,T20I,0,0.0,0.0,0.0,0.0,0.0,
LT Bichard,T20I,4,1.33,26.67,11.5,79.31,22.6,Poor
LU Igalagamage,T20I,26,13.0,96.3,13.0,96.3,100.0,Good
LU Igalagamage,Test,313,34.78,64.27,34.78,64.27,100.0,Good
LV Boas,T20I,358,14.32,94.21,11.91,90.85,112.0,On Fire
LV van Beek,ODI,49,24.5,119.51,24.09,87.94,118.8,On Fire
LV van Beek,T20I,6,3.0,75.0,7.2,80.6,67.4,Average
LY Loch Srey,T20I,2,1.0,28.57,0.67,16.0,163.9,On Fire
Laiba,T20I,5,2.5,23.81,2.5,23.81,100.0,Good
Laiba Nasrullah,T20I,3,1.0,8.33,1.0,8.33,100.0,Good
Lakshit Gupta,T20I,242,48.4,118.63,25.96,106.23,149.1,On Fire
Lalu Bhai Ahir,T20I,53,17.67,68.83,17.67,68.83,100.0,Good
Lata Mondal,T20I,18,18.0,42.86,9.6,59.63,129.7,On Fire
Laura-Anette Taei,T20I,2,2.0,8.0,2.0,8.0,100.0,Good
Lee Hyosin,T20I,7,7.0,50.0,7.0,50.0,100.0,Good
Leitu Leong,T20I,15,7.5,71.43,2.86,54.05,197.2,On Fire
Lihara Ayeysekara,T20I,4,1.33,13.79,1.33,13.79,100.0,Good
Likitha Yadav,T20I,72,14.4,50.0,13.33,47.06,107.1,Good
Liton Das,ODI,300,37.5,81.3,29.5,85.27,111.2,On Fire
Liton Das,T20I,673,28.04,134.33,23.5,128.96,111.7,On Fire
Liton Das,Test,568,43.69,66.2,35.21,59.91,117.3,On Fire
Lokesh Bam,T20I,183,22.88,163.39,17.93,147.8,119.1,On Fire
Lopamudra,T20I,10,1.67,25.64,2.6,27.37,79.0,Average
Lovedeep Singh,T20I,4,1.33,44.44,1.33,44.44,100.0,Good
Luca Petre,T20I,33,16.5,132.0,13.67,120.59,115.1,On Fire
Lucas Rossi,T20I,134,16.75,114.53,16.12,97.36,110.8,On Fire
Lucky Ali,T20I,49,24.5,102.08,16.64,86.32,132.7,On Fire
Luis Hermida,T20I,53,26.5,85.48,18.09,73.7,131.2,On Fire
Lujaina,T20I,29,4.83,53.7,4.83,53.7,100.0,Good
Luka Woods,T20I,259,43.17,157.93,31.0,140.91,125.7,On Fire
Luo Shilin,T20I,0,0.0,0.0,1.25,13.89,0.0,
Luqman Butt,T20I,355,29.58,156.39,37.43,145.76,93.2,Good
Luqman Hussan,T20I,25,6.25,64.1,6.25,64.1,100.0,Good
Ly Saomakara,T20I,23,7.67,28.75,5.6,31.82,113.7,On Fire
Lydia Katsimari,T20I,9,4.5,50.0,4.5,50.0,100.0,Good
M Abadjieva,T20I,53,4.82,41.73,4.82,41.73,100.0,Good
M Akayezu,T20I,175,11.67,133.59,8.55,114.88,126.4,On Fire
M Akhigbe,T20I,1,0.5,20.0,4.8,88.89,16.5,Poor
M Ariokot,T20I,140,12.73,73.68,11.38,72.22,106.9,Good
M Artur,T20I,53,6.62,85.48,4.0,65.12,148.4,On Fire
M Ayodhya,T20I,4,2.0,36.36,2.0,36.36,100.0,Good
M Batnasan,T20I,50,7.14,78.12,7.8,73.58,98.9,Good
M Bayram,T20I,135,16.88,145.16,16.88,145.16,100.0,Good
M Bean,BBL,1,1.0,100.0,1.0,100.0,100.0,Good
M Beardman,BBL,2,2.0,33.33,2.0,33.33,100.0,Good
M Beitaki,T20I,23,5.75,69.7,11.29,94.61,62.3,Average
M Bestani,T20I,86,14.33,86.87,14.33,86.87,100.0,Good
M Bhaiji,T20I,136,17.0,129.52,17.0,129.52,100.0,Good
M Bhatia,T20I,126,14.0,144.83,14.0,144.83,100.0,Good
M Bibi,T20I,359,19.94,93.98,12.57,85.25,134.4,On Fire
M Biu,T20I,60,12.0,89.55,8.71,84.72,121.7,On Fire
M Bryant,BBL,405,40.5,160.71,24.15,141.04,140.8,On Fire
M Bryant,PSL,49,16.33,163.33,16.33,163.33,100.0,Good
M Campopiano,T20I,16,4.0,57.14,29.81,119.25,30.7,Poor
M Castineiras,T20I,98,8.17,49.25,20.15,96.64,45.8,Poor
M Chabula,T20I,13,2.6,13.54,2.6,13.54,100.0,Good
M Chadha,T20I,202,50.5,127.85,41.22,118.53,115.2,On Fire
M Choamba,T20I,133,10.23,71.89,9.44,70.25,105.4,Good
M Clarke,CPL,36,18.0,200.0,12.0,180.0,130.6,On Fire
M Coetzee,T20I,11,5.5,57.89,18.86,130.05,36.8,Poor
M Corazon,T20I,421,26.31,123.46,24.67,116.77,106.2,Good
M Dale-Bradley,T20I,107,13.38,115.05,12.64,113.01,103.8,Good
M Dindyal,CPL,155,19.38,120.16,19.38,120.16,100.0,Good
M Dlamini,T20I,140,11.67,50.18,9.0,52.63,112.5,On Fire
M Durdevac,T20I,43,21.5,64.18,21.5,64.18,100.0,Good
M Elikana,T20I,6,3.0,30.0,3.0,30.0,100.0,Good
M Faisal,ODI,12,6.0,50.0,12.67,52.78,71.0,Average
M Fontaine,T20I,6,3.0,75.0,7.5,91.84,60.8,Average
M Frey,T20I,2,2.0,50.0,1.17,26.92,178.3,On Fire
M Fumba,T20I,4,4.0,40.0,4.0,40.0,100.0,Good
M Gilkes,BBL,366,21.53,147.58,20.2,123.61,113.0,On Fire
M Gill,ODI,124,31.0,72.51,31.0,72.51,100.0,Good
M Gill,T20I,15,15.0,75.0,14.0,77.78,101.8,Good
M Gogev,T20I,527,27.74,149.29,24.38,143.44,108.9,Good
M Gorases,T20I,281,12.77,73.56,11.84,71.67,105.2,Good
M Heingo,ODI,20,20.0,222.22,20.0,222.22,100.0,Good
M Heingo,T20I,0,0.0,0.0,0.0,0.0,0.0,
M Hill,T20I,679,21.22,85.3,23.89,97.49,88.2,Good
M Holmes,T20I,12,12.0,52.17,12.0,52.17,100.0,Good
M Hundal,T20I,12,4.0,37.5,3.0,36.36,118.2,On Fire
M Ibrahim,T20I,6,2.0,14.63,1.17,12.28,145.0,On Fire
M Janicijevic,T20I,3,3.0,60.0,3.0,60.0,100.0,Good
M Jansen,IPL,126,15.75,116.67,12.8,110.34,114.4,On Fire
M Jansen,ODI,92,23.0,146.03,26.33,112.63,108.5,Good
M Jansen,T20I,86,17.2,134.38,18.0,144.0,94.4,Good
M Jansen,Test,180,30.0,93.26,23.11,54.5,150.5,On Fire
M Jele,T20I,7,3.5,53.85,4.3,60.56,85.2,Good
M Jevdjenovic,T20I,34,8.5,52.31,8.5,52.31,100.0,Good
M Kachingo,T20I,6,1.2,12.0,1.2,12.0,100.0,Good
M Kapp,ODI,395,49.38,98.5,38.66,88.64,119.4,On Fire
M Kapp,T20I,152,16.89,131.03,20.81,107.69,101.4,Good
M Kapp,WPL,155,22.14,122.05,27.4,123.8,89.7,Good
M Kasselman,T20I,512,30.12,130.61,27.08,129.69,106.0,Good
M Kaswan,T20I,2,2.0,22.22,2.0,22.22,100.0,Good
M Kearvell,T20I,150,37.5,93.75,37.5,93.75,100.0,Good
M Kelly,BBL,0,0.0,0.0,11.88,121.79,0.0,
M Khauta,T20I,9,9.0,150.0,9.0,150.0,100.0,Good
M Khojbariya,T20I,98,9.8,87.5,13.5,102.72,78.9,Average
M Klaas,ODI,36,9.0,59.02,5.79,43.57,145.5,On Fire
M Klaas,T20I,13,6.5,59.09,3.92,71.21,124.4,On Fire
M Kojo,T20I,5,5.0,41.67,5.0,41.67,100.0,Good
M Koli,T20I,28,14.0,80.0,15.0,110.66,82.8,Average
M Kulfiwala,T20I,22,7.33,104.76,7.33,104.76,100.0,Good
M Labuschagne,BBL,100,33.33,147.06,22.96,121.09,133.3,On Fire
M Labuschagne,ODI,202,20.2,65.58,33.9,81.92,69.8,Average
M Labuschagne,PSL,344,28.67,130.3,28.67,130.3,100.0,Good
M Labuschagne,Test,392,21.78,53.33,43.8,52.12,76.0,Average
M Leporoporo,T20I,0,0.0,0.0,0.0,0.0,0.0,
M Levitt,ODI,247,30.88,86.97,26.06,83.9,111.1,On Fire
M Levitt,T20I,405,33.75,140.14,34.18,142.2,98.6,Good
M Lollo,T20I,124,12.4,78.98,9.06,76.72,119.9,On Fire
M Louis,CPL,18,6.0,81.82,21.9,133.54,44.3,Poor
M Louis,Test,36,6.0,29.75,18.45,41.14,52.4,Poor
M Machado,T20I,28,9.33,84.85,18.5,118.4,61.0,Average
M Madara,ODI,17,2.83,25.0,2.83,25.0,100.0,Good
M Madara,T20I,14,14.0,50.0,14.0,50.0,100.0,Good
M Magagula,T20I,52,13.0,85.25,8.17,70.5,140.0,On Fire
M Maguire,T20I,29,5.8,65.91,9.3,60.78,85.4,Good
M Mangru,ODI,7,3.5,77.78,7.75,45.59,107.9,Good
M Mangru,T20I,19,6.33,86.36,7.0,84.0,96.6,Good
M Mani,WPL,22,5.5,122.22,4.0,84.85,140.8,On Fire
M Mariyappan,T20I,5,1.67,26.32,3.83,48.94,48.7,Poor
M Martinez,T20I,9,1.8,45.0,7.08,67.65,46.0,Poor
M Mavunga,ODI,10,3.33,58.82,3.25,40.62,123.6,On Fire
M Mavunga,T20I,128,18.29,137.63,15.78,131.48,110.3,On Fire
M McColl,ODI,129,25.8,92.81,19.0,83.27,123.6,On Fire
M McColl,T20I,237,14.81,122.16,13.73,103.9,112.7,On Fire
M Modise,T20I,16,8.0,59.26,8.0,59.26,100.0,Good
M Modric,T20I,39,13.0,76.47,8.2,64.06,139.0,On Fire
M Mohapi,T20I,8,8.0,100.0,8.0,100.0,100.0,Good
M Mooketsi,T20I,1,1.0,14.29,3.87,50.88,27.0,Poor
M Mpongwana,ODI,1,1.0,50.0,1.0,50.0,100.0,Good
M Mupachikwa,ODI,245,22.27,56.84,23.88,57.71,95.9,Good
M Mupachikwa,T20I,387,22.76,81.99,27.65,83.59,90.2,Good
M Musinguzi,T20I,4,4.0,100.0,4.0,100.0,100.0,Good
M Mwangi,T20I,34,11.33,66.67,12.29,69.35,94.2,Good
M Mwatile,T20I,460,17.69,86.79,14.59,85.69,111.3,On Fire
M Nanayakkara,ODI,14,4.67,42.42,4.67,42.42,100.0,Good
M Nanayakkara,T20I,35,35.0,109.38,35.0,109.38,100.0,Good
M Nandu,CPL,14,7.0,53.85,13.5,75.0,61.8,Average
M Ndhambi,T20I,79,19.75,71.82,14.57,72.34,117.4,On Fire
M Ndipo,T20I,17,3.4,42.5,3.4,42.5,100.0,Good
M Nguni,T20I,18,6.0,25.71,6.0,25.71,100.0,Good
M Nikolic,T20I,40,20.0,76.92,16.83,50.5,135.6,On Fire
M Noble,T20I,0,0.0,0.0,0.0,0.0,0.0,
M Ogawa,T20I,3,3.0,27.27,13.0,52.0,37.8,Poor
M Ozturk,T20I,31,10.33,106.9,8.67,74.82,131.0,On Fire
M Parinitha,T20I,1,1.0,20.0,1.0,20.0,100.0,Good
M Pathirana,T20I,2,2.0,40.0,1.8,42.86,102.2,Good
M Patwardhan,ODI,1,0.5,7.69,0.5,7.69,100.0,Good
M Patwardhan,T20I,1,1.0,25.0,1.0,25.0,100.0,Good
M Perisic,T20I,70,6.36,51.47,7.82,50.19,91.9,Good
M Perry,BBL,3,3.0,100.0,3.0,100.0,100.0,Good
M Phiase,T20I,33,6.6,52.38,3.31,44.79,158.2,On Fire
M Podosky,T20I,306,27.82,120.0,19.68,111.09,124.7,On Fire
M Polimeri,T20I,101,6.73,51.01,6.85,47.24,103.1,Good
M Prasidh Krishna,IPL,6,6.0,85.71,5.0,48.39,148.6,On Fire
M Prasidh Krishna,ODI,0,0.0,0.0,0.67,10.0,0.0,
M Prasidh Krishna,T20I,2,2.0,66.67,2.0,66.67,100.0,Good
M Prasidh Krishna,Test,18,3.0,25.71,2.57,20.93,119.8,On Fire
M Raikes,T20I,222,55.5,160.87,41.33,154.04,119.4,On Fire
M Rathnayake,T20I,117,7.8,64.29,12.3,78.12,72.9,Average
M Ravula,T20I,59,59.0,100.0,59.0,100.0,100.0,Good
M Ribeiro,T20I,11,2.2,37.93,1.78,26.67,132.9,On Fire
M Robinson,T20I,22,11.0,55.0,38.0,59.84,60.4,Average
M Saastamoinen,T20I,23,5.75,58.97,5.75,58.97,100.0,Good
M Sarenac,T20I,14,7.0,107.69,3.0,47.06,231.1,On Fire
M Sefati,T20I,1,0.5,25.0,0.5,25.0,100.0,Good
M Separovic,T20I,1,0.5,33.33,0.5,33.33,100.0,Good
M Shahbaz Butt,T20I,35,7.0,57.38,7.78,70.0,86.0,Good
M Shahrukh Khan,IPL,222,22.2,166.92,20.39,147.9,110.9,On Fire
M Shehani,T20I,5,5.0,45.45,5.2,65.82,82.6,Average
M Sheriff,T20I,3,3.0,42.86,3.25,72.22,75.8,Average
M Shumba,T20I,34,17.0,87.18,21.58,109.63,79.1,Average
M Simpson-Parker,T20I,146,146.0,178.05,25.53,121.59,359.2,On Fire
M Smit,ODI,116,29.0,78.91,29.0,78.91,100.0,Good
M Smit,T20I,191,47.75,150.39,42.67,136.17,111.2,On Fire
M Smith,T20I,40,13.33,83.33,13.33,83.33,100.0,Good
M Sohel Patel,T20I,12,12.0,92.31,9.0,100.0,112.8,On Fire
M Spoors,BBL,50,16.67,94.34,19.75,100.0,89.4,Good
M Spoors,ODI,74,14.8,55.64,17.11,55.8,93.1,Good
M Stanikzai,T20I,282,17.62,150.8,15.84,145.41,107.5,Good
M Stevanovic,T20I,125,17.86,96.15,17.86,96.15,100.0,Good
M Stolt,T20I,14,2.8,40.0,2.8,40.0,100.0,Good
M Syahadat Ramli,T20I,304,19.0,100.0,21.19,103.81,93.0,Good
M Syrioti,T20I,180,12.0,58.06,18.21,68.17,75.5,Average
M Taniyama,T20I,32,16.0,64.0,9.7,84.35,120.4,On Fire
M Tarimiala,T20I,26,5.2,50.98,5.67,52.31,94.6,Good
M Taylor,T20I,336,24.0,98.53,20.7,96.43,109.1,Good
M Theekshana,CPL,12,12.0,80.0,7.4,86.05,127.6,On Fire
M Theekshana,IPL,10,5.0,37.04,5.67,50.0,81.1,Average
M Theekshana,ODI,50,10.0,58.82,15.78,50.99,89.4,Good
M Theekshana,PSL,2,2.0,50.0,2.0,50.0,100.0,Good
M Theekshana,T20I,50,5.0,57.47,4.56,61.96,101.2,Good
M Tiwari,IPL,21,21.0,175.0,21.0,175.0,100.0,Good
M Tom,ODI,3,3.0,42.86,3.0,42.86,100.0,Good
M Tom,T20I,12,12.0,171.43,5.67,141.67,166.3,On Fire
M Trajkovi,T20I,7,3.5,41.18,2.33,36.84,131.0,On Fire
M Trajkovic,T20I,17,17.0,54.84,17.0,54.84,100.0,Good
M Trejbalova,T20I,2,1.0,5.56,1.0,5.56,100.0,Good
M Turay,T20I,111,6.94,60.99,7.62,61.54,95.1,Good
M Turner,T20I,25,25.0,119.05,25.0,119.05,100.0,Good
M Upadhayay,T20I,7,2.33,28.0,2.33,28.0,100.0,Good
M Uwase,T20I,361,15.04,95.25,14.77,86.55,105.9,Good
M Vaik,T20I,6,6.0,85.71,7.25,54.72,119.7,On Fire
M Valner,T20I,8,1.6,19.05,3.25,23.64,64.9,Average
M Vandrasi,T20I,69,17.25,88.46,27.33,105.13,73.6,Average
M Vervitsioti,T20I,69,4.93,46.94,4.89,43.78,104.0,Good
M Viswanathan,T20I,0,0.0,0.0,0.0,0.0,0.0,
M Wai Siu,T20I,47,6.71,48.96,9.56,47.51,86.6,Good
M Watson,T20I,1,0.5,20.0,0.5,20.0,100.0,Good
M Whelan,T20I,7,3.5,58.33,10.75,103.61,44.4,Poor
M Wright,BBL,58,58.0,134.88,27.78,122.55,159.4,On Fire
M Yambayamba,T20I,7,7.0,53.85,7.0,53.85,100.0,Good
M Yanagida,T20I,295,18.44,90.49,17.78,79.66,108.7,Good
M Zdravkova,T20I,0,0.0,0.0,0.0,0.0,0.0,
M Zhu,T20I,262,20.15,93.24,13.33,82.35,132.2,On Fire
M van Lingen,ODI,96,16.0,59.63,36.74,89.26,55.2,Poor
MA Abbas,ODI,162,27.0,79.8,27.0,79.8,100.0,Good
MA Agarwal,IPL,95,31.67,148.44,23.03,133.79,124.2,On Fire
MA Algi,T20I,25,12.5,104.17,12.5,104.17,100.0,Good
MA Baig,T20I,29,9.67,69.05,32.29,88.28,54.1,Poor
MA Jones,ODI,121,40.33,82.31,29.76,70.38,126.2,On Fire
MA Jones,T20I,142,35.5,142.0,26.14,138.64,119.1,On Fire
MA Leask,ODI,252,22.91,116.67,27.33,113.47,93.3,Good
MA Leask,T20I,175,17.5,119.05,16.98,130.04,97.3,Good
MA Nyabela,T20I,68,6.18,53.54,5.11,49.73,114.3,On Fire
MA Parker,T20I,3,3.0,37.5,3.0,37.5,100.0,Good
MA Sherry,T20I,79,13.17,89.77,13.17,89.77,100.0,Good
MA Starc,BBL,2,2.0,66.67,15.0,88.24,44.4,Poor
MA Starc,IPL,6,2.0,50.0,9.25,91.74,38.1,Poor
MA Starc,ODI,6,3.0,50.0,11.82,77.41,45.0,Poor
MA Starc,Test,309,19.31,52.28,20.15,59.08,92.2,Good
MA Tsemane,T20I,5,2.5,26.32,1.25,17.54,175.0,On Fire
MA Wood,ODI,9,4.5,112.5,13.36,105.0,70.4,Average
MA Wood,T20I,16,8.0,106.67,13.5,96.43,84.9,Average
MA Wood,Test,4,4.0,200.0,15.6,70.95,153.8,On Fire
MAA Sanjeewani,ODI,183,20.33,72.91,16.06,61.82,122.3,On Fire
MAA Sanjeewani,T20I,1,1.0,33.33,15.26,89.96,21.8,Poor
MADI Hemantha,T20I,29,7.25,85.29,7.25,85.29,100.0,Good
MALD Buccimazza,T20I,1,0.33,12.5,0.33,12.5,100.0,Good
MB Kruger,ODI,433,22.79,62.12,22.58,64.72,98.5,Good
MB Kruger,T20I,177,14.75,108.59,16.59,107.85,94.8,Good
MB Tambe,T20I,26,5.2,78.79,7.81,72.67,87.5,Good
MB dos Santos,T20I,0,0.0,0.0,2.0,33.33,0.0,
MBA Lamplough,T20I,173,15.73,102.37,12.46,86.4,122.4,On Fire
MBT Montero,T20I,2,1.0,4.65,1.0,4.65,100.0,Good
MC Alex,T20I,10,2.0,47.62,1.8,39.13,116.4,On Fire
MC Henriques,BBL,311,17.28,116.48,27.97,129.43,75.9,Average
MC Henriques,T20I,196,65.33,170.43,27.55,137.75,180.4,On Fire
MCE Manalo,T20I,12,12.0,85.71,12.0,85.71,100.0,Good
MD Bimenyimana,T20I,480,21.82,76.43,19.9,74.12,106.4,Good
MD Botha,ODI,103,20.6,69.13,20.6,69.13,100.0,Good
MD Botha,T20I,177,19.67,85.1,19.67,85.1,100.0,Good
MD Byrne,T20I,0,0.0,0.0,0.0,0.0,0.0,
MD Choudhary,IPL,170,28.33,141.67,28.33,141.67,100.0,Good
MD Fisher,Test,50,50.0,58.82,50.0,55.56,102.9,Good
MD Patel,ODI,429,26.81,78.57,33.15,81.41,88.7,Good
MD Patel,T20I,456,50.67,158.89,27.32,137.93,150.3,On Fire
MD Rae,Test,13,13.0,118.18,13.0,118.18,100.0,Good
MD Rocha,T20I,24,8.0,75.0,7.67,64.79,110.0,Good
MD Shanaka,CPL,281,56.2,193.79,56.2,193.79,100.0,Good
MD Shanaka,IPL,63,12.6,136.96,12.71,123.61,105.0,Good
MD Shanaka,T20I,580,23.2,152.23,21.14,129.38,113.7,On Fire
MDKJ Perera,CPL,51,25.5,110.87,25.5,110.87,100.0,Good
MDKJ Perera,PSL,380,34.55,155.74,34.55,155.74,100.0,Good
MDKJ Perera,T20I,352,20.71,140.24,25.92,132.82,92.7,Good
ME Bessala,T20I,104,11.56,107.22,10.72,72.28,128.1,On Fire
ME Bouchier,ODI,273,39.0,102.25,42.88,107.05,93.2,Good
ME Bouchier,T20I,91,18.2,88.35,23.53,117.99,76.1,Average
ME Bouchier,Test,28,7.0,37.33,25.67,62.1,43.7,Poor
ME Leoela,T20I,4,1.33,16.67,3.5,43.08,38.3,Poor
MF Hurst,BBL,23,23.0,100.0,12.8,91.43,144.5,On Fire
MF Manjate,T20I,1,0.5,25.0,0.33,20.0,138.3,On Fire
MFD Douma,T20I,12,2.0,48.0,2.14,40.54,105.9,Good
MFI Assuncao,T20I,135,10.38,82.82,9.9,86.09,100.5,Good
MG Bracewell,ODI,498,31.12,99.01,35.93,107.53,89.3,Good
MG Bracewell,PSL,273,21.0,165.45,21.0,165.45,100.0,Good
MG Bracewell,T20I,176,19.56,139.68,20.67,134.37,99.3,Good
MG Bracewell,Test,80,26.67,57.14,21.19,57.07,113.0,On Fire
MG Erasmus,ODI,443,21.1,65.63,35.2,76.55,72.8,Average
MG Erasmus,T20I,770,35.0,143.39,33.76,130.45,106.8,Good
MG Maceira,T20I,2,2.0,100.0,2.0,100.0,100.0,Good
MG Neser,BBL,66,33.0,212.9,15.24,131.52,189.2,On Fire
MG Neser,Test,75,18.75,40.54,18.71,50.97,89.9,Good
MH Cross,ODI,477,31.8,94.27,24.74,73.42,128.5,On Fire
MH Cross,T20I,189,23.62,119.62,22.38,115.59,104.5,Good
MH Ushanga,T20I,18,3.6,54.55,4.7,63.51,81.2,Average
MHS James,T20I,27,9.0,108.0,9.0,108.0,100.0,Good
MI Khagoitsa,T20I,18,3.6,50.0,9.14,83.12,49.8,Poor
MIW van den Raad,ODI,1,1.0,100.0,1.0,100.0,100.0,Good
MIW van den Raad,T20I,59,6.56,83.1,7.0,82.89,97.0,Good
MJ Ansell,T20I,2,2.0,100.0,8.0,84.85,71.4,Average
MJ Fisher,ODI,2,1.0,33.33,1.0,33.33,100.0,Good
MJ Hay,ODI,127,31.75,118.69,31.0,104.49,108.0,Good
MJ Hay,T20I,45,9.0,102.27,11.12,125.35,81.3,Average
MJ Hay,Test,61,61.0,65.59,61.0,65.59,100.0,Good
MJ Henry,IPL,7,3.5,70.0,3.5,70.0,100.0,Good
MJ Henry,ODI,15,5.0,115.38,10.38,93.1,86.1,Good
MJ Henry,T20I,23,5.75,100.0,5.0,106.06,104.6,Good
MJ Henry,Test,27,3.86,44.26,15.72,75.53,41.6,Poor
MJ Humphreys,ODI,0,0.0,0.0,6.0,60.0,0.0,
MJ Humphreys,T20I,14,2.8,77.78,2.8,73.68,102.8,Good
MJ Humphreys,Test,29,5.8,43.28,11.17,44.08,75.1,Average
MJ Massawe,T20I,0,0.0,0.0,0.0,0.0,0.0,
MJ Owen,BBL,499,26.26,215.09,25.81,186.86,108.4,Good
MJ Owen,IPL,0,0.0,0.0,0.0,0.0,0.0,
MJ Owen,ODI,37,18.5,137.04,18.5,137.04,100.0,Good
MJ Owen,PSL,102,14.57,192.45,14.57,192.45,100.0,Good
MJ Owen,T20I,179,17.9,147.93,17.9,147.93,100.0,Good
MJ Potts,Test,19,19.0,32.2,10.5,46.26,125.3,On Fire
MJ Santner,IPL,66,33.0,126.92,17.0,110.57,154.5,On Fire
MJ Santner,ODI,278,27.8,98.58,26.9,91.98,105.3,Good
MJ Santner,T20I,380,34.55,153.85,20.51,130.65,143.1,On Fire
MJ Santner,Test,23,7.67,51.11,24.75,47.04,69.8,Average
MJ Scotland,T20I,123,30.75,103.36,30.75,103.36,100.0,Good
MJ Suthar,Test,51,17.0,42.86,17.0,42.86,100.0,Good
MJ Swepson,BBL,23,5.75,127.78,4.82,104.95,120.5,On Fire
MJ Tugaga,T20I,3,3.0,100.0,3.0,100.0,100.0,Good
MJM Kavana,T20I,18,6.0,51.43,6.75,50.94,94.9,Good
MK Amusa,T20I,219,15.64,64.99,15.64,64.99,100.0,Good
MK Gnanasekaram,T20I,3,3.0,60.0,3.0,60.0,100.0,Good
MK Pandey,IPL,162,40.5,142.11,29.35,121.96,127.3,On Fire
MK Thakur,T20I,52,10.4,101.96,15.73,120.14,75.5,Average
MK Villiers,ODI,3,3.0,60.0,8.75,97.22,48.0,Poor
MK Villiers,Test,36,18.0,37.5,18.0,37.5,100.0,Good
ML Castillo,T20I,68,34.0,107.94,15.58,93.5,166.8,On Fire
ML Green,ODI,769,59.15,97.59,32.97,77.25,152.9,On Fire
ML Green,T20I,335,37.22,125.0,19.71,108.85,151.8,On Fire
ML Karlsen,T20I,106,15.14,67.09,15.55,62.41,102.4,Good
ML Kostic,T20I,99,19.8,101.02,12.36,95.1,133.2,On Fire
ML Schutt,ODI,2,1.0,20.0,5.6,52.17,28.1,Poor
MLG Silva,T20I,95,6.33,60.9,5.74,60.89,105.1,Good
MLN Sissako,T20I,139,11.58,60.96,12.33,63.38,95.0,Good
MM Ali,CPL,242,17.29,115.79,18.68,113.54,97.3,Good
MM Ali,IPL,5,2.5,35.71,22.02,139.76,18.5,Poor
MM Ali,PSL,198,28.29,159.68,22.4,146.09,117.8,On Fire
MM Baig,T20I,311,31.1,141.36,18.39,128.79,139.4,On Fire
MM Chaudhary,T20I,18,3.6,41.86,3.4,41.98,102.8,Good
MM Dekeling,ODI,12,12.0,63.16,12.0,63.16,100.0,Good
MM Dekeling,T20I,25,5.0,58.14,5.29,52.86,102.3,Good
MM English,ODI,123,30.75,60.29,46.0,70.55,76.2,Average
MM Lanning,WPL,524,32.75,121.86,37.5,126.72,91.7,Good
MM Mabathoana,T20I,13,1.62,25.49,1.56,21.93,110.0,Good
MM Sharma,IPL,1,1.0,33.33,6.94,91.91,25.3,Poor
MNK Fernando,ODI,14,14.0,51.85,17.8,67.42,77.8,Average
MNK Fernando,T20I,8,4.0,66.67,4.0,66.67,100.0,Good
MNM Aslam,T20I,206,29.43,134.64,20.02,114.43,132.3,On Fire
MP Ainsworth,T20I,216,15.43,79.12,15.43,79.12,100.0,Good
MP Breetzke,CPL,38,12.67,84.44,12.67,84.44,100.0,Good
MP Breetzke,IPL,14,14.0,116.67,14.0,116.67,100.0,Good
MP Breetzke,ODI,710,59.17,96.6,59.17,96.6,100.0,Good
MP Breetzke,T20I,7,2.33,53.85,13.17,116.18,32.0,Poor
MP Breetzke,Test,14,7.0,27.45,4.67,25.45,128.9,On Fire
MP Kuhnemann,BBL,42,21.0,116.67,8.78,87.78,186.0,On Fire
MP Kuhnemann,ODI,38,19.0,46.91,13.5,56.84,111.6,On Fire
MP Kuhnemann,T20I,7,2.33,53.85,2.33,53.85,100.0,Good
MP Kuhnemann,Test,6,6.0,75.0,4.5,26.87,206.2,On Fire
MP Kulkarni,T20I,14,7.0,56.0,7.0,56.0,100.0,Good
MP O'Dowd,ODI,576,36.0,80.22,34.21,73.34,107.3,Good
MP O'Dowd,T20I,339,30.82,135.6,28.92,122.81,108.5,Good
MP Stoinis,BBL,452,41.09,130.64,34.6,133.97,108.1,Good
MP Stoinis,IPL,376,31.33,182.52,28.74,147.5,116.4,On Fire
MP Stoinis,T20I,171,24.43,131.54,31.55,148.93,82.9,Average
MP Yadav,IPL,5,5.0,100.0,5.0,100.0,100.0,Good
MPA Miranda,T20I,38,38.0,100.0,38.0,100.0,100.0,Good
MPGT Ketiyage,T20I,467,25.94,124.2,23.0,123.21,106.8,Good
MPM Pathirannehelage,T20I,55,7.86,66.27,12.71,80.18,72.2,Average
MPP San,T20I,44,5.5,43.14,9.12,60.61,65.7,Average
MPS Cheema,T20I,28,28.0,127.27,10.6,92.98,200.5,On Fire
MR Adair,ODI,28,28.0,112.0,21.33,109.27,116.9,On Fire
MR Adair,T20I,120,24.0,151.9,16.28,129.62,132.3,On Fire
MR Adair,Test,177,59.0,70.8,34.73,68.71,136.5,On Fire
MR Corteen-Coleman,ODI,4,4.0,40.0,4.0,40.0,100.0,Good
MR Kumar,T20I,60,12.0,90.91,12.0,90.91,100.0,Good
MR Machado,T20I,189,21.0,96.92,15.31,92.13,121.2,On Fire
MR Marsh,BBL,360,27.69,131.87,35.85,135.5,87.3,Good
MR Marsh,IPL,1190,45.77,163.46,30.92,148.52,129.0,On Fire
MR Marsh,ODI,340,56.67,89.24,37.83,94.46,122.1,On Fire
MR Marsh,T20I,684,38.0,160.94,33.67,141.98,113.1,On Fire
MRJ Watt,ODI,330,27.5,87.3,21.81,82.82,115.7,On Fire
MRJ Watt,T20I,78,9.75,105.41,11.39,114.34,88.9,Good
MS Bhandage,IPL,1,1.0,25.0,1.0,25.0,100.0,Good
MS Chapman,ODI,493,49.3,101.86,35.89,103.82,117.7,On Fire
MS Chapman,PSL,297,37.12,158.82,37.12,158.82,100.0,Good
MS Chapman,T20I,438,20.86,151.03,26.19,137.94,94.6,Good
MS Dhoni,IPL,196,24.5,135.17,38.3,137.45,81.2,Average
MS Diakite,T20I,0,0.0,0.0,2.8,43.75,0.0,
MS Harris,BBL,23,7.67,63.89,19.46,118.64,46.6,Poor
MS Kanchingwe,ODI,10,10.0,52.63,10.0,52.63,100.0,Good
MS Maker,T20I,296,59.2,136.41,59.2,136.41,100.0,Good
MS Wade,BBL,324,27.0,158.05,30.06,141.84,100.6,Good
MSC Erasito,T20I,25,6.25,36.23,5.67,37.36,103.6,Good
MSN Ekani,T20I,55,9.17,39.29,8.62,44.95,96.9,Good
MT Jacob,T20I,37,4.62,56.06,5.25,58.33,92.1,Good
MT Renshaw,BBL,495,38.08,158.15,27.23,135.63,128.2,On Fire
MT Renshaw,ODI,326,36.22,97.02,36.22,97.02,100.0,Good
MT Renshaw,T20I,233,38.83,125.95,38.83,125.95,100.0,Good
MT Renshaw,Test,8,8.0,80.0,28.39,42.57,108.1,Good
MT Steketee,BBL,19,19.0,135.71,7.37,101.53,195.7,On Fire
MT Waqanisau,T20I,76,12.67,64.41,12.67,64.41,100.0,Good
MTMMJ Ave,T20I,149,14.9,86.63,32.25,108.86,62.9,Average
MV Fare,T20I,10,3.33,27.78,5.0,41.67,66.6,Average
MV Lehmann,T20I,44,4.89,42.72,4.89,42.72,100.0,Good
MV Pavlovic,T20I,30,5.0,68.18,6.76,67.65,87.4,Good
MVT Fernando,Test,2,2.0,15.38,7.0,26.14,43.7,Poor
MW Archer,BBL,2,2.0,22.22,2.0,22.22,100.0,Good
MW Forde,CPL,68,9.71,138.78,10.73,129.84,98.7,Good
MW Forde,ODI,162,14.73,117.39,16.0,113.71,97.6,Good
MW Forde,T20I,116,16.57,152.63,15.22,145.74,106.8,Good
MW Harvey,BBL,67,9.57,91.78,18.66,116.08,65.2,Average
MW Jones,ODI,9,9.0,180.0,9.0,180.0,100.0,Good
MW Jones,T20I,9,9.0,150.0,9.0,150.0,100.0,Good
MW Short,BBL,433,33.31,147.78,29.01,141.89,109.5,Good
MW Short,IPL,60,20.0,117.65,19.67,123.78,98.4,Good
MW Short,ODI,247,22.45,77.43,22.1,86.16,95.7,Good
MW Short,T20I,123,17.57,125.51,20.8,150.18,84.0,Average
MW Tromp,CPL,15,7.5,50.0,7.5,50.0,100.0,Good
MWR Stokes,T20I,516,51.6,134.73,39.8,126.75,118.0,On Fire
MY Bawa,T20I,177,22.12,89.85,22.12,89.85,100.0,Good
Ma Luz Barcelona,T20I,0,0.0,0.0,0.0,0.0,0.0,
Ma Qiancheng,T20I,2,1.0,11.76,0.83,10.42,116.7,On Fire
Ma Ruike,T20I,33,4.12,68.75,5.36,61.46,94.4,Good
Maahi Madhavan,ODI,1,1.0,50.0,1.0,50.0,100.0,Good
Maahi Madhavan,T20I,18,9.0,75.0,9.0,75.0,100.0,Good
Maaz Khan,T20I,242,26.89,166.9,18.5,148.59,128.8,On Fire
Maaz Sadaqat,CPL,208,41.6,156.39,41.6,156.39,100.0,Good
Maaz Sadaqat,ODI,134,22.33,111.67,22.33,111.67,100.0,Good
Maaz Sadaqat,PSL,338,26.0,175.13,26.0,175.13,100.0,Good
Madhawa Basnayaka,T20I,73,14.6,119.67,14.6,119.67,100.0,Good
Mah Noor,T20I,0,0.0,0.0,0.0,0.0,0.0,
Mah Noor Amir,T20I,4,0.57,10.26,0.5,10.42,106.2,Good
Mahedi Hasan,ODI,3,3.0,33.33,13.89,63.45,37.1,Poor
Mahedi Hasan,T20I,124,13.78,109.73,13.74,104.01,102.9,Good
Maheen Aamir,T20I,12,6.0,26.67,6.0,26.67,100.0,Good
Mahidul Islam Ankon,ODI,69,23.0,57.02,23.0,57.02,100.0,Good
Mahirah Izzati Ismail,T20I,346,11.93,77.23,11.32,69.03,108.6,Good
Mahmudul Hasan Joy,Test,401,36.45,55.46,25.27,43.94,135.2,On Fire
Mahmudullah,ODI,4,4.0,28.57,36.13,77.92,23.9,Poor
Maisie Skillan,T20I,0,0.0,0.0,0.0,0.0,0.0,
Maiwand Momand,T20I,6,3.0,40.0,3.0,40.0,100.0,Good
Malyun Hassan,T20I,13,6.5,31.71,6.5,31.71,100.0,Good
Malyun Yusuf,T20I,10,10.0,100.0,10.0,100.0,100.0,Good
Mamta Rai,T20I,0,0.0,0.0,0.0,0.0,0.0,
Manan Ali,T20I,251,31.38,161.94,25.14,146.67,117.6,On Fire
Manan Bashir,T20I,443,29.53,220.4,26.56,206.03,109.1,Good
Manmeet Kaur,T20I,0,0.0,0.0,0.0,0.0,0.0,
Manpreet Singh,T20I,505,29.71,151.65,24.88,127.93,119.0,On Fire
Mansi Parmar,T20I,15,5.0,57.69,5.0,57.69,100.0,Good
Mansoor Safi,T20I,161,20.12,201.25,20.12,201.25,100.0,Good
Mansoor Shah,T20I,5,2.5,71.43,2.5,71.43,100.0,Good
Manuel Iturbe,T20I,14,3.5,63.64,6.71,72.31,70.1,Average
Marcelle Hanekom,T20I,118,14.75,93.65,14.75,93.65,100.0,Good
Maren Couch,T20I,2,2.0,33.33,2.0,33.33,100.0,Good
Maria Jasvi,T20I,18,4.5,40.0,3.52,31.76,126.9,On Fire
Maria Penna,T20I,6,1.5,26.09,1.5,26.09,100.0,Good
Maria Salazar,T20I,1,0.5,11.11,0.25,6.25,188.9,On Fire
Mariam Waseem,T20I,1,1.0,16.67,1.0,16.67,100.0,Good
Mariamma Hyder,T20I,34,8.5,59.65,8.91,57.91,99.2,Good
Marica Taira,T20I,0,0.0,0.0,0.0,0.0,0.0,
Marufa Akter,ODI,17,5.67,38.64,8.0,61.54,66.8,Average
Marufa Akter,T20I,4,4.0,133.33,2.17,41.94,251.1,On Fire
Maryam Omar,T20I,229,22.9,66.38,19.69,76.4,101.6,Good
Mas Elysa,T20I,538,17.93,86.5,19.97,89.19,93.4,Good
Mashael Waqas,T20I,72,9.0,44.17,9.0,44.17,100.0,Good
Matiullah Khan,T20I,1,1.0,20.0,1.0,20.0,100.0,Good
Matthew Mount,T20I,23,5.75,82.14,5.75,82.14,100.0,Good
Matthew Walker,T20I,2,2.0,40.0,2.0,40.0,100.0,Good
Mayank Nagayach,T20I,90,10.0,96.77,10.0,96.77,100.0,Good
Mazharul Islam,T20I,80,26.67,76.92,21.43,89.55,105.2,Good
Md Ariyan,T20I,506,26.63,149.7,26.63,149.7,100.0,Good
Md Shuayeb,T20I,6,3.0,19.35,3.0,19.35,100.0,Good
Meet Ahir,T20I,67,33.5,98.53,33.5,98.53,100.0,Good
Meet Bhavsar,T20I,254,25.4,131.61,28.34,130.68,95.2,Good
Meet Patel,ODI,11,11.0,50.0,11.0,50.0,100.0,Good
Meghana Lakayil,T20I,11,11.0,78.57,11.0,78.57,100.0,Good
Meghna Rajan,T20I,448,64.0,99.78,64.0,99.78,100.0,Good
Meghna Singh,WPL,6,3.0,85.71,6.67,105.26,63.2,Average
Mehboob Ali,T20I,475,25.0,182.69,25.0,182.69,100.0,Good
Mehedi Hasan Miraz,CPL,21,7.0,50.0,7.0,50.0,100.0,Good
Mehedi Hasan Miraz,ODI,220,16.92,70.97,20.71,79.15,85.7,Good
Mehedi Hasan Miraz,T20I,64,12.8,120.75,17.08,116.48,89.3,Good
Mehedi Hasan Miraz,Test,356,25.43,52.43,23.8,50.16,105.7,Good
Mehran Mumtaz,PSL,0,0.0,0.0,0.0,0.0,0.0,
Melanie Ani,T20I,30,10.0,63.83,10.0,63.83,100.0,Good
Mengting Liu,T20I,15,7.5,33.33,4.15,34.62,138.5,On Fire
Mertcan Donmez,T20I,40,13.33,59.7,13.33,59.7,100.0,Good
Mertcan Filiz,T20I,11,3.67,44.0,3.67,44.0,100.0,Good
Micheal Das,T20I,33,16.5,113.79,16.5,113.79,100.0,Good
Miguel Silva,T20I,5,5.0,100.0,5.0,100.0,100.0,Good
Mihir Patel,T20I,2,2.0,100.0,2.0,100.0,100.0,Good
Milad Momend,T20I,8,2.67,28.57,2.33,29.17,106.3,Good
Milind Kumar,ODI,850,70.83,94.13,67.17,98.21,100.6,Good
Milind Kumar,T20I,244,34.86,118.45,29.71,108.05,113.5,On Fire
Mir Hamza,PSL,21,21.0,91.3,14.5,82.86,127.5,On Fire
Mir Hamza,Test,29,14.5,87.88,6.38,28.02,270.5,On Fire
Mirab Razwan,T20I,36,4.0,38.3,4.43,46.27,86.5,Good
Mirab Sajjad,T20I,64,8.0,52.89,8.0,52.89,100.0,Good
Miria Raio,ODI,6,6.0,28.57,6.0,28.57,100.0,Good
Miria Raio,T20I,20,4.0,44.44,4.0,44.44,100.0,Good
Miriam Ehsun,T20I,1,0.5,16.67,1.67,27.78,45.0,Poor
Misbah Ifzal,T20I,0,0.0,0.0,0.0,0.0,0.0,
Moe Ei Phyu,T20I,37,9.25,61.67,9.25,61.67,100.0,Good
Mohamad Junaid Khushi,T20I,1,1.0,100.0,1.0,100.0,100.0,Good
Mohamed Coulibaly,T20I,2,2.0,33.33,2.44,34.38,89.5,Good
Mohamed Turay,T20I,21,4.2,43.75,4.2,43.75,100.0,Good
Mohameed Taiwo,T20I,34,6.8,77.27,8.22,74.75,93.0,Good
Mohammad Aadil Alam,T20I,32,8.0,106.67,12.2,129.79,73.9,Average
Mohammad Abbas,Test,120,17.14,53.81,8.57,26.46,201.7,On Fire
Mohammad Abrar,T20I,9,9.0,56.25,9.0,56.25,100.0,Good
Mohammad Ahnaff,T20I,48,48.0,120.0,29.53,113.88,134.0,On Fire
Mohammad Ali,ODI,0,0.0,0.0,0.0,0.0,0.0,
Mohammad Ali,PSL,18,4.5,58.06,4.75,50.0,105.4,Good
Mohammad Ali,T20I,1,1.0,100.0,1.0,100.0,100.0,Good
Mohammad Ali,Test,22,7.33,33.33,3.0,18.18,213.8,On Fire
Mohammad Amir,PSL,41,6.83,124.24,8.3,121.17,92.4,Good
Mohammad Amir Khan,PSL,0,0.0,0.0,7.0,53.85,0.0,
Mohammad Atif,T20I,1,1.0,50.0,1.0,50.0,100.0,Good
Mohammad Azab,PSL,0,0.0,0.0,0.0,0.0,0.0,
Mohammad Bhaidu,T20I,50,8.33,64.94,8.33,64.94,100.0,Good
Mohammad Faiq,PSL,81,20.25,128.57,20.25,128.57,100.0,Good
Mohammad Farooq,PSL,87,21.75,126.09,21.75,126.09,100.0,Good
Mohammad Ghazanfar,T20I,11,11.0,78.57,6.83,66.13,139.9,On Fire
Mohammad Hamza,PSL,2,2.0,50.0,2.0,50.0,100.0,Good
Mohammad Haris,PSL,453,25.17,160.64,25.84,166.82,96.9,Good
Mohammad Haris,T20I,411,20.55,142.71,19.81,141.48,102.3,Good
Mohammad Hasnain,PSL,17,4.25,89.47,5.6,78.87,94.7,Good
Mohammad Huraira,Test,46,11.5,48.42,11.5,48.42,100.0,Good
Mohammad Ihsan,T20I,341,56.83,210.49,36.41,174.51,138.4,On Fire
Mohammad Imran,PSL,42,21.0,210.0,12.75,188.89,137.9,On Fire
Mohammad Imran,Test,9,4.5,23.68,4.5,23.68,100.0,Good
Mohammad Kamran,T20I,27,13.5,128.57,14.9,112.03,102.7,Good
Mohammad Khan Rafah,T20I,116,16.57,146.84,16.57,146.84,100.0,Good
Mohammad Mohsin,ODI,8,8.0,88.89,8.0,88.89,100.0,Good
Mohammad Mohsin,T20I,9,4.5,81.82,4.5,81.82,100.0,Good
Mohammad Nabi,CPL,73,24.33,112.31,22.69,139.62,93.8,Good
Mohammad Nabi,PSL,105,17.5,150.0,22.75,144.44,90.4,Good
Mohammad Nadeem,ODI,130,65.0,71.43,43.53,63.71,130.7,On Fire
Mohammad Nadeem,T20I,194,27.71,84.35,22.91,103.7,101.1,Good
Mohammad Naim,T20I,45,22.5,84.91,25.42,103.71,85.2,Good
Mohammad Nawaz,ODI,132,44.0,92.31,21.79,86.4,154.4,On Fire
Mohammad Nawaz,PSL,142,20.29,115.45,16.19,122.41,109.8,Good
Mohammad Nawaz,T20I,376,16.35,134.29,18.43,138.96,92.7,Good
Mohammad Rizwan,BBL,187,18.7,102.75,18.7,102.75,100.0,Good
Mohammad Rizwan,CPL,227,56.75,127.53,56.75,127.53,100.0,Good
Mohammad Rizwan,ODI,627,39.19,72.32,41.75,84.71,89.6,Good
Mohammad Rizwan,PSL,571,33.59,130.37,39.65,128.02,93.3,Good
Mohammad Rizwan,Test,643,30.62,54.4,37.77,54.37,90.6,Good
Mohammad Saifuddin,T20I,94,23.5,142.42,21.29,122.63,113.3,On Fire
Mohammad Waheed,T20I,13,13.0,86.67,13.0,86.67,100.0,Good
Mohammad Wasim,ODI,14,3.5,73.68,8.55,93.07,60.1,Average
Mohammad Wasim,PSL,56,14.0,155.56,11.82,129.68,119.2,On Fire
Mohammad Wasim,T20I,7,7.0,77.78,11.0,75.86,83.1,Average
Mohammed Al Balushi,T20I,171,34.2,120.42,34.2,120.42,100.0,Good
Mohammed Alamgir,T20I,93,13.29,117.72,14.71,117.05,95.5,Good
Mohammed Irshad,T20I,32,10.67,114.29,12.67,106.54,95.7,Good
Mohammed Jamadar,T20I,75,15.0,77.32,15.0,77.32,100.0,Good
Mohammed Qasim,T20I,291,32.33,139.23,31.7,128.34,105.2,Good
Mohammed Sameer,T20I,53,17.67,135.9,18.2,133.82,99.3,Good
Mohammed Shami,IPL,41,6.83,128.12,6.05,103.6,118.3,On Fire
Mohammed Shami,ODI,5,5.0,62.5,8.0,82.66,69.1,Average
Mohammed Shami,T20I,7,7.0,87.5,3.5,70.0,162.5,On Fire
Mohammed Siraj,IPL,8,4.0,40.0,9.75,84.17,44.3,Poor
Mohammed Siraj,ODI,2,2.0,40.0,7.12,42.54,61.1,Average
Mohammed Siraj,Test,46,4.18,26.44,4.59,33.8,84.6,Average
Mohit Sharma,T20I,3,1.5,50.0,1.5,50.0,100.0,Good
Mohmedazim Abbasbhai,T20I,72,12.0,96.0,12.0,96.0,100.0,Good
Mohomed Saddam,T20I,2,1.0,18.18,1.0,18.18,100.0,Good
Mohsin Khan,IPL,0,0.0,0.0,5.0,89.29,0.0,
Mohsin Riaz,PSL,97,24.25,164.41,24.25,164.41,100.0,Good
Mokbul Ahammed,T20I,5,5.0,31.25,5.0,31.25,100.0,Good
Mominul Haque,Test,807,42.47,55.31,37.24,53.74,108.5,Good
Mongdara Sok,T20I,2,1.0,22.22,1.0,22.22,100.0,Good
Mosaddek Hossain,ODI,167,55.67,110.6,26.58,88.14,167.5,On Fire
Mosaddek Hossain,T20I,1,1.0,33.33,15.63,111.24,18.2,Poor
Mounica Chowdary,T20I,5,1.67,20.0,2.33,21.88,81.5,Average
Mubasir Khan,PSL,17,8.5,130.77,8.25,103.12,114.9,On Fire
Muhammad Adil,T20I,65,32.5,209.68,32.5,209.68,100.0,Good
Muhammad Ajmal,T20I,49,8.17,87.5,8.17,87.5,100.0,Good
Muhammad Akram,T20I,37,9.25,90.24,9.25,90.24,100.0,Good
Muhammad Amir,T20I,163,16.3,123.48,13.95,104.95,117.3,On Fire
Muhammad Arfan,ODI,9,9.0,300.0,9.0,300.0,100.0,Good
Muhammad Arfan,T20I,123,20.5,106.03,20.5,106.03,100.0,Good
Muhammad Asim,T20I,718,31.22,132.47,33.73,134.72,95.4,Good
Muhammad Burhan,T20I,39,6.5,144.44,6.0,117.39,115.7,On Fire
Muhammad Fahad,T20I,380,31.67,179.25,31.67,179.25,100.0,Good
Muhammad Farooq,T20I,125,31.25,143.68,24.67,142.31,113.8,On Fire
Muhammad Haziq Aiman,T20I,415,19.76,150.36,19.76,150.36,100.0,Good
Muhammad Ismail,PSL,1,1.0,50.0,1.0,50.0,100.0,Good
Muhammad Jabir,T20I,4,4.0,25.0,1.33,19.05,216.0,On Fire
Muhammad Jawadullah,ODI,2,1.0,18.18,4.0,61.54,27.3,Poor
Muhammad Jawadullah,T20I,11,11.0,110.0,6.0,80.0,160.4,On Fire
Muhammad Mohsin,ODI,0,0.0,0.0,0.0,0.0,0.0,
Muhammad Moiz,T20I,34,5.67,130.77,8.86,129.17,82.6,Average
Muhammad Muneeb,T20I,253,23.0,135.29,22.57,123.44,105.8,Good
Muhammad Nadeem,T20I,57,19.0,103.64,19.0,103.64,100.0,Good
Muhammad Nadir,T20I,116,12.89,105.45,10.9,85.45,120.8,On Fire
Muhammad Naeem,PSL,432,22.74,162.41,22.74,162.41,100.0,Good
Muhammad Naeem,T20I,70,10.0,87.5,12.12,95.1,87.3,Good
Muhammad Riazullah,PSL,6,6.0,66.67,6.0,66.67,100.0,Good
Muhammad Rohid,ODI,14,14.0,73.68,14.0,73.68,100.0,Good
Muhammad Rohid,T20I,4,4.0,133.33,4.0,133.33,100.0,Good
Muhammad Salman,T20I,7,3.5,58.33,3.5,58.33,100.0,Good
Muhammad Saqlain,T20I,5,1.0,29.41,1.0,29.41,100.0,Good
Muhammad Shahdad,ODI,319,35.44,74.88,35.44,74.88,100.0,Good
Muhammad Shahzad,PSL,24,8.0,133.33,8.0,133.33,100.0,Good
Muhammad Siddiqui,T20I,134,26.8,117.54,22.55,119.23,108.7,Good
Muhammad Soban,T20I,189,21.0,109.25,21.0,109.25,100.0,Good
Muhammad Tanveer,T20I,188,23.5,108.05,36.25,131.82,73.4,Average
Muhammad Umar,T20I,89,12.71,96.74,19.47,117.79,73.7,Average
Muhammad Usman,T20I,295,21.07,154.45,22.3,123.9,109.6,Good
Muhammad Usman (3),T20I,29,29.0,161.11,29.0,161.11,100.0,Good
Muhammad Wafiq,T20I,33,16.5,106.45,6.09,79.76,202.2,On Fire
Muhammad Zohaib,T20I,270,22.5,102.66,22.5,102.66,100.0,Good
Muhammed Basil,T20I,6,3.0,75.0,2.0,46.15,156.3,On Fire
Muhammed Imran,ODI,2,2.0,20.0,2.0,20.0,100.0,Good
Muhammed Imran,T20I,1,1.0,50.0,1.0,50.0,100.0,Good
Muhammet Bicer,T20I,9,1.8,26.47,2.14,36.59,78.2,Average
Mujeeb Ur Rahman,CPL,13,6.5,81.25,14.2,118.33,57.2,Poor
Mujeeb-ur-Rehman,T20I,108,18.0,99.08,13.11,92.91,122.0,On Fire
Mujibur Ali,ODI,137,15.22,57.81,15.22,57.81,100.0,Good
Mujibur Ali,T20I,26,8.67,78.79,8.67,78.79,100.0,Good
Mukesh Choudhary,IPL,2,2.0,100.0,8.0,100.0,62.5,Average
Mukhtar Ghulami,T20I,152,15.2,134.51,15.82,114.47,106.8,Good
Muneeba Ali,ODI,500,27.78,63.94,25.4,63.04,105.4,Good
Muneeba Ali,T20I,582,25.3,120.25,20.67,101.36,120.5,On Fire
Munthir Al Balushi,T20I,4,4.0,44.44,4.0,44.44,100.0,Good
Murat Yilmaz,T20I,23,2.88,36.51,2.78,35.71,102.9,Good
Murid Ekrami,T20I,18,6.0,50.0,8.78,103.95,58.2,Poor
Murshida Khatun,ODI,53,17.67,67.09,17.88,57.28,108.0,Good
Murshida Khatun,T20I,13,13.0,108.33,21.39,89.11,91.2,Good
Musa Khan Ahmadzai,T20I,5,5.0,41.67,5.0,41.67,100.0,Good
Musa Shaheen,T20I,419,34.92,122.16,20.6,109.11,140.7,On Fire
Musaddiq Ahmed,T20I,588,29.4,167.05,34.35,168.8,92.3,Good
Musfirah Nur Ainaa,T20I,2,2.0,66.67,2.0,33.33,150.0,On Fire
Musheer Khan,IPL,0,0.0,0.0,0.0,0.0,0.0,
Mushfiqur Rahim,ODI,2,1.0,33.33,37.95,80.79,21.9,Poor
Mushfiqur Rahim,Test,869,51.12,48.36,39.47,48.65,114.5,On Fire
Muslim Yar,T20I,140,15.56,115.7,15.2,122.58,98.4,Good
Mustafa Atmaca,T20I,11,5.5,68.75,5.5,68.75,100.0,Good
Mustafa Balkis,T20I,105,13.12,72.41,13.12,72.41,100.0,Good
Mustafa Omer,T20I,280,28.0,122.81,25.82,118.83,105.9,Good
Mustafizur Rahman,IPL,0,0.0,0.0,6.5,54.17,0.0,
Mustafizur Rahman,ODI,16,4.0,29.09,6.6,48.25,60.4,Average
Mustafizur Rahman,PSL,5,5.0,100.0,6.0,42.86,158.3,On Fire
Mustafizur Rahman,T20I,32,16.0,100.0,5.16,72.06,224.4,On Fire
Mustakim Aslam,T20I,1,1.0,20.0,1.0,20.0,100.0,Good
Muzaffar Shiralkar,T20I,42,8.4,110.53,8.4,110.53,100.0,Good
Myat Thu Aung,T20I,58,19.33,54.72,13.8,49.64,125.2,On Fire
Mysha Doshi,T20I,3,3.0,33.33,3.0,33.33,100.0,Good
N Acawei,T20I,57,11.4,87.69,10.8,81.2,106.8,Good
N Asuramanage,T20I,8,8.0,114.29,3.67,37.93,259.7,On Fire
N Benjamin,T20I,73,12.17,96.05,10.0,81.82,119.5,On Fire
N Bidaisee,CPL,143,17.88,109.16,17.88,109.16,100.0,Good
N Bidaisee,T20I,24,12.0,80.0,12.0,80.0,100.0,Good
N Boochatham,ODI,101,20.2,58.72,13.75,52.88,129.0,On Fire
N Boochatham,T20I,331,14.39,94.03,12.0,78.95,119.5,On Fire
N Burger,IPL,14,14.0,155.56,14.0,155.56,100.0,Good
N Burger,ODI,31,15.5,58.49,13.0,42.39,128.6,On Fire
N Burger,T20I,9,9.0,50.0,5.0,47.62,142.5,On Fire
N Caruana,T20I,73,73.0,78.49,28.38,66.57,187.6,On Fire
N Chabula,T20I,23,3.29,19.83,3.29,19.83,100.0,Good
N Chaihan,ODI,7,3.5,58.33,3.5,58.33,100.0,Good
N Chaihan,T20I,7,2.33,30.43,2.6,40.62,82.3,Average
N Chaiwai,ODI,231,28.88,73.8,33.93,69.14,95.9,Good
N Chaiwai,T20I,678,21.19,91.37,23.52,83.65,99.7,Good
N Chantam,ODI,243,30.38,67.69,42.12,70.06,84.4,Average
N Chantam,T20I,1102,39.36,121.9,26.61,98.7,135.7,On Fire
N Chejay,T20I,116,19.33,81.69,13.77,76.5,123.6,On Fire
N Choden,T20I,260,26.0,92.2,18.24,72.35,135.0,On Fire
N Davidovic,T20I,15,5.0,65.22,5.83,102.94,74.6,Average
N Davin,ODI,77,19.25,74.76,13.75,80.49,116.4,On Fire
N Davin,T20I,88,88.0,141.94,28.77,137.57,204.5,On Fire
N De Bromhead,T20I,15,3.75,25.42,3.75,25.42,100.0,Good
N Dickwella,Test,96,24.0,65.31,30.68,66.43,88.3,Good
N Dolianiti,T20I,1,1.0,11.11,1.5,21.43,59.3,Poor
N Edward,CPL,27,27.0,90.0,27.0,90.0,100.0,Good
N Erdenebat,T20I,46,11.5,88.46,11.5,88.46,100.0,Good
N Gnanapragasam,T20I,1,1.0,50.0,0.5,20.0,225.0,On Fire
N Gocheva,T20I,1,0.5,12.5,0.33,10.0,138.3,On Fire
N Greig,T20I,0,0.0,0.0,0.0,0.0,0.0,
N Gwanzura,ODI,51,17.0,55.43,12.5,62.81,112.1,On Fire
N Gwanzura,T20I,146,9.73,110.61,8.75,96.77,112.8,On Fire
N Gwebu,T20I,7,1.17,18.92,1.82,30.3,63.4,Average
N Hirani,T20I,23,23.0,153.33,23.0,153.33,100.0,Good
N Ihmeling,T20I,13,6.5,37.14,6.5,37.14,100.0,Good
N Joshi,T20I,357,17.0,105.62,16.71,101.26,103.0,Good
N Kakor,T20I,9,9.0,81.82,9.0,81.82,100.0,Good
N Kaqea,T20I,5,2.5,31.25,2.5,31.25,100.0,Good
N Kingsley,T20I,131,10.92,113.91,10.92,113.91,100.0,Good
N Knights,T20I,9,4.5,40.91,13.47,125.47,33.0,Poor
N Koncharoenkai,ODI,183,22.88,71.76,23.31,74.63,97.2,Good
N Koncharoenkai,T20I,1354,38.69,101.58,30.46,93.28,118.0,On Fire
N Kuruppu,T20I,24,6.0,70.59,6.0,70.59,100.0,Good
N Liyanage,T20I,45,7.5,49.45,7.71,50.94,97.2,Good
N Mabila,T20I,37,3.7,37.76,4.0,46.9,86.5,Good
N Mamba,T20I,9,1.0,24.32,1.0,24.32,100.0,Good
N Master,T20I,53,53.0,117.78,25.33,120.63,153.4,On Fire
N McAndrew,BBL,55,18.33,183.33,13.5,150.7,128.7,On Fire
N Mlaba,ODI,23,3.29,56.1,4.2,57.8,87.7,Good
N Mlaba,T20I,10,5.0,142.86,4.33,74.29,153.9,On Fire
N Mokoena,ODI,7,7.0,233.33,7.0,233.33,100.0,Good
N Mokoena,T20I,26,13.0,108.33,13.0,108.33,100.0,Good
N Mugabe,T20I,58,29.0,98.31,24.59,104.76,105.9,Good
N Navaika,T20I,303,17.82,75.0,15.63,67.85,112.3,On Fire
N Ndzeute,T20I,1,1.0,50.0,1.0,50.0,100.0,Good
N Nipiko,T20I,55,11.0,96.49,27.9,109.32,63.8,Average
N Nojic,T20I,155,25.83,69.51,17.67,66.25,125.6,On Fire
N Nuntarach,T20I,44,4.0,48.35,6.93,62.33,67.6,Average
N Patron Fuentes,T20I,7,3.5,87.5,3.0,42.86,160.4,On Fire
N Peter,ODI,17,17.0,51.52,17.0,51.52,100.0,Good
N Peter,T20I,7,7.0,140.0,14.5,116.0,84.5,Average
N Pooran,CPL,709,39.39,147.1,29.98,150.56,114.5,On Fire
N Pooran,IPL,758,29.15,168.07,30.45,163.77,99.2,Good
N Rana,IPL,442,23.26,156.18,27.73,137.72,98.6,Good
N Salekar,T20I,27,4.5,62.79,11.64,83.12,57.1,Poor
N Senamontree,T20I,108,12.0,67.5,8.72,61.57,123.6,On Fire
N Shangase,ODI,125,20.83,85.03,13.58,67.08,140.1,On Fire
N Shangase,T20I,51,25.5,94.44,15.3,80.1,142.3,On Fire
N Shree Charani,ODI,22,3.67,64.71,3.67,64.71,100.0,Good
N Shree Charani,T20I,15,7.5,100.0,7.5,100.0,100.0,Good
N Shree Charani,Test,3,3.0,300.0,3.0,300.0,100.0,Good
N Shree Charani,WPL,24,24.0,114.29,24.0,114.29,100.0,Good
N Sibanda,ODI,79,13.17,51.3,12.77,47.29,105.8,Good
N Sibanda,T20I,63,12.6,52.5,8.1,53.64,126.7,On Fire
N Simelum,T20I,7,7.0,50.0,7.0,50.0,100.0,Good
N Sindhu,IPL,63,12.6,126.0,12.6,126.0,100.0,Good
N Tanner,T20I,180,13.85,93.75,15.58,88.89,97.2,Good
N Thekiso,T20I,12,2.0,27.27,2.0,27.27,100.0,Good
N Thushara,T20I,1,1.0,8.33,4.0,16.67,37.5,Poor
N Toleva,T20I,5,2.5,10.0,1.5,10.98,128.9,On Fire
N Tropolova,T20I,5,5.0,26.32,5.0,26.32,100.0,Good
N Tyagi,T20I,19,9.5,57.58,9.5,57.58,100.0,Good
N Tykhonravova,T20I,1,1.0,20.0,2.38,35.19,49.4,Poor
N Vare,ODI,50,8.33,39.06,13.43,43.02,76.4,Average
N Vare,T20I,479,26.61,74.03,20.03,73.2,117.0,On Fire
N Venables,T20I,1,0.5,16.67,0.5,16.67,100.0,Good
N Vichara,T20I,15,5.0,83.33,5.0,83.33,100.0,Good
N Wadhera,IPL,434,24.11,140.0,23.76,140.0,100.7,Good
N Zimonjic,T20I,48,6.86,92.31,7.06,98.45,95.5,Good
N de Klerk,ODI,469,29.31,121.19,24.6,89.06,127.6,On Fire
N de Klerk,T20I,238,18.31,102.15,23.91,105.95,86.5,Good
N de Klerk,WPL,133,44.33,138.54,33.5,136.73,116.8,On Fire
NA Greenwood,T20I,250,25.0,152.44,31.0,145.73,92.6,Good
NA Karnik,T20I,21,7.0,63.64,7.67,48.94,110.7,On Fire
NA McSweeney,BBL,282,28.2,124.23,29.64,119.6,99.5,Good
NA Rock,T20I,8,8.0,61.54,10.67,107.38,66.1,Average
NB Diom,T20I,5,2.5,33.33,2.5,33.33,100.0,Good
NC Monteiro,T20I,35,11.67,66.04,5.8,55.24,160.4,On Fire
NCC Perez,T20I,0,0.0,0.0,0.0,0.0,0.0,
NF Kelly,ODI,265,33.12,75.07,33.12,75.07,100.0,Good
NF Kelly,T20I,97,16.17,110.23,16.17,110.23,100.0,Good
NG Smith,ODI,106,11.78,65.43,10.45,67.25,105.0,Good
NG Smith,T20I,2,2.0,50.0,2.0,50.0,100.0,Good
NG Smith,Test,130,16.25,46.59,17.5,52.63,90.7,Good
NGRP Jayasuriya,Test,66,6.6,35.87,8.08,33.3,94.7,Good
NH Berejo,T20I,120,30.0,83.92,53.67,95.83,71.7,Average
NH Patel,ODI,12,12.0,171.43,12.0,171.43,100.0,Good
NH Patel,T20I,2,2.0,40.0,2.0,40.0,100.0,Good
NJ Amongin,T20I,5,5.0,41.67,5.0,41.67,100.0,Good
NJ Carey,ODI,113,113.0,143.04,41.5,113.18,199.3,On Fire
NJ Carey,T20I,91,45.5,137.88,30.2,108.63,138.8,On Fire
NJ Carey,WPL,149,37.25,141.9,37.25,141.9,100.0,Good
NJ Maddinson,BBL,128,32.0,147.13,20.98,124.34,135.4,On Fire
NJ Pius,T20I,477,19.08,82.24,17.0,82.26,106.1,Good
NJ Qaeze,T20I,1,0.33,10.0,0.33,10.0,100.0,Good
NJM Salima,T20I,6,1.5,37.5,1.5,37.5,100.0,Good
NK Aneesh Kumar,T20I,40,13.33,78.43,7.43,70.27,145.5,On Fire
NK Ariani,T20I,23,3.29,67.65,2.56,51.11,130.4,On Fire
NK Crafton,T20I,5,2.5,62.5,4.67,58.33,80.3,Average
NK Hamilton,T20I,1,0.33,16.67,0.33,16.67,100.0,Good
NK Yadav,ODI,24,4.8,45.28,4.8,45.28,100.0,Good
NK Yadav,T20I,81,20.25,225.0,20.25,225.0,100.0,Good
NKF Rada Rani,T20I,123,11.18,77.36,18.81,78.8,78.8,Average
NL Jacinta Si Ping,T20I,20,4.0,62.5,2.89,38.81,149.7,On Fire
NL Mtomba,T20I,66,13.2,108.2,13.2,108.2,100.0,Good
NLKWR Dewi,T20I,290,16.11,107.41,24.41,100.85,86.3,Good
NM Lyon,Test,119,13.22,40.61,12.82,50.44,91.8,Good
NM Meepage,ODI,1,1.0,50.0,1.0,50.0,100.0,Good
NM Meepage,T20I,1,1.0,50.0,1.0,50.0,100.0,Good
NM Salonen,T20I,265,14.72,129.27,13.8,115.0,109.5,Good
NMP Suwandewi,T20I,87,14.5,73.11,12.78,61.5,116.2,On Fire
NN Banner,T20I,5,2.5,23.81,9.2,67.65,31.2,Poor
NN Saidi,T20I,207,14.79,70.41,13.8,70.95,103.2,Good
NND de Silva,ODI,504,33.6,88.89,30.18,75.44,114.6,On Fire
NND de Silva,T20I,363,30.25,119.8,21.89,103.58,126.9,On Fire
NP Dalgaard,T20I,65,5.42,63.73,7.0,73.68,82.0,Average
NP Doshi,T20I,6,6.0,120.0,6.0,120.0,100.0,Good
NP Kenjige,ODI,42,7.0,56.76,16.92,69.18,61.7,Average
NP Mayavo,Test,62,15.5,55.86,15.5,55.86,100.0,Good
NPAN Sakarini,T20I,519,34.6,81.48,37.04,82.85,95.9,Good
NR Hobson,BBL,143,15.89,117.21,23.08,132.85,78.5,Average
NR Kirton,ODI,211,19.18,75.63,28.92,76.1,82.9,Average
NR Kirton,T20I,173,15.73,132.06,23.77,122.43,87.0,Good
NR Mittal,T20I,1,1.0,20.0,1.0,20.0,100.0,Good
NR Sciver-Brunt,ODI,658,47.0,90.88,56.04,94.65,89.9,Good
NR Sciver-Brunt,T20I,441,49.0,138.68,47.23,136.14,102.8,Good
NR Sciver-Brunt,Test,124,31.0,48.44,42.6,66.15,73.0,Average
NR Sciver-Brunt,WPL,844,64.92,152.07,49.93,144.02,117.8,On Fire
NR Welch,Test,319,24.54,44.49,24.54,44.49,100.0,Good
NRJ Croes,ODI,331,30.09,82.13,25.62,76.53,112.4,On Fire
NRJ Croes,T20I,108,18.0,135.0,22.8,131.79,90.7,Good
NRJ Young,CPL,0,0.0,0.0,12.36,99.27,0.0,
NS Dhaliwal,ODI,161,26.83,56.69,26.82,57.07,99.7,Good
NS Dhaliwal,T20I,328,36.44,138.4,33.29,132.46,107.0,Good
NS Prasad,WPL,153,30.6,119.53,30.6,119.53,100.0,Good
NSS Sharma,T20I,1,1.0,25.0,1.0,25.0,100.0,Good
NSS Sharma,WPL,1,0.5,25.0,0.5,25.0,100.0,Good
NT Ellis,BBL,73,24.33,123.73,13.89,128.42,135.8,On Fire
NT Ellis,ODI,76,8.44,66.67,11.58,80.81,77.7,Average
NT Ellis,T20I,21,10.5,91.3,7.8,63.93,138.7,On Fire
NT Gireesh,T20I,28,7.0,75.68,4.67,68.29,130.4,On Fire
NT Miles,T20I,991,29.15,90.5,26.9,88.9,105.1,Good
NT Nyamhuri,ODI,34,17.0,62.96,17.0,62.96,100.0,Good
NT Nyamhuri,T20I,41,13.67,97.62,13.67,97.62,100.0,Good
NT Nyamhuri,Test,18,3.6,24.0,3.6,24.0,100.0,Good
NT Raghunandan,T20I,102,17.0,102.0,17.0,102.0,100.0,Good
NT Rajendran,T20I,31,15.5,106.9,15.5,106.9,100.0,Good
NW Sariani,T20I,15,7.5,62.5,3.6,46.15,171.9,On Fire
Nadeem Khan,ODI,17,4.25,80.95,4.25,80.95,100.0,Good
Nadeem Khan,T20I,69,13.8,118.97,13.8,118.97,100.0,Good
Nadeesha Waruwangodage,T20I,1,1.0,11.11,1.0,11.11,100.0,Good
Nageebullah Sultanzai,T20I,27,6.75,93.1,6.75,93.1,100.0,Good
Nahid Rana,ODI,8,8.0,32.0,12.0,40.0,73.3,Average
Nahid Rana,T20I,0,0.0,0.0,0.0,0.0,0.0,
Nahid Rana,Test,8,2.67,13.11,2.62,17.5,88.4,Good
Nahida Akter,ODI,132,13.2,54.1,8.1,44.17,142.7,On Fire
Nahida Akter,T20I,22,7.33,56.41,7.14,68.86,92.3,Good
Naim Stanikzai,T20I,114,57.0,140.74,57.0,140.74,100.0,Good
Naina Saju,T20I,11,3.67,50.0,3.67,50.0,100.0,Good
Najiha Alvi,ODI,143,47.67,102.14,28.45,77.86,149.4,On Fire
Najiha Alvi,T20I,5,5.0,50.0,4.75,73.08,86.8,Good
Najjam Shahzad,T20I,40,13.33,142.86,19.0,129.55,90.2,Good
Najwa Akram,T20I,23,2.88,25.56,2.4,25.0,111.1,On Fire
Naman Dhir,IPL,570,28.5,161.02,27.31,163.97,101.3,Good
Namgay Thinley,T20I,275,22.92,174.05,12.55,104.81,174.3,On Fire
Naseem Shah,CPL,44,22.0,169.23,13.75,134.15,143.1,On Fire
Naseem Shah,ODI,139,17.38,91.45,19.6,88.69,95.9,Good
Naseem Shah,PSL,19,3.8,95.0,7.0,115.29,68.3,Average
Naseem Shah,T20I,11,5.5,100.0,5.75,100.0,97.8,Good
Nashra Sandhu,ODI,34,5.67,36.96,4.92,30.15,118.9,On Fire
Nashra Sandhu,T20I,40,6.67,72.73,4.67,54.69,137.9,On Fire
Nasibullah Arab,T20I,222,22.2,169.47,22.2,169.47,100.0,Good
Nasra Mohamedi,T20I,72,9.0,75.0,9.0,75.0,100.0,Good
Nasrulla Rana,T20I,92,13.14,122.67,11.17,115.77,111.8,On Fire
Nasum Ahmed,ODI,15,7.5,53.57,19.0,84.24,51.5,Poor
Nasum Ahmed,T20I,43,6.14,100.0,7.62,99.0,90.8,Good
Natalia Pervaiz,ODI,224,20.36,78.6,22.62,76.76,96.2,Good
Natalia Pervaiz,T20I,153,15.3,110.07,10.39,91.22,134.0,On Fire
Natalie Clarke,T20I,27,6.75,72.97,6.75,72.97,100.0,Good
Nathan Ingleston,T20I,21,21.0,65.62,21.0,65.62,100.0,Good
Natim Hassam,T20I,218,31.14,111.79,31.14,111.79,100.0,Good
Nauman Ali,Test,38,4.22,34.55,14.48,45.89,52.2,Poor
Naveed Ahmed,T20I,30,30.0,136.36,18.17,99.09,151.4,On Fire
Naveena Shetty,T20I,46,7.67,143.75,7.67,143.75,100.0,Good
Nawazish Akhtar,T20I,37,12.33,97.37,16.25,94.2,89.6,Good
Nawed Al Balushi,T20I,12,6.0,60.0,6.0,60.0,100.0,Good
Nay Lin Htun,T20I,20,5.0,80.0,3.89,62.5,128.3,On Fire
Nayab Razwan,T20I,75,7.5,78.95,7.93,65.75,107.3,Good
Nayeem Hasan,Test,51,12.75,37.78,14.19,40.46,91.6,Good
Nazatul Hidayah Husna,T20I,31,6.2,51.67,6.2,51.67,100.0,Good
Nazir Patel,T20I,0,0.0,0.0,0.0,0.0,0.0,
Nazmul Hossain Shanto,ODI,577,32.06,72.12,32.87,78.5,94.7,Good
Nazmul Hossain Shanto,T20I,27,27.0,142.11,24.59,109.73,119.7,On Fire
Nazmul Hossain Shanto,Test,928,51.56,57.93,31.08,52.14,138.5,On Fire
Nazmul Huda,T20I,22,4.4,35.48,4.4,35.48,100.0,Good
Nazmus Sakib,T20I,53,17.67,143.24,13.6,123.64,122.9,On Fire
Neeraj Mishra,T20I,4,2.0,44.44,2.0,44.44,100.0,Good
Nigar Sultana,ODI,602,35.41,66.23,27.62,56.34,122.9,On Fire
Nigar Sultana,T20I,643,30.62,107.71,28.54,95.2,110.2,On Fire
Nikhil,T20I,60,20.0,105.26,20.0,105.26,100.0,Good
Nikhil Chaudhary,BBL,517,28.72,144.01,26.65,142.01,104.6,Good
Nikhil Chaudhary,CPL,33,16.5,117.86,16.5,117.86,100.0,Good
Nikhil Chaudhary,T20I,26,13.0,136.84,13.0,136.84,100.0,Good
Nikhil Deshmukh,T20I,11,5.5,44.0,5.5,44.0,100.0,Good
Nilansh Keswani,ODI,18,9.0,52.94,9.0,52.94,100.0,Good
Nilansh Keswani,T20I,0,0.0,0.0,27.5,107.84,0.0,
Nilusha Waruwangodage,T20I,9,9.0,39.13,9.0,39.13,100.0,Good
Nimish Lathief,T20I,11,5.5,100.0,11.62,84.55,82.8,Average
Nimra Ghazanfar,T20I,20,2.22,24.39,2.22,24.39,100.0,Good
Nipuni Nadeera,T20I,5,1.67,41.67,1.67,41.67,100.0,Good
Nirmaljit Singh,T20I,21,7.0,40.38,7.0,40.38,100.0,Good
Nisha Kulkarni,T20I,0,0.0,0.0,0.0,0.0,0.0,
Nishat Sakib,T20I,103,14.71,99.04,14.71,99.04,100.0,Good
Nishita Akter Nishi,ODI,11,5.5,57.89,6.5,65.0,86.8,Good
Nitesh Hooda,T20I,16,16.0,228.57,16.0,228.57,100.0,Good
Nithish Kumar Reddy,IPL,484,26.89,147.11,29.15,145.47,96.7,Good
Nithish Kumar Reddy,ODI,100,33.33,101.01,33.33,101.01,100.0,Good
Nithish Kumar Reddy,Test,102,11.33,40.96,26.4,57.31,57.2,Poor
Niv Nagavkar,T20I,227,28.38,108.1,21.53,108.75,115.6,On Fire
Niyas Pullariyil,T20I,17,17.0,94.44,17.0,94.44,100.0,Good
Nizakat Khan,T20I,492,19.68,116.59,22.32,122.84,91.5,Good
Noah Mead,T20I,10,5.0,58.82,3.25,61.9,124.4,On Fire
Noman Amjad,T20I,184,13.14,114.29,13.45,107.44,102.0,Good
Noncedo Simelane,T20I,0,0.0,0.0,0.0,0.0,0.0,
Nonoha Yasumoto,T20I,11,3.67,35.48,2.75,31.43,123.2,On Fire
Noor Ahmad,IPL,18,2.57,45.0,2.82,53.45,87.7,Good
Noorainah,T20I,4,4.0,40.0,4.0,40.0,100.0,Good
Nooruddin Mujadady,T20I,12,12.0,150.0,13.33,160.0,91.9,Good
Norman Sankar,T20I,5,2.5,41.67,2.5,41.67,100.0,Good
Ntombizodwa Mkhatshwa,T20I,44,3.67,31.65,3.65,30.04,103.0,Good
Numan Ahmadzai,T20I,97,24.25,112.79,24.25,112.79,100.0,Good
Numan Yousuf,T20I,42,21.0,127.27,21.0,127.27,100.0,Good
Nur Aliya,T20I,0,0.0,0.0,0.0,0.0,0.0,
Nur Arianna Natsya,T20I,84,4.67,56.0,5.73,56.76,90.1,Good
Nur Dania Syuhada,T20I,171,7.77,63.81,7.7,58.43,105.1,Good
Nur Izzatul Syafiqa,T20I,39,7.8,66.1,6.83,61.19,111.1,On Fire
Nur Qaireen,T20I,11,5.5,30.56,5.5,30.56,100.0,Good
Nur Qalysha,T20I,44,4.89,52.38,4.89,52.38,100.0,Good
Nurin Imanina,T20I,34,11.33,61.82,11.33,61.82,100.0,Good
Nurul Hasan,ODI,117,29.25,90.0,47.0,92.76,79.6,Average
Nurul Hasan,T20I,62,8.86,93.94,14.91,114.71,70.7,Average
Nyeing Cham Soe,T20I,70,14.0,98.59,9.11,77.36,140.6,On Fire
O Amarjargal,T20I,34,4.25,29.06,3.75,24.32,116.4,On Fire
O Bastin,T20I,3,3.0,27.27,3.0,27.27,100.0,Good
O Bell,T20I,12,4.0,38.71,5.67,40.48,83.1,Average
O Casasola,T20I,17,5.67,58.62,8.8,59.06,81.8,Average
O Chare,ODI,4,4.0,33.33,3.5,25.93,121.4,On Fire
O Chare,T20I,8,8.0,160.0,8.0,160.0,100.0,Good
O Davidson,ODI,20,10.0,64.52,11.33,53.12,104.9,Good
O Davidson,T20I,37,18.5,123.33,18.5,123.33,100.0,Good
O Davies,BBL,94,15.67,98.95,19.9,129.61,77.5,Average
O Duff,T20I,0,0.0,0.0,0.75,20.0,0.0,
O Erdenebaatar,T20I,16,5.33,26.67,5.67,21.45,109.2,Good
O Hamrikova,T20I,20,2.5,24.39,2.5,24.39,100.0,Good
O Isiyaku,T20I,5,5.0,35.71,5.0,35.71,100.0,Good
O Issouf,T20I,18,4.5,28.57,3.0,25.71,130.6,On Fire
O Jones,ODI,2,2.0,33.33,2.0,33.33,100.0,Good
O Kamchomphu,ODI,16,3.2,37.21,5.67,52.58,63.6,Average
O Kamchomphu,T20I,43,5.38,102.38,4.44,77.29,126.8,On Fire
O Keitsemang,T20I,1,1.0,50.0,1.71,30.0,112.6,On Fire
O Kgeresi,T20I,176,9.78,64.71,8.64,61.34,109.3,Good
O Lefaga,T20I,39,5.57,60.0,5.57,60.0,100.0,Good
O Manishimwe,T20I,301,13.09,85.51,17.23,91.55,84.7,Average
O Matsolo,T20I,10,10.0,35.71,12.8,35.56,89.3,Good
O Mondlane,T20I,132,6.6,52.38,9.56,66.09,74.1,Average
O Morgan,T20I,3,3.0,27.27,3.0,27.27,100.0,Good
O Olaleye,T20I,33,6.6,60.0,16.27,95.72,51.6,Poor
O Omonkhobio,T20I,110,11.0,139.24,10.09,132.14,107.2,Good
O Patterson,BBL,21,21.0,77.78,21.0,77.78,100.0,Good
O Prendergast,ODI,559,31.06,76.47,32.49,76.95,97.5,Good
O Prendergast,T20I,834,39.71,127.72,30.55,123.02,116.9,On Fire
O Qudratov,T20I,1,1.0,33.33,1.0,33.33,100.0,Good
O Ranedoumoun,T20I,31,5.17,59.62,5.58,56.78,98.8,Good
O Sam Arthur,T20I,36,36.0,78.26,36.0,78.26,100.0,Good
O Shields,Test,9,3.0,69.23,3.0,69.23,100.0,Good
O Tuyisenge,T20I,31,7.75,77.5,15.68,100.71,63.2,Average
OB Nightingale,T20I,271,27.1,105.45,24.17,109.02,104.4,Good
OC McCoy,CPL,29,14.5,120.83,9.0,115.38,132.9,On Fire
OC McCoy,T20I,0,0.0,0.0,9.71,101.49,0.0,
OE Robinson,Test,88,14.67,88.0,14.65,59.64,123.8,On Fire
OE Taylor,T20I,49,8.17,58.33,7.62,58.65,103.3,Good
OEG Baartman,ODI,3,3.0,23.08,16.0,43.24,36.1,Poor
OEG Baartman,T20I,13,6.5,44.83,3.5,40.0,148.9,On Fire
OF Smith,CPL,61,20.33,107.02,19.25,129.78,94.0,Good
OGL Bascome,T20I,285,31.67,165.7,19.79,137.81,140.1,On Fire
OGT Gould,T20I,39,19.5,92.86,19.5,92.86,100.0,Good
OH Agbomadzie,T20I,50,16.67,116.28,22.36,96.9,97.3,Good
OJ Hairs,T20I,66,22.0,137.5,19.38,165.79,98.2,Good
OJ Herrington,T20I,72,18.0,102.86,18.0,102.86,100.0,Good
OJ Peake,BBL,184,30.67,137.31,30.67,137.31,100.0,Good
OJ Peake,ODI,102,20.4,76.69,20.4,76.69,100.0,Good
OJ Pope,BBL,109,21.8,128.24,21.22,122.44,103.7,Good
OJ Pope,Test,602,37.62,68.56,34.56,64.42,107.6,Good
OJR Groves,T20I,188,47.0,118.99,47.0,118.99,100.0,Good
OK Mohamed,T20I,21,3.5,28.0,3.73,30.6,92.7,Good
OP Eguakun,T20I,31,3.44,44.93,3.44,44.93,100.0,Good
OS Dlamini,T20I,1,0.5,6.25,0.5,6.25,100.0,Good
OSB Tilley,T20I,75,9.38,82.42,9.62,82.8,98.5,Good
Olipa Gerald,T20I,280,70.0,186.67,70.0,186.67,100.0,Good
Omair Yousuf,PSL,12,6.0,66.67,26.29,136.3,35.9,Poor
Omair Yousuf,T20I,7,7.0,63.64,16.75,104.69,51.3,Poor
Omer Kutuk,T20I,24,24.0,92.31,24.0,92.31,100.0,Good
Omid Mailk Khel,T20I,397,36.09,127.65,33.07,123.14,106.4,Good
Omid Rahimi,T20I,75,37.5,192.31,37.5,192.31,100.0,Good
Owais Ahmed,T20I,11,11.0,100.0,11.0,100.0,100.0,Good
P Agboya,T20I,15,5.0,57.69,7.07,83.19,70.0,Average
P Agrawal,T20I,7,3.5,29.17,3.5,32.56,94.8,Good
P Aho,T20I,55,13.75,85.94,13.67,106.3,90.7,Good
P Alako,T20I,429,17.88,92.06,16.92,90.68,103.6,Good
P Baghel,T20I,41,13.67,77.36,13.67,77.36,100.0,Good
P Baron,T20I,366,40.67,131.18,31.52,121.75,118.4,On Fire
P Bhandari,T20I,2,0.5,14.29,1.67,21.74,47.8,Poor
P Chabuta,T20I,0,0.0,0.0,0.0,0.0,0.0,
P Chilongia,T20I,13,13.0,54.17,16.33,57.65,86.8,Good
P Choudhary,T20I,25,4.17,42.37,4.17,42.37,100.0,Good
P Cuinica,T20I,122,11.09,67.03,11.91,66.34,97.1,Good
P Dakainivanua,T20I,10,2.0,41.67,7.5,75.76,40.8,Poor
P Donkaew,T20I,1,1.0,33.33,1.0,33.33,100.0,Good
P Ganeshan,T20I,10,2.5,23.26,2.5,23.26,100.0,Good
P Gheewala,T20I,2,1.0,22.22,5.0,78.95,24.1,Poor
P Hatzoglou,BBL,2,2.0,33.33,7.25,74.36,36.2,Poor
P Hatzoglou,PSL,1,1.0,25.0,1.0,25.0,100.0,Good
P Jayeshbhai Patel,T20I,85,12.14,79.44,11.55,74.27,106.0,Good
P Jirapatananukul,T20I,3,1.5,27.27,1.5,27.27,100.0,Good
P Karoho,T20I,7,7.0,70.0,7.0,70.0,100.0,Good
P Koech,T20I,4,4.0,57.14,6.0,69.23,74.6,Average
P Kurup,T20I,1267,28.8,108.2,26.47,108.41,104.3,Good
P Litchfield,ODI,757,50.47,106.17,44.56,91.92,114.4,On Fire
P Litchfield,T20I,354,22.12,131.6,28.33,139.06,86.4,Good
P Litchfield,Test,65,32.5,36.11,22.29,46.57,111.7,On Fire
P Litchfield,WPL,334,30.36,149.11,23.26,133.53,121.1,On Fire
P Madhukar,T20I,3,3.0,37.5,3.0,37.5,100.0,Good
P Malemikia,T20I,0,0.0,0.0,5.2,83.87,0.0,
P Mapotsane,T20I,220,18.33,100.46,17.12,81.8,114.9,On Fire
P Marange,ODI,3,3.0,27.27,12.8,82.05,28.3,Poor
P Maya,ODI,108,13.5,55.1,11.5,54.58,109.2,Good
P Maya,T20I,342,14.25,91.69,12.68,85.19,110.0,Good
P Maziya,T20I,203,11.94,58.5,10.52,56.54,108.5,Good
P Mishra,T20I,16,4.0,66.67,12.97,113.22,44.9,Poor
P Molkenboer,ODI,8,8.0,50.0,20.43,50.18,69.4,Average
P Molkenboer,T20I,627,19.0,99.68,18.07,94.08,105.5,Good
P Munsanda,T20I,20,6.67,39.22,6.67,39.22,100.0,Good
P Nedeljkovic,T20I,7,7.0,100.0,10.67,76.19,98.4,Good
P Neighbour,T20I,39,39.0,67.24,39.0,67.24,100.0,Good
P Nissanka,IPL,278,27.8,158.86,27.8,158.86,100.0,Good
P Nissanka,ODI,577,33.94,85.61,36.11,85.15,97.3,Good
P Nissanka,T20I,1022,31.94,146.42,30.66,127.81,109.4,Good
P Nissanka,Test,393,56.14,67.06,42.26,56.69,125.6,On Fire
P Pheko,T20I,47,4.7,39.17,3.76,35.36,117.9,On Fire
P Pratt,T20I,29,4.14,55.77,4.14,55.77,100.0,Good
P Pushparajan,T20I,607,31.95,156.85,31.95,156.85,100.0,Good
P Pustoslemsek,T20I,10,10.0,83.33,8.6,66.15,121.1,On Fire
P Rathnayake,ODI,218,43.6,91.6,43.6,91.6,100.0,Good
P Rathnayake,T20I,271,22.58,140.41,22.58,140.41,100.0,Good
P Rawat,T20I,9,9.0,128.57,9.0,128.57,100.0,Good
P Rawat,WPL,8,8.0,200.0,8.0,200.0,100.0,Good
P Sabu,T20I,159,15.9,94.64,15.44,86.67,106.1,Good
P Sapesa,T20I,0,0.0,0.0,0.0,0.0,0.0,
P Senjug,T20I,58,11.6,111.54,9.57,87.01,124.7,On Fire
P Sharma,T20I,105,13.12,88.24,16.77,107.27,80.2,Average
P Shetty,T20I,56,14.0,62.92,7.53,62.43,143.4,On Fire
P Siaka,ODI,160,26.67,78.82,24.62,74.25,107.2,Good
P Siaka,T20I,245,12.25,114.49,12.73,108.22,101.0,Good
P Silas,T20I,210,17.5,92.11,16.0,99.2,101.1,Good
P Simran Singh,IPL,1109,38.24,165.03,29.6,156.85,117.2,On Fire
P Suanchuai,T20I,99,8.25,72.26,10.19,69.48,92.5,Good
P Subrayen,ODI,22,7.33,100.0,7.33,100.0,100.0,Good
P Subrayen,T20I,0,0.0,0.0,0.0,0.0,0.0,
P Subrayen,Test,12,6.0,63.16,6.0,63.16,100.0,Good
P Suman Bhai Ahir,T20I,9,4.5,56.25,3.33,58.82,115.4,On Fire
P Thongsa,T20I,156,13.0,73.93,12.23,70.98,105.2,Good
P Useni,T20I,178,13.69,167.92,13.91,143.55,107.7,Good
P Vailoa,T20I,16,16.0,160.0,16.0,160.0,100.0,Good
P Yevugah,T20I,4,4.0,100.0,4.2,65.62,123.8,On Fire
P Zuze,T20I,39,6.5,72.22,6.45,63.96,106.8,Good
PA Chatterji,ODI,113,22.6,86.26,16.86,64.66,133.7,On Fire
PA Chatterji,T20I,228,19.0,123.24,14.55,95.95,129.5,On Fire
PA Raikes,T20I,417,37.91,165.48,31.35,134.01,122.2,On Fire
PA van Meekeren,ODI,35,11.67,67.31,6.94,71.15,131.4,On Fire
PA van Meekeren,T20I,23,11.5,121.05,7.16,112.4,134.2,On Fire
PB Gouge,T20I,228,38.0,165.22,36.44,160.78,103.5,Good
PBB Rajapaksa,PSL,59,29.5,143.9,26.0,145.79,106.1,Good
PBB Rajapaksa,T20I,17,17.0,73.91,21.9,128.07,67.7,Average
PD Macchi,ODI,23,5.75,48.94,5.75,48.94,100.0,Good
PD Salt,IPL,605,33.61,173.35,34.0,174.48,99.1,Good
PD Salt,ODI,110,22.0,125.0,32.53,115.09,88.1,Good
PD Salt,T20I,746,32.43,161.47,34.94,163.75,95.7,Good
PE Kulume,T20I,21,10.5,51.22,10.68,78.08,82.0,Average
PE Mendonca,T20I,348,23.2,92.31,18.93,92.57,111.1,On Fire
PEA Karunarathna,T20I,50,12.5,131.58,12.5,131.58,100.0,Good
PF Ravarua,T20I,0,0.0,0.0,0.0,0.0,0.0,
PH Shamdasani,T20I,36,36.0,120.0,36.0,120.0,100.0,Good
PHKD Mendis,IPL,92,30.67,133.33,30.67,133.33,100.0,Good
PHKD Mendis,ODI,308,23.69,86.52,25.67,79.97,100.2,Good
PHKD Mendis,T20I,374,19.68,132.62,17.69,124.55,108.9,Good
PHKD Mendis,Test,446,31.86,59.95,53.66,63.17,77.1,Average
PI Walter,BBL,21,21.0,116.67,13.83,123.88,123.0,On Fire
PJ Cummins,IPL,127,18.14,164.94,19.45,152.49,100.7,Good
PJ Cummins,Test,140,10.0,60.87,16.33,47.07,95.3,Good
PJ Moor,Test,34,17.0,87.18,26.74,47.16,124.2,On Fire
PJ Scholfield,T20I,22,11.0,84.62,14.5,116.0,74.4,Average
PJ Stahelin,T20I,10,3.33,20.41,6.0,32.73,58.9,Poor
PK Matautaava,T20I,58,11.6,85.29,19.36,119.66,65.6,Average
PM Inglis,ODI,48,48.0,154.84,48.0,154.84,100.0,Good
PM Inglis,T20I,7,2.33,77.78,2.33,77.78,100.0,Good
PM Liyanagamage,ODI,25,12.5,67.57,7.57,44.17,159.1,On Fire
PM Siddle,BBL,19,19.0,126.67,7.27,86.96,203.5,On Fire
PM Siddle,PSL,10,10.0,111.11,10.0,111.11,100.0,Good
PN Agarwal,T20I,138,23.0,92.0,16.0,84.21,126.5,On Fire
PN Khemnar,WPL,2,2.0,50.0,14.71,105.1,30.6,Poor
PN Sproul,ODI,28,7.0,43.75,7.0,43.75,100.0,Good
PN Sproul,T20I,54,18.0,117.39,18.0,117.39,100.0,Good
PP Hinge,IPL,3,3.0,33.33,3.0,33.33,100.0,Good
PR Stirling,ODI,210,42.0,91.7,32.85,87.52,116.3,On Fire
PR Stirling,T20I,240,18.46,126.98,26.55,133.9,82.2,Average
PR Stirling,Test,170,28.33,72.34,25.94,63.85,111.3,On Fire
PR Surve,T20I,221,55.25,133.13,39.52,115.94,127.3,On Fire
PR Veer,IPL,90,45.0,134.33,45.0,134.33,100.0,Good
PS Masvaure,Test,19,9.5,22.35,23.4,35.31,51.9,Poor
PS Sisodia,WPL,0,0.0,0.0,0.0,0.0,0.0,
PSP Handscomb,BBL,11,11.0,73.33,23.31,119.0,54.4,Poor
PSR Gurusinghe,T20I,37,9.25,49.33,6.55,50.67,119.3,On Fire
PSRK Sudarshan,T20I,20,5.0,100.0,5.0,100.0,100.0,Good
PUKK Arachchige,T20I,34,6.8,66.67,6.8,66.67,100.0,Good
PV Naringrekar,T20I,6,2.0,42.86,1.5,37.5,123.8,On Fire
PV Vuniwaqa,T20I,106,21.2,112.77,35.53,148.88,67.7,Average
PVD Chameera,IPL,10,10.0,58.82,13.25,117.78,62.7,Average
PVD Chameera,ODI,30,10.0,50.85,11.68,59.71,85.4,Good
PVD Chameera,T20I,24,2.18,42.11,4.81,73.53,51.3,Poor
PVSN Raju,IPL,1,1.0,100.0,1.0,100.0,100.0,Good
PWA Mulder,IPL,9,9.0,81.82,9.0,81.82,100.0,Good
PWA Mulder,ODI,136,22.67,93.79,17.0,90.37,118.6,On Fire
PWA Mulder,T20I,47,11.75,85.45,15.2,104.83,79.4,Average
PWA Mulder,Test,669,66.9,73.44,35.8,57.82,156.9,On Fire
PWDM Badalge,ODI,18,6.0,51.43,6.0,51.43,100.0,Good
PWH de Silva,CPL,104,34.67,170.49,30.0,163.64,109.9,Good
PWH de Silva,IPL,9,1.8,60.0,5.4,92.05,49.3,Poor
PWH de Silva,ODI,223,24.78,112.63,22.41,106.84,108.0,Good
PWH de Silva,T20I,150,13.64,111.11,12.37,120.06,101.4,Good
PZ Kamunya,T20I,155,10.33,69.2,9.69,75.06,99.4,Good
Pan Ei Phyu,T20I,15,15.0,53.57,7.5,50.0,153.6,On Fire
Pargat Singh,ODI,318,22.71,65.43,34.67,74.77,76.5,Average
Pargat Singh,T20I,118,39.33,187.3,21.5,118.13,170.7,On Fire
Parveen Kumar,ODI,41,13.67,87.23,13.67,87.23,100.0,Good
Parveen Kumar,T20I,18,18.0,94.74,7.0,70.0,196.2,On Fire
Parvez Hossain Emon,ODI,108,36.0,83.72,36.0,83.72,100.0,Good
Parvez Hossain Emon,PSL,71,23.67,161.36,23.67,161.36,100.0,Good
Parvez Hossain Emon,T20I,554,21.31,135.12,19.45,128.66,107.3,Good
Patrick Nou,T20I,60,10.0,103.45,10.0,103.45,100.0,Good
Pavandeep Singh,T20I,19,19.0,79.17,36.0,58.06,94.6,Good
Payal Kothar,T20I,10,3.33,25.64,3.33,25.64,100.0,Good
Pech Pisa,T20I,11,3.67,110.0,6.57,61.33,117.6,On Fire
Peher Modi,T20I,4,1.33,33.33,1.33,33.33,100.0,Good
Pel Vannak,T20I,0,0.0,0.0,0.0,0.0,0.0,
Pen Samon,T20I,16,5.33,35.56,6.0,34.15,96.5,Good
Phoup Srey Pheak,T20I,4,1.33,28.57,1.57,20.37,112.5,On Fire
Pooja Ganesh,ODI,49,49.0,59.76,24.5,55.06,154.3,On Fire
Pooja Ganesh,T20I,266,16.62,105.56,15.89,101.42,104.3,Good
Poorvaja Jagdeesha,T20I,59,9.83,50.86,7.43,49.29,117.7,On Fire
Prachi Kumari,T20I,7,1.4,31.82,1.83,35.48,83.1,Average
Pratik Singh Bais,T20I,14,2.8,53.85,5.25,58.33,72.8,Average
Pratika Rawal,ODI,1055,47.95,83.33,47.56,82.34,101.0,Good
Pratika Rawal,T20I,56,14.0,98.25,14.0,98.25,100.0,Good
Pratika Rawal,Test,81,40.5,45.0,40.5,45.0,100.0,Good
Praveen Santhanakrishnan,T20I,45,45.0,187.5,12.73,91.39,279.3,On Fire
Prince Yadav,IPL,5,5.0,45.45,5.0,45.45,100.0,Good
Prince Yadav,T20I,8,8.0,266.67,8.0,266.67,100.0,Good
Prithaa Ganeshan,T20I,1,1.0,9.09,1.0,9.09,100.0,Good
Priya Mishra,WPL,4,2.0,28.57,2.0,28.57,100.0,Good
Priyada Murali,T20I,188,17.09,79.66,14.85,69.8,114.6,On Fire
Priyansh Arya,IPL,909,29.32,192.99,29.32,192.99,100.0,Good
Puja Mahato,T20I,674,17.74,82.7,17.18,81.89,102.1,Good
Purvi Kumari,T20I,9,9.0,36.0,9.0,36.0,100.0,Good
Pushpa Murali,T20I,1,0.5,25.0,0.5,25.0,100.0,Good
Pyae Phyo Wai,T20I,181,15.08,103.43,13.04,79.52,122.9,On Fire
Q Abel,T20I,101,25.25,118.82,27.86,109.5,99.6,Good
Q Joseph,ODI,422,24.82,80.84,19.44,78.9,115.1,On Fire
Q Joseph,T20I,255,12.75,109.91,16.28,113.26,87.7,Good
Q Sampson,CPL,353,35.3,162.67,35.3,162.67,100.0,Good
Q Stephens,T20I,3,0.75,23.08,0.75,23.08,100.0,Good
Q Utmanzai,T20I,6,6.0,66.67,6.0,66.67,100.0,Good
Q de Kock,CPL,600,33.33,133.63,38.61,141.4,90.4,Good
Q de Kock,IPL,284,31.56,143.43,31.03,134.9,104.0,Good
Q de Kock,ODI,353,70.6,97.51,46.45,96.77,126.4,On Fire
Q de Kock,T20I,452,26.59,169.29,30.78,142.46,102.6,Good
QF Djakaridja,T20I,8,2.0,29.63,1.0,17.31,185.6,On Fire
Qamar Mushtaque,T20I,214,14.27,95.54,14.11,101.13,97.8,Good
Qateel Zabiullah,T20I,50,16.67,185.19,16.67,185.19,100.0,Good
Qi Shuai,T20I,2,2.0,100.0,2.0,100.0,100.0,Good
R Abdulkareem,T20I,15,15.0,60.0,12.71,85.85,94.0,Good
R Abdulrasak,T20I,1,1.0,50.0,1.5,33.33,108.3,Good
R Achando,T20I,11,11.0,84.62,12.0,66.67,109.3,Good
R Adotei,T20I,11,5.5,110.0,5.5,110.0,100.0,Good
R Aggarwal,T20I,0,0.0,0.0,0.0,0.0,0.0,
R Airee,T20I,40,20.0,61.54,20.0,61.54,100.0,Good
R Andrew,T20I,481,26.72,96.01,24.55,92.71,106.2,Good
R Ashwin,IPL,33,8.25,110.0,13.02,118.16,78.2,Average
R Aurora,T20I,0,0.0,0.0,0.0,0.0,0.0,
R Baaleri,T20I,62,20.67,121.57,18.93,83.86,127.1,On Fire
R Bangera,T20I,0,0.0,0.0,0.0,0.0,0.0,
R Baruah,T20I,76,19.0,168.89,19.0,168.89,100.0,Good
R Bowers-Fleming,T20I,1,1.0,12.5,1.0,12.5,100.0,Good
R Broaster,T20I,3,3.0,42.86,3.0,42.86,100.0,Good
R Castillo,T20I,44,4.0,61.11,4.09,60.0,99.8,Good
R Cenik,T20I,53,10.6,70.67,10.6,70.67,100.0,Good
R Chanda,T20I,16,3.2,41.03,3.2,41.03,100.0,Good
R Chatterton,T20I,1,1.0,14.29,1.0,14.29,100.0,Good
R Chaudhary,T20I,11,2.75,24.44,2.75,24.44,100.0,Good
R Choden,T20I,42,10.5,77.78,8.33,62.5,125.2,On Fire
R Chopra,ODI,421,60.14,89.77,37.83,81.26,134.7,On Fire
R Chopra,T20I,251,14.76,100.0,24.26,113.52,74.5,Average
R Coker,T20I,260,13.0,72.42,9.56,65.13,123.6,On Fire
R Davson,T20I,53,13.25,73.61,13.08,76.59,98.7,Good
R Dhakal,ODI,1,1.0,50.0,5.0,83.33,40.0,Poor
R Dhakal,T20I,5,5.0,100.0,6.0,100.0,91.7,Good
R Dhami,T20I,2,2.0,50.0,2.0,50.0,100.0,Good
R Dianish,T20I,309,19.31,121.18,19.1,113.28,104.0,Good
R Edwards,T20I,8,4.0,38.1,4.0,38.1,100.0,Good
R Escobar,T20I,114,28.5,79.72,23.0,76.67,113.9,On Fire
R Francis,T20I,10,2.5,35.71,3.0,52.17,75.9,Average
R Galgalikar,T20I,26,6.5,57.78,7.33,67.69,87.0,Good
R Gaznavi,T20I,144,48.0,123.08,15.28,95.49,221.5,On Fire
R Hadley,BBL,1,1.0,50.0,1.0,50.0,100.0,Good
R Haiong,T20I,84,10.5,51.85,6.37,48.99,135.3,On Fire
R Hashu,T20I,109,36.33,136.25,36.33,136.25,100.0,Good
R Home,T20I,1,1.0,20.0,1.0,20.0,100.0,Good
R Hubbard,T20I,16,16.0,59.26,27.33,94.25,60.7,Average
R Immadi,T20I,169,10.56,73.16,10.22,76.3,99.6,Good
R Johnson,T20I,5,2.5,50.0,2.5,50.0,100.0,Good
R Kalimuthu,T20I,0,0.0,0.0,13.5,100.0,0.0,
R Kanoh,T20I,43,10.75,102.38,9.81,92.38,110.2,On Fire
R Khullar,T20I,41,5.86,51.9,5.86,51.9,100.0,Good
R Klein,ODI,0,0.0,0.0,4.22,45.78,0.0,
R Klein,T20I,22,22.0,200.0,20.4,134.21,128.4,On Fire
R Lekai,T20I,2,2.0,100.0,2.0,100.0,100.0,Good
R Limbu,T20I,32,10.67,68.09,10.67,68.09,100.0,Good
R Limema,T20I,13,1.86,22.81,1.67,17.05,122.6,On Fire
R Lungu,T20I,47,9.4,63.51,9.4,63.51,100.0,Good
R Lutaaya,T20I,58,6.44,126.09,14.31,127.4,72.0,Average
R MacDonald-Gay,ODI,7,7.0,63.64,12.0,100.0,61.0,Average
R MacDonald-Gay,Test,16,16.0,17.98,7.33,18.64,157.4,On Fire
R Mangal,T20I,1,1.0,25.0,1.2,40.0,72.9,Average
R Mazumder,T20I,583,36.44,107.76,26.83,109.08,117.3,On Fire
R Merrien,T20I,10,3.33,71.43,3.33,71.43,100.0,Good
R Minz,IPL,12,4.0,63.16,4.0,63.16,100.0,Good
R Mondol,T20I,0,0.0,0.0,0.0,0.0,0.0,
R Morita,T20I,1,1.0,14.29,3.0,26.09,44.1,Poor
R Murugan,T20I,1,0.5,14.29,0.5,14.29,100.0,Good
R Musamali,T20I,712,22.97,90.82,20.2,84.79,110.4,On Fire
R Nehonde,T20I,81,13.5,74.31,20.74,95.28,71.5,Average
R Ngarava,ODI,46,23.0,74.19,15.94,83.64,116.5,On Fire
R Ngarava,T20I,51,17.0,104.08,6.17,104.72,187.5,On Fire
R Ngarava,Test,69,13.8,43.12,11.25,48.91,105.4,Good
R Obuya,T20I,438,36.5,133.94,26.11,128.91,121.8,On Fire
R Ova,T20I,3,0.75,37.5,1.67,58.82,54.3,Poor
R Overman,T20I,38,4.75,55.07,4.75,55.07,100.0,Good
R Parag,IPL,706,27.15,162.67,25.39,144.32,109.8,Good
R Pasipanodya,ODI,102,20.4,54.55,18.5,48.05,111.9,On Fire
R Pasipanodya,T20I,6,1.2,17.65,3.57,51.02,34.1,Poor
R Patten,T20I,2,2.0,22.22,2.0,22.22,100.0,Good
R Pavlickova,T20I,150,8.33,68.18,8.1,60.9,107.4,Good
R Pisal,T20I,21,7.0,87.5,7.0,87.5,100.0,Good
R Poddar,T20I,216,12.0,79.7,12.0,79.7,100.0,Good
R Poojary,T20I,6,6.0,50.0,4.29,57.69,113.3,On Fire
R Powell,CPL,462,35.54,152.48,26.4,134.1,124.2,On Fire
R Powell,IPL,195,32.5,133.56,22.2,142.31,120.1,On Fire
R Powell,T20I,600,28.57,147.06,26.35,141.92,106.0,Good
R Ramadhasyena,T20I,78,78.0,162.5,78.0,162.5,100.0,Good
R Ravindra,IPL,191,27.29,128.19,24.29,143.9,100.7,Good
R Ravindra,ODI,604,43.14,106.9,42.18,108.5,100.4,Good
R Ravindra,T20I,519,27.32,145.38,21.08,135.54,118.4,On Fire
R Ravindra,Test,808,73.45,79.29,47.82,64.29,138.5,On Fire
R Rijke,T20I,622,22.21,106.14,21.23,102.2,104.2,Good
R Rodrigo,T20I,55,7.86,72.37,9.68,72.44,90.6,Good
R Rohan,T20I,53,17.67,94.64,15.33,99.04,105.4,Good
R Sai Kishore,IPL,5,1.67,50.0,4.5,112.5,40.8,Poor
R Sakurano-Thomas,T20I,61,10.17,95.31,12.45,94.48,91.3,Good
R Samson,T20I,10,5.0,71.43,6.25,69.44,91.4,Good
R Sandaruwan,T20I,187,20.78,136.5,22.98,139.3,94.2,Good
R Sandeep,T20I,14,2.8,31.82,7.0,66.67,43.9,Poor
R Satheesan,T20I,407,23.94,139.38,33.32,149.9,82.4,Average
R Sekaran,T20I,14,14.0,60.87,16.0,59.26,95.1,Good
R Sewwandi,T20I,19,19.0,111.76,19.0,111.76,100.0,Good
R Sharma,T20I,82,41.0,143.86,52.33,150.96,86.8,Good
R Shepherd,CPL,253,21.08,174.48,22.0,164.89,100.8,Good
R Shepherd,IPL,153,25.5,170.0,24.36,175.16,100.9,Good
R Shepherd,ODI,53,17.67,117.78,17.27,104.91,107.3,Good
R Shepherd,T20I,372,28.62,154.36,27.55,144.98,105.2,Good
R Shimwamana,T20I,34,6.8,62.96,6.83,59.42,102.8,Good
R Siriwardena,T20I,10,10.0,62.5,11.0,68.75,90.9,Good
R Siwa,T20I,0,0.0,0.0,0.0,0.0,0.0,
R Slater,ODI,81,81.0,87.1,90.0,87.38,94.8,Good
R Slater,T20I,56,9.33,140.0,6.88,84.78,150.4,On Fire
R Smaran,IPL,19,6.33,76.0,6.33,76.0,100.0,Good
R Smith,T20I,0,0.0,0.0,2.25,24.32,0.0,
R Stokell,ODI,220,31.43,80.29,21.23,68.88,132.3,On Fire
R Stokell,T20I,332,22.13,114.09,18.92,102.6,114.1,On Fire
R Stones,T20I,0,0.0,0.0,0.0,0.0,0.0,
R Tewatia,IPL,289,19.27,151.31,23.67,138.07,95.5,Good
R Thapliyal,T20I,7,7.0,43.75,3.5,38.89,156.2,On Fire
R Theruvath,T20I,33,8.25,100.0,6.67,97.56,113.1,On Fire
R Trumpelmann,ODI,217,15.5,84.44,16.2,82.65,98.9,Good
R Trumpelmann,T20I,202,14.43,133.77,15.73,128.15,98.1,Good
R Ugarkar,ODI,1,1.0,16.67,1.0,16.67,100.0,Good
R Uwimana,T20I,0,0.0,0.0,0.0,0.0,0.0,
R Walker,T20I,51,10.2,68.0,8.88,71.72,104.8,Good
R Webster,T20I,44,11.0,80.0,14.5,86.57,84.1,Average
R Wilson,Test,4,2.0,25.0,2.0,25.0,100.0,Good
RA Bawa,IPL,24,24.0,133.33,11.67,109.38,163.8,On Fire
RA Clarke,CPL,106,21.2,100.95,22.78,101.99,96.0,Good
RA Herman,ODI,9,4.5,112.5,4.5,112.5,100.0,Good
RA Herman,PSL,7,3.5,35.0,3.5,35.0,100.0,Good
RA Herman,T20I,327,23.36,128.74,23.36,128.74,100.0,Good
RA Jadeja,IPL,567,43.62,135.32,29.14,130.64,126.6,On Fire
RA Jadeja,ODI,149,29.8,95.51,32.36,85.66,101.8,Good
RA Jadeja,Test,829,55.27,53.28,37.98,55.31,120.9,On Fire
RA Lawrence,ODI,0,0.0,0.0,0.0,0.0,0.0,
RA Lawrence,T20I,1,1.0,33.33,1.0,33.33,100.0,Good
RA Lister,T20I,26,3.25,24.3,3.25,24.3,100.0,Good
RA Mair,ODI,13,2.6,61.9,4.18,64.79,78.9,Average
RA Mair,T20I,21,10.5,91.3,9.83,89.39,104.5,Good
RA Mariu,ODI,76,38.0,88.37,38.0,88.37,100.0,Good
RA Reilly,T20I,9,9.0,60.0,13.71,75.59,72.5,Average
RA Sealy,T20I,295,22.69,135.94,18.22,125.83,116.3,On Fire
RA Tappin,T20I,11,2.75,23.4,2.75,23.4,100.0,Good
RA Tripathi,IPL,55,11.0,96.49,26.33,137.85,55.9,Poor
RB Osabel,T20I,4,2.0,36.36,2.5,41.67,83.6,Average
RC Belbashi,T20I,326,12.54,87.63,18.37,94.07,80.7,Average
RD Atangana,T20I,49,9.8,83.05,6.67,63.16,139.2,On Fire
RD Berrington,ODI,680,37.78,83.85,35.81,77.26,107.0,Good
RD Berrington,T20I,274,27.4,140.51,31.38,133.16,96.4,Good
RD Gaikwad,IPL,459,27.0,129.66,38.36,135.64,83.0,Average
RD Gaikwad,ODI,113,56.5,116.49,28.5,89.76,164.0,On Fire
RD Pangestuti,T20I,142,10.14,76.34,10.76,68.8,102.6,Good
RD Rickelton,IPL,836,34.83,168.21,34.83,168.21,100.0,Good
RD Rickelton,ODI,163,18.11,77.25,23.4,83.37,85.0,Average
RD Rickelton,T20I,417,34.75,154.44,27.2,146.24,116.7,On Fire
RD Rickelton,Test,540,54.0,59.87,37.38,52.86,128.9,On Fire
RDS Morein,T20I,2,2.0,18.18,2.0,18.18,100.0,Good
RE van der Merwe,ODI,161,23.0,87.03,14.52,89.07,128.1,On Fire
RE van der Merwe,T20I,82,16.4,118.84,19.7,126.97,88.4,Good
RG Sharma,IPL,701,31.86,152.39,29.92,132.88,110.6,On Fire
RG Sharma,ODI,886,46.63,97.9,48.45,92.42,101.1,Good
RG Somashekhar,T20I,56,18.67,68.29,13.4,63.21,123.7,On Fire
RJ Ainsworth,T20I,124,24.8,93.94,24.8,93.94,100.0,Good
RJ Alimohamed,CPL,0,0.0,0.0,0.0,0.0,0.0,
RJ Gleeson,PSL,1,1.0,33.33,1.0,33.33,100.0,Good
RJ Hatchman,T20I,41,20.5,227.78,11.25,143.62,170.4,On Fire
RJW Topley,BBL,15,7.5,93.75,24.0,109.09,58.6,Poor
RK Paudel,ODI,603,30.15,68.6,29.76,72.99,97.6,Good
RK Paudel,T20I,543,28.58,123.97,28.3,121.96,101.3,Good
RK Punjabi,T20I,16,16.0,145.45,16.0,145.45,100.0,Good
RK Singh,IPL,505,42.08,151.65,34.1,146.23,113.6,On Fire
RK Singh,T20I,195,24.38,137.32,27.26,144.8,92.1,Good
RKK Appuhangige,T20I,6,3.0,50.0,3.0,50.0,100.0,Good
RL Blake,T20I,380,380.0,130.58,189.33,138.54,147.5,On Fire
RL Chase,CPL,390,26.0,134.48,29.28,128.48,96.7,Good
RL Chase,ODI,333,23.79,84.73,24.69,78.21,102.3,Good
RL Chase,T20I,436,24.22,122.13,23.5,118.65,103.0,Good
RL Chase,Test,543,24.68,48.35,26.22,46.94,98.6,Good
RL D'Souza,T20I,8,0.89,15.38,0.89,15.38,100.0,Good
RL De silva,T20I,22,22.0,56.41,22.0,56.41,100.0,Good
RM D'Souza,T20I,2,1.0,33.33,1.0,33.33,100.0,Good
RM Dorji,T20I,265,20.38,131.84,17.44,107.35,119.8,On Fire
RM Ghosh,ODI,595,29.75,123.7,28.76,102.46,112.1,On Fire
RM Ghosh,T20I,397,23.35,145.96,25.7,143.54,96.3,Good
RM Ghosh,Test,74,24.67,69.16,37.5,67.57,84.1,Average
RM Ghosh,WPL,421,35.08,162.55,34.0,150.55,105.6,Good
RM Jariwala,T20I,35,35.0,112.9,35.0,112.9,100.0,Good
RM Koda,T20I,16,5.33,64.0,3.29,52.27,142.2,On Fire
RM Magare,T20I,162,13.5,110.96,13.5,110.96,100.0,Good
RM Patidar,IPL,813,32.52,170.44,33.58,164.49,100.2,Good
RMAM Avery,T20I,563,51.18,78.09,35.65,74.58,124.1,On Fire
RMAU Grimmond,ODI,198,24.75,67.12,24.75,67.12,100.0,Good
RMAU Grimmond,T20I,28,7.0,75.68,7.0,75.68,100.0,Good
RMMP Rathnayake,ODI,22,11.0,68.75,11.0,68.75,100.0,Good
RMMP Rathnayake,Test,101,25.25,50.25,28.0,57.01,89.2,Good
RMR Brathwaite,T20I,36,6.0,90.0,6.0,90.0,100.0,Good
RMVD Gunaratne,ODI,526,30.94,73.77,27.26,73.05,107.2,Good
RMVD Gunaratne,T20I,144,12.0,83.24,17.49,87.97,81.6,Average
RN Patel,T20I,171,28.5,150.0,22.0,121.3,126.6,On Fire
RO Mazumba,T20I,51,12.75,72.86,8.38,51.54,146.8,On Fire
ROC Dunka,T20I,32,4.57,62.75,9.38,93.13,58.0,Poor
RP Burl,PSL,2,2.0,33.33,2.0,33.33,100.0,Good
RP Burl,T20I,827,30.63,133.17,27.87,127.1,107.3,Good
RP Meredith,BBL,4,2.0,80.0,3.4,97.14,70.6,Average
RP Meredith,ODI,2,2.0,50.0,2.0,50.0,100.0,Good
RP Meredith,PSL,22,22.0,64.71,22.0,64.71,100.0,Good
RP Singh,ODI,6,6.0,46.15,10.07,44.76,81.3,Average
RP Singh,T20I,241,12.68,116.43,11.45,111.41,107.6,Good
RP Yadav,ODI,48,16.0,104.35,17.5,86.78,105.8,Good
RP Yadav,T20I,14,14.0,100.0,5.81,95.88,172.6,On Fire
RP Yadav,WPL,123,20.5,141.38,17.09,142.42,109.6,Good
RR Hendricks,CPL,140,28.0,135.92,28.0,135.92,100.0,Good
RR Hendricks,PSL,212,53.0,138.56,46.91,136.15,107.4,Good
RR Hendricks,T20I,233,19.42,108.88,28.45,129.38,76.2,Average
RR Naik,T20I,31,15.5,163.16,15.5,163.16,100.0,Good
RR Pant,IPL,582,26.45,135.66,33.73,146.71,85.4,Good
RR Pant,Test,797,49.81,77.45,43.38,74.34,109.5,Good
RR Patel,T20I,569,33.47,124.51,33.17,136.95,95.9,Good
RR Rossouw,CPL,91,13.0,105.81,15.46,114.86,88.1,Good
RR Rossouw,PSL,589,36.81,157.49,33.03,145.75,109.7,Good
RR Saun,T20I,6,2.0,33.33,4.8,50.0,54.2,Poor
RR Seth,T20I,223,20.27,82.59,14.08,73.31,128.3,On Fire
RR Simmonds,CPL,13,13.0,185.71,30.0,214.29,65.0,Average
RRS Cornwall,CPL,174,12.43,147.46,19.01,150.3,81.7,Average
RS Gayakwad,WPL,0,0.0,0.0,4.0,53.33,0.0,
RSM Lili'i,T20I,96,24.0,120.0,27.4,97.86,105.1,Good
RT Raghavan,T20I,6,1.5,22.22,1.5,22.22,100.0,Good
RTM Mendis,Test,28,14.0,28.0,17.74,43.92,71.3,Average
RV Auora,T20I,7,1.75,63.64,1.75,63.64,100.0,Good
RV Nascimento,T20I,1,1.0,33.33,1.0,33.33,100.0,Good
RW Hartley,T20I,5,5.0,71.43,9.0,42.86,111.1,On Fire
Raaz Mohammad,T20I,4,4.0,40.0,13.0,68.42,44.6,Poor
Rabbjyot Rajput,T20I,62,6.89,41.61,6.36,44.03,101.4,Good
Rabeya Khan,ODI,126,10.5,77.78,8.68,64.45,120.8,On Fire
Rabeya Khan,T20I,53,7.57,88.33,8.71,72.91,104.0,Good
Rafiulah Alokozai,T20I,8,2.67,72.73,2.67,72.73,100.0,Good
Raghav Dhawan,T20I,414,46.0,109.81,29.94,108.02,127.6,On Fire
Raghvi Bist,WPL,95,19.0,102.15,19.0,102.15,100.0,Good
Ragne Hallik,T20I,104,13.0,58.43,9.58,49.57,126.8,On Fire
Rahat Kazi,T20I,35,4.38,54.69,4.38,54.69,100.0,Good
Raheel Thakkar,T20I,21,21.0,72.41,21.0,72.41,100.0,Good
Rahila Firdous,WPL,1,1.0,100.0,1.0,100.0,100.0,Good
Rahim Khan,T20I,3,3.0,60.0,3.0,60.0,100.0,Good
Rahimgul Naseri,T20I,92,11.5,122.67,11.5,122.67,100.0,Good
Rahmanullah Gurbaz,CPL,111,37.0,163.24,29.83,159.35,113.2,On Fire
Rahmanullah Gurbaz,IPL,74,18.5,139.62,21.35,134.94,95.1,Good
Rahmatullah Mangal,T20I,27,5.4,100.0,6.07,86.73,102.1,Good
Raihan Hossain,T20I,69,8.62,53.91,8.62,53.91,100.0,Good
Raihan Stanikzai,T20I,82,20.5,160.78,20.5,160.78,100.0,Good
Ramandeep Singh,IPL,129,12.9,125.24,18.69,145.85,77.4,Average
Rameen Shamim,ODI,62,8.86,45.59,10.88,50.88,85.5,Good
Rameen Shamim,T20I,80,13.33,108.11,14.57,110.87,94.5,Good
Rameesha Shahid,T20I,213,14.2,91.81,14.06,90.0,101.5,Good
Rameez Khan,T20I,49,7.0,98.0,9.3,117.72,79.3,Average
Ramya Krishnamurthy,T20I,46,23.0,79.31,23.0,79.31,100.0,Good
Ranjit Singh,T20I,82,16.4,146.43,16.4,146.43,100.0,Good
Rashad Al Balushi,T20I,0,0.0,0.0,0.0,0.0,0.0,
Rasheed Ali Mamadkhel,T20I,122,15.25,143.53,13.36,122.5,115.7,On Fire
Rashid Hashmi,T20I,53,13.25,108.16,10.8,85.71,124.4,On Fire
Rashid Khan,IPL,90,10.0,130.43,13.8,156.4,77.9,Average
Rashidatu Salia,T20I,14,7.0,82.35,6.67,48.78,136.9,On Fire
Rashmeka Badri Narayanan,T20I,3,1.0,17.65,1.0,17.65,100.0,Good
Rasikh Salam,IPL,3,3.0,150.0,8.6,102.38,90.7,Good
Ratul Khan,T20I,84,14.0,94.38,14.0,94.38,100.0,Good
Ravi Bishnoi,IPL,13,3.25,68.42,3.75,65.22,95.8,Good
Ravi Bishnoi,T20I,23,23.0,121.05,9.29,125.0,172.2,On Fire
Ravi Singh,IPL,4,4.0,200.0,4.0,200.0,100.0,Good
Ravinder Gill,T20I,1,1.0,100.0,1.0,100.0,100.0,Good
Ravinderpal Singh,T20I,46,9.2,100.0,23.37,142.12,54.9,Poor
Razaullah,PSL,5,5.0,50.0,5.0,50.0,100.0,Good
Razaullah,Test,92,46.0,124.32,46.0,124.32,100.0,Good
Razmal Shigiwal,T20I,306,34.0,166.3,31.25,141.36,113.2,On Fire
Reema Naseer,T20I,31,5.17,48.44,5.17,48.44,100.0,Good
Rehan Ahmed,BBL,96,12.0,131.51,12.0,131.51,100.0,Good
Rehan Ahmed,ODI,64,21.33,84.21,14.14,81.15,127.3,On Fire
Rehan Ahmed,T20I,36,36.0,156.52,14.8,142.31,176.6,On Fire
Rejaul Karim,T20I,78,19.5,130.0,19.5,130.0,100.0,Good
Renuka Singh,ODI,5,2.5,31.25,2.33,37.5,95.3,Good
Renuka Singh,T20I,1,1.0,100.0,4.33,86.67,69.2,Average
Renuka Singh,WPL,13,3.25,81.25,3.17,63.33,115.4,On Fire
Reyyan Aliusta,T20I,1,1.0,25.0,1.0,25.0,100.0,Good
Rhys Burinaga,T20I,32,8.0,80.0,6.6,75.86,113.3,On Fire
Riazat Ali Shah,T20I,251,50.2,178.01,36.89,129.74,136.6,On Fire
Rinitha Rajith,ODI,147,21.0,66.22,21.0,66.22,100.0,Good
Rinitha Rajith,T20I,264,15.53,116.81,11.92,105.92,120.3,On Fire
Rishad Hossain,BBL,27,13.5,135.0,13.5,135.0,100.0,Good
Rishad Hossain,ODI,129,14.33,117.27,16.64,129.79,88.2,Good
Rishad Hossain,PSL,27,4.5,79.41,4.5,79.41,100.0,Good
Rishad Hossain,T20I,66,5.5,98.51,8.5,122.1,72.7,Average
Rithika Rajesh,T20I,6,3.0,26.09,3.0,26.09,100.0,Good
Rithika Sriram,T20I,13,4.33,29.55,4.33,29.55,100.0,Good
Ritik Tomar,T20I,94,9.4,83.93,14.0,104.35,73.8,Average
Ritu Moni,ODI,223,22.3,77.43,17.47,64.29,124.0,On Fire
Ritu Moni,T20I,95,10.56,98.96,9.94,79.39,115.4,On Fire
Riya Sharma,T20I,19,2.38,31.15,2.38,31.15,100.0,Good
Riyaa Bhasin,T20I,31,31.0,50.0,6.0,48.84,309.5,On Fire
Rizpha Bano,T20I,99,14.14,87.61,14.79,84.13,99.9,Good
Rizwan Butt,T20I,83,6.92,96.51,9.64,118.42,76.6,Average
Rizwan Haider,T20I,4,4.0,200.0,18.0,128.57,88.9,Good
Rizwan Mangera,T20I,2,1.0,22.22,1.33,18.18,98.7,Good
Rizwan Mehmood,PSL,8,8.0,53.33,8.0,53.33,100.0,Good
Rizwan Zahoor,T20I,16,16.0,84.21,16.0,84.21,100.0,Good
Rizwana Begum,T20I,0,0.0,0.0,0.0,0.0,0.0,
Roheed Akhtar,T20I,12,3.0,50.0,6.5,60.0,64.7,Average
Rohit Kumar,T20I,179,19.89,114.01,18.5,116.67,102.6,Good
Rohit Limbu,T20I,12,12.0,48.0,12.0,48.0,100.0,Good
Rohit Sharma,T20I,131,43.67,181.94,43.67,181.94,100.0,Good
Roma Thapa,T20I,70,8.75,73.68,8.71,69.32,103.4,Good
Ronitkumar Ahir,T20I,8,4.0,80.0,4.0,80.0,100.0,Good
Roshni Sebastian,T20I,0,0.0,0.0,0.0,0.0,0.0,
Rosine Irera,T20I,38,19.0,61.29,13.8,70.41,112.4,On Fire
Ross Hardie,T20I,1,1.0,50.0,1.0,50.0,100.0,Good
Rubya Haider,ODI,144,24.0,56.92,24.0,56.92,100.0,Good
Ruchitha Venkatesh,T20I,37,12.33,86.05,8.52,58.12,146.4,On Fire
Rumaisa Jawad Nasir,T20I,4,1.33,11.11,1.33,11.11,100.0,Good
Rupesh Singh,T20I,65,21.67,141.3,21.67,141.3,100.0,Good
Ryan Adams,T20I,15,5.0,68.18,5.0,68.18,100.0,Good
Ryan Ani,T20I,12,12.0,133.33,12.0,133.33,100.0,Good
S Akiteng,T20I,4,1.33,100.0,2.17,52.0,126.8,On Fire
S Alavala,T20I,0,0.0,0.0,0.0,0.0,0.0,
S Arachchige,T20I,4,4.0,80.0,4.0,57.14,120.0,On Fire
S Arora,IPL,121,20.17,157.14,20.17,157.14,100.0,Good
S Asha,WPL,49,24.5,132.43,13.75,125.0,142.1,On Fire
S Austin,T20I,98,16.33,111.36,16.09,102.91,104.9,Good
S Baker,ODI,0,0.0,0.0,0.0,0.0,0.0,
S Baker,Test,4,4.0,8.89,4.0,8.89,100.0,Good
S Bandeva,T20I,0,0.0,0.0,0.0,0.0,0.0,
S Bangera,T20I,3,1.0,20.0,6.8,73.91,20.9,Poor
S Barnett,T20I,11,11.0,137.5,4.67,77.78,206.2,On Fire
S Basharat,T20I,2,2.0,28.57,2.0,28.57,100.0,Good
S Bau,T20I,242,26.89,123.47,25.16,112.75,108.2,Good
S Bevin,T20I,14,7.0,93.33,7.0,93.33,100.0,Good
S Bhandari,T20I,5,5.0,26.32,5.0,26.32,100.0,Good
S Bhardwaj,T20I,68,7.56,48.23,6.8,46.9,107.0,Good
S Bharratt,T20I,62,12.4,84.93,12.4,84.93,100.0,Good
S Bist,T20I,3,1.5,60.0,2.0,40.0,112.5,On Fire
S Borakambi,T20I,3,3.0,100.0,3.0,100.0,100.0,Good
S Brathwaite,CPL,20,10.0,68.97,10.0,68.97,100.0,Good
S Budhathoki,T20I,2,2.0,100.0,2.0,100.0,100.0,Good
S Burdekin,T20I,36,9.0,133.33,14.69,106.11,93.5,Good
S Chandnani,T20I,1,1.0,25.0,1.0,25.0,100.0,Good
S Chandramohan,T20I,48,12.0,90.57,25.35,119.39,61.6,Average
S Chaturongrattana,ODI,34,6.8,43.04,6.8,43.04,100.0,Good
S Chaturongrattana,T20I,96,8.73,68.09,8.23,62.94,107.1,Good
S Chaudhary,T20I,21,10.5,95.45,7.67,85.19,124.5,On Fire
S Chilemanya,T20I,49,6.12,71.01,6.12,71.01,100.0,Good
S Chinawa,T20I,172,7.82,62.32,9.97,65.88,86.5,Good
S Choden,T20I,136,19.43,68.34,10.58,57.86,150.9,On Fire
S Coelho,T20I,0,0.0,0.0,0.0,0.0,0.0,
S Conteh,T20I,31,4.43,44.93,7.95,62.78,63.6,Average
S Cotter,T20I,22,7.33,57.89,16.77,97.76,51.5,Poor
S Dabholkatr,T20I,23,5.75,88.46,5.75,88.46,100.0,Good
S Davizi,T20I,169,15.36,117.36,32.84,143.38,64.3,Average
S Descarte,CPL,123,24.6,135.16,14.93,121.51,138.0,On Fire
S Desungnoen,T20I,240,12.0,86.64,12.47,82.27,100.8,Good
S Dhami,T20I,1,1.0,12.5,1.0,12.5,100.0,Good
S Dharnidharka,ODI,122,20.33,50.83,20.33,50.83,100.0,Good
S Dharnidharka,T20I,277,25.18,99.28,13.54,83.3,152.6,On Fire
S Divya,T20I,10,3.33,43.48,3.33,43.48,100.0,Good
S Dube,IPL,627,34.83,142.5,31.31,145.42,104.6,Good
S Dube,ODI,0,0.0,0.0,8.6,87.76,0.0,
S Dube,T20I,679,29.52,166.01,27.58,151.37,108.4,Good
S Dunukedeniya,T20I,105,21.0,88.24,15.71,82.71,120.2,On Fire
S Ecclestone,ODI,67,9.57,88.16,11.38,72.71,102.7,Good
S Ecclestone,T20I,101,16.83,144.29,17.52,132.85,102.3,Good
S Ecclestone,Test,80,20.0,55.17,19.77,46.56,109.8,Good
S Ecclestone,WPL,125,9.62,104.17,10.19,108.08,95.4,Good
S Etim,T20I,147,9.8,76.56,8.9,71.37,108.7,Good
S Fanning,BBL,102,25.5,137.84,26.6,141.49,96.6,Good
S Foo-Ryland,T20I,127,127.0,88.81,127.0,88.81,100.0,Good
S Forbes,ODI,321,21.4,64.2,17.0,57.87,118.4,On Fire
S Forbes,T20I,6,6.0,46.15,5.0,58.82,99.2,Good
S Foster,T20I,118,13.11,84.89,17.36,92.75,83.5,Average
S Fouché,ODI,34,11.33,64.15,26.1,67.62,69.1,Average
S Frank,T20I,1,0.5,20.0,0.5,20.0,100.0,Good
S Gajnabi,ODI,70,10.0,52.63,7.0,46.67,127.8,On Fire
S Gajnabi,T20I,98,24.5,98.0,12.21,75.8,165.0,On Fire
S Galabova,T20I,123,8.2,63.08,7.0,56.5,114.4,On Fire
S Georgota,T20I,76,5.43,53.15,9.09,58.38,75.4,Average
S Gill,T20I,305,21.79,112.96,24.88,123.6,89.5,Good
S Gimhani,T20I,0,0.0,0.0,0.0,0.0,0.0,
S Glenn,ODI,3,3.0,100.0,17.0,81.93,69.9,Average
S Godara,T20I,10,5.0,100.0,18.8,144.62,47.9,Poor
S Gokhale,ODI,27,13.5,51.92,13.5,51.92,100.0,Good
S Gooch,T20I,212,23.56,97.25,30.88,107.86,83.2,Average
S Grover,T20I,262,20.15,137.89,19.61,136.29,102.0,Good
S Gulecha,T20I,61,8.71,110.91,8.71,110.91,100.0,Good
S Gupta,WPL,33,8.25,137.5,8.25,137.5,100.0,Good
S Hassall,T20I,12,4.0,37.5,5.75,50.0,72.3,Average
S Heath,T20I,273,34.12,155.11,34.12,155.11,100.0,Good
S Hector,ODI,24,12.0,72.73,12.0,72.73,100.0,Good
S Hector,T20I,15,7.5,78.95,7.5,78.95,100.0,Good
S Hojholt,T20I,134,14.89,62.33,14.89,62.33,100.0,Good
S Hook,T20I,132,22.0,128.16,19.94,101.99,118.0,On Fire
S Houghton,T20I,216,15.43,84.38,13.5,79.15,110.5,On Fire
S Hunter,T20I,25,8.33,73.53,8.33,73.53,100.0,Good
S Immadi,ODI,0,0.0,0.0,4.0,33.33,0.0,
S Immadi,T20I,8,2.67,44.44,2.75,25.58,135.4,On Fire
S Ishaque,WPL,0,0.0,0.0,0.33,14.29,0.0,
S Ismail,T20I,5,5.0,83.33,6.95,79.78,88.2,Good
S Ismail,WPL,4,4.0,400.0,6.0,133.33,183.3,On Fire
S Iushchenko,T20I,6,6.0,60.0,5.0,25.64,177.0,On Fire
S Jafta,ODI,308,18.12,86.52,16.14,71.75,116.4,On Fire
S Jafta,T20I,34,5.67,109.68,11.47,126.47,68.1,Average
S Jamil,T20I,38,19.0,131.03,12.5,89.29,149.4,On Fire
S Jayakodi,T20I,39,9.75,42.39,8.44,41.53,108.8,Good
S Jegannathan,T20I,306,25.5,99.67,25.5,99.67,100.0,Good
S Jele,T20I,37,12.33,108.82,7.6,102.7,134.1,On Fire
S Jimmy,ODI,37,12.33,51.39,14.09,58.94,87.3,Good
S Jimmy,T20I,72,12.0,87.8,15.39,85.86,90.1,Good
S Jora,ODI,7,7.0,140.0,10.5,87.5,113.3,On Fire
S Jora,T20I,122,15.25,123.23,18.7,120.81,91.8,Good
S Joseph,CPL,5,5.0,62.5,6.5,81.25,76.9,Average
S Joseph,ODI,34,34.0,94.44,34.0,94.44,100.0,Good
S Joseph,T20I,34,34.0,188.89,39.0,177.27,96.9,Good
S Joseph,Test,213,19.36,109.23,16.62,94.55,116.0,On Fire
S Kalyan,ODI,55,13.75,45.08,13.75,45.08,100.0,Good
S Kamate,T20I,42,8.4,82.35,5.0,64.81,147.5,On Fire
S Kambalapalli,T20I,111,15.86,100.0,15.86,100.0,100.0,Good
S Kananji,T20I,350,17.5,101.74,17.74,95.8,102.4,Good
S Kanankege,T20I,22,5.5,50.0,4.38,42.17,122.1,On Fire
S Kaneria,T20I,65,16.25,77.38,16.25,77.38,100.0,Good
S Kato,T20I,145,18.12,90.06,14.45,77.9,120.5,On Fire
S Kavindi,T20I,95,19.0,125.0,19.0,125.0,100.0,Good
S Kharvi,T20I,156,9.75,89.14,9.75,89.14,100.0,Good
S Khiaoto,ODI,88,22.0,74.58,21.2,74.65,101.8,Good
S Khiaoto,T20I,101,9.18,104.12,12.46,82.51,99.9,Good
S Khurana,ODI,4,4.0,36.36,4.0,36.36,100.0,Good
S Khurana,T20I,176,16.0,101.15,16.46,100.0,99.2,Good
S Kijiana,T20I,55,11.0,107.84,11.0,107.84,100.0,Good
S Kizito,T20I,14,2.8,31.11,2.0,29.79,122.2,On Fire
S Kochar,T20I,35,8.75,79.55,8.75,79.55,100.0,Good
S Kolcharam,T20I,394,19.7,110.67,17.08,105.97,109.9,Good
S Kolcunova,T20I,2,0.67,5.13,3.6,21.18,21.4,Poor
S Kommula,T20I,0,0.0,0.0,0.0,0.0,0.0,
S Konstas,BBL,217,18.08,107.43,19.5,117.67,92.0,Good
S Konstas,Test,95,11.88,46.12,16.3,56.4,77.3,Average
S Koppolu,T20I,104,14.86,113.04,13.08,105.37,110.4,On Fire
S Kotte,ODI,1,0.5,11.11,0.5,11.11,100.0,Good
S Kotte,T20I,12,6.0,54.55,6.25,37.88,120.0,On Fire
S Krisheta,T20I,173,14.42,81.6,14.42,81.6,100.0,Good
S Kubheka,T20I,16,16.0,123.08,6.67,86.96,190.7,On Fire
S Kucuksucu,T20I,3,3.0,100.0,2.0,13.33,450.1,On Fire
S Lamichhane,ODI,39,4.88,72.22,13.69,87.09,59.3,Poor
S Lamichhane,T20I,12,6.0,75.0,6.5,89.66,88.0,Good
S Laomi,ODI,17,3.4,43.59,7.8,55.32,61.2,Average
S Laomi,T20I,98,6.12,68.06,7.04,62.24,98.1,Good
S Lita D'Sa,T20I,17,1.89,42.5,5.3,69.71,48.3,Poor
S Lomani,T20I,68,11.33,59.65,11.56,59.09,99.5,Good
S Luus,ODI,865,43.25,87.2,30.36,71.58,132.1,On Fire
S Luus,T20I,477,28.06,131.77,22.77,112.44,120.2,On Fire
S MacMahon,ODI,3,3.0,33.33,13.5,89.26,29.8,Poor
S Maduranga,T20I,177,19.67,83.1,17.15,76.9,111.4,On Fire
S Mahmood,ODI,11,11.0,50.0,10.33,58.49,96.0,Good
S Mahmood,T20I,1,1.0,50.0,7.0,77.78,39.3,Poor
S Malla,ODI,0,0.0,0.0,0.0,0.0,0.0,
S Malla,T20I,0,0.0,0.0,0.0,0.0,0.0,
S Malwatta,T20I,2,1.0,22.22,2.83,42.5,43.8,Poor
S Mandhana,ODI,1451,58.04,107.64,51.39,93.31,114.1,On Fire
S Mandhana,T20I,990,36.67,140.83,32.04,128.7,111.9,On Fire
S Mandhana,Test,159,39.75,62.85,55.71,63.47,85.2,Good
S Mandhana,WPL,576,38.4,146.56,31.06,136.48,115.5,On Fire
S Mathur,T20I,135,15.0,90.0,15.23,88.39,100.2,Good
S Matijevic,T20I,90,18.0,68.7,20.43,76.47,89.0,Good
S Meghana,WPL,53,26.5,212.0,23.23,118.43,146.5,On Fire
S Merican,T20I,6,1.2,16.67,2.67,27.97,52.3,Poor
S Molineux,ODI,79,19.75,75.24,14.3,79.01,116.7,On Fire
S Molineux,T20I,49,12.25,168.97,8.23,118.89,145.5,On Fire
S Mostary,ODI,420,32.31,72.04,25.5,69.09,115.5,On Fire
S Mostary,T20I,590,26.82,109.06,20.25,95.61,123.3,On Fire
S Movva,ODI,281,31.22,64.6,31.84,66.85,97.3,Good
S Movva,T20I,117,19.5,108.33,22.12,106.82,94.8,Good
S Mtae,T20I,454,17.46,108.61,19.02,105.9,97.2,Good
S Muniandy,T20I,296,15.58,112.55,17.33,115.09,93.8,Good
S Murari,T20I,1,1.0,20.0,2.0,58.82,42.0,Poor
S Muthusamy,ODI,22,7.33,88.0,7.33,88.0,100.0,Good
S Muthusamy,T20I,24,6.0,104.35,6.0,104.35,100.0,Good
S Muthusamy,Test,215,71.67,52.57,55.43,47.84,119.6,On Fire
S Naidu,ODI,0,0.0,0.0,0.0,0.0,0.0,
S Nampiina,T20I,486,15.68,84.38,15.81,89.54,96.7,Good
S Nisansala,ODI,0,0.0,0.0,6.67,68.97,0.0,
S Niyomuhoza,T20I,166,13.83,84.26,15.11,79.5,98.8,Good
S Norman,T20I,6,3.0,60.0,3.0,60.0,100.0,Good
S Nunna,T20I,0,0.0,0.0,0.0,0.0,0.0,
S Ostergaard,T20I,46,6.57,57.5,5.11,54.76,116.8,On Fire
S Ozkunduz,T20I,39,9.75,79.59,9.75,79.59,100.0,Good
S Pakhrin,T20I,110,13.75,67.48,13.75,67.48,100.0,Good
S Paldon,T20I,35,7.0,44.3,9.5,49.74,81.4,Average
S Pandey,WPL,58,14.5,113.73,24.0,120.0,77.6,Average
S Panguluri,T20I,8,8.0,44.44,8.0,44.44,100.0,Good
S Pattenden,T20I,4,2.0,22.22,2.0,18.18,111.1,On Fire
S Periyalwar,T20I,73,14.6,121.67,19.27,99.3,99.1,Good
S Phakathi,T20I,25,8.33,40.98,8.33,40.98,100.0,Good
S Pillai,T20I,98,16.33,68.06,13.0,69.15,112.0,On Fire
S Pillay,T20I,11,11.0,110.0,11.0,110.0,100.0,Good
S Pitabeddara,T20I,0,0.0,0.0,0.5,25.0,0.0,
S Praveen,T20I,64,16.0,61.54,16.0,61.54,100.0,Good
S Qeshile,ODI,22,22.0,95.65,22.0,95.65,100.0,Good
S Ramakrishnan,T20I,166,55.33,146.9,32.83,126.28,142.4,On Fire
S Rana,ODI,219,31.29,93.59,19.19,89.56,133.8,On Fire
S Rana,T20I,8,8.0,133.33,13.25,98.15,98.1,Good
S Rana,Test,49,12.25,43.75,21.25,41.16,82.0,Average
S Rana,WPL,89,22.25,158.93,12.36,130.77,150.8,On Fire
S Raveendrakumar,T20I,77,15.4,70.64,13.5,65.85,110.7,On Fire
S Ravichandran,T20I,256,16.0,93.43,21.64,120.05,75.9,Average
S Ravikumar,T20I,58,8.29,56.86,11.09,64.89,81.2,Average
S Rokuad,T20I,4,4.0,19.05,4.0,19.05,100.0,Good
S Rukmal,T20I,5,5.0,71.43,4.5,45.0,134.9,On Fire
S Rungrueang,T20I,20,5.0,62.5,5.82,62.66,92.8,Good
S Sadarangani,T20I,29,14.5,82.86,13.29,67.88,115.6,On Fire
S Sajana,WPL,154,14.0,132.76,17.21,140.94,87.8,Good
S Sajeev,ODI,15,15.0,55.56,15.0,55.56,100.0,Good
S Samarawickrama,ODI,195,39.0,77.69,31.7,89.87,104.7,Good
S Samuels,T20I,7,3.5,21.21,3.5,26.42,90.1,Good
S Sarandeva,T20I,107,7.13,44.21,6.06,41.92,111.6,On Fire
S Sarthak,T20I,5,5.0,100.0,14.67,112.82,61.4,Average
S Savkovic,T20I,7,3.5,63.64,3.5,63.64,100.0,Good
S Sehrawat,WPL,165,12.69,108.55,12.28,103.02,104.4,Good
S Selvaraj,T20I,27,13.5,112.5,13.5,112.5,100.0,Good
S Shailesh,T20I,38,7.6,50.0,7.6,50.0,100.0,Good
S Sharma,T20I,27,6.75,96.43,4.38,89.74,130.8,On Fire
S Sheridan,T20I,138,17.25,117.95,17.25,117.95,100.0,Good
S Shermatov,T20I,64,16.0,100.0,16.0,100.0,100.0,Good
S Shrivastava,ODI,19,19.0,50.0,11.0,43.14,144.3,On Fire
S Shrivastava,T20I,12,6.0,57.14,24.0,87.27,45.2,Poor
S Siegers,ODI,9,9.0,128.57,6.67,80.0,147.8,On Fire
S Siegers,T20I,37,5.29,82.22,5.31,66.99,111.2,On Fire
S Sigaiwasa,T20I,58,7.25,53.21,6.3,50.81,109.9,Good
S Singh,T20I,240,15.0,102.13,17.95,105.16,90.3,Good
S Sinha,T20I,199,22.11,100.51,22.11,100.51,100.0,Good
S Smith,T20I,12,3.0,40.0,5.67,52.31,64.7,Average
S Sola,T20I,45,6.43,77.59,5.64,63.92,117.7,On Fire
S Solman,T20I,265,29.44,89.83,23.41,87.47,114.2,On Fire
S Stephen,T20I,191,12.73,91.83,12.73,91.83,100.0,Good
S Sugaya-Slater,T20I,25,8.33,83.33,8.33,83.33,100.0,Good
S Sunday,T20I,292,15.37,92.99,16.95,92.54,95.6,Good
S Tabuisulu,T20I,9,2.25,56.25,2.17,48.15,110.3,On Fire
S Talamarla,T20I,103,11.44,78.03,11.44,78.03,100.0,Good
S Thanikaithasan,T20I,133,16.62,154.65,16.36,124.46,112.9,On Fire
S Thapa,T20I,0,0.0,0.0,4.0,66.67,0.0,
S Tharanga,T20I,37,9.25,105.71,9.25,105.71,100.0,Good
S Tosic,T20I,19,6.33,50.0,10.92,55.51,74.0,Average
S Tuhadeleni,T20I,10,10.0,50.0,11.0,42.31,104.5,Good
S Uwera,T20I,77,15.4,57.46,11.54,64.27,111.4,On Fire
S Vaia,T20I,95,15.83,66.43,14.6,63.48,106.5,Good
S Vashisht,T20I,48,16.0,94.12,10.94,96.15,122.1,On Fire
S Vasilakis,T20I,1,1.0,16.67,4.33,50.0,28.2,Poor
S Vaz,T20I,8,8.0,72.73,8.0,72.73,100.0,Good
S Vijay Unni,T20I,118,10.73,78.67,14.09,84.82,84.5,Average
S Vuni,T20I,97,13.86,67.83,16.5,68.39,91.6,Good
S Walaza,T20I,9,4.5,52.94,2.82,55.36,127.6,On Fire
S Wankhade,T20I,37,9.25,45.68,9.25,45.68,100.0,Good
S Waqabaca,T20I,5,5.0,25.0,5.0,25.0,100.0,Good
S Wickramasekara,T20I,94,31.33,156.67,23.86,140.75,121.3,On Fire
S Williams,T20I,48,24.0,96.0,20.0,87.91,114.6,On Fire
S Yenamandra,T20I,41,5.12,36.28,5.12,36.28,100.0,Good
S Yeshi,T20I,26,6.5,83.87,4.82,67.95,129.1,On Fire
S Yildirim,T20I,97,32.33,95.1,32.33,95.1,100.0,Good
S Yordanova,T20I,29,7.25,45.31,7.25,45.31,100.0,Good
SA Abbott,BBL,22,5.5,104.76,11.3,114.23,70.2,Average
SA Abbott,ODI,22,11.0,70.97,19.68,96.39,64.8,Average
SA Abbott,PSL,3,3.0,21.43,3.0,21.43,100.0,Good
SA Abbott,T20I,25,12.5,113.64,7.14,102.04,143.2,On Fire
SA Ahmad,T20I,158,22.57,150.48,22.41,112.74,117.1,On Fire
SA Akenji,T20I,4,1.33,17.39,3.0,35.29,46.8,Poor
SA Campbelle,ODI,306,17.0,63.09,21.3,61.4,91.3,Good
SA Campbelle,T20I,337,21.06,106.31,17.36,93.6,117.4,On Fire
SA Dias,T20I,5,5.0,29.41,5.0,29.41,100.0,Good
SA Edwards,ODI,652,54.33,76.35,40.68,86.41,111.0,On Fire
SA Edwards,T20I,304,27.64,130.47,22.91,126.53,111.9,On Fire
SA Jumbe,T20I,44,8.8,97.78,14.24,104.68,77.6,Average
SA Mohandas,T20I,37,5.29,67.27,8.8,87.13,68.7,Average
SA Okpe,T20I,395,19.75,108.22,16.41,102.7,112.9,On Fire
SA Panayan,T20I,1,0.5,20.0,5.18,50.89,24.5,Poor
SA Pradhan,T20I,2,2.0,33.33,2.0,33.33,100.0,Good
SA Sathiya,T20I,32,8.0,76.19,8.0,76.19,100.0,Good
SA Wittmann,T20I,740,20.0,101.51,18.52,94.7,107.6,Good
SA Yadav,IPL,987,41.12,161.8,33.44,148.54,115.9,On Fire
SA Yadav,T20I,705,26.11,147.49,36.59,162.63,81.0,Average
SA van Breda,T20I,3,3.0,37.5,3.0,37.5,100.0,Good
SAN Maypriani,T20I,9,1.8,40.91,2.14,32.61,104.8,Good
SAR Hashimi,T20I,0,0.0,0.0,0.0,0.0,0.0,
SB Dubey,IPL,187,23.38,150.81,22.0,153.85,102.1,Good
SB Harper,BBL,423,32.54,147.9,22.52,134.41,127.3,On Fire
SB Harper,PSL,8,8.0,114.29,8.0,114.29,100.0,Good
SB Martinez,T20I,30,30.0,75.0,15.67,58.02,160.4,On Fire
SB Patel,T20I,155,11.92,115.67,11.92,115.67,100.0,Good
SB Wagh,T20I,77,25.67,105.48,19.0,82.61,131.4,On Fire
SC Williams,ODI,77,38.5,93.9,37.51,88.58,104.3,Good
SC Williams,T20I,114,28.5,165.22,23.79,129.75,123.6,On Fire
SC Williams,Test,583,44.85,75.52,37.58,64.06,118.6,On Fire
SC de Oliveira,T20I,62,20.67,155.0,20.67,155.0,100.0,Good
SC van Schalkwyk,CPL,35,17.5,145.83,17.5,145.83,100.0,Good
SC van Schalkwyk,ODI,34,17.0,109.68,17.25,61.06,139.1,On Fire
SC van Schalkwyk,T20I,3,3.0,42.86,21.4,112.63,26.0,Poor
SD Diwan Ali,T20I,7,2.33,12.96,2.33,12.96,100.0,Good
SD Hope,BBL,15,7.5,83.33,20.6,115.73,54.2,Poor
SD Hope,CPL,767,51.13,121.55,32.84,125.82,126.2,On Fire
SD Hope,ODI,876,51.53,94.5,48.47,81.51,111.1,On Fire
SD Hope,PSL,61,12.2,101.67,15.23,113.79,84.7,Average
SD Hope,T20I,896,34.46,134.94,29.75,137.35,107.0,Good
SD Hope,Test,792,37.71,48.92,28.15,43.76,122.9,On Fire
SD Hussein,T20I,33,4.12,36.26,3.4,35.42,111.8,On Fire
SD Parris,CPL,29,7.25,76.32,17.33,102.46,58.2,Poor
SD Ranawaka,T20I,1,0.33,5.88,0.33,5.88,100.0,Good
SDM Herath,T20I,4,1.33,17.39,1.33,17.39,100.0,Good
SE Rutherford,BBL,50,50.0,178.57,14.8,110.45,249.8,On Fire
SE Rutherford,CPL,400,23.53,135.14,23.62,134.31,100.1,Good
SE Rutherford,IPL,414,29.57,159.23,24.76,142.86,115.4,On Fire
SE Rutherford,ODI,352,22.0,85.85,36.91,99.18,73.1,Average
SE Rutherford,T20I,474,23.7,151.92,25.31,149.41,97.7,Good
SF Jerome,T20I,21,4.2,52.5,9.89,72.36,57.5,Poor
SF Mangoda,T20I,42,8.4,113.51,8.4,113.51,100.0,Good
SF Sirah,T20I,34,5.67,51.52,6.5,58.43,87.7,Good
SF Tiai,T20I,188,17.09,114.63,15.68,115.5,104.1,Good
SFM Devine,ODI,289,57.8,85.25,37.62,89.27,124.6,On Fire
SFM Devine,T20I,426,32.77,144.9,31.16,125.75,110.2,On Fire
SFM Devine,WPL,243,30.38,148.17,25.8,151.41,107.8,Good
SFS Cheema,T20I,2,0.5,25.0,0.5,25.0,100.0,Good
SG Diaby,T20I,9,2.25,56.25,2.57,58.06,92.2,Good
SG Luijke,T20I,116,16.57,97.48,16.57,97.48,100.0,Good
SG Mangela,T20I,164,27.33,115.49,24.07,116.45,106.4,Good
SG Satghare,ODI,2,2.0,66.67,2.0,66.67,100.0,Good
SG Satghare,Test,29,9.67,26.36,9.67,26.36,100.0,Good
SG Satghare,WPL,16,8.0,94.12,11.5,95.83,83.9,Average
SH Johnson,BBL,27,27.0,207.69,8.0,126.32,251.0,On Fire
SH Johnson,IPL,2,2.0,40.0,8.0,66.67,42.5,Poor
SH Johnson,ODI,0,0.0,0.0,12.0,85.71,0.0,
SH Lawlor,T20I,74,12.33,56.06,15.0,55.79,91.3,Good
SH Mohamedi,T20I,39,4.33,67.24,8.3,77.93,69.2,Average
SH Venugopal,T20I,249,22.64,107.79,22.64,107.79,100.0,Good
SIP Fernando,ODI,0,0.0,0.0,2.5,25.86,0.0,
SIR Dunkley,ODI,472,33.71,90.42,28.66,84.86,112.1,On Fire
SIR Dunkley,T20I,573,33.71,134.82,25.67,123.36,120.3,On Fire
SIR Dunkley,Test,25,12.5,33.78,25.33,53.9,56.0,Poor
SJ Bryce,ODI,197,39.4,91.2,36.8,80.88,109.9,Good
SJ Bryce,T20I,598,35.18,127.78,30.75,112.88,113.8,On Fire
SJ Bryce,WPL,60,15.0,150.0,15.0,150.0,100.0,Good
SJ French,T20I,110,12.22,83.33,12.22,83.33,100.0,Good
SJ Hate,T20I,2,2.0,66.67,2.0,66.67,100.0,Good
SJ Hughes-Pinan,T20I,1,1.0,100.0,8.0,66.67,81.2,Average
SK Gedara,T20I,5,5.0,100.0,5.0,100.0,100.0,Good
SK Lahiri,T20I,3,3.0,42.86,3.0,42.86,100.0,Good
SK Patel,ODI,607,33.72,82.47,35.4,80.31,99.0,Good
SK Rana,T20I,177,25.29,90.31,12.45,71.73,164.5,On Fire
SK Rasheed,IPL,71,14.2,112.7,14.2,112.7,100.0,Good
SK Reddy,T20I,118,39.33,77.12,41.0,75.93,98.7,Good
SK Springer,CPL,67,11.17,115.52,14.4,105.11,93.7,Good
SK Springer,ODI,18,9.0,69.23,9.0,69.23,100.0,Good
SK Springer,T20I,49,24.5,136.11,18.67,133.33,116.7,On Fire
SKS Gill,T20I,278,21.38,99.29,23.5,101.32,94.5,Good
SL Gomez,T20I,113,18.83,86.92,7.8,75.62,178.2,On Fire
SL Kalis,T20I,855,32.88,107.68,35.6,105.21,97.4,Good
SL Verma,T20I,206,51.5,153.73,51.5,153.73,100.0,Good
SM Ariyasinghage,T20I,1,0.33,16.67,0.33,16.67,100.0,Good
SM Arooja,T20I,14,2.8,35.9,2.33,35.0,111.4,On Fire
SM Boland,Test,57,8.14,39.31,8.33,31.81,110.6,On Fire
SM Curran,BBL,71,35.5,139.22,35.5,139.22,100.0,Good
SM Curran,IPL,114,22.8,135.71,24.92,136.39,95.5,Good
SM Curran,ODI,71,11.83,65.14,22.69,89.52,62.5,Average
SM Curran,T20I,388,38.8,135.19,21.26,129.84,143.3,On Fire
SM Dhanusri,T20I,195,19.5,75.29,15.38,73.26,114.8,On Fire
SM Don,T20I,10,2.5,26.32,2.5,26.32,100.0,Good
SM Elliott,BBL,21,7.0,84.0,5.75,71.88,119.3,On Fire
SM Mayers,T20I,5,2.5,83.33,26.08,98.26,47.2,Poor
SM Nash,T20I,70,7.78,61.95,7.75,64.58,98.2,Good
SM Sharif,ODI,91,45.5,162.5,20.82,77.53,214.1,On Fire
SM Sharif,T20I,14,4.67,53.85,12.13,103.41,45.3,Poor
SM Sharma,ODI,39,39.0,125.81,26.0,96.3,140.3,On Fire
SM Sharma,T20I,4,4.0,80.0,6.0,85.71,80.0,Average
SM Solia,T20I,338,30.73,120.71,30.73,120.71,100.0,Good
SM Tupou,T20I,28,5.6,50.91,10.2,79.69,59.4,Poor
SN Khan,IPL,161,23.0,169.47,22.61,137.38,112.5,On Fire
SN Netravalkar,CPL,2,2.0,40.0,2.0,40.0,100.0,Good
SN Netravalkar,ODI,25,25.0,55.56,10.87,58.84,162.2,On Fire
SN Netravalkar,T20I,8,8.0,114.29,7.0,89.36,121.1,On Fire
SN Pathirana,T20I,3,3.0,60.0,7.71,62.79,67.2,Average
SN Shihepo,T20I,80,6.15,73.39,8.15,76.42,85.7,Good
SN Swamy,T20I,7,3.5,53.85,3.5,53.85,100.0,Good
SN Thakur,IPL,42,8.4,100.0,11.63,132.7,73.8,Average
SN Thakur,Test,46,15.33,42.59,18.85,59.84,76.2,Average
SO Hetmyer,CPL,473,26.28,172.63,28.49,144.42,105.9,Good
SO Hetmyer,IPL,323,19.0,136.29,27.47,149.29,80.2,Average
SO Hetmyer,ODI,99,49.5,103.12,34.3,108.17,119.8,On Fire
SO Hetmyer,T20I,674,37.44,182.16,25.37,140.32,138.7,On Fire
SO Ngoche,T20I,39,6.5,72.22,15.22,111.61,53.7,Poor
SP Gomes,T20I,309,38.62,136.73,40.15,130.83,100.3,Good
SP Guzman,T20I,38,12.67,82.61,9.83,78.67,116.9,On Fire
SP Krishnamurthi,ODI,271,30.11,108.84,26.77,100.0,110.7,On Fire
SP Krishnamurthi,T20I,196,32.67,143.07,32.67,143.07,100.0,Good
SP Narine,CPL,209,20.9,157.14,14.45,138.11,129.2,On Fire
SP Narine,IPL,286,20.43,162.5,17.5,165.3,107.5,Good
SPD Smith,BBL,472,78.67,172.89,46.41,151.53,141.8,On Fire
SPD Smith,ODI,119,29.75,77.78,42.94,86.91,79.4,Average
SPD Smith,PSL,380,34.55,161.7,34.55,161.7,100.0,Good
SPD Smith,Test,958,53.22,58.7,56.0,53.96,101.9,Good
SR Bhudia,T20I,230,28.75,131.43,21.42,122.96,120.6,On Fire
SR Dubey,IPL,4,4.0,200.0,4.0,200.0,100.0,Good
SR Giri,WPL,9,9.0,112.5,9.0,112.5,100.0,Good
SR Harmer,Test,52,13.0,45.61,17.06,36.99,99.8,Good
SR Magar,T20I,164,18.22,89.62,18.51,82.23,103.7,Good
SR Mohan,T20I,26,8.67,63.41,10.11,61.9,94.1,Good
SR Mukkamalla,ODI,821,48.29,80.97,41.41,82.23,107.5,Good
SR Mukkamalla,T20I,406,45.11,159.84,40.94,149.19,108.7,Good
SR Patil,T20I,8,2.67,100.0,4.5,75.0,96.3,Good
SR Patil,WPL,28,14.0,164.71,21.8,151.39,86.5,Good
SR Rocket,T20I,0,0.0,0.0,2.0,33.33,0.0,
SR Taylor,ODI,648,49.85,76.51,35.55,72.92,122.6,On Fire
SR Taylor,T20I,246,22.36,94.98,32.9,105.62,78.9,Average
SR Thadani,T20I,1,1.0,16.67,8.5,48.57,23.0,Poor
SS Ilahi,T20I,19,4.75,63.33,4.75,63.33,100.0,Good
SS Iyer,IPL,1102,52.48,172.19,35.57,136.77,136.7,On Fire
SS Iyer,ODI,657,41.06,87.02,45.57,97.73,89.6,Good
SS Iyer,T20I,311,38.88,145.33,32.16,138.05,113.1,On Fire
SS Kang,ODI,31,10.33,29.52,10.33,29.52,100.0,Good
SS Kang,T20I,2,1.0,22.22,1.0,22.22,100.0,Good
SS Mishra,IPL,1,1.0,33.33,1.0,33.33,100.0,Good
SS Sawh,ODI,3,3.0,18.75,3.0,18.75,100.0,Good
SS Shukla,T20I,6,6.0,54.55,6.0,54.55,100.0,Good
SS Tallapragada,T20I,20,10.0,74.07,10.0,74.07,100.0,Good
SSJ Brooks,CPL,12,6.0,85.71,24.32,127.02,46.1,Poor
ST Doheny,Test,118,29.5,47.58,29.5,47.58,100.0,Good
STRA de Silva,T20I,57,14.25,85.07,17.3,85.64,90.9,Good
SU Parakh,IPL,46,11.5,139.39,11.5,139.39,100.0,Good
SV Collyer,T20I,83,27.67,95.4,27.67,95.4,100.0,Good
SV Samson,IPL,762,40.11,155.19,31.79,141.13,118.1,On Fire
SV Samson,T20I,622,25.92,157.07,27.54,156.16,97.4,Good
SV Shankar,T20I,5,5.0,55.56,5.0,55.56,100.0,Good
SV Wiig,T20I,1,1.0,100.0,1.0,100.0,100.0,Good
SW Bates,ODI,144,12.0,61.02,36.44,76.6,56.3,Poor
SW Bates,T20I,174,19.33,114.47,30.25,109.83,84.1,Average
SW Billings,BBL,349,21.81,126.91,27.69,138.59,85.2,Good
SW Billings,PSL,388,27.71,160.33,26.33,144.16,108.2,Good
SY Nihute,T20I,340,17.89,86.96,17.89,86.96,100.0,Good
SY Win,T20I,10,10.0,37.04,5.0,33.33,155.6,On Fire
SYD Chan,T20I,54,10.8,68.35,8.78,58.09,120.3,On Fire
SZ Peles,T20I,7,3.5,28.0,3.5,28.0,100.0,Good
SZ Thakor,WPL,33,11.0,173.68,9.5,140.74,119.6,On Fire
SZ Vayani,T20I,240,12.0,112.15,10.92,100.0,111.0,On Fire
Saad Ali,PSL,30,15.0,96.77,12.67,95.0,110.1,On Fire
Saad Baig,PSL,213,19.36,126.79,17.75,126.04,104.8,Good
Saad Bin Zafar,ODI,239,17.07,79.4,17.54,77.16,100.1,Good
Saad Bin Zafar,T20I,89,22.25,121.92,27.71,125.27,88.8,Good
Saad Masood,ODI,38,38.0,86.36,38.0,86.36,100.0,Good
Saad Masood,PSL,101,20.2,174.14,19.5,177.27,100.9,Good
Saber Zakhil,T20I,299,24.92,181.21,23.97,160.13,108.6,Good
Sabreen Zaki,T20I,42,14.0,110.53,10.17,78.21,139.5,On Fire
Sachin Ganpat Shinde,T20I,5,5.0,166.67,11.0,57.89,166.7,On Fire
Sachin Mandy,T20I,147,16.33,112.21,11.16,104.43,126.9,On Fire
Sadaf Shamas,ODI,499,45.36,87.54,31.71,72.75,131.7,On Fire
Sadaf Shamas,T20I,36,9.0,76.6,6.93,72.93,117.5,On Fire
Sadamali Bhakshala,T20I,28,7.0,62.22,3.9,44.83,159.1,On Fire
Sadat Said,T20I,5,5.0,250.0,5.0,250.0,100.0,Good
Sadia Iqbal,ODI,19,3.8,48.72,4.27,50.54,92.7,Good
Sadia Iqbal,T20I,4,4.0,36.36,2.5,44.44,120.9,On Fire
Saee Parkhi,T20I,39,6.5,41.94,5.12,41.84,113.6,On Fire
Saeed Ahmed,T20I,362,19.05,129.29,17.64,129.77,103.8,Good
Saeed Waqar Ali,T20I,12,2.4,25.0,2.83,29.31,85.1,Good
Safvan Patel,T20I,9,9.0,75.0,9.0,75.0,100.0,Good
Sagar Kumar Ahir,T20I,0,0.0,0.0,0.0,0.0,0.0,
Sageer Ahmad,T20I,162,27.0,110.96,27.0,110.96,100.0,Good
Saghar Manzoor,T20I,148,14.8,94.87,13.47,99.51,102.6,Good
Saghir Khan,T20I,54,18.0,158.82,18.0,158.82,100.0,Good
Sagor Hossain,T20I,5,2.5,41.67,2.5,41.67,100.0,Good
Sahel Zadran,T20I,88,17.6,169.23,9.93,128.7,154.4,On Fire
Sahibzada Farhan,ODI,101,16.83,75.94,16.83,75.94,100.0,Good
Sahibzada Farhan,PSL,829,39.48,158.51,32.97,142.26,115.6,On Fire
Sahibzada Farhan,T20I,1180,38.06,140.64,31.65,136.28,111.7,On Fire
Sahil Chauhan,T20I,136,10.46,125.93,25.9,176.79,55.8,Poor
Sahil Tarakhil,T20I,78,19.5,127.87,19.5,127.87,100.0,Good
Sai Hla Htwe,T20I,6,6.0,60.0,6.0,60.0,100.0,Good
Said Hakim,T20I,49,24.5,196.0,27.5,148.65,110.5,On Fire
Saif Hassan,ODI,213,21.3,80.99,21.3,80.99,100.0,Good
Saif Hassan,T20I,446,24.78,120.54,22.64,114.75,107.2,Good
Saif Ullah,T20I,45,11.25,118.42,11.25,118.42,100.0,Good
Saif-Ul Islam,T20I,158,39.5,127.42,39.5,127.42,100.0,Good
Saim Ayub,CPL,130,65.0,160.49,46.77,145.8,124.5,On Fire
Saim Ayub,ODI,236,29.5,89.73,46.94,100.0,76.3,Average
Saim Ayub,PSL,432,19.64,121.69,23.69,139.21,85.2,Good
Saim Ayub,T20I,769,21.97,137.81,21.84,139.33,99.8,Good
Saim Ayub,Test,0,0.0,0.0,22.75,54.49,0.0,
Saira Jabeen,T20I,181,18.1,123.13,18.1,123.13,100.0,Good
Sajad Ahmadzai,T20I,16,16.0,123.08,11.67,88.61,138.0,On Fire
Sajid Khan,T20I,10,3.33,34.48,3.33,34.48,100.0,Good
Sajid Khan,Test,161,16.1,67.65,15.29,60.45,108.6,Good
Sajid Khan Afridi,T20I,81,20.25,180.0,18.38,150.0,115.1,On Fire
Sajid Liaqat,T20I,120,24.0,157.89,18.12,146.46,120.1,On Fire
Sajid Safi,T20I,1,1.0,33.33,1.0,33.33,100.0,Good
Sakib Hussain,IPL,5,5.0,71.43,5.0,71.43,100.0,Good
Salil Arora,IPL,35,35.0,166.67,35.0,166.67,100.0,Good
Salim Patel,T20I,40,6.67,105.26,6.67,105.26,100.0,Good
Salman Irshad,PSL,3,3.0,60.0,2.86,54.05,108.0,Good
Salman Mirza,PSL,8,8.0,88.89,8.0,88.89,100.0,Good
Salman Mirza,T20I,9,4.5,112.5,4.5,112.5,100.0,Good
Salman Patel,T20I,32,8.0,91.43,8.0,91.43,100.0,Good
Salman Sharjeel,T20I,3,3.0,75.0,3.0,75.0,100.0,Good
Salvin Stanly,T20I,51,10.2,121.43,9.47,90.45,121.0,On Fire
Samader Shadab,T20I,2,1.0,50.0,4.67,66.67,48.2,Poor
Samarth Shetty,T20I,26,6.5,66.67,6.5,66.67,100.0,Good
Sameer Minhas,PSL,349,38.78,155.8,38.78,155.8,100.0,Good
Sameer Othman,T20I,0,0.0,0.0,0.0,0.0,0.0,
Sameer Rizvi,IPL,373,37.3,149.2,30.29,144.71,113.1,On Fire
Sameer Yousuf,T20I,17,17.0,242.86,17.0,242.86,100.0,Good
Sameera Khan,T20I,171,19.0,90.96,13.69,81.28,125.3,On Fire
Sami Sohail,T20I,838,32.23,129.12,36.53,126.08,95.3,Good
Samiha Konuganti,T20I,8,4.0,32.0,4.0,32.0,100.0,Good
Samiullah Rahmani,T20I,212,14.13,149.3,15.56,148.15,95.8,Good
Samjhana Khadka,T20I,582,14.2,102.11,13.98,102.59,100.6,Good
Sana Butt,T20I,30,3.75,32.97,3.08,32.17,112.1,On Fire
Sanah Abbas,T20I,10,5.0,27.03,5.0,27.03,100.0,Good
Sandeep Goud,T20I,58,11.6,61.05,9.6,80.81,98.2,Good
Sandeep Sharma,IPL,6,6.0,120.0,10.0,80.0,105.0,Good
Sangay Yangzom,T20I,1,1.0,100.0,1.0,100.0,100.0,Good
Sanjana Rao,T20I,2,2.0,16.67,2.0,16.67,100.0,Good
Sanjay Kumar Ahir,T20I,2,2.0,66.67,6.0,60.0,72.2,Average
Sanjida Akter Meghla,ODI,1,1.0,14.29,1.0,14.29,100.0,Good
Santosh Yadav,T20I,1,1.0,25.0,1.0,25.0,100.0,Good
Saqib Anwar,T20I,7,1.4,28.0,1.4,28.0,100.0,Good
Saqib Khan,PSL,4,4.0,200.0,4.0,200.0,100.0,Good
Saqib Zulfiqar,T20I,43,21.5,138.71,15.2,110.14,133.7,On Fire
Saqlain Arshad,T20I,89,9.89,111.25,17.85,126.94,71.5,Average
Saqlain Mukhtar,T20I,8,8.0,133.33,8.0,133.33,100.0,Good
Sara,T20I,38,7.6,39.18,7.6,39.18,100.0,Good
Sara Vivek,T20I,21,3.5,32.31,3.5,32.31,100.0,Good
Saransh Jain,Test,6,6.0,75.0,6.0,75.0,100.0,Good
Sarawut Maliwan,T20I,14,2.33,42.42,2.78,36.76,99.6,Good
Sareer Shah,T20I,2,1.0,33.33,1.0,33.33,100.0,Good
Sargam Patel,T20I,29,14.5,82.86,14.5,82.86,100.0,Good
Sarkar Ameji,T20I,0,0.0,0.0,0.0,0.0,0.0,
Saud Munir,T20I,8,8.0,88.89,12.5,58.14,108.4,Good
Saud Shakeel,ODI,91,22.75,72.8,28.77,85.39,82.2,Average
Saud Shakeel,PSL,517,27.21,124.88,30.0,130.84,93.1,Good
Saud Shakeel,Test,502,25.1,53.58,42.68,50.57,82.4,Average
Saurabh Kumar,T20I,5,1.25,19.23,1.25,19.23,100.0,Good
Sazib Bhuiyan,T20I,321,21.4,138.36,18.86,138.58,106.7,Good
Sediqullah Atal,IPL,22,22.0,137.5,22.0,137.5,100.0,Good
Seetharam Guruvayoorappan,T20I,1,1.0,25.0,15.67,68.12,21.5,Poor
Seika Sumi,T20I,58,9.67,95.08,7.71,73.97,127.0,On Fire
Sejal Vinod,T20I,26,8.67,53.06,8.67,53.06,100.0,Good
Selim Salau,T20I,306,18.0,111.68,24.89,110.39,86.7,Good
Serdar Burak Emir,T20I,54,6.0,87.1,5.4,83.08,108.0,Good
Shadab Khan,BBL,104,26.0,125.3,15.17,118.18,138.7,On Fire
Shadab Khan,CPL,132,66.0,227.59,22.25,152.14,223.1,On Fire
Shadab Khan,ODI,100,100.0,68.49,28.07,81.81,220.0,On Fire
Shadab Khan,PSL,346,28.83,148.5,21.73,141.23,118.9,On Fire
Shadab Khan,T20I,330,23.57,154.21,18.83,146.75,115.1,On Fire
Shadman Islam,Test,575,33.82,60.27,28.02,50.49,120.0,On Fire
Shadnan Khan,T20I,183,22.88,127.97,20.67,126.53,105.9,Good
Shadreck Malama,T20I,56,14.0,109.8,14.0,109.8,100.0,Good
Shafali Verma,ODI,101,33.67,101.0,24.03,85.24,129.3,On Fire
Shafali Verma,T20I,1092,37.66,160.35,28.78,138.5,123.3,On Fire
Shafali Verma,Test,73,18.25,65.18,49.23,73.14,63.1,Average
Shafali Verma,WPL,563,31.28,138.67,33.06,152.1,92.9,Good
Shafina Mahesh,T20I,219,16.85,75.52,12.26,67.32,124.8,On Fire
Shafiq Jan,T20I,0,0.0,0.0,0.0,0.0,0.0,
Shafiullah Zakhel,T20I,16,16.0,177.78,16.0,177.78,100.0,Good
Shah Abrar Hussain,T20I,325,36.11,112.46,22.38,103.77,134.9,On Fire
Shah Faisal,ODI,7,7.0,53.85,7.0,53.85,100.0,Good
Shah Faisal,T20I,34,8.5,75.56,8.5,75.56,100.0,Good
Shahab Alam,T20I,3,1.5,50.0,1.5,42.86,108.3,Good
Shahbaz Ahmed,IPL,67,67.0,136.73,20.79,123.31,216.6,On Fire
Shaheen Shah Afridi,BBL,4,2.0,50.0,2.0,50.0,100.0,Good
Shaheen Shah Afridi,ODI,96,10.67,82.76,13.96,85.6,86.6,Good
Shaheen Shah Afridi,PSL,82,7.45,101.23,11.08,130.57,72.4,Average
Shaheen Shah Afridi,T20I,161,20.12,127.78,14.91,127.51,117.6,On Fire
Shaheen Shah Afridi,Test,20,3.33,27.78,7.27,42.83,55.3,Poor
Shaheryar Butt,T20I,411,34.25,130.48,27.24,126.4,114.5,On Fire
Shahid Afridi,T20I,219,12.88,192.11,17.58,157.78,97.5,Good
Shahid Ahmadzai,ODI,12,4.0,46.15,9.5,60.32,59.3,Poor
Shahid Arshad,T20I,66,8.25,74.16,9.47,76.34,92.1,Good
Shahid Aziz,PSL,38,7.6,146.15,7.6,146.15,100.0,Good
Shahid Wasif,T20I,230,38.33,135.29,26.29,116.21,131.1,On Fire
Shahnawaz Patel,T20I,82,13.67,101.23,13.67,101.23,100.0,Good
Shahreeennawab,T20I,67,6.09,46.21,13.39,66.73,57.4,Poor
Shahzaib Jamil,T20I,279,27.9,144.56,23.44,135.87,112.7,On Fire
Shahzaib Khan,PSL,8,2.67,57.14,2.67,57.14,100.0,Good
Shahzeb Afridi,T20I,62,31.0,177.14,31.0,177.14,100.0,Good
Shaik Basha,T20I,32,10.67,72.73,12.62,97.12,79.7,Average
Shakeel Ahmed,ODI,115,10.45,53.24,14.15,53.49,86.7,Good
Shakeel Ahmed,T20I,74,12.33,93.67,13.5,96.05,94.4,Good
Shakeel Zeb,T20I,20,20.0,105.26,20.0,105.26,100.0,Good
Shakib Al Hasan,CPL,180,20.0,138.46,17.38,116.57,116.9,On Fire
Shakib Al Hasan,PSL,0,0.0,0.0,15.0,107.14,0.0,
Shakirah Sadick,T20I,6,3.0,37.5,9.25,44.05,58.8,Poor
Shakkir Kassim,T20I,7,7.0,87.5,7.0,87.5,100.0,Good
Shamim Hossain,ODI,34,17.0,82.93,11.2,70.89,134.4,On Fire
Shamim Hossain,T20I,259,15.24,120.47,17.9,123.17,91.5,Good
Shamyl Hussain,ODI,10,5.0,34.48,5.0,34.48,100.0,Good
Shamyl Hussain,PSL,215,23.89,146.26,23.89,146.26,100.0,Good
Shan Masood,PSL,394,35.82,149.24,29.68,133.76,116.1,On Fire
Shan Masood,Test,773,35.14,54.9,30.8,52.62,109.2,Good
Shantanu Kaveri,T20I,119,14.88,83.22,14.9,80.98,101.3,Good
Shanzeen Shahzad,T20I,261,12.43,81.06,11.48,72.52,110.0,Good
Shariq Munir,T20I,169,21.12,145.69,21.12,145.69,100.0,Good
Shariz Ahmad,T20I,27,13.5,87.1,13.0,103.17,94.1,Good
Sharjeel Khan,PSL,53,53.0,170.97,24.6,140.93,168.4,On Fire
Sharmin Akhter,ODI,679,42.44,64.73,33.3,61.69,116.2,On Fire
Sharmin Akhter,T20I,430,22.63,96.41,20.42,85.86,111.6,On Fire
Sharmin Sultana,ODI,42,14.0,59.15,7.79,41.13,161.8,On Fire
Sharmin Sultana,T20I,1,1.0,100.0,1.0,100.0,100.0,Good
Shashank Singh,IPL,482,37.08,161.74,36.2,161.61,101.3,Good
Shashikant Laxman,T20I,83,16.6,115.28,10.47,105.33,134.0,On Fire
Shawaal Zulfiqar,ODI,8,2.67,24.24,3.75,31.25,74.4,Average
Shawaal Zulfiqar,T20I,279,27.9,136.1,22.12,113.94,122.8,On Fire
Shayan Jahangir,CPL,16,4.0,59.26,4.0,59.26,100.0,Good
Shayan Jahangir,ODI,268,24.36,96.75,28.33,90.11,96.7,Good
Shayan Jahangir,T20I,209,34.83,129.01,28.94,134.59,108.1,Good
Sheikh Rasik,T20I,180,60.0,227.85,43.0,171.14,136.3,On Fire
Shenjian Zheng,T20I,33,16.5,165.0,14.0,140.0,117.9,On Fire
Sher Sahak,T20I,234,19.5,129.28,19.32,132.69,99.2,Good
Sheraz Sheikh,T20I,240,20.0,138.73,17.64,113.37,117.9,On Fire
Sheraz Sirwari,T20I,42,8.4,135.48,8.4,135.48,100.0,Good
Shiraz Khan,T20I,4,4.0,44.44,18.12,94.19,34.6,Poor
Shiva Mani,T20I,6,6.0,85.71,6.0,85.71,100.0,Good
Shivam Sharma,ODI,119,19.83,72.56,19.83,72.56,100.0,Good
Shivam Sharma,T20I,24,12.0,218.18,12.0,218.18,100.0,Good
Shivang Kumar,IPL,53,8.83,115.22,8.83,115.22,100.0,Good
Shivani Sati,T20I,12,3.0,38.71,2.71,33.33,113.4,On Fire
Shivani Singh,WPL,0,0.0,0.0,0.0,0.0,0.0,
Shoaib Bashir,Test,30,10.0,41.67,7.57,37.99,120.9,On Fire
Shoaib Khan,ODI,144,18.0,73.85,28.2,82.11,76.9,Average
Shoaib Khan,T20I,109,15.57,122.47,16.45,108.41,103.8,Good
Shoaib Malik,PSL,14,14.0,93.33,33.57,128.14,57.3,Poor
Shoaib Rafiq,T20I,1,0.33,11.11,7.6,92.68,8.2,Poor
Shonaya Mehta,T20I,4,4.0,50.0,4.0,50.0,100.0,Good
Shoriful Islam,ODI,7,2.33,100.0,7.0,87.5,73.8,Average
Shoriful Islam,T20I,57,7.12,101.79,5.06,96.63,123.0,On Fire
Shoriful Islam,Test,38,12.67,57.58,10.35,69.02,102.9,Good
Shorna Akter,ODI,202,15.54,73.99,15.74,68.89,103.1,Good
Shorna Akter,T20I,379,21.06,126.76,16.58,104.57,124.1,On Fire
Shreya Voya,T20I,0,0.0,0.0,0.0,0.0,0.0,
Shruti Yadav,T20I,0,0.0,0.0,0.5,12.5,0.0,
Shuaib Al Balushi,T20I,97,19.4,97.98,19.4,97.98,100.0,Good
Shubham Ranjane,ODI,190,27.14,80.17,27.14,80.17,100.0,Good
Shubham Ranjane,T20I,141,70.5,180.77,70.5,180.77,100.0,Good
Shubman Gill,IPL,1382,47.66,159.58,40.33,142.09,115.2,On Fire
Shubman Gill,ODI,813,54.2,92.07,57.11,99.05,93.9,Good
Shubman Gill,T20I,291,24.25,137.26,28.2,137.56,92.9,Good
Shubman Gill,Test,1057,62.18,62.21,42.28,61.04,124.5,On Fire
Shujaat Rasool,T20I,105,35.0,190.91,35.0,190.91,100.0,Good
Sidra Ameen,ODI,1057,62.18,74.81,40.18,68.83,131.7,On Fire
Sidra Ameen,T20I,41,13.67,100.0,17.71,88.38,95.2,Good
Sidra Nawaz,ODI,116,16.57,63.04,10.5,52.75,138.7,On Fire
Sikandar Raza,ODI,319,45.57,81.59,36.9,87.53,108.4,Good
Sikandar Raza,PSL,416,29.71,155.81,25.97,151.51,108.6,Good
Sikandar Raza,T20I,808,23.76,131.38,25.55,135.72,94.9,Good
Sikandar Raza,Test,83,13.83,64.84,31.11,54.63,81.6,Average
Sikander Zulfiqar,T20I,2,2.0,66.67,6.14,97.73,50.4,Poor
Silda Joy,T20I,11,2.75,34.38,2.75,34.38,100.0,Good
Simarjeet Singh,IPL,3,1.5,42.86,3.33,66.67,54.7,Poor
Simba Mbaki,T20I,4,4.0,57.14,4.0,57.14,100.0,Good
Simrah Mirza,T20I,3,0.75,13.04,1.17,14.58,76.8,Average
Simran Shaikh,WPL,86,12.29,124.64,9.58,98.29,127.5,On Fire
Sinan Khan,T20I,25,6.25,113.64,7.38,101.72,98.2,Good
Siow Tzin Yee,T20I,146,14.6,108.15,21.06,96.09,90.9,Good
Sirajullah Khadim,T20I,15,5.0,75.0,9.78,88.89,67.7,Average
Snigdha Malhotra,T20I,16,4.0,43.24,4.0,43.24,100.0,Good
Snir Massil,T20I,1,1.0,33.33,1.0,33.33,100.0,Good
Sobu George,T20I,53,26.5,129.27,26.5,129.27,100.0,Good
Sofia Araya,T20I,0,0.0,0.0,0.0,0.0,0.0,
Sofia Mardones,T20I,3,1.5,23.08,1.33,15.38,131.4,On Fire
Sofia Velic,T20I,3,1.0,25.0,1.0,25.0,100.0,Good
Sohail Ahmed,T20I,1064,44.33,119.55,42.33,119.29,102.5,Good
Sohel Patel,T20I,67,13.4,106.35,13.11,97.52,105.6,Good
Sojib Miah,T20I,102,20.4,178.95,20.4,178.95,100.0,Good
Sok Srey Maov,T20I,0,0.0,0.0,0.0,0.0,0.0,
Sompal Kami,ODI,132,16.5,85.16,20.35,75.38,97.0,Good
Sompal Kami,T20I,63,21.0,128.57,11.55,112.72,147.9,On Fire
Sonam,T20I,58,9.67,77.33,4.94,45.65,182.6,On Fire
Soumya Sarkar,ODI,293,24.42,77.31,33.39,95.04,77.2,Average
Soumya Sarkar,T20I,32,16.0,118.52,18.32,123.09,91.8,Good
Soyeb Pendi,T20I,31,7.75,110.71,7.75,110.71,100.0,Good
Srishti Raha,T20I,1,1.0,25.0,1.0,25.0,100.0,Good
Subham Patel,T20I,123,20.5,113.89,20.5,113.89,100.0,Good
Sufiyan Muqeem,ODI,15,15.0,93.75,15.0,88.24,103.1,Good
Sufiyan Muqeem,PSL,7,2.33,50.0,5.67,65.38,58.8,Poor
Sufiyan Muqeem,T20I,11,5.5,122.22,4.5,105.88,118.8,On Fire
Sufiyan Tarajia,T20I,27,13.5,90.0,13.5,90.0,100.0,Good
Sufyan Mehmood,ODI,103,20.6,84.43,17.83,77.54,112.2,On Fire
Sufyan Mehmood,T20I,150,16.67,85.23,16.33,78.27,105.5,Good
Sufyan Naseeb,T20I,17,4.25,85.0,4.25,85.0,100.0,Good
Sufyan Yousaf,T20I,2,2.0,50.0,2.0,50.0,100.0,Good
Suhail Sattar,T20I,41,5.12,74.55,5.12,74.55,100.0,Good
Suheda Hancer,T20I,0,0.0,0.0,0.0,0.0,0.0,
Sukhjinder Singh,ODI,14,14.0,66.67,14.0,66.67,100.0,Good
Sukhjinder Singh,T20I,1,1.0,25.0,1.0,25.0,100.0,Good
Sulaimon Runsewe,T20I,361,17.19,95.25,20.39,107.16,86.6,Good
Sultana Khatun,ODI,4,4.0,25.0,5.25,43.75,66.7,Average
Sultana Khatun,T20I,15,15.0,68.18,6.57,69.7,163.1,On Fire
Sumaiya Akter,ODI,3,1.5,20.0,1.0,15.79,138.3,On Fire
Sunil,T20I,8,8.0,88.89,8.0,88.89,100.0,Good
Sunjidmaa Phillips,T20I,3,0.75,10.34,0.75,10.34,100.0,Good
Suresh Kumar,T20I,25,12.5,58.14,12.5,58.14,100.0,Good
Surinder Singh,T20I,7,7.0,140.0,7.0,140.0,100.0,Good
Surya Anand,T20I,36,18.0,116.13,24.38,107.14,91.1,Good
Suryansh Shedge,IPL,165,23.57,163.37,23.57,163.37,100.0,Good
Suryansh Shedge,T20I,8,4.0,72.73,4.0,72.73,100.0,Good
Susan George,T20I,10,3.33,22.22,3.33,22.22,100.0,Good
Suzan Turan,T20I,105,15.0,82.68,15.0,82.68,100.0,Good
Swann Htet Ko Ko,T20I,23,4.6,88.46,5.85,60.8,112.1,On Fire
Sweeta Corda,T20I,134,14.89,69.07,14.89,69.07,100.0,Good
Syed Ahzamul Haq,T20I,70,70.0,109.38,70.0,109.38,100.0,Good
Syed Ali Gillani,T20I,4,4.0,100.0,4.0,100.0,100.0,Good
Syed Aziz,T20I,841,28.03,128.4,28.54,135.04,96.6,Good
Syed Faizan Tahir,T20I,49,7.0,66.22,7.0,66.22,100.0,Good
Syed Haider,T20I,51,25.5,113.33,17.78,108.84,123.8,On Fire
Syed Jawad Haider,T20I,2,2.0,40.0,2.0,40.0,100.0,Good
Syed Naqvi,T20I,6,6.0,60.0,2.6,50.0,175.4,On Fire
Syeda Aroob Shah,ODI,60,20.0,78.95,20.0,77.92,100.7,Good
Sylvia Usabyimana,T20I,18,6.0,60.0,4.4,61.11,117.3,On Fire
T Amresh,T20I,9,4.5,100.0,4.5,100.0,100.0,Good
T Araliya,T20I,9,4.5,90.0,7.0,65.62,100.7,Good
T Banda,T20I,14,3.5,24.56,3.5,24.56,100.0,Good
T Banton,BBL,13,13.0,118.18,26.2,169.03,59.8,Poor
T Banton,ODI,38,38.0,92.68,28.67,92.47,116.4,On Fire
T Banton,T20I,470,29.38,152.1,26.57,150.38,105.9,Good
T Basile,T20I,28,4.67,71.79,3.75,60.0,122.1,On Fire
T Bavuma,ODI,346,38.44,85.43,43.05,88.46,92.9,Good
T Bavuma,Test,310,51.67,47.91,38.1,48.88,116.8,On Fire
T Bharaj,T20I,169,28.17,125.19,24.39,119.06,110.3,On Fire
T Brits,ODI,1062,44.25,91.47,34.22,81.37,120.9,On Fire
T Brits,T20I,556,37.07,114.88,32.82,108.16,109.6,Good
T Brown,T20I,43,21.5,86.0,10.17,57.01,181.1,On Fire
T Chanderpaul,Test,198,19.8,34.14,28.07,37.66,80.6,Average
T Chopra,T20I,20,20.0,105.26,14.0,70.0,146.6,On Fire
T Dahiya,IPL,12,6.0,80.0,6.0,80.0,100.0,Good
T De Silva,T20I,50,8.33,49.5,7.0,44.06,115.7,On Fire
T Dissanayake,T20I,141,28.2,121.55,28.2,121.55,100.0,Good
T Dlamini,T20I,6,0.75,8.57,0.8,9.41,92.4,Good
T Elikana,T20I,3,3.0,23.08,3.0,23.08,100.0,Good
T Gedarage,T20I,4,2.0,36.36,7.86,41.67,56.4,Poor
T Gwandu,ODI,2,2.0,33.33,6.0,42.86,55.5,Poor
T Gwandu,T20I,10,10.0,100.0,8.0,72.73,131.2,On Fire
T Gwandu,Test,20,6.67,19.42,6.67,19.42,100.0,Good
T Hinds,CPL,26,6.5,104.0,8.29,134.88,77.8,Average
T Iosefo,T20I,101,12.62,86.32,11.44,85.12,105.9,Good
T Jamtsho,T20I,105,9.55,117.98,15.41,114.41,82.5,Average
T Jikoibure,T20I,0,0.0,0.0,0.0,0.0,0.0,
T Kaitano,Test,92,15.33,40.71,23.25,29.11,102.9,Good
T Khabo,T20I,40,5.0,52.63,5.67,34.0,121.5,On Fire
T Kobeli,T20I,6,6.0,27.27,4.36,36.97,105.7,Good
T Kohler-Cadmore,PSL,92,13.14,122.67,21.19,134.26,76.7,Average
T Kolcunova,T20I,38,4.75,38.78,12.17,66.36,48.7,Poor
T Koula,T20I,0,0.0,0.0,0.0,0.0,0.0,
T Leskinen,T20I,1,1.0,100.0,1.0,100.0,100.0,Good
T Luka,T20I,66,7.33,55.0,8.2,55.41,94.3,Good
T Lungameni,ODI,2,1.0,12.5,5.11,44.66,23.8,Poor
T Maika,T20I,30,6.0,51.72,5.83,50.72,102.4,Good
T Makaya,T20I,4,2.0,66.67,2.0,66.67,100.0,Good
T Makusha,ODI,22,4.4,55.0,4.4,55.0,100.0,Good
T Makusha,T20I,25,8.33,96.15,8.33,96.15,100.0,Good
T Males,T20I,1,1.0,25.0,1.0,25.0,100.0,Good
T Malinga,T20I,20,4.0,25.97,2.56,21.5,138.5,On Fire
T Manders,T20I,73,36.5,143.14,36.33,134.33,103.5,Good
T Marumani,ODI,2,2.0,40.0,15.43,67.5,36.1,Poor
T Marumani,T20I,701,21.91,130.78,20.52,128.69,104.2,Good
T Mayes,ODI,8,8.0,160.0,8.0,160.0,100.0,Good
T Mayes,Test,8,4.0,21.62,4.0,21.62,100.0,Good
T Moses,T20I,2,2.0,40.0,2.0,40.0,100.0,Good
T Mosobela,T20I,1,1.0,25.0,1.0,25.0,100.0,Good
T Mpandakwaya,T20I,2,2.0,50.0,18.0,72.0,40.3,Poor
T Mulepati,T20I,92,11.5,40.35,11.5,40.35,100.0,Good
T Munyonga,ODI,53,53.0,81.54,24.17,72.86,165.6,On Fire
T Munyonga,T20I,216,13.5,115.51,13.64,104.95,104.5,Good
T Murphy,BBL,15,15.0,71.43,30.0,85.71,66.7,Average
T Musekiwa,T20I,219,13.69,128.82,15.7,134.76,91.4,Good
T Natarajan,IPL,1,1.0,50.0,4.0,57.14,56.3,Poor
T Nightingale,T20I,283,20.21,136.71,20.44,130.28,101.9,Good
T Parima,T20I,185,20.56,105.71,23.42,127.14,85.5,Good
T Parisi-mesimeri,T20I,43,6.14,51.81,6.0,47.52,105.7,Good
T Perera,T20I,78,19.5,108.33,23.12,103.74,94.4,Good
T Putthawong,ODI,46,11.5,43.4,8.56,35.32,128.6,On Fire
T Putthawong,T20I,44,22.0,72.13,14.08,75.31,126.0,On Fire
T Ramabitsa,T20I,6,1.5,30.0,3.12,45.45,57.0,Poor
T Rossi,T20I,176,44.0,151.72,16.88,112.97,197.5,On Fire
T Ruma,ODI,41,13.67,43.16,27.3,60.26,60.8,Average
T Ruma,T20I,47,23.5,70.15,28.96,90.12,79.5,Average
T Sandaruwan,T20I,85,9.44,114.86,9.44,114.86,100.0,Good
T Sandeep,T20I,143,28.6,141.58,24.38,114.03,120.7,On Fire
T Sangha,BBL,12,12.0,70.59,6.2,72.09,145.7,On Fire
T Sangha,ODI,6,6.0,28.57,3.0,25.0,157.1,On Fire
T Saville,T20I,60,20.0,146.34,20.0,146.34,100.0,Good
T Seesawan,T20I,0,0.0,0.0,0.0,0.0,0.0,
T Shadrack,T20I,177,13.62,72.84,11.64,60.2,119.0,On Fire
T Shamsi,BBL,16,16.0,51.61,16.0,51.61,100.0,Good
T Shamsi,CPL,6,6.0,85.71,8.67,61.9,103.8,Good
T Skordili,T20I,5,2.5,100.0,2.0,60.0,145.8,On Fire
T Smith,T20I,71,14.2,102.9,12.8,83.84,116.8,On Fire
T Stubbs,IPL,581,41.5,139.66,39.44,151.93,98.6,Good
T Stubbs,ODI,143,20.43,77.3,32.82,88.26,74.9,Average
T Stubbs,T20I,296,37.0,129.82,31.16,133.24,108.1,Good
T Stubbs,Test,259,25.9,38.09,31.62,46.51,81.9,Average
T Suri,ODI,103,34.33,100.98,25.86,88.29,123.6,On Fire
T Suri,T20I,47,23.5,151.61,22.18,117.87,117.3,On Fire
T Taylor,T20I,7,7.0,53.85,10.3,74.1,70.3,Average
T Thorpe,T20I,22,3.14,56.41,3.14,56.41,100.0,Good
T Trajkovic,T20I,83,27.67,77.57,16.43,75.66,135.5,On Fire
T Tshose,T20I,169,10.56,95.48,12.22,108.92,87.0,Good
T Wangchuk,T20I,35,5.0,71.43,5.88,72.31,91.9,Good
T Wilson,ODI,7,7.0,175.0,7.0,175.0,100.0,Good
T Wuatai,T20I,3,1.5,60.0,5.0,34.48,102.0,Good
T Yangchen,T20I,4,2.0,26.67,2.0,26.67,100.0,Good
T Yotharat,T20I,0,0.0,0.0,10.0,41.67,0.0,
T Zangmo,T20I,106,11.78,67.95,14.11,64.12,94.7,Good
T de Zorzi,ODI,396,44.0,98.75,45.71,99.36,97.8,Good
T de Zorzi,T20I,134,13.4,101.52,13.4,101.52,100.0,Good
T de Zorzi,Test,319,31.9,55.38,30.63,54.8,102.6,Good
T van der Gugten,ODI,6,6.0,35.29,19.33,69.88,40.8,Poor
TA Blundell,Test,344,34.4,57.43,34.47,53.82,103.3,Good
TA Boult,IPL,10,5.0,142.86,9.3,109.41,92.2,Good
TA Dudnath,T20I,43,8.6,58.9,9.5,61.96,92.8,Good
TA Imlach,Test,169,15.36,35.5,15.36,35.5,100.0,Good
TA Khetsi,T20I,6,2.0,60.0,2.0,60.0,100.0,Good
TA Lavia,T20I,61,7.62,63.54,7.62,63.54,100.0,Good
TAW Patterson,T20I,12,6.0,57.14,7.0,51.47,98.4,Good
TB Godisamang,T20I,1,0.33,6.67,0.33,6.67,100.0,Good
TB Pawde,T20I,175,17.5,97.77,15.33,90.64,111.0,On Fire
TB Robinson,CPL,70,23.33,137.25,22.29,130.0,105.1,Good
TB Robinson,T20I,527,31.0,140.53,27.71,137.4,107.1,Good
TC Barker,T20I,178,14.83,133.83,21.07,126.32,88.2,Good
TC Bruce,ODI,33,33.0,94.29,33.0,94.29,100.0,Good
TC Bruce,T20I,65,16.25,120.37,18.11,121.99,94.2,Good
TC Mataora,T20I,113,22.6,86.26,22.6,86.26,100.0,Good
TD Andrews,BBL,63,63.0,233.33,24.5,150.77,206.0,On Fire
TD Chaoana,T20I,24,6.0,68.57,5.56,66.67,105.4,Good
TE Tsiga,Test,162,14.73,39.71,13.57,36.68,108.4,Good
TF Rogers,BBL,195,15.0,116.77,19.67,121.55,86.2,Good
TG Norris,T20I,73,12.17,102.82,12.17,102.82,100.0,Good
TG Thamae,T20I,55,18.33,134.15,8.14,105.56,176.1,On Fire
TH David,BBL,319,53.17,159.5,29.67,155.8,140.8,On Fire
TH David,CPL,212,26.5,153.62,26.6,142.7,103.6,Good
TH David,IPL,492,41.0,187.07,32.89,177.08,115.1,On Fire
TH David,T20I,478,39.83,189.68,35.68,168.88,112.0,On Fire
TH Semau,T20I,14,2.33,50.0,2.0,44.9,113.9,On Fire
TH Tector,T20I,121,17.29,142.35,17.29,142.35,100.0,Good
TI Gajanayake,T20I,160,10.67,58.18,17.93,71.41,70.5,Average
TJ Draca,T20I,11,5.5,78.57,5.5,78.57,100.0,Good
TJ Mahe,T20I,5,0.83,17.86,3.1,52.54,30.4,Poor
TJG Pringle,ODI,4,4.0,28.57,2.0,35.71,140.0,On Fire
TJG Pringle,T20I,16,16.0,114.29,9.31,97.58,144.5,On Fire
TK Curran,BBL,62,15.5,172.22,19.27,144.8,99.7,Good
TK Curran,PSL,76,19.0,140.74,16.17,149.23,105.9,Good
TKP Rajapaksha,T20I,62,15.5,75.61,11.54,75.0,117.6,On Fire
TL Chivanga,ODI,2,2.0,50.0,10.0,80.0,41.2,Poor
TL Chivanga,Test,49,6.12,32.67,7.1,32.72,93.0,Good
TL Cutler,T20I,1,0.5,9.09,13.8,106.15,6.1,Poor
TL Seifert,BBL,356,22.25,132.34,25.53,136.62,92.0,Good
TL Seifert,CPL,574,44.15,160.78,30.33,131.38,134.0,On Fire
TL Seifert,IPL,19,6.33,105.56,7.5,109.76,90.3,Good
TL Seifert,ODI,26,26.0,89.66,19.67,105.36,108.6,Good
TL Seifert,PSL,242,24.2,148.47,24.94,141.33,101.0,Good
TL Seifert,T20I,923,43.95,165.71,30.11,146.29,129.6,On Fire
TM Head,IPL,784,29.04,166.45,32.42,170.05,93.7,Good
TM Head,ODI,307,30.7,114.98,42.78,105.17,90.5,Good
TM Head,T20I,242,17.29,141.52,29.02,157.24,74.8,Average
TM Head,Test,1070,42.8,80.39,43.08,69.69,107.4,Good
TM Macalou,T20I,39,7.8,51.32,7.08,44.88,112.3,On Fire
TM McGrath,ODI,169,15.36,79.72,26.09,87.86,74.8,Average
TM McGrath,T20I,105,52.5,152.17,41.25,132.0,121.3,On Fire
TM McGrath,Test,25,12.5,37.31,33.73,49.73,56.0,Poor
TM McGrath,WPL,26,5.2,70.27,23.67,135.5,36.9,Poor
TNM Soleh,T20I,9,9.0,42.86,9.0,42.86,100.0,Good
TP Alsop,BBL,115,23.0,126.37,23.0,126.37,100.0,Good
TP Kanwar,WPL,109,18.17,121.11,12.92,105.0,128.0,On Fire
TP Ura,T20I,266,53.2,186.01,34.92,161.87,133.6,On Fire
TP Ward,BBL,200,22.22,136.05,22.22,136.05,100.0,Good
TRR Sharfudheen,T20I,19,3.17,33.33,3.14,28.57,108.8,Good
TS Erichsen,T20I,49,9.8,61.25,15.11,70.47,75.9,Average
TS Fray,T20I,153,17.0,89.47,18.03,91.04,96.3,Good
TS Hasabnis,ODI,83,83.0,113.7,46.67,78.65,161.2,On Fire
TS Mills,CPL,36,18.0,171.43,18.0,171.43,100.0,Good
TS Mills,PSL,7,7.0,77.78,9.0,90.0,82.1,Average
TS Muyeye,BBL,3,3.0,42.86,3.0,42.86,100.0,Good
TS Omary,T20I,0,0.0,0.0,4.86,53.12,0.0,
TS Rogers,BBL,66,66.0,132.0,18.57,115.56,234.8,On Fire
TS Sekhukhune,ODI,31,31.0,79.49,9.17,44.72,257.9,On Fire
TS Sekhukhune,T20I,7,7.0,58.33,5.67,51.52,118.3,On Fire
TS Shwe,T20I,4,2.0,22.22,2.0,22.22,100.0,Good
TT Aung,T20I,77,8.56,47.24,12.29,59.24,74.7,Average
TT Beaumont,ODI,534,35.6,82.92,42.72,78.29,94.6,Good
TT Beaumont,T20I,116,23.2,131.82,25.93,112.75,103.2,Good
TT Beaumont,Test,57,14.25,38.78,30.7,48.61,63.1,Average
TT Maposa,T20I,43,10.75,82.69,13.75,98.21,81.2,Average
TT Soe,T20I,160,14.55,91.95,12.03,78.03,119.4,On Fire
TU Deshpande,IPL,33,11.0,150.0,13.5,150.0,90.7,Good
TV Badri Narayanan,T20I,22,5.5,40.74,5.5,40.74,100.0,Good
TV Valivarthi,T20I,15,7.5,55.56,7.5,55.56,100.0,Good
TWM Latham,ODI,565,28.25,76.66,33.7,84.45,87.3,Good
TWM Latham,T20I,81,40.5,114.08,27.14,109.54,126.7,On Fire
TWM Latham,Test,616,47.38,55.65,39.09,48.17,118.4,On Fire
Tafseer Ali,T20I,33,8.25,80.49,9.2,69.7,102.6,Good
Taful Elkhair,T20I,29,4.83,52.73,5.0,52.63,98.4,Good
Taher Muhammad,T20I,119,13.22,80.95,9.38,73.53,125.5,On Fire
Taijul Islam,Test,183,12.2,47.04,10.57,39.01,118.0,On Fire
Taj Nehar,T20I,20,5.0,66.67,5.44,75.38,90.2,Good
Tajinder Singh,CPL,99,33.0,135.62,33.0,135.62,100.0,Good
Tanvir Islam,ODI,31,6.2,64.58,6.2,64.58,100.0,Good
Tanvir Islam,T20I,1,1.0,25.0,12.0,75.0,20.8,Poor
Tanzeel Sheikh,T20I,39,9.75,111.43,14.56,152.33,70.1,Average
Tanzid Hasan,ODI,621,38.81,103.16,30.78,103.58,112.8,On Fire
Tanzid Hasan,T20I,848,31.41,133.33,28.4,127.59,107.5,Good
Tanzid Hasan,Test,140,23.33,50.18,23.33,50.18,100.0,Good
Tanzim Hasan Sakib,ODI,39,13.0,100.0,22.33,84.28,88.4,Good
Tanzim Hasan Sakib,T20I,135,16.88,118.42,14.77,109.71,111.1,On Fire
Tanzim Hasan Sakib,Test,41,41.0,51.25,41.0,51.25,100.0,Good
Taranjeet Singh,T20I,596,35.06,146.8,35.74,158.23,95.4,Good
Taranjit Singh,T20I,154,15.4,162.11,17.71,183.54,87.6,Good
Tarun Sharma,T20I,129,11.73,101.57,10.73,95.83,107.7,Good
Tashi Dorji,T20I,92,10.22,143.75,9.4,138.24,106.4,Good
Tashi Phuntsho,T20I,49,9.8,55.06,11.73,67.54,82.5,Average
Taskin Ahmed,ODI,46,4.6,57.5,7.91,59.81,77.1,Average
Taskin Ahmed,T20I,36,9.0,150.0,10.81,104.13,113.7,On Fire
Taskin Ahmed,Test,75,12.5,75.0,11.52,50.76,128.1,On Fire
Tasmia Rubab,ODI,7,7.0,175.0,7.0,175.0,100.0,Good
Tasmia Rubab,T20I,7,7.0,63.64,7.0,63.64,100.0,Good
Tayyab Tahir,ODI,124,17.71,90.51,22.62,102.26,83.4,Average
Tayyab Tahir,PSL,58,29.0,138.1,31.11,145.08,94.2,Good
Tayyeb Javed,T20I,8,8.0,160.0,8.0,160.0,100.0,Good
Tenjin Rabgey,T20I,165,18.33,118.71,15.47,87.67,126.9,On Fire
Thae Thae Po,T20I,49,16.33,84.48,15.75,65.62,116.2,On Fire
Thea Larsen,T20I,40,13.33,75.47,13.33,75.47,100.0,Good
Theertha Satish,ODI,219,31.29,60.66,31.29,60.66,100.0,Good
Theertha Satish,T20I,743,39.11,112.75,34.19,111.46,107.8,Good
Thilina Silva,T20I,14,14.0,29.79,14.0,29.79,100.0,Good
Thomas Balkin,BBL,10,10.0,62.5,10.0,62.5,100.0,Good
Thuya Aung,T20I,92,8.36,74.8,10.78,58.67,102.5,Good
Tian Sen Qun,T20I,0,0.0,0.0,2.6,37.14,0.0,
Tian Senqun,T20I,12,12.0,70.59,12.0,70.59,100.0,Good
Tilak Varma,IPL,702,30.52,142.11,35.73,144.7,91.8,Good
Tilak Varma,T20I,1029,41.16,137.02,44.97,145.72,92.8,Good
Towhid Hridoy,ODI,734,48.93,73.92,42.66,79.93,103.6,Good
Towhid Hridoy,T20I,699,29.12,122.85,28.33,125.17,100.5,Good
Towhid Hridoy,Test,12,6.0,36.36,6.0,36.36,100.0,Good
Tripti Gore,T20I,2,1.0,16.67,1.0,16.67,100.0,Good
Tshering Choden,T20I,22,11.0,75.86,7.33,68.75,130.2,On Fire
Tshering Tashi,T20I,95,13.57,79.83,10.2,70.83,122.9,On Fire
Tuba Hassan,T20I,119,17.0,112.26,11.35,102.66,129.6,On Fire
U Bayarjavkhlan,T20I,16,4.0,69.57,4.71,40.74,127.8,On Fire
U Chetry,WPL,72,14.4,78.26,13.33,78.43,103.9,Good
U Dorji,T20I,1,1.0,20.0,5.67,77.27,21.8,Poor
U Peace,T20I,23,2.88,57.5,4.12,57.89,84.6,Average
U Raymond-Hoey,ODI,5,5.0,50.0,10.57,62.18,63.9,Average
U Shantu,T20I,26,8.67,104.0,8.67,104.0,100.0,Good
U Tuychiev,T20I,0,0.0,0.0,0.0,0.0,0.0,
UCKA Dona,ODI,88,22.0,47.57,22.0,47.57,100.0,Good
UCKA Dona,T20I,63,15.75,68.48,8.93,70.53,136.7,On Fire
US Hathinjar,T20I,215,30.71,137.82,17.48,113.73,148.4,On Fire
UT Khawaja,BBL,131,32.75,159.76,32.23,131.7,111.5,On Fire
UT Khawaja,PSL,75,37.5,141.51,45.86,150.0,88.1,Good
UT Khawaja,Test,637,33.53,55.54,42.96,48.83,95.9,Good
Ubaid Minhas,T20I,14,14.0,116.67,24.0,114.29,80.2,Average
Ubaid Shah,PSL,26,5.2,56.52,4.33,54.17,112.2,On Fire
Ubaid Shah,Test,0,0.0,0.0,0.0,0.0,0.0,
Ugyen Dorji,T20I,0,0.0,0.0,0.0,0.0,0.0,
Umaima Sohail,ODI,96,16.0,79.34,22.53,65.03,96.5,Good
Umair Qasim,T20I,172,28.67,113.16,12.21,97.89,175.2,On Fire
Umair Safi,T20I,3,3.0,150.0,3.0,150.0,100.0,Good
Umair Tariq,T20I,85,14.17,116.44,11.09,103.39,120.2,On Fire
Umm-e-Hani,ODI,5,2.5,17.24,3.46,43.27,56.0,Poor
Umm-e-Hani,T20I,54,10.8,72.0,10.0,71.43,104.4,Good
Urvil Patel,IPL,197,19.7,205.21,19.7,205.21,100.0,Good
Usama Mir,BBL,5,2.5,41.67,2.86,68.97,73.9,Average
Usama Mir,CPL,39,9.75,114.71,9.29,125.0,98.4,Good
Usama Mir,PSL,38,5.43,122.58,6.72,142.35,83.5,Average
Usman Arif,T20I,23,7.67,100.0,14.6,182.5,53.7,Poor
Usman Khalid,T20I,77,19.25,98.72,20.47,113.41,90.5,Good
Usman Khan,CPL,79,15.8,119.7,15.8,119.7,100.0,Good
Usman Khan,ODI,39,39.0,118.18,39.0,118.18,100.0,Good
Usman Khan,PSL,602,31.68,157.18,39.62,158.1,89.7,Good
Usman Khan,T20I,326,17.16,115.19,19.54,118.57,92.5,Good
Usman Khan (2),ODI,12,12.0,70.59,12.0,70.59,100.0,Good
Usman Najeeb,T20I,49,12.25,175.0,13.86,131.97,110.5,On Fire
Usman Patel,T20I,50,6.25,98.04,25.42,130.27,49.9,Poor
Usman Tariq,CPL,4,4.0,200.0,4.0,200.0,100.0,Good
Usman Tariq,PSL,13,6.5,56.52,5.0,53.57,117.8,On Fire
Usman Tariq,T20I,0,0.0,0.0,0.0,0.0,0.0,
Usrah Umar Farooq,T20I,3,1.0,12.0,1.0,12.0,100.0,Good
Uswa Syed,T20I,29,9.67,67.44,12.67,67.86,87.9,Good
Utkarsh Jain,T20I,3,3.0,42.86,18.25,93.59,31.1,Poor
V Abuga,T20I,21,7.0,87.5,14.26,88.51,74.0,Average
V Aravind,ODI,22,11.0,50.0,31.08,68.29,54.3,Poor
V Atanasova,T20I,1,0.33,2.7,0.33,2.7,100.0,Good
V Balakrishnan,T20I,445,29.67,115.89,23.68,112.74,114.0,On Fire
V Buruka,ODI,2,1.0,15.38,0.67,9.52,155.4,On Fire
V Dhaniram,T20I,6,6.0,300.0,6.0,300.0,100.0,Good
V Hamunyela,T20I,17,17.0,106.25,7.8,58.21,200.2,On Fire
V Hettiarachchi,T20I,1,1.0,50.0,1.0,50.0,100.0,Good
V Hirlal,T20I,74,12.33,66.07,10.83,67.01,106.2,Good
V Igbinedion,T20I,77,19.25,75.49,19.5,72.56,101.4,Good
V Jatinder Kumar,T20I,23,3.83,79.31,3.83,79.31,100.0,Good
V Kai,T20I,16,8.0,37.21,8.0,37.21,100.0,Good
V Kohli,IPL,1332,55.5,154.7,40.46,134.86,125.9,On Fire
V Kohli,ODI,1035,64.69,99.81,58.34,93.89,108.6,Good
V Kohli,Test,23,11.5,28.4,46.85,55.58,37.8,Poor
V Kostova,T20I,0,0.0,0.0,0.0,0.0,0.0,
V Langiatu,T20I,500,25.0,86.21,19.36,83.31,116.3,On Fire
V Mahajan,T20I,127,12.7,70.95,12.7,70.95,100.0,Good
V Mansale,T20I,34,4.86,57.63,3.5,48.84,128.4,On Fire
V Marghashayam,T20I,16,4.0,59.26,4.0,59.26,100.0,Good
V Masekesa,Test,38,5.43,22.75,5.43,22.75,100.0,Good
V Mbazo,T20I,137,12.45,78.29,11.81,85.17,98.7,Good
V Mwansa,T20I,10,3.33,10.42,3.33,10.42,100.0,Good
V Nagpaul,T20I,4,4.0,66.67,4.0,66.67,100.0,Good
V Nehoume,T20I,0,0.0,0.0,0.0,0.0,0.0,
V Nigam,IPL,157,19.62,176.4,19.62,176.4,100.0,Good
V Nikolova,T20I,173,10.18,85.64,9.89,84.76,102.0,Good
V Ooko,T20I,59,14.75,81.94,14.76,79.55,101.5,Good
V Permaul,CPL,0,0.0,0.0,7.29,88.7,0.0,
V Phiri,T20I,12,2.4,42.86,2.0,34.62,121.9,On Fire
V Poglitsch,T20I,3,1.0,12.5,1.0,12.5,100.0,Good
V Ravindran,T20I,602,27.36,151.26,27.93,147.81,100.1,Good
V Redkar,T20I,83,27.67,70.94,27.67,70.94,100.0,Good
V Romani,T20I,1,0.5,14.29,1.33,20.0,54.5,Poor
V Saini,T20I,657,34.58,131.14,31.49,127.77,106.2,Good
V Shankar,IPL,118,39.33,129.67,26.23,129.79,124.9,On Fire
V Shaw,T20I,57,9.5,82.61,9.91,78.42,100.6,Good
V Shukla,ODI,327,23.36,84.5,23.36,84.5,100.0,Good
V Shukla,T20I,262,18.71,139.36,23.29,142.96,88.9,Good
V Stolle,T20I,59,7.38,61.46,9.44,65.38,86.1,Good
V Suryavanshi,IPL,1028,44.7,228.95,44.7,228.95,100.0,Good
V Suryavanshi,T20I,193,32.17,189.22,32.17,189.22,100.0,Good
V Vasquez,T20I,14,14.0,35.0,21.89,83.83,52.9,Poor
V Veiqravi,T20I,46,9.2,75.41,9.2,75.41,100.0,Good
V Vijh,T20I,242,22.0,123.47,21.49,115.75,104.5,Good
V Vira,T20I,36,5.14,55.38,5.88,44.34,106.2,Good
V Viyaskanth,T20I,0,0.0,0.0,0.0,0.0,0.0,
V Volfova,T20I,0,0.0,0.0,3.33,34.48,0.0,
V Zanko,T20I,5,1.67,22.73,6.33,38.0,43.1,Poor
V Zimonjic,T20I,74,10.57,98.67,13.74,110.59,83.1,Average
VB Viyala,T20I,84,8.4,78.5,8.08,72.39,106.2,Good
VD Adewoye,T20I,225,14.06,130.81,12.73,123.62,108.1,Good
VE Tembo,T20I,125,20.83,156.25,15.4,119.07,133.2,On Fire
VF Bomnyuy,T20I,55,13.75,74.32,11.8,71.95,109.9,Good
VG Arora,IPL,1,0.5,9.09,2.5,37.04,22.3,Poor
VJ Kingma,ODI,1,1.0,50.0,2.14,31.25,103.4,Good
VM Mutungwindu,ODI,2,1.0,25.0,1.0,25.0,100.0,Good
VM Mutungwindu,T20I,1,0.33,9.09,0.33,9.09,100.0,Good
VM Nyauchi,Test,20,20.0,50.0,9.62,38.69,168.6,On Fire
VM Waqavakatoga,T20I,19,4.75,86.36,4.75,86.36,100.0,Good
VO Lawes,CPL,53,13.25,143.24,13.25,143.24,100.0,Good
VO Lawes,ODI,2,1.0,8.0,1.0,8.0,100.0,Good
VP Thamotharam,T20I,236,23.6,138.82,26.2,142.56,93.7,Good
VR Iyer,IPL,351,31.91,164.02,31.64,142.0,108.2,Good
VS D'Souza,T20I,7,7.0,35.0,3.5,31.82,155.0,On Fire
VS Padhaal,T20I,197,16.42,107.07,18.35,106.55,95.0,Good
VT Thiyanesh,T20I,22,11.0,78.57,11.0,78.57,100.0,Good
Vaishnave Mahesh,ODI,75,15.0,53.96,15.0,53.96,100.0,Good
Vaishnave Mahesh,T20I,15,2.5,44.12,5.23,65.34,57.7,Poor
Vaishnavi Sharma,ODI,10,10.0,200.0,10.0,200.0,100.0,Good
Vamshi Reddy,T20I,81,13.5,72.32,13.5,72.32,100.0,Good
Vani Dhanuka,T20I,137,27.4,107.03,27.4,107.03,100.0,Good
Vasmiakram Chand,T20I,100,20.0,99.01,20.0,99.01,100.0,Good
Veronika Nevolova,T20I,2,2.0,16.67,2.0,16.67,100.0,Good
Victoria Nikolova,T20I,0,0.0,0.0,0.0,0.0,0.0,
Vijaykumar Vyshak,IPL,2,2.0,50.0,8.0,100.0,37.5,Poor
Vikramjit Singh,ODI,114,19.0,63.33,28.98,71.45,77.1,Average
Vikramjit Singh,T20I,64,12.8,95.52,14.81,112.99,85.5,Good
Viktoria Frey,T20I,123,17.57,84.25,9.4,78.33,147.2,On Fire
Vinay Ravi,T20I,143,11.0,101.42,10.75,104.37,99.7,Good
Vineet Shah,T20I,122,17.43,87.14,17.43,87.14,100.0,Good
Vinu Kumar,T20I,159,22.71,83.68,15.03,72.55,133.2,On Fire
Viola Komeda,T20I,39,7.8,52.7,7.8,52.7,100.0,Good
Virandeep Singh,T20I,1033,36.89,132.78,35.36,125.93,104.9,Good
Virk Ali,T20I,199,18.09,104.19,19.64,100.73,97.8,Good
Vishal Sharma,T20I,65,8.12,69.15,8.12,69.15,100.0,Good
Vishil Patel,T20I,15,15.0,62.5,7.0,44.68,177.1,On Fire
Vishnu Vinod,IPL,15,15.0,187.5,11.83,109.23,149.2,On Fire
Vivek Dixit,T20I,32,8.0,96.97,8.0,96.97,100.0,Good
Vraj Patel,T20I,4,4.0,80.0,5.0,62.5,104.0,Good
Vritti Dahiya,T20I,50,12.5,54.35,12.5,54.35,100.0,Good
W Barresi,ODI,62,20.67,59.62,25.94,76.23,78.9,Average
W Boshoff,T20I,457,45.7,127.65,27.48,110.68,140.8,On Fire
W Ginindza,T20I,9,2.25,22.5,1.5,26.09,118.1,On Fire
W Hornero-Garcia,T20I,601,28.62,99.5,25.62,97.62,106.8,Good
W Madhevere,ODI,189,27.0,79.75,22.71,78.88,110.0,Good
W Madhevere,T20I,151,11.62,95.57,18.98,114.32,72.4,Average
W Madhevere,Test,321,29.18,53.68,29.18,53.68,100.0,Good
W Matabwa,T20I,1,0.5,16.67,0.5,16.67,100.0,Good
W Maximo,T20I,110,13.75,88.71,12.29,77.12,113.5,On Fire
W Miyauchi,T20I,127,15.88,96.21,19.23,99.76,89.5,Good
W Moutswi,T20I,133,16.62,70.74,12.21,67.86,120.2,On Fire
W Mwatile,T20I,458,19.91,96.62,15.89,85.73,119.0,On Fire
W Nalisa,T20I,2,2.0,66.67,9.11,105.13,42.7,Poor
W Ngowhuad,T20I,6,2.0,37.5,1.5,33.33,122.9,On Fire
W O'Rourke,ODI,12,4.0,46.15,3.25,41.94,116.6,On Fire
W O'Rourke,Test,20,5.0,28.57,3.8,14.45,164.6,On Fire
W Perchard,T20I,31,31.0,106.9,34.0,109.68,94.3,Good
W Prestwidge,BBL,23,11.5,100.0,9.2,104.55,110.3,On Fire
W Smith,ODI,12,6.0,40.0,6.0,40.0,100.0,Good
W Sutherland,BBL,260,18.57,131.98,17.86,131.81,102.1,Good
W Wotu,T20I,29,5.8,76.32,10.12,98.85,67.3,Average
WA Duraisingam,T20I,379,14.04,64.9,17.0,68.17,88.9,Good
WA Young,ODI,676,24.14,79.06,35.02,84.58,81.2,Average
WA Young,Test,152,38.0,64.41,31.79,46.59,128.9,On Fire
WAE Burton,T20I,191,27.29,138.41,20.62,142.55,114.7,On Fire
WG Jacks,IPL,372,24.8,150.0,27.36,158.84,92.5,Good
WG Jacks,ODI,211,35.17,104.98,32.33,101.95,105.9,Good
WG Jacks,T20I,301,30.1,164.48,22.06,147.73,123.9,On Fire
WG Jacks,Test,145,20.71,39.94,21.27,51.66,87.3,Good
WGAKK Kulasuriya,ODI,44,11.0,48.35,5.82,45.21,148.0,On Fire
WIA Fernando,ODI,84,21.0,73.04,29.89,87.27,77.0,Average
WIA Fernando,PSL,68,22.67,141.67,22.67,141.67,100.0,Good
WIA Fernando,T20I,30,15.0,88.24,11.09,91.73,115.7,On Fire
WJ Cope,T20I,123,20.5,144.71,13.04,115.19,141.4,On Fire
WK Dilhari,ODI,418,27.87,82.77,27.69,80.04,102.0,Good
WK Dilhari,T20I,276,15.33,113.11,14.57,106.5,105.7,Good
WK Lai,T20I,36,3.27,63.16,3.54,57.82,100.8,Good
WL Madsen,T20I,110,55.0,125.0,34.17,132.26,127.7,On Fire
WNA Bucuane,T20I,124,7.29,63.59,7.29,63.59,100.0,Good
WP Masakadza,ODI,56,18.67,91.8,13.0,66.33,141.0,On Fire
WP Masakadza,T20I,30,6.0,100.0,8.37,91.5,90.5,Good
WP Masakadza,Test,115,16.43,38.72,13.25,30.4,125.7,On Fire
WP Myburgh,ODI,76,15.2,45.51,15.2,45.51,100.0,Good
WP Myburgh,T20I,12,6.0,66.67,6.0,66.67,100.0,Good
WSLK Narayana,T20I,26,5.2,65.0,10.22,98.92,58.3,Poor
Wa Thone Nadi,T20I,8,8.0,50.0,8.0,50.0,100.0,Good
Waheeda Akhtar,T20I,0,0.0,0.0,0.67,16.67,0.0,
Wahidullah Sahak,T20I,158,26.33,177.53,20.41,134.5,130.5,On Fire
Waji Ul Hassan,T20I,173,21.62,109.49,24.83,121.49,88.6,Good
Walid Ghauri,T20I,584,32.44,131.83,29.37,121.52,109.5,Good
Walid Sahibzada,T20I,115,28.75,133.72,28.75,133.72,100.0,Good
Wan Julia,T20I,92,9.2,71.32,12.05,71.31,88.2,Good
Wang Huiying,T20I,151,15.1,94.38,13.36,87.38,110.5,On Fire
Waqar Ali,T20I,2,2.0,50.0,4.0,66.67,62.5,Average
Waqar Khan,T20I,83,10.38,95.4,9.08,99.16,105.3,Good
Waqar Salamkheil,CPL,3,3.0,50.0,11.0,50.0,63.6,Average
Waqar Zalmai,T20I,173,13.31,126.28,12.43,125.18,104.0,Good
Waqas Barkat,T20I,6,3.0,60.0,11.77,92.17,45.3,Poor
Waseem Muhammad,ODI,347,26.69,83.61,25.29,87.25,100.7,Good
Waseem Muhammad,PSL,86,17.2,117.81,17.2,117.81,100.0,Good
Waseem Muhammad,T20I,703,28.12,133.65,33.52,149.83,86.5,Good
Waseem Tabrez,T20I,15,7.5,78.95,7.5,78.95,100.0,Good
Waseem Yaqoob,T20I,39,9.75,58.21,12.58,75.12,77.5,Average
Washeem Abbas,T20I,56,9.33,130.23,7.29,120.39,118.1,On Fire
Washington Sundar,IPL,510,34.0,154.08,20.65,135.37,139.2,On Fire
Washington Sundar,ODI,111,18.5,79.29,22.42,81.92,89.7,Good
Washington Sundar,T20I,118,19.67,124.21,15.5,126.82,112.4,On Fire
Washington Sundar,Test,443,36.92,45.07,42.14,45.85,93.0,Good
Wasim Al Balushi,T20I,16,5.33,51.61,5.33,51.61,100.0,Good
Wasim Ali,ODI,149,16.56,91.41,17.5,79.91,104.5,Good
Wasim Ali,T20I,141,23.5,115.57,19.0,125.38,107.9,Good
Wei Haiting,T20I,116,9.67,46.4,7.11,41.69,123.7,On Fire
XA Crone,BBL,1,1.0,50.0,1.0,33.33,125.0,On Fire
XC Bartlett,BBL,73,9.12,123.73,14.4,122.55,82.1,Average
XC Bartlett,IPL,40,20.0,142.86,20.0,142.86,100.0,Good
XC Bartlett,ODI,69,11.5,85.19,11.5,85.19,100.0,Good
XC Bartlett,T20I,72,14.4,118.03,11.0,108.45,119.9,On Fire
XSD Smith,T20I,80,20.0,86.96,19.0,106.74,93.4,Good
Xie Wenyan,T20I,0,0.0,0.0,0.0,0.0,0.0,
Xu Qian,T20I,18,9.0,75.0,5.54,43.64,167.2,On Fire
Y Bist,T20I,7,7.0,87.5,7.0,87.5,100.0,Good
Y Choden,T20I,3,1.5,21.43,7.71,57.63,28.3,Poor
Y Daswani,T20I,943,44.9,101.51,27.19,85.7,141.8,On Fire
Y Jalloh,T20I,212,13.25,90.6,12.91,87.38,103.2,Good
Y Jasti,T20I,10,3.33,90.91,3.0,58.33,133.4,On Fire
Y Konate,T20I,21,4.2,65.62,3.7,50.68,121.5,On Fire
Y Naing Tun,T20I,37,9.25,80.43,9.27,65.81,111.0,On Fire
Y Saranonnakkun,T20I,117,6.88,78.52,7.76,83.33,91.4,Good
YB Rodriguez,T20I,12,6.0,63.16,6.0,63.16,100.0,Good
YBK Jaiswal,IPL,986,35.21,156.51,33.24,152.8,104.2,Good
YBK Jaiswal,ODI,171,57.0,86.8,57.0,86.8,100.0,Good
YBK Jaiswal,Test,822,37.36,67.43,47.93,66.43,89.7,Good
YH Bhatia,T20I,160,26.67,124.03,19.68,100.81,129.3,On Fire
YH Bhatia,Test,125,62.5,71.43,31.86,66.37,151.9,On Fire
YH Bhatia,WPL,88,9.78,101.15,18.74,113.45,70.7,Average
YJC Altamirano,T20I,4,1.33,22.22,1.25,25.0,97.6,Good
YK Rai,T20I,34,34.0,130.77,34.0,130.77,100.0,Good
YM Murrure,T20I,24,4.8,38.71,4.8,38.71,100.0,Good
YP Dayal,T20I,53,26.5,115.22,13.6,86.08,164.4,On Fire
YS Blagg,T20I,9,9.0,75.0,15.0,88.24,72.5,Average
YS Chauhan,T20I,520,28.89,120.93,28.89,120.93,100.0,Good
YS Samra,ODI,378,29.08,80.08,29.08,80.08,100.0,Good
YS Samra,T20I,524,37.43,158.79,37.43,158.79,100.0,Good
YS To,T20I,11,11.0,84.62,8.38,59.24,137.1,On Fire
YSD Seneveratne,T20I,271,38.71,112.45,34.82,118.21,103.1,Good
YYM Jakda,T20I,28,7.0,96.55,4.55,104.17,123.3,On Fire
Yahya Suhail,T20I,81,11.57,51.59,11.57,51.59,100.0,Good
Yair Nagavkar,T20I,43,10.75,89.58,11.75,84.68,98.6,Good
Yan Zuying,T20I,3,1.5,15.0,4.29,35.71,38.5,Poor
Yang Wangjie,T20I,19,9.5,73.08,9.5,73.08,100.0,Good
Yasar Haroon,T20I,171,17.1,94.48,14.33,84.04,115.9,On Fire
Yash Dayal,IPL,4,2.0,50.0,1.33,44.44,131.4,On Fire
Yasim Murtaza,T20I,279,15.5,116.74,16.54,118.44,96.1,Good
Yasin Patel,T20I,109,21.8,99.09,15.81,88.15,125.1,On Fire
Yasir Ali,T20I,198,33.0,111.86,26.27,101.94,117.7,On Fire
Yasir Ali Chowdhury,T20I,86,43.0,145.76,22.89,145.07,144.2,On Fire
Yasir Khan,PSL,432,28.8,154.29,25.07,142.11,111.7,On Fire
Yasir Mohammad,ODI,2,2.0,14.29,2.5,25.0,68.6,Average
Yasir Mohammad,T20I,2,2.0,50.0,6.0,60.0,58.3,Poor
Yasmeen Khan,T20I,610,20.33,107.21,21.82,99.4,100.5,Good
Yasser Nazir,T20I,194,19.4,124.36,16.5,113.79,113.4,On Fire
Yogev Nagavkar,T20I,66,22.0,82.5,17.88,78.14,114.3,On Fire
Yousif Wali,T20I,14,7.0,63.64,5.33,66.67,113.4,On Fire
Yudha Verdian,T20I,16,5.33,55.17,5.33,55.17,100.0,Good
Yukthi Suresh,T20I,5,5.0,50.0,5.0,50.0,100.0,Good
Yusuf Bhoola,T20I,40,10.0,71.43,8.71,70.93,107.8,Good
Yves Cyusa,T20I,162,10.8,76.78,11.14,83.33,94.5,Good
Z Akpinar,T20I,14,7.0,116.67,7.0,116.67,100.0,Good
Z Bimenyimana,T20I,19,3.8,73.08,8.65,120.18,52.4,Poor
Z Burgess,T20I,14,2.8,100.0,9.38,138.89,50.9,Poor
Z Crawley,ODI,6,6.0,54.55,25.62,94.91,40.4,Poor
Z Crawley,Test,687,34.35,64.57,31.18,65.5,104.4,Good
Z Franova,T20I,72,6.55,47.68,8.6,51.19,84.7,Average
Z James,ODI,140,14.0,52.24,10.36,46.72,123.5,On Fire
Z James,T20I,49,12.25,75.38,11.58,82.25,98.7,Good
Z Kamara,T20I,160,11.43,83.77,12.61,82.85,95.9,Good
Z Makadji,T20I,19,3.8,54.29,2.62,45.65,132.0,On Fire
Z Marosy,T20I,2,2.0,100.0,2.0,100.0,100.0,Good
Z Motara,CPL,0,0.0,0.0,0.0,0.0,0.0,
Z Motara,T20I,3,3.0,75.0,3.0,75.0,100.0,Good
ZB Ender,T20I,54,18.0,77.14,18.0,77.14,100.0,Good
ZB Lion-Cachet,ODI,317,19.81,62.65,19.81,62.65,100.0,Good
ZB Lion-Cachet,T20I,113,14.12,126.97,12.17,106.57,117.6,On Fire
ZE Green,ODI,389,21.61,70.22,23.89,76.3,91.2,Good
ZE Green,T20I,257,23.36,134.55,17.83,113.66,124.7,On Fire
ZGF Foulkes,ODI,49,24.5,89.09,24.5,89.09,100.0,Good
ZGF Foulkes,T20I,66,16.5,153.49,14.29,149.25,109.2,Good
ZGF Foulkes,Test,45,15.0,32.14,15.0,32.14,100.0,Good
ZJ van Vuuren,T20I,12,12.0,133.33,12.0,133.33,100.0,Good
ZL Thoon,T20I,0,0.0,0.0,7.25,61.7,0.0,
ZL Win,T20I,92,13.14,85.19,9.17,77.86,126.4,On Fire
ZM Tribe,T20I,203,29.0,109.14,21.09,106.91,119.8,On Fire
ZN Carter,CPL,206,18.73,122.62,18.73,122.62,100.0,Good
ZN Shabalala,T20I,51,5.67,29.82,5.67,29.82,100.0,Good
ZP Ikiua,T20I,173,24.71,84.39,18.42,84.03,117.3,On Fire
ZT Kyaw,T20I,5,1.67,41.67,9.63,75.0,36.5,Poor
ZXM Vukusic,T20I,79,19.75,112.86,26.25,130.43,80.9,Average
Zabiullah Zahid,T20I,111,22.2,201.82,18.5,198.21,110.9,On Fire
Zada Sher,T20I,201,18.27,139.58,18.27,139.58,100.0,Good
Zafer Durmaz,T20I,69,23.0,146.81,9.86,123.21,176.2,On Fire
Zaheer Zahiri,T20I,61,30.5,152.5,19.8,130.26,135.6,On Fire
Zahid Ali,ODI,16,16.0,64.0,16.0,64.0,100.0,Good
Zahid Ali,T20I,29,29.0,126.09,29.0,126.09,100.0,Good
Zahid Shirzad,ODI,57,19.0,190.0,19.0,190.0,100.0,Good
Zahidullah Kamal,T20I,156,14.18,88.14,14.18,88.14,100.0,Good
Zahir Mohammed,T20I,180,10.59,116.13,13.91,137.35,80.3,Average
Zahoor Ahmad,T20I,7,3.5,35.0,3.5,35.0,100.0,Good
Zaid Ahmad,T20I,162,14.73,103.18,14.73,103.18,100.0,Good
Zain Ahmad,T20I,24,12.0,104.35,12.12,107.78,97.9,Good
Zain Amir,T20I,0,0.0,0.0,0.0,0.0,0.0,
Zain Muzaffar,T20I,50,25.0,138.89,25.0,138.89,100.0,Good
Zain Ul Abidin,T20I,157,22.43,120.77,17.63,117.96,114.8,On Fire
Zaki Ul Hassan,T20I,12,12.0,46.15,23.0,69.7,59.2,Poor
Zakir Husain Patel,T20I,62,31.0,147.62,31.0,147.62,100.0,Good
Zakria Atiq Butt,T20I,65,13.0,114.04,13.0,114.04,100.0,Good
Zaman Khan,PSL,1,1.0,50.0,3.25,44.83,71.2,Average
Zara Mohammad,T20I,44,8.8,73.33,8.8,73.33,100.0,Good
Zayneb Fazil,T20I,6,6.0,46.15,7.2,64.29,77.6,Average
Zeefa Jilani,T20I,259,18.5,87.5,14.12,80.24,120.0,On Fire
Zeel Patel,T20I,13,3.25,30.95,3.25,30.95,100.0,Good
Zeerak Chughtai,T20I,44,8.8,100.0,17.36,93.63,78.7,Average
Zeeshan Ali,T20I,902,26.53,128.67,27.53,133.19,96.5,Good
Zeeshan Goraya,T20I,29,5.8,76.32,5.8,76.32,100.0,Good
Zeeshan Haider,T20I,16,16.0,145.45,16.0,145.45,100.0,Good
Zeeshan Khan,T20I,149,24.83,116.41,24.41,124.5,97.6,Good
Zeeshan Kukikhel,T20I,271,24.64,141.15,27.77,146.17,92.6,Good
Zeshan Arif,T20I,360,18.0,140.08,18.0,140.08,100.0,Good
Zhao Yihan,T20I,7,3.5,53.85,3.5,53.85,100.0,Good
Zhao Zhilong,T20I,0,0.0,0.0,0.0,0.0,0.0,
Zi Mei,T20I,22,7.33,44.0,9.38,42.51,90.8,Good
Ziaurahman Shinwari,T20I,0,0.0,0.0,0.0,0.0,0.0,
Zikria Islam,T20I,4,2.0,26.67,2.0,26.67,100.0,Good
Zoe Isabela Wong,T20I,21,5.25,51.22,5.25,51.22,100.0,Good
Zon Lin,T20I,263,29.22,99.25,23.63,94.8,114.2,On Fire
Zong Yuechao,T20I,32,16.0,53.33,6.86,48.0,172.2,On Fire
Zubaidi Zulkifle,T20I,86,7.82,114.67,17.68,140.95,62.8,Average
Zubair Al Balushi,T20I,92,18.4,164.29,18.4,164.29,100.0,Good
Zubair Ali,T20I,405,40.5,123.85,40.5,123.85,100.0,Good
Zuhaib Zubair,ODI,1,1.0,10.0,9.75,79.59,11.4,Poor
Zuhaib Zubair,T20I,27,9.0,128.57,13.0,144.44,79.1,Average
Zwe Htet Paing,T20I,3,3.0,50.0,3.0,50.0,100.0,Good
