bowler,format,last_match_date,matches_bowled,recent_avg_overs,expected_overs_next_match,expected_overs_low,expected_overs_high,expected_overs_text,forecast_method
A Adekunle (W),T20I,2026-06-20,23,3.4,3.8,2.0,4.0,about 3.8 overs (likely 2.0-4.0),gbm
A Akhigbe (W),T20I,2026-03-28,13,2.7,3.0,1.1,3.9,about 3.0 overs (likely 1.1-3.9),gbm
A Akurut (W),T20I,2026-07-30,7,3.6,3.2,1.3,4.0,about 3.2 overs (likely 1.3-4.0),gbm
A Alexander,T20I,2025-12-29,8,2.2,2.1,0.3,3.1,about 2.1 overs (likely 0.3-3.1),gbm
A Augastin,T20I,2026-03-28,8,2.8,2.9,1.0,3.9,about 2.9 overs (likely 1.0-3.9),gbm
A Badoni,IPL,2026-04-19,8,0.9,1.0,0.0,1.4,about 1.0 overs (likely 0.0-1.4),gbm
A Beresford-Peirse,T20I,2025-12-07,9,3.2,4.0,2.2,4.0,about 4.0 overs (likely 2.2-4.0),gbm
A Bosch (W),T20I,2026-09-13,13,2.6,2.5,0.7,3.5,about 2.5 overs (likely 0.7-3.5),gbm
A Canning (W),ODI,2025-12-19,21,6.5,7.0,3.3,9.5,about 7.0 overs (likely 3.3-9.5),gbm
A Canning (W),T20I,2026-06-13,48,3.6,3.4,1.6,4.0,about 3.4 overs (likely 1.6-4.0),gbm
A Capsey (W),ODI,2025-10-29,19,3.6,4.0,0.3,6.5,about 4.0 overs (likely 0.3-6.5),gbm
A Chandel (W),T20I,2026-09-13,38,3.4,3.8,2.0,4.0,about 3.8 overs (likely 2.0-4.0),gbm
A Chenthamara,T20I,2026-03-01,10,3.6,3.2,1.4,4.0,about 3.2 overs (likely 1.4-4.0),gbm
A Dalzell (W),ODI,2026-07-12,10,6.0,6.0,2.3,8.4,about 6.0 overs (likely 2.3-8.4),gbm
A Dalzell (W),T20I,2026-06-16,24,2.4,2.9,1.1,3.9,about 2.9 overs (likely 1.1-3.9),gbm
A Dcosta (W),T20I,2026-06-10,32,3.0,3.9,2.1,4.0,about 3.9 overs (likely 2.1-4.0),gbm
A Dercksen (W),ODI,2026-04-04,17,4.8,4.4,0.7,6.9,about 4.4 overs (likely 0.7-6.9),gbm
A Dercksen (W),T20I,2026-09-17,29,2.6,2.6,0.8,3.6,about 2.6 overs (likely 0.8-3.6),gbm
A Dhabe,T20I,2026-07-02,25,3.8,4.0,2.2,4.0,about 4.0 overs (likely 2.2-4.0),gbm
A Dirannehelage (W),T20I,2026-06-20,16,3.6,4.0,2.2,4.0,about 4.0 overs (likely 2.2-4.0),gbm
A Donovan,T20I,2025-12-09,11,2.4,2.3,0.5,3.3,about 2.3 overs (likely 0.5-3.3),gbm
A Dutt,ODI,2026-07-31,56,10.0,9.1,5.3,10.0,about 9.1 overs (likely 5.3-10.0),gbm
A Dutt,T20I,2026-02-18,30,3.3,3.9,2.1,4.0,about 3.9 overs (likely 2.1-4.0),gbm
A Emch (W),T20I,2026-08-02,5,2.3,2.8,1.0,3.8,about 2.8 overs (likely 1.0-3.8),gbm
A Fujikawa (W),T20I,2026-09-13,26,4.0,4.0,2.2,4.0,about 4.0 overs (likely 2.2-4.0),gbm
A Galan (W),T20I,2026-08-02,20,3.2,4.0,2.2,4.0,about 4.0 overs (likely 2.2-4.0),gbm
A Gardner (W),ODI,2026-04-02,86,9.3,8.1,4.4,10.0,about 8.1 overs (likely 4.4-10.0),gbm
A Gardner (W),T20I,2026-07-05,93,2.6,3.0,1.1,4.0,about 3.0 overs (likely 1.1-4.0),gbm
A Gardner (W),Test,2026-03-06,8,32.9,28.4,14.4,43.6,about 28.4 overs (likely 14.4-43.6),gbm
A Gardner (W),WPL,2026-02-03,34,3.0,3.0,1.2,4.0,about 3.0 overs (likely 1.2-4.0),gbm
A Gbla,T20I,2026-05-30,28,2.8,2.9,1.1,3.9,about 2.9 overs (likely 1.1-3.9),gbm
A Gulati,T20I,2026-06-27,7,2.5,2.4,0.6,3.4,about 2.4 overs (likely 0.6-3.4),gbm
A Gupta,T20I,2026-06-14,5,2.4,2.7,0.9,3.7,about 2.7 overs (likely 0.9-3.7),gbm
A Gurung (W),T20I,2026-06-06,37,3.8,4.0,2.2,4.0,about 4.0 overs (likely 2.2-4.0),gbm
A Hlubi (W),ODI,2026-04-04,12,7.4,7.4,3.7,9.8,about 7.4 overs (likely 3.7-9.8),gbm
A Hlubi (W),T20I,2026-09-17,11,3.3,3.2,1.4,4.0,about 3.2 overs (likely 1.4-4.0),gbm
A Husain,T20I,2026-03-15,15,3.2,3.2,1.3,4.0,about 3.2 overs (likely 1.3-4.0),gbm
A Ikuzwe (W),T20I,2026-06-19,58,3.6,3.6,1.8,4.0,about 3.6 overs (likely 1.8-4.0),gbm
A Ilahi (W),T20I,2026-09-06,12,3.8,4.0,2.2,4.0,about 4.0 overs (likely 2.2-4.0),gbm
A Kamboj,IPL,2026-05-21,25,3.7,4.0,2.2,4.0,about 4.0 overs (likely 2.2-4.0),gbm
A Kanukuntla (W),T20I,2026-08-30,19,3.8,3.9,2.0,4.0,about 3.9 overs (likely 2.0-4.0),gbm
A Kato-Stafford (W),T20I,2026-06-10,9,3.6,4.0,2.2,4.0,about 4.0 overs (likely 2.2-4.0),gbm
A Khaka (W),ODI,2026-04-01,104,8.0,8.1,4.4,10.0,about 8.1 overs (likely 4.4-10.0),gbm
A Khaka (W),T20I,2026-07-02,80,3.6,4.0,2.2,4.0,about 4.0 overs (likely 2.2-4.0),gbm
A King (W),ODI,2026-04-02,51,9.2,8.2,4.5,10.0,about 8.2 overs (likely 4.5-10.0),gbm
A King (W),T20I,2026-06-23,34,2.0,2.2,0.4,3.2,about 2.2 overs (likely 0.4-3.2),gbm
A King (W),Test,2026-03-06,6,21.4,22.6,8.6,37.8,about 22.6 overs (likely 8.6-37.8),gbm
A Kirschbaum,T20I,2026-03-15,29,3.4,4.0,2.2,4.0,about 4.0 overs (likely 2.2-4.0),gbm
A Kohli (W),T20I,2026-08-30,40,3.2,4.0,2.2,4.0,about 4.0 overs (likely 2.2-4.0),gbm
A Kontopirakis (W),T20I,2026-04-30,8,2.0,2.1,0.3,3.1,about 2.1 overs (likely 0.3-3.1),gbm
A Le Ray (W),T20I,2026-08-29,6,3.8,4.0,2.2,4.0,about 4.0 overs (likely 2.2-4.0),gbm
A Lupascu (W),T20I,2026-08-28,5,2.8,2.8,1.0,3.8,about 2.8 overs (likely 1.0-3.8),gbm
A Makri (W),T20I,2026-08-29,32,3.2,3.8,2.0,4.0,about 3.8 overs (likely 2.0-4.0),gbm
A Martel,T20I,2026-05-23,27,4.0,3.9,2.0,4.0,about 3.9 overs (likely 2.0-4.0),gbm
A Mazvishaya (W),ODI,2026-03-11,15,6.2,6.5,2.8,8.9,about 6.5 overs (likely 2.8-8.9),gbm
A Mazvishaya (W),T20I,2026-03-01,24,2.5,3.1,1.3,4.0,about 3.1 overs (likely 1.3-4.0),gbm
A Merritt (W),T20I,2026-06-14,21,3.2,3.6,1.8,4.0,about 3.6 overs (likely 1.8-4.0),gbm
A Meyenborg (W),T20I,2026-08-29,20,3.7,3.3,1.4,4.0,about 3.3 overs (likely 1.4-4.0),gbm
A Mohamed (W),T20I,2026-07-22,12,3.3,2.9,1.1,3.9,about 2.9 overs (likely 1.1-3.9),gbm
A Mokgotlhe (W),T20I,2026-04-11,48,2.4,2.7,0.9,3.7,about 2.7 overs (likely 0.9-3.7),gbm
A Mongar,T20I,2026-02-28,7,2.3,2.0,0.2,3.0,about 2.0 overs (likely 0.2-3.0),gbm
A Munisar (W),ODI,2026-07-15,9,6.6,6.6,2.9,9.1,about 6.6 overs (likely 2.9-9.1),gbm
A Munisar (W),T20I,2026-06-27,15,3.4,3.5,1.7,4.0,about 3.5 overs (likely 1.7-4.0),gbm
A Nao,T20I,2026-05-18,24,2.6,3.2,1.4,4.0,about 3.2 overs (likely 1.4-4.0),gbm
A Natubhai Ahir,T20I,2026-06-25,21,3.6,3.6,1.7,4.0,about 3.6 overs (likely 1.7-4.0),gbm
A Nortje,IPL,2026-04-01,49,3.4,4.0,2.3,4.0,about 4.0 overs (likely 2.3-4.0),gbm
A Nortje,T20I,2026-03-01,45,3.6,4.0,2.2,4.0,about 4.0 overs (likely 2.2-4.0),gbm
A Ostergaard (W),T20I,2026-02-03,6,3.0,3.0,1.2,4.0,about 3.0 overs (likely 1.2-4.0),gbm
A Parima,T20I,2026-05-18,7,2.2,2.3,0.5,3.3,about 2.3 overs (likely 0.5-3.3),gbm
A Paul,T20I,2026-07-13,14,2.9,2.9,1.1,3.9,about 2.9 overs (likely 1.1-3.9),gbm
A Perera (W),T20I,2026-07-30,11,2.8,3.0,1.1,4.0,about 3.0 overs (likely 1.1-4.0),gbm
A Phillip,Test,2026-07-03,7,23.0,23.6,9.6,38.8,about 23.6 overs (likely 9.6-38.8),gbm
A Rameshan (W),T20I,2026-06-20,10,3.8,4.0,2.2,4.0,about 4.0 overs (likely 2.2-4.0),gbm
A Razmilic,T20I,2025-12-07,7,1.5,1.9,0.1,2.9,about 1.9 overs (likely 0.1-2.9),gbm
A Reddy (W),ODI,2025-09-20,11,7.9,8.8,5.1,10.0,about 8.8 overs (likely 5.1-10.0),gbm
A Reddy (W),T20I,2026-06-21,52,3.4,3.9,2.0,4.0,about 3.9 overs (likely 2.0-4.0),gbm
A Reddy (W),WPL,2026-02-05,24,2.8,3.5,1.7,4.0,about 3.5 overs (likely 1.7-4.0),gbm
A Reyes,T20I,2026-05-09,22,2.6,2.7,0.9,3.7,about 2.7 overs (likely 0.9-3.7),gbm
A Roy,ODI,2026-07-31,6,6.4,7.0,3.2,9.4,about 7.0 overs (likely 3.2-9.4),gbm
A Salomao (W),T20I,2026-04-11,30,3.2,4.0,2.2,4.0,about 4.0 overs (likely 2.2-4.0),gbm
A Savvani (W),T20I,2026-08-29,28,1.8,2.4,0.6,3.4,about 2.4 overs (likely 0.6-3.4),gbm
A Shahi,T20I,2026-05-20,23,3.2,3.4,1.6,4.0,about 3.4 overs (likely 1.6-4.0),gbm
A Shukla,T20I,2026-06-08,58,3.2,3.5,1.7,4.0,about 3.5 overs (likely 1.7-4.0),gbm
A Simelane,T20I,2026-09-04,11,2.4,2.8,1.0,3.8,about 2.8 overs (likely 1.0-3.8),gbm
A Sutherland (W),ODI,2026-03-01,48,6.5,6.7,3.0,9.2,about 6.7 overs (likely 3.0-9.2),gbm
A Sutherland (W),T20I,2026-07-05,51,3.1,3.4,1.6,4.0,about 3.4 overs (likely 1.6-4.0),gbm
A Sutherland (W),Test,2026-03-06,7,17.1,15.7,1.7,30.9,about 15.7 overs (likely 1.7-30.9),gbm
A Suwanchonrathi (W),T20I,2026-05-30,7,2.0,2.2,0.4,3.2,about 2.2 overs (likely 0.4-3.2),gbm
A Taylor (W),T20I,2026-06-19,9,2.8,2.9,1.1,3.9,about 2.9 overs (likely 1.1-3.9),gbm
A Thorpe (W),T20I,2026-08-26,14,3.4,2.9,1.1,3.9,about 2.9 overs (likely 1.1-3.9),gbm
A Turkmen,T20I,2026-07-13,19,3.0,3.5,1.7,4.0,about 3.5 overs (likely 1.7-4.0),gbm
A Vaidya (W),T20I,2026-08-28,17,2.2,2.1,0.3,3.1,about 2.1 overs (likely 0.3-3.1),gbm
A Vala,T20I,2026-05-18,44,2.4,2.6,0.8,3.6,about 2.6 overs (likely 0.8-3.6),gbm
A Vessik (W),T20I,2026-07-25,15,3.4,3.7,1.8,4.0,about 3.7 overs (likely 1.8-4.0),gbm
A Wright,T20I,2026-03-15,25,3.6,4.0,2.1,4.0,about 4.0 overs (likely 2.1-4.0),gbm
A Yon,T20I,2026-03-28,7,2.6,2.9,1.0,3.8,about 2.9 overs (likely 1.0-3.8),gbm
A Zampa,BBL,2026-01-15,116,3.6,4.0,2.3,4.0,about 4.0 overs (likely 2.3-4.0),gbm
A Zampa,ODI,2026-09-15,119,9.0,9.4,5.7,10.0,about 9.4 overs (likely 5.7-10.0),gbm
A Zampa,PSL,2026-04-19,7,4.0,4.0,2.3,4.0,about 4.0 overs (likely 2.3-4.0),gbm
A Zampa,T20I,2026-06-21,113,3.9,4.0,2.2,4.0,about 4.0 overs (likely 2.2-4.0),gbm
A Zimunu (W),ODI,2026-05-09,14,5.0,5.0,1.3,7.5,about 5.0 overs (likely 1.3-7.5),gbm
A Zimunu (W),T20I,2026-05-15,13,2.6,2.8,1.0,3.8,about 2.8 overs (likely 1.0-3.8),gbm
AA Alleyne (W),ODI,2026-07-15,48,3.6,4.0,0.3,6.5,about 4.0 overs (likely 0.3-6.5),gbm
AA Alleyne (W),T20I,2026-06-30,54,2.8,2.9,1.0,3.9,about 2.9 overs (likely 1.0-3.9),gbm
AA Jimoh,T20I,2025-09-30,5,2.4,2.8,1.0,3.8,about 2.8 overs (likely 1.0-3.8),gbm
AA Navicha,T20I,2026-06-07,11,3.1,3.2,1.4,4.0,about 3.2 overs (likely 1.4-4.0),gbm
AA Rahayu,T20I,2025-12-29,27,2.4,2.8,1.0,3.8,about 2.8 overs (likely 1.0-3.8),gbm
AA Wagh,T20I,2026-07-30,5,2.9,2.9,1.1,3.9,about 2.9 overs (likely 1.1-3.9),gbm
AAP Atkinson,ODI,2026-07-19,13,7.2,8.1,4.4,10.0,about 8.1 overs (likely 4.4-10.0),gbm
AAP Atkinson,Test,2026-09-09,21,25.3,27.0,13.0,42.2,about 27.0 overs (likely 13.0-42.2),gbm
AAP Rivero,T20I,2026-03-15,23,3.4,3.9,2.0,4.0,about 3.9 overs (likely 2.0-4.0),gbm
AB Kamara,T20I,2026-09-13,19,2.4,2.7,0.9,3.7,about 2.7 overs (likely 0.9-3.7),gbm
AB Kaur (W),ODI,2026-02-27,17,5.4,5.9,2.2,8.3,about 5.9 overs (likely 2.2-8.3),gbm
AB Kaur (W),T20I,2026-02-21,19,2.0,2.1,0.3,3.1,about 2.1 overs (likely 0.3-3.1),gbm
AB Kaur (W),WPL,2026-01-30,20,3.2,2.8,1.0,3.7,about 2.8 overs (likely 1.0-3.7),gbm
AB Mengoumou,T20I,2026-05-29,5,2.6,2.8,1.0,3.8,about 2.8 overs (likely 1.0-3.8),gbm
AB Slebsager (W),T20I,2026-08-29,17,2.8,2.8,1.0,3.8,about 2.8 overs (likely 1.0-3.8),gbm
ABY Smith (W),T20I,2025-12-16,13,3.2,4.0,2.1,4.0,about 4.0 overs (likely 2.1-4.0),gbm
AC Agar,BBL,2026-01-04,93,3.0,3.9,2.2,4.0,about 3.9 overs (likely 2.2-4.0),gbm
AC Brodin (W),T20I,2026-09-06,7,1.6,2.0,0.2,3.0,about 2.0 overs (likely 0.2-3.0),gbm
AC Dei Castelli (W),T20I,2026-08-02,5,2.2,2.1,0.3,3.1,about 2.1 overs (likely 0.3-3.1),gbm
AC Jayangani (W),ODI,2026-07-28,65,7.6,7.1,3.4,9.5,about 7.1 overs (likely 3.4-9.5),gbm
AC Jayangani (W),T20I,2026-09-13,95,3.7,3.2,1.4,4.0,about 3.2 overs (likely 1.4-4.0),gbm
AC Kerr (W),ODI,2026-05-16,87,9.0,8.9,5.2,10.0,about 8.9 overs (likely 5.2-10.0),gbm
AC Kerr (W),T20I,2026-06-27,101,3.8,4.0,2.2,4.0,about 4.0 overs (likely 2.2-4.0),gbm
AC Kerr (W),WPL,2026-01-30,36,4.0,4.0,2.2,4.0,about 4.0 overs (likely 2.2-4.0),gbm
AD Nath,ODI,2026-09-12,5,3.8,4.0,0.3,6.5,about 4.0 overs (likely 0.3-6.5),gbm
AD Russell,CPL,2026-09-16,108,3.8,3.4,1.6,4.0,about 3.4 overs (likely 1.6-4.0),gbm
AF Ifill,T20I,2026-03-11,26,3.6,4.0,2.2,4.0,about 4.0 overs (likely 2.2-4.0),gbm
AF Milne,IPL,2026-05-17,11,3.4,4.0,2.2,4.0,about 4.0 overs (likely 2.2-4.0),gbm
AG Cremer,T20I,2026-08-29,30,3.2,3.8,1.9,4.0,about 3.8 overs (likely 1.9-4.0),gbm
AGC Vimukthi (W),ODI,2026-07-28,5,6.0,5.9,2.2,8.4,about 5.9 overs (likely 2.2-8.4),gbm
AH Maqsood (W),ODI,2026-08-30,14,6.8,7.7,4.0,10.0,about 7.7 overs (likely 4.0-10.0),gbm
AH Maqsood (W),T20I,2026-06-03,75,1.8,2.6,0.7,3.6,about 2.6 overs (likely 0.7-3.6),gbm
AI Chudasama (W),T20I,2026-04-30,37,3.4,4.0,2.1,4.0,about 4.0 overs (likely 2.1-4.0),gbm
AJ Hosein,CPL,2026-09-11,88,3.0,3.9,2.1,4.0,about 3.9 overs (likely 2.1-4.0),gbm
AJ Hosein,IPL,2026-05-18,8,3.7,4.0,2.3,4.0,about 4.0 overs (likely 2.3-4.0),gbm
AJ Hosein,ODI,2025-10-23,40,10.2,10.0,6.3,10.0,about 10.0 overs (likely 6.3-10.0),gbm
AJ Hosein,T20I,2026-06-14,94,3.0,4.0,2.2,4.0,about 4.0 overs (likely 2.2-4.0),gbm
AJ Parmar,T20I,2026-06-14,23,3.4,3.8,2.0,4.0,about 3.8 overs (likely 2.0-4.0),gbm
AJ Prajapati,T20I,2026-05-30,6,2.9,3.0,1.2,4.0,about 3.0 overs (likely 1.2-4.0),gbm
AJ Turner,BBL,2026-01-07,43,1.0,1.0,0.0,1.6,about 1.0 overs (likely 0.0-1.6),gbm
AJ Turner,PSL,2026-04-29,7,1.8,1.8,0.1,2.6,about 1.8 overs (likely 0.1-2.6),gbm
AJ Tye,BBL,2026-01-01,116,3.8,4.0,2.3,4.0,about 4.0 overs (likely 2.3-4.0),gbm
AK Gokoel,T20I,2026-03-15,13,3.4,4.0,2.2,4.0,about 4.0 overs (likely 2.2-4.0),gbm
AK Maguire (W),ODI,2026-07-15,16,8.4,8.3,4.5,10.0,about 8.3 overs (likely 4.5-10.0),gbm
AK Maguire (W),T20I,2026-06-27,24,3.8,3.6,1.8,4.0,about 3.6 overs (likely 1.8-4.0),gbm
AK Markram,IPL,2026-05-10,24,1.2,1.7,0.0,2.1,about 1.7 overs (likely 0.0-2.1),gbm
AK Markram,ODI,2025-12-06,39,4.0,4.1,0.4,6.5,about 4.1 overs (likely 0.4-6.5),gbm
AK Markram,T20I,2026-03-01,38,1.2,1.8,0.0,2.8,about 1.8 overs (likely 0.0-2.8),gbm
AK Markram,Test,2025-11-22,21,4.8,4.6,0.0,19.7,about 4.6 overs (likely 0.0-19.7),gbm
AL Khunti,T20I,2026-08-21,5,2.4,2.7,0.9,3.7,about 2.7 overs (likely 0.9-3.7),gbm
AL Mundundo (W),T20I,2026-04-11,18,1.8,2.2,0.4,3.2,about 2.2 overs (likely 0.4-3.2),gbm
AM Fernando,ODI,2026-06-03,27,8.1,7.6,3.9,10.0,about 7.6 overs (likely 3.9-10.0),gbm
AM Fernando,Test,2026-08-23,27,31.1,27.5,13.5,42.7,about 27.5 overs (likely 13.5-42.7),gbm
AM Ghazanfar,CPL,2026-09-16,6,3.4,3.9,2.1,4.0,about 3.9 overs (likely 2.1-4.0),gbm
AM Ghazanfar,IPL,2026-05-24,11,3.6,4.0,2.3,4.0,about 4.0 overs (likely 2.3-4.0),gbm
AM Hardie,BBL,2026-01-25,46,2.8,2.8,1.1,3.4,about 2.8 overs (likely 1.1-3.4),gbm
AM Hardie,PSL,2026-05-03,6,3.2,3.8,2.1,4.0,about 3.8 overs (likely 2.1-4.0),gbm
AM Hardie,T20I,2026-06-21,15,3.0,3.0,1.2,4.0,about 3.0 overs (likely 1.2-4.0),gbm
AM Kimote,T20I,2026-03-28,67,2.8,2.8,1.0,3.8,about 2.8 overs (likely 1.0-3.8),gbm
AM Patel,T20I,2026-06-24,11,2.4,2.5,0.7,3.5,about 2.5 overs (likely 0.7-3.5),gbm
AM Zepeda (W),T20I,2026-08-30,17,3.8,4.0,2.2,4.0,about 4.0 overs (likely 2.2-4.0),gbm
AN Kelly (W),ODI,2026-09-06,37,7.4,8.1,4.4,10.0,about 8.1 overs (likely 4.4-10.0),gbm
AN Kelly (W),T20I,2026-06-27,71,3.4,3.8,2.0,4.0,about 3.8 overs (likely 2.0-4.0),gbm
AN Toube,T20I,2026-05-25,8,2.6,2.9,1.1,3.9,about 2.9 overs (likely 1.1-3.9),gbm
AR Leo,T20I,2026-03-28,9,2.4,2.8,0.9,3.8,about 2.8 overs (likely 0.9-3.8),gbm
AR McBrine,Test,2026-05-27,10,40.2,32.7,18.7,47.9,about 32.7 overs (likely 18.7-47.9),gbm
AR Nedd,CPL,2026-09-06,23,3.4,4.0,2.3,4.0,about 4.0 overs (likely 2.3-4.0),gbm
AR Patel,IPL,2026-05-24,173,4.0,4.0,2.3,4.0,about 4.0 overs (likely 2.3-4.0),gbm
AR Patel,ODI,2026-07-19,69,9.0,9.2,5.5,10.0,about 9.2 overs (likely 5.5-10.0),gbm
AR Patel,T20I,2026-07-11,90,3.6,3.8,2.0,4.0,about 3.8 overs (likely 2.0-4.0),gbm
AR Patel,Test,2025-11-14,15,25.4,27.4,13.4,42.5,about 27.4 overs (likely 13.4-42.5),gbm
AR Ramjani,T20I,2025-10-04,56,3.6,4.0,2.2,4.0,about 4.0 overs (likely 2.2-4.0),gbm
AS Gorad (W),T20I,2026-08-29,6,3.0,2.9,1.1,3.9,about 2.9 overs (likely 1.1-3.9),gbm
AS Joseph,CPL,2026-09-08,77,3.2,4.0,2.3,4.0,about 4.0 overs (likely 2.3-4.0),gbm
AS Joseph,ODI,2026-07-21,80,7.6,9.5,5.8,10.0,about 9.5 overs (likely 5.8-10.0),gbm
AS Joseph,PSL,2026-04-25,17,4.0,4.0,2.3,4.0,about 4.0 overs (likely 2.3-4.0),gbm
AS Joseph,Test,2026-07-03,42,25.3,27.3,13.3,42.5,about 27.3 overs (likely 13.3-42.5),gbm
AS Mehmi,T20I,2026-08-18,12,2.4,2.7,0.9,3.7,about 2.7 overs (likely 0.9-3.7),gbm
AS Qwele (W),T20I,2026-07-30,33,3.0,3.4,1.6,4.0,about 3.4 overs (likely 1.6-4.0),gbm
AS Roy,IPL,2026-05-24,22,2.2,2.3,0.5,2.7,about 2.3 overs (likely 0.5-2.7),gbm
ASF Sirah,T20I,2026-05-16,25,3.7,3.9,2.0,4.0,about 3.9 overs (likely 2.0-4.0),gbm
ASS Fletcher (W),ODI,2026-07-15,63,8.2,9.2,5.5,10.0,about 9.2 overs (likely 5.5-10.0),gbm
ASS Fletcher (W),T20I,2026-06-30,104,3.6,3.8,2.0,4.0,about 3.8 overs (likely 2.0-4.0),gbm
ATS Silva (W),T20I,2026-08-29,15,1.6,1.9,0.0,2.9,about 1.9 overs (likely 0.0-2.9),gbm
AU Rashid,ODI,2026-07-19,154,7.7,8.8,5.1,10.0,about 8.8 overs (likely 5.1-10.0),gbm
AU Rashid,T20I,2026-09-17,143,3.1,3.9,2.1,4.0,about 3.9 overs (likely 2.1-4.0),gbm
AV Lazarus,T20I,2026-06-23,8,2.4,2.4,0.6,3.4,about 2.4 overs (likely 0.6-3.4),gbm
AY Patel,Test,2025-12-18,22,38.2,35.8,21.8,50.9,about 35.8 overs (likely 21.8-50.9),gbm
Aamer Jamal,PSL,2026-04-13,26,2.3,2.7,0.9,3.4,about 2.7 overs (likely 0.9-3.4),gbm
Aamer Jamal,Test,2026-07-25,8,16.8,16.4,2.4,31.6,about 16.4 overs (likely 2.4-31.6),gbm
Aamir Kaleem,T20I,2026-02-14,40,2.4,2.9,1.1,3.9,about 2.9 overs (likely 1.1-3.9),gbm
Aarif Sheikh,ODI,2026-07-29,36,4.6,4.3,0.6,6.8,about 4.3 overs (likely 0.6-6.8),gbm
Aarti Priya (W),T20I,2026-08-23,14,3.4,4.0,2.2,4.0,about 4.0 overs (likely 2.2-4.0),gbm
Aayan Afzal Khan,ODI,2026-09-12,42,7.2,9.0,5.3,10.0,about 9.0 overs (likely 5.3-10.0),gbm
Aayan Afzal Khan,T20I,2026-09-17,31,3.2,4.0,2.2,4.0,about 4.0 overs (likely 2.2-4.0),gbm
Abbas Afridi,PSL,2026-04-25,48,2.7,3.3,1.5,4.0,about 3.3 overs (likely 1.5-4.0),gbm
Abbas Ghani,T20I,2026-06-27,20,2.4,2.8,0.9,3.7,about 2.8 overs (likely 0.9-3.7),gbm
Abdul Majid Abbasi,T20I,2026-08-01,76,4.0,4.0,2.2,4.0,about 4.0 overs (likely 2.2-4.0),gbm
Abdul Naser Baluch,T20I,2026-06-14,22,3.6,4.0,2.2,4.0,about 4.0 overs (likely 2.2-4.0),gbm
Abdul Samad,IPL,2026-04-01,7,0.7,1.7,0.0,2.1,about 1.7 overs (likely 0.0-2.1),gbm
Abdul Samad,T20I,2026-05-18,19,3.4,3.4,1.6,4.0,about 3.4 overs (likely 1.6-4.0),gbm
Abdullah Mahmood,T20I,2026-07-14,21,2.7,2.8,1.0,3.8,about 2.8 overs (likely 1.0-3.8),gbm
Abdullah Mohd Yousaf,T20I,2026-06-03,5,2.1,2.1,0.3,3.1,about 2.1 overs (likely 0.3-3.1),gbm
Abdullahi Ismail,T20I,2026-06-23,7,3.0,3.8,2.0,4.0,about 3.8 overs (likely 2.0-4.0),gbm
Abeera Waris (W),T20I,2026-06-07,6,2.8,3.0,1.1,3.9,about 3.0 overs (likely 1.1-3.9),gbm
Abhishek Sharma,IPL,2026-05-03,36,1.4,1.8,0.0,2.2,about 1.8 overs (likely 0.0-2.2),gbm
Abhishek Sharma,T20I,2026-07-26,21,1.6,1.9,0.0,2.8,about 1.9 overs (likely 0.0-2.8),gbm
Abrar Ahmed,ODI,2026-06-04,19,8.6,9.5,5.8,10.0,about 9.5 overs (likely 5.8-10.0),gbm
Abrar Ahmed,PSL,2026-04-25,39,4.0,4.0,2.3,4.0,about 4.0 overs (likely 2.3-4.0),gbm
Abrar Ahmed,T20I,2026-02-28,36,3.6,4.0,2.2,4.0,about 4.0 overs (likely 2.2-4.0),gbm
Adam Senn,T20I,2026-05-22,19,4.0,4.0,2.2,4.0,about 4.0 overs (likely 2.2-4.0),gbm
Adil Butt,T20I,2026-06-07,24,2.8,3.4,1.6,4.0,about 3.4 overs (likely 1.6-4.0),gbm
Adil Khan,T20I,2026-05-03,5,2.8,2.8,1.0,3.8,about 2.8 overs (likely 1.0-3.8),gbm
Afida Afthab (W),T20I,2026-06-07,23,2.2,2.1,0.3,3.1,about 2.1 overs (likely 0.3-3.1),gbm
Afif Hossain,ODI,2026-03-13,10,1.6,1.8,0.0,4.3,about 1.8 overs (likely 0.0-4.3),gbm
Afsheen Ahmed (W),T20I,2026-09-06,6,2.6,3.0,1.1,3.9,about 3.0 overs (likely 1.1-3.9),gbm
Agha Salman,ODI,2026-06-04,37,3.4,4.0,0.3,6.4,about 4.0 overs (likely 0.3-6.4),gbm
Agha Salman,PSL,2026-04-25,20,1.8,1.9,0.2,2.7,about 1.9 overs (likely 0.2-2.7),gbm
Agha Salman,T20I,2026-02-15,13,1.2,1.8,0.0,2.8,about 1.8 overs (likely 0.0-2.8),gbm
Agha Salman,Test,2026-08-02,24,5.6,6.9,0.0,22.1,about 6.9 overs (likely 0.0-22.1),gbm
Ahmad Khalid Ahmadzai,T20I,2026-07-14,8,3.0,3.9,2.1,4.0,about 3.9 overs (likely 2.1-4.0),gbm
Ahmad Ullah,T20I,2026-08-21,5,3.6,4.0,2.2,4.0,about 4.0 overs (likely 2.2-4.0),gbm
Ahmadullah Shinwari,T20I,2026-07-14,35,3.0,3.0,1.1,4.0,about 3.0 overs (likely 1.1-4.0),gbm
Ahmed Aqeel,T20I,2026-05-04,14,1.6,1.8,0.0,2.8,about 1.8 overs (likely 0.0-2.8),gbm
Ahmed Daniyal,PSL,2026-04-02,17,3.7,4.0,2.3,4.0,about 4.0 overs (likely 2.3-4.0),gbm
Ahmed Faiz,T20I,2025-12-10,5,1.4,2.0,0.2,3.0,about 2.0 overs (likely 0.2-3.0),gbm
Ahmed Wardak,T20I,2026-08-17,9,2.6,3.0,1.2,4.0,about 3.0 overs (likely 1.2-4.0),gbm
Ahmer Bin Nisar,T20I,2026-02-26,5,1.0,1.8,0.0,2.8,about 1.8 overs (likely 0.0-2.8),gbm
Ainna Hamizah Hashim (W),T20I,2026-09-13,79,2.6,2.8,0.9,3.8,about 2.8 overs (likely 0.9-3.8),gbm
Aisya Eleesa (W),T20I,2026-09-13,60,3.2,2.9,1.1,3.9,about 2.9 overs (likely 1.1-3.9),gbm
Aizaz Khan,T20I,2026-06-22,86,3.0,3.4,1.6,4.0,about 3.4 overs (likely 1.6-4.0),gbm
Ajin Soman,T20I,2026-05-23,8,1.9,2.2,0.4,3.2,about 2.2 overs (likely 0.4-3.2),gbm
Akash Singh,IPL,2026-05-19,12,3.6,3.9,2.2,4.0,about 3.9 overs (likely 2.2-4.0),gbm
Akhil Arjunan,T20I,2026-08-18,16,3.4,3.9,2.1,4.0,about 3.9 overs (likely 2.1-4.0),gbm
Akhil Kumar,ODI,2026-06-16,9,7.4,6.9,3.2,9.3,about 6.9 overs (likely 3.2-9.3),gbm
Akif Javed,PSL,2026-05-03,26,3.8,4.0,2.3,4.0,about 4.0 overs (likely 2.3-4.0),gbm
Ali Dawood,T20I,2026-08-01,76,4.0,4.0,2.2,4.0,about 4.0 overs (likely 2.2-4.0),gbm
Ali Hasan,T20I,2026-02-19,10,3.4,3.8,2.0,4.0,about 3.8 overs (likely 2.0-4.0),gbm
Ali Khan,ODI,2026-08-11,16,6.9,7.8,4.1,10.0,about 7.8 overs (likely 4.1-10.0),gbm
Ali Khan,T20I,2026-02-15,20,3.2,4.0,2.1,4.0,about 4.0 overs (likely 2.1-4.0),gbm
Ali Nawaz,T20I,2026-06-27,10,2.2,2.3,0.5,3.3,about 2.3 overs (likely 0.5-3.3),gbm
Ali Rasool,T20I,2026-08-15,7,1.8,1.9,0.1,2.9,about 1.9 overs (likely 0.1-2.9),gbm
Ali Raza,PSL,2026-04-25,14,3.4,4.0,2.3,4.0,about 4.0 overs (likely 2.3-4.0),gbm
Alifiya Sayed (W),T20I,2026-06-10,21,2.1,2.4,0.6,3.4,about 2.4 overs (likely 0.6-3.4),gbm
Alina Aslam (W),T20I,2026-08-30,22,3.4,4.0,2.2,4.0,about 4.0 overs (likely 2.2-4.0),gbm
Amad Butt,PSL,2026-04-26,22,3.6,3.8,2.1,4.0,about 3.8 overs (likely 2.1-4.0),gbm
Amal Jacob,T20I,2026-07-14,15,2.8,2.9,1.1,3.9,about 2.9 overs (likely 1.1-3.9),gbm
Amalin Sorfina (W),T20I,2026-02-14,8,1.4,1.8,0.0,2.8,about 1.8 overs (likely 0.0-2.8),gbm
Amarpal Kaur (W),T20I,2025-11-05,18,3.8,4.0,2.2,4.0,about 4.0 overs (likely 2.2-4.0),gbm
Amaya Rajapaksha (W),T20I,2026-04-27,6,1.8,1.9,0.0,2.9,about 1.9 overs (likely 0.0-2.9),gbm
Amina Kashif (W),T20I,2026-02-12,6,2.4,2.8,1.0,3.8,about 2.8 overs (likely 1.0-3.8),gbm
Amir Butt,T20I,2026-04-05,8,2.8,2.8,0.9,3.8,about 2.8 overs (likely 0.9-3.8),gbm
Amir Farooq,T20I,2025-10-13,18,2.6,3.4,1.6,4.0,about 3.4 overs (likely 1.6-4.0),gbm
Amjad Sher,T20I,2026-08-21,44,3.8,4.0,2.2,4.0,about 4.0 overs (likely 2.2-4.0),gbm
Amna Tariq (W),T20I,2026-06-06,52,3.2,4.0,2.2,4.0,about 4.0 overs (likely 2.2-4.0),gbm
Anas Khan,T20I,2026-06-01,20,3.0,3.0,1.1,4.0,about 3.0 overs (likely 1.1-4.0),gbm
Anjar Tadarus,T20I,2026-06-26,41,3.0,2.9,1.0,3.9,about 2.9 overs (likely 1.0-3.9),gbm
Ansh Patel,ODI,2026-08-13,5,7.6,8.0,4.3,10.0,about 8.0 overs (likely 4.3-10.0),gbm
Ansh Patel,T20I,2026-02-17,7,3.0,2.9,1.0,3.9,about 2.9 overs (likely 1.0-3.9),gbm
Aqib Iqbal,T20I,2026-07-30,70,3.4,4.0,2.2,4.0,about 4.0 overs (likely 2.2-4.0),gbm
Arafat Minhas,PSL,2026-04-29,12,3.0,2.8,1.1,3.6,about 2.8 overs (likely 1.1-3.6),gbm
Archara Supriya (W),T20I,2026-09-08,6,1.6,1.9,0.1,2.9,about 1.9 overs (likely 0.1-2.9),gbm
Arif Ullah,T20I,2026-05-01,7,3.5,4.0,2.2,4.0,about 4.0 overs (likely 2.2-4.0),gbm
Arjun Tendulkar,IPL,2026-05-23,6,2.8,3.0,1.2,3.4,about 3.0 overs (likely 1.2-3.4),gbm
Arjun Vinod,T20I,2026-05-19,18,1.6,1.9,0.0,2.9,about 1.9 overs (likely 0.0-2.9),gbm
Arshad Khan,IPL,2026-05-31,24,2.7,2.9,1.2,3.3,about 2.9 overs (likely 1.2-3.3),gbm
Arshdeep Singh,IPL,2026-05-23,95,3.8,4.0,2.3,4.0,about 4.0 overs (likely 2.3-4.0),gbm
Arshdeep Singh,ODI,2026-07-19,15,9.6,9.4,5.7,10.0,about 9.4 overs (likely 5.7-10.0),gbm
Arshdeep Singh,T20I,2026-07-11,84,4.0,4.0,2.2,4.0,about 4.0 overs (likely 2.2-4.0),gbm
Arun Yadav,T20I,2026-03-24,6,2.2,2.2,0.4,3.2,about 2.2 overs (likely 0.4-3.2),gbm
Ashi Chopla (W),T20I,2026-08-26,8,2.5,2.8,0.9,3.8,about 2.8 overs (likely 0.9-3.8),gbm
Ashmal Hashmi (W),T20I,2026-06-04,5,3.0,3.0,1.2,4.0,about 3.0 overs (likely 1.2-4.0),gbm
Ashok Sharma,IPL,2026-04-20,6,3.6,4.0,2.2,4.0,about 4.0 overs (likely 2.2-4.0),gbm
Ashraful Shuvo,T20I,2026-07-14,8,4.0,4.0,2.2,4.0,about 4.0 overs (likely 2.2-4.0),gbm
Ashwani Kumar,IPL,2026-04-29,10,3.5,3.2,1.4,3.6,about 3.2 overs (likely 1.4-3.6),gbm
Ashwin Vinod,T20I,2026-06-21,29,3.4,3.7,1.8,4.0,about 3.7 overs (likely 1.8-4.0),gbm
Ashwini Balaji (W),T20I,2026-08-30,18,3.0,3.3,1.5,4.0,about 3.3 overs (likely 1.5-4.0),gbm
Asif Afridi,PSL,2026-04-26,21,3.4,3.8,2.0,4.0,about 3.8 overs (likely 2.0-4.0),gbm
Asif Ali,T20I,2026-08-01,37,2.0,1.9,0.0,2.9,about 1.9 overs (likely 0.0-2.9),gbm
Asif Javed,T20I,2025-12-13,5,3.4,4.0,2.2,4.0,about 4.0 overs (likely 2.2-4.0),gbm
Asif Shaikh,T20I,2026-08-01,16,3.2,4.0,2.2,4.0,about 4.0 overs (likely 2.2-4.0),gbm
Aslam Bera,T20I,2025-12-14,9,2.8,3.1,1.2,4.0,about 3.1 overs (likely 1.2-4.0),gbm
Aslan Jafri,T20I,2026-06-05,8,3.0,2.9,1.1,3.9,about 2.9 overs (likely 1.1-3.9),gbm
Ateeq Iqbal,T20I,2026-06-22,40,3.3,3.1,1.3,4.0,about 3.1 overs (likely 1.3-4.0),gbm
Atif Mehmood,T20I,2026-08-18,26,3.2,3.8,2.0,4.0,about 3.8 overs (likely 2.0-4.0),gbm
Attia Diwan Ali (W),T20I,2026-09-05,9,3.0,3.1,1.2,4.0,about 3.1 overs (likely 1.2-4.0),gbm
Aue Oru,T20I,2026-05-18,6,2.6,2.9,1.0,3.8,about 2.9 overs (likely 1.0-3.8),gbm
Auqib Nabi,IPL,2026-05-24,5,2.6,2.8,1.1,3.2,about 2.8 overs (likely 1.1-3.2),gbm
Avesh Khan,IPL,2026-05-10,82,3.3,4.0,2.3,4.0,about 4.0 overs (likely 2.3-4.0),gbm
Avishka Iroshan,T20I,2026-07-27,10,2.0,2.3,0.5,3.3,about 2.3 overs (likely 0.5-3.3),gbm
Ayaz Dadabhai,T20I,2026-08-15,14,3.4,3.9,2.0,4.0,about 3.9 overs (likely 2.0-4.0),gbm
Ayesha Zafar (W),ODI,2026-07-28,8,4.2,4.2,0.5,6.7,about 4.2 overs (likely 0.5-6.7),gbm
Ayesha Zafar (W),T20I,2026-09-11,13,1.6,1.9,0.0,2.9,about 1.9 overs (likely 0.0-2.9),gbm
Aysha (W),T20I,2026-06-06,38,2.3,2.7,0.9,3.7,about 2.7 overs (likely 0.9-3.7),gbm
Aziz Mohammad,T20I,2026-07-14,16,1.6,2.2,0.4,3.2,about 2.2 overs (likely 0.4-3.2),gbm
Azmatullah Omarzai,IPL,2026-05-23,18,3.8,3.9,2.1,4.0,about 3.9 overs (likely 2.1-4.0),gbm
Azri Azhar,T20I,2026-09-17,13,1.8,2.1,0.3,3.1,about 2.1 overs (likely 0.3-3.1),gbm
B Balala,T20I,2026-08-16,20,1.8,2.0,0.1,2.9,about 2.0 overs (likely 0.1-2.9),gbm
B Biza (W),ODI,2026-05-09,14,5.8,5.0,1.3,7.4,about 5.0 overs (likely 1.3-7.4),gbm
B Biza (W),T20I,2026-09-15,23,2.2,2.4,0.6,3.4,about 2.4 overs (likely 0.6-3.4),gbm
B Doggett,BBL,2026-01-17,51,2.6,3.0,1.3,3.6,about 3.0 overs (likely 1.3-3.6),gbm
B Dugic,T20I,2026-06-27,12,2.4,2.6,0.8,3.6,about 2.6 overs (likely 0.8-3.6),gbm
B Evans,ODI,2026-09-15,20,9.0,8.1,4.4,10.0,about 8.1 overs (likely 4.4-10.0),gbm
B Evans,T20I,2026-09-06,39,3.7,4.0,2.2,4.0,about 4.0 overs (likely 2.2-4.0),gbm
B Ito-Davis,T20I,2026-05-09,20,3.3,3.2,1.4,4.0,about 3.2 overs (likely 1.4-4.0),gbm
B Kasinja (W),T20I,2026-06-15,11,2.8,3.0,1.1,3.9,about 3.0 overs (likely 1.1-3.9),gbm
B Keganne,T20I,2026-09-16,7,2.6,2.9,1.0,3.9,about 2.9 overs (likely 1.0-3.9),gbm
B Kgosiemang,T20I,2026-09-17,31,1.8,2.4,0.6,3.4,about 2.4 overs (likely 0.6-3.4),gbm
B Khumalo,T20I,2026-09-17,35,2.2,2.5,0.7,3.5,about 2.5 overs (likely 0.7-3.5),gbm
B Kumar,IPL,2026-05-31,206,4.0,4.0,2.3,4.0,about 4.0 overs (likely 2.3-4.0),gbm
B Leo,T20I,2026-03-24,5,3.1,3.3,1.4,4.0,about 3.3 overs (likely 1.4-4.0),gbm
B Mejaro,T20I,2026-06-07,8,3.0,3.9,2.0,4.0,about 3.9 overs (likely 2.0-4.0),gbm
B Murekatete (W),T20I,2026-06-19,56,2.8,3.0,1.1,3.9,about 3.0 overs (likely 1.1-3.9),gbm
B Muzarabani,ODI,2026-09-15,50,9.7,9.6,5.9,10.0,about 9.6 overs (likely 5.9-10.0),gbm
B Muzarabani,T20I,2026-09-06,86,3.8,4.0,2.2,4.0,about 4.0 overs (likely 2.2-4.0),gbm
B Muzarabani,Test,2026-06-28,14,28.0,29.2,15.2,44.4,about 29.2 overs (likely 15.2-44.4),gbm
B Niaz,T20I,2026-06-20,14,2.8,2.7,0.9,3.7,about 2.7 overs (likely 0.9-3.7),gbm
B Phelenyane (W),T20I,2026-04-11,18,3.4,4.0,2.1,4.0,about 4.0 overs (likely 2.1-4.0),gbm
B Pierre (W),T20I,2026-09-04,6,2.5,2.8,1.0,3.8,about 2.8 overs (likely 1.0-3.8),gbm
B Pondani,T20I,2026-08-15,18,2.8,2.9,1.1,3.9,about 2.9 overs (likely 1.1-3.9),gbm
B Shikongo,T20I,2026-02-12,41,3.2,2.9,1.1,3.9,about 2.9 overs (likely 1.1-3.9),gbm
B Shotorova (W),T20I,2026-06-28,13,3.6,3.5,1.7,4.0,about 3.5 overs (likely 1.7-4.0),gbm
B Siddharth,ODI,2026-05-05,6,7.0,7.9,4.1,10.0,about 7.9 overs (likely 4.1-10.0),gbm
B Stanlake,BBL,2026-01-23,64,2.8,3.7,2.0,4.0,about 3.7 overs (likely 2.0-4.0),gbm
B Stanlake,ODI,2026-05-30,8,8.4,8.8,5.1,10.0,about 8.8 overs (likely 5.1-10.0),gbm
B Tlali (W),T20I,2026-04-11,12,3.7,4.0,2.2,4.0,about 4.0 overs (likely 2.2-4.0),gbm
B Ward,T20I,2026-05-23,41,4.0,4.0,2.2,4.0,about 4.0 overs (likely 2.2-4.0),gbm
B White,T20I,2025-12-02,33,3.6,3.8,2.0,4.0,about 3.8 overs (likely 2.0-4.0),gbm
B van Zyl,T20I,2026-05-30,7,3.4,4.0,2.2,4.0,about 4.0 overs (likely 2.2-4.0),gbm
BA Carse,ODI,2025-11-01,29,8.6,8.2,4.5,10.0,about 8.2 overs (likely 4.5-10.0),gbm
BA Carse,T20I,2025-10-23,13,3.3,4.0,2.1,4.0,about 4.0 overs (likely 2.1-4.0),gbm
BA Carse,Test,2026-01-04,14,27.7,30.9,16.9,46.1,about 30.9 overs (likely 16.9-46.1),gbm
BA Pai,T20I,2026-07-08,39,2.6,3.4,1.5,4.0,about 3.4 overs (likely 1.5-4.0),gbm
BA Stokes,Test,2026-06-25,108,24.4,18.5,4.5,33.7,about 18.5 overs (likely 4.5-33.7),gbm
BAD Manenti,BBL,2026-01-23,37,2.6,2.7,1.0,3.2,about 2.7 overs (likely 1.0-3.2),gbm
BAD Manenti,T20I,2026-02-19,12,3.6,4.0,2.2,4.0,about 4.0 overs (likely 2.2-4.0),gbm
BC Fortuin,ODI,2026-09-13,14,8.4,9.4,5.7,10.0,about 9.4 overs (likely 5.7-10.0),gbm
BC Fortuin,T20I,2026-09-06,32,3.7,3.6,1.7,4.0,about 3.6 overs (likely 1.7-4.0),gbm
BF Mailata,T20I,2025-10-17,7,1.8,2.1,0.2,3.0,about 2.1 overs (likely 0.2-3.0),gbm
BFW de Leede,ODI,2026-07-25,40,4.3,4.6,0.8,7.0,about 4.6 overs (likely 0.8-7.0),gbm
BFW de Leede,T20I,2026-02-18,38,3.3,3.2,1.4,4.0,about 3.2 overs (likely 1.4-4.0),gbm
BG Illing (W),ODI,2026-05-16,13,8.1,8.8,5.1,10.0,about 8.8 overs (likely 5.1-10.0),gbm
BG Illing (W),T20I,2026-06-27,14,3.4,4.0,2.2,4.0,about 4.0 overs (likely 2.2-4.0),gbm
BG Lister,T20I,2026-04-27,12,3.0,3.9,2.0,4.0,about 3.9 overs (likely 2.0-4.0),gbm
BJ Bennett,T20I,2026-08-31,21,1.2,1.8,0.0,2.8,about 1.8 overs (likely 0.0-2.8),gbm
BJ Currie,ODI,2026-05-18,17,6.0,6.7,3.0,9.1,about 6.7 overs (likely 3.0-9.1),gbm
BJ Currie,T20I,2026-02-17,21,3.4,4.0,2.2,4.0,about 4.0 overs (likely 2.2-4.0),gbm
BJ Dwarshuis,BBL,2026-01-25,126,3.3,4.0,2.3,4.0,about 4.0 overs (likely 2.3-4.0),gbm
BJ Dwarshuis,ODI,2026-06-14,6,8.8,8.7,5.0,10.0,about 8.7 overs (likely 5.0-10.0),gbm
BJ Dwarshuis,T20I,2026-02-13,15,3.6,4.0,2.2,4.0,about 4.0 overs (likely 2.2-4.0),gbm
BJ McCarthy,T20I,2026-02-14,59,3.4,4.0,2.2,4.0,about 4.0 overs (likely 2.2-4.0),gbm
BJ McMullen,ODI,2026-08-13,43,5.6,6.7,3.0,9.1,about 6.7 overs (likely 3.0-9.1),gbm
BJ McMullen,T20I,2026-04-15,19,1.6,2.1,0.3,3.1,about 2.1 overs (likely 0.3-3.1),gbm
BJ Webster,BBL,2026-01-23,39,2.2,2.3,0.6,2.8,about 2.3 overs (likely 0.6-2.8),gbm
BJ Webster,Test,2026-08-22,9,11.3,9.5,0.0,24.6,about 9.5 overs (likely 0.0-24.6),gbm
BK Stroud,T20I,2026-03-28,12,3.0,2.9,1.1,3.9,about 2.9 overs (likely 1.1-3.9),gbm
BL Couch,BBL,2026-01-25,26,2.3,2.8,1.0,3.3,about 2.8 overs (likely 1.0-3.3),gbm
BM Halliday (W),ODI,2025-10-10,18,3.4,3.1,0.0,5.6,about 3.1 overs (likely 0.0-5.6),gbm
BM Scholtz,ODI,2026-09-09,68,10.0,10.0,6.2,10.0,about 10.0 overs (likely 6.2-10.0),gbm
BM Scholtz,T20I,2026-08-31,81,3.4,4.0,2.2,4.0,about 4.0 overs (likely 2.2-4.0),gbm
BM Tickner,ODI,2026-04-20,18,7.8,8.6,4.9,10.0,about 8.6 overs (likely 4.9-10.0),gbm
BM Tickner,Test,2026-06-25,6,25.0,20.5,6.5,35.7,about 20.5 overs (likely 6.5-35.7),gbm
BMSM Kumari (W),ODI,2026-02-25,39,6.4,7.7,4.0,10.0,about 7.7 overs (likely 4.0-10.0),gbm
BMSM Kumari (W),T20I,2026-09-13,93,3.8,4.0,2.2,4.0,about 4.0 overs (likely 2.2-4.0),gbm
BN Toube,T20I,2026-05-29,16,2.7,3.2,1.3,4.0,about 3.2 overs (likely 1.3-4.0),gbm
BTJ Wheal,T20I,2026-02-17,24,3.1,4.0,2.2,4.0,about 4.0 overs (likely 2.2-4.0),gbm
BV Sears,T20I,2026-05-02,26,3.5,3.8,2.0,4.0,about 3.8 overs (likely 2.0-4.0),gbm
Baseer Khan,T20I,2026-07-30,23,3.0,3.8,1.9,4.0,about 3.8 overs (likely 1.9-4.0),gbm
Basil Hameed,T20I,2026-01-29,34,2.6,2.8,1.0,3.8,about 2.8 overs (likely 1.0-3.8),gbm
Basir Ahamad,ODI,2026-09-12,6,3.6,4.0,0.3,6.5,about 4.0 overs (likely 0.3-6.5),gbm
Bhargav Narasimha,T20I,2026-08-08,6,3.2,2.9,1.1,3.9,about 2.9 overs (likely 1.1-3.9),gbm
Bilal Masud,T20I,2026-07-09,11,2.4,2.7,0.9,3.7,about 2.7 overs (likely 0.9-3.7),gbm
Bilal Tahir,T20I,2026-02-25,6,1.7,2.0,0.2,3.0,about 2.0 overs (likely 0.2-3.0),gbm
Bilal Zalmai,T20I,2026-07-28,61,4.0,4.0,2.2,4.0,about 4.0 overs (likely 2.2-4.0),gbm
Brijesh Sharma,IPL,2026-05-29,13,3.7,4.0,2.2,4.0,about 4.0 overs (likely 2.2-4.0),gbm
C Abel (W),T20I,2026-06-18,25,1.6,2.2,0.4,3.2,about 2.2 overs (likely 0.4-3.2),gbm
C Aweko (W),T20I,2026-07-30,89,4.0,4.0,2.2,4.0,about 4.0 overs (likely 2.2-4.0),gbm
C Bah,T20I,2026-05-24,23,2.4,2.7,0.9,3.7,about 2.7 overs (likely 0.9-3.7),gbm
C Bosch,IPL,2026-05-24,8,3.4,4.0,2.2,4.0,about 4.0 overs (likely 2.2-4.0),gbm
C Bosch,ODI,2026-09-13,14,7.4,8.0,4.3,10.0,about 8.0 overs (likely 4.3-10.0),gbm
C Bosch,T20I,2026-03-04,22,3.4,3.8,2.0,4.0,about 3.8 overs (likely 2.0-4.0),gbm
C Bwanali (W),T20I,2026-04-10,12,1.4,2.1,0.2,3.0,about 2.1 overs (likely 0.2-3.0),gbm
C Campher,T20I,2026-01-31,48,1.6,2.1,0.3,3.1,about 2.1 overs (likely 0.3-3.1),gbm
C Campher,Test,2025-11-19,8,9.4,9.5,0.0,24.7,about 9.5 overs (likely 0.0-24.7),gbm
C Chatonzwa (W),ODI,2026-03-11,8,6.0,5.8,2.1,8.2,about 5.8 overs (likely 2.1-8.2),gbm
C Chatonzwa (W),T20I,2026-03-01,11,2.8,2.8,1.0,3.8,about 2.8 overs (likely 1.0-3.8),gbm
C Chatphaisan,T20I,2026-02-28,10,2.2,2.2,0.3,3.1,about 2.2 overs (likely 0.3-3.1),gbm
C Chukwuonye (W),T20I,2026-06-20,14,3.5,3.4,1.6,4.0,about 3.4 overs (likely 1.6-4.0),gbm
C Connolly,BBL,2026-01-25,28,3.0,2.9,1.2,3.5,about 2.9 overs (likely 1.2-3.5),gbm
C Connolly,ODI,2026-09-15,6,5.2,5.0,1.3,7.4,about 5.0 overs (likely 1.3-7.4),gbm
C Connolly,T20I,2026-02-16,9,3.4,3.0,1.1,4.0,about 3.0 overs (likely 1.1-4.0),gbm
C Dickson,T20I,2026-05-18,20,2.4,3.2,1.3,4.0,about 3.2 overs (likely 1.3-4.0),gbm
C Forshaw,T20I,2026-05-23,14,3.2,3.2,1.3,4.0,about 3.2 overs (likely 1.3-4.0),gbm
C Green,IPL,2026-05-24,39,2.2,2.3,0.5,2.6,about 2.3 overs (likely 0.5-2.6),gbm
C Green,ODI,2026-06-14,30,3.0,4.1,0.4,6.5,about 4.1 overs (likely 0.4-6.5),gbm
C Green,T20I,2026-02-20,15,1.8,2.2,0.4,3.2,about 2.2 overs (likely 0.4-3.2),gbm
C Green,Test,2026-08-13,33,13.8,10.2,0.0,25.4,about 10.2 overs (likely 0.0-25.4),gbm
C Hinze,T20I,2026-05-18,37,3.6,4.0,2.1,4.0,about 4.0 overs (likely 2.1-4.0),gbm
C Karunaratne,T20I,2025-09-23,40,2.2,2.6,0.8,3.6,about 2.6 overs (likely 0.8-3.6),gbm
C Kyewuta,T20I,2026-09-17,47,3.6,4.0,2.2,4.0,about 4.0 overs (likely 2.2-4.0),gbm
C Liebenberg,T20I,2026-08-21,7,2.8,2.8,1.0,3.8,about 2.8 overs (likely 1.0-3.8),gbm
C Mahamalage (W),T20I,2026-05-01,34,3.4,3.7,1.9,4.0,about 3.7 overs (likely 1.9-4.0),gbm
C Murray (W),ODI,2026-09-06,38,7.4,8.6,4.9,10.0,about 8.6 overs (likely 4.9-10.0),gbm
C Murray (W),T20I,2026-06-27,66,3.2,3.2,1.4,4.0,about 3.2 overs (likely 1.4-4.0),gbm
C Mutasa (W),T20I,2026-09-17,9,1.2,1.8,0.0,2.8,about 1.8 overs (likely 0.0-2.8),gbm
C Ostergaard (W),T20I,2026-08-30,18,2.6,2.9,1.0,3.9,about 2.9 overs (likely 1.0-3.9),gbm
C Pengkumta,T20I,2026-06-26,28,2.7,2.9,1.0,3.8,about 2.9 overs (likely 1.0-3.8),gbm
C Praboda (W),T20I,2026-09-13,8,3.8,4.0,2.2,4.0,about 4.0 overs (likely 2.2-4.0),gbm
C Rububagumya,T20I,2025-12-14,54,2.8,2.9,1.0,3.8,about 2.9 overs (likely 1.0-3.8),gbm
C Rumistrzewicz,T20I,2026-08-21,29,3.6,4.0,2.2,4.0,about 4.0 overs (likely 2.2-4.0),gbm
C Sosa (W),T20I,2026-08-01,16,3.0,3.3,1.5,4.0,about 3.3 overs (likely 1.5-4.0),gbm
C Stow,BBL,2026-01-17,6,3.2,3.8,2.1,4.0,about 3.8 overs (likely 2.1-4.0),gbm
C Sutthiruang (W),ODI,2026-08-15,15,4.8,4.6,0.9,7.1,about 4.6 overs (likely 0.9-7.1),gbm
C Sutthiruang (W),T20I,2026-08-30,99,1.8,2.0,0.1,3.0,about 2.0 overs (likely 0.1-3.0),gbm
C Udekwe,T20I,2025-09-28,24,3.2,3.3,1.5,4.0,about 3.3 overs (likely 1.5-4.0),gbm
C Wijesinghe (W),T20I,2026-06-20,14,3.0,3.9,2.0,4.0,about 3.9 overs (likely 2.0-4.0),gbm
C Wright,T20I,2026-03-15,36,1.8,2.5,0.7,3.5,about 2.5 overs (likely 0.7-3.5),gbm
C de Lange (W),ODI,2026-08-30,13,7.5,8.6,4.9,10.0,about 8.6 overs (likely 4.9-10.0),gbm
C de Lange (W),T20I,2026-06-27,84,4.0,4.0,2.2,4.0,about 4.0 overs (likely 2.2-4.0),gbm
CA Henry (W),ODI,2026-03-29,50,3.8,4.0,0.3,6.5,about 4.0 overs (likely 0.3-6.5),gbm
CA Henry (W),T20I,2026-06-30,56,2.0,2.2,0.4,3.2,about 2.2 overs (likely 0.4-3.2),gbm
CA Henry (W),WPL,2026-02-05,15,4.0,4.0,2.2,4.0,about 4.0 overs (likely 2.2-4.0),gbm
CA Keita,T20I,2026-05-26,5,1.6,1.8,0.0,2.8,about 1.8 overs (likely 0.0-2.8),gbm
CA Young,T20I,2026-01-26,63,2.6,3.3,1.5,4.0,about 3.3 overs (likely 1.5-4.0),gbm
CAK Rajitha,Test,2026-06-25,18,31.0,28.5,14.5,43.7,about 28.5 overs (likely 14.5-43.7),gbm
CB Roposo,T20I,2026-06-07,19,3.6,3.3,1.5,4.0,about 3.3 overs (likely 1.5-4.0),gbm
CBRLS Kumara,Test,2026-08-23,37,15.9,23.4,9.3,38.5,about 23.4 overs (likely 9.3-38.5),gbm
CE Dean (W),ODI,2026-09-06,57,7.4,8.7,5.0,10.0,about 8.7 overs (likely 5.0-10.0),gbm
CE Dean (W),T20I,2026-07-05,57,3.8,4.0,2.2,4.0,about 4.0 overs (likely 2.2-4.0),gbm
CE McConchie,T20I,2026-03-25,18,3.2,3.2,1.4,4.0,about 3.2 overs (likely 1.4-4.0),gbm
CJ Boyce,BBL,2026-01-11,103,3.5,4.0,2.3,4.0,about 4.0 overs (likely 2.3-4.0),gbm
CJ Dias (W),T20I,2026-06-06,14,3.0,3.2,1.4,4.0,about 3.2 overs (likely 1.4-4.0),gbm
CJ Green,BBL,2026-01-16,117,3.0,3.7,2.0,4.0,about 3.7 overs (likely 2.0-4.0),gbm
CJ Green,CPL,2026-09-16,95,3.6,4.0,2.3,4.0,about 4.0 overs (likely 2.3-4.0),gbm
CJ Green,PSL,2026-05-01,14,3.0,3.1,1.4,3.9,about 3.1 overs (likely 1.4-3.9),gbm
CJ Jordan,BBL,2026-01-14,62,3.6,3.9,2.2,4.0,about 3.9 overs (likely 2.2-4.0),gbm
CJ Langford,T20I,2026-08-21,20,3.4,3.5,1.7,4.0,about 3.5 overs (likely 1.7-4.0),gbm
CJPF Kalugamage,T20I,2026-02-19,21,3.8,4.0,2.1,4.0,about 4.0 overs (likely 2.1-4.0),gbm
CK Jasmat,T20I,2026-05-18,26,2.4,3.0,1.2,4.0,about 3.0 overs (likely 1.2-4.0),gbm
CL Tryon (W),ODI,2026-04-04,73,6.4,6.4,2.7,8.9,about 6.4 overs (likely 2.7-8.9),gbm
CL Tryon (W),T20I,2026-07-02,85,2.4,2.7,0.9,3.7,about 2.7 overs (likely 0.9-3.7),gbm
CL Tryon (W),WPL,2026-01-29,5,2.2,2.1,0.3,3.0,about 2.1 overs (likely 0.3-3.0),gbm
CM Akachukwu,T20I,2026-06-23,19,3.0,3.0,1.2,4.0,about 3.0 overs (likely 1.2-4.0),gbm
CM Carroll,T20I,2026-05-23,5,4.0,4.0,2.2,4.0,about 4.0 overs (likely 2.2-4.0),gbm
CM Greechan (W),T20I,2026-06-14,22,3.6,4.0,2.2,4.0,about 4.0 overs (likely 2.2-4.0),gbm
CM Mbebe,T20I,2026-06-07,7,3.8,4.0,2.2,4.0,about 4.0 overs (likely 2.2-4.0),gbm
CM McBride,ODI,2026-04-12,9,3.6,4.0,0.3,6.5,about 4.0 overs (likely 0.3-6.5),gbm
CN Ackermann,T20I,2026-02-18,19,3.6,2.9,1.1,3.9,about 2.9 overs (likely 1.1-3.9),gbm
CPPM Sadun,T20I,2025-11-03,16,3.4,3.2,1.3,4.0,about 3.2 overs (likely 1.3-4.0),gbm
CS Nascimento (W),T20I,2026-06-20,25,3.3,3.2,1.3,4.0,about 3.2 overs (likely 1.3-4.0),gbm
CV Ranasinghe,T20I,2026-05-17,6,2.2,2.1,0.3,3.1,about 2.1 overs (likely 0.3-3.1),gbm
CV Varun,IPL,2026-05-24,94,4.0,4.0,2.3,4.0,about 4.0 overs (likely 2.3-4.0),gbm
CV Varun,T20I,2026-07-07,45,3.6,3.9,2.1,4.0,about 3.9 overs (likely 2.1-4.0),gbm
CW Perchard,T20I,2026-05-23,47,2.0,3.1,1.3,4.0,about 3.1 overs (likely 1.3-4.0),gbm
Cai Yuzhi (W),T20I,2026-06-09,23,1.6,2.2,0.3,3.2,about 2.2 overs (likely 0.3-3.2),gbm
Chan Sau Har (W),T20I,2026-05-26,7,2.6,2.7,0.9,3.7,about 2.7 overs (likely 0.9-3.7),gbm
Chare Smith,T20I,2026-06-27,10,3.2,3.9,2.1,4.0,about 3.9 overs (likely 2.1-4.0),gbm
Chaudhary Akram,T20I,2026-06-13,9,2.2,2.1,0.3,3.1,about 2.1 overs (likely 0.3-3.1),gbm
Chayanisa Phengpaen (W),T20I,2026-08-11,8,1.2,1.8,0.0,2.8,about 1.8 overs (likely 0.0-2.8),gbm
Chen Xinyu (W),T20I,2026-06-09,6,1.4,1.8,0.0,2.8,about 1.8 overs (likely 0.0-2.8),gbm
Chen Zhuo Yue,T20I,2026-05-31,9,2.0,2.3,0.4,3.2,about 2.3 overs (likely 0.4-3.2),gbm
D Abeyrathna,T20I,2026-07-12,22,2.6,2.8,1.0,3.8,about 2.8 overs (likely 1.0-3.8),gbm
D Birrell,T20I,2026-05-19,16,2.6,3.3,1.5,4.0,about 3.3 overs (likely 1.5-4.0),gbm
D Brown (W),ODI,2026-04-02,30,6.4,6.6,2.9,9.1,about 6.6 overs (likely 2.9-9.1),gbm
D Brown (W),T20I,2026-03-21,41,3.0,3.1,1.3,4.0,about 3.1 overs (likely 1.3-4.0),gbm
D Brown (W),Test,2026-03-06,6,23.2,18.3,4.3,33.4,about 18.3 overs (likely 4.3-33.4),gbm
D Ferreira,T20I,2025-12-19,7,2.4,2.8,0.9,3.8,about 2.8 overs (likely 0.9-3.8),gbm
D Forrester,PSL,2026-04-26,5,1.1,1.8,0.0,2.6,about 1.8 overs (likely 0.0-2.6),gbm
D Golechha (W),T20I,2026-08-30,17,3.7,4.0,2.2,4.0,about 4.0 overs (likely 2.2-4.0),gbm
D Heyliger,T20I,2026-02-17,54,2.8,3.2,1.4,4.0,about 3.2 overs (likely 1.4-4.0),gbm
D Jakiel,T20I,2026-08-16,35,3.4,3.7,1.9,4.0,about 3.7 overs (likely 1.9-4.0),gbm
D Jansen,T20I,2026-09-06,14,3.4,3.0,1.1,4.0,about 3.0 overs (likely 1.1-4.0),gbm
D Johnson,T20I,2026-06-21,27,2.6,2.8,1.0,3.8,about 2.8 overs (likely 1.0-3.8),gbm
D Kalvin,T20I,2026-03-27,6,2.0,2.0,0.2,3.0,about 2.0 overs (likely 0.2-3.0),gbm
D Koralalage (W),T20I,2026-06-20,19,2.4,3.3,1.4,4.0,about 3.3 overs (likely 1.4-4.0),gbm
D Lohia (W),ODI,2026-08-15,6,3.7,4.1,0.3,6.5,about 4.1 overs (likely 0.3-6.5),gbm
D Lohia (W),T20I,2026-01-26,16,1.8,1.9,0.1,2.9,about 1.9 overs (likely 0.1-2.9),gbm
D Madushanka,T20I,2026-09-17,19,3.3,3.8,2.0,4.0,about 3.8 overs (likely 2.0-4.0),gbm
D Maisuria,T20I,2026-09-12,39,2.2,3.2,1.4,4.0,about 3.2 overs (likely 1.4-4.0),gbm
D Marikova-Moodley (W),T20I,2026-09-06,12,3.3,3.0,1.1,4.0,about 3.0 overs (likely 1.1-4.0),gbm
D Medagoda (W),T20I,2026-07-11,11,2.0,2.2,0.3,3.2,about 2.2 overs (likely 0.3-3.2),gbm
D Myers,T20I,2026-07-15,7,1.2,1.8,0.0,2.8,about 1.8 overs (likely 0.0-2.8),gbm
D Nanayakkara (W),T20I,2026-04-30,21,2.4,2.8,0.9,3.8,about 2.8 overs (likely 0.9-3.8),gbm
D Panda,T20I,2026-08-08,14,2.0,2.5,0.7,3.5,about 2.5 overs (likely 0.7-3.5),gbm
D Parashar,ODI,2026-08-09,13,5.6,6.6,2.9,9.0,about 6.6 overs (likely 2.9-9.0),gbm
D Parashar,T20I,2026-02-18,31,2.0,2.7,0.9,3.7,about 2.7 overs (likely 0.9-3.7),gbm
D Pavelic (W),T20I,2026-09-06,5,3.6,4.0,2.2,4.0,about 4.0 overs (likely 2.2-4.0),gbm
D Pretorius,CPL,2026-09-11,52,2.8,3.6,1.8,4.0,about 3.6 overs (likely 1.8-4.0),gbm
D Ramani,T20I,2026-08-21,13,3.8,4.0,2.2,4.0,about 4.0 overs (likely 2.2-4.0),gbm
D Ravu,T20I,2025-10-10,21,3.8,3.5,1.6,4.0,about 3.5 overs (likely 1.6-4.0),gbm
D Ruynekova (W),T20I,2026-09-06,16,2.4,2.9,1.1,3.9,about 2.9 overs (likely 1.1-3.9),gbm
D Sabir,T20I,2026-06-25,23,2.0,2.3,0.5,3.3,about 2.3 overs (likely 0.5-3.3),gbm
D Suzuki,T20I,2026-05-14,43,2.0,2.1,0.2,3.0,about 2.1 overs (likely 0.2-3.0),gbm
D Tanase (W),T20I,2026-08-28,5,2.6,2.8,1.0,3.8,about 2.8 overs (likely 1.0-3.8),gbm
D Tekyildirim (W),T20I,2025-10-11,5,2.8,2.9,1.1,3.9,about 2.9 overs (likely 1.1-3.9),gbm
D Vihanga (W),ODI,2026-07-28,11,8.6,9.0,5.3,10.0,about 9.0 overs (likely 5.3-10.0),gbm
D Visser,T20I,2026-05-18,20,3.6,4.0,2.2,4.0,about 4.0 overs (likely 2.2-4.0),gbm
D Wangmo (W),T20I,2026-06-03,14,1.9,2.3,0.4,3.2,about 2.3 overs (likely 0.4-3.2),gbm
D Wiese,CPL,2025-09-19,45,2.8,3.0,1.2,3.9,about 3.0 overs (likely 1.2-3.9),gbm
D Wotu,T20I,2026-05-16,20,2.0,2.5,0.7,3.5,about 2.5 overs (likely 0.7-3.5),gbm
DA Payne,BBL,2026-01-25,22,3.8,4.0,2.3,4.0,about 4.0 overs (likely 2.3-4.0),gbm
DAL Paramitha (W),T20I,2026-09-02,25,2.4,2.8,1.0,3.8,about 2.8 overs (likely 1.0-3.8),gbm
DAM Louis,T20I,2026-02-15,12,3.6,3.8,2.0,4.0,about 3.8 overs (likely 2.0-4.0),gbm
DB Lakhani,T20I,2026-06-12,5,1.4,1.8,0.0,2.8,about 1.8 overs (likely 0.0-2.8),gbm
DB Loic,T20I,2026-05-29,19,2.7,2.9,1.1,3.9,about 2.9 overs (likely 1.1-3.9),gbm
DB Sharma (W),ODI,2026-03-01,111,8.3,9.4,5.7,10.0,about 9.4 overs (likely 5.7-10.0),gbm
DB Sharma (W),T20I,2026-09-13,147,3.1,4.0,2.2,4.0,about 4.0 overs (likely 2.2-4.0),gbm
DB Sharma (W),Test,2026-07-10,7,31.3,27.3,13.3,42.5,about 27.3 overs (likely 13.3-42.5),gbm
DB Sharma (W),WPL,2026-02-01,33,3.2,4.0,2.2,4.0,about 4.0 overs (likely 2.2-4.0),gbm
DC Drakes,CPL,2026-08-31,38,2.2,2.6,0.9,3.5,about 2.6 overs (likely 0.9-3.5),gbm
DC Smith,T20I,2026-05-16,29,2.8,2.9,1.0,3.9,about 2.9 overs (likely 1.0-3.9),gbm
DE Burgess,T20I,2026-05-12,10,2.0,1.9,0.0,2.9,about 1.9 overs (likely 0.0-2.9),gbm
DEM Carter (W),ODI,2026-08-30,11,6.0,5.9,2.2,8.4,about 5.9 overs (likely 2.2-8.4),gbm
DEM Carter (W),T20I,2026-06-26,24,1.4,2.1,0.3,3.1,about 2.1 overs (likely 0.3-3.1),gbm
DG Blampied,T20I,2026-05-23,35,4.0,3.4,1.6,4.0,about 3.4 overs (likely 1.6-4.0),gbm
DGAPD Wiswi,T20I,2026-05-02,16,2.0,1.9,0.0,2.8,about 1.9 overs (likely 0.0-2.8),gbm
DJ Hall,T20I,2026-05-23,5,4.0,4.0,2.2,4.0,about 4.0 overs (likely 2.2-4.0),gbm
DJ Hawoe,T20I,2026-06-26,102,2.8,3.2,1.4,4.0,about 3.2 overs (likely 1.4-4.0),gbm
DJ Mitchell,ODI,2026-01-18,18,1.7,2.7,0.0,5.2,about 2.7 overs (likely 0.0-5.2),gbm
DJ Mitchell,PSL,2026-04-23,11,2.2,2.2,0.4,2.9,about 2.2 overs (likely 0.4-2.9),gbm
DJ Mitchell,T20I,2026-01-23,14,0.9,1.0,0.0,2.0,about 1.0 overs (likely 0.0-2.0),gbm
DJ Mitchell,Test,2026-05-27,22,4.0,4.2,0.0,19.4,about 4.2 overs (likely 0.0-19.4),gbm
DJ Willey,BBL,2026-01-12,28,3.4,4.0,2.2,4.0,about 4.0 overs (likely 2.2-4.0),gbm
DJS Dottin (W),ODI,2026-07-15,52,4.6,4.4,0.7,6.9,about 4.4 overs (likely 0.7-6.9),gbm
DJS Dottin (W),T20I,2026-06-18,51,2.0,2.3,0.5,3.3,about 2.3 overs (likely 0.5-3.3),gbm
DJS Dottin (W),WPL,2026-02-01,11,3.4,4.0,2.2,4.0,about 4.0 overs (likely 2.2-4.0),gbm
DK Dahyabhai Ahir,T20I,2026-06-24,8,2.4,2.8,1.0,3.8,about 2.8 overs (likely 1.0-3.8),gbm
DK Pallekonda,T20I,2026-05-20,11,2.4,2.8,1.0,3.8,about 2.8 overs (likely 1.0-3.8),gbm
DK Shetty,T20I,2026-04-11,25,2.2,2.3,0.5,3.3,about 2.3 overs (likely 0.5-3.3),gbm
DKJ Claude,T20I,2026-05-29,6,2.6,2.8,1.0,3.8,about 2.8 overs (likely 1.0-3.8),gbm
DL Brangman,T20I,2026-06-27,37,3.2,4.0,2.2,4.0,about 4.0 overs (likely 2.2-4.0),gbm
DL Chahar,IPL,2026-05-24,103,3.8,4.0,2.2,4.0,about 4.0 overs (likely 2.2-4.0),gbm
DM Gondaria,T20I,2026-09-11,14,2.6,2.9,1.0,3.8,about 2.9 overs (likely 1.0-3.8),gbm
DM Nakrani,T20I,2025-10-04,70,3.2,4.0,2.2,4.0,about 4.0 overs (likely 2.2-4.0),gbm
DM de Silva,ODI,2026-01-27,68,5.0,4.7,1.0,7.2,about 4.7 overs (likely 1.0-7.2),gbm
DM de Silva,T20I,2026-01-11,26,1.6,1.9,0.1,2.9,about 1.9 overs (likely 0.1-2.9),gbm
DM de Silva,Test,2026-08-23,62,4.6,6.5,0.0,21.6,about 6.5 overs (likely 0.0-21.6),gbm
DMW Rawlins,T20I,2026-06-25,36,2.2,2.7,0.9,3.7,about 2.7 overs (likely 0.9-3.7),gbm
DN Wellalage,ODI,2026-01-27,30,9.2,8.3,4.6,10.0,about 8.3 overs (likely 4.6-10.0),gbm
DN Wellalage,T20I,2026-09-15,17,3.2,4.0,2.2,4.0,about 4.0 overs (likely 2.2-4.0),gbm
DNA Ankrah,T20I,2025-09-30,6,2.4,2.7,0.9,3.7,about 2.7 overs (likely 0.9-3.7),gbm
DO Leicher,ODI,2026-04-10,5,3.4,4.0,0.3,6.5,about 4.0 overs (likely 0.3-6.5),gbm
DPS Tyagi,T20I,2026-06-05,10,3.6,4.0,2.1,4.0,about 4.0 overs (likely 2.1-4.0),gbm
DR Gibson (W),ODI,2026-09-06,5,5.0,4.7,1.0,7.1,about 4.7 overs (likely 1.0-7.1),gbm
DR Gibson (W),T20I,2026-07-05,31,1.8,2.2,0.4,3.2,about 2.2 overs (likely 0.4-3.2),gbm
DR Sams,BBL,2026-01-12,96,3.5,4.0,2.3,4.0,about 4.0 overs (likely 2.3-4.0),gbm
DR Sams,CPL,2026-09-16,19,3.8,4.0,2.3,4.0,about 4.0 overs (likely 2.3-4.0),gbm
DR Sams,PSL,2026-04-25,10,3.0,3.9,2.1,4.0,about 3.9 overs (likely 2.1-4.0),gbm
DS Airee,ODI,2026-09-12,71,7.0,7.1,3.4,9.6,about 7.1 overs (likely 3.4-9.6),gbm
DS Airee,T20I,2026-06-08,71,3.4,3.4,1.6,4.0,about 3.4 overs (likely 1.6-4.0),gbm
DS Bajwa,T20I,2026-02-17,6,1.6,1.8,0.0,2.8,about 1.8 overs (likely 0.0-2.8),gbm
DS Rathi,IPL,2026-05-23,23,3.8,4.0,2.3,4.0,about 4.0 overs (likely 2.3-4.0),gbm
DV Devjani Mutreja,T20I,2026-04-05,8,2.0,1.8,0.0,2.8,about 1.8 overs (likely 0.0-2.8),gbm
DVD Madampage,T20I,2026-05-17,13,3.2,3.4,1.6,4.0,about 3.4 overs (likely 1.6-4.0),gbm
DW Lawrence,Test,2026-09-09,11,2.9,4.0,0.0,19.2,about 4.0 overs (likely 0.0-19.2),gbm
Danyal Raja,T20I,2026-08-21,24,3.3,3.3,1.5,4.0,about 3.3 overs (likely 1.5-4.0),gbm
Dawood Ahmadzai,T20I,2026-07-30,50,3.6,4.0,2.2,4.0,about 4.0 overs (likely 2.2-4.0),gbm
Deng Jinqi,T20I,2026-06-02,5,2.7,2.8,1.0,3.8,about 2.8 overs (likely 1.0-3.8),gbm
Deya Stefanova (W),T20I,2026-09-06,5,3.8,4.0,2.2,4.0,about 4.0 overs (likely 2.2-4.0),gbm
Diana Baig (W),ODI,2026-05-09,66,7.2,7.4,3.7,9.9,about 7.4 overs (likely 3.7-9.9),gbm
Diana Baig (W),T20I,2026-06-27,53,2.5,2.8,1.0,3.8,about 2.8 overs (likely 1.0-3.8),gbm
Divya Kandpal (W),T20I,2026-06-28,6,2.4,2.6,0.8,3.6,about 2.6 overs (likely 0.8-3.6),gbm
E Beukes,T20I,2025-12-29,14,2.9,3.0,1.2,4.0,about 3.0 overs (likely 1.2-4.0),gbm
E Bourgaize (W),T20I,2026-08-29,6,2.1,2.1,0.2,3.1,about 2.1 overs (likely 0.2-3.1),gbm
E Duffy (W),T20I,2026-06-14,13,2.6,3.0,1.1,4.0,about 3.0 overs (likely 1.1-4.0),gbm
E Jabarkhel,T20I,2026-08-20,9,3.9,4.0,2.2,4.0,about 4.0 overs (likely 2.2-4.0),gbm
E Kallous (W),T20I,2026-05-10,14,2.7,2.6,0.8,3.6,about 2.6 overs (likely 0.8-3.6),gbm
E Karimi,T20I,2026-07-08,16,3.6,3.7,1.9,4.0,about 3.7 overs (likely 1.9-4.0),gbm
E Konasova (W),T20I,2026-06-26,5,2.0,1.9,0.1,2.9,about 1.9 overs (likely 0.1-2.9),gbm
E Kubwimana,T20I,2026-09-17,26,3.6,3.2,1.3,4.0,about 3.2 overs (likely 1.3-4.0),gbm
E Kuncova (W),T20I,2026-09-06,26,3.4,3.4,1.5,4.0,about 3.4 overs (likely 1.5-4.0),gbm
E Kusuda-Nairn (W),T20I,2026-09-12,16,2.8,2.9,1.0,3.9,about 2.9 overs (likely 1.0-3.9),gbm
E Malinga,IPL,2026-05-27,22,4.0,4.0,2.3,4.0,about 4.0 overs (likely 2.3-4.0),gbm
E Malinga,ODI,2025-11-16,7,5.0,5.0,1.2,7.4,about 5.0 overs (likely 1.2-7.4),gbm
E Malinga,T20I,2026-09-17,13,3.4,3.2,1.4,4.0,about 3.2 overs (likely 1.4-4.0),gbm
E Marx (W),ODI,2025-12-16,9,6.6,6.8,3.1,9.2,about 6.8 overs (likely 3.1-9.2),gbm
E Marx (W),T20I,2026-09-17,14,3.2,3.5,1.7,4.0,about 3.5 overs (likely 1.7-4.0),gbm
E Millington (W),T20I,2026-08-29,6,3.4,4.0,2.2,4.0,about 4.0 overs (likely 2.2-4.0),gbm
E Mmese (W),T20I,2026-04-10,5,1.6,1.8,0.0,2.8,about 1.8 overs (likely 0.0-2.8),gbm
E Ndubudem,T20I,2025-12-14,7,4.0,4.0,2.2,4.0,about 4.0 overs (likely 2.2-4.0),gbm
E Packard,T20I,2026-06-28,10,3.8,4.0,2.2,4.0,about 4.0 overs (likely 2.2-4.0),gbm
E Prokic (W),T20I,2026-09-06,15,2.6,2.8,1.0,3.8,about 2.8 overs (likely 1.0-3.8),gbm
E Robinson,T20I,2026-05-20,6,2.5,2.7,0.9,3.7,about 2.7 overs (likely 0.9-3.7),gbm
E Rukiriza,T20I,2026-09-17,80,3.8,3.9,2.0,4.0,about 3.9 overs (likely 2.0-4.0),gbm
E Ungerman (W),T20I,2026-06-06,15,2.4,2.8,1.0,3.8,about 2.8 overs (likely 1.0-3.8),gbm
EA Perry (W),ODI,2025-09-17,81,2.8,3.8,0.1,6.3,about 3.8 overs (likely 0.1-6.3),gbm
EA Perry (W),T20I,2026-06-28,98,1.6,2.0,0.2,3.0,about 2.0 overs (likely 0.2-3.0),gbm
ECB Moore (W),T20I,2026-05-01,16,2.0,1.9,0.0,2.9,about 1.9 overs (likely 0.0-2.9),gbm
EFB Estrada (W),T20I,2026-04-26,5,2.8,2.9,1.0,3.9,about 2.9 overs (likely 1.0-3.9),gbm
EJ Carson (W),ODI,2025-10-26,23,5.0,6.0,2.3,8.5,about 6.0 overs (likely 2.3-8.5),gbm
EL Bartram (W),T20I,2026-04-30,28,2.0,2.3,0.4,3.3,about 2.3 overs (likely 0.4-3.3),gbm
ER Oza (W),ODI,2025-10-19,7,9.2,9.5,5.8,10.0,about 9.5 overs (likely 5.8-10.0),gbm
ER Oza (W),T20I,2026-09-08,90,3.4,3.4,1.6,4.0,about 3.4 overs (likely 1.6-4.0),gbm
EU Kejarukua (W),T20I,2026-07-30,44,3.4,4.0,2.2,4.0,about 4.0 overs (likely 2.2-4.0),gbm
Ebadat Hossain,Test,2026-08-13,24,18.0,23.8,9.8,39.0,about 23.8 overs (likely 9.8-39.0),gbm
Edward Fleming,T20I,2026-08-21,15,3.4,4.0,2.2,4.0,about 4.0 overs (likely 2.2-4.0),gbm
Ehsan Adil,ODI,2026-06-12,9,7.8,8.0,4.3,10.0,about 8.0 overs (likely 4.3-10.0),gbm
Ehsan Khan,T20I,2026-06-22,104,2.7,4.0,2.1,4.0,about 4.0 overs (likely 2.1-4.0),gbm
Elan Talker,T20I,2026-08-21,15,2.4,2.8,0.9,3.8,about 2.8 overs (likely 0.9-3.8),gbm
Elias Tilman,T20I,2025-11-14,8,2.4,2.7,0.9,3.7,about 2.7 overs (likely 0.9-3.7),gbm
Esam Rahman,T20I,2026-05-16,9,1.4,1.8,0.0,2.8,about 1.8 overs (likely 0.0-2.8),gbm
Ezgi Nur Kilic (W),T20I,2026-08-30,15,3.2,3.7,1.9,4.0,about 3.7 overs (likely 1.9-4.0),gbm
F Banunaek,T20I,2026-06-26,101,3.4,3.2,1.3,4.0,about 3.2 overs (likely 1.3-4.0),gbm
F Chipare (W),ODI,2025-10-02,7,6.0,5.6,1.9,8.0,about 5.6 overs (likely 1.9-8.0),gbm
F Chipare (W),T20I,2026-09-17,26,2.6,3.3,1.5,4.0,about 3.3 overs (likely 1.5-4.0),gbm
F Eseigbe (W),T20I,2026-06-20,21,3.0,3.3,1.5,4.0,about 3.3 overs (likely 1.5-4.0),gbm
F Khaliq,T20I,2026-06-21,12,3.0,3.4,1.6,4.0,about 3.4 overs (likely 1.6-4.0),gbm
F Mutua,T20I,2026-09-17,28,3.4,3.3,1.4,4.0,about 3.3 overs (likely 1.4-4.0),gbm
F Nsubuga,T20I,2025-10-04,63,3.2,3.8,2.0,4.0,about 3.8 overs (likely 2.0-4.0),gbm
F O'Neill,BBL,2025-12-21,12,3.1,3.6,1.9,4.0,about 3.6 overs (likely 1.9-4.0),gbm
F Overdijk (W),T20I,2026-06-25,47,1.6,2.0,0.2,3.0,about 2.0 overs (likely 0.2-3.0),gbm
FA Allen,CPL,2026-08-20,53,1.6,2.2,0.5,3.1,about 2.2 overs (likely 0.5-3.1),gbm
FA Allen,T20I,2025-09-29,35,2.0,2.6,0.8,3.6,about 2.6 overs (likely 0.8-3.6),gbm
FG Kemp (W),T20I,2026-07-05,31,2.2,2.4,0.6,3.4,about 2.4 overs (likely 0.6-3.4),gbm
FJ Klaassen,T20I,2026-02-13,40,3.4,4.0,2.2,4.0,about 4.0 overs (likely 2.2-4.0),gbm
FL Patel,T20I,2026-06-24,9,2.6,2.8,1.0,3.8,about 2.8 overs (likely 1.0-3.8),gbm
Faheem Ashraf,ODI,2026-03-15,42,5.8,5.7,2.0,8.1,about 5.7 overs (likely 2.0-8.1),gbm
Faheem Ashraf,PSL,2026-05-01,92,2.4,3.5,1.8,4.0,about 3.5 overs (likely 1.8-4.0),gbm
Faheem Ashraf,T20I,2026-02-18,72,1.2,2.1,0.2,3.0,about 2.1 overs (likely 0.2-3.0),gbm
Fahima Khatun (W),ODI,2026-04-25,39,7.6,7.2,3.5,9.7,about 7.2 overs (likely 3.5-9.7),gbm
Fahima Khatun (W),T20I,2026-09-10,84,2.8,3.0,1.1,4.0,about 3.0 overs (likely 1.1-4.0),gbm
Faisal Akram,PSL,2026-04-29,9,3.5,3.3,1.6,4.0,about 3.3 overs (likely 1.6-4.0),gbm
Faraaz Mehti Abbas,T20I,2026-08-14,8,1.0,1.8,0.0,2.8,about 1.8 overs (likely 0.0-2.8),gbm
Faridullah Shams,T20I,2026-07-28,5,2.6,2.8,1.0,3.8,about 2.8 overs (likely 1.0-3.8),gbm
Fariha Trisna (W),ODI,2025-10-16,8,4.6,4.3,0.6,6.8,about 4.3 overs (likely 0.6-6.8),gbm
Fariha Trisna (W),T20I,2026-06-14,24,3.0,3.7,1.9,4.0,about 3.7 overs (likely 1.9-4.0),gbm
Farmanullah Ghari,T20I,2026-07-14,5,3.3,4.0,2.1,4.0,about 4.0 overs (likely 2.1-4.0),gbm
Farwa Baber (W),T20I,2026-08-29,5,2.8,3.0,1.1,4.0,about 3.0 overs (likely 1.1-4.0),gbm
Fatima Sana (W),ODI,2026-07-28,61,7.4,8.1,4.4,10.0,about 8.1 overs (likely 4.4-10.0),gbm
Fatima Sana (W),T20I,2026-09-17,65,3.3,3.9,2.0,4.0,about 3.9 overs (likely 2.0-4.0),gbm
Fayaz Khan,T20I,2026-08-18,21,1.2,2.2,0.4,3.2,about 2.2 overs (likely 0.4-3.2),gbm
Festus Benn,T20I,2026-06-27,23,3.0,3.7,1.9,4.0,about 3.7 overs (likely 1.9-4.0),gbm
Firas Hussain,T20I,2026-05-09,8,2.6,2.6,0.7,3.5,about 2.6 overs (likely 0.7-3.5),gbm
Fiza (W),T20I,2026-06-10,16,1.9,2.3,0.5,3.3,about 2.3 overs (likely 0.5-3.3),gbm
Furkan Tuskan,T20I,2026-07-27,5,2.4,2.9,1.1,3.9,about 2.9 overs (likely 1.1-3.9),gbm
G Ayan (W),T20I,2026-08-28,13,2.8,2.9,1.0,3.8,about 2.9 overs (likely 1.0-3.8),gbm
G Candiru (W),T20I,2026-06-06,18,3.0,3.6,1.8,4.0,about 3.6 overs (likely 1.8-4.0),gbm
G Cengiz (W),T20I,2025-10-10,9,1.8,1.9,0.1,2.9,about 1.9 overs (likely 0.1-2.9),gbm
G Chohan,T20I,2026-05-16,20,1.7,1.9,0.1,2.9,about 1.9 overs (likely 0.1-2.9),gbm
G Coetzee,T20I,2026-03-25,18,3.8,4.0,2.2,4.0,about 4.0 overs (likely 2.2-4.0),gbm
G Dempsey (W),ODI,2026-09-03,22,6.5,6.9,3.2,9.4,about 6.9 overs (likely 3.2-9.4),gbm
G Fontenla (W),T20I,2026-06-26,7,1.8,2.1,0.2,3.1,about 2.1 overs (likely 0.2-3.1),gbm
G Ford (W),T20I,2026-08-29,8,3.0,2.9,1.1,3.9,about 2.9 overs (likely 1.1-3.9),gbm
G Ilarionova (W),T20I,2026-06-28,14,3.1,2.9,1.1,3.9,about 2.9 overs (likely 1.1-3.9),gbm
G Ishimwe (W),T20I,2026-06-15,13,2.2,2.3,0.5,3.3,about 2.3 overs (likely 0.5-3.3),gbm
G Kodali (W),T20I,2026-02-01,35,2.8,2.9,1.0,3.9,about 2.9 overs (likely 1.0-3.9),gbm
G Madanayake (W),T20I,2026-07-25,9,1.8,2.2,0.4,3.2,about 2.2 overs (likely 0.4-3.2),gbm
G Matome (W),T20I,2026-04-11,53,3.6,4.0,2.2,4.0,about 4.0 overs (likely 2.2-4.0),gbm
G Mckeon,T20I,2026-05-17,11,2.5,2.7,0.9,3.7,about 2.7 overs (likely 0.9-3.7),gbm
G Motie,CPL,2026-09-16,63,3.4,3.9,2.1,4.0,about 3.9 overs (likely 2.1-4.0),gbm
G Motie,ODI,2026-07-21,39,9.9,10.0,6.3,10.0,about 10.0 overs (likely 6.3-10.0),gbm
G Motie,T20I,2026-03-01,45,2.8,3.2,1.4,4.0,about 3.2 overs (likely 1.4-4.0),gbm
G Newton,T20I,2026-08-21,7,3.1,4.0,2.2,4.0,about 4.0 overs (likely 2.2-4.0),gbm
G Oliveira,T20I,2026-08-09,19,3.8,3.2,1.4,4.0,about 3.2 overs (likely 1.4-4.0),gbm
G Sesay,T20I,2026-09-16,38,3.4,3.4,1.6,4.0,about 3.4 overs (likely 1.6-4.0),gbm
G Singh,T20I,2026-03-15,12,3.0,3.9,2.0,4.0,about 3.9 overs (likely 2.0-4.0),gbm
G Stewart,T20I,2026-02-19,19,3.5,4.0,2.2,4.0,about 4.0 overs (likely 2.2-4.0),gbm
G Tuskan,T20I,2026-07-29,5,2.4,2.7,0.9,3.7,about 2.7 overs (likely 0.9-3.7),gbm
G Venkateswaran,T20I,2026-08-18,11,2.2,2.3,0.5,3.3,about 2.3 overs (likely 0.5-3.3),gbm
G Wareham (W),ODI,2026-04-02,45,6.2,6.8,3.1,9.3,about 6.8 overs (likely 3.1-9.3),gbm
G Wareham (W),T20I,2026-07-05,77,2.4,2.8,1.0,3.8,about 2.8 overs (likely 1.0-3.8),gbm
G Wareham (W),WPL,2026-02-03,28,2.7,3.1,1.3,4.0,about 3.1 overs (likely 1.3-4.0),gbm
GA Priandana,T20I,2026-06-26,36,2.2,2.1,0.3,3.1,about 2.1 overs (likely 0.3-3.1),gbm
GC Galanis,T20I,2026-08-18,11,3.2,3.7,1.9,4.0,about 3.7 overs (likely 1.9-4.0),gbm
GC Murtaza,T20I,2025-12-27,34,2.6,3.4,1.6,4.0,about 3.4 overs (likely 1.6-4.0),gbm
GD Arta,T20I,2026-06-26,51,3.4,3.2,1.3,4.0,about 3.2 overs (likely 1.3-4.0),gbm
GD Phillips,CPL,2026-09-13,5,1.4,1.8,0.1,2.7,about 1.8 overs (likely 0.1-2.7),gbm
GD Phillips,ODI,2026-01-18,31,4.6,4.3,0.6,6.8,about 4.3 overs (likely 0.6-6.8),gbm
GD Phillips,T20I,2026-03-08,22,2.4,2.2,0.4,3.2,about 2.2 overs (likely 0.4-3.2),gbm
GD Phillips,Test,2025-12-18,15,16.2,15.8,1.7,30.9,about 15.8 overs (likely 1.7-30.9),gbm
GEM Brealey (W),T20I,2026-08-23,7,2.4,2.9,1.1,3.9,about 2.9 overs (likely 1.1-3.9),gbm
GF Linde,CPL,2026-09-13,7,3.6,3.4,1.7,4.0,about 3.4 overs (likely 1.7-4.0),gbm
GF Linde,T20I,2026-03-25,35,2.4,2.9,1.1,3.9,about 2.9 overs (likely 1.1-3.9),gbm
GH Dockrell,T20I,2026-02-14,78,3.2,2.9,1.1,3.9,about 2.9 overs (likely 1.1-3.9),gbm
GI Hume,T20I,2025-09-17,9,2.7,3.0,1.1,4.0,about 3.0 overs (likely 1.1-4.0),gbm
GJ Delany,T20I,2026-06-26,63,2.6,2.8,0.9,3.8,about 2.8 overs (likely 0.9-3.8),gbm
GJ Maxwell,BBL,2026-01-21,94,1.4,1.8,0.1,2.4,about 1.8 overs (likely 0.1-2.4),gbm
GJ Maxwell,PSL,2026-04-29,6,2.8,2.9,1.1,3.6,about 2.9 overs (likely 1.1-3.6),gbm
GJ Maxwell,T20I,2026-02-20,85,2.4,2.6,0.8,3.6,about 2.6 overs (likely 0.8-3.6),gbm
GK Diviya (W),T20I,2025-12-17,42,3.2,4.0,2.1,4.0,about 4.0 overs (likely 2.1-4.0),gbm
GM Harris (W),ODI,2025-09-20,6,7.4,7.9,4.2,10.0,about 7.9 overs (likely 4.2-10.0),gbm
GM Harris (W),WPL,2026-01-29,21,2.4,2.5,0.7,3.4,about 2.5 overs (likely 0.7-3.4),gbm
GM Muthui,T20I,2026-09-17,29,3.8,3.7,1.9,4.0,about 3.7 overs (likely 1.9-4.0),gbm
GP Tom (W),ODI,2025-10-19,9,4.6,4.5,0.8,6.9,about 4.5 overs (likely 0.8-6.9),gbm
GP Tom (W),T20I,2026-08-11,24,1.4,2.1,0.2,3.1,about 2.1 overs (likely 0.2-3.1),gbm
GS Dinusha,Test,2026-08-23,5,17.5,13.8,0.0,28.9,about 13.8 overs (likely 0.0-28.9),gbm
GS Sandhu,BBL,2026-01-15,81,3.4,3.7,2.0,4.0,about 3.7 overs (likely 2.0-4.0),gbm
GSNFG Jayasuriya,ODI,2026-06-12,12,6.2,5.3,1.6,7.8,about 5.3 overs (likely 1.6-7.8),gbm
GT Taylor,T20I,2026-06-27,12,2.4,2.9,1.1,3.9,about 2.9 overs (likely 1.1-3.9),gbm
Gagandeep Singh,T20I,2026-05-10,19,2.8,2.9,1.0,3.8,about 2.9 overs (likely 1.0-3.8),gbm
Gaurav Tiwari,T20I,2026-05-12,25,3.4,4.0,2.1,4.0,about 4.0 overs (likely 2.1-4.0),gbm
Geovanis Uwase (W),T20I,2026-04-28,12,2.8,2.8,0.9,3.7,about 2.8 overs (likely 0.9-3.7),gbm
Ghulam Ahmadi,T20I,2026-06-20,49,3.2,4.0,2.2,4.0,about 4.0 overs (likely 2.2-4.0),gbm
Gong Yuting (W),T20I,2026-06-09,10,2.0,1.9,0.1,2.9,about 1.9 overs (likely 0.1-2.9),gbm
Gulsan Jha,ODI,2026-09-12,44,5.0,4.8,1.1,7.2,about 4.8 overs (likely 1.1-7.2),gbm
Gulsan Jha,T20I,2026-04-21,34,2.8,2.8,1.0,3.8,about 2.8 overs (likely 1.0-3.8),gbm
Gurjapneet Singh,IPL,2026-05-21,8,3.2,3.7,1.9,4.0,about 3.7 overs (likely 1.9-4.0),gbm
Gurpreet Singh,T20I,2026-04-05,9,3.2,3.2,1.3,4.0,about 3.2 overs (likely 1.3-4.0),gbm
H Bharadwaj,T20I,2026-06-05,15,3.5,4.0,2.2,4.0,about 4.0 overs (likely 2.2-4.0),gbm
H Carlyon,T20I,2026-05-23,27,3.3,2.9,1.1,3.9,about 2.9 overs (likely 1.1-3.9),gbm
H Celik (W),T20I,2026-08-30,12,3.2,3.7,1.8,4.0,about 3.7 overs (likely 1.8-4.0),gbm
H Chamto (W),T20I,2026-08-28,14,3.0,3.0,1.2,4.0,about 3.0 overs (likely 1.2-4.0),gbm
H Deshan,T20I,2026-06-21,15,2.0,2.1,0.2,3.0,about 2.1 overs (likely 0.2-3.0),gbm
H Dhavina (W),T20I,2026-06-06,25,3.0,2.9,1.1,3.9,about 2.9 overs (likely 1.1-3.9),gbm
H Doriga (W),T20I,2025-11-28,9,1.2,1.8,0.0,2.8,about 1.8 overs (likely 0.0-2.8),gbm
H Fennell,T20I,2026-03-15,30,3.7,4.0,2.1,4.0,about 4.0 overs (likely 2.1-4.0),gbm
H Hotchandani (W),T20I,2026-09-08,50,3.6,3.4,1.6,4.0,about 3.4 overs (likely 1.6-4.0),gbm
H Ishimwe (W),T20I,2026-06-19,81,4.0,4.0,2.2,4.0,about 4.0 overs (likely 2.2-4.0),gbm
H Kaur (W),ODI,2025-10-12,48,3.2,4.0,0.3,6.5,about 4.0 overs (likely 0.3-6.5),gbm
H Kaushik,T20I,2026-02-13,7,2.4,2.7,0.9,3.7,about 2.7 overs (likely 0.9-3.7),gbm
H Kerr,BBL,2026-01-05,51,3.3,3.3,1.6,3.9,about 3.3 overs (likely 1.6-3.9),gbm
H Khogiyani,T20I,2026-06-14,15,3.5,3.5,1.7,4.0,about 3.5 overs (likely 1.7-4.0),gbm
H Khuttan,T20I,2026-07-04,10,2.0,2.1,0.2,3.1,about 2.1 overs (likely 0.2-3.1),gbm
H Lakov,T20I,2026-08-17,29,2.6,3.7,1.8,4.0,about 3.7 overs (likely 1.8-4.0),gbm
H Leko (W),T20I,2026-09-06,9,4.0,4.0,2.2,4.0,about 4.0 overs (likely 2.2-4.0),gbm
H Lin Aung,T20I,2025-12-29,20,2.8,2.9,1.1,3.9,about 2.9 overs (likely 1.1-3.9),gbm
H Lin Oo,T20I,2025-12-24,13,2.2,1.9,0.1,2.9,about 1.9 overs (likely 0.1-2.9),gbm
H Ssenyondo,T20I,2025-10-04,78,3.9,4.0,2.2,4.0,about 4.0 overs (likely 2.2-4.0),gbm
H Thaker,ODI,2026-08-13,29,5.8,6.7,3.0,9.1,about 6.7 overs (likely 3.0-9.1),gbm
H Venkataram,T20I,2026-06-26,15,3.2,3.8,2.0,4.0,about 3.8 overs (likely 2.0-4.0),gbm
HA Daluwatta (W),T20I,2026-05-01,6,0.8,1.7,0.0,2.7,about 1.7 overs (likely 0.0-2.7),gbm
HAM Shah,T20I,2026-07-14,19,2.8,2.8,1.0,3.8,about 2.8 overs (likely 1.0-3.8),gbm
HB Dickson,T20I,2026-05-18,12,3.4,4.0,2.2,4.0,about 4.0 overs (likely 2.2-4.0),gbm
HC Brook,Test,2026-09-09,8,3.2,4.0,0.0,19.1,about 4.0 overs (likely 0.0-19.1),gbm
HDJ Siegers (W),T20I,2026-06-27,42,3.2,3.4,1.6,4.0,about 3.4 overs (likely 1.6-4.0),gbm
HER Tyler,T20I,2025-12-13,18,2.9,3.7,1.9,4.0,about 3.7 overs (likely 1.9-4.0),gbm
HH Aung (W),T20I,2026-06-06,9,2.2,2.3,0.5,3.3,about 2.3 overs (likely 0.5-3.3),gbm
HH Pandya,IPL,2026-05-20,116,2.1,2.3,0.6,2.7,about 2.3 overs (likely 0.6-2.7),gbm
HH Pandya,T20I,2026-03-08,123,3.8,3.5,1.6,4.0,about 3.5 overs (likely 1.6-4.0),gbm
HJ Manenti,T20I,2026-02-09,21,2.0,2.9,1.0,3.9,about 2.9 overs (likely 1.0-3.9),gbm
HJ Thomas (W),ODI,2026-08-17,15,8.9,8.9,5.2,10.0,about 8.9 overs (likely 5.2-10.0),gbm
HJ Thomas (W),T20I,2026-08-11,35,3.6,4.0,2.2,4.0,about 4.0 overs (likely 2.2-4.0),gbm
HK Matthews (W),ODI,2026-07-15,83,8.8,9.3,5.6,10.0,about 9.3 overs (likely 5.6-10.0),gbm
HK Matthews (W),T20I,2026-06-30,109,3.8,3.9,2.1,4.0,about 3.9 overs (likely 2.1-4.0),gbm
HK Matthews (W),WPL,2026-01-30,34,2.8,3.8,2.0,4.0,about 3.8 overs (likely 2.0-4.0),gbm
HL Harji,T20I,2026-03-28,9,3.0,2.9,1.0,3.9,about 2.9 overs (likely 1.0-3.9),gbm
HL Tau (W),T20I,2026-08-11,20,3.3,3.3,1.5,4.0,about 3.3 overs (likely 1.5-4.0),gbm
HMD Rasangika (W),T20I,2026-06-07,31,2.1,2.1,0.2,3.1,about 2.1 overs (likely 0.2-3.1),gbm
HMHE Parsons,T20I,2026-05-16,5,1.6,1.8,0.0,2.8,about 1.8 overs (likely 0.0-2.8),gbm
HRA Rainey (W),T20I,2026-06-23,36,3.2,2.9,1.1,3.9,about 2.9 overs (likely 1.1-3.9),gbm
HT Tector,T20I,2026-06-28,19,2.4,2.5,0.7,3.5,about 2.5 overs (likely 0.7-3.5),gbm
HT Tector,Test,2026-05-27,6,5.8,4.4,0.0,19.5,about 4.4 overs (likely 0.0-19.5),gbm
HTRY Thornton,BBL,2026-01-17,35,2.8,3.3,1.6,3.9,about 3.3 overs (likely 1.6-3.9),gbm
HV Patel,IPL,2026-05-22,121,2.7,3.7,2.0,4.0,about 3.7 overs (likely 2.0-4.0),gbm
HWA Landheer (W),ODI,2026-08-30,10,5.3,4.9,1.2,7.4,about 4.9 overs (likely 1.2-7.4),gbm
HWA Landheer (W),T20I,2026-06-27,47,2.0,2.3,0.5,3.3,about 2.3 overs (likely 0.5-3.3),gbm
Habib Khan,T20I,2026-07-14,26,3.2,4.0,2.2,4.0,about 4.0 overs (likely 2.2-4.0),gbm
Hadia Siddiqui (W),T20I,2026-08-30,8,2.6,2.9,1.0,3.8,about 2.9 overs (likely 1.0-3.8),gbm
Haider Ali,ODI,2026-09-12,10,8.2,9.1,5.4,10.0,about 9.1 overs (likely 5.4-10.0),gbm
Haider Ali,T20I,2026-09-17,27,3.4,4.0,2.2,4.0,about 4.0 overs (likely 2.2-4.0),gbm
Hamid Mahmood,T20I,2026-06-12,17,3.5,3.4,1.5,4.0,about 3.4 overs (likely 1.5-4.0),gbm
Hamid Safi,T20I,2026-06-28,6,1.3,1.9,0.0,2.8,about 1.9 overs (likely 0.0-2.8),gbm
Hammadullah Shinwari,T20I,2026-08-21,13,3.5,4.0,2.2,4.0,about 4.0 overs (likely 2.2-4.0),gbm
Hamza Dar,T20I,2026-08-17,10,1.2,1.8,0.0,2.8,about 1.8 overs (likely 0.0-2.8),gbm
Haris Rauf,BBL,2026-01-21,33,3.4,4.0,2.3,4.0,about 4.0 overs (likely 2.3-4.0),gbm
Haris Rauf,ODI,2026-06-04,56,7.3,8.8,5.1,10.0,about 8.8 overs (likely 5.1-10.0),gbm
Haris Rauf,PSL,2026-04-25,78,3.8,4.0,2.3,4.0,about 4.0 overs (likely 2.3-4.0),gbm
Haris Rauf,T20I,2025-09-28,88,3.7,4.0,2.2,4.0,about 4.0 overs (likely 2.2-4.0),gbm
Harmeet Singh,ODI,2026-06-12,27,8.4,9.4,5.7,10.0,about 9.4 overs (likely 5.7-10.0),gbm
Harmeet Singh,T20I,2026-02-15,28,3.8,4.0,2.2,4.0,about 4.0 overs (likely 2.2-4.0),gbm
Harper Chalmers (W),T20I,2026-08-02,6,2.6,2.8,1.0,3.8,about 2.8 overs (likely 1.0-3.8),gbm
Harpreet Brar,IPL,2026-05-17,48,3.6,3.4,1.7,3.8,about 3.4 overs (likely 1.7-3.8),gbm
Harsh Dubey,IPL,2026-05-06,11,2.6,2.9,1.2,3.3,about 2.9 overs (likely 1.2-3.3),gbm
Harshit Rana,ODI,2026-01-18,14,9.5,9.3,5.6,10.0,about 9.3 overs (likely 5.6-10.0),gbm
Harshit Rana,T20I,2026-07-07,12,3.6,4.0,2.2,4.0,about 4.0 overs (likely 2.2-4.0),gbm
Hasan Ali,BBL,2026-01-17,8,3.6,4.0,2.3,4.0,about 4.0 overs (likely 2.3-4.0),gbm
Hasan Ali,PSL,2026-04-25,100,3.8,4.0,2.3,4.0,about 4.0 overs (likely 2.3-4.0),gbm
Hasan Ali,Test,2026-05-16,27,30.8,29.5,15.5,44.6,about 29.5 overs (likely 15.5-44.6),gbm
Hasan Mahmud,Test,2026-08-22,16,23.7,22.6,8.6,37.8,about 22.6 overs (likely 8.6-37.8),gbm
Hassan Khan,BBL,2026-01-17,11,2.7,2.9,1.2,3.5,about 2.9 overs (likely 1.2-3.5),gbm
Hassan Khan,CPL,2026-09-16,17,3.0,3.1,1.4,4.0,about 3.1 overs (likely 1.4-4.0),gbm
Hassan Khan,PSL,2026-05-03,40,2.6,2.9,1.2,3.7,about 2.9 overs (likely 1.2-3.7),gbm
Hassan Khan Mohammad,T20I,2026-06-08,10,2.6,2.9,1.0,3.9,about 2.9 overs (likely 1.0-3.9),gbm
Hassnain Shah,ODI,2026-09-10,12,8.1,7.6,3.9,10.0,about 7.6 overs (likely 3.9-10.0),gbm
Hayatullah Niazi,T20I,2026-07-14,6,3.0,3.0,1.2,4.0,about 3.0 overs (likely 1.2-4.0),gbm
Hunain Shah,CPL,2026-09-16,11,3.8,4.0,2.3,4.0,about 4.0 overs (likely 2.3-4.0),gbm
Hunain Shah,PSL,2026-05-03,20,3.3,3.4,1.6,4.0,about 3.4 overs (likely 1.6-4.0),gbm
Hussain Talat,T20I,2025-09-23,8,1.8,1.9,0.0,2.9,about 1.9 overs (likely 0.0-2.9),gbm
Huzaif Yousuf,T20I,2026-05-09,5,2.3,2.7,0.9,3.7,about 2.7 overs (likely 0.9-3.7),gbm
Huzaifa Mohammed,T20I,2026-05-16,28,2.8,3.8,2.0,4.0,about 3.8 overs (likely 2.0-4.0),gbm
I Barma (W),T20I,2026-04-26,46,2.4,2.9,1.1,3.9,about 2.9 overs (likely 1.1-3.9),gbm
I Chathurani (W),T20I,2026-06-20,16,3.0,3.9,2.1,4.0,about 3.9 overs (likely 2.1-4.0),gbm
I Danladi,T20I,2025-09-30,36,2.7,2.8,1.0,3.8,about 2.8 overs (likely 1.0-3.8),gbm
I Edwards (W),T20I,2026-08-28,19,2.9,3.1,1.2,4.0,about 3.1 overs (likely 1.2-4.0),gbm
I Elec,T20I,2026-07-09,8,2.8,2.8,1.0,3.8,about 2.8 overs (likely 1.0-3.8),gbm
I Goordial-John (W),T20I,2025-11-05,12,3.9,4.0,2.2,4.0,about 4.0 overs (likely 2.2-4.0),gbm
I Mugisha,T20I,2026-08-15,15,2.2,2.3,0.5,3.3,about 2.3 overs (likely 0.5-3.3),gbm
I Muntean (W),T20I,2026-08-28,8,3.0,3.0,1.2,4.0,about 3.0 overs (likely 1.2-4.0),gbm
I Mutoni (W),T20I,2026-07-25,12,3.0,3.4,1.6,4.0,about 3.4 overs (likely 1.6-4.0),gbm
I Nakisuuyi (W),T20I,2026-07-30,58,2.4,3.2,1.3,4.0,about 3.2 overs (likely 1.3-4.0),gbm
I Nandakumar (W),T20I,2026-09-08,52,3.0,3.0,1.2,4.0,about 3.0 overs (likely 1.2-4.0),gbm
I Ntirenganya,T20I,2026-09-17,58,3.8,4.0,2.2,4.0,about 4.0 overs (likely 2.2-4.0),gbm
I Ranaweera (W),ODI,2026-07-28,72,9.6,8.8,5.1,10.0,about 8.8 overs (likely 5.1-10.0),gbm
I Ranaweera (W),T20I,2026-03-03,78,3.8,4.0,2.2,4.0,about 4.0 overs (likely 2.2-4.0),gbm
I Stewart,T20I,2026-06-21,7,2.4,2.9,1.1,3.9,about 2.9 overs (likely 1.1-3.9),gbm
I Takahashi,T20I,2026-05-18,49,3.3,3.2,1.3,4.0,about 3.2 overs (likely 1.3-4.0),gbm
I Toua (W),ODI,2026-08-15,14,8.2,8.3,4.5,10.0,about 8.3 overs (likely 4.5-10.0),gbm
I Toua (W),T20I,2026-08-11,40,3.6,3.8,2.0,4.0,about 3.8 overs (likely 2.0-4.0),gbm
I van der Woning (W),T20I,2026-06-20,32,1.8,2.2,0.3,3.2,about 2.2 overs (likely 0.3-3.2),gbm
IDM Latin,T20I,2026-07-14,20,2.6,2.9,1.0,3.9,about 2.9 overs (likely 1.0-3.9),gbm
IECM Wong (W),ODI,2026-09-03,5,7.8,8.8,5.1,10.0,about 8.8 overs (likely 5.1-10.0),gbm
IECM Wong (W),T20I,2026-05-28,20,3.4,3.9,2.1,4.0,about 3.9 overs (likely 2.1-4.0),gbm
IGTP Wiguna,T20I,2026-04-11,7,2.4,2.7,0.9,3.7,about 2.7 overs (likely 0.9-3.7),gbm
IJR Zwilling (W),T20I,2026-06-27,90,3.8,4.0,2.2,4.0,about 4.0 overs (likely 2.2-4.0),gbm
IK Cheema (W),T20I,2026-09-06,7,3.6,3.8,2.0,4.0,about 3.8 overs (likely 2.0-4.0),gbm
IK Gamantika,T20I,2026-05-12,61,3.5,3.4,1.6,4.0,about 3.4 overs (likely 1.6-4.0),gbm
IKEG Artawan,T20I,2026-06-25,78,3.6,3.0,1.1,3.9,about 3.0 overs (likely 1.1-3.9),gbm
IKO Aboagye,T20I,2026-03-28,7,4.0,4.0,2.2,4.0,about 4.0 overs (likely 2.2-4.0),gbm
IM Vaghela (W),T20I,2026-01-26,28,3.8,3.2,1.4,4.0,about 3.2 overs (likely 1.4-4.0),gbm
IO Okpe,T20I,2026-06-21,81,2.4,2.9,1.1,3.9,about 2.9 overs (likely 1.1-3.9),gbm
IP Swaney,T20I,2025-12-12,6,1.0,1.0,0.0,2.0,about 1.0 overs (likely 0.0-2.0),gbm
IS Sodhi,T20I,2026-05-02,134,2.8,3.6,1.8,4.0,about 3.6 overs (likely 1.8-4.0),gbm
Ibrahim Kursad Dalyan,T20I,2026-07-29,12,2.4,2.8,0.9,3.7,about 2.8 overs (likely 0.9-3.7),gbm
Ibrar Ahmad,T20I,2026-09-17,11,3.6,3.4,1.6,4.0,about 3.4 overs (likely 1.6-4.0),gbm
Iftikhar Ahmed,PSL,2026-05-03,46,3.0,2.7,0.9,3.4,about 2.7 overs (likely 0.9-3.4),gbm
Ihsanullah,PSL,2026-04-11,15,3.2,3.9,2.1,4.0,about 3.9 overs (likely 2.1-4.0),gbm
Ijaz Hussain,T20I,2026-07-27,27,3.0,3.3,1.4,4.0,about 3.3 overs (likely 1.4-4.0),gbm
Ikramullah Khan,T20I,2026-02-15,35,3.6,3.7,1.9,4.0,about 3.7 overs (likely 1.9-4.0),gbm
Ilenia Sims (W),T20I,2026-04-30,23,3.6,3.7,1.8,4.0,about 3.7 overs (likely 1.8-4.0),gbm
Ilyas Ataullah,T20I,2026-07-13,16,2.6,2.7,0.9,3.7,about 2.7 overs (likely 0.9-3.7),gbm
Imad Wasim,PSL,2026-05-01,107,3.6,3.9,2.1,4.0,about 3.9 overs (likely 2.1-4.0),gbm
Imran Ahmed Kaneez,T20I,2026-04-04,7,2.7,2.9,1.1,3.9,about 2.9 overs (likely 1.1-3.9),gbm
Imran Ameer,T20I,2026-05-23,28,2.7,3.4,1.6,4.0,about 3.4 overs (likely 1.6-4.0),gbm
Imran Anwar,T20I,2026-08-01,88,3.0,3.0,1.2,4.0,about 3.0 overs (likely 1.2-4.0),gbm
Imran Khan,T20I,2026-03-10,55,3.8,3.5,1.6,4.0,about 3.5 overs (likely 1.6-4.0),gbm
Imran Tahir,CPL,2026-09-13,99,4.0,4.0,2.3,4.0,about 4.0 overs (likely 2.3-4.0),gbm
Inshaf Farook,T20I,2026-03-15,5,3.4,4.0,2.2,4.0,about 4.0 overs (likely 2.2-4.0),gbm
Iqra Sahar (W),T20I,2026-09-07,75,3.7,3.4,1.6,4.0,about 3.4 overs (likely 1.6-4.0),gbm
Irfan Hafejee,T20I,2026-08-09,22,3.1,4.0,2.1,4.0,about 4.0 overs (likely 2.1-4.0),gbm
Irfan Ringku,T20I,2026-07-30,17,3.6,4.0,2.2,4.0,about 4.0 overs (likely 2.2-4.0),gbm
Irfan Safi,T20I,2026-07-25,16,1.2,1.9,0.0,2.9,about 1.9 overs (likely 0.0-2.9),gbm
Isabel Walker (W),T20I,2026-09-06,6,4.0,4.0,2.2,4.0,about 4.0 overs (likely 2.2-4.0),gbm
Ismail Kara,T20I,2026-08-15,5,3.8,4.0,2.2,4.0,about 4.0 overs (likely 2.2-4.0),gbm
Itibarshah Deedar,T20I,2026-06-28,7,2.8,2.8,1.0,3.8,about 2.8 overs (likely 1.0-3.8),gbm
Izaz Ali,T20I,2026-05-22,15,3.0,2.8,1.0,3.8,about 2.8 overs (likely 1.0-3.8),gbm
J Andujar (W),T20I,2026-08-02,5,2.4,2.9,1.1,3.9,about 2.9 overs (likely 1.1-3.9),gbm
J Baguma,T20I,2026-09-17,25,3.4,4.0,2.1,4.0,about 4.0 overs (likely 2.1-4.0),gbm
J Bishop,CPL,2026-09-09,24,3.6,3.7,1.9,4.0,about 3.7 overs (likely 1.9-4.0),gbm
J Blades,CPL,2026-09-04,7,2.9,3.2,1.5,4.0,about 3.2 overs (likely 1.5-4.0),gbm
J Blades,T20I,2025-09-30,6,3.4,4.0,2.2,4.0,about 4.0 overs (likely 2.2-4.0),gbm
J Buchanan,T20I,2026-03-15,8,3.8,3.7,1.8,4.0,about 3.7 overs (likely 1.8-4.0),gbm
J Bulele,T20I,2026-06-07,17,3.8,4.0,2.2,4.0,about 4.0 overs (likely 2.2-4.0),gbm
J Butler,T20I,2026-05-20,19,2.4,2.9,1.1,3.9,about 2.9 overs (likely 1.1-3.9),gbm
J Byrappa,T20I,2026-08-08,7,1.5,1.8,0.0,2.8,about 1.8 overs (likely 0.0-2.8),gbm
J Coetzee,T20I,2026-02-28,25,3.6,3.9,2.1,4.0,about 3.9 overs (likely 2.1-4.0),gbm
J Dowling,T20I,2026-08-18,11,2.8,2.8,1.0,3.8,about 2.8 overs (likely 1.0-3.8),gbm
J Dzulfikar,T20I,2025-11-21,7,3.0,2.8,1.0,3.8,about 2.8 overs (likely 1.0-3.8),gbm
J Edwards,BBL,2026-01-25,33,3.5,4.0,2.3,4.0,about 4.0 overs (likely 2.3-4.0),gbm
J Fernando,T20I,2026-07-14,16,2.9,2.9,1.0,3.9,about 2.9 overs (likely 1.0-3.9),gbm
J Glasgow (W),ODI,2026-07-15,11,5.2,5.0,1.3,7.4,about 5.0 overs (likely 1.3-7.4),gbm
J Gunasekar (W),T20I,2026-06-10,27,3.8,3.8,2.0,4.0,about 3.8 overs (likely 2.0-4.0),gbm
J Henry,T20I,2026-03-28,6,2.5,2.9,1.1,3.9,about 2.9 overs (likely 1.1-3.9),gbm
J Hicks (W),T20I,2026-08-30,15,3.4,3.9,2.0,4.0,about 3.9 overs (likely 2.0-4.0),gbm
J Horrocks,T20I,2026-07-14,18,3.4,3.4,1.6,4.0,about 3.4 overs (likely 1.6-4.0),gbm
J Jarvis,ODI,2026-08-13,21,5.6,5.8,2.1,8.3,about 5.8 overs (likely 2.1-8.3),gbm
J Jarvis,T20I,2026-04-17,9,2.8,3.2,1.4,4.0,about 3.2 overs (likely 1.4-4.0),gbm
J Kariko,T20I,2026-05-18,25,3.6,4.0,2.2,4.0,about 4.0 overs (likely 2.2-4.0),gbm
J Khadka,T20I,2026-07-26,17,2.4,3.2,1.3,4.0,about 3.2 overs (likely 1.3-4.0),gbm
J Lassayo,T20I,2026-05-30,10,3.4,2.9,1.1,3.9,about 2.9 overs (likely 1.1-3.9),gbm
J Layne,CPL,2026-09-13,5,2.2,2.2,0.4,3.1,about 2.2 overs (likely 0.4-3.1),gbm
J Little,T20I,2026-02-14,59,3.5,4.0,2.2,4.0,about 4.0 overs (likely 2.2-4.0),gbm
J Liyanage,ODI,2026-01-27,16,5.4,4.6,0.9,7.0,about 4.6 overs (likely 0.9-7.0),gbm
J Madan,T20I,2026-08-20,8,3.4,4.0,2.2,4.0,about 4.0 overs (likely 2.2-4.0),gbm
J Maguire (W),ODI,2026-09-03,28,6.6,7.2,3.5,9.6,about 7.2 overs (likely 3.5-9.6),gbm
J Maguire (W),T20I,2026-06-27,40,3.4,3.4,1.6,4.0,about 3.4 overs (likely 1.6-4.0),gbm
J Martins,T20I,2026-08-21,13,2.9,3.3,1.5,4.0,about 3.3 overs (likely 1.5-4.0),gbm
J Mbabazi (W),T20I,2026-07-27,77,2.0,2.8,1.0,3.8,about 2.8 overs (likely 1.0-3.8),gbm
J Miyaji,T20I,2026-09-17,44,3.7,3.9,2.1,4.0,about 3.9 overs (likely 2.1-4.0),gbm
J Nkomo (W),ODI,2025-10-02,16,7.4,8.6,4.9,10.0,about 8.6 overs (likely 4.9-10.0),gbm
J Nkomo (W),T20I,2026-02-25,56,2.5,3.2,1.4,4.0,about 3.2 overs (likely 1.4-4.0),gbm
J Overton,BBL,2026-01-17,27,3.0,3.9,2.2,4.0,about 3.9 overs (likely 2.2-4.0),gbm
J Overton,IPL,2026-05-10,13,2.6,3.0,1.3,3.4,about 3.0 overs (likely 1.3-3.4),gbm
J Overton,ODI,2026-01-27,11,6.6,6.3,2.6,8.7,about 6.3 overs (likely 2.6-8.7),gbm
J Overton,T20I,2026-09-17,22,3.0,3.3,1.5,4.0,about 3.3 overs (likely 1.5-4.0),gbm
J Proctor,T20I,2026-06-21,12,2.4,2.8,1.0,3.8,about 2.8 overs (likely 1.0-3.8),gbm
J Ramanandi,ODI,2026-09-08,7,7.8,7.9,4.2,10.0,about 7.9 overs (likely 4.2-10.0),gbm
J Ramanandi,T20I,2026-02-20,14,1.8,2.5,0.7,3.5,about 2.5 overs (likely 0.7-3.5),gbm
J Rasu,T20I,2026-05-17,29,3.8,4.0,2.2,4.0,about 4.0 overs (likely 2.2-4.0),gbm
J Royal,CPL,2026-08-07,21,2.4,2.8,1.1,3.7,about 2.8 overs (likely 1.1-3.7),gbm
J Santhanam,T20I,2026-06-26,7,3.6,4.0,2.2,4.0,about 4.0 overs (likely 2.2-4.0),gbm
J Singye,T20I,2025-12-13,23,3.4,2.9,1.1,3.9,about 2.9 overs (likely 1.1-3.9),gbm
J Sumerauer,T20I,2026-05-23,40,3.3,3.3,1.5,4.0,about 3.3 overs (likely 1.5-4.0),gbm
J Thomas,T20I,2026-03-28,6,3.0,3.0,1.2,4.0,about 3.0 overs (likely 1.2-4.0),gbm
J Tuffin,T20I,2026-05-12,20,3.6,4.0,2.1,4.0,about 4.0 overs (likely 2.1-4.0),gbm
J Tugsjargal (W),T20I,2026-06-09,5,1.4,1.8,0.0,2.8,about 1.8 overs (likely 0.0-2.8),gbm
J Wadia,BBL,2026-01-17,5,2.4,2.7,1.0,3.3,about 2.7 overs (likely 1.0-3.3),gbm
J Wilson,T20I,2026-05-09,11,2.0,2.4,0.6,3.4,about 2.4 overs (likely 0.6-3.4),gbm
J Yon,T20I,2026-03-28,5,2.4,2.8,1.0,3.8,about 2.8 overs (likely 1.0-3.8),gbm
J van Heerden,T20I,2026-08-18,8,3.1,3.4,1.6,4.0,about 3.4 overs (likely 1.6-4.0),gbm
JA Burrows,T20I,2026-08-21,24,3.5,3.3,1.5,4.0,about 3.3 overs (likely 1.5-4.0),gbm
JA Chohan,BBL,2025-12-20,5,3.8,4.0,2.3,4.0,about 4.0 overs (likely 2.3-4.0),gbm
JA Clarkson,ODI,2026-04-23,6,3.4,4.0,0.3,6.5,about 4.0 overs (likely 0.3-6.5),gbm
JA Davies,BBL,2026-01-25,17,2.0,2.3,0.5,2.8,about 2.3 overs (likely 0.5-2.8),gbm
JA Diergaardt (W),T20I,2026-07-30,69,3.4,3.4,1.6,4.0,about 3.4 overs (likely 1.6-4.0),gbm
JA Duffy,IPL,2026-05-31,6,4.0,4.0,2.3,4.0,about 4.0 overs (likely 2.3-4.0),gbm
JA Duffy,ODI,2026-07-21,24,5.8,6.8,3.0,9.2,about 6.8 overs (likely 3.0-9.2),gbm
JA Duffy,T20I,2026-03-08,45,3.2,3.8,2.0,4.0,about 3.8 overs (likely 2.0-4.0),gbm
JA Richardson,BBL,2026-01-25,80,3.5,4.0,2.3,4.0,about 4.0 overs (likely 2.3-4.0),gbm
JA Warrican,Test,2026-08-02,24,33.2,30.8,16.8,46.0,about 30.8 overs (likely 16.8-46.0),gbm
JAM Henri,T20I,2026-04-06,15,3.0,3.5,1.7,4.0,about 3.5 overs (likely 1.7-4.0),gbm
JB Abega,T20I,2026-05-29,19,3.1,3.1,1.3,4.0,about 3.1 overs (likely 1.3-4.0),gbm
JC Archer,IPL,2026-05-29,68,4.0,4.0,2.3,4.0,about 4.0 overs (likely 2.3-4.0),gbm
JC Archer,ODI,2026-07-19,37,10.0,10.0,6.3,10.0,about 10.0 overs (likely 6.3-10.0),gbm
JC Archer,T20I,2026-09-17,50,3.8,4.0,2.2,4.0,about 4.0 overs (likely 2.2-4.0),gbm
JC Archer,Test,2026-09-09,23,30.3,31.1,17.1,46.3,about 31.1 overs (likely 17.1-46.3),gbm
JC Balt,T20I,2026-09-04,14,3.8,3.5,1.6,4.0,about 3.5 overs (likely 1.6-4.0),gbm
JC Tongue,T20I,2026-09-15,5,4.0,4.0,2.2,4.0,about 4.0 overs (likely 2.2-4.0),gbm
JC Tongue,Test,2026-09-09,15,27.6,30.8,16.8,46.0,about 30.8 overs (likely 16.8-46.0),gbm
JD Unadkat,IPL,2026-04-11,115,3.4,3.9,2.2,4.0,about 3.9 overs (likely 2.2-4.0),gbm
JD Wildermuth,BBL,2026-01-18,60,2.8,3.2,1.5,3.8,about 3.2 overs (likely 1.5-3.8),gbm
JDF Vandersay,ODI,2026-01-27,30,9.0,9.0,5.3,10.0,about 9.0 overs (likely 5.3-10.0),gbm
JDS Neesham,T20I,2026-03-25,73,2.8,2.8,1.0,3.8,about 2.8 overs (likely 1.0-3.8),gbm
JE Marks,T20I,2026-08-18,6,2.0,2.1,0.3,3.1,about 2.1 overs (likely 0.3-3.1),gbm
JE Root,ODI,2026-01-24,76,3.0,4.0,0.3,6.4,about 4.0 overs (likely 0.3-6.4),gbm
JE Root,Test,2026-06-25,127,4.4,6.3,0.0,21.4,about 6.3 overs (likely 0.0-21.4),gbm
JEA Doctora,T20I,2026-05-16,7,2.0,1.8,0.0,2.8,about 1.8 overs (likely 0.0-2.8),gbm
JG Bethell,ODI,2026-07-19,16,3.8,4.1,0.4,6.5,about 4.1 overs (likely 0.4-6.5),gbm
JG Bethell,T20I,2026-02-27,6,2.5,2.8,0.9,3.7,about 2.8 overs (likely 0.9-3.7),gbm
JG Bethell,Test,2026-06-25,6,12.7,9.5,0.0,24.6,about 9.5 overs (likely 0.0-24.6),gbm
JG Kimaro (W),T20I,2025-11-30,9,2.6,2.8,0.9,3.8,about 2.8 overs (likely 0.9-3.8),gbm
JI de Villiers,T20I,2025-10-02,7,2.6,2.8,0.9,3.8,about 2.8 overs (likely 0.9-3.8),gbm
JJ Bumrah,IPL,2026-05-20,158,3.8,4.0,2.3,4.0,about 4.0 overs (likely 2.3-4.0),gbm
JJ Bumrah,ODI,2026-07-16,88,9.4,9.4,5.7,10.0,about 9.4 overs (likely 5.7-10.0),gbm
JJ Bumrah,T20I,2026-03-08,90,3.8,4.0,2.2,4.0,about 4.0 overs (likely 2.2-4.0),gbm
JJ Bumrah,Test,2025-11-22,52,29.4,31.0,17.0,46.2,about 31.0 overs (likely 17.0-46.2),gbm
JJ Davidson,ODI,2026-08-09,10,7.4,8.6,4.9,10.0,about 8.6 overs (likely 4.9-10.0),gbm
JJ Davidson,T20I,2026-04-18,6,4.0,4.0,2.2,4.0,about 4.0 overs (likely 2.2-4.0),gbm
JJ Huo,T20I,2026-06-06,22,2.6,2.9,1.1,3.9,about 2.9 overs (likely 1.1-3.9),gbm
JJ Pollard,CPL,2026-09-16,5,3.2,3.5,1.8,4.0,about 3.5 overs (likely 1.8-4.0),gbm
JJ Smit,ODI,2026-09-09,44,10.0,9.0,5.3,10.0,about 9.0 overs (likely 5.3-10.0),gbm
JJ Smit,T20I,2026-09-04,56,3.4,4.0,2.2,4.0,about 4.0 overs (likely 2.2-4.0),gbm
JKC Claxton (W),ODI,2026-04-02,6,4.0,4.0,0.3,6.5,about 4.0 overs (likely 0.3-6.5),gbm
JKC Claxton (W),T20I,2026-06-30,12,2.0,2.3,0.4,3.3,about 2.3 overs (likely 0.4-3.3),gbm
JKD Andreano (W),T20I,2026-06-09,19,3.1,3.9,2.0,4.0,about 3.9 overs (likely 2.0-4.0),gbm
JL Aras (W),T20I,2026-04-30,11,1.8,1.9,0.0,2.9,about 1.9 overs (likely 0.0-2.9),gbm
JL Tutty,T20I,2026-05-18,14,2.4,3.1,1.3,4.0,about 3.1 overs (likely 1.3-4.0),gbm
JM Iradukunda,T20I,2026-09-15,17,3.4,4.0,2.1,4.0,about 4.0 overs (likely 2.1-4.0),gbm
JM James,CPL,2026-09-08,11,2.7,2.8,1.0,3.7,about 2.8 overs (likely 1.0-3.7),gbm
JM Kerr (W),ODI,2026-05-16,52,9.4,8.4,4.7,10.0,about 8.4 overs (likely 4.7-10.0),gbm
JM Kerr (W),T20I,2026-06-27,56,3.2,3.6,1.8,4.0,about 3.6 overs (likely 1.8-4.0),gbm
JN Loftie-Eaton,ODI,2026-09-13,37,5.0,4.6,0.9,7.1,about 4.6 overs (likely 0.9-7.1),gbm
JN Loftie-Eaton,T20I,2026-09-03,35,2.2,2.2,0.4,3.2,about 2.2 overs (likely 0.4-3.2),gbm
JNT Seales,CPL,2026-09-08,42,2.4,3.0,1.2,3.9,about 3.0 overs (likely 1.2-3.9),gbm
JNT Seales,ODI,2026-07-21,31,8.7,8.4,4.7,10.0,about 8.4 overs (likely 4.7-10.0),gbm
JNT Seales,T20I,2026-01-29,8,3.2,3.7,1.8,4.0,about 3.7 overs (likely 1.8-4.0),gbm
JNT Seales,Test,2026-08-02,30,33.0,28.3,14.3,43.5,about 28.3 overs (likely 14.3-43.5),gbm
JO Holder,CPL,2026-09-10,119,3.2,4.0,2.3,4.0,about 4.0 overs (likely 2.3-4.0),gbm
JO Holder,IPL,2026-05-31,57,3.2,4.0,2.3,4.0,about 4.0 overs (likely 2.3-4.0),gbm
JO Holder,T20I,2026-06-14,91,3.6,4.0,2.2,4.0,about 4.0 overs (likely 2.2-4.0),gbm
JP Behrendorff,BBL,2026-01-12,112,2.8,3.9,2.1,4.0,about 3.9 overs (likely 2.1-4.0),gbm
JP Cabrera,T20I,2026-03-12,5,2.6,2.8,1.0,3.8,about 2.8 overs (likely 1.0-3.8),gbm
JP Greaves,ODI,2025-11-22,12,5.8,5.8,2.0,8.2,about 5.8 overs (likely 2.0-8.2),gbm
JP Greaves,Test,2026-07-25,16,18.4,15.4,1.4,30.6,about 15.4 overs (likely 1.4-30.6),gbm
JR Cope,T20I,2026-08-21,5,3.4,4.0,2.2,4.0,about 4.0 overs (likely 2.2-4.0),gbm
JR Hazlewood,IPL,2026-05-31,52,4.0,4.0,2.3,4.0,about 4.0 overs (likely 2.3-4.0),gbm
JR Hazlewood,ODI,2025-10-25,93,8.0,9.0,5.3,10.0,about 9.0 overs (likely 5.3-10.0),gbm
JR Hazlewood,T20I,2025-10-31,57,3.8,4.0,2.2,4.0,about 4.0 overs (likely 2.2-4.0),gbm
JR Hazlewood,Test,2026-08-22,78,23.2,27.7,13.7,42.9,about 27.7 overs (likely 13.7-42.9),gbm
JR Lennox,ODI,2026-07-21,10,8.8,9.0,5.3,10.0,about 9.0 overs (likely 5.3-10.0),gbm
JR Newton,T20I,2026-05-23,5,4.0,4.0,2.2,4.0,about 4.0 overs (likely 2.2-4.0),gbm
JS Kundi,T20I,2025-09-30,9,1.4,1.8,0.0,2.8,about 1.8 overs (likely 0.0-2.8),gbm
JS Louis,CPL,2026-09-10,10,2.9,2.9,1.2,3.8,about 2.9 overs (likely 1.2-3.8),gbm
JS Paris,BBL,2026-01-07,51,3.1,3.7,2.0,4.0,about 3.7 overs (likely 2.0-4.0),gbm
JS Pooranakaran (W),T20I,2025-12-17,25,2.3,2.9,1.1,3.9,about 2.9 overs (likely 1.1-3.9),gbm
JT Brassell,ODI,2026-09-13,19,8.8,8.5,4.8,10.0,about 8.5 overs (likely 4.8-10.0),gbm
JT Brassell,T20I,2026-09-04,31,3.0,3.0,1.2,4.0,about 3.0 overs (likely 1.2-4.0),gbm
JT Pooranakaran (W),T20I,2025-12-16,5,2.0,2.0,0.2,3.0,about 2.0 overs (likely 0.2-3.0),gbm
JT Smuts,T20I,2026-02-19,17,3.8,3.2,1.4,4.0,about 3.2 overs (likely 1.4-4.0),gbm
JU Goolie,CPL,2026-09-11,9,2.8,2.9,1.1,3.8,about 2.9 overs (likely 1.1-3.8),gbm
JV Chand,T20I,2026-08-11,11,3.2,3.1,1.3,4.0,about 3.1 overs (likely 1.3-4.0),gbm
Jagrat Dubey (W),T20I,2026-08-23,14,3.5,4.0,2.2,4.0,about 4.0 overs (likely 2.2-4.0),gbm
Jahandad Khan,PSL,2026-04-25,16,3.3,3.1,1.3,3.8,about 3.1 overs (likely 1.3-3.8),gbm
Jai Sinh,T20I,2026-05-23,6,2.8,3.0,1.1,3.9,about 3.0 overs (likely 1.1-3.9),gbm
Jakob Gul,T20I,2026-08-21,19,4.0,4.0,2.2,4.0,about 4.0 overs (likely 2.2-4.0),gbm
Jamshid Nasiri,T20I,2026-07-30,12,1.6,2.0,0.1,3.0,about 2.0 overs (likely 0.1-3.0),gbm
Jasdeep Singh,ODI,2026-05-14,43,7.4,8.2,4.5,10.0,about 8.2 overs (likely 4.5-10.0),gbm
Jaskaran Singh,T20I,2026-02-17,12,2.6,3.0,1.1,4.0,about 3.0 overs (likely 1.1-4.0),gbm
Jaspal Singh,T20I,2026-05-09,12,2.2,2.4,0.6,3.4,about 2.4 overs (likely 0.6-3.4),gbm
Jaspreet Singh,T20I,2026-02-16,24,2.3,2.7,0.8,3.6,about 2.7 overs (likely 0.8-3.6),gbm
Jaswinder Singh,T20I,2026-05-22,20,1.6,1.8,0.0,2.8,about 1.8 overs (likely 0.0-2.8),gbm
Javid Patel,T20I,2026-08-15,14,3.0,3.9,2.1,4.0,about 3.9 overs (likely 2.1-4.0),gbm
Jay Odedra,ODI,2026-09-10,24,7.4,7.4,3.7,9.8,about 7.4 overs (likely 3.7-9.8),gbm
Jay Odedra,T20I,2026-02-20,11,2.8,2.9,1.0,3.8,about 2.9 overs (likely 1.0-3.8),gbm
Jayasooriya (W),T20I,2026-08-28,15,3.4,3.1,1.3,4.0,about 3.1 overs (likely 1.3-4.0),gbm
Jiaping Li (W),T20I,2026-06-09,12,2.0,2.3,0.4,3.2,about 2.3 overs (likely 0.4-3.2),gbm
Jobayer Hossen,T20I,2026-03-28,8,3.0,3.0,1.2,4.0,about 3.0 overs (likely 1.2-4.0),gbm
Joshua Asia,T20I,2025-12-14,23,4.0,3.8,2.0,4.0,about 3.8 overs (likely 2.0-4.0),gbm
Joyleen Kaur (W),T20I,2026-09-07,24,3.0,3.3,1.4,4.0,about 3.3 overs (likely 1.4-4.0),gbm
Junaid Aziz,T20I,2026-06-05,16,1.2,1.8,0.0,2.8,about 1.8 overs (likely 0.0-2.8),gbm
Junaid Khan,T20I,2026-08-21,38,3.2,4.0,2.1,4.0,about 4.0 overs (likely 2.1-4.0),gbm
Junaid Siddique,ODI,2026-08-11,64,8.2,8.0,4.3,10.0,about 8.0 overs (likely 4.3-10.0),gbm
Junaid Siddique,T20I,2026-04-20,66,3.5,4.0,2.2,4.0,about 4.0 overs (likely 2.2-4.0),gbm
K Amuge (W),T20I,2025-11-30,20,2.4,3.2,1.3,4.0,about 3.2 overs (likely 1.3-4.0),gbm
K Bhurtel,ODI,2026-07-29,24,2.0,3.9,0.2,6.4,about 3.9 overs (likely 0.2-6.4),gbm
K Bhurtel,T20I,2026-05-31,31,2.0,2.0,0.1,3.0,about 2.0 overs (likely 0.1-3.0),gbm
K Canavarci (W),T20I,2026-08-30,12,3.1,3.4,1.6,4.0,about 3.4 overs (likely 1.6-4.0),gbm
K Chigora (W),ODI,2026-05-09,7,7.4,6.9,3.1,9.3,about 6.9 overs (likely 3.1-9.3),gbm
K Chigora (W),T20I,2026-05-15,13,2.8,3.2,1.4,4.0,about 3.2 overs (likely 1.4-4.0),gbm
K Fraser (W),ODI,2026-08-30,11,8.5,8.8,5.1,10.0,about 8.8 overs (likely 5.1-10.0),gbm
K Fraser (W),T20I,2026-06-26,60,3.6,3.8,2.0,4.0,about 3.8 overs (likely 2.0-4.0),gbm
K Gaston,CPL,2026-09-03,7,3.6,4.0,2.2,4.0,about 4.0 overs (likely 2.2-4.0),gbm
K Gore,T20I,2025-09-30,8,2.4,2.9,1.1,3.9,about 2.9 overs (likely 1.1-3.9),gbm
K Goud (W),ODI,2026-02-27,17,6.4,7.8,4.1,10.0,about 7.8 overs (likely 4.1-10.0),gbm
K Goud (W),T20I,2026-09-13,19,2.6,3.0,1.1,4.0,about 3.0 overs (likely 1.1-4.0),gbm
K Goud (W),WPL,2026-02-01,16,3.2,3.0,1.1,3.9,about 3.0 overs (likely 1.1-3.9),gbm
K Inakale (W),T20I,2026-04-10,21,2.2,1.9,0.1,2.9,about 1.9 overs (likely 0.1-2.9),gbm
K Joshi (W),T20I,2026-04-18,42,1.6,2.3,0.5,3.3,about 2.3 overs (likely 0.5-3.3),gbm
K Juma,T20I,2026-03-28,17,3.5,4.0,2.2,4.0,about 4.0 overs (likely 2.2-4.0),gbm
K Kapadia (W),T20I,2026-08-02,14,2.0,2.0,0.2,3.0,about 2.0 overs (likely 0.2-3.0),gbm
K Kavindi (W),T20I,2026-09-02,20,1.9,2.2,0.4,3.2,about 2.2 overs (likely 0.4-3.2),gbm
K Khejroliya,IPL,2026-05-26,9,2.7,2.8,1.1,3.2,about 2.8 overs (likely 1.1-3.2),gbm
K Klein,ODI,2026-07-31,23,8.2,8.8,5.1,10.0,about 8.8 overs (likely 5.1-10.0),gbm
K Klein,T20I,2026-02-18,20,3.4,4.0,2.2,4.0,about 4.0 overs (likely 2.2-4.0),gbm
K Kubota,T20I,2026-02-27,15,2.7,2.9,1.1,3.9,about 2.9 overs (likely 1.1-3.9),gbm
K Kunwar (W),T20I,2026-06-10,75,3.4,3.4,1.6,4.0,about 3.4 overs (likely 1.6-4.0),gbm
K Lake,T20I,2026-02-26,5,2.2,2.1,0.3,3.1,about 2.1 overs (likely 0.3-3.1),gbm
K Mahekdeep (W),T20I,2026-07-28,13,1.8,1.9,0.1,2.9,about 1.9 overs (likely 0.1-2.9),gbm
K Mirpuri,T20I,2026-07-14,37,3.0,3.5,1.7,4.0,about 3.5 overs (likely 1.7-4.0),gbm
K Motlanka,T20I,2026-05-25,12,2.4,2.8,0.9,3.8,about 2.8 overs (likely 0.9-3.8),gbm
K Nassoro,T20I,2026-03-28,54,2.0,2.3,0.5,3.3,about 2.3 overs (likely 0.5-3.3),gbm
K Nestor,T20I,2026-07-14,22,2.6,2.8,0.9,3.7,about 2.8 overs (likely 0.9-3.7),gbm
K Oala (W),T20I,2025-11-17,6,2.2,2.3,0.5,3.3,about 2.3 overs (likely 0.5-3.3),gbm
K Ota (W),T20I,2026-09-12,28,2.2,2.2,0.4,3.2,about 2.2 overs (likely 0.4-3.2),gbm
K Paskova (W),T20I,2026-09-04,5,2.8,2.8,1.0,3.8,about 2.8 overs (likely 1.0-3.8),gbm
K Peddrick (W),T20I,2026-04-30,19,2.5,2.7,0.9,3.7,about 2.7 overs (likely 0.9-3.7),gbm
K Pierre,CPL,2026-09-09,75,2.6,3.4,1.7,4.0,about 3.4 overs (likely 1.7-4.0),gbm
K Pierre,ODI,2026-07-16,9,9.8,9.7,6.0,10.0,about 9.7 overs (likely 6.0-10.0),gbm
K Pierre,T20I,2025-10-31,12,2.6,2.9,1.0,3.8,about 2.9 overs (likely 1.0-3.8),gbm
K Piet,T20I,2026-09-17,40,3.6,3.5,1.6,4.0,about 3.5 overs (likely 1.6-4.0),gbm
K Rabada,IPL,2026-05-31,101,3.7,4.0,2.3,4.0,about 4.0 overs (likely 2.3-4.0),gbm
K Rabada,T20I,2026-03-04,76,3.8,4.0,2.2,4.0,about 4.0 overs (likely 2.2-4.0),gbm
K Rabada,Test,2025-10-20,72,32.0,30.4,16.4,45.6,about 30.4 overs (likely 16.4-45.6),gbm
K Ramharack (W),ODI,2026-07-15,49,6.6,7.7,4.0,10.0,about 7.7 overs (likely 4.0-10.0),gbm
K Ramharack (W),T20I,2026-06-30,59,2.7,2.9,1.1,3.9,about 2.9 overs (likely 1.1-3.9),gbm
K Reyneke (W),T20I,2026-09-17,16,2.2,2.0,0.2,3.0,about 2.0 overs (likely 0.2-3.0),gbm
K Robert (W),T20I,2026-08-29,5,3.0,3.0,1.2,4.0,about 3.0 overs (likely 1.2-4.0),gbm
K Senamontree,T20I,2026-06-23,24,3.0,2.9,1.1,3.9,about 2.9 overs (likely 1.1-3.9),gbm
K Sequiera (W),T20I,2026-09-06,8,3.2,3.8,2.0,4.0,about 3.8 overs (likely 2.0-4.0),gbm
K Srandeva (W),T20I,2026-09-06,16,3.8,3.3,1.4,4.0,about 3.3 overs (likely 1.4-4.0),gbm
K Thuchila,T20I,2026-08-16,24,3.8,4.0,2.2,4.0,about 4.0 overs (likely 2.2-4.0),gbm
K Venkatraman,T20I,2026-06-26,6,2.8,2.8,1.0,3.8,about 2.8 overs (likely 1.0-3.8),gbm
K Vislapuu,T20I,2026-07-14,18,2.4,2.9,1.0,3.9,about 2.9 overs (likely 1.0-3.9),gbm
K Waiswa,T20I,2026-09-17,39,2.2,2.5,0.7,3.5,about 2.5 overs (likely 0.7-3.5),gbm
KA Green (W),T20I,2026-07-28,77,1.8,2.8,0.9,3.8,about 2.8 overs (likely 0.9-3.8),gbm
KA Jamieson,IPL,2026-05-01,15,3.6,4.0,2.2,4.0,about 4.0 overs (likely 2.2-4.0),gbm
KA Jamieson,ODI,2026-01-18,22,9.0,8.9,5.2,10.0,about 8.9 overs (likely 5.2-10.0),gbm
KA Jamieson,T20I,2026-03-25,32,3.7,4.0,2.2,4.0,about 4.0 overs (likely 2.2-4.0),gbm
KA Jamieson,Test,2026-06-17,21,26.2,29.9,15.9,45.1,about 29.9 overs (likely 15.9-45.1),gbm
KA Maharaj,ODI,2025-12-06,53,8.7,9.4,5.7,10.0,about 9.4 overs (likely 5.7-10.0),gbm
KA Maharaj,T20I,2026-03-25,52,3.4,3.9,2.1,4.0,about 3.9 overs (likely 2.1-4.0),gbm
KA Maharaj,Test,2025-11-22,59,31.9,32.5,18.5,47.7,about 32.5 overs (likely 18.5-47.7),gbm
KA Pollard,CPL,2026-08-28,75,1.8,2.1,0.3,3.0,about 2.1 overs (likely 0.3-3.0),gbm
KAB Hynam-Nyberg,T20I,2025-10-16,6,3.2,3.1,1.3,4.0,about 3.1 overs (likely 1.3-4.0),gbm
KAJ Roach,Test,2026-08-02,89,19.8,25.5,11.5,40.7,about 25.5 overs (likely 11.5-40.7),gbm
KAR Hodge,Test,2026-08-02,9,9.2,7.3,0.0,22.5,about 7.3 overs (likely 0.0-22.5),gbm
KC Thompson (W),T20I,2026-06-13,16,3.8,3.7,1.8,4.0,about 3.7 overs (likely 1.8-4.0),gbm
KD Shah,T20I,2025-11-13,29,2.0,2.1,0.3,3.1,about 2.1 overs (likely 0.3-3.1),gbm
KDA Lukies,T20I,2025-12-13,29,3.8,4.0,2.2,4.0,about 4.0 overs (likely 2.2-4.0),gbm
KDU Prabodhani (W),ODI,2025-10-20,40,9.2,7.3,3.6,9.8,about 7.3 overs (likely 3.6-9.8),gbm
KE Bryce (W),T20I,2026-06-26,63,3.7,4.0,2.2,4.0,about 4.0 overs (likely 2.2-4.0),gbm
KH Pandya,IPL,2026-05-31,147,3.3,3.4,1.7,3.8,about 3.4 overs (likely 1.7-3.8),gbm
KIC Asalanka,ODI,2026-06-03,33,5.1,4.6,0.9,7.0,about 4.6 overs (likely 0.9-7.0),gbm
KIC Asalanka,T20I,2026-02-25,16,2.1,2.2,0.4,3.2,about 2.2 overs (likely 0.4-3.2),gbm
KJ Ferrary,T20I,2026-07-14,15,3.4,3.2,1.3,4.0,about 3.2 overs (likely 1.3-4.0),gbm
KJ Garth (W),ODI,2026-03-29,40,7.0,7.7,4.0,10.0,about 7.7 overs (likely 4.0-10.0),gbm
KJ Garth (W),T20I,2026-07-05,48,3.4,4.0,2.2,4.0,about 4.0 overs (likely 2.2-4.0),gbm
KJ McCartney (W),ODI,2026-09-06,5,7.4,8.3,4.6,10.0,about 8.3 overs (likely 4.6-10.0),gbm
KK Ahmed,IPL,2026-04-14,76,3.4,4.0,2.2,4.0,about 4.0 overs (likely 2.2-4.0),gbm
KK Donovan (W),T20I,2026-06-09,18,3.6,4.0,2.2,4.0,about 4.0 overs (likely 2.2-4.0),gbm
KK Lin Thu,T20I,2025-12-29,20,2.8,2.9,1.0,3.9,about 2.9 overs (likely 1.0-3.9),gbm
KL Gordon (W),T20I,2026-06-26,14,4.0,4.0,2.2,4.0,about 4.0 overs (likely 2.2-4.0),gbm
KMA Aziz,T20I,2026-05-30,11,3.2,2.9,1.1,3.9,about 2.9 overs (likely 1.1-3.9),gbm
KMA Paul,CPL,2026-09-16,70,3.4,3.0,1.3,3.9,about 3.0 overs (likely 1.3-3.9),gbm
KMA Paul,ODI,2026-07-16,27,5.8,6.1,2.4,8.6,about 6.1 overs (likely 2.4-8.6),gbm
KN Chaddha,T20I,2026-06-26,8,2.0,1.8,0.0,2.8,about 1.8 overs (likely 0.0-2.8),gbm
KR Jha,T20I,2026-06-28,13,3.0,2.7,0.9,3.7,about 2.7 overs (likely 0.9-3.7),gbm
KR Mayers,CPL,2026-09-01,61,2.0,2.0,0.3,2.9,about 2.0 overs (likely 0.3-2.9),gbm
KR Mayers,T20I,2025-09-30,14,1.4,1.8,0.0,2.8,about 1.8 overs (likely 0.0-2.8),gbm
KS Gautam (W),ODI,2026-03-01,6,7.3,8.1,4.4,10.0,about 8.1 overs (likely 4.4-10.0),gbm
KS Gautam (W),WPL,2026-02-03,18,2.6,3.3,1.5,4.0,about 3.3 overs (likely 1.5-4.0),gbm
KT Maphaka,ODI,2026-09-13,5,6.6,7.0,3.3,9.4,about 7.0 overs (likely 3.3-9.4),gbm
KT Maphaka,T20I,2026-09-06,21,3.6,3.9,2.1,4.0,about 3.9 overs (likely 2.1-4.0),gbm
KV Morea,T20I,2026-05-14,25,3.6,3.9,2.1,4.0,about 3.9 overs (likely 2.1-4.0),gbm
KW Richardson,BBL,2025-12-26,113,3.0,3.9,2.1,4.0,about 3.9 overs (likely 2.1-4.0),gbm
KY Chan (W),T20I,2026-09-07,95,3.6,4.0,2.2,4.0,about 4.0 overs (likely 2.2-4.0),gbm
KY Wilfried,T20I,2026-05-28,8,2.4,2.8,1.0,3.8,about 2.8 overs (likely 1.0-3.8),gbm
Kaleem Sana,ODI,2026-08-13,31,8.4,9.4,5.7,10.0,about 9.4 overs (likely 5.7-10.0),gbm
Kaleem Sana,T20I,2026-02-13,42,3.4,4.0,2.2,4.0,about 4.0 overs (likely 2.2-4.0),gbm
Kamal Soukhiya,T20I,2026-08-20,13,4.0,4.0,2.2,4.0,about 4.0 overs (likely 2.2-4.0),gbm
Kamran Ahmadzai,T20I,2026-07-30,14,2.0,1.9,0.1,2.9,about 1.9 overs (likely 0.1-2.9),gbm
Kamran Ghulam,PSL,2026-04-04,7,1.4,1.7,0.0,2.5,about 1.7 overs (likely 0.0-2.5),gbm
Kamran Wahid,T20I,2026-07-14,10,2.8,3.0,1.2,4.0,about 3.0 overs (likely 1.2-4.0),gbm
Kanchan Rana (W),T20I,2026-08-28,12,2.2,2.3,0.5,3.3,about 2.3 overs (likely 0.5-3.3),gbm
Karan KC,ODI,2026-09-12,71,8.4,8.0,4.3,10.0,about 8.0 overs (likely 4.3-10.0),gbm
Karan KC,T20I,2026-06-08,87,3.2,4.0,2.1,4.0,about 4.0 overs (likely 2.1-4.0),gbm
Karan Singh,T20I,2026-05-22,10,2.6,2.9,1.1,3.9,about 2.9 overs (likely 1.1-3.9),gbm
Karanbir Singh,T20I,2026-07-28,31,1.3,2.0,0.1,3.0,about 2.0 overs (likely 0.1-3.0),gbm
Karma Dorji,T20I,2025-12-29,15,2.0,2.2,0.3,3.2,about 2.2 overs (likely 0.3-3.2),gbm
Karri Gullem Keen (W),T20I,2026-06-09,19,2.1,3.2,1.3,4.0,about 3.2 overs (likely 1.3-4.0),gbm
Kartik Tyagi,IPL,2026-05-24,33,4.0,4.0,2.3,4.0,about 4.0 overs (likely 2.3-4.0),gbm
Kaung Htet Kyaw,T20I,2025-12-27,6,2.0,2.3,0.4,3.3,about 2.3 overs (likely 0.4-3.3),gbm
Kerry Fraser (W),T20I,2026-08-23,9,2.0,2.4,0.6,3.4,about 2.4 overs (likely 0.6-3.4),gbm
Khadija Imtiaz (W),T20I,2026-06-06,15,2.4,2.9,1.1,3.9,about 2.9 overs (likely 1.1-3.9),gbm
Khaled Ahmed,Test,2026-06-28,18,19.0,21.3,7.3,36.5,about 21.3 overs (likely 7.3-36.5),gbm
Khalid Ahmadi,T20I,2026-07-12,30,3.7,4.0,2.2,4.0,about 4.0 overs (likely 2.2-4.0),gbm
Khalid Niazi,T20I,2026-06-19,8,2.4,2.8,0.9,3.8,about 2.8 overs (likely 0.9-3.8),gbm
Khin Aye,T20I,2025-12-27,14,1.4,1.9,0.1,2.9,about 1.9 overs (likely 0.1-2.9),gbm
Khizar Hayat,T20I,2025-10-10,50,3.3,3.9,2.1,4.0,about 3.9 overs (likely 2.1-4.0),gbm
Khurram Shahzad,PSL,2026-04-28,22,3.6,3.9,2.1,4.0,about 3.9 overs (likely 2.1-4.0),gbm
Khurram Shahzad,Test,2026-08-27,10,25.4,27.6,13.6,42.8,about 27.6 overs (likely 13.6-42.8),gbm
Khusboo Kandpal (W),T20I,2026-06-28,10,2.4,2.8,1.0,3.8,about 2.8 overs (likely 1.0-3.8),gbm
Khushdil Shah,PSL,2026-04-22,46,3.0,3.1,1.4,3.9,about 3.1 overs (likely 1.4-3.9),gbm
Khuzaima Tanveer,ODI,2026-09-12,5,7.5,8.1,4.4,10.0,about 8.1 overs (likely 4.4-10.0),gbm
Khuzaima Tanveer,T20I,2026-09-17,5,3.6,4.0,2.2,4.0,about 4.0 overs (likely 2.2-4.0),gbm
Kuldeep Gurjar,T20I,2026-05-17,13,2.8,2.9,1.0,3.9,about 2.9 overs (likely 1.0-3.9),gbm
Kuldeep Yadav,IPL,2026-05-24,107,3.6,4.0,2.2,4.0,about 4.0 overs (likely 2.2-4.0),gbm
Kuldeep Yadav,ODI,2026-01-18,114,9.0,8.9,5.2,10.0,about 8.9 overs (likely 5.2-10.0),gbm
Kuldeep Yadav,T20I,2026-02-15,50,3.2,4.0,2.2,4.0,about 4.0 overs (likely 2.2-4.0),gbm
Kuldeep Yadav,Test,2026-08-15,18,31.7,28.5,14.5,43.7,about 28.5 overs (likely 14.5-43.7),gbm
Kushal Malla,ODI,2025-11-05,31,5.2,5.6,1.9,8.1,about 5.6 overs (likely 1.9-8.1),gbm
Kushal Malla,T20I,2026-06-07,31,1.0,1.0,0.0,2.0,about 1.0 overs (likely 0.0-2.0),gbm
Kyte Gullem Keen (W),T20I,2026-06-09,7,3.4,4.0,2.1,4.0,about 4.0 overs (likely 2.1-4.0),gbm
L Barnett (W),T20I,2026-08-30,18,3.6,4.0,2.2,4.0,about 4.0 overs (likely 2.2-4.0),gbm
L Bonner,T20I,2026-06-27,10,3.4,4.0,2.2,4.0,about 4.0 overs (likely 2.2-4.0),gbm
L Bruce,T20I,2026-07-14,45,2.2,2.7,0.9,3.7,about 2.7 overs (likely 0.9-3.7),gbm
L Cardoso (W),T20I,2026-06-20,35,3.2,3.2,1.4,4.0,about 3.2 overs (likely 1.4-4.0),gbm
L Chipanga (W),T20I,2026-04-11,21,2.9,3.9,2.0,4.0,about 3.9 overs (likely 2.0-4.0),gbm
L Delany (W),ODI,2025-12-16,32,5.0,5.0,1.3,7.5,about 5.0 overs (likely 1.3-7.5),gbm
L Delany (W),T20I,2026-01-18,90,2.3,2.8,0.9,3.8,about 2.8 overs (likely 0.9-3.8),gbm
L Filer (W),ODI,2026-09-06,23,8.7,8.1,4.4,10.0,about 8.1 overs (likely 4.4-10.0),gbm
L Filer (W),Test,2026-07-10,5,24.6,23.8,9.8,38.9,about 23.8 overs (likely 9.8-38.9),gbm
L Haskett,BBL,2025-12-22,5,3.2,3.5,1.8,4.0,about 3.5 overs (likely 1.8-4.0),gbm
L Holmgaard (W),T20I,2026-02-07,5,2.4,2.7,0.9,3.7,about 2.7 overs (likely 0.9-3.7),gbm
L Krvaric (W),T20I,2026-09-06,9,4.0,4.0,2.2,4.0,about 4.0 overs (likely 2.2-4.0),gbm
L Lamin,T20I,2026-09-12,10,1.3,1.8,0.0,2.8,about 1.8 overs (likely 0.0-2.8),gbm
L Little (W),ODI,2026-09-06,12,5.4,5.8,2.1,8.3,about 5.8 overs (likely 2.1-8.3),gbm
L Little (W),T20I,2026-01-26,15,2.2,2.0,0.2,3.0,about 2.0 overs (likely 0.2-3.0),gbm
L Mabhero (W),ODI,2026-05-09,13,8.0,7.4,3.7,9.9,about 7.4 overs (likely 3.7-9.9),gbm
L Mabhero (W),T20I,2026-09-13,33,3.4,3.4,1.6,4.0,about 3.4 overs (likely 1.6-4.0),gbm
L Malino (W),T20I,2026-06-17,33,4.0,4.0,2.2,4.0,about 4.0 overs (likely 2.2-4.0),gbm
L Moises (W),T20I,2026-06-20,30,4.0,3.9,2.1,4.0,about 3.9 overs (likely 2.1-4.0),gbm
L Monanthane,T20I,2026-06-07,11,3.2,3.2,1.3,4.0,about 3.2 overs (likely 1.3-4.0),gbm
L Ngidi,IPL,2026-05-24,27,3.5,4.0,2.3,4.0,about 4.0 overs (likely 2.3-4.0),gbm
L Ngidi,ODI,2025-12-06,69,7.8,8.3,4.6,10.0,about 8.3 overs (likely 4.6-10.0),gbm
L Ngidi,T20I,2026-03-04,63,3.6,3.9,2.0,4.0,about 3.9 overs (likely 2.0-4.0),gbm
L Nyarko,T20I,2026-03-28,8,3.5,3.2,1.4,4.0,about 3.2 overs (likely 1.4-4.0),gbm
L Ostergaard (W),T20I,2026-08-30,20,2.6,3.2,1.3,4.0,about 3.2 overs (likely 1.3-4.0),gbm
L Paul (W),ODI,2025-12-13,20,2.6,3.9,0.2,6.3,about 3.9 overs (likely 0.2-6.3),gbm
L Phiri (W),ODI,2025-10-02,12,4.6,4.3,0.6,6.8,about 4.3 overs (likely 0.6-6.8),gbm
L Phiri (W),T20I,2026-09-17,26,2.4,2.9,1.0,3.9,about 2.9 overs (likely 1.0-3.9),gbm
L Piety (W),T20I,2026-03-28,16,2.6,2.9,1.0,3.8,about 2.9 overs (likely 1.0-3.8),gbm
L Polaki (W),T20I,2026-04-11,5,2.9,3.3,1.4,4.0,about 3.3 overs (likely 1.4-4.0),gbm
L Pope,BBL,2026-01-17,50,3.4,4.0,2.3,4.0,about 4.0 overs (likely 2.3-4.0),gbm
L Qiao (W),T20I,2026-06-13,16,3.4,3.8,2.0,4.0,about 3.8 overs (likely 2.0-4.0),gbm
L Sanogo,T20I,2026-05-29,6,2.6,2.9,1.0,3.9,about 2.9 overs (likely 1.0-3.9),gbm
L Scott,BBL,2026-01-13,12,2.0,1.9,0.2,2.5,about 1.9 overs (likely 0.2-2.5),gbm
L Shetty (W),T20I,2026-04-30,10,2.4,2.8,1.0,3.8,about 2.8 overs (likely 1.0-3.8),gbm
L Siaka,T20I,2026-05-18,14,2.6,2.4,0.6,3.4,about 2.4 overs (likely 0.6-3.4),gbm
L Sipamla,T20I,2026-08-28,15,3.2,3.3,1.5,4.0,about 3.3 overs (likely 1.5-4.0),gbm
L Tshuma (W),ODI,2026-03-11,21,4.8,5.2,1.4,7.6,about 5.2 overs (likely 1.4-7.6),gbm
L Tshuma (W),T20I,2026-09-15,48,1.8,2.6,0.8,3.6,about 2.6 overs (likely 0.8-3.6),gbm
L Udeh (W),T20I,2026-06-20,35,3.0,3.6,1.7,4.0,about 3.6 overs (likely 1.7-4.0),gbm
L Visser (W),T20I,2025-11-30,5,2.0,1.9,0.0,2.9,about 1.9 overs (likely 0.0-2.9),gbm
L Wood,BBL,2026-01-11,21,3.6,4.0,2.3,4.0,about 4.0 overs (likely 2.3-4.0),gbm
L Wood,T20I,2026-07-01,16,2.8,3.2,1.4,4.0,about 3.2 overs (likely 1.4-4.0),gbm
LA Burns,T20I,2026-08-21,36,3.0,4.0,2.1,4.0,about 4.0 overs (likely 2.1-4.0),gbm
LA Dawson,ODI,2026-07-14,9,8.4,8.8,5.1,10.0,about 8.8 overs (likely 5.1-10.0),gbm
LA Dawson,T20I,2026-09-17,35,3.0,3.8,2.0,4.0,about 3.8 overs (likely 2.0-4.0),gbm
LA Goncalves,T20I,2026-08-09,8,1.4,2.1,0.2,3.1,about 2.1 overs (likely 0.2-3.1),gbm
LA McBride (W),T20I,2026-06-23,20,3.1,3.2,1.4,4.0,about 3.2 overs (likely 1.4-4.0),gbm
LAR Bommareddy (W),T20I,2026-06-04,10,2.2,2.3,0.5,3.3,about 2.3 overs (likely 0.5-3.3),gbm
LB Williams,ODI,2025-11-04,8,8.4,8.9,5.2,10.0,about 8.9 overs (likely 5.2-10.0),gbm
LB Williams,T20I,2025-11-01,19,3.4,3.8,2.0,4.0,about 3.8 overs (likely 2.0-4.0),gbm
LC Hatcher,BBL,2026-01-08,24,2.6,3.9,2.1,4.0,about 3.9 overs (likely 2.1-4.0),gbm
LCN Smith (W),ODI,2025-10-29,12,7.9,9.2,5.5,10.0,about 9.2 overs (likely 5.5-10.0),gbm
LCN Smith (W),T20I,2026-07-05,34,4.0,4.0,2.2,4.0,about 4.0 overs (likely 2.2-4.0),gbm
LF Muller,T20I,2026-06-27,12,1.8,1.9,0.1,2.9,about 1.9 overs (likely 0.1-2.9),gbm
LG Moras,T20I,2026-08-09,14,3.2,3.4,1.6,4.0,about 3.4 overs (likely 1.6-4.0),gbm
LH Ferguson,IPL,2026-05-17,52,3.1,3.9,2.2,4.0,about 3.9 overs (likely 2.2-4.0),gbm
LH Ferguson,T20I,2026-03-20,51,3.1,4.0,2.1,4.0,about 4.0 overs (likely 2.1-4.0),gbm
LH Rodrigues,T20I,2026-08-09,24,3.8,4.0,2.2,4.0,about 4.0 overs (likely 2.2-4.0),gbm
LI Salomone,T20I,2026-06-06,6,3.4,3.1,1.3,4.0,about 3.1 overs (likely 1.3-4.0),gbm
LJ Leokaoke,T20I,2026-06-07,6,2.8,3.2,1.3,4.0,about 3.2 overs (likely 1.3-4.0),gbm
LK Bell (W),ODI,2026-05-16,33,7.9,8.7,4.9,10.0,about 8.7 overs (likely 4.9-10.0),gbm
LK Bell (W),T20I,2026-07-05,48,3.8,4.0,2.2,4.0,about 4.0 overs (likely 2.2-4.0),gbm
LK Bell (W),Test,2026-07-10,6,24.0,23.6,9.6,38.8,about 23.6 overs (likely 9.6-38.8),gbm
LK Bell (W),WPL,2026-02-05,9,4.0,4.0,2.2,4.0,about 4.0 overs (likely 2.2-4.0),gbm
LK Hamilton (W),T20I,2026-07-05,6,2.8,2.9,1.0,3.8,about 2.9 overs (likely 1.0-3.8),gbm
LL Dimba (W),T20I,2026-06-17,22,3.0,3.8,2.0,4.0,about 3.8 overs (likely 2.0-4.0),gbm
LL Htun (W),T20I,2026-06-09,28,2.4,2.6,0.8,3.6,about 2.6 overs (likely 0.8-3.6),gbm
LM Gabriel,T20I,2026-06-06,7,2.4,2.4,0.5,3.3,about 2.4 overs (likely 0.5-3.3),gbm
LMM Tahuhu (W),ODI,2025-10-26,74,5.2,6.7,3.0,9.2,about 6.7 overs (likely 3.0-9.2),gbm
LMM Tahuhu (W),T20I,2026-06-27,85,3.1,3.1,1.3,4.0,about 3.1 overs (likely 1.3-4.0),gbm
LN Oluoch,T20I,2026-09-17,67,3.4,3.2,1.3,4.0,about 3.2 overs (likely 1.3-4.0),gbm
LN Rajbanshi,ODI,2026-09-12,46,9.0,9.4,5.7,10.0,about 9.4 overs (likely 5.7-10.0),gbm
LN Rajbanshi,T20I,2026-02-12,38,2.4,3.3,1.5,4.0,about 3.3 overs (likely 1.5-4.0),gbm
LS Barkania,T20I,2026-03-28,18,3.6,4.0,2.1,4.0,about 4.0 overs (likely 2.1-4.0),gbm
LT Bichard,T20I,2026-05-23,37,3.5,3.7,1.9,4.0,about 3.7 overs (likely 1.9-4.0),gbm
LV Boas (W),T20I,2026-06-20,31,3.0,2.8,1.0,3.8,about 2.8 overs (likely 1.0-3.8),gbm
LV van Beek,ODI,2026-07-29,36,8.4,8.9,5.2,10.0,about 8.9 overs (likely 5.2-10.0),gbm
LV van Beek,T20I,2026-02-18,33,3.8,4.0,2.2,4.0,about 4.0 overs (likely 2.2-4.0),gbm
Laiba Nasrullah (W),T20I,2026-06-06,6,2.6,2.8,1.0,3.8,about 2.8 overs (likely 1.0-3.8),gbm
Lihara Ayeysekara (W),T20I,2026-06-03,6,2.3,2.7,0.9,3.7,about 2.7 overs (likely 0.9-3.7),gbm
Likitha Yadav (W),T20I,2026-06-20,7,3.3,3.8,2.0,4.0,about 3.8 overs (likely 2.0-4.0),gbm
Lopamudra (W),T20I,2026-08-29,19,2.0,1.9,0.1,2.9,about 1.9 overs (likely 0.1-2.9),gbm
Lovedeep Singh,T20I,2026-05-20,11,2.6,2.9,1.1,3.9,about 2.9 overs (likely 1.1-3.9),gbm
Luca Petre,T20I,2026-06-21,14,2.2,2.1,0.3,3.1,about 2.1 overs (likely 0.3-3.1),gbm
Lucas Rossi,T20I,2026-03-15,17,3.2,4.0,2.2,4.0,about 4.0 overs (likely 2.2-4.0),gbm
Lucky Ali,T20I,2026-07-14,20,2.4,2.8,0.9,3.8,about 2.8 overs (likely 0.9-3.8),gbm
Luka Woods,T20I,2026-07-14,11,3.2,4.0,2.2,4.0,about 4.0 overs (likely 2.2-4.0),gbm
Luo Shilin,T20I,2026-06-02,8,2.8,3.1,1.2,4.0,about 3.1 overs (likely 1.2-4.0),gbm
Luqman Butt,T20I,2025-12-27,31,3.0,3.0,1.1,4.0,about 3.0 overs (likely 1.1-4.0),gbm
M Akayezu,T20I,2026-09-17,86,3.8,3.6,1.8,4.0,about 3.6 overs (likely 1.8-4.0),gbm
M Ariokot (W),T20I,2026-07-30,17,3.2,3.2,1.4,4.0,about 3.2 overs (likely 1.4-4.0),gbm
M Artur (W),T20I,2026-06-14,16,2.6,2.8,1.0,3.8,about 2.8 overs (likely 1.0-3.8),gbm
M Ayodhya (W),T20I,2026-09-13,11,4.0,4.0,2.2,4.0,about 4.0 overs (likely 2.2-4.0),gbm
M Beardman,BBL,2026-01-25,13,3.8,3.8,2.1,4.0,about 3.8 overs (likely 2.1-4.0),gbm
M Bibi (W),T20I,2026-09-07,72,1.8,2.2,0.3,3.2,about 2.2 overs (likely 0.3-3.2),gbm
M Chabula (W),T20I,2026-04-11,7,3.8,4.0,2.1,4.0,about 4.0 overs (likely 2.1-4.0),gbm
M Choamba,T20I,2026-08-16,23,2.5,2.8,1.0,3.8,about 2.8 overs (likely 1.0-3.8),gbm
M Clarke,CPL,2026-08-09,7,1.2,1.8,0.1,2.7,about 1.8 overs (likely 0.1-2.7),gbm
M Cope,T20I,2026-06-26,9,3.2,4.0,2.1,4.0,about 4.0 overs (likely 2.1-4.0),gbm
M Dale-Bradley,T20I,2026-05-23,23,3.7,4.0,2.2,4.0,about 4.0 overs (likely 2.2-4.0),gbm
M Durdevac (W),T20I,2026-09-06,5,3.3,4.0,2.2,4.0,about 4.0 overs (likely 2.2-4.0),gbm
M Gogev,T20I,2026-08-21,24,3.6,3.4,1.6,4.0,about 3.4 overs (likely 1.6-4.0),gbm
M Heingo,T20I,2026-09-04,14,3.2,3.0,1.1,3.9,about 3.0 overs (likely 1.1-3.9),gbm
M Hundal (W),T20I,2026-08-02,16,1.7,2.2,0.4,3.2,about 2.2 overs (likely 0.4-3.2),gbm
M Janicijevic,T20I,2026-07-14,6,2.5,2.8,1.0,3.8,about 2.8 overs (likely 1.0-3.8),gbm
M Jansen,IPL,2026-05-23,47,4.0,4.0,2.3,4.0,about 4.0 overs (likely 2.3-4.0),gbm
M Jansen,ODI,2025-12-06,31,9.0,8.8,5.1,10.0,about 8.8 overs (likely 5.1-10.0),gbm
M Jansen,T20I,2026-03-04,28,3.7,4.0,2.2,4.0,about 4.0 overs (likely 2.2-4.0),gbm
M Jansen,Test,2025-11-22,21,29.6,27.8,13.8,43.0,about 27.8 overs (likely 13.8-43.0),gbm
M Jele,T20I,2026-06-07,22,2.6,2.9,1.1,3.9,about 2.9 overs (likely 1.1-3.9),gbm
M Jevdjenovic (W),T20I,2026-09-04,8,3.0,2.9,1.1,3.9,about 2.9 overs (likely 1.1-3.9),gbm
M Kachingo (W),T20I,2026-04-11,6,2.7,3.0,1.1,4.0,about 3.0 overs (likely 1.1-4.0),gbm
M Kapp (W),ODI,2025-11-02,109,6.2,7.5,3.8,9.9,about 7.5 overs (likely 3.8-9.9),gbm
M Kapp (W),T20I,2026-07-02,94,3.8,4.0,2.2,4.0,about 4.0 overs (likely 2.2-4.0),gbm
M Kapp (W),WPL,2026-02-05,34,4.0,4.0,2.2,4.0,about 4.0 overs (likely 2.2-4.0),gbm
M Kaswan (W),T20I,2026-09-13,6,3.2,3.8,2.0,4.0,about 3.8 overs (likely 2.0-4.0),gbm
M Kearvell (W),T20I,2026-08-26,5,2.2,2.2,0.4,3.2,about 2.2 overs (likely 0.4-3.2),gbm
M Khojbariya,T20I,2026-06-07,17,2.8,3.2,1.3,4.0,about 3.2 overs (likely 1.3-4.0),gbm
M Klaas (W),ODI,2026-04-01,75,5.8,6.0,2.2,8.4,about 6.0 overs (likely 2.2-8.4),gbm
M Klaas (W),T20I,2026-03-25,59,3.4,3.4,1.6,4.0,about 3.4 overs (likely 1.6-4.0),gbm
M Koli,T20I,2026-07-30,45,3.4,4.0,2.2,4.0,about 4.0 overs (likely 2.2-4.0),gbm
M Labuschagne,BBL,2026-01-18,18,1.2,2.0,0.3,2.6,about 2.0 overs (likely 0.3-2.6),gbm
M Labuschagne,ODI,2026-06-14,19,2.5,3.0,0.0,5.4,about 3.0 overs (likely 0.0-5.4),gbm
M Labuschagne,PSL,2026-04-22,5,1.8,1.8,0.1,2.6,about 1.8 overs (likely 0.1-2.6),gbm
M Labuschagne,Test,2026-08-13,36,2.6,3.8,0.0,19.0,about 3.8 overs (likely 0.0-19.0),gbm
M Madara (W),ODI,2026-07-23,15,7.3,6.9,3.2,9.3,about 6.9 overs (likely 3.2-9.3),gbm
M Madara (W),T20I,2026-08-04,14,3.0,3.0,1.2,4.0,about 3.0 overs (likely 1.2-4.0),gbm
M Magagula,T20I,2026-03-28,22,2.7,2.9,1.1,3.9,about 2.9 overs (likely 1.1-3.9),gbm
M Mani (W),WPL,2026-02-05,22,2.8,2.7,0.8,3.6,about 2.7 overs (likely 0.8-3.6),gbm
M Markande,IPL,2026-04-12,40,2.0,2.7,0.9,3.1,about 2.7 overs (likely 0.9-3.1),gbm
M Mavunga (W),ODI,2026-05-06,5,5.0,5.3,1.6,7.8,about 5.3 overs (likely 1.6-7.8),gbm
M Mavunga (W),T20I,2026-09-17,14,2.8,3.1,1.2,4.0,about 3.1 overs (likely 1.2-4.0),gbm
M Mooketsi,T20I,2026-09-13,52,3.7,4.0,2.2,4.0,about 4.0 overs (likely 2.2-4.0),gbm
M Musinguzi,T20I,2026-09-17,13,4.0,3.9,2.0,4.0,about 3.9 overs (likely 2.0-4.0),gbm
M Mwatile (W),T20I,2026-07-30,44,2.8,2.6,0.8,3.6,about 2.6 overs (likely 0.8-3.6),gbm
M Nguni (W),T20I,2026-04-09,5,3.2,3.5,1.7,4.0,about 3.5 overs (likely 1.7-4.0),gbm
M Ogawa (W),T20I,2026-09-13,7,1.3,1.8,0.0,2.8,about 1.8 overs (likely 0.0-2.8),gbm
M Ozturk,T20I,2026-07-13,14,3.0,3.9,2.1,4.0,about 3.9 overs (likely 2.1-4.0),gbm
M Parinitha (W),T20I,2026-07-10,7,2.8,2.9,1.0,3.9,about 2.9 overs (likely 1.0-3.9),gbm
M Pathirana,IPL,2026-05-16,33,2.9,3.8,2.1,4.0,about 3.8 overs (likely 2.1-4.0),gbm
M Pathirana,T20I,2026-02-16,23,2.9,3.4,1.6,4.0,about 3.4 overs (likely 1.6-4.0),gbm
M Perry,BBL,2025-12-17,5,2.6,2.9,1.2,3.5,about 2.9 overs (likely 1.2-3.5),gbm
M Phiase (W),T20I,2026-04-10,14,1.4,1.8,0.0,2.8,about 1.8 overs (likely 0.0-2.8),gbm
M Prasidh Krishna,IPL,2026-05-31,78,2.6,3.8,2.1,4.0,about 3.8 overs (likely 2.1-4.0),gbm
M Prasidh Krishna,ODI,2026-07-19,26,9.4,9.4,5.7,10.0,about 9.4 overs (likely 5.7-10.0),gbm
M Prasidh Krishna,T20I,2026-07-11,8,3.8,4.0,2.2,4.0,about 4.0 overs (likely 2.2-4.0),gbm
M Prasidh Krishna,Test,2026-08-23,8,32.7,27.9,13.9,43.1,about 27.9 overs (likely 13.9-43.1),gbm
M Ribeiro (W),T20I,2026-06-20,34,4.0,3.9,2.0,4.0,about 3.9 overs (likely 2.0-4.0),gbm
M Robinson (W),T20I,2026-06-14,5,3.6,4.0,2.2,4.0,about 4.0 overs (likely 2.2-4.0),gbm
M Sarenac,T20I,2025-11-01,23,3.2,2.9,1.1,3.9,about 2.9 overs (likely 1.1-3.9),gbm
M Shahbaz Butt,T20I,2026-07-14,21,3.8,4.0,2.2,4.0,about 4.0 overs (likely 2.2-4.0),gbm
M Shehani (W),T20I,2025-12-28,11,2.7,2.6,0.7,3.6,about 2.6 overs (likely 0.7-3.6),gbm
M Shumba,T20I,2026-07-17,7,2.0,1.9,0.0,2.9,about 1.9 overs (likely 0.0-2.9),gbm
M Siddharth,IPL,2026-05-04,9,3.6,4.0,2.2,4.0,about 4.0 overs (likely 2.2-4.0),gbm
M Smit (W),ODI,2025-12-16,5,4.8,4.7,1.0,7.1,about 4.7 overs (likely 1.0-7.1),gbm
M Spoors,BBL,2026-01-04,8,1.6,1.7,0.0,2.3,about 1.7 overs (likely 0.0-2.3),gbm
M Stanikzai,T20I,2026-06-21,15,2.2,2.2,0.4,3.2,about 2.2 overs (likely 0.4-3.2),gbm
M Stevanovic (W),T20I,2026-09-06,8,3.2,4.0,2.2,4.0,about 4.0 overs (likely 2.2-4.0),gbm
M Syahadat Ramli,T20I,2025-12-13,10,1.4,2.1,0.2,3.0,about 2.1 overs (likely 0.2-3.0),gbm
M Syrioti (W),T20I,2026-05-10,28,3.5,4.0,2.1,4.0,about 4.0 overs (likely 2.1-4.0),gbm
M Taniyama,T20I,2026-05-12,34,2.6,2.8,0.9,3.8,about 2.8 overs (likely 0.9-3.8),gbm
M Theekshana,CPL,2026-09-09,22,4.0,4.0,2.3,4.0,about 4.0 overs (likely 2.3-4.0),gbm
M Theekshana,ODI,2026-06-03,50,9.9,9.9,6.2,10.0,about 9.9 overs (likely 6.2-10.0),gbm
M Theekshana,T20I,2026-09-15,82,3.6,4.0,2.2,4.0,about 4.0 overs (likely 2.2-4.0),gbm
M Tom (W),T20I,2026-01-26,38,3.0,2.9,1.1,3.9,about 2.9 overs (likely 1.1-3.9),gbm
M Upadhayay (W),T20I,2026-06-10,26,3.6,4.0,2.2,4.0,about 4.0 overs (likely 2.2-4.0),gbm
M Valner (W),T20I,2026-07-25,18,3.0,3.5,1.6,4.0,about 3.5 overs (likely 1.6-4.0),gbm
M Vervitsioti (W),T20I,2026-08-29,30,2.2,2.4,0.6,3.4,about 2.4 overs (likely 0.6-3.4),gbm
M Wai Siu (W),T20I,2026-09-07,79,2.6,3.0,1.2,4.0,about 3.0 overs (likely 1.2-4.0),gbm
M Whelan,T20I,2026-05-07,9,1.8,1.9,0.1,2.9,about 1.9 overs (likely 0.1-2.9),gbm
M Zhu (W),T20I,2026-06-09,16,2.6,3.3,1.5,4.0,about 3.3 overs (likely 1.5-4.0),gbm
MA Algi,T20I,2026-06-07,7,2.0,2.2,0.4,3.2,about 2.2 overs (likely 0.4-3.2),gbm
MA Baig,T20I,2025-10-04,19,2.7,3.4,1.5,4.0,about 3.4 overs (likely 1.5-4.0),gbm
MA Leask,ODI,2026-05-20,76,3.1,4.0,0.3,6.5,about 4.0 overs (likely 0.3-6.5),gbm
MA Leask,T20I,2026-04-18,56,4.0,3.6,1.7,4.0,about 3.6 overs (likely 1.7-4.0),gbm
MA Nyabela (W),T20I,2026-04-11,20,3.8,4.0,2.2,4.0,about 4.0 overs (likely 2.2-4.0),gbm
MA Starc,BBL,2026-01-25,15,4.0,4.0,2.3,4.0,about 4.0 overs (likely 2.3-4.0),gbm
MA Starc,IPL,2026-05-24,56,3.6,4.0,2.3,4.0,about 4.0 overs (likely 2.3-4.0),gbm
MA Starc,ODI,2025-10-25,126,7.0,8.7,4.9,10.0,about 8.7 overs (likely 4.9-10.0),gbm
MA Starc,Test,2026-08-22,107,28.1,28.6,14.6,43.8,about 28.6 overs (likely 14.6-43.8),gbm
MA Wood,Test,2025-11-21,38,20.5,26.2,12.2,41.4,about 26.2 overs (likely 12.2-41.4),gbm
MADI Hemantha,T20I,2026-02-25,8,3.6,4.0,2.2,4.0,about 4.0 overs (likely 2.2-4.0),gbm
MB Tambe,T20I,2026-08-14,32,1.6,2.5,0.7,3.5,about 2.5 overs (likely 0.7-3.5),gbm
MBA Lamplough (W),T20I,2026-09-07,21,3.6,3.6,1.8,4.0,about 3.6 overs (likely 1.8-4.0),gbm
MC Alex,T20I,2026-05-28,6,3.2,4.0,2.2,4.0,about 4.0 overs (likely 2.2-4.0),gbm
MD Bimenyimana (W),T20I,2026-06-19,70,3.5,3.9,2.1,4.0,about 3.9 overs (likely 2.1-4.0),gbm
MD Botha (W),ODI,2025-10-17,7,6.2,6.1,2.4,8.6,about 6.1 overs (likely 2.4-8.6),gbm
MD Botha (W),T20I,2025-12-19,21,2.7,3.6,1.8,4.0,about 3.6 overs (likely 1.8-4.0),gbm
MD Shanaka,T20I,2026-09-15,73,2.3,2.7,0.8,3.6,about 2.7 overs (likely 0.8-3.6),gbm
MFI Assuncao,T20I,2026-08-09,6,2.6,2.8,1.0,3.8,about 2.8 overs (likely 1.0-3.8),gbm
MG Bracewell,ODI,2026-07-21,43,8.5,8.2,4.5,10.0,about 8.2 overs (likely 4.5-10.0),gbm
MG Bracewell,PSL,2026-05-03,16,1.8,2.2,0.5,3.0,about 2.2 overs (likely 0.5-3.0),gbm
MG Bracewell,T20I,2025-11-13,37,2.0,2.1,0.3,3.1,about 2.1 overs (likely 0.3-3.1),gbm
MG Bracewell,Test,2025-12-02,10,33.4,30.9,16.9,46.1,about 30.9 overs (likely 16.9-46.1),gbm
MG Erasmus,ODI,2026-09-13,56,4.4,4.6,0.9,7.1,about 4.6 overs (likely 0.9-7.1),gbm
MG Erasmus,T20I,2026-09-04,66,2.4,2.8,1.0,3.8,about 2.8 overs (likely 1.0-3.8),gbm
MG Neser,BBL,2026-01-18,99,3.6,4.0,2.3,4.0,about 4.0 overs (likely 2.3-4.0),gbm
MG Neser,Test,2026-01-04,5,25.9,26.8,12.8,42.0,about 26.8 overs (likely 12.8-42.0),gbm
MH Ushanga (W),T20I,2025-11-28,30,3.1,3.6,1.8,4.0,about 3.6 overs (likely 1.8-4.0),gbm
MHS James (W),T20I,2026-09-06,5,3.4,4.0,2.2,4.0,about 4.0 overs (likely 2.2-4.0),gbm
MIW van den Raad (W),T20I,2026-06-25,8,1.8,1.8,0.0,2.8,about 1.8 overs (likely 0.0-2.8),gbm
MJ Ansell,T20I,2026-08-21,24,3.4,4.0,2.2,4.0,about 4.0 overs (likely 2.2-4.0),gbm
MJ Henry,IPL,2026-04-05,9,3.0,3.0,1.3,3.4,about 3.0 overs (likely 1.3-3.4),gbm
MJ Henry,ODI,2025-11-22,91,8.5,9.1,5.4,10.0,about 9.1 overs (likely 5.4-10.0),gbm
MJ Henry,T20I,2026-03-08,38,3.3,4.0,2.2,4.0,about 4.0 overs (likely 2.2-4.0),gbm
MJ Henry,Test,2026-06-17,35,29.7,31.0,16.9,46.1,about 31.0 overs (likely 16.9-46.1),gbm
MJ Humphreys,T20I,2026-06-28,20,4.0,4.0,2.2,4.0,about 4.0 overs (likely 2.2-4.0),gbm
MJ Humphreys,Test,2025-11-19,5,33.2,30.9,16.9,46.1,about 30.9 overs (likely 16.9-46.1),gbm
MJ Massawe (W),T20I,2026-07-30,6,4.0,4.0,2.2,4.0,about 4.0 overs (likely 2.2-4.0),gbm
MJ Owen,BBL,2026-01-21,23,1.2,1.7,0.0,2.3,about 1.7 overs (likely 0.0-2.3),gbm
MJ Potts,Test,2026-01-04,11,29.8,30.5,16.5,45.7,about 30.5 overs (likely 16.5-45.7),gbm
MJ Santner,IPL,2026-04-23,35,3.2,4.0,2.2,4.0,about 4.0 overs (likely 2.2-4.0),gbm
MJ Santner,ODI,2026-07-21,122,9.0,9.3,5.6,10.0,about 9.3 overs (likely 5.6-10.0),gbm
MJ Santner,T20I,2026-03-20,130,3.6,4.0,2.2,4.0,about 4.0 overs (likely 2.2-4.0),gbm
MJ Santner,Test,2026-06-25,32,24.9,28.4,14.4,43.5,about 28.4 overs (likely 14.4-43.5),gbm
MJ Swepson,BBL,2026-01-21,94,2.8,3.5,1.8,4.0,about 3.5 overs (likely 1.8-4.0),gbm
MK Amusa (W),T20I,2026-03-28,14,3.4,3.9,2.1,4.0,about 3.9 overs (likely 2.1-4.0),gbm
MK Thakur,T20I,2026-02-28,21,3.2,3.9,2.1,4.0,about 3.9 overs (likely 2.1-4.0),gbm
MK Villiers (W),ODI,2026-09-06,5,7.6,8.1,4.4,10.0,about 8.1 overs (likely 4.4-10.0),gbm
ML Castillo,T20I,2026-06-27,12,3.4,4.0,2.2,4.0,about 4.0 overs (likely 2.2-4.0),gbm
ML Green (W),ODI,2025-10-14,6,2.4,3.0,0.0,5.4,about 3.0 overs (likely 0.0-5.4),gbm
ML Schutt (W),ODI,2026-03-29,95,6.6,7.5,3.8,10.0,about 7.5 overs (likely 3.8-10.0),gbm
ML Schutt (W),T20I,2026-06-17,117,3.0,3.5,1.7,4.0,about 3.5 overs (likely 1.7-4.0),gbm
MM Ali,CPL,2026-08-23,23,2.0,2.2,0.4,3.1,about 2.2 overs (likely 0.4-3.1),gbm
MM Ali,PSL,2026-04-25,16,3.2,3.2,1.4,3.9,about 3.2 overs (likely 1.4-3.9),gbm
MM Baig,T20I,2026-02-15,23,3.2,3.2,1.4,4.0,about 3.2 overs (likely 1.4-4.0),gbm
MM Mabathoana (W),T20I,2026-04-09,6,2.4,2.9,1.1,3.9,about 2.9 overs (likely 1.1-3.9),gbm
MM Penfold (W),ODI,2026-03-08,15,7.6,6.9,3.2,9.3,about 6.9 overs (likely 3.2-9.3),gbm
MM Penfold (W),T20I,2026-03-01,11,2.4,2.8,1.0,3.8,about 2.8 overs (likely 1.0-3.8),gbm
MNM Aslam,T20I,2026-03-01,68,2.9,3.9,2.0,4.0,about 3.9 overs (likely 2.0-4.0),gbm
MP Ainsworth,T20I,2026-07-13,18,2.6,2.5,0.7,3.5,about 2.5 overs (likely 0.7-3.5),gbm
MP Kuhnemann,BBL,2026-01-18,61,4.0,4.0,2.3,4.0,about 4.0 overs (likely 2.3-4.0),gbm
MP Kuhnemann,ODI,2026-06-04,8,8.8,9.5,5.8,10.0,about 9.5 overs (likely 5.8-10.0),gbm
MP Kuhnemann,T20I,2026-02-13,8,3.8,3.9,2.1,4.0,about 3.9 overs (likely 2.1-4.0),gbm
MP Stoinis,BBL,2026-01-21,68,2.9,2.8,1.0,3.3,about 2.8 overs (likely 1.0-3.3),gbm
MP Stoinis,IPL,2026-05-11,75,1.8,1.8,0.1,2.2,about 1.8 overs (likely 0.1-2.2),gbm
MP Stoinis,T20I,2026-02-20,55,3.0,2.9,1.1,3.9,about 2.9 overs (likely 1.1-3.9),gbm
MP Yadav,IPL,2026-05-19,10,4.0,4.0,2.3,4.0,about 4.0 overs (likely 2.3-4.0),gbm
MP Yadav,T20I,2026-07-26,6,3.8,4.0,2.2,4.0,about 4.0 overs (likely 2.2-4.0),gbm
MPGT Ketiyage,T20I,2026-05-22,19,2.2,2.3,0.5,3.3,about 2.3 overs (likely 0.5-3.3),gbm
MPM Pathirannehelage (W),T20I,2026-08-30,14,3.0,3.3,1.5,4.0,about 3.3 overs (likely 1.5-4.0),gbm
MPP San (W),T20I,2026-06-09,26,3.5,3.4,1.6,4.0,about 3.4 overs (likely 1.6-4.0),gbm
MR Adair,T20I,2026-02-14,91,3.8,4.0,2.2,4.0,about 4.0 overs (likely 2.2-4.0),gbm
MR Adair,Test,2026-05-27,7,27.0,26.2,12.2,41.4,about 26.2 overs (likely 12.2-41.4),gbm
MRJ Watt,ODI,2026-08-13,82,8.4,8.9,5.1,10.0,about 8.9 overs (likely 5.1-10.0),gbm
MRJ Watt,T20I,2026-04-18,75,3.6,4.0,2.2,4.0,about 4.0 overs (likely 2.2-4.0),gbm
MT Jacob (W),T20I,2026-06-06,16,2.6,2.9,1.0,3.9,about 2.9 overs (likely 1.0-3.9),gbm
MT Renshaw,BBL,2026-01-18,31,2.4,2.2,0.5,2.8,about 2.2 overs (likely 0.5-2.8),gbm
MT Renshaw,ODI,2026-09-15,7,6.0,5.5,1.8,7.9,about 5.5 overs (likely 1.8-7.9),gbm
MTMMJ Ave,T20I,2026-05-18,14,2.6,2.8,1.0,3.8,about 2.8 overs (likely 1.0-3.8),gbm
MV Pavlovic,T20I,2026-07-14,25,3.5,4.0,2.2,4.0,about 4.0 overs (likely 2.2-4.0),gbm
MW Forde,CPL,2026-09-09,30,3.5,3.2,1.5,4.0,about 3.2 overs (likely 1.5-4.0),gbm
MW Forde,ODI,2026-07-21,19,8.0,8.4,4.7,10.0,about 8.4 overs (likely 4.7-10.0),gbm
MW Forde,T20I,2026-06-14,23,3.4,4.0,2.1,4.0,about 4.0 overs (likely 2.1-4.0),gbm
MW Short,BBL,2026-01-17,69,2.6,2.7,1.0,3.3,about 2.7 overs (likely 1.0-3.3),gbm
MW Short,IPL,2026-04-18,5,1.4,1.8,0.0,2.2,about 1.8 overs (likely 0.0-2.2),gbm
MW Short,ODI,2026-06-09,18,5.0,4.4,0.7,6.9,about 4.4 overs (likely 0.7-6.9),gbm
MW Short,T20I,2026-02-01,10,2.0,1.9,0.1,2.9,about 1.9 overs (likely 0.1-2.9),gbm
MWR Stokes,T20I,2026-05-23,32,3.0,3.0,1.2,4.0,about 3.0 overs (likely 1.2-4.0),gbm
MY Bawa,T20I,2026-08-09,6,3.8,4.0,2.2,4.0,about 4.0 overs (likely 2.2-4.0),gbm
Ma Qiancheng,T20I,2026-06-02,10,2.8,3.0,1.2,4.0,about 3.0 overs (likely 1.2-4.0),gbm
Ma Ruike (W),T20I,2026-06-09,26,2.8,3.2,1.4,4.0,about 3.2 overs (likely 1.4-4.0),gbm
Maahi Madhavan (W),T20I,2026-04-30,15,2.6,2.8,1.0,3.8,about 2.8 overs (likely 1.0-3.8),gbm
Madhawa Basnayaka,T20I,2026-08-18,6,3.2,3.8,2.0,4.0,about 3.8 overs (likely 2.0-4.0),gbm
Mah Noor (W),T20I,2026-06-09,5,2.4,2.7,0.9,3.7,about 2.7 overs (likely 0.9-3.7),gbm
Mah Noor Amir (W),T20I,2026-06-04,10,1.7,2.2,0.4,3.2,about 2.2 overs (likely 0.4-3.2),gbm
Mahedi Hasan,ODI,2026-06-14,12,7.8,9.2,5.5,10.0,about 9.2 overs (likely 5.5-10.0),gbm
Mahedi Hasan,T20I,2026-07-19,71,3.8,4.0,2.2,4.0,about 4.0 overs (likely 2.2-4.0),gbm
Mahirah Izzati Ismail (W),T20I,2026-09-13,69,2.8,3.4,1.5,4.0,about 3.4 overs (likely 1.5-4.0),gbm
Maiwand Momand,T20I,2026-07-30,5,2.4,2.7,0.9,3.7,about 2.7 overs (likely 0.9-3.7),gbm
Malyun Hassan (W),T20I,2026-07-25,5,2.1,2.1,0.2,3.0,about 2.1 overs (likely 0.2-3.0),gbm
Malyun Yusuf (W),T20I,2026-08-28,6,2.6,3.0,1.1,4.0,about 3.0 overs (likely 1.1-4.0),gbm
Manpreet Singh,T20I,2026-06-26,15,3.2,3.0,1.1,4.0,about 3.0 overs (likely 1.1-4.0),gbm
Mansoor Shah,T20I,2026-04-09,8,3.0,3.0,1.2,4.0,about 3.0 overs (likely 1.2-4.0),gbm
Marcelle Hanekom,T20I,2025-12-29,8,2.2,2.4,0.6,3.4,about 2.4 overs (likely 0.6-3.4),gbm
Maria Jasvi (W),T20I,2026-06-06,49,3.0,3.3,1.4,4.0,about 3.3 overs (likely 1.4-4.0),gbm
Mariamma Hyder (W),T20I,2026-06-06,50,2.0,2.8,1.0,3.8,about 2.8 overs (likely 1.0-3.8),gbm
Marufa Akter (W),ODI,2026-04-25,34,6.5,7.1,3.4,9.6,about 7.1 overs (likely 3.4-9.6),gbm
Marufa Akter (W),T20I,2026-09-10,49,3.7,3.7,1.9,4.0,about 3.7 overs (likely 1.9-4.0),gbm
Maryam Omar (W),T20I,2026-06-06,37,2.4,3.5,1.7,4.0,about 3.5 overs (likely 1.7-4.0),gbm
Mas Elysa (W),T20I,2026-05-20,46,3.2,2.9,1.1,3.9,about 2.9 overs (likely 1.1-3.9),gbm
Mayank Nagayach,T20I,2026-08-20,11,3.4,4.0,2.2,4.0,about 4.0 overs (likely 2.2-4.0),gbm
Mazharul Islam,T20I,2026-03-28,6,2.6,2.8,1.0,3.8,about 2.8 overs (likely 1.0-3.8),gbm
Meet Bhavsar,T20I,2026-03-01,18,1.7,2.1,0.3,3.1,about 2.1 overs (likely 0.3-3.1),gbm
Meghana Lakayil (W),T20I,2026-08-30,5,4.0,4.0,2.2,4.0,about 4.0 overs (likely 2.2-4.0),gbm
Meghna Rajan (W),T20I,2026-07-12,15,3.8,4.0,2.2,4.0,about 4.0 overs (likely 2.2-4.0),gbm
Mehboob Ali,T20I,2026-05-23,18,3.4,3.9,2.1,4.0,about 3.9 overs (likely 2.1-4.0),gbm
Mehedi Hasan Miraz,ODI,2026-07-11,106,6.9,8.7,5.0,10.0,about 8.7 overs (likely 5.0-10.0),gbm
Mehedi Hasan Miraz,Test,2026-08-22,57,31.8,28.4,14.4,43.6,about 28.4 overs (likely 14.4-43.6),gbm
Mehran Mumtaz,PSL,2026-04-12,6,3.2,3.8,2.1,4.0,about 3.8 overs (likely 2.1-4.0),gbm
Milad Momend,T20I,2026-08-17,19,3.4,4.0,2.2,4.0,about 4.0 overs (likely 2.2-4.0),gbm
Milind Kumar,ODI,2026-06-12,25,6.6,6.8,3.1,9.3,about 6.8 overs (likely 3.1-9.3),gbm
Milind Kumar,T20I,2026-02-15,14,2.4,2.8,1.0,3.8,about 2.8 overs (likely 1.0-3.8),gbm
Mir Hamza,PSL,2026-04-19,34,3.2,3.9,2.1,4.0,about 3.9 overs (likely 2.1-4.0),gbm
Mirab Razwan (W),T20I,2026-08-30,23,3.4,4.0,2.2,4.0,about 4.0 overs (likely 2.2-4.0),gbm
Mohamed Shafeeq,T20I,2026-03-01,42,3.2,3.9,2.1,4.0,about 3.9 overs (likely 2.1-4.0),gbm
Mohamed Turay,T20I,2026-09-16,20,3.0,2.9,1.1,3.9,about 2.9 overs (likely 1.1-3.9),gbm
Mohameed Taiwo,T20I,2026-06-23,45,3.4,3.2,1.4,4.0,about 3.2 overs (likely 1.4-4.0),gbm
Mohammad Aadil Alam,T20I,2025-10-13,9,3.0,2.8,1.0,3.8,about 2.8 overs (likely 1.0-3.8),gbm
Mohammad Abbas,Test,2026-09-09,33,35.8,34.9,20.9,50.1,about 34.9 overs (likely 20.9-50.1),gbm
Mohammad Ali,PSL,2026-05-03,28,3.9,4.0,2.3,4.0,about 4.0 overs (likely 2.3-4.0),gbm
Mohammad Ali,Test,2026-09-09,9,29.8,27.7,13.7,42.9,about 27.7 overs (likely 13.7-42.9),gbm
Mohammad Amir,PSL,2026-04-26,92,3.8,4.0,2.3,4.0,about 4.0 overs (likely 2.3-4.0),gbm
Mohammad Amir Khan,PSL,2026-04-06,9,2.4,2.9,1.2,3.7,about 2.9 overs (likely 1.2-3.7),gbm
Mohammad Atif,T20I,2026-08-21,13,3.6,4.0,2.2,4.0,about 4.0 overs (likely 2.2-4.0),gbm
Mohammad Basit,PSL,2026-05-03,6,3.6,4.0,2.3,4.0,about 4.0 overs (likely 2.3-4.0),gbm
Mohammad Ghazanfar,T20I,2026-06-22,32,2.7,3.1,1.2,4.0,about 3.1 overs (likely 1.2-4.0),gbm
Mohammad Hasnain,PSL,2026-04-23,46,3.0,3.9,2.1,4.0,about 3.9 overs (likely 2.1-4.0),gbm
Mohammad Imran,PSL,2026-04-29,15,3.4,3.8,2.1,4.0,about 3.8 overs (likely 2.1-4.0),gbm
Mohammad Kamran,T20I,2026-08-21,23,3.6,4.0,2.2,4.0,about 4.0 overs (likely 2.2-4.0),gbm
Mohammad Khan Rafah,T20I,2026-05-22,11,3.6,3.6,1.8,4.0,about 3.6 overs (likely 1.8-4.0),gbm
Mohammad Nabi,CPL,2026-09-08,34,3.6,4.0,2.2,4.0,about 4.0 overs (likely 2.2-4.0),gbm
Mohammad Nadeem,T20I,2026-02-14,53,1.8,2.2,0.4,3.2,about 2.2 overs (likely 0.4-3.2),gbm
Mohammad Nawaz,ODI,2025-11-14,27,7.6,8.8,5.1,10.0,about 8.8 overs (likely 5.1-10.0),gbm
Mohammad Nawaz,PSL,2026-04-29,39,2.0,2.1,0.3,2.8,about 2.1 overs (likely 0.3-2.8),gbm
Mohammad Nawaz,T20I,2026-02-28,62,3.2,3.5,1.6,4.0,about 3.5 overs (likely 1.6-4.0),gbm
Mohammad Saifuddin,ODI,2026-07-11,28,8.2,8.1,4.4,10.0,about 8.1 overs (likely 4.4-10.0),gbm
Mohammad Saifuddin,T20I,2026-07-19,45,3.4,4.0,2.2,4.0,about 4.0 overs (likely 2.2-4.0),gbm
Mohammad Wasim,ODI,2026-03-13,26,7.2,8.6,4.9,10.0,about 8.6 overs (likely 4.9-10.0),gbm
Mohammad Wasim,PSL,2026-04-26,51,3.3,3.9,2.2,4.0,about 3.9 overs (likely 2.2-4.0),gbm
Mohammad Wasim,T20I,2026-01-11,33,3.5,3.6,1.8,4.0,about 3.6 overs (likely 1.8-4.0),gbm
Mohammed Alamgir,T20I,2026-06-07,7,1.6,1.9,0.1,2.9,about 1.9 overs (likely 0.1-2.9),gbm
Mohammed Jamadar,T20I,2026-03-15,5,3.2,3.8,2.0,4.0,about 3.8 overs (likely 2.0-4.0),gbm
Mohammed Qasim,T20I,2026-05-23,11,4.0,4.0,2.2,4.0,about 4.0 overs (likely 2.2-4.0),gbm
Mohammed Shami,IPL,2026-05-23,132,4.0,4.0,2.3,4.0,about 4.0 overs (likely 2.3-4.0),gbm
Mohammed Siraj,IPL,2026-05-31,125,3.6,4.0,2.3,4.0,about 4.0 overs (likely 2.3-4.0),gbm
Mohammed Siraj,ODI,2026-01-18,48,8.4,8.4,4.7,10.0,about 8.4 overs (likely 4.7-10.0),gbm
Mohammed Siraj,T20I,2026-02-07,17,3.4,4.0,2.2,4.0,about 4.0 overs (likely 2.2-4.0),gbm
Mohammed Siraj,Test,2026-08-23,47,23.4,26.5,12.5,41.7,about 26.5 overs (likely 12.5-41.7),gbm
Mohsin Khan,IPL,2026-05-23,30,4.0,4.0,2.3,4.0,about 4.0 overs (likely 2.3-4.0),gbm
Mominul Haque,Test,2026-05-16,40,3.2,3.9,0.0,19.1,about 3.9 overs (likely 0.0-19.1),gbm
Mosaddek Hossain,ODI,2026-07-09,41,5.9,4.9,1.2,7.3,about 4.9 overs (likely 1.2-7.3),gbm
Mubasir Khan,PSL,2026-04-16,13,1.9,1.8,0.0,2.5,about 1.8 overs (likely 0.0-2.5),gbm
Muhammad Ajmal,T20I,2026-05-23,10,3.8,3.2,1.4,4.0,about 3.2 overs (likely 1.4-4.0),gbm
Muhammad Amir,T20I,2026-09-16,33,2.3,2.4,0.6,3.4,about 2.4 overs (likely 0.6-3.4),gbm
Muhammad Arfan,T20I,2026-04-21,12,3.2,3.8,2.0,4.0,about 3.8 overs (likely 2.0-4.0),gbm
Muhammad Asim,T20I,2026-02-15,28,2.0,2.2,0.4,3.2,about 2.2 overs (likely 0.4-3.2),gbm
Muhammad Fahad,T20I,2026-07-29,12,2.6,2.9,1.1,3.9,about 2.9 overs (likely 1.1-3.9),gbm
Muhammad Farooq,T20I,2026-06-07,18,3.4,4.0,2.1,4.0,about 4.0 overs (likely 2.1-4.0),gbm
Muhammad Ismail,PSL,2026-04-29,7,2.7,2.8,1.1,3.6,about 2.8 overs (likely 1.1-3.6),gbm
Muhammad Jawadullah,ODI,2026-09-08,17,7.8,7.7,4.0,10.0,about 7.7 overs (likely 4.0-10.0),gbm
Muhammad Jawadullah,T20I,2026-02-18,33,3.4,4.0,2.2,4.0,about 4.0 overs (likely 2.2-4.0),gbm
Muhammad Nadeem,T20I,2026-05-17,6,2.6,2.8,1.0,3.8,about 2.8 overs (likely 1.0-3.8),gbm
Muhammad Nadir,T20I,2026-09-17,74,4.0,4.0,2.2,4.0,about 4.0 overs (likely 2.2-4.0),gbm
Muhammad Rohid,T20I,2026-02-10,14,3.3,4.0,2.1,4.0,about 4.0 overs (likely 2.1-4.0),gbm
Muhammad Salman,T20I,2026-03-10,16,4.0,4.0,2.2,4.0,about 4.0 overs (likely 2.2-4.0),gbm
Muhammad Saqlain,T20I,2026-07-14,23,3.2,3.3,1.5,4.0,about 3.3 overs (likely 1.5-4.0),gbm
Muhammad Shahdad,ODI,2026-05-03,7,5.1,4.9,1.2,7.4,about 4.9 overs (likely 1.2-7.4),gbm
Muhammad Soban,T20I,2026-07-14,7,2.8,3.0,1.2,4.0,about 3.0 overs (likely 1.2-4.0),gbm
Muhammad Wafiq,T20I,2026-09-17,38,2.7,3.0,1.2,4.0,about 3.0 overs (likely 1.2-4.0),gbm
Muhammed Imran,ODI,2026-09-10,6,6.8,6.8,3.1,9.3,about 6.8 overs (likely 3.1-9.3),gbm
Mujeeb Ur Rahman,CPL,2026-09-06,26,4.0,4.0,2.3,4.0,about 4.0 overs (likely 2.3-4.0),gbm
Mujeeb-ur-Rehman,T20I,2026-02-14,21,2.4,2.8,0.9,3.8,about 2.8 overs (likely 0.9-3.8),gbm
Mujibur Ali,ODI,2026-09-10,10,4.8,4.7,1.0,7.2,about 4.7 overs (likely 1.0-7.2),gbm
Mukesh Choudhary,IPL,2026-05-21,24,3.8,4.0,2.3,4.0,about 4.0 overs (likely 2.3-4.0),gbm
Mukesh Kumar,IPL,2026-05-17,42,2.7,3.4,1.6,3.8,about 3.4 overs (likely 1.6-3.8),gbm
Murat Yilmaz,T20I,2026-07-28,10,1.8,1.9,0.0,2.9,about 1.9 overs (likely 0.0-2.9),gbm
Murid Ekrami,T20I,2026-06-20,19,3.8,4.0,2.2,4.0,about 4.0 overs (likely 2.2-4.0),gbm
Musa Khan Ahmadzai,T20I,2026-06-21,8,3.5,4.0,2.2,4.0,about 4.0 overs (likely 2.2-4.0),gbm
Musaddiq Ahmed,T20I,2026-05-02,5,3.0,2.9,1.1,3.9,about 2.9 overs (likely 1.1-3.9),gbm
Muslim Yar,T20I,2026-08-21,56,3.6,4.0,2.2,4.0,about 4.0 overs (likely 2.2-4.0),gbm
Mustafa Atmaca,T20I,2026-07-29,5,2.6,2.8,1.0,3.8,about 2.8 overs (likely 1.0-3.8),gbm
Mustafizur Rahman,ODI,2026-07-06,110,7.3,8.8,5.1,10.0,about 8.8 overs (likely 5.1-10.0),gbm
Mustafizur Rahman,PSL,2026-04-11,10,3.4,4.0,2.2,4.0,about 4.0 overs (likely 2.2-4.0),gbm
Mustafizur Rahman,T20I,2026-06-19,116,3.6,4.0,2.2,4.0,about 4.0 overs (likely 2.2-4.0),gbm
Muzahir Raza,T20I,2025-11-16,6,3.0,3.7,1.9,4.0,about 3.7 overs (likely 1.9-4.0),gbm
N Benjamin (W),T20I,2026-07-24,19,2.1,2.3,0.5,3.3,about 2.3 overs (likely 0.5-3.3),gbm
N Bidaisee,CPL,2026-09-10,12,1.8,2.2,0.5,3.1,about 2.2 overs (likely 0.5-3.1),gbm
N Burger,IPL,2026-05-29,18,3.6,4.0,2.3,4.0,about 4.0 overs (likely 2.3-4.0),gbm
N Burger,ODI,2025-12-03,12,8.2,8.3,4.6,10.0,about 8.3 overs (likely 4.6-10.0),gbm
N Burger,T20I,2025-10-31,8,3.6,4.0,2.2,4.0,about 4.0 overs (likely 2.2-4.0),gbm
N Chabula (W),T20I,2026-04-11,7,3.4,4.0,2.1,4.0,about 4.0 overs (likely 2.1-4.0),gbm
N Davidovic,T20I,2026-05-23,6,2.2,2.3,0.5,3.3,about 2.3 overs (likely 0.5-3.3),gbm
N Edward,CPL,2026-08-22,7,3.4,3.6,1.9,4.0,about 3.6 overs (likely 1.9-4.0),gbm
N Gwanzura (W),T20I,2026-09-17,21,3.6,3.4,1.6,4.0,about 3.4 overs (likely 1.6-4.0),gbm
N Hirani,T20I,2026-09-17,9,2.4,2.9,1.1,3.9,about 2.9 overs (likely 1.1-3.9),gbm
N Kakor (W),T20I,2026-04-30,9,2.6,2.9,1.1,3.9,about 2.9 overs (likely 1.1-3.9),gbm
N Liyanage (W),T20I,2026-06-19,7,2.4,2.7,0.9,3.7,about 2.7 overs (likely 0.9-3.7),gbm
N Master,T20I,2026-05-30,6,2.9,3.1,1.2,4.0,about 3.1 overs (likely 1.2-4.0),gbm
N McAndrew,BBL,2026-01-16,74,3.0,3.0,1.3,3.6,about 3.0 overs (likely 1.3-3.6),gbm
N Mlaba (W),ODI,2026-04-04,53,9.6,9.2,5.5,10.0,about 9.2 overs (likely 5.5-10.0),gbm
N Mlaba (W),T20I,2026-07-02,81,4.0,4.0,2.2,4.0,about 4.0 overs (likely 2.2-4.0),gbm
N Mokoena,T20I,2026-09-06,6,3.4,3.9,2.1,4.0,about 3.9 overs (likely 2.1-4.0),gbm
N Navaika (W),T20I,2026-04-30,33,3.6,4.0,2.2,4.0,about 4.0 overs (likely 2.2-4.0),gbm
N Ndzeute,T20I,2026-06-06,7,3.0,3.8,2.0,4.0,about 3.8 overs (likely 2.0-4.0),gbm
N Nipiko,T20I,2026-05-13,25,1.8,2.3,0.5,3.3,about 2.3 overs (likely 0.5-3.3),gbm
N Nojic (W),T20I,2026-09-06,18,4.0,4.0,2.2,4.0,about 4.0 overs (likely 2.2-4.0),gbm
N Nuntarach,T20I,2025-12-11,17,2.0,1.9,0.1,2.9,about 1.9 overs (likely 0.1-2.9),gbm
N Peter,T20I,2026-09-04,14,2.6,2.9,1.0,3.9,about 2.9 overs (likely 1.0-3.9),gbm
N Rana,IPL,2026-04-21,27,1.6,1.9,0.2,2.3,about 1.9 overs (likely 0.2-2.3),gbm
N Robertson-Jack (W),T20I,2025-11-28,5,2.7,2.8,1.0,3.8,about 2.8 overs (likely 1.0-3.8),gbm
N Senamontree,T20I,2026-06-26,52,3.4,4.0,2.2,4.0,about 4.0 overs (likely 2.2-4.0),gbm
N Shangase (W),ODI,2026-02-25,20,5.6,5.5,1.8,7.9,about 5.5 overs (likely 1.8-7.9),gbm
N Shangase (W),T20I,2026-09-17,20,1.8,2.2,0.4,3.2,about 2.2 overs (likely 0.4-3.2),gbm
N Shree Charani (W),ODI,2026-03-01,21,8.4,9.5,5.8,10.0,about 9.5 overs (likely 5.8-10.0),gbm
N Shree Charani (W),T20I,2026-09-13,30,3.7,4.0,2.2,4.0,about 4.0 overs (likely 2.2-4.0),gbm
N Shree Charani (W),WPL,2026-02-05,12,3.7,4.0,2.2,4.0,about 4.0 overs (likely 2.2-4.0),gbm
N Sibanda (W),ODI,2026-05-09,25,7.4,7.5,3.8,9.9,about 7.5 overs (likely 3.8-9.9),gbm
N Sibanda (W),T20I,2026-09-17,56,2.8,3.1,1.2,4.0,about 3.1 overs (likely 1.2-4.0),gbm
N Sonne-Rudd,T20I,2026-07-14,5,2.8,2.8,1.0,3.8,about 2.8 overs (likely 1.0-3.8),gbm
N Tanner,T20I,2026-05-16,21,2.6,2.8,1.0,3.8,about 2.8 overs (likely 1.0-3.8),gbm
N Thushara,T20I,2026-01-07,27,3.2,3.8,2.0,4.0,about 3.8 overs (likely 2.0-4.0),gbm
N Toleva (W),T20I,2025-10-12,10,1.6,1.8,0.0,2.8,about 1.8 overs (likely 0.0-2.8),gbm
N Tyagi,T20I,2026-08-21,12,3.2,3.1,1.3,4.0,about 3.1 overs (likely 1.3-4.0),gbm
N Venables,T20I,2026-05-17,6,3.4,4.0,2.2,4.0,about 4.0 overs (likely 2.2-4.0),gbm
N Zimonjic,T20I,2026-07-14,16,1.1,1.9,0.0,2.9,about 1.9 overs (likely 0.0-2.9),gbm
N de Klerk (W),ODI,2026-04-04,61,7.7,7.3,3.6,9.7,about 7.3 overs (likely 3.6-9.7),gbm
N de Klerk (W),T20I,2026-07-02,76,2.4,2.9,1.1,3.9,about 2.9 overs (likely 1.1-3.9),gbm
N de Klerk (W),WPL,2026-02-05,10,3.4,4.0,2.2,4.0,about 4.0 overs (likely 2.2-4.0),gbm
NA Greenwood,T20I,2026-05-19,23,1.6,2.2,0.4,3.2,about 2.2 overs (likely 0.4-3.2),gbm
NA Karnik,T20I,2026-06-01,9,3.3,3.3,1.5,4.0,about 3.3 overs (likely 1.5-4.0),gbm
NA McSweeney,BBL,2026-01-10,8,1.6,1.7,0.0,2.3,about 1.7 overs (likely 0.0-2.3),gbm
NC Monteiro (W),T20I,2026-06-20,34,3.0,3.0,1.2,4.0,about 3.0 overs (likely 1.2-4.0),gbm
NG Smith,ODI,2026-07-21,21,6.5,6.7,3.0,9.2,about 6.7 overs (likely 3.0-9.2),gbm
NG Smith,Test,2026-06-25,8,27.5,27.7,13.7,42.8,about 27.7 overs (likely 13.7-42.8),gbm
NGRP Jayasuriya,Test,2026-08-23,24,54.2,44.8,30.8,60.0,about 44.8 overs (likely 30.8-60.0),gbm
NH Patel (W),ODI,2026-05-16,6,6.4,7.1,3.4,9.6,about 7.1 overs (likely 3.4-9.6),gbm
NH Patel (W),T20I,2026-06-27,11,3.2,3.9,2.1,4.0,about 3.9 overs (likely 2.1-4.0),gbm
NJ Amongin (W),T20I,2025-10-26,6,4.0,4.0,2.2,4.0,about 4.0 overs (likely 2.2-4.0),gbm
NJ Carey (W),ODI,2026-04-02,23,5.6,5.8,2.0,8.2,about 5.8 overs (likely 2.0-8.2),gbm
NJ Carey (W),T20I,2026-06-20,28,2.0,2.3,0.4,3.2,about 2.3 overs (likely 0.4-3.2),gbm
NJ Carey (W),WPL,2026-01-20,6,3.2,3.8,2.0,4.0,about 3.8 overs (likely 2.0-4.0),gbm
NJ Maddinson,BBL,2026-01-16,22,1.6,1.7,0.0,2.3,about 1.7 overs (likely 0.0-2.3),gbm
NJ Pius (W),T20I,2025-11-21,20,1.8,2.1,0.2,3.1,about 2.1 overs (likely 0.2-3.1),gbm
NK Aneesh Kumar,T20I,2026-05-23,31,2.6,3.5,1.7,4.0,about 3.5 overs (likely 1.7-4.0),gbm
NK Ariani (W),T20I,2026-09-04,31,3.8,4.0,2.2,4.0,about 4.0 overs (likely 2.2-4.0),gbm
NK Yadav,ODI,2026-07-21,10,4.4,4.7,1.0,7.1,about 4.7 overs (likely 1.0-7.1),gbm
NK Yadav,T20I,2026-05-31,19,3.0,2.9,1.1,3.9,about 2.9 overs (likely 1.1-3.9),gbm
NKF Rada Rani (W),T20I,2026-06-13,9,3.0,3.5,1.7,4.0,about 3.5 overs (likely 1.7-4.0),gbm
NLKWR Dewi (W),T20I,2026-09-04,34,2.8,3.0,1.1,4.0,about 3.0 overs (likely 1.1-4.0),gbm
NM Lyon,Test,2026-08-22,142,25.4,30.5,16.5,45.7,about 30.5 overs (likely 16.5-45.7),gbm
NM Meepage (W),ODI,2026-07-23,5,8.2,8.8,5.1,10.0,about 8.8 overs (likely 5.1-10.0),gbm
NM Meepage (W),T20I,2026-08-04,9,3.8,4.0,2.2,4.0,about 4.0 overs (likely 2.2-4.0),gbm
NM Salonen,T20I,2026-08-21,27,3.0,3.3,1.5,4.0,about 3.3 overs (likely 1.5-4.0),gbm
NMP Suwandewi (W),T20I,2026-09-04,36,2.6,3.2,1.3,4.0,about 3.2 overs (likely 1.3-4.0),gbm
NN Banner,T20I,2026-06-27,11,3.0,3.8,2.0,4.0,about 3.8 overs (likely 2.0-4.0),gbm
NN Saidi (W),T20I,2026-07-28,37,2.6,3.3,1.5,4.0,about 3.3 overs (likely 1.5-4.0),gbm
NND de Silva (W),ODI,2026-04-25,14,2.6,3.9,0.2,6.4,about 3.9 overs (likely 0.2-6.4),gbm
NND de Silva (W),T20I,2026-09-13,25,1.4,1.8,0.0,2.8,about 1.8 overs (likely 0.0-2.8),gbm
NP Dalgaard (W),T20I,2026-08-30,21,3.6,4.0,2.2,4.0,about 4.0 overs (likely 2.2-4.0),gbm
NP Kenjige,ODI,2026-06-12,61,6.3,7.7,4.0,10.0,about 7.7 overs (likely 4.0-10.0),gbm
NP Kenjige,T20I,2026-02-13,23,3.5,3.7,1.9,4.0,about 3.7 overs (likely 1.9-4.0),gbm
NR Kirton,ODI,2026-08-11,8,2.4,3.7,0.0,6.1,about 3.7 overs (likely 0.0-6.1),gbm
NR Sciver-Brunt (W),ODI,2025-10-29,24,6.4,6.7,3.0,9.1,about 6.7 overs (likely 3.0-9.1),gbm
NR Sciver-Brunt (W),WPL,2026-01-30,36,3.8,4.0,2.2,4.0,about 4.0 overs (likely 2.2-4.0),gbm
NSS Sharma (W),T20I,2026-09-13,11,2.8,3.0,1.1,4.0,about 3.0 overs (likely 1.1-4.0),gbm
NSS Sharma (W),WPL,2026-02-05,10,4.0,4.0,2.2,4.0,about 4.0 overs (likely 2.2-4.0),gbm
NT Ellis,BBL,2026-01-14,80,3.6,4.0,2.3,4.0,about 4.0 overs (likely 2.3-4.0),gbm
NT Ellis,ODI,2026-09-15,22,9.0,8.9,5.2,10.0,about 8.9 overs (likely 5.2-10.0),gbm
NT Ellis,T20I,2026-06-21,39,3.2,4.0,2.2,4.0,about 4.0 overs (likely 2.2-4.0),gbm
NT Gireesh,T20I,2025-12-27,10,2.2,2.1,0.3,3.1,about 2.1 overs (likely 0.3-3.1),gbm
NT Nyamhuri,T20I,2026-09-06,7,3.2,3.4,1.6,4.0,about 3.4 overs (likely 1.6-4.0),gbm
NT Raghunandan (W),T20I,2026-09-06,5,3.6,4.0,2.2,4.0,about 4.0 overs (likely 2.2-4.0),gbm
NT Rajendran,T20I,2026-03-01,8,3.8,4.0,2.2,4.0,about 4.0 overs (likely 2.2-4.0),gbm
NW Sariani (W),T20I,2025-12-19,31,4.0,4.0,2.2,4.0,about 4.0 overs (likely 2.2-4.0),gbm
Nadeem Khan,T20I,2026-02-14,10,3.8,4.0,2.2,4.0,about 4.0 overs (likely 2.2-4.0),gbm
Nahid Rana,ODI,2026-07-09,13,9.8,9.5,5.8,10.0,about 9.5 overs (likely 5.8-10.0),gbm
Nahid Rana,PSL,2026-05-03,5,3.6,4.0,2.3,4.0,about 4.0 overs (likely 2.3-4.0),gbm
Nahid Rana,T20I,2026-07-17,5,3.1,3.3,1.5,4.0,about 3.3 overs (likely 1.5-4.0),gbm
Nahid Rana,Test,2026-05-16,12,24.5,26.5,12.5,41.7,about 26.5 overs (likely 12.5-41.7),gbm
Nahida Akter (W),ODI,2026-04-25,52,6.7,8.6,4.9,10.0,about 8.6 overs (likely 4.9-10.0),gbm
Nahida Akter (W),T20I,2026-09-10,101,4.0,4.0,2.2,4.0,about 4.0 overs (likely 2.2-4.0),gbm
Naina Saju (W),T20I,2026-07-12,15,3.0,2.9,1.1,3.9,about 2.9 overs (likely 1.1-3.9),gbm
Najwa Akram (W),T20I,2026-06-09,5,2.3,2.2,0.3,3.1,about 2.2 overs (likely 0.3-3.1),gbm
Namgay Thinley,T20I,2026-02-28,35,3.0,3.5,1.7,4.0,about 3.5 overs (likely 1.7-4.0),gbm
Naseem Shah,CPL,2026-09-10,22,3.4,4.0,2.3,4.0,about 4.0 overs (likely 2.3-4.0),gbm
Naseem Shah,ODI,2025-11-14,31,9.0,9.6,5.9,10.0,about 9.6 overs (likely 5.9-10.0),gbm
Naseem Shah,PSL,2026-04-23,53,3.3,4.0,2.3,4.0,about 4.0 overs (likely 2.3-4.0),gbm
Naseem Shah,T20I,2026-02-28,33,3.0,4.0,2.2,4.0,about 4.0 overs (likely 2.2-4.0),gbm
Nashra Sandhu (W),ODI,2026-07-28,81,8.5,9.5,5.8,10.0,about 9.5 overs (likely 5.8-10.0),gbm
Nashra Sandhu (W),T20I,2026-09-17,86,3.1,4.0,2.1,4.0,about 4.0 overs (likely 2.1-4.0),gbm
Nasrulla Rana,T20I,2026-06-22,55,3.4,3.2,1.3,4.0,about 3.2 overs (likely 1.3-4.0),gbm
Nasum Ahmed,ODI,2025-10-23,17,7.6,8.9,5.2,10.0,about 8.9 overs (likely 5.2-10.0),gbm
Nasum Ahmed,T20I,2026-07-15,42,3.6,3.8,2.0,4.0,about 3.8 overs (likely 2.0-4.0),gbm
Natalia Pervaiz (W),T20I,2026-05-14,9,1.6,1.8,0.0,2.8,about 1.8 overs (likely 0.0-2.8),gbm
Natalie Clarke (W),T20I,2026-07-11,7,1.6,1.9,0.0,2.9,about 1.9 overs (likely 0.0-2.9),gbm
Natim Hassam,T20I,2026-07-01,6,2.0,2.2,0.4,3.2,about 2.2 overs (likely 0.4-3.2),gbm
Nauman Ali,Test,2026-05-08,22,38.4,35.6,21.6,50.8,about 35.6 overs (likely 21.6-50.8),gbm
Navdeep Saini,IPL,2026-04-09,5,3.0,3.0,1.3,3.4,about 3.0 overs (likely 1.3-3.4),gbm
Nayab Razwan (W),T20I,2026-06-28,7,2.7,2.9,1.0,3.9,about 2.9 overs (likely 1.0-3.9),gbm
Nazmus Sakib,T20I,2026-07-30,5,3.6,4.0,2.2,4.0,about 4.0 overs (likely 2.2-4.0),gbm
Neeraj Mishra,T20I,2026-06-28,7,3.0,2.9,1.0,3.9,about 2.9 overs (likely 1.0-3.9),gbm
Nikhil Chaudhary,BBL,2026-01-23,21,2.2,2.4,0.7,3.0,about 2.4 overs (likely 0.7-3.0),gbm
Nilansh Keswani,T20I,2026-04-21,12,3.0,4.0,2.1,4.0,about 4.0 overs (likely 2.1-4.0),gbm
Nimish Lathief,T20I,2026-03-01,15,2.7,2.8,1.0,3.8,about 2.8 overs (likely 1.0-3.8),gbm
Nishita Akter Nishi (W),ODI,2025-10-26,7,6.4,7.2,3.4,9.6,about 7.2 overs (likely 3.4-9.6),gbm
Nithish Kumar Reddy,IPL,2026-05-27,26,2.0,2.1,0.3,2.5,about 2.1 overs (likely 0.3-2.5),gbm
Nithish Kumar Reddy,Test,2025-11-22,9,10.2,10.4,0.0,25.5,about 10.4 overs (likely 0.0-25.5),gbm
Niv Nagavkar,T20I,2026-08-21,17,2.4,2.9,1.1,3.9,about 2.9 overs (likely 1.1-3.9),gbm
Noah Mead,T20I,2026-05-18,13,2.4,2.9,1.1,3.9,about 2.9 overs (likely 1.1-3.9),gbm
Noman Amjad,T20I,2026-07-30,40,3.4,3.7,1.9,4.0,about 3.7 overs (likely 1.9-4.0),gbm
Nonoha Yasumoto (W),T20I,2026-09-13,28,3.0,3.0,1.2,4.0,about 3.0 overs (likely 1.2-4.0),gbm
Noor Ahmad,IPL,2026-05-21,51,3.6,4.0,2.3,4.0,about 4.0 overs (likely 2.3-4.0),gbm
Nooruddin Mujadady,T20I,2026-06-19,9,3.0,3.5,1.7,4.0,about 3.5 overs (likely 1.7-4.0),gbm
Nur Arianna Natsya (W),T20I,2026-09-13,44,2.0,2.5,0.7,3.5,about 2.5 overs (likely 0.7-3.5),gbm
Nur Dania Syuhada (W),T20I,2026-09-13,70,3.6,3.8,1.9,4.0,about 3.8 overs (likely 1.9-4.0),gbm
Nur Qalysha (W),T20I,2026-09-13,8,2.0,2.2,0.4,3.2,about 2.2 overs (likely 0.4-3.2),gbm
Nurin Imanina (W),T20I,2026-09-13,5,2.6,2.9,1.1,3.9,about 2.9 overs (likely 1.1-3.9),gbm
Nyeing Cham Soe,T20I,2025-12-29,15,2.7,2.8,1.0,3.8,about 2.8 overs (likely 1.0-3.8),gbm
O Amarjargal (W),T20I,2026-06-09,16,3.4,3.2,1.4,4.0,about 3.2 overs (likely 1.4-4.0),gbm
O Bastin (W),T20I,2026-06-14,8,3.2,3.1,1.3,4.0,about 3.1 overs (likely 1.3-4.0),gbm
O Bell (W),T20I,2026-06-03,24,1.4,2.4,0.6,3.4,about 2.4 overs (likely 0.6-3.4),gbm
O Chare (W),ODI,2026-05-09,5,5.7,5.6,1.9,8.1,about 5.6 overs (likely 1.9-8.1),gbm
O Davidson,ODI,2026-08-13,9,7.6,7.9,4.2,10.0,about 7.9 overs (likely 4.2-10.0),gbm
O Davidson,T20I,2026-04-17,6,3.0,3.2,1.4,4.0,about 3.2 overs (likely 1.4-4.0),gbm
O Duff,T20I,2026-08-21,10,3.4,3.2,1.4,4.0,about 3.2 overs (likely 1.4-4.0),gbm
O Isiyaku,T20I,2025-12-12,8,3.7,3.9,2.1,4.0,about 3.9 overs (likely 2.1-4.0),gbm
O Kamchomphu (W),ODI,2026-08-17,15,7.5,8.4,4.7,10.0,about 8.4 overs (likely 4.7-10.0),gbm
O Kamchomphu (W),T20I,2026-09-17,111,3.6,3.6,1.8,4.0,about 3.6 overs (likely 1.8-4.0),gbm
O Kgeresi (W),T20I,2026-04-11,7,2.0,1.9,0.1,2.9,about 1.9 overs (likely 0.1-2.9),gbm
O Mondlane (W),T20I,2026-04-11,15,2.9,3.3,1.4,4.0,about 3.3 overs (likely 1.4-4.0),gbm
O Omonkhobio (W),T20I,2026-06-20,12,2.6,2.9,1.1,3.9,about 2.9 overs (likely 1.1-3.9),gbm
O Prendergast (W),ODI,2026-09-06,38,6.8,6.8,3.1,9.3,about 6.8 overs (likely 3.1-9.3),gbm
O Prendergast (W),T20I,2026-06-27,73,4.0,3.9,2.1,4.0,about 3.9 overs (likely 2.1-4.0),gbm
O Sam Arthur,T20I,2026-04-04,6,2.0,1.9,0.1,2.9,about 1.9 overs (likely 0.1-2.9),gbm
OC McCoy,CPL,2026-08-27,64,3.6,4.0,2.2,4.0,about 4.0 overs (likely 2.2-4.0),gbm
OC McCoy,T20I,2025-09-27,41,3.6,4.0,2.1,4.0,about 4.0 overs (likely 2.1-4.0),gbm
OE Robinson,Test,2026-09-09,24,25.4,29.5,15.5,44.7,about 29.5 overs (likely 15.5-44.7),gbm
OE Taylor,T20I,2026-05-14,15,2.2,2.8,1.0,3.8,about 2.8 overs (likely 1.0-3.8),gbm
OEG Baartman,ODI,2025-12-06,6,7.2,7.5,3.8,10.0,about 7.5 overs (likely 3.8-10.0),gbm
OEG Baartman,T20I,2026-03-25,21,3.6,4.0,2.2,4.0,about 4.0 overs (likely 2.2-4.0),gbm
OF Smith,CPL,2026-09-12,55,1.6,2.0,0.3,2.9,about 2.0 overs (likely 0.3-2.9),gbm
OH Agbomadzie,T20I,2026-03-28,37,3.6,4.0,2.2,4.0,about 4.0 overs (likely 2.2-4.0),gbm
OSB Tilley,T20I,2026-05-22,5,1.8,1.9,0.1,2.9,about 1.9 overs (likely 0.1-2.9),gbm
Owais Ahmed,T20I,2026-02-15,15,3.6,4.0,2.2,4.0,about 4.0 overs (likely 2.2-4.0),gbm
P Agrawal (W),T20I,2025-10-12,11,3.6,4.0,2.2,4.0,about 4.0 overs (likely 2.2-4.0),gbm
P Aho,T20I,2026-06-21,62,3.4,3.7,1.8,4.0,about 3.7 overs (likely 1.8-4.0),gbm
P Cuinica (W),T20I,2026-04-11,22,3.1,4.0,2.2,4.0,about 4.0 overs (likely 2.2-4.0),gbm
P Dakainivanua,T20I,2026-05-17,9,3.4,4.0,2.2,4.0,about 4.0 overs (likely 2.2-4.0),gbm
P Koech,T20I,2026-09-15,38,3.4,3.0,1.2,4.0,about 3.0 overs (likely 1.2-4.0),gbm
P Mapotsane (W),T20I,2026-04-11,21,1.5,2.1,0.2,3.1,about 2.1 overs (likely 0.2-3.1),gbm
P Marange (W),ODI,2026-05-04,12,9.4,9.2,5.5,10.0,about 9.2 overs (likely 5.5-10.0),gbm
P Marange (W),T20I,2026-05-14,49,3.0,3.9,2.1,4.0,about 3.9 overs (likely 2.1-4.0),gbm
P Maya (W),ODI,2026-08-17,16,6.0,5.1,1.4,7.6,about 5.1 overs (likely 1.4-7.6),gbm
P Maya (W),T20I,2026-09-17,81,3.4,3.0,1.2,4.0,about 3.0 overs (likely 1.2-4.0),gbm
P Maziya (W),T20I,2026-06-17,21,3.4,4.0,2.2,4.0,about 4.0 overs (likely 2.2-4.0),gbm
P Mishra,T20I,2026-08-21,49,3.2,4.0,2.2,4.0,about 4.0 overs (likely 2.2-4.0),gbm
P Nedeljkovic,T20I,2026-07-14,10,3.6,4.0,2.2,4.0,about 4.0 overs (likely 2.2-4.0),gbm
P Neighbour (W),T20I,2026-08-23,5,3.2,3.5,1.7,4.0,about 3.5 overs (likely 1.7-4.0),gbm
P Pushparajan,T20I,2026-05-23,17,2.2,2.5,0.7,3.5,about 2.5 overs (likely 0.7-3.5),gbm
P Rawat (W),T20I,2026-09-13,6,3.6,3.9,2.0,4.0,about 3.9 overs (likely 2.0-4.0),gbm
P Sabu (W),T20I,2026-08-30,14,2.4,3.0,1.1,4.0,about 3.0 overs (likely 1.1-4.0),gbm
P Senjug (W),T20I,2026-09-06,9,3.8,4.0,2.2,4.0,about 4.0 overs (likely 2.2-4.0),gbm
P Shetty (W),T20I,2025-12-18,24,3.2,3.7,1.9,4.0,about 3.7 overs (likely 1.9-4.0),gbm
P Siaka (W),ODI,2026-08-17,11,8.9,7.9,4.2,10.0,about 7.9 overs (likely 4.2-10.0),gbm
P Siaka (W),T20I,2026-08-11,28,3.0,3.5,1.7,4.0,about 3.5 overs (likely 1.7-4.0),gbm
P Subrayen,T20I,2026-09-06,6,3.6,4.0,2.2,4.0,about 4.0 overs (likely 2.2-4.0),gbm
P Thongsa,T20I,2026-06-26,17,1.7,1.9,0.0,2.9,about 1.9 overs (likely 0.0-2.9),gbm
P Useni,T20I,2025-12-14,58,2.8,2.9,1.0,3.8,about 2.9 overs (likely 1.0-3.8),gbm
PA Chatterji (W),T20I,2026-06-26,65,1.9,2.3,0.4,3.3,about 2.3 overs (likely 0.4-3.3),gbm
PA van Meekeren,T20I,2026-02-07,72,3.2,4.0,2.1,4.0,about 4.0 overs (likely 2.1-4.0),gbm
PD Dabholkar,T20I,2026-08-21,5,3.0,3.2,1.4,4.0,about 3.2 overs (likely 1.4-4.0),gbm
PE Kulume (W),T20I,2026-07-30,28,2.2,2.3,0.5,3.3,about 2.3 overs (likely 0.5-3.3),gbm
PE Mendonca (W),T20I,2026-06-10,38,3.8,4.0,2.2,4.0,about 4.0 overs (likely 2.2-4.0),gbm
PEA Karunarathna,T20I,2026-08-21,8,3.7,4.0,2.2,4.0,about 4.0 overs (likely 2.2-4.0),gbm
PG Dooley,BBL,2025-12-15,21,3.8,4.0,2.3,4.0,about 4.0 overs (likely 2.3-4.0),gbm
PHKD Mendis,ODI,2025-11-16,15,2.2,3.2,0.0,5.6,about 3.2 overs (likely 0.0-5.6),gbm
PHKD Mendis,T20I,2026-02-16,15,1.6,1.9,0.1,2.9,about 1.9 overs (likely 0.1-2.9),gbm
PHKD Mendis,Test,2026-06-25,8,3.0,4.0,0.0,19.2,about 4.0 overs (likely 0.0-19.2),gbm
PJ Cummins,IPL,2026-05-27,80,4.0,4.0,2.3,4.0,about 4.0 overs (likely 2.3-4.0),gbm
PJ Cummins,Test,2026-08-22,74,23.2,27.7,13.7,42.9,about 27.7 overs (likely 13.7-42.9),gbm
PK Matautaava,T20I,2026-05-17,23,2.9,3.7,1.9,4.0,about 3.7 overs (likely 1.9-4.0),gbm
PM Liyanagamage,ODI,2026-01-24,10,6.7,6.6,2.9,9.1,about 6.6 overs (likely 2.9-9.1),gbm
PM Liyanagamage,T20I,2026-02-19,8,3.0,3.1,1.3,4.0,about 3.1 overs (likely 1.3-4.0),gbm
PM Siddle,BBL,2026-01-21,103,2.8,3.7,2.0,4.0,about 3.7 overs (likely 2.0-4.0),gbm
PM Siddle,PSL,2026-04-29,11,3.6,4.0,2.3,4.0,about 4.0 overs (likely 2.3-4.0),gbm
PP Hinge,IPL,2026-05-27,7,3.6,4.0,2.3,4.0,about 4.0 overs (likely 2.3-4.0),gbm
PSRK Sudarshan,T20I,2025-12-13,14,3.8,4.0,2.2,4.0,about 4.0 overs (likely 2.2-4.0),gbm
PV Vuniwaqa,T20I,2026-05-17,10,3.0,2.9,1.1,3.9,about 2.9 overs (likely 1.1-3.9),gbm
PVD Chameera,IPL,2026-04-27,20,2.6,3.4,1.7,3.8,about 3.4 overs (likely 1.7-3.8),gbm
PVD Chameera,ODI,2026-06-03,53,10.0,9.2,5.5,10.0,about 9.2 overs (likely 5.5-10.0),gbm
PVD Chameera,T20I,2026-09-17,80,3.6,4.0,2.2,4.0,about 4.0 overs (likely 2.2-4.0),gbm
PWA Mulder,T20I,2026-03-25,14,2.6,2.4,0.6,3.4,about 2.4 overs (likely 0.6-3.4),gbm
PWA Mulder,Test,2025-11-22,23,11.6,10.1,0.0,25.3,about 10.1 overs (likely 0.0-25.3),gbm
PWH de Silva,CPL,2026-09-10,12,3.8,3.9,2.2,4.0,about 3.9 overs (likely 2.2-4.0),gbm
PWH de Silva,ODI,2026-06-03,62,9.7,9.4,5.7,10.0,about 9.4 overs (likely 5.7-10.0),gbm
PWH de Silva,T20I,2026-09-17,91,3.8,4.0,2.2,4.0,about 4.0 overs (likely 2.2-4.0),gbm
PZ Kamunya (W),T20I,2026-07-30,54,3.5,4.0,2.1,4.0,about 4.0 overs (likely 2.1-4.0),gbm
Pan Ei Phyu (W),T20I,2026-06-09,15,2.4,2.7,0.8,3.7,about 2.7 overs (likely 0.8-3.7),gbm
Pargat Singh,ODI,2026-06-06,7,4.2,4.1,0.4,6.5,about 4.1 overs (likely 0.4-6.5),gbm
Pavandeep Singh,T20I,2026-09-17,88,3.2,4.0,2.2,4.0,about 4.0 overs (likely 2.2-4.0),gbm
Prachi Kumari (W),T20I,2026-08-30,13,2.2,2.3,0.5,3.3,about 2.3 overs (likely 0.5-3.3),gbm
Pratik Singh Bais,T20I,2026-08-08,29,3.2,4.0,2.1,4.0,about 4.0 overs (likely 2.1-4.0),gbm
Pratika Rawal (W),ODI,2025-10-23,12,2.7,3.2,0.0,5.6,about 3.2 overs (likely 0.0-5.6),gbm
Prince Yadav,IPL,2026-05-23,20,3.8,4.0,2.3,4.0,about 4.0 overs (likely 2.3-4.0),gbm
Prince Yadav,T20I,2026-07-25,6,3.3,3.8,2.0,4.0,about 3.8 overs (likely 2.0-4.0),gbm
Priyada Murali (W),T20I,2026-06-06,40,2.2,2.4,0.5,3.4,about 2.4 overs (likely 0.5-3.4),gbm
Puja Mahato (W),T20I,2026-06-03,58,2.4,2.8,0.9,3.8,about 2.8 overs (likely 0.9-3.8),gbm
Pyae Phyo Wai,T20I,2025-12-29,25,3.4,3.2,1.3,4.0,about 3.2 overs (likely 1.3-4.0),gbm
Q Joseph (W),ODI,2026-02-22,14,4.0,4.4,0.7,6.8,about 4.4 overs (likely 0.7-6.8),gbm
Q Joseph (W),T20I,2026-06-27,20,2.6,2.8,1.0,3.8,about 2.8 overs (likely 1.0-3.8),gbm
Q Stephens,T20I,2026-05-18,6,3.1,3.2,1.3,4.0,about 3.2 overs (likely 1.3-4.0),gbm
QF Djakaridja,T20I,2026-05-30,6,2.4,2.7,0.9,3.7,about 2.7 overs (likely 0.9-3.7),gbm
Qamar Mushtaque,T20I,2026-07-12,40,3.0,3.0,1.2,4.0,about 3.0 overs (likely 1.2-4.0),gbm
R Abdulkareem,T20I,2025-10-04,47,3.0,2.9,1.1,3.9,about 2.9 overs (likely 1.1-3.9),gbm
R Airee (W),T20I,2025-10-08,6,2.4,2.8,1.0,3.8,about 2.8 overs (likely 1.0-3.8),gbm
R Andrew (W),T20I,2026-04-30,34,3.0,3.4,1.6,4.0,about 3.4 overs (likely 1.6-4.0),gbm
R Castillo (W),T20I,2026-06-09,14,2.8,2.8,1.0,3.8,about 2.8 overs (likely 1.0-3.8),gbm
R Chaudhary (W),T20I,2026-04-30,19,3.3,3.3,1.5,4.0,about 3.3 overs (likely 1.5-4.0),gbm
R Choden (W),T20I,2026-06-06,20,3.0,3.0,1.2,4.0,about 3.0 overs (likely 1.2-4.0),gbm
R Coker,T20I,2026-09-16,42,3.2,4.0,2.1,4.0,about 4.0 overs (likely 2.1-4.0),gbm
R Edwards,T20I,2026-03-15,10,4.0,4.0,2.2,4.0,about 4.0 overs (likely 2.2-4.0),gbm
R Francis,T20I,2026-03-28,6,2.8,2.9,1.0,3.8,about 2.9 overs (likely 1.0-3.8),gbm
R Haiong (W),T20I,2026-04-11,13,1.8,2.2,0.3,3.2,about 2.2 overs (likely 0.3-3.2),gbm
R Hashu,T20I,2026-08-21,20,2.2,2.4,0.6,3.4,about 2.4 overs (likely 0.6-3.4),gbm
R Immadi (W),T20I,2026-08-30,23,3.4,4.0,2.2,4.0,about 4.0 overs (likely 2.2-4.0),gbm
R Khullar (W),T20I,2026-07-25,8,1.7,1.9,0.1,2.9,about 1.9 overs (likely 0.1-2.9),gbm
R Limema (W),T20I,2026-04-11,15,3.0,3.3,1.5,4.0,about 3.3 overs (likely 1.5-4.0),gbm
R Lungu,T20I,2026-08-15,5,3.8,4.0,2.2,4.0,about 4.0 overs (likely 2.2-4.0),gbm
R Mondol,T20I,2026-05-02,5,2.6,2.8,1.0,3.8,about 2.8 overs (likely 1.0-3.8),gbm
R Musamali (W),T20I,2025-10-26,32,2.2,2.5,0.6,3.5,about 2.5 overs (likely 0.6-3.5),gbm
R Ngarava,ODI,2026-07-09,47,8.6,8.7,5.0,10.0,about 8.7 overs (likely 5.0-10.0),gbm
R Ngarava,T20I,2026-07-25,87,3.5,4.0,2.2,4.0,about 4.0 overs (likely 2.2-4.0),gbm
R Ngarava,Test,2026-06-28,10,21.2,22.8,8.8,38.0,about 22.8 overs (likely 8.8-38.0),gbm
R Ova (W),T20I,2026-04-28,16,3.2,3.3,1.5,4.0,about 3.3 overs (likely 1.5-4.0),gbm
R Parag,IPL,2026-04-25,34,1.2,1.8,0.1,2.2,about 1.8 overs (likely 0.1-2.2),gbm
R Pavlickova (W),T20I,2026-09-05,20,2.4,2.9,1.1,3.9,about 2.9 overs (likely 1.1-3.9),gbm
R Powell,CPL,2026-09-16,35,0.8,1.8,0.0,2.7,about 1.8 overs (likely 0.0-2.7),gbm
R Ravindra,T20I,2026-03-08,24,3.0,2.9,1.1,3.9,about 2.9 overs (likely 1.1-3.9),gbm
R Ravindra,Test,2026-06-17,13,7.1,8.5,0.0,23.7,about 8.5 overs (likely 0.0-23.7),gbm
R Rijke (W),T20I,2026-06-27,36,1.4,2.0,0.1,3.0,about 2.0 overs (likely 0.1-3.0),gbm
R Sai Kishore,IPL,2026-05-16,27,2.6,2.9,1.2,3.3,about 2.9 overs (likely 1.2-3.3),gbm
R Sakurano-Thomas,T20I,2026-05-18,38,2.4,2.5,0.7,3.5,about 2.5 overs (likely 0.7-3.5),gbm
R Samson (W),T20I,2026-06-20,28,3.4,3.7,1.9,4.0,about 3.7 overs (likely 1.9-4.0),gbm
R Sandeep,T20I,2026-03-28,12,1.8,2.2,0.4,3.2,about 2.2 overs (likely 0.4-3.2),gbm
R Satheesan,T20I,2025-10-19,17,1.7,1.9,0.1,2.9,about 1.9 overs (likely 0.1-2.9),gbm
R Shepherd,CPL,2026-09-11,79,2.0,2.2,0.4,3.1,about 2.2 overs (likely 0.4-3.1),gbm
R Shepherd,IPL,2026-05-26,28,1.8,2.0,0.3,2.4,about 2.0 overs (likely 0.3-2.4),gbm
R Shepherd,ODI,2025-11-19,37,4.7,5.3,1.6,7.7,about 5.3 overs (likely 1.6-7.7),gbm
R Shepherd,T20I,2026-06-13,74,2.1,2.8,1.0,3.8,about 2.8 overs (likely 1.0-3.8),gbm
R Shimwamana (W),T20I,2026-04-21,32,2.4,2.8,1.0,3.8,about 2.8 overs (likely 1.0-3.8),gbm
R Siriwardena,T20I,2026-05-09,10,2.7,2.8,0.9,3.8,about 2.8 overs (likely 0.9-3.8),gbm
R Slater (W),T20I,2026-06-26,41,3.5,3.3,1.5,4.0,about 3.3 overs (likely 1.5-4.0),gbm
R Thapliyal,T20I,2026-07-14,11,3.8,4.0,2.2,4.0,about 4.0 overs (likely 2.2-4.0),gbm
R Trumpelmann,ODI,2026-09-13,54,8.8,8.9,5.2,10.0,about 8.9 overs (likely 5.2-10.0),gbm
R Trumpelmann,T20I,2026-09-04,52,4.0,4.0,2.2,4.0,about 4.0 overs (likely 2.2-4.0),gbm
R Ugarkar,ODI,2026-06-08,6,7.5,7.9,4.2,10.0,about 7.9 overs (likely 4.2-10.0),gbm
R Uwimana (W),T20I,2026-06-19,9,3.6,3.7,1.8,4.0,about 3.7 overs (likely 1.8-4.0),gbm
RA Jadeja,IPL,2026-05-29,237,2.8,3.0,1.2,3.4,about 3.0 overs (likely 1.2-3.4),gbm
RA Jadeja,ODI,2026-01-18,199,7.8,9.0,5.3,10.0,about 9.0 overs (likely 5.3-10.0),gbm
RA Jadeja,Test,2026-08-23,89,47.8,36.7,22.7,51.8,about 36.7 overs (likely 22.7-51.8),gbm
RA Mair (W),ODI,2026-05-16,30,9.2,8.1,4.4,10.0,about 8.1 overs (likely 4.4-10.0),gbm
RA Mair (W),T20I,2026-06-19,45,3.5,4.0,2.2,4.0,about 4.0 overs (likely 2.2-4.0),gbm
RC Belbashi (W),T20I,2026-06-10,76,3.8,3.4,1.6,4.0,about 3.4 overs (likely 1.6-4.0),gbm
RD Atangana,T20I,2026-05-29,12,3.1,3.4,1.5,4.0,about 3.4 overs (likely 1.5-4.0),gbm
RD Chahar,IPL,2026-04-03,79,3.2,4.0,2.2,4.0,about 4.0 overs (likely 2.2-4.0),gbm
RD Pangestuti (W),T20I,2026-05-28,9,1.4,1.9,0.0,2.9,about 1.9 overs (likely 0.0-2.9),gbm
RE van der Merwe,ODI,2026-07-31,44,8.3,8.9,5.2,10.0,about 8.9 overs (likely 5.2-10.0),gbm
RE van der Merwe,T20I,2026-02-18,66,2.6,3.1,1.3,4.0,about 3.1 overs (likely 1.3-4.0),gbm
RJ Gleeson,PSL,2026-05-01,9,3.6,4.0,2.2,4.0,about 4.0 overs (likely 2.2-4.0),gbm
RJW Topley,BBL,2025-12-30,12,2.6,3.7,1.9,4.0,about 3.7 overs (likely 1.9-4.0),gbm
RK Paudel,ODI,2026-09-12,21,4.8,4.6,0.9,7.1,about 4.6 overs (likely 0.9-7.1),gbm
RK Paudel,T20I,2026-02-17,18,2.4,2.6,0.8,3.6,about 2.6 overs (likely 0.8-3.6),gbm
RL Chase,CPL,2026-09-09,72,4.0,3.8,2.0,4.0,about 3.8 overs (likely 2.0-4.0),gbm
RL Chase,ODI,2026-06-03,56,7.9,8.0,4.3,10.0,about 8.0 overs (likely 4.3-10.0),gbm
RL Chase,T20I,2026-06-14,52,3.4,3.4,1.6,4.0,about 3.4 overs (likely 1.6-4.0),gbm
RL Chase,Test,2026-08-02,57,21.0,21.2,7.2,36.4,about 21.2 overs (likely 7.2-36.4),gbm
RL D'Souza (W),T20I,2026-06-07,12,2.4,2.8,0.9,3.8,about 2.8 overs (likely 0.9-3.8),gbm
RM Dorji,T20I,2026-02-28,20,2.3,2.4,0.6,3.4,about 2.4 overs (likely 0.6-3.4),gbm
RM Koda,T20I,2025-12-12,64,3.0,3.6,1.8,4.0,about 3.6 overs (likely 1.8-4.0),gbm
RM Magare,T20I,2026-08-21,10,2.0,2.3,0.5,3.3,about 2.3 overs (likely 0.5-3.3),gbm
RMAM Avery (W),T20I,2026-06-11,18,1.9,1.8,0.0,2.8,about 1.8 overs (likely 0.0-2.8),gbm
RMMP Rathnayake,Test,2026-07-03,7,26.3,27.7,13.7,42.8,about 27.7 overs (likely 13.7-42.8),gbm
RMR Brathwaite,T20I,2026-05-22,6,2.0,2.3,0.4,3.3,about 2.3 overs (likely 0.4-3.3),gbm
RO Mazumba (W),T20I,2026-04-11,12,3.0,2.9,1.1,3.9,about 2.9 overs (likely 1.1-3.9),gbm
ROC Dunka,T20I,2026-03-11,24,2.8,2.9,1.1,3.9,about 2.9 overs (likely 1.1-3.9),gbm
RP Burl,T20I,2026-09-03,68,1.6,1.9,0.1,2.9,about 1.9 overs (likely 0.1-2.9),gbm
RP Meredith,BBL,2026-01-23,90,3.0,4.0,2.3,4.0,about 4.0 overs (likely 2.3-4.0),gbm
RP Meredith,PSL,2026-04-01,7,3.6,4.0,2.3,4.0,about 4.0 overs (likely 2.3-4.0),gbm
RP Singh (W),T20I,2026-04-30,37,3.4,3.2,1.3,4.0,about 3.2 overs (likely 1.3-4.0),gbm
RP Yadav (W),ODI,2025-11-02,14,5.6,6.7,3.0,9.2,about 6.7 overs (likely 3.0-9.2),gbm
RP Yadav (W),T20I,2026-06-28,87,3.2,3.9,2.1,4.0,about 3.9 overs (likely 2.1-4.0),gbm
RP Yadav (W),WPL,2026-02-05,27,2.4,2.7,0.9,3.6,about 2.7 overs (likely 0.9-3.6),gbm
RR Seth (W),T20I,2026-06-06,19,3.5,3.1,1.2,4.0,about 3.1 overs (likely 1.2-4.0),gbm
RR Simmonds,CPL,2026-09-01,25,3.6,4.0,2.3,4.0,about 4.0 overs (likely 2.3-4.0),gbm
RRS Cornwall,CPL,2026-09-02,64,2.0,2.4,0.6,3.3,about 2.4 overs (likely 0.6-3.3),gbm
RS Gayakwad (W),WPL,2026-02-03,24,3.4,3.8,2.0,4.0,about 3.8 overs (likely 2.0-4.0),gbm
RV Nascimento,T20I,2026-08-07,9,3.0,3.0,1.2,4.0,about 3.0 overs (likely 1.2-4.0),gbm
Rabbjyot Rajput (W),T20I,2026-08-02,15,2.8,2.8,1.0,3.8,about 2.8 overs (likely 1.0-3.8),gbm
Rabeya Khan (W),ODI,2026-04-22,33,5.7,7.0,3.2,9.4,about 7.0 overs (likely 3.2-9.4),gbm
Rabeya Khan (W),T20I,2026-09-10,55,3.5,4.0,2.2,4.0,about 4.0 overs (likely 2.2-4.0),gbm
Raghu Sharma,IPL,2026-05-24,5,3.0,3.0,1.2,3.4,about 3.0 overs (likely 1.2-3.4),gbm
Ragne Hallik (W),T20I,2026-07-25,10,2.6,2.8,1.0,3.8,about 2.8 overs (likely 1.0-3.8),gbm
Rahat Kazi,T20I,2025-11-14,5,1.8,1.9,0.1,2.9,about 1.9 overs (likely 0.1-2.9),gbm
Rahim Khan,T20I,2026-06-04,6,3.4,3.1,1.3,4.0,about 3.1 overs (likely 1.3-4.0),gbm
Rahimgul Naseri,T20I,2026-07-30,12,2.8,2.8,1.0,3.8,about 2.8 overs (likely 1.0-3.8),gbm
Rahmatullah Mangal,T20I,2026-07-30,28,3.5,3.8,2.0,4.0,about 3.8 overs (likely 2.0-4.0),gbm
Raja Adeel,T20I,2026-08-18,29,3.6,4.0,2.2,4.0,about 4.0 overs (likely 2.2-4.0),gbm
Ramandeep Singh,IPL,2026-04-19,6,1.7,1.8,0.0,2.2,about 1.8 overs (likely 0.0-2.2),gbm
Rameen Shamim (W),ODI,2026-05-09,18,7.8,8.0,4.3,10.0,about 8.0 overs (likely 4.3-10.0),gbm
Rameen Shamim (W),T20I,2026-06-23,18,3.6,4.0,2.2,4.0,about 4.0 overs (likely 2.2-4.0),gbm
Rameesha Shahid (W),T20I,2026-08-30,21,2.4,2.6,0.8,3.6,about 2.6 overs (likely 0.8-3.6),gbm
Rameez Khan,T20I,2026-07-30,11,3.6,4.0,2.2,4.0,about 4.0 overs (likely 2.2-4.0),gbm
Rashid Khan,IPL,2026-05-31,153,3.0,4.0,2.2,4.0,about 4.0 overs (likely 2.2-4.0),gbm
Rasikh Salam,IPL,2026-05-31,25,3.8,4.0,2.2,4.0,about 4.0 overs (likely 2.2-4.0),gbm
Ravi Bishnoi,IPL,2026-05-01,85,2.6,3.8,2.0,4.0,about 3.8 overs (likely 2.0-4.0),gbm
Ravi Bishnoi,T20I,2026-07-26,44,4.0,4.0,2.2,4.0,about 4.0 overs (likely 2.2-4.0),gbm
Rehan Ahmed,BBL,2026-01-14,9,2.4,2.8,1.0,3.3,about 2.8 overs (likely 1.0-3.3),gbm
Rehan Ahmed,ODI,2026-01-27,8,7.2,8.7,5.0,10.0,about 8.7 overs (likely 5.0-10.0),gbm
Rehan Ahmed,T20I,2026-02-27,12,2.8,3.2,1.4,4.0,about 3.2 overs (likely 1.4-4.0),gbm
Renuka Singh (W),ODI,2026-03-01,29,7.4,9.2,5.4,10.0,about 9.2 overs (likely 5.4-10.0),gbm
Renuka Singh (W),T20I,2026-06-28,64,3.6,4.0,2.2,4.0,about 4.0 overs (likely 2.2-4.0),gbm
Renuka Singh (W),WPL,2026-02-03,32,2.6,3.0,1.2,3.9,about 3.0 overs (likely 1.2-3.9),gbm
Riazat Ali Shah,T20I,2026-09-15,48,2.0,2.2,0.4,3.2,about 2.2 overs (likely 0.4-3.2),gbm
Rishad Hossain,BBL,2026-01-23,11,3.6,4.0,2.3,4.0,about 4.0 overs (likely 2.3-4.0),gbm
Rishad Hossain,ODI,2026-07-09,18,7.0,8.0,4.3,10.0,about 8.0 overs (likely 4.3-10.0),gbm
Rishad Hossain,PSL,2026-04-06,11,3.6,3.9,2.2,4.0,about 3.9 overs (likely 2.2-4.0),gbm
Rishad Hossain,T20I,2026-07-19,55,3.5,4.0,2.2,4.0,about 4.0 overs (likely 2.2-4.0),gbm
Ritik Tomar,T20I,2026-08-20,16,1.8,2.1,0.2,3.1,about 2.1 overs (likely 0.2-3.1),gbm
Ritu Moni (W),ODI,2026-04-25,31,5.6,4.8,1.1,7.3,about 4.8 overs (likely 1.1-7.3),gbm
Ritu Moni (W),T20I,2026-09-06,57,3.4,3.2,1.4,4.0,about 3.2 overs (likely 1.4-4.0),gbm
Riya Pradhan (W),T20I,2026-06-06,8,3.4,3.3,1.5,4.0,about 3.3 overs (likely 1.5-4.0),gbm
Riya Sharma (W),T20I,2026-06-10,36,3.4,4.0,2.1,4.0,about 4.0 overs (likely 2.1-4.0),gbm
Rizwan Butt,T20I,2026-08-01,91,3.8,4.0,2.2,4.0,about 4.0 overs (likely 2.2-4.0),gbm
Rizwan Haider,T20I,2026-09-14,34,3.1,2.9,1.1,3.9,about 2.9 overs (likely 1.1-3.9),gbm
Roheed Akhtar (W),T20I,2025-12-18,11,3.2,3.8,2.0,4.0,about 3.8 overs (likely 2.0-4.0),gbm
Rosine Irera (W),T20I,2026-06-19,63,3.2,3.8,1.9,4.0,about 3.8 overs (likely 1.9-4.0),gbm
Ruchitha Venkatesh (W),T20I,2026-09-07,55,1.8,2.2,0.4,3.2,about 2.2 overs (likely 0.4-3.2),gbm
S Akiteng (W),T20I,2026-07-22,57,3.5,4.0,2.2,4.0,about 4.0 overs (likely 2.2-4.0),gbm
S Asha (W),WPL,2026-02-01,23,2.0,2.2,0.4,3.1,about 2.2 overs (likely 0.4-3.1),gbm
S Austin,T20I,2025-11-02,5,2.6,2.8,1.0,3.8,about 2.8 overs (likely 1.0-3.8),gbm
S Bau,T20I,2026-05-18,36,2.5,2.7,0.9,3.7,about 2.7 overs (likely 0.9-3.7),gbm
S Bhardwaj (W),T20I,2026-08-30,12,2.2,1.9,0.1,2.9,about 1.9 overs (likely 0.1-2.9),gbm
S Bist (W),T20I,2026-04-26,11,2.4,2.8,1.0,3.8,about 2.8 overs (likely 1.0-3.8),gbm
S Bodha,T20I,2026-05-09,34,2.3,2.6,0.8,3.6,about 2.6 overs (likely 0.8-3.6),gbm
S Borakambi (W),T20I,2026-07-30,5,2.5,2.8,0.9,3.8,about 2.8 overs (likely 0.9-3.8),gbm
S Chaturongrattana (W),ODI,2026-08-17,7,8.0,7.7,4.0,10.0,about 7.7 overs (likely 4.0-10.0),gbm
S Chaturongrattana (W),T20I,2026-09-17,64,3.2,3.4,1.5,4.0,about 3.4 overs (likely 1.5-4.0),gbm
S Chinawa (W),T20I,2026-06-10,9,2.0,1.9,0.1,2.9,about 1.9 overs (likely 0.1-2.9),gbm
S Choden (W),T20I,2026-06-04,18,1.0,1.1,0.0,2.1,about 1.1 overs (likely 0.0-2.1),gbm
S Conteh,T20I,2026-09-16,36,2.6,3.0,1.2,4.0,about 3.0 overs (likely 1.2-4.0),gbm
S Dabholkatr (W),T20I,2026-07-12,13,2.6,2.9,1.1,3.9,about 2.9 overs (likely 1.1-3.9),gbm
S Davizi,T20I,2026-08-18,12,2.4,2.6,0.8,3.6,about 2.6 overs (likely 0.8-3.6),gbm
S Descarte,CPL,2026-09-13,11,1.8,2.1,0.4,3.0,about 2.1 overs (likely 0.4-3.0),gbm
S Desungnoen,T20I,2026-02-25,25,1.8,2.2,0.4,3.2,about 2.2 overs (likely 0.4-3.2),gbm
S Dharnidharka (W),ODI,2025-10-19,8,8.2,8.3,4.6,10.0,about 8.3 overs (likely 4.6-10.0),gbm
S Dharnidharka (W),T20I,2026-09-08,67,1.8,2.1,0.3,3.1,about 2.1 overs (likely 0.3-3.1),gbm
S Dube,IPL,2026-05-21,19,1.4,1.7,0.0,2.1,about 1.7 overs (likely 0.0-2.1),gbm
S Dube,ODI,2026-07-16,6,4.4,4.3,0.6,6.8,about 4.3 overs (likely 0.6-6.8),gbm
S Dube,T20I,2026-07-25,45,1.7,1.9,0.1,2.9,about 1.9 overs (likely 0.1-2.9),gbm
S Dunukedeniya (W),T20I,2026-06-20,17,2.5,3.0,1.2,4.0,about 3.0 overs (likely 1.2-4.0),gbm
S Ecclestone (W),ODI,2026-05-16,78,7.0,8.8,5.1,10.0,about 8.8 overs (likely 5.1-10.0),gbm
S Ecclestone (W),T20I,2026-07-05,112,3.8,4.0,2.2,4.0,about 4.0 overs (likely 2.2-4.0),gbm
S Ecclestone (W),Test,2026-07-10,10,49.6,39.1,25.1,54.3,about 39.1 overs (likely 25.1-54.3),gbm
S Ecclestone (W),WPL,2026-02-01,33,3.6,4.0,2.2,4.0,about 4.0 overs (likely 2.2-4.0),gbm
S Galabova (W),T20I,2026-06-27,5,1.2,1.8,0.0,2.8,about 1.8 overs (likely 0.0-2.8),gbm
S Georgota (W),T20I,2026-08-29,30,3.4,4.0,2.2,4.0,about 4.0 overs (likely 2.2-4.0),gbm
S Gill,T20I,2026-09-15,29,3.6,4.0,2.2,4.0,about 4.0 overs (likely 2.2-4.0),gbm
S Gimhani (W),T20I,2025-12-23,7,2.2,2.3,0.5,3.3,about 2.3 overs (likely 0.5-3.3),gbm
S Gokhale (W),T20I,2025-12-13,10,2.0,2.3,0.5,3.3,about 2.3 overs (likely 0.5-3.3),gbm
S Gupta (W),WPL,2026-01-20,11,1.6,1.7,0.0,2.7,about 1.7 overs (likely 0.0-2.7),gbm
S Hector (W),ODI,2026-07-12,5,3.2,3.8,0.1,6.3,about 3.8 overs (likely 0.1-6.3),gbm
S Hector (W),T20I,2026-06-13,6,2.2,2.1,0.3,3.1,about 2.1 overs (likely 0.3-3.1),gbm
S Immadi (W),T20I,2026-02-01,21,3.0,3.9,2.0,4.0,about 3.9 overs (likely 2.0-4.0),gbm
S Ishaque (W),WPL,2026-01-09,23,2.4,2.9,1.0,3.8,about 2.9 overs (likely 1.0-3.8),gbm
S Ismail (W),T20I,2026-07-02,91,3.8,4.0,2.2,4.0,about 4.0 overs (likely 2.2-4.0),gbm
S Ismail (W),WPL,2026-01-30,27,4.0,4.0,2.2,4.0,about 4.0 overs (likely 2.2-4.0),gbm
S Jeelany (W),T20I,2026-05-30,5,1.5,1.8,0.0,2.8,about 1.8 overs (likely 0.0-2.8),gbm
S Jegannathan,T20I,2026-06-23,15,3.6,3.1,1.3,4.0,about 3.1 overs (likely 1.3-4.0),gbm
S Jimmy (W),ODI,2026-08-17,11,7.1,7.8,4.1,10.0,about 7.8 overs (likely 4.1-10.0),gbm
S Jimmy (W),T20I,2026-08-11,34,2.4,3.0,1.2,4.0,about 3.0 overs (likely 1.2-4.0),gbm
S Joseph,CPL,2026-09-11,24,3.7,4.0,2.2,4.0,about 4.0 overs (likely 2.2-4.0),gbm
S Joseph,ODI,2026-07-11,8,7.4,8.1,4.4,10.0,about 8.1 overs (likely 4.4-10.0),gbm
S Joseph,T20I,2026-06-14,23,3.6,4.0,2.2,4.0,about 4.0 overs (likely 2.2-4.0),gbm
S Joseph,Test,2026-08-02,15,26.7,26.3,12.3,41.5,about 26.3 overs (likely 12.3-41.5),gbm
S Kamate,T20I,2026-05-30,9,1.8,1.9,0.0,2.9,about 1.9 overs (likely 0.0-2.9),gbm
S Kambalapalli (W),T20I,2026-04-30,7,3.8,4.0,2.2,4.0,about 4.0 overs (likely 2.2-4.0),gbm
S Kananji (W),T20I,2026-06-17,32,3.8,3.5,1.6,4.0,about 3.5 overs (likely 1.6-4.0),gbm
S Kanankege (W),T20I,2026-04-30,25,2.0,2.2,0.3,3.2,about 2.2 overs (likely 0.3-3.2),gbm
S Kato (W),T20I,2026-09-13,28,3.8,3.9,2.1,4.0,about 3.9 overs (likely 2.1-4.0),gbm
S Kharvi,T20I,2025-11-19,6,1.0,1.0,0.0,2.0,about 1.0 overs (likely 0.0-2.0),gbm
S Kizito (W),T20I,2026-07-30,24,3.1,3.4,1.5,4.0,about 3.4 overs (likely 1.5-4.0),gbm
S Kotte (W),ODI,2025-10-19,5,8.2,9.3,5.5,10.0,about 9.3 overs (likely 5.5-10.0),gbm
S Kotte (W),T20I,2026-09-08,55,2.8,3.0,1.2,4.0,about 3.0 overs (likely 1.2-4.0),gbm
S Krisheta (W),T20I,2026-06-06,5,2.6,2.8,1.0,3.8,about 2.8 overs (likely 1.0-3.8),gbm
S Kubheka,T20I,2026-06-07,5,1.6,1.8,0.0,2.8,about 1.8 overs (likely 0.0-2.8),gbm
S Lamichhane,ODI,2026-09-12,73,7.8,9.5,5.8,10.0,about 9.5 overs (likely 5.8-10.0),gbm
S Lamichhane,T20I,2026-06-08,75,4.0,4.0,2.2,4.0,about 4.0 overs (likely 2.2-4.0),gbm
S Laomi (W),ODI,2026-08-17,14,6.6,7.4,3.7,9.8,about 7.4 overs (likely 3.7-9.8),gbm
S Laomi (W),T20I,2026-09-17,100,3.6,3.9,2.1,4.0,about 3.9 overs (likely 2.1-4.0),gbm
S Luus (W),ODI,2026-04-04,90,5.8,5.9,2.2,8.3,about 5.9 overs (likely 2.2-8.3),gbm
S Luus (W),T20I,2026-04-17,73,1.4,2.0,0.1,2.9,about 2.0 overs (likely 0.1-2.9),gbm
S Maduranga,T20I,2026-05-17,20,3.6,3.2,1.4,4.0,about 3.2 overs (likely 1.4-4.0),gbm
S Magar (W),T20I,2026-05-31,9,1.6,1.9,0.0,2.9,about 1.9 overs (likely 0.0-2.9),gbm
S Mahmood,ODI,2026-07-16,18,8.7,8.8,5.1,10.0,about 8.8 overs (likely 5.1-10.0),gbm
S Mahmood,T20I,2026-07-01,19,3.8,4.0,2.2,4.0,about 4.0 overs (likely 2.2-4.0),gbm
S Matijevic (W),T20I,2026-06-28,12,3.6,3.8,2.0,4.0,about 3.8 overs (likely 2.0-4.0),gbm
S Molineux (W),ODI,2026-02-24,18,8.0,8.1,4.3,10.0,about 8.1 overs (likely 4.3-10.0),gbm
S Molineux (W),T20I,2026-07-05,48,3.4,4.0,2.2,4.0,about 4.0 overs (likely 2.2-4.0),gbm
S Mostary (W),ODI,2026-04-25,13,1.8,1.8,0.0,4.2,about 1.8 overs (likely 0.0-4.2),gbm
S Mostary (W),T20I,2026-09-06,7,1.2,1.8,0.0,2.8,about 1.8 overs (likely 0.0-2.8),gbm
S Muniandy,T20I,2026-09-17,50,2.2,2.2,0.4,3.2,about 2.2 overs (likely 0.4-3.2),gbm
S Murari,T20I,2026-04-04,6,3.2,3.8,2.0,4.0,about 3.8 overs (likely 2.0-4.0),gbm
S Muthusamy,Test,2025-11-22,8,22.9,16.3,2.3,31.5,about 16.3 overs (likely 2.3-31.5),gbm
S Naidu (W),T20I,2026-09-15,9,2.8,3.0,1.2,4.0,about 3.0 overs (likely 1.2-4.0),gbm
S Nunna (W),T20I,2025-12-15,6,2.2,2.3,0.5,3.3,about 2.3 overs (likely 0.5-3.3),gbm
S Ostergaard (W),T20I,2026-05-10,10,3.0,3.0,1.1,4.0,about 3.0 overs (likely 1.1-4.0),gbm
S Ozkunduz (W),T20I,2026-08-30,10,1.8,2.0,0.2,3.0,about 2.0 overs (likely 0.2-3.0),gbm
S Pandey (W),WPL,2026-02-01,35,4.0,4.0,2.2,4.0,about 4.0 overs (likely 2.2-4.0),gbm
S Pattenden (W),T20I,2026-07-25,5,1.2,1.8,0.0,2.8,about 1.8 overs (likely 0.0-2.8),gbm
S Pillai,T20I,2026-04-04,11,3.4,4.0,2.2,4.0,about 4.0 overs (likely 2.2-4.0),gbm
S Pitabeddara,T20I,2026-05-17,5,2.0,1.9,0.1,2.9,about 1.9 overs (likely 0.1-2.9),gbm
S Rana (W),ODI,2026-03-01,38,9.6,9.5,5.8,10.0,about 9.5 overs (likely 5.8-10.0),gbm
S Rana (W),T20I,2025-12-30,25,2.6,3.6,1.7,4.0,about 3.6 overs (likely 1.7-4.0),gbm
S Rana (W),Test,2026-07-10,6,34.2,33.2,19.2,48.4,about 33.2 overs (likely 19.2-48.4),gbm
S Rana (W),WPL,2026-02-05,26,1.2,1.9,0.1,2.8,about 1.9 overs (likely 0.1-2.8),gbm
S Ravichandran,T20I,2026-05-18,47,3.2,3.7,1.8,4.0,about 3.7 overs (likely 1.8-4.0),gbm
S Ravikumar,T20I,2026-04-04,10,2.4,2.8,0.9,3.8,about 2.8 overs (likely 0.9-3.8),gbm
S Rukmal,T20I,2026-03-28,12,3.4,3.7,1.8,4.0,about 3.7 overs (likely 1.8-4.0),gbm
S Sarandeva (W),T20I,2026-09-06,17,3.2,3.4,1.6,4.0,about 3.4 overs (likely 1.6-4.0),gbm
S Selvaraj,T20I,2025-10-04,5,3.6,4.0,2.2,4.0,about 4.0 overs (likely 2.2-4.0),gbm
S Sharma,T20I,2026-04-04,6,3.2,3.8,2.0,4.0,about 3.8 overs (likely 2.0-4.0),gbm
S Shrivastava,ODI,2026-04-10,14,8.1,8.1,4.4,10.0,about 8.1 overs (likely 4.4-10.0),gbm
S Shrivastava,T20I,2025-11-16,19,3.0,3.0,1.2,4.0,about 3.0 overs (likely 1.2-4.0),gbm
S Siegers (W),ODI,2026-08-30,9,5.4,5.4,1.7,7.9,about 5.4 overs (likely 1.7-7.9),gbm
S Siegers (W),T20I,2026-06-27,76,3.2,3.7,1.9,4.0,about 3.7 overs (likely 1.9-4.0),gbm
S Simic (W),T20I,2026-09-06,7,2.2,2.0,0.1,3.0,about 2.0 overs (likely 0.1-3.0),gbm
S Sinha (W),T20I,2026-09-06,8,3.5,4.0,2.2,4.0,about 4.0 overs (likely 2.2-4.0),gbm
S Sola,T20I,2026-05-18,18,3.0,3.5,1.7,4.0,about 3.5 overs (likely 1.7-4.0),gbm
S Solman (W),T20I,2026-04-27,27,3.0,2.9,1.1,3.9,about 2.9 overs (likely 1.1-3.9),gbm
S Stephen (W),T20I,2026-04-30,6,2.8,3.2,1.3,4.0,about 3.2 overs (likely 1.3-4.0),gbm
S Sugaya-Slater,T20I,2026-05-18,14,1.8,2.1,0.3,3.1,about 2.1 overs (likely 0.3-3.1),gbm
S Tabuisulu,T20I,2026-05-17,11,3.0,3.1,1.3,4.0,about 3.1 overs (likely 1.3-4.0),gbm
S Talamarla (W),T20I,2026-09-06,14,3.6,4.0,2.2,4.0,about 4.0 overs (likely 2.2-4.0),gbm
S Thanikaithasan,T20I,2026-07-13,7,1.1,1.8,0.0,2.8,about 1.8 overs (likely 0.0-2.8),gbm
S Tino (W),T20I,2025-10-26,8,3.8,4.0,2.2,4.0,about 4.0 overs (likely 2.2-4.0),gbm
S Tosic,T20I,2025-11-01,12,2.2,2.1,0.3,3.1,about 2.1 overs (likely 0.3-3.1),gbm
S Tuhadeleni (W),T20I,2026-07-28,36,2.8,3.4,1.6,4.0,about 3.4 overs (likely 1.6-4.0),gbm
S Vasilakis,T20I,2026-08-18,5,2.2,2.1,0.3,3.1,about 2.1 overs (likely 0.3-3.1),gbm
S Vaz,T20I,2026-04-08,5,3.2,3.5,1.7,4.0,about 3.5 overs (likely 1.7-4.0),gbm
S Vijay Unni,T20I,2026-09-16,74,3.2,3.2,1.4,4.0,about 3.2 overs (likely 1.4-4.0),gbm
S Walaza (W),T20I,2026-07-30,32,3.8,3.5,1.7,4.0,about 3.5 overs (likely 1.7-4.0),gbm
S Wickramasekara,T20I,2026-08-21,24,3.8,3.3,1.4,4.0,about 3.3 overs (likely 1.4-4.0),gbm
S Williams,T20I,2026-09-12,19,3.0,2.9,1.1,3.9,about 2.9 overs (likely 1.1-3.9),gbm
S Yenamandra (W),T20I,2026-08-23,5,2.3,2.7,0.9,3.7,about 2.7 overs (likely 0.9-3.7),gbm
S Yeshi,T20I,2026-02-28,35,3.8,4.0,2.2,4.0,about 4.0 overs (likely 2.2-4.0),gbm
SA Abbott,BBL,2026-01-25,129,3.6,4.0,2.3,4.0,about 4.0 overs (likely 2.3-4.0),gbm
SA Abbott,T20I,2026-01-31,28,3.7,3.9,2.0,4.0,about 3.9 overs (likely 2.0-4.0),gbm
SA Ahmad,T20I,2026-07-14,35,3.4,4.0,2.1,4.0,about 4.0 overs (likely 2.1-4.0),gbm
SA Jumbe,T20I,2025-10-04,57,3.2,3.2,1.3,4.0,about 3.2 overs (likely 1.3-4.0),gbm
SA Mohandas,T20I,2026-07-14,35,2.4,3.1,1.3,4.0,about 3.1 overs (likely 1.3-4.0),gbm
SA Okpe,T20I,2026-06-23,76,2.5,2.9,1.1,3.9,about 2.9 overs (likely 1.1-3.9),gbm
SA Sathiya (W),T20I,2026-06-10,15,3.0,3.6,1.8,4.0,about 3.6 overs (likely 1.8-4.0),gbm
SA Wittmann (W),T20I,2026-01-24,50,1.6,2.0,0.2,3.0,about 2.0 overs (likely 0.2-3.0),gbm
SAN Maypriani (W),T20I,2026-09-04,35,3.8,3.8,1.9,4.0,about 3.8 overs (likely 1.9-4.0),gbm
SB Martinez (W),T20I,2026-04-26,5,3.6,4.0,2.2,4.0,about 4.0 overs (likely 2.2-4.0),gbm
SC Williams,T20I,2025-09-18,69,2.0,2.1,0.2,3.1,about 2.1 overs (likely 0.2-3.1),gbm
SC de Oliveira,T20I,2026-08-21,10,3.2,3.8,2.0,4.0,about 3.8 overs (likely 2.0-4.0),gbm
SC van Schalkwyk,CPL,2026-08-21,6,3.0,3.3,1.5,4.0,about 3.3 overs (likely 1.5-4.0),gbm
SC van Schalkwyk,T20I,2026-02-15,18,3.6,4.0,2.2,4.0,about 4.0 overs (likely 2.2-4.0),gbm
SD Ranawaka (W),T20I,2025-12-18,5,3.2,3.7,1.9,4.0,about 3.7 overs (likely 1.9-4.0),gbm
SE Rutherford,CPL,2026-09-13,13,1.4,1.7,0.0,2.6,about 1.7 overs (likely 0.0-2.6),gbm
SE Rutherford,ODI,2026-07-11,6,3.4,4.0,0.3,6.5,about 4.0 overs (likely 0.3-6.5),gbm
SF Jerome (W),T20I,2026-07-30,36,2.2,2.7,0.9,3.7,about 2.7 overs (likely 0.9-3.7),gbm
SF Mangoda,T20I,2026-08-21,5,2.2,2.1,0.3,3.1,about 2.1 overs (likely 0.3-3.1),gbm
SF Tiai,T20I,2026-05-18,28,3.4,4.0,2.2,4.0,about 4.0 overs (likely 2.2-4.0),gbm
SFM Devine (W),ODI,2025-10-26,72,4.5,4.7,1.0,7.1,about 4.7 overs (likely 1.0-7.1),gbm
SFM Devine (W),T20I,2026-06-27,98,2.5,2.8,1.0,3.8,about 2.8 overs (likely 1.0-3.8),gbm
SFM Devine (W),WPL,2026-02-03,23,3.7,3.0,1.1,3.9,about 3.0 overs (likely 1.1-3.9),gbm
SFS Cheema,T20I,2026-03-16,14,2.8,2.7,0.9,3.7,about 2.7 overs (likely 0.9-3.7),gbm
SG Diaby,T20I,2026-05-30,9,3.1,2.9,1.1,3.9,about 2.9 overs (likely 1.1-3.9),gbm
SG Satghare (W),WPL,2026-02-05,8,3.4,3.9,2.1,4.0,about 3.9 overs (likely 2.1-4.0),gbm
SH Johnson,IPL,2026-05-21,12,3.2,3.8,2.1,4.0,about 3.8 overs (likely 2.1-4.0),gbm
SH Johnson,ODI,2026-09-15,5,7.8,8.3,4.6,10.0,about 8.3 overs (likely 4.6-10.0),gbm
SH Johnson,T20I,2026-06-21,11,3.0,3.8,2.0,4.0,about 3.8 overs (likely 2.0-4.0),gbm
SJ Hughes-Pinan,T20I,2026-08-21,10,3.6,4.0,2.2,4.0,about 4.0 overs (likely 2.2-4.0),gbm
SK Reddy (W),T20I,2026-08-30,8,2.8,3.5,1.7,4.0,about 3.5 overs (likely 1.7-4.0),gbm
SK Springer,CPL,2026-09-02,37,2.8,2.9,1.1,3.8,about 2.9 overs (likely 1.1-3.8),gbm
SK Springer,T20I,2026-06-13,5,2.8,3.0,1.1,4.0,about 3.0 overs (likely 1.1-4.0),gbm
SM Boland,Test,2026-01-04,19,32.0,28.7,14.7,43.8,about 28.7 overs (likely 14.7-43.8),gbm
SM Curran,ODI,2026-07-19,43,7.1,7.2,3.5,9.7,about 7.2 overs (likely 3.5-9.7),gbm
SM Curran,T20I,2026-07-11,74,3.8,3.5,1.6,4.0,about 3.5 overs (likely 1.6-4.0),gbm
SM Dhanusri (W),T20I,2026-09-13,14,2.2,2.1,0.2,3.1,about 2.1 overs (likely 0.2-3.1),gbm
SM Elliott,BBL,2026-01-17,6,2.6,2.8,1.1,3.4,about 2.8 overs (likely 1.1-3.4),gbm
SM Nash,T20I,2026-05-18,23,2.2,2.6,0.8,3.6,about 2.6 overs (likely 0.8-3.6),gbm
SM Sharif,ODI,2026-08-13,79,5.7,6.7,3.0,9.1,about 6.7 overs (likely 3.0-9.1),gbm
SM Sharif,T20I,2026-04-17,68,3.8,4.0,2.2,4.0,about 4.0 overs (likely 2.2-4.0),gbm
SM Tupou,T20I,2026-05-17,10,3.2,4.0,2.2,4.0,about 4.0 overs (likely 2.2-4.0),gbm
SN Netravalkar,CPL,2026-08-18,7,3.6,4.0,2.3,4.0,about 4.0 overs (likely 2.3-4.0),gbm
SN Netravalkar,ODI,2026-06-12,69,9.4,9.5,5.8,10.0,about 9.5 overs (likely 5.8-10.0),gbm
SN Netravalkar,T20I,2026-02-15,43,4.0,4.0,2.2,4.0,about 4.0 overs (likely 2.2-4.0),gbm
SN Shihepo (W),T20I,2026-07-30,53,1.8,2.2,0.3,3.2,about 2.2 overs (likely 0.3-3.2),gbm
SN Swamy,T20I,2026-07-01,11,3.2,3.9,2.1,4.0,about 3.9 overs (likely 2.1-4.0),gbm
SN Thakur,IPL,2026-05-24,109,3.0,3.9,2.1,4.0,about 3.9 overs (likely 2.1-4.0),gbm
SO Ngoche,T20I,2026-09-17,92,3.8,4.0,2.2,4.0,about 4.0 overs (likely 2.2-4.0),gbm
SP Krishnamurthi,ODI,2026-06-08,9,1.9,2.0,0.0,4.5,about 2.0 overs (likely 0.0-4.5),gbm
SP Narine,CPL,2026-09-11,133,3.6,4.0,2.3,4.0,about 4.0 overs (likely 2.3-4.0),gbm
SP Narine,IPL,2026-05-24,200,4.0,4.0,2.3,4.0,about 4.0 overs (likely 2.3-4.0),gbm
SR Bhudia,T20I,2026-05-23,16,1.5,1.9,0.0,2.9,about 1.9 overs (likely 0.0-2.9),gbm
SR Harmer,Test,2025-11-22,14,41.2,36.1,22.1,51.3,about 36.1 overs (likely 22.1-51.3),gbm
SR Magar (W),T20I,2026-06-10,63,3.3,3.7,1.9,4.0,about 3.7 overs (likely 1.9-4.0),gbm
SR Patil (W),T20I,2026-06-17,24,2.8,3.4,1.6,4.0,about 3.4 overs (likely 1.6-4.0),gbm
SR Patil (W),WPL,2026-02-05,24,3.1,3.2,1.3,4.0,about 3.2 overs (likely 1.3-4.0),gbm
SR Rocket,T20I,2026-03-24,11,2.4,2.8,0.9,3.8,about 2.8 overs (likely 0.9-3.8),gbm
SR Taylor (W),ODI,2026-03-27,54,4.0,4.3,0.6,6.8,about 4.3 overs (likely 0.6-6.8),gbm
SR Taylor (W),T20I,2026-05-28,51,2.1,2.7,0.9,3.7,about 2.7 overs (likely 0.9-3.7),gbm
SR Thadani (W),T20I,2026-04-27,18,2.2,2.3,0.4,3.3,about 2.3 overs (likely 0.4-3.3),gbm
SS Kang,ODI,2025-10-28,6,9.4,9.6,5.9,10.0,about 9.6 overs (likely 5.9-10.0),gbm
SS Kang,T20I,2025-10-10,15,3.1,3.6,1.8,4.0,about 3.6 overs (likely 1.8-4.0),gbm
STRA de Silva,T20I,2026-03-28,7,2.0,1.9,0.1,2.9,about 1.9 overs (likely 0.1-2.9),gbm
SW Bates (W),ODI,2026-05-16,52,4.6,4.2,0.5,6.7,about 4.2 overs (likely 0.5-6.7),gbm
SW Bates (W),T20I,2026-06-19,50,1.6,1.9,0.0,2.9,about 1.9 overs (likely 0.0-2.9),gbm
SY Win (W),T20I,2026-06-09,17,2.4,2.8,0.9,3.8,about 2.8 overs (likely 0.9-3.8),gbm
SYD Chan (W),T20I,2026-05-28,7,2.4,2.7,0.9,3.7,about 2.7 overs (likely 0.9-3.7),gbm
SZ Vayani,T20I,2026-08-16,36,3.2,3.9,2.1,4.0,about 3.9 overs (likely 2.1-4.0),gbm
Saad Bin Zafar,ODI,2026-08-13,34,9.6,9.6,5.8,10.0,about 9.6 overs (likely 5.8-10.0),gbm
Saad Bin Zafar,T20I,2026-02-17,61,3.2,4.0,2.2,4.0,about 4.0 overs (likely 2.2-4.0),gbm
Saad Masood,PSL,2026-04-26,9,3.6,4.0,2.2,4.0,about 4.0 overs (likely 2.2-4.0),gbm
Saber Zakhil,T20I,2026-07-12,21,2.9,3.0,1.1,4.0,about 3.0 overs (likely 1.1-4.0),gbm
Sadamali Bhakshala (W),T20I,2025-12-18,19,3.0,3.3,1.4,4.0,about 3.3 overs (likely 1.4-4.0),gbm
Sadia Iqbal (W),ODI,2026-03-01,36,8.4,9.5,5.8,10.0,about 9.5 overs (likely 5.8-10.0),gbm
Sadia Iqbal (W),T20I,2026-09-11,65,3.4,4.0,2.2,4.0,about 4.0 overs (likely 2.2-4.0),gbm
Saee Parkhi (W),T20I,2026-06-07,5,1.9,1.9,0.0,2.9,about 1.9 overs (likely 0.0-2.9),gbm
Saeed Waqar Ali,T20I,2026-05-22,13,2.3,2.7,0.9,3.7,about 2.7 overs (likely 0.9-3.7),gbm
Sageer Ahmad,T20I,2026-05-17,5,3.4,4.0,2.2,4.0,about 4.0 overs (likely 2.2-4.0),gbm
Sahil Chauhan,T20I,2026-07-09,7,1.4,1.9,0.0,2.9,about 1.9 overs (likely 0.0-2.9),gbm
Sai Hla Htwe,T20I,2025-11-13,5,1.7,1.8,0.0,2.8,about 1.8 overs (likely 0.0-2.8),gbm
Saif Hassan,T20I,2026-07-17,12,1.3,1.8,0.0,2.8,about 1.8 overs (likely 0.0-2.8),gbm
Saim Ayub,CPL,2026-09-16,6,3.4,3.4,1.7,4.0,about 3.4 overs (likely 1.7-4.0),gbm
Saim Ayub,ODI,2025-11-14,14,4.4,4.7,1.0,7.1,about 4.7 overs (likely 1.0-7.1),gbm
Saim Ayub,PSL,2026-05-03,32,2.6,2.9,1.2,3.7,about 2.9 overs (likely 1.2-3.7),gbm
Saim Ayub,T20I,2026-02-24,32,2.0,2.4,0.6,3.4,about 2.4 overs (likely 0.6-3.4),gbm
Saim Ayub,Test,2026-09-09,5,7.1,7.2,0.0,22.4,about 7.2 overs (likely 0.0-22.4),gbm
Sajad Ahmadzai,T20I,2026-07-14,15,2.2,2.4,0.6,3.4,about 2.4 overs (likely 0.6-3.4),gbm
Sajid Khan,T20I,2026-05-23,7,2.0,1.9,0.1,2.9,about 1.9 overs (likely 0.1-2.9),gbm
Sajid Khan,Test,2026-08-02,16,45.1,37.9,23.9,53.1,about 37.9 overs (likely 23.9-53.1),gbm
Sajid Khan Afridi,T20I,2026-08-20,7,2.0,2.1,0.3,3.1,about 2.1 overs (likely 0.3-3.1),gbm
Sajid Liaqat,T20I,2026-08-15,23,2.9,3.1,1.3,4.0,about 3.1 overs (likely 1.3-4.0),gbm
Sakib Hussain,IPL,2026-05-27,11,4.0,4.0,2.3,4.0,about 4.0 overs (likely 2.3-4.0),gbm
Salman Irshad,PSL,2026-04-26,41,3.0,3.8,2.0,4.0,about 3.8 overs (likely 2.0-4.0),gbm
Salman Mirza,PSL,2026-05-01,12,3.4,4.0,2.3,4.0,about 4.0 overs (likely 2.3-4.0),gbm
Salman Mirza,T20I,2026-02-24,16,3.2,4.0,2.2,4.0,about 4.0 overs (likely 2.2-4.0),gbm
Salman Sharjeel,T20I,2026-05-16,5,2.8,2.8,1.0,3.8,about 2.8 overs (likely 1.0-3.8),gbm
Samader Shadab,T20I,2026-08-20,6,1.6,1.9,0.0,2.9,about 1.9 overs (likely 0.0-2.9),gbm
Sameer Othman,T20I,2026-06-08,5,3.4,4.0,2.2,4.0,about 4.0 overs (likely 2.2-4.0),gbm
Sameera Khan (W),T20I,2026-06-07,27,2.2,2.3,0.4,3.2,about 2.3 overs (likely 0.4-3.2),gbm
Sami Sohail,T20I,2026-08-16,38,3.2,3.1,1.3,4.0,about 3.1 overs (likely 1.3-4.0),gbm
Samiha Konuganti (W),T20I,2026-07-12,6,3.5,4.0,2.2,4.0,about 4.0 overs (likely 2.2-4.0),gbm
Samiullah Rahmani,T20I,2026-07-02,24,4.0,4.0,2.2,4.0,about 4.0 overs (likely 2.2-4.0),gbm
Sandeep Sharma,IPL,2026-05-19,142,3.4,4.0,2.3,4.0,about 4.0 overs (likely 2.3-4.0),gbm
Sanjida Akter Meghla (W),T20I,2026-08-31,30,3.6,3.8,2.0,4.0,about 3.8 overs (likely 2.0-4.0),gbm
Saqib Anwar,T20I,2026-06-07,9,2.6,2.9,1.0,3.8,about 2.9 overs (likely 1.0-3.8),gbm
Saqlain Arshad,T20I,2026-02-15,11,1.8,2.0,0.1,2.9,about 2.0 overs (likely 0.1-2.9),gbm
Saqlain Mukhtar,T20I,2026-08-21,5,2.2,2.2,0.4,3.2,about 2.2 overs (likely 0.4-3.2),gbm
Sara Vivek (W),T20I,2026-06-07,9,2.6,2.9,1.1,3.9,about 2.9 overs (likely 1.1-3.9),gbm
Sarawut Maliwan,T20I,2026-06-23,37,1.9,2.2,0.4,3.2,about 2.2 overs (likely 0.4-3.2),gbm
Sareer Shah,T20I,2026-06-26,7,3.2,3.4,1.6,4.0,about 3.4 overs (likely 1.6-4.0),gbm
Saud Munir,T20I,2026-07-14,20,3.0,3.9,2.0,4.0,about 3.9 overs (likely 2.0-4.0),gbm
Saud Shakeel,PSL,2026-04-19,15,2.0,1.8,0.0,2.6,about 1.8 overs (likely 0.0-2.6),gbm
Saud Shakeel,Test,2026-05-16,5,1.6,1.8,0.0,17.0,about 1.8 overs (likely 0.0-17.0),gbm
Sazib Bhuiyan,T20I,2026-08-21,31,1.4,2.2,0.4,3.2,about 2.2 overs (likely 0.4-3.2),gbm
Sedik Sahak,T20I,2026-04-13,5,3.1,3.3,1.5,4.0,about 3.3 overs (likely 1.5-4.0),gbm
Sejal Vinod (W),T20I,2026-07-12,7,2.8,3.0,1.1,4.0,about 3.0 overs (likely 1.1-4.0),gbm
Serdar Burak Emir,T20I,2026-07-29,10,2.2,2.1,0.2,3.1,about 2.1 overs (likely 0.2-3.1),gbm
Shadab Khan,BBL,2026-01-03,17,3.4,4.0,2.3,4.0,about 4.0 overs (likely 2.3-4.0),gbm
Shadab Khan,CPL,2026-09-08,16,4.0,4.0,2.3,4.0,about 4.0 overs (likely 2.3-4.0),gbm
Shadab Khan,ODI,2026-06-04,65,8.0,9.0,5.3,10.0,about 9.0 overs (likely 5.3-10.0),gbm
Shadab Khan,PSL,2026-05-01,102,3.4,4.0,2.3,4.0,about 4.0 overs (likely 2.3-4.0),gbm
Shadab Khan,T20I,2026-02-28,110,2.8,3.9,2.0,4.0,about 3.9 overs (likely 2.0-4.0),gbm
Shadnan Khan,T20I,2026-06-28,6,2.8,2.9,1.0,3.8,about 2.9 overs (likely 1.0-3.8),gbm
Shafali Verma (W),ODI,2026-02-24,7,4.6,4.2,0.5,6.6,about 4.2 overs (likely 0.5-6.6),gbm
Shafali Verma (W),T20I,2026-09-13,32,3.2,3.1,1.3,4.0,about 3.1 overs (likely 1.3-4.0),gbm
Shafali Verma (W),WPL,2026-02-05,5,1.8,2.0,0.2,3.0,about 2.0 overs (likely 0.2-3.0),gbm
Shafina Mahesh (W),T20I,2026-06-06,37,3.8,3.4,1.6,4.0,about 3.4 overs (likely 1.6-4.0),gbm
Shagharai Sefat,T20I,2026-07-14,5,4.0,4.0,2.2,4.0,about 4.0 overs (likely 2.2-4.0),gbm
Shah Abrar Hussain,T20I,2025-12-29,23,3.6,3.8,2.0,4.0,about 3.8 overs (likely 2.0-4.0),gbm
Shah Faisal,T20I,2026-02-14,13,3.0,3.9,2.0,4.0,about 3.9 overs (likely 2.0-4.0),gbm
Shahab Alam,T20I,2026-06-07,10,3.1,3.4,1.6,4.0,about 3.4 overs (likely 1.6-4.0),gbm
Shahbaz Ahmed,IPL,2026-05-19,50,2.2,2.1,0.4,2.5,about 2.1 overs (likely 0.4-2.5),gbm
Shaheen Shah Afridi,ODI,2026-06-04,70,7.4,8.8,5.1,10.0,about 8.8 overs (likely 5.1-10.0),gbm
Shaheen Shah Afridi,PSL,2026-04-25,93,3.8,4.0,2.3,4.0,about 4.0 overs (likely 2.3-4.0),gbm
Shaheen Shah Afridi,T20I,2026-02-28,98,3.4,4.0,2.2,4.0,about 4.0 overs (likely 2.2-4.0),gbm
Shaheen Shah Afridi,Test,2026-05-08,34,29.0,31.0,17.0,46.2,about 31.0 overs (likely 17.0-46.2),gbm
Shahid Afridi,T20I,2026-08-18,115,2.2,3.8,2.0,4.0,about 3.8 overs (likely 2.0-4.0),gbm
Shahid Aziz,PSL,2026-04-22,6,2.0,1.8,0.1,2.6,about 1.8 overs (likely 0.1-2.6),gbm
Shahreeennawab (W),T20I,2026-06-06,21,2.4,2.7,0.9,3.7,about 2.7 overs (likely 0.9-3.7),gbm
Shakeel Ahmed,ODI,2026-09-10,24,9.0,9.1,5.4,10.0,about 9.1 overs (likely 5.4-10.0),gbm
Shakeel Ahmed,T20I,2026-02-20,44,3.2,4.0,2.2,4.0,about 4.0 overs (likely 2.2-4.0),gbm
Shamim Hossain,T20I,2025-10-29,10,1.1,1.8,0.0,2.8,about 1.8 overs (likely 0.0-2.8),gbm
Shantanu Kaveri,T20I,2026-03-14,13,1.6,2.3,0.5,3.3,about 2.3 overs (likely 0.5-3.3),gbm
Shariq Munir,T20I,2026-02-15,8,2.8,2.9,1.0,3.8,about 2.9 overs (likely 1.0-3.8),gbm
Shashank Singh,IPL,2026-05-23,8,2.4,2.3,0.6,2.7,about 2.3 overs (likely 0.6-2.7),gbm
Shashikant Laxman,T20I,2026-08-08,16,3.2,4.0,2.2,4.0,about 4.0 overs (likely 2.2-4.0),gbm
Sheraz Sheikh,T20I,2026-07-14,23,2.4,2.9,1.1,3.9,about 2.9 overs (likely 1.1-3.9),gbm
Sheraz Sirwari,T20I,2026-05-23,10,3.0,3.3,1.4,4.0,about 3.3 overs (likely 1.4-4.0),gbm
Shiraz Khan,T20I,2025-10-09,45,3.6,3.9,2.0,4.0,about 3.9 overs (likely 2.0-4.0),gbm
Shivam Sharma,ODI,2026-08-13,7,6.2,6.4,2.7,8.9,about 6.4 overs (likely 2.7-8.9),gbm
Shivam Sharma,T20I,2026-02-17,10,2.4,2.9,1.1,3.9,about 2.9 overs (likely 1.1-3.9),gbm
Shivang Kumar,IPL,2026-05-27,13,2.6,2.9,1.2,3.3,about 2.9 overs (likely 1.2-3.3),gbm
Shivani Sati (W),T20I,2026-08-23,9,2.6,2.8,1.0,3.8,about 2.8 overs (likely 1.0-3.8),gbm
Shoaib Bashir,Test,2026-06-25,19,42.7,36.1,22.1,51.3,about 36.1 overs (likely 22.1-51.3),gbm
Shoaib Khan,ODI,2025-10-28,8,3.2,3.1,0.0,5.6,about 3.1 overs (likely 0.0-5.6),gbm
Shoaib Rafiq,T20I,2026-03-15,18,3.0,3.7,1.9,4.0,about 3.7 overs (likely 1.9-4.0),gbm
Shoriful Islam,ODI,2026-07-11,37,9.4,9.2,5.5,10.0,about 9.2 overs (likely 5.5-10.0),gbm
Shoriful Islam,PSL,2026-04-13,5,3.0,3.3,1.5,4.0,about 3.3 overs (likely 1.5-4.0),gbm
Shoriful Islam,T20I,2026-06-21,56,3.0,3.5,1.7,4.0,about 3.5 overs (likely 1.7-4.0),gbm
Shoriful Islam,Test,2026-08-22,13,26.4,23.7,9.6,38.8,about 23.7 overs (likely 9.6-38.8),gbm
Shorna Akter (W),ODI,2026-04-25,19,4.7,4.6,0.9,7.1,about 4.6 overs (likely 0.9-7.1),gbm
Shorna Akter (W),T20I,2026-09-10,37,1.4,2.0,0.1,2.9,about 2.0 overs (likely 0.1-2.9),gbm
Shreya Voya (W),T20I,2026-08-02,7,2.8,3.0,1.1,3.9,about 3.0 overs (likely 1.1-3.9),gbm
Shruti Yadav (W),T20I,2026-06-06,8,2.6,2.8,0.9,3.8,about 2.8 overs (likely 0.9-3.8),gbm
Shuaib Al Balushi,T20I,2026-06-08,5,2.2,2.2,0.4,3.2,about 2.2 overs (likely 0.4-3.2),gbm
Shubham Ranjane,ODI,2026-06-12,11,6.4,6.6,2.9,9.1,about 6.6 overs (likely 2.9-9.1),gbm
Shujaat Rasool,T20I,2026-06-05,5,2.6,3.0,1.1,3.9,about 3.0 overs (likely 1.1-3.9),gbm
Sikandar Raza,ODI,2026-09-15,103,8.8,8.0,4.3,10.0,about 8.0 overs (likely 4.3-10.0),gbm
Sikandar Raza,PSL,2026-04-25,38,3.0,3.1,1.4,3.9,about 3.1 overs (likely 1.4-3.9),gbm
Sikandar Raza,T20I,2026-09-06,113,3.8,3.9,2.0,4.0,about 3.9 overs (likely 2.0-4.0),gbm
Sinan Khan,T20I,2026-08-20,6,2.0,2.3,0.4,3.3,about 2.3 overs (likely 0.4-3.3),gbm
Siow Tzin Yee (W),T20I,2026-05-30,10,3.4,3.3,1.5,4.0,about 3.3 overs (likely 1.5-4.0),gbm
Sirajullah Khadim,T20I,2026-08-21,38,3.4,4.0,2.1,4.0,about 4.0 overs (likely 2.1-4.0),gbm
Snigdha Malhotra (W),T20I,2026-08-02,6,3.4,3.8,2.0,4.0,about 3.8 overs (likely 2.0-4.0),gbm
Sompal Kami,ODI,2026-07-27,69,6.4,7.7,4.0,10.0,about 7.7 overs (likely 4.0-10.0),gbm
Sompal Kami,T20I,2026-06-08,87,3.8,3.7,1.9,4.0,about 3.7 overs (likely 1.9-4.0),gbm
Sonam (W),T20I,2026-06-06,28,3.8,3.8,2.0,4.0,about 3.8 overs (likely 2.0-4.0),gbm
Soumya Sarkar,ODI,2026-07-11,28,2.4,3.5,0.0,6.0,about 3.5 overs (likely 0.0-6.0),gbm
Soyeb Pendi,T20I,2026-08-15,12,3.4,4.0,2.2,4.0,about 4.0 overs (likely 2.2-4.0),gbm
Suabika Manivannan (W),T20I,2026-02-14,10,2.0,2.3,0.4,3.3,about 2.3 overs (likely 0.4-3.3),gbm
Sufiyan Muqeem,PSL,2026-05-03,19,4.0,4.0,2.3,4.0,about 4.0 overs (likely 2.3-4.0),gbm
Sufyan Mehmood,T20I,2026-06-08,28,3.2,3.1,1.3,4.0,about 3.1 overs (likely 1.3-4.0),gbm
Suhail Sattar,T20I,2025-11-14,7,2.2,2.0,0.2,3.0,about 2.0 overs (likely 0.2-3.0),gbm
Sultana Khatun (W),ODI,2026-04-25,19,8.0,9.1,5.4,10.0,about 9.1 overs (likely 5.4-10.0),gbm
Sultana Khatun (W),T20I,2026-09-10,24,3.0,3.5,1.6,4.0,about 3.5 overs (likely 1.6-4.0),gbm
Surinder Singh,T20I,2026-05-16,8,2.0,2.2,0.4,3.2,about 2.2 overs (likely 0.4-3.2),gbm
Surya Anand,T20I,2026-07-14,35,2.8,3.2,1.3,4.0,about 3.2 overs (likely 1.3-4.0),gbm
Suyash Sharma,IPL,2026-05-22,39,3.0,3.7,1.9,4.0,about 3.7 overs (likely 1.9-4.0),gbm
Suzan Turan (W),T20I,2026-08-30,5,3.0,3.2,1.4,4.0,about 3.2 overs (likely 1.4-4.0),gbm
Syed Aziz,T20I,2026-09-17,79,3.4,3.4,1.6,4.0,about 3.4 overs (likely 1.6-4.0),gbm
Syeda Aroob Shah (W),ODI,2026-07-28,10,8.0,8.0,4.3,10.0,about 8.0 overs (likely 4.3-10.0),gbm
T Chopra (W),T20I,2026-04-30,13,2.6,2.9,1.0,3.9,about 2.9 overs (likely 1.0-3.9),gbm
T Dissanayake (W),T20I,2025-10-12,7,3.4,4.0,2.2,4.0,about 4.0 overs (likely 2.2-4.0),gbm
T Gwandu,T20I,2025-09-18,18,2.9,2.9,1.1,3.9,about 2.9 overs (likely 1.1-3.9),gbm
T Hinds,CPL,2026-09-02,19,3.1,3.1,1.4,4.0,about 3.1 overs (likely 1.4-4.0),gbm
T Jamtsho,T20I,2026-02-28,20,1.2,1.8,0.0,2.8,about 1.8 overs (likely 0.0-2.8),gbm
T Makusha (W),ODI,2026-03-11,10,6.6,6.8,3.1,9.3,about 6.8 overs (likely 3.1-9.3),gbm
T Makusha (W),T20I,2026-09-15,9,2.4,3.0,1.2,4.0,about 3.0 overs (likely 1.2-4.0),gbm
T Mpatane,T20I,2026-09-17,6,2.4,2.6,0.7,3.6,about 2.6 overs (likely 0.7-3.6),gbm
T Mulepati (W),T20I,2026-07-25,10,2.8,3.0,1.1,4.0,about 3.0 overs (likely 1.1-4.0),gbm
T Murphy,BBL,2025-12-20,29,1.4,1.9,0.1,2.4,about 1.9 overs (likely 0.1-2.4),gbm
T Natarajan,IPL,2026-05-05,73,3.0,3.9,2.1,4.0,about 3.9 overs (likely 2.1-4.0),gbm
T Nightingale,T20I,2026-05-20,15,1.3,1.9,0.0,2.9,about 1.9 overs (likely 0.0-2.9),gbm
T Perera,T20I,2025-10-04,19,3.2,3.2,1.4,4.0,about 3.2 overs (likely 1.4-4.0),gbm
T Putthawong (W),ODI,2026-08-17,17,7.0,8.6,4.9,10.0,about 8.6 overs (likely 4.9-10.0),gbm
T Putthawong (W),T20I,2026-09-17,98,3.5,4.0,2.2,4.0,about 4.0 overs (likely 2.2-4.0),gbm
T Rossi,T20I,2026-03-14,21,2.8,2.8,1.0,3.8,about 2.8 overs (likely 1.0-3.8),gbm
T Sandaruwan,T20I,2026-07-30,15,2.5,2.8,1.0,3.8,about 2.8 overs (likely 1.0-3.8),gbm
T Sangha,BBL,2026-01-16,49,3.2,4.0,2.3,4.0,about 4.0 overs (likely 2.3-4.0),gbm
T Sangha,ODI,2026-06-02,6,7.0,7.6,3.9,10.0,about 7.6 overs (likely 3.9-10.0),gbm
T Shadrack (W),T20I,2026-04-11,53,3.6,4.0,2.2,4.0,about 4.0 overs (likely 2.2-4.0),gbm
T Shamsi,CPL,2025-09-19,45,4.0,4.0,2.3,4.0,about 4.0 overs (likely 2.3-4.0),gbm
T Thorpe (W),T20I,2025-11-05,9,2.0,1.9,0.1,2.9,about 1.9 overs (likely 0.1-2.9),gbm
T Tshose,T20I,2026-09-17,40,3.0,3.1,1.3,4.0,about 3.1 overs (likely 1.3-4.0),gbm
T Wangchuk,T20I,2025-12-29,33,3.0,3.0,1.2,4.0,about 3.0 overs (likely 1.2-4.0),gbm
T Yangchen (W),T20I,2026-06-04,9,3.0,2.9,1.1,3.9,about 2.9 overs (likely 1.1-3.9),gbm
T Yotharat,T20I,2025-12-09,5,2.0,1.9,0.1,2.9,about 1.9 overs (likely 0.1-2.9),gbm
T Zangmo (W),T20I,2026-06-06,34,4.0,4.0,2.2,4.0,about 4.0 overs (likely 2.2-4.0),gbm
T van der Gugten,T20I,2026-02-10,45,3.0,3.2,1.3,4.0,about 3.2 overs (likely 1.3-4.0),gbm
TA Boult,IPL,2026-05-02,124,3.2,4.0,2.3,4.0,about 4.0 overs (likely 2.3-4.0),gbm
TA Dudnath,T20I,2026-03-15,5,2.8,2.9,1.0,3.8,about 2.9 overs (likely 1.0-3.8),gbm
TA Lavia (W),T20I,2025-11-05,11,3.6,3.1,1.3,4.0,about 3.1 overs (likely 1.3-4.0),gbm
TD Andrews,BBL,2026-01-12,18,2.6,3.0,1.3,3.6,about 3.0 overs (likely 1.3-3.6),gbm
TD Chaoana,T20I,2026-06-07,21,3.6,3.7,1.8,4.0,about 3.7 overs (likely 1.8-4.0),gbm
TG Norris (W),T20I,2026-02-01,13,3.6,4.0,2.1,4.0,about 4.0 overs (likely 2.1-4.0),gbm
TG Thamae,T20I,2026-06-07,8,3.4,3.7,1.8,4.0,about 3.7 overs (likely 1.8-4.0),gbm
TI Gajanayake (W),T20I,2026-06-07,31,3.3,3.6,1.8,4.0,about 3.6 overs (likely 1.8-4.0),gbm
TJ Draca,T20I,2026-02-19,11,2.8,3.2,1.4,4.0,about 3.2 overs (likely 1.4-4.0),gbm
TJG Pringle,ODI,2026-07-31,5,8.4,8.9,5.2,10.0,about 8.9 overs (likely 5.2-10.0),gbm
TK Curran,BBL,2026-01-21,51,3.4,4.0,2.3,4.0,about 4.0 overs (likely 2.3-4.0),gbm
TK Curran,PSL,2026-04-15,12,2.4,3.1,1.3,3.8,about 3.1 overs (likely 1.3-3.8),gbm
TKP Rajapaksha,T20I,2026-03-27,6,2.4,2.7,0.9,3.7,about 2.7 overs (likely 0.9-3.7),gbm
TL Chivanga,ODI,2026-07-11,5,7.2,7.9,4.2,10.0,about 7.9 overs (likely 4.2-10.0),gbm
TL Cutler,T20I,2026-05-17,14,3.6,4.0,2.2,4.0,about 4.0 overs (likely 2.2-4.0),gbm
TM Head,IPL,2026-05-22,7,1.5,1.7,0.0,2.1,about 1.7 overs (likely 0.0-2.1),gbm
TM Head,ODI,2025-10-23,42,4.1,4.1,0.3,6.5,about 4.1 overs (likely 0.3-6.5),gbm
TM Head,Test,2026-08-13,34,5.5,4.4,0.0,19.6,about 4.4 overs (likely 0.0-19.6),gbm
TM Macalou,T20I,2026-05-30,14,2.1,2.0,0.2,3.0,about 2.0 overs (likely 0.2-3.0),gbm
TM McGrath (W),ODI,2026-04-02,39,4.6,4.2,0.5,6.7,about 4.2 overs (likely 0.5-6.7),gbm
TM McGrath (W),T20I,2026-03-23,35,1.6,1.9,0.0,2.9,about 1.9 overs (likely 0.0-2.9),gbm
TM McGrath (W),Test,2026-03-06,7,13.6,13.8,0.0,29.0,about 13.8 overs (likely 0.0-29.0),gbm
TP Kanwar (W),WPL,2026-02-03,31,2.2,2.9,1.1,3.9,about 2.9 overs (likely 1.1-3.9),gbm
TS Sekhukhune (W),ODI,2026-04-04,35,7.0,7.7,4.0,10.0,about 7.7 overs (likely 4.0-10.0),gbm
TS Sekhukhune (W),T20I,2026-04-25,40,3.8,3.5,1.7,4.0,about 3.5 overs (likely 1.7-4.0),gbm
TT Maposa,T20I,2026-07-19,19,2.4,2.8,0.9,3.8,about 2.8 overs (likely 0.9-3.8),gbm
TT Soe (W),T20I,2026-06-09,34,3.0,3.5,1.7,4.0,about 3.5 overs (likely 1.7-4.0),gbm
TU Deshpande,IPL,2026-05-29,53,3.6,3.9,2.2,4.0,about 3.9 overs (likely 2.2-4.0),gbm
Taher Muhammad,T20I,2026-05-17,11,2.2,2.1,0.3,3.1,about 2.1 overs (likely 0.3-3.1),gbm
Taijul Islam,Test,2026-08-22,60,29.1,32.4,18.4,47.5,about 32.4 overs (likely 18.4-47.5),gbm
Tanvir Islam,ODI,2026-07-11,11,8.6,9.5,5.8,10.0,about 9.5 overs (likely 5.8-10.0),gbm
Tanzim Hasan Sakib,T20I,2026-04-27,37,3.8,4.0,2.2,4.0,about 4.0 overs (likely 2.2-4.0),gbm
Taranjeet Singh,T20I,2026-07-26,44,2.6,3.1,1.3,4.0,about 3.1 overs (likely 1.3-4.0),gbm
Taranjit Singh,T20I,2026-05-22,21,3.2,4.0,2.1,4.0,about 4.0 overs (likely 2.1-4.0),gbm
Tashi Dorji,T20I,2026-02-27,12,2.6,2.7,0.9,3.7,about 2.7 overs (likely 0.9-3.7),gbm
Tashi Phuntsho,T20I,2026-02-28,14,3.8,3.2,1.4,4.0,about 3.2 overs (likely 1.4-4.0),gbm
Taskin Ahmed,ODI,2026-07-11,78,8.5,9.3,5.6,10.0,about 9.3 overs (likely 5.6-10.0),gbm
Taskin Ahmed,T20I,2026-07-19,82,3.6,4.0,2.2,4.0,about 4.0 overs (likely 2.2-4.0),gbm
Taskin Ahmed,Test,2026-08-22,20,24.2,27.1,13.1,42.3,about 27.1 overs (likely 13.1-42.3),gbm
Tasmia Rubab (W),ODI,2026-07-28,6,6.5,6.6,2.9,9.1,about 6.6 overs (likely 2.9-9.1),gbm
Tasmia Rubab (W),T20I,2026-09-17,6,2.6,2.9,1.1,3.9,about 2.9 overs (likely 1.1-3.9),gbm
Thomas Balkin,BBL,2026-01-10,5,2.8,2.9,1.1,3.4,about 2.9 overs (likely 1.1-3.4),gbm
Thuya Aung,T20I,2025-12-29,20,3.4,3.4,1.6,4.0,about 3.4 overs (likely 1.6-4.0),gbm
Tian Sen Qun,T20I,2026-06-02,10,3.2,3.5,1.7,4.0,about 3.5 overs (likely 1.7-4.0),gbm
Tilak Varma,T20I,2026-07-25,8,1.1,1.8,0.0,2.8,about 1.8 overs (likely 0.0-2.8),gbm
Tshering Choden (W),T20I,2026-06-06,11,2.4,2.7,0.9,3.7,about 2.7 overs (likely 0.9-3.7),gbm
Tuba Hassan (W),T20I,2026-09-17,48,3.0,3.0,1.2,4.0,about 3.0 overs (likely 1.2-4.0),gbm
U Bayarjavkhlan (W),T20I,2026-06-09,10,2.7,3.0,1.1,4.0,about 3.0 overs (likely 1.1-4.0),gbm
U Peace (W),T20I,2026-03-28,23,3.4,3.8,2.0,4.0,about 3.8 overs (likely 2.0-4.0),gbm
U Shantu,T20I,2026-08-17,21,3.2,4.0,2.2,4.0,about 4.0 overs (likely 2.2-4.0),gbm
Ubaid Shah,PSL,2026-04-25,19,3.0,3.1,1.3,3.8,about 3.1 overs (likely 1.3-3.8),gbm
Umaima Sohail (W),ODI,2025-10-21,32,3.4,3.9,0.2,6.4,about 3.9 overs (likely 0.2-6.4),gbm
Umair Qasim,T20I,2026-06-07,25,2.6,2.8,1.0,3.8,about 2.8 overs (likely 1.0-3.8),gbm
Umair Tariq,T20I,2026-07-28,42,2.2,2.4,0.5,3.4,about 2.4 overs (likely 0.5-3.4),gbm
Umm-e-Hani (W),ODI,2026-07-28,17,8.6,9.0,5.3,10.0,about 9.0 overs (likely 5.3-10.0),gbm
Umm-e-Hani (W),T20I,2026-09-17,17,2.8,3.4,1.6,4.0,about 3.4 overs (likely 1.6-4.0),gbm
Usama Mir,CPL,2026-08-09,14,3.6,3.4,1.7,4.0,about 3.4 overs (likely 1.7-4.0),gbm
Usama Mir,PSL,2026-04-23,56,3.4,3.9,2.2,4.0,about 3.9 overs (likely 2.2-4.0),gbm
Usman Khan,T20I,2026-07-30,39,2.6,3.0,1.1,4.0,about 3.0 overs (likely 1.1-4.0),gbm
Usman Tariq,CPL,2026-09-11,19,3.6,4.0,2.3,4.0,about 4.0 overs (likely 2.3-4.0),gbm
Usman Tariq,PSL,2026-04-25,20,4.0,4.0,2.3,4.0,about 4.0 overs (likely 2.3-4.0),gbm
Usman Tariq,T20I,2026-02-28,8,3.9,4.0,2.2,4.0,about 4.0 overs (likely 2.2-4.0),gbm
V Atanasova (W),T20I,2025-10-12,5,2.1,2.2,0.3,3.1,about 2.2 overs (likely 0.3-3.1),gbm
V Ateak,T20I,2026-03-28,10,3.3,4.0,2.2,4.0,about 4.0 overs (likely 2.2-4.0),gbm
V Balakrishnan,T20I,2026-09-17,10,2.2,2.0,0.2,3.0,about 2.0 overs (likely 0.2-3.0),gbm
V Buruka (W),ODI,2026-08-17,8,6.4,6.7,3.0,9.1,about 6.7 overs (likely 3.0-9.1),gbm
V Dhaniram,T20I,2026-03-15,6,3.6,4.0,2.2,4.0,about 4.0 overs (likely 2.2-4.0),gbm
V Hamunyela (W),T20I,2026-07-30,57,2.8,3.5,1.7,4.0,about 3.5 overs (likely 1.7-4.0),gbm
V Jatinder Kumar,T20I,2026-08-21,19,3.8,4.0,2.2,4.0,about 4.0 overs (likely 2.2-4.0),gbm
V Mahajan (W),T20I,2025-11-05,11,3.6,3.2,1.3,4.0,about 3.2 overs (likely 1.3-4.0),gbm
V Marghashayam,T20I,2026-08-18,7,2.0,2.1,0.2,3.0,about 2.1 overs (likely 0.2-3.0),gbm
V Nagpaul,T20I,2025-12-13,5,3.4,3.8,2.0,4.0,about 3.8 overs (likely 2.0-4.0),gbm
V Nigam,IPL,2026-05-08,18,1.8,2.2,0.5,2.6,about 2.2 overs (likely 0.5-2.6),gbm
V Nikolova (W),T20I,2026-09-06,5,1.9,1.9,0.1,2.9,about 1.9 overs (likely 0.1-2.9),gbm
V Permaul,CPL,2026-09-13,68,3.6,4.0,2.3,4.0,about 4.0 overs (likely 2.3-4.0),gbm
V Phiri (W),T20I,2026-06-17,16,2.4,2.8,1.0,3.8,about 2.8 overs (likely 1.0-3.8),gbm
V Ravindran,T20I,2026-06-28,5,2.4,2.8,0.9,3.8,about 2.8 overs (likely 0.9-3.8),gbm
V Saini,T20I,2026-07-30,58,2.4,2.9,1.1,3.9,about 2.9 overs (likely 1.1-3.9),gbm
V Vijh,T20I,2026-08-20,43,3.0,3.4,1.6,4.0,about 3.4 overs (likely 1.6-4.0),gbm
V Vira (W),T20I,2026-04-30,30,3.7,4.0,2.2,4.0,about 4.0 overs (likely 2.2-4.0),gbm
V Zanko,T20I,2025-12-07,5,1.3,1.8,0.0,2.8,about 1.8 overs (likely 0.0-2.8),gbm
V Zimonjic,T20I,2026-07-14,35,3.1,4.0,2.2,4.0,about 4.0 overs (likely 2.2-4.0),gbm
VB Viyala (W),T20I,2026-08-30,14,3.2,3.0,1.1,3.9,about 3.0 overs (likely 1.1-3.9),gbm
VD Adewoye,T20I,2026-06-23,22,3.2,3.2,1.3,4.0,about 3.2 overs (likely 1.3-4.0),gbm
VG Arora,IPL,2026-05-13,42,3.6,4.0,2.2,4.0,about 4.0 overs (likely 2.2-4.0),gbm
VO Lawes,CPL,2026-09-16,11,2.8,3.0,1.3,3.9,about 3.0 overs (likely 1.3-3.9),gbm
VO Lawes,ODI,2026-07-21,5,8.6,9.5,5.8,10.0,about 9.5 overs (likely 5.8-10.0),gbm
VT Thiyanesh,T20I,2026-06-26,5,2.0,1.9,0.1,2.9,about 1.9 overs (likely 0.1-2.9),gbm
Vaishnave Mahesh (W),ODI,2025-10-19,5,5.3,5.4,1.7,7.9,about 5.4 overs (likely 1.7-7.9),gbm
Vaishnave Mahesh (W),T20I,2026-09-04,91,3.0,3.1,1.2,4.0,about 3.1 overs (likely 1.2-4.0),gbm
Vaishnavi Sharma (W),T20I,2025-12-30,5,3.8,4.0,2.2,4.0,about 4.0 overs (likely 2.2-4.0),gbm
Vamshi Reddy,T20I,2026-05-30,5,2.0,1.9,0.1,2.9,about 1.9 overs (likely 0.1-2.9),gbm
Vani Dhanuka (W),T20I,2026-07-12,6,3.4,3.8,2.0,4.0,about 3.8 overs (likely 2.0-4.0),gbm
Vijaykumar Vyshak,IPL,2026-05-23,25,3.6,4.0,2.2,4.0,about 4.0 overs (likely 2.2-4.0),gbm
Vinay Ravi,T20I,2026-07-14,43,3.8,3.6,1.7,4.0,about 3.6 overs (likely 1.7-4.0),gbm
Vinu Kumar (W),T20I,2026-06-06,32,2.4,2.8,1.0,3.8,about 2.8 overs (likely 1.0-3.8),gbm
Viola Komeda (W),T20I,2026-09-06,12,3.5,3.9,2.0,4.0,about 3.9 overs (likely 2.0-4.0),gbm
Virandeep Singh,T20I,2026-09-17,94,4.0,3.9,2.1,4.0,about 3.9 overs (likely 2.1-4.0),gbm
Vishil Patel,T20I,2026-09-17,25,2.6,2.9,1.1,3.9,about 2.9 overs (likely 1.1-3.9),gbm
Vivek Dixit,T20I,2026-08-18,5,2.6,2.9,1.1,3.9,about 2.9 overs (likely 1.1-3.9),gbm
Vraj Patel,T20I,2025-10-04,57,3.8,4.0,2.2,4.0,about 4.0 overs (likely 2.2-4.0),gbm
W Hornero-Garcia (W),T20I,2026-08-29,11,2.2,2.2,0.3,3.2,about 2.2 overs (likely 0.3-3.2),gbm
W Madhevere,ODI,2026-09-15,29,3.2,4.2,0.5,6.7,about 4.2 overs (likely 0.5-6.7),gbm
W Madhevere,T20I,2026-09-06,41,1.6,2.2,0.4,3.2,about 2.2 overs (likely 0.4-3.2),gbm
W Moutswi (W),T20I,2026-04-07,19,3.0,3.0,1.2,4.0,about 3.0 overs (likely 1.2-4.0),gbm
W Mwatile (W),T20I,2026-07-30,92,3.4,4.0,2.2,4.0,about 4.0 overs (likely 2.2-4.0),gbm
W Nalisa,T20I,2026-05-16,27,3.6,4.0,2.2,4.0,about 4.0 overs (likely 2.2-4.0),gbm
W Ngowhuad,T20I,2026-02-28,12,2.7,2.8,1.0,3.8,about 2.8 overs (likely 1.0-3.8),gbm
W O'Rourke,ODI,2026-04-23,20,8.0,8.8,5.1,10.0,about 8.8 overs (likely 5.1-10.0),gbm
W O'Rourke,Test,2026-06-25,14,24.8,23.6,9.6,38.8,about 23.6 overs (likely 9.6-38.8),gbm
W Prestwidge,BBL,2026-01-23,8,2.0,2.3,0.6,2.8,about 2.3 overs (likely 0.6-2.8),gbm
W Smith,T20I,2026-06-23,5,2.8,2.8,1.0,3.8,about 2.8 overs (likely 1.0-3.8),gbm
W Sutherland,BBL,2026-01-17,64,2.7,2.9,1.2,3.5,about 2.9 overs (likely 1.2-3.5),gbm
W Wotu,T20I,2026-05-12,10,1.7,1.9,0.0,2.9,about 1.9 overs (likely 0.0-2.9),gbm
WA Agar,BBL,2026-01-16,69,2.8,3.4,1.6,3.9,about 3.4 overs (likely 1.6-3.9),gbm
WA Duraisingam (W),T20I,2026-09-13,74,3.4,3.3,1.5,4.0,about 3.3 overs (likely 1.5-4.0),gbm
WAE Burton,T20I,2026-07-10,15,2.2,2.4,0.6,3.4,about 2.4 overs (likely 0.6-3.4),gbm
WG Jacks,IPL,2026-05-24,19,1.6,1.8,0.1,2.2,about 1.8 overs (likely 0.1-2.2),gbm
WG Jacks,ODI,2026-07-19,18,6.8,5.7,1.9,8.1,about 5.7 overs (likely 1.9-8.1),gbm
WG Jacks,T20I,2026-09-17,23,2.4,2.8,0.9,3.8,about 2.8 overs (likely 0.9-3.8),gbm
WG Jacks,Test,2026-01-04,5,24.0,22.6,8.6,37.7,about 22.6 overs (likely 8.6-37.7),gbm
WGAKK Kulasuriya (W),ODI,2025-09-30,26,7.8,7.3,3.6,9.8,about 7.3 overs (likely 3.6-9.8),gbm
WK Dilhari (W),ODI,2026-07-28,41,8.8,7.9,4.2,10.0,about 7.9 overs (likely 4.2-10.0),gbm
WK Dilhari (W),T20I,2026-09-13,90,3.0,3.0,1.2,4.0,about 3.0 overs (likely 1.2-4.0),gbm
WK Lai (W),T20I,2026-05-28,17,2.6,2.9,1.1,3.9,about 2.9 overs (likely 1.1-3.9),gbm
WP Masakadza,ODI,2026-09-15,33,8.0,7.9,4.2,10.0,about 7.9 overs (likely 4.2-10.0),gbm
WP Masakadza,T20I,2026-09-03,70,2.0,2.7,0.9,3.7,about 2.7 overs (likely 0.9-3.7),gbm
WSLK Narayana,T20I,2026-08-21,7,1.7,1.9,0.1,2.9,about 1.9 overs (likely 0.1-2.9),gbm
Wa Thone Nadi (W),T20I,2026-06-09,5,3.2,3.5,1.7,4.0,about 3.5 overs (likely 1.7-4.0),gbm
Waheeda Akhtar (W),T20I,2026-08-04,9,2.8,3.0,1.1,3.9,about 3.0 overs (likely 1.1-3.9),gbm
Wahidullah Sahak,T20I,2026-07-14,21,2.4,2.9,1.1,3.9,about 2.9 overs (likely 1.1-3.9),gbm
Walid Ghauri,T20I,2026-06-13,7,2.0,1.9,0.1,2.9,about 1.9 overs (likely 0.1-2.9),gbm
Wang Huiying (W),T20I,2026-06-09,25,2.4,2.9,1.1,3.9,about 2.9 overs (likely 1.1-3.9),gbm
Waqar Ali,T20I,2026-05-22,17,3.8,4.0,2.2,4.0,about 4.0 overs (likely 2.2-4.0),gbm
Waqar Khan,T20I,2026-05-19,5,1.2,1.8,0.0,2.8,about 1.8 overs (likely 0.0-2.8),gbm
Waqar Salamkheil,CPL,2026-09-10,34,3.0,4.0,2.2,4.0,about 4.0 overs (likely 2.2-4.0),gbm
Waqar Zalmai,T20I,2026-07-30,41,2.8,3.0,1.1,4.0,about 3.0 overs (likely 1.1-4.0),gbm
Waseem Yaqoob,T20I,2026-03-13,13,2.8,3.4,1.6,4.0,about 3.4 overs (likely 1.6-4.0),gbm
Washington Sundar,IPL,2026-05-29,68,1.8,2.3,0.6,2.7,about 2.3 overs (likely 0.6-2.7),gbm
Washington Sundar,ODI,2026-07-14,27,5.2,5.8,2.0,8.2,about 5.8 overs (likely 2.0-8.2),gbm
Washington Sundar,T20I,2026-07-09,54,2.4,2.5,0.7,3.5,about 2.5 overs (likely 0.7-3.5),gbm
Washington Sundar,Test,2025-11-22,17,19.8,17.0,2.9,32.1,about 17.0 overs (likely 2.9-32.1),gbm
Wasim Ali,ODI,2026-05-05,9,2.0,2.0,0.0,4.4,about 2.0 overs (likely 0.0-4.4),gbm
Wasim Ali,T20I,2026-02-20,9,2.6,2.8,0.9,3.8,about 2.8 overs (likely 0.9-3.8),gbm
XC Bartlett,BBL,2026-01-18,58,3.9,4.0,2.3,4.0,about 4.0 overs (likely 2.3-4.0),gbm
XC Bartlett,IPL,2026-05-14,13,4.0,4.0,2.3,4.0,about 4.0 overs (likely 2.3-4.0),gbm
XC Bartlett,ODI,2026-09-15,9,8.2,8.8,5.1,10.0,about 8.8 overs (likely 5.1-10.0),gbm
XC Bartlett,T20I,2026-06-17,21,2.8,3.4,1.6,4.0,about 3.4 overs (likely 1.6-4.0),gbm
XSD Smith,T20I,2026-03-15,14,3.4,4.0,2.2,4.0,about 4.0 overs (likely 2.2-4.0),gbm
Y Jasti,T20I,2026-08-08,9,3.2,3.2,1.4,4.0,about 3.2 overs (likely 1.4-4.0),gbm
YM Nkanya,T20I,2026-03-28,46,3.2,4.0,2.2,4.0,about 4.0 overs (likely 2.2-4.0),gbm
YP Dayal,T20I,2026-03-15,13,3.4,3.5,1.6,4.0,about 3.5 overs (likely 1.6-4.0),gbm
YP Molina (W),T20I,2026-04-26,5,3.7,4.0,2.2,4.0,about 4.0 overs (likely 2.2-4.0),gbm
YS Chahal,IPL,2026-05-23,184,3.2,4.0,2.3,4.0,about 4.0 overs (likely 2.3-4.0),gbm
Yair Nagavkar,T20I,2026-08-21,11,3.0,3.6,1.8,4.0,about 3.6 overs (likely 1.8-4.0),gbm
Yasar Haroon,T20I,2026-08-09,22,3.6,4.0,2.2,4.0,about 4.0 overs (likely 2.2-4.0),gbm
Yash Raj Punja,IPL,2026-05-29,8,3.6,4.0,2.2,4.0,about 4.0 overs (likely 2.2-4.0),gbm
Yash Thakur,IPL,2026-05-11,22,3.4,4.0,2.3,4.0,about 4.0 overs (likely 2.3-4.0),gbm
Yasim Murtaza,T20I,2026-06-21,75,3.2,3.9,2.1,4.0,about 3.9 overs (likely 2.1-4.0),gbm
Yasin Patel,T20I,2026-03-01,54,3.8,4.0,2.2,4.0,about 4.0 overs (likely 2.2-4.0),gbm
Yasir Ali,T20I,2026-08-21,38,3.4,3.7,1.8,4.0,about 3.7 overs (likely 1.8-4.0),gbm
Yves Cyusa,T20I,2026-09-17,24,2.2,2.5,0.7,3.5,about 2.5 overs (likely 0.7-3.5),gbm
Z Bimenyimana,T20I,2026-09-16,90,2.6,3.5,1.6,4.0,about 3.5 overs (likely 1.6-4.0),gbm
Z Burgess,T20I,2026-06-25,29,3.0,3.1,1.3,4.0,about 3.1 overs (likely 1.3-4.0),gbm
Z James (W),T20I,2026-06-13,24,2.0,2.1,0.2,3.0,about 2.1 overs (likely 0.2-3.0),gbm
ZB Lion-Cachet,ODI,2026-07-31,14,3.6,4.0,0.3,6.5,about 4.0 overs (likely 0.3-6.5),gbm
ZB Lion-Cachet,T20I,2026-02-10,11,1.9,2.2,0.4,3.2,about 2.2 overs (likely 0.4-3.2),gbm
ZGF Foulkes,ODI,2026-01-18,8,8.0,8.0,4.3,10.0,about 8.0 overs (likely 4.3-10.0),gbm
ZGF Foulkes,T20I,2026-03-25,21,3.2,4.0,2.2,4.0,about 4.0 overs (likely 2.2-4.0),gbm
ZGF Foulkes,Test,2026-06-25,6,30.9,29.4,15.4,44.6,about 29.4 overs (likely 15.4-44.6),gbm
ZL Thoon (W),T20I,2025-11-30,12,3.8,4.0,2.2,4.0,about 4.0 overs (likely 2.2-4.0),gbm
ZL Win (W),T20I,2026-06-09,32,3.2,4.0,2.1,4.0,about 4.0 overs (likely 2.1-4.0),gbm
ZM Tribe,T20I,2026-05-23,9,2.1,2.0,0.1,2.9,about 2.0 overs (likely 0.1-2.9),gbm
ZT Kyaw (W),T20I,2025-12-18,18,2.6,2.4,0.6,3.4,about 2.4 overs (likely 0.6-3.4),gbm
Zabiullah Zahid,T20I,2026-07-02,18,3.0,4.0,2.1,4.0,about 4.0 overs (likely 2.1-4.0),gbm
Zada Sher,T20I,2026-05-23,10,2.2,2.4,0.5,3.4,about 2.4 overs (likely 0.5-3.4),gbm
Zaheer Zahiri,T20I,2026-05-23,18,3.4,4.0,2.2,4.0,about 4.0 overs (likely 2.2-4.0),gbm
Zahid Ali,T20I,2025-11-16,6,2.8,2.8,1.0,3.8,about 2.8 overs (likely 1.0-3.8),gbm
Zahid Mahmood,PSL,2026-04-25,18,3.8,4.0,2.3,4.0,about 4.0 overs (likely 2.3-4.0),gbm
Zahid Shirzad,ODI,2026-08-13,6,9.8,9.6,5.8,10.0,about 9.6 overs (likely 5.8-10.0),gbm
Zaid Ahmad,T20I,2026-07-02,15,3.3,3.2,1.3,4.0,about 3.2 overs (likely 1.3-4.0),gbm
Zain Muzaffar,T20I,2026-07-02,11,2.9,3.9,2.0,4.0,about 3.9 overs (likely 2.0-4.0),gbm
Zaki Ul Hassan,T20I,2026-07-12,16,3.4,3.8,2.0,4.0,about 3.8 overs (likely 2.0-4.0),gbm
Zakir Husain Patel,T20I,2026-08-15,5,2.6,2.8,1.0,3.8,about 2.8 overs (likely 1.0-3.8),gbm
Zaman Khan,BBL,2026-01-18,7,3.5,4.0,2.3,4.0,about 4.0 overs (likely 2.3-4.0),gbm
Zara Mohammad (W),T20I,2026-08-28,10,3.4,3.5,1.7,4.0,about 3.5 overs (likely 1.7-4.0),gbm
Zeefa Jilani (W),T20I,2026-06-04,23,1.0,1.1,0.0,2.1,about 1.1 overs (likely 0.0-2.1),gbm
Zeerak Chughtai,T20I,2025-11-03,17,2.7,2.8,1.0,3.8,about 2.8 overs (likely 1.0-3.8),gbm
Zeeshan Ali,T20I,2026-07-14,10,2.8,3.2,1.4,4.0,about 3.2 overs (likely 1.4-4.0),gbm
Zeeshan Goraya,T20I,2026-05-02,9,2.4,2.8,1.0,3.8,about 2.8 overs (likely 1.0-3.8),gbm
Zhao Yihan (W),T20I,2026-06-09,12,2.6,2.9,1.0,3.8,about 2.9 overs (likely 1.0-3.8),gbm
Zon Lin (W),T20I,2026-06-09,27,2.2,2.1,0.3,3.1,about 2.1 overs (likely 0.3-3.1),gbm
Zong Yuechao,T20I,2026-05-31,5,3.0,3.0,1.2,4.0,about 3.0 overs (likely 1.2-4.0),gbm
Zuhaib Zubair,T20I,2026-04-21,19,3.3,2.9,1.1,3.9,about 2.9 overs (likely 1.1-3.9),gbm
