striker,format,gender,cluster,average,strike_rate,boundary_pct,dot_pct,runs,player_score
V Kohli,ODI,male,4,58.34,93.89,9.83,44.74,14819,88.9
JE Root,Test,male,5,50.45,57.61,6.42,67.89,14278,80.6
AN Cook,Test,male,2,45.35,46.95,5.48,74.84,12472,60.3
KC Sangakkara,ODI,male,4,46.19,81.31,8.38,51.97,11640,72.7
RG Sharma,ODI,male,4,48.45,92.42,11.58,52.75,11532,87.1
SPD Smith,Test,male,5,56.0,53.96,6.28,71.19,10920,76.1
MS Dhoni,ODI,male,4,51.37,86.92,8.43,48.6,10274,79.4
KS Williamson,Test,male,2,54.06,51.98,5.99,72.74,9515,71.8
AB de Villiers,ODI,male,4,53.91,101.2,10.99,43.37,9435,92.9
V Kohli,IPL,male,4,40.46,134.86,16.8,32.47,9346,74.4
V Kohli,Test,male,5,46.85,55.58,6.37,69.56,9230,77.3
TM Dilshan,ODI,male,4,40.23,87.42,10.17,50.94,9212,79.8
HM Amla,Test,male,2,46.66,50.19,6.39,73.95,9146,69.8
DA Warner,Test,male,5,44.6,70.19,8.99,66.32,8786,92.0
KC Sangakkara,Test,male,5,61.07,54.32,6.4,70.45,8489,77.9
AB de Villiers,Test,male,5,51.78,54.8,6.74,71.35,8182,78.5
MJ Clarke,Test,male,5,49.03,55.86,6.54,71.06,8139,77.9
LRPL Taylor,ODI,male,4,46.7,82.99,8.24,50.24,8126,74.8
KP Pietersen,Test,male,5,48.38,61.76,8.09,68.74,8079,88.2
AD Mathews,Test,male,2,43.88,48.31,5.44,73.19,8073,62.5
DPMD Jayawardene,ODI,male,4,33.48,80.75,7.96,51.18,8069,63.7
HM Amla,ODI,male,4,48.66,88.41,9.54,48.13,7834,83.6
Tamim Iqbal,ODI,male,4,37.67,79.0,9.68,57.34,7648,67.7
LRPL Taylor,Test,male,5,45.49,59.22,7.65,70.29,7597,83.8
GC Smith,Test,male,5,48.93,60.73,7.79,69.06,7584,86.4
JE Root,ODI,male,4,50.86,87.38,7.71,44.27,7578,78.2
IR Bell,Test,male,2,42.38,49.55,6.19,74.83,7416,65.4
JH Kallis,Test,male,2,54.05,49.81,5.94,72.75,7405,68.7
RG Sharma,IPL,male,2,29.92,132.88,17.85,37.74,7331,63.4
BA Stokes,Test,male,5,34.47,58.53,7.81,71.81,7273,75.4
CA Pujara,Test,male,2,43.66,44.29,5.41,76.76,7160,54.9
KS Williamson,ODI,male,4,48.28,81.67,8.2,51.5,7145,73.2
Azhar Ali,Test,male,2,42.26,41.93,4.23,76.46,7142,49.0
Younis Khan,Test,male,2,53.65,51.84,5.65,71.39,7135,70.2
MJ Guptill,ODI,male,4,40.95,87.26,11.24,56.97,7125,77.8
FDM Karunaratne,Test,male,2,38.87,51.06,5.47,71.55,7113,63.2
Mushfiqur Rahim,ODI,male,4,37.95,80.79,7.54,49.5,7096,66.8
Q de Kock,ODI,male,4,46.45,96.77,12.72,50.68,7014,90.8
MJ Clarke,ODI,male,4,43.4,78.18,6.97,51.72,6988,64.6
RT Ponting,ODI,male,4,40.34,82.29,8.94,53.68,6979,71.3
EJG Morgan,ODI,male,4,37.99,91.75,10.42,51.23,6953,81.3
Yuvraj Singh,ODI,male,4,39.39,87.87,10.93,53.67,6932,79.0
S Dhawan,IPL,male,2,35.26,127.09,17.29,36.99,6769,64.6
RT Ponting,Test,male,5,45.49,58.74,6.95,69.35,6733,81.6
S Dhawan,ODI,male,4,44.01,91.51,12.45,53.07,6733,85.8
Shakib Al Hasan,ODI,male,4,38.15,83.71,8.46,48.8,6638,72.9
DA Warner,ODI,male,4,44.45,97.0,12.1,51.36,6623,89.1
DPMD Jayawardene,Test,male,2,50.5,51.28,5.95,71.66,6615,70.6
Mushfiqur Rahim,Test,male,2,39.47,48.65,5.85,73.62,6592,61.5
DA Warner,IPL,male,4,40.04,139.66,19.12,36.43,6567,78.2
WU Tharanga,ODI,male,5,34.3,75.68,9.27,59.14,6482,60.2
TWM Latham,Test,male,2,39.09,48.17,5.59,74.73,6450,58.5
SR Tendulkar,ODI,male,4,48.01,86.77,11.25,55.19,6433,81.1
CH Gayle,ODI,male,4,34.22,89.47,12.85,60.35,6433,75.1
LD Chandimal,Test,male,2,42.85,50.26,5.65,72.42,6427,65.1
SR Tendulkar,Test,male,5,52.16,54.07,6.94,71.68,6416,77.8
Mohammad Hafeez,ODI,male,5,33.96,77.65,9.06,58.56,6351,61.0
Babar Azam,ODI,male,4,53.63,87.16,8.99,48.95,6328,80.7
UT Khawaja,Test,male,2,42.96,48.83,5.46,73.63,6229,61.8
JM Bairstow,Test,male,5,36.4,59.07,7.61,70.58,6042,77.1
S Chanderpaul,Test,male,2,57.1,44.23,4.64,75.1,5995,55.9
Shoaib Malik,ODI,male,4,34.37,83.16,7.9,50.43,5981,66.4
V Sehwag,Test,male,0,46.27,85.06,12.94,60.85,5969,95.9
R Dravid,Test,male,2,47.02,43.14,5.39,76.24,5925,54.9
KC Brathwaite,Test,male,2,32.73,40.79,4.21,77.72,5924,39.9
SD Hope,ODI,male,4,48.47,81.51,8.19,52.2,5865,72.2
KL Rahul,IPL,male,4,45.53,139.16,17.86,32.74,5828,79.9
MEK Hussey,Test,male,2,49.82,49.37,5.73,73.71,5779,65.3
BB McCullum,Test,male,5,38.78,65.59,9.07,68.8,5778,86.1
V Sehwag,ODI,male,1,35.36,105.9,16.1,51.53,5763,87.7
SPD Smith,ODI,male,4,42.94,86.91,8.71,48.27,5668,77.7
AD Mathews,ODI,male,4,40.91,83.76,8.0,49.16,5646,72.1
AJ Strauss,Test,male,2,37.37,48.05,5.94,75.06,5605,57.9
SK Raina,ODI,male,4,35.8,93.79,9.99,46.88,5585,81.5
JC Buttler,ODI,male,1,39.54,115.96,13.32,41.22,5536,93.2
SK Raina,IPL,male,4,32.37,136.83,17.55,32.97,5536,71.1
F du Plessis,ODI,male,4,46.94,88.18,8.97,48.06,5445,80.8
MS Dhoni,IPL,male,4,38.3,137.45,16.15,33.54,5439,72.7
VVS Laxman,Test,male,2,51.53,49.48,6.16,73.04,5411,68.6
L Wolvaardt,ODI,female,4,52.27,76.98,9.06,55.32,5384,79.9
AM Rahane,IPL,male,2,30.15,125.6,15.94,36.37,5367,58.0
SR Watson,ODI,male,4,41.85,91.67,11.38,53.35,5357,82.8
D Elgar,Test,male,2,37.92,47.78,6.36,76.3,5347,59.6
IR Bell,ODI,male,4,37.51,77.04,7.87,55.41,5289,61.1
GC Smith,ODI,male,4,36.41,81.65,9.68,55.56,5280,69.2
AJ Finch,ODI,male,4,38.15,86.61,10.53,55.96,5188,75.1
SV Samson,IPL,male,4,31.79,141.13,18.39,34.27,5181,73.5
AB de Villiers,IPL,male,4,39.85,151.89,19.55,30.46,5181,87.8
BB McCullum,ODI,male,4,31.45,96.45,12.38,52.98,5157,78.7
BRM Taylor,ODI,male,5,33.47,75.25,7.97,56.61,5154,55.6
Mahmudullah,ODI,male,4,36.13,77.92,7.46,53.04,5131,60.5
Misbah-ul-Haq,Test,male,2,49.53,44.95,5.07,76.11,5102,55.8
MEK Hussey,ODI,male,4,46.15,85.74,7.16,45.81,5076,73.4
AM Rahane,Test,male,2,38.68,49.62,6.02,74.05,5067,61.9
Mominul Haque,Test,male,2,37.24,53.74,6.42,71.14,5028,68.5
Tamim Iqbal,Test,male,5,39.21,58.54,7.92,71.3,5019,79.6
CH Gayle,IPL,male,2,39.66,149.34,22.92,43.69,4997,82.4
G Gambhir,ODI,male,4,40.5,85.82,9.37,50.17,4981,76.6
RV Uthappa,IPL,male,2,27.52,130.33,17.44,38.52,4954,56.4
JH Kallis,ODI,male,4,44.41,76.38,7.28,51.9,4929,64.3
JP Duminy,ODI,male,4,36.24,84.12,6.98,46.42,4928,66.9
KD Karthik,IPL,male,2,26.32,135.28,17.51,34.05,4843,61.3
BKG Mendis,Test,male,5,36.56,58.6,7.73,70.97,4826,76.6
Younis Khan,ODI,male,5,30.04,75.86,6.73,52.15,4777,51.6
F du Plessis,IPL,male,4,35.1,135.79,17.47,34.03,4773,71.6
Babar Azam,Test,male,5,42.98,55.39,6.94,71.71,4771,76.3
Misbah-ul-Haq,ODI,male,4,42.81,74.12,6.16,52.77,4752,58.1
M Labuschagne,Test,male,2,43.8,52.12,6.07,72.95,4730,68.9
S Mandhana,ODI,female,4,51.39,93.31,12.57,51.51,4728,93.8
MS Dhoni,Test,male,5,38.07,58.99,7.48,70.22,4721,78.1
Asad Shafiq,Test,male,2,38.2,48.6,5.67,74.79,4660,58.0
TM Head,Test,male,5,43.08,69.69,9.17,65.37,4653,90.5
JC Buttler,IPL,male,4,39.38,149.66,21.58,36.14,4647,85.7
Shubman Gill,IPL,male,4,40.33,142.09,18.48,31.03,4598,81.1
TWM Latham,ODI,male,4,33.7,84.45,8.22,49.05,4583,68.1
SA Yadav,IPL,male,4,33.44,148.54,21.4,33.63,4581,83.2
DA Miller,ODI,male,4,42.74,104.03,11.01,42.83,4573,90.0
Babar Azam,T20I,male,5,39.18,128.32,15.61,31.59,4545,80.9
BKG Mendis,ODI,male,4,35.36,87.24,10.47,51.81,4491,75.5
S Mandhana,T20I,female,5,32.04,128.7,20.32,42.02,4453,94.0
DM de Silva,Test,male,5,39.21,58.02,7.49,70.63,4431,77.9
ST Jayasuriya,ODI,male,4,34.76,95.44,13.1,55.46,4414,80.8
TT Beaumont,ODI,female,4,42.72,78.29,9.82,56.9,4400,80.1
TM Dilshan,Test,male,5,44.73,70.04,8.8,63.2,4384,90.6
Babar Azam,PSL,male,4,47.1,129.7,16.55,32.34,4380,65.8
Shakib Al Hasan,Test,male,5,37.55,62.47,8.0,66.64,4356,82.3
AC Gilchrist,ODI,male,1,38.88,104.86,15.19,53.0,4355,88.2
SC Williams,ODI,male,4,37.51,88.58,9.22,48.9,4351,76.8
AT Rayudu,IPL,male,2,28.23,127.54,15.61,34.76,4348,56.4
RG Sharma,Test,male,5,40.58,57.06,7.44,71.93,4301,77.2
JC Buttler,T20I,male,5,34.83,150.05,20.49,34.33,4284,91.6
JJ Roy,ODI,male,1,39.97,105.53,14.69,49.94,4237,90.4
SS Iyer,IPL,male,4,35.57,136.77,17.32,33.34,4233,72.3
G Gambhir,IPL,male,2,31.01,123.88,16.19,36.28,4217,58.1
MN Samuels,ODI,male,5,34.19,76.08,8.79,58.78,4205,58.7
KP Pietersen,ODI,male,4,40.8,85.81,9.66,52.07,4202,76.0
F du Plessis,Test,male,2,40.03,46.33,6.0,76.27,4163,57.2
PD Collingwood,ODI,male,5,35.76,76.63,6.65,52.95,4148,56.6
RA Jadeja,Test,male,2,37.98,55.31,6.45,70.5,4140,71.1
ML Hayden,Test,male,5,50.44,60.74,7.77,69.47,4136,85.3
KL Rahul,Test,male,2,35.95,51.67,6.57,73.24,4134,64.7
MJ Prior,Test,male,5,40.19,61.67,7.69,68.44,4099,82.2
CA Lynn,BBL,male,1,35.24,149.47,20.77,36.86,4088,91.1
RG Sharma,T20I,male,5,31.58,140.64,19.49,38.07,4042,84.6
MK Pandey,IPL,male,2,29.35,121.96,14.13,35.67,4021,51.6
V Kohli,T20I,male,5,48.4,136.06,15.91,28.66,3969,85.6
H Masakadza,ODI,male,5,25.52,71.87,8.67,62.24,3955,44.3
ML Hayden,ODI,male,4,45.28,81.76,9.73,56.45,3939,72.9
PD Collingwood,Test,male,2,40.53,47.49,5.47,74.3,3931,57.3
CH Gayle,Test,male,5,45.14,67.31,10.28,69.85,3927,90.4
Shahid Afridi,ODI,male,1,23.29,135.96,18.0,39.82,3913,78.1
TT Samaraweera,Test,male,2,51.18,48.76,5.97,74.05,3890,65.3
SR Watson,IPL,male,2,30.79,137.93,20.16,41.38,3880,69.1
RR Pant,IPL,male,4,33.73,146.71,20.12,33.93,3879,81.0
M Vijay,Test,male,2,37.64,45.89,5.73,76.7,3877,52.7
IJL Trott,Test,male,2,44.08,47.18,5.6,75.64,3835,58.7
T Bavuma,Test,male,2,38.1,48.88,5.77,74.07,3810,58.8
S Chanderpaul,ODI,male,5,43.72,69.37,6.05,56.27,3804,53.2
Fakhar Zaman,ODI,male,4,47.54,93.51,12.47,53.21,3803,87.1
BJ Watling,Test,male,2,37.52,42.61,4.91,76.85,3790,46.2
HH Gibbs,ODI,male,4,39.64,86.69,11.19,56.05,3766,76.1
Sikandar Raza,ODI,male,4,36.9,87.53,9.35,51.77,3764,74.5
EA Perry,ODI,female,4,55.97,80.3,8.39,51.16,3750,82.3
BL Mooney,T20I,female,5,42.01,127.18,17.21,34.22,3739,96.0
G Gambhir,Test,male,2,41.94,50.49,6.33,73.67,3733,66.3
OJ Pope,Test,male,5,34.56,64.42,7.91,66.93,3732,79.7
AJ Strauss,ODI,male,4,35.18,80.96,9.23,55.06,3729,66.1
R Dravid,ODI,male,5,37.99,72.6,7.12,54.47,3723,56.0
RR Sarwan,ODI,male,5,38.72,74.01,7.05,54.78,3717,56.8
GJ Maxwell,ODI,male,1,31.85,124.2,16.54,43.8,3695,87.4
SR Watson,Test,male,2,35.42,52.79,7.31,74.95,3684,66.5
JM Bairstow,ODI,male,4,42.2,102.09,13.93,52.03,3671,89.4
SCJ Broad,Test,male,4,18.04,65.31,8.83,69.56,3662,66.5
AC Jayangani,T20I,female,5,29.06,118.51,19.19,49.94,3662,87.3
SR Taylor,ODI,female,5,35.55,72.92,7.98,58.12,3662,66.5
LD Chandimal,ODI,male,5,31.26,73.58,5.86,52.15,3657,48.8
J Charles,CPL,male,4,28.27,131.8,18.76,43.04,3647,71.2
RR Pant,Test,male,0,43.38,74.34,10.02,64.55,3644,92.1
SM Katich,Test,male,2,48.33,49.73,6.02,74.38,3625,65.5
HC Brook,Test,male,0,53.09,86.32,10.81,56.03,3610,96.0
Ishan Kishan,IPL,male,2,30.51,143.54,20.49,36.32,3600,74.7
A Symonds,ODI,male,4,44.31,90.63,9.52,49.95,3589,81.6
Z Crawley,Test,male,5,31.18,65.5,9.39,68.82,3586,79.5
ADS Fletcher,CPL,male,4,30.28,124.32,16.08,41.86,3573,65.0
MM Lanning,ODI,female,4,56.43,91.01,11.93,51.97,3555,93.2
PR Stirling,ODI,male,4,32.85,87.52,12.09,57.89,3548,71.8
DM Bravo,Test,male,2,36.47,44.86,5.66,76.83,3538,49.9
RA Jadeja,IPL,male,4,29.14,130.64,14.3,31.23,3526,58.8
MJ Guptill,T20I,male,5,31.68,135.95,18.55,39.51,3517,81.4
HC Knight,ODI,female,4,36.39,77.07,8.21,53.55,3493,73.1
R Ashwin,Test,male,2,25.81,54.59,6.59,71.24,3485,59.0
BA Stokes,ODI,male,4,41.8,95.93,10.87,48.87,3469,85.6
DN Wyatt,T20I,female,5,26.06,133.1,18.89,36.67,3466,91.9
Q de Kock,IPL,male,2,31.03,134.9,18.68,38.43,3444,64.9
KA Pollard,IPL,male,2,28.4,147.57,19.11,36.15,3437,72.0
H Kaur,T20I,female,5,31.01,114.93,13.81,37.53,3411,88.8
SW Bates,ODI,female,5,36.44,76.6,9.13,56.8,3389,73.1
Mohammad Rizwan,T20I,male,5,48.37,126.01,14.07,33.23,3386,77.2
Fakhar Zaman,PSL,male,4,32.4,143.04,20.03,34.51,3370,72.5
BM Duckett,Test,male,0,38.23,86.21,11.84,58.82,3364,90.4
HM Nicholls,Test,male,2,39.51,51.33,5.82,72.62,3358,63.5
MC Henriques,BBL,male,3,27.97,129.43,13.42,30.74,3356,63.3
AJ Healy,ODI,female,1,37.93,101.21,15.37,52.27,3338,90.5
H Kaur,ODI,female,4,39.62,82.62,9.14,51.04,3328,81.5
Mohammad Hafeez,Test,male,5,36.9,57.86,7.75,72.25,3321,74.5
AJ Finch,BBL,male,1,34.84,131.25,16.26,36.52,3310,75.7
Q de Kock,Test,male,5,38.82,70.94,9.54,64.92,3300,87.7
AC Jayangani,ODI,female,4,38.82,79.56,11.52,60.7,3300,79.6
KA Pollard,CPL,male,4,33.66,151.19,19.75,36.39,3299,90.3
DA Miller,IPL,male,4,35.35,139.44,16.41,31.04,3288,73.1
KL Rahul,ODI,male,4,49.74,91.02,9.12,45.88,3283,83.3
E Chigumbura,ODI,male,5,25.12,78.83,8.13,55.71,3266,49.6
BJ Haddin,Test,male,5,32.99,58.46,7.48,71.7,3266,71.8
AG Prince,Test,male,2,44.67,44.26,4.94,75.55,3261,52.7
DA Warner,T20I,male,5,33.2,142.78,19.96,37.69,3254,86.9
Liton Das,Test,male,5,35.21,59.91,7.64,69.16,3239,75.9
YK Pathan,IPL,male,2,29.29,143.52,18.89,34.79,3222,70.8
SA Yadav,T20I,male,5,36.59,162.63,23.64,32.53,3220,95.8
MP Stoinis,BBL,male,1,34.6,133.97,16.78,36.55,3218,79.1
HK Matthews,ODI,female,4,40.14,81.52,10.84,57.3,3211,81.3
SW Bates,T20I,female,5,30.25,109.83,13.01,40.21,3207,85.0
AN Cook,ODI,male,5,36.83,77.26,8.99,57.78,3204,62.3
GJ Maxwell,BBL,male,1,34.37,155.3,20.02,30.52,3196,94.4
AK Markram,Test,male,5,35.47,59.03,8.66,72.17,3192,76.5
HK Matthews,T20I,female,5,30.68,116.8,17.24,45.24,3191,89.2
SB Styris,ODI,male,4,38.83,81.52,7.71,50.38,3184,66.7
HDRL Thirimanne,ODI,male,5,35.55,72.44,6.18,53.21,3164,51.9
PR Stirling,T20I,male,5,26.55,133.9,20.3,42.75,3160,75.9
BL Mooney,ODI,female,4,50.08,89.45,9.75,47.07,3155,89.1
Virandeep Singh,T20I,male,5,35.36,125.93,16.05,37.62,3147,76.4
Shubman Gill,ODI,male,4,57.11,99.05,13.47,50.68,3141,91.8
DJM Short,BBL,male,1,34.11,131.46,17.26,36.74,3138,76.7
Shafali Verma,T20I,female,5,28.78,138.5,21.94,39.87,3137,93.5
ER Oza,T20I,female,5,34.05,119.53,16.44,43.8,3133,91.0
AJ Finch,T20I,male,5,34.29,142.53,19.83,37.6,3120,87.2
N Pooran,CPL,male,4,29.98,150.56,20.47,38.39,3118,86.2
GH Lewis,T20I,female,5,31.72,117.59,17.66,44.33,3109,90.5
BR McDermott,BBL,male,1,34.11,138.08,16.01,33.32,3104,81.4
MR Marsh,ODI,male,4,37.83,94.46,11.91,52.31,3102,82.7
MM Ali,Test,male,2,28.13,51.8,6.85,74.08,3094,57.9
C Munro,CPL,male,4,34.72,132.16,18.22,39.73,3090,79.4
SFM Devine,ODI,female,4,37.62,89.27,10.53,51.19,3085,85.5
N Rana,IPL,male,2,27.73,137.72,19.64,39.24,3078,64.2
MDKJ Perera,ODI,male,4,30.17,93.24,11.97,52.03,3077,75.6
JO Holder,Test,male,2,30.02,54.86,7.45,74.14,3062,64.8
SS Iyer,ODI,male,4,45.57,97.73,11.33,45.97,3053,89.0
Umar Akmal,ODI,male,4,32.6,84.81,8.53,50.43,3032,66.6
Sarfraz Ahmed,Test,male,5,37.42,70.16,7.36,60.83,3031,81.7
SFM Devine,T20I,female,5,31.16,125.75,16.35,39.06,3023,92.1
MN Samuels,Test,male,2,33.94,48.57,7.06,76.96,3021,58.3
GJ Bailey,ODI,male,4,40.69,83.13,7.65,50.77,3011,68.4
DM Bravo,ODI,male,5,29.77,69.59,7.34,59.75,3007,44.0
BJ Haddin,ODI,male,4,32.29,84.14,9.89,55.48,3003,66.9
Q de Kock,T20I,male,5,30.78,142.46,20.47,37.93,2986,85.2
CR Ervine,ODI,male,5,33.89,78.64,8.76,56.49,2982,60.6
L Wolvaardt,T20I,female,5,39.69,123.84,16.43,36.36,2977,94.2
Mohammad Rizwan,PSL,male,4,39.65,128.02,15.15,32.24,2974,60.2
RD Berrington,ODI,male,5,35.81,77.26,7.64,55.13,2972,58.4
HH Pandya,IPL,male,4,27.7,146.37,19.01,33.09,2964,71.9
TM Head,ODI,male,1,42.78,105.17,14.71,49.95,2952,91.2
M Raj,ODI,female,4,57.82,69.65,7.35,57.25,2949,67.7
MS Wade,BBL,male,1,30.06,141.84,17.0,30.62,2946,83.2
S Luus,ODI,female,5,30.36,71.58,7.41,56.44,2945,60.7
JW Wells,BBL,male,3,33.74,121.68,11.94,30.89,2935,60.4
WP Saha,IPL,male,2,24.25,127.57,16.65,37.61,2934,48.4
Shan Masood,Test,male,2,30.8,52.62,5.63,71.48,2926,56.4
MV Boucher,Test,male,2,28.97,49.45,5.8,73.09,2926,51.5
Shubman Gill,Test,male,5,42.28,61.04,7.8,68.59,2917,82.7
JC Buttler,Test,male,2,31.95,54.18,6.97,73.55,2907,64.3
AM Rahane,ODI,male,5,35.01,78.52,8.7,54.69,2906,62.5
Mahmudullah,Test,male,2,34.12,53.49,6.69,72.17,2900,64.7
J Blackwood,Test,male,2,30.19,53.94,7.18,74.33,2898,62.4
AE Satterthwaite,ODI,female,4,51.7,81.96,9.0,51.59,2895,83.0
BB McCullum,IPL,male,2,27.71,131.6,19.32,42.83,2882,58.1
Mohammad Rizwan,ODI,male,4,41.75,84.71,8.2,48.16,2881,72.9
RA Jadeja,ODI,male,4,32.36,85.66,7.85,48.19,2880,65.4
E Lewis,CPL,male,4,26.63,141.54,21.06,47.49,2876,74.3
DL Vettori,Test,male,5,35.92,64.69,8.17,66.85,2874,80.9
Imam-ul-Haq,ODI,male,4,46.79,82.97,7.7,49.94,2854,71.2
N Dickwella,Test,male,5,30.68,66.43,7.54,64.47,2853,75.7
PA Patel,IPL,male,2,22.6,120.78,17.56,42.11,2848,41.6
RD Gaikwad,IPL,male,4,38.36,135.64,17.53,34.69,2839,71.1
T Taibu,ODI,male,5,32.91,68.11,5.49,57.98,2830,42.6
GJ Maxwell,IPL,male,2,23.9,155.12,21.95,35.64,2820,71.0
IJL Trott,ODI,male,4,51.25,77.06,5.99,48.63,2819,63.3
DJ Mitchell,ODI,male,4,58.54,94.68,10.18,46.66,2810,87.3
RL Chase,Test,male,2,26.22,46.94,5.25,74.81,2806,41.9
SE Marsh,BBL,male,1,41.82,129.9,15.95,35.65,2802,75.3
JI Rodrigues,T20I,female,5,29.35,118.24,14.5,34.27,2788,89.6
Sikandar Raza,T20I,male,5,25.55,135.72,17.01,38.06,2785,74.4
GJ Maxwell,T20I,male,5,28.13,154.38,20.84,33.37,2785,88.3
Mohammad Yousuf,ODI,male,4,42.82,75.71,6.77,51.77,2783,60.4
DA Miller,T20I,male,5,33.88,141.37,16.39,30.69,2778,85.1
MA Agarwal,IPL,male,2,23.03,133.79,18.15,37.12,2764,52.4
SR Taylor,T20I,female,5,32.9,105.62,12.95,43.68,2764,83.6
DP Conway,Test,male,2,42.48,54.23,7.23,72.95,2761,73.6
DJ Bravo,ODI,male,5,25.56,81.22,8.0,53.21,2760,52.4
Yuvraj Singh,IPL,male,2,24.81,129.78,17.3,41.94,2754,48.9
Kamran Akmal,ODI,male,5,25.19,83.04,10.52,58.12,2746,57.3
JR Philippe,BBL,male,1,27.45,137.11,17.23,33.62,2745,74.7
Syed Aziz,T20I,male,5,28.54,135.04,18.73,41.94,2740,77.7
V Sehwag,IPL,male,0,27.56,155.44,25.07,37.04,2728,76.3
AJ Healy,T20I,female,5,27.27,130.54,20.34,42.22,2727,91.0
RS Bopara,ODI,male,5,30.91,77.94,6.9,52.12,2689,53.5
Mohammad Rizwan,Test,male,2,37.77,54.37,5.98,70.06,2682,66.4
Waseem Muhammad,T20I,male,5,33.52,149.83,21.12,37.77,2682,89.6
WTS Porterfield,ODI,male,5,30.0,68.8,7.76,61.89,2670,44.3
NR Sciver,ODI,female,4,45.22,95.73,10.76,44.42,2668,91.8
AD Russell,IPL,male,0,27.95,174.1,26.89,39.21,2655,78.0
Sidra Ameen,ODI,female,5,40.18,68.83,7.24,59.36,2652,61.8
N Koncharoenkai,T20I,female,0,30.46,93.28,10.07,45.76,2650,72.2
Mohammad Yousuf,Test,male,5,52.72,55.79,7.11,71.11,2636,78.4
A Balbirnie,ODI,male,5,33.69,75.37,8.26,57.24,2628,55.6
AE Jones,ODI,female,4,34.97,86.74,10.62,52.02,2623,81.8
SE Marsh,ODI,male,4,39.13,80.55,8.05,53.43,2622,64.9
M Vijay,IPL,male,2,25.93,121.87,15.73,43.09,2619,42.9
MV Boucher,ODI,male,4,33.55,89.96,8.73,47.06,2617,72.5
RR Rossouw,PSL,male,4,33.03,145.75,20.45,33.91,2609,76.7
KA Pollard,ODI,male,4,26.08,93.08,10.49,53.46,2608,67.0
P Nissanka,T20I,male,5,30.66,127.81,16.53,38.06,2606,74.9
YBK Jaiswal,IPL,male,0,33.24,152.8,24.81,39.25,2593,79.5
D Ramdin,Test,male,2,26.17,48.92,6.44,75.4,2591,49.9
M Kapp,ODI,female,4,38.66,88.64,9.72,48.12,2590,84.5
YBK Jaiswal,Test,male,5,47.93,66.43,9.52,67.51,2588,90.1
MJ Guptill,Test,male,2,29.39,46.61,6.31,77.45,2586,47.8
SC Ganguly,Test,male,5,47.72,58.37,7.41,69.69,2577,80.5
JL Langer,Test,male,5,52.2,59.31,7.84,70.42,2558,83.6
RR Sarwan,Test,male,2,41.93,53.91,7.06,72.48,2558,71.8
HG Munsey,ODI,male,4,41.24,92.34,12.75,56.66,2557,81.4
Ahmed Shehzad,ODI,male,5,32.34,72.18,7.91,59.97,2555,49.6
LMP Simmons,CPL,male,4,31.82,120.66,16.07,45.45,2546,61.9
Nigar Sultana,T20I,female,0,28.54,95.2,10.31,43.82,2540,73.6
AK Markram,ODI,male,4,36.27,97.8,12.33,49.15,2539,84.6
MM Lanning,T20I,female,5,39.66,115.05,15.5,41.3,2538,90.3
KS Williamson,T20I,male,5,33.38,124.3,14.75,34.98,2537,74.0
Karanbir Singh,T20I,male,1,50.74,174.12,28.69,44.13,2537,92.1
SO Hetmyer,CPL,male,4,28.49,144.42,18.28,35.36,2536,80.6
HC Knight,T20I,female,5,28.76,122.15,15.01,34.31,2531,90.1
HE van der Dussen,ODI,male,4,48.63,86.85,8.38,48.15,2529,76.9
SD Hope,CPL,male,4,32.84,125.82,14.28,35.22,2529,67.7
N Pooran,IPL,male,0,30.45,163.77,23.01,35.13,2527,82.0
L Lee,ODI,female,4,37.0,84.66,12.38,60.94,2516,80.0
B Sai Sudharsan,IPL,male,4,48.37,149.17,20.23,29.0,2515,88.0
BKG Mendis,T20I,male,5,25.88,129.78,16.39,37.54,2510,72.0
HG Munsey,T20I,male,5,33.0,144.55,21.84,40.52,2508,86.5
SD Hope,Test,male,2,28.15,43.76,5.14,76.86,2505,38.0
MA Starc,Test,male,2,20.15,59.08,7.26,70.86,2498,59.6
SPD Smith,IPL,male,4,34.65,128.28,14.7,30.95,2495,62.4
DP Hughes,BBL,male,3,27.41,122.31,14.17,35.9,2494,54.7
SE Marsh,IPL,male,4,39.51,133.03,18.55,37.04,2489,69.0
AJ Turner,BBL,male,1,28.24,147.83,16.72,28.91,2485,81.5
MP Vaughan,Test,male,2,37.06,50.04,6.93,75.7,2483,62.1
TA Blundell,Test,male,2,34.47,53.82,6.92,72.83,2482,65.4
Liton Das,ODI,male,4,29.5,85.27,10.39,54.37,2478,65.4
RR Hendricks,T20I,male,5,28.45,129.38,17.46,36.43,2475,76.8
Liton Das,T20I,male,5,23.5,128.96,16.73,37.58,2467,68.6
MW Short,BBL,male,1,29.01,141.89,17.32,34.52,2466,79.3
SC Ganguly,ODI,male,5,36.6,72.01,8.08,58.97,2452,54.5
EJG Morgan,T20I,male,5,29.08,136.71,17.07,35.59,2443,80.0
Mohammad Hafeez,T20I,male,5,26.2,122.34,16.06,41.16,2437,65.9
JC Silk,BBL,male,3,31.14,124.63,11.44,28.07,2429,60.3
JH Kallis,IPL,male,2,28.55,109.23,13.46,40.91,2427,39.0
Nazmul Hossain Shanto,Test,male,2,31.08,52.14,6.37,72.94,2424,59.1
KIC Asalanka,ODI,male,4,39.67,89.56,9.47,49.48,2420,77.9
Babar Hayat,T20I,male,5,28.75,131.18,16.13,39.71,2415,73.6
HM Nicholls,ODI,male,5,32.64,78.79,8.03,53.02,2415,58.5
DJ Mitchell,Test,male,2,43.05,53.08,6.14,71.6,2411,68.7
CH Gayle,CPL,male,4,35.41,131.73,18.93,46.72,2408,76.2
AC Kerr,ODI,female,5,37.53,78.06,7.86,52.39,2402,73.0
Shoaib Malik,T20I,male,5,31.89,126.23,13.83,32.51,2392,72.9
Nizakat Khan,T20I,male,5,22.32,122.84,14.4,35.96,2388,60.8
DB Sharma,ODI,female,5,35.63,71.23,6.89,53.75,2387,62.4
Fakhar Zaman,T20I,male,5,24.11,133.58,17.85,37.55,2387,73.0
AT Carey,Test,male,5,35.1,64.44,7.4,65.5,2387,77.5
DR Smith,IPL,male,2,28.39,135.2,20.52,44.61,2385,61.6
Abhishek Sharma,IPL,male,0,29.37,171.27,26.49,34.85,2379,83.0
AT Carey,ODI,male,4,33.49,88.7,9.32,48.94,2378,72.5
Shoaib Malik,PSL,male,4,33.57,128.14,13.74,30.32,2350,56.3
Soumya Sarkar,ODI,male,4,33.39,95.04,13.14,54.58,2337,78.4
SR Tendulkar,IPL,male,2,34.84,119.82,16.68,39.68,2334,54.5
AD Hales,ODI,male,4,37.58,95.57,12.92,52.87,2330,83.0
Abdul Razzaq,ODI,male,4,33.24,89.36,9.25,51.23,2327,71.0
Theertha Satish,T20I,female,5,34.19,111.46,13.9,40.94,2325,87.4
R Powell,T20I,male,5,26.35,141.92,18.05,37.58,2319,79.1
BA King,CPL,male,4,28.91,131.35,19.42,44.24,2313,70.4
P Nissanka,ODI,male,4,36.11,85.15,11.79,57.0,2311,72.5
K Bhurtel,T20I,male,5,32.07,137.11,19.48,41.33,2309,81.4
MDKJ Perera,T20I,male,5,25.92,132.82,17.04,36.04,2307,74.8
Anshuman Rath,T20I,male,5,32.49,128.24,16.12,35.02,2307,77.4
Mohammad Ashraful,ODI,male,5,21.91,68.79,7.65,60.21,2301,34.7
MG Erasmus,T20I,male,5,33.76,130.45,15.11,35.06,2296,77.5
Shakib Al Hasan,T20I,male,5,23.66,122.47,15.1,36.02,2295,63.6
ME Trescothick,Test,male,5,47.73,57.09,8.87,73.71,2291,80.6
RA Tripathi,IPL,male,2,26.33,137.85,18.89,36.28,2291,61.4
Sarfraz Ahmed,ODI,male,4,34.16,88.0,7.15,43.1,2289,66.8
KJ Coetzer,ODI,male,4,39.31,82.13,11.53,60.37,2280,70.3
MM Ali,ODI,male,3,23.73,96.65,11.46,50.06,2278,68.6
D Padikkal,IPL,male,2,26.71,133.14,18.83,38.18,2270,56.5
SE Marsh,Test,male,2,34.32,43.85,5.3,77.17,2265,43.8
Bismah Maroof,T20I,female,0,28.59,92.66,7.92,40.98,2259,68.5
MP O'Dowd,ODI,male,5,34.21,73.34,8.28,59.37,2258,53.6
MR Marsh,T20I,male,5,33.67,141.98,19.89,38.26,2256,86.0
MP O'Dowd,T20I,male,5,28.92,122.81,15.95,38.87,2256,69.9
MG Erasmus,ODI,male,5,35.2,76.55,7.78,56.24,2253,56.7
AD Hales,BBL,male,1,31.7,148.68,21.99,37.12,2251,86.2
TG Southee,Test,male,0,15.48,82.69,11.57,65.08,2245,70.0
MP Stoinis,IPL,male,4,28.74,147.5,19.61,33.55,2242,74.4
Imrul Kayes,ODI,male,5,31.58,70.95,8.07,59.81,2242,48.4
DR Martyn,ODI,male,5,39.98,77.02,7.22,52.25,2239,60.2
Mehedi Hasan Miraz,Test,male,2,23.8,50.16,6.26,74.55,2237,48.2
NLTC Perera,ODI,male,1,19.59,112.78,12.68,42.53,2233,70.8
RK Paudel,ODI,male,5,29.76,72.99,6.41,56.15,2232,44.4
TL Seifert,T20I,male,5,30.11,146.29,20.68,37.69,2228,85.9
A Flintoff,Test,male,5,36.52,60.54,8.89,72.61,2228,77.2
GD Phillips,T20I,male,5,31.8,142.78,17.25,33.03,2226,84.9
M du Preez,ODI,female,5,34.2,70.46,6.97,55.53,2223,60.0
Mahmudullah,T20I,male,5,24.16,117.81,12.56,36.04,2223,57.0
MD Patel,ODI,male,5,33.15,81.41,7.95,51.69,2221,61.0
HH Pandya,T20I,male,5,27.76,145.07,18.48,33.83,2221,83.6
AI Ross,BBL,male,3,27.61,128.96,13.89,31.41,2209,61.4
N Chantam,T20I,female,0,26.61,98.7,13.14,50.67,2209,74.3
S Dhawan,Test,male,5,39.43,65.68,9.16,67.52,2208,85.0
MR Marsh,BBL,male,1,35.85,135.5,15.68,34.14,2187,78.7
Salman Butt,ODI,male,5,35.84,76.27,9.8,59.63,2186,61.2
DS Airee,T20I,male,5,35.21,140.93,16.27,31.38,2183,84.8
EA Perry,T20I,female,5,32.04,120.59,14.22,34.59,2179,90.9
N Pooran,T20I,male,5,25.31,134.8,17.77,40.62,2177,72.9
ML Green,ODI,female,5,32.97,77.25,7.28,50.91,2176,68.7
J Weatherald,BBL,male,2,25.6,131.24,18.15,40.11,2176,62.1
R Dravid,IPL,male,2,28.23,115.52,15.78,41.45,2174,44.1
A Flintoff,ODI,male,4,36.13,91.21,11.32,53.47,2168,77.3
JM Vince,BBL,male,1,31.79,131.83,16.28,34.51,2162,73.8
NJ Maddinson,BBL,male,2,20.98,124.34,16.23,43.33,2161,46.4
SA Edwards,ODI,male,4,40.68,86.41,6.81,46.25,2156,68.3
MH Cross,ODI,male,5,24.74,73.42,7.2,57.11,2152,40.1
KL Rahul,T20I,male,5,36.42,139.18,17.94,34.26,2149,86.5
BB McCullum,T20I,male,5,35.75,136.1,18.4,39.28,2145,82.9
JO Holder,ODI,male,3,25.22,89.52,9.19,49.14,2144,62.7
SP Fleming,ODI,male,5,34.4,72.75,9.86,64.56,2133,56.2
T Brits,T20I,female,5,32.82,108.16,13.54,42.85,2133,84.8
KS Williamson,IPL,male,4,35.53,125.63,14.79,34.35,2132,59.4
H Klaasen,ODI,male,1,44.4,117.35,14.92,42.07,2131,94.3
S Dube,IPL,male,4,31.31,145.42,18.37,34.36,2129,72.2
BRM Taylor,Test,male,5,37.33,57.4,6.72,69.68,2128,71.4
UT Khawaja,BBL,male,1,32.23,131.7,17.96,36.72,2127,75.3
V Sibanda,ODI,male,5,22.37,62.98,7.71,67.49,2125,30.5
MT Renshaw,BBL,male,3,27.23,135.63,15.07,30.97,2124,68.7
AD Russell,CPL,male,5,27.44,169.72,25.54,38.71,2113,84.0
KOA Powell,Test,male,2,25.77,50.89,7.11,74.93,2113,53.8
R Powell,CPL,male,4,26.4,134.1,17.02,41.46,2112,67.3
ME Trescothick,ODI,male,4,35.75,83.46,11.59,58.05,2109,69.9
HAPW Jayawardene,Test,male,2,30.97,48.95,5.56,73.8,2106,50.4
H Klaasen,IPL,male,4,42.08,166.72,21.08,24.72,2104,90.4
DJS Dottin,T20I,female,5,27.32,122.4,16.35,45.49,2104,87.0
HH Gibbs,Test,male,5,36.89,57.01,9.14,74.76,2103,73.9
JP Duminy,Test,male,2,32.86,46.28,5.81,76.3,2103,48.4
JK Silva,Test,male,2,28.36,40.27,4.6,78.76,2099,32.7
AN Petersen,Test,male,2,34.88,51.76,6.63,73.96,2093,61.9
AJ Finch,IPL,male,2,25.2,127.95,17.86,41.77,2092,48.6
AR Patel,IPL,male,3,21.76,133.74,15.75,32.78,2089,49.1
HDRL Thirimanne,Test,male,3,26.43,39.44,3.97,78.13,2088,29.9
MR Marsh,Test,male,2,28.53,56.3,8.16,74.16,2083,65.1
Aasif Sheikh,ODI,male,5,30.51,75.05,9.37,61.23,2075,53.2
D Ramdin,ODI,male,5,24.67,79.91,7.1,50.4,2072,47.5
AC Gilchrist,IPL,male,5,27.22,138.39,22.14,45.02,2069,62.1
MG Johnson,Test,male,2,22.2,58.4,7.92,73.3,2065,60.4
DT Christian,BBL,male,3,22.45,135.41,15.61,35.67,2065,59.5
CL White,ODI,male,5,34.8,80.35,7.4,51.23,2053,60.0
E Lewis,ODI,male,4,37.98,88.22,11.44,57.89,2051,74.3
AC Kerr,T20I,female,5,31.52,118.58,14.29,33.97,2049,90.4
O Prendergast,T20I,female,5,30.55,123.02,15.93,38.28,2047,90.8
RD Berrington,T20I,male,5,31.38,133.16,15.27,33.55,2040,77.5
HWR Cartwright,BBL,male,3,27.9,124.89,14.53,37.28,2037,56.9
BC Lara,Test,male,5,67.87,64.84,9.01,68.89,2036,89.5
CR Woakes,Test,male,2,25.11,52.93,6.9,72.91,2034,55.2
DM Bravo,CPL,male,4,28.63,115.71,13.43,43.65,2033,49.2
CT Bancroft,BBL,male,3,31.72,121.85,11.94,31.45,2030,56.6
JP Duminy,IPL,male,4,39.78,124.02,12.53,31.54,2029,58.5
A Balbirnie,T20I,male,5,23.86,122.61,16.38,41.41,2028,62.8
BJ Bennett,T20I,male,5,33.78,144.17,21.41,37.48,2027,88.3
MS Atapattu,ODI,male,5,34.91,68.57,6.81,57.33,2025,47.1
AD Hales,T20I,male,5,31.14,139.39,19.9,37.47,2024,84.1
CS MacLeod,ODI,male,5,34.15,79.83,9.23,55.55,2015,62.2
MD Shanaka,T20I,male,5,21.14,129.38,15.91,39.18,2008,62.2
CJL Rogers,Test,male,2,42.72,50.44,6.78,77.02,2008,64.8
Saud Shakeel,Test,male,2,42.68,50.57,5.47,70.61,2006,62.7
AC Gilchrist,Test,male,0,38.56,84.24,11.89,61.22,2005,88.7
SB Harper,BBL,male,3,22.52,134.41,16.57,36.02,2004,60.8
GH Lewis,ODI,female,5,35.79,71.16,9.66,63.03,2004,65.6
CL Tryon,ODI,female,1,29.85,108.87,13.83,46.22,2000,86.3
WA Young,ODI,male,4,35.02,84.58,10.59,55.21,1996,70.1
CAK Walton,CPL,male,4,24.57,118.88,15.89,45.28,1990,51.6
KJ O'Brien,ODI,male,1,26.89,95.35,11.79,50.79,1990,72.0
CJ Chibhabha,ODI,male,5,23.38,65.08,7.11,63.97,1987,30.4
Jatinder Singh,ODI,male,5,30.55,77.25,9.53,60.48,1986,55.6
AT Carey,BBL,male,1,33.66,131.18,16.64,34.94,1986,73.8
M Hill,T20I,female,0,23.89,97.49,12.09,48.92,1983,71.4
KH Pandya,IPL,male,2,23.32,133.83,16.81,36.39,1982,50.2
RP Burl,T20I,male,5,27.87,127.1,14.52,35.45,1979,70.4
MEK Hussey,IPL,male,2,38.76,122.64,15.51,37.59,1977,56.7
LRPL Taylor,T20I,male,5,25.97,122.08,12.37,34.38,1974,62.1
S Sesazi,T20I,male,5,28.97,123.05,17.18,43.97,1970,68.7
M Labuschagne,ODI,male,4,33.9,81.92,7.04,47.46,1966,60.7
RL Haynes,ODI,female,4,44.68,81.01,9.6,55.13,1966,80.2
LMP Simmons,ODI,male,5,32.1,73.09,7.91,60.28,1958,48.9
SL Kalis,T20I,female,5,35.6,105.21,13.16,45.35,1958,83.0
RR Patel,T20I,male,5,33.17,136.95,18.47,39.33,1957,81.8
Kamran Akmal,PSL,male,4,27.35,136.76,20.99,42.82,1942,59.0
AK Markram,T20I,male,5,31.77,148.73,20.03,31.93,1938,89.4
Bismah Maroof,ODI,female,5,35.89,66.08,5.46,57.65,1938,52.2
MS Chapman,T20I,male,5,26.19,137.94,17.51,35.3,1938,77.9
H Madavi,T20I,female,0,27.25,101.31,11.57,44.87,1935,77.0
CH Gayle,T20I,male,5,28.41,138.99,20.65,45.47,1932,77.7
C Green,Test,male,2,34.29,50.12,5.9,73.84,1920,55.5
Inzamam-ul-Haq,ODI,male,5,36.85,78.98,7.87,52.14,1916,61.7
JJ Peirson,BBL,male,3,21.75,122.77,13.47,34.57,1914,43.8
GD Elliott,ODI,male,5,33.56,81.61,7.51,51.11,1913,59.9
Sohail Ahmed,T20I,male,5,42.33,119.29,12.77,35.69,1905,69.4
BA King,T20I,male,5,26.07,134.39,20.48,43.22,1903,74.7
HH Pandya,ODI,male,1,33.28,111.07,12.7,43.21,1897,84.9
T Bavuma,ODI,male,4,43.05,88.46,10.0,51.0,1894,78.8
TT Beaumont,T20I,female,5,25.93,112.75,15.13,42.23,1893,84.0
PP Shaw,IPL,male,2,23.95,147.47,23.3,37.57,1892,66.2
JP Inglis,BBL,male,1,29.03,139.16,17.55,31.93,1887,79.1
CJ Ferguson,BBL,male,3,26.89,124.14,13.06,29.95,1882,53.8
JP Duminy,T20I,male,5,38.37,126.09,13.68,33.2,1880,74.7
R Parag,IPL,male,2,25.39,144.32,18.74,34.56,1879,63.1
BC Lara,ODI,male,5,33.54,78.12,8.86,57.15,1878,58.4
Abdullah Shafique,Test,male,2,38.33,44.64,4.85,75.45,1878,47.6
SJ Bryce,T20I,female,5,30.75,112.88,13.84,40.85,1876,86.3
DJ Malan,T20I,male,5,36.75,134.05,18.31,36.62,1874,84.0
Shan Masood,PSL,male,4,29.68,133.76,17.81,33.62,1870,60.2
Kamran Akmal,Test,male,4,29.63,62.78,9.31,71.15,1867,73.9
Taufeeq Umar,Test,male,2,40.59,44.69,6.01,77.38,1867,52.8
V Aravind,ODI,male,5,31.08,68.29,7.18,60.38,1865,42.7
R Ravindra,Test,male,5,47.82,64.29,8.27,67.49,1865,86.3
P Simran Singh,IPL,male,0,29.6,156.85,24.39,37.51,1865,77.4
Imam-ul-Haq,Test,male,2,34.54,47.77,5.58,75.13,1865,50.5
Muneeba Ali,T20I,female,0,20.67,101.36,12.97,46.76,1860,72.1
Tilak Varma,IPL,male,4,35.73,144.7,18.22,31.23,1858,76.4
MR Marsh,IPL,male,2,30.92,148.52,21.3,37.47,1855,74.7
DJ Bravo,Test,male,2,31.98,50.03,6.77,76.21,1855,56.4
AE Jones,T20I,female,5,20.61,122.44,15.64,35.12,1855,83.6
DJG Sammy,ODI,male,1,24.71,99.78,12.28,52.5,1853,69.5
PD Salt,T20I,male,1,34.94,163.75,24.23,31.56,1852,94.6
T Brits,ODI,female,5,34.22,81.37,10.61,56.8,1848,76.2
EC Joyce,ODI,male,5,32.95,70.88,7.57,58.55,1845,47.7
NR Sciver,T20I,female,5,25.82,113.43,12.81,35.58,1833,83.4
DJ Mitchell,T20I,male,5,26.96,140.24,15.0,27.7,1833,76.8
N Pooran,ODI,male,4,38.91,97.91,11.62,50.59,1829,83.7
SP Narine,IPL,male,0,17.5,165.3,28.25,45.41,1820,58.8
KU Carty,ODI,male,5,41.23,75.55,7.75,56.1,1814,58.6
Yasmeen Khan,T20I,female,0,21.82,99.4,12.13,49.12,1811,69.9
N Chaiwai,T20I,female,0,23.52,83.65,7.3,46.84,1811,55.5
DPMD Jayawardene,IPL,male,2,28.25,123.5,16.39,38.25,1808,49.6
Azhar Ali,ODI,male,5,36.86,74.84,7.38,53.92,1806,55.6
A Sharafu,T20I,male,5,31.09,131.51,18.23,40.7,1803,77.2
NT Miles,T20I,female,0,26.9,88.9,9.42,47.41,1802,65.5
S Luus,T20I,female,5,22.77,112.44,13.63,37.81,1799,81.1
Nida Dar,T20I,female,0,18.91,102.98,10.78,39.33,1796,69.6
DP Conway,T20I,male,5,35.2,129.32,16.21,35.37,1795,78.8
NT Paranavitana,Test,male,2,32.58,41.93,4.94,77.68,1792,38.8
MS Wade,ODI,male,5,25.6,82.2,7.34,51.28,1792,51.1
RJ Burns,Test,male,2,30.32,43.81,5.44,78.18,1789,39.5
DJS Dottin,ODI,female,5,29.8,82.4,11.61,60.92,1788,73.7
A Vala,ODI,male,5,32.42,69.73,6.77,58.15,1783,44.3
RK Paudel,T20I,male,5,28.3,121.96,13.54,34.75,1783,66.4
K Kadowaki-Fleming,T20I,male,5,37.85,139.2,17.61,37.4,1779,84.8
Aasif Sheikh,T20I,male,5,25.41,122.61,16.2,42.38,1779,63.9
VD Philander,Test,male,2,24.04,44.53,5.53,76.8,1779,35.8
HT Tector,ODI,male,4,46.71,84.08,8.76,51.73,1775,73.3
Asif Ali,T20I,male,5,20.88,132.07,17.86,43.38,1775,63.4
DM de Silva,ODI,male,5,26.01,77.96,8.46,54.96,1769,50.1
JI Rodrigues,ODI,female,4,34.0,90.07,9.98,47.02,1768,82.1
S Dhawan,T20I,male,5,27.92,126.36,17.31,39.08,1759,72.1
Imrul Kayes,Test,male,2,24.32,47.67,6.62,76.64,1751,45.1
B de Leede,T20I,female,0,22.7,98.09,11.5,46.35,1748,71.1
TM Dilshan,T20I,male,5,26.88,120.07,16.43,39.93,1747,66.1
Waseem Muhammad,ODI,male,5,25.29,87.25,11.35,60.5,1745,58.7
Nazmul Hossain Shanto,ODI,male,5,32.87,78.5,9.46,56.24,1742,60.0
Yousuf Youhana,ODI,male,5,38.67,80.22,6.73,49.56,1740,60.9
M Bryant,BBL,male,2,24.15,141.04,19.87,39.66,1739,69.1
M Klinger,BBL,male,3,28.02,116.89,13.53,38.29,1737,46.7
CR Ervine,Test,male,2,31.49,48.76,5.91,74.27,1732,51.5
C Munro,T20I,male,5,31.44,156.61,21.74,34.51,1729,90.2
BJ Webster,BBL,male,3,29.25,121.04,12.13,33.87,1726,52.0
GD Phillips,CPL,male,4,33.15,132.01,17.53,41.12,1724,74.3
Shahid Afridi,T20I,male,5,17.58,157.78,20.7,33.42,1723,72.3
D Ndikubwimana,T20I,male,0,20.0,89.21,10.48,52.02,1720,30.6
DN Wyatt,ODI,female,3,25.24,93.46,10.95,49.62,1716,77.3
KK Nair,IPL,male,2,23.45,131.29,18.17,38.34,1712,49.2
TP Ura,T20I,male,1,34.92,161.87,21.67,33.87,1711,92.6
BCJ Cutting,BBL,male,2,22.79,142.54,18.35,37.7,1709,66.9
Haris Sohail,ODI,male,4,46.19,86.84,8.33,47.0,1709,75.1
Agha Salman,Test,male,5,36.34,61.44,7.27,67.7,1708,75.5
Mandeep Singh,IPL,male,2,20.8,122.91,15.42,37.68,1706,36.5
NM Lyon,Test,male,1,12.82,50.44,6.75,76.8,1705,40.6
Riazat Ali Shah,T20I,male,5,36.89,129.74,15.67,36.7,1697,78.2
MK Tiwary,IPL,male,2,28.73,116.98,13.53,36.58,1695,42.9
NJ O'Brien,ODI,male,5,29.68,71.97,7.02,57.04,1692,43.7
BR Dunk,BBL,male,3,22.86,127.41,14.68,36.52,1692,50.2
SP Fleming,Test,male,5,43.33,55.43,7.97,73.37,1690,76.1
KC Sangakkara,IPL,male,2,25.95,121.19,15.95,37.0,1687,44.8
WU Tharanga,Test,male,2,31.74,54.7,7.67,73.27,1682,65.6
TH David,T20I,male,1,35.68,168.88,24.07,30.72,1677,95.2
VR Iyer,IPL,male,2,31.64,142.0,19.9,37.93,1677,69.5
JM Bairstow,IPL,male,2,34.88,146.07,21.55,38.57,1674,75.7
HT Tector,T20I,male,5,24.26,119.91,12.46,31.38,1674,59.4
DJ Hussey,ODI,male,4,31.55,89.03,7.77,45.9,1672,65.7
Mohammad Hafeez,PSL,male,4,26.97,123.3,15.86,38.94,1672,41.8
DP Conway,ODI,male,4,44.0,87.63,12.0,55.61,1672,78.5
AK Markram,IPL,male,4,29.84,135.41,16.13,30.31,1671,62.9
Umar Akmal,T20I,male,5,25.68,122.63,12.93,34.9,1669,62.5
Shoaib Malik,CPL,male,4,34.75,117.55,11.21,30.94,1668,60.0
DS Airee,ODI,male,5,25.26,78.08,7.26,53.68,1667,45.4
JM Bairstow,T20I,male,5,30.31,137.43,18.38,38.25,1667,80.5
SD Hope,T20I,male,5,29.75,137.35,18.3,37.35,1666,80.5
W Jaffer,Test,male,2,39.57,49.2,6.78,75.73,1662,61.9
FH Allen,T20I,male,1,29.68,171.16,26.88,38.62,1662,88.8
HC Brook,T20I,male,1,36.93,165.37,21.79,28.76,1662,95.0
Fiaz Ahmed,T20I,male,5,35.34,124.33,14.75,38.4,1661,72.0
KR Mayers,CPL,male,0,19.54,127.48,18.19,46.89,1661,51.3
L Lee,T20I,female,5,25.51,114.98,17.27,48.27,1658,82.7
GS Ballance,Test,male,2,40.32,47.64,6.31,76.17,1653,58.0
SJ Taylor,ODI,female,4,34.4,88.38,10.39,48.93,1651,81.7
KE Bryce,T20I,female,5,35.11,109.93,14.52,44.24,1650,85.6
H Masakadza,Test,male,2,29.98,45.43,5.87,77.52,1649,43.3
A Hunter,T20I,female,5,29.38,113.92,13.85,40.58,1645,85.6
Meet Bhavsar,T20I,male,5,28.34,130.68,15.9,36.17,1644,74.0
Taranjeet Singh,T20I,male,1,35.74,158.23,26.47,41.0,1644,90.1
KKN Egodage,T20I,female,0,31.0,88.24,8.86,47.26,1643,66.0
MJ Santner,ODI,male,3,26.9,91.98,9.47,49.38,1641,66.7
A Gardner,T20I,female,5,25.59,130.1,17.95,38.2,1638,89.0
AT Rayudu,ODI,male,4,46.77,78.18,7.98,52.53,1637,65.5
SW Billings,BBL,male,1,27.69,138.59,16.71,31.38,1634,74.6
C Munro,PSL,male,4,33.33,149.82,21.56,35.05,1633,79.0
D van Niekerk,T20I,female,0,29.69,96.68,11.6,47.07,1633,75.0
Abhishek Sharma,T20I,male,1,30.74,187.24,30.8,35.63,1629,91.8
KD Karthik,ODI,male,5,29.0,73.42,8.0,57.28,1624,47.3
Tamim Iqbal,T20I,male,5,24.61,120.03,16.04,42.2,1624,60.9
Aaron Jones,ODI,male,5,33.75,71.9,6.48,56.01,1620,46.9
Tilak Varma,T20I,male,5,44.97,145.72,18.72,31.95,1619,90.9
Salman Butt,Test,male,2,31.13,45.9,6.78,78.4,1619,49.0
Bilal Zalmai,T20I,male,1,28.89,158.94,25.64,41.85,1618,85.4
SC Williams,T20I,male,5,23.79,129.75,15.88,33.12,1618,69.1
MS Wade,Test,male,2,29.87,50.36,5.87,73.96,1613,51.5
RM Patidar,IPL,male,4,33.58,164.49,22.04,29.8,1612,85.0
H Madavi,ODI,female,5,36.59,70.4,7.0,56.97,1610,60.2
ND McKenzie,Test,male,2,39.27,41.95,5.55,78.9,1610,45.5
Ishan Kishan,T20I,male,5,29.78,146.31,22.02,39.22,1608,84.8
E Lewis,T20I,male,1,30.3,161.24,24.9,42.97,1606,85.7
A Gardner,ODI,female,1,31.45,108.09,13.88,45.75,1604,86.7
N Dickwella,ODI,male,4,31.45,93.42,11.59,49.97,1604,75.6
P Litchfield,ODI,female,4,44.56,91.92,13.3,54.79,1604,88.4
K Bhurtel,ODI,male,5,23.5,82.07,10.89,60.3,1598,52.4
Zeeshan Ali,T20I,male,5,27.53,133.19,18.6,39.45,1597,75.8
MD Gunathilaka,ODI,male,4,36.18,86.85,10.42,52.86,1592,72.6
AB de Villiers,T20I,male,5,25.66,134.04,15.92,33.95,1591,73.2
HMRKB Herath,Test,male,1,15.43,51.74,6.32,72.0,1589,45.0
Shadab Khan,PSL,male,4,21.73,141.23,17.28,33.3,1586,49.5
PJ Cummins,Test,male,1,16.33,47.07,5.68,77.36,1584,32.8
MS Dhoni,T20I,male,5,36.84,125.02,12.87,32.52,1584,72.1
OA Shah,ODI,male,5,32.9,82.28,7.82,49.61,1579,61.3
GA Priandana,T20I,male,0,21.31,105.7,14.01,49.66,1577,42.2
L Tucker,T20I,male,5,25.42,125.68,14.99,35.81,1576,66.7
GJ Bailey,BBL,male,1,32.12,135.57,15.07,29.54,1574,75.1
SO Hetmyer,T20I,male,5,25.37,140.32,18.2,36.57,1573,77.1
BJ McMullen,ODI,male,4,42.49,93.35,12.05,54.57,1572,81.4
NJ Astle,ODI,male,5,42.46,77.47,8.97,57.54,1571,63.3
KJ O'Brien,T20I,male,5,23.1,131.68,16.68,37.64,1571,68.1
Imran Farhat,Test,male,2,32.0,47.03,6.63,77.95,1568,50.5
CL White,BBL,male,3,27.03,115.55,12.23,37.29,1568,41.0
DR Smith,CPL,male,4,27.96,121.3,17.2,45.31,1566,57.8
SO Hetmyer,IPL,male,4,27.47,149.29,18.59,33.27,1566,68.8
D Ramdin,CPL,male,4,29.53,115.84,12.29,35.6,1565,54.3
Aliya Riaz,ODI,female,5,26.51,67.27,7.31,60.95,1564,49.6
DJ Bravo,IPL,male,2,22.61,129.57,15.45,37.54,1560,42.5
MA Leask,ODI,male,1,27.33,113.47,13.62,46.03,1558,78.9
PHKD Mendis,Test,male,5,53.66,63.17,7.71,68.13,1556,84.5
JO Holder,CPL,male,4,19.45,132.2,16.23,38.49,1556,56.9
TM Head,IPL,male,0,32.42,170.05,27.32,34.32,1556,84.4
Harbhajan Singh,Test,male,4,21.0,62.61,8.46,69.34,1554,64.4
NV Ojha,IPL,male,5,20.72,118.35,15.23,45.62,1554,29.7
RL Chase,CPL,male,4,29.28,128.48,15.48,35.76,1552,65.0
SK Raina,T20I,male,5,29.23,135.4,17.05,33.3,1549,79.3
JL Smith,Test,male,0,39.72,73.41,9.76,64.83,1549,86.7
JDP Oram,ODI,male,3,25.34,90.36,9.7,50.96,1546,63.3
J Charles,ODI,male,5,26.17,85.49,12.07,60.74,1544,59.7
UT Khawaja,ODI,male,4,42.75,84.19,8.86,49.62,1539,72.9
PJ Hughes,Test,male,2,32.66,53.56,7.33,74.91,1535,62.5
Yuvraj Singh,Test,male,5,32.64,58.3,8.74,72.71,1534,71.0
TD Paine,Test,male,2,32.64,45.72,5.31,74.87,1534,44.9
SR Mukkamalla,ODI,male,4,41.41,82.23,7.84,49.97,1532,67.0
SO Dowrich,Test,male,2,28.83,47.02,5.66,76.28,1528,43.6
JM Vince,PSL,male,4,28.79,139.11,20.97,37.19,1526,64.2
Sarfraz Ahmed,PSL,male,4,29.33,122.69,13.03,29.04,1525,47.4
Mohammad Ashraful,Test,male,2,22.73,48.77,6.15,75.34,1523,43.2
RRS Cornwall,CPL,male,0,19.01,150.3,24.6,49.21,1521,62.8
KA Pollard,T20I,male,5,25.32,135.62,16.88,38.21,1519,72.5
Mas Elysa,T20I,female,0,19.97,89.19,8.52,48.82,1518,56.8
Aarif Sheikh,ODI,male,5,28.11,66.38,5.33,55.71,1518,36.3
JJ Roy,T20I,male,5,24.47,138.03,20.2,42.31,1517,73.7
R Sandaruwan,T20I,male,5,22.98,139.3,20.11,43.43,1517,71.0
JA Rudolph,Test,male,2,29.75,44.57,6.37,79.32,1517,43.5
CR Woakes,ODI,male,3,24.03,89.96,8.26,46.41,1514,58.8
HAM Shah,T20I,male,5,40.89,133.66,16.96,37.28,1513,81.9
JN Frylinck,T20I,male,5,27.96,129.61,15.28,35.88,1510,72.0
P Kurup,T20I,male,0,26.47,108.41,13.72,43.61,1509,52.7
SO Hetmyer,ODI,male,1,34.3,108.17,12.11,44.95,1509,83.9
JDS Neesham,ODI,male,1,28.45,100.47,11.13,46.37,1508,75.2
Agha Salman,ODI,male,4,43.06,96.48,10.24,45.65,1507,84.1
CK Kapugedera,ODI,male,5,21.81,71.29,6.06,55.28,1505,32.4
C Munro,BBL,male,3,28.88,129.26,14.89,35.97,1502,61.2
AM Hardie,BBL,male,3,29.98,133.48,15.49,34.02,1499,69.3
M Kapp,T20I,female,0,20.81,107.69,11.21,37.6,1498,74.3
T Marumani,T20I,male,5,20.52,128.69,18.04,44.5,1498,60.2
DJ Hooda,IPL,male,3,17.61,127.62,13.64,32.99,1497,35.7
BA King,ODI,male,5,27.16,83.6,11.81,59.6,1494,60.2
SS Tiwary,IPL,male,2,28.73,120.1,12.94,34.41,1494,44.7
Towhid Hridoy,ODI,male,4,42.66,79.93,6.64,49.79,1493,61.7
BM Duckett,ODI,male,1,42.6,100.0,12.81,49.23,1491,87.5
MP Stoinis,ODI,male,3,27.07,94.0,11.49,52.02,1489,69.7
A Hunter,ODI,female,4,35.43,83.93,9.19,50.82,1488,77.5
MA Agarwal,Test,male,2,41.33,53.49,7.84,76.56,1488,69.1
F du Plessis,T20I,male,5,35.4,133.96,16.4,34.77,1487,80.8
L Delany,T20I,female,0,21.55,91.96,8.6,42.36,1487,62.6
R Rijke,T20I,female,0,21.23,102.2,10.94,42.57,1486,71.3
SPD Smith,BBL,male,1,46.41,151.53,17.96,27.76,1485,91.1
AC Voges,Test,male,5,61.88,55.68,7.16,71.35,1485,77.1
Fargana Hoque,ODI,female,2,28.56,50.8,4.14,65.99,1485,34.4
LMP Simmons,T20I,male,5,27.44,120.88,16.56,44.62,1482,63.8
Jatinder Singh,T20I,male,5,24.7,123.29,16.81,40.1,1482,64.7
SA Wittmann,T20I,female,0,18.52,94.7,13.74,54.89,1482,62.3
MN Samuels,T20I,male,5,28.25,116.96,15.53,44.75,1469,61.1
R Satheesan,T20I,male,5,33.32,149.9,22.7,39.78,1466,87.6
Soumya Sarkar,T20I,male,5,18.32,123.09,16.88,43.74,1466,52.9
SR Watson,T20I,male,5,29.3,145.34,19.74,37.9,1465,83.1
SIR Dunkley,T20I,female,5,25.67,123.36,17.2,40.89,1463,87.0
DPMD Jayawardene,T20I,male,5,31.78,132.55,18.22,37.53,1462,79.6
BM Halliday,ODI,female,5,34.0,78.69,8.83,54.47,1462,71.3
Yasir Hameed,ODI,male,5,37.41,66.99,7.48,63.04,1459,46.7
Shadman Islam,Test,male,2,28.02,50.49,6.03,72.63,1457,51.2
KIC Asalanka,T20I,male,5,23.87,127.94,15.03,36.56,1456,65.0
DL Vettori,ODI,male,3,20.42,85.14,7.4,46.62,1450,48.6
Muneeba Ali,ODI,female,5,25.4,63.04,7.71,64.13,1448,45.6
NND de Silva,T20I,female,0,21.89,103.58,8.6,35.77,1445,69.4
NE Bolton,ODI,female,5,40.08,71.58,7.54,57.44,1443,64.5
Manpreet Singh,T20I,male,5,24.88,127.93,12.77,31.74,1443,64.1
JA Burns,Test,male,2,36.97,56.39,7.78,73.64,1442,70.3
Azam Khan,PSL,male,4,24.86,143.77,20.34,37.19,1442,58.5
DR Martyn,Test,male,2,40.06,50.58,6.1,73.9,1442,61.4
S Badrinath,IPL,male,2,30.66,118.89,15.02,37.79,1441,47.2
CO Obuya,T20I,male,5,31.98,119.82,14.82,42.71,1439,65.2
Ahmer Bin Nisar,T20I,male,5,27.11,128.07,14.88,34.49,1437,70.0
Nigar Sultana,ODI,female,2,27.62,56.34,4.98,63.71,1436,37.0
PG Raut,ODI,female,5,39.89,62.65,7.02,63.0,1436,53.2
Ahmed Shehzad,T20I,male,5,25.64,115.34,14.78,41.93,1436,57.7
II Selemani,T20I,male,5,24.74,151.53,24.18,44.98,1435,77.4
MJ Guptill,CPL,male,4,29.88,115.74,13.24,40.11,1434,52.7
C de Grandhomme,Test,male,0,38.7,80.45,10.22,62.25,1432,86.9
SV Samson,T20I,male,5,27.54,156.16,22.36,34.57,1432,86.6
JJ Roy,PSL,male,4,35.72,147.78,22.85,35.57,1429,80.8
SC Williams,Test,male,5,37.58,64.06,8.34,67.88,1428,79.9
TH David,BBL,male,1,29.67,155.8,19.58,31.4,1424,85.5
CR Ervine,T20I,male,0,23.72,105.8,12.57,43.87,1423,45.3
Nasir Jamshed,ODI,male,5,31.51,75.39,8.98,59.81,1418,52.4
DJ Malan,ODI,male,4,56.72,97.86,12.28,47.83,1418,89.0
V Saini,T20I,male,5,31.49,127.77,14.7,31.02,1417,74.0
J Charles,T20I,male,5,22.48,128.03,19.62,49.46,1416,62.5
SS Iyer,T20I,male,5,32.16,138.05,16.59,30.34,1415,82.0
Y Daswani,T20I,female,0,27.19,85.7,8.12,47.39,1414,60.5
T Chetty,ODI,female,5,28.86,70.38,6.32,54.06,1414,53.6
Faisal Khan,T20I,male,1,32.86,171.9,27.98,38.44,1413,90.4
Javeria Khan,ODI,female,5,27.61,63.28,6.88,62.65,1408,44.7
Mehedi Hasan Miraz,ODI,male,5,20.71,79.15,8.54,55.65,1408,44.2
HE van der Dussen,T20I,male,5,33.5,128.73,13.82,32.48,1407,73.7
Sulaimon Runsewe,T20I,male,0,20.39,107.16,12.34,43.87,1407,40.2
SA Campbelle,ODI,female,5,21.3,61.4,5.85,61.7,1406,33.3
EJG Morgan,IPL,male,5,22.68,122.47,15.33,41.64,1406,36.1
WIA Fernando,ODI,male,3,29.89,87.27,10.56,54.22,1405,66.0
KY Chan,T20I,female,0,18.49,94.74,9.58,45.99,1405,60.4
Rohan Mustafa,ODI,male,5,21.89,63.89,6.29,63.06,1401,25.4
KAJ Roach,Test,male,3,12.17,36.01,4.68,82.72,1400,16.2
BJ Hodge,IPL,male,2,33.33,125.22,14.76,35.69,1400,53.8
RK Singh,IPL,male,4,34.1,146.23,19.04,32.11,1398,76.1
L Ronchi,ODI,male,1,23.68,114.51,15.74,46.89,1397,74.2
M van Lingen,ODI,male,4,36.74,89.26,12.02,56.78,1396,74.1
TM Head,BBL,male,3,27.88,130.4,14.97,36.67,1394,60.3
LJ Wright,BBL,male,2,29.62,131.32,18.21,40.47,1392,67.1
TLW Cooper,BBL,male,3,20.78,125.52,14.88,38.95,1392,43.8
R Ravindra,ODI,male,1,42.18,108.5,14.58,47.31,1392,89.8
SA Campbelle,T20I,female,0,17.36,93.6,9.37,45.62,1389,58.0
MP Stoinis,T20I,male,5,31.55,148.93,19.42,32.94,1388,87.4
RM Ghosh,T20I,female,5,25.7,143.54,21.3,36.71,1388,90.6
KC Sangakkara,T20I,male,5,31.41,119.55,13.75,36.07,1382,66.0
MP Vaughan,ODI,male,5,27.64,66.73,7.39,61.95,1382,37.3
A Symonds,Test,male,5,44.45,67.55,8.63,67.7,1378,85.6
SE Rutherford,CPL,male,4,23.62,134.31,16.96,41.08,1370,63.9
GP Swann,Test,male,4,22.1,76.49,11.22,66.72,1370,71.8
Aliya Riaz,T20I,female,0,19.56,98.92,11.27,46.32,1369,67.0
Ahmed Faiz,T20I,male,5,24.85,123.93,14.23,35.72,1367,63.4
TL Seifert,CPL,male,4,30.33,131.38,17.04,37.73,1365,72.5
JD Campbell,Test,male,2,26.75,50.22,6.59,75.26,1364,50.5
SR Watson,PSL,male,4,32.4,138.59,20.77,43.79,1361,63.6
WA Duraisingam,T20I,female,3,17.0,68.17,6.12,58.55,1360,33.0
SM Pollock,ODI,male,3,30.18,93.66,9.45,46.07,1358,71.4
JW Jenner,T20I,male,5,35.66,143.69,17.6,34.04,1355,85.9
M Mupachikwa,T20I,female,0,27.65,83.59,8.51,50.52,1355,58.4
WP Saha,Test,male,2,29.41,45.51,4.81,75.88,1353,39.2
SC Ganguly,IPL,male,5,25.45,106.81,14.17,47.03,1349,30.9
NR Sciver-Brunt,WPL,female,2,49.93,144.02,23.5,33.65,1348,89.3
NR Sciver-Brunt,ODI,female,4,56.04,94.65,11.4,46.31,1345,91.5
A Vala,T20I,male,5,27.43,117.28,13.44,38.92,1344,59.4
AD Mathews,T20I,male,5,27.41,118.64,11.66,33.66,1343,59.7
ML Green,T20I,female,0,19.71,108.85,10.97,35.5,1340,73.2
L Paul,ODI,female,5,25.71,67.02,6.32,57.94,1337,45.4
BFW de Leede,ODI,male,5,30.36,73.53,6.88,58.23,1336,44.1
D van Niekerk,ODI,female,5,39.29,75.35,9.02,57.59,1336,69.7
TM Head,T20I,male,1,29.02,157.24,24.62,38.52,1335,86.5
Imad Wasim,PSL,male,4,25.17,136.54,17.4,31.53,1334,53.8
KA Maharaj,Test,male,4,15.33,60.72,8.28,72.78,1334,57.3
O Prendergast,ODI,female,5,32.49,76.95,7.51,54.07,1332,65.0
BJ Hodge,BBL,male,1,44.33,134.48,16.28,33.57,1330,78.6
CA Lynn,IPL,male,2,34.08,140.63,20.95,40.95,1329,69.7
JR Hopes,ODI,male,3,25.02,93.71,9.12,44.38,1326,64.1
Haider Butt,T20I,male,5,30.79,123.62,13.91,36.23,1324,68.0
KMDN Kulasekara,ODI,male,3,15.56,82.12,8.32,53.69,1323,42.8
DJG Sammy,Test,male,4,21.69,67.88,9.8,70.24,1323,67.5
SJ Taylor,T20I,female,5,30.77,114.35,13.22,35.0,1323,86.5
I Danladi,T20I,male,0,25.42,117.09,13.99,42.78,1322,56.0
DJ Hussey,IPL,male,2,26.98,122.98,13.95,36.93,1322,42.0
Anamul Haque,ODI,male,5,30.05,75.8,9.12,58.77,1322,52.2
KM Jadhav,ODI,male,1,42.52,103.53,12.49,44.78,1318,88.4
Sami Sohail,T20I,male,5,36.53,126.08,15.34,39.12,1315,73.1
M Kaif,ODI,male,5,24.79,65.47,6.03,58.3,1314,30.1
Abdullah Shafique,PSL,male,4,28.54,140.58,18.42,32.55,1313,62.3
Asad Shafiq,ODI,male,5,25.23,67.42,5.5,56.06,1312,32.4
JJ Smit,T20I,male,5,31.98,145.5,17.2,31.74,1311,84.6
J Mbabazi,T20I,female,3,16.58,80.07,8.74,53.0,1310,43.5
P Nissanka,Test,male,5,42.26,56.69,6.75,69.28,1310,73.2
S Matsikenyeri,ODI,male,5,18.18,69.37,7.47,60.89,1309,28.9
Mushfiqur Rahim,T20I,male,0,19.8,115.15,12.6,35.24,1307,48.5
Muhammad Tanveer,T20I,male,5,36.25,131.82,16.77,38.79,1305,78.2
Vikramjit Singh,ODI,male,5,28.98,71.45,8.71,63.18,1304,44.9
Mashrafe Mortaza,ODI,male,3,13.31,83.22,9.57,56.03,1304,44.3
Towhid Hridoy,T20I,male,5,28.33,125.17,12.87,32.56,1303,66.3
MDK Perera,Test,male,1,18.88,46.89,6.51,77.94,1303,37.2
R Tewatia,IPL,male,3,23.67,138.07,18.24,35.63,1302,55.1
F du Plessis,CPL,male,4,34.11,142.73,18.61,35.02,1296,85.0
Asif Ali,PSL,male,4,20.57,156.71,21.04,37.24,1296,59.1
HC Brook,ODI,male,1,36.97,104.78,13.77,49.72,1294,85.3
R Musamali,T20I,female,0,20.2,84.79,7.08,46.95,1293,51.8
JM Anderson,Test,male,3,8.66,39.16,5.49,81.09,1290,18.7
Shoaib Malik,Test,male,2,33.03,47.69,6.29,76.97,1288,50.6
GWHM Perera,ODI,female,5,23.85,63.32,8.51,66.62,1288,44.3
JA Burns,BBL,male,3,24.73,119.52,12.64,37.64,1286,40.1
Sahibzada Farhan,PSL,male,4,32.97,142.26,21.13,40.15,1286,68.6
HH Dippenaar,ODI,male,5,41.39,68.79,6.65,58.02,1283,48.7
SA Edwards,T20I,male,5,22.91,126.53,13.02,32.15,1283,60.6
DB Sharma,T20I,female,0,22.49,107.82,10.43,32.55,1282,75.0
M Raj,T20I,female,0,37.65,97.49,11.42,43.34,1280,78.1
HDJ Siegers,T20I,female,5,19.68,119.42,16.34,42.76,1279,79.3
LPC Silva,ODI,male,5,30.45,72.92,7.13,56.67,1279,45.2
Q de Kock,CPL,male,2,38.61,141.4,18.2,33.52,1274,85.1
HM Amla,T20I,male,5,34.38,132.22,17.78,34.3,1272,81.4
Asif Khan,ODI,male,5,38.48,80.94,9.24,57.62,1270,63.7
Usman Khan,PSL,male,5,39.62,158.1,23.69,33.67,1268,87.0
S Samarawickrama,ODI,male,3,31.7,89.87,9.85,49.04,1268,70.7
AD Hales,PSL,male,4,30.19,145.08,21.97,37.07,1268,72.3
Sahibzada Farhan,T20I,male,5,31.65,136.28,18.51,41.77,1266,78.1
L Bruce,T20I,male,5,26.94,117.88,14.71,40.88,1266,60.2
K Verreynne,Test,male,2,30.14,55.75,6.43,70.67,1266,60.9
CL Tryon,T20I,female,5,18.62,131.88,16.77,36.15,1266,81.2
NS Dhaliwal,T20I,male,5,33.29,132.46,16.65,37.28,1265,77.9
KR Patterson,BBL,male,3,21.79,120.38,13.43,36.67,1264,38.9
SIR Dunkley,ODI,female,3,28.66,84.86,9.22,50.94,1261,72.6
DR Smith,ODI,male,3,18.01,89.69,11.95,57.75,1261,54.3
G Ishimwe,T20I,female,0,21.34,93.89,10.96,49.96,1259,63.7
Sabbir Rahman,ODI,male,3,26.23,93.05,12.42,52.7,1259,68.1
Inzamam-ul-Haq,Test,male,2,39.34,53.71,6.78,71.72,1259,67.5
PSP Handscomb,BBL,male,3,23.31,119.0,12.19,33.08,1259,40.7
J Da Silva,Test,male,3,24.67,40.94,4.43,77.25,1258,28.2
PD Salt,IPL,male,0,34.0,174.48,28.43,35.23,1258,84.9
PWA Mulder,Test,male,5,35.8,57.82,7.8,71.39,1253,71.2
W Madhevere,T20I,male,0,18.98,114.32,13.96,39.51,1253,46.3
MH Cross,T20I,male,0,22.38,115.59,12.92,36.53,1253,52.2
C Munro,ODI,male,1,24.98,104.96,14.29,50.34,1249,72.2
Hamza Khan,T20I,male,5,32.74,123.54,15.89,41.61,1244,69.4
JD Ryder,ODI,male,1,34.5,98.1,13.74,55.29,1242,78.6
Nasir Hossain,ODI,male,5,28.84,80.26,8.09,51.91,1240,54.1
RR Rossouw,ODI,male,4,38.72,94.36,11.65,50.57,1239,80.8
KD Kesuma,T20I,male,0,17.93,111.34,15.93,49.95,1237,42.0
DMW Rawlins,T20I,male,1,44.11,152.85,20.79,37.5,1235,90.7
I Barma,T20I,female,0,18.7,86.6,7.86,47.02,1234,52.3
V Shankar,IPL,male,3,26.23,129.79,14.32,32.0,1233,49.4
JN Frylinck,ODI,male,5,27.4,72.66,6.48,55.63,1233,40.6
Imran Farhat,ODI,male,5,29.33,67.07,8.11,63.31,1232,40.7
Sharmin Akhter,ODI,female,5,33.3,61.69,7.71,65.2,1232,50.1
GC Wilson,ODI,male,5,25.14,75.54,7.3,54.81,1232,41.7
Saim Ayub,PSL,male,4,23.69,139.21,20.23,40.11,1232,49.5
I Nakisuuyi,T20I,female,3,19.85,80.62,8.91,55.47,1231,48.7
H Masakadza,T20I,male,0,23.65,111.51,14.23,45.51,1230,49.7
MJ Prior,ODI,male,5,24.58,76.19,8.56,57.59,1229,44.0
NR Sciver-Brunt,T20I,female,1,47.23,136.14,19.4,32.59,1228,95.8
DJ Bravo,T20I,male,0,21.91,115.54,11.86,38.79,1227,48.3
DW Steyn,Test,male,3,13.62,44.08,5.61,79.47,1226,25.4
JM Kemp,ODI,male,5,31.44,85.5,9.07,53.91,1226,62.4
IK Pathan,ODI,male,5,21.51,80.87,9.63,56.73,1226,47.7
K Ndlovu,T20I,female,0,21.46,98.79,13.81,52.34,1223,68.4
M du Preez,T20I,female,0,20.3,98.54,10.52,41.42,1218,67.9
PG Fulton,ODI,male,5,32.0,72.0,7.22,58.91,1216,44.6
Shahriar Nafees,ODI,male,5,24.32,69.21,9.39,64.2,1216,39.4
KJ Coetzer,T20I,male,5,23.73,126.57,17.89,43.1,1210,64.3
Milind Kumar,ODI,male,4,67.17,98.21,10.8,47.44,1209,86.6
KM Jadhav,IPL,male,3,22.37,123.14,14.48,34.76,1208,38.6
WA Young,Test,male,2,31.79,46.59,6.09,76.48,1208,47.4
RM Ghosh,ODI,female,1,28.76,102.46,13.91,50.89,1208,82.4
NND de Silva,ODI,female,5,30.18,75.44,7.19,53.31,1207,60.7
RS Morton,ODI,male,5,34.43,65.49,5.65,59.08,1205,39.7
KA Green,T20I,female,3,17.94,85.98,9.73,53.58,1202,50.6
Saim Ayub,T20I,male,5,21.84,139.33,21.11,42.92,1201,69.6
MM Lanning,WPL,female,2,37.5,126.72,20.59,42.56,1200,63.2
Javeria Khan,T20I,female,0,19.03,92.95,11.01,47.67,1199,61.7
NLTC Perera,T20I,male,5,23.51,151.58,19.09,33.12,1199,78.9
IA Karim,T20I,male,5,42.79,106.58,11.03,37.99,1198,58.2
GH Dockrell,ODI,male,3,23.94,83.94,8.63,51.75,1197,52.9
Asif Khan,T20I,male,5,29.2,137.43,17.45,38.92,1197,76.9
Iftikhar Ahmed,PSL,male,4,24.41,133.63,16.54,35.87,1196,42.9
Zeeshan Maqsood,ODI,male,5,29.9,65.97,6.4,58.96,1196,36.9
TP Ura,ODI,male,5,23.92,80.0,10.37,62.47,1196,48.3
HMD Rasangika,T20I,female,5,36.21,113.81,17.62,44.86,1195,87.8
Dhruv Jurel,IPL,male,4,31.45,154.19,20.65,30.32,1195,79.5
MD Bimenyimana,T20I,female,3,19.9,74.12,7.7,57.48,1194,42.7
H Kaur,WPL,female,2,45.88,145.49,22.32,33.66,1193,85.1
Tanzid Hasan,T20I,male,5,28.4,127.59,17.01,43.21,1193,69.0
Zeeshan Maqsood,T20I,male,5,25.91,118.73,16.04,41.73,1192,61.2
Aqib Ilyas,ODI,male,5,44.11,73.43,7.71,57.21,1191,56.4
MS Wade,T20I,male,5,27.07,135.19,15.89,34.17,1191,74.1
GD Phillips,ODI,male,1,41.07,104.2,11.81,45.41,1191,86.2
Pratika Rawal,ODI,female,4,47.56,82.34,10.46,54.71,1189,81.1
Shahriar Nafees,Test,male,4,25.83,56.98,8.68,71.89,1188,63.3
EJ Villani,T20I,female,5,31.26,120.0,16.57,39.49,1188,89.3
Sharjeel Khan,PSL,male,4,24.6,140.93,21.72,45.47,1181,53.6
Aqib Ilyas,T20I,male,5,29.52,121.13,15.28,39.18,1181,66.1
MM Ali,T20I,male,5,20.34,143.9,18.41,34.76,1180,70.8
Abid Ali,Test,male,2,49.17,48.26,6.26,75.99,1180,60.9
Abdul Waheed,T20I,male,5,30.26,129.39,17.0,35.64,1180,75.6
VP Thamotharam,T20I,male,5,26.2,142.56,18.38,38.33,1179,77.1
A Badoni,IPL,male,3,25.61,140.91,17.11,31.7,1178,58.9
CP Jewell,BBL,male,2,20.67,126.12,16.49,38.65,1178,48.2
MDKJ Perera,Test,male,4,30.97,72.25,10.01,65.81,1177,78.3
Raqibul Hasan,ODI,male,5,27.37,63.42,5.23,58.67,1177,31.5
KP Pietersen,T20I,male,5,37.94,141.52,18.17,30.57,1176,87.2
Nida Dar,ODI,female,5,22.96,67.77,6.48,57.06,1171,42.9
MJ North,Test,male,2,35.48,48.15,6.09,75.29,1171,53.1
Hussain Talat,PSL,male,3,24.89,123.81,14.18,33.86,1170,37.9
MM Ali,IPL,male,3,22.02,139.76,19.4,38.92,1167,51.9
PM Siddle,Test,male,3,14.73,47.16,5.27,77.19,1164,29.3
KJ Martin,ODI,female,5,25.24,77.35,7.46,52.17,1161,59.9
GH Dockrell,T20I,male,5,18.43,135.63,15.42,31.78,1161,61.5
JDP Oram,Test,male,2,37.35,53.07,6.74,73.51,1158,63.4
SP Narine,CPL,male,0,14.45,138.11,20.43,47.19,1156,51.7
TM McGrath,T20I,female,5,41.25,132.0,20.0,38.63,1155,93.7
S Mostary,T20I,female,0,20.25,95.61,11.27,47.14,1154,65.3
CS Mugeri-Tiripano,T20I,female,0,24.55,106.65,13.31,47.13,1154,75.6
MD Shanaka,ODI,male,3,22.61,89.31,9.68,50.5,1153,58.2
TM Dilshan,IPL,male,5,26.81,114.5,16.29,44.79,1153,38.0
DJ Bravo,CPL,male,4,20.95,130.32,15.61,38.91,1152,53.8
AR Patwa,T20I,male,5,25.02,121.16,18.53,47.05,1151,62.1
TH David,IPL,male,0,32.89,177.08,24.46,29.23,1151,85.7
BRM Taylor,T20I,male,5,27.4,124.97,15.96,36.05,1151,69.0
IK Pathan,IPL,male,3,21.7,121.05,13.26,35.37,1150,33.1
KA Pollard,PSL,male,5,38.3,162.29,22.18,33.62,1149,85.8
S Muniandy,T20I,male,0,17.33,115.09,12.07,38.73,1144,40.9
JA Raval,Test,male,3,30.08,42.81,5.39,78.95,1143,36.5
RR Pant,T20I,male,5,22.39,125.49,15.82,37.03,1142,61.7
BT Foakes,Test,male,2,29.21,47.24,4.77,72.42,1139,42.8
DA Warner,BBL,male,1,49.52,143.99,18.2,33.63,1139,86.8
O Manishimwe,T20I,male,0,17.23,91.55,10.47,51.77,1137,24.9
Yuvraj Singh,T20I,male,5,27.71,138.37,18.15,38.86,1136,76.7
S Bau,T20I,male,0,25.16,112.75,13.05,42.23,1132,51.6
M Gilkes,BBL,male,2,20.2,123.61,15.85,42.51,1131,41.4
CD McMillan,ODI,male,5,28.95,82.83,9.17,56.42,1129,56.5
K Motlanka,T20I,male,0,29.68,110.7,13.44,43.18,1128,55.6
BN Cooper,T20I,male,5,29.66,124.26,15.55,37.6,1127,69.2
Shafali Verma,WPL,female,2,33.06,152.1,25.03,40.87,1124,85.4
JM Clarke,BBL,male,2,27.34,134.57,16.93,36.97,1121,65.9
Nahida Khan,ODI,female,5,27.34,65.48,7.89,63.61,1121,48.3
Sikandar Raza,Test,male,2,31.11,54.63,6.49,71.32,1120,60.5
GJ Delany,T20I,male,5,20.7,134.86,16.53,37.27,1118,64.4
A Bosch,T20I,female,5,27.9,117.1,15.74,40.82,1116,85.3
CM Gough,T20I,female,0,44.6,96.79,9.72,41.15,1115,75.3
P Utseya,ODI,male,2,18.88,58.91,4.6,61.24,1114,19.2
DS Smith,Test,male,1,21.8,45.28,6.11,78.14,1112,35.0
AD Russell,T20I,male,1,22.24,165.23,23.77,39.38,1112,77.2
C Sutthiruang,T20I,female,0,13.55,88.53,8.92,48.76,1111,44.9
Mohammad Haris,PSL,male,2,25.84,166.82,25.98,33.78,1111,75.6
L Delany,ODI,female,5,28.46,71.8,6.34,54.14,1110,53.3
ML Hayden,IPL,male,2,35.71,137.34,20.47,41.19,1107,67.9
JEC Franklin,ODI,male,5,28.38,79.7,7.27,50.68,1107,51.0
JM Sharma,IPL,male,3,23.06,152.48,21.21,36.64,1107,63.2
RW Chakabva,ODI,male,5,23.53,68.23,5.92,56.45,1106,30.3
JDS Neesham,T20I,male,5,19.73,145.01,18.37,34.65,1105,70.0
BOP Fernando,Test,male,2,31.54,49.64,6.25,76.39,1104,51.1
CJ Anderson,ODI,male,1,27.55,108.89,13.83,49.51,1102,76.4
K Rabada,Test,male,1,12.24,51.71,7.46,76.68,1102,42.8
DC Thomas,CPL,male,0,19.23,117.85,15.16,44.73,1096,39.4
Kushal Malla,T20I,male,5,24.89,137.22,17.17,40.1,1095,70.7
Usman Patel,T20I,male,5,25.42,130.27,17.52,39.33,1093,69.9
SPD Smith,T20I,male,5,25.35,125.58,14.06,31.8,1090,65.0
CM Edwards,T20I,female,0,27.95,100.74,13.86,45.84,1090,76.9
S Chandramohan,T20I,male,0,25.35,119.39,15.99,45.24,1090,58.4
MJ Santner,Test,male,1,24.75,47.04,6.65,78.49,1089,41.7
L Vincent,ODI,male,5,26.56,71.6,8.55,62.06,1089,41.5
DM Nakrani,T20I,male,5,25.9,128.15,15.67,41.7,1088,65.1
MJ Santner,T20I,male,5,20.51,130.65,15.62,37.62,1087,60.5
J Brown,BBL,male,2,26.49,148.56,23.26,48.02,1086,70.3
M Vohra,IPL,male,5,22.1,130.64,17.73,43.18,1083,42.0
Aqib Iqbal,T20I,male,5,24.07,122.79,13.83,37.53,1083,59.1
DP Conway,IPL,male,4,43.2,139.72,19.53,34.28,1080,75.7
LMP Simmons,IPL,male,2,39.96,126.64,17.96,43.66,1079,58.7
PSP Handscomb,Test,male,2,37.21,48.3,5.64,73.59,1079,52.9
Ahmed Shehzad,PSL,male,3,26.27,120.07,15.72,39.91,1077,35.5
Aizaz Khan,T20I,male,0,15.58,108.81,10.43,37.96,1075,33.6
Imran Anwar,T20I,male,0,18.53,125.88,16.16,46.84,1075,50.9
ZE Green,ODI,male,5,23.89,76.3,8.8,57.91,1075,43.9
F Behardien,ODI,male,3,30.69,97.9,9.48,44.21,1074,73.2
DJ Malan,Test,male,3,27.54,40.96,5.64,79.56,1074,33.0
SM Pollock,Test,male,5,34.58,60.46,7.67,69.71,1072,72.0
NL McCullum,ODI,male,3,20.98,87.7,8.36,49.59,1070,52.1
NCR Larkin,BBL,male,3,30.54,120.38,13.96,36.04,1069,53.9
RP Arnold,ODI,male,5,26.05,70.78,5.04,52.55,1068,36.0
I Liyanage,T20I,male,5,28.08,123.5,16.78,41.2,1067,67.2
WW Hinds,ODI,male,5,32.3,67.64,7.04,62.5,1066,39.9
LS Livingstone,IPL,male,3,25.38,155.17,21.25,35.23,1066,68.1
H Deol,ODI,female,5,32.24,76.49,8.55,55.28,1064,65.3
A Sutherland,ODI,female,4,40.85,93.16,10.26,46.32,1062,85.3
Aftab Ahmed,ODI,male,5,20.8,74.93,9.75,61.09,1061,40.5
IK Gamantika,T20I,male,0,18.28,96.72,9.67,44.16,1060,29.1
N de Klerk,ODI,female,3,24.6,89.06,10.69,52.02,1058,71.5
DEM Carter,T20I,female,0,28.54,103.23,13.0,45.94,1056,77.2
Khushdil Shah,PSL,male,4,25.12,143.93,18.14,32.47,1055,57.1
CM Edwards,ODI,female,5,43.92,73.91,9.61,58.84,1054,70.9
JJ Smit,ODI,male,5,22.89,75.7,7.76,58.81,1053,38.4
A Capsey,T20I,female,5,21.94,121.88,17.25,39.47,1053,83.0
Basil Hameed,ODI,male,5,24.44,73.86,7.31,57.62,1051,37.5
Luqman Butt,T20I,male,1,37.43,145.76,20.86,36.72,1048,88.3
LD Chandimal,T20I,male,0,19.05,103.46,10.86,40.97,1048,35.4
RC Belbashi,T20I,female,0,18.37,94.07,11.23,49.69,1047,59.6
Sohaib Maqsood,PSL,male,4,29.86,129.01,17.28,40.12,1045,49.0
JN Loftie-Eaton,ODI,male,5,26.1,73.68,7.13,56.1,1044,40.1
FDM Karunaratne,ODI,male,5,29.83,78.73,7.62,52.64,1044,51.5
Nasir Hossain,Test,male,2,34.8,54.46,6.73,72.14,1044,63.4
Junaid Siddique,ODI,male,0,14.49,68.53,7.42,61.04,1043,24.8
Zubaidi Zulkifle,T20I,male,2,17.68,140.95,21.08,44.32,1043,62.0
DP Sibley,Test,male,3,28.94,34.22,3.78,81.31,1042,26.3
MG Bracewell,ODI,male,1,35.93,107.53,13.52,48.09,1042,84.4
SM Katich,ODI,male,5,40.04,69.68,7.76,61.38,1041,49.8
L Mophakedi,T20I,female,3,18.57,77.27,7.28,54.53,1040,41.3
Pargat Singh,ODI,male,5,34.67,74.77,9.63,60.6,1040,55.1
Faheem Ashraf,PSL,male,4,21.2,144.11,19.56,35.64,1039,51.5
MN Waller,ODI,male,5,21.65,76.91,8.59,55.22,1039,42.5
RL Chase,ODI,male,5,24.69,78.21,6.79,49.17,1037,43.9
AP Yadav,T20I,male,0,28.81,105.39,12.8,42.58,1037,51.6
Umar Akmal,PSL,male,4,30.47,144.69,19.41,35.61,1036,66.9
Mahmudul Hasan Joy,Test,male,3,25.27,43.94,5.22,77.06,1036,32.6
AD Russell,ODI,male,1,27.21,130.23,19.02,47.1,1034,78.3
B Sharki,ODI,male,5,29.54,66.8,6.98,60.34,1034,36.9
JP Inglis,T20I,male,1,26.49,157.95,22.63,32.11,1033,85.7
PWH de Silva,ODI,male,1,22.41,106.84,12.44,45.39,1031,69.4
Afif Hossain,T20I,male,0,21.04,121.01,13.5,37.44,1031,52.8
H Lakov,T20I,male,0,33.23,113.44,11.01,35.46,1030,59.1
C Green,IPL,male,4,38.11,151.1,19.53,29.37,1029,80.6
V Suryavanshi,IPL,male,0,44.7,228.95,39.42,34.08,1028,90.9
KP Pietersen,BBL,male,1,36.64,135.18,16.34,32.67,1026,78.2
JP Faulkner,ODI,male,1,35.34,104.17,11.28,43.6,1025,81.4
JD Ryder,Test,male,5,37.96,54.84,6.69,69.98,1025,67.5
S Mandhana,WPL,female,2,31.06,136.48,23.17,42.88,1025,66.9
NA Greenwood,T20I,male,5,31.0,145.73,19.37,32.48,1023,85.2
L Ronchi,PSL,male,2,36.43,166.12,27.04,35.18,1020,85.8
S Davizi,T20I,male,1,32.84,143.38,21.27,38.87,1018,84.1
C Campher,T20I,male,5,22.13,126.62,13.68,34.08,1018,59.1
LRPL Taylor,IPL,male,3,25.42,123.72,13.63,37.35,1017,38.2
SR Watson,BBL,male,2,27.41,133.95,18.36,40.69,1014,64.5
MS Harris,BBL,male,2,19.46,118.64,15.83,43.38,1012,35.4
FA Allen,CPL,male,5,22.49,147.52,19.24,36.59,1012,72.0
Fawad Alam,Test,male,2,38.88,46.59,5.3,74.7,1011,49.7
MD Patel,T20I,male,5,27.32,137.93,18.96,37.38,1011,77.6
FO Kibasu,T20I,female,0,24.61,101.31,12.85,46.59,1009,73.3
N Davin,T20I,male,5,28.77,137.57,19.54,41.12,1007,77.2
JP Greaves,Test,male,2,33.53,51.2,5.09,69.92,1006,53.0
MS Chapman,ODI,male,1,35.89,103.82,13.43,48.97,1005,83.2
Q Abel,T20I,female,0,27.86,109.5,15.61,47.93,1003,79.6
Umar Akmal,Test,male,4,35.82,65.99,8.82,69.01,1003,78.2
EJM Cowan,Test,male,3,31.28,41.28,5.24,77.86,1001,36.3
J Baker,T20I,male,5,43.52,130.17,18.34,45.51,1001,76.5
KP Pietersen,IPL,male,2,37.07,134.72,17.63,37.01,1001,63.3
Zeeshan Khan,T20I,male,5,24.41,124.5,16.67,40.3,1001,63.4
GWHM Perera,T20I,female,3,14.72,86.74,10.31,50.95,1001,46.7
H Klaasen,T20I,male,5,23.26,141.84,17.59,33.48,1000,73.5
NPAN Sakarini,T20I,female,0,37.04,82.85,8.04,50.21,1000,59.4
MC Henriques,IPL,male,3,27.78,126.9,14.59,34.14,1000,48.5
SM Curran,IPL,male,3,24.92,136.39,17.24,34.34,997,53.0
KH Prajapati,ODI,male,5,28.46,74.89,8.5,59.25,996,46.3
MWR Stokes,T20I,male,5,39.8,126.75,14.27,33.12,995,74.6
RG Mukasa,T20I,male,5,23.64,123.51,17.79,44.28,993,61.1
S Dube,T20I,male,5,27.58,151.37,19.05,29.73,993,84.0
H Singh,T20I,male,5,26.76,131.47,17.0,35.46,990,73.0
O Tuyisenge,T20I,male,0,15.68,100.71,12.03,48.93,988,27.0
CL White,T20I,male,5,32.93,132.97,15.48,34.59,988,76.2
Shoaib Khan,ODI,male,5,28.2,82.11,9.23,54.83,987,56.1
AE Satterthwaite,T20I,female,0,24.07,105.0,12.45,41.06,987,75.7
T Stubbs,IPL,male,4,39.44,151.93,17.87,24.65,986,78.2
KA Edwards,Test,male,2,31.81,48.05,5.99,75.1,986,48.9
Gulsan Jha,ODI,male,5,29.88,83.28,9.71,59.29,986,57.4
Y Venugopal Rao,IPL,male,3,22.39,117.82,13.64,38.76,985,29.5
C Kieswetter,ODI,male,3,28.97,88.98,11.56,57.27,985,64.1
W Mwatile,T20I,female,3,15.89,85.73,9.05,53.0,985,44.8
Tanzid Hasan,ODI,male,1,30.78,103.58,15.46,56.89,985,74.7
J Liyanage,ODI,male,4,44.73,86.32,8.95,51.67,984,72.1
RW Chakabva,Test,male,3,27.33,39.25,3.91,78.14,984,27.7
Ahmed Shehzad,Test,male,2,40.92,50.99,5.56,73.57,982,58.1
Usman Khan,T20I,male,0,19.54,118.57,13.71,37.14,977,49.5
PD Salt,ODI,male,1,32.53,115.09,18.04,51.18,976,81.1
JA Morkel,IPL,male,3,24.38,141.92,16.89,32.9,975,55.9
A Symonds,IPL,male,2,36.07,129.87,15.33,36.4,974,57.4
Sidra Ameen,T20I,female,0,17.71,88.38,9.8,47.73,974,53.6
HC Knight,Test,female,2,42.35,48.24,5.75,73.7,974,56.4
ADS Fletcher,T20I,male,0,19.46,110.69,13.42,48.69,973,39.3
DS Smith,ODI,male,5,25.61,72.45,8.04,59.34,973,39.7
JP Inglis,ODI,male,1,30.41,100.0,12.95,50.87,973,76.3
SSJ Brooks,CPL,male,1,24.32,127.02,14.75,36.29,973,55.6
EA Perry,WPL,female,2,64.8,132.97,18.33,34.2,972,69.9
DR Sams,BBL,male,2,14.29,143.79,17.6,36.83,972,55.6
CL White,IPL,male,3,26.97,127.76,15.0,34.21,971,47.5
RN Patel,T20I,male,0,22.0,121.3,16.29,42.36,968,56.1
T Stubbs,T20I,male,5,31.16,133.24,15.45,32.83,966,75.6
Fawad Alam,ODI,male,5,42.0,74.54,5.09,48.69,966,53.8
Kamran Akmal,T20I,male,0,21.42,119.9,15.92,45.77,964,51.9
AC Voges,BBL,male,3,26.75,126.05,11.78,25.79,963,50.4
C Campher,ODI,male,5,34.39,80.52,9.2,55.6,963,60.2
Muhammad Usman,T20I,male,5,22.3,123.9,14.6,38.11,959,57.6
Nazmul Hossain Shanto,T20I,male,0,24.59,109.73,12.24,39.82,959,48.7
TD Paine,BBL,male,3,25.24,123.11,15.15,37.87,959,47.5
JN Malan,ODI,male,4,47.9,83.3,9.83,53.74,958,72.3
M Levitt,T20I,male,5,34.18,142.2,20.06,43.24,957,80.9
GD Phillips,Test,male,4,35.41,72.59,10.1,66.36,956,81.4
AJ Blackwell,ODI,female,5,38.12,77.1,8.09,52.91,953,70.0
Fargana Hoque,T20I,female,0,21.16,86.62,8.01,45.77,952,55.4
S Ravichandran,T20I,male,0,21.64,120.05,13.49,37.7,952,52.8
CJA Amini,ODI,male,2,21.16,62.76,5.41,60.78,952,21.9
S Mtae,T20I,female,0,19.02,105.9,14.03,47.44,951,69.9
Haider Ali,PSL,male,4,21.09,136.35,18.68,38.51,949,41.8
KR Mayers,Test,male,4,32.72,61.23,8.58,70.58,949,72.7
Ayan Khan,ODI,male,5,27.88,75.78,8.15,56.59,948,46.5
V Balakrishnan,T20I,male,0,23.68,112.74,15.0,46.31,947,50.0
Shaiman Anwar,ODI,male,5,31.57,83.95,9.84,55.67,947,61.9
C Green,ODI,male,5,41.13,83.42,8.64,52.82,946,66.8
M Morkel,Test,male,1,11.65,50.81,7.97,77.29,944,42.4
LA Dunbar,T20I,male,0,32.52,118.92,16.27,46.66,943,63.9
AU Rashid,ODI,male,3,16.82,92.72,10.43,48.82,942,56.6
B Tau,T20I,female,0,24.79,89.29,10.9,49.95,942,63.1
Murshida Khatun,T20I,female,0,21.39,89.11,10.04,49.05,941,58.8
BA Pai,T20I,male,0,28.52,110.71,11.65,36.24,941,55.2
Taijul Islam,Test,male,3,10.57,39.01,4.44,79.02,941,15.5
Iftikhar Ahmed,T20I,male,5,23.52,131.06,15.04,32.31,941,66.3
BP Nash,Test,male,3,31.37,43.69,5.01,76.97,941,37.6
JM How,ODI,male,5,29.34,66.22,7.9,63.68,939,38.1
Sabbir Rahman,T20I,male,5,24.71,120.38,15.0,39.1,939,59.2
G Singh,ODI,male,5,37.52,83.01,9.12,54.16,938,65.2
Imad Wasim,CPL,male,1,26.03,123.78,14.4,35.93,937,55.8
Imad Wasim,ODI,male,1,40.74,111.55,12.62,38.1,937,87.5
MJ Lumb,BBL,male,2,23.97,124.5,16.11,43.54,935,47.5
BA Stokes,IPL,male,3,24.61,133.95,16.19,33.09,935,50.5
KOA Powell,ODI,male,5,22.78,79.76,10.5,59.35,934,47.6
RV Uthappa,ODI,male,3,25.94,90.59,12.32,55.97,934,63.1
RAS Lakmal,Test,male,1,11.12,48.24,6.51,76.45,934,34.4
MG Johnson,ODI,male,3,16.39,95.7,10.45,50.31,934,56.6
S Nampiina,T20I,female,0,15.81,89.54,10.17,50.58,933,49.5
BB McCullum,BBL,male,2,28.27,137.41,18.7,38.14,933,71.4
AD Hales,CPL,male,4,25.89,130.17,18.02,41.62,932,61.8
Z Khan,Test,male,1,13.1,51.3,7.23,76.39,930,41.8
CS MacLeod,T20I,male,0,23.25,110.32,11.63,37.6,930,47.4
RR Hendricks,ODI,male,5,28.18,78.35,9.01,56.95,930,51.0
RMVD Gunaratne,ODI,female,5,27.26,73.05,8.59,58.87,927,57.3
Habibul Bashar,ODI,male,2,20.13,56.64,4.89,62.57,926,18.4
LS Livingstone,T20I,male,5,24.37,149.35,17.74,31.13,926,77.6
Chirag Suri,ODI,male,2,25.67,64.44,7.53,65.27,924,31.4
TP Ludeman,BBL,male,2,27.18,123.2,15.47,40.4,924,49.0
L Goodall,ODI,female,2,21.98,62.49,6.16,62.69,923,34.0
G Mckeon,T20I,male,5,32.93,142.95,18.91,39.84,922,81.3
J Gunasekar,T20I,female,5,43.9,109.24,10.9,36.49,922,82.1
T de Zorzi,Test,male,2,30.63,54.8,6.02,68.93,919,58.4
NT Broom,ODI,male,3,27.03,80.4,7.7,49.87,919,50.8
WPUJC Vaas,Test,male,2,35.31,47.71,5.72,73.6,918,50.6
Yasir Shah,Test,male,1,14.12,47.05,5.89,76.83,918,30.9
G Gambhir,T20I,male,5,28.69,119.38,15.34,38.49,918,64.2
AR Patel,ODI,male,3,23.54,92.26,9.05,45.53,918,59.8
Harbhajan Singh,ODI,male,3,14.79,81.95,8.13,54.07,917,39.5
MRJ Watt,ODI,male,3,21.81,82.82,8.59,52.62,916,47.7
R Powell,ODI,male,3,21.79,89.44,9.78,52.59,915,55.2
R Obuya,T20I,male,5,26.11,128.91,17.91,46.69,914,65.9
Habibul Bashar,Test,male,4,24.05,62.47,8.2,67.94,914,65.2
AP Rajeevan,T20I,male,0,26.09,112.3,12.3,38.75,913,52.3
LS Livingstone,ODI,male,1,32.57,108.57,12.5,45.83,912,80.2
BJ Rohrer,BBL,male,3,26.06,133.14,14.01,32.7,912,57.6
H Ishimwe,T20I,female,0,15.96,100.11,11.33,46.31,910,59.4
DM Gondaria,T20I,male,5,32.5,145.6,19.52,36.64,910,84.2
A Johnson,T20I,male,1,32.5,147.25,23.46,47.9,910,80.9
R Shepherd,T20I,male,5,27.55,144.98,18.82,39.71,909,77.7
PR Surve,T20I,male,5,39.52,115.94,12.63,39.03,909,62.6
Priyansh Arya,IPL,male,0,29.32,192.99,31.85,34.61,909,80.1
R Stokell,T20I,female,0,18.92,102.6,11.41,42.15,908,67.7
Shashank Singh,IPL,male,4,36.2,161.61,21.07,27.68,905,83.6
HE van der Dussen,Test,male,3,30.17,40.75,4.82,78.7,905,32.6
EA Perry,Test,female,2,60.27,46.84,6.01,75.08,904,62.1
Shadab Khan,T20I,male,2,18.83,146.75,18.02,32.14,904,68.6
H Thaker,ODI,male,5,33.44,66.15,5.05,57.07,903,37.9
Ishan Kishan,ODI,male,1,39.17,101.69,13.77,51.81,901,83.1
CP Rizwan,ODI,male,2,27.3,58.66,4.3,59.83,901,27.7
D Brevis,T20I,male,1,31.03,165.44,22.61,34.56,900,88.6
J Butler,T20I,male,0,28.12,114.94,13.79,42.02,900,56.6
C Hemraj,CPL,male,0,20.45,117.8,16.62,48.04,900,43.2
N Boochatham,T20I,female,3,12.0,78.95,9.12,55.18,900,33.1
E Dusingizimana,T20I,male,0,18.33,109.38,14.74,50.3,898,38.8
SJ Modani,ODI,male,5,27.21,63.37,5.86,61.33,898,29.4
L Siaka,T20I,male,0,18.71,116.78,12.61,42.91,898,41.6
Junaid Siddique,Test,male,3,27.18,41.05,5.13,79.31,897,30.1
RD Rickelton,Test,male,2,37.38,52.86,6.66,71.71,897,63.1
D Ganga,Test,male,3,28.0,39.73,5.23,80.27,896,29.8
CA Henry,ODI,female,3,19.87,88.34,9.58,51.28,894,62.9
AT Nidamanuru,ODI,male,3,27.06,91.5,9.32,49.8,893,63.2
A Kumble,Test,male,3,18.6,40.15,5.31,79.5,893,22.8
Yasim Murtaza,T20I,male,0,16.54,118.44,13.53,37.67,893,43.6
IJR Zwilling,T20I,female,0,15.12,93.5,9.01,45.49,892,50.7
Fatima Sana,T20I,female,5,31.86,132.94,17.88,36.66,892,91.3
PG Fulton,Test,male,3,24.11,38.78,5.3,81.39,892,25.5
RMVD Gunaratne,T20I,female,0,17.49,87.97,10.75,51.28,892,52.7
JO Holder,T20I,male,2,19.35,142.4,18.08,37.44,890,65.9
KAR Hodge,Test,male,1,28.68,45.33,5.76,76.03,889,40.3
Muhammad Usman,ODI,male,5,29.6,75.13,8.46,57.53,888,47.4
Washington Sundar,IPL,male,3,20.65,135.37,16.77,31.71,888,46.5
J Fraser-McGurk,BBL,male,2,18.1,129.3,15.45,40.96,887,40.5
LRPL Taylor,CPL,male,3,30.59,105.34,10.21,42.04,887,42.3
WK Dilhari,ODI,female,5,27.69,80.04,7.41,52.3,886,62.4
SE Rutherford,T20I,male,5,25.31,149.41,20.4,37.77,886,78.7
CV Anto,T20I,male,2,23.95,150.68,20.75,41.67,886,75.0
HH Gibbs,IPL,male,5,27.69,109.79,14.13,46.84,886,32.5
SK Patel,ODI,male,5,35.4,80.31,9.89,56.44,885,61.7
A Raghuvanshi,IPL,male,4,34.04,145.56,19.9,31.25,885,75.6
Washington Sundar,Test,male,2,42.14,45.85,4.92,75.08,885,48.7
GC Smith,T20I,male,5,29.47,123.46,18.3,43.85,884,68.0
MA Leask,T20I,male,2,16.98,130.04,15.32,37.41,883,53.6
KMA Paul,CPL,male,1,19.17,130.09,15.49,40.86,882,47.7
W Barresi,ODI,male,5,25.94,76.23,9.42,59.64,882,46.0
JJS Sangha,BBL,male,3,27.56,118.71,12.25,35.8,882,43.7
JE Root,T20I,male,5,36.71,126.04,15.16,31.9,881,74.6
Walid Ghauri,T20I,male,5,29.37,121.52,15.03,41.24,881,63.4
BFW de Leede,T20I,male,0,27.53,106.66,10.77,39.83,881,48.2
STR Binny,IPL,male,3,19.13,128.84,14.79,36.75,880,34.2
JWA Taylor,ODI,male,5,41.86,80.86,7.45,51.89,879,61.1
Adil Butt,T20I,male,1,39.91,175.6,29.2,41.4,878,89.9
Muhammad Asim,T20I,male,5,33.73,134.72,19.51,43.32,877,77.3
N Wagner,Test,male,1,14.58,51.87,7.82,79.31,875,42.7
Razmal Shigiwal,T20I,male,5,31.25,141.36,17.77,33.6,875,81.2
S Bau,ODI,male,2,19.0,60.19,5.44,63.57,874,18.3
CS Delport,PSL,male,3,24.25,126.89,16.42,37.35,873,36.6
K Nassoro,T20I,male,0,18.96,99.89,11.11,45.48,872,31.1
KD Mills,ODI,male,3,16.75,90.17,10.35,53.83,871,51.7
Selim Salau,T20I,male,0,24.89,110.39,13.05,43.98,871,48.0
TT Bresnan,ODI,male,3,19.8,90.26,9.95,47.25,871,57.0
RR Pant,ODI,male,1,33.5,106.22,14.27,46.83,871,81.7
SR Magar,T20I,female,3,18.51,82.23,8.22,51.42,870,46.3
CA Ingram,BBL,male,1,28.93,135.2,16.67,34.58,868,69.5
SB Styris,Test,male,5,41.29,55.97,8.07,72.63,867,73.1
HK Matthews,WPL,female,0,26.27,121.94,20.53,48.95,867,42.7
B Lee,ODI,male,3,17.3,81.84,7.1,52.89,865,37.5
RA Reifer,CPL,male,1,19.66,111.18,12.21,39.97,865,33.8
TC Barker,T20I,male,2,21.07,126.32,16.81,40.64,864,58.3
W Madhevere,ODI,male,3,22.71,78.88,7.77,52.01,863,43.3
JA Diergaardt,T20I,female,3,13.08,78.17,8.42,56.07,863,33.0
KD Karthik,Test,male,1,26.15,49.94,6.83,74.71,863,49.2
M Musonda,T20I,female,0,23.94,110.8,12.72,41.0,862,76.9
TD Paine,ODI,male,5,26.91,70.63,8.2,60.05,861,39.7
TM McGrath,ODI,female,3,26.09,87.86,11.43,52.35,861,72.7
Abdul Samad,IPL,male,3,19.09,148.62,19.03,34.26,859,53.7
Puja Mahato,T20I,female,3,17.18,81.89,7.34,49.09,859,43.1
DW Lawrence,Test,male,4,29.59,58.05,7.31,69.96,858,64.2
DJG Sammy,CPL,male,1,19.07,127.11,15.11,40.89,858,43.6
MG Vandort,Test,male,2,32.96,44.89,5.34,75.64,857,41.9
MN Samuels,CPL,male,4,31.74,123.49,15.27,39.19,857,61.3
Fatima Sana,ODI,female,3,19.04,82.32,9.13,53.03,857,58.0
JP Kotze,T20I,male,0,21.38,120.08,17.56,48.74,855,52.9
P Baron,T20I,male,5,31.52,121.75,16.45,43.63,851,65.9
LS Livingstone,BBL,male,2,30.39,138.15,17.37,39.12,851,71.0
LJ Evans,BBL,male,1,32.69,156.83,19.93,31.55,850,86.4
SE Rutherford,ODI,male,1,36.91,99.18,12.73,54.44,849,78.6
Rameez Shahzad,ODI,male,5,38.55,78.37,8.5,55.27,848,59.3
Haris Sohail,Test,male,3,32.58,43.75,4.49,77.07,847,36.3
SKS Gill,T20I,male,0,23.5,101.32,10.42,41.2,846,39.9
Shubman Gill,T20I,male,5,28.2,137.56,19.35,38.54,846,77.1
P Alako,T20I,female,3,16.92,90.68,11.25,53.91,846,52.4
RL Chase,T20I,male,0,23.5,118.65,13.46,35.76,846,55.2
D Visser,T20I,male,1,46.94,142.02,20.84,40.0,845,85.3
L Tucker,ODI,male,3,22.81,82.34,8.59,52.78,844,48.2
Ainna Hamizah Hashim,T20I,female,3,14.05,68.09,6.87,60.82,843,26.1
Agha Salman,PSL,male,3,20.54,123.46,15.54,39.3,842,26.7
SSJ Brooks,ODI,male,5,30.07,75.58,7.63,55.92,842,46.5
Naeem Islam,ODI,male,5,27.16,69.53,7.02,57.14,842,36.9
CR Brathwaite,CPL,male,1,16.82,132.44,16.54,40.0,841,48.4
Saud Shakeel,PSL,male,4,30.0,130.84,18.22,38.94,840,53.1
GC Wilson,T20I,male,0,19.53,100.48,10.17,42.11,840,32.9
SD Heazlett,BBL,male,5,17.87,123.89,14.9,38.64,840,36.7
Mohammad Naim,T20I,male,0,25.42,103.71,11.37,42.15,839,44.4
GH Vihari,Test,male,3,33.56,42.2,5.48,78.42,839,38.5
V Vijh,T20I,male,0,21.49,115.75,12.29,38.67,838,46.8
N de Klerk,T20I,female,0,23.91,105.95,11.52,39.75,837,74.6
SA Okpe,T20I,male,0,16.41,102.7,9.82,44.91,837,26.4
IDM Latin,T20I,male,0,24.62,122.37,14.77,39.77,837,58.7
Ahmad Ramdoni,T20I,male,0,19.9,88.47,9.52,51.01,836,26.9
R Shepherd,CPL,male,5,22.0,164.89,23.08,35.31,836,75.7
PA Jaques,Test,male,2,46.44,53.42,6.01,70.54,836,66.0
L Paul,T20I,female,0,19.44,104.5,11.25,39.12,836,69.1
BB McCullum,CPL,male,5,30.96,146.41,20.49,38.0,836,82.5
O Davies,BBL,male,5,19.9,129.61,14.11,35.81,836,44.7
RD Rickelton,IPL,male,0,34.83,168.21,26.76,38.03,836,79.5
CJA Amini,T20I,male,0,22.59,117.25,12.76,40.11,836,49.2
D Doyle-Calle,T20I,male,5,33.36,137.62,16.67,37.95,834,77.6
B Lee,Test,male,1,18.95,51.17,7.12,76.2,834,44.3
R Ashwin,IPL,male,1,13.02,118.16,13.19,36.31,833,21.6
Harbhajan Singh,IPL,male,5,15.72,137.91,20.03,41.56,833,43.6
L Barnett,T20I,female,1,83.2,159.69,25.91,32.63,832,95.7
CJ Green,BBL,male,5,15.68,133.39,13.16,29.86,831,43.9
CN Nation,ODI,female,2,20.78,55.77,5.84,67.32,831,26.3
KJ Martin,T20I,female,2,22.43,117.56,15.3,35.98,830,81.0
NA McSweeney,BBL,male,3,29.64,119.6,13.26,34.87,830,49.1
TM Odoyo,ODI,male,5,27.67,70.16,7.52,60.27,830,37.8
VS Solanki,ODI,male,5,27.63,72.02,9.47,61.42,829,44.7
I Niyomugabo,T20I,male,0,23.03,100.48,10.91,43.76,829,38.0
VVS Laxman,ODI,male,5,34.5,74.19,7.26,55.02,828,49.1
DG Bedingham,Test,male,4,36.0,67.43,8.79,67.35,828,78.2
AL Phehlukwayo,ODI,male,3,22.35,85.35,10.94,57.38,827,51.9
SHT Kandamby,ODI,male,5,31.81,70.38,5.79,52.94,827,41.3
JL Denly,Test,male,3,29.54,39.65,5.47,81.69,827,31.6
Mohammad Nadeem,ODI,male,5,43.53,63.71,5.39,59.09,827,42.2
H Carlyon,T20I,male,2,20.68,127.04,17.2,42.24,827,57.7
PJ Hughes,ODI,male,5,35.91,75.09,8.73,58.09,826,53.9
SO Hetmyer,Test,male,4,28.45,73.86,9.94,66.97,825,74.5
AV Lazarus,T20I,male,0,25.75,116.38,13.7,38.98,824,55.6
C Roberts,T20I,male,0,35.83,108.71,9.63,30.21,824,57.4
V Aravind,T20I,male,0,26.48,114.83,14.13,42.38,821,54.8
JA Rudolph,ODI,male,5,43.16,68.16,6.82,57.77,820,47.7
Agha Salman,T20I,male,2,21.55,122.97,15.32,37.84,819,56.5
Ahmed Hassan,T20I,male,0,24.09,114.39,14.11,47.77,819,48.5
GM Harris,WPL,female,2,30.33,149.45,25.55,39.96,819,78.1
CA Ingram,PSL,male,1,29.25,146.51,19.5,33.09,819,68.1
Sarfraz Ahmed,T20I,male,5,27.27,125.27,14.55,32.92,818,66.4
Khurram Manzoor,Test,male,3,28.17,44.72,5.58,78.16,817,36.0
RM Ghosh,WPL,female,2,34.0,150.55,23.8,38.19,816,81.8
JN Loftie-Eaton,T20I,male,2,19.43,137.14,18.99,37.82,816,64.6
KH Prajapati,T20I,male,0,21.47,107.94,14.02,46.16,816,42.3
SM Curran,Test,male,4,24.7,64.12,9.21,70.26,815,66.3
MR Adair,T20I,male,2,16.28,129.62,14.97,37.9,814,50.8
Shadab Khan,ODI,male,5,28.07,81.81,6.63,51.36,814,48.1
KH Brunt,ODI,female,5,23.91,76.99,6.44,51.42,813,53.3
AR McBrine,ODI,male,0,23.88,76.03,8.99,58.99,812,41.8
A Gardner,WPL,female,2,25.34,141.78,20.45,34.79,811,59.7
JN Mohammed,CPL,male,3,26.16,104.78,10.59,42.25,811,35.2
MA Wood,Test,male,4,15.6,70.95,11.37,71.3,811,62.9
SS Iyer,Test,male,4,36.86,63.01,8.55,68.92,811,76.3
YK Pathan,ODI,male,1,27.0,113.6,14.73,46.98,810,75.4
V Ravindran,T20I,male,1,27.93,147.81,23.72,41.97,810,80.1
N Nipiko,T20I,male,0,27.9,109.32,11.08,40.68,809,49.5
Sohail Akhtar,PSL,male,3,24.48,123.17,16.92,42.23,808,33.0
R Mazumder,T20I,male,0,26.83,109.08,13.82,43.36,805,51.4
AS Joseph,Test,male,1,12.37,57.39,8.21,76.87,804,48.0
NE Bonner,Test,male,3,38.24,34.29,3.84,80.19,803,33.6
MNM Aslam,T20I,male,0,20.02,114.43,13.0,37.0,801,46.1
Mohammad Ihsan,T20I,male,1,36.41,174.51,26.8,37.91,801,90.3
Kushal Malla,ODI,male,3,25.03,89.9,12.46,60.04,801,58.3
ME Bouchier,T20I,female,2,23.53,117.99,15.78,39.38,800,81.5
SM Warnapura,Test,male,5,38.05,58.66,7.2,69.9,799,71.1
MF Maharoof,ODI,male,3,15.98,82.37,7.94,51.13,799,40.8
Soumya Sarkar,Test,male,4,28.54,60.67,8.81,73.12,799,66.0
MS Bisla,IPL,male,5,21.0,113.68,16.52,48.29,798,27.2
AC Voges,ODI,male,4,44.33,85.44,6.85,44.65,798,65.9
T Banton,T20I,male,1,26.57,150.38,20.38,33.77,797,82.0
IO Okpe,T20I,male,0,13.49,107.86,8.81,40.92,796,26.1
P Molkenboer,T20I,female,0,18.07,94.08,11.72,48.99,795,59.6
Shakib Al Hasan,IPL,male,3,19.39,124.41,14.71,33.18,795,35.1
AC Agar,BBL,male,5,16.85,117.33,11.11,35.56,792,25.9
Shamima Sultana,T20I,female,0,16.14,96.11,13.97,52.49,791,57.3
Shaheryar Butt,T20I,male,2,27.24,126.4,17.28,44.0,790,65.4
SW Billings,PSL,male,1,26.33,144.16,18.8,31.57,790,61.2
CL Cairns,ODI,male,3,32.92,90.39,9.95,52.4,790,68.4
Khizer Ahmed,T20I,male,0,20.74,118.67,15.21,43.83,788,48.8
Yasir Ali,T20I,male,0,26.27,101.94,10.61,42.43,788,43.1
WK Dilhari,T20I,female,0,14.57,106.5,11.1,39.24,787,60.2
BJ McMullen,T20I,male,5,31.48,143.88,18.65,34.55,787,82.6
Nithish Kumar Reddy,IPL,male,3,29.15,145.47,17.74,31.79,787,65.9
Sharjeel Khan,ODI,male,1,32.79,115.91,19.0,53.46,787,78.8
JG Bethell,T20I,male,1,30.23,150.86,20.73,34.93,786,84.9
A Sharma,ODI,male,0,23.82,76.53,10.13,61.54,786,43.8
DM de Silva,T20I,male,0,19.17,113.09,11.94,35.68,786,42.8
C Connolly,BBL,male,2,30.23,137.41,16.08,37.59,786,68.2
MA Butcher,Test,male,2,41.32,48.37,6.9,77.33,785,58.1
N Wadhera,IPL,male,3,23.76,140.0,19.11,37.32,784,53.4
DR Flynn,Test,male,3,22.31,38.93,5.23,80.76,781,23.2
RB Patel,T20I,male,0,27.89,103.31,13.23,42.59,781,49.3
KK Jennings,Test,male,3,25.19,42.49,4.79,76.22,781,29.5
A Athanaze,Test,male,1,23.67,52.35,6.37,73.79,781,47.1
A Steyn,ODI,female,0,26.93,63.5,6.75,61.79,781,42.1
S Mandhana,Test,female,5,55.71,63.47,10.66,71.6,780,86.1
G Malla,T20I,male,0,23.64,121.88,15.16,41.41,780,56.3
BL Mooney,WPL,female,2,35.45,129.78,18.3,33.94,780,60.8
G Kirsten,Test,male,2,51.93,46.48,6.38,76.01,779,58.0
I Sharma,Test,male,3,8.28,30.45,3.44,83.29,778,9.0
T de Zorzi,ODI,male,1,45.71,99.36,13.04,51.53,777,84.4
NRD Compton,Test,male,3,28.7,36.05,4.05,80.88,775,25.6
Faheem Nazir,T20I,male,1,40.79,146.5,21.55,37.24,775,87.8
M Shahrukh Khan,IPL,male,3,20.39,147.9,19.27,35.11,775,54.3
Mohammad Nawaz,T20I,male,2,18.43,138.96,18.49,38.24,774,62.7
KR Mayers,T20I,male,2,20.89,134.43,20.87,49.04,773,61.6
SA Yadav,ODI,male,1,25.77,105.03,13.45,46.33,773,72.3
AGS Gous,T20I,male,1,30.84,142.78,20.19,37.04,771,81.8
CA Lynn,CPL,male,0,22.68,130.46,17.43,42.3,771,55.8
Sarfaraz Ali,T20I,male,2,19.77,140.18,22.36,51.45,771,62.1
JI Rodrigues,WPL,female,2,29.65,140.44,19.13,29.33,771,65.1
Misbah-ul-Haq,T20I,male,0,38.55,110.46,10.17,35.96,771,57.5
Aysha,T20I,female,0,20.26,113.91,14.2,40.68,770,76.1
N Vanua,ODI,male,0,17.09,80.36,8.78,60.92,769,37.1
E Chigumbura,T20I,male,2,20.78,143.74,18.69,36.64,769,69.0
Abishek Porel,IPL,male,3,25.63,145.37,20.42,33.46,769,64.1
ST Jayasuriya,IPL,male,5,27.43,144.36,23.12,47.18,768,60.5
Sohaib Maqsood,ODI,male,3,30.72,84.4,8.57,52.75,768,58.5
SK Raina,Test,male,1,26.48,53.15,7.2,72.6,768,54.8
RR Rossouw,T20I,male,1,34.86,159.79,22.5,33.12,767,89.9
TF Rogers,BBL,male,2,19.67,121.55,16.16,40.1,767,38.7
Aaron Jones,T20I,male,0,22.56,114.48,11.79,39.7,767,46.0
YSD Seneveratne,T20I,male,0,34.82,118.21,14.81,45.83,766,61.1
Umaima Sohail,ODI,female,0,22.53,65.03,6.96,61.54,766,38.4
Shayan Jahangir,ODI,male,3,28.33,90.11,11.19,52.3,765,65.3
MW Harvey,BBL,male,0,18.66,116.08,13.35,40.67,765,26.1
T Manders,T20I,male,5,36.33,134.33,18.66,42.25,763,77.5
Sadaf Shamas,ODI,female,5,31.71,72.75,9.56,60.13,761,61.9
AG Prince,ODI,male,5,30.44,68.25,4.84,54.35,761,36.9
RP Burl,ODI,male,3,26.24,84.09,9.06,54.81,761,53.2
CA Ingram,ODI,male,3,30.44,82.99,9.16,53.87,761,58.0
T Stubbs,Test,male,2,31.62,46.51,4.53,72.49,759,41.6
R Ravindra,T20I,male,2,21.08,135.54,16.43,33.04,759,65.0
TA Boult,Test,male,1,15.81,60.0,8.85,76.44,759,53.0
Sami Aslam,Test,male,3,31.58,39.11,4.23,78.17,758,30.9
T Chanderpaul,Test,male,3,28.07,37.66,3.87,79.53,758,25.2
T Bharaj,T20I,male,0,24.39,119.06,13.07,39.84,756,52.9
DJ Hussey,T20I,male,0,22.91,121.35,12.04,35.79,756,52.5
Mohammad Nadeem,T20I,male,0,22.91,103.7,8.92,37.31,756,40.3
MG Bevan,ODI,male,5,44.41,66.17,4.82,57.41,755,43.6
HD Rutherford,Test,male,1,26.96,56.43,8.0,74.51,755,59.2
Azam Khan,CPL,male,0,21.54,134.4,19.07,43.14,754,60.7
S Singh,T20I,male,0,17.95,105.16,12.97,47.0,754,32.5
A Lister,T20I,female,0,15.69,117.11,16.33,44.17,753,69.2
Sikandar Raza,PSL,male,1,25.97,151.51,20.93,34.61,753,65.6
G Malla,ODI,male,0,23.53,67.35,8.32,65.65,753,31.8
Sompal Kami,ODI,male,0,20.35,75.38,7.11,58.46,753,31.2
Kamran Ghulam,PSL,male,3,25.07,126.6,15.82,35.52,752,38.2
Saim Ayub,ODI,male,1,46.94,100.0,14.51,54.86,751,83.8
Mohammad Amir,Test,male,3,13.41,37.93,4.75,81.72,751,14.9
A Dercksen,ODI,female,3,35.76,91.59,10.24,48.54,751,80.1
Mohammad Hafeez,CPL,male,3,21.46,102.04,11.14,44.16,751,27.0
W Sutherland,BBL,male,5,17.86,131.81,13.36,34.97,750,40.9
Mohammed Shami,Test,male,4,12.1,74.63,10.75,68.16,750,61.8
W Barresi,T20I,male,0,25.0,116.46,13.35,38.35,750,54.1
L Siaka,ODI,male,0,18.73,75.43,8.26,60.02,749,33.6
ZE Green,T20I,male,0,17.83,113.66,12.59,38.24,749,40.0
JO Adedeji,T20I,male,3,20.78,86.37,8.78,52.54,748,26.3
RJ Quiney,BBL,male,2,25.79,134.77,17.84,39.64,748,60.4
CG Williams,T20I,male,0,27.63,110.36,12.28,42.16,746,50.2
SN Khan,IPL,male,3,22.61,137.38,19.52,34.81,746,53.2
Shafali Verma,ODI,female,3,24.03,85.24,11.44,55.84,745,67.6
AR Ramjani,T20I,male,2,24.03,132.09,15.43,35.46,745,65.5
IK Pathan,Test,male,5,39.16,57.94,7.79,71.65,744,71.7
DJ Hussey,BBL,male,5,27.56,131.45,14.13,29.68,744,59.9
SM Curran,T20I,male,2,21.26,129.84,13.44,31.76,744,58.0
KJ Stagno,T20I,male,1,27.56,170.64,25.23,38.53,744,83.5
C de Grandhomme,ODI,male,1,26.5,106.15,12.59,46.92,742,72.3
PWH de Silva,T20I,male,2,12.37,120.06,13.75,37.22,742,39.4
JJ Huo,T20I,male,1,35.29,145.58,22.59,43.03,741,82.6
SJ Myburgh,T20I,male,0,20.58,116.33,17.27,48.51,741,48.5
Chirag Suri,T20I,male,0,28.46,116.35,14.78,42.3,740,58.2
GC Smith,IPL,male,5,28.42,110.63,15.42,44.16,739,36.4
Abbas Ghani,T20I,male,1,26.39,153.0,23.4,39.34,739,80.1
AR Patel,T20I,male,2,16.77,129.7,13.88,33.04,738,51.3
SR Mukkamalla,T20I,male,1,40.94,149.19,20.85,35.63,737,88.6
CO Obuya,ODI,male,0,25.41,71.83,7.12,58.48,737,34.4
NR Kirton,T20I,male,0,23.77,122.43,12.62,37.21,737,54.6
Siow Tzin Yee,T20I,female,0,21.06,96.09,11.21,49.02,737,63.3
HH Streak,ODI,male,5,46.0,68.21,6.21,59.59,736,45.7
E Iloku,T20I,female,3,17.09,73.8,6.93,55.02,735,35.3
A Mundra,T20I,male,1,28.23,157.51,24.89,39.91,734,82.2
H Thaker,T20I,male,0,23.61,122.0,12.0,33.0,732,54.7
LS Greenway,ODI,female,5,40.67,67.59,6.65,58.82,732,55.2
Bilal Tahir,T20I,male,2,21.53,141.59,18.38,38.1,732,67.7
KC Sangakkara,CPL,male,4,34.76,130.82,16.67,34.95,730,73.5
SF Mire,ODI,male,0,20.83,79.41,9.15,58.71,729,41.2
JE Ronalds,T20I,female,0,30.38,84.87,5.59,44.35,729,55.8
ME Bouchier,ODI,female,1,42.88,107.05,16.01,51.1,729,88.7
DA Miller,CPL,male,2,42.82,155.56,20.51,29.7,728,90.1
Junaid Aziz,T20I,male,0,21.38,106.91,12.06,44.56,727,37.9
Azyan Farhath,T20I,male,0,29.04,83.83,7.39,47.11,726,37.3
R Nehonde,T20I,male,0,20.74,95.28,9.19,46.19,726,29.4
KU Carty,CPL,male,1,25.03,117.1,12.26,38.06,726,44.5
JL Carter,CPL,male,3,18.59,106.62,11.76,46.32,725,22.0
Wahab Riaz,ODI,male,3,14.22,86.31,9.88,56.67,725,44.3
AD Mathews,IPL,male,3,23.35,125.91,12.7,31.83,724,38.3
Shaiman Anwar,T20I,male,5,31.43,128.42,16.16,40.67,723,69.4
Shanzeen Shahzad,T20I,female,3,11.48,72.52,6.92,55.87,723,23.5
PJ Moor,Test,male,1,26.74,47.16,5.75,76.49,722,39.0
MEK Hussey,T20I,male,5,37.95,136.29,15.69,31.0,721,79.4
N Hussain,Test,male,3,40.06,42.76,5.58,79.6,721,43.0
PA Raikes,T20I,male,5,31.35,134.01,17.84,39.59,721,74.5
Jaspal Singh,T20I,male,0,21.85,114.44,14.29,47.62,721,44.8
N Vare,T20I,female,3,20.03,73.2,8.73,60.1,721,42.0
WTS Porterfield,T20I,male,0,20.57,103.75,13.11,47.98,720,35.9
Saber Zakhil,T20I,male,1,23.97,160.13,22.72,42.32,719,75.2
Hassan Nawaz,PSL,male,5,37.79,146.23,18.13,33.4,718,71.1
NJ Reardon,BBL,male,5,23.9,124.48,13.37,37.15,717,42.4
MAA Sanjeewani,T20I,female,0,15.26,89.96,8.16,43.79,717,47.2
SA Ahmad,T20I,male,0,22.41,112.74,13.05,41.67,717,45.5
N Chantam,ODI,female,5,42.12,70.06,8.9,63.41,716,61.9
A Sutherland,Test,female,5,89.38,64.07,8.42,68.91,715,88.5
Basil Hameed,T20I,male,2,23.83,129.29,13.38,35.26,715,60.1
GO Jones,ODI,male,3,25.54,81.62,8.79,53.65,715,49.8
TG Southee,ODI,male,3,11.92,95.33,10.8,51.87,715,52.2
GO Jones,Test,male,1,22.34,47.95,6.44,75.18,715,40.4
Sana Mir,ODI,female,2,24.62,53.09,4.54,64.39,714,29.2
Karan KC,ODI,male,3,17.0,90.04,10.72,56.62,714,49.8
Dilara Akter,T20I,female,4,15.84,110.37,16.56,51.24,713,63.8
Samjhana Khadka,T20I,female,0,13.98,102.59,13.24,46.62,713,57.8
RMAM Avery,T20I,female,0,35.65,74.58,5.02,49.69,713,49.1
R Andrew,T20I,female,0,24.55,92.71,10.55,47.66,712,64.0
JG Bethell,ODI,male,3,33.9,90.59,11.07,51.91,712,70.9
Aritra Dutta,T20I,male,2,19.78,129.22,19.24,47.01,712,56.4
DG Brownlie,Test,male,3,29.62,44.8,6.24,80.47,711,39.4
RS Bopara,T20I,male,0,28.44,118.7,11.85,34.89,711,57.9
Wan Julia,T20I,female,3,12.05,71.31,5.52,55.37,711,21.9
Mohammad Mithun,ODI,male,5,29.62,77.96,8.44,55.7,711,49.5
Naman Dhir,IPL,male,0,27.31,163.97,24.02,30.48,710,74.5
MP Breetzke,ODI,male,4,59.17,96.6,10.48,44.9,710,83.5
RS Bopara,PSL,male,3,27.31,113.24,11.48,34.61,710,34.8
MK Pandey,T20I,male,5,44.31,126.16,12.1,28.11,709,69.6
Maryam Omar,T20I,female,3,19.69,76.4,7.33,52.16,709,42.4
JDS Neesham,Test,male,4,33.76,66.32,9.26,69.22,709,75.7
NLKWR Dewi,T20I,female,0,24.41,100.85,10.68,43.59,708,69.6
Faisal Iqbal,Test,male,1,28.28,47.45,5.84,76.51,707,40.7
LJ Wright,ODI,male,3,20.2,86.22,9.88,54.15,707,49.8
SR Bhudia,T20I,male,2,21.42,122.96,14.43,37.22,707,54.3
R Ashwin,ODI,male,3,16.44,86.96,8.24,46.0,707,46.5
D Bishoo,Test,male,3,15.37,37.15,3.89,79.56,707,15.2
D Myers,T20I,male,2,20.76,123.43,14.69,37.59,706,53.6
JA Morkel,ODI,male,1,22.74,99.58,12.15,49.01,705,65.2
SO Tikolo,ODI,male,0,20.14,65.95,7.58,63.33,705,24.9
Manan Ali,T20I,male,2,25.14,146.67,17.71,35.42,704,75.1
KD Petersen,Test,male,1,28.16,47.66,5.82,76.84,704,40.5
Yasir Khan,PSL,male,1,25.07,142.11,21.46,40.08,702,55.1
Mahirah Izzati Ismail,T20I,female,3,11.32,69.03,4.72,52.7,702,20.2
A Dizija,T20I,male,0,21.94,111.08,14.56,49.21,702,43.5
ARS Silva,Test,male,3,35.1,41.0,3.62,75.41,702,35.8
JE Taylor,Test,male,4,12.09,62.2,9.58,74.98,701,53.3
DR Smith,PSL,male,3,33.38,114.73,16.04,45.99,701,40.5
KS Leverock,T20I,male,1,33.38,152.06,22.13,39.48,701,84.5
MG Neser,BBL,male,5,15.24,131.52,15.38,37.34,701,41.8
SR Waugh,Test,male,5,70.0,62.11,9.14,70.9,700,83.1
EJG Morgan,Test,male,1,30.43,54.77,6.49,70.66,700,57.9
Kycia A Knight,ODI,female,2,16.64,53.6,6.13,69.48,699,21.4
Priyada Murali,T20I,female,3,14.85,69.8,7.7,60.0,698,29.5
Shahadat Hossain,Test,male,3,11.43,45.0,6.33,78.95,697,26.5
CJ Anderson,T20I,male,2,24.89,126.04,13.56,36.53,697,59.5
MJ Owen,BBL,male,4,25.81,186.86,29.22,38.07,697,72.7
J Edwards,BBL,male,0,15.47,120.21,14.68,38.69,696,30.5
S Sunday,T20I,female,3,16.95,92.54,11.45,52.86,695,53.4
NR Kirton,ODI,male,5,28.92,76.1,7.02,54.06,694,43.4
Nikhil Chaudhary,BBL,male,1,26.65,142.01,17.42,30.33,693,71.4
PA Patel,ODI,male,0,26.65,79.66,9.43,57.82,693,49.0
NJ Astle,Test,male,1,28.88,50.62,6.94,74.8,693,51.9
Anjar Tadarus,T20I,male,3,12.38,86.41,10.22,52.99,693,15.6
Aamir Kaleem,T20I,male,0,18.24,114.55,14.55,42.31,693,42.1
BKG Mendis,PSL,male,5,49.5,168.2,23.54,25.0,693,90.3
Jaker Ali,T20I,male,2,25.63,124.68,13.51,36.94,692,59.7
MD Gunathilaka,T20I,male,2,16.07,119.55,15.92,44.29,691,42.3
Mosaddek Hossain,ODI,male,3,26.58,88.14,9.82,50.77,691,60.2
PHKD Mendis,T20I,male,2,17.69,124.55,15.16,39.71,690,48.6
SW Billings,ODI,male,3,34.5,91.15,10.7,49.93,690,72.3
P Khadka,T20I,male,2,26.54,131.18,18.82,41.63,690,69.6
K Awino,T20I,female,3,14.35,66.31,5.49,57.46,689,23.4
AR Patel,Test,male,1,34.4,53.05,7.17,74.25,688,59.4
Faheem Ashraf,Test,male,1,26.42,54.18,8.12,75.71,687,55.4
Musaddiq Ahmed,T20I,male,1,34.35,168.8,28.75,42.51,687,85.5
DS Lehmann,ODI,male,5,40.41,80.44,7.14,49.88,687,58.8
KD Karthik,T20I,male,2,26.38,142.62,20.58,37.21,686,77.4
CA Henry,T20I,female,0,18.49,101.79,10.71,42.41,684,64.0
Ayesha Zafar,ODI,female,0,21.38,66.93,8.22,61.74,684,41.6
KD Shah,T20I,male,0,19.0,106.71,10.61,40.41,684,34.2
HH Dippenaar,Test,male,3,27.36,43.07,5.48,76.45,684,33.7
WG Jacks,T20I,male,2,22.06,147.73,20.3,36.07,684,72.7
CJ Anderson,Test,male,1,32.52,56.87,8.99,76.35,683,64.2
A Mansale,T20I,male,0,23.48,114.26,11.58,40.44,681,45.5
R Chopra,ODI,male,5,37.83,81.26,8.71,54.42,681,60.9
P Litchfield,T20I,female,2,28.33,139.06,21.27,38.85,680,88.7
L Tucker,Test,male,4,40.0,62.16,8.59,69.29,680,77.4
RD Rickelton,T20I,male,2,27.2,146.24,19.35,36.56,680,78.3
Abdullah Shafique,ODI,male,0,28.29,78.14,9.09,58.8,679,48.5
WG Jacks,ODI,male,1,32.33,101.95,12.16,48.05,679,76.5
HASD Siriwardene,ODI,female,2,18.35,57.15,6.82,66.75,679,27.7
GE Plimmer,T20I,female,0,16.17,104.62,12.33,43.14,679,62.7
SM Mayers,T20I,female,0,26.08,98.26,12.17,47.39,678,70.6
Javed Omar,Test,male,1,20.55,48.19,7.25,77.4,678,40.5
AA Obanda,T20I,male,2,19.94,119.58,18.69,50.09,678,50.3
T Kohler-Cadmore,PSL,male,1,21.19,134.26,17.62,38.42,678,36.9
DJ Bravo,BBL,male,5,23.34,134.33,14.29,34.33,677,53.0
M Kasselman,T20I,male,2,27.08,129.69,18.01,44.44,677,66.5
BM Halliday,T20I,female,0,16.1,98.69,8.32,40.0,676,54.0
B Arora,T20I,male,0,22.53,96.02,11.36,49.15,676,33.3
TL Suman,IPL,male,1,21.12,117.57,14.09,41.91,676,25.4
MJ Henry,Test,male,4,15.72,75.53,12.51,71.62,676,62.5
SJ Baard,T20I,male,0,28.12,112.88,12.54,41.47,675,51.6
CK Kapugedera,T20I,male,0,22.5,118.21,14.01,40.11,675,50.3
L Yamamoto-Lake,T20I,male,2,19.29,128.08,17.65,44.97,675,53.7
C Chatphaisan,T20I,male,4,13.22,101.97,12.41,50.53,674,22.4
Sharmin Akhter,T20I,female,0,20.42,85.86,7.64,44.84,674,52.5
D Norotam,T20I,male,2,28.04,139.34,19.05,39.54,673,75.2
DJG Sammy,PSL,male,1,24.93,145.67,19.26,37.88,673,54.2
NR Kumar,T20I,male,2,24.93,126.27,13.7,36.02,673,60.0
AM Nayar,IPL,male,1,17.68,116.46,13.0,38.65,672,20.4
MEK Hussey,BBL,male,3,33.55,131.31,14.09,32.09,671,64.5
RL Haynes,T20I,female,5,33.55,126.37,13.94,28.81,671,87.7
PD Salt,BBL,male,2,23.14,146.51,20.74,34.28,671,69.2
T Bavuma,T20I,male,0,21.61,118.17,13.76,38.45,670,49.4
M Deyal,CPL,male,0,19.14,132.15,19.33,44.18,670,53.2
TT Samaraweera,ODI,male,5,33.45,75.17,7.08,52.13,669,48.3
I Takahashi,T20I,male,2,17.58,133.33,16.97,40.72,668,54.4
HASD Siriwardene,T20I,female,0,16.27,87.65,8.28,45.2,667,47.1
Imal Zuwak,T20I,male,0,18.03,102.93,11.27,43.67,667,29.9
T Ruma,T20I,female,0,28.96,90.12,9.34,48.85,666,62.8
YH Bhatia,ODI,female,0,24.67,73.03,8.77,59.32,666,54.0
Hamza Dar,T20I,male,1,35.05,148.99,18.12,34.9,666,83.8
Hammad Mirza,ODI,male,5,36.94,72.05,7.91,58.72,665,49.0
TB Robinson,T20I,male,2,27.71,137.4,17.36,37.6,665,73.3
TH David,CPL,male,5,26.6,142.7,18.45,36.48,665,71.9
Shorna Akter,T20I,female,0,16.58,104.57,9.31,36.12,663,60.2
GJ Bailey,IPL,male,3,24.56,121.88,14.34,36.4,663,36.6
NJ Pius,T20I,female,3,17.0,82.26,8.31,53.6,663,41.3
CJ Ferguson,ODI,male,3,41.44,85.33,8.24,46.33,663,67.9
HJH Marshall,ODI,male,0,20.66,68.57,4.67,54.05,661,25.2
RH Priest,ODI,female,3,23.61,83.88,12.82,60.79,661,64.2
Mohammad Nabi,BBL,male,5,22.79,124.95,13.42,37.62,661,39.5
LJ Wright,T20I,male,2,16.5,132.26,17.03,39.08,660,53.5
C Rububagumya,T20I,male,3,13.47,83.44,6.45,49.18,660,14.2
KR Mayers,ODI,male,3,25.38,85.16,12.39,62.19,660,54.1
L Wolvaardt,WPL,female,2,32.95,130.24,18.77,34.98,659,58.9
SM Curran,ODI,male,3,22.69,89.52,9.25,47.76,658,55.7
HM Omary,T20I,female,0,17.78,92.29,9.26,43.76,658,54.9
M Yanagida,T20I,female,3,17.78,79.66,6.9,52.3,658,38.7
TG McIntosh,Test,male,3,23.46,35.17,4.07,80.03,657,19.8
PBB Rajapaksa,T20I,male,2,21.9,128.07,15.79,39.96,657,57.5
AB Barath,Test,male,1,23.46,47.33,7.13,78.96,657,40.0
T Taibu,Test,male,3,28.57,39.46,4.86,80.3,657,27.8
DJ Willey,ODI,male,3,25.23,95.21,11.61,51.81,656,63.8
R Chopra,T20I,male,0,24.26,113.52,12.31,39.51,655,47.9
E Lewis,IPL,male,5,27.25,137.11,20.55,44.44,654,54.7
T Nightingale,T20I,male,2,20.44,130.28,17.13,39.24,654,59.0
MT Renshaw,Test,male,3,28.39,42.57,5.35,78.42,653,31.9
CA Soper,ODI,male,2,18.66,55.96,3.17,61.1,653,15.2
YBK Jaiswal,T20I,male,1,36.17,162.75,27.25,40.0,651,87.0
M Uwase,T20I,female,3,14.77,86.55,10.12,53.53,650,42.8
H Deol,WPL,female,0,28.22,115.69,16.93,40.64,649,39.7
A Mishra,Test,male,4,21.6,58.75,7.43,69.45,648,56.1
FH Allen,BBL,male,4,30.81,184.33,27.07,33.62,647,83.8
Aayan Afzal Khan,ODI,male,0,22.31,71.57,8.08,59.51,647,32.9
GB Hogg,ODI,male,3,19.61,80.67,5.61,44.89,647,37.0
A Dercksen,T20I,female,2,24.85,124.71,17.18,38.42,646,83.7
CK Coventry,ODI,male,3,28.04,89.58,10.28,54.44,645,61.1
SFM Devine,WPL,female,1,25.8,151.41,23.94,38.97,645,68.1
SM Whiteman,BBL,male,0,15.33,115.62,13.64,40.39,644,23.2
Abdur Razzak,ODI,male,0,12.38,75.41,7.49,57.61,644,26.9
Erika Oda,T20I,female,0,18.91,88.81,10.77,49.86,643,54.9
J Rasu,T20I,male,0,20.09,105.58,10.84,43.84,643,33.5
M Labuschagne,BBL,male,5,22.96,121.09,12.24,31.45,643,38.8
MADD Surangika,ODI,female,2,22.93,54.09,5.05,65.88,642,26.9
PJ Cummins,IPL,male,3,19.45,152.49,19.95,38.48,642,52.7
Parvez Hossain Emon,T20I,male,2,19.45,128.66,18.64,48.3,642,54.0
DJM Short,T20I,male,2,30.57,118.89,15.93,40.74,642,62.6
BJ Dwarshuis,BBL,male,5,16.05,141.41,16.08,31.72,642,53.8
Rohan Mustafa,T20I,male,0,16.87,111.09,13.86,42.98,641,36.3
Shafali Verma,Test,female,0,49.23,73.14,11.77,68.57,640,91.5
PA Chatterji,T20I,female,0,14.55,95.95,9.75,42.13,640,51.9
V Langiatu,T20I,female,3,19.36,83.31,9.91,54.89,639,48.3
JEC Franklin,Test,male,3,22.03,36.77,4.14,80.03,639,18.7
DB Sharma,WPL,female,0,26.58,117.93,16.08,37.71,638,35.0
PM Weerakkody,ODI,female,2,17.72,55.77,5.59,65.82,638,23.0
Zon Lin,T20I,female,0,23.63,94.8,10.4,48.29,638,62.8
Rashid Khan,IPL,male,3,13.8,156.4,21.67,38.92,635,50.9
Gulsan Jha,T20I,male,2,19.84,138.65,17.25,39.3,635,61.5
C Green,T20I,male,1,30.24,151.91,20.33,34.45,635,83.6
Fiza,T20I,female,0,21.86,89.8,8.92,45.75,634,57.4
M Gogev,T20I,male,2,24.38,143.44,21.04,45.02,634,70.1
RD Gaikwad,T20I,male,1,39.56,143.54,20.18,34.01,633,86.1
Dhruv Jurel,Test,male,5,42.13,58.36,6.83,68.88,632,71.3
W Boshoff,T20I,male,0,27.48,110.68,11.03,40.46,632,48.1
Umar Adam,T20I,male,2,18.59,136.5,19.01,45.36,632,57.2
PSP Handscomb,ODI,male,3,33.26,97.38,8.17,38.06,632,68.5
Muhammad Muneeb,T20I,male,2,22.57,123.44,18.55,45.12,632,57.4
JH Kallis,T20I,male,5,35.11,120.38,14.1,36.95,632,65.4
SC Cook,Test,male,3,33.26,45.08,4.85,76.32,632,38.7
Ravinderpal Singh,T20I,male,2,23.37,142.12,17.79,36.04,631,70.4
K Waiswa,T20I,male,4,15.75,103.62,12.34,49.18,630,25.9
Arjun Vinod,T20I,male,0,25.2,110.92,13.03,43.84,630,46.8
D Wiese,PSL,male,1,24.19,161.7,20.82,31.88,629,63.7
RM Dorji,T20I,male,0,17.44,107.35,12.14,44.79,628,31.0
GW Flower,ODI,male,5,34.83,66.56,5.94,59.13,627,37.9
RK Singh,T20I,male,2,27.26,144.8,20.32,37.88,627,77.5
OH Agbomadzie,T20I,male,0,22.36,96.9,9.44,46.75,626,31.2
JM How,Test,male,1,23.15,49.76,6.77,77.39,625,41.8
B Niaz,T20I,male,2,24.04,127.29,17.31,43.18,625,60.8
M Jansen,Test,male,1,23.11,54.5,7.95,74.5,624,52.9
PP Chawla,IPL,male,1,11.14,110.83,13.5,43.52,624,13.4
DA Warner,PSL,male,5,39.0,151.46,23.3,34.47,624,80.6
DJ Hawoe,T20I,male,4,10.4,122.11,14.09,42.66,624,35.6
Rumana Ahmed,T20I,female,0,15.2,92.57,9.51,44.43,623,49.8
AR McBrine,Test,male,1,38.88,55.09,7.17,72.45,622,66.3
D Kansonkho,T20I,male,0,18.85,91.74,9.73,47.94,622,24.5
N Deonarine,Test,male,3,25.92,42.31,4.9,77.89,622,27.7
JN Mohammed,ODI,male,0,23.0,68.39,6.72,59.36,621,27.6
M Mupachikwa,ODI,female,2,23.88,57.71,5.76,65.99,621,31.1
MPGT Ketiyage,T20I,male,2,23.0,123.21,15.48,44.84,621,53.3
M Taylor,T20I,male,3,20.7,96.43,13.2,55.12,621,32.1
N Choden,T20I,female,3,18.24,72.35,7.7,57.88,620,35.8
AS Samra,T20I,male,2,24.8,135.67,17.72,40.04,620,67.5
Khawar Ali,ODI,male,2,26.96,58.82,5.79,65.28,620,25.3
B George,T20I,male,2,24.8,128.1,15.5,43.39,620,59.0
DJ Malan,PSL,male,3,29.48,122.82,15.28,36.9,619,40.3
CH Morris,IPL,male,3,22.07,155.28,19.1,29.9,618,60.5
KT Perkins,ODI,female,0,23.77,75.46,6.47,52.26,618,49.7
EL Lamb,ODI,female,3,25.75,85.12,10.61,54.82,618,67.6
CH Gayle,BBL,male,2,32.42,137.81,18.57,44.97,616,70.3
SJ Harmison,Test,male,4,13.39,60.93,9.2,73.69,616,53.3
TMK Mawoyo,Test,male,3,29.29,37.05,4.64,81.08,615,26.1
W Hornero-Garcia,T20I,female,0,25.62,97.62,10.16,46.03,615,66.2
ST Jayasuriya,T20I,male,2,23.65,130.85,20.64,47.02,615,63.3
A Bagai,ODI,male,0,29.24,63.23,6.59,59.94,614,31.6
JJ Roy,IPL,male,5,32.32,138.6,21.67,40.18,614,64.8
TT Beaumont,Test,female,1,30.7,48.61,6.41,75.61,614,44.5
KC Sangakkara,PSL,male,3,27.86,126.39,16.7,37.32,613,42.5
Alok Kapali,ODI,male,0,17.03,69.66,6.7,58.07,613,23.5
AK Mohan,T20I,male,0,22.67,101.66,11.13,49.5,612,33.9
Naseem Khushi,T20I,male,1,19.12,164.52,23.12,37.37,612,70.3
Zeeshan Kukikhel,T20I,male,1,27.77,146.17,22.73,41.15,611,77.9
KP Pietersen,PSL,male,1,26.57,139.18,16.63,32.35,611,50.9
JF Mooney,ODI,male,3,25.42,83.79,9.48,54.95,610,52.1
SA Abbott,BBL,male,0,11.3,114.23,11.05,40.07,610,13.8
CR Pagydyala,T20I,female,0,25.42,89.84,8.84,44.62,610,60.4
Saim Ayub,CPL,male,2,46.77,145.8,19.9,39.09,608,83.8
A Brindle,ODI,female,5,40.53,70.45,6.95,56.2,608,58.4
C Uwase,T20I,female,3,12.16,84.8,9.62,53.84,608,36.1
AF Giles,Test,male,1,23.35,46.69,6.0,75.92,607,35.8
MS Harris,Test,male,1,25.29,45.92,5.52,77.16,607,33.1
P Pushparajan,T20I,male,1,31.95,156.85,21.45,35.66,607,85.2
GS Dinusha,Test,male,5,86.57,58.61,5.9,64.41,606,72.0
D Brevis,IPL,male,3,25.25,146.02,19.52,37.83,606,57.6
J Mees,T20I,male,0,24.24,119.53,14.79,43.0,606,53.0
Khaled Mashud,ODI,male,2,24.2,54.65,3.7,62.51,605,19.4
L Lamin,T20I,male,3,16.81,89.5,9.76,53.55,605,19.7
TH David,PSL,male,5,43.21,179.53,24.63,25.82,605,90.5
JC Buttler,BBL,male,2,33.61,141.03,18.65,37.76,605,75.8
S Movva,ODI,male,5,31.84,66.85,4.86,54.25,605,36.6
Isa Zaroo,T20I,male,2,23.27,119.33,15.58,43.39,605,52.4
D Abeyrathna,T20I,male,0,19.48,96.49,10.86,47.92,604,27.7
G Voll,T20I,female,1,33.56,152.91,24.3,34.94,604,91.8
JD Ryder,IPL,male,5,21.57,131.88,19.21,41.7,604,42.0
RJ Harris,Test,male,4,21.54,63.14,7.85,71.41,603,58.1
Shahbaz Ahmed,IPL,male,3,20.79,123.31,12.47,34.36,603,30.3
WG Jacks,IPL,male,0,27.36,158.84,23.22,34.83,602,70.3
D Wiese,T20I,male,2,25.04,132.67,14.13,34.44,601,64.2
PL Mommsen,ODI,male,5,40.07,77.55,6.71,51.1,601,54.4
C Madande,T20I,male,0,21.43,117.42,13.11,41.1,600,45.5
SE Rutherford,PSL,male,1,26.04,148.64,19.85,37.72,599,58.6
TWM Latham,T20I,male,0,27.14,109.54,11.38,37.06,597,49.7
Lakshit Gupta,T20I,male,0,25.96,106.23,12.99,45.91,597,44.3
Kyshona A Knight,ODI,female,2,19.9,49.75,5.42,71.17,597,21.1
B Ward,T20I,male,2,28.43,128.39,14.19,38.71,597,63.9
BR Dunk,PSL,male,1,27.09,144.66,18.2,31.07,596,59.6
J Botha,ODI,male,3,18.56,85.1,8.02,48.85,594,44.6
Afif Hossain,ODI,male,3,25.83,87.35,9.26,49.12,594,57.4
RN ten Doeschate,ODI,male,4,59.4,88.26,10.7,54.98,594,74.8
KE Bryce,ODI,female,4,66.0,90.0,9.7,47.27,594,84.4
Ayesha Zafar,T20I,female,4,16.94,110.63,15.49,44.22,593,67.4
BMAJ Mendis,ODI,male,3,17.44,81.68,7.85,50.41,593,40.0
Zeefa Jilani,T20I,female,3,14.12,80.24,10.28,57.78,593,36.5
M Corazon,T20I,female,2,24.67,116.77,17.75,47.73,592,78.6
CJ Green,CPL,male,1,15.18,134.24,14.97,31.52,592,46.0
TLW Cooper,T20I,male,2,22.77,127.04,16.31,37.55,592,60.4
M Gorases,T20I,female,3,11.84,71.67,6.54,56.05,592,21.5
J van Heerden,T20I,male,1,42.21,134.93,18.04,32.65,591,81.7
Shakib Al Hasan,CPL,male,1,17.38,116.57,13.81,40.24,591,31.7
Adnan Akmal,Test,male,3,24.62,44.07,5.44,76.96,591,30.2
Avishka Iroshan,T20I,male,0,29.5,115.46,15.07,43.44,590,56.7
JM Vince,ODI,male,3,28.1,87.8,11.31,53.72,590,61.7
L Vincent,Test,male,5,59.0,56.03,7.88,74.26,590,73.6
Habib Khan,T20I,male,2,24.58,127.98,16.92,44.69,590,59.8
CN Ackermann,T20I,male,0,23.6,116.37,11.24,33.33,590,49.2
SK Warne,Test,male,4,20.34,67.58,9.28,68.61,590,63.1
IC Gaze,ODI,female,3,24.58,87.41,11.11,51.11,590,69.1
MD Craig,Test,male,1,36.81,54.39,7.02,72.95,589,62.4
Saqlain Arshad,T20I,male,2,17.85,126.94,19.4,45.91,589,51.3
K Lewis,CPL,male,0,19.0,128.6,18.56,49.34,589,44.9
Ahmed Aqeel,T20I,male,0,32.72,118.04,9.82,30.66,589,57.8
N Vanua,T20I,male,2,19.6,130.38,14.19,39.25,588,52.2
MB Kruger,ODI,male,2,22.58,64.72,5.62,60.97,587,21.8
F Damiao Couana,T20I,male,1,36.69,136.83,19.35,41.49,587,77.8
AAP Atkinson,Test,male,4,19.57,65.81,8.63,68.61,587,60.8
RJ Nicol,ODI,male,0,30.84,75.52,8.51,58.38,586,47.4
GE Plimmer,ODI,female,0,21.59,68.67,8.13,61.84,583,42.1
PD Collingwood,T20I,male,2,18.81,127.02,13.51,33.33,583,50.9
SM Sharif,ODI,male,0,20.82,77.53,6.78,52.79,583,34.7
FH Allen,ODI,male,1,27.71,93.27,14.74,60.42,582,63.9
ST Jayasuriya,Test,male,4,25.3,71.41,10.18,66.99,582,69.2
DR Smith,T20I,male,2,18.19,122.78,19.62,52.32,582,48.4
DJG Sammy,T20I,male,2,17.61,149.74,19.85,35.57,581,65.1
DC Smith,T20I,male,4,17.58,116.23,14.83,44.69,580,39.6
WPUJC Vaas,ODI,male,0,11.35,68.6,5.57,55.33,579,18.7
KK Nair,Test,male,4,41.36,64.62,8.26,66.96,579,78.8
G Matome,T20I,female,3,18.68,71.75,6.69,57.5,579,34.2
MA Starc,ODI,male,0,11.82,77.41,7.62,56.02,579,29.1
P Vastrakar,ODI,female,3,26.32,88.4,9.31,47.63,579,69.1
JG Bethell,Test,male,4,34.06,60.76,8.5,69.57,579,70.9
M Bibi,T20I,female,3,12.57,85.25,4.87,42.77,578,33.9
BL Mooney,Test,female,2,41.29,52.55,5.73,70.82,578,58.8
MAA Sanjeewani,ODI,female,2,16.06,61.82,4.71,59.04,578,24.5
SB Styris,T20I,male,2,21.41,119.67,13.46,38.51,578,48.4
MN Waller,Test,male,1,21.37,50.79,6.07,74.03,577,40.5
HM Amla,IPL,male,4,44.38,141.77,19.9,34.15,577,74.4
Saim Hussain,T20I,male,1,41.21,148.33,19.79,35.99,577,85.8
Irfan Khan,PSL,male,1,26.23,132.95,15.67,31.8,577,44.4
TLW Cooper,ODI,male,5,33.88,74.81,8.31,55.97,576,50.0
BA Stokes,T20I,male,2,23.04,129.44,14.16,33.26,576,60.0
N Boje,Test,male,4,32.0,58.72,9.68,74.82,576,66.7
JR Hazlewood,Test,male,3,11.5,43.89,6.41,79.69,575,24.2
DAS Gunaratne,ODI,male,3,27.38,79.42,7.73,50.69,575,48.3
TT Bresnan,Test,male,3,26.14,39.44,4.66,78.81,575,24.7
RS Bopara,Test,male,1,31.94,52.9,6.72,72.4,575,56.0
D Wangmo,T20I,female,3,23.96,74.87,6.25,54.56,575,41.5
D Ramdin,T20I,male,2,17.94,119.33,13.93,36.8,574,44.6
WD Parnell,ODI,male,3,20.5,79.39,7.19,50.21,574,38.4
BJ Watling,ODI,male,0,24.91,68.38,7.28,58.83,573,31.0
AD Hales,Test,male,3,27.29,43.84,6.2,79.04,573,34.8
GD Arta,T20I,male,3,12.71,87.86,9.68,54.22,572,14.0
AC Blizzard,BBL,male,5,28.6,126.83,14.63,36.14,572,53.7
K Mishara,T20I,male,2,26.0,130.3,17.54,40.32,572,66.5
M Syahadat Ramli,T20I,male,0,21.19,103.81,10.53,41.2,572,34.8
Muhammad Amir,T20I,male,4,13.95,104.95,12.48,42.2,572,27.2
TR Birt,BBL,male,2,27.24,145.18,19.04,37.56,572,69.7
A Ashokan,T20I,male,0,35.75,114.86,10.04,36.55,572,55.9
D Dhingra,T20I,female,3,17.84,91.07,8.93,49.44,571,50.2
AA Alleyne,ODI,female,0,16.31,67.02,7.98,62.21,571,35.1
Vinu Kumar,T20I,female,3,15.03,72.55,5.72,52.1,571,27.9
Waji Ul Hassan,T20I,male,2,24.83,121.49,13.19,34.04,571,56.3
RL Powell,ODI,male,3,23.75,93.29,12.11,55.97,570,58.9
KNM Fernando,Test,male,1,25.86,53.63,6.6,72.01,569,50.2
M Mwatile,T20I,female,3,14.59,85.69,9.19,52.86,569,40.1
VS Padhaal,T20I,male,0,18.35,106.55,11.99,43.07,569,32.5
RL Blake,T20I,female,1,189.33,138.54,19.27,32.68,568,92.6
Tamim Iqbal,PSL,male,3,37.87,113.6,14.4,40.6,568,41.0
DAJ Bracewell,Test,male,1,13.85,46.37,6.37,77.96,568,28.9
R Trumpelmann,ODI,male,0,16.2,82.65,9.33,57.0,567,40.3
A Capsey,ODI,female,0,21.77,79.16,9.09,55.66,566,55.8
GM Harris,T20I,female,1,23.58,156.79,22.71,31.86,566,85.8
EAJ Richardson,T20I,female,4,16.62,103.67,12.48,44.04,565,62.0
L Winfield,ODI,female,0,23.5,73.63,9.79,61.75,564,52.8
Ashutosh Sharma,IPL,male,0,29.68,168.86,23.65,31.14,564,78.2
RW Chakabva,T20I,male,2,13.09,120.56,15.85,43.04,563,38.6
CM Edwards,Test,female,3,40.21,39.21,4.53,80.22,563,37.7
RR Seth,T20I,female,3,14.08,73.31,7.03,55.6,563,27.2
J Botha,BBL,male,5,20.07,126.58,12.61,32.43,562,38.9
Aarif Sheikh,T20I,male,0,18.73,110.63,12.99,40.16,562,38.2
FDW McCreath,ODI,male,5,33.0,72.2,6.95,55.47,561,43.1
S Mostary,ODI,female,0,25.5,69.09,8.37,60.84,561,48.3
IS Sodhi,Test,male,1,20.78,46.98,6.28,77.22,561,33.8
JL Carter,ODI,male,0,24.35,73.88,7.65,59.37,560,34.6
CE Dean,ODI,female,0,23.33,70.26,5.65,53.45,560,41.3
Sana Mir,T20I,female,3,16.0,73.49,4.86,46.85,560,31.9
JP Faulkner,BBL,male,5,22.36,112.47,8.05,29.58,559,29.3
TS Fray,T20I,male,0,18.03,91.04,8.63,46.74,559,22.0
P Maya,T20I,female,3,12.68,85.19,8.4,50.84,558,35.9
MK Pandey,ODI,male,3,34.88,91.48,8.2,42.3,558,67.3
PM Seelaar,T20I,male,0,19.21,110.52,10.12,36.51,557,36.9
IC Gaze,T20I,female,2,19.89,116.77,15.72,40.25,557,75.1
KJ Garth,T20I,female,0,25.32,84.78,7.0,45.36,557,52.4
EL Bartram,T20I,female,0,24.17,112.32,14.55,44.65,556,75.9
M Akayezu,T20I,male,4,8.55,114.88,13.64,47.93,556,27.4
DD Ebrahim,ODI,male,2,22.2,54.25,3.52,61.39,555,16.9
T Perera,T20I,male,0,23.12,103.74,13.08,49.53,555,38.0
R Powell,IPL,male,3,22.2,142.31,19.49,40.26,555,49.5
HE van der Dussen,PSL,male,5,39.64,143.04,17.01,29.9,555,67.3
CS Mugeri-Tiripano,ODI,female,0,29.16,70.22,8.87,62.36,554,53.1
NR Hobson,BBL,male,5,23.08,132.85,15.83,34.29,554,53.4
OGL Bascome,T20I,male,2,19.79,137.81,19.65,46.02,554,59.2
LV van Beek,ODI,male,3,24.09,87.94,8.1,50.95,554,50.4
M Jansen,ODI,male,1,26.33,112.63,14.05,46.84,553,72.6
B Kumar,Test,male,1,22.08,45.06,6.53,78.12,552,33.5
B Kumar,ODI,male,0,14.15,73.9,7.23,54.89,552,27.2
Shahid Wasif,T20I,male,0,26.29,116.21,13.68,40.84,552,52.6
M Podosky,T20I,male,4,19.68,111.09,14.72,51.21,551,38.3
MC Henriques,T20I,male,2,27.55,137.75,15.25,31.0,551,71.3
A Limdawala,T20I,male,3,16.21,92.14,10.54,52.17,551,19.7
BJ Haddin,BBL,male,2,26.19,132.85,16.91,39.86,550,55.3
MJ Lumb,T20I,male,2,22.0,133.82,20.68,46.96,550,61.2
G Voll,ODI,female,1,49.91,112.04,16.53,44.9,549,89.7
JA Morkel,T20I,male,2,21.12,142.6,16.88,35.84,549,64.9
Faheem Ashraf,T20I,male,2,13.72,139.34,17.26,38.58,549,52.4
Haider Ali,T20I,male,2,15.22,124.55,15.45,38.86,548,44.5
GK Diviya,T20I,female,3,16.61,62.49,4.56,58.15,548,24.7
SO Ngoche,T20I,male,4,15.22,111.61,12.83,42.36,548,31.6
JM Vince,Test,male,1,24.91,49.82,7.82,79.0,548,45.0
L Jack,T20I,female,3,15.6,84.91,7.47,48.21,546,39.7
Kycia A Knight,T20I,female,3,17.06,86.67,7.94,46.98,546,45.6
N Deonarine,ODI,male,2,24.82,63.86,6.32,61.75,546,24.4
V Sibanda,Test,male,1,22.71,49.64,7.47,78.23,545,42.4
BM Duckett,BBL,male,1,28.68,139.03,18.37,33.42,545,72.9
JP Inglis,IPL,male,0,38.86,173.25,27.39,33.44,544,84.9
GP Thorpe,Test,male,2,49.45,46.06,5.76,75.19,544,52.0
AR Naidoo,T20I,male,0,25.9,103.23,11.2,44.4,544,40.2
Imam-ul-Haq,PSL,male,3,24.64,124.31,14.45,30.73,542,35.6
AU Rashid,Test,male,3,19.29,42.52,5.2,77.87,540,22.5
Ayan Khan,T20I,male,0,18.62,106.72,9.68,38.74,540,32.3
Babar Hayat,ODI,male,5,41.46,73.33,8.57,61.09,539,52.3
MR Swart,T20I,male,2,29.94,116.92,12.8,36.01,539,57.6
PHKD Mendis,ODI,male,0,25.67,79.97,8.16,54.3,539,45.2
IA De Silva,T20I,male,0,23.43,107.37,14.74,50.6,539,42.4
AJ Mosca,T20I,male,2,35.93,130.19,14.73,34.3,539,72.1
Raghav Dhawan,T20I,male,0,29.94,108.02,11.22,41.48,539,47.9
CJ Anderson,IPL,male,5,24.45,127.19,16.78,43.74,538,38.4
Gull Feroza,T20I,female,4,15.82,104.06,15.09,47.97,538,60.4
NRJ Croes,ODI,male,0,25.62,76.53,6.83,54.34,538,38.4
CN Nation,T20I,female,3,16.27,88.61,7.92,49.83,537,43.3
Shamim Hossain,T20I,male,2,17.9,123.17,15.37,40.14,537,46.6
AG Cremer,Test,male,3,18.52,33.11,3.02,81.01,537,13.1
LPC Silva,Test,male,4,33.56,62.88,8.08,68.74,537,70.9
Rahmanullah Gurbaz,CPL,male,5,29.83,159.35,22.85,39.47,537,80.0
WAE Burton,T20I,male,2,20.62,142.55,23.4,46.28,536,63.4
LE Plunkett,ODI,male,1,18.48,108.94,12.4,42.28,536,63.2
Dylan Steyn,T20I,male,2,28.16,134.09,18.05,36.09,535,72.9
KC D'Souza,T20I,male,1,31.47,157.82,20.35,35.99,535,83.1
Sandeep Goud,ODI,male,0,25.48,70.95,7.16,59.95,535,32.0
L Louwrens,ODI,male,2,22.29,59.05,6.95,66.78,535,21.0
PV Vuniwaqa,T20I,male,1,35.53,148.88,23.18,48.04,533,79.2
JL Jonassen,ODI,female,3,21.32,85.97,7.1,45.97,533,54.6
AJ Hall,Test,male,1,29.61,44.79,5.97,77.06,533,38.1
RE van der Merwe,T20I,male,2,19.7,126.97,13.13,31.26,532,51.8
G Stewart,T20I,male,1,28.0,160.24,23.8,42.47,532,78.6
Umar Gul,Test,male,1,10.23,49.08,6.92,79.7,532,31.0
Aman Desai,T20I,male,4,16.59,116.7,14.07,42.2,531,38.2
GR Adair,T20I,male,2,23.09,141.6,21.6,46.93,531,65.9
RS Bopara,IPL,male,3,29.5,117.22,12.14,35.32,531,38.8
J Mubarak,ODI,male,0,24.14,65.8,5.7,59.48,531,24.1
Imran Nazir,ODI,male,3,25.29,91.71,14.16,62.0,531,58.5
Z Khan,ODI,male,0,12.35,71.28,8.46,62.68,531,24.6
AJ Blackwell,T20I,female,0,22.04,89.51,5.92,35.03,529,53.5
Sazib Bhuiyan,T20I,male,2,18.86,138.58,19.95,41.73,528,60.1
M Coetzee,T20I,male,2,18.86,130.05,20.44,41.63,528,57.4
Iftikhar Ahmed,ODI,male,1,37.64,108.66,12.99,42.06,527,83.1
JP Faulkner,IPL,male,3,20.27,135.13,15.13,32.56,527,40.2
MK Lomror,IPL,male,3,18.17,141.29,16.89,32.17,527,44.6
CR Brathwaite,ODI,male,3,16.47,88.57,9.41,52.1,527,47.2
BM Duckett,T20I,male,1,27.74,153.2,22.38,27.33,527,83.0
Tenjin Rabgey,T20I,male,3,15.47,87.67,9.67,52.5,526,16.6
MD Stoneman,Test,male,3,27.68,44.28,5.64,78.87,526,32.3
C Kieswetter,T20I,male,4,22.87,113.36,15.09,48.28,526,44.9
PJ Cummins,ODI,male,0,14.19,82.68,8.5,56.38,525,36.8
T Chetty,T20I,female,3,14.58,84.68,7.42,44.35,525,39.3
S Wickramasekara,T20I,male,2,23.86,140.75,17.69,38.61,525,67.8
Ritu Moni,ODI,female,2,17.47,64.29,6.63,62.21,524,29.4
YS Samra,T20I,male,1,37.43,158.79,23.64,36.36,524,87.5
T Jamtsho,T20I,male,4,15.41,114.41,15.5,46.94,524,35.0
KA Jamieson,Test,male,4,20.92,59.98,7.22,69.84,523,54.3
JJ Roy,BBL,male,2,23.77,132.07,19.44,40.91,523,55.2
KH Brunt,T20I,female,2,18.03,116.22,11.33,33.11,523,68.9
RJ Peterson,ODI,male,3,22.74,83.41,8.61,51.36,523,47.5
A Sharma,T20I,male,4,20.88,108.07,14.29,47.83,522,38.7
SP Gomes,T20I,male,5,40.15,130.83,15.29,33.58,522,74.4
Q Joseph,T20I,female,4,16.28,113.26,18.26,53.7,521,63.6
Nain Abidi,ODI,female,2,20.04,55.78,5.89,66.7,521,24.0
SSM Stanislaus,T20I,male,4,20.04,103.99,11.38,44.91,521,31.7
K Verreynne,ODI,male,3,43.42,90.61,8.7,46.26,521,72.7
Zakir Hasan,Test,male,1,22.65,46.89,6.03,75.7,521,34.9
Mohammad Nawaz (3),PSL,male,3,19.3,108.77,12.32,42.59,521,15.2
PJ Moor,ODI,male,0,16.77,68.15,6.42,61.47,520,19.2
YS Chauhan,T20I,male,2,28.89,120.93,14.88,39.53,520,60.1
SE Rutherford,IPL,male,3,24.76,142.86,18.68,38.19,520,52.4
K Doriga,ODI,male,2,16.25,57.14,6.26,69.89,520,13.6
Bilal Masud,T20I,male,2,30.53,123.57,13.33,36.67,519,61.5
MJ Guptill,PSL,male,1,30.53,139.52,19.62,36.02,519,60.1
F Behardien,T20I,male,2,32.38,128.22,13.12,28.96,518,67.1
Sahil Chauhan,T20I,male,1,25.9,176.79,25.94,40.27,518,78.4
Sohail Tanvir,CPL,male,1,19.88,126.72,15.69,40.93,517,44.8
MA Vermeulen,ODI,male,0,19.15,65.86,8.15,63.31,517,24.9
E Beukes,T20I,male,2,25.85,125.18,15.74,40.44,517,59.8
BJ Hodge,ODI,male,3,30.35,91.17,9.72,49.12,516,65.4
RR Hendricks,PSL,male,5,46.91,136.15,17.68,32.45,516,63.2
MTMMJ Ave,T20I,male,0,32.25,108.86,13.29,45.78,516,50.4
TAM Siriwardana,ODI,male,3,22.43,98.29,9.9,45.71,516,60.6
Rajin Saleh,ODI,male,2,19.81,50.0,4.08,66.89,515,13.2
Mohammad Haris,T20I,male,2,19.81,141.48,19.51,38.74,515,63.6
Shafina Mahesh,T20I,female,3,12.26,67.32,5.88,57.39,515,19.3
Musa Shaheen,T20I,male,0,20.6,109.11,12.29,42.37,515,37.2
CD Wallace,ODI,male,3,21.46,88.18,8.73,50.17,515,49.8
A Johnson,ODI,male,1,24.48,97.9,16.76,65.52,514,59.2
M Manhas,IPL,male,1,22.35,109.36,11.28,38.51,514,21.7
K Fraser,T20I,female,4,16.58,108.9,15.89,49.36,514,63.1
MJ Richardson,T20I,male,0,30.18,103.64,10.51,40.4,513,45.3
Mashrafe Mortaza,Test,male,4,14.66,70.18,10.12,70.59,513,59.4
CJ Chibhabha,T20I,male,2,19.69,115.58,16.25,45.15,512,44.2
JD Wildermuth,BBL,male,5,13.84,134.03,14.92,37.17,512,39.0
Gurkeerat Singh,IPL,male,3,21.29,121.09,15.64,36.97,511,32.0
PE Mendonca,T20I,female,0,18.93,92.57,9.06,43.12,511,55.7
AC Kerr,WPL,female,0,24.33,119.67,15.22,34.89,511,32.4
SV Samson,ODI,male,4,56.67,99.61,10.94,45.9,510,83.2
SCJ Broad,ODI,male,0,11.84,76.54,6.77,54.74,509,26.0
SL Malinga,ODI,male,0,6.51,73.73,8.71,64.59,508,25.1
RA Jadeja,T20I,male,2,22.09,127.0,13.0,29.5,508,54.9
Nizakat Khan,ODI,male,3,33.87,82.6,11.06,57.72,508,60.5
MN Waller,T20I,male,2,25.35,140.44,16.62,31.58,507,71.1
Misbah-ul-Haq,PSL,male,3,31.69,111.92,13.25,41.06,507,34.4
J Nkomo,T20I,female,0,22.04,90.37,7.31,43.67,507,54.0
AG Cremer,ODI,male,2,12.68,57.48,3.85,60.54,507,10.5
M van Lingen,T20I,male,4,19.5,115.49,16.86,48.06,507,43.5
Nurul Hasan,T20I,male,4,14.91,114.71,10.86,35.29,507,32.9
YH Bhatia,WPL,female,0,18.74,113.45,20.18,53.59,506,24.5
CD Barnwell,CPL,male,1,16.32,120.19,12.59,38.48,506,31.4
Janak Prakash,T20I,male,2,19.46,124.02,12.5,35.05,506,47.0
JL Denly,BBL,male,0,25.3,112.2,12.86,43.9,506,28.6
OA Shah,IPL,male,3,33.73,130.08,14.65,34.19,506,53.2
Md Ariyan,T20I,male,2,26.63,149.7,21.3,42.31,506,74.9
JP Greaves,ODI,male,3,28.11,96.93,11.11,49.04,506,67.6
MA Jones,ODI,male,0,29.76,70.38,6.68,57.3,506,36.0
KM Myat,T20I,female,3,21.08,75.41,7.45,54.99,506,40.4
Ayasha Rahman,T20I,female,3,15.3,77.22,8.87,57.19,505,33.3
C de Grandhomme,T20I,male,2,15.78,137.98,15.57,33.61,505,53.5
PA Patel,Test,male,1,36.07,56.36,8.04,73.66,505,65.7
PC Valthaty,IPL,male,5,22.95,120.81,19.38,51.44,505,35.7
S Jora,T20I,male,2,18.7,120.81,12.2,38.76,505,41.4
R Powell,PSL,male,1,25.2,154.13,21.41,36.09,504,62.3
OJ Hairs,T20I,male,1,19.38,165.79,26.32,39.8,504,68.4
SW Billings,IPL,male,3,19.35,129.64,15.46,35.82,503,34.6
TI Gajanayake,T20I,female,3,17.93,71.41,8.82,58.18,502,35.7
AJ Healy,Test,female,1,29.53,56.6,7.78,72.49,502,54.2
A Merritt,T20I,female,2,29.53,118.68,14.66,37.83,502,82.9
W Niyitanga,T20I,male,3,13.54,82.54,7.74,54.53,501,12.1
TK Curran,BBL,male,5,19.27,144.8,19.94,31.21,501,63.1
CJ Simmons,BBL,male,2,25.05,142.74,20.8,45.87,501,62.7
M Wright,BBL,male,5,27.78,122.55,13.73,37.99,500,43.9
K Kunwar,T20I,female,3,11.36,80.91,7.61,50.81,500,28.2
IDA Damarell,T20I,male,4,19.96,111.88,14.13,42.6,499,40.7
AN Petersen,ODI,male,3,29.29,82.86,9.32,53.41,498,54.9
OE Robinson,Test,male,4,14.65,59.64,7.66,70.78,498,51.0
V Sibanda,T20I,male,4,20.75,103.32,13.07,47.93,498,33.7
Saif Hassan,T20I,male,4,22.64,114.75,14.06,46.54,498,43.8
MJ Leach,Test,male,3,13.46,37.33,4.95,82.83,498,13.2
Ritu Moni,T20I,female,3,9.94,79.39,6.39,47.12,497,25.1
J Bangura,T20I,male,3,13.81,78.64,7.12,52.69,497,12.2
P Silas,T20I,male,4,16.0,99.2,9.0,43.8,496,21.4
DJ Mitchell,PSL,male,1,31.0,137.78,16.11,31.67,496,54.0
I Chathurani,T20I,female,0,62.0,94.48,6.67,36.19,496,65.2
Mominul Haque,ODI,male,0,22.5,75.34,8.37,55.1,495,37.6
Imran Nazir,T20I,male,2,22.5,136.36,22.04,48.76,495,62.4
A Bosch,ODI,female,0,21.48,76.83,10.89,60.03,494,54.6
S Gooch,T20I,male,0,30.88,107.86,12.66,45.63,494,47.6
BA King,Test,male,4,29.06,58.25,9.55,75.12,494,62.1
RA Sealy,T20I,male,2,18.22,125.83,15.35,41.69,492,47.0
V Ganesan,T20I,male,4,19.68,105.13,11.11,39.96,492,33.4
Mohammad Rafique,ODI,male,2,14.47,67.4,7.26,63.7,492,18.9
TP Visee,T20I,male,2,16.37,146.57,25.07,45.07,491,58.2
C Connolly,IPL,male,0,44.64,163.12,24.92,36.21,491,81.7
DS Lehmann,Test,male,1,40.83,54.57,6.46,71.05,490,64.1
C Tear,ODI,male,0,30.56,77.87,9.24,60.51,489,48.9
V Krishnamurthy,T20I,female,4,18.81,108.67,12.0,39.33,489,67.4
I Dulani,T20I,female,2,25.68,113.23,17.87,45.01,488,78.7
Salman Butt,T20I,male,0,24.4,109.17,14.32,42.73,488,46.5
MJ Clarke,T20I,male,0,21.22,103.17,8.25,38.05,488,33.2
HH Gibbs,BBL,male,2,34.86,140.63,21.04,39.77,488,76.5
AA Obanda,ODI,male,0,37.46,71.94,9.45,62.92,487,50.4
A Ikuzwe,T20I,female,3,12.82,75.98,6.08,52.11,487,25.7
JWM Dalrymple,ODI,male,0,19.48,72.47,5.21,53.42,487,25.8
D Gumyusenge,T20I,male,3,15.22,97.01,11.55,51.99,487,19.8
Q Joseph,ODI,female,0,19.44,78.9,12.5,63.8,486,54.0
R Bakum,T20I,male,4,16.2,108.97,12.56,47.98,486,27.8
AA Jangoo,CPL,male,3,23.14,95.67,10.04,47.44,486,26.1
LR Down,ODI,female,2,16.76,62.07,6.26,62.58,486,25.8
Talha Khan,T20I,male,0,22.09,103.4,10.64,44.47,486,33.1
R McLaren,ODI,male,0,18.65,71.32,7.06,56.47,485,26.2
TL Seifert,BBL,male,2,25.53,136.62,18.31,38.87,485,60.0
Karan KC,T20I,male,2,15.16,154.95,19.81,37.7,485,59.5
MO Kitunda,T20I,male,3,13.47,94.91,10.76,51.27,485,16.1
PW Borren,T20I,male,2,19.4,129.33,17.07,38.67,485,55.1
AWJ Auguste,CPL,male,1,21.09,134.72,17.78,38.89,485,58.7
ND Laegsgaard,T20I,male,2,24.2,148.92,21.54,40.92,484,72.0
LM Jongwe,T20I,male,2,16.66,121.97,14.14,38.13,483,42.6
J Mosca,T20I,male,2,24.15,141.64,20.53,37.83,483,71.1
Sher Sahak,T20I,male,2,19.32,132.69,15.66,40.38,483,53.0
JDP Oram,T20I,male,2,20.08,140.52,17.78,34.11,482,63.9
SJ Benn,Test,male,4,14.61,60.86,8.96,75.51,482,51.3
HM Amla,CPL,male,1,28.35,118.72,12.07,31.77,482,49.4
SR Patel,ODI,male,3,32.13,93.23,9.48,45.45,482,67.9
J Bulele,T20I,male,0,30.12,95.07,11.64,51.28,482,39.4
J Nkomo,ODI,female,5,40.17,69.35,6.33,55.97,482,53.8
Rajin Saleh,Test,male,3,20.08,35.21,4.38,81.59,482,15.1
MB Kruger,T20I,male,4,16.59,107.85,14.8,48.43,481,31.7
Sabbir Rahman,Test,male,1,24.05,54.97,7.2,74.17,481,50.7
BCJ Cutting,PSL,male,1,22.9,157.19,21.57,34.31,481,59.7
L Piety,T20I,female,2,30.0,114.56,17.66,49.88,480,79.2
Aminata Kamara,T20I,female,3,17.14,91.6,8.59,47.52,480,48.4
LE Kaushalya,T20I,female,4,15.48,106.67,10.67,37.56,480,58.5
N Dickwella,T20I,male,2,18.46,131.15,19.13,41.26,480,55.6
S Lamichhane,ODI,male,3,13.69,87.09,8.91,50.36,479,43.3
SJ Erwee,Test,male,3,26.61,43.27,5.15,78.95,479,28.3
S Kananji,T20I,female,4,17.74,95.8,13.2,52.4,479,56.2
J Da Silva,CPL,male,1,28.18,109.86,11.93,39.22,479,40.2
Nain Abidi,T20I,female,3,17.07,75.75,5.07,48.81,478,33.1
PJ Forrest,BBL,male,0,23.9,104.37,10.04,40.39,478,23.1
SW Billings,T20I,male,2,17.07,129.89,15.49,35.33,478,51.0
Manan Bashir,T20I,male,1,26.56,206.03,30.17,35.78,478,82.0
AS Joseph,ODI,male,0,14.48,75.51,9.16,62.88,478,29.9
Shoaib Khan,T20I,male,4,16.45,108.41,13.86,46.59,477,30.6
RS Williams,ODI,female,2,15.39,47.84,4.61,71.21,477,13.3
M Campopiano,T20I,male,2,29.81,119.25,13.25,39.0,477,56.5
A Athanaze,CPL,male,3,22.71,108.16,12.24,43.54,477,31.4
NK Patel,ODI,male,0,18.35,69.64,6.13,56.35,477,22.8
K Ndlovu,ODI,female,2,23.8,59.65,7.27,68.3,476,33.9
Ibrahim Rahimi,T20I,male,2,20.7,163.57,22.34,43.64,476,66.5
N Chaiwai,ODI,female,0,33.93,69.14,6.26,56.77,475,48.7
A Randhawa,T20I,male,4,16.96,92.05,8.53,44.38,475,20.2
GP Swann,ODI,male,3,13.57,92.05,9.69,46.9,475,49.8
L Agatha,T20I,female,3,13.97,81.06,8.7,54.61,475,33.2
Mehboob Ali,T20I,male,1,25.0,182.69,33.08,46.54,475,73.8
GJ Bailey,T20I,male,2,25.0,136.89,16.43,34.87,475,67.7
S Dharnidharka,T20I,female,3,13.54,83.3,8.26,49.21,474,35.4
RR Rossouw,IPL,male,3,23.65,153.57,22.73,37.34,473,60.7
SW Ambris,ODI,male,3,36.38,95.75,11.54,47.37,473,76.2
KTGD Prasad,Test,male,1,13.14,54.37,7.13,75.17,473,41.2
Iram Javed,T20I,female,3,10.26,84.89,10.43,54.14,472,33.1
US Hathinjar,T20I,male,4,17.48,113.73,15.66,48.43,472,36.6
Hammad Mirza,T20I,male,4,19.67,107.76,12.33,44.29,472,33.5
Saad Bin Zafar,T20I,male,2,27.71,125.27,14.36,36.44,471,61.4
VD Adewoye,T20I,male,4,12.73,123.62,15.22,44.09,471,36.8
LA Dawson,PSL,male,3,20.48,125.27,13.56,32.18,471,27.3
Abdul Razzaq,Test,male,1,29.38,46.12,6.18,78.02,470,39.0
L Canessane,T20I,male,2,15.67,118.39,13.85,39.29,470,37.5
SA Jumbe,T20I,male,4,14.24,104.68,12.69,52.12,470,22.6
Mohammad Rafique,Test,male,4,14.24,61.76,8.67,72.27,470,53.1
A Ferguson,T20I,male,0,26.06,93.8,11.0,46.8,469,35.5
BJ Webster,Test,male,4,33.5,61.31,7.19,66.41,469,67.2
E Kamara,T20I,female,3,19.5,82.11,7.72,50.18,468,43.8
TB de Bruyn,Test,male,1,19.5,46.25,7.02,79.45,468,33.1
Javed Omar,ODI,male,2,23.4,49.89,5.97,71.86,468,17.6
LS Livingstone,PSL,male,1,24.63,132.58,16.15,34.28,468,38.8
PM Nevill,Test,male,3,22.29,40.66,4.6,78.8,468,20.6
EJ Villani,ODI,female,0,19.5,79.05,11.15,60.64,468,54.3
MA Ouma,ODI,male,2,19.5,55.98,6.1,68.78,468,15.1
R Stokell,ODI,female,0,21.23,68.88,6.19,57.67,467,35.2
Mahedi Hasan,T20I,male,4,13.74,104.01,11.58,43.65,467,22.7
CH Morris,ODI,male,3,20.3,100.43,10.97,46.24,467,60.0
HJ Nielsen,BBL,male,5,18.64,117.97,12.15,35.7,466,26.2
Aslam Khan,T20I,male,2,17.22,150.49,25.89,52.43,465,57.8
Rinitha Rajith,T20I,female,4,11.92,105.92,14.35,44.87,465,54.1
ZM Tribe,T20I,male,4,21.09,106.91,11.29,40.55,464,35.7
JEC Franklin,T20I,male,2,20.13,118.41,13.04,38.62,463,43.5
Shayan Jahangir,T20I,male,2,28.94,134.59,17.15,36.34,463,71.5
Omid Mailk Khel,T20I,male,2,33.07,123.14,16.22,39.36,463,65.6
B Rawal,T20I,female,3,12.51,65.95,6.55,59.69,463,19.3
CMA Shillington,T20I,female,4,15.4,97.06,12.82,52.73,462,51.3
OF Smith,CPL,male,0,19.25,129.78,17.98,48.31,462,45.1
Umer Imtiaz,T20I,male,4,15.4,114.64,15.38,51.12,462,32.8
AN Lascu,T20I,male,1,33.0,139.58,23.56,44.41,462,76.1
HH Pandya,Test,male,4,28.81,73.64,11.18,68.69,461,72.0
LS Greenway,T20I,female,0,25.56,91.09,8.71,42.38,460,59.6
DT Christian,IPL,male,1,14.84,115.58,10.55,33.67,460,19.9
MS Sinclair,Test,male,3,21.86,40.66,5.58,81.13,459,22.3
Imad Wasim,T20I,male,2,13.91,139.09,18.18,30.0,459,55.8
S Thanikaithasan,T20I,male,2,16.36,124.46,13.86,38.59,458,42.1
Shahid Afridi,PSL,male,1,15.27,151.16,19.14,36.3,458,44.1
HT Tector,Test,male,3,25.44,44.47,5.34,76.31,458,30.3
IKEG Artawan,T20I,male,3,10.63,92.89,11.38,53.46,457,14.1
JD Ryder,T20I,male,2,22.85,127.65,18.16,43.58,457,57.7
LF Muller,T20I,male,2,25.39,120.26,15.79,42.37,457,55.1
AM Kamara,T20I,female,3,19.87,76.81,7.06,52.44,457,38.8
A McAuley,T20I,male,4,20.73,96.0,10.11,43.37,456,28.4
IM Vaghela,T20I,female,3,17.54,87.69,8.08,48.27,456,45.2
Saad Bin Zafar,ODI,male,0,17.54,77.16,8.12,54.99,456,33.9
NS Dhaliwal,ODI,male,2,26.82,57.07,6.26,66.71,456,23.9
DAS Gunaratne,Test,male,5,56.88,52.85,5.92,69.69,455,63.8
SR Patel,PSL,male,3,28.44,121.66,16.31,36.36,455,38.0
Mohammad Nabi,PSL,male,1,22.75,144.44,19.05,35.87,455,47.3
CS Baugh,Test,male,1,17.46,48.98,5.93,74.65,454,33.4
GS Ballance,ODI,male,0,25.22,71.05,5.95,52.74,454,31.6
AR Nurse,ODI,male,3,18.16,100.0,11.45,46.48,454,58.7
AD Russell,BBL,male,2,23.89,156.01,20.62,40.89,454,64.3
P Mishra,T20I,male,4,12.97,113.22,15.46,52.87,454,29.0
L Cardoso,T20I,female,3,15.62,84.2,8.74,53.53,453,37.9
L Steenkamp,T20I,male,2,26.65,134.82,17.56,34.82,453,70.6
AZ Lees,Test,male,3,23.84,43.06,5.7,79.56,453,27.1
LA Pomersbach,BBL,male,2,30.2,127.61,18.31,43.38,453,58.2
M McColl,T20I,female,4,13.73,103.9,11.47,39.68,453,55.3
CT Dhururu,T20I,female,3,13.29,81.15,7.9,49.91,452,32.4
S Jafta,ODI,female,0,16.14,71.75,8.89,61.59,452,40.2
JE Cameron,ODI,female,0,32.29,77.13,10.24,60.41,452,64.1
D Wiese,CPL,male,1,19.65,136.97,16.67,35.45,452,57.3
KN Chaddha,T20I,male,0,26.59,106.6,11.79,40.57,452,44.2
Saud Islam,T20I,male,0,26.59,106.1,12.21,44.13,452,42.4
Khawar Ali,T20I,male,4,17.38,101.57,13.71,50.56,452,27.2
T Tshose,T20I,male,4,12.22,108.92,11.08,47.47,452,20.6
MF Maharoof,Test,male,3,17.35,38.48,4.95,80.38,451,16.0
Saeed Ajmal,Test,male,3,11.0,41.68,4.44,77.08,451,14.6
C Karunaratne,ODI,male,0,25.06,78.43,6.96,53.04,451,38.4
CAK Walton,PSL,male,1,21.48,139.63,17.96,34.67,451,41.2
PL Harris,Test,male,3,10.98,33.89,3.77,82.76,450,7.7
Fayaz Khan,T20I,male,2,22.5,154.11,20.89,38.01,450,70.9
BJ Bennett,Test,male,4,30.0,72.35,12.06,69.94,450,72.3
Aziz Mohammad,T20I,male,2,26.47,133.53,21.07,47.18,450,66.2
Umaima Sohail,T20I,female,3,10.98,82.87,7.55,50.46,450,28.0
R Shepherd,ODI,male,1,17.27,104.91,13.32,49.77,449,59.9
GC Bhogle,T20I,female,0,28.06,94.53,10.11,47.37,449,63.5
Naved-ul-Hasan,ODI,male,3,16.63,88.04,8.82,51.57,449,44.8
Meghna Rajan,T20I,female,0,64.0,99.78,6.9,34.97,448,67.4
Chaya Mughal,T20I,female,3,12.44,79.43,6.56,46.45,448,28.8
JP Kotze,ODI,male,0,18.67,66.67,7.44,63.54,448,21.7
MR Adair,ODI,male,1,21.33,109.27,13.41,48.05,448,64.5
Ahsan Ali,PSL,male,1,24.89,132.54,18.64,36.69,448,42.3
TR Ambrose,Test,male,1,29.8,46.42,6.13,77.99,447,39.3
HB Dickson,T20I,male,2,24.78,143.41,21.86,38.91,446,72.0
Ilenia Sims,T20I,female,0,26.24,90.65,7.11,40.04,446,57.0
JL Denly,ODI,male,0,34.31,70.91,7.95,59.94,446,43.2
CT Bancroft,Test,male,3,26.24,42.8,6.05,80.42,446,30.9
P Mapotsane,T20I,female,3,17.12,81.8,8.82,55.7,445,38.7
T Parima,T20I,male,2,23.42,127.14,18.0,46.86,445,56.4
P Useni,T20I,male,2,13.91,143.55,17.1,40.97,445,50.6
Zahir Mohammed,T20I,male,2,13.91,137.35,19.75,45.06,445,49.2
Ghulam Shabber,ODI,male,2,22.2,63.88,6.62,64.32,444,20.4
S Kolcharam,T20I,female,4,17.08,105.97,12.17,43.44,444,61.9
BJ Curran,ODI,male,4,63.43,78.72,8.16,55.5,444,59.9
AR Nurse,CPL,male,3,17.76,115.93,13.05,43.08,444,27.6
Mohammad Ahnaff,T20I,male,0,29.53,113.88,13.88,43.96,443,51.3
M Levitt,ODI,male,0,26.06,83.9,12.69,65.34,443,52.2
JM Davison,ODI,male,1,31.64,114.47,16.8,51.68,443,75.9
MW Short,ODI,male,3,22.1,86.16,10.72,55.56,442,49.6
SSJ Brooks,Test,male,3,19.22,42.46,5.86,80.4,442,23.1
P Litchfield,WPL,female,1,23.26,133.53,20.54,42.3,442,41.5
JJ Bazley,BBL,male,5,14.73,129.62,14.96,37.54,442,35.3
Umar Gul,ODI,male,0,9.61,70.16,7.62,61.9,442,19.6
BYA Mendis,T20I,female,3,12.28,91.51,13.25,54.66,442,42.7
JM Vince,T20I,male,2,27.56,128.57,16.62,37.9,441,65.5
A Mhatre,IPL,male,0,33.92,183.75,30.83,32.92,441,82.3
D Pretorius,CPL,male,1,18.38,131.25,14.88,36.31,441,44.0
A Turay,T20I,male,4,15.75,104.01,14.86,54.25,441,27.5
Hussain Talat,T20I,male,2,22.05,113.95,11.89,35.14,441,43.9
Khaled Mashud,Test,male,3,15.75,35.08,3.26,80.51,441,11.4
Sheraz Sheikh,T20I,male,4,17.64,113.37,15.17,51.93,441,34.6
Sidra Nawaz,ODI,female,2,10.5,52.75,4.55,65.31,441,12.6
NR Sciver,Test,female,2,48.89,51.28,6.53,71.91,440,64.1
Nurul Hasan,Test,male,4,22.0,63.4,8.93,71.9,440,58.7
NP Kenjige,ODI,male,0,16.92,69.18,5.5,55.82,440,20.3
GSNFG Jayasuriya,ODI,male,3,31.43,81.03,7.37,51.38,440,50.1
Hassan Nawaz,T20I,male,2,21.95,152.96,19.51,39.02,439,68.0
MJ North,BBL,male,0,29.27,111.7,11.7,38.93,439,34.6
H Hameed,Test,male,3,24.39,32.02,3.79,82.49,439,16.5
C De Freitas,T20I,male,1,39.82,162.22,22.22,33.33,438,87.6
Arun Yadav,T20I,male,1,36.5,152.08,22.22,36.81,438,84.5
M Syrioti,T20I,female,3,18.21,68.17,5.62,55.23,437,29.1
Mohammad Nawaz,PSL,male,0,16.19,122.41,15.97,39.78,437,18.2
S Mosweu,T20I,female,4,19.0,96.26,14.76,55.07,437,58.6
Ali Masood,T20I,male,4,18.96,99.54,11.64,47.95,436,26.2
OB Nightingale,T20I,male,0,24.17,109.02,8.52,33.83,435,41.9
J Charles,PSL,male,1,29.0,153.71,22.61,33.57,435,70.3
KP Navgire,WPL,female,1,14.5,134.67,21.98,50.46,435,37.3
H Hiri,ODI,male,2,15.54,55.27,4.45,65.69,435,10.0
B Kohler-Cadmore,T20I,male,1,39.45,178.6,30.04,36.21,434,88.2
UT Yadav,Test,male,1,10.59,50.35,7.19,78.07,434,33.6
MG Bracewell,T20I,male,2,20.67,134.37,16.41,36.22,434,58.6
C Magaia,T20I,female,3,14.43,83.75,10.25,55.71,433,37.1
AM Tribe,T20I,male,2,25.47,121.97,14.37,38.87,433,55.3
Gaurav Tiwari,T20I,male,4,21.65,95.37,11.01,47.8,433,28.6
A Sharafu,ODI,male,0,16.65,72.29,8.85,61.6,433,28.4
Muhammad Naeem,PSL,male,2,22.74,162.41,25.94,42.48,432,56.6
B Biza,T20I,female,4,16.0,93.3,11.23,50.32,432,49.3
DS Bajwa,T20I,male,2,27.0,127.43,16.52,41.0,432,62.0
G Burrows,T20I,male,2,33.23,117.71,12.53,37.6,432,56.7
L Winfield,T20I,female,2,22.68,119.72,15.83,38.61,431,77.6
S Jimmy,T20I,female,3,15.39,85.86,9.16,52.99,431,39.2
Pargat Singh,T20I,male,4,21.5,118.13,14.56,44.51,430,44.1
A Balbirnie,Test,male,1,19.5,50.12,6.19,73.95,429,37.3
Murshida Khatun,ODI,female,2,17.88,57.28,7.61,70.36,429,27.1
DT Tiripano,Test,male,3,20.43,31.99,4.1,84.12,429,13.4
E Wachira,T20I,female,3,14.3,72.96,5.78,52.89,429,24.2
V Ooko,T20I,female,3,14.76,79.55,8.92,53.35,428,34.0
RN ten Doeschate,T20I,male,2,38.91,136.31,12.1,25.48,428,69.8
Faisal Mubashir,T20I,male,0,32.92,101.66,9.26,36.34,428,46.4
A Ndiraya,ODI,female,0,30.57,70.86,6.62,55.13,428,50.2
AJ Healy,WPL,female,1,26.75,130.49,22.87,45.12,428,49.1
E Chigumbura,Test,male,1,22.53,55.58,6.49,70.52,428,48.5
K Oala,T20I,female,4,22.53,116.3,18.48,52.99,428,72.1
Younis Khan,T20I,male,2,23.78,125.51,12.61,32.84,428,54.1
LG Pretorius,T20I,male,1,25.12,150.88,22.26,33.92,427,77.0
CG Williams,ODI,male,0,30.5,78.64,8.47,55.43,427,49.3
E Sandy,T20I,female,3,13.34,83.4,9.18,53.32,427,34.5
Washington Sundar,ODI,male,3,22.42,81.92,7.88,50.96,426,42.5
PK Matautaava,T20I,male,4,19.36,119.66,14.33,44.94,426,41.1
Yasir Hameed,Test,male,1,20.29,55.91,9.32,76.51,426,50.5
RS Primus,CPL,male,1,20.29,122.06,14.04,39.83,426,39.9
NM Hauritz,Test,male,1,25.06,49.88,6.21,74.36,426,41.0
NR Sciver-Brunt,Test,female,4,42.6,66.15,9.32,67.39,426,80.6
MN van Wyk,ODI,male,0,26.56,68.88,8.43,64.67,425,34.2
Aftab Ahmed,Test,male,1,23.61,47.54,6.04,77.4,425,34.2
B Biza,ODI,female,0,30.36,67.25,7.44,60.76,425,47.5
G Motie,ODI,male,3,19.32,91.99,12.77,59.09,425,51.7
A Donovan,T20I,male,2,35.42,137.99,17.21,36.04,425,76.2
V Mbazo,T20I,male,3,11.81,85.17,8.02,52.51,425,10.0
Khushdil Shah,T20I,male,4,18.48,105.2,11.39,43.07,425,29.2
TL Seifert,PSL,male,1,24.94,141.33,22.33,37.67,424,53.5
S Periyalwar,T20I,male,4,19.27,99.3,11.48,43.09,424,28.5
CJ Jordan,T20I,male,2,13.68,131.68,15.53,37.89,424,45.1
Sameer Rizvi,IPL,male,3,30.29,144.71,19.11,36.86,424,62.8
NLTC Perera,IPL,male,3,19.27,137.22,15.86,36.25,424,38.4
SC Taylor,Test,female,2,60.57,37.39,4.41,79.72,424,44.2
KC Ramamoorthy,T20I,male,4,16.96,108.44,13.81,49.1,424,29.4
AN Kelly,ODI,female,0,14.62,66.25,5.62,56.25,424,26.4
SR Watson,CPL,male,5,30.21,146.37,17.99,33.22,423,76.2
W Miyauchi,T20I,male,4,19.23,99.76,9.2,38.92,423,28.4
S Thakor,T20I,male,2,13.22,137.34,20.13,41.56,423,50.2
SA Asnodkar,IPL,male,5,21.15,124.78,19.47,43.95,423,36.5
N Navaika,T20I,female,3,15.63,67.85,5.79,56.59,422,23.5
JP Greaves,CPL,male,1,24.82,112.23,14.1,40.43,422,40.3
AA Senn,T20I,male,0,24.82,89.22,6.77,43.55,422,30.8
Gull Feroza,ODI,female,1,46.89,98.83,13.11,46.37,422,85.9
S Prasanna,ODI,male,3,12.76,95.46,12.47,58.5,421,48.6
S Ecclestone,ODI,female,0,11.38,72.71,7.25,55.44,421,34.4
M Kaif,Test,male,1,42.1,45.37,4.85,75.75,421,43.4
Nahida Khan,T20I,female,3,12.38,75.86,8.29,54.77,421,26.4
S Nadigotla,T20I,male,4,16.19,115.03,13.39,39.34,421,35.1
A Kirschbaum,T20I,male,4,17.5,99.06,8.96,43.87,420,22.0
SMA Priyanjan,ODI,male,3,23.33,80.46,9.58,54.79,420,45.1
A Mokgotlhe,T20I,female,4,15.52,99.52,12.35,51.07,419,52.0
CNIM Joyce,T20I,female,3,19.95,82.16,8.43,52.75,419,43.7
J Goswami,ODI,female,0,17.46,74.56,8.54,58.36,419,43.1
T Shadrack,T20I,female,3,11.64,60.2,2.44,59.05,419,11.7
D Padikkal,Test,male,5,69.67,60.14,6.76,65.61,418,74.8
HER Tyler,T20I,male,2,15.48,124.04,17.51,46.29,418,41.9
N Mugabe,T20I,male,4,24.59,104.76,12.53,47.12,418,37.6
CK Kapugedera,Test,male,1,34.83,53.18,7.0,73.66,418,57.4
Faraaz Mehti Abbas,T20I,male,4,20.9,107.18,11.79,45.13,418,33.1
AJ Blackwell,Test,female,3,29.79,33.96,3.5,82.0,417,21.1
S Ivetic,T20I,male,0,41.7,98.58,10.17,47.28,417,43.0
JR Hopes,IPL,male,3,26.06,136.27,19.61,36.27,417,54.3
C Campher,Test,male,3,26.06,39.71,5.9,80.76,417,26.8
LV Boas,T20I,female,3,11.91,90.85,10.68,51.42,417,38.6
JL Pattinson,Test,male,3,26.06,42.95,5.25,79.2,417,26.4
MW Short,T20I,male,2,20.8,150.18,21.66,38.63,416,67.3
Milind Kumar,T20I,male,0,29.71,108.05,8.83,30.39,416,48.3
VB Chikkannaiah,T20I,male,4,21.89,100.73,10.17,46.97,416,29.1
Muhammad Haziq Aiman,T20I,male,2,19.76,150.36,24.64,48.19,415,61.8
AGS Gous,ODI,male,3,34.58,87.37,11.37,57.26,415,64.2
S Sriharsha,T20I,female,4,23.06,93.89,9.05,45.48,415,58.0
D Wulandari,T20I,female,3,18.86,78.45,6.62,51.04,415,36.9
MV Waldron,T20I,female,3,11.22,79.81,7.31,48.27,415,26.4
PR Stirling,Test,male,4,25.94,63.85,8.92,70.62,415,62.8
L Ronchi,CPL,male,5,29.64,143.1,18.97,36.9,415,74.8
Namgay Thinley,T20I,male,4,12.55,104.81,12.41,49.11,414,19.8
F Overdijk,T20I,female,3,9.41,81.66,6.51,46.35,414,24.4
T Webster,CPL,male,3,20.7,107.53,15.32,51.17,414,29.6
R Rohan,T20I,male,4,15.33,99.04,13.16,50.96,414,21.9
A Patmore,T20I,male,4,17.25,90.59,8.53,44.42,414,19.3
H Kerr,BBL,male,5,18.77,124.4,11.14,31.93,413,31.6
R Ravindra,IPL,male,3,24.29,143.9,19.51,33.1,413,57.5
Imran Ali Butt,T20I,male,4,22.94,99.04,11.75,47.48,413,32.1
PW Borren,ODI,male,3,29.5,89.98,10.89,52.51,413,62.5
Khushi Sharma,T20I,female,3,12.52,79.12,5.56,45.98,413,26.6
G Wareham,WPL,female,2,27.47,139.66,17.63,27.8,412,55.8
FC Wilson,ODI,female,3,24.24,94.5,9.86,43.35,412,68.3
HJ Manenti,T20I,male,4,20.6,113.5,12.67,39.39,412,39.6
JP Kaltapau,T20I,male,4,21.63,96.03,8.18,44.16,411,27.1
M Kapp,WPL,female,0,27.4,123.8,16.87,39.16,411,38.8
MM Ali,CPL,male,3,18.68,113.54,13.26,43.65,411,26.7
B Cooper,T20I,female,3,12.09,84.22,10.04,56.15,411,32.0
L Scott,BBL,male,1,37.27,136.67,16.0,32.67,410,72.9
Mehedi Hasan Miraz,T20I,male,4,17.08,116.48,13.07,38.07,410,37.1
M Shumba,T20I,male,4,21.58,109.63,10.7,38.77,410,37.0
V Krishnamurthy,ODI,female,3,21.58,87.23,11.28,54.89,410,61.0
LJ Evans,CPL,male,0,25.62,125.77,18.71,44.17,410,53.5
Shaheen Shah Afridi,PSL,male,0,11.08,130.57,17.2,46.82,410,21.8
J Botha,IPL,male,1,20.45,113.93,12.26,37.05,409,21.2
T Kelly,BBL,male,5,20.45,118.21,10.69,33.53,409,27.4
J Barker,T20I,male,0,24.06,96.01,7.28,36.38,409,35.1
CD Cumming,Test,male,3,31.38,36.62,5.03,81.15,408,26.9
Faheem Ashraf,ODI,male,3,15.11,85.53,10.27,56.6,408,42.3
RTM Mendis,Test,male,3,17.74,43.92,4.63,75.57,408,21.4
S Forbes,ODI,female,2,17.0,57.87,6.1,66.38,408,21.4
WU Tharanga,T20I,male,2,16.28,123.33,16.36,44.85,407,41.3
LE Kaushalya,ODI,female,0,17.7,70.54,8.67,61.35,407,39.5
CM McBride,ODI,male,0,22.61,71.91,9.36,62.37,407,34.1
Hasan Ali,Test,male,4,11.31,68.98,9.83,73.39,407,53.3
D Suzuki,T20I,male,4,14.03,102.26,11.31,43.97,407,20.8
RD Shah,ODI,male,2,29.07,63.99,8.02,67.3,407,32.4
H Deshan,T20I,male,2,21.42,129.62,18.47,41.4,407,57.3
Simi Singh,ODI,male,3,27.07,82.02,8.08,48.48,406,50.2
G Wareham,T20I,female,2,16.24,142.96,20.77,31.69,406,72.8
A Capsey,WPL,female,1,27.0,133.66,21.12,41.91,405,49.9
DM Bravo,T20I,male,4,21.32,106.86,12.14,42.48,405,35.0
Zubair Ali,T20I,male,2,40.5,123.85,14.98,38.84,405,65.7
I Kaia,ODI,male,2,21.32,63.78,6.3,62.68,405,18.9
A Athanaze,ODI,male,0,23.82,77.14,10.48,62.29,405,41.3
LR Shukla,IPL,male,1,15.0,115.71,14.0,41.14,405,17.6
BJ Haddin,T20I,male,4,17.57,114.77,12.22,39.2,404,34.4
AM Zepeda,T20I,female,0,40.4,93.3,11.55,49.65,404,67.1
S Rana,ODI,female,3,19.19,89.56,10.44,49.11,403,61.0
GF Linde,T20I,male,2,19.19,147.62,17.95,32.23,403,63.7
LR Johnson,Test,male,1,25.19,48.44,6.73,77.4,403,39.5
RJ Peterson,Test,male,4,25.19,74.63,10.37,65.0,403,67.9
M Castineiras,T20I,female,4,20.15,96.64,11.99,51.8,403,57.9
IMHC Joyce,T20I,female,3,15.5,84.66,8.4,48.53,403,38.3
Rashid Khan,BBL,male,2,11.85,150.37,20.52,37.31,403,52.4
DB Sharma,Test,female,1,44.67,44.37,5.74,75.5,402,48.3
AJ Hose,BBL,male,5,23.65,129.68,14.52,34.84,402,46.8
RT Ponting,T20I,male,2,28.64,132.78,17.55,36.09,401,70.0
R Dianish,T20I,male,4,19.1,113.28,15.54,49.44,401,37.4
Shahid Afridi,Test,male,0,36.45,114.57,18.29,55.43,401,80.3
AL Menaria,IPL,male,1,19.1,112.64,11.8,39.33,401,16.9
N Joshi,T20I,female,4,16.71,101.26,10.35,42.93,401,55.5
K Rabada,ODI,male,0,14.85,79.09,8.28,55.03,401,33.4
A Zampa,ODI,male,2,10.02,64.68,5.81,60.97,401,11.9
Vikramjit Singh,T20I,male,4,14.81,112.99,14.12,47.74,400,28.9
HH Gibbs,T20I,male,2,18.18,125.79,17.92,43.71,400,47.9
Sohail Tanvir,ODI,male,3,13.76,87.12,10.92,52.62,399,45.7
S Desungnoen,T20I,male,3,12.47,82.27,9.48,55.88,399,10.3
S Joseph,Test,male,0,16.62,94.55,14.45,62.32,399,63.6
AJ Stewart,ODI,male,0,36.18,73.03,6.06,53.21,398,44.1
S Gill,T20I,male,2,24.88,123.6,12.73,36.02,398,53.2
S Solman,T20I,female,4,23.41,87.47,7.69,46.81,398,50.9
AJ Hosein,CPL,male,3,15.27,109.97,11.63,42.66,397,17.9
Ahmed Faiz Mohammad Noor,T20I,male,2,23.35,115.74,13.7,37.03,397,48.1
G Gune,T20I,male,2,23.29,120.36,13.98,39.82,396,49.2
Nithish Kumar Reddy,Test,male,1,26.4,57.31,7.24,72.36,396,54.8
Ayesha Hasan,T20I,female,3,18.0,83.54,7.17,48.1,396,40.1
JK Vifah,T20I,male,4,15.84,109.7,13.3,47.65,396,27.6
Ali Naseer,ODI,male,1,26.4,101.54,13.33,53.33,396,65.9
V Shukla,T20I,male,2,23.29,142.96,18.05,28.88,396,69.5
Anamul Haque,T20I,male,4,23.29,113.79,15.23,44.83,396,45.2
T Zangmo,T20I,female,3,14.11,64.12,4.55,57.79,395,17.6
T Mishra,ODI,male,0,30.38,71.3,6.68,54.87,395,37.9
CM Carroll,T20I,male,1,98.75,198.49,30.15,28.14,395,90.8
S van Zyl,Test,male,1,26.33,50.77,7.58,75.71,395,47.8
Abdur Rehman,Test,male,3,14.11,42.43,6.02,80.67,395,20.2
Irfan Ringku,T20I,male,2,24.69,147.94,22.85,41.57,395,71.0
A Argyropoulou,T20I,female,3,14.63,69.79,6.18,55.3,395,22.9
Shan Masood,T20I,male,2,30.38,121.91,11.42,31.17,395,57.2
ASS Fletcher,ODI,female,0,10.94,70.74,7.18,56.37,394,31.5
AB Barath,ODI,male,2,30.31,64.38,7.52,65.36,394,32.4
MV Boucher,IPL,male,3,28.14,127.51,14.56,34.63,394,44.3
MW Machan,ODI,male,3,35.73,81.2,8.26,54.55,393,55.0
Anshuman Rath,ODI,male,0,35.73,74.57,7.4,54.84,393,46.9
Suraj Kumar,ODI,male,0,32.67,76.71,7.24,54.4,392,45.6
BI Dilruksha,T20I,male,4,21.78,106.52,14.67,49.18,392,37.1
Ahmed Raza,ODI,male,2,13.03,62.06,5.71,62.7,391,11.0
KMDN Kulasekara,Test,male,3,15.04,42.27,5.95,80.76,391,20.1
Nauman Ali,Test,male,3,14.48,45.89,6.22,79.11,391,25.2
PA de Silva,ODI,male,3,30.0,82.28,8.65,52.74,390,52.8
Noman Amjad,T20I,male,4,13.45,107.44,9.37,37.47,390,23.4
NV Knight,ODI,male,0,30.0,73.03,6.18,54.68,390,37.5
CA Pujara,IPL,male,1,20.53,99.74,13.81,47.83,390,16.1
Surya Anand,T20I,male,0,24.38,107.14,7.97,33.79,390,40.0
Usman Khalid,T20I,male,4,20.47,113.41,13.12,39.94,389,39.3
F Utagushimaninde,T20I,female,4,25.93,111.46,14.9,46.42,389,73.6
DN Wellalage,ODI,male,3,18.52,81.38,8.16,52.93,389,37.8
Azhar Mahmood,IPL,male,3,20.42,128.05,17.16,38.28,388,34.3
AJ Doolan,BBL,male,0,19.4,109.92,12.75,41.36,388,19.4
Fahima Khatun,T20I,female,4,9.95,97.24,8.52,38.35,388,40.2
Abdul Razzaq,T20I,male,4,21.56,119.75,12.96,41.36,388,43.2
Saeed Ahmed,T20I,male,2,17.64,129.77,16.05,37.79,388,49.8
Sharjeel Khan,T20I,male,2,22.82,134.26,22.49,48.79,388,60.5
S Muthusamy,Test,male,2,55.43,47.84,4.69,73.49,388,50.8
J Blackwood,CPL,male,3,17.59,91.49,9.46,50.83,387,11.8
AJ Hall,ODI,male,3,18.43,85.81,7.98,48.34,387,42.5
BJ Bennett,ODI,male,3,32.25,90.21,12.59,56.41,387,65.3
Aryan Lakra,ODI,male,2,24.19,57.93,5.84,65.57,387,18.7
R Pathan,T20I,male,1,38.7,157.96,23.67,34.69,387,86.3
Amjad Sher,T20I,male,4,11.73,126.06,13.36,39.74,387,34.8
HS Gericke,T20I,male,1,24.19,162.61,20.59,29.83,387,75.8
H Hotchandani,T20I,female,3,12.45,78.3,6.29,48.68,386,25.6
EP Gulbis,BBL,male,5,18.38,128.24,15.28,36.21,386,38.8
V Sehwag,T20I,male,2,22.71,147.89,22.22,39.46,386,68.9
V Abuga,T20I,female,3,14.26,88.51,11.49,54.71,385,41.3
J Fraser-McGurk,IPL,male,0,25.67,199.48,35.75,42.49,385,65.6
SJ McGlashan,T20I,female,4,22.53,111.01,10.43,38.26,383,68.0
JL Smith,ODI,male,1,22.53,113.99,17.86,53.27,383,63.6
RL Haynes,Test,female,3,34.82,39.85,5.31,78.98,383,32.9
Naeem Islam,Test,male,3,34.82,38.53,5.23,80.58,383,30.6
M Simpson-Parker,T20I,male,2,25.53,121.59,13.65,40.63,383,51.5
G Singh,T20I,male,4,23.94,106.98,11.45,43.58,383,37.2
CS Baugh,ODI,male,0,19.1,69.08,6.15,56.42,382,22.0
T Munyonga,T20I,male,4,13.64,104.95,10.16,39.56,382,21.7
MR Adair,Test,male,4,34.73,68.71,10.25,68.53,382,74.7
Mohammad Ashraful,T20I,male,2,19.1,137.41,18.71,35.97,382,59.8
Hazratullah,PSL,male,2,31.83,152.8,25.2,41.2,382,69.2
P Siaka,T20I,female,4,12.73,108.22,11.9,41.36,382,53.7
Sompal Kami,T20I,male,4,11.55,112.72,12.43,45.56,381,23.0
A Mishra,IPL,male,1,11.91,90.93,8.59,42.24,381,7.4
Iqbal Hossain,T20I,male,1,27.21,167.84,27.75,49.34,381,73.0
Muhammad Fahad,T20I,male,1,31.67,179.25,29.25,37.74,380,83.1
MDKJ Perera,PSL,male,5,34.55,155.74,20.49,26.23,380,75.0
CN Ackermann,ODI,male,0,27.14,74.66,7.86,55.8,380,39.4
Juairiya Ferdous,T20I,female,4,16.52,109.51,16.14,51.59,380,59.5
SPD Smith,PSL,male,5,34.55,161.7,24.26,30.21,380,80.0
Arslan Amjad,T20I,male,4,14.07,105.26,12.74,48.75,380,21.8
D Heyliger,T20I,male,1,25.27,164.07,21.65,31.17,379,77.6
J Gumbie,ODI,male,0,25.27,66.84,7.58,62.96,379,27.9
XM Marshall,ODI,male,2,15.16,56.99,6.77,69.32,379,12.5
SM Katich,BBL,male,5,23.69,128.47,15.25,33.22,379,48.3
JS Patel,Test,male,1,13.54,54.77,6.79,73.27,379,41.0
KR Mayers,IPL,male,5,29.15,144.11,22.81,47.15,379,60.1
D Ajekun,T20I,male,3,11.84,74.17,6.65,55.38,379,7.8
J Coetzee,T20I,male,4,22.24,108.31,10.89,39.54,378,36.5
YS Samra,ODI,male,0,29.08,80.08,11.44,62.08,378,50.6
LN Oluoch,T20I,male,4,15.75,109.57,11.59,43.48,378,25.9
A Suwanchonrathi,T20I,female,3,11.42,73.49,7.21,56.14,377,19.4
SN Thakur,Test,male,4,18.85,59.84,8.73,72.22,377,53.3
Kuldeep,T20I,male,1,31.42,165.35,25.44,39.04,377,80.9
AB Kamara,T20I,male,4,17.14,91.95,8.78,44.88,377,18.5
SE Gotch,BBL,male,0,16.39,102.45,8.97,38.32,377,13.5
Hasan Ali,ODI,male,1,13.46,115.29,15.6,51.07,377,57.8
C Hartmann,T20I,male,4,20.94,107.41,11.4,42.17,377,33.6
WIA Fernando,T20I,male,4,11.09,91.73,8.76,45.01,377,11.9
Ehsan Khan,T20I,male,4,13.43,107.43,10.29,38.86,376,22.9
Shawaal Zulfiqar,T20I,female,4,22.12,113.94,18.18,48.48,376,72.2
M Kapp,Test,female,5,75.2,63.09,10.07,72.15,376,80.6
S Movva,T20I,male,4,22.12,106.82,10.51,38.92,376,35.5
AM Rahane,T20I,male,4,20.83,113.29,11.48,35.05,375,39.8
NT Ellis,BBL,male,5,13.89,128.42,15.41,34.93,375,35.3
DB Ravi Teja,IPL,male,1,19.74,118.3,13.88,36.59,375,24.1
AA Alleyne,T20I,female,3,11.72,90.14,9.86,49.04,375,36.9
Hisham Sheikh,T20I,male,4,20.83,91.46,5.61,36.59,375,28.0
Shahzaib Jamil,T20I,male,2,23.44,135.87,16.3,37.32,375,61.6
Asif Ali,ODI,male,1,26.79,121.75,13.64,39.94,375,72.1
Shahreeennawab,T20I,female,3,13.39,66.73,6.76,54.98,375,21.1
Saud Shakeel,ODI,male,3,28.77,85.39,9.36,50.0,374,56.6
SA Abbott,ODI,male,3,19.68,96.39,11.6,53.09,374,54.8
Irfan Hafejee,T20I,male,3,17.81,86.57,10.19,54.63,374,17.5
L Steenkamp,ODI,male,0,37.4,71.24,6.1,56.76,374,41.0
Adnan Idrees,T20I,male,2,13.36,133.1,22.42,50.53,374,45.3
YH Bhatia,T20I,female,4,19.68,100.81,14.56,49.6,374,62.0
TT Soe,T20I,female,3,12.03,78.03,7.11,51.05,373,24.0
A van der Merwe,T20I,female,3,16.95,82.89,9.11,56.0,373,38.0
Esam Rahman,T20I,male,2,33.91,124.33,16.33,41.67,373,63.9
R Lutaaya,T20I,male,2,14.31,127.4,17.47,42.12,372,43.5
AA Onikoyi,T20I,male,3,16.17,87.94,8.98,51.54,372,14.6
D Jansen,T20I,male,2,37.2,124.83,14.43,37.92,372,64.5
SN Khan,Test,male,0,37.1,74.95,10.51,62.83,371,78.6
M Chadha,T20I,male,2,41.22,118.53,15.02,39.62,371,61.8
TM McGrath,Test,female,1,33.73,49.73,6.7,74.8,371,48.6
Maaz Khan,T20I,male,2,18.5,148.59,22.89,45.38,370,59.0
C Pyle,T20I,male,2,21.76,121.71,15.13,40.79,370,48.2
CJ Boyce,BBL,male,0,11.56,117.46,13.97,41.59,370,17.6
KDK Vithanage,Test,male,4,26.43,76.45,10.95,66.32,370,69.5
CH Gayle,PSL,male,0,23.12,136.53,19.56,46.49,370,37.1
M Ntini,Test,male,3,10.0,43.58,6.12,80.57,370,19.1
M Louis,Test,male,3,18.45,41.14,4.91,79.15,369,17.3
KA Pollard,BBL,male,5,23.06,148.19,18.07,32.93,369,63.7
P Sharma,T20I,male,4,16.77,107.27,13.95,47.38,369,28.2
Ayesha Naseem,T20I,female,2,18.45,128.12,13.19,34.72,369,70.5
DJ Hooda,T20I,male,2,30.67,147.2,18.8,30.8,368,78.5
IG Holland,ODI,male,0,26.29,77.47,6.32,50.95,368,38.6
S Sohal,IPL,male,5,18.4,126.03,17.81,46.58,368,28.6
SJ Bryce,ODI,female,3,36.8,80.88,10.11,54.51,368,70.4
PJ Forrest,ODI,male,0,26.29,65.6,6.77,60.78,368,26.8
S Ecclestone,T20I,female,2,17.52,132.85,16.25,36.1,368,71.6
CK Jasmat,T20I,male,4,17.48,110.21,13.21,43.84,367,30.7
S Pradhan,T20I,male,3,14.68,89.73,11.0,51.83,367,14.8
JA Warrican,Test,male,1,13.11,54.94,6.14,73.5,367,37.3
Kyshona A Knight,T20I,female,3,11.84,73.25,6.59,51.7,367,20.3
JM Kerr,ODI,female,1,11.47,107.94,13.53,44.41,367,60.2
MS Sinclair,ODI,male,0,30.58,65.42,6.06,60.78,367,30.0
K Tesarikova,T20I,female,4,18.3,105.78,14.74,46.24,366,63.1
MA Jones,T20I,male,2,26.14,138.64,19.32,38.64,366,69.1
J Overton,BBL,male,5,30.5,139.69,15.27,31.3,366,67.5
Raza Iqbal,T20I,male,4,15.91,114.73,15.67,44.51,366,34.5
B Masaba,T20I,male,4,16.64,99.46,11.68,46.2,366,21.8
A Parima,T20I,male,4,20.33,116.19,16.19,50.16,366,40.8
B Shanti,T20I,female,3,11.09,70.38,7.12,56.54,366,17.2
DW Steyn,ODI,male,2,9.36,64.95,7.83,66.9,365,15.4
Pyae Phyo Wai,T20I,male,3,13.04,79.52,6.1,51.2,365,8.7
P Negi,IPL,male,1,14.04,126.3,14.88,38.75,365,23.6
Saim Ayub,Test,male,1,22.75,54.49,6.29,72.6,364,44.5
KM Dabengwa,ODI,male,2,20.22,59.28,4.23,60.75,364,14.4
PS Athavale,T20I,male,2,22.75,126.39,17.01,38.19,364,56.7
JC Archer,Test,male,1,12.13,54.41,7.17,73.24,364,40.7
NY McLean,T20I,female,3,17.33,95.04,10.44,51.44,364,49.5
Mohammad Nabi,CPL,male,1,22.69,139.62,17.31,36.54,363,61.1
SP Narine,ODI,male,0,11.0,82.31,10.88,61.22,363,36.1
Nasir Jamshed,T20I,male,4,21.35,113.44,14.37,44.38,363,39.9
Rahmanullah Gurbaz,IPL,male,5,21.35,134.94,20.82,49.07,363,41.6
Mohammad Amir,ODI,male,0,18.15,81.76,9.01,56.31,363,38.0
B Bhandari,T20I,male,4,18.15,121.4,15.05,43.81,363,40.3
DA Blignaut,T20I,male,3,18.1,92.11,8.4,49.11,362,17.8
A Makri,T20I,female,3,12.03,65.16,5.78,57.22,361,14.9
DG Brownlie,ODI,male,0,25.79,74.28,9.67,59.47,361,40.6
A Shreshta,T20I,male,4,20.06,100.0,10.8,45.71,361,26.2
LL Dimba,T20I,female,3,17.19,83.95,10.7,53.49,361,43.0
SG Mangela,T20I,male,2,24.07,116.45,11.61,34.19,361,46.5
CB Wishart,ODI,male,0,25.79,73.37,8.94,61.38,361,37.1
DT Johnston,ODI,male,0,17.19,78.65,7.63,55.12,361,31.4
T Stubbs,ODI,male,3,32.82,88.26,6.36,43.77,361,55.0
LMM Tahuhu,ODI,female,3,10.0,88.24,10.29,52.94,360,50.6
Mohammad Saifuddin,ODI,male,3,36.0,85.71,8.33,49.76,360,61.1
Zeshan Arif,T20I,male,2,18.0,140.08,21.4,47.86,360,53.8
Naseem Khushi,ODI,male,1,15.65,109.42,13.07,47.42,360,58.9
G Kansonkho,T20I,male,3,15.0,87.8,9.51,52.44,360,12.8
NM Odhiambo,T20I,male,4,14.36,106.21,10.95,43.2,359,21.4
S Hook,T20I,male,4,19.94,101.99,12.22,49.43,359,27.3
L Ronchi,T20I,male,2,17.95,140.23,17.19,33.2,359,57.2
JD Campbell,ODI,male,1,32.64,102.28,13.68,51.85,359,73.0
Wahab Riaz,PSL,male,0,10.88,128.21,16.07,39.29,359,19.8
O Olaleye,T20I,male,4,16.27,95.72,9.89,48.93,358,16.8
JS Malhotra,ODI,male,3,29.83,95.98,11.53,53.89,358,64.9
Shah Abrar Hussain,T20I,male,4,22.38,103.77,11.59,47.25,358,31.3
A Chandel,T20I,female,3,13.26,66.79,3.73,53.73,358,17.4
NE Bonner,CPL,male,3,21.06,88.61,8.91,49.75,358,18.6
T Thushara,ODI,male,3,18.79,93.46,9.95,49.74,357,52.3
Fahima Khatun,ODI,female,2,13.73,58.81,3.62,57.99,357,17.5
MDN Hansika,ODI,female,2,14.88,49.51,5.96,71.29,357,13.9
BA Carse,Test,male,4,17.85,72.71,9.57,67.62,357,60.3
Azan Awais,Test,male,1,25.5,54.17,8.04,73.75,357,52.0
KJ O'Brien,CPL,male,0,25.5,128.42,15.83,43.88,357,48.8
E Sebareme,T20I,male,4,11.87,97.27,9.02,47.54,356,12.4
BW Hilfenhaus,Test,male,1,13.65,54.2,8.24,75.57,355,42.8
CN Greaves,ODI,male,3,22.19,88.53,9.73,53.12,355,49.6
AC Douglas,T20I,male,2,19.72,134.47,20.08,47.35,355,53.9
TM McGrath,WPL,female,1,23.67,135.5,22.52,41.98,355,45.9
Aamer Jamal,Test,male,1,23.67,56.26,7.29,72.11,355,51.2
RH Priest,T20I,female,4,16.14,97.8,14.88,54.82,355,52.2
MADD Surangika,T20I,female,4,16.9,87.44,8.37,45.81,355,43.1
JL Denly,PSL,male,0,29.5,123.34,18.47,43.21,354,41.1
S Gajnabi,T20I,female,3,12.21,75.8,6.42,48.82,354,23.3
B Kumar,IPL,male,1,9.32,93.9,10.08,45.62,354,5.3
S Austin,T20I,male,4,16.09,102.91,9.59,40.12,354,22.3
JJ Atkinson,T20I,male,4,17.7,116.45,15.13,43.75,354,37.1
EC Joyce,T20I,male,0,35.3,95.15,8.63,42.86,353,39.9
S Grover,T20I,male,2,19.61,136.29,18.53,39.0,353,57.3
MDT Kamini,ODI,female,5,50.43,65.61,9.48,67.1,353,56.4
Harpreet Singh,ODI,male,3,44.12,93.88,10.9,46.01,353,77.4
Q Sampson,CPL,male,5,35.3,162.67,23.96,41.47,353,81.2
AB Agarkar,ODI,male,2,9.51,65.31,5.94,60.67,352,11.4
Diana Baig,ODI,female,0,9.78,76.52,7.83,55.43,352,37.3
KV Sharma,IPL,male,1,13.54,119.32,12.54,38.31,352,16.2
BJ Hodge,CPL,male,1,29.33,129.89,16.24,40.96,352,57.4
RD Rickelton,ODI,male,0,23.4,83.37,10.69,59.86,351,45.8
DJ Mitchell,IPL,male,3,27.0,131.46,14.23,28.09,351,45.8
PS Masvaure,Test,male,3,23.4,35.31,4.43,81.69,351,16.1
A Raza,T20I,male,2,14.04,146.25,24.58,48.75,351,51.1
J Andrew,CPL,male,3,23.33,112.9,13.55,43.23,350,35.1
SN Thakur,IPL,male,3,11.63,132.7,17.11,36.12,349,31.2
S Khiaoto,T20I,female,3,12.46,82.51,7.33,50.35,349,28.1
FH Allen,IPL,male,0,34.9,214.11,37.42,35.58,349,80.5
Sameer Minhas,PSL,male,5,38.78,155.8,24.11,33.93,349,78.2
J Singye,T20I,male,3,15.86,73.94,4.45,48.73,349,12.1
KJ Ferrary,T20I,male,2,26.77,112.62,12.62,34.95,348,49.3
SP Krishnamurthi,ODI,male,3,26.77,100.0,10.63,49.43,348,64.1
JJ Bumrah,Test,male,3,6.57,41.28,5.81,81.73,348,13.9
AB Kaur,WPL,female,0,23.2,129.85,17.91,35.45,348,33.5
Mukhtar Ghulami,T20I,male,4,15.82,114.47,15.46,46.71,348,32.5
Wahidullah Sahak,T20I,male,2,20.41,134.5,18.99,39.53,347,57.8
Jahurul Islam,Test,male,3,26.69,38.47,4.55,81.49,347,20.5
Ikramullah Khan,T20I,male,4,15.77,116.05,14.38,41.14,347,34.5
SJ Myburgh,ODI,male,0,28.92,75.93,10.28,64.77,347,44.7
OA Shah,T20I,male,2,24.79,122.18,13.73,36.97,347,52.4
B de Leede,ODI,female,0,24.79,73.21,7.81,55.49,347,49.6
Kamran Ahmadzai,T20I,male,2,26.62,157.99,20.09,35.62,346,75.8
LH Rodrigues,T20I,male,3,18.21,93.26,9.7,49.87,346,18.8
R Trumpelmann,T20I,male,2,15.73,128.15,14.81,37.78,346,43.1
MA Carberry,BBL,male,2,38.44,129.1,17.54,39.93,346,63.5
K Hinds,T20I,male,3,13.31,102.06,12.98,56.34,346,18.0
Rumana Ahmed,ODI,female,2,15.73,51.26,5.19,69.19,346,13.7
MA Carberry,Test,male,3,28.75,41.32,6.59,82.63,345,32.7
NM Coulter-Nile,BBL,male,2,11.13,136.9,17.46,43.65,345,39.1
CR Seneviratna,T20I,female,4,15.68,89.15,5.94,41.86,345,38.6
NM Salonen,T20I,male,4,13.8,115.0,11.33,41.33,345,26.0
TC Bruce,T20I,male,2,18.11,121.99,12.77,30.85,344,42.4
M Labuschagne,PSL,male,1,28.67,130.3,18.56,34.47,344,48.5
Sheikh Rasik,T20I,male,1,43.0,171.14,23.38,34.33,344,86.7
AM McCarthy,CPL,male,1,19.11,118.21,13.75,41.58,344,31.7
WA Young,T20I,male,4,18.11,101.78,13.31,48.22,344,26.2
DT Tiripano,ODI,male,2,19.06,65.21,6.65,63.12,343,17.2
S Chanderpaul,T20I,male,4,20.18,98.85,11.24,46.69,343,25.8
SK Awiah,T20I,male,3,14.91,78.85,7.59,53.79,343,10.2
Ashfaq Ahmed,ODI,male,3,22.87,89.32,12.24,58.07,343,52.1
TM Dowlin,Test,male,1,31.18,46.23,5.66,75.34,343,38.3
GP Meade,T20I,male,4,15.59,101.48,9.76,43.79,343,19.0
Shaheen Shah Afridi,T20I,male,4,14.91,127.51,16.36,47.96,343,38.6
MA Vermeulen,Test,male,1,42.88,45.79,6.01,78.91,343,46.1
RS Morton,Test,male,1,19.06,47.12,7.28,79.53,343,33.2
JH Kallis,BBL,male,2,34.3,124.73,16.36,39.27,343,57.5
D Khanal,ODI,male,0,26.31,69.09,6.26,58.99,342,27.9
CS Delport,CPL,male,0,20.12,121.28,18.09,47.52,342,40.6
Najjam Shahzad,T20I,male,2,19.0,129.55,17.42,43.56,342,49.4
G Wareham,ODI,female,1,26.31,114.0,12.67,38.67,342,74.7
MR Aguilleira,T20I,female,3,15.55,79.35,6.03,49.42,342,29.3
J Sumerauer,T20I,male,2,18.0,145.53,16.6,34.04,342,57.1
R Bhatia,IPL,male,1,11.4,120.42,13.03,36.62,342,17.0
BR McDermott,T20I,male,4,18.0,99.71,8.75,43.15,342,21.6
K Alleyne,CPL,male,1,18.0,135.18,17.79,40.71,342,48.0
Luka Woods,T20I,male,2,31.0,140.91,21.9,45.04,341,71.4
Mohammad Rizlan,T20I,male,4,17.05,115.99,14.29,46.94,341,32.6
CFK van Wyk,Test,male,1,21.31,49.14,5.91,74.5,341,34.3
JS Lehmann,BBL,male,0,14.21,109.29,11.86,35.58,341,16.0
Z Crawley,BBL,male,0,28.33,113.33,14.0,42.67,340,35.6
P Kumar,IPL,male,1,8.95,108.28,12.42,47.13,340,7.0
SY Nihute,T20I,male,3,17.89,86.96,6.91,45.27,340,16.9
Hasan Ali,PSL,male,0,10.3,139.34,17.62,39.34,340,28.2
CJ Jordan,BBL,male,0,12.14,120.57,12.77,37.23,340,20.2
PP Shaw,Test,male,0,42.38,86.04,12.69,60.41,339,83.5
M Vijay,ODI,male,0,21.19,67.0,7.11,60.47,339,22.2
JI Rodrigues,Test,female,4,42.38,66.86,9.86,67.85,339,78.3
B Cooper,ODI,female,2,22.6,59.47,6.84,67.72,339,28.3
G Candiru,T20I,female,3,21.19,88.74,7.33,47.12,339,47.5
AP Tare,IPL,male,5,14.12,124.18,18.68,47.25,339,26.0
GJ Maxwell,Test,male,4,26.08,59.47,7.02,69.65,339,55.7
MG Bracewell,Test,male,1,21.19,57.07,7.74,72.56,339,50.1
H Doriga,T20I,female,4,15.41,103.99,16.56,58.28,339,52.5
Maaz Sadaqat,PSL,male,2,26.0,175.13,27.46,34.72,338,69.6
GK Ghalley,T20I,male,3,13.52,94.68,10.64,55.18,338,12.6
R Rampaul,ODI,male,0,12.07,77.17,10.05,63.24,338,30.3
SM Solia,T20I,male,2,30.73,120.71,14.29,36.43,338,58.7
Jaker Ali,Test,male,1,30.64,56.64,7.06,70.92,337,57.7
A Symonds,T20I,male,1,48.14,169.35,21.61,23.62,337,87.1
BM Pecic,T20I,male,4,22.47,109.77,12.7,43.65,337,37.0
HJH Marshall,Test,male,1,28.08,48.77,6.08,74.96,337,40.7
MM Ali,PSL,male,1,22.4,146.09,19.13,37.39,336,44.8
SD Robson,Test,male,3,30.55,44.5,5.7,78.68,336,33.5
MS Atapattu,Test,male,3,28.0,38.49,4.58,80.53,336,21.5
Ritik Tomar,T20I,male,4,14.0,104.35,11.18,44.72,336,19.3
FG Kemp,T20I,female,2,28.0,144.21,18.88,30.9,336,84.4
AA Jangoo,Test,male,5,42.0,58.43,6.09,65.74,336,64.9
Haroon Arshad,T20I,male,2,19.76,133.33,13.89,30.95,336,52.3
Amar Naeem,T20I,male,4,16.8,116.26,16.61,51.21,336,35.0
K Irakoze,T20I,male,4,9.05,106.35,11.75,45.71,335,17.3
Zain Ul Abidin,T20I,male,4,17.63,117.96,12.32,39.79,335,34.2
R Rampaul,Test,male,1,14.57,53.26,7.95,77.42,335,39.8
Rashid Latif,ODI,male,3,22.33,83.54,6.98,51.12,335,39.0
RE van der Merwe,ODI,male,3,14.52,89.07,8.0,46.93,334,41.7
Taskin Ahmed,Test,male,1,11.52,50.76,6.23,74.16,334,31.8
S Milenko,BBL,male,0,15.14,120.65,13.41,39.49,333,22.0
Chaudhary Akram,T20I,male,4,27.75,105.71,10.79,41.27,333,40.5
K Joshi,T20I,female,3,10.09,72.23,7.59,59.65,333,16.7
Mohammad Mithun,Test,male,3,18.5,44.28,4.65,75.27,333,21.1
Umar Amin,PSL,male,3,23.71,108.14,13.03,39.09,332,18.6
HM Rowe,ODI,female,0,12.3,68.6,5.99,54.75,332,26.2
HP Tillakaratne,ODI,male,2,30.18,60.58,5.11,60.77,332,26.3
C Connolly,ODI,male,3,41.5,89.49,10.78,53.64,332,69.8
SS Pathirana,ODI,male,3,25.54,86.68,9.92,54.83,332,51.7
JN Gillespie,Test,male,3,20.75,29.46,4.08,84.83,332,11.5
A Flower,ODI,male,5,47.43,72.33,6.75,55.34,332,48.3
P Vastrakar,T20I,female,4,13.83,114.48,13.45,38.97,332,58.5
RP Singh,T20I,female,4,11.45,111.41,13.76,47.99,332,49.8
KW Richardson,BBL,male,0,12.77,116.49,11.93,37.19,332,15.7
M Rathnayake,T20I,female,3,12.3,78.12,10.35,59.29,332,27.7
B Bhandari,ODI,male,2,20.69,62.69,6.63,62.12,331,17.7
MM Baig,T20I,male,2,18.39,128.79,14.4,36.58,331,47.2
KA Edwards,ODI,male,0,23.64,67.0,6.07,58.91,331,22.7
Muhammad Umar,T20I,male,4,19.47,117.79,12.1,42.35,331,35.3
E Van Zyl,T20I,female,3,8.07,71.34,5.82,55.82,331,12.2
Khushdil Shah,ODI,male,3,29.91,97.92,10.42,44.94,329,67.6
SN Thakur,ODI,male,1,17.32,105.11,12.78,43.77,329,59.6
LA Marsh,T20I,female,4,18.28,105.11,16.93,56.23,329,58.9
PG Raut,T20I,female,4,29.91,93.73,11.11,47.01,329,63.8
OA Shah,BBL,male,5,32.9,123.68,13.53,33.83,329,51.7
PB Gouge,T20I,male,1,36.44,160.78,19.61,30.39,328,83.3
Adnan Mufti,ODI,male,3,29.82,82.41,7.04,45.98,328,49.0
R Hekure,ODI,male,0,16.4,77.0,7.51,53.76,328,29.1
SS Weerakkody,ODI,female,0,13.12,64.06,6.64,60.16,328,23.3
Jaker Ali,ODI,male,5,46.86,79.23,8.21,54.11,328,58.3
D Wiese,ODI,male,3,27.33,90.11,8.52,48.63,328,55.9
RA Herman,T20I,male,2,23.36,128.74,16.54,38.58,327,57.1
RJ Nicol,T20I,male,4,17.21,110.47,14.86,46.96,327,31.2
BJ Haddin,PSL,male,3,25.15,130.8,16.0,36.8,327,35.0
MH Richardson,Test,male,3,32.7,33.64,4.42,83.13,327,23.6
SA Engelbrecht,ODI,male,0,32.7,65.27,6.19,60.08,327,31.4
A Gbla,T20I,male,4,11.68,105.48,10.97,46.45,327,16.4
G Venkateswaran,T20I,male,4,17.21,114.74,14.04,41.4,327,34.4
JEC Franklin,IPL,male,1,29.73,108.64,11.3,38.21,327,30.9
V Shukla,ODI,male,3,23.36,84.5,7.75,51.68,327,42.8
SJ Baard,ODI,male,2,19.18,58.32,6.08,66.73,326,13.3
JA Fitzgerald,T20I,male,2,16.3,134.71,14.46,38.02,326,45.5
A Athanaze,T20I,male,2,25.08,129.37,19.05,46.83,326,58.7
C Esterhuizen,T20I,male,1,40.75,155.24,22.86,40.48,326,81.3
A Gardner,Test,female,1,29.64,57.8,7.62,71.99,326,52.4
WJ Cope,T20I,male,4,13.04,115.19,16.25,45.94,326,30.7
MT Renshaw,ODI,male,3,36.22,97.02,7.44,37.8,326,65.1
MH Yardy,ODI,male,0,20.38,69.07,4.45,52.75,326,21.9
D Ferreira,IPL,male,0,27.17,170.68,25.65,37.17,326,67.1
RN ten Doeschate,IPL,male,3,23.29,138.72,17.45,32.77,326,48.9
JC Archer,IPL,male,3,13.04,144.89,17.78,35.56,326,40.0
KP Pietersen,CPL,male,1,29.55,131.05,16.13,33.87,325,62.9
DK Mathias,T20I,male,4,29.55,101.88,11.29,46.08,325,38.6
Adeeb Usmani,ODI,male,3,40.62,81.66,9.05,54.02,325,59.6
MM Lanning,Test,female,1,36.11,45.65,6.6,77.25,325,41.5
D Mongia,ODI,male,2,20.31,60.63,5.04,59.89,325,15.0
Sohag Gazi,Test,male,4,21.67,61.44,8.13,72.02,325,54.4
R Coker,T20I,male,3,9.56,65.13,6.21,61.72,325,4.9
PM Nevill,BBL,male,0,14.77,102.85,9.49,39.24,325,10.3
KA Maharaj,ODI,male,3,14.09,80.4,10.17,55.09,324,37.1
Adam Senn,T20I,male,2,24.92,126.07,12.45,26.46,324,54.1
G Voll,WPL,female,2,46.29,143.36,24.34,36.28,324,77.0
N McAndrew,BBL,male,2,13.5,150.7,20.0,33.95,324,54.1
JO Holder,IPL,male,1,12.46,123.19,14.07,41.06,324,17.7
A Aikenhead,T20I,female,4,19.06,95.58,10.62,45.43,324,55.6
JE Cameron,T20I,female,4,20.25,98.18,9.39,43.33,324,57.4
MBA Lamplough,T20I,female,3,12.46,86.4,8.0,47.2,324,33.1
S Vijay Unni,T20I,male,3,14.09,84.82,7.59,45.29,324,11.7
K Krishnakumar,T20I,male,4,23.14,122.26,12.83,42.26,324,44.8
MO Odumbe,ODI,male,3,46.29,91.27,9.3,47.61,324,72.4
AGS Gous,CPL,male,1,32.4,126.56,16.02,38.28,324,59.6
BB McCullum,PSL,male,0,19.0,116.61,16.25,46.21,323,15.5
MR Aguilleira,ODI,female,2,14.68,54.93,4.93,64.97,323,14.5
AA Navicha,T20I,male,4,23.07,114.54,13.48,48.94,323,38.7
FC Wilson,T20I,female,4,24.85,100.62,7.48,31.46,323,60.5
Awais Ahmad,T20I,male,4,14.68,122.81,17.11,49.43,323,36.5
Saeed Ajmal,ODI,male,2,7.02,60.49,4.68,60.3,323,7.7
S Horley,T20I,female,4,20.19,100.94,12.5,44.69,323,62.4
Niv Nagavkar,T20I,male,4,21.53,108.75,10.1,35.02,323,35.9
Anwar Ali,PSL,male,1,14.68,141.05,16.59,34.5,323,31.8
A Natubhai Ahir,T20I,male,3,14.68,96.42,10.75,54.03,323,14.1
C Munoz-Mills,T20I,male,2,24.77,135.86,17.72,38.4,322,63.4
G Ngegba,T20I,male,4,21.47,102.55,11.15,43.63,322,29.4
NH Berejo,T20I,female,0,53.67,95.83,7.14,36.61,322,63.2
AK Sah,ODI,male,3,26.83,87.26,12.47,58.81,322,55.2
AC Agar,ODI,male,3,24.77,82.99,8.25,49.74,322,45.9
MR Meshram,ODI,female,2,23.0,57.4,7.13,67.56,322,28.9
DA Gunawardene,ODI,male,2,21.47,56.79,5.47,66.49,322,13.6
JL Gunn,ODI,female,2,17.89,61.57,4.78,59.46,322,23.3
A Kato-Stafford,T20I,female,0,45.86,92.24,6.9,41.95,321,59.1
UT Khawaja,PSL,male,5,45.86,150.0,21.5,29.44,321,77.2
W Madhevere,Test,male,1,29.18,53.68,5.85,71.07,321,47.3
Kanchan Rana,T20I,female,4,26.75,107.72,10.07,38.26,321,67.9
C Bosch,CPL,male,1,22.93,115.88,13.0,36.1,321,39.5
Shaheen Shah Afridi,ODI,male,3,13.96,85.6,10.93,58.13,321,40.1
SM Ervine,ODI,male,3,26.75,94.41,10.59,50.29,321,61.0
A Dananjaya,ODI,male,0,12.84,72.79,7.26,54.2,321,23.0
Sajid Khan,Test,male,4,15.29,60.45,8.47,71.0,321,51.1
OU Ranasinghe,T20I,female,3,9.73,75.53,5.65,49.18,321,17.3
P Siaka,ODI,female,0,24.62,74.25,7.19,54.52,320,47.5
A Mukund,Test,male,3,22.86,45.71,4.71,74.86,320,26.2
Sanjida Islam,T20I,female,3,12.8,80.6,8.56,56.17,320,27.1
L Lee,WPL,female,1,32.0,139.13,24.78,46.09,320,62.4
NR Welch,Test,male,3,24.54,44.49,5.16,77.96,319,25.0
Muhammad Shahdad,ODI,male,0,35.44,74.88,7.28,56.57,319,44.0
MRJ Watt,T20I,male,4,11.39,114.34,12.54,36.2,319,27.7
DM Bess,Test,male,1,22.79,44.93,5.77,77.18,319,27.6
L Ronchi,Test,male,4,39.88,73.84,10.88,66.67,319,79.5
R Mutumbami,ODI,male,0,15.19,72.67,9.34,62.19,319,27.0
A Doddaballapur,T20I,female,3,15.9,73.44,5.08,50.12,318,25.6
EJG Morgan,BBL,male,5,31.8,120.0,13.58,38.49,318,43.9
CA Lynn,PSL,male,2,28.91,173.77,30.05,38.25,318,71.3
Amarpal Kaur,T20I,female,4,26.5,78.13,3.19,38.33,318,43.8
Anuj Rawat,IPL,male,1,19.88,119.1,14.98,42.7,318,22.2
Rahmanullah Gurbaz,PSL,male,2,22.71,159.8,24.62,40.2,318,53.4
JV Chand,T20I,male,4,28.91,107.07,11.78,38.72,318,44.9
SNJ O'Keefe,BBL,male,0,13.78,108.19,11.6,41.98,317,8.7
I Kaia,T20I,male,2,16.68,121.92,16.15,42.31,317,40.1
M Muralitharan,ODI,male,0,7.37,83.64,9.76,55.94,317,36.1
E Niyomugabo,T20I,male,4,9.91,97.84,8.95,46.3,317,11.0
ZB Lion-Cachet,ODI,male,2,19.81,62.65,4.35,57.71,317,15.2
T Sandeep,T20I,male,2,24.38,114.03,16.55,43.17,317,48.1
Mohammed Qasim,T20I,male,2,31.7,128.34,15.79,42.51,317,61.8
JR Dean,BBL,male,2,19.81,133.76,18.14,47.26,317,44.2
C Bull,T20I,female,3,12.15,80.0,10.13,56.71,316,27.7
JA Richardson,BBL,male,0,15.8,122.48,12.79,37.98,316,23.4
Farhad Reza,ODI,male,2,15.05,63.07,7.98,67.07,316,16.4
BS Fulmali,WPL,female,1,31.6,149.76,21.8,35.55,316,67.3
A Perera,T20I,female,3,11.7,72.48,5.05,49.54,316,17.4
NJ O'Brien,T20I,male,4,17.56,96.93,9.51,44.48,316,19.3
K Vijayaraghavan,T20I,female,3,12.15,60.19,3.81,56.95,316,11.7
WCF Smeed,PSL,male,1,31.5,134.62,20.09,39.74,315,51.8
RW Price,ODI,male,2,9.26,59.77,5.69,63.19,315,7.7
DP Conway,PSL,male,1,35.0,129.1,19.26,40.57,315,50.2
LM Jongwe,ODI,male,0,13.12,80.56,9.21,57.8,315,32.3
A Augastin,T20I,male,2,31.5,120.23,16.41,41.98,315,59.0
Aniket Verma,IPL,male,3,21.0,160.71,21.94,36.73,315,56.0
T Musekiwa,T20I,male,2,15.7,134.76,15.45,36.05,314,47.0
KSA McKenzie,CPL,male,3,14.27,102.28,14.33,55.05,314,12.9
DR Patankar,T20I,male,4,13.65,103.29,12.5,46.71,314,18.9
PJ Moor,T20I,male,2,26.08,130.96,16.74,42.26,313,59.8
D la Cock,ODI,male,2,22.36,67.17,9.44,68.88,313,28.5
Abhijeet Ahuja,T20I,male,4,20.87,97.2,9.94,45.03,313,24.9
LU Igalagamage,Test,male,4,34.78,64.27,9.24,69.4,313,70.9
BM Scholtz,ODI,male,0,12.04,65.48,5.86,59.21,313,11.8
Najiha Alvi,ODI,female,3,28.45,77.86,6.47,48.26,313,53.7
K Gore,CPL,male,1,22.36,129.34,16.53,38.84,313,49.4
Kamran Ghulam,Test,male,1,28.36,56.52,7.43,73.37,312,54.4
JWA Taylor,Test,male,3,26.0,41.43,4.52,77.03,312,23.0
I Kaia,Test,male,5,62.4,60.7,7.78,69.26,312,75.7
O Kgeresi,T20I,female,3,8.64,61.34,3.35,58.97,311,6.7
NG Collins,T20I,male,3,22.21,91.74,9.73,51.92,311,23.5
Khawaja Nafay,PSL,male,0,17.28,128.51,16.12,38.43,311,21.8
C Brennan,T20I,male,4,17.28,113.5,12.04,39.05,311,31.1
H Deol,T20I,female,4,17.28,92.01,11.24,47.04,311,50.4
Ilyas Ataullah,T20I,male,2,18.29,124.4,19.6,50.4,311,44.9
A Busing-Volschenk,T20I,male,2,34.56,138.22,14.22,35.11,311,68.7
R Vinay Kumar,IPL,male,1,11.07,113.14,10.95,37.59,310,10.7
PZ Kamunya,T20I,female,3,9.69,75.06,7.26,54.24,310,17.3
S Chinawa,T20I,female,3,9.97,65.88,6.4,61.41,309,11.3
AJ Hosein,ODI,male,0,14.71,78.03,7.58,54.04,309,28.5
C Bosch,ODI,male,1,51.5,113.6,13.97,41.91,309,85.8
HH Streak,Test,male,3,22.07,35.64,4.5,81.55,309,14.3
RJ Sidebottom,Test,male,3,16.26,35.11,4.2,82.39,309,9.7
Mohamed Rishwan,T20I,male,3,12.83,84.15,10.11,56.28,308,9.2
KMA Paul,ODI,male,3,20.53,96.55,11.6,52.98,308,54.3
Nasir Hossain,T20I,male,4,17.11,108.83,10.25,36.04,308,28.3
ML Hayden,T20I,male,1,51.33,143.93,23.36,44.39,308,77.4
AS Gorad,T20I,female,3,12.83,62.73,5.7,58.66,308,14.7
KAJ Roach,ODI,male,2,13.39,51.94,5.06,69.14,308,6.2
Shiraz Khan,T20I,male,4,18.12,94.19,8.26,42.81,308,19.6
H Iwasaki,T20I,female,4,9.94,100.33,12.38,50.81,308,40.9
F Banunaek,T20I,male,3,11.81,83.88,7.65,49.45,307,7.7
Faheem Nellancheri,T20I,male,2,15.35,146.19,19.52,41.43,307,52.2
Haseebullah Khan,PSL,male,0,19.19,120.39,15.29,39.22,307,16.1
AJ Hosein,T20I,male,4,14.62,114.55,13.06,43.28,307,27.3
Zubayr Hamza,Test,male,3,19.19,41.6,5.96,80.76,307,20.7
S Sehrawat,WPL,female,0,12.28,103.02,13.42,48.66,307,7.4
D Brevis,ODI,male,1,30.6,139.09,17.27,42.73,306,76.1
S Jegannathan,T20I,male,4,25.5,99.67,13.03,50.81,306,35.0
O Mondlane,T20I,female,3,9.56,66.09,7.56,62.85,306,13.0
Amna Tariq,T20I,female,3,6.95,50.0,2.61,63.4,306,4.4
Wahab Riaz,Test,male,3,8.5,42.09,5.09,77.03,306,13.4
SACA King,T20I,female,4,13.86,92.71,10.33,49.54,305,41.0
Imran Ameer,T20I,male,4,21.79,110.11,12.64,37.55,305,39.0
ADS Fletcher,ODI,male,2,13.26,62.5,8.61,70.7,305,16.9
Mohammad Nawaz,ODI,male,3,21.79,86.4,9.63,54.11,305,45.8
Lalit Yadav,IPL,male,1,19.06,105.17,11.72,40.0,305,13.2
C Piparo,T20I,female,2,43.57,127.08,14.17,31.25,305,82.9
Shamsur Rahman,Test,male,1,25.42,47.66,6.72,77.34,305,37.0
D Hemalatha,WPL,female,0,16.89,120.16,16.21,43.48,304,16.9
JH Kallis,CPL,male,3,27.64,113.43,15.67,44.03,304,41.6
DB Das,IPL,male,1,21.71,116.48,14.94,44.83,304,22.4
Shamima Sultana,ODI,female,2,21.71,57.69,6.83,68.12,304,25.8
Muslim Yar,T20I,male,4,15.2,122.58,14.52,43.15,304,34.7
C de Grandhomme,IPL,male,3,18.94,134.67,16.0,36.44,303,33.5
TG Southee,T20I,male,2,11.22,138.99,17.43,42.66,303,43.3
N Koncharoenkai,ODI,female,0,23.31,74.63,7.88,55.42,303,47.5
TK Curran,ODI,male,3,37.88,94.39,10.59,48.91,303,72.0
Faisal Raza,T20I,male,4,15.95,118.82,12.55,38.43,303,33.0
DO Obuya,ODI,male,2,13.73,53.08,4.92,65.91,302,6.6
LA Pomersbach,IPL,male,5,27.45,122.76,15.45,41.46,302,35.7
AE Paraam,T20I,male,1,50.33,147.32,20.49,31.71,302,83.1
S Meghana,WPL,female,0,23.23,118.43,18.04,44.31,302,21.4
Rameez Shahzad,T20I,male,4,23.23,101.0,10.03,42.81,302,30.5
B Sai Sudharsan,Test,male,3,27.45,38.72,4.87,78.85,302,22.3
Salma Khatun,T20I,female,4,14.38,87.79,6.98,40.41,302,36.2
LE Bosman,ODI,male,1,25.08,98.69,15.08,58.03,301,59.2
AR White,ODI,male,2,13.09,61.81,4.72,58.93,301,9.6
M Stanikzai,T20I,male,2,15.84,145.41,20.77,42.03,301,53.5
NKF Rada Rani,T20I,female,3,18.81,78.8,3.66,44.24,301,34.7
Raqibul Hasan,Test,male,3,20.07,40.84,4.61,77.88,301,16.8
Taranjit Singh,T20I,male,1,17.71,183.54,28.05,34.15,301,65.4
Shadab Khan,Test,male,4,33.33,62.63,7.93,68.48,300,66.9
UBT Chand,IPL,male,1,15.0,100.0,13.67,51.67,300,9.8
A Nel,Test,male,1,10.34,50.0,7.0,77.5,300,30.3
Anwar Ali,ODI,male,3,30.0,90.63,10.27,51.96,300,60.9
Hamid Mahmood,T20I,male,4,30.0,106.01,11.31,39.58,300,43.3
Mazharul Islam,T20I,male,3,21.43,89.55,11.64,52.84,300,23.9
Ramandeep Singh,IPL,male,3,18.69,145.85,17.56,33.17,299,45.1
NL McCullum,T20I,male,4,11.5,100.67,9.09,42.09,299,14.4
MD Gunathilaka,Test,male,1,18.69,50.08,5.86,74.87,299,31.8
Shorna Akter,ODI,female,0,15.74,68.89,6.45,60.14,299,27.6
S Luus,Test,female,3,37.38,43.02,5.18,77.7,299,34.4
Shantanu Kaveri,T20I,male,3,14.9,80.98,4.89,48.91,298,9.5
Sohail Tanvir,PSL,male,3,16.56,107.19,11.51,39.21,298,10.0
RA Reifer,Test,male,3,22.92,40.54,5.44,78.91,298,20.9
BR Dunk,CPL,male,3,18.62,108.76,11.31,39.42,298,21.3
Mohammad Saifuddin,T20I,male,2,21.29,122.63,14.4,39.51,298,45.8
SF Tiai,T20I,male,4,15.68,115.5,15.5,48.84,298,30.9
HA Jackson,T20I,male,3,14.19,83.71,7.3,52.53,298,9.0
TAM Siriwardana,Test,male,4,33.11,65.64,9.47,72.69,298,68.1
K Doriga,T20I,male,4,12.96,102.76,9.66,46.9,298,13.6
RR Sarwan,T20I,male,4,22.92,104.2,8.74,35.66,298,34.3
Mosaddek Hossain,T20I,male,4,15.63,111.24,10.86,35.58,297,28.0
MS Chapman,PSL,male,5,37.12,158.82,20.86,25.67,297,75.5
BN Toube,T20I,male,4,16.5,98.67,14.62,55.48,297,22.9
Jasdeep Singh,ODI,male,0,12.38,70.05,6.84,58.96,297,16.5
PA Nixon,ODI,male,3,21.21,85.59,8.07,49.28,297,42.8
Mohammad Sami,Test,male,3,12.38,34.41,4.17,82.97,297,6.7
N Tanner,T20I,male,3,15.58,88.89,6.31,45.35,296,12.6
MLN Sissako,T20I,female,3,12.33,63.38,8.14,66.81,296,17.5
MS Maker,T20I,male,1,59.2,136.41,15.21,32.72,296,72.7
AS Hansra,ODI,male,2,24.58,55.98,4.93,65.84,295,15.7
A King,ODI,female,3,18.44,99.33,11.45,52.19,295,61.3
DJG Sammy,IPL,male,1,19.67,122.41,13.69,40.66,295,21.2
Y Saranonnakkun,T20I,male,3,7.76,83.33,9.32,56.21,295,6.1
AM Kimote,T20I,male,4,11.8,97.04,9.87,46.71,295,11.7
JL Jonassen,WPL,female,1,24.58,138.5,21.13,39.91,295,44.9
JM Clarke,PSL,male,1,26.82,137.21,17.67,35.81,295,44.0
Adri van der Merwe,T20I,female,3,26.82,83.1,6.76,47.89,295,45.9
Harmeet Singh,ODI,male,3,19.67,99.66,11.49,52.03,295,54.7
LC Sthalekar,Test,female,3,36.88,36.88,3.12,80.0,295,25.0
Kartik Sharma,IPL,male,3,32.78,136.57,18.52,38.89,295,55.0
NM Hauritz,ODI,male,3,21.07,95.47,8.41,42.72,295,50.7
TT Aung,T20I,female,3,12.29,59.24,5.62,62.25,295,11.8
AE Jones,Test,female,1,19.6,55.06,8.24,75.09,294,41.1
Khalid Kail,T20I,male,4,21.0,110.53,12.41,39.47,294,35.8
C Madande,ODI,male,0,19.6,72.59,7.16,56.05,294,25.3
Natalia Pervaiz,ODI,female,0,22.62,76.76,7.83,53.0,294,48.7
DC Drakes,CPL,male,1,22.62,128.95,16.67,42.54,294,47.0
L Winfield-Hill,ODI,female,0,22.62,65.77,8.28,64.43,294,36.7
Asmavia Iqbal,T20I,female,4,10.14,95.15,9.06,44.98,294,36.4
SP Goswami,IPL,male,1,14.65,99.32,11.86,44.41,293,8.2
Mirza Ahsan,T20I,male,2,18.31,148.73,18.27,37.06,293,58.4
FA Allen,T20I,male,2,14.65,136.92,19.16,45.33,293,45.6
DLS van Bunge,ODI,male,2,26.64,57.68,6.3,69.09,293,20.7
A Kano,T20I,female,3,10.46,69.6,5.23,51.78,293,13.8
BJ McCarthy,T20I,male,4,14.65,120.08,14.34,40.57,293,33.8
C Brits,ODI,female,5,58.4,71.22,4.63,58.05,292,51.5
PVD Chameera,ODI,male,2,11.68,59.71,5.11,64.01,292,7.0
P Kumar,ODI,male,3,13.9,88.22,9.67,51.06,292,43.0
A Manohar,IPL,male,1,15.37,124.26,15.74,38.72,292,24.2
Anoop Orsu,T20I,male,4,18.25,118.7,14.23,43.9,292,35.9
E Gebhard,T20I,female,0,36.5,86.14,6.78,41.89,292,54.2
JL Jonassen,Test,female,1,29.1,51.87,6.06,72.37,291,38.2
NGRP Jayasuriya,Test,male,3,8.08,33.3,3.43,81.35,291,4.1
Omar Rassol,T20I,male,4,17.12,117.81,16.6,51.82,291,34.7
KK Lin Thu,T20I,male,3,10.78,71.5,6.88,57.25,291,4.7
KK Donovan,T20I,female,4,18.19,89.54,10.15,47.08,291,47.8
Thuya Aung,T20I,male,3,10.78,58.67,5.04,62.3,291,4.2
CA Lynn,T20I,male,2,19.4,131.67,19.0,42.53,291,52.1
Mashrafe Mortaza,T20I,male,2,11.64,129.33,18.22,45.78,291,38.7
JP Duminy,CPL,male,2,32.33,136.62,15.02,28.17,291,66.6
MV Waldron,ODI,female,2,16.11,46.47,4.17,70.19,290,10.1
H Karunaratne,ODI,female,2,16.11,51.51,5.68,69.09,290,13.9
SMSM Senanayake,ODI,male,3,13.18,93.25,11.9,52.41,290,48.2
SM Kavanagh,T20I,female,3,10.74,86.31,7.44,45.83,290,28.5
Gurdeep Singh,T20I,male,2,22.31,121.34,18.83,47.28,290,49.0
D Dhingra,ODI,female,0,32.11,68.32,8.51,62.65,289,47.8
C Nunes,T20I,male,2,28.9,144.5,17.0,32.5,289,71.8
S Veerapathiran,T20I,male,4,13.76,121.94,14.77,42.62,289,33.1
CR Brathwaite,T20I,male,4,14.45,110.73,12.26,46.74,289,22.0
S Kato,T20I,female,3,14.45,77.9,7.82,52.29,289,27.4
AM Blignaut,Test,male,4,26.27,65.83,10.02,71.98,289,62.7
CPPM Sadun,T20I,male,4,18.06,92.63,8.65,45.19,289,17.6
Sahir Naqash,T20I,male,2,24.0,136.49,13.74,29.38,288,58.4
SK Springer,CPL,male,3,14.4,105.11,10.58,41.61,288,11.4
A Kheterpal,T20I,male,2,28.8,123.08,17.09,40.17,288,59.7
J Broad,T20I,male,2,41.14,119.5,12.03,29.05,288,58.9
AF Giles,ODI,male,0,22.15,75.79,6.58,51.05,288,30.7
AS Joseph,CPL,male,3,14.4,109.09,12.5,46.59,288,13.4
XC Bartlett,BBL,male,0,14.4,122.55,14.47,38.72,288,24.9
FFZ Nhaduate,T20I,male,1,35.88,155.98,26.09,46.2,287,76.6
P Aho,T20I,male,4,13.67,106.3,10.0,41.85,287,18.4
S Niyomuhoza,T20I,female,3,15.11,79.5,8.86,53.46,287,30.8
H Kaur,Test,female,1,26.09,54.88,6.69,70.17,287,43.3
BG Rogers,ODI,male,0,35.88,72.11,9.55,61.31,287,47.1
MK Tiwary,ODI,male,0,26.09,71.22,6.7,55.33,287,30.3
D Nanayakkara,T20I,female,4,11.92,108.33,17.05,47.73,286,51.1
Pooja Ganesh,T20I,female,4,15.89,101.42,9.22,36.17,286,51.2
L Tshuma,ODI,female,2,14.3,64.56,8.58,67.04,286,26.5
Y Nagar,IPL,male,1,20.36,110.04,11.2,39.0,285,15.0
HDRL Thirimanne,T20I,male,4,16.76,112.2,12.2,37.8,285,29.9
RJ Gibson,BBL,male,0,15.0,104.78,10.29,41.54,285,8.8
E Rukiriza,T20I,male,3,7.12,85.59,9.01,55.56,285,5.9
HNK Jensen,ODI,female,0,12.35,75.13,8.73,57.14,284,37.3
AM Blignaut,ODI,male,1,14.95,110.94,14.84,46.09,284,58.2
A Pusthay,T20I,male,4,12.35,92.21,9.42,47.08,284,10.1
M Theekshana,ODI,male,2,15.78,50.99,3.59,65.53,284,6.7
Mustafa Omer,T20I,male,4,25.82,118.83,13.81,45.19,284,45.5
GH Vihari,IPL,male,1,14.2,88.47,7.48,42.37,284,6.6
AJ Stewart,Test,male,1,40.57,50.9,7.89,76.7,284,58.7
Y Jalloh,T20I,male,3,12.91,87.38,8.31,48.31,284,8.5
PRCS Kumarihami,ODI,female,2,15.72,38.77,3.42,73.15,283,7.7
Khaled Mahmud,ODI,male,2,12.3,60.6,4.93,62.53,283,7.5
VVS Laxman,IPL,male,1,15.67,105.62,14.23,44.57,282,12.5
Nurul Hasan,ODI,male,3,47.0,92.76,10.53,48.03,282,75.2
I Asif,T20I,male,4,18.8,106.02,13.91,50.0,282,27.9
Kashif Daud,ODI,male,3,28.2,90.97,10.32,53.55,282,58.0
Najibullah Zadran,CPL,male,3,17.56,108.91,12.79,46.9,281,17.0
AUKDS Kalugala,T20I,male,4,15.61,116.6,17.01,53.11,281,32.5
ES Szwarczynski,ODI,male,2,25.55,60.17,6.42,65.74,281,20.1
S Samarawickrama,Test,male,4,23.42,75.13,9.89,64.71,281,64.2
A Turkmen,T20I,male,2,21.62,127.15,17.19,41.18,281,52.0
S Dhaniram,ODI,male,3,28.1,90.94,8.74,46.93,281,57.1
Rizpha Bano,T20I,female,3,14.79,84.13,11.68,55.09,281,37.6
S Chattergoon,ODI,male,2,35.12,64.16,10.27,72.15,281,42.1
MD Shanaka,CPL,male,2,56.2,193.79,28.97,31.03,281,87.6
HV Patel,IPL,male,1,8.75,117.65,13.87,42.02,280,11.5
A Ashish Reddy,IPL,male,3,18.67,145.08,16.06,30.05,280,42.6
B Evans,T20I,male,2,16.47,136.59,17.07,41.95,280,47.0
Asad Shafiq,PSL,male,0,18.67,104.87,13.48,44.19,280,8.9
M Zhu,T20I,female,3,13.33,82.35,7.06,49.41,280,27.4
SA Engelbrecht,T20I,male,2,31.11,132.7,15.64,33.18,280,66.8
Samiullah Rahmani,T20I,male,2,15.56,148.15,21.69,41.8,280,53.6
B Chipli,IPL,male,1,18.67,111.55,13.94,41.43,280,15.2
S Randiv,ODI,male,0,17.5,73.3,7.59,57.33,280,24.5
Hannan Sarkar,ODI,male,2,21.54,55.45,5.94,69.9,280,12.9
Tayyab Tahir,PSL,male,1,31.11,145.08,20.21,32.12,280,63.5
AP Devcich,PSL,male,1,28.0,135.27,18.36,36.23,280,45.3
Olipa Gerald,T20I,male,1,70.0,186.67,28.0,33.33,280,86.8
ST Finn,Test,male,3,11.16,30.97,4.0,85.13,279,4.8
OU Ranasinghe,ODI,female,2,13.29,58.86,5.91,61.39,279,17.3
NO Miller,ODI,male,0,19.93,78.59,7.61,55.21,279,31.4
Divyendra Singh,T20I,male,4,15.5,100.36,11.87,43.88,279,19.4
Abhishek Anand,T20I,male,4,15.5,112.96,15.79,50.61,279,28.7
Washington Sundar,T20I,male,2,15.5,126.82,15.91,40.45,279,40.3
Fanyan Mughal,T20I,male,4,13.29,108.56,14.4,50.97,279,22.2
LMP Simmons,Test,male,1,17.38,46.88,5.4,76.39,278,23.6
KC Brathwaite,ODI,male,2,27.8,57.56,3.11,57.35,278,22.3
P Nissanka,IPL,male,0,27.8,158.86,25.71,37.14,278,66.2
MJ Lumb,IPL,male,5,23.17,143.3,26.29,45.88,278,50.3
AJ Finch,Test,male,3,27.8,44.98,5.02,78.16,278,27.5
CN Greaves,T20I,male,4,19.86,109.45,11.42,40.16,278,31.4
AJ Tye,BBL,male,0,11.12,115.35,14.11,47.72,278,13.8
Ali Naseer,T20I,male,2,16.29,128.24,13.43,32.41,277,41.9
AC Agar,T20I,male,4,12.04,101.47,10.26,41.76,277,15.4
M Pascal,T20I,female,4,23.08,96.85,11.89,48.25,277,59.8
PBB Rajapaksa,IPL,male,3,23.08,145.03,19.37,36.65,277,50.1
S Uwera,T20I,female,3,11.54,64.27,4.18,59.4,277,9.6
MD Dai,ODI,male,0,30.78,76.52,8.56,58.29,277,43.8
D Hemalatha,T20I,female,4,16.24,111.74,14.57,44.53,276,59.9
NN Saidi,T20I,female,3,13.8,70.95,4.37,51.41,276,18.4
S Horley,ODI,female,4,69.0,79.54,9.51,51.59,276,73.4
Hassan Khan,PSL,male,1,19.71,142.27,15.98,30.93,276,34.7
CA Henry,WPL,female,1,25.0,177.42,27.74,37.42,275,64.2
Festus Benn,T20I,male,3,17.19,75.97,8.01,56.91,275,11.3
R Gaznavi,T20I,male,4,15.28,95.49,11.11,50.69,275,14.3
Virk Ali,T20I,male,4,19.64,100.73,12.82,50.92,275,25.1
M Muralitharan,Test,male,4,8.59,77.46,10.99,67.89,275,55.6
Ali Nayyer,T20I,male,2,19.64,129.11,13.15,32.86,275,46.9
TAM Siriwardana,T20I,male,2,17.19,132.21,13.46,26.44,275,45.4
Mohammad Naveed,ODI,male,1,13.75,106.59,15.12,56.2,275,51.7
Idrees Ul Haque,T20I,male,2,18.33,125.57,20.09,51.6,275,44.6
Moin Khan,ODI,male,3,27.4,87.26,7.64,46.82,274,50.4
SK Rana,T20I,female,3,12.45,71.73,6.28,54.71,274,17.4
P Cuinica,T20I,female,3,11.91,66.34,6.54,60.77,274,13.1
RGL Carters,BBL,male,0,16.12,101.48,7.41,36.67,274,12.6
R Sakurano-Thomas,T20I,male,4,12.45,94.48,5.52,40.0,274,12.3
PS Punia,ODI,female,2,27.3,56.99,6.68,66.81,273,30.7
A Vaidya,T20I,female,4,19.5,95.12,12.2,52.61,273,53.1
DT Christian,ODI,male,3,21.0,88.93,8.47,49.84,273,45.3
HJ Thomas,T20I,female,3,14.37,72.99,6.95,56.15,273,21.1
K Pooran,CPL,male,5,39.0,159.65,26.9,40.35,273,80.7
S Heath,T20I,male,1,34.12,155.11,22.16,32.95,273,81.2
SL Gomez,T20I,female,3,7.8,75.62,5.82,49.31,273,15.0
T Ruma,ODI,female,2,27.3,60.26,6.62,66.23,273,32.1
SR Harmer,Test,male,3,17.06,36.99,3.25,77.78,273,11.2
SS McKechnie,T20I,male,4,18.2,99.27,8.36,39.27,273,21.9
Umar Akmal,CPL,male,1,16.06,117.17,13.73,40.34,273,24.9
PK Garg,IPL,male,1,15.17,113.28,10.37,35.68,273,14.5
S Ismail,ODI,female,2,8.53,51.03,4.49,68.41,273,6.7
S Konstas,BBL,male,0,19.5,117.67,15.95,40.95,273,28.1
MG Bracewell,PSL,male,2,21.0,165.45,24.85,35.15,273,55.6
PWA Mulder,ODI,male,3,17.0,90.37,9.97,46.51,272,48.6
C Karunaratne,T20I,male,4,15.11,105.84,9.34,42.41,272,18.4
RR Emrit,CPL,male,1,15.11,120.89,12.44,36.44,272,25.9
BBJL Perera,T20I,male,4,24.73,109.24,14.06,45.38,272,39.9
AC Gilchrist,T20I,male,2,22.67,141.67,20.83,42.71,272,61.6
GH Worker,ODI,male,0,34.0,71.77,6.86,55.67,272,38.9
Umar Amin,ODI,male,0,18.07,69.13,7.65,60.2,271,21.1
R Ngarava,ODI,male,3,15.94,83.64,11.11,58.02,271,39.4
P Rathnayake,T20I,male,2,22.58,140.41,18.13,31.61,271,64.1
S Pandey,ODI,female,3,16.94,87.7,11.97,52.75,271,55.9
EN Gay,Test,male,1,24.64,54.31,9.22,77.96,271,48.6
FH Edwards,Test,male,3,6.95,29.62,3.61,83.93,271,2.8
MJ Guptill,IPL,male,5,22.58,137.56,19.8,44.67,271,42.6
JA Burns,T20I,male,1,45.17,138.97,18.46,35.38,271,76.6
Eman Asim,T20I,female,3,27.1,88.27,8.79,50.16,271,51.4
JW Hastings,ODI,male,1,27.1,99.27,13.55,52.01,271,64.8
R Sathish,IPL,male,1,15.88,116.88,12.12,37.66,270,14.8
RR Sharan,T20I,male,3,20.77,99.63,13.28,56.83,270,26.4
Rizwan Butt,T20I,male,4,9.64,118.42,11.84,40.35,270,24.0
LE Bosman,T20I,male,2,22.5,145.16,21.51,45.7,270,60.9
KL Cross,ODI,female,0,12.86,71.43,7.94,58.47,270,32.1
MJ Henry,ODI,male,3,10.38,93.1,11.38,55.86,270,43.7
AR Valdez,T20I,female,3,16.88,78.49,8.72,55.81,270,31.8
Muhammad Zohaib,T20I,male,4,22.5,102.66,12.55,46.01,270,30.7
L Goodall,T20I,female,2,22.5,111.11,13.58,36.63,270,69.5
T Rossi,T20I,male,4,16.88,112.97,11.72,45.61,270,24.8
M Spoors,T20I,male,2,38.43,119.56,16.0,43.56,269,58.6
Shaheen Shah Afridi,Test,male,3,7.27,42.83,6.37,81.53,269,17.0
Javed Hina,T20I,female,3,12.81,80.06,8.33,51.79,269,26.8
Lokesh Bam,T20I,male,2,17.93,147.8,23.08,44.51,269,55.4
SN Shihepo,T20I,female,3,8.15,76.42,6.25,51.7,269,14.9
ABY Smith,T20I,female,3,17.93,68.97,3.33,50.0,269,25.3
JL Jonassen,T20I,female,3,9.61,85.4,7.62,45.4,269,26.5
Sohaib Maqsood,T20I,male,4,14.11,116.52,13.48,44.35,268,26.9
CL Cairns,Test,male,0,89.33,83.49,13.08,65.42,268,85.8
M Morkel,ODI,male,0,9.24,75.71,8.76,58.76,268,25.2
G Toka,ODI,male,2,12.76,55.49,4.76,67.08,268,5.1
Qamar Mushtaque,T20I,male,4,14.11,101.13,10.57,43.77,268,16.1
MW Hill,BBL,male,5,26.8,123.5,13.82,37.33,268,39.7
R Shepherd,IPL,male,0,24.36,175.16,26.14,35.95,268,64.0
JR Philippe,PSL,male,1,24.36,151.41,20.9,27.68,268,56.1
Z Bimenyimana,T20I,male,4,8.65,120.18,13.9,50.67,268,24.1
F Kuenburg,T20I,female,0,44.67,103.08,11.54,39.23,268,72.3
DL Hemp,ODI,male,0,29.78,68.54,8.95,64.96,268,35.8
A Sutherland,T20I,female,2,13.35,140.53,18.42,28.95,267,63.8
R Abdulkareem,T20I,male,3,12.71,85.85,9.0,53.7,267,7.2
A Kolan,T20I,female,3,22.25,80.42,4.22,43.98,267,38.9
AT Carey,T20I,male,4,11.12,109.88,12.35,40.33,267,21.6
HC Brook,PSL,male,5,53.4,170.06,21.66,22.93,267,82.5
PR Stirling,PSL,male,2,26.6,166.25,28.12,38.75,266,64.6
Shamsur Rahman,ODI,male,0,29.56,76.44,9.2,58.91,266,43.1
WKD Perkins,CPL,male,3,17.73,113.19,15.74,50.21,266,23.6
H Goto,T20I,female,3,9.85,60.87,2.75,56.52,266,6.7
B Bezuidenhout,ODI,female,0,20.46,76.0,7.43,54.57,266,42.5
TA Blundell,ODI,male,3,29.56,86.64,9.77,51.47,266,56.1
S Vesawkar,T20I,male,4,24.18,99.63,10.11,41.95,266,31.1
S Shillingford,Test,male,3,13.3,42.36,6.21,82.96,266,17.7
Steven Ryan Taylor,T20I,male,2,37.86,128.02,18.36,43.0,265,66.4
AC Botha,ODI,male,0,20.38,65.43,7.41,63.21,265,18.8
NF Kelly,ODI,male,0,33.12,75.07,10.76,65.16,265,46.9
DJ Malan,BBL,male,5,26.5,113.73,12.45,35.62,265,32.0
R Baaleri,T20I,male,3,18.93,83.86,6.65,48.73,265,15.1
Rafiullah,T20I,male,2,13.95,175.5,25.83,42.38,265,54.3
Rubel Hossain,Test,male,3,9.46,43.95,6.3,80.6,265,18.3
G Motie,Test,male,4,22.08,63.4,8.37,69.38,265,56.6
Suman Ghimire,T20I,male,2,37.86,121.56,15.6,39.91,265,60.7
A Lyth,Test,male,1,20.38,50.09,7.75,79.4,265,37.1
BA Carse,ODI,male,0,17.6,80.24,7.6,53.19,264,31.3
LA Marsh,ODI,female,2,15.53,58.67,5.56,62.67,264,16.3
SJ Taylor,Test,female,1,22.0,49.35,8.04,77.76,264,33.8
AR Cusack,ODI,male,2,17.6,64.08,6.07,60.19,264,13.6
R Mutumbami,T20I,male,4,17.6,118.92,13.96,42.34,264,34.4
PBB Rajapaksa,CPL,male,5,29.33,139.68,19.58,39.68,264,68.1
MV Boucher,T20I,male,4,18.86,98.14,8.92,38.29,264,23.6
MJ Hoggard,Test,male,3,6.92,23.27,2.48,85.58,263,1.9
F Samanyika,T20I,female,3,11.95,55.02,4.39,64.64,263,8.4
Osama Mahmood,T20I,male,4,26.3,116.89,14.22,42.67,263,47.1
D Johnson,T20I,male,4,11.43,112.39,13.25,45.73,263,21.0
R Tari,T20I,male,4,13.79,103.15,7.87,40.16,262,15.9
Mehran Khan,T20I,male,4,9.7,105.22,10.44,41.77,262,15.3
Abdul-Shakoor Rahimzei,T20I,male,4,17.47,110.08,11.76,45.38,262,24.5
SZ Vayani,T20I,male,4,10.92,100.0,12.6,50.38,262,13.5
Taufeeq Umar,ODI,male,2,26.2,55.27,6.96,70.46,262,20.4
LB Ferbrache,T20I,male,4,17.47,91.29,5.92,38.33,262,18.4
M Musonda,ODI,female,0,21.83,68.59,7.33,59.69,262,35.3
KK Cooper,CPL,male,1,14.56,136.46,15.1,35.42,262,39.6
T Banton,BBL,male,4,26.2,169.03,25.81,40.65,262,64.8
K Rabada,IPL,male,1,13.1,109.62,13.39,44.77,262,8.6
D Pretorius,T20I,male,1,21.75,164.15,23.27,34.59,261,68.9
V Zimonjic,T20I,male,4,13.74,110.59,12.29,37.71,261,25.2
SA Wijeratne,T20I,male,2,21.75,121.96,18.69,43.46,261,49.1
H Hiri,T20I,male,4,21.75,103.16,11.46,44.27,261,28.5
XM Marshall,T20I,male,4,14.5,101.56,11.67,46.69,261,16.6
UDU Chandana,ODI,male,0,16.31,66.41,5.34,57.25,261,14.0
S Fouché,ODI,male,0,26.1,67.62,6.22,56.99,261,25.8
SR Hain,BBL,male,5,23.64,116.07,11.16,30.8,260,29.7
Atharva Taide,IPL,male,3,26.0,146.89,21.47,35.59,260,59.5
KH Abe,T20I,male,4,13.68,120.93,13.49,42.79,260,29.0
Mirza Baig,PSL,male,0,21.67,123.22,18.96,46.45,260,24.0
TS Rogers,BBL,male,0,18.57,115.56,12.0,39.56,260,17.3
WP Masakadza,ODI,male,0,13.0,66.33,6.38,59.69,260,12.4
A Venkatesh,T20I,male,4,20.0,107.88,10.79,36.51,260,31.5
Baseer Khan,T20I,male,4,17.27,107.02,10.33,37.19,259,25.8
Waqas Barkat,T20I,male,4,11.77,92.17,7.12,41.28,259,10.7
IJ Harvey,ODI,male,3,18.5,91.84,11.7,51.06,259,51.1
IDR Bradshaw,ODI,male,2,18.5,62.56,5.31,59.66,259,12.6
TS Kamunhukamwe,T20I,male,4,21.58,105.28,14.23,52.44,259,31.4
Rohit Kumar,T20I,male,4,18.5,116.67,18.92,50.45,259,39.2
M Kaif,IPL,male,1,14.39,103.6,11.2,44.4,259,6.8
B Evans,ODI,male,3,17.2,97.73,10.23,52.27,258,48.9
Amoluk Singh,T20I,male,4,25.8,107.5,17.08,51.67,258,43.4
SS Eskinazi,BBL,male,0,23.45,119.44,15.74,43.52,258,32.6
DEM Carter,ODI,female,0,25.8,72.47,8.99,61.24,258,47.7
AJ Bichel,ODI,male,3,32.25,89.9,8.71,47.74,258,59.4
Yasar Haroon,T20I,male,3,14.33,84.04,10.1,55.05,258,9.3
Lucas Rossi,T20I,male,4,16.12,97.36,10.57,49.06,258,15.0
JE Taylor,ODI,male,3,8.32,87.16,11.49,57.43,258,38.8
Azhar Andani,T20I,male,4,25.8,106.61,12.81,43.39,258,38.3
Nasrulla Rana,T20I,male,4,11.17,115.77,13.51,43.24,257,24.2
JT Smuts,T20I,male,4,13.53,108.9,15.68,50.0,257,24.2
K Shrestha,T20I,female,3,10.28,74.93,7.29,57.73,257,15.3
AB Kaur,ODI,female,3,21.42,77.18,7.51,49.85,257,47.3
ASF Sirah,T20I,male,2,15.12,120.09,15.89,40.19,257,35.7
S Ecclestone,Test,female,1,19.77,46.56,5.8,75.54,257,23.9
G Wetherall,T20I,female,4,17.13,112.23,16.16,50.22,257,59.3
CB Wishart,Test,male,1,25.7,51.5,7.62,77.76,257,43.5
I Udana,T20I,male,2,18.29,137.63,16.13,38.17,256,50.1
DBL Powell,Test,male,3,9.85,37.93,5.19,79.85,256,9.1
A Brindle,T20I,female,4,19.69,97.71,4.96,33.21,256,48.2
M Smit,T20I,female,1,42.67,136.17,17.02,28.72,256,84.5
RRS Cornwall,Test,male,4,19.69,60.38,9.2,71.7,256,53.2
R Gunasekera,ODI,male,2,19.62,57.56,5.19,66.82,255,10.4
SL Malinga,Test,male,1,14.17,47.57,7.46,79.1,255,29.7
SE Marsh,T20I,male,4,18.21,102.82,10.08,42.34,255,21.9
L Keny,T20I,female,3,9.11,67.46,3.7,51.85,255,9.4
C Kellaway,BBL,male,5,18.21,123.19,14.01,34.3,255,30.8
L Wolvaardt,Test,female,3,31.88,40.67,5.58,80.54,255,25.3
J Martins,T20I,male,2,21.25,122.01,14.35,40.67,255,43.1
AA Patil,T20I,female,4,15.0,106.25,11.25,37.92,255,53.1
KJ Garth,ODI,female,2,16.93,55.95,4.41,61.67,254,15.6
BJ Curran,Test,male,1,23.09,48.11,5.49,74.62,254,30.8
S Choden,T20I,female,3,10.58,57.86,2.73,56.49,254,7.0
BB Chari,Test,male,3,18.14,39.56,4.98,81.0,254,13.6
Kashif Siddique,T20I,male,2,23.09,138.04,24.46,45.11,254,60.6
NMS Param,T20I,male,2,28.22,126.37,13.93,31.34,254,58.3
CMW Read,Test,male,1,28.22,46.18,5.27,75.27,254,31.6
JM Anderson,ODI,male,2,7.7,51.0,4.42,67.67,254,2.7
JM Cox,Test,male,4,42.33,64.14,9.34,69.7,254,75.4
Jordan O'Brien,T20I,male,4,11.5,106.3,12.61,44.54,253,17.6
Khizar Hayat,T20I,male,4,14.06,96.93,7.66,34.48,253,17.6
Ameer Saiyed,T20I,male,4,14.88,95.11,9.02,46.99,253,11.7
Yasin Patel,T20I,male,4,15.81,88.15,6.27,42.16,253,13.4
Sayed Monib,T20I,male,1,14.88,182.01,25.9,30.94,253,60.3
Taskin Ahmed,ODI,male,2,7.91,59.81,6.38,66.67,253,7.0
RMMP Rathnayake,Test,male,1,28.0,57.01,6.79,72.4,252,51.4
JL Gunn,Test,female,3,31.5,33.33,3.44,81.48,252,14.5
CD McMillan,Test,male,1,42.0,54.31,6.68,71.77,252,60.4
S Sreesanth,Test,male,1,9.33,52.07,7.85,77.07,252,34.5
P Khadka,ODI,male,0,36.0,81.82,11.69,61.36,252,56.9
Sohail Khan,Test,male,4,25.2,76.83,12.8,71.95,252,63.8
NM Coulter-Nile,ODI,male,3,16.8,96.18,9.92,47.33,252,50.0
CP Rizwan,T20I,male,2,25.2,112.5,11.16,32.14,252,42.9
S Tippoch,T20I,female,3,10.08,67.92,5.12,55.53,252,10.0
M Jansen,T20I,male,2,18.0,144.0,20.0,43.43,252,52.8
JP Duminy,PSL,male,3,35.86,100.8,12.05,43.37,251,29.7
J Avendano,BBL,male,0,14.76,112.56,13.9,47.09,251,14.4
Manjural Islam Rana,ODI,male,2,25.1,54.92,3.72,64.55,251,14.6
JNT Seales,Test,male,3,8.37,40.42,4.51,80.19,251,7.6
BR McDermott,CPL,male,0,22.82,141.01,23.03,48.31,251,57.8
KO Otieno,ODI,male,2,13.89,43.78,5.78,76.01,250,5.4
KS Ahuja,WPL,female,0,13.89,125.0,16.5,36.5,250,20.8
FA Cossa,T20I,male,4,25.0,112.61,16.67,53.6,250,43.1
Tushar Imran,ODI,male,2,11.9,54.35,6.09,69.35,250,5.7
DA Marillier,ODI,male,0,24.9,71.14,7.14,57.14,249,27.6
RV Uthappa,T20I,male,2,24.9,118.01,15.17,41.23,249,47.5
NJ Carey,ODI,female,1,41.5,113.18,10.45,31.82,249,79.8
FG Kemp,ODI,female,1,27.67,107.33,11.64,41.38,249,72.2
Amjad Ali,ODI,male,0,24.9,66.4,8.8,66.13,249,27.8
K Mirpuri,T20I,male,0,35.57,100.4,8.47,32.66,249,43.5
Aminuddin Ramly,T20I,male,2,16.6,149.1,17.96,32.93,249,55.6
Harpreet Brar,IPL,male,1,20.75,120.87,14.56,40.29,249,22.3
SH Venugopal,T20I,male,4,22.64,107.79,9.09,35.06,249,34.2
M Raikes,T20I,male,1,41.33,154.04,21.74,31.06,248,82.8
Muhammad Siddiqui,T20I,male,4,22.55,119.23,17.31,49.52,248,44.3
AI Chudasama,T20I,female,4,16.53,91.51,8.86,43.54,248,43.8
J Yadav,Test,male,3,31.0,43.13,5.39,77.22,248,30.4
SR Clark,Test,male,4,13.05,70.06,7.91,68.36,248,51.2
JS Malhotra,T20I,male,2,19.08,116.43,12.68,35.21,248,36.9
B Bezuidenhout,T20I,female,4,11.76,101.23,13.11,47.95,247,43.7
D Muhumuza,T20I,male,4,20.58,99.6,11.29,46.37,247,23.7
J Hermann,ODI,male,1,82.33,118.18,17.22,47.85,247,84.8
J Glasgow,T20I,female,4,19.0,101.65,10.7,43.21,247,56.8
D Uwimana,T20I,male,4,20.58,113.3,14.22,48.17,247,33.4
Wasim Ali,T20I,male,2,19.0,125.38,15.23,36.55,247,45.0
K Gowtham,IPL,male,3,13.72,166.89,21.62,33.78,247,51.3
P Sabu,T20I,female,3,15.44,86.67,7.72,50.18,247,33.6
D Panda,T20I,male,4,20.5,111.31,9.95,38.46,246,30.8
Mohammad Sami,ODI,male,0,15.38,68.91,5.6,57.7,246,14.4
J Ramanandi,ODI,male,3,27.33,83.67,9.18,52.04,246,49.9
Abhishek Ahuja,T20I,male,4,20.5,113.89,13.43,43.06,246,34.3
A Ostergaard,T20I,female,3,20.42,82.21,10.4,55.7,245,42.4
AD Mascarenhas,ODI,male,3,22.27,95.33,9.73,50.19,245,52.2
C Bosch,Test,male,0,61.25,76.8,10.03,59.25,245,83.8
Yves Cyusa,T20I,male,3,11.14,83.33,9.18,53.74,245,5.2
Sufyan Mehmood,T20I,male,3,16.33,78.27,6.71,46.96,245,10.5
Ali Nawaz,T20I,male,4,15.31,112.9,10.6,42.4,245,21.7
C Mahamalage,T20I,female,3,12.89,63.47,4.92,57.77,245,12.5
MD Bell,Test,male,1,30.62,48.04,8.24,78.63,245,45.9
Awais Ahmed,T20I,male,4,17.43,111.42,15.53,47.03,244,30.3
AT Nidamanuru,T20I,male,4,12.84,108.44,10.22,43.56,244,16.2
T Suri,T20I,male,2,22.18,117.87,14.98,40.58,244,43.0
AA Rahayu,T20I,male,4,16.27,93.85,10.38,49.62,244,13.5
SM Davies,ODI,male,1,30.5,105.63,15.58,51.08,244,70.3
GA Elwiss,ODI,female,0,22.18,76.01,7.48,53.89,244,44.7
Shuvagata Hom,Test,male,1,22.18,55.84,6.64,68.88,244,46.4
AIV Benatar,T20I,female,3,27.0,82.09,6.76,48.65,243,43.3
AR Odedara,ODI,male,2,27.0,52.37,6.25,72.41,243,19.0
S Houghton,T20I,male,3,13.5,79.15,8.47,56.68,243,5.9
S Foster,T20I,male,4,17.36,92.75,7.25,43.13,243,15.4
Shakeel Ahmed,T20I,male,4,13.5,96.05,9.88,46.64,243,11.0
Kuldeep Yadav,Test,male,3,12.15,26.56,2.73,84.15,243,3.6
Amir Zaib,T20I,male,2,18.69,126.56,14.58,35.94,243,44.3
ML Udawatte,ODI,male,0,30.38,68.84,7.37,60.06,243,32.5
Karri Gullem Keen,T20I,female,3,16.2,82.09,11.15,56.08,243,35.8
IS Sodhi,T20I,male,4,8.68,108.97,11.66,45.29,243,15.7
Harmeet Singh,T20I,male,2,15.12,145.78,16.87,34.34,242,50.3
C Tommy,T20I,male,4,14.24,93.44,8.49,45.17,242,10.9
Khalid Ahmadi,T20I,male,1,18.62,174.1,25.9,35.97,242,63.6
PL Mommsen,T20I,male,2,34.57,131.52,15.22,34.78,242,65.7
M Veringmeier,T20I,female,2,24.2,111.52,12.9,34.1,242,70.1
P Maziya,T20I,female,3,10.52,56.54,4.21,61.45,242,6.1
JN Malan,T20I,male,2,21.91,129.57,19.35,43.55,241,52.9
LMM Tahuhu,T20I,female,4,11.48,111.57,12.04,41.67,241,48.3
Aaftab Alam Khan,T20I,male,2,15.06,124.23,14.95,39.69,241,35.8
GSNFG Jayasuriya,T20I,male,4,15.06,108.56,12.61,41.89,241,23.0
UT Khawaja,T20I,male,2,26.78,132.42,19.78,38.46,241,64.5
S Sajana,WPL,female,1,17.21,140.94,23.98,42.69,241,43.9
SM Katich,IPL,male,5,24.1,129.57,18.28,43.01,241,37.2
Junaid Siddique,T20I,male,2,16.0,133.33,17.78,42.22,240,44.5
D Sabir,T20I,male,4,14.12,114.83,11.96,35.89,240,27.3
D Ferreira,T20I,male,2,18.46,155.84,19.48,35.06,240,59.7
Amjad Javed,T20I,male,4,21.82,111.11,12.5,46.3,240,31.8
Mohammad Abbas,Test,male,3,8.57,26.46,3.75,87.98,240,2.3
J Overton,ODI,male,1,26.67,111.11,17.13,52.31,240,65.8
Sandeep Goud,T20I,male,3,9.6,80.81,7.07,52.86,240,3.2
J Glasgow,ODI,female,0,17.14,75.71,10.73,61.51,240,43.7
RR Watson,ODI,male,0,26.56,71.13,10.12,66.96,239,35.7
IA Cockbain,BBL,male,1,59.75,141.42,16.57,27.22,239,76.3
Natalia Pervaiz,T20I,female,4,10.39,91.22,9.92,45.8,239,33.8
E Claridge,T20I,female,2,18.38,117.73,15.27,39.9,239,65.9
Marina Iqbal,T20I,female,3,15.87,80.13,8.42,51.52,238,31.1
F Suluoto,T20I,male,3,12.53,96.36,10.93,52.63,238,9.5
J Miyaji,T20I,male,4,9.92,106.25,8.93,41.07,238,13.8
AJ Nair,BBL,male,5,19.83,118.41,10.45,33.33,238,23.5
BCJ Cutting,IPL,male,0,21.64,168.79,24.11,37.59,238,56.1
J Campbell,T20I,male,2,21.64,123.96,14.06,40.62,238,43.7
SC Getkate,T20I,male,4,13.22,114.98,10.63,34.78,238,24.5
Musa Ahmed,ODI,male,2,18.31,64.15,6.2,63.07,238,12.6
DC Thomas,ODI,male,0,14.0,65.38,5.77,58.24,238,11.2
Amjad Javed,ODI,male,3,21.64,92.25,13.95,62.02,238,49.5
C Dickson,T20I,male,4,17.0,95.58,8.03,42.97,238,15.5
R Rijke,ODI,female,0,18.31,73.01,7.67,57.98,238,37.3
A Dirannehelage,T20I,female,3,18.31,67.81,7.98,55.56,238,28.5
J Byrappa,T20I,male,4,23.8,104.85,11.01,48.02,238,29.1
DJ Willey,BBL,male,0,13.94,110.75,11.21,41.59,237,8.0
Khalid Latif,T20I,male,4,23.7,105.33,13.78,46.22,237,34.4
MPP San,T20I,female,3,9.12,60.61,4.86,61.64,237,5.1
MD Mishra,IPL,male,1,14.81,113.94,15.38,46.63,237,14.1
O Batisani,T20I,female,3,16.93,74.76,9.15,59.94,237,29.4
Mohamed Arief,T20I,male,2,21.55,122.8,16.06,37.31,237,48.5
Khurram Khan,ODI,male,0,26.33,76.21,8.04,54.66,237,37.8
DW Lawrence,BBL,male,2,21.55,128.8,17.39,39.67,237,41.3
HN Ya France,ODI,male,3,26.33,84.95,10.04,55.56,237,49.2
DJ Harris,BBL,male,0,18.23,102.16,12.07,49.14,237,10.7
DE Budge,ODI,male,0,23.7,78.22,5.94,49.5,237,32.4
RE Levi,T20I,male,2,21.45,141.32,20.96,44.91,236,56.7
GJ Hopkins,ODI,male,0,14.75,75.88,6.75,51.77,236,24.1
YK Pathan,T20I,male,2,18.15,146.58,17.39,35.4,236,55.2
PA Chatterji,ODI,female,0,16.86,64.66,5.48,58.36,236,21.9
D Saxena,T20I,female,4,39.33,91.83,9.73,47.47,236,59.0
Izaz Ali,T20I,male,2,15.67,127.72,17.39,44.57,235,39.3
Jakir Patel,T20I,male,4,16.79,112.98,14.42,43.27,235,29.5
LG Pretorius,Test,male,0,78.33,92.89,9.88,50.99,235,84.3
R Immadi,T20I,female,3,10.22,76.3,4.87,46.75,235,16.3
DA Miller,PSL,male,1,29.38,144.17,17.79,30.06,235,55.1
AJ Turner,PSL,male,5,26.11,169.06,19.42,20.86,235,62.2
KU Carty,Test,male,3,16.79,45.81,4.68,77.97,235,17.7
Nahida Akter,ODI,female,2,8.1,44.17,4.32,72.37,235,3.5
J Botha,T20I,male,4,18.0,118.18,14.14,39.39,234,35.4
Abid Ali,ODI,male,3,39.0,93.6,11.6,51.6,234,70.8
JP Bray,ODI,male,2,26.0,63.76,7.36,64.85,234,23.0
BF Mailata,T20I,male,4,19.5,97.5,11.67,51.67,234,20.4
WG Jacks,Test,male,1,21.27,51.66,5.08,70.2,234,33.6
IG Sharp,T20I,female,2,26.0,127.17,15.76,31.52,234,76.9
NFI McCallum,ODI,male,2,29.12,66.01,7.65,66.57,233,28.5
K Birkenstock,ODI,male,2,15.53,54.69,5.87,67.61,233,7.0
AM Tribe,ODI,male,4,77.67,75.4,7.12,55.99,233,49.1
MT Renshaw,T20I,male,2,38.83,125.95,10.27,26.49,233,57.4
C de Lange,ODI,female,2,16.64,49.36,3.81,68.64,233,9.3
A Oxley,T20I,male,4,33.29,87.59,6.39,43.23,233,33.0
GT Taylor,T20I,male,3,12.89,81.12,10.84,59.09,232,7.0
Umair Qasim,T20I,male,4,12.21,97.89,11.81,50.21,232,11.3
J Tuffin,T20I,male,4,16.57,96.27,7.05,40.25,232,16.0
A Mohammed,ODI,female,2,9.67,41.35,4.1,73.98,232,2.9
TL Best,Test,male,4,14.5,64.62,10.31,71.87,232,52.7
RR Rossouw,BBL,male,5,17.85,126.09,15.76,36.41,232,34.2
Salma Khatun,ODI,female,2,14.5,51.56,3.78,66.0,232,8.5
I Chuma,T20I,female,3,8.92,65.72,5.67,56.66,232,7.2
C de Grandhomme,CPL,male,5,29.0,150.65,20.78,36.36,232,73.5
C de Grandhomme,BBL,male,5,19.33,140.61,16.97,30.3,232,53.0
JM Fields,Test,female,5,77.33,56.72,8.56,73.11,232,70.3
HMD Rasangika,ODI,female,2,29.0,60.73,8.12,67.28,232,38.0
Danish Kaneria,Test,male,1,7.22,50.66,6.58,76.75,231,27.9
Shahil Momin,T20I,male,4,19.25,92.03,5.98,39.44,231,19.6
Mohamed Azzam,T20I,male,3,8.56,73.1,4.75,50.95,231,2.3
NY McLean,ODI,female,2,17.77,65.62,8.81,67.05,231,30.0
Khadija Khalil,T20I,female,3,7.0,61.44,2.93,55.59,231,4.6
VE Tembo,T20I,male,4,15.4,119.07,17.01,48.97,231,32.0
IR Bell,BBL,male,5,33.0,126.92,13.74,32.97,231,53.2
BAD Manenti,T20I,male,2,23.1,144.38,20.0,35.62,231,64.9
P Murungi,T20I,male,4,13.59,117.26,14.72,46.7,231,26.1
B Muzarabani,Test,male,1,11.55,53.97,8.18,76.64,231,37.9
MM English,ODI,male,0,46.0,70.55,6.44,56.44,230,42.4
E Kuncova,T20I,female,3,12.78,61.5,2.41,52.41,230,12.1
IY Mckeon,T20I,female,4,23.0,111.11,16.91,53.14,230,64.7
STR Binny,ODI,male,3,28.75,93.5,11.38,49.59,230,62.1
KADA Kanchana,ODI,female,2,13.53,56.51,4.67,63.64,230,11.2
DP Hyatt,CPL,male,3,19.17,85.19,8.89,49.63,230,11.4
R Escobar,T20I,male,3,23.0,76.67,4.33,45.67,230,20.3
RAS Lakmal,ODI,male,2,8.81,58.57,4.86,61.89,229,4.9
ST Gabriel,Test,male,3,4.24,34.7,5.15,85.0,229,5.2
E Solomon,T20I,male,2,38.17,109.57,11.48,35.89,229,49.2
LE Plunkett,Test,male,1,17.62,50.33,6.81,74.51,229,35.6
Muhammad Nadir,T20I,male,3,10.9,85.45,10.82,56.34,229,6.1
K Fraser,ODI,female,0,28.62,76.85,7.72,55.37,229,51.9
CNIM Joyce,ODI,female,2,28.5,48.2,6.13,74.0,228,24.4
B Ito-Davis,T20I,male,4,15.2,110.68,8.74,33.5,228,23.3
RD Gaikwad,ODI,male,3,28.5,89.76,11.81,52.76,228,59.0
SIR Dunkley,Test,female,1,25.33,53.9,7.57,73.52,228,37.4
AA Jangoo,ODI,male,3,38.0,81.43,5.71,45.0,228,50.1
NRJ Croes,T20I,male,2,22.8,131.79,13.29,26.59,228,52.0
C Potgieter,T20I,male,2,22.8,125.97,16.02,44.2,228,47.1
Z James,ODI,female,2,10.36,46.72,4.71,73.77,228,4.6
TM Dowlin,ODI,male,0,25.33,65.52,6.03,57.47,228,21.8
AJ Redmond,Test,male,3,17.46,42.75,6.78,80.23,227,23.4
Nayeem Hasan,Test,male,3,14.19,40.46,3.57,74.69,227,12.6
Mohammad Rizwan,CPL,male,2,56.75,127.53,15.17,37.08,227,60.7
Z Kamara,T20I,female,3,12.61,82.85,7.66,53.65,227,24.1
N Caruana,T20I,female,3,28.38,66.57,1.76,45.75,227,35.5
D Njoroge,T20I,female,4,32.43,93.03,9.43,45.9,227,59.1
Khurram Nawaz,T20I,male,2,20.64,119.47,14.21,38.42,227,40.8
Devender Singh,T20I,male,4,18.92,103.65,10.96,44.29,227,22.2
I Udana,ODI,male,3,17.46,99.56,11.84,52.63,227,51.5
Taskin Ahmed,T20I,male,4,10.81,104.13,12.84,49.54,227,14.0
JM Kerr,T20I,female,4,13.35,110.19,11.65,36.41,227,52.0
AM Samad,ODI,male,2,25.11,61.25,6.5,65.31,226,18.3
WP Masakadza,T20I,male,4,8.37,91.5,8.1,43.32,226,7.1
Zeeshan Ashraf,PSL,male,0,16.14,125.56,18.33,42.22,226,20.0
Jahurul Islam,ODI,male,0,22.6,70.85,7.52,59.56,226,24.4
MA Baig,T20I,male,4,32.29,88.28,8.59,46.48,226,31.5
RM Ghosh,Test,female,4,37.5,67.57,11.11,69.07,225,70.0
DAS Gunaratne,T20I,male,2,25.0,126.4,14.04,30.9,225,53.9
Asmavia Iqbal,ODI,female,2,13.24,54.35,5.56,66.43,225,10.1
Rameesha Shahid,T20I,female,4,14.06,90.0,7.6,44.8,225,34.6
MN van Wyk,T20I,male,1,37.5,143.31,21.02,42.68,225,72.8
H Davids,CPL,male,3,17.31,106.13,10.38,39.62,225,15.0
F Eseigbe,T20I,female,3,9.38,49.67,2.65,63.58,225,2.9
Mohammed Shami,ODI,male,0,8.0,82.66,9.59,55.35,224,33.1
MW Forde,ODI,male,1,16.0,113.71,15.74,52.79,224,54.6
Mahmud Jasat,T20I,male,3,14.0,72.96,5.21,53.09,224,4.9
MS Wade,PSL,male,3,28.0,121.08,17.3,38.92,224,32.8
T Duffin,ODI,male,2,24.89,47.36,5.07,71.46,224,13.1
F Overdijk,ODI,female,2,20.36,49.12,3.29,65.57,224,12.8
L Tshuma,T20I,female,3,8.96,88.19,10.24,53.94,224,26.4
SKDT Madusanka,T20I,male,3,22.4,89.96,12.85,57.03,224,24.5
J Weatherald,Test,male,4,20.36,68.29,10.98,68.6,224,59.1
Hussain Talat,ODI,male,3,28.0,80.58,7.55,48.56,224,43.9
G Thakur,T20I,male,2,22.4,121.08,16.22,44.86,224,44.1
IS Billcliff,ODI,male,2,22.3,57.92,6.49,67.27,223,14.0
BR McDermott,ODI,male,0,44.6,80.22,8.63,56.47,223,55.2
S Maduranga,T20I,male,3,17.15,76.9,8.62,56.55,223,9.7
K Arua,T20I,female,3,22.3,75.08,5.72,52.19,223,32.4
YH Bhatia,Test,female,4,31.86,66.37,9.23,64.58,223,60.2
ASS Fletcher,T20I,female,3,7.96,85.77,7.31,45.38,223,23.1
D Cleaver,T20I,male,2,22.2,134.55,18.18,38.79,222,56.3
Akhil Anil,T20I,male,4,13.88,115.62,14.06,43.75,222,25.7
A Shahi,T20I,male,2,13.88,147.02,19.87,44.37,222,46.4
A Kontopirakis,T20I,female,3,18.5,93.28,9.66,51.26,222,45.1
Nasibullah Arab,T20I,male,1,22.2,169.47,29.01,42.75,222,64.4
FL Mackay,T20I,female,4,22.2,96.94,10.92,42.79,222,57.8
CN Onwuzulike,T20I,male,4,13.88,101.37,11.42,47.49,222,13.5
A Chopra,Test,male,3,27.62,32.99,4.03,83.73,221,15.8
ZP Ikiua,T20I,female,3,18.42,84.03,10.65,56.65,221,39.1
CT Dhururu,ODI,female,2,13.81,42.58,4.05,74.18,221,4.6
D Ruynekova,T20I,female,3,13.0,65.0,5.88,57.35,221,13.0
J Mubarak,T20I,male,2,22.1,130.77,15.98,33.73,221,54.1
C Chukwuonye,T20I,female,3,9.61,73.67,7.67,60.0,221,13.2
Rishad Hossain,T20I,male,4,8.5,122.1,16.02,46.96,221,27.8
Mohammad Nabi,IPL,male,3,13.0,145.39,19.74,36.18,221,41.4
DAJ Bracewell,ODI,male,3,18.42,80.66,7.66,50.36,221,33.2
Delawar Khan,T20I,male,2,15.79,133.94,15.76,41.21,221,41.1
KS Bharat,Test,male,1,20.09,53.0,6.0,72.66,221,36.1
Nafees Iqbal,Test,male,3,18.42,42.58,5.97,79.0,221,19.9
SB Dubey,IPL,male,3,22.0,153.85,20.98,32.87,220,56.6
Rony Talukdar,T20I,male,2,24.44,137.5,18.75,37.5,220,62.4
EL Watson,T20I,female,3,10.48,70.74,6.11,54.98,220,11.4
DA Warner,CPL,male,1,31.43,111.68,11.68,37.06,220,41.4
Hadisullah Tarakhel,T20I,male,1,31.43,180.33,31.97,42.62,220,75.1
AB McDonald,BBL,male,0,21.9,112.89,10.31,38.14,219,18.3
DR Chumney,ODI,male,0,21.9,66.97,7.65,63.61,219,20.6
M Louis,CPL,male,0,21.9,133.54,18.9,45.73,219,50.2
Theertha Satish,ODI,female,2,31.29,60.66,6.37,62.05,219,34.5
MK Amusa,T20I,female,3,15.64,64.99,5.93,61.42,219,16.4
AY Patel,Test,male,3,11.53,38.09,4.7,81.04,219,7.3
E Thelander,T20I,female,3,16.85,78.21,5.71,50.36,219,26.1
E Mathew,T20I,male,4,11.53,92.8,7.2,44.92,219,7.0
P Mustard,ODI,male,3,24.33,92.41,12.66,54.85,219,54.5
Asim Kamal,Test,male,1,54.75,48.34,7.95,78.59,219,57.7
Ali Farasat,T20I,male,4,12.17,118.38,12.97,43.24,219,23.3
A Dutt,ODI,male,2,6.84,58.71,4.83,64.61,219,3.6
UWMBCA Welegedara,Test,male,1,9.08,51.54,8.27,78.72,218,33.3
PM Seelaar,ODI,male,2,11.47,59.89,6.32,66.48,218,6.6
K Goel,IPL,male,1,14.53,94.37,11.26,52.81,218,4.7
S Cotter,T20I,male,4,16.77,97.76,12.11,48.88,218,16.6
BJ Hodge,Test,male,1,36.33,49.89,6.86,75.06,218,50.1
AK Sah,T20I,male,4,16.77,119.78,17.03,52.75,218,33.3
DK Anefie,T20I,male,4,12.11,116.58,10.7,42.25,218,19.6
SSJ Brooks,T20I,male,4,19.82,102.83,12.26,51.42,218,22.6
P Rathnayake,ODI,male,3,43.6,91.6,8.4,42.02,218,67.4
Natim Hassam,T20I,male,2,31.14,111.79,12.31,37.44,218,46.5
AB de Villiers,PSL,male,5,54.5,128.99,14.2,28.99,218,50.0
Saeed Anwar,ODI,male,5,54.5,71.95,6.6,58.09,218,43.4
DG Blampied,T20I,male,4,15.57,94.37,5.19,35.93,218,15.9
Simi Singh,T20I,male,4,9.91,105.31,9.66,35.27,218,16.6
Shoaib Akhtar,ODI,male,0,8.68,88.21,9.76,58.94,217,34.9
Aamer Jamal,PSL,male,0,18.08,141.83,20.26,39.22,217,35.4
SF Mire,T20I,male,2,36.17,127.65,17.06,45.88,217,60.4
R Mutumbami,Test,male,1,19.73,47.38,6.55,77.73,217,29.3
MS Panesar,Test,male,3,4.82,29.93,3.31,84.55,217,1.2
GJ Delany,ODI,male,3,18.08,97.75,11.71,49.55,217,52.5
RS Glen,T20I,female,4,12.76,103.33,11.43,48.1,217,43.8
AA Jhunjhunwala,IPL,male,1,16.69,103.33,11.43,42.38,217,8.4
Kamran Akmal,CPL,male,3,15.5,110.15,14.21,44.67,217,17.4
ARA Chambers,T20I,male,4,18.0,93.51,11.26,46.32,216,17.1
TT Bresnan,T20I,male,2,16.62,127.06,12.94,32.94,216,38.2
F Tunnicliffe,T20I,female,4,18.0,95.15,11.45,49.34,216,49.1
R Poddar,T20I,female,3,12.0,79.7,6.64,48.71,216,20.6
T Marumani,ODI,male,2,15.43,67.5,8.12,66.25,216,17.0
D Parashar,T20I,male,4,19.64,108.0,8.5,32.5,216,28.7
Iram Javed,ODI,female,2,12.0,58.54,7.59,68.02,216,17.0
MP Ainsworth,T20I,male,3,15.43,79.12,5.49,47.25,216,7.6
Ali Saleem,T20I,male,4,19.64,121.35,14.04,43.26,216,36.6
K Nestor,T20I,male,3,10.29,92.7,11.16,53.22,216,7.0
TA Boult,ODI,male,0,9.0,77.42,9.68,61.29,216,26.2
EMDY Munaweera,T20I,male,2,17.92,131.1,19.51,45.12,215,45.4
Vinay Ravi,T20I,male,4,10.75,104.37,11.17,46.6,215,11.8
Adeeb Usmani,T20I,male,1,71.67,164.12,21.37,32.06,215,82.3
JM Fields,ODI,female,0,30.71,65.95,6.13,56.44,215,38.8
N Boje,ODI,male,1,43.0,101.9,11.85,44.55,215,77.6
Shamyl Hussain,PSL,male,1,23.89,146.26,19.73,34.69,215,47.3
I Pandey,ODI,male,0,26.88,70.26,6.54,57.19,215,27.4
Atif Rasheed,T20I,male,4,14.33,119.44,12.22,43.33,215,24.5
B Etim,T20I,female,3,12.65,69.58,7.44,60.84,215,15.6
Asghar Ali Khan,T20I,male,1,35.83,160.45,22.39,31.34,215,80.8
LOB Cann,ODI,male,1,21.4,124.42,19.19,51.74,214,59.9
DL Piedt,Test,male,3,15.29,34.57,3.72,81.74,214,6.4
SP Narine,PSL,male,2,16.46,164.62,24.62,40.0,214,46.8
P Suanchuai,T20I,male,3,10.19,69.48,6.82,59.09,214,1.5
S Prasanna,T20I,male,2,15.29,132.92,16.15,40.99,214,40.4
KTK Rodrigo,T20I,male,4,19.45,92.64,10.82,48.48,214,17.8
C Uwamahoro,T20I,female,3,13.38,84.92,9.13,55.16,214,28.8
S Ecclestone,WPL,female,0,10.19,108.08,13.13,43.43,214,5.3
CN Kakuru,T20I,male,4,10.7,100.47,10.33,46.48,214,9.3
S Khurana,T20I,female,4,16.46,100.0,10.28,39.25,214,49.8
HV Mandhyan,T20I,male,4,13.38,96.83,9.95,47.51,214,9.3
N Hussain,ODI,male,0,19.36,66.36,4.67,55.45,213,15.2
D Demic,T20I,female,4,23.67,97.26,13.7,45.21,213,61.2
BAW Mendis,Test,male,1,16.38,46.81,5.71,75.6,213,23.7
N Khanna,T20I,male,2,15.21,132.3,17.39,36.65,213,44.5
Saad Baig,PSL,male,0,17.75,126.04,20.71,42.6,213,24.9
FH Allen,PSL,male,2,23.67,171.77,29.03,39.52,213,56.4
D Heyliger,ODI,male,3,14.2,95.95,11.71,52.7,213,47.5
S Meghana,T20I,female,4,21.3,103.9,16.1,49.76,213,61.1
A Lister,ODI,female,3,23.67,84.86,11.16,51.0,213,60.0
Saif Hassan,ODI,male,0,21.3,80.99,11.41,62.74,213,38.1
Sachin Mandy,T20I,male,4,11.16,104.43,12.81,50.25,212,13.5
DR Gibson,T20I,female,2,16.31,130.06,19.63,36.2,212,65.8
Hamid Safi,T20I,male,2,19.18,146.53,20.14,50.0,211,51.4
S Samarawickrama,T20I,male,4,16.23,103.43,11.76,38.24,211,22.1
SV Carlisle,Test,male,3,23.44,39.0,5.36,81.15,211,17.2
DJM Short,ODI,male,3,30.14,78.44,6.32,47.58,211,41.2
Khalid Zahid,T20I,male,2,13.19,141.61,16.78,32.89,211,46.0
ZL Win,T20I,female,3,9.17,77.86,7.38,52.77,211,15.3
Shafiul Islam,Test,male,1,10.55,48.06,7.74,81.55,211,26.7
CA Ingram,T20I,male,2,26.25,129.63,18.52,40.74,210,59.0
Kamran Ghulam,ODI,male,1,30.0,99.06,13.21,52.83,210,65.2
IE O'Brien,Test,male,3,7.78,39.33,5.43,82.58,210,7.9
J Pandey,T20I,female,3,19.09,83.33,8.33,50.0,210,38.3
KD Mills,Test,male,3,13.12,39.85,5.69,81.59,210,12.2
RS Williams,T20I,female,3,10.5,82.03,9.38,51.95,210,23.6
Kuldeep Yadav,IPL,male,1,11.67,83.0,8.3,49.8,210,1.8
ZXM Vukusic,T20I,male,2,26.25,130.43,16.15,37.89,210,57.7
R Dhawan,IPL,male,1,19.09,112.3,13.37,44.92,210,12.0
IS Sodhi,ODI,male,0,9.55,72.66,6.23,56.4,210,15.0
TK Musakanda,ODI,male,3,23.33,90.13,11.16,55.36,210,49.5
N Gwanzura,T20I,female,3,8.75,96.77,12.44,53.46,210,33.7
Haris Sohail,T20I,male,4,19.09,102.94,9.31,39.71,210,22.3
NG Smith,Test,male,1,17.5,52.63,6.77,73.43,210,37.4
CJ Delany,T20I,male,4,26.25,108.81,11.92,44.56,210,35.8
M McColl,ODI,female,3,19.0,83.27,8.76,52.19,209,48.2
C Sutthiruang,ODI,female,0,14.93,72.57,9.72,62.15,209,35.1
W Maximo,T20I,male,3,12.29,77.12,6.64,52.03,209,3.0
S Descarte,CPL,male,0,14.93,121.51,16.28,46.51,209,26.2
S Georgota,T20I,female,3,9.09,58.38,2.79,56.7,209,3.2
KOA Powell,CPL,male,3,19.0,104.5,13.0,47.0,209,15.9
Maaz Sadaqat,CPL,male,2,41.6,156.39,20.3,36.84,208,79.0
UT Yadav,IPL,male,1,9.9,103.48,12.44,47.76,208,3.7
Amir Butt,T20I,male,2,26.0,130.82,14.47,43.4,208,51.4
SD Parris,CPL,male,3,17.33,102.46,11.33,50.25,208,9.0
Nur Dania Syuhada,T20I,female,3,7.7,58.43,3.65,57.58,208,2.6
Mushfiqur Rahman,ODI,male,2,17.33,51.49,4.7,66.34,208,6.2
JR Hopes,BBL,male,0,12.18,108.95,12.63,39.47,207,9.9
CE Coulter Reilly,ODI,female,0,23.0,65.3,6.94,59.94,207,31.0
Hamza Tariq,T20I,male,2,18.82,142.76,15.86,28.97,207,53.1
PA Jaques,BBL,male,5,34.5,118.97,10.92,28.74,207,44.7
BMAJ Mendis,T20I,male,2,18.82,118.97,13.79,36.78,207,37.1
HE van der Dussen,CPL,male,1,23.0,111.29,11.29,38.17,207,29.8
T Mishra,T20I,male,4,17.17,89.57,8.26,45.22,206,12.2
Khalid Latif,PSL,male,3,34.33,119.08,11.56,35.84,206,33.9
ZN Carter,CPL,male,0,18.73,122.62,18.45,55.36,206,33.4
WS Jayantha,ODI,male,0,22.89,65.81,7.99,64.22,206,21.9
DJ Willey,T20I,male,2,13.73,132.05,16.67,39.74,206,39.5
Yasir Ali Chowdhury,T20I,male,2,22.89,145.07,18.31,30.28,206,63.7
CR Pagydyala,ODI,female,4,206.0,73.05,7.09,54.61,206,58.1
Khurram Manzoor,ODI,male,0,34.33,65.19,6.33,61.71,206,29.6
SV Shetty,T20I,female,3,14.71,87.66,9.36,52.34,206,33.3
SL Verma,T20I,male,1,51.5,153.73,17.16,37.31,206,74.9
ADS Fletcher,BBL,male,2,20.6,130.38,19.62,46.2,206,42.2
R Kanoh,T20I,female,3,9.81,92.38,10.76,50.22,206,31.2
AWJ Auguste,ODI,male,0,22.78,76.49,9.7,60.82,205,34.3
HS Modi,ODI,male,2,20.5,45.76,3.35,66.96,205,7.6
WL Madsen,T20I,male,2,34.17,132.26,16.13,31.61,205,66.8
Abbas Afridi,PSL,male,2,14.64,169.42,27.27,43.8,205,46.1
MH Wessels,BBL,male,0,22.78,112.64,13.74,41.21,205,22.4
CA Ingram,IPL,male,1,17.08,113.89,15.0,41.11,205,16.0
RA Clarke,CPL,male,3,22.78,101.99,11.94,43.78,205,22.1
Steven Ryan Taylor,ODI,male,0,17.08,66.78,8.14,63.52,205,17.9
Z Crawley,ODI,male,3,25.62,94.91,12.04,50.46,205,58.7
DL Vettori,T20I,male,4,12.81,107.89,8.42,31.58,205,18.9
Yasir Ali Chowdhury,Test,male,3,20.5,46.17,5.86,78.6,205,23.9
JC Archer,ODI,male,1,18.64,110.81,15.68,51.35,205,56.6
Mariamma Hyder,T20I,female,3,8.91,57.91,5.93,66.1,205,4.3
JS Floros,BBL,male,0,14.57,107.37,12.11,40.0,204,9.5
Abdur Razzak,Test,male,4,17.0,70.59,10.73,70.93,204,55.5
CA Ingram,CPL,male,3,20.4,112.09,13.74,41.21,204,26.9
PD Salt,PSL,male,0,12.0,118.6,16.86,42.44,204,11.5
J Jemison,T20I,male,3,10.74,77.27,6.44,51.14,204,2.1
DS Smith,T20I,male,2,33.83,126.09,16.77,41.61,203,59.9
CZ Harris,ODI,male,2,14.5,52.32,3.87,65.46,203,4.0
Aftab Ahmed,T20I,male,2,20.3,119.41,15.88,40.59,203,40.7
PD Collingwood,IPL,male,3,40.6,130.13,14.1,36.54,203,49.6
PE Kulume,T20I,female,3,10.68,78.08,9.23,55.38,203,19.9
JEC Franklin,CPL,male,2,50.75,133.55,14.47,34.21,203,64.2
KSA McKenzie,Test,male,1,16.92,58.5,9.22,78.96,203,43.8
GR Russ,T20I,male,3,18.45,84.94,8.37,48.54,203,12.7
LMP Simmons,PSL,male,0,33.83,113.41,17.88,49.72,203,34.9
JJ Tucker,ODI,male,2,20.3,64.44,8.89,67.94,203,20.7
Shoaib Akhtar,Test,male,3,14.5,44.32,7.21,82.31,203,23.3
NLTC Perera,Test,male,4,20.3,73.02,8.99,65.11,203,58.0
Kamran Khan,T20I,male,2,16.92,148.18,25.55,51.82,203,49.7
Rashid Khan,PSL,male,0,20.3,138.1,18.37,41.5,203,28.1
M Yunusu Issa,T20I,male,4,12.69,120.12,13.61,42.6,203,25.6
JM Kemp,T20I,male,1,50.75,126.88,16.88,43.12,203,62.4
Iftikhar Anjum,ODI,male,2,14.5,62.46,4.62,59.38,203,7.6
RO Hinds,Test,male,3,16.92,35.24,4.34,82.12,203,8.0
Kuldeep Yadav,ODI,male,2,9.62,50.63,3.76,62.66,202,2.4
Babar Azam,BBL,male,0,22.44,103.06,11.22,43.37,202,14.6
N Knights,T20I,male,4,13.47,125.47,18.01,50.93,202,32.8
Hassan Khan,CPL,male,1,15.54,138.36,15.75,36.99,202,40.6
Saghar Manzoor,T20I,male,4,13.47,99.51,14.29,55.67,202,15.1
K Reyneke,T20I,female,2,28.86,149.63,21.48,35.56,202,80.4
IMHC Joyce,ODI,female,0,28.71,65.26,9.42,64.94,201,42.4
Fayyaz Butt,ODI,male,0,18.27,72.04,7.17,54.48,201,22.4
JD Unadkat,IPL,male,1,12.56,118.93,13.61,39.64,201,12.3
Mohammad Wasim,PSL,male,0,11.82,129.68,16.77,45.16,201,15.5
L Ostergaard,T20I,female,3,11.82,60.36,3.0,54.35,201,7.6
Yousuf Youhana,Test,male,4,22.33,76.43,12.55,68.44,201,61.9
RR Rossouw,CPL,male,3,15.46,114.86,13.71,42.29,201,18.1
EF Beard,T20I,male,4,18.27,115.52,14.37,45.98,201,30.4
KADA Kanchana,T20I,female,3,8.04,86.64,7.33,44.4,201,23.3
Bijeyata Kumari,T20I,female,3,11.17,53.6,2.4,57.87,201,4.3
Zada Sher,T20I,male,2,18.27,139.58,16.67,36.81,201,50.3
SM Dhanusri,T20I,female,3,15.38,73.26,5.86,51.28,200,20.3
A Kohli,T20I,female,3,13.33,79.37,4.76,50.79,200,18.5
S Sriharsha,ODI,female,0,50.0,69.93,4.2,51.75,200,47.9
TP Ward,BBL,male,2,22.22,136.05,18.37,39.46,200,49.6
FA Allen,ODI,male,3,15.38,98.52,12.81,56.65,200,47.7
