bowler,matches,balls,runs_given,wickets,dot_balls,wides,noballs,overs,economy,average,dot_pct,strike_rate
JM Anderson,377,48265,25881.0,950,36304,405,62,8044.2,3.22,27.24,75.22,50.81
R Ashwin,497,39461,25244.0,939,25631,316,21,6576.8,3.84,26.88,64.95,42.02
MA Starc,369,29764,21386.0,869,20257,537,108,4960.7,4.31,24.61,68.06,34.25
SCJ Broad,345,40941,23679.0,848,30095,272,148,6823.5,3.47,27.92,73.51,48.28
TG Southee,433,35149,24457.0,817,24055,430,36,5858.2,4.17,29.94,68.44,43.02
DW Steyn,371,27732,18816.0,806,19270,392,129,4622.0,4.07,23.34,69.49,34.41
RA Jadeja,593,36565,24360.0,806,23046,171,137,6094.2,4.0,30.22,63.03,45.37
TA Boult,379,27752,19731.0,754,18975,412,34,4625.3,4.27,26.17,68.37,36.81
Shakib Al Hasan,514,30206,21408.0,738,18155,210,18,5034.3,4.25,29.01,60.1,40.93
K Rabada,350,22653,17650.0,733,15117,411,269,3775.5,4.67,24.08,66.73,30.9
DJ Bravo,553,19130,19165.0,693,9575,651,73,3188.3,6.01,27.66,50.05,27.6
JJ Bumrah,388,20236,14792.0,687,13183,278,188,3372.7,4.39,21.53,65.15,29.46
SL Malinga,448,19059,17596.0,686,10554,645,269,3176.5,5.54,25.65,55.38,27.78
MG Johnson,320,25525,17642.0,659,17428,528,130,4254.2,4.15,26.77,68.28,38.73
NM Lyon,209,37540,19549.0,644,27055,26,4,6256.7,3.12,30.36,72.07,58.29
PJ Cummins,312,22607,15768.0,628,15263,340,87,3767.8,4.18,25.11,67.51,36.0
JO Holder,472,23109,18726.0,625,14397,449,128,3851.5,4.86,29.96,62.3,36.97
M Morkel,323,24990,16829.0,624,17595,388,326,4165.0,4.04,26.97,70.41,40.05
JR Hazlewood,298,23477,14930.0,615,16649,178,64,3912.8,3.82,24.28,70.92,38.17
Mohammed Shami,325,20144,16156.0,598,13092,326,46,3357.3,4.81,27.02,64.99,33.69
Harbhajan Singh,392,29354,18887.0,575,18467,243,20,4892.3,3.86,32.85,62.91,51.05
Imran Tahir,360,14776,12801.0,569,7691,179,36,2462.7,5.2,22.5,52.05,25.97
SP Narine,478,14650,13155.0,549,7591,227,42,2441.7,5.39,23.96,51.82,26.68
M Muralitharan,264,21021,12662.0,539,13719,190,65,3503.5,3.61,23.49,65.26,39.0
Shaheen Shah Afridi,299,14530,12642.0,530,9055,312,83,2421.7,5.22,23.85,62.32,27.42
I Sharma,312,25494,17346.0,525,17767,263,374,4249.0,4.08,33.04,69.69,48.56
A Zampa,395,12233,13216.0,525,4847,140,8,2038.8,6.48,25.17,39.62,23.3
B Lee,289,19716,14495.0,518,13394,352,584,3286.0,4.41,27.98,67.93,38.06
Z Khan,303,21812,15590.0,516,14652,362,258,3635.3,4.29,30.21,67.17,42.27
B Kumar,431,15514,14558.0,515,8905,390,21,2585.7,5.63,28.27,57.4,30.12
HMRKB Herath,161,26915,13510.0,488,18991,35,10,4485.8,3.01,27.68,70.56,55.15
AU Rashid,327,15157,14105.0,481,7276,159,7,2526.2,5.58,29.32,48.0,31.51
Kuldeep Yadav,289,12379,11297.0,472,6279,131,8,2063.2,5.48,23.93,50.72,26.23
AS Joseph,281,14568,13156.0,462,8780,375,106,2428.0,5.42,28.48,60.27,31.53
Shahid Afridi,397,15067,13138.0,450,7219,270,37,2511.2,5.23,29.2,47.91,33.48
KAJ Roach,211,20757,12816.0,448,15035,214,264,3459.5,3.7,28.61,72.43,46.33
YS Chahal,331,9480,11073.0,448,3782,221,27,1580.0,7.01,24.72,39.89,21.16
Saeed Ajmal,216,18996,10862.0,448,12726,128,1,3166.0,3.43,24.25,66.99,42.4
DL Vettori,308,24776,13913.0,447,16632,84,89,4129.3,3.37,31.13,67.13,55.43
MM Ali,360,20943,15994.0,438,12289,78,20,3490.5,4.58,36.52,58.68,47.82
Mustafizur Rahman,310,11589,10924.0,431,6290,330,39,1931.5,5.66,25.35,54.28,26.89
Mohammad Amir,293,14914,11365.0,430,9647,339,63,2485.7,4.57,26.43,64.68,34.68
UT Yadav,285,15695,13396.0,428,9743,275,39,2615.8,5.12,31.3,62.08,36.67
CR Woakes,233,17953,12315.0,427,12251,176,37,2992.2,4.12,28.84,68.24,42.04
Hasan Ali,259,11705,10722.0,413,6856,169,90,1950.8,5.5,25.96,58.57,28.34
SR Watson,404,14941,12446.0,408,8828,273,56,2490.2,5.0,30.5,59.09,36.62
AD Russell,400,8139,11089.0,407,3352,314,57,1356.5,8.17,27.25,41.18,20.0
Umar Gul,232,15431,11573.0,404,10145,265,240,2571.8,4.5,28.65,65.74,38.2
GP Swann,170,19794,11280.0,402,13473,42,1,3299.0,3.42,28.06,68.07,49.24
MJ Santner,327,15404,11858.0,394,8773,190,10,2567.3,4.62,30.1,56.95,39.1
S Lamichhane,228,7548,6818.0,386,3979,113,2,1258.0,5.42,17.66,52.72,19.55
DB Sharma,298,10659,9091.0,383,5548,121,14,1776.5,5.12,23.74,52.05,27.83
Shadab Khan,316,9515,9939.0,382,4141,131,3,1585.8,6.27,26.02,43.52,24.91
PM Siddle,202,17217,10608.0,381,12469,111,100,2869.5,3.7,27.84,72.42,45.19
BA Stokes,271,18460,12795.0,380,12328,247,199,3076.7,4.16,33.67,66.78,48.58
Haris Rauf,256,7136,8983.0,380,3117,266,8,1189.3,7.55,23.64,43.68,18.78
M Ntini,164,16672,10606.0,379,11906,112,83,2778.7,3.82,27.98,71.41,43.99
S Ecclestone,233,10356,7404.0,378,6439,113,3,1726.0,4.29,19.59,62.18,27.4
MJ Henry,173,13487,9661.0,377,9026,165,21,2247.8,4.3,25.63,66.92,35.77
Wahab Riaz,264,12501,11208.0,374,7209,373,231,2083.5,5.38,29.97,57.67,33.43
AR Patel,347,11431,10393.0,372,5862,106,2,1905.2,5.46,27.94,51.28,30.73
Mohammed Siraj,237,12512,10468.0,364,8056,270,47,2085.3,5.02,28.76,64.39,34.37
Mehedi Hasan Miraz,195,19344,11858.0,359,12555,43,5,3224.0,3.68,33.03,64.9,53.88
Rashid Khan,280,6515,7489.0,356,2612,97,1,1085.8,6.9,21.04,40.09,18.3
KA Maharaj,173,16344,10260.0,352,10920,48,13,2724.0,3.77,29.15,66.81,46.43
JC Archer,207,9839,8578.0,336,6167,225,63,1639.8,5.23,25.53,62.68,29.28
A Mishra,225,10475,8523.0,327,6001,81,116,1745.8,4.88,26.06,57.29,32.03
JH Kallis,331,16137,11150.0,325,10630,187,38,2689.5,4.15,34.31,65.87,49.65
CJ Jordan,278,8045,9630.0,319,3662,324,37,1340.8,7.18,30.19,45.52,25.22
PWH de Silva,206,6730,6838.0,319,3109,35,11,1121.7,6.1,21.44,46.2,21.1
JE Taylor,191,12094,9491.0,311,7859,241,103,2015.7,4.71,30.52,64.98,38.89
IS Sodhi,223,9783,9138.0,310,4995,120,10,1630.5,5.6,29.48,51.06,31.56
KMDN Kulasekara,257,12665,9904.0,308,7920,223,34,2110.8,4.69,32.16,62.53,41.12
IK Pathan,237,10485,9257.0,307,6247,305,42,1747.5,5.3,30.15,59.58,34.15
HH Pandya,335,8207,9449.0,300,3856,334,27,1367.8,6.91,31.5,46.98,27.36
Yasir Shah,111,16341,9766.0,299,11005,21,8,2723.5,3.59,32.66,67.35,54.65
JP Faulkner,228,6595,7479.0,296,2903,138,19,1099.2,6.8,25.27,44.02,22.28
L Ngidi,179,7715,7212.0,294,4555,179,29,1285.8,5.61,24.53,59.04,26.24
Taijul Islam,78,16604,8738.0,293,11850,7,11,2767.3,3.16,29.82,71.37,56.67
Mohammad Hafeez,364,13419,9379.0,286,7522,132,2,2236.5,4.19,32.79,56.05,46.92
Imad Wasim,316,7822,8058.0,285,3399,145,1,1303.7,6.18,28.27,43.45,27.45
RAS Lakmal,162,16394,10005.0,284,11572,141,117,2732.3,3.66,35.23,70.59,57.73
Mashrafe Mortaza,244,12792,10477.0,284,7648,214,99,2132.0,4.91,36.89,59.79,45.04
AC Kerr,224,7391,6678.0,283,3514,130,4,1231.8,5.42,23.6,47.54,26.12
NLTC Perera,290,8884,9650.0,282,4150,171,12,1480.7,6.52,34.22,46.71,31.5
HK Matthews,226,6872,6069.0,281,3524,81,7,1145.3,5.3,21.6,51.28,24.46
ML Schutt,223,7332,6002.0,280,4350,181,25,1222.0,4.91,21.44,59.33,26.19
BAW Mendis,152,9875,7047.0,279,5891,95,61,1645.8,4.28,25.26,59.66,35.39
AJ Hosein,259,6898,7408.0,279,3201,129,23,1149.7,6.44,26.55,46.4,24.72
VD Philander,106,12926,6290.0,278,10051,58,95,2154.3,2.92,22.63,77.76,46.5
R Rampaul,186,8952,7409.0,271,5515,234,75,1492.0,4.97,27.34,61.61,33.03
KD Mills,185,9353,7302.0,268,5950,112,91,1558.8,4.68,27.25,63.62,34.9
M Kapp,239,7969,6053.0,267,4873,247,27,1328.2,4.56,22.67,61.15,29.85
Taskin Ahmed,180,9252,7967.0,265,5643,179,62,1542.0,5.17,30.06,60.99,34.91
Arshdeep Singh,194,4579,6391.0,265,1964,275,24,763.2,8.37,24.12,42.89,17.28
A Gardner,221,7432,6018.0,265,4161,107,1,1238.7,4.86,22.71,55.99,28.05
Sohail Tanvir,240,7294,7619.0,264,3807,328,60,1215.7,6.27,28.86,52.19,27.63
A Kumble,110,14486,8271.0,264,10232,37,154,2414.3,3.43,31.33,70.63,54.87
AJ Tye,188,4351,5875.0,262,1673,149,29,725.2,8.1,22.42,38.45,16.61
N Wagner,64,13725,7169.0,260,10432,50,85,2287.5,3.13,27.57,76.01,52.79
Sikandar Raza,294,10175,8858.0,259,5084,174,24,1695.8,5.22,34.2,49.97,39.29
ST Finn,128,10514,7479.0,258,7137,121,32,1752.3,4.27,28.99,67.88,40.75
MA Wood,144,10766,7969.0,257,6997,158,25,1794.3,4.44,31.01,64.99,41.89
SA Abbott,190,4632,5996.0,256,1958,128,32,772.0,7.77,23.42,42.27,18.09
A Flintoff,131,12237,7233.0,256,8753,98,262,2039.5,3.55,28.25,71.53,47.8
RP Singh,202,7876,7283.0,256,4651,279,31,1312.7,5.55,28.45,59.05,30.77
KA Pollard,362,6114,7675.0,252,2039,289,21,1019.0,7.53,30.46,33.35,24.26
S Ismail,202,6687,5346.0,250,4111,118,55,1114.5,4.8,21.38,61.48,26.75
SN Thakur,190,6206,7262.0,249,3092,236,62,1034.3,7.02,29.16,49.82,24.92
DJG Sammy,286,13001,9415.0,247,7864,99,34,2166.8,4.35,38.12,60.49,52.64
T Shamsi,185,6036,6316.0,247,2736,188,11,1006.0,6.28,25.57,45.33,24.44
A Nehra,195,6456,6733.0,246,3364,186,39,1076.0,6.26,27.37,52.11,26.24
RL Chase,237,12532,9384.0,244,7287,108,17,2088.7,4.49,38.46,58.15,51.36
JL Jonassen,189,6543,4954.0,241,3685,94,2,1090.5,4.54,20.56,56.32,27.15
Junaid Khan,158,9364,6951.0,240,6043,156,45,1560.7,4.45,28.96,64.53,39.02
KW Richardson,188,4855,5991.0,240,2100,115,9,809.2,7.4,24.96,43.25,20.23
B Muzarabani,170,7263,6253.0,238,4353,172,33,1210.5,5.17,26.27,59.93,30.52
PP Chawla,226,5792,6646.0,235,2470,58,7,965.3,6.88,28.28,42.65,24.65
PP Ojha,137,10534,6536.0,233,7040,51,16,1755.7,3.72,28.05,66.83,45.21
A Nortje,144,6368,6062.0,233,3743,117,28,1061.3,5.71,26.02,58.78,27.33
M Theekshana,197,6177,6114.0,229,2939,132,17,1029.5,5.94,26.7,47.58,26.97
GB Hogg,188,7396,6246.0,228,3846,105,12,1232.7,5.07,27.39,52.0,32.44
LH Ferguson,172,5566,6247.0,227,2818,243,37,927.7,6.73,27.52,50.63,24.52
SM Pollock,144,11536,6010.0,225,8608,70,188,1922.7,3.13,26.71,74.62,51.27
WD Parnell,181,5927,6342.0,224,3024,183,30,987.8,6.42,28.31,51.02,26.46
Naseem Shah,159,7354,6774.0,224,4390,167,86,1225.7,5.53,30.24,59.7,32.83
GJ Maxwell,392,7742,8457.0,224,3083,131,6,1290.3,6.55,37.75,39.82,34.56
NM Coulter-Nile,170,4668,5409.0,224,2165,129,16,778.0,6.95,24.15,46.38,20.84
Faheem Ashraf,232,6667,6759.0,224,3522,119,32,1111.2,6.08,30.17,52.83,29.76
TT Bresnan,153,9795,7429.0,223,6219,176,15,1632.5,4.55,33.31,63.49,43.92
FH Edwards,147,9709,7552.0,222,6401,199,268,1618.2,4.67,34.02,65.93,43.73
SM Curran,207,7398,7432.0,222,4023,187,25,1233.0,6.03,33.48,54.38,33.32
Abdur Razzak,161,9310,6980.0,221,5533,176,6,1551.7,4.5,31.58,59.43,42.13
AD Mathews,331,11010,8174.0,221,6672,117,18,1835.0,4.45,36.99,60.6,49.82
DJ Willey,178,5298,5773.0,217,2634,186,6,883.0,6.54,26.6,49.72,24.41
ST Gabriel,105,10854,7003.0,216,7732,109,242,1809.0,3.87,32.42,71.24,50.25
R Shepherd,218,4510,6212.0,216,1887,223,13,751.7,8.26,28.76,41.84,20.88
Karan KC,158,4841,4853.0,214,2705,134,6,806.8,6.01,22.68,55.88,22.62
RJ Harris,91,7762,4754.0,212,5634,62,23,1293.7,3.67,22.42,72.58,36.61
LE Plunkett,132,7226,6279.0,211,4151,228,47,1204.3,5.21,29.76,57.45,34.25
M Jansen,127,6560,6044.0,211,4116,174,70,1093.3,5.53,28.64,62.74,31.09
G Motie,158,5863,5252.0,210,3103,85,1,977.2,5.37,25.01,52.93,27.92
KH Brunt,161,7100,4621.0,210,4790,185,13,1183.3,3.91,22.0,67.46,33.81
NT Ellis,158,4053,4972.0,209,1625,156,23,675.5,7.36,23.79,40.09,19.39
Shoaib Malik,328,9250,7589.0,209,4767,193,70,1541.7,4.92,36.31,51.54,44.26
MR Adair,145,5317,5387.0,209,2940,250,19,886.2,6.08,25.78,55.29,25.44
EA Perry,211,6806,5115.0,208,4369,226,85,1134.3,4.51,24.59,64.19,32.72
MJ McClenaghan,159,4842,5866.0,207,2260,201,40,807.0,7.27,28.34,46.67,23.39
GD McGrath,102,8310,4392.0,207,6257,58,68,1385.0,3.17,21.22,75.29,40.14
A Khaka,184,6476,5455.0,207,3699,250,6,1079.3,5.05,26.35,57.12,31.29
CH Morris,161,5006,5623.0,206,2460,180,10,834.3,6.74,27.3,49.14,24.3
SJ Harmison,90,10989,6775.0,205,7916,199,106,1831.5,3.7,33.05,72.04,53.6
PVD Chameera,165,6452,6453.0,203,3535,189,57,1075.3,6.0,31.79,54.79,31.78
SK Warne,91,8002,5031.0,203,5391,47,12,1333.7,3.77,24.78,67.37,39.42
S Sreesanth,128,8661,7005.0,202,5787,162,161,1443.5,4.85,34.68,66.82,42.88
MP Stoinis,260,4831,6272.0,202,1830,179,13,805.2,7.79,31.05,37.88,23.92
BJ Dwarshuis,155,3470,4711.0,202,1454,140,8,578.3,8.15,23.32,41.9,17.18
R Ngarava,144,5491,5097.0,202,3228,170,51,915.2,5.57,25.23,58.79,27.18
WPUJC Vaas,139,9655,5919.0,202,6856,59,116,1609.2,3.68,29.3,71.01,47.8
Nashra Sandhu,167,6177,4967.0,201,3262,72,7,1029.5,4.82,24.71,52.81,30.73
P Kumar,201,7515,6901.0,200,4344,211,5,1252.5,5.51,34.51,57.8,37.58
ASS Fletcher,167,5107,4567.0,198,2439,126,9,851.2,5.37,23.07,47.76,25.79
J Botha,224,7491,6628.0,198,3556,91,10,1248.5,5.31,33.47,47.47,37.83
BW Hilfenhaus,113,8600,5628.0,198,6122,119,99,1433.3,3.93,28.42,71.19,43.43
JP Behrendorff,157,3766,4456.0,198,1778,90,16,627.7,7.1,22.51,47.21,19.02
CS Martin,69,11525,6542.0,197,8726,38,88,1920.8,3.41,33.21,75.71,58.5
CRD Fernando,133,7881,6194.0,196,5011,156,214,1313.5,4.72,31.6,63.58,40.21
MRJ Watt,157,5935,5007.0,195,3115,107,3,989.2,5.06,25.68,52.49,30.44
MM Patel,144,6921,5568.0,195,4345,70,80,1153.5,4.83,28.55,62.78,35.49
CV Varun,143,3379,4220.0,195,1319,64,9,563.2,7.49,21.64,39.04,17.33
SS Cottrell,158,4409,5166.0,193,2222,238,17,734.8,7.03,26.77,50.4,22.84
Bilal Khan,115,3898,3728.0,193,2154,122,19,649.7,5.74,19.32,55.26,20.2
JNT Seales,111,7374,5623.0,192,4928,110,26,1229.0,4.58,29.29,66.83,38.41
MS Panesar,75,13627,6749.0,192,10097,6,2,2271.2,2.97,35.15,74.1,70.97
Nahida Akter,153,4599,3728.0,190,2450,45,1,766.5,4.86,19.62,53.27,24.21
CH Gayle,254,9494,6870.0,189,5215,167,23,1582.3,4.34,36.35,54.93,50.23
DE Bollinger,126,5918,4821.0,189,3742,111,70,986.3,4.89,25.51,63.23,31.31
T Putthawong,115,2944,2014.0,187,1843,57,5,490.7,4.1,10.77,62.6,15.74
BM Scholtz,149,5368,3844.0,187,3120,32,1,894.7,4.3,20.56,58.12,28.71
MR Marsh,218,7165,6184.0,187,4153,132,60,1194.2,5.18,33.07,57.96,38.32
DR Sams,151,3120,4532.0,186,1114,150,14,520.0,8.72,24.37,35.71,16.77
Rubel Hossain,145,9036,7677.0,184,5284,134,134,1506.0,5.1,41.72,58.48,49.11
SE Bond,95,5388,3867.0,184,3586,124,53,898.0,4.31,21.02,66.56,29.28
CJ Green,228,4564,5247.0,183,1813,107,2,760.7,6.9,28.67,39.72,24.94
CR Brathwaite,203,5060,6053.0,183,2123,201,9,843.3,7.18,33.08,41.96,27.65
Junaid Siddique,132,4425,4446.0,183,2395,240,6,737.5,6.03,24.3,54.12,24.18
D Wiese,178,3695,4747.0,181,1379,111,7,615.8,7.71,26.23,37.32,20.41
LMM Tahuhu,161,4903,4374.0,181,2851,236,17,817.2,5.35,24.17,58.15,27.09
HV Patel,145,3009,4497.0,180,1041,147,25,501.5,8.97,24.98,34.6,16.72
SM Sharif,147,4967,4824.0,180,2612,139,30,827.8,5.83,26.8,52.59,27.59
JDP Oram,169,8292,5693.0,179,5418,110,51,1382.0,4.12,31.8,65.34,46.32
Abrar Ahmed,104,5354,4385.0,179,3055,37,4,892.3,4.91,24.5,57.06,29.91
CBRLS Kumara,93,7804,6049.0,179,4969,122,19,1300.7,4.65,33.79,63.67,43.6
Sompal Kami,156,4717,4729.0,179,2589,146,20,786.2,6.02,26.42,54.89,26.35
JDS Neesham,200,5173,5874.0,178,2495,196,19,862.2,6.81,33.0,48.23,29.06
A Shrubsole,139,5825,4050.0,177,3892,158,11,970.8,4.17,22.88,66.82,32.91
MDK Perera,56,11321,6261.0,177,7649,11,21,1886.8,3.32,35.37,67.56,63.96
Mohammad Sami,127,7180,5875.0,177,4561,162,166,1196.7,4.91,33.19,63.52,40.56
NW Bracken,121,5836,4379.0,176,3545,99,3,972.7,4.5,24.88,60.74,33.16
D Bishoo,94,10455,6448.0,176,6740,31,40,1742.5,3.7,36.64,64.47,59.4
TL Chatara,133,6388,5175.0,176,3954,188,28,1064.7,4.86,29.4,61.9,36.3
JA Richardson,121,3670,4120.0,175,1890,107,19,611.7,6.74,23.54,51.5,20.97
SM Boland,96,5320,4236.0,175,3342,54,24,886.7,4.78,24.21,62.82,30.4
Ehsan Khan,117,2959,2841.0,174,1479,63,4,493.2,5.76,16.33,49.98,17.01
Fawad Ahmed,163,3668,4288.0,174,1330,41,0,611.3,7.01,24.64,36.26,21.08
SFM Devine,193,4513,4499.0,174,2353,250,17,752.2,5.98,25.86,52.14,25.94
M Prasidh Krishna,120,4508,5150.0,174,2396,131,29,751.3,6.85,29.6,53.15,25.91
CE Dean,118,4357,3815.0,174,2349,112,4,726.2,5.25,21.93,53.91,25.04
DT Christian,212,3852,4933.0,172,1386,123,11,642.0,7.68,28.68,35.98,22.4
MM Sharma,152,3662,4718.0,171,1535,86,15,610.3,7.73,27.59,41.92,21.42
SW Tait,118,3916,4205.0,169,2169,298,50,652.7,6.44,24.88,55.39,23.17
KA Jamieson,92,6069,4443.0,168,4252,123,31,1011.5,4.39,26.45,70.06,36.12
Nida Dar,186,5331,4657.0,167,2663,110,6,888.5,5.24,27.89,49.95,31.92
Mahmudullah,266,8478,6861.0,166,4439,134,5,1413.0,4.86,41.33,52.36,51.07
Mohammad Irfan,147,5667,5124.0,166,3288,142,34,944.5,5.43,30.87,58.02,34.14
SJ Benn,124,10492,6539.0,164,6856,45,15,1748.7,3.74,39.87,65.35,63.98
A Nel,84,7847,4801.0,164,5623,103,26,1307.8,3.67,29.27,71.66,47.85
SN Netravalkar,119,4630,3688.0,163,2742,29,26,771.7,4.78,22.63,59.22,28.4
I Ranaweera,150,5007,4209.0,163,2534,91,12,834.5,5.04,25.82,50.61,30.72
G Wareham,151,3767,3455.0,162,1858,85,1,627.8,5.5,21.33,49.32,23.25
Shoaib Akhtar,97,5629,4423.0,162,3647,163,101,938.2,4.71,27.3,64.79,34.75
Yuvraj Singh,251,6146,5504.0,161,2832,63,10,1024.3,5.37,34.19,46.08,38.17
N de Klerk,151,4554,4528.0,160,2340,161,19,759.0,5.97,28.3,51.38,28.46
TK Curran,136,3852,4690.0,160,1617,97,16,642.0,7.31,29.31,41.98,24.08
JA Morkel,184,4438,5147.0,158,1987,152,37,739.7,6.96,32.58,44.77,28.09
JP Duminy,269,7356,6260.0,158,3760,109,9,1226.0,5.11,39.62,51.11,46.56
CA Young,105,3615,3763.0,157,1917,102,15,602.5,6.25,23.97,53.03,23.03
MF Maharoof,129,6542,4988.0,157,4187,118,118,1090.3,4.57,31.77,64.0,41.67
N Mlaba,138,5017,4387.0,156,2669,90,4,836.2,5.25,28.12,53.2,32.16
O Kamchomphu,126,2812,2059.0,156,1553,36,10,468.7,4.39,13.2,55.23,18.03
SR Clark,69,7070,3853.0,155,5205,50,46,1178.3,3.27,24.86,73.62,45.61
RP Meredith,124,2729,3905.0,155,1114,145,20,454.8,8.59,25.19,40.82,17.61
Fatima Sana,126,3924,3975.0,155,2072,134,31,654.0,6.08,25.65,52.8,25.32
Mohammad Asif,71,6729,4211.0,155,4849,57,46,1121.5,3.75,27.17,72.06,43.41
Washington Sundar,166,5386,4720.0,155,2825,50,12,897.7,5.26,30.45,52.45,34.75
R Vinay Kumar,145,3830,4729.0,154,1715,72,15,638.3,7.41,30.71,44.78,24.87
AL Phehlukwayo,118,4047,4209.0,153,1909,177,10,674.5,6.24,27.51,47.17,26.45
Shoriful Islam,111,4827,4209.0,153,2939,107,10,804.5,5.23,27.51,60.89,31.55
RE van der Merwe,143,4090,3822.0,152,1844,53,3,681.7,5.61,25.14,45.09,26.91
AC Agar,168,5018,4861.0,152,2238,54,4,836.3,5.81,31.98,44.6,33.01
RS Gayakwad,122,4650,3577.0,152,2707,30,2,775.0,4.62,23.53,58.22,30.59
D Pretorius,117,3402,3654.0,152,1663,121,4,567.0,6.44,24.04,48.88,22.38
AG Cremer,114,7643,5768.0,152,4343,47,14,1273.8,4.53,37.95,56.82,50.28
Sandeep Sharma,144,3205,4380.0,152,1258,123,14,534.2,8.2,28.82,39.25,21.09
PA van Meekeren,114,3358,3523.0,151,1733,160,19,559.7,6.29,23.33,51.61,22.24
LK Bell,96,3719,3385.0,149,2215,199,8,619.8,5.46,22.72,59.56,24.96
Ravi Bishnoi,130,2855,3816.0,148,1083,108,13,475.8,8.02,25.78,37.93,19.29
Zahoor Khan,107,3798,3478.0,147,1928,137,13,633.0,5.49,23.66,50.76,25.84
Abdul Razzaq,148,6271,5033.0,146,3783,69,128,1045.2,4.82,34.47,60.33,42.95
A Sutherland,123,3839,3317.0,145,2193,140,16,639.8,5.18,22.88,57.12,26.48
MN Samuels,197,8087,6210.0,145,4405,77,1,1347.8,4.61,42.83,54.47,55.77
CJ McKay,102,3992,3693.0,143,2187,90,18,665.3,5.55,25.83,54.78,27.92
GH Dockrell,155,4643,4251.0,143,2200,97,0,773.8,5.49,29.73,47.38,32.47
JL Pattinson,80,5571,4112.0,143,3835,117,60,928.5,4.43,28.76,68.84,38.96
N Pradeep,89,7598,5702.0,143,4907,88,93,1266.3,4.5,39.87,64.58,53.13
RJ Peterson,112,5743,4391.0,142,3387,39,1,957.2,4.59,30.92,58.98,40.44
MJ Leach,38,9402,4838.0,142,6928,1,20,1567.0,3.09,34.07,73.69,66.21
DL Chahar,138,3070,4033.0,142,1394,128,12,511.7,7.88,28.4,45.41,21.62
J Little,115,3643,4272.0,141,1735,145,16,607.2,7.04,30.3,47.63,25.84
Mohammad Nawaz,131,3722,3911.0,141,1650,39,2,620.3,6.3,27.74,44.33,26.4
JD Unadkat,137,3375,4261.0,140,1453,84,4,562.5,7.58,30.44,43.05,24.11
Mohammad Wasim,112,3322,4019.0,140,1516,121,3,553.7,7.26,28.71,45.64,23.73
TM Dilshan,283,8778,6569.0,140,4605,79,0,1463.0,4.49,46.92,52.46,62.7
SNJ O'Keefe,111,4345,3379.0,140,2409,43,1,724.2,4.67,24.14,55.44,31.04
JJ Smit,100,3168,2784.0,139,1751,98,5,528.0,5.27,20.03,55.27,22.79
B Laughlin,123,2651,3566.0,139,965,81,10,441.8,8.07,25.65,36.4,19.07
Abdur Rehman,60,8614,4192.0,139,6199,26,9,1435.7,2.92,30.16,71.96,61.97
Rizwan Butt,91,1969,2235.0,139,935,65,11,328.2,6.81,16.08,47.49,14.17
Mohammad Abbas,39,7149,3193.0,137,5668,21,30,1191.5,2.68,23.31,79.28,52.18
MG Neser,109,2993,3500.0,137,1461,81,13,498.8,7.02,25.55,48.81,21.85
AB Agarkar,113,4643,4287.0,137,2708,163,37,773.8,5.54,31.29,58.32,33.89
OC McCoy,117,2356,3466.0,136,903,169,26,392.7,8.83,25.49,38.33,17.32
AN Kelly,108,3090,2826.0,136,1587,77,1,515.0,5.49,20.78,51.36,22.72
R Trumpelmann,106,3703,3602.0,136,2071,185,9,617.2,5.84,26.49,55.93,27.23
JA Duffy,79,3124,2908.0,135,1946,117,20,520.7,5.59,21.54,62.29,23.14
Danish Kaneria,45,10338,5610.0,135,7283,14,40,1723.0,3.26,41.56,70.45,76.58
S Laomi,114,2596,1850.0,135,1446,46,5,432.7,4.28,13.7,55.7,19.23
Renuka Singh,128,3732,3747.0,135,2051,165,6,622.0,6.02,27.76,54.96,27.64
SC Williams,195,7231,5806.0,135,3733,87,19,1205.2,4.82,43.01,51.62,53.56
AF Milne,128,3916,4466.0,135,1970,149,12,652.7,6.84,33.08,50.31,29.01
J Goswami,99,4656,2952.0,134,3156,73,21,776.0,3.8,22.03,67.78,34.75
AC Jayangani,164,3942,3859.0,134,1760,91,11,657.0,5.87,28.8,44.65,29.42
A King,92,3687,2636.0,134,2143,33,0,614.5,4.29,19.67,58.12,27.51
NR Sciver,167,4477,3597.0,133,2538,138,7,746.2,4.82,27.05,56.69,33.66
RP Yadav,128,2867,3200.0,133,1199,46,20,477.8,6.7,24.06,41.82,21.56
SR Taylor,150,4307,3540.0,132,2206,107,7,717.8,4.93,26.82,51.22,32.63
Sadia Iqbal,101,3320,2682.0,132,1867,59,3,553.3,4.85,20.32,56.23,25.15
KY Chan,95,1955,1525.0,132,1101,76,5,325.8,4.68,11.55,56.32,14.81
JEC Franklin,133,6051,4674.0,132,3899,47,134,1008.5,4.63,35.41,64.44,45.84
Poonam Yadav,108,3844,2998.0,132,1956,33,4,640.7,4.68,22.71,50.88,29.12
S Joseph,71,3668,3326.0,131,2207,84,56,611.3,5.44,25.39,60.17,28.0
NL McCullum,152,4875,4496.0,131,2219,52,1,812.5,5.53,34.32,45.52,37.21
ST Jayasuriya,159,5570,4390.0,130,2770,75,0,928.3,4.73,33.77,49.73,42.85
S Pandey,122,3605,3196.0,129,2062,95,12,600.8,5.32,24.78,57.2,27.95
NM Hauritz,88,6954,4601.0,129,4453,46,57,1159.0,3.97,35.67,64.04,53.91
IJR Zwilling,103,2617,2129.0,128,1581,92,1,436.2,4.88,16.63,60.41,20.45
S Luus,166,4496,3855.0,128,2169,68,18,749.3,5.14,30.12,48.24,35.12
Rishad Hossain,95,2439,3000.0,128,997,38,1,406.5,7.38,23.44,40.88,19.05
AM Fernando,59,5489,3799.0,128,3655,82,26,914.8,4.15,29.68,66.59,42.88
Avesh Khan,113,2598,3760.0,128,1054,101,9,433.0,8.68,29.38,40.57,20.3
MJ Hoggard,42,7119,4082.0,127,5318,23,104,1186.5,3.44,32.14,74.7,56.06
RJ Sidebottom,60,6203,3540.0,126,4547,58,9,1033.8,3.42,28.1,73.3,49.23
NGRP Jayasuriya,26,7816,4209.0,126,5432,9,8,1302.7,3.23,33.4,69.5,62.03
M Klaas,136,4343,4127.0,126,2395,178,13,723.8,5.7,32.75,55.15,34.47
XC Bartlett,101,2302,3106.0,126,998,81,4,383.7,8.1,24.65,43.35,18.27
Rohan Mustafa,117,4359,3580.0,126,2198,41,1,726.5,4.93,28.41,50.42,34.6
BJ McCarthy,97,3493,3818.0,126,1794,134,12,582.2,6.56,30.3,51.36,27.72
KH Pandya,171,3339,4187.0,124,1107,103,3,556.5,7.52,33.77,33.15,26.93
PD Collingwood,192,6348,4865.0,124,3470,66,15,1058.0,4.6,39.23,54.66,51.19
KMA Paul,131,3155,3980.0,123,1409,161,65,525.8,7.57,32.36,44.66,25.65
DAJ Bracewell,68,6513,4220.0,123,4599,60,46,1085.5,3.89,34.31,70.61,52.95
MG Erasmus,122,3013,2601.0,123,1582,73,0,502.2,5.18,21.15,52.51,24.5
MG Bracewell,111,4866,4054.0,123,2758,54,1,811.0,5.0,32.96,56.68,39.56
MA Leask,132,3467,3281.0,123,1679,79,2,577.8,5.68,26.67,48.43,28.19
A Dananjaya,85,4225,3699.0,122,2253,54,1,704.2,5.25,30.32,53.33,34.63
WK Dilhari,131,3333,3144.0,122,1497,83,7,555.5,5.66,25.77,44.91,27.32
S Badree,129,2718,3016.0,121,1238,46,0,453.0,6.66,24.93,45.55,22.46
LL Tsotsobe,87,4248,3303.0,121,2703,87,13,708.0,4.67,27.3,63.63,35.11
KJ Garth,107,3545,2967.0,121,2153,130,8,590.8,5.02,24.52,60.73,29.3
KK Ahmed,104,2473,3456.0,121,1123,113,12,412.2,8.38,28.56,45.41,20.44
KM Jarvis,72,4874,3621.0,120,3208,45,45,812.3,4.46,30.18,65.82,40.62
A Symonds,156,6052,4665.0,120,3452,87,23,1008.7,4.62,38.88,57.04,50.43
P Utseya,148,7448,5898.0,120,3813,88,14,1241.3,4.75,49.15,51.19,62.07
Vaishnave Mahesh,96,1824,1450.0,120,1037,66,3,304.0,4.77,12.08,56.85,15.2
S Rana,99,4094,3371.0,119,2265,41,8,682.3,4.94,28.33,55.32,34.4
CJ Boyce,110,2337,2915.0,119,689,20,1,389.5,7.48,24.5,29.48,19.64
KL Cross,93,4678,3408.0,119,3067,98,25,779.7,4.37,28.64,65.56,39.31
AR McBrine,97,5878,4404.0,119,3322,30,1,979.7,4.5,37.01,56.52,49.39
JM Bird,93,3659,3166.0,118,2257,33,23,609.8,5.19,26.83,61.68,31.01
CK Langeveldt,80,3869,3327.0,118,2299,88,46,644.8,5.16,28.19,59.42,32.79
DS Airee,142,3904,3060.0,118,2044,35,3,650.7,4.7,25.93,52.36,33.08
Ali Dawood,76,1640,1704.0,117,814,62,10,273.3,6.23,14.56,49.63,14.02
LM Kasperek,76,2539,2152.0,117,1288,34,0,423.2,5.09,18.39,50.73,21.7
KOK Williams,90,2026,2807.0,117,779,90,40,337.7,8.31,23.99,38.45,17.32
Mujeeb Ur Rahman,109,2512,2923.0,116,1090,83,0,418.7,6.98,25.2,43.39,21.66
WB Rankin,90,3670,3166.0,116,2152,161,17,611.7,5.18,27.29,58.64,31.64
Rahat Ali,68,5628,3858.0,115,3844,78,18,938.0,4.11,33.55,68.3,48.94
BCJ Cutting,155,2633,3818.0,115,792,100,9,438.8,8.7,33.2,30.08,22.9
L Balaji,99,2962,3278.0,115,1502,95,19,493.7,6.64,28.5,50.71,25.76
Virandeep Singh,94,1779,1630.0,115,842,43,0,296.5,5.5,14.17,47.33,15.47
Kaleem Sana,73,2456,2070.0,114,1511,116,8,409.3,5.06,18.16,61.52,21.54
SO Ngoche,97,2158,2099.0,114,1053,18,3,359.7,5.84,18.41,48.8,18.93
JS Patel,68,7122,4552.0,113,4717,17,15,1187.0,3.83,40.28,66.23,63.03
D van Niekerk,116,3595,2470.0,113,2029,44,9,599.2,4.12,21.86,56.44,31.81
DJS Dottin,114,2747,2855.0,112,1438,206,23,457.8,6.24,25.49,52.35,24.53
BA Carse,56,4268,3538.0,112,2694,72,64,711.3,4.97,31.59,63.12,38.11
S Glenn,88,2210,2014.0,112,1051,36,1,368.3,5.47,17.98,47.56,19.73
Aizaz Khan,99,2077,2549.0,111,890,111,15,346.2,7.36,22.96,42.85,18.71
ER Oza,97,1967,1526.0,111,1095,48,5,327.8,4.65,13.75,55.67,17.72
Usama Mir,97,2337,2981.0,111,848,35,2,389.5,7.65,26.86,36.29,21.05
H Ishimwe,81,1583,1211.0,111,897,62,4,263.8,4.59,10.91,56.66,14.26
RW Price,96,6314,4195.0,111,3887,92,1,1052.3,3.99,37.79,61.56,56.88
JN Gillespie,56,5654,2974.0,111,4255,69,30,942.3,3.16,26.79,75.26,50.94
Sana Mir,109,3706,3023.0,111,1974,82,3,617.7,4.89,27.23,53.26,33.39
Mohammad Hasnain,98,2538,3419.0,110,1108,108,10,423.0,8.08,31.08,43.66,23.07
Naved-ul-Hasan,71,3268,2978.0,110,1892,78,85,544.7,5.47,27.07,57.89,29.71
JR Hopes,134,4238,3847.0,110,2085,55,2,706.3,5.45,34.97,49.2,38.53
R McLaren,82,3230,3089.0,109,1725,136,15,538.3,5.74,28.34,53.41,29.63
O Thomas,90,2213,3068.0,109,1061,136,53,368.8,8.32,28.15,47.94,20.3
JE Root,214,8138,5397.0,109,5172,46,2,1356.3,3.98,49.51,63.55,74.66
JM Kerr,108,3534,3029.0,109,1967,100,16,589.0,5.14,27.79,55.66,32.42
Abbas Afridi,75,1375,2147.0,109,486,61,11,229.2,9.37,19.7,35.35,12.61
DS Kulkarni,106,2433,3037.0,108,1134,112,8,405.5,7.49,28.12,46.61,22.53
C Murray,104,2875,3060.0,108,1248,108,22,479.2,6.39,28.33,43.41,26.62
AJ Hall,65,4404,2985.0,108,2839,63,19,734.0,4.07,27.64,64.46,40.78
P Vastrakar,113,3099,2812.0,107,1770,75,9,516.5,5.44,26.28,57.12,28.96
Pavandeep Singh,88,1955,1985.0,107,1026,122,2,325.8,6.09,18.55,52.48,18.27
S Molineux,79,2525,2008.0,107,1426,34,1,420.8,4.77,18.77,56.48,23.6
Ali Khan,86,2132,2644.0,105,1004,148,15,355.3,7.44,25.18,47.09,20.3
E Chigumbura,134,4928,4424.0,105,2853,190,35,821.3,5.39,42.13,57.89,46.93
JW Hastings,81,2791,2805.0,105,1425,76,8,465.2,6.03,26.71,51.06,26.58
L Delany,122,2683,2483.0,105,1232,110,8,447.2,5.55,23.65,45.92,25.55
AAP Atkinson,38,4084,2827.0,105,2864,46,36,680.7,4.15,26.92,70.13,38.9
KJ O'Brien,108,3027,3007.0,105,1537,90,4,504.5,5.96,28.64,50.78,28.83
K Santokie,69,1558,1987.0,105,643,66,1,259.7,7.65,18.92,41.27,14.84
C Aweko,89,2022,1465.0,105,1164,46,2,337.0,4.35,13.95,57.57,19.26
CB Mpofu,103,5646,4895.0,105,3435,166,18,941.0,5.2,46.62,60.84,53.77
Shafiul Islam,88,4580,3913.0,105,2758,114,7,763.3,5.13,37.27,60.22,43.62
MT Steketee,77,1608,2397.0,104,648,72,11,268.0,8.94,23.05,40.3,15.46
OE Robinson,24,4479,2003.0,104,3542,5,83,746.5,2.68,19.26,79.08,43.07
BMSM Kumari,132,3545,3392.0,104,1654,104,3,590.8,5.74,32.62,46.66,34.09
MJ Swepson,109,3158,3311.0,104,1331,55,5,526.3,6.29,31.84,42.15,30.37
A Dutt,86,3382,2846.0,103,1925,41,4,563.7,5.05,27.63,56.92,32.83
Nauman Ali,26,4973,2621.0,103,3556,6,41,828.8,3.16,25.45,71.51,48.28
CJ Anderson,111,3527,3280.0,103,1940,109,2,587.8,5.58,31.84,55.0,34.24
PL Harris,39,8789,3913.0,102,6671,24,16,1464.8,2.67,38.36,75.9,86.17
AY Patel,29,5176,2741.0,102,3795,7,0,862.7,3.18,26.87,73.32,50.75
C de Grandhomme,130,6337,3961.0,102,4285,89,30,1056.2,3.75,38.83,67.62,62.13
Zeeshan Maqsood,101,3127,2588.0,102,1588,26,3,521.2,4.97,25.37,50.78,30.66
N Boochatham,91,2146,1539.0,101,1294,49,2,357.7,4.3,15.24,60.3,21.25
Saad Bin Zafar,97,3123,2664.0,101,1611,55,0,520.5,5.12,26.38,51.59,30.92
N Vanua,92,2973,2895.0,101,1595,130,25,495.5,5.84,28.66,53.65,29.44
Mohammad Rafique,75,7300,4393.0,101,4775,49,20,1216.7,3.61,43.5,65.41,72.28
Hasan Mahmud,61,3713,2935.0,101,2402,53,11,618.8,4.74,29.06,64.69,36.76
KJ Abbott,64,3910,2682.0,100,2691,58,14,651.7,4.12,26.82,68.82,39.1
Mohammad Nabi,126,2303,2649.0,100,869,23,1,383.8,6.9,26.49,37.73,23.03
DM de Silva,156,6513,4429.0,100,3767,25,18,1085.5,4.08,44.29,57.84,65.13
J Overton,75,1981,2306.0,100,977,81,5,330.2,6.98,23.06,49.32,19.81
H Ssenyondo,78,1621,1443.0,100,802,14,0,270.2,5.34,14.43,49.48,16.21
Fahima Khatun,123,2986,2563.0,99,1391,36,4,497.7,5.15,25.89,46.58,30.16
N Shree Charani,64,2137,2230.0,99,943,24,4,356.2,6.26,22.53,44.13,21.59
B Stanlake,97,2233,2849.0,99,1033,87,5,372.2,7.66,28.78,46.26,22.56
O Prendergast,111,2750,2480.0,99,1640,176,5,458.3,5.41,25.05,59.64,27.78
Shahadat Hossain,72,6391,5012.0,99,4190,98,132,1065.2,4.71,50.63,65.56,64.56
A Mohammed,99,3150,2643.0,99,1532,32,3,525.0,5.03,26.7,48.63,31.82
JL Gunn,81,3637,2338.0,99,2346,70,7,606.2,3.86,23.62,64.5,36.74
KTGD Prasad,47,5052,3488.0,99,3412,55,56,842.0,4.14,35.23,67.54,51.03
SB Styris,140,4536,3548.0,99,2531,56,5,756.0,4.69,35.84,55.8,45.82
LV van Beek,69,2516,2534.0,99,1352,115,3,419.3,6.04,25.6,53.74,25.41
K Ramharack,108,3200,2880.0,99,1547,63,2,533.3,5.4,29.09,48.34,32.32
RJW Topley,82,2404,2763.0,98,1193,88,5,400.7,6.9,28.19,49.63,24.53
C de Lange,97,2392,2032.0,98,1184,48,20,398.7,5.1,20.73,49.5,24.41
AB Dinda,97,2290,2930.0,98,1032,79,19,381.7,7.68,29.9,45.07,23.37
CAK Rajitha,62,4547,3458.0,98,3043,85,49,757.8,4.56,35.29,66.92,46.4
Usman Shinwari,78,2064,2386.0,98,968,41,18,344.0,6.94,24.35,46.9,21.06
AH Maqsood,89,1962,1748.0,97,973,63,7,327.0,5.35,18.02,49.59,20.23
DR Smith,147,3451,3448.0,97,1745,91,18,575.2,5.99,35.55,50.57,35.58
OF Smith,102,1846,2952.0,97,733,172,29,307.7,9.59,30.43,39.71,19.03
C Green,118,4327,3678.0,97,2650,90,49,721.2,5.1,37.92,61.24,44.61
V Sehwag,153,5792,3881.0,97,3469,49,41,965.3,4.02,40.01,59.89,59.71
LA Marsh,76,4594,2723.0,96,2991,30,0,765.7,3.56,28.36,65.11,47.85
XJ Doherty,99,4497,3819.0,96,2360,39,1,749.5,5.1,39.78,52.48,46.84
GS Sandhu,85,1741,2357.0,96,667,81,9,290.2,8.12,24.55,38.31,18.14
LN Rajbanshi,84,3056,2323.0,96,1759,27,2,509.3,4.56,24.2,57.56,31.83
KK Cooper,84,1714,2290.0,96,614,56,6,285.7,8.02,23.85,35.82,17.85
Harmeet Singh,82,2569,2395.0,95,1274,48,11,428.2,5.59,25.21,49.59,27.04
RR Emrit,86,1828,2363.0,95,714,77,10,304.7,7.76,24.87,39.06,19.24
AR Ramjani,56,1215,948.0,95,655,9,0,202.5,4.68,9.98,53.91,12.79
MP Kuhnemann,82,2843,2657.0,94,1371,34,3,473.8,5.61,28.27,48.22,30.24
M Pathirana,66,1554,2140.0,94,623,179,11,259.0,8.26,22.77,40.09,16.53
S Shillingford,42,5240,3078.0,93,3620,18,15,873.3,3.52,33.1,69.08,56.34
Diana Baig,119,3710,3430.0,93,2130,163,19,618.3,5.55,36.88,57.41,39.89
Aayan Afzal Khan,73,2824,2140.0,93,1595,22,1,470.7,4.55,23.01,56.48,30.37
JN Frylinck,79,2177,1995.0,92,1104,76,3,362.8,5.5,21.68,50.71,23.66
Mohammad Nawaz (3),99,2658,2623.0,92,1302,30,2,443.0,5.92,28.51,48.98,28.89
F Banunaek,101,1836,2123.0,92,833,71,8,306.0,6.94,23.08,45.37,19.96
M Akayezu,86,1595,2087.0,92,761,161,23,265.8,7.85,22.68,47.71,17.34
CL Tryon,165,4266,3944.0,92,2129,131,6,711.0,5.55,42.87,49.91,46.37
S Randiv,56,4883,3189.0,92,2990,19,4,813.8,3.92,34.66,61.23,53.08
MJ Clarke,157,4846,3268.0,91,2748,41,2,807.7,4.05,35.91,56.71,53.25
Z Bimenyimana,90,1697,1999.0,91,873,79,8,282.8,7.07,21.97,51.44,18.65
CA Soper,72,2742,2199.0,91,1621,55,4,457.0,4.81,24.16,59.12,30.13
Sohail Khan,69,3520,3230.0,91,2096,68,18,586.7,5.51,35.49,59.55,38.68
J Mbabazi,77,1512,1236.0,91,824,57,1,252.0,4.9,13.58,54.5,16.62
DJ Hawoe,102,1776,2167.0,91,831,121,3,296.0,7.32,23.81,46.79,19.52
Noor Ahmad,77,1698,2221.0,91,644,70,10,283.0,7.85,24.41,37.93,18.66
KDU Prabodhani,117,3135,2692.0,91,1732,69,11,522.5,5.15,29.58,55.25,34.45
P Maya,97,1738,1525.0,90,1031,86,18,289.7,5.26,16.94,59.32,19.31
Rabeya Khan,88,2670,2050.0,90,1373,27,0,445.0,4.61,22.78,51.42,29.67
KR Mayers,123,3268,2724.0,90,2053,86,15,544.7,5.0,30.27,62.82,36.31
DBL Powell,63,6041,4097.0,90,4159,98,28,1006.8,4.07,45.52,68.85,67.12
Shakeel Ahmed,68,2248,1779.0,90,1321,18,19,374.7,4.75,19.77,58.76,24.98
T Panyangara,69,4199,3312.0,90,2708,86,40,699.8,4.73,36.8,64.49,46.66
DM Nakrani,70,1417,1340.0,89,710,29,5,236.2,5.67,15.06,50.11,15.92
W O'Rourke,44,3253,2445.0,89,2198,107,17,542.2,4.51,27.47,67.57,36.55
Mohammad Saifuddin,73,2230,2644.0,89,926,85,7,371.7,7.11,29.71,41.52,25.06
JA Warrican,34,5047,2738.0,89,3516,5,18,841.2,3.26,30.76,69.67,56.71
HR Walsh,88,2175,2488.0,89,927,52,1,362.5,6.86,27.96,42.62,24.44
E Rukiriza,80,1531,1615.0,89,743,50,1,255.2,6.33,18.15,48.53,17.2
Mahedi Hasan,83,2118,2223.0,89,965,32,5,353.0,6.3,24.98,45.56,23.8
K Pierre,98,2644,2713.0,88,1327,59,2,440.7,6.16,30.83,50.19,30.05
Muhammad Nadir,74,1698,1384.0,88,955,31,6,283.0,4.89,15.73,56.24,19.3
T Thushara,55,3368,2643.0,88,2140,97,40,561.3,4.71,30.03,63.54,38.27
KV Sharma,91,2017,2606.0,88,779,26,0,336.2,7.75,29.61,38.62,22.92
BFW de Leede,78,2125,2334.0,88,1004,108,10,354.2,6.59,26.52,47.25,24.15
KE Bryce,80,1767,1585.0,88,955,62,0,294.5,5.38,18.01,54.05,20.08
YK Pathan,148,2936,3206.0,88,1152,68,0,489.3,6.55,36.43,39.24,33.36
A Vala,95,2615,1953.0,87,1406,23,2,435.8,4.48,22.45,53.77,30.06
SMSM Senanayake,80,3198,2747.0,87,1630,36,0,533.0,5.15,31.57,50.97,36.76
S Mahmood,53,1976,2013.0,87,1104,55,9,329.3,6.11,23.14,55.87,22.71
J Theron,64,1791,2017.0,87,781,67,9,298.5,6.76,23.18,43.61,20.59
PADLR Sandakan,61,4011,3372.0,87,2100,74,20,668.5,5.04,38.76,52.36,46.1
WA Agar,71,1421,2099.0,87,571,80,6,236.8,8.86,24.13,40.18,16.33
WP Masakadza,110,4037,3543.0,87,2013,43,2,672.8,5.27,40.72,49.86,46.4
K Fraser,71,1689,1463.0,87,865,44,1,281.5,5.2,16.82,51.21,19.41
SK Raina,212,4422,3970.0,87,2040,58,0,737.0,5.39,45.63,46.13,50.83
MD Bimenyimana,70,1402,1027.0,87,805,44,1,233.7,4.4,11.8,57.42,16.11
Harshit Rana,60,1858,2352.0,86,900,55,9,309.7,7.6,27.35,48.44,21.6
V Permaul,85,3831,3027.0,86,2266,48,2,638.5,4.74,35.2,59.15,44.55
LM Jongwe,82,2100,2455.0,86,901,98,11,350.0,7.01,28.55,42.9,24.42
T Natarajan,80,1999,2762.0,86,766,90,10,333.2,8.29,32.12,38.32,23.24
Ahmed Raza,90,3312,2606.0,86,1748,40,1,552.0,4.72,30.3,52.78,38.51
Salma Khatun,88,2297,1768.0,86,1297,45,0,382.8,4.62,20.56,56.46,26.71
SS Connell,120,3094,2922.0,86,1698,175,8,515.7,5.67,33.98,54.88,35.98
TL Best,55,3663,2808.0,85,2403,115,38,610.5,4.6,33.04,65.6,43.09
RD Chahar,86,1886,2417.0,85,677,37,4,314.3,7.69,28.44,35.9,22.19
J Nkomo,72,1837,1403.0,85,1160,112,11,306.2,4.58,16.51,63.15,21.61
TS Mills,76,1665,2418.0,85,661,90,10,277.5,8.71,28.45,39.7,19.59
TS Sekhukhune,78,2671,2512.0,85,1468,88,11,445.2,5.64,29.55,54.96,31.42
B Evans,61,1994,2124.0,85,1024,51,14,332.3,6.39,24.99,51.35,23.46
JC Tongue,22,3128,2282.0,85,2141,25,19,521.3,4.38,26.85,68.45,36.8
Nahid Rana,35,2764,2208.0,85,1771,45,28,460.7,4.79,25.98,64.07,32.52
Yasim Murtaza,75,1563,1672.0,84,688,27,3,260.5,6.42,19.9,44.02,18.61
DP Nannes,69,1535,1856.0,84,721,74,7,255.8,7.25,22.1,46.97,18.27
Rumana Ahmed,85,2026,1676.0,84,1005,19,1,337.7,4.96,19.95,49.61,24.12
Zulfiqar Babar,44,5342,3032.0,84,3711,14,2,890.3,3.41,36.1,69.47,63.6
C Bosch,62,1971,2197.0,84,1016,56,5,328.5,6.69,26.15,51.55,23.46
CA Henry,121,2691,2710.0,83,1446,116,8,448.5,6.04,32.65,53.73,32.42
MW Forde,73,1888,2235.0,83,983,98,5,314.7,7.1,26.93,52.07,22.75
NP Kenjige,84,3375,2607.0,83,1865,23,2,562.5,4.63,31.41,55.26,40.66
D Heyliger,76,2013,2098.0,83,1053,107,4,335.5,6.25,25.28,52.31,24.25
OU Ranasinghe,82,2103,2131.0,83,895,36,4,350.5,6.08,25.67,42.56,25.34
Imran Anwar,88,1553,1855.0,83,672,45,9,258.8,7.17,22.35,43.27,18.71
MVT Fernando,36,4574,2860.0,82,3215,40,10,762.3,3.75,34.88,70.29,55.78
HM Rowe,84,2492,2212.0,82,1414,147,4,415.3,5.33,26.98,56.74,30.39
Fayyaz Butt,73,2123,2316.0,82,1054,66,16,353.8,6.55,28.24,49.65,25.89
C Sutthiruang,114,2050,1555.0,82,1310,124,10,341.7,4.55,18.96,63.9,25.0
S Chaturongrattana,71,1476,1057.0,82,863,25,1,246.0,4.3,12.89,58.47,18.0
Aqib Iqbal,70,1513,1771.0,82,740,90,3,252.2,7.02,21.6,48.91,18.45
Jasdeep Singh,73,2578,2710.0,82,1310,73,34,429.7,6.31,33.05,50.81,31.44
Basil Hameed,74,1890,1555.0,81,994,28,0,315.0,4.94,19.2,52.59,23.33
AM Kimote,67,1098,1279.0,81,497,38,3,183.0,6.99,15.79,45.26,13.56
D Hazell,78,2792,2103.0,81,1521,40,13,465.3,4.52,25.96,54.48,34.47
IO Okpe,81,1414,1609.0,81,631,35,30,235.7,6.83,19.86,44.63,17.46
RS Bopara,140,3110,2949.0,81,1487,74,15,518.3,5.69,36.41,47.81,38.4
IE O'Brien,33,4295,2750.0,80,3112,20,18,715.8,3.84,34.38,72.46,53.69
Vraj Patel,57,1242,1115.0,80,643,26,0,207.0,5.39,13.94,51.77,15.52
RMS Eranga,38,4631,2880.0,80,3255,41,42,771.8,3.73,36.0,70.29,57.89
E Bisht,58,2621,1743.0,80,1610,22,3,436.8,3.99,21.79,61.43,32.76
T Lungameni,74,2297,2101.0,80,1263,80,5,382.8,5.49,26.26,54.98,28.71
Sajid Khan,23,4033,2360.0,80,2766,9,2,672.2,3.51,29.5,68.58,50.41
MC Henriques,130,2380,2744.0,80,984,55,4,396.7,6.92,34.3,41.34,29.75
D Brown,77,2658,2211.0,79,1695,163,31,443.0,4.99,27.99,63.77,33.65
LA Dawson,80,2607,2491.0,79,1285,23,0,434.5,5.73,31.53,49.29,33.0
SCG MacGill,24,4503,2592.0,79,3320,6,26,750.5,3.45,32.81,73.73,57.0
LS Livingstone,113,1959,2499.0,79,703,43,1,326.5,7.65,31.63,35.89,24.8
G Coetzee,49,1711,2048.0,78,926,87,6,285.2,7.18,26.26,54.12,21.94
S Vijay Unni,74,1379,1439.0,78,628,20,2,229.8,6.26,18.45,45.54,17.68
A Reddy,87,2052,2484.0,78,799,72,8,342.0,7.26,31.85,38.94,26.31
JW Dernbach,68,2170,2661.0,78,940,98,9,361.7,7.36,34.12,43.32,27.82
CW Perchard,51,1164,1144.0,77,549,28,1,194.0,5.9,14.86,47.16,15.12
Anam Amin,73,2220,1808.0,77,1244,50,5,370.0,4.89,23.48,56.04,28.83
NR Sciver-Brunt,87,2307,2284.0,77,1206,86,1,384.5,5.94,29.66,52.28,29.96
RTM Mendis,22,4287,2334.0,77,2912,9,6,714.5,3.27,30.31,67.93,55.68
JC Tredwell,60,3165,2378.0,77,1823,7,0,527.5,4.51,30.88,57.6,41.1
MD Shanaka,124,2537,2491.0,77,1233,68,8,422.8,5.89,32.35,48.6,32.95
Khawar Ali,65,2110,1852.0,77,984,37,0,351.7,5.27,24.05,46.64,27.4
AR Nurse,102,3065,3180.0,77,1295,64,1,510.8,6.23,41.3,42.25,39.81
Mohammad Naveed,54,2029,1853.0,77,1137,45,15,338.2,5.48,24.06,56.04,26.35
FA Allen,113,2213,2677.0,76,857,23,3,368.8,7.26,35.22,38.73,29.12
TS Rogers,59,1282,1793.0,76,507,35,3,213.7,8.39,23.59,39.55,16.87
K Klein,43,1541,1475.0,76,876,60,2,256.8,5.74,19.41,56.85,20.28
BJ McMullen,62,2206,1857.0,76,1359,40,14,367.7,5.05,24.43,61.6,29.03
HASD Siriwardene,86,2708,2356.0,76,1285,51,0,451.3,5.22,31.0,47.45,35.63
MNM Aslam,68,1413,1453.0,75,635,15,2,235.5,6.17,19.37,44.94,18.84
AC Evans,55,1892,2000.0,75,1007,78,5,315.3,6.34,26.67,53.22,25.23
SR Patel,100,3132,2942.0,75,1520,23,1,522.0,5.64,39.23,48.53,41.76
K Kunwar,75,1353,958.0,75,872,77,4,225.5,4.25,12.77,64.45,18.04
W Mwatile,92,1876,1420.0,75,1204,158,9,312.7,4.54,18.93,64.18,25.01
PWA Mulder,63,3032,2150.0,75,2066,62,55,505.3,4.25,28.67,68.14,40.43
N Senamontree,52,1138,1041.0,75,623,18,0,189.7,5.49,13.88,54.75,15.17
MS Kasprowicz,31,2965,1767.0,75,2184,15,91,494.2,3.58,23.56,73.66,39.53
AM Hardie,80,1526,1921.0,74,646,54,1,254.3,7.55,25.96,42.33,20.62
Syed Aziz,79,1395,1727.0,74,653,101,10,232.5,7.43,23.34,46.81,18.85
AA Alleyne,102,2288,2434.0,74,1149,154,21,381.3,6.38,32.89,50.22,30.92
SPD Smith,116,2986,2580.0,74,1518,13,2,497.7,5.18,34.86,50.84,40.35
Kaleemullah,84,2741,2308.0,74,1675,45,4,456.8,5.05,31.19,61.11,37.04
Al-Amin Hossain,50,2281,1865.0,74,1404,32,3,380.2,4.91,25.2,61.55,30.82
L Wood,61,1378,1985.0,73,552,39,7,229.7,8.64,27.19,40.06,18.88
VR Aaron,68,2563,2847.0,73,1418,98,32,427.2,6.66,39.0,55.33,35.11
CD Collymore,52,5220,2887.0,73,3794,68,56,870.0,3.32,39.55,72.68,71.51
KS Williamson,130,3754,2712.0,73,2138,32,2,625.7,4.33,37.15,56.95,51.42
Marufa Akter,83,2132,1919.0,73,1245,82,3,355.3,5.4,26.29,58.4,29.21
Bilal Zalmai,61,1427,1660.0,72,600,41,2,237.8,6.98,23.06,42.05,19.82
Mukesh Kumar,65,1606,2240.0,72,774,69,32,267.7,8.37,31.11,48.19,22.31
L Embuldeniya,17,4845,2611.0,71,3463,1,34,807.5,3.23,36.77,71.48,68.24
R Bhatia,91,1636,2020.0,71,467,23,2,272.7,7.41,28.45,28.55,23.04
KA Green,77,1508,1106.0,71,923,111,3,251.3,4.4,15.58,61.21,21.24
Shoaib Bashir,19,4427,2799.0,71,2944,2,3,737.8,3.79,39.42,66.5,62.35
UWMBCA Welegedara,32,4292,2767.0,71,3065,28,75,715.3,3.87,38.97,71.41,60.45
RRS Cornwall,73,3421,2411.0,71,2214,33,1,570.2,4.23,33.96,64.72,48.18
CB Sole,48,1809,1813.0,70,1048,86,20,301.5,6.01,25.9,57.93,25.84
Naveen-ul-Haq,58,1256,1834.0,70,478,59,9,209.3,8.76,26.2,38.06,17.94
Rumman Raees,65,1610,1973.0,70,674,58,10,268.3,7.35,28.19,41.86,23.0
BM Tickner,42,2099,2053.0,70,1186,58,11,349.8,5.87,29.33,56.5,29.99
PM Seelaar,79,2163,2085.0,70,981,15,0,360.5,5.78,29.79,45.35,30.9
M Wai Siu,79,1470,1266.0,70,856,96,5,245.0,5.17,18.09,58.23,21.0
AF Giles,51,5409,3112.0,70,3556,22,0,901.5,3.45,44.46,65.74,77.27
Khurram Shahzad,32,2108,1773.0,70,1378,11,55,351.3,5.05,25.33,65.37,30.11
S Dharnidharka,75,1383,1112.0,70,877,127,6,230.5,4.82,15.89,63.41,19.76
HNK Jensen,73,1887,1848.0,69,928,51,2,314.5,5.88,26.78,49.18,27.35
HC Knight,96,2314,1774.0,69,1254,41,2,385.7,4.6,25.71,54.19,33.54
P Aho,62,1153,1191.0,69,626,92,7,192.2,6.2,17.26,54.29,16.71
Muslim Yar,56,1145,1258.0,69,487,25,1,190.8,6.59,18.23,42.53,16.59
Usman Tariq,47,1091,1297.0,69,426,54,0,181.8,7.13,18.8,39.05,15.81
IDR Bradshaw,52,3353,2184.0,69,2246,77,35,558.8,3.91,31.65,66.98,48.59
T Sangha,62,1428,1740.0,69,491,29,0,238.0,7.31,25.22,34.38,20.7
BJ Currie,38,1193,964.0,69,728,42,0,198.8,4.85,13.97,61.02,17.29
M Kartik,82,3143,2814.0,69,1612,45,30,523.8,5.37,40.78,51.29,45.55
SR Harmer,14,3134,1504.0,69,2347,0,1,522.3,2.88,21.8,74.89,45.42
TM McGrath,92,2350,2032.0,69,1306,64,19,391.7,5.19,29.45,55.57,34.06
GD Elliott,87,1908,1787.0,68,918,39,1,318.0,5.62,26.28,48.11,28.06
LN Oluoch,67,1213,1439.0,68,594,81,6,202.2,7.12,21.16,48.97,17.84
DR Tuffey,47,3134,2220.0,68,2157,68,27,522.3,4.25,32.65,68.83,46.09
Sadia Yousuf,56,1930,1618.0,68,972,30,1,321.7,5.03,23.79,50.36,28.38
Gulsan Jha,78,1877,1982.0,68,930,101,6,312.8,6.34,29.15,49.55,27.6
SH Johnson,56,1298,1709.0,68,636,58,12,216.3,7.9,25.13,49.0,19.09
Aqib Ilyas,62,1591,1409.0,68,770,18,0,265.2,5.31,20.72,48.4,23.4
TJ Murtagh,45,2303,1720.0,68,1467,31,1,383.8,4.48,25.29,63.7,33.87
D Maisuria,39,775,781.0,68,412,10,0,129.2,6.05,11.49,53.16,11.4
N McAndrew,74,1367,2055.0,68,514,66,10,227.8,9.02,30.22,37.6,20.1
Ebadat Hossain,38,4329,2854.0,68,3034,48,19,721.5,3.96,41.97,70.09,63.66
Iftikhar Anjum,58,2810,2329.0,68,1646,40,6,468.3,4.97,34.25,58.58,41.32
FJ Klaassen,56,1713,1738.0,67,906,74,11,285.5,6.09,25.94,52.89,25.57
Salman Irshad,53,1112,1704.0,67,359,50,5,185.3,9.19,25.43,32.28,16.6
B Ward,45,1096,1031.0,67,488,11,0,182.7,5.64,15.39,44.53,16.36
Muhammad Jawadullah,50,1449,1627.0,67,729,73,8,241.5,6.74,24.28,50.31,21.63
A Bohara,59,1236,1500.0,67,453,28,1,206.0,7.28,22.39,36.65,18.45
Mohammad Ali,41,2229,1993.0,67,1402,34,36,371.5,5.36,29.75,62.9,33.27
Abdul Majid Abbasi,76,1624,1513.0,67,821,7,1,270.7,5.59,22.58,50.55,24.24
CJA Amini,82,2293,2036.0,67,1119,39,2,382.2,5.33,30.39,48.8,34.22
L Tshuma,69,1675,1457.0,67,834,32,6,279.2,5.22,21.75,49.79,25.0
CT Tremlett,28,3666,2158.0,66,2687,32,59,611.0,3.53,32.7,73.3,55.55
TM Head,119,2658,2408.0,66,1276,29,1,443.0,5.44,36.48,48.01,40.27
SC Selman,91,2483,2013.0,66,1395,67,34,413.8,4.86,30.5,56.18,37.62
Ritu Moni,88,1834,1632.0,66,871,30,1,305.7,5.34,24.73,47.49,27.79
JK Lalor,64,1308,1834.0,66,511,53,9,218.0,8.41,27.79,39.07,19.82
S Siegers,85,1761,1807.0,66,827,52,21,293.5,6.16,27.38,46.96,26.68
D Madushanka,46,1568,1817.0,65,805,77,10,261.3,6.95,27.95,51.34,24.12
SK Trivedi,75,1506,1904.0,65,528,42,9,251.0,7.59,29.29,35.06,23.17
NK Patel,56,1913,1551.0,65,1006,29,0,318.8,4.86,23.86,52.59,29.43
EA Osborne,56,1871,1426.0,65,979,17,7,311.8,4.57,21.94,52.32,28.78
F Nsubuga,63,1290,999.0,65,784,7,1,215.0,4.65,15.37,60.78,19.85
IKEG Artawan,78,1284,1472.0,65,534,43,8,214.0,6.88,22.65,41.59,19.75
C Campher,90,2417,2524.0,65,1177,66,8,402.8,6.27,38.83,48.7,37.18
Simi Singh,61,1794,1644.0,65,847,23,1,299.0,5.5,25.29,47.21,27.6
Washeem Abbas,49,1035,1400.0,65,428,68,2,172.5,8.12,21.54,41.35,15.92
SA Okpe,76,1334,1311.0,65,601,24,1,222.3,5.9,20.17,45.05,20.52
Rosine Irera,63,1240,810.0,64,768,26,2,206.7,3.92,12.66,61.94,19.38
Anwar Ali,83,2015,2574.0,64,830,59,4,335.8,7.66,40.22,41.19,31.48
C Kyewuta,47,931,1058.0,64,482,61,11,155.2,6.82,16.53,51.77,14.55
RA Reifer,63,1309,1553.0,64,608,67,7,218.2,7.12,24.27,46.45,20.45
Tanzim Hasan Sakib,51,1456,1746.0,64,715,54,6,242.7,7.2,27.28,49.11,22.75
RP Burl,96,1565,1860.0,64,623,50,1,260.8,7.13,29.06,39.81,24.45
Jahanara Alam,83,2060,1851.0,64,1181,79,7,343.3,5.39,28.92,57.33,32.19
Q Abel,40,817,633.0,64,480,31,1,136.2,4.65,9.89,58.75,12.77
Sohag Gazi,38,4278,2620.0,64,2789,27,0,713.0,3.67,40.94,65.19,66.84
Saim Ayub,89,1768,2003.0,64,740,32,3,294.7,6.8,31.3,41.86,27.62
Aamir Kaleem,55,1338,1257.0,64,676,13,1,223.0,5.64,19.64,50.52,20.91
SR Patil,51,1096,1326.0,64,464,25,2,182.7,7.26,20.72,42.34,17.12
Yasin Patel,54,1202,1198.0,63,594,35,0,200.3,5.98,19.02,49.42,19.08
PZ Kamunya,54,1143,803.0,63,695,30,3,190.5,4.22,12.75,60.8,18.14
H Thaker,69,1975,1665.0,63,1000,11,0,329.2,5.06,26.43,50.63,31.35
I Udana,69,1834,2371.0,63,705,85,2,305.7,7.76,37.63,38.44,29.11
Qais Ahmad,52,1123,1521.0,63,379,32,0,187.2,8.13,24.14,33.75,17.83
Imran Khan,62,1147,1391.0,62,518,41,3,191.2,7.28,22.44,45.16,18.5
D Olivier,18,2406,1556.0,62,1742,11,13,401.0,3.88,25.1,72.4,38.81
J Miyaji,44,880,906.0,62,496,48,20,146.7,6.18,14.61,56.36,14.19
Ishtiaq Ahmad,41,878,1000.0,62,430,46,8,146.3,6.83,16.13,48.97,14.16
N Burger,41,1476,1636.0,62,859,64,6,246.0,6.65,26.39,58.2,23.81
Usman Qadir,55,1164,1635.0,62,404,21,5,194.0,8.43,26.37,34.71,18.77
T van der Gugten,58,1357,1367.0,62,701,37,2,226.2,6.04,22.05,51.66,21.89
M Mooketsi,52,1124,1170.0,62,601,28,1,187.3,6.25,18.87,53.47,18.13
GD Phillips,77,2816,2249.0,62,1506,17,2,469.3,4.79,36.27,53.48,45.42
L Pope,50,984,1374.0,62,304,38,0,164.0,8.38,22.16,30.89,15.87
B Shikongo,63,1485,1581.0,62,765,65,7,247.5,6.39,25.5,51.52,23.95
S Kaul,60,1375,1944.0,62,481,24,7,229.2,8.48,31.35,34.98,22.18
Mahirah Izzati Ismail,69,1380,1115.0,62,676,33,9,230.0,4.85,17.98,48.99,22.26
RA Mair,75,2209,2148.0,62,1133,92,14,368.2,5.83,34.65,51.29,35.63
Syed Rasel,54,3086,2376.0,62,1985,39,54,514.3,4.62,38.32,64.32,49.77
RC Belbashi,76,1352,985.0,62,734,30,1,225.3,4.37,15.89,54.29,21.81
JDF Vandersay,49,2081,2006.0,61,928,23,3,346.8,5.78,32.89,44.59,34.11
S Ravichandran,47,881,720.0,61,460,13,0,146.8,4.9,11.8,52.21,14.44
DT Tiripano,60,3962,2736.0,61,2624,71,38,660.3,4.14,44.85,66.23,64.95
Chan Ka Man,63,1268,934.0,61,702,18,3,211.3,4.42,15.31,55.36,20.79
Sufiyan Muqeem,41,987,1113.0,61,434,22,3,164.5,6.77,18.25,43.97,16.18
DN Wellalage,51,1916,1788.0,61,927,24,1,319.3,5.6,29.31,48.38,31.41
G Matome,53,1083,761.0,61,714,74,6,180.5,4.22,12.48,65.93,17.75
IK Gamantika,61,1095,1074.0,61,485,26,3,182.5,5.88,17.61,44.29,17.95
M Koli,45,977,1214.0,61,487,105,0,162.8,7.46,19.9,49.85,16.02
K Ndlovu,56,1397,1173.0,61,833,58,10,232.8,5.04,19.23,59.63,22.9
NG Smith,31,2101,1765.0,61,1328,25,29,350.2,5.04,28.93,63.21,34.44
Zaman Khan,54,1096,1577.0,60,403,76,15,182.7,8.63,26.28,36.77,18.27
M Bibi,72,1089,1123.0,60,546,117,8,181.5,6.19,18.72,50.14,18.15
SR Magar,63,1185,952.0,60,609,44,3,197.5,4.82,15.87,51.39,19.75
AR Cusack,53,1448,1409.0,60,725,43,3,241.3,5.84,23.48,50.07,24.13
KP Meiyappan,46,1520,1481.0,60,710,26,0,253.3,5.85,24.68,46.71,25.33
A Ikuzwe,58,1084,868.0,60,628,57,2,180.7,4.8,14.47,57.93,18.07
NO Miller,82,2631,2401.0,60,1232,33,0,438.5,5.48,40.02,46.83,43.85
MR Gillespie,40,2235,1976.0,60,1401,33,52,372.5,5.3,32.93,62.68,37.25
VJ Kingma,51,1684,1639.0,59,999,80,17,280.7,5.84,27.78,59.32,28.54
YM Nkanya,46,921,799.0,59,476,14,0,153.5,5.21,13.54,51.68,15.61
JN Loftie-Eaton,72,1445,1480.0,59,650,11,3,240.8,6.15,25.08,44.98,24.49
Hamza Tahir,44,1754,1486.0,59,891,20,0,292.3,5.08,25.19,50.8,29.73
Dawood Ahmadzai,50,1079,1176.0,59,516,18,3,179.8,6.54,19.93,47.82,18.29
Ali Naseer,50,1359,1507.0,58,652,25,5,226.5,6.65,25.98,47.98,23.43
J Maguire,68,1883,1774.0,58,1026,81,3,313.8,5.65,30.59,54.49,32.47
T Shadrack,53,1075,718.0,58,735,56,8,179.2,4.01,12.38,68.37,18.53
D Gough,41,2100,1593.0,58,1357,61,38,350.0,4.55,27.47,64.62,36.21
Asmavia Iqbal,60,1753,1658.0,58,948,98,1,292.2,5.67,28.59,54.08,30.22
Nasum Ahmed,59,1692,1697.0,58,842,24,0,282.0,6.02,29.26,49.76,29.17
H Kerr,51,961,1352.0,58,298,12,0,160.2,8.44,23.31,31.01,16.57
S Kotte,60,1132,697.0,58,731,20,2,188.7,3.69,12.02,64.58,19.52
JH Davey,44,1351,1396.0,58,693,47,6,225.2,6.2,24.07,51.3,23.29
S Thakor,51,966,892.0,57,504,31,1,161.0,5.54,15.65,52.17,16.95
TU Deshpande,55,1139,1913.0,57,418,85,7,189.8,10.08,33.56,36.7,19.98
LCN Smith,49,1402,1358.0,57,668,16,2,233.7,5.81,23.82,47.65,24.6
Ghulam Ahmadi,49,1075,1126.0,57,561,15,0,179.2,6.28,19.75,52.19,18.86
Aizaz Cheema,31,2062,1483.0,57,1324,23,7,343.7,4.32,26.02,64.21,36.18
Usman Khan,39,697,823.0,57,313,39,2,116.2,7.08,14.44,44.91,12.23
EJ Carson,58,1676,1568.0,57,784,39,0,279.3,5.61,27.51,46.78,29.4
S Akiteng,57,1255,996.0,57,705,38,16,209.2,4.76,17.47,56.18,22.02
SA Jumbe,57,989,1277.0,57,425,39,11,164.8,7.75,22.4,42.97,17.35
GJ Delany,74,1382,1674.0,56,503,31,0,230.3,7.27,29.89,36.4,24.68
EN Lynch,58,1368,1122.0,56,727,38,8,228.0,4.92,20.04,53.14,24.43
RM Farrell,46,1668,1151.0,56,1017,32,2,278.0,4.14,20.55,60.97,29.79
R Ravindra,62,2395,1891.0,56,1359,18,6,399.2,4.74,33.77,56.74,42.77
ZGF Foulkes,35,1860,1509.0,56,1219,55,12,310.0,4.87,26.95,65.54,33.21
BV Sears,37,1289,1351.0,56,686,25,7,214.8,6.29,24.12,53.22,23.02
P Marange,61,1594,1201.0,56,935,69,1,265.7,4.52,21.45,58.66,28.46
LA Burns,36,778,709.0,56,386,23,1,129.7,5.47,12.66,49.61,13.89
HJ Thomas,50,1487,1084.0,56,892,29,4,247.8,4.37,19.36,59.99,26.55
S Nadeem,72,1873,2057.0,56,804,25,14,312.2,6.59,36.73,42.93,33.45
Yasir Arafat,39,1554,1490.0,55,873,35,14,259.0,5.75,27.09,56.18,28.25
Yasir Ali,39,831,733.0,55,440,24,3,138.5,5.29,13.33,52.95,15.11
M Kelly,39,835,1130.0,55,320,32,4,139.2,8.12,20.55,38.32,15.18
CN Greaves,50,1115,1177.0,55,477,15,3,185.8,6.33,21.4,42.78,20.27
SIP Fernando,52,1292,1090.0,55,685,39,0,215.3,5.06,19.82,53.02,23.49
HH Streak,38,2685,1860.0,55,1825,63,18,447.5,4.16,33.82,67.97,48.82
I Nakisuuyi,58,1116,948.0,55,581,47,0,186.0,5.1,17.24,52.06,20.29
DT Johnston,50,1844,1496.0,55,1087,48,11,307.3,4.87,27.2,58.95,33.53
N Sibanda,81,1973,1779.0,55,1132,110,6,328.8,5.41,32.35,57.37,35.87
DJ Hussey,100,1624,1749.0,55,612,27,2,270.7,6.46,31.8,37.68,29.53
A Shukla,58,1099,1454.0,54,506,58,14,183.2,7.94,26.93,46.04,20.35
EAJ Richardson,57,1190,1195.0,54,533,22,6,198.3,6.03,22.13,44.79,22.04
GF Linde,57,1512,1527.0,54,769,29,1,252.0,6.06,28.28,50.86,28.0
Umair Tariq,42,637,910.0,54,280,54,2,106.2,8.57,16.85,43.96,11.8
BMAJ Mendis,74,1818,1662.0,54,752,28,1,303.0,5.49,30.78,41.36,33.67
RM Koda,64,1207,1344.0,54,591,48,5,201.2,6.68,24.89,48.96,22.35
HWA Landheer,57,998,952.0,54,557,110,9,166.3,5.72,17.63,55.81,18.48
DL Brangman,37,726,661.0,54,395,18,0,121.0,5.46,12.24,54.41,13.44
SI Mahmood,36,2369,2030.0,53,1487,61,42,394.8,5.14,38.3,62.77,44.7
P Siaka,39,1049,641.0,53,632,18,4,174.8,3.67,12.09,60.25,19.79
K Goud,54,1666,1716.0,53,951,55,3,277.7,6.18,32.38,57.08,31.43
Iqra Sahar,75,1373,1217.0,53,820,125,5,228.8,5.32,22.96,59.72,25.91
J Sumerauer,44,983,1140.0,53,477,49,9,163.8,6.96,21.51,48.52,18.55
Mohammad Nadeem,81,1611,1788.0,53,720,38,3,268.5,6.66,33.74,44.69,30.4
WG Jacks,68,1788,1919.0,53,860,29,3,298.0,6.44,36.21,48.1,33.74
MW Short,102,1555,1909.0,53,555,41,1,259.2,7.37,36.02,35.69,29.34
KV Morea,41,1202,1128.0,53,629,39,12,200.3,5.63,21.28,52.33,22.68
Amjad Sher,44,994,1069.0,53,516,39,2,165.7,6.45,20.17,51.91,18.75
Umran Malik,43,998,1414.0,53,464,46,12,166.3,8.5,26.68,46.49,18.83
S Jimmy,45,1132,826.0,53,671,27,2,188.7,4.38,15.58,59.28,21.36
Khalid Ahmadi,30,659,707.0,52,332,56,3,109.8,6.44,13.6,50.38,12.67
GT Main,29,910,934.0,52,509,42,6,151.7,6.16,17.96,55.93,17.5
SW Bates,102,2132,1947.0,52,1040,46,9,355.3,5.48,37.44,48.78,41.0
Rehan Ahmed,34,1788,1568.0,52,965,5,1,298.0,5.26,30.15,53.97,34.38
JD Wildermuth,64,1201,1725.0,52,410,32,4,200.2,8.62,33.17,34.14,23.1
TM Odoyo,42,1685,1257.0,52,1084,56,27,280.8,4.48,24.17,64.33,32.4
I Ntirenganya,58,1146,1314.0,52,586,91,4,191.0,6.88,25.27,51.13,22.04
Nur Dania Syuhada,70,1360,1144.0,52,680,31,2,226.7,5.05,22.0,50.0,26.15
Agha Salman,94,3361,2722.0,52,1859,27,6,560.2,4.86,52.35,55.31,64.63
BC Fortuin,46,1273,1353.0,52,587,17,0,212.2,6.38,26.02,46.11,24.48
S Gopal,51,991,1349.0,52,326,8,1,165.2,8.17,25.94,32.9,19.06
R Abdulkareem,47,736,783.0,52,335,30,1,122.7,6.38,15.06,45.52,14.15
SC Kuggeleijn,39,1100,1300.0,52,550,42,5,183.3,7.09,25.0,50.0,21.15
N Boje,38,4355,2571.0,52,2970,14,1,725.8,3.54,49.44,68.2,83.75
WA Duraisingam,74,1373,1333.0,52,652,89,1,228.8,5.83,25.63,47.49,26.4
JT Brassell,50,1435,1593.0,52,743,59,12,239.2,6.66,30.63,51.78,27.6
L Filer,40,1963,1643.0,52,1212,82,12,327.2,5.02,31.6,61.74,37.75
F Overdijk,58,980,1020.0,52,503,73,5,163.3,6.24,19.62,51.33,18.85
HTRY Thornton,35,712,1030.0,51,284,26,6,118.7,8.68,20.2,39.89,13.96
Waqar Salamkheil,40,859,1197.0,51,340,9,1,143.2,8.36,23.47,39.58,16.84
A Canning,69,1731,1422.0,51,1018,96,6,288.5,4.93,27.88,58.81,33.94
V Hamunyela,57,1072,865.0,51,603,58,2,178.7,4.84,16.96,56.25,21.02
I Toua,54,1422,1044.0,51,823,31,11,237.0,4.41,20.47,57.88,27.88
JA Diergaardt,69,1193,1152.0,51,588,71,9,198.8,5.79,22.59,49.29,23.39
Aamer Jamal,42,1673,1830.0,51,948,66,14,278.8,6.56,35.88,56.66,32.8
Nasrulla Rana,55,854,1157.0,51,360,58,16,142.3,8.13,22.69,42.15,16.75
DM Kimmince,45,952,1002.0,51,384,46,0,158.7,6.32,19.65,40.34,18.67
P Useni,58,874,929.0,51,456,14,9,145.7,6.38,18.22,52.17,17.14
Ainna Hamizah Hashim,79,1339,1208.0,51,685,69,4,223.2,5.41,23.69,51.16,26.25
B Doggett,53,1234,1561.0,51,539,41,8,205.7,7.59,30.61,43.68,24.2
Qamar Mushtaque,40,730,831.0,51,333,46,6,121.7,6.83,16.29,45.62,14.31
AD Mascarenhas,53,1520,1500.0,51,743,12,2,253.3,5.92,29.41,48.88,29.8
Iftikhar Ahmed,96,1778,1935.0,50,743,24,0,296.3,6.53,38.7,41.79,35.56
AJ Bichel,31,2436,1585.0,50,1701,51,36,406.0,3.9,31.7,69.83,48.72
KM Beams,38,1539,1043.0,50,870,16,2,256.5,4.07,20.86,56.53,30.78
MD Craig,15,3669,2326.0,50,2563,1,4,611.5,3.8,46.52,69.86,73.38
FC Jonas,63,1871,1607.0,50,952,56,2,311.8,5.15,32.14,50.88,37.42
BE Hendricks,34,1146,1358.0,50,546,44,5,191.0,7.11,27.16,47.64,22.92
JS Paris,53,1089,1518.0,50,452,42,3,181.5,8.36,30.36,41.51,21.78
PA Chatterji,79,1463,1411.0,50,751,104,3,243.8,5.79,28.22,51.33,29.26
P Mishra,49,1016,1250.0,50,405,67,4,169.3,7.38,25.0,39.86,20.32
Bilal Hassun,35,684,779.0,50,365,36,14,114.0,6.83,15.58,53.36,13.68
MJ Potts,22,2617,1649.0,50,1909,30,2,436.2,3.78,32.98,72.95,52.34
Mir Hamza,41,1872,1630.0,50,1153,30,8,312.0,5.22,32.6,61.59,37.44
Khushdil Shah,63,1114,1371.0,49,414,31,0,185.7,7.38,27.98,37.16,22.73
C Karunaratne,64,1642,1854.0,49,696,68,11,273.7,6.77,37.84,42.39,33.51
H Kaur,96,1846,1632.0,49,898,31,1,307.7,5.3,33.31,48.65,37.67
RR Powar,55,2093,1753.0,49,1128,38,7,348.8,5.03,35.78,53.89,42.71
IECM Wong,39,1179,1152.0,49,679,42,5,196.5,5.86,23.51,57.59,24.06
Sirajullah Khadim,38,758,785.0,49,357,9,2,126.3,6.21,16.02,47.1,15.47
R Sharma,52,1208,1377.0,49,467,12,0,201.3,6.84,28.1,38.66,24.65
D Jakiel,35,659,797.0,49,344,41,9,109.8,7.26,16.27,52.2,13.45
Taranjeet Singh,44,842,970.0,49,378,31,1,140.3,6.91,19.8,44.89,17.18
Usman Najeeb,35,741,957.0,49,339,53,14,123.5,7.75,19.53,45.75,15.12
SJ Coyte,37,1597,975.0,48,1029,17,0,266.2,3.66,20.31,64.43,33.27
HF Gurney,42,1151,1314.0,48,508,53,7,191.8,6.85,27.38,44.14,23.98
Shahnawaz Dhani,40,844,1206.0,48,359,29,6,140.7,8.57,25.12,42.54,17.58
E Malinga,42,948,1348.0,48,371,64,4,158.0,8.53,28.08,39.14,19.75
AI Chudasama,46,1241,964.0,48,715,34,0,206.8,4.66,20.08,57.61,25.85
C Rumistrzewicz,29,630,501.0,48,304,7,5,105.0,4.77,10.44,48.25,13.12
V Saini,58,1077,1354.0,48,447,84,4,179.5,7.54,28.21,41.5,22.44
CP Tremain,53,1255,1632.0,48,517,51,5,209.2,7.8,34.0,41.2,26.15
SI Kamea,37,1272,1229.0,48,726,67,17,212.0,5.8,25.6,57.08,26.5
Nadeem Ahmed,36,1263,1057.0,48,741,12,5,210.5,5.02,22.02,58.67,26.31
K Irakoze,53,928,1082.0,48,409,32,0,154.7,7.0,22.54,44.07,19.33
Umaid Asif,47,1040,1459.0,48,379,27,0,173.3,8.42,30.4,36.44,21.67
B Murekatete,56,921,760.0,48,590,102,3,153.5,4.95,15.83,64.06,19.19
G Sesay,38,687,713.0,48,394,74,10,114.5,6.23,14.85,57.35,14.31
E Sebareme,44,766,751.0,47,383,13,2,127.7,5.88,15.98,50.0,16.3
Kushal Malla,62,1473,1179.0,47,766,24,0,245.5,4.8,25.09,52.0,31.34
H Hotchandani,53,972,747.0,47,525,25,0,162.0,4.61,15.89,54.01,20.68
Sayed Monib,36,674,963.0,47,274,50,13,112.3,8.57,20.49,40.65,14.34
R Slater,46,927,951.0,47,500,81,3,154.5,6.16,20.23,53.94,19.72
SB Jakati,57,1085,1451.0,47,355,14,2,180.8,8.02,30.87,32.72,23.09
HL Colvin,33,1465,971.0,47,849,13,3,244.2,3.98,20.66,57.95,31.17
SC van Schalkwyk,36,957,1184.0,47,409,25,2,159.5,7.42,25.19,42.74,20.36
N Pokana,39,1261,1122.0,47,713,46,7,210.2,5.34,23.87,56.54,26.83
NW Sariani,31,620,371.0,47,395,37,1,103.3,3.59,7.89,63.71,13.19
VG Arora,42,866,1406.0,47,320,55,10,144.3,9.74,29.91,36.95,18.43
SN Shihepo,53,770,690.0,47,452,77,12,128.3,5.38,14.68,58.7,16.38
AK Maguire,40,1162,1305.0,47,487,62,1,193.7,6.74,27.77,41.91,24.72
OH Agbomadzie,37,770,705.0,46,402,14,2,128.3,5.49,15.33,52.21,16.74
AK Markram,122,2394,2381.0,46,1144,48,2,399.0,5.97,51.76,47.79,52.04
K Piet,40,730,790.0,46,368,5,2,121.7,6.49,17.17,50.41,15.87
K Waiswa,39,654,810.0,46,284,34,5,109.0,7.43,17.61,43.43,14.22
M Mwatile,44,707,675.0,46,357,45,5,117.8,5.73,14.67,50.5,15.37
NJ Carey,57,1417,1318.0,46,684,30,8,236.2,5.58,28.65,48.27,30.8
S Aravind,39,782,1083.0,46,306,27,1,130.3,8.31,23.54,39.13,17.0
AM Phangiso,37,1427,1272.0,46,734,23,1,237.8,5.35,27.65,51.44,31.02
STR Binny,84,1564,1509.0,46,817,29,6,260.7,5.79,32.8,52.24,34.0
GD Arta,51,912,936.0,46,454,28,1,152.0,6.16,20.35,49.78,19.83
SK Springer,45,810,1234.0,46,279,58,5,135.0,9.14,26.83,34.44,17.61
Khizar Hayat,50,968,1040.0,45,394,9,0,161.3,6.45,23.11,40.7,21.51
M de Lange,34,1229,1329.0,45,669,39,9,204.8,6.49,29.53,54.43,27.31
PE Mendonca,38,852,680.0,45,460,38,2,142.0,4.79,15.11,53.99,18.93
C Rububagumya,54,868,1090.0,45,348,59,5,144.7,7.53,24.22,40.09,19.29
Shiraz Khan,45,916,970.0,45,412,24,1,152.7,6.35,21.56,44.98,20.36
E Wachira,41,758,596.0,45,416,22,1,126.3,4.72,13.24,54.88,16.84
BV Vitori,35,2093,1785.0,45,1276,53,13,348.8,5.12,39.67,60.97,46.51
W Sutherland,66,1164,1676.0,45,431,48,4,194.0,8.64,37.24,37.03,25.87
C Hinze,37,717,593.0,45,424,15,1,119.5,4.96,13.18,59.14,15.93
Mudassar Bukhari,40,1083,1049.0,45,583,34,3,180.5,5.81,23.31,53.83,24.07
Mariamma Hyder,50,973,854.0,45,504,47,2,162.2,5.27,18.98,51.8,21.62
H Fennell,30,628,637.0,45,337,33,3,104.7,6.09,14.16,53.66,13.96
MJ Humphreys,31,1692,1298.0,45,971,14,0,282.0,4.6,28.84,57.39,37.6
P Hatzoglou,53,1104,1428.0,45,384,58,0,184.0,7.76,31.73,34.78,24.53
Umar Adam,36,734,899.0,45,337,31,1,122.3,7.35,19.98,45.91,16.31
Zahir Khan,47,1021,1265.0,45,381,33,1,170.2,7.43,28.11,37.32,22.69
Zain Ul Abidin,42,823,796.0,45,380,15,2,137.2,5.8,17.69,46.17,18.29
Nayeem Hasan,12,2476,1267.0,44,1786,0,0,412.7,3.07,28.8,72.13,56.27
LB Williams,31,1016,1198.0,44,522,42,14,169.3,7.07,27.23,51.38,23.09
J Coetzee,25,512,404.0,44,308,30,1,85.3,4.73,9.18,60.16,11.64
Milind Kumar,39,1189,967.0,44,661,25,1,198.2,4.88,21.98,55.59,27.02
Janak Prakash,39,812,1185.0,44,317,63,3,135.3,8.76,26.93,39.04,18.45
V Vijh,43,833,1121.0,44,274,33,0,138.8,8.07,25.48,32.89,18.93
LR Morris,38,788,1014.0,44,354,32,8,131.3,7.72,23.05,44.92,17.91
HMCM Bandara,31,1864,1410.0,44,997,16,1,310.7,4.54,32.05,53.49,42.36
Khushi Sharma,48,747,663.0,44,398,33,1,124.5,5.33,15.07,53.28,16.98
M Ribeiro,34,640,508.0,44,409,81,6,106.7,4.76,11.55,63.91,14.55
HR Huddleston,36,1293,991.0,44,812,26,16,215.5,4.6,22.52,62.8,29.39
DJM Short,88,1168,1634.0,44,335,16,2,194.7,8.39,37.14,28.68,26.55
S Shrivastava,33,951,968.0,44,474,29,3,158.5,6.11,22.0,49.84,21.61
I Takahashi,49,781,737.0,44,403,28,0,130.2,5.66,16.75,51.6,17.75
S Dube,70,897,1357.0,44,293,36,8,149.5,9.08,30.84,32.66,20.39
JF Mooney,39,1338,1244.0,44,738,39,5,223.0,5.58,28.27,55.16,30.41
M Hill,52,882,746.0,43,471,59,13,147.0,5.07,17.35,53.4,20.51
T Murphy,36,1571,1084.0,43,981,1,3,261.8,4.14,25.21,62.44,36.53
A Nao,43,1308,1187.0,43,722,50,0,218.0,5.44,27.6,55.2,30.42
Vinay Ravi,43,818,918.0,43,434,49,2,136.3,6.73,21.35,53.06,19.02
K Bhurtel,55,998,993.0,43,460,29,1,166.3,5.97,23.09,46.09,23.21
SVE Bharathi,34,695,582.0,43,367,18,0,115.8,5.02,13.53,52.81,16.16
N Navaika,33,665,596.0,43,338,41,3,110.8,5.38,13.86,50.83,15.47
S Prasanna,68,2493,2371.0,43,1115,47,0,415.5,5.71,55.14,44.73,57.98
HK Bennett,30,1197,1198.0,43,638,49,6,199.5,6.01,27.86,53.3,27.84
MA Beer,54,1519,1423.0,43,737,24,2,253.2,5.62,33.09,48.52,35.33
Sultana Khatun,43,1372,1117.0,43,780,20,2,228.7,4.88,25.98,56.85,31.91
MD Botha,28,679,444.0,43,421,18,0,113.2,3.92,10.33,62.0,15.79
Syazrul Idrus,25,468,560.0,42,218,20,0,78.0,7.18,13.33,46.58,11.14
V Vira,30,615,442.0,42,390,21,1,102.5,4.31,10.52,63.41,14.64
LT Bichard,37,721,755.0,42,322,17,4,120.2,6.28,17.98,44.66,17.17
CR Seneviratna,37,938,667.0,42,577,18,0,156.3,4.27,15.88,61.51,22.33
Waqar Zalmai,41,753,998.0,42,312,47,2,125.5,7.95,23.76,41.43,17.93
NN Odhiambo,48,1296,1461.0,42,688,55,18,216.0,6.76,34.79,53.09,30.86
SW Masakadza,24,1795,1455.0,42,1124,44,8,299.2,4.86,34.64,62.62,42.74
Fitri Sham,36,746,847.0,42,315,13,3,124.3,6.81,20.17,42.23,17.76
Mohsin Khan,33,708,989.0,42,305,26,0,118.0,8.38,23.55,43.08,16.86
Puja Mahato,58,869,761.0,42,479,54,2,144.8,5.25,18.12,55.12,20.69
W Madhevere,76,1682,1522.0,42,808,30,1,280.3,5.43,36.24,48.04,40.05
Maria Jasvi,49,845,805.0,42,450,67,6,140.8,5.72,19.17,53.25,20.12
Sami Sohail,38,670,783.0,42,273,32,1,111.7,7.01,18.64,40.75,15.95
BTJ Wheal,36,1110,1113.0,42,614,22,2,185.0,6.02,26.5,55.32,26.43
S Tippoch,54,979,673.0,42,566,20,0,163.2,4.12,16.02,57.81,23.31
S Tuhadeleni,36,738,624.0,42,423,17,0,123.0,5.07,14.86,57.32,17.57
KDA Lukies,29,640,577.0,41,354,14,0,106.7,5.41,14.07,55.31,15.61
Riazat Ali Shah,48,796,931.0,41,367,28,5,132.7,7.02,22.71,46.11,19.41
LJ Wright,79,1591,1712.0,41,673,33,6,265.2,6.46,41.76,42.3,38.8
Akif Javed,29,687,958.0,41,303,36,9,114.5,8.37,23.37,44.1,16.76
NA Saini,46,1430,1704.0,41,730,34,21,238.3,7.15,41.56,51.05,34.88
S Muniandy,50,792,1159.0,41,258,45,0,132.0,8.78,28.27,32.58,19.32
Muhammad Amir,33,549,628.0,41,234,13,0,91.5,6.86,15.32,42.62,13.39
BD Glover,30,779,838.0,41,415,89,3,129.8,6.45,20.44,53.27,19.0
I Nandakumar,55,1048,838.0,41,578,22,1,174.7,4.8,20.44,55.15,25.56
DN Wyatt,45,1056,920.0,41,495,23,3,176.0,5.23,22.44,46.88,25.76
A Kohli,40,820,803.0,41,405,51,20,136.7,5.88,19.59,49.39,20.0
RM Haq,28,1079,908.0,41,548,5,3,179.8,5.05,22.15,50.79,26.32
S Veerapathiran,38,696,931.0,41,273,20,0,116.0,8.03,22.71,39.22,16.98
JP Greaves,32,2104,1494.0,41,1407,31,9,350.7,4.26,36.44,66.87,51.32
K Nassoro,54,863,967.0,41,397,17,2,143.8,6.72,23.59,46.0,21.05
L Malino,33,724,588.0,41,436,73,7,120.7,4.87,14.34,60.22,17.66
Yash Dayal,43,871,1390.0,41,319,39,10,145.2,9.58,33.9,36.62,21.24
I Barma,46,817,625.0,40,431,16,6,136.2,4.59,15.62,52.75,20.42
Enamul Haque jnr,22,3345,1856.0,40,2330,5,53,557.5,3.33,46.4,69.66,83.62
M Daniels,54,1631,1181.0,40,1015,48,0,271.8,4.34,29.52,62.23,40.78
AM Blignaut,36,2097,1728.0,40,1349,89,40,349.5,4.94,43.2,64.33,52.42
DC Drakes,51,979,1513.0,40,379,75,3,163.2,9.27,37.83,38.71,24.48
Sazib Bhuiyan,31,517,759.0,40,161,32,2,86.2,8.81,18.98,31.14,12.92
Aisya Eleesa,60,979,877.0,40,524,53,3,163.2,5.37,21.92,53.52,24.48
L Udeh,35,707,481.0,40,472,47,6,117.8,4.08,12.02,66.76,17.68
Hunain Shah,31,603,849.0,40,229,25,3,100.5,8.45,21.22,37.98,15.08
S Gill,29,614,530.0,40,366,24,0,102.3,5.18,13.25,59.61,15.35
UDU Chandana,29,1868,1362.0,40,1095,14,7,311.3,4.37,34.05,58.62,46.7
CO Obuya,43,1139,1017.0,40,579,37,10,189.8,5.36,25.42,50.83,28.48
GI Hume,31,1326,1248.0,40,744,23,1,221.0,5.65,31.2,56.11,33.15
Iqbal Abdulla,48,920,1109.0,40,346,23,0,153.3,7.23,27.72,37.61,23.0
SF Tiai,28,600,689.0,39,239,8,2,100.0,6.89,17.67,39.83,15.38
NC Monteiro,34,567,419.0,39,319,23,1,94.5,4.43,10.74,56.26,14.54
IG Butler,32,1198,1172.0,39,651,24,11,199.7,5.87,30.05,54.34,30.72
KKN Egodage,44,748,630.0,39,375,13,2,124.7,5.05,16.15,50.13,19.18
Amna Tariq,52,1038,867.0,39,543,40,1,173.0,5.01,22.23,52.31,26.62
M Labuschagne,78,1949,1639.0,39,1059,15,12,324.8,5.05,42.03,54.34,49.97
CJ Chibhabha,69,1863,1849.0,39,966,31,21,310.5,5.95,47.41,51.85,47.77
J Baguma,25,487,478.0,39,274,15,1,81.2,5.89,12.26,56.26,12.49
Nasir Hossain,70,2344,1684.0,39,1333,16,0,390.7,4.31,43.18,56.87,60.1
D Parashar,44,1118,1044.0,39,554,18,0,186.3,5.6,26.77,49.55,28.67
MS Gony,46,966,1363.0,39,410,35,5,161.0,8.47,34.95,42.44,24.77
SA Ahmad,35,678,635.0,39,312,16,1,113.0,5.62,16.28,46.02,17.38
J Kariko,28,665,571.0,39,330,8,1,110.8,5.15,14.64,49.62,17.05
J Rasu,29,571,714.0,39,264,21,3,95.2,7.5,18.31,46.23,14.64
SR Tendulkar,98,2848,2298.0,39,1502,41,27,474.7,4.84,58.92,52.74,73.03
DJ Worrall,49,1096,1429.0,39,505,35,3,182.7,7.82,36.64,46.08,28.1
Azhar Mahmood,38,1024,1140.0,39,481,25,11,170.7,6.68,29.23,46.97,26.26
P Awana,35,783,1100.0,39,316,23,4,130.5,8.43,28.21,40.36,20.08
NLKWR Dewi,34,614,456.0,39,384,48,1,102.3,4.46,11.69,62.54,15.74
D Paterson,19,1707,1138.0,38,1188,12,17,284.5,4.0,29.95,69.6,44.92
Mohamed Shafeeq,42,866,1147.0,38,404,72,9,144.3,7.95,30.18,46.65,22.79
Ahsan Malik,28,648,753.0,38,269,13,2,108.0,6.97,19.82,41.51,17.05
Samiullah Rahmani,24,479,569.0,38,187,12,3,79.8,7.13,14.97,39.04,12.61
S Conteh,36,669,728.0,38,336,30,3,111.5,6.53,19.16,50.22,17.61
N Thushara,36,725,1036.0,38,271,44,8,120.8,8.57,27.26,37.38,19.08
R Sakurano-Thomas,38,553,608.0,38,286,25,1,92.2,6.6,16.0,51.72,14.55
PR Stirling,82,1950,1794.0,38,888,41,2,325.0,5.52,47.21,45.54,51.32
M Taniyama,34,479,443.0,38,248,7,6,79.8,5.55,11.66,51.77,12.61
A Dcosta,32,667,582.0,38,359,28,3,111.2,5.24,15.32,53.82,17.55
Khadija Tul Kubra,45,1178,915.0,38,649,11,0,196.3,4.66,24.08,55.09,31.0
Habib Khan,26,542,636.0,38,246,42,1,90.3,7.04,16.74,45.39,14.26
PJ Sangwan,42,856,1240.0,38,338,43,6,142.7,8.69,32.63,39.49,22.53
SC Ganguly,83,2329,1742.0,38,1405,21,24,388.2,4.49,45.84,60.33,61.29
Mengting Liu,21,444,306.0,38,287,21,0,74.0,4.14,8.05,64.64,11.68
WGAKK Kulasuriya,61,1586,1487.0,38,848,47,1,264.3,5.63,39.13,53.47,41.74
J Jarvis,30,915,933.0,38,481,40,6,152.5,6.12,24.55,52.57,24.08
J Edwards,34,674,900.0,38,275,26,3,112.3,8.01,23.68,40.8,17.74
Akash Deep,24,1814,1550.0,38,1191,24,30,302.3,5.13,40.79,65.66,47.74
P Koech,38,650,820.0,38,325,44,5,108.3,7.57,21.58,50.0,17.11
Hassan Khan,68,1125,1457.0,37,376,16,3,187.5,7.77,39.38,33.42,30.41
E Otieno,36,872,1017.0,37,454,47,14,145.3,7.0,27.49,52.06,23.57
Ateeq Iqbal,40,722,738.0,37,357,13,1,120.3,6.13,19.95,49.45,19.51
S Bodha,34,596,844.0,37,237,26,2,99.3,8.5,22.81,39.77,16.11
RR Patel,39,665,641.0,37,297,10,0,110.8,5.78,17.32,44.66,17.97
Sarawut Maliwan,37,629,709.0,37,241,21,1,104.8,6.76,19.16,38.31,17.0
R Rijke,40,702,598.0,37,400,45,1,117.0,5.11,16.16,56.98,18.97
R Hekure,43,1222,1066.0,37,620,14,3,203.7,5.23,28.81,50.74,33.03
L Idambo,37,614,514.0,37,386,19,1,102.3,5.02,13.89,62.87,16.59
R Sai Kishore,29,513,734.0,37,171,13,1,85.5,8.58,19.84,33.33,13.86
C Connolly,44,792,905.0,37,321,13,1,132.0,6.86,24.46,40.53,21.41
Salman Mirza,28,586,805.0,37,268,25,4,97.7,8.24,21.76,45.73,15.84
NK Ariani,31,636,479.0,37,353,14,3,106.0,4.52,12.95,55.5,17.19
DL Piedt,11,2427,1521.0,37,1656,0,1,404.5,3.76,41.11,68.23,65.59
HDJ Siegers,42,733,752.0,37,367,35,0,122.2,6.16,20.32,50.07,19.81
OEG Baartman,27,689,812.0,37,345,33,0,114.8,7.07,21.95,50.07,18.62
Harpreet Brar,48,859,1145.0,37,295,15,1,143.2,8.0,30.95,34.34,23.22
M Markande,41,774,1176.0,37,229,17,1,129.0,9.12,31.78,29.59,20.92
Khaled Ahmed,21,2828,1715.0,37,2022,3,19,471.3,3.64,46.35,71.5,76.43
NJ Rimmington,42,792,1075.0,37,294,26,0,132.0,8.14,29.05,37.12,21.41
A Gurung,37,798,513.0,37,512,29,2,133.0,3.86,13.86,64.16,21.57
PJ Ongondo,37,1368,1091.0,37,906,38,23,228.0,4.79,29.49,66.23,36.97
C Wright,36,635,723.0,37,291,19,3,105.8,6.83,19.54,45.83,17.16
Haider Ali,37,1158,1009.0,37,609,9,0,193.0,5.23,27.27,52.59,31.3
T Mupariwa,30,1396,1251.0,37,765,47,7,232.7,5.38,33.81,54.8,37.73
Shivam Mavi,38,733,1065.0,37,300,37,7,122.2,8.72,28.78,40.93,19.81
Mas Elysa,46,763,717.0,36,376,57,1,127.2,5.64,19.92,49.28,21.19
Umaima Sohail,54,1181,1058.0,36,555,42,3,196.8,5.38,29.39,46.99,32.81
SZ Vayani,36,701,799.0,36,327,14,9,116.8,6.84,22.19,46.65,19.47
Ijaz Hussain,27,473,585.0,36,214,49,6,78.8,7.42,16.25,45.24,13.14
G Onions,13,1810,1142.0,36,1304,19,4,301.7,3.79,31.72,72.04,50.28
Rahmatullah Mangal,28,534,573.0,36,283,39,0,89.0,6.44,15.92,53.0,14.83
DA Payne,25,556,734.0,36,248,13,1,92.7,7.92,20.39,44.6,15.44
Mohameed Taiwo,45,766,840.0,36,384,32,7,127.7,6.58,23.33,50.13,21.28
N Nipiko,25,413,563.0,36,180,25,16,68.8,8.18,15.64,43.58,11.47
ASF Sirah,25,490,539.0,36,210,30,0,81.7,6.6,14.97,42.86,13.61
Abu Jayed,16,2096,1277.0,36,1528,16,7,349.3,3.66,35.47,72.9,58.22
AE Satterthwaite,52,1317,1143.0,36,640,12,2,219.5,5.21,31.75,48.6,36.58
RD Berrington,65,1151,1159.0,36,512,35,1,191.8,6.04,32.19,44.48,31.97
ML Cummins,27,2438,1642.0,36,1695,25,43,406.3,4.04,45.61,69.52,67.72
M Upadhayay,26,558,431.0,36,323,17,0,93.0,4.63,11.97,57.89,15.5
SAN Maypriani,35,680,446.0,36,428,35,0,113.3,3.94,12.39,62.94,18.89
SA Wittmann,50,773,661.0,36,466,66,9,128.8,5.13,18.36,60.28,21.47
AS Qwele,33,607,513.0,36,378,41,6,101.2,5.07,14.25,62.27,16.86
AB Kaur,56,1174,1375.0,36,545,44,0,195.7,7.03,38.19,46.42,32.61
SF Daley,35,936,812.0,36,498,17,1,156.0,5.21,22.56,53.21,26.0
Karanbir Singh,31,415,575.0,36,166,23,0,69.2,8.31,15.97,40.0,11.53
SO Tikolo,31,1155,993.0,36,587,20,3,192.5,5.16,27.58,50.82,32.08
DM Bess,12,2502,1223.0,36,1868,0,1,417.0,2.93,33.97,74.66,69.5
AA Patil,37,765,759.0,36,327,22,2,127.5,5.95,21.08,42.75,21.25
L Cardoso,35,543,421.0,36,303,34,0,90.5,4.65,11.69,55.8,15.08
Sahel Zadran,37,722,862.0,36,331,30,3,120.3,7.16,23.94,45.84,20.06
C Abel,34,745,670.0,36,384,56,6,124.2,5.4,18.61,51.54,20.69
FG Kemp,35,612,749.0,36,271,36,1,102.0,7.34,20.81,44.28,17.0
EU Kejarukua,44,874,688.0,35,490,31,4,145.7,4.72,19.66,56.06,24.97
L Paul,56,1072,1006.0,35,495,52,13,178.7,5.63,28.74,46.18,30.63
Zahid Mahmood,27,1100,1314.0,35,458,8,0,183.3,7.17,37.54,41.64,31.43
M Ashwin,44,870,1162.0,35,298,25,3,145.0,8.01,33.2,34.25,24.86
Bismah Maroof,75,1228,1087.0,35,534,34,2,204.7,5.31,31.06,43.49,35.09
S Yeshi,35,726,673.0,35,360,11,0,121.0,5.56,19.23,49.59,20.74
AM Peterson,37,896,703.0,35,475,6,0,149.3,4.71,20.09,53.01,25.6
Chaya Mughal,50,910,712.0,35,556,50,9,151.7,4.69,20.34,61.1,26.0
H Masakadza,83,2321,1709.0,35,1359,31,0,386.8,4.42,48.83,58.55,66.31
DJ Mitchell,69,1444,1284.0,35,818,35,5,240.7,5.34,36.69,56.65,41.26
B White,38,1215,1458.0,35,505,18,4,202.5,7.2,41.66,41.56,34.71
Abdul Naser Baluch,22,479,566.0,35,242,49,1,79.8,7.09,16.17,50.52,13.69
Nur Arianna Natsya,44,777,734.0,35,416,65,17,129.5,5.67,20.97,53.54,22.2
Raja Adeel,29,588,570.0,35,329,28,1,98.0,5.82,16.29,55.95,16.8
Sarfaraz Ali,37,673,801.0,35,257,15,1,112.2,7.14,22.89,38.19,19.23
GM Muthui,29,547,599.0,35,306,35,2,91.2,6.57,17.11,55.94,15.63
Namgay Thinley,35,700,671.0,35,336,14,0,116.7,5.75,19.17,48.0,20.0
JT Ball,31,1745,1673.0,35,973,44,3,290.8,5.75,47.8,55.76,49.86
Jay Odedra,35,1123,833.0,35,669,17,0,187.2,4.45,23.8,59.57,32.09
P Negi,43,734,955.0,35,257,17,0,122.3,7.81,27.29,35.01,20.97
JOA Gordon,26,761,826.0,35,414,65,5,126.8,6.51,23.6,54.4,21.74
Tuba Hassan,52,1079,1119.0,35,495,22,0,179.8,6.22,31.97,45.88,30.83
M Dillon,23,1757,1085.0,35,1219,21,32,292.8,3.71,31.0,69.38,50.2
Mohammad Kamran,23,517,452.0,35,303,32,2,86.2,5.25,12.91,58.61,14.77
S Dunukedeniya,17,302,221.0,35,209,72,18,50.3,4.39,6.31,69.21,8.63
I van Zyl,50,933,739.0,35,539,46,4,155.5,4.75,21.11,57.77,26.66
S Kananji,32,579,452.0,35,398,79,4,96.5,4.68,12.91,68.74,16.54
BA Williams,20,1185,757.0,35,835,48,5,197.5,3.83,21.63,70.46,33.86
HJ Manenti,21,405,456.0,34,179,28,4,67.5,6.76,13.41,44.2,11.91
Ali Nayyer,25,540,658.0,34,256,39,10,90.0,7.31,19.35,47.41,15.88
Sahir Naqash,27,465,577.0,34,200,25,6,77.5,7.45,16.97,43.01,13.68
AJ Parmar,23,462,494.0,34,195,11,0,77.0,6.42,14.53,42.21,13.59
A Gbla,28,464,504.0,34,207,23,1,77.3,6.52,14.82,44.61,13.65
GC Murtaza,34,677,865.0,34,320,71,4,112.8,7.67,25.44,47.27,19.91
Naeem Islam,54,1967,1542.0,34,1013,29,3,327.8,4.7,45.35,51.5,57.85
N Shangase,40,971,959.0,34,440,10,1,161.8,5.93,28.21,45.31,28.56
KT Maphaka,32,961,1208.0,34,475,66,8,160.2,7.54,35.53,49.43,28.26
CJ Gannon,28,564,823.0,34,176,14,4,94.0,8.76,24.21,31.21,16.59
Shabbir Ahmed,18,1597,927.0,34,1182,37,28,266.2,3.48,27.26,74.01,46.97
BA Pai,39,765,844.0,34,383,18,1,127.5,6.62,24.82,50.07,22.5
NMP Suwandewi,36,689,447.0,34,469,39,9,114.8,3.89,13.15,68.07,20.26
NK Yadav,29,690,762.0,34,368,52,6,115.0,6.63,22.41,53.33,20.29
GK Diviya,42,821,570.0,34,511,16,0,136.8,4.17,16.76,62.24,24.15
K Mirpuri,37,725,1017.0,34,292,13,4,120.8,8.42,29.91,40.28,21.32
RR Beaton,42,905,1277.0,34,375,78,3,150.8,8.47,37.56,41.44,26.62
Arafat Sunny,25,956,786.0,34,506,9,0,159.3,4.93,23.12,52.93,28.12
Mohammad Ghazanfar,32,604,690.0,34,244,11,2,100.7,6.85,20.29,40.4,17.76
I Danladi,36,532,509.0,34,251,14,0,88.7,5.74,14.97,47.18,15.65
TT Soe,34,687,474.0,34,388,31,4,114.5,4.14,13.94,56.48,20.21
A Mazvishaya,39,1067,930.0,34,559,25,2,177.8,5.23,27.35,52.39,31.38
S Muthusamy,18,1288,967.0,34,806,4,8,214.7,4.5,28.44,62.58,37.88
NN Saidi,37,725,605.0,34,401,51,13,120.8,5.01,17.79,55.31,21.32
A Capsey,48,859,830.0,34,398,29,2,143.2,5.8,24.41,46.33,25.26
L Moises,30,572,395.0,33,341,16,3,95.3,4.14,11.97,59.62,17.33
R Coker,42,811,796.0,33,393,17,2,135.2,5.89,24.12,48.46,24.58
Amjad Mahboob,26,520,724.0,33,207,24,3,86.7,8.35,21.94,39.81,15.76
Amjad Javed,30,858,910.0,33,438,23,2,143.0,6.36,27.58,51.05,26.0
L Bruce,45,813,1111.0,33,328,63,0,135.5,8.2,33.67,40.34,24.64
Kartik Tyagi,33,728,1211.0,33,268,35,12,121.3,9.98,36.7,36.81,22.06
Waqar Ali,17,384,338.0,33,200,23,2,64.0,5.28,10.24,52.08,11.64
HRA Rainey,42,752,726.0,33,397,57,4,125.3,5.79,22.0,52.79,22.79
H Rathod,19,391,423.0,33,140,10,0,65.2,6.49,12.82,35.81,11.85
Sanjida Akter Meghla,32,677,617.0,33,338,8,0,112.8,5.47,18.7,49.93,20.52
C Mahamalage,34,660,621.0,33,342,32,0,110.0,5.65,18.82,51.82,20.0
L Mabhero,46,1143,1057.0,33,565,25,1,190.5,5.55,32.03,49.43,34.64
SS Weerakkody,54,1338,1073.0,33,792,43,0,223.0,4.81,32.52,59.19,40.55
K Sinclair,29,1240,1032.0,33,658,17,14,206.7,4.99,31.27,53.06,37.58
S Bau,56,1037,941.0,33,523,8,3,172.8,5.44,28.52,50.43,31.42
JJ Bazley,39,691,1008.0,33,231,25,1,115.2,8.75,30.55,33.43,20.94
D Suzuki,43,524,625.0,33,234,32,2,87.3,7.16,18.94,44.66,15.88
Shorna Akter,56,902,876.0,33,407,5,3,150.3,5.83,26.55,45.12,27.33
Imran Khan (2),13,1700,1017.0,33,1253,3,7,283.3,3.59,30.82,73.71,51.52
T Tshose,40,648,793.0,33,281,19,2,108.0,7.34,24.03,43.36,19.64
Imran Haider,26,949,915.0,33,467,22,3,158.2,5.79,27.73,49.21,28.76
S Asha,31,610,715.0,33,244,11,0,101.7,7.03,21.67,40.0,18.48
Rizwan Haider,34,584,724.0,33,266,24,4,97.3,7.44,21.94,45.55,17.7
Ikramullah Khan,35,660,923.0,33,241,25,8,110.0,8.39,27.97,36.52,20.0
Soumya Sarkar,64,1342,1317.0,33,651,30,2,223.7,5.89,39.91,48.51,40.67
IM Vaghela,34,727,623.0,33,417,67,4,121.2,5.14,18.88,57.36,22.03
DMW Rawlins,36,666,678.0,33,338,18,1,111.0,6.11,20.55,50.75,20.18
MB Tambe,32,578,712.0,33,220,26,6,96.3,7.39,21.58,38.06,17.52
AC Thomas,35,739,889.0,33,307,26,4,123.2,7.22,26.94,41.54,22.39
Ashwin Vinod,29,565,717.0,33,278,42,0,94.2,7.61,21.73,49.2,17.12
FR Davies,34,891,845.0,33,481,38,2,148.5,5.69,25.61,53.98,27.0
FA Sargent,32,1097,1123.0,33,457,25,2,182.8,6.14,34.03,41.66,33.24
SR Thompson,37,1002,1009.0,32,548,54,14,167.0,6.04,31.53,54.69,31.31
Nazmul Hossain,29,1316,1103.0,32,802,21,5,219.3,5.03,34.47,60.94,41.12
Irfan Ringku,17,347,384.0,32,186,22,0,57.8,6.64,12.0,53.6,10.84
P Jayawickrama,15,1597,937.0,32,1108,4,1,266.2,3.52,29.28,69.38,49.91
Rameen Shamim,36,1198,1035.0,32,603,13,0,199.7,5.18,32.34,50.33,37.44
JA Burrows,24,433,538.0,32,182,16,3,72.2,7.45,16.81,42.03,13.53
A Chandel,38,775,642.0,32,438,29,9,129.2,4.97,20.06,56.52,24.22
D Sabir,23,379,363.0,32,169,3,0,63.2,5.75,11.34,44.59,11.84
V Zimonjic,35,700,913.0,32,338,43,6,116.7,7.83,28.53,48.29,21.88
B Mavuta,26,1386,1106.0,32,764,32,1,231.0,4.79,34.56,55.12,43.31
DG Blampied,38,679,767.0,32,283,10,3,113.2,6.78,23.97,41.68,21.22
T Zangmo,34,687,558.0,32,343,24,3,114.5,4.87,17.44,49.93,21.47
JE Ronalds,20,409,313.0,32,233,24,8,68.2,4.59,9.78,56.97,12.78
A Dhabe,25,576,620.0,32,271,6,0,96.0,6.46,19.38,47.05,18.0
A Kamboj,26,599,905.0,32,260,15,11,99.8,9.07,28.28,43.41,18.72
R Tewatia,52,843,1111.0,32,270,21,2,140.5,7.91,34.72,32.03,26.34
NSS Sharma,21,427,554.0,31,161,17,2,71.2,7.78,17.87,37.7,13.77
A Kirschbaum,29,589,564.0,31,305,27,2,98.2,5.75,18.19,51.78,19.0
RN ten Doeschate,31,895,898.0,31,448,36,4,149.2,6.02,28.97,50.06,28.87
Shahbaz Ahmed,54,823,1207.0,31,257,19,2,137.2,8.8,38.94,31.23,26.55
Shafina Mahesh,37,658,669.0,31,359,48,10,109.7,6.1,21.58,54.56,21.23
M Syrioti,28,588,565.0,31,320,85,12,98.0,5.77,18.23,54.42,18.97
A Brindle,35,942,736.0,31,493,27,1,157.0,4.69,23.74,52.34,30.39
PV Tambe,36,714,889.0,31,249,15,0,119.0,7.47,28.68,34.87,23.03
A Dercksen,48,905,972.0,31,476,75,5,150.8,6.44,31.35,52.6,29.19
Anas Khan,20,363,394.0,31,157,10,0,60.5,6.51,12.71,43.25,11.71
A Doddaballapur,25,442,304.0,31,272,23,3,73.7,4.13,9.81,61.54,14.26
Yash Thakur,24,515,900.0,31,175,33,5,85.8,10.49,29.03,33.98,16.61
V Araa,34,716,577.0,31,361,12,3,119.3,4.84,18.61,50.42,23.1
MI Khagoitsa,22,456,318.0,31,305,16,0,76.0,4.18,10.26,66.89,14.71
Riya Sharma,36,699,622.0,31,368,33,4,116.5,5.34,20.06,52.65,22.55
AR Caddick,13,1140,776.0,31,824,15,15,190.0,4.08,25.03,72.28,36.77
TG Norris,23,570,460.0,31,347,27,0,95.0,4.84,14.84,60.88,18.39
K McGill,30,479,493.0,31,225,27,7,79.8,6.18,15.9,46.97,15.45
MJG Nielsen,34,1068,740.0,31,674,28,3,178.0,4.16,23.87,63.11,34.45
J Srinath,17,1023,626.0,31,717,23,5,170.5,3.67,20.19,70.09,33.0
VP Thamotharam,45,737,952.0,31,291,62,3,122.8,7.75,30.71,39.48,23.77
MM Baig,23,387,491.0,31,176,24,2,64.5,7.61,15.84,45.48,12.48
BB Sran,32,833,1067.0,31,376,48,5,138.8,7.69,34.42,45.14,26.87
Meghna Singh,41,1181,1181.0,31,663,45,2,196.8,6.0,38.1,56.14,38.1
Festus Benn,23,441,460.0,31,201,2,0,73.5,6.26,14.84,45.58,14.23
BJ Webster,48,1167,1045.0,31,594,11,11,194.5,5.37,33.71,50.9,37.65
Maryam Omar,37,706,577.0,31,405,31,9,117.7,4.9,18.61,57.37,22.77
D Ravu,36,956,971.0,31,504,35,16,159.3,6.09,31.32,52.72,30.84
U Shantu,21,436,511.0,31,240,26,3,72.7,7.03,16.48,55.05,14.06
MV Pavlovic,25,504,596.0,31,218,16,2,84.0,7.1,19.23,43.25,16.26
Ahmadullah Shinwari,35,643,751.0,31,337,43,2,107.2,7.01,24.23,52.41,20.74
MC Sorensen,26,717,770.0,31,366,25,6,119.5,6.44,24.84,51.05,23.13
Adil Butt,24,480,667.0,31,239,36,1,80.0,8.34,21.52,49.79,15.48
Adnan Idrees,28,491,630.0,31,186,9,0,81.8,7.7,20.32,37.88,15.84
Aysha,38,625,671.0,31,297,61,10,104.2,6.44,21.65,47.52,20.16
AJ McKay,22,1146,951.0,30,711,47,2,191.0,4.98,31.7,62.04,38.2
EM Bermingham,29,941,773.0,30,527,32,0,156.8,4.93,25.77,56.0,31.37
W Nalisa,27,570,664.0,30,230,37,2,95.0,6.99,22.13,40.35,19.0
Khaled Mahmud,31,1939,1410.0,30,1212,34,21,323.2,4.36,47.0,62.51,64.63
SS Kang,21,621,528.0,30,301,8,1,103.5,5.1,17.6,48.47,20.7
LV Boas,31,457,394.0,30,278,46,3,76.2,5.17,13.13,60.83,15.23
RK Kleinveldt,19,1242,995.0,30,833,35,26,207.0,4.81,33.17,67.07,41.4
RJ Gleeson,26,530,767.0,30,192,29,3,88.3,8.68,25.57,36.23,17.67
HS Baidwan,23,930,871.0,30,506,22,1,155.0,5.62,29.03,54.41,31.0
Haroon Arshad,33,502,714.0,30,215,32,11,83.7,8.53,23.8,42.83,16.73
DT Hondo,32,1336,1168.0,30,784,47,10,222.7,5.25,38.93,58.68,44.53
GA Priandana,36,451,556.0,30,191,17,0,75.2,7.4,18.53,42.35,15.03
AF Ifill,26,512,526.0,30,256,12,1,85.3,6.16,17.53,50.0,17.07
G Kodali,44,887,878.0,30,484,56,3,147.8,5.94,29.27,54.57,29.57
JJ Krejza,18,1342,1119.0,30,732,11,0,223.7,5.0,37.3,54.55,44.73
Mosaddek Hossain,65,1536,1406.0,30,703,19,2,256.0,5.49,46.87,45.77,51.2
MM Letsoalo,43,1158,819.0,30,731,17,3,193.0,4.24,27.3,63.13,38.6
A Morris,24,523,513.0,30,261,6,0,87.2,5.89,17.1,49.9,17.43
KC Brathwaite,64,2961,1698.0,30,1825,4,3,493.5,3.44,56.6,61.63,98.7
S Ishaque,27,509,659.0,30,203,6,1,84.8,7.77,21.97,39.88,16.97
BAD Manenti,49,861,1061.0,30,291,16,0,143.5,7.39,35.37,33.8,28.7
MH Ushanga,30,577,453.0,30,306,18,0,96.2,4.71,15.1,53.03,19.23
Ayan Khan,59,1425,1305.0,30,741,40,0,237.5,5.49,43.5,52.0,47.5
RR Simmonds,27,527,781.0,30,172,28,7,87.8,8.89,26.03,32.64,17.57
Joshua Asia,23,426,335.0,30,208,4,4,71.0,4.72,11.17,48.83,14.2
SF Jerome,36,651,494.0,30,342,20,0,108.5,4.55,16.47,52.53,21.7
O Bell,30,708,592.0,30,410,10,0,118.0,5.02,19.73,57.91,23.6
DAS Gunaratne,41,1145,1049.0,30,499,16,5,190.8,5.5,34.97,43.58,38.17
Muhammad Saqlain,23,433,602.0,30,212,60,3,72.2,8.34,20.07,48.96,14.43
M Tom,41,836,689.0,30,508,45,8,139.3,4.94,22.97,60.77,27.87
R Andrew,34,625,581.0,30,351,46,5,104.2,5.58,19.37,56.16,20.83
M Dale-Bradley,23,490,538.0,30,218,21,0,81.7,6.59,17.93,44.49,16.33
Pratik Singh Bais,29,564,529.0,30,315,22,0,94.0,5.63,17.63,55.85,18.8
Umm-e-Hani,34,1252,1070.0,30,626,21,0,208.7,5.13,35.67,50.0,41.73
Waqas Maqsood,21,432,626.0,29,142,19,2,72.0,8.69,21.59,32.87,14.9
R Hashu,20,319,392.0,29,142,16,3,53.2,7.37,13.52,44.51,11.0
Aliya Riaz,61,1262,1359.0,29,579,71,4,210.3,6.46,46.86,45.88,43.52
Prince Yadav,27,632,936.0,29,238,39,1,105.3,8.89,32.28,37.66,21.79
Ghulam Fatima,20,881,704.0,29,443,16,2,146.8,4.79,24.28,50.28,30.38
HAM Shah,19,327,369.0,29,136,11,0,54.5,6.77,12.72,41.59,11.28
Anjar Tadarus,41,585,726.0,29,235,22,0,97.5,7.45,25.03,40.17,20.17
E Toguchi-Quinn,25,459,376.0,29,256,15,5,76.5,4.92,12.97,55.77,15.83
CAH Stevenson,24,807,809.0,29,429,37,1,134.5,6.01,27.9,53.16,27.83
Joyleen Kaur,24,414,391.0,29,200,21,1,69.0,5.67,13.48,48.31,14.28
JG Bethell,33,894,896.0,29,431,18,0,149.0,6.01,30.9,48.21,30.83
S Nampiina,20,345,295.0,29,195,28,6,57.5,5.13,10.17,56.52,11.9
Atif Mehmood,26,509,452.0,29,287,19,3,84.8,5.33,15.59,56.39,17.55
MA Baig,19,351,283.0,29,194,5,0,58.5,4.84,9.76,55.27,12.1
Noman Amjad,40,753,912.0,29,367,43,8,125.5,7.27,31.45,48.74,25.97
CL Cairns,27,1340,1023.0,29,829,15,15,223.3,4.58,35.28,61.87,46.21
Arshad Iqbal,27,554,822.0,29,198,15,5,92.3,8.9,28.34,35.74,19.1
GM Harris,37,704,688.0,29,340,9,2,117.3,5.86,23.72,48.3,24.28
H Lakov,29,593,830.0,29,270,50,4,98.8,8.4,28.62,45.53,20.45
MH Yardy,40,1548,1333.0,29,707,23,1,258.0,5.17,45.97,45.67,53.38
SA Mohandas,35,666,868.0,29,318,45,0,111.0,7.82,29.93,47.75,22.97
ZL Win,32,649,461.0,29,410,37,3,108.2,4.26,15.9,63.17,22.38
Tapash Baisya,30,1755,1532.0,29,1102,34,27,292.5,5.24,52.83,62.79,60.52
Mohammad Ashraful,64,1462,1243.0,29,753,11,1,243.7,5.1,42.86,51.5,50.41
G Dempsey,41,1176,1110.0,29,633,68,9,196.0,5.66,38.28,53.83,40.55
Sufyan Mehmood,34,704,854.0,29,261,14,1,117.3,7.28,29.45,37.07,24.28
SL Quintyne,28,678,568.0,29,316,17,2,113.0,5.03,19.59,46.61,23.38
Ibrahim Hassan,38,659,823.0,29,317,28,8,109.8,7.49,28.38,48.1,22.72
A Martel,27,505,548.0,29,218,8,1,84.2,6.51,18.9,43.17,17.41
K Hinds,26,546,513.0,29,302,14,1,91.0,5.64,17.69,55.31,18.83
T Wangchuk,33,581,720.0,29,277,27,7,96.8,7.44,24.83,47.68,20.03
ND Laegsgaard,24,459,443.0,29,237,8,0,76.5,5.79,15.28,51.63,15.83
Shivam Sharma,22,576,589.0,29,274,9,0,96.0,6.14,20.31,47.57,19.86
Muhammad Wafiq,38,685,883.0,29,304,34,11,114.2,7.73,30.45,44.38,23.62
A Wellington,20,996,669.0,29,603,14,0,166.0,4.03,23.07,60.54,34.34
Rasikh Salam,25,488,814.0,29,156,25,4,81.3,10.01,28.07,31.97,16.83
Ruchitha Venkatesh,55,936,833.0,29,475,51,4,156.0,5.34,28.72,50.75,32.28
LH Rodrigues,24,528,480.0,28,302,45,6,88.0,5.45,17.14,57.2,18.86
CA Rose,56,947,1304.0,28,328,14,0,157.8,8.26,46.57,34.64,33.82
E Kubwimana,26,464,683.0,28,202,30,0,77.3,8.83,24.39,43.53,16.57
Panna Ghosh,34,754,629.0,28,448,14,1,125.7,5.01,22.46,59.42,26.93
WW Hinds,23,980,730.0,28,558,14,4,163.3,4.47,26.07,56.94,35.0
RK Paudel,39,783,638.0,28,404,11,0,130.5,4.89,22.79,51.6,27.96
H Osinde,21,749,633.0,28,500,58,2,124.8,5.07,22.61,66.76,26.75
K Thuchila,24,507,481.0,28,285,15,0,84.5,5.69,17.18,56.21,18.11
B Ito-Davis,20,340,244.0,28,201,1,0,56.7,4.31,8.71,59.12,12.14
N Deonarine,35,1789,1176.0,28,1076,7,1,298.2,3.94,42.0,60.15,63.89
N Dutta,32,751,767.0,28,316,24,5,125.2,6.13,27.39,42.08,26.82
DEM Carter,35,760,631.0,28,428,27,2,126.7,4.98,22.54,56.32,27.14
NM Salonen,27,495,571.0,28,240,33,7,82.5,6.92,20.39,48.48,17.68
Asif Afridi,22,642,605.0,28,342,4,1,107.0,5.65,21.61,53.27,22.93
Nonoha Yasumoto,28,516,378.0,28,322,42,3,86.0,4.4,13.5,62.4,18.43
AR Adams,21,884,829.0,28,528,26,2,147.3,5.63,29.61,59.73,31.57
CM Greechan,22,496,281.0,28,309,10,0,82.7,3.4,10.04,62.3,17.71
MK Villiers,23,662,582.0,28,325,8,0,110.3,5.27,20.79,49.09,23.64
Surya Anand,35,613,635.0,28,308,10,0,102.2,6.22,22.68,50.24,21.89
AA Rahayu,27,401,382.0,28,213,32,0,66.8,5.72,13.64,53.12,14.32
K Juma,17,373,358.0,28,204,14,3,62.2,5.76,12.79,54.69,13.32
TAM Siriwardana,38,1146,994.0,28,591,10,0,191.0,5.2,35.5,51.57,40.93
TD Smartt,37,911,740.0,28,549,22,35,151.8,4.87,26.43,60.26,32.54
K Arua,21,436,338.0,28,232,15,4,72.7,4.65,12.07,53.21,15.57
V Baskaran,31,575,706.0,28,237,14,0,95.8,7.37,25.21,41.22,20.54
A Mokgotlhe,48,740,648.0,28,440,79,12,123.3,5.25,23.14,59.46,26.43
Abdullah Akbarjan,21,428,483.0,28,150,12,0,71.3,6.77,17.25,35.05,15.29
AR Puri,36,666,878.0,28,250,18,0,111.0,7.91,31.36,37.54,23.79
Bilal Muhammad,22,504,568.0,28,247,39,5,84.0,6.76,20.29,49.01,18.0
Ma Ruike,26,493,405.0,28,298,52,2,82.2,4.93,14.46,60.45,17.61
D Klein,23,528,536.0,28,279,36,3,88.0,6.09,19.14,52.84,18.86
Mohammad Ilyas,26,458,711.0,28,175,18,1,76.3,9.31,25.39,38.21,16.36
A Singh,23,473,620.0,28,200,12,1,78.8,7.86,22.14,42.28,16.89
Milad Momend,19,401,591.0,28,155,27,0,66.8,8.84,21.11,38.65,14.32
Mirab Razwan,23,485,485.0,28,243,46,14,80.8,6.0,17.32,50.1,17.32
Aamer Yamin,38,752,1024.0,28,311,30,6,125.3,8.17,36.57,41.36,26.86
Yasir Mohammad,19,507,548.0,27,229,4,1,84.5,6.49,20.3,45.17,18.78
EJB Miles,25,528,553.0,27,221,10,0,88.0,6.28,20.48,41.86,19.56
A Shahi,23,411,546.0,27,176,43,4,68.5,7.97,20.22,42.82,15.22
Aminata Kamara,32,592,523.0,27,348,29,3,98.7,5.3,19.37,58.78,21.93
PKD Chase,20,770,1008.0,27,380,39,11,128.3,7.85,37.33,49.35,28.52
Jakob Gul,19,432,539.0,27,163,26,5,72.0,7.49,19.96,37.73,16.0
Sajid Liaqat,23,432,661.0,27,182,18,3,72.0,9.18,24.48,42.13,16.0
Priyada Murali,40,617,621.0,27,279,45,13,102.8,6.04,23.0,45.22,22.85
AJ Turner,58,588,680.0,27,224,19,0,98.0,6.94,25.19,38.1,21.78
JJ Huo,22,387,506.0,27,181,26,3,64.5,7.84,18.74,46.77,14.33
K Amuge,20,379,273.0,27,241,10,1,63.2,4.32,10.11,63.59,14.04
RG Sharma,91,1394,1313.0,27,590,15,0,232.3,5.65,48.63,42.32,51.63
L Bull,24,411,305.0,27,231,12,2,68.5,4.45,11.3,56.2,15.22
S Georgota,30,612,612.0,27,300,59,21,102.0,6.0,22.67,49.02,22.67
TS Chisoro,24,1419,984.0,27,872,18,1,236.5,4.16,36.44,61.45,52.56
M Shahbaz Butt,21,461,445.0,27,222,8,1,76.8,5.79,16.48,48.16,17.07
KIC Asalanka,56,1035,969.0,27,481,10,0,172.5,5.62,35.89,46.47,38.33
S Vashisht,23,439,476.0,27,234,35,1,73.2,6.51,17.63,53.3,16.26
IG Holland,19,748,552.0,27,434,14,0,124.7,4.43,20.44,58.02,27.7
SM Ervine,21,954,824.0,27,521,14,7,159.0,5.18,30.52,54.61,35.33
Hussain Talat,42,509,770.0,27,156,25,6,84.8,9.08,28.52,30.65,18.85
Aiman Anwer,40,896,961.0,27,413,27,2,149.3,6.44,35.59,46.09,33.19
A Hartley,27,1112,823.0,27,625,16,0,185.3,4.44,30.48,56.21,41.19
Huzaifa Mohammed,28,605,616.0,27,294,11,0,100.8,6.11,22.81,48.6,22.41
M Zondeki,14,1008,753.0,27,688,23,19,168.0,4.48,27.89,68.25,37.33
Ibrahim Rizan,31,560,643.0,27,234,13,0,93.3,6.89,23.81,41.79,20.74
A Wright,25,519,452.0,27,250,8,1,86.5,5.23,16.74,48.17,19.22
AAP Rivero,23,469,409.0,27,230,19,2,78.2,5.23,15.15,49.04,17.37
Robiul Islam,13,1999,1122.0,27,1475,20,38,333.2,3.37,41.56,73.79,74.04
Baseer Khan,23,444,503.0,27,217,19,0,74.0,6.8,18.63,48.87,16.44
Suyash Sharma,39,803,1190.0,27,263,18,1,133.8,8.89,44.07,32.75,29.74
R Dhawan,40,836,1093.0,27,286,34,3,139.3,7.84,40.48,34.21,30.96
R Samson,28,526,444.0,27,287,32,3,87.7,5.06,16.44,54.56,19.48
Amarpal Kaur,18,358,261.0,27,198,6,0,59.7,4.37,9.67,55.31,13.26
Fazalhaq Farooqi,26,581,849.0,27,223,22,0,96.8,8.77,31.44,38.38,21.52
G Bakiweyem,32,558,627.0,27,279,38,11,93.0,6.74,23.22,50.0,20.67
LC Hatcher,24,509,737.0,27,201,43,2,84.8,8.69,27.3,39.49,18.85
M Madara,29,837,818.0,26,446,57,10,139.5,5.86,31.46,53.29,32.19
TP Kanwar,37,799,946.0,26,328,13,1,133.2,7.1,36.38,41.05,30.73
M Magagula,22,358,512.0,26,154,36,2,59.7,8.58,19.69,43.02,13.77
Taranjit Singh,21,417,497.0,26,177,34,3,69.5,7.15,19.12,42.45,16.04
CJ Metcalfe,26,727,630.0,26,409,17,4,121.2,5.2,24.23,56.26,27.96
P Maziya,21,450,385.0,26,249,29,1,75.0,5.13,14.81,55.33,17.31
PG Dooley,21,455,577.0,26,160,12,0,75.8,7.61,22.19,35.16,17.5
Sasha Azmi,23,493,369.0,26,276,19,1,82.2,4.49,14.19,55.98,18.96
Saud Munir,20,400,411.0,26,173,8,0,66.7,6.17,15.81,43.25,15.38
Kashif Daud,33,884,762.0,26,494,22,1,147.3,5.17,29.31,55.88,34.0
Lucas Rossi,17,348,288.0,26,182,7,1,58.0,4.97,11.08,52.3,13.38
Gaurav Tiwari,25,509,547.0,26,253,13,1,84.8,6.45,21.04,49.71,19.58
C Overton,15,1780,1051.0,26,1265,15,1,296.7,3.54,40.42,71.07,68.46
PT Collins,13,1485,970.0,26,1062,14,56,247.5,3.92,37.31,71.52,57.12
LJ Myott,21,447,450.0,26,192,3,0,74.5,6.04,17.31,42.95,17.19
LK O'Reilly,27,611,582.0,26,304,46,4,101.8,5.72,22.38,49.75,23.5
Yves Cyusa,24,360,357.0,26,170,9,0,60.0,5.95,13.73,47.22,13.85
EB Ringera,24,449,527.0,26,208,13,2,74.8,7.04,20.27,46.33,17.27
BG Illing,27,925,827.0,26,564,71,4,154.2,5.36,31.81,60.97,35.58
Zaki Ul Hassan,16,329,420.0,26,147,19,0,54.8,7.66,16.15,44.68,12.65
F Mutua,28,435,536.0,26,193,30,8,72.5,7.39,20.62,44.37,16.73
R Powell,65,848,1350.0,26,238,55,10,141.3,9.55,51.92,28.07,32.62
R Oa,19,367,292.0,26,197,13,1,61.2,4.77,11.23,53.68,14.12
Imran Ameer,28,569,670.0,26,237,11,0,94.8,7.07,25.77,41.65,21.88
VM Nyauchi,21,1850,1185.0,26,1304,29,6,308.3,3.84,45.58,70.49,71.15
MJ Ansell,24,519,480.0,26,284,11,1,86.5,5.55,18.46,54.72,19.96
Usman Khalid,28,512,512.0,26,250,6,5,85.3,6.0,19.69,48.83,19.69
DE Bernard,34,1014,892.0,26,578,50,10,169.0,5.28,34.31,57.0,39.0
CM Gough,34,609,505.0,26,340,43,5,101.5,4.98,19.42,55.83,23.42
MJ Mason,24,1119,982.0,26,684,22,19,186.5,5.27,37.77,61.13,43.04
Shariz Ahmad,30,760,815.0,26,331,6,0,126.7,6.43,31.35,43.55,29.23
Vijaykumar Vyshak,25,519,906.0,26,146,28,3,86.5,10.47,34.85,28.13,19.96
A Makri,32,611,624.0,26,338,104,20,101.8,6.13,24.0,55.32,23.5
Shafali Verma,47,668,656.0,26,285,18,0,111.3,5.89,25.23,42.66,25.69
DS Lehmann,27,983,658.0,26,574,5,0,163.8,4.02,25.31,58.39,37.81
OE Taylor,15,282,323.0,26,133,6,2,47.0,6.87,12.42,47.16,10.85
OP Stone,17,1074,901.0,26,668,14,3,179.0,5.03,34.65,62.2,41.31
Hisham Sheikh,29,570,679.0,26,223,18,1,95.0,7.15,26.12,39.12,21.92
C Udekwe,24,451,436.0,26,259,45,4,75.2,5.8,16.77,57.43,17.35
Sameen Gul,23,492,711.0,26,203,21,1,82.0,8.67,27.35,41.26,18.92
A Phillip,30,1425,1381.0,26,820,36,10,237.5,5.81,53.12,57.54,54.81
KM Jadhav,41,1145,993.0,26,521,28,0,190.8,5.2,38.19,45.5,44.04
IJ Harvey,21,913,687.0,26,527,12,2,152.2,4.51,26.42,57.72,35.12
Vinu Kumar,32,504,458.0,26,268,45,3,84.0,5.45,17.62,53.17,19.38
Z Burgess,29,547,509.0,25,315,40,3,91.2,5.58,20.36,57.59,21.88
Zaker Taqawi,13,267,295.0,25,119,7,1,44.5,6.63,11.8,44.57,10.68
Yasar Haroon,22,437,410.0,25,222,14,0,72.8,5.63,16.4,50.8,17.48
D Koralalage,19,372,228.0,25,282,84,12,62.0,3.68,9.12,75.81,14.88
MWR Stokes,32,527,601.0,25,219,6,0,87.8,6.84,24.04,41.56,21.08
H Carlyon,31,585,542.0,25,301,9,0,97.5,5.56,21.68,51.45,23.4
Mehran Khan,31,498,608.0,25,216,21,4,83.0,7.33,24.32,43.37,19.92
Q Joseph,34,808,725.0,25,394,17,2,134.7,5.38,29.0,48.76,32.32
A Fujikawa,26,504,459.0,25,236,39,2,84.0,5.46,18.36,46.83,20.16
PHT Kaushal,8,1695,1130.0,25,1057,0,31,282.5,4.0,45.2,62.36,67.8
Muhammad Asim,28,478,569.0,25,191,6,1,79.7,7.14,22.76,39.96,19.12
Mohammed Nadeem,24,516,548.0,25,214,5,0,86.0,6.37,21.92,41.47,20.64
Junaid Siddique (2),17,533,495.0,25,290,11,1,88.8,5.57,19.8,54.41,21.32
HA Chohan,24,450,463.0,25,231,23,0,75.0,6.17,18.52,51.33,18.0
C Pengkumta,28,438,514.0,25,201,33,1,73.0,7.04,20.56,45.89,17.52
D Jansen,24,478,581.0,25,225,35,0,79.7,7.29,23.24,47.07,19.12
A Salomao,30,625,550.0,25,372,56,12,104.2,5.28,22.0,59.52,25.0
Muhammad Jabir,25,469,688.0,25,183,38,14,78.2,8.8,27.52,39.02,18.76
Arshad Khan,31,700,920.0,25,309,37,2,116.7,7.89,36.8,44.14,28.0
J Yadav,28,1299,971.0,25,799,7,12,216.5,4.48,38.84,61.51,51.96
J Shaju,20,398,511.0,25,170,39,2,66.3,7.7,20.44,42.71,15.92
D Visser,20,401,447.0,25,165,6,0,66.8,6.69,17.88,41.15,16.04
JD Ryder,46,1099,984.0,25,621,15,6,183.2,5.37,39.36,56.51,43.96
RS Primus,30,401,605.0,25,151,27,5,66.8,9.05,24.2,37.66,16.04
Sonam,28,537,518.0,25,315,78,10,89.5,5.79,20.72,58.66,21.48
AB McDonald,23,996,688.0,25,676,4,3,166.0,4.14,27.52,67.87,39.84
Raza Iqbal,23,450,423.0,25,196,1,0,75.0,5.64,16.92,43.56,18.0
Vishil Patel,25,405,483.0,25,189,9,1,67.5,7.16,19.32,46.67,16.2
Utkarsh Jain,22,457,434.0,25,224,5,0,76.2,5.7,17.36,49.02,18.28
KP Pietersen,85,1915,1538.0,25,1052,20,0,319.2,4.82,61.52,54.93,76.6
Mukesh Choudhary,24,483,771.0,25,204,28,1,80.5,9.58,30.84,42.24,19.32
KADA Kanchana,51,1039,1100.0,25,490,56,3,173.2,6.35,44.0,47.16,41.56
T Gwandu,25,692,826.0,25,337,17,9,115.3,7.16,33.04,48.7,27.68
Azmatullah Omarzai,24,494,797.0,25,173,22,0,82.3,9.68,31.88,35.02,19.76
N Madziva,21,635,751.0,25,293,40,5,105.8,7.1,30.04,46.14,25.4
Ilenia Sims,23,444,442.0,25,181,11,6,74.0,5.97,17.68,40.77,17.76
R Kalimuthu,15,313,431.0,25,141,16,4,52.2,8.26,17.24,45.05,12.52
GA Elwiss,30,1086,698.0,25,709,17,3,181.0,3.86,27.92,65.29,43.44
A Dalzell,34,782,849.0,25,416,65,5,130.3,6.51,33.96,53.2,31.28
LA McBride,24,539,540.0,25,212,16,0,89.8,6.01,21.6,39.33,21.56
L Phiri,38,728,691.0,24,350,37,0,121.3,5.7,28.79,48.08,30.33
Amar Sharma,31,603,852.0,24,228,50,5,100.5,8.48,35.5,37.81,25.12
G Ngegba,18,400,356.0,24,207,4,4,66.7,5.34,14.83,51.75,16.67
N Gwanzura,24,444,473.0,24,214,16,1,74.0,6.39,19.71,48.2,18.5
SM Nash,23,398,474.0,24,189,20,3,66.3,7.15,19.75,47.49,16.58
Shoaib Rafiq,18,343,262.0,24,217,17,1,57.2,4.58,10.92,63.27,14.29
FL Mackay,29,896,791.0,24,417,5,4,149.3,5.3,32.96,46.54,37.33
GB Brent,25,1145,940.0,24,706,39,0,190.8,4.93,39.17,61.66,47.71
L Sipamla,22,884,911.0,24,505,13,8,147.3,6.18,37.96,57.13,36.83
MK Thakur,21,435,438.0,24,217,23,9,72.5,6.04,18.25,49.89,18.12
CS Nascimento,25,444,382.0,24,234,19,2,74.0,5.16,15.92,52.7,18.5
N Niranjana,20,788,542.0,24,524,19,0,131.3,4.13,22.58,66.5,32.83
B Khumalo,35,574,726.0,24,272,29,13,95.7,7.59,30.25,47.39,23.92
J Gunasekar,27,516,403.0,24,258,3,2,86.0,4.69,16.79,50.0,21.5
B Fernando,26,627,790.0,24,258,25,4,104.5,7.56,32.92,41.15,26.12
N Tanner,21,334,420.0,24,140,18,2,55.7,7.54,17.5,41.92,13.92
B Arora,35,596,773.0,24,236,34,4,99.3,7.78,32.21,39.6,24.83
B Biza,37,764,774.0,24,340,22,1,127.3,6.08,32.25,44.5,31.83
NK Aneesh Kumar,31,596,666.0,24,268,8,0,99.3,6.7,27.75,44.97,24.83
CN Ackermann,35,932,812.0,24,490,10,1,155.3,5.23,33.83,52.58,38.83
J Lewis,14,914,585.0,24,651,10,12,152.3,3.84,24.38,71.23,38.08
CJPF Kalugamage,21,407,468.0,24,161,10,1,67.8,6.9,19.5,39.56,16.96
Haris Sohail,33,1236,877.0,24,679,7,0,206.0,4.26,36.54,54.94,51.5
P Malav,21,434,552.0,24,157,12,0,72.3,7.63,23.0,36.18,18.08
Nik Nur Atiela,25,366,318.0,24,179,26,1,61.0,5.21,13.25,48.91,15.25
Nithish Kumar Reddy,42,986,1120.0,24,472,23,6,164.3,6.82,46.67,47.87,41.08
I Khan (2),24,438,455.0,24,191,9,0,73.0,6.23,18.96,43.61,18.25
DNT Zoysa,20,822,681.0,24,526,24,18,137.0,4.97,28.38,63.99,34.25
Asif Ali,39,495,541.0,24,197,7,0,82.5,6.56,22.54,39.8,20.62
Raaz Mohammad,21,386,446.0,24,153,13,0,64.3,6.93,18.58,39.64,16.08
Haseeb Amjad,16,392,424.0,24,206,16,3,65.3,6.49,17.67,52.55,16.33
Naveed Ahmed,26,492,598.0,24,199,22,1,82.0,7.29,24.92,40.45,20.5
KS Leverock,22,412,456.0,24,202,22,2,68.7,6.64,19.0,49.03,17.17
Muhammad Musa,25,664,919.0,24,293,14,9,110.7,8.3,38.29,44.13,27.67
AS Rajpoot,29,529,814.0,24,213,28,10,88.2,9.23,33.92,40.26,22.04
TD Astle,18,1015,730.0,24,621,4,0,169.2,4.32,30.42,61.18,42.29
JD Cook,24,474,600.0,24,169,4,0,79.0,7.59,25.0,35.65,19.75
Fariha Trisna,32,696,773.0,24,347,26,0,116.0,6.66,32.21,49.86,29.0
Wahidullah Sahak,21,314,403.0,24,141,18,2,52.3,7.7,16.79,44.9,13.08
Tanwir Afzal,28,816,750.0,24,487,9,3,136.0,5.51,31.25,59.68,34.0
RJ Trott,18,466,459.0,24,196,4,0,77.7,5.91,19.12,42.06,19.42
Abbas Ghani,20,283,424.0,24,113,33,1,47.2,8.99,17.67,39.93,11.79
TJ Vlaeminck,26,696,601.0,24,445,55,8,116.0,5.18,25.04,63.94,29.0
MT Renshaw,43,625,675.0,24,242,4,0,104.2,6.48,28.12,38.72,26.04
Zaheer Zahiri,18,377,438.0,24,182,29,1,62.8,6.97,18.25,48.28,15.71
PK Matautaava,23,436,453.0,24,210,21,0,72.7,6.23,18.88,48.17,18.17
BL Couch,26,441,663.0,24,140,19,2,73.5,9.02,27.62,31.75,18.38
Jaspreet Singh,24,404,479.0,24,169,14,1,67.3,7.11,19.96,41.83,16.83
HA Varaiya,27,900,780.0,24,466,17,0,150.0,5.2,32.5,51.78,37.5
LS Barkania,18,348,283.0,24,194,11,0,58.0,4.88,11.79,55.75,14.5
DR Gibson,37,648,762.0,23,278,25,3,108.0,7.06,33.13,42.9,28.17
A Hlubi,25,867,890.0,23,501,27,11,144.5,6.16,38.7,57.79,37.7
J Tuffin,20,420,455.0,23,217,17,1,70.0,6.5,19.78,51.67,18.26
Elias Sunny,12,1145,768.0,23,715,3,0,190.8,4.02,33.39,62.45,49.78
J Butler,19,303,353.0,23,129,17,1,50.5,6.99,15.35,42.57,13.17
J Martins,13,244,280.0,23,111,9,1,40.7,6.89,12.17,45.49,10.61
V Mansale,23,420,409.0,23,238,58,10,70.0,5.84,17.78,56.67,18.26
J Hicks,15,305,233.0,23,162,22,0,50.8,4.58,10.13,53.11,13.26
Ihsanullah,17,378,497.0,23,164,24,8,63.0,7.89,21.61,43.39,16.43
IMHC Joyce,38,903,798.0,23,480,42,7,150.5,5.3,34.7,53.16,39.26
DK Shetty,25,393,445.0,23,206,33,1,65.5,6.79,19.35,52.42,17.09
Kabir Ali,13,829,767.0,23,500,11,20,138.2,5.55,33.35,60.31,36.04
KL Gordon,15,538,434.0,23,307,6,0,89.7,4.84,18.87,57.06,23.39
C Chukwuonye,14,244,181.0,23,157,29,3,40.7,4.45,7.87,64.34,10.61
M Mani,28,486,568.0,23,169,12,0,81.0,7.01,24.7,34.77,21.13
PI Walter,22,384,575.0,23,106,8,0,64.0,8.98,25.0,27.6,16.7
Waqas Ahmad,15,345,413.0,23,152,10,4,57.5,7.18,17.96,44.06,15.0
Akash Madhwal,17,352,590.0,23,112,17,7,58.7,10.06,25.65,31.82,15.3
A Nanda,25,492,651.0,23,225,38,0,82.0,7.94,28.3,45.73,21.39
S Bhari,18,548,428.0,23,313,5,1,91.3,4.69,18.61,57.12,23.83
S Wickramasekara,24,442,532.0,23,172,18,0,73.7,7.22,23.13,38.91,19.22
S Walaza,32,587,536.0,23,319,22,3,97.8,5.48,23.3,54.34,25.52
P Mapotsane,21,294,295.0,23,173,45,5,49.0,6.02,12.83,58.84,12.78
D Abeyrathna,22,352,418.0,23,150,6,0,58.7,7.12,18.17,42.61,15.3
JR Lennox,11,576,421.0,23,304,5,0,96.0,4.39,18.3,52.78,25.04
C Sakariya,22,514,706.0,23,194,32,7,85.7,8.24,30.7,37.74,22.35
CB Roposo,19,358,425.0,23,178,9,3,59.7,7.12,18.48,49.72,15.57
E Kamara,25,450,403.0,23,252,41,3,75.0,5.37,17.52,56.0,19.57
JJ Davidson,16,600,648.0,23,280,21,2,100.0,6.48,28.17,46.67,26.09
TR Sadhu,27,674,677.0,23,377,28,2,112.3,6.03,29.43,55.93,29.3
JL Hunter,26,627,509.0,23,374,18,2,104.5,4.87,22.13,59.65,27.26
JJ van der Wath,20,767,888.0,23,354,16,7,127.8,6.95,38.61,46.15,33.35
S Pradhan,25,431,492.0,23,188,13,1,71.8,6.85,21.39,43.62,18.74
KS Gautam,28,755,890.0,23,353,14,9,125.8,7.07,38.7,46.75,32.83
AM Kamara,35,669,546.0,23,395,23,2,111.5,4.9,23.74,59.04,29.09
Ahmed Daniyal,22,470,685.0,23,178,26,2,78.3,8.74,29.78,37.87,20.43
A Shahzad,14,697,619.0,22,406,31,1,116.2,5.33,28.14,58.25,31.68
Fayaz Khan,21,342,459.0,22,143,14,2,57.0,8.05,20.86,41.81,15.55
Waseem Yaqoob,13,240,318.0,22,100,5,1,40.0,7.95,14.45,41.67,10.91
Basil Thampi,25,521,846.0,22,163,17,1,86.8,9.74,38.45,31.29,23.68
Irfan Hafejee,22,435,486.0,22,212,24,6,72.5,6.7,22.09,48.74,19.77
J Nyumbu,21,1495,1142.0,22,867,18,0,249.2,4.58,51.91,57.99,67.95
V Jatinder Kumar,19,414,423.0,22,199,6,0,69.0,6.13,19.23,48.07,18.82
IDM Latin,20,329,493.0,22,115,14,3,54.8,8.99,22.41,34.95,14.95
CS Fraser,38,756,857.0,22,383,80,0,126.0,6.8,38.95,50.66,34.36
LC Sthalekar,22,1664,723.0,22,1262,8,0,277.3,2.61,32.86,75.84,75.64
Z James,43,793,766.0,22,408,21,2,132.2,5.8,34.82,51.45,36.05
Viola Komeda,12,241,200.0,22,137,35,3,40.2,4.98,9.09,56.85,10.95
Bilawal Bhatti,28,1142,1163.0,22,620,23,11,190.3,6.11,52.86,54.29,51.91
AC Botha,18,690,503.0,22,386,4,2,115.0,4.37,22.86,55.94,31.36
AJ Nair,30,462,591.0,22,132,6,0,77.0,7.68,26.86,28.57,21.0
Ali Raza,14,301,471.0,22,118,11,7,50.2,9.39,21.41,39.2,13.68
Jaskaran Singh,22,469,622.0,22,235,48,19,78.2,7.96,28.27,50.11,21.32
C Wijesinghe,14,288,203.0,22,207,68,9,48.0,4.23,9.23,71.88,13.09
Fanyan Mughal,24,460,581.0,22,213,36,3,76.7,7.58,26.41,46.3,20.91
S Godara,17,333,364.0,22,196,20,2,55.5,6.56,16.55,58.86,15.14
Mohammad Irfan (4),20,378,589.0,22,143,6,9,63.0,9.35,26.77,37.83,17.18
M Pretorius,20,426,666.0,22,146,15,1,71.0,9.38,30.27,34.27,19.36
PF Gallagher,16,377,381.0,22,158,9,0,62.8,6.06,17.32,41.91,17.14
K Joshi,42,647,572.0,22,304,23,1,107.8,5.3,26.0,46.99,29.41
SSB Magala,15,498,658.0,22,211,22,12,83.0,7.93,29.91,42.37,22.64
S Loubser,27,890,633.0,22,498,16,0,148.3,4.27,28.77,55.96,40.45
S Solman,27,486,452.0,22,273,36,1,81.0,5.58,20.55,56.17,22.09
A Dirannehelage,16,345,192.0,22,253,67,5,57.5,3.34,8.73,73.33,15.68
TW Hartley,6,1564,843.0,22,1113,0,4,260.7,3.23,38.32,71.16,71.09
C Viljoen,14,253,250.0,22,116,12,2,42.2,5.93,11.36,45.85,11.5
C Forshaw,14,258,359.0,22,102,4,1,43.0,8.35,16.32,39.53,11.73
N Nojic,18,415,312.0,22,260,57,9,69.2,4.51,14.18,62.65,18.86
KD Shah,32,548,623.0,22,230,1,1,91.3,6.82,28.32,41.97,24.91
Ada Bhasin,28,487,367.0,22,311,40,1,81.2,4.52,16.68,63.86,22.14
NP Dalgaard,21,486,397.0,22,252,42,3,81.0,4.9,18.05,51.85,22.09
I van der Woning,37,547,684.0,22,288,58,9,91.2,7.5,31.09,52.65,24.86
V Ganesan,29,468,451.0,22,208,7,0,78.0,5.78,20.5,44.44,21.27
HV Mandhyan,17,394,468.0,22,180,17,0,65.7,7.13,21.27,45.69,17.91
M Vervitsioti,30,462,517.0,22,232,72,15,77.0,6.71,23.5,50.22,21.0
M Valner,18,353,278.0,22,217,54,16,58.8,4.73,12.64,61.47,16.05
Karri Gullem Keen,19,374,371.0,22,200,41,3,62.3,5.95,16.86,53.48,17.0
T Taylor,18,331,397.0,22,155,21,1,55.2,7.2,18.05,46.83,15.05
Adam Senn,19,408,441.0,22,203,12,2,68.0,6.49,20.05,49.75,18.55
S Dhaniram,13,585,434.0,22,324,3,0,97.5,4.45,19.73,55.38,26.59
MJG Rippon,19,490,485.0,22,227,6,0,81.7,5.94,22.05,46.33,22.27
DP Vaidya,25,535,490.0,22,263,21,0,89.2,5.5,22.27,49.16,24.32
Jubair Hossain,9,841,627.0,22,492,0,3,140.2,4.47,28.5,58.5,38.23
D Birrell,17,379,417.0,22,212,27,5,63.2,6.6,18.95,55.94,17.23
JB Abega,19,331,388.0,22,178,36,1,55.2,7.03,17.64,53.78,15.05
Ubaid Shah,20,463,658.0,22,222,12,3,77.2,8.53,29.91,47.95,21.05
Abdullah Mahmood,21,326,345.0,22,124,6,0,54.3,6.35,15.68,38.04,14.82
B Regmi,17,373,372.0,22,157,7,0,62.2,5.98,16.91,42.09,16.95
Muhammad Moiz,16,290,401.0,22,131,22,0,48.3,8.3,18.23,45.17,13.18
S Gooch,15,294,363.0,22,134,14,1,49.0,7.41,16.5,45.58,13.36
HL Ferling,26,907,635.0,22,609,63,2,151.2,4.2,28.86,67.14,41.23
K Fletcher,19,384,436.0,22,194,24,1,64.0,6.81,19.82,50.52,17.45
K Gowtham,36,636,857.0,22,241,13,0,106.0,8.08,38.95,37.89,28.91
Abdul Samad,26,391,356.0,22,230,4,0,65.2,5.46,16.18,58.82,17.77
SG Satghare,13,556,467.0,21,353,17,1,92.7,5.04,22.24,63.49,26.48
Nadeem Khan,14,456,399.0,21,229,2,1,76.0,5.25,19.0,50.22,21.71
B Kgosiemang,31,489,662.0,21,216,16,2,81.5,8.12,31.52,44.17,23.29
Zeerak Chughtai,17,267,388.0,21,91,18,3,44.5,8.72,18.48,34.08,12.71
A Adekunle,23,438,355.0,21,250,19,1,73.0,4.86,16.9,57.08,20.86
IT Guha,8,787,365.0,21,627,8,16,131.2,2.78,17.38,79.67,37.48
NJ Astle,35,1031,649.0,21,670,3,0,171.8,3.78,30.9,64.99,49.1
Bilal Asif,9,1318,539.0,21,975,1,1,219.7,2.45,25.67,73.98,62.76
F Eseigbe,21,405,330.0,21,208,11,2,67.5,4.89,15.71,51.36,19.29
F Chipare,33,712,773.0,21,356,66,5,118.7,6.51,36.81,50.0,33.9
Ezgi Nur Kilic,15,282,238.0,21,182,34,4,47.0,5.06,11.33,64.54,13.43
Amad Butt,22,416,680.0,21,130,15,2,69.3,9.81,32.38,31.25,19.81
L Qiao,16,324,186.0,21,214,20,0,54.0,3.44,8.86,66.05,15.43
Ehsan Adil,18,1005,807.0,21,654,19,8,167.5,4.82,38.43,65.07,47.86
Iqbal Hussain,8,185,200.0,21,83,4,0,30.8,6.49,9.52,44.86,8.81
J Bulele,17,356,425.0,21,158,10,1,59.3,7.16,20.24,44.38,16.95
ML Castillo,12,240,229.0,21,113,9,0,40.0,5.72,10.9,47.08,11.43
Abhishek Sharma,57,559,824.0,21,161,10,1,93.2,8.84,39.24,28.8,26.62
K Senamontree,24,373,427.0,21,188,9,1,62.2,6.87,20.33,50.4,17.76
A Galan,20,399,269.0,21,221,15,1,66.5,4.05,12.81,55.39,19.0
P Kumbhare,18,367,281.0,21,226,7,0,61.2,4.59,13.38,61.58,17.48
CJ Langford,20,378,409.0,21,184,19,2,63.0,6.49,19.48,48.68,18.0
SP Jones,10,1060,748.0,21,720,14,8,176.7,4.23,35.62,67.92,50.48
Hammadullah Shinwari,13,281,285.0,21,150,3,1,46.8,6.09,13.57,53.38,13.38
P Agboya,18,340,215.0,21,224,13,0,56.7,3.79,10.24,65.88,16.19
AM Ghazanfar,17,353,540.0,21,116,6,0,58.8,9.18,25.71,32.86,16.81
SC Getkate,21,456,492.0,21,211,10,2,76.0,6.47,23.43,46.27,21.71
A Neill,13,527,462.0,21,312,21,2,87.8,5.26,22.0,59.2,25.1
WK McCallan,20,722,556.0,21,378,10,0,120.3,4.62,26.48,52.35,34.38
W Peatfield,16,336,307.0,21,180,17,0,56.0,5.48,14.62,53.57,16.0
ROC Dunka,24,432,580.0,21,194,32,4,72.0,8.06,27.62,44.91,20.57
MM Penfold,26,735,686.0,21,413,63,6,122.5,5.6,32.67,56.19,35.0
VY Mahesh,17,339,499.0,21,127,13,7,56.5,8.83,23.76,37.46,16.14
OD Hald,21,333,389.0,21,163,15,0,55.5,7.01,18.52,48.95,15.86
Hassnain Shah,16,570,578.0,21,288,24,2,95.0,6.08,27.52,50.53,27.14
C Bull,24,475,414.0,21,271,23,3,79.2,5.23,19.71,57.05,22.62
TI Gajanayake,31,579,610.0,21,263,37,3,96.5,6.32,29.05,45.42,27.57
Shah Abrar Hussain,23,439,553.0,21,160,13,1,73.2,7.56,26.33,36.45,20.9
Khalid Zahid,25,515,614.0,21,238,37,4,85.8,7.15,29.24,46.21,24.52
H Venkataram,15,307,375.0,21,135,28,1,51.2,7.33,17.86,43.97,14.62
K Gore,24,589,466.0,21,351,8,1,98.2,4.75,22.19,59.59,28.05
C Dickson,20,385,410.0,21,177,4,4,64.2,6.39,19.52,45.97,18.33
AW O'Brien,22,468,566.0,21,158,10,0,78.0,7.26,26.95,33.76,22.29
BJ Hodge,29,354,426.0,21,132,6,0,59.0,7.22,20.29,37.29,16.86
Xu Qian,21,465,269.0,21,309,13,0,77.5,3.47,12.81,66.45,22.14
E Kuncova,26,491,495.0,21,259,98,9,81.8,6.05,23.57,52.75,23.38
Priya Mishra,18,563,638.0,21,265,7,0,93.8,6.8,30.38,47.07,26.81
Akif Raja,24,564,593.0,21,300,21,3,94.0,6.31,28.24,53.19,26.86
Pyae Phyo Wai,25,397,455.0,21,189,20,3,66.2,6.88,21.67,47.61,18.9
R Shimwamana,32,543,324.0,21,353,30,3,90.5,3.58,15.43,65.01,25.86
ZB Lion-Cachet,25,499,475.0,21,236,10,1,83.2,5.71,22.62,47.29,23.76
L Gregory,31,529,762.0,20,172,9,9,88.2,8.64,38.1,32.51,26.45
L Chipanga,21,420,255.0,20,287,42,3,70.0,3.64,12.75,68.33,21.0
L Maritz,24,473,513.0,20,234,27,11,78.8,6.51,25.65,49.47,23.65
F Odhiambo,26,372,313.0,20,209,11,2,62.0,5.05,15.65,56.18,18.6
D Lohia,22,364,329.0,20,188,14,4,60.7,5.42,16.45,51.65,18.2
M Yunusu Issa,22,324,388.0,20,155,11,2,54.0,7.19,19.4,47.84,16.2
Lucky Ali,20,342,337.0,20,172,14,0,57.0,5.91,16.85,50.29,17.1
K Fubler,13,269,198.0,20,149,4,0,44.8,4.42,9.9,55.39,13.45
C Raack,24,492,417.0,20,254,14,8,82.0,5.09,20.85,51.63,24.6
Edward Fleming,15,323,311.0,20,128,3,0,53.8,5.78,15.55,39.63,16.15
LL Dimba,22,431,355.0,20,220,14,1,71.8,4.94,17.75,51.04,21.55
LL Htun,28,450,349.0,20,248,35,5,75.0,4.65,17.45,55.11,22.5
XSD Smith,14,288,230.0,20,154,5,1,48.0,4.79,11.5,53.47,14.4
CD de Lange,12,402,336.0,20,201,4,0,67.0,5.01,16.8,50.0,20.1
Mohammad Khan Rafah,11,204,236.0,20,88,4,0,34.0,6.94,11.8,43.14,10.2
Murid Ekrami,19,389,463.0,20,176,14,2,64.8,7.14,23.15,45.24,19.45
VRV Singh,25,1100,1074.0,20,673,9,48,183.3,5.86,53.7,61.18,55.0
MA Nyabela,20,411,434.0,20,227,63,8,68.5,6.34,21.7,55.23,20.55
M Joshi,24,692,592.0,20,432,19,1,115.3,5.13,29.6,62.43,34.6
Mohammad Asghar,20,364,465.0,20,144,3,0,60.7,7.66,23.25,39.56,18.2
Meghna Rajan,15,321,165.0,20,215,12,1,53.5,3.08,8.25,66.98,16.05
MO Jones,20,531,507.0,20,280,21,4,88.5,5.73,25.35,52.73,26.55
HMD Rasangika,32,479,578.0,20,205,23,28,79.8,7.24,28.9,42.8,23.95
TJG Pringle,27,673,715.0,20,284,5,0,112.2,6.37,35.75,42.2,33.65
HNA Conway,23,481,682.0,20,155,19,2,80.2,8.51,34.1,32.22,24.05
SC de Oliveira,10,200,198.0,20,106,9,0,33.3,5.94,9.9,53.0,10.0
H Bharadwaj,15,327,319.0,20,152,16,0,54.5,5.85,15.95,46.48,16.35
Sangita Rai,15,249,197.0,20,119,4,0,41.5,4.75,9.85,47.79,12.45
SS Pathirana,23,860,839.0,20,372,13,1,143.3,5.85,41.95,43.26,43.0
E Anyipo,32,536,465.0,20,334,41,0,89.3,5.21,23.25,62.31,26.8
P Subrayen,12,652,509.0,20,353,3,0,108.7,4.68,25.45,54.14,32.6
PM Liyanagamage,18,527,671.0,20,230,38,2,87.8,7.64,33.55,43.64,26.35
R Choden,20,359,319.0,20,190,23,1,59.8,5.33,15.95,52.92,17.95
EC Bargna,20,402,369.0,20,249,41,5,67.0,5.51,18.45,61.94,20.1
Amir Farooq,18,359,487.0,20,156,15,9,59.8,8.14,24.35,43.45,17.95
Ibrar Ahmad,13,267,391.0,20,113,24,4,44.5,8.79,19.55,42.32,13.35
T Rossi,21,350,413.0,20,186,32,2,58.3,7.08,20.65,53.14,17.5
G Stewart,19,430,499.0,20,189,17,3,71.7,6.96,24.95,43.95,21.5
Gayan Munaweera,18,336,467.0,20,135,13,7,56.0,8.34,23.35,40.18,16.8
GP Tom,33,606,508.0,20,362,26,10,101.0,5.03,25.4,59.74,30.3
AC Mushangwe,12,265,137.0,20,178,1,0,44.2,3.1,6.85,67.17,13.25
Zafar Gohar,18,530,602.0,20,246,16,0,88.3,6.82,30.1,46.42,26.5
CT Mumba,19,997,870.0,20,631,16,2,166.2,5.24,43.5,63.29,49.85
GC Smith,55,1742,1397.0,20,933,34,7,290.3,4.81,69.85,53.56,87.1
T Hinds,21,375,667.0,20,120,45,1,62.5,10.67,33.35,32.0,18.75
Zon Lin,27,385,324.0,20,253,60,3,64.2,5.05,16.2,65.71,19.25
DM Gondaria,14,239,243.0,20,125,13,0,39.8,6.1,12.15,52.3,11.95
I Chathurani,16,340,183.0,20,236,42,7,56.7,3.23,9.15,69.41,17.0
S Jegannathan,15,270,274.0,20,140,6,0,45.0,6.09,13.7,51.85,13.5
S MacMahon,27,642,578.0,20,333,43,2,107.0,5.4,28.9,51.87,32.1
Danyal Raja,24,434,626.0,20,219,52,0,72.3,8.65,31.3,50.46,21.7
RMMP Rathnayake,9,1198,670.0,20,864,6,12,199.7,3.36,33.5,72.12,59.9
RR Sarwan,35,1104,866.0,20,593,17,1,184.0,4.71,43.3,53.71,55.2
S Maduranga,20,339,406.0,20,147,16,1,56.5,7.19,20.3,43.36,16.95
A Savvani,28,474,517.0,20,207,58,10,79.0,6.54,25.85,43.67,23.7
Tanvir Islam,17,708,607.0,20,366,3,1,118.0,5.14,30.35,51.69,35.4
Najjam Shahzad,23,380,452.0,20,178,39,8,63.3,7.14,22.6,46.84,19.0
A Reyes,22,291,408.0,20,118,20,3,48.5,8.41,20.4,40.55,14.55
Asif Shaikh,16,344,366.0,20,147,4,1,57.3,6.38,18.3,42.73,17.2
Anwar Rahman,17,325,323.0,20,148,5,1,54.2,5.96,16.15,45.54,16.25
NT Nyamhuri,14,593,585.0,20,346,30,4,98.8,5.92,29.25,58.35,29.65
Umair Qasim,25,422,559.0,20,191,26,5,70.3,7.95,27.95,45.26,21.1
Ali Masood,15,252,357.0,20,109,22,2,42.0,8.5,17.85,43.25,12.6
R Musamali,32,488,462.0,20,243,33,0,81.3,5.68,23.1,49.8,24.4
D Ramani,13,276,393.0,19,119,29,0,46.0,8.54,20.68,43.12,14.53
Viktoria Frey,15,303,322.0,19,189,101,17,50.5,6.38,16.95,62.38,15.95
M Sarenac,23,352,512.0,19,150,39,5,58.7,8.73,26.95,42.61,18.53
M Hundal,16,260,245.0,19,124,3,7,43.3,5.65,12.89,47.69,13.68
B Masaba,23,362,331.0,19,159,6,0,60.3,5.49,17.42,43.92,19.05
Waji Ul Hassan,24,366,466.0,19,135,10,1,61.0,7.64,24.53,36.89,19.26
KS Bagabena,33,479,554.0,19,234,31,2,79.8,6.94,29.16,48.85,25.21
Zuhaib Zubair,23,468,540.0,19,189,6,3,78.0,6.92,28.42,40.38,24.63
Khurram Chohan,13,537,485.0,19,310,9,5,89.5,5.42,25.53,57.73,28.26
Muhammad Farooq,20,426,468.0,19,207,13,0,71.0,6.59,24.63,48.59,22.42
MS Beresford,23,369,385.0,19,206,63,10,61.5,6.26,20.26,55.83,19.42
JM Davison,17,654,554.0,19,318,13,0,109.0,5.08,29.16,48.62,34.42
F Stoman,17,354,386.0,19,177,24,2,59.0,6.54,20.32,50.0,18.63
JJC Lawson,7,769,622.0,19,512,11,14,128.2,4.85,32.74,66.58,40.47
E Marx,23,602,620.0,19,342,54,0,100.3,6.18,32.63,56.81,31.68
GA Lamb,21,907,688.0,19,513,19,0,151.2,4.55,36.21,56.56,47.74
Sultan Ahmed (2),21,450,418.0,19,234,10,0,75.0,5.57,22.0,52.0,23.68
E Mathew,20,341,464.0,19,135,16,3,56.8,8.16,24.42,39.59,17.95
GK Berg,15,294,319.0,19,149,6,1,49.0,6.51,16.79,50.68,15.47
E Karimi,16,312,355.0,19,135,10,0,52.0,6.83,18.68,43.27,16.42
ACF Stokes,16,318,319.0,19,153,8,0,53.0,6.02,16.79,48.11,16.74
H Celik,12,225,189.0,19,136,19,18,37.5,5.04,9.95,60.44,11.84
S Mosweu,24,370,344.0,19,210,30,0,61.7,5.58,18.11,56.76,19.47
S Sola,18,335,366.0,19,142,7,1,55.8,6.56,19.26,42.39,17.63
SY Win,17,270,217.0,19,136,18,0,45.0,4.82,11.42,50.37,14.21
Dilbar Hussain,15,284,408.0,19,98,11,7,47.3,8.62,21.47,34.51,14.95
Akhil Kumar,21,544,546.0,19,262,21,3,90.7,6.02,28.74,48.16,28.63
Akhil Anil,19,332,366.0,19,147,20,0,55.3,6.61,19.26,44.28,17.47
DS Rathi,23,546,826.0,19,154,13,2,91.0,9.08,43.47,28.21,28.74
RJ Kirtley,7,959,537.0,19,707,8,8,159.8,3.36,28.26,73.72,50.47
R Nehonde,18,298,349.0,19,123,14,0,49.7,7.03,18.37,41.28,15.68
Alok Kapali,32,950,785.0,19,482,11,0,158.3,4.96,41.32,50.74,50.0
Arafat Minhas,18,414,423.0,19,209,2,3,69.0,6.13,22.26,50.48,21.79
P Sabu,14,255,214.0,19,158,36,3,42.5,5.04,11.26,61.96,13.42
J Bishop,24,449,548.0,19,200,10,0,74.8,7.32,28.84,44.54,23.63
PE Kulume,28,417,382.0,19,228,28,2,69.5,5.5,20.11,54.68,21.95
Anshuman Rath,19,472,397.0,19,253,5,3,78.7,5.05,20.89,53.6,24.84
PLS Gamage,14,1514,965.0,19,1039,10,19,252.3,3.82,50.79,68.63,79.68
AR Nedd,23,455,547.0,19,200,4,0,75.8,7.21,28.79,43.96,23.95
HER Tyler,18,345,516.0,19,131,23,4,57.5,8.97,27.16,37.97,18.16
Ayaz Dadabhai,14,276,271.0,19,123,14,0,46.0,5.89,14.26,44.57,14.53
J Suchith,21,420,602.0,19,142,14,0,70.0,8.6,31.68,33.81,22.11
VC Drakes,14,1055,708.0,19,707,3,21,175.8,4.03,37.26,67.01,55.53
V Phiri,16,275,268.0,19,137,14,3,45.8,5.85,14.11,49.82,14.47
Farhad Reza,35,960,1043.0,19,468,19,7,160.0,6.52,54.89,48.75,50.53
A Mithun,25,1188,1131.0,19,716,27,14,198.0,5.71,59.53,60.27,62.53
CD Hinchliffe,26,360,483.0,19,97,3,0,60.0,8.05,25.42,26.94,18.95
LE Kaushalya,45,806,721.0,19,447,29,0,134.3,5.37,37.95,55.46,42.42
L Piety,16,254,190.0,19,147,14,2,42.3,4.49,10.0,57.87,13.37
Luqman Butt,31,518,624.0,19,249,23,0,86.3,7.23,32.84,48.07,27.26
K Chigora,20,511,598.0,19,275,79,8,85.2,7.02,31.47,53.82,26.89
Junaid Siddiqui,28,743,634.0,19,359,14,1,123.8,5.12,33.37,48.32,39.11
MPP San,26,458,359.0,19,257,43,0,76.3,4.7,18.89,56.11,24.11
D Mohammed,10,907,639.0,19,561,3,0,151.2,4.23,33.63,61.85,47.74
Maahi Madhavan,17,336,325.0,19,180,5,1,56.0,5.8,17.11,53.57,17.68
M Jele,22,324,467.0,19,158,54,4,54.0,8.65,24.58,48.77,17.05
Tashi Phuntsho,14,252,218.0,19,156,14,0,42.0,5.19,11.47,61.9,13.26
I Wardlaw,13,628,624.0,19,358,19,0,104.7,5.96,32.84,57.01,33.05
R Ova,16,302,213.0,19,183,19,2,50.3,4.23,11.21,60.6,15.89
Alina Aslam,22,467,426.0,19,264,62,6,77.8,5.47,22.42,56.53,24.58
Tanvir Ahmed (1),7,761,511.0,19,555,5,19,126.8,4.03,26.89,72.93,40.05
Thuya Aung,20,358,359.0,19,172,11,0,59.7,6.02,18.89,48.04,18.84
Umer Khan,15,306,397.0,19,113,8,0,51.0,7.78,20.89,36.93,16.11
P Cuinica,22,448,410.0,19,276,75,1,74.7,5.49,21.58,61.61,23.58
J Nyirankundineza,22,406,348.0,19,233,15,1,67.7,5.14,18.32,57.39,21.37
A Munisar,24,612,560.0,19,300,17,4,102.0,5.49,29.47,49.02,32.21
NR Johns-Wickberg,16,333,363.0,19,177,17,1,55.5,6.54,19.11,53.15,17.53
DAM Louis,12,228,288.0,19,79,5,1,38.0,7.58,15.16,34.65,12.0
Azyan Farhath,14,223,220.0,19,108,4,2,37.2,5.92,11.58,48.43,11.74
JA Davies,20,318,372.0,19,95,9,0,53.0,7.02,19.58,29.87,16.74
J Royal,21,344,446.0,19,157,14,1,57.3,7.78,23.47,45.64,18.11
J Ramanandi,21,550,566.0,19,209,14,0,91.7,6.17,29.79,38.0,28.95
KS Lokuarachchi,16,696,547.0,18,355,9,0,116.0,4.72,30.39,51.01,38.67
A Ashish Reddy,20,262,396.0,18,83,6,2,43.7,9.07,22.0,31.68,14.56
L Bonner,10,221,187.0,18,119,5,0,36.8,5.08,10.39,53.85,12.28
CK Jasmat,26,490,533.0,18,236,24,1,81.7,6.53,29.61,48.16,27.22
L Erdenebulgan,12,252,412.0,18,90,24,4,42.0,9.81,22.89,35.71,14.0
L Karlsson,14,245,250.0,18,121,6,0,40.8,6.12,13.89,49.39,13.61
NA Greenwood,23,372,373.0,18,152,5,0,62.0,6.02,20.72,40.86,20.67
JAR Blain,12,442,347.0,18,284,13,3,73.7,4.71,19.28,64.25,24.56
DA Blignaut,21,274,341.0,18,112,22,1,45.7,7.47,18.94,40.88,15.22
B Phelenyane,18,374,433.0,18,202,61,13,62.3,6.95,24.06,54.01,20.78
B Niaz,14,210,235.0,18,91,4,0,35.0,6.71,13.06,43.33,11.67
D Panda,14,251,297.0,18,108,10,0,41.8,7.1,16.5,43.03,13.94
VD Adewoye,22,311,436.0,18,108,12,3,51.8,8.41,24.22,34.73,17.28
A Krishna,14,260,381.0,18,91,2,1,43.3,8.79,21.17,35.0,14.44
MJ Suthar,6,698,431.0,18,482,2,2,116.3,3.7,23.94,69.05,38.78
WER Somerville,13,1598,882.0,18,1115,0,0,266.3,3.31,49.0,69.77,88.78
MP Yadav,16,355,522.0,18,169,22,5,59.2,8.82,29.0,47.61,19.72
D Johnson,27,443,596.0,18,168,23,1,73.8,8.07,33.11,37.92,24.61
JM Holland,19,1224,949.0,18,721,3,0,204.0,4.65,52.72,58.91,68.0
W Moutswi,19,348,245.0,18,221,46,5,58.0,4.22,13.61,63.51,19.33
JK Kamande,21,747,674.0,18,372,25,1,124.5,5.41,37.44,49.8,41.5
MBA Lamplough,21,402,389.0,18,199,21,1,67.0,5.81,21.61,49.5,22.33
F Akankwasa,18,316,325.0,18,142,4,2,52.7,6.17,18.06,44.94,17.56
Jaswinder Singh,20,268,380.0,18,98,18,0,44.7,8.51,21.11,36.57,14.89
A Karmacharya,20,293,226.0,18,167,14,1,48.8,4.63,12.56,57.0,16.28
Jahandad Khan,24,372,654.0,18,128,9,4,62.0,10.55,36.33,34.41,20.67
M Vumiliya,19,342,266.0,18,200,29,1,57.0,4.67,14.78,58.48,19.0
M Taylor,23,467,539.0,18,236,23,1,77.8,6.93,29.94,50.54,25.94
C Chatonzwa,19,444,448.0,18,219,6,1,74.0,6.05,24.89,49.32,24.67
M Beardman,14,270,360.0,18,115,6,5,45.0,8.0,20.0,42.59,15.0
Zabiullah Zahid,18,389,421.0,18,192,31,2,64.8,6.49,23.39,49.36,21.61
CL White,34,963,819.0,18,503,24,1,160.5,5.1,45.5,52.23,53.5
DC Smith,29,477,604.0,18,197,28,3,79.5,7.6,33.56,41.3,26.5
NE Farrant,18,480,471.0,18,272,18,0,80.0,5.89,26.17,56.67,26.67
DB Loic,19,317,332.0,18,184,54,1,52.8,6.28,18.44,58.04,17.61
NM Odhiambo,27,450,574.0,18,180,24,1,75.0,7.65,31.89,40.0,25.0
DE Johnson,11,225,321.0,18,99,11,0,37.5,8.56,17.83,44.0,12.5
Anureet Singh,22,412,623.0,18,152,11,7,68.7,9.07,34.61,36.89,22.89
R Thapliyal,11,252,277.0,18,114,7,0,42.0,6.6,15.39,45.24,14.0
R Siriwardena,10,171,275.0,18,60,20,0,28.5,9.65,15.28,35.09,9.5
R Ntozakhe,30,1038,792.0,18,597,27,3,173.0,4.58,44.0,57.51,57.67
TS Roland-Jones,5,578,368.0,18,433,1,0,96.3,3.82,20.44,74.91,32.11
R Immadi,23,489,516.0,18,258,87,7,81.5,6.33,28.67,52.76,27.17
U Peace,23,438,310.0,18,263,10,2,73.0,4.25,17.22,60.05,24.33
DJ Hooda,47,618,738.0,18,222,17,0,103.0,7.17,41.0,35.92,34.33
R Baaleri,12,218,263.0,18,94,1,0,36.3,7.24,14.61,43.12,12.11
DAL Paramitha,25,441,330.0,18,282,31,7,73.5,4.49,18.33,63.95,24.5
V Shankar,37,597,745.0,18,235,30,7,99.5,7.49,41.39,39.36,33.17
NH Patel,17,480,369.0,18,251,7,0,80.0,4.61,20.5,52.29,26.67
A Meyenborg,20,370,361.0,18,204,33,15,61.7,5.85,20.06,55.14,20.56
TLW Cooper,50,671,745.0,18,286,4,0,111.8,6.66,41.39,42.62,37.28
TL Chivanga,15,1042,920.0,18,658,25,22,173.7,5.3,51.11,63.15,57.89
IC Pandey,24,462,591.0,18,223,5,2,77.0,7.68,32.83,48.27,25.67
DR Briggs,21,443,578.0,18,151,9,0,73.8,7.83,32.11,34.09,24.61
SK Awiah,15,271,293.0,18,110,6,2,45.2,6.49,16.28,40.59,15.06
SEA Ruck,14,523,403.0,18,341,18,1,87.2,4.62,22.39,65.2,29.06
Delawar Khan,21,331,410.0,18,147,10,5,55.2,7.43,22.78,44.41,18.39
S Venkataraman,11,233,159.0,18,147,12,0,38.8,4.09,8.83,63.09,12.94
HN Ya France,36,883,730.0,18,502,20,0,147.2,4.96,40.56,56.85,49.06
AA Gajic,15,289,381.0,18,125,12,2,48.2,7.91,21.17,43.25,16.06
RL Johnson,9,553,298.0,18,408,12,3,92.2,3.23,16.56,73.78,30.72
Sania Khan,17,350,337.0,18,179,13,0,58.3,5.78,18.72,51.14,19.44
AC McDermott,14,273,391.0,18,109,10,3,45.5,8.59,21.72,39.93,15.17
Sheraz Sheikh,23,319,374.0,18,137,9,1,53.2,7.03,20.78,42.95,17.72
Sher Sahak,15,206,241.0,18,99,14,3,34.3,7.02,13.39,48.06,11.44
Shashikant Laxman,16,325,285.0,18,171,9,0,54.2,5.26,15.83,52.62,18.06
Suhrawadi Shuvo,19,1066,730.0,18,624,8,2,177.7,4.11,40.56,58.54,59.22
GC Viljoen,19,480,651.0,18,210,22,2,80.0,8.14,36.17,43.75,26.67
T Iosefo,13,237,206.0,18,130,14,4,39.5,5.22,11.44,54.85,13.17
KJ Ferrary,15,272,311.0,18,112,5,0,45.3,6.86,17.28,41.18,15.11
KS Airee,13,319,331.0,17,161,18,3,53.2,6.23,19.47,50.47,18.76
Ziaur Rahman,18,603,460.0,17,362,6,2,100.5,4.58,27.06,60.03,35.47
Kamal Soukhiya,13,300,394.0,17,137,40,0,50.0,7.88,23.18,45.67,17.65
Zeefa Jilani,23,361,321.0,17,177,18,2,60.2,5.34,18.88,49.03,21.24
Rameez Khan,11,222,260.0,17,90,9,0,37.0,7.03,15.29,40.54,13.06
I Edwards,19,357,374.0,17,185,38,1,59.5,6.29,22.0,51.82,21.0
Hamid Mahmood,17,321,281.0,17,147,5,0,53.5,5.25,16.53,45.79,18.88
YS Blagg,11,184,151.0,17,136,48,4,30.7,4.92,8.88,73.91,10.82
A Venkatesh,11,194,213.0,17,85,5,0,32.3,6.59,12.53,43.81,11.41
S Kato,28,566,463.0,17,317,31,7,94.3,4.91,27.24,56.01,33.29
YA Abdulla,13,251,351.0,17,115,15,1,41.8,8.39,20.65,45.82,14.76
D Elgar,38,1132,740.0,17,696,1,1,188.7,3.92,43.53,61.48,66.59
AB Slebsager,17,277,356.0,17,137,64,16,46.2,7.71,20.94,49.46,16.29
D Golechha,17,380,247.0,17,253,48,5,63.3,3.9,14.53,66.58,22.35
S Sharma,14,426,288.0,17,288,17,0,71.0,4.06,16.94,67.61,25.06
S Nsubuga,15,253,294.0,17,115,3,1,42.2,6.97,17.29,45.45,14.88
G Wetherall,16,312,320.0,17,151,31,6,52.0,6.15,18.82,48.4,18.35
Syeda Aroob Shah,24,695,625.0,17,336,10,1,115.8,5.4,36.76,48.35,40.88
Amir Hayat,13,533,485.0,17,294,20,1,88.8,5.46,28.53,55.16,31.35
R Mangal,17,247,341.0,17,91,11,1,41.2,8.28,20.06,36.84,14.53
M Choamba,23,308,265.0,17,153,6,0,51.3,5.16,15.59,49.68,18.12
HB Shipley,12,465,500.0,17,232,22,0,77.5,6.45,29.41,49.89,27.35
SFS Cheema,14,186,255.0,17,84,19,3,31.0,8.23,15.0,45.16,10.94
Bipul Sharma,28,426,572.0,17,139,10,0,71.0,8.06,33.65,32.63,25.06
MN Waller,34,1056,750.0,17,570,10,0,176.0,4.26,44.12,53.98,62.12
D Marks,17,362,540.0,17,138,26,2,60.3,8.95,31.76,38.12,21.29
AS van Beuge,17,391,360.0,17,192,6,0,65.2,5.52,21.18,49.1,23.0
S Wetoto,11,193,175.0,17,89,5,0,32.2,5.44,10.29,46.11,11.35
M Ozturk,14,299,412.0,17,105,14,4,49.8,8.27,24.24,35.12,17.59
D Foerster,27,390,297.0,17,226,28,3,65.0,4.57,17.47,57.95,22.94
Ammar Khalid,11,354,320.0,17,204,12,1,59.0,5.42,18.82,57.63,20.82
SA Jacobs,27,480,605.0,17,182,9,1,80.0,7.56,35.59,37.92,28.24
G Singh,17,361,325.0,17,195,6,0,60.2,5.4,19.12,54.02,21.24
TK Patel,12,324,296.0,17,182,4,0,54.0,5.48,17.41,56.17,19.06
EAS Ferrary,11,207,155.0,17,147,24,5,34.5,4.49,9.12,71.01,12.18
P Thongsa,17,198,208.0,17,92,6,1,33.0,6.3,12.24,46.46,11.65
Joginder Sharma,21,409,605.0,17,148,15,7,68.2,8.88,35.59,36.19,24.06
Mujeeb-ur-Rehman,21,360,428.0,17,155,5,2,60.0,7.13,25.18,43.06,21.18
D Vihanga,11,600,467.0,17,318,8,0,100.0,4.67,27.47,53.0,35.29
Muhammad Arfan,14,315,331.0,17,137,18,0,52.5,6.3,19.47,43.49,18.53
VO Lawes,16,450,535.0,17,194,7,2,75.0,7.13,31.47,43.11,26.47
EL Bartram,28,421,446.0,17,225,52,1,70.2,6.36,26.24,53.44,24.76
NB Mahwire,14,980,779.0,17,668,32,27,163.3,4.77,45.82,68.16,57.65
Mominul Haque,52,1069,757.0,17,573,1,0,178.2,4.25,44.53,53.6,62.88
GE Mathurin,19,376,439.0,17,153,8,2,62.7,7.01,25.82,40.69,22.12
KM Dabengwa,29,1108,910.0,17,596,16,1,184.7,4.93,53.53,53.79,65.18
Cai Yuzhi,23,316,288.0,17,152,18,4,52.7,5.47,16.94,48.1,18.59
KC Thompson,20,424,248.0,17,265,20,0,70.7,3.51,14.59,62.5,24.94
Mehboob Ali,18,348,470.0,17,149,23,2,58.0,8.1,27.65,42.82,20.47
Mohammed Qasim,13,336,319.0,17,160,7,0,56.0,5.7,18.76,47.62,19.76
AG Wharf,12,536,398.0,17,348,5,21,89.3,4.46,23.41,64.93,31.53
W Ngowhuad,12,193,312.0,17,84,10,2,32.2,9.7,18.35,43.52,11.35
MPM Pathirannehelage,14,268,175.0,17,176,30,1,44.7,3.92,10.29,65.67,15.76
A Natubhai Ahir,21,401,345.0,17,210,8,0,66.8,5.16,20.29,52.37,23.59
NND de Silva,39,613,576.0,17,319,36,2,102.2,5.64,33.88,52.04,36.06
SN Swamy,11,228,272.0,17,92,11,0,38.0,7.16,16.0,40.35,13.41
FO Kibasu,18,266,274.0,17,113,6,1,44.3,6.18,16.12,42.48,15.65
Faheem Nazir,15,244,305.0,17,123,14,0,40.7,7.5,17.94,50.41,14.35
SL Rainbird,24,451,669.0,17,149,18,5,75.2,8.9,39.35,33.04,26.53
JL Jaggesar,19,390,500.0,17,154,9,1,65.0,7.69,29.41,39.49,22.94
JM Kemp,38,718,606.0,17,386,25,2,119.7,5.06,35.65,53.76,42.24
Ashwani Kumar,10,183,334.0,17,59,11,2,30.5,10.95,19.65,32.24,10.76
A Merritt,21,408,431.0,17,193,29,3,68.0,6.34,25.35,47.3,24.0
Asad Ali Rehemtulla,15,280,404.0,17,114,16,1,46.7,8.66,23.76,40.71,16.47
Shah Faisal,15,396,470.0,17,208,17,1,66.0,7.12,27.65,52.53,23.29
M Yanagida,21,339,275.0,17,178,17,18,56.5,4.87,16.18,52.51,19.94
Muhammad Rohid,17,456,530.0,17,218,13,1,76.0,6.97,31.18,47.81,26.82
JA Prestwidge,23,356,494.0,17,126,20,9,59.3,8.33,29.06,35.39,20.94
K Ota,28,393,386.0,17,198,45,3,65.5,5.89,22.71,50.38,23.12
Rizwan Cheema,21,635,613.0,17,301,4,2,105.8,5.79,36.06,47.4,37.35
AL Mundundo,18,275,232.0,17,163,39,6,45.8,5.06,13.65,59.27,16.18
BN Toube,16,278,364.0,17,131,17,3,46.3,7.86,21.41,47.12,16.35
BG Lister,16,461,559.0,17,194,18,0,76.8,7.28,32.88,42.08,27.12
A Bester,9,168,158.0,16,96,13,0,28.0,5.64,9.88,57.14,10.5
Zain Ahmad,11,210,231.0,16,90,4,0,35.0,6.6,14.44,42.86,13.12
U Aryaman Sunil,22,402,620.0,16,154,19,7,67.0,9.25,38.75,38.31,25.12
TBM de Leede,11,467,407.0,16,268,17,0,77.8,5.23,25.44,57.39,29.19
PSRK Sudarshan,14,294,374.0,16,124,10,0,49.0,7.63,23.38,42.18,18.38
EC Rainsford,24,1061,857.0,16,679,31,15,176.8,4.85,53.56,64.0,66.31
A Paul,14,244,350.0,16,86,11,1,40.7,8.61,21.88,35.25,15.25
Izaz Ali,15,257,394.0,16,121,25,2,42.8,9.2,24.62,47.08,16.06
J Ajiambo,16,285,218.0,16,163,16,4,47.5,4.59,13.62,57.19,17.81
K Kato-Stafford,12,152,125.0,16,92,16,2,25.3,4.93,7.81,60.53,9.5
K Kubota,15,212,179.0,16,126,19,0,35.3,5.07,11.19,59.43,13.25
CE McConchie,26,492,593.0,16,195,8,0,82.0,7.23,37.06,39.63,30.75
Y Cariah,22,704,789.0,16,333,2,1,117.3,6.72,49.31,47.3,44.0
Aftab Hussain,10,228,248.0,16,94,13,0,38.0,6.53,15.5,41.23,14.25
KK Donovan,18,396,292.0,16,283,53,8,66.0,4.42,18.25,71.46,24.75
S Kushretha,11,252,267.0,16,122,4,0,42.0,6.36,16.69,48.41,15.75
A Vessik,15,292,242.0,16,196,66,5,48.7,4.97,15.12,67.12,18.25
S Nisansala,20,558,498.0,16,255,12,1,93.0,5.35,31.12,45.7,34.88
R Parag,40,447,652.0,16,122,16,1,74.5,8.75,40.75,27.29,27.94
R Padunglerd,26,348,343.0,16,183,14,7,58.0,5.91,21.44,52.59,21.75
RMAM Avery,18,205,173.0,16,111,19,0,34.2,5.06,10.81,54.15,12.81
ATS Silva,19,342,291.0,16,199,19,0,57.0,5.11,18.19,58.19,21.38
S Talamarla,14,287,259.0,16,159,56,2,47.8,5.41,16.19,55.4,17.94
Wang Huiying,25,445,382.0,16,228,27,1,74.2,5.15,23.88,51.24,27.81
JWM Dalrymple,26,870,705.0,16,431,29,1,145.0,4.86,44.06,49.54,54.38
JS Pooranakaran,25,425,486.0,16,230,65,20,70.8,6.86,30.38,54.12,26.56
MJ North,20,1342,694.0,16,953,1,2,223.7,3.1,43.38,71.01,83.88
MJ Owen,32,324,519.0,16,100,11,1,54.0,9.61,32.44,30.86,20.25
JPR Scantlebury-Searles,22,294,508.0,16,98,19,2,49.0,10.37,31.75,33.33,18.38
HAM Samuddika,21,612,509.0,16,301,16,0,102.0,4.99,31.81,49.18,38.25
PHKD Mendis,42,696,782.0,16,285,13,1,116.0,6.74,48.88,40.95,43.5
Faisal Akram,13,341,367.0,16,145,4,0,56.8,6.46,22.94,42.52,21.31
H Lin Aung,20,330,389.0,16,153,16,0,55.0,7.07,24.31,46.36,20.62
O Matsolo,16,288,316.0,16,163,39,6,48.0,6.58,19.75,56.6,18.0
O Lefaga,12,240,174.0,16,172,19,8,40.0,4.35,10.88,71.67,15.0
Shahid Nazir,5,846,490.0,16,643,0,18,141.0,3.48,30.62,76.0,52.88
JL Tutty,14,270,293.0,16,148,22,2,45.0,6.51,18.31,54.81,16.88
BM Halliday,30,412,402.0,16,188,12,4,68.7,5.85,25.12,45.63,25.75
JM Mennie,18,540,627.0,16,274,5,1,90.0,6.97,39.19,50.74,33.75
A Husain,15,264,295.0,16,105,19,3,44.0,6.7,18.44,39.77,16.5
WJ Cope,17,300,387.0,16,131,20,2,50.0,7.74,24.19,43.67,18.75
T Sandaruwan,15,249,320.0,16,99,4,1,41.5,7.71,20.0,39.76,15.56
Mohammad Atif,13,290,245.0,16,166,16,0,48.3,5.07,15.31,57.24,18.12
Mohammad Shahzad (2),16,344,377.0,16,154,5,0,57.3,6.58,23.56,44.77,21.5
SM Tupou,10,211,234.0,16,90,12,2,35.2,6.65,14.62,42.65,13.19
T Perera,19,312,449.0,16,135,20,8,52.0,8.63,28.06,43.27,19.5
Gurpratap Singh,10,204,233.0,16,106,8,8,34.0,6.85,14.56,51.96,12.75
Muhammed Imran,8,273,256.0,16,164,12,4,45.5,5.63,16.0,60.07,17.06
Muhammad Salman,16,318,335.0,16,147,2,0,53.0,6.32,20.94,46.23,19.88
DC Stovell,15,259,290.0,16,109,6,1,43.2,6.72,18.12,42.08,16.19
H Dhavina,25,448,419.0,16,219,8,7,74.7,5.61,26.19,48.88,28.0
D Wotu,20,351,403.0,16,150,8,4,58.5,6.89,25.19,42.74,21.94
Saber Zakhil,21,323,392.0,16,138,17,2,53.8,7.28,24.5,42.72,20.19
KR Sen,13,271,424.0,16,105,15,2,45.2,9.39,26.5,38.75,16.94
Robert Raina,11,144,145.0,16,72,8,1,24.0,6.04,9.06,50.0,9.0
L Denny,13,275,339.0,16,122,12,1,45.8,7.4,21.19,44.36,17.19
L Barnett,18,414,268.0,16,253,6,1,69.0,3.88,16.75,61.11,25.88
Khuzaima Tanveer,10,332,325.0,15,187,14,0,55.3,5.87,21.67,56.33,22.13
K Nestor,22,359,532.0,15,159,27,3,59.8,8.89,35.47,44.29,23.93
CJ Dala,14,360,509.0,15,154,21,1,60.0,8.48,33.93,42.78,24.0
KM Chingaipe,15,280,249.0,15,173,26,2,46.7,5.34,16.6,61.79,18.67
JAM Henri,15,294,396.0,15,136,19,1,49.0,8.08,26.4,46.26,19.6
S Immadi,29,771,575.0,15,430,13,0,128.5,4.47,38.33,55.77,51.4
Abul Farhad,11,201,284.0,15,92,12,7,33.5,8.48,18.93,45.77,13.4
S Burdekin,9,166,211.0,15,67,9,2,27.7,7.63,14.07,40.36,11.07
S Horley,12,253,222.0,15,141,10,0,42.2,5.26,14.8,55.73,16.87
JC Balt,17,338,357.0,15,140,7,0,56.3,6.34,23.8,41.42,22.53
DT Doram,15,348,419.0,15,147,0,1,58.0,7.22,27.93,42.24,23.2
KK Lin Thu,20,330,325.0,15,185,30,0,55.0,5.91,21.67,56.06,22.0
A Rameshan,10,222,208.0,15,126,24,5,37.0,5.62,13.87,56.76,14.8
FA Cossa,16,318,377.0,15,131,13,0,53.0,7.11,25.13,41.19,21.2
BM Edmondson,9,211,311.0,15,78,6,1,35.2,8.84,20.73,36.97,14.07
Meet Bhavsar,18,242,284.0,15,97,2,1,40.3,7.04,18.93,40.08,16.13
H Agarwal,18,330,323.0,15,172,28,1,55.0,5.87,21.53,52.12,22.0
AJ Ireland,13,635,591.0,15,368,32,7,105.8,5.58,39.4,57.95,42.33
EL Arlott,10,262,279.0,15,143,15,1,43.7,6.39,18.6,54.58,17.47
B Mpedi,13,196,195.0,15,109,20,6,32.7,5.97,13.0,55.61,13.07
BM Wheeler,12,437,531.0,15,235,20,2,72.8,7.29,35.4,53.78,29.13
J Singye,23,382,430.0,15,156,12,0,63.7,6.75,28.67,40.84,25.47
Sakib Hussain,11,252,397.0,15,87,21,1,42.0,9.45,26.47,34.52,16.8
N Peter,18,384,538.0,15,146,13,1,64.0,8.41,35.87,38.02,25.6
AK Gokoel,13,264,270.0,15,119,6,0,44.0,6.14,18.0,45.08,17.6
KAD Hurdle,9,438,391.0,15,288,25,32,73.0,5.36,26.07,65.75,29.2
Zahid Shirzad,6,348,320.0,15,205,10,2,58.0,5.52,21.33,58.91,23.2
S Dhadwal,20,313,302.0,15,162,30,2,52.2,5.79,20.13,51.76,20.87
RJ Nicol,32,479,509.0,15,215,14,0,79.8,6.38,33.93,44.89,31.93
A Thorpe,14,238,239.0,15,129,36,10,39.7,6.03,15.93,54.2,15.87
DR Hooper,17,329,386.0,15,128,11,1,54.8,7.04,25.73,38.91,21.93
GC Tonge,14,598,509.0,15,348,8,12,99.7,5.11,33.93,58.19,39.87
A Vaidya,17,237,215.0,15,149,54,8,39.5,5.44,14.33,62.87,15.8
K Kavindi,24,389,474.0,15,183,31,4,64.8,7.31,31.6,47.04,25.93
L Shafeeg,19,320,434.0,15,130,14,0,53.3,8.14,28.93,40.62,21.33
Syed Maisam Ali,8,139,143.0,15,64,9,2,23.2,6.17,9.53,46.04,9.27
L Ostergaard,20,379,323.0,15,202,26,5,63.2,5.11,21.53,53.3,25.27
Ehsan Nawaz,15,445,431.0,15,257,14,6,74.2,5.81,28.73,57.75,29.67
Naina Saju,15,252,248.0,15,123,37,13,42.0,5.9,16.53,48.81,16.8
NK Tiwari,15,293,327.0,15,126,8,2,48.8,6.7,21.8,43.0,19.53
Mohammad Aadil Alam,15,396,317.0,15,221,9,3,66.0,4.8,21.13,55.81,26.4
J Evans,9,198,223.0,15,89,8,1,33.0,6.76,14.87,44.95,13.2
J Drysdale,15,330,396.0,15,164,14,0,55.0,7.2,26.4,49.7,22.0
Irfan Safi,16,218,355.0,15,89,24,3,36.3,9.77,23.67,40.83,14.53
P Shetty,24,462,467.0,15,254,59,0,77.0,6.06,31.13,54.98,30.8
M Heingo,18,383,522.0,15,158,13,2,63.8,8.18,34.8,41.25,25.53
M Khojbariya,17,306,374.0,15,144,1,2,51.0,7.33,24.93,47.06,20.4
C Munro,50,866,857.0,15,391,13,1,144.3,5.94,57.13,45.15,57.73
Soyeb Pendi,12,252,264.0,15,125,12,1,42.0,6.29,17.6,49.6,16.8
E Bosch,15,377,416.0,15,190,27,5,62.8,6.62,27.73,50.4,25.13
MD Dai,17,660,504.0,15,364,11,0,110.0,4.58,33.6,55.15,44.0
MPGT Ketiyage,19,316,399.0,15,136,27,0,52.7,7.58,26.6,43.04,21.07
MD Gunathilaka,39,723,637.0,15,335,8,0,120.5,5.29,42.47,46.33,48.2
J Khadka,17,330,472.0,15,157,28,3,55.0,8.58,31.47,47.58,22.0
Nyeing Cham Soe,15,215,299.0,15,96,25,0,35.8,8.34,19.93,44.65,14.33
SM Katich,14,721,440.0,15,493,0,0,120.2,3.66,29.33,68.38,48.07
Nazmul Islam,14,549,472.0,15,300,6,0,91.5,5.16,31.47,54.64,36.6
I Waqavakatoga,9,180,149.0,15,102,15,0,30.0,4.97,9.93,56.67,12.0
RDB Ahir,14,251,287.0,15,111,5,1,41.8,6.86,19.13,44.22,16.73
RG Aga,17,370,331.0,15,191,9,3,61.7,5.37,22.07,51.62,24.67
Ahmad Khalid Ahmadzai,8,162,180.0,15,69,3,2,27.0,6.67,12.0,42.59,10.8
TT Maposa,19,320,488.0,15,116,21,4,53.3,9.15,32.53,36.25,21.33
LR Shukla,27,314,447.0,15,117,10,2,52.3,8.54,29.8,37.26,20.93
M Gaur,23,506,455.0,15,292,34,2,84.3,5.4,30.33,57.71,33.73
HT Tector,33,636,667.0,15,264,23,2,106.0,6.29,44.47,41.51,42.4
PW Borren,35,832,842.0,15,343,12,1,138.7,6.07,56.13,41.23,55.47
G Mallett,9,168,147.0,15,77,11,1,28.0,5.25,9.8,45.83,11.2
R Edwards,10,198,195.0,15,85,14,0,33.0,5.91,13.0,42.93,13.2
PM Pushpakumara,6,974,625.0,15,608,0,0,162.3,3.85,41.67,62.42,64.93
SA Campbelle,22,481,417.0,15,235,36,1,80.2,5.2,27.8,48.86,32.07
Rachel Delaney,21,484,444.0,15,237,27,3,80.7,5.5,29.6,48.97,32.27
F Behardien,37,730,711.0,15,292,15,1,121.7,5.84,47.4,40.0,48.67
LN O'Connor,23,456,586.0,15,129,4,0,76.0,7.71,39.07,28.29,30.4
A Ashokan,18,342,435.0,15,135,21,0,57.0,7.63,29.0,39.47,22.8
Zaid Ahmad,15,257,332.0,15,109,15,1,42.8,7.75,22.13,42.41,17.13
Zeeshan Kukikhel,12,237,335.0,15,104,20,0,39.5,8.48,22.33,43.88,15.8
F Damiao Couana,17,318,386.0,15,174,26,7,53.0,7.28,25.73,54.72,21.2
AS Roy,22,323,479.0,15,109,28,0,53.8,8.9,31.93,33.75,21.53
Fiza,16,228,198.0,15,116,18,2,38.0,5.21,13.2,50.88,15.2
Abdur Rauf,7,665,490.0,14,440,4,10,110.8,4.42,35.0,66.17,47.5
Han Lili,9,198,120.0,14,110,5,2,33.0,3.64,8.57,55.56,14.14
A Chenthamara,10,184,218.0,14,88,9,1,30.7,7.11,15.57,47.83,13.14
Z Groenewald,13,318,273.0,14,178,6,0,53.0,5.15,19.5,55.97,22.71
A Bosch,22,450,430.0,14,225,5,2,75.0,5.73,30.71,50.0,32.14
Zeeshan Ali,10,174,219.0,14,84,12,2,29.0,7.55,15.64,48.28,12.43
Kuldeep Gurjar,13,193,280.0,14,67,9,0,32.2,8.7,20.0,34.72,13.79
Abdullah Rana,8,132,184.0,14,48,4,1,22.0,8.36,13.14,36.36,9.43
K Reyneke,18,282,286.0,14,137,11,2,47.0,6.09,20.43,48.58,20.14
K Peddrick,19,299,319.0,14,149,48,3,49.8,6.4,22.79,49.83,21.36
AL Stephen,15,277,350.0,14,117,12,3,46.2,7.58,25.0,42.24,19.79
Mushfiqur Rahman,18,1138,832.0,14,775,9,5,189.7,4.39,59.43,68.1,81.29
Musawar Shah,9,186,212.0,14,83,2,0,31.0,6.84,15.14,44.62,13.29
Siow Tzin Yee,10,186,143.0,14,101,6,2,31.0,4.61,10.21,54.3,13.29
Arif Yaqoob,9,180,233.0,14,61,3,0,30.0,7.77,16.64,33.89,12.86
P Agrawal,11,252,202.0,14,138,12,1,42.0,4.81,14.43,54.76,18.0
J Blades,16,368,579.0,14,154,32,5,61.3,9.44,41.36,41.85,26.29
PA de Silva,13,565,473.0,14,268,7,0,94.2,5.02,33.79,47.43,40.36
Nizakat Khan,19,305,282.0,14,138,7,0,50.8,5.55,20.14,45.25,21.79
J Kowa,14,278,201.0,14,191,41,0,46.3,4.34,14.36,68.71,19.86
SM Harwood,11,276,362.0,14,110,14,0,46.0,7.87,25.86,39.86,19.71
SJ Srivastava,14,282,441.0,14,106,23,1,47.0,9.38,31.5,37.59,20.14
MA Aponso,12,483,456.0,14,246,8,0,80.5,5.66,32.57,50.93,34.5
O Mondlane,15,266,186.0,14,164,25,13,44.3,4.2,13.29,61.65,19.0
Brijesh Sharma,13,273,450.0,14,86,20,4,45.5,9.89,32.14,31.5,19.5
MK Amusa,14,270,184.0,14,156,12,0,45.0,4.09,13.14,57.78,19.29
Mohamed Turay,20,327,361.0,14,139,3,2,54.5,6.62,25.79,42.51,23.36
Sameera Khan,27,384,380.0,14,195,36,2,64.0,5.94,27.14,50.78,27.43
E Kabwere,10,199,154.0,14,128,24,1,33.2,4.64,11.0,64.32,14.21
AIV Benatar,10,179,140.0,14,125,28,11,29.8,4.69,10.0,69.83,12.79
Aziz Mohammad,16,270,381.0,14,94,19,4,45.0,8.47,27.21,34.81,19.29
AM Ellis,17,540,530.0,14,273,14,2,90.0,5.89,37.86,50.56,38.57
AM Healey,13,258,176.0,14,155,20,1,43.0,4.09,12.57,60.08,18.43
Mohammed Irshad,10,147,210.0,14,50,13,2,24.5,8.57,15.0,34.01,10.5
NRJ Young,21,302,453.0,14,103,19,3,50.3,9.0,32.36,34.11,21.57
Ayesha Zafar,21,337,343.0,14,170,8,0,56.2,6.11,24.5,50.45,24.07
NJ Browne,18,404,393.0,14,217,19,3,67.3,5.84,28.07,53.71,28.86
A Nathwani,15,294,360.0,14,126,10,0,49.0,7.35,25.71,42.86,21.0
A Zimunu,27,697,766.0,14,373,76,3,116.2,6.59,54.71,53.52,49.79
A Wanjira,17,315,292.0,14,189,27,7,52.5,5.56,20.86,60.0,22.5
WK Lai,17,275,263.0,14,134,25,7,45.8,5.74,18.79,48.73,19.64
JM Iradukunda,17,331,430.0,14,146,21,3,55.2,7.79,30.71,44.11,23.64
M Levitt,19,546,494.0,14,281,4,0,91.0,5.43,35.29,51.47,39.0
AC Douglas,11,176,184.0,14,81,7,1,29.3,6.27,13.14,46.02,12.57
Shubham Ranjane,14,444,399.0,14,224,20,1,74.0,5.39,28.5,50.45,31.71
D Hemalatha,19,346,325.0,14,168,4,0,57.7,5.64,23.21,48.55,24.71
S Snater,14,288,462.0,14,89,7,4,48.0,9.62,33.0,30.9,20.57
Junaid Aziz,16,162,251.0,14,53,7,2,27.0,9.3,17.93,32.72,11.57
M Dlamini,18,344,402.0,14,186,63,27,57.3,7.01,28.71,54.07,24.57
E Mbofana,12,372,346.0,14,194,30,2,62.0,5.58,24.71,52.15,26.57
G Candiru,18,378,386.0,14,146,26,1,63.0,6.13,27.57,38.62,27.0
A Das,12,329,275.0,14,167,3,0,54.8,5.02,19.64,50.76,23.5
LS Baker,12,828,588.0,14,540,10,3,138.0,4.26,42.0,65.22,59.14
C Sosa,16,312,255.0,14,183,35,12,52.0,4.9,18.21,58.65,22.29
PR Adams,5,945,517.0,14,691,3,1,157.5,3.28,36.93,73.12,67.5
Parveen Kumar,17,525,414.0,14,309,8,0,87.5,4.73,29.57,58.86,37.5
R Ankad,10,198,159.0,14,113,8,1,33.0,4.82,11.36,57.07,14.14
R Chaudhary,19,358,285.0,14,183,17,1,59.7,4.78,20.36,51.12,25.57
Irfan Ahmed,9,276,282.0,14,151,10,1,46.0,6.13,20.14,54.71,19.71
A Kanukuntla,19,372,321.0,14,199,26,0,62.0,5.18,22.93,53.49,26.57
Waseeq Ahmed,12,246,286.0,14,89,5,0,41.0,6.98,20.43,36.18,17.57
PP Hinge,7,156,305.0,14,62,9,3,26.0,11.73,21.79,39.74,11.14
M Dixit,20,341,428.0,14,119,17,0,56.8,7.53,30.57,34.9,24.36
AB Kamara,19,258,346.0,14,117,9,1,43.0,8.05,24.71,45.35,18.43
LW Feldman,12,254,316.0,14,111,6,2,42.3,7.46,22.57,43.7,18.14
RML Taylor,16,533,533.0,14,272,20,0,88.8,6.0,38.07,51.03,38.07
L Siaka,25,378,308.0,14,188,9,2,63.0,4.89,22.0,49.74,27.0
A Turkmen,19,390,470.0,14,172,27,2,65.0,7.23,33.57,44.1,27.86
RD Atangana,12,212,149.0,14,134,14,0,35.3,4.22,10.64,63.21,15.14
RR Seth,19,295,261.0,14,168,27,1,49.2,5.31,18.64,56.95,21.07
RO Mazumba,12,190,165.0,14,118,38,2,31.7,5.21,11.79,62.11,13.57
DPS Tyagi,10,198,264.0,14,96,18,3,33.0,8.0,18.86,48.48,14.14
I Muhawenimana,25,426,364.0,14,273,51,9,71.0,5.13,26.0,64.08,30.43
Aamir Lal,9,192,205.0,14,90,7,0,32.0,6.41,14.64,46.88,13.71
CL Fitzpatrick,3,737,232.0,13,611,3,0,122.8,1.89,17.85,82.9,56.69
Zain Muzaffar,11,220,273.0,13,101,11,0,36.7,7.45,21.0,45.91,16.92
Harsh Dubey,11,192,326.0,13,56,8,0,32.0,10.19,25.08,29.17,14.77
Karuna Bhandari,14,252,127.0,13,169,2,2,42.0,3.02,9.77,67.06,19.38
S Desungnoen,25,331,393.0,13,106,13,0,55.2,7.12,30.23,32.02,25.46
Afif Hossain,31,297,367.0,13,121,7,0,49.5,7.41,28.23,40.74,22.85
S Kanankege,25,372,353.0,13,192,29,10,62.0,5.69,27.15,51.61,28.62
AA Paradkar,9,276,312.0,13,136,3,0,46.0,6.78,24.0,49.28,21.23
T Mulepati,10,162,94.0,13,109,23,0,27.0,3.48,7.23,67.28,12.46
Jamshid Nasiri,12,162,144.0,13,78,2,0,27.0,5.33,11.08,48.15,12.46
M Mavunga,19,385,452.0,13,176,13,0,64.2,7.04,34.77,45.71,29.62
M Musinguzi,13,245,246.0,13,131,12,0,40.8,6.02,18.92,53.47,18.85
S Matsikenyeri,29,684,576.0,13,291,19,0,114.0,5.05,44.31,42.54,52.62
Javid Patel,14,294,327.0,13,118,15,1,49.0,6.67,25.15,40.14,22.62
M Mwangi,13,170,134.0,13,96,6,0,28.3,4.73,10.31,56.47,13.08
M Gogev,24,431,673.0,13,153,23,1,71.8,9.37,51.77,35.5,33.15
C Magaia,8,126,136.0,13,72,26,1,21.0,6.48,10.46,57.14,9.69
M McColl,19,217,202.0,13,111,7,2,36.2,5.59,15.54,51.15,16.69
M Artur,16,219,184.0,13,133,15,2,36.5,5.04,14.15,60.73,16.85
GJ Batty,12,1484,855.0,13,979,3,0,247.3,3.46,65.77,65.97,114.15
T Kamungozi,14,744,569.0,13,405,3,1,124.0,4.59,43.77,54.44,57.23
GHS Garton,15,276,463.0,13,95,11,3,46.0,10.07,35.62,34.42,21.23
S Fouché,12,342,316.0,13,160,4,0,57.0,5.54,24.31,46.78,26.31
I Mutoni,12,222,184.0,13,141,13,2,37.0,4.97,14.15,63.51,17.08
RM Dorji,20,296,414.0,13,100,13,1,49.3,8.39,31.85,33.78,22.77
Akash Singh,12,247,406.0,13,91,9,0,41.2,9.86,31.23,36.84,19.0
D Marikova-Moodley,12,202,202.0,13,106,25,9,33.7,6.0,15.54,52.48,15.54
MR Swart,20,396,381.0,13,185,6,0,66.0,5.77,29.31,46.72,30.46
JM James,11,144,177.0,13,63,8,0,24.0,7.38,13.62,43.75,11.08
Saqlain Mushtaq,7,871,563.0,13,600,0,27,145.2,3.88,43.31,68.89,67.0
G Sultana,23,755,612.0,13,427,12,0,125.8,4.86,47.08,56.56,58.08
AF Aoina,13,213,209.0,13,118,29,4,35.5,5.89,16.08,55.4,16.38
C Cassell,8,304,333.0,13,151,7,1,50.7,6.57,25.62,49.67,23.38
M Short,8,168,114.0,13,118,31,0,28.0,4.07,8.77,70.24,12.92
Shahreeennawab,21,331,383.0,13,140,20,4,55.2,6.94,29.46,42.3,25.46
V Nigam,18,288,469.0,13,88,8,5,48.0,9.77,36.08,30.56,22.15
S di Bartolomeo,7,147,128.0,13,78,2,0,24.5,5.22,9.85,53.06,11.31
Uswa Syed,11,209,167.0,13,126,14,2,34.8,4.79,12.85,60.29,16.08
Nary Thapa,6,135,77.0,13,87,6,0,22.5,3.42,5.92,64.44,10.38
P Molkenboer,16,246,182.0,13,130,7,1,41.0,4.44,14.0,52.85,18.92
PC Connell,8,252,263.0,13,136,9,1,42.0,6.26,20.23,53.97,19.38
SF Mire,22,543,565.0,13,267,23,2,90.5,6.24,43.46,49.17,41.77
SA Sathiya,15,300,248.0,13,153,15,2,50.0,4.96,19.08,51.0,23.08
O Ranedoumoun,16,288,241.0,13,163,29,1,48.0,5.02,18.54,56.6,22.15
GH O'Brien,10,249,233.0,13,146,13,2,41.5,5.61,17.92,58.63,19.15
Z Evans,10,168,281.0,13,57,3,0,28.0,10.04,21.62,33.93,12.92
P Gheewala,14,240,335.0,13,100,23,4,40.0,8.38,25.77,41.67,18.46
HL Tau,24,464,425.0,13,217,11,4,77.3,5.5,32.69,46.77,35.69
OAC Banks,5,979,552.0,13,698,2,0,163.2,3.38,42.46,71.3,75.31
Asif Bevinje,9,185,228.0,13,98,17,0,30.8,7.39,17.54,52.97,14.23
G Oliveira,19,324,353.0,13,150,13,2,54.0,6.54,27.15,46.3,24.92
TD Andrews,18,330,430.0,13,116,4,0,55.0,7.82,33.08,35.15,25.38
TD Chaoana,21,394,535.0,13,177,31,0,65.7,8.15,41.15,44.92,30.31
U Bhatti,13,531,370.0,13,379,10,6,88.5,4.18,28.46,71.37,40.85
Fazil Rahman,6,131,158.0,13,67,5,1,21.8,7.24,12.15,51.15,10.08
Pankaj Singh,20,792,805.0,13,465,13,2,132.0,6.1,61.92,58.71,60.92
NJ Maddinson,24,252,304.0,13,75,3,0,42.0,7.24,23.38,29.76,19.38
SM Sharma,15,456,473.0,13,232,5,0,76.0,6.22,36.38,50.88,35.08
V Kohli,100,1240,1336.0,13,468,16,10,206.7,6.46,102.77,37.74,95.38
Muhammad Siddiqui,11,234,312.0,13,107,21,1,39.0,8.0,24.0,45.73,18.0
R Limema,15,274,346.0,13,128,48,11,45.7,7.58,26.62,46.72,21.08
G Chohan,20,252,383.0,13,104,23,2,42.0,9.12,29.46,41.27,19.38
A Mare,19,312,297.0,13,179,33,2,52.0,5.71,22.85,57.37,24.0
NH Berejo,11,194,137.0,13,117,9,2,32.3,4.24,10.54,60.31,14.92
R Clarke,14,578,409.0,13,368,19,6,96.3,4.25,31.46,63.67,44.46
NA Gordon,14,246,376.0,13,71,11,0,41.0,9.17,28.92,28.86,18.92
TJ Draca,11,210,254.0,13,108,14,2,35.0,7.26,19.54,51.43,16.15
R Bakum,14,205,264.0,13,91,13,0,34.2,7.73,20.31,44.39,15.77
Musa Khan Ahmadzai,8,165,217.0,13,65,14,2,27.5,7.89,16.69,39.39,12.69
Vikramjit Singh,22,345,420.0,13,157,11,3,57.5,7.3,32.31,45.51,26.54
Iftikhar Kankhel,10,179,270.0,13,79,13,1,29.8,9.05,20.77,44.13,13.77
Amal Jacob,15,270,358.0,13,103,30,0,45.0,7.96,27.54,38.15,20.77
Tejwinder Singh,10,215,220.0,13,110,18,1,35.8,6.14,16.92,51.16,16.54
S Ostergaard,10,174,201.0,13,93,42,9,29.0,6.93,15.46,53.45,13.38
Aarif Sheikh,45,1043,869.0,13,549,21,1,173.8,5.0,66.85,52.64,80.23
Mohammad Talha,7,862,650.0,13,579,7,22,143.7,4.52,50.0,67.17,66.31
S Sarandeva,17,300,379.0,13,140,65,18,50.0,7.58,29.15,46.67,23.08
D Ruynekova,16,228,285.0,13,117,74,19,38.0,7.5,21.92,51.32,17.54
JKC Claxton,18,343,486.0,13,138,40,3,57.2,8.5,37.38,40.23,26.38
MW Parkinson,12,421,448.0,13,193,8,0,70.2,6.38,34.46,45.84,32.38
JKD Andreano,19,389,367.0,13,204,40,0,64.8,5.66,28.23,52.44,29.92
Manjural Islam Rana,16,670,481.0,13,395,11,1,111.7,4.31,37.0,58.96,51.54
D Robson,13,311,314.0,13,162,12,1,51.8,6.06,24.15,52.09,23.92
RDM Leverock,13,631,458.0,13,365,0,0,105.2,4.35,35.23,57.84,48.54
MTMMJ Ave,14,215,243.0,13,86,6,5,35.8,6.78,18.69,40.0,16.54
ID Blackwell,18,954,616.0,13,557,6,0,159.0,3.87,47.38,58.39,73.38
TB Sole,13,504,398.0,13,268,12,0,84.0,4.74,30.62,53.17,38.77
SJ Hughes-Pinan,10,224,148.0,13,146,3,0,37.3,3.96,11.38,65.18,17.23
E Ungerman,15,222,219.0,13,134,25,4,37.0,5.92,16.85,60.36,17.08
Atif-Ur-Rehman,16,318,288.0,13,182,19,2,53.0,5.43,22.15,57.23,24.46
A Kalasi,11,222,177.0,12,104,3,2,37.0,4.78,14.75,46.85,18.5
JM Muirhead,13,222,282.0,12,69,5,0,37.0,7.62,23.5,31.08,18.5
BP Martin,5,1518,646.0,12,1232,0,7,253.0,2.55,53.83,81.16,126.5
WAE Burton,15,227,337.0,12,94,25,2,37.8,8.91,28.08,41.41,18.92
T Trajkovic,7,138,125.0,12,90,30,6,23.0,5.43,10.42,65.22,11.5
Akhil Arjunan,16,311,382.0,12,119,7,0,51.8,7.37,31.83,38.26,25.92
Wasim Akram,5,284,201.0,12,193,16,14,47.3,4.25,16.75,67.96,23.67
Waqas Barkat,22,296,403.0,12,102,10,0,49.3,8.17,33.58,34.46,24.67
A Fillie,12,195,179.0,12,121,42,0,32.5,5.51,14.92,62.05,16.25
M Syahadat Ramli,10,131,134.0,12,53,2,0,21.8,6.14,11.17,40.46,10.92
Shahrukh Quddus,11,234,334.0,12,101,18,2,39.0,8.56,27.83,43.16,19.5
MADI Hemantha,11,332,410.0,12,118,4,2,55.3,7.41,34.17,35.54,27.67
RL Grundy,13,390,348.0,12,195,10,0,65.0,5.35,29.0,50.0,32.5
DW Lawrence,18,382,257.0,12,250,3,2,63.7,4.04,21.42,65.45,31.83
Haider Butt,16,146,196.0,12,53,8,1,24.3,8.05,16.33,36.3,12.17
Shahil Momin,15,300,323.0,12,120,9,1,50.0,6.46,26.92,40.0,25.0
T Makusha,19,539,534.0,12,303,54,3,89.8,5.94,44.5,56.22,44.92
TL Cutler,14,288,360.0,12,122,4,0,48.0,7.5,30.0,42.36,24.0
A Turay,5,83,90.0,12,35,5,0,13.8,6.51,7.5,42.17,6.92
MJ Guptill,27,543,407.0,12,323,6,2,90.5,4.5,33.92,59.48,45.25
Steven Ryan Taylor,17,400,347.0,12,231,7,0,66.7,5.2,28.92,57.75,33.33
C Prasad,6,150,108.0,12,83,9,1,25.0,4.32,9.0,55.33,12.5
C Perry,15,305,302.0,12,166,31,0,50.8,5.94,25.17,54.43,25.42
Jonte Smith,8,150,154.0,12,76,9,1,25.0,6.16,12.83,50.67,12.5
Jannatul Ferdus,8,288,253.0,12,153,5,1,48.0,5.27,21.08,53.12,24.0
F Khaliq,12,222,261.0,12,109,9,0,37.0,7.05,21.75,49.1,18.5
F Pessima,11,201,133.0,12,126,10,0,33.5,3.97,11.08,62.69,16.75
TMA Leslie,13,232,231.0,12,142,29,3,38.7,5.97,19.25,61.21,19.33
S Matijevic,12,229,206.0,12,122,47,6,38.2,5.4,17.17,53.28,19.08
Hasan Murad,3,477,220.0,12,366,0,0,79.5,2.77,18.33,76.73,39.75
CG Williams,22,432,375.0,12,209,7,2,72.0,5.21,31.25,48.38,36.0
C White,7,516,338.0,12,350,0,5,86.0,3.93,28.17,67.83,43.0
M Desmond,8,180,143.0,12,100,14,0,30.0,4.77,11.92,55.56,15.0
Rafiullah,20,264,411.0,12,98,27,2,44.0,9.34,34.25,37.12,22.0
Luis Hermida,10,174,188.0,12,92,11,0,29.0,6.48,15.67,52.87,14.5
EP Gulbis,28,344,495.0,12,102,10,1,57.3,8.63,41.25,29.65,28.67
Karanveer Singh,9,204,321.0,12,66,9,0,34.0,9.44,26.75,32.35,17.0
Khadija Khalil,13,174,220.0,12,79,29,4,29.0,7.59,18.33,45.4,14.5
Khadija Imtiaz,15,218,232.0,12,85,17,2,36.3,6.39,19.33,38.99,18.17
K Vislapuu,18,281,397.0,12,110,13,1,46.8,8.48,33.08,39.15,23.42
L Anyait,14,307,200.0,12,183,10,0,51.2,3.91,16.67,59.61,25.58
GC Galanis,11,215,219.0,12,100,8,0,35.8,6.11,18.25,46.51,17.92
CD McMillan,22,556,466.0,12,291,1,1,92.7,5.03,38.83,52.34,46.33
K Srandeva,16,264,355.0,12,132,64,22,44.0,8.07,29.58,50.0,22.0
AA Navicha,11,204,308.0,12,85,26,0,34.0,9.06,25.67,41.67,17.0
KAR Hodge,21,678,659.0,12,339,8,0,113.0,5.83,54.92,50.0,56.5
ZL Thoon,12,255,156.0,12,156,24,1,42.5,3.67,13.0,61.18,21.25
Kamran Wahid,10,186,286.0,12,60,8,1,31.0,9.23,23.83,32.26,15.5
A Bishnoi,12,203,306.0,12,96,25,7,33.8,9.04,25.5,47.29,16.92
Sumaiya Siddiqi,16,420,319.0,12,254,15,0,70.0,4.56,26.58,60.48,35.0
K Kartikeya,16,282,407.0,12,90,8,0,47.0,8.66,33.92,31.91,23.5
YP Molina,5,112,60.0,12,91,22,2,18.7,3.21,5.0,81.25,9.33
B Tlali,12,255,172.0,12,165,23,2,42.5,4.05,14.33,64.71,21.25
E Guehoada,15,293,243.0,12,151,13,1,48.8,4.98,20.25,51.54,24.42
H Deshan,15,198,250.0,12,85,5,0,33.0,7.58,20.83,42.93,16.5
Sajad Ahmadzai,15,252,314.0,12,118,26,2,42.0,7.48,26.17,46.83,21.0
Muhammad Burhan,11,210,253.0,12,91,12,0,35.0,7.23,21.08,43.33,17.5
JK Reed,9,162,266.0,12,64,7,0,27.0,9.85,22.17,39.51,13.5
JL Denly,30,666,543.0,12,365,4,0,111.0,4.89,45.25,54.8,55.5
JM Watkin,11,276,238.0,12,145,5,0,46.0,5.17,19.83,52.54,23.0
R Ugarkar,6,262,252.0,12,160,13,0,43.7,5.77,21.0,61.07,21.83
JA Fitzgerald,21,351,602.0,12,135,51,4,58.5,10.29,50.17,38.46,29.25
N M'shangwe,11,1102,740.0,12,683,9,1,183.7,4.03,61.67,61.98,91.83
D Wangmo,14,234,205.0,12,113,8,2,39.0,5.26,17.08,48.29,19.5
N Nuntarach,17,197,248.0,12,78,22,3,32.8,7.55,20.67,39.59,16.42
N Krishna,12,178,262.0,12,65,9,0,29.7,8.83,21.83,36.52,14.83
JB Reva,13,318,313.0,12,148,1,1,53.0,5.91,26.08,46.54,26.5
SR Thadani,19,277,271.0,12,149,14,0,46.2,5.87,22.58,53.79,23.08
SS Grimmond,22,425,405.0,12,191,17,2,70.8,5.72,33.75,44.94,35.42
Qadeer Ahmed,17,522,561.0,12,278,8,11,87.0,6.45,46.75,53.26,43.5
DK Anefie,19,336,350.0,12,165,28,2,56.0,6.25,29.17,49.11,28.0
IKO Aboagye,7,156,116.0,12,82,0,0,26.0,4.46,9.67,52.56,13.0
R Klein,15,627,539.0,12,348,12,0,104.5,5.16,44.92,55.5,52.25
B Pondani,18,301,348.0,12,159,22,3,50.2,6.94,29.0,52.82,25.08
A Kato-Stafford,9,192,133.0,12,116,6,0,32.0,4.16,11.08,60.42,16.0
N Benjamin,19,279,252.0,12,149,11,5,46.5,5.42,21.0,53.41,23.25
N Bidaisee,15,228,288.0,12,84,7,0,38.0,7.58,24.0,36.84,19.0
Salman Nazar,7,150,156.0,12,81,3,0,25.0,6.24,13.0,54.0,12.5
A Limdawala,22,304,375.0,12,140,9,1,50.7,7.4,31.25,46.05,25.33
A Stocks,14,278,227.0,12,130,16,3,46.3,4.9,18.92,46.76,23.17
MT Jacob,16,270,275.0,12,153,47,5,45.0,6.11,22.92,56.67,22.5
Ali Hasan,10,198,217.0,12,93,6,2,33.0,6.58,18.08,46.97,16.5
DKD Warnakulasuriya,9,156,168.0,12,66,5,0,26.0,6.46,14.0,42.31,13.0
Sami Ullah,8,144,185.0,12,70,15,1,24.0,7.71,15.42,48.61,12.0
Ali Usman,4,617,305.0,12,453,0,0,102.8,2.97,25.42,73.42,51.42
Aarti Priya,14,279,298.0,12,141,59,9,46.5,6.41,24.83,50.54,23.25
Mohammad Imran,16,425,540.0,12,199,13,9,70.8,7.62,45.0,46.82,35.42
BA Bhatt,15,296,397.0,12,98,6,1,49.3,8.05,33.08,33.11,24.67
NM Meepage,14,426,386.0,12,224,8,1,71.0,5.44,32.17,52.58,35.5
AP Devcich,30,588,632.0,12,249,19,5,98.0,6.45,52.67,42.35,49.0
Azhar Ali,47,1155,911.0,12,575,6,1,192.5,4.73,75.92,49.78,96.25
AM Guruge,9,267,261.0,12,154,4,0,44.5,5.87,21.75,57.68,22.25
V Mitari,12,198,218.0,12,104,22,4,33.0,6.61,18.17,52.53,16.5
A Martin,11,486,342.0,12,266,3,0,81.0,4.22,28.5,54.73,40.5
V Buruka,12,363,286.0,12,213,10,6,60.5,4.73,23.83,58.68,30.25
Fawad Alam,21,566,519.0,12,236,4,0,94.3,5.5,43.25,41.7,47.17
DGAPD Wiswi,16,157,166.0,12,72,9,4,26.2,6.34,13.83,45.86,13.08
A Prashar,11,194,206.0,12,103,20,1,32.3,6.37,17.17,53.09,16.17
A Perera,11,172,133.0,12,102,6,1,28.7,4.64,11.08,59.3,14.33
NJ Pius,20,259,210.0,12,148,18,0,43.2,4.86,17.5,57.14,21.58
Paing Danu,16,271,335.0,12,130,31,1,45.2,7.42,27.92,47.97,22.58
AN Ahmed,17,344,498.0,12,131,13,5,57.3,8.69,41.5,38.08,28.67
AM Zepeda,17,366,327.0,12,208,52,8,61.0,5.36,27.25,56.83,30.5
AN Davidson-Richards,12,312,283.0,12,179,13,0,52.0,5.44,23.58,57.37,26.0
S Vijayakumar,9,168,204.0,12,72,0,0,28.0,7.29,17.0,42.86,14.0
Ngawang Thinley,8,129,164.0,12,57,4,0,21.5,7.63,13.67,44.19,10.75
PK Mohanarangam,7,136,77.0,12,81,0,1,22.7,3.4,6.42,59.56,11.33
Ansh Patel,12,348,364.0,12,172,6,0,58.0,6.28,30.33,49.43,29.0
Ashwini Balaji,18,343,378.0,12,198,64,8,57.2,6.61,31.5,57.73,28.58
P Khadka,29,558,491.0,12,300,11,0,93.0,5.28,40.92,53.76,46.5
SA Panayan,20,361,430.0,12,144,25,1,60.2,7.15,35.83,39.89,30.08
DG Weakley,12,245,284.0,12,131,10,0,40.8,6.96,23.67,53.47,20.42
O Davidson,15,504,455.0,12,250,3,0,84.0,5.42,37.92,49.6,42.0
Nilansh Keswani,14,311,342.0,12,131,7,0,51.8,6.6,28.5,42.12,25.92
S Thapa,11,192,188.0,12,103,18,1,32.0,5.88,15.67,53.65,16.0
Ankit Sharma,21,367,450.0,12,139,8,0,61.2,7.36,37.5,37.87,30.58
P Pushparajan,17,271,343.0,12,109,9,1,45.2,7.59,28.58,40.22,22.58
P Florin,10,113,130.0,12,45,11,1,18.8,6.9,10.83,39.82,9.42
Arslan Amjad,11,134,248.0,12,40,19,2,22.3,11.1,20.67,29.85,11.17
E Duffy,13,225,214.0,12,125,16,4,37.5,5.71,17.83,55.56,18.75
Kainat Imtiaz,22,546,587.0,12,245,27,1,91.0,6.45,48.92,44.87,45.5
A Dhingra,14,243,329.0,12,84,12,0,40.5,8.12,27.42,34.57,20.25
T Chopra,13,186,163.0,12,92,8,0,31.0,5.26,13.58,49.46,15.5
CM Wright,9,336,277.0,12,207,12,0,56.0,4.95,23.08,61.61,28.0
KN Peiris,3,789,520.0,12,485,0,0,131.5,3.95,43.33,61.47,65.75
Afida Afthab,23,303,247.0,11,173,21,3,50.5,4.89,22.45,57.1,27.55
T Granger,8,192,156.0,11,119,18,1,32.0,4.88,14.18,61.98,17.45
Zawar Farid,14,309,338.0,11,141,7,0,51.5,6.56,30.73,45.63,28.09
Zara Mohammad,10,192,196.0,11,124,70,5,32.0,6.12,17.82,64.58,17.45
CM Akachukwu,19,278,370.0,11,99,14,1,46.3,7.99,33.64,35.61,25.27
CS MacLeod,45,866,801.0,11,436,44,5,144.3,5.55,72.82,50.35,78.73
A Chandila,12,234,242.0,11,105,0,0,39.0,6.21,22.0,44.87,21.27
O Keitsemang,15,220,262.0,11,115,42,6,36.7,7.15,23.82,52.27,20.0
PDRL Perera,15,582,567.0,11,337,19,1,97.0,5.85,51.55,57.9,52.91
P Nedeljkovic,10,228,281.0,11,105,19,2,38.0,7.39,25.55,46.05,20.73
P Malemikia,12,241,170.0,11,153,15,1,40.2,4.23,15.45,63.49,21.91
Younis Khan,36,822,584.0,11,508,9,11,137.0,4.26,53.09,61.8,74.73
HHC Gunaratne,12,350,322.0,11,191,13,0,58.3,5.52,29.27,54.57,31.82
O Muzondo,5,108,90.0,11,61,4,0,18.0,5.0,8.18,56.48,9.82
M Kpaka,14,198,205.0,11,89,4,0,33.0,6.21,18.64,44.95,18.0
Waqar Younis,6,499,389.0,11,339,6,6,83.2,4.68,35.36,67.94,45.36
J Horrocks,18,312,459.0,11,115,18,2,52.0,8.83,41.73,36.86,28.36
C Ostergaard,18,312,275.0,11,171,36,2,52.0,5.29,25.0,54.81,28.36
TH Semau,14,209,168.0,11,123,24,2,34.8,4.82,15.27,58.85,19.0
Raza Hasan,13,318,334.0,11,155,7,0,53.0,6.3,30.36,48.74,28.91
T Muzarabani,13,383,408.0,11,205,8,1,63.8,6.39,37.09,53.52,34.82
L Little,27,650,718.0,11,299,43,4,108.3,6.63,65.27,46.0,59.09
NJ Shaw,6,657,278.0,11,501,2,2,109.5,2.54,25.27,76.26,59.73
Ilyas Ahmed,16,300,386.0,11,144,22,2,50.0,7.72,35.09,48.0,27.27
DK Pallekonda,11,168,278.0,11,54,10,0,28.0,9.93,25.27,32.14,15.27
I Shukla,14,187,215.0,11,96,37,2,31.2,6.9,19.55,51.34,17.0
GT Taylor,12,203,292.0,11,85,8,4,33.8,8.63,26.55,41.87,18.45
J Sanele,12,251,208.0,11,142,8,3,41.8,4.97,18.91,56.57,22.82
CJ Dias,14,245,205.0,11,131,22,0,40.8,5.02,18.64,53.47,22.27
JT Smuts,22,475,531.0,11,172,2,0,79.2,6.71,48.27,36.21,43.18
A Rangaswamy,8,142,142.0,11,92,10,2,23.7,6.0,12.91,64.79,12.91
SH Obed,12,180,206.0,11,62,0,0,30.0,6.87,18.73,34.44,16.36
SHA Rance,9,267,355.0,11,108,6,1,44.5,7.98,32.27,40.45,24.27
SI Bara,6,138,38.0,11,118,11,0,23.0,1.65,3.45,85.51,12.55
Nestor Dhamba,9,324,220.0,11,174,2,0,54.0,4.07,20.0,53.7,29.45
Nikhil Chaudhary,25,348,412.0,11,117,6,0,58.0,7.1,37.45,33.62,31.64
Atif Kamal,9,156,182.0,11,70,3,0,26.0,7.0,16.55,44.87,14.18
NT Rajendran,8,186,189.0,11,82,4,0,31.0,6.1,17.18,44.09,16.91
A Mene-Ejegi,11,226,261.0,11,120,27,1,37.7,6.93,23.73,53.1,20.55
Isabel Walker,6,143,92.0,11,100,16,2,23.8,3.86,8.36,69.93,13.0
L Klusener,11,458,394.0,11,244,7,11,76.3,5.16,35.82,53.28,41.64
V Ateak,10,201,206.0,11,85,4,1,33.5,6.15,18.73,42.29,18.27
L Bowe,13,234,338.0,11,77,7,1,39.0,8.67,30.73,32.91,21.27
C Hemraj,25,236,278.0,11,124,2,0,39.3,7.07,25.27,52.54,21.45
Jai Sinh,6,108,144.0,11,48,6,0,18.0,8.0,13.09,44.44,9.82
Ghulam Mudassar,11,226,386.0,11,60,18,1,37.7,10.25,35.09,26.55,20.55
Ajay Kumar,5,245,185.0,11,154,7,0,40.8,4.53,16.82,62.86,22.27
TM Macalou,14,170,222.0,11,75,3,2,28.3,7.84,20.18,44.12,15.45
J Santhanam,7,144,127.0,11,84,5,0,24.0,5.29,11.55,58.33,13.09
Avishka Iroshan,10,140,205.0,11,51,5,0,23.3,8.79,18.64,36.43,12.73
SMK Waththage,13,258,328.0,11,116,28,0,43.0,7.63,29.82,44.96,23.45
S Williams,19,324,435.0,11,136,10,3,54.0,8.06,39.55,41.98,29.45
TH David,49,516,764.0,11,156,24,0,86.0,8.88,69.45,30.23,46.91
Simarjeet Singh,14,240,400.0,11,107,14,2,40.0,10.0,36.36,44.58,21.82
Qanita Jalil,30,600,452.0,11,375,34,0,100.0,4.52,41.09,62.5,54.55
R Athapaththu,6,144,198.0,11,57,12,3,24.0,8.25,18.0,39.58,13.09
RAP Nissanka,9,379,289.0,11,263,22,10,63.2,4.58,26.27,69.39,34.45
RK Kiseto,11,210,254.0,11,107,4,0,35.0,7.26,23.09,50.95,19.09
M Ayodhya,11,239,295.0,11,112,16,1,39.8,7.41,26.82,46.86,21.73
K Canavarci,12,207,223.0,11,107,36,7,34.5,6.46,20.27,51.69,18.82
Mahbubul Alam,8,593,476.0,11,404,15,1,98.8,4.82,43.27,68.13,53.91
JM Vujinovich,12,225,284.0,11,96,9,0,37.5,7.57,25.82,42.67,20.45
J Efosa,8,174,165.0,11,94,13,2,29.0,5.69,15.0,54.02,15.82
Elan Talker,15,240,336.0,11,111,9,0,40.0,8.4,30.55,46.25,21.82
RN Lewis,11,511,410.0,11,265,3,5,85.2,4.81,37.27,51.86,46.45
Javeria Khan,16,331,305.0,11,163,11,0,55.2,5.53,27.73,49.24,30.09
RO Hinds,9,1252,695.0,11,833,2,8,208.7,3.33,63.18,66.53,113.82
A Akhigbe,13,224,182.0,11,139,11,0,37.3,4.88,16.55,62.05,20.36
M Phiase,14,131,109.0,11,93,31,7,21.8,4.99,9.91,70.99,11.91
LN Onyango,12,311,322.0,11,169,2,1,51.8,6.21,29.27,54.34,28.27
DJ Turkich,9,180,135.0,11,102,2,0,30.0,4.5,12.27,56.67,16.36
Luca Petre,14,174,273.0,11,70,27,1,29.0,9.41,24.82,40.23,15.82
J Fernando,16,267,338.0,11,115,15,0,44.5,7.6,30.73,43.07,24.27
SE Rutherford,29,323,521.0,11,100,36,3,53.8,9.68,47.36,30.96,29.36
Ronitkumar Ahir,3,72,29.0,11,47,1,0,12.0,2.42,2.64,65.28,6.55
P Chilongia,11,162,118.0,11,104,17,4,27.0,4.37,10.73,64.2,14.73
Alifiya Sayed,21,358,328.0,11,204,28,4,59.7,5.5,29.82,56.98,32.55
T Ramabitsa,9,186,209.0,11,93,39,6,31.0,6.74,19.0,50.0,16.91
BJ Bennett,30,530,529.0,11,268,5,1,88.3,5.99,48.09,50.57,48.18
DM Dupavillon,9,204,244.0,11,97,8,0,34.0,7.18,22.18,47.55,18.55
MSN Ekani,14,227,251.0,11,122,29,0,37.8,6.63,22.82,53.74,20.64
SZ Thakor,20,569,599.0,11,306,21,2,94.8,6.32,54.45,53.78,51.73
F Tanguy,12,254,222.0,11,124,15,7,42.3,5.24,20.18,48.82,23.09
S Sarthak,6,112,123.0,11,50,0,0,18.7,6.59,11.18,44.64,10.18
Saud Shakeel,23,240,295.0,11,68,2,1,40.0,7.38,26.82,28.33,21.82
Gagandeep Singh,23,378,603.0,11,156,35,6,63.0,9.57,54.82,41.27,34.36
JR Coleman,10,152,182.0,11,68,14,0,25.3,7.18,16.55,44.74,13.82
Bashir Shah,8,168,158.0,11,88,3,0,28.0,5.64,14.36,52.38,15.27
I Alumo,13,237,197.0,11,140,12,0,39.5,4.99,17.91,59.07,21.55
D Mongia,13,500,416.0,11,258,3,6,83.3,4.99,37.82,51.6,45.45
I Bist,14,241,237.0,11,120,16,7,40.2,5.9,21.55,49.79,21.91
N Hirani,9,150,163.0,11,72,1,0,25.0,6.52,14.82,48.0,13.64
Muhammad Murad,11,206,279.0,11,89,11,4,34.3,8.13,25.36,43.2,18.73
Ilyas Ataullah,16,251,372.0,11,75,9,1,41.8,8.89,33.82,29.88,22.82
N Master,6,112,116.0,11,59,2,0,18.7,6.21,10.55,52.68,10.18
H Graham,7,162,209.0,11,70,3,1,27.0,7.74,19.0,43.21,14.73
W Liengprasert,11,134,105.0,11,64,4,1,22.3,4.7,9.55,47.76,12.18
E Robinson,6,88,121.0,11,33,10,1,14.7,8.25,11.0,37.5,8.0
JA Clarkson,12,195,235.0,11,77,9,1,32.5,7.23,21.36,39.49,17.73
Y Jasti,9,166,147.0,11,94,13,0,27.7,5.31,13.36,56.63,15.09
J Sebanja,8,162,201.0,11,87,6,4,27.0,7.44,18.27,53.7,14.73
LC Pearson,1,348,107.0,11,300,0,2,58.0,1.84,9.73,86.21,31.64
K Motlanka,12,162,186.0,11,77,5,0,27.0,6.89,16.91,47.53,14.73
Jagrat Dubey,14,291,306.0,11,142,35,9,48.5,6.31,27.82,48.8,26.45
Noah Mead,13,192,252.0,10,74,6,1,32.0,7.88,25.2,38.54,19.2
Ntombizonke MKhatshwa,8,174,198.0,10,94,17,2,29.0,6.83,19.8,54.02,17.4
Izharulhaq Naveed,13,300,419.0,10,92,11,2,50.0,8.38,41.9,30.67,30.0
KTH Ratnayake,3,616,414.0,10,367,4,1,102.7,4.03,41.4,59.58,61.6
Ashiqullah Said,8,174,154.0,10,103,9,0,29.0,5.31,15.4,59.2,17.4
O Isiyaku,8,154,165.0,10,81,8,1,25.7,6.43,16.5,52.6,15.4
RM Hira,13,254,337.0,10,84,8,0,42.3,7.96,33.7,33.07,25.4
Shantanu Kaveri,13,187,170.0,10,95,4,2,31.2,5.45,17.0,50.8,18.7
NN Banner,11,216,254.0,10,91,11,0,36.0,7.06,25.4,42.13,21.6
SM Warnakulasuriya,8,132,177.0,10,73,15,3,22.0,8.05,17.7,55.3,13.2
H Klazinge,7,108,127.0,10,49,7,3,18.0,7.06,12.7,45.37,10.8
H Lin Oo,13,156,225.0,10,66,17,0,26.0,8.65,22.5,42.31,15.6
V Masekesa,4,572,462.0,10,323,0,1,95.3,4.85,46.2,56.47,57.2
V Pratap Singh,9,204,296.0,10,75,7,0,34.0,8.71,29.6,36.76,20.4
Snigdha Malhotra,6,114,76.0,10,62,5,1,19.0,4.0,7.6,54.39,11.4
Shuvagata Hom,12,924,586.0,10,572,2,0,154.0,3.81,58.6,61.9,92.4
Rameesha Shahid,21,279,348.0,10,139,24,12,46.5,7.48,34.8,49.82,27.9
K Anjali Sarvani,20,342,516.0,10,137,22,0,57.0,9.05,51.6,40.06,34.2
J Madan,8,162,268.0,10,67,4,0,27.0,9.93,26.8,41.36,16.2
JV Chand,11,192,225.0,10,72,2,0,32.0,7.03,22.5,37.5,19.2
AC Voges,36,485,476.0,10,186,9,0,80.8,5.89,47.6,38.35,48.5
Shunan Ali,9,156,172.0,10,70,5,1,26.0,6.62,17.2,44.87,15.6
NM Mokhachane,8,168,251.0,10,81,64,6,28.0,8.96,25.1,48.21,16.8
J Proctor,12,209,216.0,10,109,9,1,34.8,6.2,21.6,52.15,20.9
Sejal Vinod,7,126,119.0,10,65,17,3,21.0,5.67,11.9,51.59,12.6
Codi Yusuf,3,342,202.0,10,241,5,3,57.0,3.54,20.2,70.47,34.2
PJ Wiseman,4,1092,585.0,10,821,3,0,182.0,3.21,58.5,75.18,109.2
Tian Sen Qun,10,191,216.0,10,102,14,1,31.8,6.79,21.6,53.4,19.1
Aue Oru,6,102,88.0,10,56,1,0,17.0,5.18,8.8,54.9,10.2
SK Reddy,8,149,107.0,10,95,18,2,24.8,4.31,10.7,63.76,14.9
D Langford-Smith,10,456,354.0,10,292,28,5,76.0,4.66,35.4,64.04,45.6
Kim Daeyeon,9,144,195.0,10,54,2,0,24.0,8.12,19.5,37.5,14.4
C Henery,9,142,137.0,10,72,20,5,23.7,5.79,13.7,50.7,14.2
Khalid Niazi,8,121,163.0,10,45,3,0,20.2,8.08,16.3,37.19,12.1
C Lokuge,8,151,127.0,10,97,26,15,25.2,5.05,12.7,64.24,15.1
DVD Madampage,13,234,310.0,10,110,15,0,39.0,7.95,31.0,47.01,23.4
DYA Davis,10,162,206.0,10,52,9,0,27.0,7.63,20.6,32.1,16.2
Garret Banner,11,234,273.0,10,108,9,0,39.0,7.0,27.3,46.15,23.4
Niv Nagavkar,17,306,408.0,10,141,17,1,51.0,8.0,40.8,46.08,30.6
Nimish Lathief,15,229,309.0,10,80,9,0,38.2,8.1,30.9,34.93,22.9
PEA Karunarathna,8,177,206.0,10,85,10,0,29.5,6.98,20.6,48.02,17.7
Zahid Ali,9,216,286.0,10,86,15,0,36.0,7.94,28.6,39.81,21.6
A Andriani,7,156,92.0,10,102,5,1,26.0,3.54,9.2,65.38,15.6
Ronald Ebanks,6,144,114.0,10,73,6,0,24.0,4.75,11.4,50.69,14.4
CT Mutombodzi,16,527,501.0,10,253,9,0,87.8,5.7,50.1,48.01,52.7
KR Jha,13,168,226.0,10,64,7,1,28.0,8.07,22.6,38.1,16.8
GG Alta,11,203,335.0,10,63,22,1,33.8,9.9,33.5,31.03,20.3
ZM Tribe,9,108,90.0,10,57,1,0,18.0,5.0,9.0,52.78,10.8
M Hayward,2,298,219.0,10,215,1,1,49.7,4.41,21.9,72.15,29.8
P Rawat,9,156,157.0,10,83,4,0,26.0,6.04,15.7,53.21,15.6
Omar Hayat,6,96,121.0,10,36,0,0,16.0,7.56,12.1,37.5,9.6
S Kambalapalli,7,162,96.0,10,100,7,0,27.0,3.56,9.6,61.73,16.2
Jobayer Hossen,8,150,181.0,10,65,10,0,25.0,7.24,18.1,43.33,15.0
CPPM Sadun,16,267,298.0,10,105,12,2,44.5,6.7,29.8,39.33,26.7
Kawsar Khan,6,144,135.0,10,80,7,1,24.0,5.62,13.5,55.56,14.4
K Venkatraman,6,102,140.0,10,56,16,2,17.0,8.24,14.0,54.9,10.2
Yair Nagavkar,11,220,258.0,10,86,7,1,36.7,7.04,25.8,39.09,22.0
LF Muller,12,137,200.0,10,61,13,2,22.8,8.76,20.0,44.53,13.7
LC Le Tissier,7,144,141.0,10,57,6,0,24.0,5.88,14.1,39.58,14.4
N Zimonjic,16,163,332.0,10,46,21,2,27.2,12.22,33.2,28.22,16.3
NA Karnik,9,170,281.0,10,65,9,2,28.3,9.92,28.1,38.24,17.0
J van Heerden,8,146,179.0,10,50,4,1,24.3,7.36,17.9,34.25,14.6
I Mugisha,15,222,270.0,10,99,5,0,37.0,7.3,27.0,44.59,22.2
Y Fourie,14,330,274.0,10,188,19,1,55.0,4.98,27.4,56.97,33.0
C Waiswa,6,114,145.0,10,51,6,0,19.0,7.63,14.5,44.74,11.4
D Nanayakkara,21,298,335.0,10,113,11,9,49.7,6.74,33.5,37.92,29.8
K Namchaikul,10,161,151.0,10,79,6,0,26.8,5.63,15.1,49.07,16.1
K Mahekdeep,13,176,167.0,10,87,11,3,29.3,5.69,16.7,49.43,17.6
GDR Eranga,8,168,187.0,10,82,14,2,28.0,6.68,18.7,48.81,16.8
L Shetty,12,186,214.0,10,93,12,2,31.0,6.9,21.4,50.0,18.6
S Mukuddem,6,258,230.0,10,147,13,1,43.0,5.35,23.0,56.98,25.8
K Cawte,11,187,230.0,10,76,6,1,31.2,7.38,23.0,40.64,18.7
AL Fekete,15,239,405.0,10,89,7,1,39.8,10.17,40.5,37.24,23.9
N Chabula,7,138,130.0,10,65,20,0,23.0,5.65,13.0,47.1,13.8
N Edward,7,136,257.0,10,47,18,3,22.7,11.34,25.7,34.56,13.6
N Choden,10,150,107.0,10,77,9,0,25.0,4.28,10.7,51.33,15.0
Muzahir Raza,10,210,209.0,10,126,12,0,35.0,5.97,20.9,60.0,21.0
Imran Khalid,11,169,199.0,10,70,6,0,28.2,7.07,19.9,41.42,16.9
MP Vaughan,27,780,587.0,10,397,3,8,130.0,4.52,58.7,50.9,78.0
MP Bicknell,2,558,280.0,10,445,0,2,93.0,3.01,28.0,79.75,55.8
MP Ainsworth,18,234,376.0,10,92,25,9,39.0,9.64,37.6,39.32,23.4
JC Darji,5,101,69.0,10,65,3,0,16.8,4.1,6.9,64.36,10.1
A Yon,7,120,133.0,10,47,7,0,20.0,6.65,13.3,39.17,12.0
WD Balaji Rao,7,354,325.0,10,166,3,0,59.0,5.51,32.5,46.89,35.4
MFD Douma,11,210,153.0,10,138,14,1,35.0,4.37,15.3,65.71,21.0
TA Lavia,11,199,127.0,10,105,2,0,33.2,3.83,12.7,52.76,19.9
SR McAnanama-Brereton,10,150,186.0,10,82,30,4,25.0,7.44,18.6,54.67,15.0
MKDI Amerasinghe,8,534,437.0,10,312,7,0,89.0,4.91,43.7,58.43,53.4
Hassan Khan Mohammad,10,168,253.0,10,74,16,1,28.0,9.04,25.3,44.05,16.8
Aminul Islam Biplob,7,138,176.0,10,37,1,0,23.0,7.65,17.6,26.81,13.8
N Salekar,12,228,267.0,10,106,12,0,38.0,7.03,26.7,46.49,22.8
M Cope,9,190,301.0,10,64,3,0,31.7,9.51,30.1,33.68,19.0
N Rana,28,234,335.0,10,75,7,0,39.0,8.59,33.5,32.05,23.4
Madhawa Basnayaka,6,114,169.0,10,47,7,2,19.0,8.89,16.9,41.23,11.4
T Jamtsho,20,226,327.0,10,109,40,4,37.7,8.68,32.7,48.23,22.6
Saniyah Zia,9,162,122.0,10,104,16,3,27.0,4.52,12.2,64.2,16.2
BDH Stevens,10,158,188.0,10,67,7,0,26.3,7.14,18.8,42.41,15.8
MW Jones,6,180,239.0,10,81,10,1,30.0,7.97,23.9,45.0,18.0
Mansoor Shah,8,143,216.0,10,64,8,1,23.8,9.06,21.6,44.76,14.3
Mohamed Mahfooz,10,186,210.0,10,76,1,0,31.0,6.77,21.0,40.86,18.6
R Castillo,14,222,268.0,10,107,31,2,37.0,7.24,26.8,48.2,22.2
AJ Finch,45,493,569.0,10,174,6,1,82.2,6.92,56.9,35.29,49.3
Lovedeep Singh,11,198,242.0,10,98,14,3,33.0,7.33,24.2,49.49,19.8
Lalit Yadav,19,288,425.0,10,86,5,1,48.0,8.85,42.5,29.86,28.8
T Legaabile,13,225,204.0,10,132,26,6,37.5,5.44,20.4,58.67,22.5
Subashis Roy,5,809,510.0,10,574,6,5,134.8,3.78,51.0,70.95,80.9
LR Doolan,10,300,277.0,10,139,10,0,50.0,5.54,27.7,46.33,30.0
E Liddell,2,480,125.0,10,411,2,0,80.0,1.56,12.5,85.62,48.0
Saeed Waqar Ali,13,196,362.0,10,75,16,3,32.7,11.08,36.2,38.27,19.6
Saghir Khan,6,126,178.0,10,37,6,2,21.0,8.48,17.8,29.37,12.6
Mohammad Umar,10,209,330.0,10,74,2,1,34.8,9.47,33.0,35.41,20.9
D Tucker,22,721,667.0,10,369,8,2,120.2,5.55,66.7,51.18,72.1
Muhammad Ismail,7,105,195.0,10,37,9,1,17.5,11.14,19.5,35.24,10.5
Muhammad Fahad,12,216,265.0,10,85,3,0,36.0,7.36,26.5,39.35,21.6
B van Zyl,7,150,126.0,10,89,3,0,25.0,5.04,12.6,59.33,15.0
S Nitschke,11,874,370.0,10,670,8,0,145.7,2.54,37.0,76.66,87.4
Saqib Zulfiqar,16,354,376.0,10,153,8,0,59.0,6.37,37.6,43.22,35.4
Saqib Anwar,9,150,184.0,10,82,8,1,25.0,7.36,18.4,54.67,15.0
Owais Ahmed,15,300,332.0,10,111,5,0,50.0,6.64,33.2,37.0,30.0
Mohammad Basit,6,133,172.0,10,60,4,0,22.2,7.76,17.2,45.11,13.3
S Dabholkatr,13,228,185.0,10,143,57,5,38.0,4.87,18.5,62.72,22.8
Anjali Chand,3,43,4.0,10,40,1,0,7.2,0.56,0.4,93.02,4.3
Tasmia Rubab,12,316,362.0,10,155,21,1,52.7,6.87,36.2,49.05,31.6
Ali Nawaz,10,138,267.0,10,40,11,1,23.0,11.61,26.7,28.99,13.8
Ali Sheikh,6,132,141.0,10,50,0,0,22.0,6.41,14.1,37.88,13.2
Zinaida Jeremiah,7,126,110.0,10,59,4,0,21.0,5.24,11.0,46.83,12.6
F O'Neill,12,231,303.0,10,104,8,0,38.5,7.87,30.3,45.02,23.1
M Parinitha,7,126,124.0,10,82,34,5,21.0,5.9,12.4,65.08,12.6
Jaweed Sadran,13,203,286.0,10,81,13,2,33.8,8.45,28.6,39.9,20.3
Ahmed Wardak,9,166,178.0,10,58,5,0,27.7,6.43,17.8,34.94,16.6
DV Varghese,22,266,449.0,10,100,35,5,44.3,10.13,44.9,37.59,26.6
CS Delport,14,191,289.0,10,48,7,2,31.8,9.08,28.9,25.13,19.1
Abdul Wahid,9,156,228.0,10,60,11,2,26.0,8.77,22.8,38.46,15.6
Kamran Khan,9,166,239.0,10,71,10,1,27.7,8.64,23.9,42.77,16.6
S Kizito,24,434,390.0,9,224,19,3,72.3,5.39,43.33,51.61,48.22
RP Arnold,20,380,360.0,9,154,7,1,63.3,5.68,40.0,40.53,42.22
Jayasooriya,15,270,244.0,9,136,24,2,45.0,5.42,27.11,50.37,30.0
P Dakainivanua,9,199,206.0,9,85,4,0,33.2,6.21,22.89,42.71,22.11
Arif Ullah,7,153,199.0,9,64,10,0,25.5,7.8,22.11,41.83,17.0
HB Dickson,12,257,233.0,9,136,20,5,42.8,5.44,25.89,52.92,28.56
E Beukes,14,243,317.0,9,77,10,1,40.5,7.83,35.22,31.69,27.0
SD Parry,9,234,263.0,9,99,2,0,39.0,6.74,29.22,42.31,26.0
S Bhardwaj,12,137,130.0,9,80,35,3,22.8,5.69,14.44,58.39,15.22
D Pavelic,5,108,89.0,9,61,20,12,18.0,4.94,9.89,56.48,12.0
T Ritawa,7,96,134.0,9,40,2,0,16.0,8.38,14.89,41.67,10.67
Likitha Yadav,7,134,110.0,9,69,22,7,22.3,4.93,12.22,51.49,14.89
DJM Moody,10,163,239.0,9,69,13,3,27.2,8.8,26.56,42.33,18.11
AB de Villiers,14,396,306.0,9,232,10,0,66.0,4.64,34.0,58.59,44.0
Yash Raj Punja,8,180,279.0,9,49,6,0,30.0,9.3,31.0,27.22,20.0
B Shotorova,13,239,281.0,9,133,84,12,39.8,7.05,31.22,55.65,26.56
ABY Smith,13,270,254.0,9,116,12,4,45.0,5.64,28.22,42.96,30.0
BP Adapaka,11,223,273.0,9,87,10,1,37.2,7.35,30.33,39.01,24.78
A Ilahi,12,275,279.0,9,119,37,0,45.8,6.09,31.0,43.27,30.56
H Deol,18,228,275.0,9,86,7,3,38.0,7.24,30.56,37.72,25.33
BJ Arnel,6,1007,566.0,9,786,1,2,167.8,3.37,62.89,78.05,111.89
MT Waqanisau,8,162,143.0,9,91,23,3,27.0,5.3,15.89,56.17,18.0
H Khogiyani,15,285,374.0,9,109,17,5,47.5,7.87,41.56,38.25,31.67
Tashi Dorji,12,182,200.0,9,92,3,5,30.3,6.59,22.22,50.55,20.22
G Ayan,13,211,231.0,9,118,48,7,35.2,6.57,25.67,55.92,23.44
A Simelane,11,174,299.0,9,42,6,2,29.0,10.31,33.22,24.14,19.33
A Sharma,14,492,334.0,9,328,11,0,82.0,4.07,37.11,66.67,54.67
TS Omary,9,168,120.0,9,94,3,0,28.0,4.29,13.33,55.95,18.67
Ameel Mauroof,17,202,280.0,9,68,6,0,33.7,8.32,31.11,33.66,22.44
Amandeep Singh,12,198,240.0,9,81,3,0,33.0,7.27,26.67,40.91,22.0
E Jabarkhel,9,208,273.0,9,91,16,3,34.7,7.88,30.33,43.75,23.11
R Dhakal,11,300,363.0,9,137,10,4,50.0,7.26,40.33,45.67,33.33
R Avery,8,156,183.0,9,61,5,0,26.0,7.04,20.33,39.1,17.33
T Salcedo,3,71,45.0,9,57,18,3,11.8,3.8,5.0,80.28,7.89
K Dangol,10,118,92.0,9,67,6,1,19.7,4.68,10.22,56.78,13.11
K Christie,11,222,290.0,9,91,7,4,37.0,7.84,32.22,40.99,24.67
M Aboagye,12,192,235.0,9,81,7,1,32.0,7.34,26.11,42.19,21.33
Luka Woods,11,221,280.0,9,81,9,1,36.8,7.6,31.11,36.65,24.56
RD de Sousa,10,221,139.0,9,154,7,1,36.8,3.77,15.44,69.68,24.56
RA Abolarin,8,150,127.0,9,90,13,1,25.0,5.08,14.11,60.0,16.67
R Uwimana,9,174,136.0,9,93,10,0,29.0,4.69,15.11,53.45,19.33
DL Graham,16,232,242.0,9,115,19,6,38.7,6.26,26.89,49.57,25.78
LK Hamilton,11,332,283.0,9,206,7,2,55.3,5.11,31.44,62.05,36.89
LI Haoye,7,168,119.0,9,94,14,1,28.0,4.25,13.22,55.95,18.67
Ibtisam Sheikh,8,144,178.0,9,47,1,0,24.0,7.42,19.78,32.64,16.0
JD Nel,11,354,319.0,9,207,9,1,59.0,5.41,35.44,58.47,39.33
A Kheterpal,16,332,409.0,9,130,24,2,55.3,7.39,45.44,39.16,36.89
Sabbir Rahman,33,499,509.0,9,200,3,1,83.2,6.12,56.56,40.08,55.44
AG Murtaza,12,264,313.0,9,106,5,0,44.0,7.11,34.78,40.15,29.33
E Prokic,15,220,293.0,9,82,40,31,36.7,7.99,32.56,37.27,24.44
E Niyomugabo,11,158,200.0,9,59,5,1,26.3,7.59,22.22,37.34,17.56
RSM Lili'i,5,111,68.0,9,68,1,0,18.5,3.68,7.56,61.26,12.33
N Mabila,16,270,313.0,9,135,63,6,45.0,6.96,34.78,50.0,30.0
ST Frohnmayer,15,246,255.0,9,122,35,2,41.0,6.22,28.33,49.59,27.33
SR Bhudia,16,196,188.0,9,90,8,0,32.7,5.76,20.89,45.92,21.78
AM Nayar,20,247,339.0,9,78,11,1,41.2,8.23,37.67,31.58,27.44
B Mejaro,8,162,213.0,9,59,4,1,27.0,7.89,23.67,36.42,18.0
YP Dayal,13,246,283.0,9,108,5,0,41.0,6.9,31.44,43.9,27.33
Wu Juan,9,192,109.0,9,122,5,1,32.0,3.41,12.11,63.54,21.33
LN McCarthy,14,462,344.0,9,278,18,1,77.0,4.47,38.22,60.17,51.33
LMP Simmons,28,460,507.0,9,182,11,4,76.7,6.61,56.33,39.57,51.11
Pan Ei Phyu,15,208,180.0,9,104,11,0,34.7,5.19,20.0,50.0,23.11
LA Simango,9,144,163.0,9,72,8,5,24.0,6.79,18.11,50.0,16.0
JA Thompson,10,126,193.0,9,41,3,3,21.0,9.19,21.44,32.54,14.0
JA Sinclair,14,204,270.0,9,92,5,1,34.0,7.94,30.0,45.1,22.67
B Etim,11,243,235.0,9,123,15,0,40.5,5.8,26.11,50.62,27.0
Aakash Chand,5,138,166.0,9,55,8,1,23.0,7.22,18.44,39.86,15.33
M Deyal,20,207,279.0,9,73,6,0,34.5,8.09,31.0,35.27,23.0
I Chuma,11,175,177.0,9,91,22,1,29.2,6.07,19.67,52.0,19.44
D Muhumuza,15,204,233.0,9,72,5,0,34.0,6.85,25.89,35.29,22.67
JR Barry,11,163,240.0,9,74,6,2,27.2,8.83,26.67,45.4,18.11
JQK Moala,6,120,115.0,9,76,9,1,20.0,5.75,12.78,63.33,13.33
Bilal Ahmad Mir,8,137,192.0,9,57,1,0,22.8,8.41,21.33,41.61,15.22
Ritik Tomar,16,222,331.0,9,75,17,1,37.0,8.95,36.78,33.78,24.67
L Scott,13,187,278.0,9,66,5,0,31.2,8.92,30.89,35.29,20.78
L Nyarko,8,148,99.0,9,90,2,0,24.7,4.01,11.0,60.81,16.44
Sylvia Usabyimana,12,168,152.0,9,90,15,1,28.0,5.43,16.89,53.57,18.67
Pratis GC,12,294,328.0,9,126,10,0,49.0,6.69,36.44,42.86,32.67
Prashant Shukla,4,84,59.0,9,56,4,1,14.0,4.21,6.56,66.67,9.33
Prachi Kumari,13,204,219.0,9,82,14,3,34.0,6.44,24.33,40.2,22.67
Pargat Singh,13,239,244.0,9,112,2,1,39.8,6.13,27.11,46.86,26.56
MHS James,5,102,96.0,9,59,14,0,17.0,5.65,10.67,57.84,11.33
MGSM Fernando,6,144,121.0,9,65,4,0,24.0,5.04,13.44,45.14,16.0
GW Flower,17,605,457.0,9,275,7,1,100.8,4.53,50.78,45.45,67.22
A Vailoa,6,96,99.0,9,63,11,3,16.0,6.19,11.0,65.62,10.67
MEK Hussey,39,833,546.0,9,521,15,3,138.8,3.93,60.67,62.55,92.56
C Bah,23,369,419.0,9,165,16,1,61.5,6.81,46.56,44.72,41.0
JRMVB Sanjaya,8,173,250.0,9,59,8,2,28.8,8.67,27.78,34.1,19.22
MA Suji,11,516,345.0,9,356,4,2,86.0,4.01,38.33,68.99,57.33
Sheraz Sirwari,10,189,254.0,9,83,6,0,31.5,8.06,28.22,43.92,21.0
NR Kumar,15,246,272.0,9,104,2,0,41.0,6.63,30.22,42.28,27.33
Azam Khalil,9,186,178.0,9,97,3,0,31.0,5.74,19.78,52.15,20.67
Q Stephens,6,110,103.0,9,50,0,0,18.3,5.62,11.44,45.45,12.22
J Kila,17,331,299.0,9,188,6,10,55.2,5.42,33.22,56.8,36.78
Rajin Saleh,17,477,385.0,9,247,9,5,79.5,4.84,42.78,51.78,53.0
Aftab Kayani,6,90,93.0,9,50,8,0,15.0,6.2,10.33,55.56,10.0
E Schiferli,13,468,432.0,9,257,10,3,78.0,5.54,48.0,54.91,52.0
K Robert,5,90,93.0,9,50,15,3,15.0,6.2,10.33,55.56,10.0
NT Gireesh,10,132,186.0,9,56,18,1,22.0,8.45,20.67,42.42,14.67
J Mulder,4,132,89.0,9,71,4,0,22.0,4.05,9.89,53.79,14.67
NSK Mehta,8,186,205.0,9,82,6,1,31.0,6.61,22.78,44.09,20.67
C Praboda,8,186,190.0,9,77,1,0,31.0,6.13,21.11,41.4,20.67
Shreya Voya,7,120,71.0,9,75,10,0,20.0,3.55,7.89,62.5,13.33
Shivang Kumar,13,234,375.0,9,63,6,0,39.0,9.62,41.67,26.92,26.0
M Vivekanandan,10,210,358.0,9,59,15,0,35.0,10.23,39.78,28.1,23.33
M Vandrasi,8,144,177.0,9,46,5,0,24.0,7.38,19.67,31.94,16.0
SKS Gill,15,215,274.0,9,80,7,1,35.8,7.65,30.44,37.21,23.89
APC Kilowan,5,218,82.0,9,180,12,0,36.3,2.26,9.11,82.57,24.22
SG Whittingham,7,269,266.0,9,149,18,3,44.8,5.93,29.56,55.39,29.89
Aslan Jafri,8,144,210.0,9,49,0,0,24.0,8.75,23.33,34.03,16.0
S Vaz,5,96,109.0,9,45,6,0,16.0,6.81,12.11,46.88,10.67
S Tyagi,19,386,460.0,9,206,12,4,64.3,7.15,51.11,53.37,42.89
S Tino,8,168,124.0,9,91,9,0,28.0,4.43,13.78,54.17,18.67
L Keny,7,72,45.0,9,48,4,0,12.0,3.75,5.0,66.67,8.0
L Jie,9,203,119.0,9,111,3,0,33.8,3.52,13.22,54.68,22.56
Kyte Gullem Keen,7,138,155.0,9,78,19,3,23.0,6.74,17.22,56.52,15.33
Shagharai Sefat,5,120,131.0,9,54,6,2,20.0,6.55,14.56,45.0,13.33
M Strano,7,150,158.0,9,56,0,0,25.0,6.32,17.56,37.33,16.67
M Siddharth,9,186,283.0,9,60,4,3,31.0,9.13,31.44,32.26,20.67
Wasim Ali,18,249,298.0,9,92,5,2,41.5,7.18,33.11,36.95,27.67
S Milenko,12,123,207.0,9,33,1,1,20.5,10.1,23.0,26.83,13.67
C Liebenberg,7,114,142.0,9,41,3,0,19.0,7.47,15.78,35.96,12.67
KV Vakuruivalu,9,161,155.0,9,110,47,4,26.8,5.78,17.22,68.32,17.89
KMA Aziz,11,186,288.0,9,77,31,1,31.0,9.29,32.0,41.4,20.67
Harry Johnson,10,189,281.0,9,72,16,2,31.5,8.92,31.22,38.1,21.0
O Amarjargal,16,249,266.0,9,111,32,5,41.5,6.41,29.56,44.58,27.67
GP Meade,11,182,187.0,9,69,7,1,30.3,6.16,20.78,37.91,20.22
Shaik Basha,9,90,153.0,9,30,5,0,15.0,10.2,17.0,33.33,10.0
Nazmus Sakib,5,108,95.0,9,62,2,0,18.0,5.28,10.56,57.41,12.0
P Parameswaran,8,154,224.0,9,66,4,1,25.7,8.73,24.89,42.86,17.11
AS Hansra,18,366,378.0,9,146,7,0,61.0,6.2,42.0,39.89,40.67
AR White,17,349,266.0,9,158,4,0,58.2,4.57,29.56,45.27,38.78
KP Appanna,13,216,286.0,9,70,6,0,36.0,7.94,31.78,32.41,24.0
KO Meth,12,754,575.0,9,467,17,0,125.7,4.58,63.89,61.94,83.78
Zhao Yihan,12,203,165.0,9,95,15,0,33.8,4.88,18.33,46.8,22.56
GH Lewis,16,443,459.0,9,189,15,4,73.8,6.22,51.0,42.66,49.22
Z Kamara,11,217,157.0,9,141,21,0,36.2,4.34,17.44,64.98,24.11
KB Ahir,9,150,189.0,9,77,9,0,25.0,7.56,21.0,51.33,16.67
ZT Kyaw,18,228,216.0,9,129,33,2,38.0,5.68,24.0,56.58,25.33
Ziaurahman Shinwari,8,131,165.0,9,54,7,2,21.8,7.56,18.33,41.22,14.56
KJ Cottoy,5,96,99.0,8,37,2,0,16.0,6.19,12.38,38.54,12.0
A Alexander,8,99,104.0,8,52,8,1,16.5,6.3,13.0,52.53,12.38
KDC Clarke,5,204,236.0,8,83,4,1,34.0,6.94,29.5,40.69,25.5
KC Cariappa,11,216,348.0,8,62,6,2,36.0,9.67,43.5,28.7,27.0
Chaudhary Akram,9,120,165.0,8,39,2,1,20.0,8.25,20.62,32.5,15.0
A Augastin,8,128,114.0,8,77,4,0,21.3,5.34,14.25,60.16,16.0
GES Sullivan,8,168,128.0,8,104,4,1,28.0,4.57,16.0,61.9,21.0
Yudhvir Singh,9,138,253.0,8,56,6,1,23.0,11.0,31.62,40.58,17.25
Z Mali,13,267,267.0,8,134,7,2,44.5,6.0,33.38,50.19,33.38
A Conteh,5,108,114.0,8,45,6,2,18.0,6.33,14.25,41.67,13.5
A Bierwisch,6,92,68.0,8,69,8,4,15.3,4.43,8.5,75.0,11.5
CZ Harris,17,595,400.0,8,358,4,3,99.2,4.03,50.0,60.17,74.38
A Akurut,7,127,105.0,8,60,1,0,21.2,4.96,13.12,47.24,15.88
Zeeshan Goraya,9,144,217.0,8,77,7,0,24.0,9.04,27.12,53.47,18.0
S Malla,5,90,93.0,8,44,1,0,15.0,6.2,11.62,48.89,11.25
TMM Newton,12,390,293.0,8,231,21,1,65.0,4.51,36.62,59.23,48.75
Waheed Ahmed,18,306,312.0,8,118,8,0,51.0,6.12,39.0,38.56,38.25
M Ochieng,9,180,131.0,8,113,14,0,30.0,4.37,16.38,62.78,22.5
GR Codrington,6,306,257.0,8,148,1,0,51.0,5.04,32.12,48.37,38.25
Shahid Mahmood,11,216,330.0,8,84,6,1,36.0,9.17,41.25,38.89,27.0
M Stanikzai,15,198,314.0,8,73,7,3,33.0,9.52,39.25,36.87,24.75
Sinan Khan,6,84,129.0,8,34,10,0,14.0,9.21,16.12,40.48,10.5
Silda Joy,4,90,58.0,8,54,14,0,15.0,3.87,7.25,60.0,11.25
Shohely Akhter,8,132,109.0,8,57,1,0,22.0,4.95,13.62,43.18,16.5
C Bwanali,12,152,134.0,8,74,6,2,25.3,5.29,16.75,48.68,19.0
MA Algi,7,102,165.0,8,60,10,0,17.0,9.71,20.62,58.82,12.75
M Zhu,16,315,273.0,8,151,16,4,52.5,5.2,34.12,47.94,39.38
M Trajkovic,4,72,71.0,8,40,10,3,12.0,5.92,8.88,55.56,9.0
Jana Majski,4,96,59.0,8,73,15,0,16.0,3.69,7.38,76.04,12.0
G Ishimwe,13,196,187.0,8,108,11,1,32.7,5.72,23.38,55.1,24.5
G Ilarionova,14,223,312.0,8,110,63,10,37.2,8.39,39.0,49.33,27.88
A Taylor,9,144,134.0,8,83,35,10,24.0,5.58,16.75,57.64,18.0
Ajin Soman,8,111,157.0,8,43,8,0,18.5,8.49,19.62,38.74,13.88
JS Louis,10,158,254.0,8,56,8,1,26.3,9.65,31.75,35.44,19.75
MD Rae,2,392,226.0,8,303,2,0,65.3,3.46,28.25,77.3,49.0
C Chatphaisan,10,132,139.0,8,65,9,1,22.0,6.32,17.38,49.24,16.5
M Faheem,7,120,133.0,8,65,12,1,20.0,6.65,16.62,54.17,15.0
D Ganesh,8,180,185.0,8,89,9,0,30.0,6.17,23.12,49.44,22.5
M Enkhzul,9,156,199.0,8,61,34,2,26.0,7.65,24.88,39.1,19.5
M Chadha,5,96,145.0,8,34,0,1,16.0,9.06,18.12,35.42,12.0
Aftab Ahmed,26,652,550.0,8,322,11,0,108.7,5.06,68.75,49.39,81.5
I Goordial-John,12,244,197.0,8,124,8,0,40.7,4.84,24.62,50.82,30.5
Humaira Tasneem,6,65,68.0,8,30,2,0,10.8,6.28,8.5,46.15,8.12
JO Adedeji,13,204,222.0,8,83,1,0,34.0,6.53,27.75,40.69,25.5
JN Mohammed,21,494,417.0,8,238,8,0,82.3,5.06,52.12,48.18,61.75
JR Cope,5,102,142.0,8,41,18,0,17.0,8.35,17.75,40.2,12.75
Bilal Masud,11,163,201.0,8,73,12,2,27.2,7.4,25.12,44.79,20.38
Saranya Kotha,7,78,59.0,8,61,26,4,13.0,4.54,7.38,78.21,9.75
Saqlain Arshad,11,132,157.0,8,49,0,0,22.0,7.14,19.62,37.12,16.5
AA Chavan,13,248,326.0,8,110,7,0,41.3,7.89,40.75,44.35,31.0
W Prestwidge,8,117,195.0,8,43,5,1,19.5,10.0,24.38,36.75,14.62
Rabbjyot Rajput,15,210,188.0,8,117,8,0,35.0,5.37,23.5,55.71,26.25
RV Scholes,5,112,75.0,8,69,7,0,18.7,4.02,9.38,61.61,14.0
RV Nascimento,9,156,162.0,8,68,7,1,26.0,6.23,20.25,43.59,19.5
RV Hawkins,10,217,154.0,8,114,9,1,36.2,4.26,19.25,52.53,27.12
RR Sharan,13,221,259.0,8,93,4,0,36.8,7.03,32.38,42.08,27.62
RJ van Vuuren,5,300,298.0,8,165,5,2,50.0,5.96,37.25,55.0,37.5
RC Irani,10,473,356.0,8,257,2,0,78.8,4.52,44.5,54.33,59.12
S Sigaiwasa,12,174,154.0,8,85,13,4,29.0,5.31,19.25,48.85,21.75
WD Sheridan,10,168,242.0,8,75,4,3,28.0,8.64,30.25,44.64,21.0
Sandeep Goud,23,289,383.0,8,107,11,4,48.2,7.95,47.88,37.02,36.12
Gurpreet Singh,9,162,181.0,8,77,4,1,27.0,6.7,22.62,47.53,20.25
AJ Kenealy,17,372,380.0,8,201,23,5,62.0,6.13,47.5,54.03,46.5
Manjural Islam,7,565,369.0,8,412,14,1,94.2,3.92,46.12,72.92,70.62
BMA Mbida,18,319,345.0,8,173,61,8,53.2,6.49,43.12,54.23,39.88
JL Carter,24,279,389.0,8,78,14,0,46.5,8.37,48.62,27.96,34.88
JL Aras,14,252,228.0,8,153,27,0,42.0,5.43,28.5,60.71,31.5
S Sandeep Warrier,11,186,276.0,8,83,7,2,31.0,8.9,34.5,44.62,23.25
S Ravikumar,12,216,224.0,8,103,10,1,36.0,6.22,28.0,47.69,27.0
R Telemachus,6,264,281.0,8,140,12,12,44.0,6.39,35.12,53.03,33.0
R Pavlickova,20,287,329.0,8,155,74,19,47.8,6.88,41.12,54.01,35.88
D Dewald,8,174,190.0,8,72,4,0,29.0,6.55,23.75,41.38,21.75
K Inakale,21,225,248.0,8,129,28,7,37.5,6.61,31.0,57.33,28.12
Suraiya Azmin,7,110,93.0,8,76,7,1,18.3,5.07,11.62,69.09,13.75
Sabnam Rai,13,239,226.0,8,140,10,0,39.8,5.67,28.25,58.58,29.88
VR Iyer,14,166,246.0,8,46,3,1,27.7,8.89,30.75,27.71,20.75
JG Kimaro,9,150,144.0,8,77,14,2,25.0,5.76,18.0,51.33,18.75
D Rawat,8,138,168.0,8,55,6,0,23.0,7.3,21.0,39.86,17.25
JJ Nyambo,10,182,209.0,8,84,8,0,30.3,6.89,26.12,46.15,22.75
W Behr,6,108,107.0,8,57,1,0,18.0,5.94,13.38,52.78,13.5
A Le Ray,6,138,141.0,8,74,22,2,23.0,6.13,17.62,53.62,17.25
R Lungu,5,114,106.0,8,61,1,2,19.0,5.58,13.25,53.51,14.25
R Dhar,9,343,230.0,8,230,5,1,57.2,4.02,28.75,67.06,42.88
E Gouge,14,220,195.0,8,98,16,0,36.7,5.32,24.38,44.55,27.5
Sahil Chauhan,7,77,95.0,8,28,6,0,12.8,7.4,11.88,36.36,9.62
R Airee,6,96,95.0,8,32,7,0,16.0,5.94,11.88,33.33,12.0
A Khan,10,310,272.0,8,201,10,14,51.7,5.26,34.0,64.84,38.75
N Caruana,7,90,55.0,8,69,22,4,15.0,3.67,6.88,76.67,11.25
N Brand,1,234,171.0,8,134,2,0,39.0,4.38,21.38,57.26,29.25
YYM Jakda,7,113,162.0,8,43,10,1,18.8,8.6,20.25,38.05,14.12
C Valente,12,210,318.0,8,48,4,0,35.0,9.09,39.75,22.86,26.25
B Bhadriraju,6,114,95.0,8,46,3,0,19.0,5.0,11.88,40.35,14.25
J Wilson,11,171,306.0,8,52,8,1,28.5,10.74,38.25,30.41,21.38
N Tyagi,12,216,309.0,8,76,13,0,36.0,8.58,38.62,35.19,27.0
N Ndzeute,7,138,198.0,8,65,3,1,23.0,8.61,24.75,47.1,17.25
LA Doran,13,192,242.0,8,63,1,0,32.0,7.56,30.25,32.81,24.0
L Taylor,13,246,193.0,8,125,14,2,41.0,4.71,24.12,50.81,30.75
T Amarmend,10,176,272.0,8,56,20,6,29.3,9.27,34.0,31.82,22.0
T Abdulquadri,6,137,119.0,8,83,12,2,22.8,5.21,14.88,60.58,17.12
Syed Aqeel Israr,9,153,151.0,8,69,9,1,25.5,5.92,18.88,45.1,19.12
S Gokhale,11,156,145.0,8,84,13,0,26.0,5.58,18.12,53.85,19.5
S Gajnabi,18,261,288.0,8,107,6,0,43.5,6.62,36.0,41.0,32.62
Abdullahi Ismail,7,138,130.0,8,77,10,0,23.0,5.65,16.25,55.8,17.25
Amir Butt,8,129,169.0,8,38,5,0,21.5,7.86,21.12,29.46,16.12
S Sugaya-Slater,14,185,220.0,8,80,16,3,30.8,7.14,27.5,43.24,23.12
AW Hawkins-Kay,9,132,161.0,8,54,3,0,22.0,7.32,20.12,40.91,16.5
AV Lalcheta,13,312,323.0,8,164,1,0,52.0,6.21,40.38,52.56,39.0
J Syed Mohammad,11,192,283.0,8,50,4,0,32.0,8.84,35.38,26.04,24.0
DC Thomas,7,157,185.0,8,83,10,5,26.2,7.07,23.12,52.87,19.62
B Dugic,12,162,290.0,8,57,16,1,27.0,10.74,36.25,35.19,20.25
VB Viyala,14,216,238.0,8,119,60,4,36.0,6.61,29.75,55.09,27.0
H Mumford,11,180,158.0,8,111,30,14,30.0,5.27,19.75,61.67,22.5
H Leko,9,209,148.0,8,128,37,3,34.8,4.25,18.5,61.24,26.12
A Mohamed,12,184,182.0,8,86,11,0,30.7,5.93,22.75,46.74,23.0
Riya Pradhan,8,150,145.0,8,75,4,1,25.0,5.8,18.12,50.0,18.75
Reehana Khan,7,102,83.0,8,64,11,4,17.0,4.88,10.38,62.75,12.75
Ramandeep Singh,7,76,136.0,8,18,13,0,12.7,10.74,17.0,23.68,9.5
Ahmad Ullah,5,108,117.0,8,48,0,0,18.0,6.5,14.62,44.44,13.5
T Musekiwa,5,108,102.0,8,49,4,1,18.0,5.67,12.75,45.37,13.5
CD Barnwell,19,198,345.0,8,59,19,1,33.0,10.45,43.12,29.8,24.75
G Setshwane,7,150,91.0,8,95,5,1,25.0,3.64,11.38,63.33,18.75
G Mckeon,11,165,192.0,8,72,8,1,27.5,6.98,24.0,43.64,20.62
Anand Rajan,8,149,201.0,8,62,12,1,24.8,8.09,25.12,41.61,18.62
U Iftikhar,10,186,123.0,8,111,6,3,31.0,3.97,15.38,59.68,23.25
NR Kirton,15,216,233.0,8,93,2,0,36.0,6.47,29.12,43.06,27.0
NM Ambo,8,126,97.0,8,76,11,0,21.0,4.62,12.12,60.32,15.75
Dolar Mahmud,7,210,258.0,8,109,10,3,35.0,7.37,32.25,51.9,26.25
SK Ravuri,9,156,138.0,8,79,9,1,26.0,5.31,17.25,50.64,19.5
SK Lahiri,3,54,64.0,8,29,2,0,9.0,7.11,8.0,53.7,6.75
AR Leo,9,150,188.0,8,60,9,1,25.0,7.52,23.5,40.0,18.75
S Waqas Ahmed,8,138,154.0,8,52,6,0,23.0,6.7,19.25,37.68,17.25
S Tosic,12,144,259.0,8,51,2,0,24.0,10.79,32.38,35.42,18.0
ECB Moore,16,203,228.0,8,84,13,0,33.8,6.74,28.5,41.38,25.38
Toqeer Ahmad,6,118,131.0,8,54,8,0,19.7,6.66,16.38,45.76,14.75
DJ Pattinson,9,325,277.0,8,190,5,1,54.2,5.11,34.62,58.46,40.62
Asif Javed,5,102,78.0,8,55,5,0,17.0,4.59,9.75,53.92,12.75
L Jones,6,167,136.0,8,101,16,0,27.8,4.89,17.0,60.48,20.88
CI Manidom,8,135,133.0,8,75,10,2,22.5,5.91,16.62,55.56,16.88
CK Holder,9,300,353.0,8,160,15,5,50.0,7.06,44.12,53.33,37.5
Ashraful Shuvo,8,156,166.0,8,78,11,0,26.0,6.38,20.75,50.0,19.5
Aryan Lakra,15,360,326.0,8,188,4,0,60.0,5.43,40.75,52.22,45.0
O Erdenebaatar,14,224,234.0,8,105,30,9,37.3,6.27,29.25,46.88,28.0
Nurin Imanina,5,78,70.0,8,38,4,3,13.0,5.38,8.75,48.72,9.75
PE Kruger,7,116,179.0,8,30,9,2,19.3,9.26,22.38,25.86,14.5
P Timong,3,60,35.0,8,42,6,0,10.0,3.5,4.38,70.0,7.5
P Sarraf,18,412,333.0,8,217,4,0,68.7,4.85,41.62,52.67,51.5
SACA King,26,485,441.0,8,265,36,0,80.8,5.46,55.12,54.64,60.62
Kabir Berlia,6,115,161.0,8,46,1,0,19.2,8.4,20.12,40.0,14.38
J Dowling,11,162,240.0,8,71,19,8,27.0,8.89,30.0,43.83,20.25
S Davizi,12,168,229.0,8,64,17,3,28.0,8.18,28.62,38.1,21.0
Roheed Akhtar,11,222,232.0,8,95,8,0,37.0,6.27,29.0,42.79,27.75
Hazrat Bilal,7,270,212.0,8,170,10,0,45.0,4.71,26.5,62.96,33.75
S Ingabire,8,138,122.0,8,63,4,0,23.0,5.3,15.25,45.65,17.25
Kamrul Islam Rabbi,7,750,504.0,8,516,5,3,125.0,4.03,63.0,68.8,93.75
ZP Ikiua,12,233,235.0,8,106,9,1,38.8,6.05,29.38,45.49,29.12
E Kallous,14,187,221.0,7,74,28,12,31.2,7.09,31.57,39.57,26.71
SS Shukla,7,114,97.0,7,50,0,0,19.0,5.11,13.86,43.86,16.29
KM Asif,7,133,231.0,7,46,8,2,22.2,10.42,33.0,34.59,19.0
AM Salvi,7,150,200.0,7,61,6,0,25.0,8.0,28.57,40.67,21.43
A Brown-Carrera,10,186,150.0,7,120,37,4,31.0,4.84,21.43,64.52,26.57
T Cheki,8,123,132.0,7,54,13,1,20.5,6.44,18.86,43.9,17.57
Waheeda Akhtar,10,192,240.0,7,94,6,2,32.0,7.5,34.29,48.96,27.43
DV Macome,6,108,131.0,7,52,6,0,18.0,7.28,18.71,48.15,15.43
S Miyaji,10,212,190.0,7,98,1,0,35.3,5.38,27.14,46.23,30.29
IR Bell,11,185,155.0,7,110,0,9,30.8,5.03,22.14,59.46,26.43
Surinder Singh,8,120,171.0,7,45,7,2,20.0,8.55,24.43,37.5,17.14
Swapnil Singh,14,162,241.0,7,39,2,1,27.0,8.93,34.43,24.07,23.14
A Pusthay,7,100,129.0,7,39,5,1,16.7,7.74,18.43,39.0,14.29
Mohammad Tauqir,10,371,319.0,7,181,5,1,61.8,5.16,45.57,48.79,53.0
F Copley,4,81,44.0,7,50,4,0,13.5,3.26,6.29,61.73,11.57
M Kadyan,9,156,231.0,7,71,26,0,26.0,8.88,33.0,45.51,22.29
S Austin,5,78,81.0,7,37,8,0,13.0,6.23,11.57,47.44,11.14
S Baker,5,319,316.0,7,197,6,0,53.2,5.94,45.14,61.76,45.57
M Martinez,14,247,226.0,7,136,25,7,41.2,5.49,32.29,55.06,35.29
Harper Chalmers,6,100,69.0,7,52,0,0,16.7,4.14,9.86,52.0,14.29
S Chaudhary,9,130,180.0,7,68,21,1,21.7,8.31,25.71,52.31,18.57
S Choden,18,236,259.0,7,98,12,3,39.3,6.58,37.0,41.53,33.71
S Crowie,6,105,96.0,7,56,0,0,17.5,5.49,13.71,53.33,15.0
N Robertson-Jack,5,82,89.0,7,43,4,0,13.7,6.51,12.71,52.44,11.71
Xiuli Jin,3,54,36.0,7,27,4,0,9.0,4.0,5.14,50.0,7.71
D Wabwire,7,127,149.0,7,69,6,3,21.2,7.04,21.29,54.33,18.14
PA Desai,5,198,145.0,7,123,1,1,33.0,4.39,20.71,62.12,28.29
H Satheedevi,8,120,193.0,7,47,11,3,20.0,9.65,27.57,39.17,17.14
ZXM Vukusic,7,129,189.0,7,61,6,1,21.5,8.79,27.0,47.29,18.43
AN Lascu,7,126,193.0,7,50,3,2,21.0,9.19,27.57,39.68,18.0
Kamran Ahmadzai,14,179,229.0,7,87,10,0,29.8,7.68,32.71,48.6,25.57
Kanchan Rana,12,186,187.0,7,97,25,4,31.0,6.03,26.71,52.15,26.57
H Khuttan,10,128,151.0,7,52,5,5,21.3,7.08,21.57,40.62,18.29
J Lassayo,10,156,180.0,7,58,4,1,26.0,6.92,25.71,37.18,22.29
Chan Sau Har,7,96,107.0,7,37,1,11,16.0,6.69,15.29,38.54,13.71
Chare Smith,10,193,221.0,7,116,26,1,32.2,6.87,31.57,60.1,27.57
PA Hitchcock,8,300,297.0,7,177,9,14,50.0,5.94,42.43,59.0,42.86
PC Valthaty,10,151,205.0,7,46,2,0,25.2,8.15,29.29,30.46,21.57
W Smith,7,156,208.0,7,56,2,0,26.0,8.0,29.71,35.9,22.29
C Murrombe,6,111,149.0,7,33,10,1,18.5,8.05,21.29,29.73,15.86
J Danikula,5,114,153.0,7,54,4,0,19.0,8.05,21.86,47.37,16.29
NKF Rada Rani,9,179,140.0,7,90,6,1,29.8,4.69,20.0,50.28,25.57
Riyaa Bhasin,6,72,62.0,7,48,9,2,12.0,5.17,8.86,66.67,10.29
JK Mukhiya,9,132,150.0,7,59,5,0,22.0,6.82,21.43,44.7,18.86
Ali Yalmaz,7,102,158.0,7,32,7,0,17.0,9.29,22.57,31.37,14.57
JF Kloppenburg,4,188,136.0,7,96,3,1,31.3,4.34,19.43,51.06,26.86
R Abdulrasak,7,128,84.0,7,83,2,0,21.3,3.94,12.0,64.84,18.29
OA Shah,12,223,215.0,7,89,6,3,37.2,5.78,30.71,39.91,31.86
OGL Bascome,6,85,100.0,7,29,4,0,14.2,7.06,14.29,34.12,12.14
Imran Yousaf,6,120,124.0,7,63,4,0,20.0,6.2,17.71,52.5,17.14
SKDT Madusanka,9,108,172.0,7,42,3,0,18.0,9.56,24.57,38.89,15.43
Adnan Mirza,11,180,242.0,7,66,2,1,30.0,8.07,34.57,36.67,25.71
M Stevanovic,8,168,154.0,7,114,35,19,28.0,5.5,22.0,67.86,24.0
S Naidu,10,192,229.0,7,87,11,2,32.0,7.16,32.71,45.31,27.43
Aaron Jones,21,313,327.0,7,143,4,0,52.2,6.27,46.71,45.69,44.71
K Kapadia,14,150,123.0,7,88,10,0,25.0,4.92,17.57,58.67,21.43
A Mongar,7,86,84.0,7,39,2,0,14.3,5.86,12.0,45.35,12.29
V Marghashayam,7,90,169.0,7,32,0,11,15.0,11.27,24.14,35.56,12.86
Manpreet Singh,15,247,325.0,7,89,7,1,41.2,7.89,46.43,36.03,35.29
R Smith,7,108,131.0,7,40,7,0,18.0,7.28,18.71,37.04,15.43
R Rohmalia,2,38,9.0,7,35,5,0,6.3,1.42,1.29,92.11,5.43
E Kusuda-Nairn,16,259,257.0,7,135,45,1,43.2,5.95,36.71,52.12,37.0
Saad Masood,10,222,308.0,7,64,10,3,37.0,8.32,44.0,28.83,31.71
SJ Coyte (2),11,222,267.0,7,91,12,3,37.0,7.22,38.14,40.99,31.71
S Ravoka,5,120,128.0,7,54,2,0,20.0,6.4,18.29,45.0,17.14
LG Moras,14,248,276.0,7,132,20,1,41.3,6.68,39.43,53.23,35.43
AE Paraam,9,186,273.0,7,65,2,0,31.0,8.81,39.0,34.95,26.57
K Jaikaran,6,84,97.0,7,44,6,0,14.0,6.93,13.86,52.38,12.0
Razaullah,3,208,270.0,7,96,5,0,34.7,7.79,38.57,46.15,29.71
Regina Khan,7,150,140.0,7,81,3,1,25.0,5.6,20.0,54.0,21.43
N Mokoena,8,195,221.0,7,90,14,0,32.5,6.8,31.57,46.15,27.86
N Mutasa,4,72,46.0,7,50,5,0,12.0,3.83,6.57,69.44,10.29
Arun Yadav,6,78,107.0,7,37,2,0,13.0,8.23,15.29,47.44,11.14
P Amarnath,6,132,236.0,7,34,0,0,22.0,10.73,33.71,25.76,18.86
Sachin Kumar,9,132,208.0,7,37,6,4,22.0,9.45,29.71,28.03,18.86
Karma Dorji,15,181,223.0,7,76,13,2,30.2,7.39,31.86,41.99,25.86
U Bayarjavkhlan,10,169,195.0,7,82,34,1,28.2,6.92,27.86,48.52,24.14
DLS van Bunge,9,165,196.0,7,77,3,0,27.5,7.13,28.0,46.67,23.57
MY Bawa,6,138,67.0,7,97,3,0,23.0,2.91,9.57,70.29,19.71
O Kirsten,5,192,147.0,7,124,8,0,32.0,4.59,21.0,64.58,27.43
Ahmed Baladraf,4,78,84.0,7,35,0,0,13.0,6.46,12.0,44.87,11.14
MBS Jonkman,5,157,126.0,7,98,5,1,26.2,4.82,18.0,62.42,22.43
JU Goolie,9,132,173.0,7,51,2,0,22.0,7.86,24.71,38.64,18.86
Ragne Hallik,10,162,192.0,7,84,27,14,27.0,7.11,27.43,51.85,23.14
Rahimgul Naseri,12,192,248.0,7,83,3,0,32.0,7.75,35.43,43.23,27.43
Rakibul Hasan,7,126,149.0,7,48,1,0,21.0,7.1,21.29,38.1,18.0
LI Salomone,6,108,141.0,7,53,2,0,18.0,7.83,20.14,49.07,15.43
LA Goncalves,8,102,128.0,7,51,11,3,17.0,7.53,18.29,50.0,14.57
HMHE Parsons,5,47,81.0,7,21,2,0,7.8,10.34,11.57,44.68,6.71
JS Ndanu,18,232,229.0,7,119,24,0,38.7,5.92,32.71,51.29,33.14
OJ Webster,5,114,130.0,7,50,2,1,19.0,6.84,18.57,43.86,16.29
Ashok Sharma,8,174,277.0,7,77,12,1,29.0,9.55,39.57,44.25,24.86
BK Stroud,12,216,213.0,7,119,5,0,36.0,5.92,30.43,55.09,30.86
Parvez Rasool,13,282,363.0,7,93,3,0,47.0,7.72,51.86,32.98,40.29
R Satheesan,17,209,311.0,7,77,23,1,34.8,8.93,44.43,36.84,29.86
AK Gonerara,10,144,165.0,7,78,21,4,24.0,6.88,23.57,54.17,20.57
AA Wagh,5,88,103.0,7,42,4,0,14.7,7.02,14.71,47.73,12.57
Sheikh Rasik,10,174,189.0,7,71,4,0,29.0,6.52,27.0,40.8,24.86
I Elec,8,126,147.0,7,55,4,0,21.0,7.0,21.0,43.65,18.0
NKD Murtiari,5,96,16.0,7,88,4,1,16.0,1.0,2.29,91.67,13.71
Baz Aybui,8,120,140.0,7,45,5,0,20.0,7.0,20.0,37.5,17.14
L Wahmowe,3,60,58.0,7,30,10,0,10.0,5.8,8.29,50.0,8.57
YS To,7,132,114.0,7,47,7,0,22.0,5.18,16.29,35.61,18.86
L McCarthy,7,360,447.0,7,178,14,2,60.0,7.45,63.86,49.44,51.43
L Monanthane,11,166,225.0,7,67,16,0,27.7,8.13,32.14,40.36,23.71
Khin Aye,14,168,255.0,7,70,16,1,28.0,9.11,36.43,41.67,24.0
IJL Trott,38,891,566.0,7,572,1,1,148.5,3.81,80.86,64.2,127.29
J Jojo,10,198,200.0,7,94,6,0,33.0,6.06,28.57,47.47,28.29
RN Patel,7,50,51.0,7,23,0,0,8.3,6.12,7.29,46.0,7.14
MJM Kavana,6,87,100.0,7,36,1,1,14.5,6.9,14.29,41.38,12.43
Bhargav Narasimha,6,102,112.0,7,48,9,0,17.0,6.59,16.0,47.06,14.57
P Bhandari,9,149,177.0,7,86,44,4,24.8,7.13,25.29,57.72,21.29
P Bhart,9,180,176.0,7,82,10,0,30.0,5.87,25.14,45.56,25.71
DC Delany,7,147,198.0,7,52,9,0,24.5,8.08,28.29,35.37,21.0
NM Sheikh,8,156,98.0,7,100,6,1,26.0,3.77,14.0,64.1,22.29
Dhananjay Rao,8,132,155.0,7,66,15,0,22.0,7.05,22.14,50.0,18.86
J Glasgow,18,399,354.0,7,236,18,1,66.5,5.32,50.57,59.15,57.0
J Glen,5,60,59.0,7,24,0,0,10.0,5.9,8.43,40.0,8.57
MR Corteen-Coleman,5,228,187.0,7,105,2,1,38.0,4.92,26.71,46.05,32.57
MO Odumbe,8,360,305.0,7,169,4,0,60.0,5.08,43.57,46.94,51.43
ML Lewis,7,273,307.0,7,121,2,2,45.5,6.75,43.86,44.32,39.0
L Krvaric,9,198,139.0,7,128,39,3,33.0,4.21,19.86,64.65,28.29
Muhammad Ajmal,10,168,188.0,7,80,10,0,28.0,6.71,26.86,47.62,24.0
MEC de Fouw,5,184,142.0,7,110,6,0,30.7,4.63,20.29,59.78,26.29
JO Ngoche,12,423,329.0,7,249,7,0,70.5,4.67,47.0,58.87,60.43
Tanveer Ahmed,10,286,293.0,7,147,8,0,47.7,6.15,41.86,51.4,40.86
PR Surve,15,183,245.0,7,66,1,0,30.5,8.03,35.0,36.07,26.14
PRP Boissevain,9,267,390.0,7,94,5,1,44.5,8.76,55.71,35.21,38.14
BS Stephenson,7,144,165.0,7,73,7,3,24.0,6.88,23.57,50.69,20.57
T Kahamker,3,60,70.0,7,27,5,0,10.0,7.0,10.0,45.0,8.57
Andre Jarju,8,144,248.0,7,46,12,1,24.0,10.33,35.43,31.94,20.57
I Muntean,8,150,160.0,7,80,37,5,25.0,6.4,22.86,53.33,21.43
VM Vaghela,3,60,40.0,7,33,1,0,10.0,4.0,5.71,55.0,8.57
NT Raghunandan,5,108,97.0,7,57,17,0,18.0,5.39,13.86,52.78,15.43
G Venkateswaran,11,158,275.0,7,49,2,1,26.3,10.44,39.29,31.01,22.57
E Ndubudem,7,138,123.0,7,69,7,0,23.0,5.35,17.57,50.0,19.71
E Packard,10,203,258.0,7,86,12,2,33.8,7.63,36.86,42.36,29.0
TK Lal,7,168,169.0,7,73,6,0,28.0,6.04,24.14,43.45,24.0
SR Rocket,11,180,242.0,7,66,10,2,30.0,8.07,34.57,36.67,25.71
H Mbam,4,64,63.0,7,34,6,0,10.7,5.91,9.0,53.12,9.14
Mohammad Mohsin,9,216,283.0,7,79,1,0,36.0,7.86,40.43,36.57,30.86
SM Benade,7,190,118.0,7,138,17,0,31.7,3.73,16.86,72.63,27.14
Nouman Sarwar,6,96,140.0,7,38,4,0,16.0,8.75,20.0,39.58,13.71
M Ariokot,17,255,221.0,7,167,22,5,42.5,5.2,31.57,65.49,36.43
F Hand,13,302,389.0,7,137,13,2,50.3,7.73,55.57,45.36,43.14
Wang Meng,8,156,91.0,7,96,1,0,26.0,3.5,13.0,61.54,22.29
Damini Ramesh,13,196,177.0,7,126,41,4,32.7,5.42,25.29,64.29,28.0
Abdullah Jasat,7,138,173.0,7,63,9,0,23.0,7.52,24.71,45.65,19.71
AGC Vimukthi,8,240,222.0,7,133,16,0,40.0,5.55,31.71,55.42,34.29
T Araliya,10,146,177.0,7,63,24,7,24.3,7.27,25.29,43.15,20.86
B Siddharth,8,282,212.0,6,174,9,0,47.0,4.51,35.33,61.7,47.0
Mohammad Kashif,4,126,110.0,6,86,0,0,21.0,5.24,18.33,68.25,21.0
R Frylinck,6,84,110.0,6,35,3,1,14.0,7.86,18.33,41.67,14.0
S Haggo,8,90,86.0,6,42,10,0,15.0,5.73,14.33,46.67,15.0
AG Weligamage,10,186,326.0,6,77,25,1,31.0,10.52,54.33,41.4,31.0
M Idambo,8,180,118.0,6,107,7,0,30.0,3.93,19.67,59.44,30.0
WT Gavera,7,174,181.0,6,81,2,3,29.0,6.24,30.17,46.55,29.0
D Dawa,5,84,107.0,6,34,8,0,14.0,7.64,17.83,40.48,14.0
F Song,4,53,32.0,6,31,4,0,8.8,3.62,5.33,58.49,8.83
F Samanyika,16,232,251.0,6,111,18,0,38.7,6.49,41.83,47.84,38.67
M Biu,11,214,221.0,6,96,9,1,35.7,6.2,36.83,44.86,35.67
M Batnasan,4,91,129.0,6,41,8,9,15.2,8.51,21.5,45.05,15.17
M Ansari,6,138,196.0,6,55,6,0,23.0,8.52,32.67,39.86,23.0
Ashfaq Ahmed,8,235,196.0,6,111,1,0,39.2,5.0,32.67,47.23,39.17
O Lutbayar,12,190,349.0,6,48,13,5,31.7,11.02,58.17,25.26,31.67
JI Rodrigues,9,104,76.0,6,59,3,0,17.3,4.38,12.67,56.73,17.33
Faridullah Shams,5,78,106.0,6,31,1,1,13.0,8.15,17.67,39.74,13.0
Urooj Mumtaz,2,65,70.0,6,27,2,0,10.8,6.46,11.67,41.54,10.83
Mohammad Shahid,5,648,320.0,6,497,3,5,108.0,2.96,53.33,76.7,108.0
B Shetty,10,221,221.0,6,103,14,0,36.8,6.0,36.83,46.61,36.83
IC Simao,9,192,245.0,6,77,6,1,32.0,7.66,40.83,40.1,32.0
DJ Hall,5,120,161.0,6,43,6,0,20.0,8.05,26.83,35.83,20.0
TA Copeland,4,660,243.0,6,545,1,0,110.0,2.21,40.5,82.58,110.0
AS Mehmi,12,176,221.0,6,62,4,1,29.3,7.53,36.83,35.23,29.33
Anasim Khan,5,108,145.0,6,38,2,1,18.0,8.06,24.17,35.19,18.0
T Malinga,12,232,257.0,6,121,54,4,38.7,6.65,42.83,52.16,38.67
PW Gunaratne,7,279,284.0,6,148,7,0,46.5,6.11,47.33,53.05,46.5
JD Bhatt,3,60,93.0,6,25,2,0,10.0,9.3,15.5,41.67,10.0
D Tekyildirim,5,84,73.0,6,53,18,3,14.0,5.21,12.17,63.1,14.0
PV Vuniwaqa,10,157,230.0,6,51,8,2,26.2,8.79,38.33,32.48,26.17
L Sormus,8,156,170.0,6,81,17,25,26.0,6.54,28.33,51.92,26.0
PKM Mahawattage,10,178,166.0,6,88,8,1,29.7,5.6,27.67,49.44,29.67
D Saxena,7,108,99.0,6,59,8,0,18.0,5.5,16.5,54.63,18.0
Tariq Aziz,3,72,60.0,6,33,6,0,12.0,5.0,10.0,45.83,12.0
Sidhant Singh,8,138,216.0,6,38,12,0,23.0,9.39,36.0,27.54,23.0
MK Tiwary,12,174,233.0,6,73,7,0,29.0,8.03,38.83,41.95,29.0
MK Hollard,2,48,54.0,6,20,3,1,8.0,6.75,9.0,41.67,8.0
Yusuf Ebrahim,13,129,195.0,6,50,5,0,21.5,9.07,32.5,38.76,21.5
Alam Nakash,9,127,145.0,6,53,4,0,21.2,6.85,24.17,41.73,21.17
Muhammad Tanveer,16,215,302.0,6,65,4,0,35.8,8.43,50.33,30.23,35.83
L Guthrie,6,132,204.0,6,49,10,1,22.0,9.27,34.0,37.12,22.0
SA Akenji,7,125,138.0,6,62,24,3,20.8,6.62,23.0,49.6,20.83
MM Dekeling,13,179,187.0,6,68,7,1,29.8,6.27,31.17,37.99,29.83
Simon Sorensen,3,60,72.0,6,35,2,1,10.0,7.2,12.0,58.33,10.0
GM Ewing,8,605,397.0,6,366,3,1,100.8,3.94,66.17,60.5,100.83
Akeem Jordan,5,114,141.0,6,66,10,1,19.0,7.42,23.5,57.89,19.0
D Medagoda,11,159,174.0,6,95,52,4,26.5,6.57,29.0,59.75,26.5
Sohel Patel,5,90,89.0,6,44,3,1,15.0,5.93,14.83,48.89,15.0
A Mansale,7,90,113.0,6,32,1,1,15.0,7.53,18.83,35.56,15.0
A Levaci,6,90,92.0,6,53,12,3,15.0,6.13,15.33,58.89,15.0
Bilal Tahir,6,74,74.0,6,25,1,0,12.3,6.0,12.33,33.78,12.33
Salman Sharjeel,5,84,134.0,6,28,1,1,14.0,9.57,22.33,33.33,14.0
Sajjida Shah,3,176,88.0,6,124,0,2,29.3,3.0,14.67,70.45,29.33
K Nuwantha,2,600,415.0,6,371,1,5,100.0,4.15,69.17,61.83,100.0
Natalia Pervaiz,12,132,159.0,6,58,3,1,22.0,7.23,26.5,43.94,22.0
Nanthita Boonsukham,7,143,118.0,6,81,6,2,23.8,4.95,19.67,56.64,23.83
SB Martinez,5,107,75.0,6,85,23,6,17.8,4.21,12.5,79.44,17.83
G Shukla,13,248,213.0,6,151,35,4,41.3,5.15,35.5,60.89,41.33
DE Burgess,10,119,147.0,6,49,2,0,19.8,7.41,24.5,41.18,19.83
DDP D'Silva,5,186,118.0,6,124,7,1,31.0,3.81,19.67,66.67,31.0
S van Zyl,9,403,148.0,6,319,2,0,67.2,2.2,24.67,79.16,67.17
Phoup Srey Pheak,7,115,112.0,6,74,27,3,19.2,5.84,18.67,64.35,19.17
Thomas Balkin,5,83,119.0,6,32,4,2,13.8,8.6,19.83,38.55,13.83
V Puthur,5,72,109.0,6,24,1,0,12.0,9.08,18.17,33.33,12.0
SC Kumari,8,102,63.0,6,75,5,0,17.0,3.71,10.5,73.53,17.0
H Dhami,4,114,130.0,6,58,3,3,19.0,6.84,21.67,50.88,19.0
A Codrington,5,180,164.0,6,112,6,1,30.0,5.47,27.33,62.22,30.0
AJ Prajapati,6,110,121.0,6,51,8,1,18.3,6.6,20.17,46.36,18.33
CC van Slobbe,5,105,90.0,6,51,8,0,17.5,5.14,15.0,48.57,17.5
Y Venugopal Rao,20,216,337.0,6,60,6,0,36.0,9.36,56.17,27.78,36.0
S Simpson,2,48,47.0,6,25,1,2,8.0,5.88,7.83,52.08,8.0
HL Harji,9,150,193.0,6,61,6,0,25.0,7.72,32.17,40.67,25.0
EJ Villani,11,210,217.0,6,96,18,0,35.0,6.2,36.17,45.71,35.0
EJ Tice,10,228,272.0,6,76,14,1,38.0,7.16,45.33,33.33,38.0
Vichanath Singh,11,213,204.0,6,94,4,0,35.5,5.75,34.0,44.13,35.5
Vani Dhanuka,6,115,96.0,6,55,12,1,19.2,5.01,16.0,47.83,19.17
Vaishnavi Sharma,9,186,209.0,6,62,3,1,31.0,6.74,34.83,33.33,31.0
VS Malik,13,205,261.0,6,88,5,2,34.2,7.64,43.5,42.93,34.17
MFI Assuncao,6,84,127.0,6,26,3,0,14.0,9.07,21.17,30.95,14.0
RR Raje,10,139,209.0,6,41,4,1,23.2,9.02,34.83,29.5,23.17
Ismail Kara,5,115,120.0,6,64,4,1,19.2,6.26,20.0,55.65,19.17
S Thuraisingam,5,184,160.0,6,114,7,0,30.7,5.22,26.67,61.96,30.67
J Buchanan,8,150,156.0,6,57,4,1,25.0,6.24,26.0,38.0,25.0
TL Suman,11,150,197.0,6,44,0,2,25.0,7.88,32.83,29.33,25.0
B Gaanamong,4,60,73.0,6,22,5,10,10.0,7.3,12.17,36.67,10.0
RS Quyn,15,327,295.0,6,167,10,0,54.5,5.41,49.17,51.07,54.5
DR Bangi,4,66,28.0,6,50,1,2,11.0,2.55,4.67,75.76,11.0
MD Fisher,2,404,191.0,6,313,0,0,67.3,2.84,31.83,77.48,67.33
AAhan Achar,9,156,152.0,6,61,0,0,26.0,5.85,25.33,39.1,26.0
AA Noffke,4,123,127.0,6,60,2,0,20.5,6.2,21.17,48.78,20.5
Sabir Ali,7,150,161.0,6,90,7,4,25.0,6.44,26.83,60.0,25.0
Pratika Rawal,12,209,188.0,6,101,2,1,34.8,5.4,31.33,48.33,34.83
Muhammad Shoaib Ahmed,5,108,107.0,6,50,6,1,18.0,5.94,17.83,46.3,18.0
MW Machan,12,294,295.0,6,105,4,0,49.0,6.02,49.17,35.71,49.0
MV Matsau,8,92,156.0,6,27,6,1,15.3,10.17,26.0,29.35,15.33
Maaz Sadaqat,8,96,86.0,6,44,2,0,16.0,5.38,14.33,45.83,16.0
AK Bangura,12,143,181.0,6,67,14,2,23.8,7.59,30.17,46.85,23.83
O Omonkhobio,12,187,162.0,6,107,1,2,31.2,5.2,27.0,57.22,31.17
G Newton,7,141,124.0,6,76,10,0,23.5,5.28,20.67,53.9,23.5
Aslam Bera,9,167,202.0,6,66,5,1,27.8,7.26,33.67,39.52,27.83
B Maes Loch,4,84,54.0,6,54,12,0,14.0,3.86,9.0,64.29,14.0
RR Watson,7,168,145.0,6,86,1,0,28.0,5.18,24.17,51.19,28.0
L Sanogo,6,102,129.0,6,45,10,0,17.0,7.59,21.5,44.12,17.0
LAR Bommareddy,10,150,180.0,6,73,28,5,25.0,7.2,30.0,48.67,25.0
LJ Burger,6,330,297.0,6,170,5,1,55.0,5.4,49.5,51.52,55.0
MD Bates,5,150,159.0,6,74,1,0,25.0,6.36,26.5,49.33,25.0
V Dhaniram,6,132,91.0,6,76,1,0,22.0,4.14,15.17,57.58,22.0
CJ Rocchiccioli,5,108,154.0,6,31,3,0,18.0,8.56,25.67,28.7,18.0
O Kgeresi,7,84,59.0,6,57,12,4,14.0,4.21,9.83,67.86,14.0
Ma Qiancheng,10,185,251.0,6,89,21,0,30.8,8.14,41.83,48.11,30.83
IK Cheema,7,138,143.0,6,77,26,15,23.0,6.22,23.83,55.8,23.0
GH Vihari,13,387,227.0,6,254,2,2,64.5,3.52,37.83,65.63,64.5
ED Silva,7,96,125.0,6,39,6,0,16.0,7.81,20.83,40.62,16.0
SJ Patel,7,90,109.0,6,36,4,0,15.0,7.27,18.17,40.0,15.0
SH Lewis,3,299,229.0,6,176,4,0,49.8,4.6,38.17,58.86,49.83
HDPK Dharmasena,9,686,425.0,6,428,3,0,114.3,3.72,70.83,62.39,114.33
J Albin,11,168,304.0,6,47,18,0,28.0,10.86,50.67,27.98,28.0
S Stanikzay,9,192,217.0,6,86,10,0,32.0,6.78,36.17,44.79,32.0
Hassan Mehmood,4,73,101.0,6,31,4,1,12.2,8.3,16.83,42.47,12.17
TS Braat,5,84,136.0,6,31,4,1,14.0,9.71,22.67,36.9,14.0
N Liyanage,7,102,106.0,6,48,26,0,17.0,6.24,17.67,47.06,17.0
B Geeves,5,158,204.0,6,73,2,5,26.3,7.75,34.0,46.2,26.33
Rhys Burinaga,3,49,58.0,6,21,0,0,8.2,7.1,9.67,42.86,8.17
W Kokaua,4,60,105.0,6,21,7,1,10.0,10.5,17.5,35.0,10.0
W Hornero-Garcia,11,148,216.0,6,57,31,3,24.7,8.76,36.0,38.51,24.67
A Kessar,4,60,58.0,6,41,4,1,10.0,5.8,9.67,68.33,10.0
GSNFG Jayasuriya,23,461,515.0,6,174,3,0,76.8,6.7,85.83,37.74,76.83
GS Dinusha,5,525,321.0,6,314,1,0,87.5,3.67,53.5,59.81,87.5
GRD Munasinghe,4,96,109.0,6,44,4,0,16.0,6.81,18.17,45.83,16.0
S Rukmal,12,234,277.0,6,118,16,0,39.0,7.1,46.17,50.43,39.0
C Sridev,4,78,110.0,6,24,5,0,13.0,8.46,18.33,30.77,13.0
J Dzulfikar,7,101,68.0,6,67,6,0,16.8,4.04,11.33,66.34,16.83
NJ Amongin,6,127,69.0,6,82,3,0,21.2,3.26,11.5,64.57,21.17
J Stanigze,6,100,123.0,6,38,6,0,16.7,7.38,20.5,38.0,16.67
M Ramafifi,8,143,127.0,6,87,15,1,23.8,5.33,21.17,60.84,23.83
M Spoors,12,168,196.0,6,63,2,0,28.0,7.0,32.67,37.5,28.0
M Shumba,12,483,394.0,6,273,1,0,80.5,4.89,65.67,56.52,80.5
LK Bennett,5,108,96.0,6,54,10,0,18.0,5.33,16.0,50.0,18.0
Meghana Lakayil,5,120,103.0,6,56,7,0,20.0,5.15,17.17,46.67,20.0
Ibrahim Nashath,7,114,115.0,6,46,1,0,19.0,6.05,19.17,40.35,19.0
E Leie,6,114,135.0,6,54,6,1,19.0,7.11,22.5,47.37,19.0
Soniya Dabir,4,96,67.0,6,60,3,0,16.0,4.19,11.17,62.5,16.0
JL Martel,3,66,59.0,6,30,2,0,11.0,5.36,9.83,45.45,11.0
Malyun Yusuf,6,102,83.0,6,67,23,1,17.0,4.88,13.83,65.69,17.0
Marcelle Hanekom,8,126,178.0,6,42,13,2,21.0,8.48,29.67,33.33,21.0
V Mahajan,11,198,167.0,6,105,8,0,33.0,5.06,27.83,53.03,33.0
S Pillai,11,227,234.0,6,121,17,0,37.8,6.19,39.0,53.3,37.83
LJ Robertson,1,60,52.0,6,34,1,0,10.0,5.2,8.67,56.67,10.0
K Khejroliya,9,151,277.0,6,43,8,4,25.2,11.01,46.17,28.48,25.17
LS Simelane,7,132,224.0,6,39,38,2,22.0,10.18,37.33,29.55,22.0
S Nair,6,132,115.0,6,64,8,0,22.0,5.23,19.17,48.48,22.0
C Tchale,10,174,252.0,6,63,13,0,29.0,8.69,42.0,36.21,29.0
Hilva Noor,5,55,16.0,6,50,9,0,9.2,1.75,2.67,90.91,9.17
Hayatullah Niazi,6,108,123.0,6,56,6,2,18.0,6.83,20.5,51.85,18.0
Shahid Ahmadzai,7,318,208.0,6,201,3,0,53.0,3.92,34.67,63.21,53.0
Shahab Alam,10,184,253.0,6,76,2,0,30.7,8.25,42.17,41.3,30.67
Shafat Ali Syed,6,84,111.0,6,38,12,0,14.0,7.93,18.5,45.24,14.0
SL Munroe,13,308,273.0,6,173,26,0,51.3,5.32,45.5,56.17,51.33
Farmanullah Ghari,5,98,107.0,6,53,6,0,16.3,6.55,17.83,54.08,16.33
Nawed Al Balushi,3,60,106.0,6,14,4,0,10.0,10.6,17.67,23.33,10.0
Navdeep Saini,6,120,201.0,6,47,5,2,20.0,10.05,33.5,39.17,20.0
Momina Riasat,6,222,189.0,6,132,5,0,37.0,5.11,31.5,59.46,37.0
IY Levy,4,61,74.0,6,31,8,1,10.2,7.28,12.33,50.82,10.17
Sulaiman Ali,9,112,181.0,6,42,11,1,18.7,9.7,30.17,37.5,18.67
JK Vifah,7,101,114.0,6,44,11,0,16.8,6.77,19.0,43.56,16.83
Aditya Panwar,6,83,122.0,6,35,3,0,13.8,8.82,20.33,42.17,13.83
Adil Khan,5,84,112.0,6,42,11,1,14.0,8.0,18.67,50.0,14.0
C Stow,6,119,146.0,6,30,0,0,19.8,7.36,24.33,25.21,19.83
J Cutinho,4,48,58.0,6,25,2,0,8.0,7.25,9.67,52.08,8.0
Abubacarr Kuyateh,8,150,208.0,6,69,15,0,25.0,8.32,34.67,46.0,25.0
Jaspal Singh,12,193,256.0,6,70,11,0,32.2,7.96,42.67,36.27,32.17
Shadnan Khan,6,90,115.0,6,39,2,0,15.0,7.67,19.17,43.33,15.0
Abu Hider,11,228,324.0,6,98,8,0,38.0,8.53,54.0,42.98,38.0
F de Wet,2,426,186.0,6,341,1,10,71.0,2.62,31.0,80.05,71.0
R MacDonald-Gay,7,378,264.0,6,252,12,0,63.0,4.19,44.0,66.67,63.0
Kamran Shazad,5,154,177.0,6,76,3,1,25.7,6.9,29.5,49.35,25.67
KT Sandher,4,210,165.0,6,113,3,0,35.0,4.71,27.5,53.81,35.0
AN Toube,8,138,182.0,6,57,5,2,23.0,7.91,30.33,41.3,23.0
KN Chaddha,8,83,107.0,6,34,4,0,13.8,7.73,17.83,40.96,13.83
Zahid Shah,2,120,98.0,6,60,8,0,20.0,4.9,16.33,50.0,20.0
SL Pujare,2,120,45.0,6,91,2,0,20.0,2.25,7.5,75.83,20.0
C Floyd,13,444,421.0,6,211,2,1,74.0,5.69,70.17,47.52,74.0
P Taylor,4,84,113.0,6,25,1,0,14.0,8.07,18.83,29.76,14.0
N Sitompul,3,70,42.0,6,44,8,0,11.7,3.6,7.0,62.86,11.67
N Pooran,7,169,174.0,6,67,5,4,28.2,6.18,29.0,39.64,28.17
B Akhil,13,188,242.0,6,64,4,1,31.3,7.72,40.33,34.04,31.33
S Channa,7,138,119.0,6,80,11,5,23.0,5.17,19.83,57.97,23.0
Abdul-Shakoor Rahimzei,7,99,96.0,6,47,3,1,16.5,5.82,16.0,47.47,16.5
S Dhakal,13,349,310.0,6,168,2,0,58.2,5.33,51.67,48.14,58.17
Adeel Raja,7,280,285.0,6,128,0,1,46.7,6.11,47.5,45.71,46.67
M Kaukura,4,96,103.0,6,35,5,2,16.0,6.44,17.17,36.46,16.0
M Kaswan,6,114,90.0,6,59,1,3,19.0,4.74,15.0,51.75,19.0
M Jobarteh,8,141,245.0,6,70,34,1,23.5,10.43,40.83,49.65,23.5
Serdar Burak Emir,10,126,255.0,6,41,11,2,21.0,12.14,42.5,32.54,21.0
Geovanis Uwase,12,168,150.0,6,101,15,1,28.0,5.36,25.0,60.12,28.0
Gaurav Mishra,12,198,242.0,6,85,18,0,33.0,7.33,40.33,42.93,33.0
S Gimhani,7,108,127.0,6,52,4,1,18.0,7.06,21.17,48.15,18.0
M Jevdjenovic,8,146,155.0,6,79,43,4,24.3,6.37,25.83,54.11,24.33
S Koppolu,10,165,270.0,6,57,16,0,27.5,9.82,45.0,34.55,27.5
Lalu Bhai Ahir,4,84,78.0,6,51,11,0,14.0,5.57,13.0,60.71,14.0
Lopamudra,19,254,288.0,6,126,28,8,42.3,6.8,48.0,49.61,42.33
S Krisheta,5,79,87.0,6,33,10,2,13.2,6.61,14.5,41.77,13.17
Hamid Safi,6,58,90.0,6,27,1,2,9.7,9.31,15.0,46.55,9.67
S Kolcunova,13,264,341.0,6,123,73,18,44.0,7.75,56.83,46.59,44.0
Imran Ahmed Kaneez,7,123,125.0,6,73,11,0,20.5,6.1,20.83,59.35,20.5
DK Dahyabhai Ahir,8,138,129.0,6,73,0,0,23.0,5.61,21.5,52.9,23.0
DJ Thornely,10,120,142.0,6,44,2,0,20.0,7.1,23.67,36.67,20.0
A Roy,6,246,151.0,6,168,8,6,41.0,3.68,25.17,68.29,41.0
Sunzamul Islam,4,420,232.0,6,266,3,0,70.0,3.31,38.67,63.33,70.0
Mirza Ahmed,6,96,119.0,6,49,2,1,16.0,7.44,19.83,51.04,16.0
Metty Fernandes,6,90,78.0,6,62,23,8,15.0,5.2,13.0,68.89,15.0
S Kaushik,10,204,297.0,6,72,5,1,34.0,8.74,49.5,35.29,34.0
O Bastin,8,144,127.0,6,69,15,2,24.0,5.29,21.17,47.92,24.0
DG Nalkande,6,84,148.0,6,24,4,1,14.0,10.57,24.67,28.57,14.0
Nooruddin Mujadady,9,168,279.0,6,66,8,0,28.0,9.96,46.5,39.29,28.0
Nitesh Hooda,4,60,44.0,6,38,2,0,10.0,4.4,7.33,63.33,10.0
SP Gauchan,6,138,126.0,6,76,1,0,23.0,5.48,21.0,55.07,23.0
Zohaib Sarwar,9,133,190.0,6,44,9,2,22.2,8.57,31.67,33.08,22.17
Zeeshan Ansari,10,203,333.0,6,48,5,1,33.8,9.84,55.5,23.65,33.83
O Duff,10,147,244.0,6,55,26,1,24.5,9.96,40.67,37.41,24.5
M Chabula,7,136,148.0,6,55,18,4,22.7,6.53,24.67,40.44,22.67
G Snyman,5,288,281.0,6,152,17,9,48.0,5.85,46.83,52.78,48.0
P Neighbour,5,96,172.0,6,51,50,12,16.0,10.75,28.67,53.12,16.0
KL George,7,153,187.0,6,73,14,0,25.5,7.33,31.17,47.71,25.5
AM Patel,11,138,149.0,6,74,23,1,23.0,6.48,24.83,53.62,23.0
SP Krishnamurthi,11,148,110.0,6,71,0,0,24.7,4.46,18.33,47.97,24.67
A Parima,7,102,119.0,6,46,5,3,17.0,7.0,19.83,45.1,17.0
BA Murphy,4,180,139.0,5,98,2,1,30.0,4.63,27.8,54.44,36.0
A Athanaze,9,288,165.0,5,183,1,3,48.0,3.44,33.0,63.54,57.6
GD Drummond,10,275,286.0,5,139,6,3,45.8,6.24,57.2,50.55,55.0
R Drake,13,156,267.0,5,66,18,5,26.0,10.27,53.4,42.31,31.2
Usman Arif,5,66,94.0,5,24,2,0,11.0,8.55,18.8,36.36,13.2
Farial Zia Safdar,2,43,30.0,5,30,8,1,7.2,4.19,6.0,69.77,8.6
JI de Villiers,12,258,318.0,5,108,6,1,43.0,7.4,63.6,41.86,51.6
Karan Singh,10,180,219.0,5,82,10,0,30.0,7.3,43.8,45.56,36.0
KA Knight,4,144,154.0,5,71,7,0,24.0,6.42,30.8,49.31,28.8
Asad Rasheed,3,72,127.0,5,21,7,1,12.0,10.58,25.4,29.17,14.4
Nur Qalysha,8,113,122.0,5,55,11,0,18.8,6.48,24.4,48.67,22.6
P Pratt,4,72,68.0,5,44,8,2,12.0,5.67,13.6,61.11,14.4
G Hoey,3,408,313.0,5,216,0,0,68.0,4.6,62.6,52.94,81.6
G Irvin,3,66,56.0,5,36,4,1,11.0,5.09,11.2,54.55,13.2
G Madanayake,9,127,125.0,5,75,32,7,21.2,5.91,25.0,59.06,25.4
NA McSweeney,8,67,88.0,5,20,2,0,11.2,7.88,17.6,29.85,13.4
T Thorpe,9,96,94.0,5,50,6,0,16.0,5.88,18.8,52.08,19.2
K Gaston,7,136,304.0,5,37,18,2,22.7,13.41,60.8,27.21,27.2
KJ McCartney,5,222,250.0,5,94,15,4,37.0,6.76,50.0,42.34,44.4
TC Vine,7,102,138.0,5,39,3,1,17.0,8.12,27.6,38.24,20.4
BE Young,4,84,103.0,5,35,0,0,14.0,7.36,20.6,41.67,16.8
R Haiong,13,155,140.0,5,89,29,4,25.8,5.42,28.0,57.42,31.0
R Malhotra,10,150,149.0,5,65,9,0,25.0,5.96,29.8,43.33,30.0
Mehran Mumtaz,6,120,136.0,5,42,3,0,20.0,6.8,27.2,35.0,24.0
Mohamed Ishmath,8,156,188.0,5,65,7,1,26.0,7.23,37.6,41.67,31.2
Suzan Turan,5,90,66.0,5,52,11,4,15.0,4.4,13.2,57.78,18.0
Imran Khan (1),6,136,207.0,5,30,3,1,22.7,9.13,41.4,22.06,27.2
M Gouws,9,158,241.0,5,60,9,0,26.3,9.15,48.2,37.97,31.6
M Fru,4,78,137.0,5,27,8,1,13.0,10.54,27.4,34.62,15.6
Abdul Majid,6,120,119.0,5,57,6,2,20.0,5.95,23.8,47.5,24.0
M Durdevac,5,99,79.0,5,60,23,3,16.5,4.79,15.8,60.61,19.8
Abdul Waheed,13,132,156.0,5,52,5,0,22.0,7.09,31.2,39.39,26.4
AG Rao,5,90,81.0,5,45,4,0,15.0,5.4,16.2,50.0,18.0
S Gupta,11,99,121.0,5,36,3,1,16.5,7.33,24.2,36.36,19.8
S Hanson,4,75,56.0,5,44,7,0,12.5,4.48,11.2,58.67,15.0
M Badenhorst,5,66,99.0,5,20,5,0,11.0,9.0,19.8,30.3,13.2
Ibrahim Jabarkhel,7,102,103.0,5,43,0,0,17.0,6.06,20.6,42.16,20.4
H Shreya,3,54,53.0,5,26,8,1,9.0,5.89,10.6,48.15,10.8
SMA Priyanjan,14,265,233.0,5,117,5,0,44.2,5.28,46.6,44.15,53.0
ZS Ansari,3,408,275.0,5,263,0,0,68.0,4.04,55.0,64.46,81.6
Zada Sher,10,138,183.0,5,47,6,0,23.0,7.96,36.6,34.06,27.6
KY Wilfried,8,126,257.0,5,37,27,3,21.0,12.24,51.4,29.37,25.2
KAB Hynam-Nyberg,6,108,165.0,5,37,11,6,18.0,9.17,33.0,34.26,21.6
DSK Madushanka,3,68,88.0,5,37,6,0,11.3,7.76,17.6,54.41,13.6
K Birkenstock,13,251,259.0,5,106,10,0,41.8,6.19,51.8,42.23,50.2
S Ladda,9,138,224.0,5,49,2,1,23.0,9.74,44.8,35.51,27.6
S Hector,11,174,211.0,5,88,15,2,29.0,7.28,42.2,50.57,34.8
SM Elliott,6,95,126.0,5,33,3,1,15.8,7.96,25.2,34.74,19.0
E Waithaka,7,144,112.0,5,84,9,1,24.0,4.67,22.4,58.33,28.8
BG Rogers,5,168,201.0,5,54,2,1,28.0,7.18,40.2,32.14,33.6
Ibrahim Kursad Dalyan,12,174,244.0,5,69,9,2,29.0,8.41,48.8,39.66,34.8
R Muriyalo,6,107,66.0,5,69,9,2,17.8,3.7,13.2,64.49,21.4
Mehrab Hossain jnr,12,497,382.0,5,253,2,0,82.8,4.61,76.4,50.91,99.4
JJS Sangha,12,89,129.0,5,22,0,0,14.8,8.7,25.8,24.72,17.8
Matiullah Khan,6,126,186.0,5,51,6,3,21.0,8.86,37.2,40.48,25.2
AB Mengoumou,5,78,97.0,5,40,5,2,13.0,7.46,19.4,51.28,15.6
Archara Supriya,6,63,59.0,5,28,3,2,10.5,5.62,11.8,44.44,12.6
WT Mubayiwa,5,114,87.0,5,60,0,0,19.0,4.58,17.4,52.63,22.8
Wa Thone Nadi,5,96,51.0,5,64,6,0,16.0,3.19,10.2,66.67,19.2
D Demic,2,24,19.0,5,19,8,1,4.0,4.75,3.8,79.17,4.8
DV Devjani Mutreja,8,80,95.0,5,43,13,0,13.3,7.12,19.0,53.75,16.0
Santiago Duggan,7,120,102.0,5,66,10,0,20.0,5.1,20.4,55.0,24.0
Sanwar Hossain,6,194,156.0,5,98,2,0,32.3,4.82,31.2,50.52,38.8
S Gasteratos,3,53,51.0,5,31,9,0,8.8,5.77,10.2,58.49,10.6
Amina Kashif,6,84,120.0,5,34,27,4,14.0,8.57,24.0,40.48,16.8
R Sandeep,12,176,159.0,5,94,7,0,29.3,5.42,31.8,53.41,35.2
O Shields,2,252,176.0,5,180,10,2,42.0,4.19,35.2,71.43,50.4
Nazwan Ismail,6,104,189.0,5,27,8,0,17.3,10.9,37.8,25.96,20.8
Aslam Mohammad,7,132,142.0,5,70,11,0,22.0,6.45,28.4,53.03,26.4
Nayab Razwan,7,104,102.0,5,53,15,0,17.3,5.88,20.4,50.96,20.8
Abul Hasan,12,780,675.0,5,471,10,8,130.0,5.19,135.0,60.38,156.0
S Bist,11,192,177.0,5,109,19,1,32.0,5.53,35.4,56.77,38.4
S Chinawa,9,95,85.0,5,58,18,4,15.8,5.37,17.0,61.05,19.0
EH Hutchinson,10,270,187.0,5,170,7,0,45.0,4.16,37.4,62.96,54.0
Azri Azhar,13,154,206.0,5,72,13,1,25.7,8.03,41.2,46.75,30.8
B Keganne,7,96,139.0,5,40,3,0,16.0,8.69,27.8,41.67,19.2
Izatullah Dawlatzai,7,145,148.0,5,70,4,1,24.2,6.12,29.6,48.28,29.0
V Khanduri,4,72,99.0,5,26,5,0,12.0,8.25,19.8,36.11,14.4
R Shukla,7,120,208.0,5,44,7,3,20.0,10.4,41.6,36.67,24.0
Maham Tariq,7,228,279.0,5,102,11,0,38.0,7.34,55.8,44.74,45.6
Malyun Hassan,5,63,46.0,5,45,16,2,10.5,4.38,9.2,71.43,12.6
DO Leicher,12,174,225.0,5,72,8,0,29.0,7.76,45.0,41.38,34.8
V Nagpaul,5,102,104.0,5,43,2,0,17.0,6.12,20.8,42.16,20.4
SG Borthwick,4,156,169.0,5,66,0,0,26.0,6.5,33.8,42.31,31.2
Z Shurentsetseg,10,133,227.0,5,29,8,5,22.2,10.24,45.4,21.8,26.6
SK Dolawatte,8,126,99.0,5,56,0,0,21.0,4.71,19.8,44.44,25.2
Khusboo Kandpal,10,162,180.0,5,73,20,8,27.0,6.67,36.0,45.06,32.4
Tshering Choden,11,155,151.0,5,62,7,1,25.8,5.85,30.2,40.0,31.0
Fazil Muhammad,5,83,100.0,5,31,2,2,13.8,7.23,20.0,37.35,16.6
S Budhathoki,2,48,35.0,5,23,7,2,8.0,4.38,7.0,47.92,9.6
WM Delgado,4,57,61.0,5,40,29,9,9.5,6.42,12.2,70.18,11.4
M Lollo,4,84,43.0,5,55,7,0,14.0,3.07,8.6,65.48,16.8
J Winster,4,90,63.0,5,53,2,0,15.0,4.2,12.6,58.89,18.0
J Yon,5,72,80.0,5,35,4,0,12.0,6.67,16.0,48.61,14.4
U Bhagwan,8,219,291.0,5,98,6,0,36.5,7.97,58.2,44.75,43.8
U Shahid,4,74,76.0,5,38,6,0,12.3,6.16,15.2,51.35,14.8
JE Titmuss,4,69,55.0,5,37,5,0,11.5,4.78,11.0,53.62,13.8
SB Wagh,8,102,137.0,5,50,6,0,17.0,8.06,27.4,49.02,20.4
Asif Mehmood,2,30,53.0,5,7,0,0,5.0,10.6,10.6,23.33,6.0
KA Bazil,7,143,210.0,5,47,1,0,23.8,8.81,42.0,32.87,28.6
BK Majji,3,47,32.0,5,30,1,0,7.8,4.09,6.4,63.83,9.4
Sok Srey Maov,6,108,118.0,5,64,29,2,18.0,6.56,23.6,59.26,21.6
Y Choden,5,43,48.0,5,19,7,0,7.2,6.7,9.6,44.19,8.6
TS Nethula,5,264,249.0,5,132,4,0,44.0,5.66,49.8,50.0,52.8
TS Waqavakatoga,9,138,168.0,5,54,0,0,23.0,7.3,33.6,39.13,27.6
P Pustoslemsek,5,75,94.0,5,30,5,0,12.5,7.52,18.8,40.0,15.0
P Senjug,9,202,177.0,5,117,50,3,33.7,5.26,35.4,57.92,40.4
P Sharma,9,122,130.0,5,55,2,0,20.3,6.39,26.0,45.08,24.4
Aziz Sualley,6,96,106.0,5,48,0,5,16.0,6.62,21.2,50.0,19.2
W Wotu,10,110,141.0,5,38,5,4,18.3,7.69,28.2,34.55,22.0
WF Stelling,4,186,107.0,5,133,3,4,31.0,3.45,21.4,71.51,37.2
TA Dudnath,5,84,86.0,5,43,10,1,14.0,6.14,17.2,51.19,16.8
Sadamali Bhakshala,19,334,391.0,5,147,33,0,55.7,7.02,78.2,44.01,66.8
L Cheatle,10,270,227.0,5,161,12,0,45.0,5.04,45.4,59.63,54.0
A Choudhary,5,101,144.0,5,42,6,1,16.8,8.55,28.8,41.58,20.2
Saif Hassan,17,190,165.0,5,82,4,0,31.7,5.21,33.0,43.16,38.0
SD Ranawaka,5,97,109.0,5,39,14,3,16.2,6.74,21.8,40.21,19.4
Kerry Fraser,9,139,166.0,5,51,35,8,23.2,7.17,33.2,36.69,27.8
BL Morgan,5,579,208.0,5,482,1,0,96.5,2.16,41.6,83.25,115.8
JM Willathgamuwa,11,212,194.0,5,112,7,1,35.3,5.49,38.8,52.83,42.4
P Dimri,1,246,118.0,5,190,0,0,41.0,2.88,23.6,77.24,49.2
Jiaping Li,12,168,175.0,5,77,17,1,28.0,6.25,35.0,45.83,33.6
M Nguni,5,96,134.0,5,41,16,0,16.0,8.38,26.8,42.71,19.2
M Ortiz,3,72,54.0,5,53,6,3,12.0,4.5,10.8,73.61,14.4
Shahid Aziz,6,72,102.0,5,24,5,0,12.0,8.5,20.4,33.33,14.4
C Valencia,4,66,70.0,5,27,10,0,11.0,6.36,14.0,40.91,13.2
S Murari,6,120,121.0,5,61,3,0,20.0,6.05,24.2,50.83,24.0
S Narwal,6,106,202.0,5,38,7,0,17.7,11.43,40.4,35.85,21.2
Thilina Silva,4,84,76.0,5,39,1,0,14.0,5.43,15.2,46.43,16.8
Tilak Varma,15,145,160.0,5,64,2,0,24.2,6.62,32.0,44.14,29.0
Muhammad Nadeem,6,84,100.0,5,36,5,0,14.0,7.14,20.0,42.86,16.8
Muhammad Saqib,5,100,155.0,5,37,4,0,16.7,9.3,31.0,37.0,20.0
Inshaf Farook,5,102,89.0,5,50,9,0,17.0,5.24,17.8,49.02,20.4
Chen Zhuo Yue,9,133,219.0,5,47,7,0,22.2,9.88,43.8,35.34,26.6
Atif Rasheed,5,53,63.0,5,32,0,1,8.8,7.13,12.6,60.38,10.6
Omid Shafi Rahman,7,160,192.0,5,88,7,1,26.7,7.2,38.4,55.0,32.0
Shakeel Zeb,4,65,78.0,5,30,3,1,10.8,7.2,15.6,46.15,13.0
M Perisic,4,72,59.0,5,40,23,1,12.0,4.92,11.8,55.56,14.4
M Robinson,5,107,106.0,5,49,11,2,17.8,5.94,21.2,45.79,21.4
LK Newton,2,313,143.0,5,253,0,1,52.2,2.74,28.6,80.83,62.6
ND Stewart,10,120,183.0,5,39,2,0,20.0,9.15,36.6,32.5,24.0
J Thomas,6,102,132.0,5,46,5,0,17.0,7.76,26.4,45.1,20.4
P Manning,9,102,130.0,5,38,5,1,17.0,7.65,26.0,37.25,20.4
RJ Hatchman,15,204,415.0,5,55,18,5,34.0,12.21,83.0,26.96,40.8
D Mullen,6,123,146.0,5,54,4,0,20.5,7.12,29.2,43.9,24.6
RH Candy,5,216,185.0,5,124,12,0,36.0,5.14,37.0,57.41,43.2
MP O'Dowd,22,235,303.0,5,107,11,0,39.2,7.74,60.6,45.53,47.0
BRM Taylor,21,306,321.0,5,120,4,0,51.0,6.29,64.2,39.22,61.2
SA Engelbrecht,6,60,88.0,5,17,1,0,10.0,8.8,17.6,28.33,12.0
L Mamba,13,257,294.0,5,136,55,9,42.8,6.86,58.8,52.92,51.4
L Ramjit,6,108,78.0,5,61,3,0,18.0,4.33,15.6,56.48,21.6
B Kasinja,11,192,149.0,5,106,9,0,32.0,4.66,29.8,55.21,38.4
C van der Westhuizen,3,114,47.0,5,90,3,0,19.0,2.47,9.4,78.95,22.8
CA Keita,5,49,61.0,5,19,3,0,8.2,7.47,12.2,38.78,9.8
M Shehani,12,164,189.0,5,59,0,1,27.3,6.91,37.8,35.98,32.8
L Horan,3,48,23.0,5,35,5,0,8.0,2.88,4.6,72.92,9.6
L Lamin,10,104,149.0,5,35,2,2,17.3,8.6,29.8,33.65,20.8
D Tanase,5,78,79.0,5,47,22,1,13.0,6.08,15.8,60.26,15.6
Murat Yilmaz,10,113,184.0,5,34,7,0,18.8,9.77,36.8,30.09,22.6
Mujibur Ali,11,297,236.0,5,148,4,1,49.5,4.77,47.2,49.83,59.4
Dewald Pretorius,2,378,262.0,5,281,6,10,63.0,4.16,52.4,74.34,75.6
J Moondra,2,48,57.0,5,22,2,0,8.0,7.12,11.4,45.83,9.6
J Perman,7,114,136.0,5,49,9,1,19.0,7.16,27.2,42.98,22.8
T Vanuarua,5,102,113.0,5,63,23,1,17.0,6.65,22.6,61.76,20.4
T Yangchen,9,138,128.0,5,73,7,0,23.0,5.57,25.6,52.9,27.6
A Lupascu,5,84,113.0,5,33,17,4,14.0,8.07,22.6,39.29,16.8
A Maheshwari,7,113,190.0,5,38,5,1,18.8,10.09,38.0,33.63,22.6
I Stewart,7,102,173.0,5,31,5,0,17.0,10.18,34.6,30.39,20.4
Baljit Singh,7,120,116.0,5,56,4,0,20.0,5.8,23.2,46.67,24.0
Basir Ahamad,7,178,151.0,5,93,2,0,29.7,5.09,30.2,52.25,35.6
Shruti Yadav,8,126,154.0,5,50,19,0,21.0,7.33,30.8,39.68,25.2
Gurkeerat Singh,9,138,165.0,5,48,4,0,23.0,7.17,33.0,34.78,27.6
M Zwilling,4,54,56.0,5,28,9,1,9.0,6.22,11.2,51.85,10.8
GS Sequeira,3,70,51.0,5,40,4,0,11.7,4.37,10.2,57.14,14.0
Shashank Singh,8,90,140.0,5,22,3,0,15.0,9.33,28.0,24.44,18.0
W Ginindza,7,112,199.0,5,48,26,14,18.7,10.66,39.8,42.86,22.4
J Batinibulu,4,93,124.0,5,31,2,0,15.5,8.0,24.8,33.33,18.6
Amoluk Singh,10,126,136.0,5,62,5,0,21.0,6.48,27.2,49.21,25.2
A Desai,4,66,80.0,5,26,4,3,11.0,7.27,16.0,39.39,13.2
K Oala,9,150,128.0,5,75,7,1,25.0,5.12,25.6,50.0,30.0
ROO Jordan,4,72,116.0,5,22,7,1,12.0,9.67,23.2,30.56,14.4
Ahmed Aqeel,14,162,179.0,5,58,3,0,27.0,6.63,35.8,35.8,32.4
Ramaal Lewis,7,96,124.0,5,35,4,0,16.0,7.75,24.8,36.46,19.2
M Trajkovi,7,108,90.0,5,65,29,5,18.0,5.0,18.0,60.19,21.6
D Ferreira,13,262,309.0,5,109,8,0,43.7,7.08,61.8,41.6,52.4
S Sinha,8,170,189.0,5,81,25,6,28.3,6.67,37.8,47.65,34.0
Dilum Fernando,4,60,73.0,5,26,3,0,10.0,7.3,14.6,43.33,12.0
HR Shokeen,13,204,314.0,5,82,7,2,34.0,9.24,62.8,40.2,40.8
S Sadarangani,10,171,189.0,5,78,24,2,28.5,6.63,37.8,45.61,34.2
MK Anafie,6,90,104.0,5,48,3,0,15.0,6.93,20.8,53.33,18.0
Bikram Sob,5,127,115.0,5,76,2,0,21.2,5.43,23.0,59.84,25.4
MJ Fisher,5,226,199.0,5,133,7,2,37.7,5.28,39.8,58.85,45.2
N Advani,5,62,74.0,5,22,1,0,10.3,7.16,14.8,35.48,12.4
B Leo,5,94,129.0,5,38,0,0,15.7,8.23,25.8,40.43,18.8
Isabella Clarke,3,60,55.0,5,26,3,1,10.0,5.5,11.0,43.33,12.0
P Cabebula,5,99,115.0,5,47,11,0,16.5,6.97,23.0,47.47,19.8
P Chabuta,4,72,65.0,5,37,13,1,12.0,5.42,13.0,51.39,14.4
DB Lakhani,5,41,55.0,5,19,5,1,6.8,8.05,11.0,46.34,8.2
NP Winter,6,92,116.0,5,38,6,0,15.3,7.57,23.2,41.3,18.4
TZ Chataira,3,42,53.0,5,24,2,4,7.0,7.57,10.6,57.14,8.4
Frida Larsen,3,54,52.0,5,33,10,1,9.0,5.78,10.4,61.11,10.8
Anique Uddin,7,78,97.0,5,35,2,0,13.0,7.46,19.4,44.87,15.6
TL O'Connell,7,84,112.0,5,23,2,0,14.0,8.0,22.4,27.38,16.8
TM Faimalo,2,42,30.0,5,29,9,2,7.0,4.29,6.0,69.05,8.4
Avi Dixit,4,78,83.0,5,37,7,0,13.0,6.38,16.6,47.44,15.6
Awais Ikram,5,73,130.0,5,28,9,5,12.2,10.68,26.0,38.36,14.6
Ayyaz Qureshi,4,80,114.0,5,29,2,0,13.3,8.55,22.8,36.25,16.0
Arjun Vinod,18,204,298.0,5,68,1,0,34.0,8.76,59.6,33.33,40.8
CAJ Meschede,4,96,83.0,5,52,4,0,16.0,5.19,16.6,54.17,19.2
Aung Ko Ko,5,69,72.0,5,31,2,1,11.5,6.26,14.4,44.93,13.8
Nabaa Naseem,3,72,108.0,5,26,2,1,12.0,9.0,21.6,36.11,14.4
I Kamara,6,91,79.0,5,43,0,0,15.2,5.21,15.8,47.25,18.2
MG Hogan,7,150,206.0,5,59,2,0,25.0,8.24,41.2,39.33,30.0
RM Duffield,6,126,197.0,5,52,9,1,21.0,9.38,39.4,41.27,25.2
RM Magare,10,156,213.0,5,51,8,0,26.0,8.19,42.6,32.69,31.2
Emma Patel,8,96,141.0,5,48,19,5,16.0,8.81,28.2,50.0,19.2
Ethan D'Souza,4,47,53.0,5,19,0,1,7.8,6.77,10.6,40.43,9.4
Sameer Othman,5,102,174.0,5,33,2,0,17.0,10.24,34.8,32.35,20.4
Samiha Konuganti,6,130,121.0,5,61,15,2,21.7,5.58,24.2,46.92,26.0
Bukhar Illikkal,10,168,196.0,5,59,3,0,28.0,7.0,39.2,35.12,33.6
Shivani Sati,9,117,156.0,5,50,30,20,19.5,8.0,31.2,42.74,23.4
Shoaib Ahmed,7,102,152.0,5,35,1,0,17.0,8.94,30.4,34.31,20.4
I Asif,5,68,83.0,5,22,4,1,11.3,7.32,16.6,32.35,13.6
FN Walsh,2,48,85.0,5,19,1,1,8.0,10.62,17.0,39.58,9.6
C Breteche,6,83,71.0,5,47,15,0,13.8,5.13,14.2,56.63,16.6
RV Gomez,9,96,129.0,5,38,1,0,16.0,8.06,25.8,39.58,19.2
D Joseph,4,186,170.0,5,122,16,0,31.0,5.48,34.0,65.59,37.2
T Oyella,3,72,38.0,5,45,4,0,12.0,3.17,7.6,62.5,14.4
PD Blignaut,6,107,114.0,5,42,0,0,17.8,6.39,22.8,39.25,21.4
L Visser,5,60,71.0,5,27,5,0,10.0,7.1,14.2,45.0,12.0
Yash Singh,6,108,142.0,5,35,2,1,18.0,7.89,28.4,32.41,21.6
Ahsan Khan,10,126,224.0,5,51,13,2,21.0,10.67,44.8,40.48,25.2
RR Joshi,8,190,260.0,5,73,12,1,31.7,8.21,52.0,38.42,38.0
N Davidovic,6,84,169.0,5,25,6,0,14.0,12.07,33.8,29.76,16.8
N Kakor,9,132,151.0,5,65,16,2,22.0,6.86,30.2,49.24,26.4
B Lewis,5,78,71.0,5,45,1,0,13.0,5.46,14.2,57.69,15.6
DA Marillier,9,360,269.0,5,182,9,0,60.0,4.48,53.8,50.56,72.0
JAN Ngono,7,120,126.0,5,65,20,2,20.0,6.3,25.2,54.17,24.0
T Nightingale,15,170,205.0,5,68,12,0,28.3,7.24,41.0,40.0,34.0
C Beckford,4,60,53.0,5,38,4,1,10.0,5.3,10.6,63.33,12.0
J Hurley,4,96,111.0,5,47,1,0,16.0,6.94,22.2,48.96,19.2
R Endo,5,55,71.0,5,27,9,5,9.2,7.75,14.2,49.09,11.0
KC Ramamoorthy,5,83,102.0,5,37,5,0,13.8,7.37,20.4,44.58,16.6
KL Nagarkoti,11,180,285.0,5,52,5,0,30.0,9.5,57.0,28.89,36.0
SR Dubey,4,77,106.0,5,41,10,0,12.8,8.26,21.2,53.25,15.4
H Rashid,7,132,178.0,5,57,3,0,22.0,8.09,35.6,43.18,26.4
AO Suji,11,266,299.0,5,125,7,8,44.3,6.74,59.8,46.99,53.2
Mohammad Khalil,4,296,241.0,5,171,9,2,49.3,4.89,48.2,57.77,59.2
A Ndlovu,11,648,533.0,5,380,2,0,108.0,4.94,106.6,58.64,129.6
Zahid Zadran,6,130,172.0,5,62,5,1,21.7,7.94,34.4,47.69,26.0
A Beggs,3,132,130.0,5,61,3,1,22.0,5.91,26.0,46.21,26.4
A Beresford-Peirse,9,186,255.0,5,79,15,1,31.0,8.23,51.0,42.47,37.2
Zulqarnain Haider,5,78,71.0,5,44,0,0,13.0,5.46,14.2,56.41,15.6
AP Dole,3,66,112.0,5,21,6,1,11.0,10.18,22.4,31.82,13.2
TG Thamae,8,150,225.0,5,55,4,1,25.0,9.0,45.0,36.67,30.0
Nishita Akter Nishi,7,294,207.0,5,177,2,1,49.0,4.22,41.4,60.2,58.8
SPS Shikongo,6,72,77.0,4,31,2,0,12.0,6.42,19.25,43.06,18.0
J Henry,6,82,119.0,4,23,2,0,13.7,8.71,29.75,28.05,20.5
G Mubiru,3,54,48.0,4,25,0,0,9.0,5.33,12.0,46.3,13.5
TE Kane,4,206,169.0,4,130,2,1,34.3,4.92,42.25,63.11,51.5
Zong Yuechao,5,90,150.0,4,41,13,2,15.0,10.0,37.5,45.56,22.5
A Aitken-Drummond,6,82,63.0,4,46,1,1,13.7,4.61,15.75,56.1,20.5
KE Pike,4,240,124.0,4,177,1,0,40.0,3.1,31.0,73.75,60.0
KE Ebrahim,8,144,131.0,4,75,2,0,24.0,5.46,32.75,52.08,36.0
O Chare,6,176,163.0,4,79,6,0,29.3,5.56,40.75,44.89,44.0
CP Schofield,4,77,92.0,4,29,1,0,12.8,7.17,23.0,37.66,19.25
A Ndiraya,7,69,41.0,4,34,1,0,11.5,3.57,10.25,49.28,17.25
H Patel,9,161,180.0,4,70,6,2,26.8,6.71,45.0,43.48,40.25
CR Pagydyala,3,30,20.0,4,17,4,0,5.0,4.0,5.0,56.67,7.5
J Kominkova,10,132,187.0,4,62,36,18,22.0,8.5,46.75,46.97,33.0
J Layne,7,300,292.0,4,184,13,1,50.0,5.84,73.0,61.33,75.0
P Pirabakaran,3,36,47.0,4,17,4,0,6.0,7.83,11.75,47.22,9.0
NA Maiolo,4,96,92.0,4,46,2,1,16.0,5.75,23.0,47.92,24.0
T Stubbs,8,60,125.0,4,17,1,1,10.0,12.5,31.25,28.33,15.0
T Tumursukh,7,102,179.0,4,24,12,3,17.0,10.53,44.75,23.53,25.5
K Dorji,4,70,112.0,4,21,5,1,11.7,9.6,28.0,30.0,17.5
K Gilham,3,72,84.0,4,38,4,0,12.0,7.0,21.0,52.78,18.0
KH Sciver-Brunt,5,98,123.0,4,48,5,2,16.3,7.53,30.75,48.98,24.5
KJ Patel,5,109,113.0,4,43,1,0,18.2,6.22,28.25,39.45,27.25
D Potgieter,4,48,71.0,4,18,2,0,8.0,8.88,17.75,37.5,12.0
Mohammad Asaduzzaman,7,138,174.0,4,50,11,0,23.0,7.57,43.5,36.23,34.5
R Baruah,6,60,89.0,4,22,5,1,10.0,8.9,22.25,36.67,15.0
Mohammad Amir Khan,9,144,236.0,4,42,2,1,24.0,9.83,59.0,29.17,36.0
DM Braat,5,156,117.0,4,96,11,0,26.0,4.5,29.25,61.54,39.0
Suresh Kumar,2,48,70.0,4,26,8,1,8.0,8.75,17.5,54.17,12.0
MJ Tumukunde,6,81,72.0,4,38,9,0,13.5,5.33,18.0,46.91,20.25
GA Rogers,5,176,190.0,4,91,2,2,29.3,6.48,47.5,51.7,44.0
Isa Zaroo,3,54,91.0,4,20,2,0,9.0,10.11,22.75,37.04,13.5
LD Madushanka,5,168,208.0,4,53,5,1,28.0,7.43,52.0,31.55,42.0
P Arrighi,3,72,88.0,4,33,2,0,12.0,7.33,22.0,45.83,18.0
NS Dhaliwal,7,66,79.0,4,33,1,0,11.0,7.18,19.75,50.0,16.5
N Nini,2,39,53.0,4,16,3,0,6.5,8.15,13.25,41.03,9.75
Taher Muhammad,11,148,255.0,4,37,4,2,24.7,10.34,63.75,25.0,37.0
Anjuli Ghalley,7,96,77.0,4,57,7,4,16.0,4.81,19.25,59.38,24.0
DJ Muthuswami,6,84,101.0,4,47,0,0,14.0,7.21,25.25,55.95,21.0
H Aggarwal,4,84,104.0,4,39,1,0,14.0,7.43,26.0,46.43,21.0
A Suwanchonrathi,9,120,92.0,4,69,6,2,20.0,4.6,23.0,57.5,30.0
Attia Diwan Ali,9,168,245.0,4,65,48,16,28.0,8.75,61.25,38.69,42.0
VT Thiyanesh,5,60,65.0,4,30,3,1,10.0,6.5,16.25,50.0,15.0
RM West,7,222,206.0,4,105,10,0,37.0,5.57,51.5,47.3,55.5
S Sajana,10,77,120.0,4,27,1,1,12.8,9.35,30.0,35.06,19.25
K Matigimu,4,177,216.0,4,90,3,0,29.5,7.32,54.0,50.85,44.25
AJ Redmond,5,107,96.0,4,64,1,3,17.8,5.38,24.0,59.81,26.75
Samader Shadab,6,72,121.0,4,25,11,0,12.0,10.08,30.25,34.72,18.0
Yasir Mehmood,4,72,83.0,4,32,5,0,12.0,6.92,20.75,44.44,18.0
E Frimpong,4,60,31.0,4,41,0,0,10.0,3.1,7.75,68.33,15.0
E Haven,2,30,26.0,4,19,2,0,5.0,5.2,6.5,63.33,7.5
RP Lefebvre,4,192,122.0,4,119,7,0,32.0,3.81,30.5,61.98,48.0
Ahmed Safi Abdullah,3,48,65.0,4,18,0,0,8.0,8.12,16.25,37.5,12.0
S Tabuisulu,11,205,262.0,4,94,11,0,34.2,7.67,65.5,45.85,51.25
D Kansonkho,9,97,121.0,4,49,4,0,16.2,7.48,30.25,50.52,24.25
Rahim Khan,6,108,102.0,4,40,0,0,18.0,5.67,25.5,37.04,27.0
Rabia Mushtaq,3,60,73.0,4,29,5,1,10.0,7.3,18.25,48.33,15.0
GM Ntambalika,5,72,95.0,4,40,4,3,12.0,7.92,23.75,55.56,18.0
M Tiwari,4,66,101.0,4,20,9,0,11.0,9.18,25.25,30.3,16.5
C Smith,5,82,90.0,4,33,4,1,13.7,6.59,22.5,40.24,20.5
HP Kingston,5,72,134.0,4,18,3,1,12.0,11.17,33.5,25.0,18.0
JR Newton,5,120,150.0,4,57,3,0,20.0,7.5,37.5,47.5,30.0
Shujaat Rasool,5,77,86.0,4,36,6,0,12.8,6.7,21.5,46.75,19.25
Gurjapneet Singh,8,151,233.0,4,46,8,0,25.2,9.26,58.25,30.46,37.75
Gurnoor Brar,4,192,267.0,4,79,8,3,32.0,8.34,66.75,41.15,48.0
M Whelan,9,108,215.0,4,31,8,0,18.0,11.94,53.75,28.7,27.0
GMK Jayaweera,3,20,32.0,4,11,0,1,3.3,9.6,8.0,55.0,5.0
Shariq Munir,8,120,189.0,4,46,2,4,20.0,9.45,47.25,38.33,30.0
A Kaul,3,35,31.0,4,14,0,0,5.8,5.31,7.75,40.0,8.75
Rithika Rajesh,4,84,91.0,4,37,12,6,14.0,6.5,22.75,44.05,21.0
J Blackwood,18,472,280.0,4,304,0,0,78.7,3.56,70.0,64.41,118.0
D du Preez,2,42,56.0,4,18,0,1,7.0,8.0,14.0,42.86,10.5
B Jerkovic,5,54,100.0,4,11,2,1,9.0,11.11,25.0,20.37,13.5
Tamoor Sajjad,6,125,154.0,4,45,1,0,20.8,7.39,38.5,36.0,31.25
PRCS Kumarihami,19,410,328.0,4,214,5,0,68.3,4.8,82.0,52.2,102.5
PUKK Arachchige,4,78,94.0,4,32,3,0,13.0,7.23,23.5,41.03,19.5
Imtiaz Khan,4,72,107.0,4,25,4,0,12.0,8.92,26.75,34.72,18.0
M Smit,7,162,157.0,4,66,7,0,27.0,5.81,39.25,40.74,40.5
AE Smith,3,108,48.0,4,88,7,0,18.0,2.67,12.0,81.48,27.0
HJC Mol,4,116,106.0,4,56,2,0,19.3,5.48,26.5,48.28,29.0
Chayanisa Phengpaen,8,83,71.0,4,48,12,1,13.8,5.13,17.75,57.83,20.75
T Kolcunova,12,250,283.0,4,132,73,13,41.7,6.79,70.75,52.8,62.5
T Maruma,8,212,204.0,4,104,4,1,35.3,5.77,51.0,49.06,53.0
S Yildirim,3,40,23.0,4,26,2,0,6.7,3.45,5.75,65.0,10.0
AS Luseno,2,60,58.0,4,40,4,4,10.0,5.8,14.5,66.67,15.0
E Ochieng,6,114,165.0,4,43,4,0,19.0,8.68,41.25,37.72,28.5
E Richard,6,80,84.0,4,50,19,0,13.3,6.3,21.0,62.5,20.0
VN Veetil,7,124,165.0,4,35,1,0,20.7,7.98,41.25,28.23,31.0
I Quee,2,30,19.0,4,17,3,0,5.0,3.8,4.75,56.67,7.5
RL Haynes,9,204,132.0,4,141,2,1,34.0,3.88,33.0,69.12,51.0
RL Powell,10,228,214.0,4,107,9,0,38.0,5.63,53.5,46.93,57.0
D Nanda,4,60,51.0,4,43,11,1,10.0,5.1,12.75,71.67,15.0
Bashar Khan,4,75,51.0,4,46,1,1,12.5,4.08,12.75,61.33,18.75
SA Fritz,3,121,38.0,4,99,4,0,20.2,1.88,9.5,81.82,30.25
K Sathish,4,60,74.0,4,18,1,0,10.0,7.4,18.5,30.0,15.0
L Hamilton,4,72,52.0,4,41,2,0,12.0,4.33,13.0,56.94,18.0
L Holmgaard,5,72,65.0,4,44,16,6,12.0,5.42,16.25,61.11,18.0
L Polaki,5,87,98.0,4,53,26,3,14.5,6.76,24.5,60.92,21.75
HH Aung,9,144,111.0,4,79,13,0,24.0,4.62,27.75,54.86,36.0
N Ncube,2,263,190.0,4,187,3,2,43.8,4.33,47.5,71.1,65.75
TR Gripper,5,237,200.0,4,136,1,0,39.5,5.06,50.0,57.38,59.25
AE Isesele,5,41,63.0,4,18,1,0,6.8,9.22,15.75,43.9,10.25
K Lake,5,66,60.0,4,43,11,0,11.0,5.45,15.0,65.15,16.5
K Macheka,2,39,53.0,4,23,2,2,6.5,8.15,13.25,58.97,9.75
LJ Payas,7,98,99.0,4,51,24,6,16.3,6.06,24.75,52.04,24.5
LJ Woodcock,7,224,225.0,4,97,2,0,37.3,6.03,56.25,43.3,56.0
S Ranade,4,48,42.0,4,22,8,2,8.0,5.25,10.5,45.83,12.0
H Chamto,14,234,198.0,4,116,15,0,39.0,5.08,49.5,49.57,58.5
S Ozkunduz,10,120,143.0,4,66,43,8,20.0,7.15,35.75,55.0,30.0
DJ Malan,9,249,175.0,4,146,0,0,41.5,4.22,43.75,58.63,62.25
V Sukumaran,8,132,110.0,4,75,3,1,22.0,5.0,27.5,56.82,33.0
V Vithanage,4,90,77.0,4,43,4,0,15.0,5.13,19.25,47.78,22.5
RJG Palmer,6,102,98.0,4,45,2,0,17.0,5.76,24.5,44.12,25.5
I Tchakou,5,38,66.0,4,20,17,1,6.3,10.42,16.5,52.63,9.5
Sofia Velic,3,61,67.0,4,18,1,0,10.2,6.59,16.75,29.51,15.25
Sohail Ahmed,9,116,155.0,4,46,2,0,19.3,8.02,38.75,39.66,29.0
MS Chapman,8,84,108.0,4,30,1,0,14.0,7.71,27.0,35.71,21.0
Ajhar Alam,4,84,136.0,4,29,5,0,14.0,9.71,34.0,34.52,21.0
GJ Whittall,5,135,121.0,4,75,2,0,22.5,5.38,30.25,55.56,33.75
V Ravindran,5,71,110.0,4,28,0,1,11.8,9.3,27.5,39.44,17.75
RK Parwin,3,90,72.0,4,52,4,0,15.0,4.8,18.0,57.78,22.5
RK Singh,4,22,21.0,4,13,0,0,3.7,5.73,5.25,59.09,5.5
ML Nkala,10,290,313.0,4,138,20,1,48.3,6.48,78.25,47.59,72.5
MLN Sissako,11,139,161.0,4,75,26,4,23.2,6.95,40.25,53.96,34.75
MMR Obili,8,144,173.0,4,59,6,0,24.0,7.21,43.25,40.97,36.0
SB Bangar,12,216,279.0,4,86,5,0,36.0,7.75,69.75,39.81,54.0
G Richardson,4,67,93.0,4,32,6,2,11.2,8.33,23.25,47.76,16.75
Omar Rassol,9,108,214.0,4,40,8,8,18.0,11.89,53.5,37.04,27.0
Osama Mahmood,5,96,107.0,4,51,7,0,16.0,6.69,26.75,53.12,24.0
Arish Ali,2,42,64.0,4,18,1,0,7.0,9.14,16.0,42.86,10.5
Shahzaib,5,90,72.0,4,54,7,0,15.0,4.8,18.0,60.0,22.5
Shaiman Anwar,7,117,134.0,4,52,0,0,19.5,6.87,33.5,44.44,29.25
Shamim Hossain,13,181,179.0,4,69,0,0,30.2,5.93,44.75,38.12,45.25
Shamma Ali,6,96,140.0,4,39,9,3,16.0,8.75,35.0,40.62,24.0
M Perry,5,79,140.0,4,25,3,0,13.2,10.63,35.0,31.65,19.75
M Prasanna,4,78,129.0,4,22,3,2,13.0,9.92,32.25,28.21,19.5
Y Nagar,8,66,125.0,4,16,2,4,11.0,11.36,31.25,24.24,16.5
LM Sims,3,30,25.0,4,17,5,0,5.0,5.0,6.25,56.67,7.5
NG Jones,5,162,85.0,4,101,2,0,27.0,3.15,21.25,62.35,40.5
Arjun Tendulkar,6,97,150.0,4,39,9,1,16.2,9.28,37.5,40.21,24.25
AA Jimoh,5,73,71.0,4,35,3,0,12.2,5.84,17.75,47.95,18.25
Sadat Said,3,58,86.0,4,27,6,1,9.7,8.9,21.5,46.55,14.5
SC Meaker,4,161,180.0,4,83,10,0,26.8,6.71,45.0,51.55,40.25
Khalander Mustafa,2,42,54.0,4,24,5,0,7.0,7.71,13.5,57.14,10.5
MT Chinouya,4,408,238.0,4,310,5,0,68.0,3.5,59.5,75.98,102.0
JE Marks,6,78,111.0,4,30,7,0,13.0,8.54,27.75,38.46,19.5
D Finau,7,84,135.0,4,30,3,0,14.0,9.64,33.75,35.71,21.0
K Kamyuka,2,47,47.0,4,25,0,0,7.8,6.0,11.75,53.19,11.75
Afsheen Ahmed,6,89,113.0,4,33,20,4,14.8,7.62,28.25,37.08,22.25
Heal Theara,6,96,94.0,4,44,10,3,16.0,5.88,23.5,45.83,24.0
LR Butterworth,3,64,83.0,4,20,3,1,10.7,7.78,20.75,31.25,16.0
S Nadigotla,4,62,71.0,4,28,4,0,10.3,6.87,17.75,45.16,15.5
S Namusha,6,120,48.0,4,90,6,0,20.0,2.4,12.0,75.0,30.0
S Mtae,8,84,75.0,4,44,3,0,14.0,5.36,18.75,52.38,21.0
Tauqeer Hussain,4,51,50.0,4,21,1,0,8.5,5.88,12.5,41.18,12.75
Muhammad Shahdad,7,201,189.0,4,85,2,0,33.5,5.64,47.25,42.29,50.25
Pooja Kumari,2,48,27.0,4,33,3,0,8.0,3.38,6.75,68.75,12.0
SD Valjalo,5,90,126.0,4,42,3,0,15.0,8.4,31.5,46.67,22.5
Natim Hassam,6,84,97.0,4,38,3,0,14.0,6.93,24.25,45.24,21.0
J Ghadiyali,4,59,54.0,4,31,1,0,9.8,5.49,13.5,52.54,14.75
T Dlamini,11,173,221.0,4,85,55,6,28.8,7.66,55.25,49.13,43.25
Payal Kothar,4,60,80.0,4,23,5,8,10.0,8.0,20.0,38.33,15.0
Muhammad Kashif,5,77,120.0,4,28,1,0,12.8,9.35,30.0,36.36,19.25
Al Maseera Jahangir,5,73,35.0,4,51,2,1,12.2,2.88,8.75,69.86,18.25
S Munagala,2,36,32.0,4,16,1,0,6.0,5.33,8.0,44.44,9.0
LW Potthoff,2,30,33.0,4,13,4,0,5.0,6.6,8.25,43.33,7.5
C Elmore,2,30,25.0,4,21,13,1,5.0,5.0,6.25,70.0,7.5
TT Aung,7,46,51.0,4,25,2,2,7.7,6.65,12.75,54.35,11.5
P Roy,4,76,79.0,4,37,0,0,12.7,6.24,19.75,48.68,19.0
S Borakambi,5,74,67.0,4,35,5,1,12.3,5.43,16.75,47.3,18.5
WA Mota,7,72,97.0,4,25,2,1,12.0,8.08,24.25,34.72,18.0
Aleena Khan,12,172,201.0,4,65,7,3,28.7,7.01,50.25,37.79,43.0
Z Hoque,7,126,122.0,4,65,0,0,21.0,5.81,30.5,51.59,31.5
Kashif Khan,4,73,75.0,4,37,0,0,12.2,6.16,18.75,50.68,18.25
Preeti Bose,7,126,180.0,4,38,0,0,21.0,8.57,45.0,30.16,31.5
ECM Egodagamage,2,42,33.0,4,25,2,0,7.0,4.71,8.25,59.52,10.5
Firas Hussain,8,102,158.0,4,31,3,1,17.0,9.29,39.5,30.39,25.5
Rohan Bhavesh Patel,4,66,81.0,4,23,1,0,11.0,7.36,20.25,34.85,16.5
Rudolph Fox,6,81,98.0,4,32,4,0,13.5,7.26,24.5,39.51,20.25
M Leporoporo,4,66,105.0,4,28,6,0,11.0,9.55,26.25,42.42,16.5
S Descarte,11,132,180.0,4,48,11,0,22.0,8.18,45.0,36.36,33.0
G Toka,6,117,130.0,4,58,2,1,19.5,6.67,32.5,49.57,29.25
G Tuskan,5,72,97.0,4,28,9,1,12.0,8.08,24.25,38.89,18.0
JA Chohan,5,114,141.0,4,31,4,0,19.0,7.42,35.25,27.19,28.5
B Balala,20,224,326.0,4,94,14,3,37.3,8.73,81.5,41.96,56.0
ND Buchanan,5,72,129.0,4,20,5,0,12.0,10.75,32.25,27.78,18.0
G Goudie,4,90,88.0,4,38,1,0,15.0,5.87,22.0,42.22,22.5
NKDP Putri,4,77,18.0,4,67,5,0,12.8,1.4,4.5,87.01,19.25
GEM Brealey,7,108,128.0,4,59,35,5,18.0,7.11,32.0,54.63,27.0
D Ajekun,7,73,86.0,4,27,1,0,12.2,7.07,21.5,36.99,18.25
Ali Shafiq,4,75,91.0,4,35,1,2,12.5,7.28,22.75,46.67,18.75
A Mesarovic,7,140,121.0,4,82,22,8,23.3,5.19,30.25,58.57,35.0
Mansoor Amjad,2,54,47.0,4,23,0,1,9.0,5.22,11.75,42.59,13.5
Mariam Hasan,2,42,23.0,4,22,3,0,7.0,3.29,5.75,52.38,10.5
Maiwand Momand,5,72,90.0,4,24,3,0,12.0,7.5,22.5,33.33,18.0
IGTP Wiguna,7,96,130.0,4,44,3,1,16.0,8.12,32.5,45.83,24.0
JL Kovacic,4,90,99.0,4,50,4,0,15.0,6.6,24.75,55.56,22.5
GJ Hilkowitz,4,66,58.0,4,34,3,0,11.0,5.27,14.5,51.52,16.5
Suabika Manivannan,10,143,179.0,4,75,11,2,23.8,7.51,44.75,52.45,35.75
Sufiyan Tarajia,4,78,78.0,4,37,3,0,13.0,6.0,19.5,47.44,19.5
Suhail Sattar,7,78,127.0,4,21,13,1,13.0,9.77,31.75,26.92,19.5
E Ernest,6,114,90.0,4,65,2,0,19.0,4.74,22.5,57.02,28.5
Emily Merrien,3,60,63.0,4,34,4,5,10.0,6.3,15.75,56.67,15.0
EM Sampson,2,315,122.0,4,248,0,0,52.5,2.32,30.5,78.73,78.75
ET Williams,5,93,95.0,4,51,8,2,15.5,6.13,23.75,54.84,23.25
D Unhale,8,162,122.0,4,100,12,2,27.0,4.52,30.5,61.73,40.5
Qudratullah Mir Afzail,6,95,95.0,4,52,6,0,15.8,6.0,23.75,54.74,23.75
Amir Zaib,6,52,75.0,4,20,2,0,8.7,8.65,18.75,38.46,13.0
K Weeraratne,8,168,194.0,4,72,2,0,28.0,6.93,48.5,42.86,42.0
O Patterson,3,58,88.0,4,21,4,0,9.7,9.1,22.0,36.21,14.5
O Sam Arthur,6,72,89.0,4,31,7,1,12.0,7.42,22.25,43.06,18.0
Nawaf Ahmed,7,93,128.0,4,36,8,1,15.5,8.26,32.0,38.71,23.25
Waqar Khan,5,36,86.0,4,11,6,0,6.0,14.33,21.5,30.56,9.0
A Dowling,3,44,86.0,4,10,5,1,7.3,11.73,21.5,22.73,11.0
A Emch,5,70,66.0,4,32,8,5,11.7,5.66,16.5,45.71,17.5
A Gulati,7,84,138.0,4,22,4,1,14.0,9.86,34.5,26.19,21.0
S Bhanushali,3,48,57.0,4,20,2,0,8.0,7.12,14.25,41.67,12.0
M Matthew,7,120,164.0,4,48,6,0,20.0,8.2,41.0,40.0,30.0
S Dhawan,11,102,84.0,4,63,1,0,17.0,4.94,21.0,61.76,25.5
EFB Estrada,5,84,73.0,4,68,17,26,14.0,5.21,18.25,80.95,21.0
N Sonne-Rudd,5,84,87.0,4,50,7,2,14.0,6.21,21.75,59.52,21.0
Mazharul Islam,6,83,98.0,4,31,0,0,13.8,7.08,24.5,37.35,20.75
R Mondol,5,78,126.0,4,33,1,0,13.0,9.69,31.5,42.31,19.5
R Khullar,8,88,89.0,4,53,20,1,14.7,6.07,22.25,60.23,22.0
Md Shuayeb,4,36,50.0,4,14,2,0,6.0,8.33,12.5,38.89,9.0
JJ Tucker,13,348,318.0,4,182,4,2,58.0,5.48,79.5,52.3,87.0
S Jayasinghe,5,102,110.0,4,53,7,2,17.0,6.47,27.5,51.96,25.5
HWR Cartwright,10,134,200.0,4,60,3,2,22.3,8.96,50.0,44.78,33.5
Hadia Siddiqui,8,120,135.0,4,58,28,2,20.0,6.75,33.75,48.33,30.0
Hala Azmat,4,60,56.0,4,30,2,0,10.0,5.6,14.0,50.0,15.0
S Mostary,20,175,211.0,4,65,3,1,29.2,7.23,52.75,37.14,43.75
Sarandeep Singh,1,126,54.0,4,96,0,1,21.0,2.57,13.5,76.19,31.5
M Janicijevic,6,86,144.0,4,30,14,3,14.3,10.05,36.0,34.88,21.5
Guido Angeletti,5,94,93.0,4,46,8,0,15.7,5.94,23.25,48.94,23.5
AC Cummins,4,180,176.0,4,101,17,6,30.0,5.87,44.0,56.11,45.0
IS Sohi,2,90,78.0,4,52,3,1,15.0,5.2,19.5,57.78,22.5
Momin Qamar,4,72,111.0,4,21,1,0,12.0,9.25,27.75,29.17,18.0
CV Harrison,4,72,119.0,4,27,8,4,12.0,9.92,29.75,37.5,18.0
CM Edwards,10,314,197.0,4,217,2,2,52.3,3.76,49.25,69.11,78.5
S Elmsjoo,4,66,63.0,4,30,10,0,11.0,5.73,15.75,45.45,16.5
M Kanno,6,96,81.0,4,51,6,1,16.0,5.06,20.25,53.12,24.0
Jitin Singh,3,26,48.0,4,9,0,1,4.3,11.08,12.0,34.62,6.5
F Clarke,4,78,95.0,4,31,9,0,13.0,7.31,23.75,39.74,19.5
S Kolcharam,7,118,142.0,4,55,13,2,19.7,7.22,35.5,46.61,29.5
Hamza Dar,10,84,107.0,4,36,6,1,14.0,7.64,26.75,42.86,21.0
Wan Nor Zulaika,11,156,160.0,4,71,11,1,26.0,6.15,40.0,45.51,39.0
Wang Qi,4,61,48.0,4,34,6,0,10.2,4.72,12.0,55.74,15.25
C Outerbridge,4,54,50.0,4,27,3,0,9.0,5.56,12.5,50.0,13.5
C Roberts,4,36,60.0,4,16,1,1,6.0,10.0,15.0,44.44,9.0
M Gorases,6,60,75.0,4,22,4,0,10.0,7.5,18.75,36.67,15.0
WRS de Silva,1,144,63.0,4,120,2,4,24.0,2.62,15.75,83.33,36.0
CM Mbebe,7,150,198.0,4,74,8,0,25.0,7.92,49.5,49.33,37.5
V Balakrishnan,10,93,97.0,4,42,4,0,15.5,6.26,24.25,45.16,23.25
Mohammad Waheed,4,71,118.0,4,24,9,1,11.8,9.97,29.5,33.8,17.75
Imran Farhat,12,377,259.0,4,219,0,0,62.8,4.12,64.75,58.09,94.25
M Grzinic,2,36,18.0,4,27,0,0,6.0,3.0,4.5,75.0,9.0
K Babu,7,102,157.0,4,38,6,0,17.0,9.24,39.25,37.25,25.5
M Faraz Akram,11,284,357.0,4,114,13,1,47.3,7.54,89.25,40.14,71.0
Abdul Gaffar Saqlain,3,68,116.0,4,17,2,1,11.3,10.24,29.0,25.0,17.0
M Corazon,5,60,29.0,4,38,5,0,10.0,2.9,7.25,63.33,15.0
Sareer Shah,7,133,204.0,4,52,9,0,22.2,9.2,51.0,39.1,33.25
S Kharvi,6,36,61.0,4,16,2,0,6.0,10.17,15.25,44.44,9.0
E Vukusic,4,96,66.0,4,66,5,2,16.0,4.12,16.5,68.75,24.0
SM Shakil,4,72,84.0,4,37,1,0,12.0,7.0,21.0,51.39,18.0
SL Kalis,3,60,47.0,4,32,5,3,10.0,4.7,11.75,53.33,15.0
AN Hyobeom,6,66,87.0,4,25,8,1,11.0,7.91,21.75,37.88,16.5
Kamal Raiz,3,60,45.0,4,35,0,1,10.0,4.5,11.25,58.33,15.0
H Hiri,10,126,126.0,4,54,1,0,21.0,6.0,31.5,42.86,31.5
SYD Chan,7,108,99.0,4,61,17,3,18.0,5.5,24.75,56.48,27.0
ST Yalimaiwai,3,60,60.0,4,28,1,1,10.0,6.0,15.0,46.67,15.0
A Andrews,3,60,61.0,4,29,2,0,10.0,6.1,15.25,48.33,15.0
A Busing-Volschenk,2,42,54.0,4,17,1,0,7.0,7.71,13.5,40.48,10.5
Elias Tilman,8,108,175.0,4,32,24,1,18.0,9.72,43.75,29.63,27.0
AL Seddon,10,170,197.0,4,80,5,6,28.3,6.95,49.25,47.06,42.5
A Badoni,8,41,63.0,4,9,0,0,6.8,9.22,15.75,21.95,10.25
Mohammad Imran (2),6,138,171.0,4,53,1,0,23.0,7.43,42.75,38.41,34.5
T Basile,2,15,6.0,4,13,3,0,2.5,2.4,1.5,86.67,3.75
Zain Ali,2,48,43.0,4,27,1,0,8.0,5.38,10.75,56.25,12.0
A Obulor,6,102,111.0,4,45,7,0,17.0,6.53,27.75,44.12,25.5
Mohammed Alamgir,7,78,115.0,4,30,7,1,13.0,8.85,28.75,38.46,19.5
JH Stander,6,108,164.0,4,47,4,2,18.0,9.11,41.0,43.52,27.0
JJ Pollard,5,96,123.0,4,45,3,1,16.0,7.69,30.75,46.88,24.0
D Polpitiya,4,66,87.0,4,27,1,0,11.0,7.91,21.75,40.91,16.5
Nur Nadihirah,9,138,120.0,4,80,6,5,23.0,5.22,30.0,57.97,34.5
DF Jacobs,2,30,26.0,4,16,0,0,5.0,5.2,6.5,53.33,7.5
S Sengupta,5,96,158.0,4,36,9,0,16.0,9.88,39.5,37.5,24.0
S Shailesh,4,78,93.0,4,30,3,1,13.0,7.15,23.25,38.46,19.5
DP Vijaykumar,9,152,199.0,4,69,5,2,25.3,7.86,49.75,45.39,38.0
FFZ Nhaduate,2,43,53.0,4,20,2,1,7.2,7.4,13.25,46.51,10.75
Virendra Kumar,4,60,73.0,4,34,1,1,10.0,7.3,18.25,56.67,15.0
Vivek Dixit,5,78,125.0,4,19,3,1,13.0,9.62,31.25,24.36,19.5
RS Higgins,3,158,127.0,4,71,0,0,26.3,4.82,31.75,44.94,39.5
PD Dabholkar,5,90,97.0,4,40,5,0,15.0,6.47,24.25,44.44,22.5
A Davidson-Soler,9,174,146.0,4,103,18,2,29.0,5.03,36.5,59.2,43.5
JS Kundi,9,78,94.0,4,25,0,0,13.0,7.23,23.5,32.05,19.5
N David,2,96,25.0,4,84,2,0,16.0,1.56,6.25,87.5,24.0
DA Warner,19,349,279.0,4,199,2,1,58.2,4.8,69.75,57.02,87.25
JB Lintott,5,90,108.0,4,31,0,0,15.0,7.2,27.0,34.44,22.5
R Francis,6,96,113.0,4,49,4,1,16.0,7.06,28.25,51.04,24.0
KD Mehta,2,42,41.0,4,21,1,0,7.0,5.86,10.25,50.0,10.5
ST Kannan,3,54,45.0,4,25,2,0,9.0,5.0,11.25,46.3,13.5
Zakir Husain Patel,5,78,97.0,3,29,2,0,13.0,7.46,32.33,37.18,26.0
AL Watkins,3,60,64.0,3,21,3,0,10.0,6.4,21.33,35.0,20.0
AM Bacher,3,108,64.0,3,59,0,0,18.0,3.56,21.33,54.63,36.0
AM Rajpurohit,3,65,106.0,3,22,1,0,10.8,9.78,35.33,33.85,21.67
Chado Om,3,48,52.0,3,17,4,0,8.0,6.5,17.33,35.42,16.0
KD Jayawant,2,29,17.0,3,24,4,0,4.8,3.52,5.67,82.76,9.67
KC Hodsoll,2,48,47.0,3,25,0,0,8.0,5.88,15.67,52.08,16.0
KC D'Souza,5,84,82.0,3,42,6,2,14.0,5.86,27.33,50.0,28.0
KS Ahuja,6,60,84.0,3,14,1,0,10.0,8.4,28.0,23.33,20.0
KR Frost,3,60,36.0,3,39,5,0,10.0,3.6,12.0,65.0,20.0
KR Ebanks,8,114,177.0,3,38,7,1,19.0,9.32,59.0,33.33,38.0
TCW Veillard,3,72,78.0,3,31,1,0,12.0,6.5,26.0,43.06,24.0
J Liyanage,18,364,334.0,3,164,15,0,60.7,5.51,111.33,45.05,121.33
J Kgang,4,53,40.0,3,34,6,0,8.8,4.53,13.33,64.15,17.67
DE Roache,1,18,23.0,3,10,3,0,3.0,7.67,7.67,55.56,6.0
Asad Shafiq,16,352,214.0,3,209,3,1,58.7,3.65,71.33,59.38,117.33
Zaheer Maqsood,4,114,136.0,3,37,0,0,19.0,7.16,45.33,32.46,38.0
Zafer Durmaz,6,66,78.0,3,25,3,0,11.0,7.09,26.0,37.88,22.0
Z de Bruyn,2,162,61.0,3,124,0,0,27.0,2.26,20.33,76.54,54.0
E Kasaija,3,60,54.0,3,32,4,0,10.0,5.4,18.0,53.33,20.0
SM Mayers,10,149,132.0,3,73,2,0,24.8,5.32,44.0,48.99,49.67
Mehak Thakur,4,28,17.0,3,16,2,0,4.7,3.64,5.67,57.14,9.33
R Kumar,10,143,239.0,3,50,13,0,23.8,10.03,79.67,34.97,47.67
R Kanoh,5,96,72.0,3,59,4,0,16.0,4.5,24.0,61.46,32.0
R Ninan,2,36,65.0,3,8,0,0,6.0,10.83,21.67,22.22,12.0
Mayank Nagayach,11,234,299.0,3,86,7,0,39.0,7.67,99.67,36.75,78.0
Imran Butt,2,42,72.0,3,18,7,0,7.0,10.29,24.0,42.86,14.0
Imran Arif,2,48,62.0,3,27,3,1,8.0,7.75,20.67,56.25,16.0
DJ Reekers,4,138,131.0,3,87,5,0,23.0,5.7,43.67,63.04,46.0
Ikbal Hossain,3,60,53.0,3,38,4,0,10.0,5.3,17.67,63.33,20.0
US Hathinjar,2,30,44.0,3,13,5,0,5.0,8.8,14.67,43.33,10.0
A Razmilic,7,74,166.0,3,15,10,2,12.3,13.46,55.33,20.27,24.67
Mina Baek,2,48,45.0,3,20,2,1,8.0,5.62,15.0,41.67,16.0
Merwais Shinwari,3,42,60.0,3,18,5,0,7.0,8.57,20.0,42.86,14.0
R Dhiman,4,66,84.0,3,30,6,2,11.0,7.64,28.0,45.45,22.0
R Chatterton,2,48,60.0,3,22,6,1,8.0,7.5,20.0,45.83,16.0
Mohamed Khan,4,36,37.0,3,15,0,0,6.0,6.17,12.33,41.67,12.0
Maria Ababi,2,24,33.0,3,11,1,3,4.0,8.25,11.0,45.83,8.0
BJ Konstas,3,36,56.0,3,12,1,0,6.0,9.33,18.67,33.33,12.0
V Krishnamurthy,6,114,60.0,3,79,5,0,19.0,3.16,20.0,69.3,38.0
V Iriho,5,96,77.0,3,53,1,0,16.0,4.81,25.67,55.21,32.0
A McGrath,6,210,160.0,3,118,6,0,35.0,4.57,53.33,56.19,70.0
Matthew Walker,4,84,113.0,3,33,3,1,14.0,8.07,37.67,39.29,28.0
Ali Rasool,7,84,158.0,3,27,2,2,14.0,11.29,52.67,32.14,28.0
Amir Khan,3,32,28.0,3,17,1,0,5.3,5.25,9.33,53.12,10.67
Qasim Anwar,3,60,58.0,3,35,7,0,10.0,5.8,19.33,58.33,20.0
Qasim Akram,4,47,57.0,3,18,1,0,7.8,7.28,19.0,38.3,15.67
Mohsin Zaki,5,60,79.0,3,18,0,1,10.0,7.9,26.33,30.0,20.0
Mohit Sharma,3,33,25.0,3,16,1,0,5.5,4.55,8.33,48.48,11.0
Mohammed Aslam,1,24,20.0,3,13,1,0,4.0,5.0,6.67,54.17,8.0
Mubasir Khan,13,129,192.0,3,39,1,0,21.5,8.93,64.0,30.23,43.0
JEA Doctora,7,68,101.0,3,27,4,1,11.3,8.91,33.67,39.71,22.67
Sulaimon Runsewe,4,33,50.0,3,9,1,0,5.5,9.09,16.67,27.27,11.0
JM Apio,5,66,46.0,3,44,6,0,11.0,4.18,15.33,66.67,22.0
RA Austin,2,326,155.0,3,247,0,6,54.3,2.85,51.67,75.77,108.67
R de Swardt,2,270,121.0,3,200,1,0,45.0,2.69,40.33,74.07,90.0
DL Maddy,2,18,26.0,3,7,0,0,3.0,8.67,8.67,38.89,6.0
T Dissanayake,7,144,125.0,3,92,22,3,24.0,5.21,41.67,63.89,48.0
GG Banner,2,36,54.0,3,17,4,0,6.0,9.0,18.0,47.22,12.0
GD Putland,7,132,186.0,3,54,4,3,22.0,8.45,62.0,40.91,44.0
R Sathish,14,139,232.0,3,31,5,0,23.2,10.01,77.33,22.3,46.33
E Masuku,2,66,65.0,3,40,4,0,11.0,5.91,21.67,60.61,22.0
GH Worker,5,56,82.0,3,21,1,0,9.3,8.79,27.33,37.5,18.67
JL Ontong,6,227,229.0,3,130,1,2,37.8,6.05,76.33,57.27,75.67
Fakhrul Mohon,6,102,129.0,3,44,4,2,17.0,7.59,43.0,43.14,34.0
Mahewish Khan,2,42,31.0,3,26,1,0,7.0,4.43,10.33,61.9,14.0
Mah Noor Amir,10,152,344.0,3,42,49,5,25.3,13.58,114.67,27.63,50.67
Mah Noor,5,72,146.0,3,19,13,7,12.0,12.17,48.67,26.39,24.0
Maria Ahsan,2,42,29.0,3,18,1,1,7.0,4.14,9.67,42.86,14.0
MS Tshabalala,4,150,151.0,3,76,5,1,25.0,6.04,50.33,50.67,50.0
MS Diawara,3,54,79.0,3,17,7,1,9.0,8.78,26.33,31.48,18.0
JMJ Lynn,1,24,22.0,3,10,2,0,4.0,5.5,7.33,41.67,8.0
BL Kotze,5,258,276.0,3,111,6,2,43.0,6.42,92.0,43.02,86.0
B Murtagh,3,59,45.0,3,37,11,1,9.8,4.58,15.0,62.71,19.67
Muhammad Faizan,3,42,72.0,3,15,1,0,7.0,10.29,24.0,35.71,14.0
Muhammad Fahim,9,150,195.0,3,68,6,0,25.0,7.8,65.0,45.33,50.0
Muhammad Ansar,2,36,56.0,3,16,2,0,6.0,9.33,18.67,44.44,12.0
Muhammad Adil,3,42,61.0,3,11,0,0,7.0,8.71,20.33,26.19,14.0
Muhammad Usman,7,119,133.0,3,52,4,0,19.8,6.71,44.33,43.7,39.67
Parvindar Kumar,6,84,116.0,3,29,2,0,14.0,8.29,38.67,34.52,28.0
T Hanum,2,35,31.0,3,16,2,0,5.8,5.31,10.33,45.71,11.67
T Filer,2,26,25.0,3,10,0,0,4.3,5.77,8.33,38.46,8.67
Fakhar Zaman,15,201,181.0,3,96,0,0,33.5,5.4,60.33,47.76,67.0
Manish Sharma,3,54,74.0,3,27,2,0,9.0,8.22,24.67,50.0,18.0
MW Dixon,3,72,100.0,3,32,4,0,12.0,8.33,33.33,44.44,24.0
GLS Scrimshaw,1,52,66.0,3,22,2,6,8.7,7.62,22.0,42.31,17.33
D Murphy,10,112,121.0,3,62,30,4,18.7,6.48,40.33,55.36,37.33
MS Aulakh,3,54,82.0,3,23,8,0,9.0,9.11,27.33,42.59,18.0
Sohail Ahmad,6,60,135.0,3,17,12,1,10.0,13.5,45.0,28.33,20.0
RD John,7,103,213.0,3,29,6,2,17.2,12.41,71.0,28.16,34.33
DMK Grant,2,48,48.0,3,19,0,0,8.0,6.0,16.0,39.58,16.0
I Uboh,6,78,112.0,3,23,2,0,13.0,8.62,37.33,29.49,26.0
BR Dunk,7,76,118.0,3,24,1,0,12.7,9.32,39.33,31.58,25.33
V Zanko,5,40,56.0,3,18,3,1,6.7,8.4,18.67,45.0,13.33
V Sibanda,11,267,265.0,3,112,9,0,44.5,5.96,88.33,41.95,89.0
Iqbal Hossain,2,30,30.0,3,9,1,0,5.0,6.0,10.0,30.0,10.0
Ameer Saiyed,6,70,105.0,3,24,2,0,11.7,9.0,35.0,34.29,23.33
Thea Larsen,3,66,65.0,3,29,5,0,11.0,5.91,21.67,43.94,22.0
RA Whiteley,7,78,120.0,3,16,9,0,13.0,9.23,40.0,20.51,26.0
Ali Hussain,10,144,224.0,3,54,7,0,24.0,9.33,74.67,37.5,48.0
Ali Abdulla Popalzae,1,18,21.0,3,4,0,0,3.0,7.0,7.0,22.22,6.0
ML Bojang,5,96,77.0,3,51,4,0,16.0,4.81,25.67,53.12,32.0
MJ Johnston,6,90,115.0,3,42,1,0,15.0,7.67,38.33,46.67,30.0
Bakhtiar Tahiri,6,78,129.0,3,28,7,1,13.0,9.92,43.0,35.9,26.0
MNR Cooray,4,86,94.0,3,28,1,0,14.3,6.56,31.33,32.56,28.67
I Mustafoev,3,54,113.0,3,16,8,1,9.0,12.56,37.67,29.63,18.0
E Millington,6,120,119.0,3,65,12,0,20.0,5.95,39.67,54.17,40.0
JD Newton,4,79,66.0,3,42,5,0,13.2,5.01,22.0,53.16,26.33
JC Molina,2,36,19.0,3,30,3,1,6.0,3.17,6.33,83.33,12.0
Muhammed Turkmen,4,60,73.0,3,29,7,0,10.0,7.3,24.33,48.33,20.0
MM Siddique,3,42,34.0,3,25,5,0,7.0,4.86,11.33,59.52,14.0
MM Mabathoana,6,90,189.0,3,21,19,15,15.0,12.6,63.0,23.33,30.0
ML Kostic,5,71,151.0,3,25,5,1,11.8,12.76,50.33,35.21,23.67
ML Green,10,154,145.0,3,66,5,0,25.7,5.65,48.33,42.86,51.33
RL D'Souza,12,186,233.0,3,67,27,2,31.0,7.52,77.67,36.02,62.0
RKJ Dawson,2,325,234.0,3,218,0,0,54.2,4.32,78.0,67.08,108.33
V Shaw,4,43,41.0,3,18,2,0,7.2,5.72,13.67,41.86,14.33
Mustakim Aslam,4,78,104.0,3,25,1,0,13.0,8.0,34.67,32.05,26.0
B Maximo,3,60,79.0,3,28,19,6,10.0,7.9,26.33,46.67,20.0
B Mahesh,5,84,112.0,3,42,11,1,14.0,8.0,37.33,50.0,28.0
Bilal Safdar,3,66,59.0,3,28,0,0,11.0,5.36,19.67,42.42,22.0
AC Septien,3,60,40.0,3,46,12,1,10.0,4.0,13.33,76.67,20.0
Ahmed Hassan,2,48,47.0,3,28,4,0,8.0,5.88,15.67,58.33,16.0
RP Kellepotha,3,60,75.0,3,20,0,0,10.0,7.5,25.0,33.33,20.0
RN Bhatia,9,344,335.0,3,176,4,0,57.3,5.84,111.67,51.16,114.67
JC Hartenhof,2,100,67.0,3,62,5,0,16.7,4.02,22.33,62.0,33.33
D St Ange,4,66,67.0,3,30,0,0,11.0,6.09,22.33,45.45,22.0
G Cengiz,9,102,140.0,3,42,14,6,17.0,8.24,46.67,41.18,34.0
Furkan Tuskan,5,72,111.0,3,39,11,1,12.0,9.25,37.0,54.17,24.0
PR Brown,6,120,189.0,3,33,5,0,20.0,9.45,63.0,27.5,40.0
Shuaib Al Balushi,5,66,96.0,3,27,3,0,11.0,8.73,32.0,40.91,22.0
MJ Saggers,1,115,62.0,3,90,0,1,19.2,3.23,20.67,78.26,38.33
JP Cabrera,5,78,74.0,3,29,3,0,13.0,5.69,24.67,37.18,26.0
RS Hangargekar,2,36,60.0,3,14,6,1,6.0,10.0,20.0,38.89,12.0
FC Leydon-Davis,2,48,39.0,3,20,1,0,8.0,4.88,13.0,41.67,16.0
EL Lamb,7,138,123.0,3,62,2,0,23.0,5.35,41.0,44.93,46.0
RMR Brathwaite,6,77,129.0,3,22,5,2,12.8,10.05,43.0,28.57,25.67
MIW van den Raad,9,84,146.0,3,32,19,4,14.0,10.43,48.67,38.1,28.0
MGMCP Gunawardene,4,66,73.0,3,18,1,0,11.0,6.64,24.33,27.27,22.0
MG Maceira,2,54,60.0,3,19,2,0,9.0,6.67,20.0,35.19,18.0
MG Hunter,3,45,47.0,3,25,6,0,7.5,6.27,15.67,55.56,15.0
RR Rossouw,6,61,61.0,3,22,1,0,10.2,6.0,20.33,36.07,20.33
Ismaila Tanba,5,60,93.0,3,23,3,0,10.0,9.3,31.0,38.33,20.0
Irfan Khan,1,30,51.0,3,8,4,0,5.0,10.2,17.0,26.67,10.0
T Mpatane,6,78,131.0,3,28,10,0,13.0,10.08,43.67,35.9,26.0
N Asuramanage,10,126,152.0,3,52,13,0,21.0,7.24,50.67,41.27,42.0
N Al Khadeer,1,201,112.0,3,144,0,0,33.5,3.34,37.33,71.64,67.0
Myat Thu Aung,3,18,28.0,3,7,3,0,3.0,9.33,9.33,38.89,6.0
Mustapha Yusuf,5,84,120.0,3,40,3,0,14.0,8.57,40.0,47.62,28.0
FL Patel,9,126,150.0,3,66,15,0,21.0,7.14,50.0,52.38,42.0
FL Albanjari,2,20,8.0,3,14,1,0,3.3,2.4,2.67,70.0,6.67
DR Brown,5,162,202.0,3,68,5,0,27.0,7.48,67.33,41.98,54.0
DPMD Jayawardene,13,240,167.0,3,148,5,0,40.0,4.18,55.67,61.67,80.0
I Khan,2,27,18.0,3,17,0,0,4.5,4.0,6.0,62.96,9.0
AC Dei Castelli,5,66,52.0,3,35,9,2,11.0,4.73,17.33,53.03,22.0
Shorifa Khatun,11,162,210.0,3,66,4,0,27.0,7.78,70.0,40.74,54.0
JS Floros,15,181,258.0,3,62,4,0,30.2,8.55,86.0,34.25,60.33
Bipin Kumar,8,162,231.0,3,64,5,5,27.0,8.56,77.0,39.51,54.0
ME Violleau,12,126,176.0,3,36,13,4,21.0,8.38,58.67,28.57,42.0
AAH Bhikari,4,28,53.0,3,8,3,0,4.7,11.36,17.67,28.57,9.33
T Munyonga,6,84,74.0,3,38,3,0,14.0,5.29,24.67,45.24,28.0
N Kayani,2,24,26.0,3,14,8,2,4.0,6.5,8.67,58.33,8.0
RP Mitchell,4,96,143.0,3,36,8,0,16.0,8.94,47.67,37.5,32.0
Aimal Khan,5,90,178.0,3,28,3,0,15.0,11.87,59.33,31.11,30.0
Ahsan Hafeez,5,48,80.0,3,15,2,0,8.0,10.0,26.67,31.25,16.0
Raza-ur-Rehman,7,164,172.0,3,76,2,1,27.3,6.29,57.33,46.34,54.67
Aftab Ibrahim,3,42,61.0,3,14,0,1,7.0,8.71,20.33,33.33,14.0
M Yousaf,4,48,29.0,3,32,5,0,8.0,3.62,9.67,66.67,16.0
Humna Bilal,3,50,87.0,3,15,0,1,8.3,10.44,29.0,30.0,16.67
JW Chilia,8,170,175.0,3,79,3,0,28.3,6.18,58.33,46.47,56.67
JT Darrell,2,42,22.0,3,25,1,0,7.0,3.14,7.33,59.52,14.0
MC Alex,6,121,200.0,3,37,16,4,20.2,9.92,66.67,30.58,40.33
MB van Schelven,2,42,30.0,3,25,0,0,7.0,4.29,10.0,59.52,14.0
MA Parker,3,60,60.0,3,33,3,1,10.0,6.0,20.0,55.0,20.0
Ankit Dubey,2,30,23.0,3,18,3,0,5.0,4.6,7.67,60.0,10.0
Francesca Galan,3,50,38.0,3,28,3,1,8.3,4.56,12.67,56.0,16.67
PG Chopra,4,72,98.0,3,23,0,0,12.0,8.17,32.67,31.94,24.0
PD Hennessy,3,42,44.0,3,22,1,0,7.0,6.29,14.67,52.38,14.0
Raag Kapur,5,72,90.0,3,25,2,0,12.0,7.5,30.0,34.72,24.0
Rafiulah Alokozai,6,96,156.0,3,43,12,2,16.0,9.75,52.0,44.79,32.0
C Boyle,7,114,118.0,3,52,17,0,19.0,6.21,39.33,45.61,38.0
M Podosky,5,114,141.0,3,36,2,3,19.0,7.42,47.0,31.58,38.0
M Pascal,5,41,41.0,3,20,2,0,6.8,6.0,13.67,48.78,13.67
C Greenshields,3,48,58.0,3,16,5,0,8.0,7.25,19.33,33.33,16.0
Shamsullah Ehsan,3,42,66.0,3,14,4,0,7.0,9.43,22.0,33.33,14.0
Shaila Sharmin,7,132,124.0,3,52,8,0,22.0,5.64,41.33,39.39,44.0
C Jennings,3,66,65.0,3,36,9,1,11.0,5.91,21.67,54.55,22.0
N Venables,6,126,118.0,3,64,1,1,21.0,5.62,39.33,50.79,42.0
P Vekaria,7,126,157.0,3,56,7,0,21.0,7.48,52.33,44.44,42.0
J Baker,3,42,65.0,3,17,5,0,7.0,9.29,21.67,40.48,14.0
J Andujar,5,72,70.0,3,31,19,2,12.0,5.83,23.33,43.06,24.0
Raihan Stanikzai,4,66,95.0,3,36,6,0,11.0,8.64,31.67,54.55,22.0
Riaz Afridi,3,63,92.0,3,24,6,1,10.5,8.76,30.67,38.1,21.0
Reyyan Aliusta,2,24,33.0,3,16,11,1,4.0,8.25,11.0,66.67,8.0
Jaikumar Thakur,4,90,128.0,3,31,5,0,15.0,8.53,42.67,34.44,30.0
Jai Prakash Yadav,5,186,157.0,3,98,0,0,31.0,5.06,52.33,52.69,62.0
JWW Gardner,5,96,135.0,3,38,3,1,16.0,8.44,45.0,39.58,32.0
DS Bajwa,9,114,152.0,3,52,5,4,19.0,8.0,50.67,45.61,38.0
WP Myburgh,5,66,82.0,3,18,1,0,11.0,7.45,27.33,27.27,22.0
WK Bitis,4,78,111.0,3,28,2,0,13.0,8.54,37.0,35.9,26.0
Seungmin Song,4,96,67.0,3,68,17,1,16.0,4.19,22.33,70.83,32.0
Abidullah Kotwa,3,30,49.0,3,14,2,0,5.0,9.8,16.33,46.67,10.0
M Mwamadi,4,62,76.0,3,22,4,0,10.3,7.35,25.33,35.48,20.67
P Sahu,5,105,146.0,3,27,2,0,17.5,8.34,48.67,25.71,35.0
P Raho,2,18,20.0,3,5,0,0,3.0,6.67,6.67,27.78,6.0
PC de Silva,8,270,257.0,3,122,3,0,45.0,5.71,85.67,45.19,90.0
JA Turner,4,102,132.0,3,55,5,0,17.0,7.76,44.0,53.92,34.0
ADP Diaz,2,24,21.0,3,19,10,1,4.0,5.25,7.0,79.17,8.0
ADL Stokoe,4,72,67.0,3,41,2,0,12.0,5.58,22.33,56.94,24.0
Shafiullah Zakhel,4,78,115.0,3,34,0,0,13.0,8.85,38.33,43.59,26.0
Adnan Razzaq,6,96,142.0,3,34,7,0,16.0,8.88,47.33,35.42,32.0
Rizwanullah,2,40,69.0,3,13,1,0,6.7,10.35,23.0,32.5,13.33
M Raikes,6,59,136.0,3,19,5,0,9.8,13.83,45.33,32.2,19.67
M Kachingo,6,98,116.0,3,39,17,2,16.3,7.1,38.67,39.8,32.67
Ghulam Abbas Butt,7,108,111.0,3,56,6,0,18.0,6.17,37.0,51.85,36.0
S Farooq,8,130,97.0,3,80,4,3,21.7,4.48,32.33,61.54,43.33
Walid Ghauri,7,83,115.0,3,29,5,0,13.8,8.31,38.33,34.94,27.67
Waleed Rana,3,40,57.0,3,10,1,2,6.7,8.55,19.0,25.0,13.33
P Murungi,5,66,76.0,3,28,1,0,11.0,6.91,25.33,42.42,22.0
P Modimo,2,36,57.0,3,20,17,0,6.0,9.5,19.0,55.56,12.0
Aqif Farooq,3,66,121.0,3,27,5,0,11.0,11.0,40.33,40.91,22.0
Itibarshah Deedar,7,114,152.0,3,42,10,2,19.0,8.0,50.67,36.84,38.0
N Tokizawa,6,113,83.0,3,71,14,0,18.8,4.41,27.67,62.83,37.67
N Pathan,5,46,79.0,3,18,4,0,7.7,10.3,26.33,39.13,15.33
S Campbell,2,162,107.0,3,116,4,0,27.0,3.96,35.67,71.6,54.0
M Kojo,4,78,66.0,3,56,23,0,13.0,5.08,22.0,71.79,26.0
C Lamont,4,84,129.0,3,35,3,1,14.0,9.21,43.0,41.67,28.0
Adeeb Usmani,3,90,87.0,3,43,3,0,15.0,5.8,29.0,47.78,30.0
Adama Kamara,5,90,79.0,3,38,1,0,15.0,5.27,26.33,42.22,30.0
S Kijiana,4,66,65.0,3,35,5,1,11.0,5.91,21.67,53.03,22.0
M Breban,1,24,24.0,3,10,1,0,4.0,6.0,8.0,41.67,8.0
Sarfaraj Patel,3,36,37.0,3,16,2,0,6.0,6.17,12.33,44.44,12.0
M Abdulla,4,87,88.0,3,39,9,0,14.5,6.07,29.33,44.83,29.0
T Smith,4,48,37.0,3,29,4,1,8.0,4.62,12.33,60.42,16.0
NA de Groot,3,81,88.0,3,34,0,0,13.5,6.52,29.33,41.98,27.0
TP Allen,5,60,112.0,3,20,0,0,10.0,11.2,37.33,33.33,20.0
G Jafta,3,60,46.0,3,27,2,0,10.0,4.6,15.33,45.0,20.0
Abhinandan Singh,3,58,122.0,3,15,2,0,9.7,12.62,40.67,25.86,19.33
Abeera Waris,6,96,120.0,3,33,6,1,16.0,7.5,40.0,34.38,32.0
Danaya Ilieva,3,42,73.0,3,13,14,7,7.0,10.43,24.33,30.95,14.0
M Fontaine,5,43,57.0,3,21,11,0,7.2,7.95,19.0,48.84,14.33
K Alleyne,3,32,70.0,3,10,4,1,5.3,13.12,23.33,31.25,10.67
C Pervez,3,42,49.0,3,24,1,0,7.0,7.0,16.33,57.14,14.0
C Pavely,2,48,53.0,3,18,0,0,8.0,6.62,17.67,37.5,16.0
Jiyeon Park,4,79,65.0,3,39,4,1,13.2,4.94,21.67,49.37,26.33
AY Karim,4,140,69.0,3,97,1,0,23.3,2.96,23.0,69.29,46.67
LPC Silva,8,168,134.0,3,95,2,1,28.0,4.79,44.67,56.55,56.0
Waseem Muhammad,15,135,220.0,3,44,6,3,22.5,9.78,73.33,32.59,45.0
A Gupta,5,72,102.0,3,26,4,1,12.0,8.5,34.0,36.11,24.0
G Ford,8,129,136.0,3,68,22,1,21.5,6.33,45.33,52.71,43.0
B Casson,1,192,129.0,3,144,0,0,32.0,4.03,43.0,75.0,64.0
JA Burns,7,48,59.0,3,20,3,0,8.0,7.38,19.67,41.67,16.0
J Daley,2,36,32.0,3,25,1,1,6.0,5.33,10.67,69.44,12.0
Saransh Jain,1,346,167.0,3,255,0,7,57.7,2.9,55.67,73.7,115.33
Lata Mondal,22,306,292.0,3,157,16,1,51.0,5.73,97.33,51.31,102.0
Lakshit Gupta,7,84,139.0,3,27,4,0,14.0,9.93,46.33,32.14,28.0
S Kamate,9,96,140.0,3,34,10,2,16.0,8.75,46.67,35.42,32.0
S Malwatta,3,27,28.0,3,14,2,0,4.5,6.22,9.33,51.85,9.0
S Magar,9,108,86.0,3,53,2,3,18.0,4.78,28.67,49.07,36.0
S Mabuza,7,96,177.0,3,31,22,18,16.0,11.06,59.0,32.29,32.0
K Burrows,1,12,22.0,3,6,0,0,2.0,11.0,7.33,50.0,4.0
C Zavoiu,6,41,68.0,3,15,8,1,6.8,9.95,22.67,36.59,13.67
Sanjay Kumar Ahir,7,72,82.0,3,36,8,0,12.0,6.83,27.33,50.0,24.0
S Ramautar,5,84,74.0,3,46,5,0,14.0,5.29,24.67,54.76,28.0
S Parker,3,48,35.0,3,21,1,0,8.0,4.38,11.67,43.75,16.0
P Jirapatananukul,2,42,41.0,3,21,1,0,7.0,5.86,13.67,50.0,14.0
P Hingorani,4,39,57.0,3,11,3,0,6.5,8.77,19.0,28.21,13.0
P Donkaew,2,18,9.0,3,14,0,0,3.0,3.0,3.0,77.78,6.0
P Madhukar,4,84,87.0,3,35,2,0,14.0,6.21,29.0,41.67,28.0
P Kotoisuva,4,60,71.0,3,28,5,0,10.0,7.1,23.67,46.67,20.0
NH Ekanayake,3,59,60.0,3,26,3,1,9.8,6.1,20.0,44.07,19.67
NM Carter,4,126,148.0,3,60,1,0,21.0,7.05,49.33,47.62,42.0
NL Ujawe,4,54,59.0,3,24,1,0,9.0,6.56,19.67,44.44,18.0
D Brevis,4,65,80.0,3,30,0,0,10.8,7.38,26.67,46.15,21.67
LY Loch Srey,7,134,120.0,3,83,26,0,22.3,5.37,40.0,61.94,44.67
LRPL Taylor,13,153,107.0,3,89,4,0,25.5,4.2,35.67,58.17,51.0
Aarnav Patel,3,42,53.0,3,22,2,0,7.0,7.57,17.67,52.38,14.0
S Simic,7,85,89.0,3,43,18,8,14.2,6.28,29.67,50.59,28.33
S Selvaraj,5,108,118.0,3,46,1,1,18.0,6.56,39.33,42.59,36.0
S Thakur,4,72,102.0,3,27,3,0,12.0,8.5,34.0,37.5,24.0
S Sriram,3,72,92.0,3,32,0,2,12.0,7.67,30.67,44.44,24.0
K Modise,2,30,41.0,3,13,0,0,5.0,8.2,13.67,43.33,10.0
P Kerai,4,54,74.0,3,19,0,0,9.0,8.22,24.67,35.19,18.0
P Kaveao,5,68,72.0,3,29,7,3,11.3,6.35,24.0,42.65,22.67
G Fontenla,10,181,181.0,3,107,15,1,30.2,6.0,60.33,59.12,60.33
G Fatouros,3,54,67.0,3,25,6,0,9.0,7.44,22.33,46.3,18.0
AT Rayudu,9,121,124.0,3,53,2,1,20.2,6.15,41.33,43.8,40.33
AT Nidamanuru,2,30,38.0,3,10,0,0,5.0,7.6,12.67,33.33,10.0
L Wesley,4,28,48.0,3,10,8,1,4.7,10.29,16.0,35.71,9.33
LP Kasturiarachchige,3,60,79.0,3,23,0,0,10.0,7.9,26.33,38.33,20.0
LO Telea,2,42,15.0,3,34,0,0,7.0,2.14,5.0,80.95,14.0
LJ Leokaoke,6,108,133.0,3,41,4,0,18.0,7.39,44.33,37.96,36.0
LHD Dilhara,3,120,99.0,3,68,2,4,20.0,4.95,33.0,56.67,40.0
AJ Burger,5,96,104.0,3,38,2,0,16.0,6.5,34.67,39.58,32.0
S Vats,5,102,172.0,3,35,9,0,17.0,10.12,57.33,34.31,34.0
S Vasilakis,5,66,86.0,3,30,2,2,11.0,7.82,28.67,45.45,22.0
CG Osborne,2,24,32.0,3,6,0,0,4.0,8.0,10.67,25.0,8.0
CD Mboe,2,36,21.0,3,27,5,0,6.0,3.5,7.0,75.0,12.0
CA Lynn,3,48,52.0,3,14,0,0,8.0,6.5,17.33,29.17,16.0
TKP Rajapaksha,6,96,137.0,3,31,8,0,16.0,8.56,45.67,32.29,32.0
DC Green,4,72,126.0,3,31,3,3,12.0,10.5,42.0,43.06,24.0
P Buccimazza,3,66,62.0,3,34,1,1,11.0,5.64,20.67,51.52,22.0
Yash Talati,1,24,8.0,3,20,2,0,4.0,2.0,2.67,83.33,8.0
Yang Yu Xuan,2,48,29.0,3,34,3,0,8.0,3.62,9.67,70.83,16.0
Yang Shen,4,72,54.0,3,47,9,1,12.0,4.5,18.0,65.28,24.0
YS Samra,2,36,44.0,3,17,0,0,6.0,7.33,14.67,47.22,12.0
YS Chauhan,4,36,60.0,3,14,1,1,6.0,10.0,20.0,38.89,12.0
YM Murrure,12,196,153.0,3,122,32,1,32.7,4.68,51.0,62.24,65.33
Samarth Shetty,3,30,35.0,3,9,0,0,5.0,7.0,11.67,30.0,10.0
L Klokgieters,4,66,93.0,3,25,2,1,11.0,8.45,31.0,37.88,22.0
HK Brahmbhatt,2,40,53.0,3,19,3,2,6.7,7.95,17.67,47.5,13.33
L Haskett,5,96,210.0,3,21,5,0,16.0,13.12,70.0,21.88,32.0
L Egging,1,35,23.0,3,27,6,0,5.8,3.94,7.67,77.14,11.67
L Makgale,2,24,9.0,3,18,2,0,4.0,2.25,3.0,75.0,8.0
K Samten,5,105,80.0,3,48,4,0,17.5,4.57,26.67,45.71,35.0
K Pitman,3,44,75.0,3,13,2,1,7.3,10.23,25.0,29.55,14.67
HDRL Thirimanne,9,188,145.0,3,98,4,0,31.3,4.63,48.33,52.13,62.67
DCC Borden,4,78,91.0,3,28,4,0,13.0,7.0,30.33,35.9,26.0
J Mathew,2,36,42.0,3,12,3,0,6.0,7.0,14.0,33.33,12.0
J Matharu,7,156,187.0,3,65,7,0,26.0,7.19,62.33,41.67,52.0
Najeeb Amar,3,138,104.0,3,70,0,0,23.0,4.52,34.67,50.72,46.0
Deng Jinqi,5,80,119.0,3,28,0,0,13.3,8.93,39.67,35.0,26.67
H Eulenkamp,2,48,69.0,3,22,7,3,8.0,8.62,23.0,45.83,16.0
K Phillip,3,153,159.0,3,88,17,1,25.5,6.24,53.0,57.52,51.0
A Donovan,11,126,142.0,3,59,2,0,21.0,6.76,47.33,46.83,42.0
L Ablish,3,42,75.0,3,11,3,0,7.0,10.71,25.0,26.19,14.0
SD Udal,3,378,214.0,3,250,0,0,63.0,3.4,71.33,66.14,126.0
Sajedul Islam,4,336,247.0,3,249,7,6,56.0,4.41,82.33,74.11,112.0
Sai Hla Htwe,5,50,60.0,3,23,7,2,8.3,7.2,20.0,46.0,16.67
Sageer Ahmad,5,102,99.0,3,56,2,0,17.0,5.82,33.0,54.9,34.0
Sagar Pun,6,99,95.0,3,38,0,0,16.5,5.76,31.67,38.38,33.0
Saeed Ahmed,3,60,99.0,3,16,3,0,10.0,9.9,33.0,26.67,20.0
A Chaudhary,5,78,101.0,3,33,2,1,13.0,7.77,33.67,42.31,26.0
A Chaubey,4,79,126.0,3,35,10,0,13.2,9.57,42.0,44.3,26.33
T Yotharat,5,60,59.0,3,28,3,2,10.0,5.9,19.67,46.67,20.0
Asrar Ahmed,3,66,117.0,3,32,2,0,11.0,10.64,39.0,48.48,22.0
AS Withanage,5,60,75.0,3,26,4,0,10.0,7.5,25.0,43.33,20.0
SA Millanta,3,149,163.0,3,78,4,0,24.8,6.56,54.33,52.35,49.67
D Ahir,3,66,74.0,3,22,2,0,11.0,6.73,24.67,33.33,22.0
Chen Xinyu,6,54,56.0,3,27,9,0,9.0,6.22,18.67,50.0,18.0
K Subramanian,1,24,27.0,3,9,1,0,4.0,6.75,9.0,37.5,8.0
SF Mangoda,5,66,85.0,3,24,2,0,11.0,7.73,28.33,36.36,22.0
E Eduard,2,36,31.0,3,20,1,0,6.0,5.17,10.33,55.56,12.0
Sabikun Nahar Jesmin,2,48,45.0,3,24,2,0,8.0,5.62,15.0,50.0,16.0
AK Heal,3,72,86.0,3,28,0,0,12.0,7.17,28.67,38.89,24.0
AJA Samuels,6,96,134.0,3,47,9,3,16.0,8.38,44.67,48.96,32.0
SJ Cameron,2,109,123.0,3,50,4,1,18.2,6.77,41.0,45.87,36.33
O Morgan,2,48,83.0,3,15,6,1,8.0,10.38,27.67,31.25,16.0
Olipa Gerald,3,52,34.0,3,32,0,0,8.7,3.92,11.33,61.54,17.33
Obed Yosef,5,78,98.0,3,33,3,0,13.0,7.54,32.67,42.31,26.0
Nathan Ingleston,3,36,34.0,3,21,0,0,6.0,5.67,11.33,58.33,12.0
Nazmul Huda,4,43,65.0,3,16,5,1,7.2,9.07,21.67,37.21,14.33
AS Abioye,3,48,70.0,3,16,0,1,8.0,8.75,23.33,33.33,16.0
SDJJ Dima,4,84,118.0,3,25,0,0,14.0,8.43,39.33,29.76,28.0
Khurram Khan,5,168,193.0,3,49,2,0,28.0,6.89,64.33,29.17,56.0
Khalid Usman,4,90,114.0,3,32,2,0,15.0,7.6,38.0,35.56,30.0
Khaibar Deldar,5,72,118.0,3,27,8,2,12.0,9.83,39.33,37.5,24.0
CL Hooper,4,199,166.0,3,93,2,1,33.2,5.01,55.33,46.73,66.33
Camila Valdes,4,72,135.0,3,17,5,6,12.0,11.25,45.0,23.61,24.0
CV Ranasinghe,6,78,104.0,3,39,7,0,13.0,8.0,34.67,50.0,26.0
Kamran Hussain,2,102,67.0,3,68,1,0,17.0,3.94,22.33,66.67,34.0
CM McBride,10,186,149.0,3,105,13,0,31.0,4.81,49.67,56.45,62.0
CJ Simmons,6,84,88.0,3,34,1,0,14.0,6.29,29.33,40.48,28.0
Naveed Shahid,5,84,101.0,3,37,3,0,14.0,7.21,33.67,44.05,28.0
Nazril Rahman,8,96,163.0,3,26,4,0,16.0,10.19,54.33,27.08,32.0
O Qudratov,1,18,39.0,3,6,1,1,3.0,13.0,13.0,33.33,6.0
K Winda Prastini,2,48,47.0,3,16,4,0,8.0,5.88,15.67,33.33,16.0
SJ Bruce,5,72,79.0,3,39,7,0,12.0,6.58,26.33,54.17,24.0
SJ Andrews,5,354,144.0,3,289,1,0,59.0,2.44,48.0,81.64,118.0
SK Gedara,3,43,68.0,3,17,8,0,7.2,9.49,22.67,39.53,14.33
SK Atai,11,138,145.0,3,52,3,0,23.0,6.3,48.33,37.68,46.0
A Cossa,6,62,79.0,3,28,5,2,10.3,7.65,26.33,45.16,20.67
SG Diaby,9,152,213.0,3,78,31,4,25.3,8.41,71.0,51.32,50.67
KJ Coetzer,6,186,146.0,3,92,1,0,31.0,4.71,48.67,49.46,62.0
A Ashok,4,121,148.0,3,43,1,0,20.2,7.34,49.33,35.54,40.33
AL Khunti,5,72,111.0,3,30,3,0,12.0,9.25,37.0,41.67,24.0
AL Menaria,12,110,144.0,3,40,3,0,18.3,7.85,48.0,36.36,36.67
J Hull,1,102,91.0,3,61,2,0,17.0,5.35,30.33,59.8,34.0
J Hill,2,36,50.0,3,11,1,0,6.0,8.33,16.67,30.56,12.0
J Hayes,1,214,62.0,3,182,0,0,35.7,1.74,20.67,85.05,71.33
Ashish Rana,2,30,26.0,3,14,2,0,5.0,5.2,8.67,46.67,10.0
G Morales,3,60,42.0,3,48,12,1,10.0,4.2,14.0,80.0,20.0
TGJ Gruijters,5,72,74.0,3,38,1,0,12.0,6.17,24.67,52.78,24.0
SN Pradhan,1,23,30.0,3,9,1,0,3.8,7.83,10.0,39.13,7.67
H Roy,2,42,28.0,3,21,4,0,7.0,4.0,9.33,50.0,14.0
H McKenzie,5,108,138.0,3,31,0,1,18.0,7.67,46.0,28.7,36.0
CN Nation,3,54,54.0,3,25,1,0,9.0,6.0,18.0,46.3,18.0
SW Currie,3,120,86.0,3,73,5,1,20.0,4.3,28.67,60.83,40.0
ST Eyyunni,5,85,79.0,3,35,3,2,14.2,5.58,26.33,41.18,28.33
BF Smith,6,108,80.0,3,56,3,0,18.0,4.44,26.67,51.85,36.0
BF Mailata,7,90,155.0,3,31,6,0,15.0,10.33,51.67,34.44,30.0
Syed Ali Gillani,3,54,78.0,3,19,4,0,9.0,8.67,26.0,35.19,18.0
Umar Amin,6,174,87.0,3,126,2,0,29.0,3.0,29.0,72.41,58.0
A Nagarajan,7,90,136.0,3,23,5,0,15.0,9.07,45.33,25.56,30.0
A Patel,2,60,73.0,3,34,6,0,10.0,7.3,24.33,56.67,20.0
T Brown,3,72,51.0,3,43,4,1,12.0,4.25,17.0,59.72,24.0
T Ariuntsetseg,9,162,157.0,3,81,24,5,27.0,5.81,52.33,50.0,54.0
R Galgalikar,1,18,9.0,3,10,0,0,3.0,3.0,3.0,55.56,6.0
BAC Howell,7,117,171.0,3,36,1,1,19.5,8.77,57.0,30.77,39.0
Zahoor Ahmad,4,72,77.0,3,32,5,0,12.0,6.42,25.67,44.44,24.0
Zohaib Khan,8,138,196.0,3,52,4,1,23.0,8.52,65.33,37.68,46.0
Zumika Azmi,11,150,163.0,3,50,6,3,25.0,6.52,54.33,33.33,50.0
Zia-ul-Haq,3,48,69.0,3,24,2,0,8.0,8.62,23.0,50.0,16.0
KK Dobell,3,42,46.0,3,25,10,0,7.0,6.57,15.33,59.52,14.0
KJ Young,3,73,92.0,3,27,0,0,12.2,7.56,30.67,36.99,24.33
CS Sandri,2,36,53.0,2,7,0,0,6.0,8.83,26.5,19.44,18.0
KK Peters,1,120,69.0,2,97,0,0,20.0,3.45,34.5,80.83,60.0
KM Leng,1,121,33.0,2,105,2,0,20.2,1.64,16.5,86.78,60.5
SR Waugh,7,282,119.0,2,212,1,0,47.0,2.53,59.5,75.18,141.0
Nur Alya Batrisyia,3,30,34.0,2,10,1,2,5.0,6.8,17.0,33.33,15.0
DE Martel,4,74,67.0,2,35,0,0,12.3,5.43,33.5,47.3,37.0
J Logtenberg,2,36,18.0,2,23,0,0,6.0,3.0,9.0,63.89,18.0
J Louw,3,84,104.0,2,40,6,1,14.0,7.43,52.0,47.62,42.0
Nisha Ali,5,82,70.0,2,39,0,0,13.7,5.12,35.0,47.56,41.0
Noor Hayati Zakaria,7,132,150.0,2,51,11,1,22.0,6.82,75.0,38.64,66.0
J Intan,4,48,57.0,2,21,6,2,8.0,7.12,28.5,43.75,24.0
SS Mishra,2,38,67.0,2,16,9,0,6.3,10.58,33.5,42.11,19.0
KN Singh,4,60,78.0,2,25,3,0,10.0,7.8,39.0,41.67,30.0
CK Tshuma,4,222,178.0,2,141,2,0,37.0,4.81,89.0,63.51,111.0
STRA de Silva,7,78,127.0,2,26,5,2,13.0,9.77,63.5,33.33,39.0
SV Wiig,2,30,45.0,2,11,1,1,5.0,9.0,22.5,36.67,15.0
E Konasova,5,60,83.0,2,32,20,16,10.0,8.3,41.5,53.33,30.0
Neeraj Mishra,7,114,189.0,2,42,12,0,19.0,9.95,94.5,36.84,57.0
Nilusha Waruwangodage,1,24,18.0,2,17,7,2,4.0,4.5,9.0,70.83,12.0
Nazmul Hossain Shanto,19,236,214.0,2,110,3,1,39.3,5.44,107.0,46.61,118.0
O Gholami,4,78,83.0,2,30,3,0,13.0,6.38,41.5,38.46,39.0
Asad Ali,6,204,148.0,2,138,6,1,34.0,4.35,74.0,67.65,102.0
Asad Mohammad,7,108,132.0,2,39,1,2,18.0,7.33,66.0,36.11,54.0
Ashi Chopla,8,115,127.0,2,69,29,9,19.2,6.63,63.5,60.0,57.5
Zahid Hussain,4,153,125.0,2,73,1,0,25.5,4.9,62.5,47.71,76.5
KN Gabhane,1,18,29.0,2,7,0,0,3.0,9.67,14.5,38.89,9.0
AM Samad,4,64,90.0,2,31,2,3,10.7,8.44,45.0,48.44,32.0
Divya Kandpal,6,78,101.0,2,32,12,1,13.0,7.77,50.5,41.03,39.0
Dok Da Nit,3,54,58.0,2,27,12,1,9.0,6.44,29.0,50.0,27.0
SM Dhanusri,14,167,156.0,2,80,9,3,27.8,5.6,78.0,47.9,83.5
KADM Fernando,1,42,13.0,2,36,1,0,7.0,1.86,6.5,85.71,21.0
CM Carroll,5,120,182.0,2,46,7,1,20.0,9.1,91.0,38.33,60.0
Z Simpson,1,17,32.0,2,7,4,1,2.8,11.29,16.0,41.18,8.5
SM Don,2,24,23.0,2,15,10,1,4.0,5.75,11.5,62.5,12.0
SKPD Ayu,1,12,3.0,2,9,0,0,2.0,1.5,1.5,75.0,6.0
AA Hussein,2,36,55.0,2,13,3,1,6.0,9.17,27.5,36.11,18.0
T Zotos,2,24,25.0,2,13,3,3,4.0,6.25,12.5,54.17,12.0
Najwa Akram,5,68,112.0,2,22,11,2,11.3,9.88,56.0,32.35,34.0
Naseem Khan,5,54,85.0,2,23,2,0,9.0,9.44,42.5,42.59,27.0
Asif Iqbal,2,30,42.0,2,8,0,0,5.0,8.4,21.0,26.67,15.0
OSB Tilley,5,53,91.0,2,16,5,1,8.8,10.3,45.5,30.19,26.5
OT Wallerson,6,102,85.0,2,60,6,3,17.0,5.0,42.5,58.82,51.0
SKW Kelly,4,91,81.0,2,52,4,1,15.2,5.34,40.5,57.14,45.5
H Santhoshkumar,4,33,39.0,2,13,0,0,5.5,7.09,19.5,39.39,16.5
Kasir Ahmed,2,24,54.0,2,6,4,0,4.0,13.5,27.0,25.0,12.0
CJ Sayers,1,294,146.0,2,227,0,0,49.0,2.98,73.0,77.21,147.0
Kamran Ghulam,10,102,118.0,2,43,4,1,17.0,6.94,59.0,42.16,51.0
H Kala,1,90,48.0,2,54,0,0,15.0,3.2,24.0,60.0,45.0
H Kaushik,11,216,220.0,2,84,4,0,36.0,6.11,110.0,38.89,108.0
Saarah Smith,2,24,40.0,2,4,2,0,4.0,10.0,20.0,16.67,12.0
T Whitney,2,36,55.0,2,12,2,0,6.0,9.17,27.5,33.33,18.0
DE Budge,9,157,129.0,2,77,3,1,26.2,4.93,64.5,49.04,78.5
G Quaicoe,2,42,56.0,2,16,5,0,7.0,8.0,28.0,38.1,21.0
G Sanjeewa,4,75,71.0,2,41,4,0,12.5,5.68,35.5,54.67,37.5
TJ Heggelman,1,42,34.0,2,21,0,0,7.0,4.86,17.0,50.0,21.0
TJ Stephenson,2,24,28.0,2,9,1,0,4.0,7.0,14.0,37.5,12.0
TK Canning,2,84,64.0,2,53,0,0,14.0,4.57,32.0,63.1,42.0
SJ Elliott,2,165,75.0,2,126,1,1,27.5,2.73,37.5,76.36,82.5
SJ Tsukigawa,1,48,20.0,2,34,0,0,8.0,2.5,10.0,70.83,24.0
Emaan Ejaz,3,54,140.0,2,12,14,9,9.0,15.56,70.0,22.22,27.0
Emanuel,4,48,59.0,2,20,1,0,8.0,7.38,29.5,41.67,24.0
Z McLaughlin,3,43,54.0,2,24,0,0,7.2,7.53,27.0,55.81,21.5
Kashif Ali,1,60,39.0,2,39,0,5,10.0,3.9,19.5,65.0,30.0
SK Naidu,4,67,63.0,2,29,1,1,11.2,5.64,31.5,43.28,33.5
AR Bisht,5,96,104.0,2,42,5,0,16.0,6.5,52.0,43.75,48.0
SHT Kandamby,9,174,173.0,2,67,3,0,29.0,5.97,86.5,38.51,87.0
SIR Dunkley,6,59,48.0,2,29,1,0,9.8,4.88,24.0,49.15,29.5
K Yadav,3,54,84.0,2,14,0,0,9.0,9.33,42.0,25.93,27.0
DB Kotze,6,282,256.0,2,124,3,0,47.0,5.45,128.0,43.97,141.0
NMS Param,3,48,55.0,2,16,1,0,8.0,6.88,27.5,33.33,24.0
NO Tindo,3,60,69.0,2,21,2,0,10.0,6.9,34.5,35.0,30.0
TL Moreki,2,398,202.0,2,312,3,4,66.3,3.05,101.0,78.39,199.0
J Patraj,2,90,76.0,2,43,2,0,15.0,5.07,38.0,47.78,45.0
CK Kapugedera,14,293,283.0,2,122,7,0,48.8,5.8,141.5,41.64,146.5
Kaung Htet Kyaw,6,78,104.0,2,38,8,0,13.0,8.0,52.0,48.72,39.0
AK Kitchen,3,36,46.0,2,17,1,0,6.0,7.67,23.0,47.22,18.0
AK Peters,7,120,121.0,2,62,6,0,20.0,6.05,60.5,51.67,60.0
Sachin Baby,2,10,8.0,2,5,0,0,1.7,4.8,4.0,50.0,5.0
SH Lawlor,4,48,76.0,2,16,11,1,8.0,9.5,38.0,33.33,24.0
SD Chitnis,2,36,60.0,2,11,2,0,6.0,10.0,30.0,30.56,18.0
CJ Connor,2,342,65.0,2,313,0,0,57.0,1.14,32.5,91.52,171.0
Kuldeep Lal,3,30,52.0,2,8,0,0,5.0,10.4,26.0,26.67,15.0
Kulwinderjeet Singh,1,5,6.0,2,4,0,0,0.8,7.2,3.0,80.0,2.5
K Schultz,5,78,103.0,2,26,3,0,13.0,7.92,51.5,33.33,39.0
K Sequiera,8,162,145.0,2,85,26,6,27.0,5.37,72.5,52.47,81.0
K Sonavale,5,60,40.0,2,33,0,0,10.0,4.0,20.0,55.0,30.0
Khalil Ahmed,3,60,98.0,2,21,2,1,10.0,9.8,49.0,35.0,30.0
SE Aley,3,84,67.0,2,52,4,1,14.0,4.79,33.5,61.9,42.0
SB Chamundaiah,3,48,54.0,2,18,5,4,8.0,6.75,27.0,37.5,24.0
P Masih,2,42,27.0,2,24,2,0,7.0,3.86,13.5,57.14,21.0
P Dubey,5,78,111.0,2,24,1,0,13.0,8.54,55.5,30.77,39.0
P Gundecha,2,30,48.0,2,10,6,1,5.0,9.6,24.0,33.33,15.0
A Tector,6,165,188.0,2,88,9,1,27.5,6.84,94.0,53.33,82.5
A Tripathi,2,12,26.0,2,5,1,0,2.0,13.0,13.0,41.67,6.0
A Uniyal,2,36,66.0,2,9,2,0,6.0,11.0,33.0,25.0,18.0
Awais Ahmad,4,48,67.0,2,18,1,4,8.0,8.38,33.5,37.5,24.0
J Byrappa,7,69,87.0,2,23,5,0,11.5,7.57,43.5,33.33,34.5
Arsalan Ahmed,3,42,67.0,2,21,0,0,7.0,9.57,33.5,50.0,21.0
J Raubenheimer,1,24,23.0,2,14,1,0,4.0,5.75,11.5,58.33,12.0
J Wadia,5,72,91.0,2,26,2,0,12.0,7.58,45.5,36.11,36.0
J de Figueiredo,3,66,48.0,2,39,2,0,11.0,4.36,24.0,59.09,33.0
NCK Liyanage,4,72,79.0,2,44,3,1,12.0,6.58,39.5,61.11,36.0
ND Bills,1,24,44.0,2,10,0,0,4.0,11.0,22.0,41.67,12.0
ND Doshi,4,56,79.0,2,24,1,0,9.3,8.46,39.5,42.86,28.0
J Prodehl,1,24,10.0,2,19,0,0,4.0,2.5,5.0,79.17,12.0
NE Bolton,3,60,46.0,2,39,0,0,10.0,4.6,23.0,65.0,30.0
NE Bonner,11,191,155.0,2,102,0,11,31.8,4.87,77.5,53.4,95.5
NIAF Paynter,1,24,15.0,2,15,0,1,4.0,3.75,7.5,62.5,12.0
P Kurup,1,16,10.0,2,8,1,0,2.7,3.75,5.0,50.0,8.0
AR Valdez,6,114,148.0,2,41,14,0,19.0,7.79,74.0,35.96,57.0
AS Gorad,6,102,119.0,2,47,16,3,17.0,7.0,59.5,46.08,51.0
L Dalbina,6,126,130.0,2,63,28,6,21.0,6.19,65.0,50.0,63.0
Elina Rama,2,30,21.0,2,22,9,0,5.0,4.2,10.5,73.33,15.0
Elyza Wall,4,72,86.0,2,31,1,0,12.0,7.17,43.0,43.06,36.0
Sagar Kumar Ahir,2,18,29.0,2,8,0,0,3.0,9.67,14.5,44.44,9.0
HJ Darlington,4,90,95.0,2,38,3,0,15.0,6.33,47.5,42.22,45.0
TOW Chu,4,36,40.0,2,11,1,2,6.0,6.67,20.0,30.56,18.0
NA Sowter,1,24,37.0,2,10,0,0,4.0,9.25,18.5,41.67,12.0
T Skordili,1,12,7.0,2,9,1,0,2.0,3.5,3.5,75.0,6.0
J Campbell,3,108,65.0,2,60,1,0,18.0,3.61,32.5,55.56,54.0
NJ Qaeze,1,12,15.0,2,7,2,0,2.0,7.5,7.5,58.33,6.0
Chinyenum George,2,26,28.0,2,12,0,0,4.3,6.46,14.0,46.15,13.0
SA Yadav,3,24,30.0,2,10,0,0,4.0,7.5,15.0,41.67,12.0
L Lee,5,101,74.0,2,57,2,1,16.8,4.4,37.0,56.44,50.5
L Greig,1,24,19.0,2,13,0,1,4.0,4.75,9.5,54.17,12.0
A Dizija,4,61,128.0,2,21,5,1,10.2,12.59,64.0,34.43,30.5
Ye Ko Ko,1,24,28.0,2,9,1,0,4.0,7.0,14.0,37.5,12.0
K Ogola,4,50,34.0,2,31,1,0,8.3,4.08,17.0,62.0,25.0
K Paskova,5,84,119.0,2,39,22,7,14.0,8.5,59.5,46.43,42.0
HDRS Silva,2,72,83.0,2,29,7,1,12.0,6.92,41.5,40.28,36.0
PC McGeown,6,86,65.0,2,47,5,1,14.3,4.53,32.5,54.65,43.0
P Rathnayake,2,18,23.0,2,5,0,0,3.0,7.67,11.5,27.78,9.0
P Suyal,5,96,151.0,2,39,7,4,16.0,9.44,75.5,40.62,48.0
J Tugsjargal,5,42,59.0,2,17,2,4,7.0,8.43,29.5,40.48,21.0
J Ulrik,1,24,14.0,2,15,2,0,4.0,3.5,7.0,62.5,12.0
N Simelane,3,36,50.0,2,18,8,4,6.0,8.33,25.0,50.0,18.0
N Tropolova,3,30,43.0,2,19,13,6,5.0,8.6,21.5,63.33,15.0
Aphsal Ashraf,1,24,35.0,2,7,0,0,4.0,8.75,17.5,29.17,12.0
P Munorwei,3,42,48.0,2,22,2,0,7.0,6.86,24.0,52.38,21.0
T Ruma,2,42,30.0,2,28,3,0,7.0,4.29,15.0,66.67,21.0
H Durham,1,58,47.0,2,35,4,0,9.7,4.86,23.5,60.34,29.0
Sajid Khan Afridi,7,90,145.0,2,24,5,1,15.0,9.67,72.5,26.67,45.0
Salman Fayyaz,3,38,61.0,2,12,2,0,6.3,9.63,30.5,31.58,19.0
Salman Patel,3,43,74.0,2,13,4,0,7.2,10.33,37.0,30.23,21.5
S Vesawkar,3,66,62.0,2,27,0,0,11.0,5.64,31.0,40.91,33.0
S Vithayathil,1,18,8.0,2,13,0,0,3.0,2.67,4.0,72.22,9.0
S Waqabaca,2,24,26.0,2,13,3,0,4.0,6.5,13.0,54.17,12.0
S Yenamandra,5,70,110.0,2,30,12,24,11.7,9.43,55.0,42.86,35.0
Dayyaan Galiem,1,24,21.0,2,12,3,0,4.0,5.25,10.5,50.0,12.0
N Mamba,9,102,122.0,2,42,16,1,17.0,7.18,61.0,41.18,51.0
N Ndouteng,1,24,58.0,2,5,0,0,4.0,14.5,29.0,20.83,12.0
TRR Sharfudheen,4,65,66.0,2,23,15,2,10.8,6.09,33.0,35.38,32.5
TT Samaraweera,8,96,62.0,2,61,0,0,16.0,3.88,31.0,63.54,48.0
JA Rudolph,8,270,188.0,2,164,1,0,45.0,4.18,94.0,60.74,135.0
D Warren,3,55,81.0,2,15,0,1,9.2,8.84,40.5,27.27,27.5
Deya Stefanova,5,114,116.0,2,49,11,4,19.0,6.11,58.0,42.98,57.0
L Tastuki,3,72,49.0,2,45,4,0,12.0,4.08,24.5,62.5,36.0
CA Numungu,1,24,7.0,2,21,1,0,4.0,1.75,3.5,87.5,12.0
K Mahato,2,78,76.0,2,44,7,0,13.0,5.85,38.0,56.41,39.0
L Martin,4,88,94.0,2,46,30,1,14.7,6.41,47.0,52.27,44.0
S Vaia,5,114,91.0,2,63,7,0,19.0,4.79,45.5,55.26,57.0
AJ Michael,3,46,52.0,2,22,0,0,7.7,6.78,26.0,47.83,23.0
Salvin Stanly,5,66,102.0,2,21,8,0,11.0,9.27,51.0,31.82,33.0
Sameer Yousuf,3,60,91.0,2,24,9,0,10.0,9.1,45.5,40.0,30.0
AUKDS Kalugala,4,48,56.0,2,21,3,0,8.0,7.0,28.0,43.75,24.0
TW Hamid,1,3,1.0,2,2,0,0,0.5,2.0,0.5,66.67,1.5
Taimoor Nasir,1,24,10.0,2,15,1,0,4.0,2.5,5.0,62.5,12.0
PH Shamdasani,2,48,40.0,2,28,6,0,8.0,5.0,20.0,58.33,24.0
Anik Ahmed,4,54,76.0,2,19,3,0,9.0,8.44,38.0,35.19,27.0
Ankit Soni,6,109,144.0,2,38,3,0,18.2,7.93,72.0,34.86,54.5
J Baleicikoibia,4,48,78.0,2,15,1,0,8.0,9.75,39.0,31.25,24.0
D Wulandari,8,126,84.0,2,79,11,2,21.0,4.0,42.0,62.7,63.0
L Vuadreu,1,24,25.0,2,11,6,0,4.0,6.25,12.5,45.83,12.0
Yahya Suhail,4,52,72.0,2,18,3,0,8.7,8.31,36.0,34.62,26.0
LC Boylan,1,18,37.0,2,5,1,0,3.0,12.33,18.5,27.78,9.0
LE Nzuza,2,42,39.0,2,20,0,0,7.0,5.57,19.5,47.62,21.0
C Wickramasinghe,7,98,121.0,2,42,3,0,16.3,7.41,60.5,42.86,49.0
C Wyngaard,4,54,57.0,2,32,9,0,9.0,6.33,28.5,59.26,27.0
K Moingoto,3,55,43.0,2,34,13,0,9.2,4.69,21.5,61.82,27.5
T Moses,2,42,48.0,2,14,3,0,7.0,6.86,24.0,33.33,21.0
N Jagadish,5,84,79.0,2,49,13,1,14.0,5.64,39.5,58.33,42.0
N Khumalo,4,77,122.0,2,23,11,2,12.8,9.51,61.0,29.87,38.5
JC Carmichael,7,85,141.0,2,36,2,2,14.2,9.95,70.5,42.35,42.5
PH Solanki,2,36,38.0,2,12,0,0,6.0,6.33,19.0,33.33,18.0
AA Senn,1,24,15.0,2,13,0,0,4.0,3.75,7.5,54.17,12.0
S Thanikaithasan,7,73,92.0,2,28,0,0,12.2,7.56,46.0,38.36,36.5
S Samuels,9,127,153.0,2,73,16,4,21.2,7.23,76.5,57.48,63.5
Esperanza Rubio,2,48,111.0,2,15,11,11,8.0,13.88,55.5,31.25,24.0
LA Musiani,5,59,78.0,2,23,4,0,9.8,7.93,39.0,38.98,29.5
Disna Jayasooriya,2,33,44.0,2,9,3,0,5.5,8.0,22.0,27.27,16.5
HP Rinke,5,96,112.0,2,47,1,0,16.0,7.0,56.0,48.96,48.0
S Rossi,4,90,112.0,2,35,4,0,15.0,7.47,56.0,38.89,45.0
Gurdeep Singh,3,36,57.0,2,13,0,0,6.0,9.5,28.5,36.11,18.0
H Beresford-Peirse,3,54,94.0,2,22,3,2,9.0,10.44,47.0,40.74,27.0
H Dandapani,3,42,63.0,2,10,4,0,7.0,9.0,31.5,23.81,21.0
Sana Ullah,3,52,66.0,2,22,3,0,8.7,7.62,33.0,42.31,26.0
Sandeep Nair,4,48,70.0,2,23,7,0,8.0,8.75,35.0,47.92,24.0
S Nunna,6,84,104.0,2,23,8,0,14.0,7.43,52.0,27.38,42.0
PPS Win,2,30,26.0,2,20,3,1,5.0,5.2,13.0,66.67,15.0
Mushtaq Ahmed,3,366,264.0,2,230,0,1,61.0,4.33,132.0,62.84,183.0
N Ahir,7,90,152.0,2,35,4,3,15.0,10.13,76.0,38.89,45.0
B Lekau,4,90,131.0,2,42,23,1,15.0,8.73,65.5,46.67,45.0
E Samson,2,30,36.0,2,11,2,0,5.0,7.2,18.0,36.67,15.0
G Wijekoon,3,66,101.0,2,15,2,0,11.0,9.18,50.5,22.73,33.0
GA West,3,42,85.0,2,15,5,0,7.0,12.14,42.5,35.71,21.0
LK Ebsary,1,96,43.0,2,80,3,4,16.0,2.69,21.5,83.33,48.0
CA Ingram,12,90,138.0,2,24,1,0,15.0,9.2,69.0,26.67,45.0
LHB Harrington-Myers,2,24,26.0,2,11,3,0,4.0,6.5,13.0,45.83,12.0
Edward Taylor,2,36,43.0,2,20,3,3,6.0,7.17,21.5,55.56,18.0
LN Roche,3,138,157.0,2,53,4,0,23.0,6.83,78.5,38.41,69.0
Dharmendra Manani,1,18,25.0,2,8,5,0,3.0,8.33,12.5,44.44,9.0
T Martin,2,30,49.0,2,10,4,2,5.0,9.8,24.5,33.33,15.0
Angela Busa,6,70,89.0,2,38,15,1,11.7,7.63,44.5,54.29,35.0
PR George,1,168,77.0,2,122,1,0,28.0,2.75,38.5,72.62,84.0
G Bruno,1,24,40.0,2,10,3,0,4.0,10.0,20.0,41.67,12.0
G Burrows,2,18,23.0,2,7,0,0,3.0,7.67,11.5,38.89,9.0
G Chilia,4,25,26.0,2,16,4,0,4.2,6.24,13.0,64.0,12.5
Tareq Aziz,1,48,35.0,2,34,3,2,8.0,4.38,17.5,70.83,24.0
JE Pitcher,6,78,102.0,2,33,6,0,13.0,7.85,51.0,42.31,39.0
LV Mandhate,2,30,32.0,2,13,7,0,5.0,6.4,16.0,43.33,15.0
Waqas Ali,2,28,35.0,2,10,0,1,4.7,7.5,17.5,35.71,14.0
S Meyenborg,3,42,39.0,2,24,5,1,7.0,5.57,19.5,57.14,21.0
D Doyle-Calle,3,18,16.0,2,12,7,0,3.0,5.33,8.0,66.67,9.0
D Dzimau,2,39,33.0,2,24,4,1,6.5,5.08,16.5,61.54,19.5
Lujaina,3,42,35.0,2,22,3,0,7.0,5.0,17.5,52.38,21.0
Luo Shilin,8,150,231.0,2,56,6,0,25.0,9.24,115.5,37.33,75.0
DJ Cullen,4,201,132.0,2,115,5,1,33.5,3.94,66.0,57.21,100.5
Musaddiq Ahmed,5,90,123.0,2,22,4,5,15.0,8.2,61.5,24.44,45.0
Muhammet Bicer,4,46,77.0,2,14,9,1,7.7,10.04,38.5,30.43,23.0
Muhammet Kursat,3,30,35.0,2,20,5,0,5.0,7.0,17.5,66.67,15.0
T Kobeli,5,72,112.0,2,22,12,1,12.0,9.33,56.0,30.56,36.0
T Luka,2,42,37.0,2,26,7,0,7.0,5.29,18.5,61.9,21.0
T Makaya,3,54,53.0,2,23,1,0,9.0,5.89,26.5,42.59,27.0
Ly Saomakara,2,48,47.0,2,28,3,2,8.0,5.88,23.5,58.33,24.0
Latsha Haleemath,4,84,153.0,2,17,4,5,14.0,10.93,76.5,20.24,42.0
Lihara Ayeysekara,6,82,121.0,2,21,6,1,13.7,8.85,60.5,25.61,41.0
Lily Lamb,3,42,57.0,2,23,11,0,7.0,8.14,28.5,54.76,21.0
Saqlain Mukhtar,5,66,105.0,2,18,4,0,11.0,9.55,52.5,27.27,33.0
Sara,3,42,72.0,2,12,5,2,7.0,10.29,36.0,28.57,21.0
Saran Aslam,3,42,48.0,2,22,2,0,7.0,6.86,24.0,52.38,21.0
S Lackay,1,24,59.0,2,4,0,0,4.0,14.75,29.5,16.67,12.0
S Lateh,3,48,65.0,2,25,5,1,8.0,8.12,32.5,52.08,24.0
F Martin,3,28,35.0,2,14,10,4,4.7,7.5,17.5,50.0,14.0
F Najjumba,3,66,49.0,2,31,0,0,11.0,4.45,24.5,46.97,33.0
Waqar Abbasi,2,48,49.0,2,25,4,0,8.0,6.12,24.5,52.08,24.0
S Lundell,2,24,27.0,2,13,2,2,4.0,6.75,13.5,54.17,12.0
S Jamil,5,52,84.0,2,18,2,0,8.7,9.69,42.0,34.62,26.0
S Jeelany,5,45,33.0,2,26,6,2,7.5,4.4,16.5,57.78,22.5
Muhammad Mohsin,4,102,140.0,2,40,3,1,17.0,8.24,70.0,39.22,51.0
Tarun Yadav,3,23,21.0,2,14,0,0,3.8,5.48,10.5,60.87,11.5
Tasaduq Hussain,3,54,64.0,2,25,5,0,9.0,7.11,32.0,46.3,27.0
Tayyab Abbas,3,36,52.0,2,12,5,0,6.0,8.67,26.0,33.33,18.0
Inam-ul-Haq,3,60,82.0,2,24,0,0,10.0,8.2,41.0,40.0,30.0
Iram Javed,9,73,95.0,2,31,10,1,12.2,7.81,47.5,42.47,36.5
DH Sharma,1,24,30.0,2,7,0,2,4.0,7.5,15.0,29.17,12.0
S Kaneria,4,92,91.0,2,52,18,2,15.3,5.93,45.5,56.52,46.0
S Khadka,6,48,38.0,2,32,4,0,8.0,4.75,19.0,66.67,24.0
M Anyigo,1,15,5.0,2,12,1,0,2.5,2.0,2.5,80.0,7.5
M Bean,2,48,77.0,2,21,4,0,8.0,9.62,38.5,43.75,24.0
M Bhatia,3,30,27.0,2,16,4,0,5.0,5.4,13.5,53.33,15.0
M Campopiano,3,43,40.0,2,19,0,0,7.2,5.58,20.0,44.19,21.5
F Effiong,2,24,17.0,2,16,3,0,4.0,4.25,8.5,66.67,12.0
F Guirrugo,3,72,68.0,2,38,7,2,12.0,5.67,34.0,52.78,36.0
Danish Aziz,8,77,109.0,2,26,0,0,12.8,8.49,54.5,33.77,38.5
Davion Codner,4,42,63.0,2,13,2,1,7.0,9.0,31.5,30.95,21.0
Hammad Azam,11,181,206.0,2,70,3,0,30.2,6.83,103.0,38.67,90.5
DK Mathias,7,84,115.0,2,28,5,0,14.0,8.21,57.5,33.33,42.0
B Ndipo,3,48,38.0,2,29,9,1,8.0,4.75,19.0,60.42,24.0
Fawad Ali,5,72,108.0,2,24,4,2,12.0,9.0,54.0,33.33,36.0
JE Scott,3,54,57.0,2,31,2,0,9.0,6.33,28.5,57.41,27.0
Ilyas Cetin,3,21,62.0,2,5,4,2,3.5,17.71,31.0,23.81,10.5
Paras Singh,3,44,67.0,2,20,1,0,7.3,9.14,33.5,45.45,22.0
Hardeep Singh,4,77,116.0,2,31,6,0,12.8,9.04,58.0,40.26,38.5
K Brock-Nielsen,4,72,114.0,2,19,12,6,12.0,9.5,57.0,26.39,36.0
M Charlie,2,30,28.0,2,12,1,0,5.0,5.6,14.0,40.0,15.0
Sedik Sahak,5,94,155.0,2,24,7,1,15.7,9.89,77.5,25.53,47.0
AF Mapu,11,114,114.0,2,72,20,4,19.0,6.0,57.0,63.16,57.0
DK Butler,5,216,180.0,2,128,6,4,36.0,5.0,90.0,59.26,108.0
Mohammed Awais,5,78,132.0,2,34,7,1,13.0,10.15,66.0,43.59,39.0
Mohammed Faraazuddin,5,84,125.0,2,17,0,0,14.0,8.93,62.5,20.24,42.0
Mohammed Jamadar,5,96,90.0,2,44,5,0,16.0,5.62,45.0,45.83,48.0
Aminul Islam,3,50,62.0,2,15,2,0,8.3,7.44,31.0,30.0,25.0
Aminul Islam Chowdhury,1,18,14.0,2,8,1,0,3.0,4.67,7.0,44.44,9.0
M Govia,3,54,82.0,2,25,2,0,9.0,9.11,41.0,46.3,27.0
M Elikana,1,18,6.0,2,17,2,1,3.0,2.0,3.0,94.44,9.0
D Gim,4,36,65.0,2,8,0,0,6.0,10.83,32.5,22.22,18.0
Joshep Zulu,3,42,48.0,2,19,3,0,7.0,6.86,24.0,45.24,21.0
Junaid Sheikh,4,78,93.0,2,35,2,1,13.0,7.15,46.5,44.87,39.0
C Nanda,3,48,57.0,2,14,2,0,8.0,7.12,28.5,29.17,24.0
S Hussein,3,67,66.0,2,40,6,1,11.2,5.91,33.0,59.7,33.5
Abdul Bashir,4,72,114.0,2,33,4,2,12.0,9.5,57.0,45.83,36.0
Abdullah Mohd Yousaf,5,63,95.0,2,16,7,1,10.5,9.05,47.5,25.4,31.5
Abdullah Sheikh,4,72,79.0,2,29,2,2,12.0,6.58,39.5,40.28,36.0
T Britton,1,24,21.0,2,11,1,0,4.0,5.25,10.5,45.83,12.0
T Chabila,8,114,138.0,2,63,15,0,19.0,7.26,69.0,55.26,57.0
GD Pope,3,36,32.0,2,16,0,0,6.0,5.33,16.0,44.44,18.0
A Ostergaard,6,102,111.0,2,58,21,5,17.0,6.53,55.5,56.86,51.0
A Prince,4,54,43.0,2,30,5,2,9.0,4.78,21.5,55.56,27.0
Mohammad Zahid,1,150,108.0,2,104,0,3,25.0,4.32,54.0,69.33,75.0
Abdurrahman Ahmadzai,3,48,37.0,2,28,2,0,8.0,4.62,18.5,58.33,24.0
Abhijeet Ahuja,1,12,8.0,2,10,0,0,2.0,4.0,4.0,83.33,6.0
M Jenkinson,2,36,51.0,2,11,1,0,6.0,8.5,25.5,30.56,18.0
Gong Yuting,10,121,111.0,2,62,11,9,20.2,5.5,55.5,51.24,60.5
Grace Cottier,2,36,51.0,2,14,5,4,6.0,8.5,25.5,38.89,18.0
Seri Chang,4,90,91.0,2,47,26,1,15.0,6.07,45.5,52.22,45.0
D Forrester,6,40,76.0,2,10,2,1,6.7,11.4,38.0,25.0,20.0
D Foxcroft,6,153,119.0,2,82,0,0,25.5,4.67,59.5,53.59,76.5
M Kearvell,5,65,99.0,2,32,22,1,10.8,9.14,49.5,49.23,32.5
M Khauta,3,54,106.0,2,21,11,0,9.0,11.78,53.0,38.89,27.0
M Kornet,2,120,84.0,2,76,10,1,20.0,4.2,42.0,63.33,60.0
M Kulfiwala,1,5,1.0,2,4,0,0,0.8,1.2,0.5,80.0,2.5
A Orfila,4,72,101.0,2,23,4,2,12.0,8.42,50.5,31.94,36.0
B Verdon,1,12,3.0,2,11,1,1,2.0,1.5,1.5,91.67,6.0
BADL Faunce,3,43,50.0,2,20,2,0,7.2,6.98,25.0,46.51,21.5
S Cholasseri,3,64,90.0,2,29,7,2,10.7,8.44,45.0,45.31,32.0
Jandu Hamoud,2,30,44.0,2,12,3,1,5.0,8.8,22.0,40.0,15.0
F du Plessis,18,284,277.0,2,116,5,0,47.3,5.85,138.5,40.85,142.0
EF Faalupega,1,24,24.0,2,8,0,0,4.0,6.0,12.0,33.33,12.0
EHSN Silva,3,84,91.0,2,38,0,0,14.0,6.5,45.5,45.24,42.0
M Landsman,1,24,12.0,2,17,1,0,4.0,3.0,6.0,70.83,12.0
C Mutasa,12,121,193.0,2,50,11,3,20.2,9.57,96.5,41.32,60.5
Rumaisa Jawad Nasir,2,36,56.0,2,9,2,0,6.0,9.33,28.0,25.0,18.0
Rupesh Singh,3,60,96.0,2,22,5,0,10.0,9.6,48.0,36.67,30.0
Syed Ahzamul Haq,2,36,61.0,2,16,3,0,6.0,10.17,30.5,44.44,18.0
R Hadley,4,68,145.0,2,19,3,1,11.3,12.79,72.5,27.94,34.0
JJ Athanaze,2,30,45.0,2,8,1,0,5.0,9.0,22.5,26.67,15.0
BE Fletcher,2,30,60.0,2,7,7,0,5.0,12.0,30.0,23.33,15.0
BE McGain,4,168,262.0,2,71,0,0,28.0,9.36,131.0,42.26,84.0
BG Drew,2,48,63.0,2,17,1,1,8.0,7.88,31.5,35.42,24.0
R Johnson,2,18,34.0,2,8,2,1,3.0,11.33,17.0,44.44,9.0
Aliya Kamara,3,24,71.0,2,4,2,0,4.0,17.75,35.5,16.67,12.0
Altaf Gill,3,42,58.0,2,11,1,0,7.0,8.29,29.0,26.19,21.0
R Cunningham,2,26,62.0,2,5,4,1,4.3,14.31,31.0,19.23,13.0
S Alavala,1,24,34.0,2,11,1,0,4.0,8.5,17.0,45.83,12.0
S Arachchige,2,24,26.0,2,9,0,0,4.0,6.5,13.0,37.5,12.0
Javeria Rauf,4,60,78.0,2,25,5,0,10.0,7.8,39.0,41.67,30.0
M Ogawa,7,57,81.0,2,21,6,7,9.5,8.53,40.5,36.84,28.5
M Paryani,1,6,3.0,2,5,2,0,1.0,3.0,1.5,83.33,3.0
R Khasana,2,42,66.0,2,17,7,1,7.0,9.43,33.0,40.48,21.0
R Mahajan,3,60,93.0,2,12,1,0,10.0,9.3,46.5,20.0,30.0
Mohammad Ahsan,3,54,94.0,2,14,1,0,9.0,10.44,47.0,25.93,27.0
Memoona Riaz,2,30,22.0,2,18,5,1,5.0,4.4,11.0,60.0,15.0
Mohamed Coulibaly,4,41,73.0,2,18,8,2,6.8,10.68,36.5,43.9,20.5
IP Swaney,6,42,99.0,2,11,0,0,7.0,14.14,49.5,26.19,21.0
Shafia Hassan,3,60,67.0,2,30,9,3,10.0,6.7,33.5,50.0,30.0
Shafiq Jan,2,36,58.0,2,13,0,0,6.0,9.67,29.0,36.11,18.0
AD Nath,6,132,154.0,2,57,7,0,22.0,7.0,77.0,43.18,66.0
Hina Hussain,1,24,21.0,2,16,3,1,4.0,5.25,10.5,66.67,12.0
M Salum,1,18,6.0,2,17,2,0,3.0,2.0,3.0,94.44,9.0
Adil Latheef,3,54,57.0,2,21,8,1,9.0,6.33,28.5,38.89,27.0
Hassan Nawaz,4,36,65.0,2,6,0,0,6.0,10.83,32.5,16.67,18.0
M Tilau,2,42,48.0,2,19,3,0,7.0,6.86,24.0,45.24,21.0
Shahzeb Choudhry,2,42,32.0,2,25,3,0,7.0,4.57,16.0,59.52,21.0
Shan Masood,9,144,92.0,2,99,0,1,24.0,3.83,46.0,68.75,72.0
Suman Ghimire,3,48,69.0,2,15,3,0,8.0,8.62,34.5,31.25,24.0
IW Budiarta,3,54,53.0,2,23,3,0,9.0,5.89,26.5,42.59,27.0
IY Mckeon,3,51,60.0,2,25,9,3,8.5,7.06,30.0,49.02,25.5
Farzan Afzal,3,72,46.0,2,36,2,0,12.0,3.83,23.0,50.0,36.0
V Atanasova,5,64,136.0,2,24,36,13,10.7,12.75,68.0,37.5,32.0
V Barboza,4,60,80.0,2,30,15,1,10.0,8.0,40.0,50.0,30.0
Mayank Dagar,8,137,203.0,2,44,1,0,22.8,8.89,101.5,32.12,68.5
R Misra,4,44,26.0,2,29,4,0,7.3,3.55,13.0,65.91,22.0
R Kanai,4,54,50.0,2,26,5,1,9.0,5.56,25.0,48.15,27.0
Ravinderpal Singh,3,25,29.0,2,12,1,0,4.2,6.96,14.5,48.0,12.5
W Barresi,4,40,62.0,2,16,0,0,6.7,9.3,31.0,40.0,20.0
A Khasanov,4,60,106.0,2,26,11,2,10.0,10.6,53.0,43.33,30.0
A Khullar,5,72,88.0,2,36,24,6,12.0,7.33,44.0,50.0,36.0
A Kontopirakis,8,102,104.0,2,49,13,1,17.0,6.12,52.0,48.04,51.0
Reon King,2,240,140.0,2,158,3,6,40.0,3.5,70.0,65.83,120.0
Rithika Sriram,3,66,72.0,2,23,16,1,11.0,6.55,36.0,34.85,33.0
Raja Farzan,2,36,35.0,2,20,2,0,6.0,5.83,17.5,55.56,18.0
Ali Waqar,5,96,133.0,2,29,7,0,16.0,8.31,66.5,30.21,48.0
V Kaverappa,1,24,36.0,2,11,0,0,4.0,9.0,18.0,45.83,12.0
JK Fuller,3,66,104.0,2,25,1,0,11.0,9.45,52.0,37.88,33.0
Sukhjinder Singh,5,102,99.0,2,45,0,0,17.0,5.82,49.5,44.12,51.0
M van Lingen,12,94,100.0,2,38,2,0,15.7,6.38,50.0,40.43,47.0
MA Abbas,3,90,75.0,2,39,1,0,15.0,5.0,37.5,43.33,45.0
M Turner,3,54,36.0,2,38,1,0,9.0,4.0,18.0,70.37,27.0
M Ulmanova,2,30,37.0,2,20,11,4,5.0,7.4,18.5,66.67,15.0
M Vijay,21,468,293.0,2,294,4,0,78.0,3.76,146.5,62.82,234.0
D Kalyankrishna,3,48,87.0,2,11,2,0,8.0,10.88,43.5,22.92,24.0
GW Aldridge,3,138,143.0,2,69,3,0,23.0,6.22,71.5,50.0,69.0
Sharif Asadullah,1,18,21.0,2,8,1,0,3.0,7.0,10.5,44.44,9.0
Afzaal Haider,2,78,123.0,2,30,3,0,13.0,9.46,61.5,38.46,39.0
Ahmad Raza,5,78,101.0,2,32,5,1,13.0,7.77,50.5,41.03,39.0
Ahmadschah Ahmadzai,1,12,24.0,2,4,0,0,2.0,12.0,12.0,33.33,6.0
C Cirlig,4,56,76.0,2,22,12,4,9.3,8.14,38.0,39.29,28.0
MA Tsemane,8,138,178.0,2,59,26,2,23.0,7.74,89.0,42.75,69.0
D Kegasitswe,3,72,156.0,2,20,6,1,12.0,13.0,78.0,27.78,36.0
Huzaif Yousuf,5,70,133.0,2,25,13,1,11.7,11.4,66.5,35.71,35.0
R Sewwandi,6,108,165.0,2,48,11,0,18.0,9.17,82.5,44.44,54.0
Marina Iqbal,6,78,96.0,2,30,2,0,13.0,7.38,48.0,38.46,39.0
Maira Khan,5,84,183.0,2,24,29,6,14.0,13.07,91.5,28.57,42.0
DP Michael,2,32,53.0,2,7,1,1,5.3,9.94,26.5,21.88,16.0
R Panchal,7,108,104.0,2,62,8,0,18.0,5.78,52.0,57.41,54.0
R Parkin,4,66,92.0,2,33,11,0,11.0,8.36,46.0,50.0,33.0
Hwanhee Lee,1,6,6.0,2,3,0,0,1.0,6.0,3.0,50.0,3.0
Hyejin Park,4,36,42.0,2,18,16,0,6.0,7.0,21.0,50.0,18.0
FC Muniz,3,60,56.0,2,24,1,0,10.0,5.6,28.0,40.0,30.0
FDM Devonshire,3,42,41.0,2,19,1,0,7.0,5.86,20.5,45.24,21.0
FDM Karunaratne,17,328,220.0,2,206,0,0,54.7,4.02,110.0,62.8,164.0
Vishaul Singh,2,30,42.0,2,13,0,0,5.0,8.4,21.0,43.33,15.0
MA Khote,2,30,51.0,2,6,0,0,5.0,10.2,25.5,20.0,15.0
C Bevin,3,54,87.0,2,21,4,1,9.0,9.67,43.5,38.89,27.0
RSK Samson,1,12,14.0,2,6,0,0,2.0,7.0,7.0,50.0,6.0
Maaz Khan,5,66,124.0,2,17,2,0,11.0,11.27,62.0,25.76,33.0
Madeeha Zuberi,5,69,55.0,2,33,6,0,11.5,4.78,27.5,47.83,34.5
MT Diaby,2,15,17.0,2,8,1,0,2.5,6.8,8.5,53.33,7.5
MV Lehmann,4,48,43.0,2,29,5,5,8.0,5.38,21.5,60.42,24.0
MW Edwards,3,54,84.0,2,19,2,0,9.0,9.33,42.0,35.19,27.0
Fahad Alhashmi,3,104,105.0,2,52,12,0,17.3,6.06,52.5,50.0,52.0
Faraaz Mehti Abbas,8,71,88.0,2,27,4,0,11.8,7.44,44.0,38.03,35.5
RV Auora,7,114,123.0,2,68,10,7,19.0,6.47,61.5,59.65,57.0
RV Viraj,3,30,64.0,2,7,1,0,5.0,12.8,32.0,23.33,15.0
RW Staple,1,60,76.0,2,23,1,0,10.0,7.6,38.0,38.33,30.0
D Kalvin,6,79,133.0,2,27,7,2,13.2,10.1,66.5,34.18,39.5
C Agafili,3,42,34.0,2,29,3,1,7.0,4.86,17.0,69.05,21.0
ME Trescothick,10,282,232.0,2,156,5,1,47.0,4.94,116.0,55.32,141.0
MD Garratt,3,47,63.0,2,14,2,0,7.8,8.04,31.5,29.79,23.5
JS Buckingham,3,60,96.0,2,23,3,0,10.0,9.6,48.0,38.33,30.0
JM Nthenya,4,58,45.0,2,34,2,0,9.7,4.66,22.5,58.62,29.0
MS Graham,4,66,79.0,2,33,1,0,11.0,7.18,39.5,50.0,33.0
Ali Majid,2,48,62.0,2,18,1,0,8.0,7.75,31.0,37.5,24.0
RA Bawa,2,24,50.0,2,7,7,1,4.0,12.5,25.0,29.17,12.0
RA Lewis,5,60,65.0,2,22,1,1,10.0,6.5,32.5,36.67,30.0
Shoaib Khan,9,151,144.0,2,70,2,0,25.2,5.72,72.0,46.36,75.5
Vamshi Reddy,5,60,93.0,2,18,9,0,10.0,9.3,46.5,30.0,30.0
JS Iggo,3,48,68.0,2,13,0,0,8.0,8.5,34.0,27.08,24.0
JS Malhotra,6,120,80.0,2,66,2,0,20.0,4.0,40.0,55.0,60.0
Aishath Meesa Rameez,3,72,117.0,2,20,7,1,12.0,9.75,58.5,27.78,36.0
MEMO Scott-Hayward,6,144,155.0,2,74,13,4,24.0,6.46,77.5,51.39,72.0
MI Shakim,3,48,40.0,2,26,5,0,8.0,5.0,20.0,54.17,24.0
MI Tato,2,42,22.0,2,26,2,0,7.0,3.14,11.0,61.9,21.0
VRB Arachchige,4,54,83.0,2,15,2,0,9.0,9.22,41.5,27.78,27.0
RM Hill,1,12,9.0,2,5,1,0,2.0,4.5,4.5,41.67,6.0
RO Hurley,3,180,129.0,2,102,0,6,30.0,4.3,64.5,56.67,90.0
Ahmed Shehzad,12,169,178.0,2,59,0,1,28.2,6.32,89.0,34.91,84.5
Ahmer Bin Nisar,5,30,48.0,2,7,2,0,5.0,9.6,24.0,23.33,15.0
MJJ Critchley,5,48,75.0,2,10,0,0,8.0,9.38,37.5,20.83,24.0
MJ Massawe,6,144,160.0,2,53,4,0,24.0,6.67,80.0,36.81,72.0
RJ Ainsworth,4,42,95.0,2,8,3,3,7.0,13.57,47.5,19.05,21.0
RJ Pierre,6,72,114.0,2,24,4,0,12.0,9.5,57.0,33.33,36.0
IA Moran,3,42,66.0,2,11,1,0,7.0,9.43,33.0,26.19,21.0
DNA Ankrah,6,84,120.0,2,37,6,2,14.0,8.57,60.0,44.05,42.0
RD Pangestuti,9,96,82.0,2,58,12,1,16.0,5.12,41.0,60.42,48.0
Snigdha Paul,6,78,90.0,2,36,5,0,13.0,6.92,45.0,46.15,39.0
Sofia Mardones,4,56,100.0,2,23,9,8,9.3,10.71,50.0,41.07,28.0
MKGCP Lakshitha,2,72,65.0,2,32,0,0,12.0,5.42,32.5,44.44,36.0
JP Wood,2,24,41.0,2,10,0,0,4.0,10.25,20.5,41.67,12.0
MJ Ross,4,48,62.0,2,17,1,0,8.0,7.75,31.0,35.42,24.0
MJ Tugaga,4,66,69.0,2,32,7,0,11.0,6.27,34.5,48.48,33.0
AD Janakanthymala,2,66,47.0,2,38,0,1,11.0,4.27,23.5,57.58,33.0
Sikander Zulfiqar,5,42,56.0,2,14,0,0,7.0,8.0,28.0,33.33,21.0
E Mmese,5,48,34.0,2,32,9,0,8.0,4.25,17.0,66.67,24.0
E Moiane,2,24,15.0,2,17,3,1,4.0,3.75,7.5,70.83,12.0
GJ Rennie,3,84,64.0,2,40,6,0,14.0,4.57,32.0,47.62,42.0
DR Mousley,6,84,121.0,2,33,2,0,14.0,8.64,60.5,39.29,42.0
GK Davis,1,23,19.0,2,14,1,0,3.8,4.96,9.5,60.87,11.5
Sikder Billah,3,34,36.0,2,11,0,0,5.7,6.35,18.0,32.35,17.0
V Rathinasamy,3,36,37.0,2,19,5,0,6.0,6.17,18.5,52.78,18.0
BP Loots,5,184,226.0,2,75,3,1,30.7,7.37,113.0,40.76,92.0
BP Nash,10,481,256.0,2,327,0,0,80.2,3.19,128.0,67.98,240.5
BR Dorey,4,162,146.0,2,105,6,1,27.0,5.41,73.0,64.81,81.0
A Kshirsagar,4,72,96.0,2,30,11,2,12.0,8.0,48.0,41.67,36.0
A Manousis,3,42,51.0,2,14,2,0,7.0,7.29,25.5,33.33,21.0
Babar Azam,7,90,42.0,2,62,0,0,15.0,2.8,21.0,68.89,45.0
I Rodriguez,2,24,26.0,2,18,8,1,4.0,6.5,13.0,75.0,12.0
RK Whelan,2,90,99.0,2,50,5,0,15.0,6.6,49.5,55.56,45.0
MLG Silva,1,11,1.0,2,11,1,0,1.8,0.55,0.5,100.0,5.5
MM Iqbal,2,60,60.0,2,26,0,0,10.0,6.0,30.0,43.33,30.0
MM Lanning,5,102,65.0,2,68,5,1,17.0,3.82,32.5,66.67,51.0
MS Crane,3,336,255.0,2,189,0,2,56.0,4.55,127.5,56.25,168.0
Ajaz Patel,2,30,25.0,2,12,0,0,5.0,5.0,12.5,40.0,15.0
GJ van Rensburg,5,42,55.0,2,13,2,0,7.0,7.86,27.5,30.95,21.0
GJP Kruger,4,162,168.0,2,89,10,4,27.0,6.22,84.0,54.94,81.0
KHM James,8,78,120.0,2,24,2,0,13.0,9.23,60.0,30.77,39.0
O Casasola,3,48,54.0,2,21,3,0,8.0,6.75,27.0,43.75,24.0
KE Broadmore,7,156,146.0,2,78,5,0,26.0,5.62,73.0,50.0,78.0
Zainullah Ihsan,3,78,122.0,2,23,1,0,13.0,9.38,61.0,29.49,39.0
Ehsanul Haque,1,60,34.0,2,32,1,0,10.0,3.4,17.0,53.33,30.0
Elias Hasan,6,90,157.0,2,31,2,2,15.0,10.47,78.5,34.44,45.0
CR Smith,3,78,68.0,1,40,3,0,13.0,5.23,68.0,51.28,78.0
A Awasthi,2,24,73.0,1,3,3,0,4.0,18.25,73.0,12.5,24.0
Zeshan Arif,2,18,39.0,1,2,0,0,3.0,13.0,39.0,11.11,18.0
Zain Abbas,1,36,56.0,1,14,2,0,6.0,9.33,56.0,38.89,36.0
Zikria Islam,2,24,27.0,1,8,1,0,4.0,6.75,27.0,33.33,24.0
A Ahmadhel,2,10,21.0,1,4,2,0,1.7,12.6,21.0,40.0,10.0
Zeeshan Zameer,3,27,47.0,1,8,4,0,4.5,10.44,47.0,29.63,27.0
A Bhattarai,1,18,12.0,1,10,1,0,3.0,4.0,12.0,55.56,18.0
A Bhargava,1,12,14.0,1,8,1,0,2.0,7.0,14.0,66.67,12.0
A Balbirnie,1,24,31.0,1,10,0,0,4.0,7.75,31.0,41.67,24.0
KH Abe,1,6,8.0,1,3,0,0,1.0,8.0,8.0,50.0,6.0
TC Mataora,5,54,71.0,1,20,5,0,9.0,7.89,71.0,37.04,54.0
KHRK Fernando,2,66,41.0,1,41,1,1,11.0,3.73,41.0,62.12,66.0
AM Rahane,1,6,5.0,1,2,0,0,1.0,5.0,5.0,33.33,6.0
AL Mangue,2,35,71.0,1,8,5,2,5.8,12.17,71.0,22.86,35.0
G Malla,2,18,18.0,1,10,1,0,3.0,6.0,18.0,55.56,18.0
Noorkhan Ahmedi,1,12,12.0,1,6,1,0,2.0,6.0,12.0,50.0,12.0
Ashir Qureshi,2,42,61.0,1,13,0,0,7.0,8.71,61.0,30.95,42.0
J Grewcock,1,36,26.0,1,15,1,0,6.0,4.33,26.0,41.67,36.0
O Batisani,1,6,4.0,1,6,2,2,1.0,4.0,4.0,100.0,6.0
SS Agarwal,1,24,42.0,1,7,0,0,4.0,10.5,42.0,29.17,24.0
H Nguyen,4,50,74.0,1,23,16,4,8.3,8.88,74.0,46.0,50.0
H Pieterse,1,18,11.0,1,9,0,0,3.0,3.67,11.0,50.0,18.0
KP Walmsley,1,60,64.0,1,27,1,0,10.0,6.4,64.0,45.0,60.0
CKB Kulasekara,5,246,160.0,1,153,2,3,41.0,3.9,160.0,62.2,246.0
Charanjeet Singh,2,30,35.0,1,12,0,0,5.0,7.0,35.0,40.0,30.0
KDK Vithanage,6,186,150.0,1,107,1,3,31.0,4.84,150.0,57.53,186.0
SP de Alwis,2,108,92.0,1,60,2,0,18.0,5.11,92.0,55.56,108.0
SSM Stanislaus,2,19,30.0,1,7,0,0,3.2,9.47,30.0,36.84,19.0
SV Yashasri,1,18,26.0,1,8,3,1,3.0,8.67,26.0,44.44,18.0
Nikhil,1,18,26.0,1,7,1,0,3.0,8.67,26.0,38.89,18.0
RH McDonald,1,12,21.0,1,3,1,0,2.0,10.5,21.0,25.0,12.0
DR Salpietro,2,48,65.0,1,15,0,0,8.0,8.12,65.0,31.25,48.0
VF Bomnyuy,4,54,49.0,1,26,3,0,9.0,5.44,49.0,48.15,54.0
A Kuthalingham,2,30,24.0,1,14,1,0,5.0,4.8,24.0,46.67,30.0
A Lyth,3,24,26.0,1,13,0,1,4.0,6.5,26.0,54.17,24.0
MK Lomror,11,90,127.0,1,22,4,0,15.0,8.47,127.0,24.44,90.0
I Mwebaze,2,36,32.0,1,20,0,0,6.0,5.33,32.0,55.56,36.0
I Nandera,2,42,36.0,1,28,5,1,7.0,5.14,36.0,66.67,42.0
I Suhun,7,90,132.0,1,27,15,4,15.0,8.8,132.0,30.0,90.0
RLB Rambukwella,2,39,46.0,1,12,0,0,6.5,7.08,46.0,30.77,39.0
RL Bhudia,4,92,101.0,1,52,2,0,15.3,6.59,101.0,56.52,92.0
RL Blake,4,46,56.0,1,22,7,1,7.7,7.3,56.0,47.83,46.0
BO van Rooi,3,120,119.0,1,61,10,0,20.0,5.95,119.0,50.83,120.0
MM Sarwar,1,12,14.0,1,8,0,0,2.0,7.0,14.0,66.67,12.0
MMA Jonkman,1,24,21.0,1,15,2,0,4.0,5.25,21.0,62.5,24.0
BS Dean,1,12,29.0,1,4,4,2,2.0,14.5,29.0,33.33,12.0
Alex Carthew,1,18,12.0,1,11,1,0,3.0,4.0,12.0,61.11,18.0
MJ Mindley,2,54,56.0,1,35,1,3,9.0,6.22,56.0,64.81,54.0
Baljinder Singh,1,18,29.0,1,6,0,0,3.0,9.67,29.0,33.33,18.0
Basharat Hussain,4,66,104.0,1,14,3,0,11.0,9.45,104.0,21.21,66.0
JP Kaltapau,1,24,51.0,1,4,0,0,4.0,12.75,51.0,16.67,24.0
Shukhtara Rahman,1,24,18.0,1,12,0,0,4.0,4.5,18.0,50.0,24.0
DR Martyn,7,258,162.0,1,168,0,0,43.0,3.77,162.0,65.12,258.0
Simrah Mirza,3,42,84.0,1,7,7,9,7.0,12.0,84.0,16.67,42.0
Smruthi Radhakrishnan,3,71,85.0,1,31,3,1,11.8,7.18,85.0,43.66,71.0
RG More,2,35,59.0,1,5,2,0,5.8,10.11,59.0,14.29,35.0
RG Somashekhar,3,30,30.0,1,15,7,0,5.0,6.0,30.0,50.0,30.0
V Subha,2,30,32.0,1,13,2,0,5.0,6.4,32.0,43.33,30.0
V Thari Thari,1,18,47.0,1,2,3,2,3.0,15.67,47.0,11.11,18.0
V Viyaskanth,4,84,114.0,1,28,0,0,14.0,8.14,114.0,33.33,84.0
VE Tembo,3,36,83.0,1,9,4,1,6.0,13.83,83.0,25.0,36.0
BR Hampton,1,12,32.0,1,4,0,0,2.0,16.0,32.0,33.33,12.0
RS Glen,5,48,68.0,1,13,1,0,8.0,8.5,68.0,27.08,48.0
Ahsan Ali,1,6,9.0,1,2,0,0,1.0,9.0,9.0,33.33,6.0
RR Hendricks,6,71,105.0,1,23,1,0,11.8,8.87,105.0,32.39,71.0
MG Gale,4,72,103.0,1,26,3,0,12.0,8.58,103.0,36.11,72.0
MG Kariata,1,30,31.0,1,16,1,0,5.0,6.2,31.0,53.33,30.0
VS Solanki,5,81,80.0,1,40,3,0,13.5,5.93,80.0,49.38,81.0
Bilal Aftab,1,12,13.0,1,6,0,0,2.0,6.5,13.0,50.0,12.0
MJ Cosgrove,2,30,22.0,1,17,1,0,5.0,4.4,22.0,56.67,30.0
RJ Ranpura,1,12,15.0,1,6,0,0,2.0,7.5,15.0,50.0,12.0
RJG Lockyear,4,36,56.0,1,15,1,0,6.0,9.33,56.0,41.67,36.0
IA Nicolson,1,42,74.0,1,17,0,2,7.0,10.57,74.0,40.48,42.0
IC Porel,1,24,39.0,1,10,2,0,4.0,9.75,39.0,41.67,24.0
RD Steede,2,78,52.0,1,52,4,2,13.0,4.0,52.0,66.67,78.0
Sneh Rana,2,60,68.0,1,31,1,0,10.0,6.8,68.0,51.67,60.0
Sofia Araya,1,5,25.0,1,2,0,9,0.8,30.0,25.0,40.0,5.0
Sohaib Maqsood,6,66,62.0,1,31,1,1,11.0,5.64,62.0,46.97,66.0
MS Dhoni,8,132,98.0,1,78,4,2,22.0,4.45,98.0,59.09,132.0
MS Kashyap,6,79,113.0,1,33,1,0,13.2,8.58,113.0,41.77,79.0
Alexandros Karvelas,3,72,87.0,1,30,1,1,12.0,7.25,87.0,41.67,72.0
DKJ Claude,6,85,178.0,1,20,7,2,14.2,12.56,178.0,23.53,85.0
R Wilson,1,150,89.0,1,107,0,3,25.0,3.56,89.0,71.33,150.0
Akramullah Malikzada,2,12,21.0,1,3,0,0,2.0,10.5,21.0,25.0,12.0
JL de Mey,2,42,67.0,1,15,2,0,7.0,9.57,67.0,35.71,42.0
Shoaib Ali,1,24,23.0,1,11,1,0,4.0,5.75,23.0,45.83,24.0
Shohidul Islam,1,23,33.0,1,9,1,1,3.8,8.61,33.0,39.13,23.0
AC Gilchrist,1,1,0.0,1,1,0,0,0.2,0.0,0.0,100.0,1.0
VVS Laxman,3,72,26.0,1,55,0,0,12.0,2.17,26.0,76.39,72.0
EK Hubbard,10,144,141.0,1,70,9,3,24.0,5.88,141.0,48.61,144.0
JS Lehmann,4,24,42.0,1,5,0,1,4.0,10.5,42.0,20.83,24.0
D Jamyansuren,1,24,60.0,1,3,2,1,4.0,15.0,60.0,12.5,24.0
RS Gavaskar,3,78,82.0,1,23,1,0,13.0,6.31,82.0,29.49,78.0
RS Ghosh,1,18,24.0,1,6,0,0,3.0,8.0,24.0,33.33,18.0
Farhan Ahmed,2,30,38.0,1,8,0,0,5.0,7.6,38.0,26.67,30.0
V Pulibanti,1,12,15.0,1,5,2,0,2.0,7.5,15.0,41.67,12.0
JL Louw,1,60,60.0,1,27,1,0,10.0,6.0,60.0,45.0,60.0
E Mapisa,1,12,14.0,1,6,7,0,2.0,7.0,14.0,50.0,12.0
RT Lyons,2,84,67.0,1,39,2,0,14.0,4.79,67.0,46.43,84.0
RT Ponting,11,156,91.0,1,109,2,0,26.0,3.5,91.0,69.87,156.0
MD Rocha,2,36,30.0,1,15,4,0,6.0,5.0,30.0,41.67,36.0
ME Bessala,7,78,97.0,1,35,12,0,13.0,7.46,97.0,44.87,78.0
JS Ababu,2,78,75.0,1,49,3,0,13.0,5.77,75.0,62.82,78.0
JS Henriksen,4,36,81.0,1,10,2,0,6.0,13.5,81.0,27.78,36.0
Shayan Khan,1,12,17.0,1,3,1,0,2.0,8.5,17.0,25.0,12.0
Shiva Mani,2,18,43.0,1,3,0,0,3.0,14.33,43.0,16.67,18.0
BKG Mendis,10,152,146.0,1,74,0,3,25.3,5.76,146.0,48.68,152.0
BM Anusha,3,54,55.0,1,28,11,0,9.0,6.11,55.0,51.85,54.0
JM Vince,6,66,51.0,1,39,1,0,11.0,4.64,51.0,59.09,66.0
JN Kalita,6,42,58.0,1,15,4,1,7.0,8.29,58.0,35.71,42.0
DP David,2,42,34.0,1,16,0,0,7.0,4.86,34.0,38.1,42.0
R Pasipanodya,3,36,40.0,1,17,3,2,6.0,6.67,40.0,47.22,36.0
R Patten,3,30,61.0,1,9,4,1,5.0,12.2,61.0,30.0,30.0
Ali Saleem,1,6,4.0,1,4,0,0,1.0,4.0,4.0,66.67,6.0
I Bardis,1,6,12.0,1,2,1,1,1.0,12.0,12.0,33.33,6.0
Vishal Sharma,2,18,38.0,1,4,4,0,3.0,12.67,38.0,22.22,18.0
Vritti Dahiya,1,18,12.0,1,7,0,0,3.0,4.0,12.0,38.89,18.0
Rabia Sahan,2,24,23.0,1,13,8,1,4.0,5.75,23.0,54.17,24.0
Raghav Dhawan,1,12,26.0,1,4,2,0,2.0,13.0,26.0,33.33,12.0
Raghu Sharma,5,90,130.0,1,23,0,0,15.0,8.67,130.0,25.56,90.0
RS Williams,1,12,18.0,1,3,1,0,2.0,9.0,18.0,25.0,12.0
MV Boucher,1,8,6.0,1,6,0,1,1.3,4.5,6.0,75.0,8.0
Faisal Hossain,2,73,53.0,1,32,0,0,12.2,4.36,53.0,43.84,73.0
Faisal Khan,10,96,157.0,1,33,2,0,16.0,9.81,157.0,34.38,96.0
Faisal Raza,3,24,39.0,1,7,1,0,4.0,9.75,39.0,29.17,24.0
Faizalmahmed Patel,2,18,30.0,1,8,3,0,3.0,10.0,30.0,44.44,18.0
C Cirino,2,30,37.0,1,13,2,1,5.0,7.4,37.0,43.33,30.0
MC Patel,4,110,115.0,1,60,4,0,18.3,6.27,115.0,54.55,110.0
JT Pooranakaran,5,60,119.0,1,18,5,2,10.0,11.9,119.0,30.0,60.0
M van Jaarsveld,1,30,18.0,1,21,2,0,5.0,3.6,18.0,70.0,30.0
Ahmed Faiz,5,43,44.0,1,21,3,0,7.2,6.14,44.0,48.84,43.0
Rahat Kazi,5,54,98.0,1,18,12,2,9.0,10.89,98.0,33.33,54.0
Rahel Khan,2,24,30.0,1,8,0,0,4.0,7.5,30.0,33.33,24.0
Rahima Yahaya,1,12,11.0,1,5,4,0,2.0,5.5,11.0,41.67,12.0
Rahman Ademi,4,60,81.0,1,25,4,0,10.0,8.1,81.0,41.67,60.0
Rabia Iqbal,1,12,16.0,1,4,1,1,2.0,8.0,16.0,33.33,12.0
Alice Davis,1,12,17.0,1,4,2,0,2.0,8.5,17.0,33.33,12.0
R Sheshadri,3,18,20.0,1,9,0,0,3.0,6.67,20.0,50.0,18.0
Mariam Waseem,1,12,24.0,1,5,6,7,2.0,12.0,24.0,41.67,12.0
Mariska Kornet,4,84,102.0,1,28,3,2,14.0,7.29,102.0,33.33,84.0
Maryyam Ashraf,1,24,19.0,1,11,1,0,4.0,4.75,19.0,45.83,24.0
R Siwa,1,12,13.0,1,5,1,2,2.0,6.5,13.0,41.67,12.0
Md Shafiqul Haque,1,18,25.0,1,5,0,0,3.0,8.33,25.0,27.78,18.0
Meet Patel,1,30,37.0,1,15,1,1,5.0,7.4,37.0,50.0,30.0
D Salunkhe,5,47,78.0,1,15,3,1,7.8,9.96,78.0,31.91,47.0
D Samarawickrama,1,6,16.0,1,1,2,0,1.0,16.0,16.0,16.67,6.0
Matilda Fred,1,12,10.0,1,9,5,0,2.0,5.0,10.0,75.0,12.0
Sukhkaran Sahi,3,33,54.0,1,6,1,0,5.5,9.82,54.0,18.18,33.0
AC Brodin,7,78,120.0,1,44,23,21,13.0,9.23,120.0,56.41,78.0
AC Dawson,6,240,207.0,1,110,5,0,40.0,5.18,207.0,45.83,240.0
Sultan Ahmed,2,45,36.0,1,25,0,0,7.5,4.8,36.0,55.56,45.0
Raunaq Kapur,1,12,24.0,1,2,0,0,2.0,12.0,24.0,16.67,12.0
M Turay,3,35,31.0,1,23,8,1,5.8,5.31,31.0,65.71,35.0
M Vua,3,54,45.0,1,31,9,0,9.0,5.0,45.0,57.41,54.0
M Walker,1,18,23.0,1,6,3,0,3.0,7.67,23.0,33.33,18.0
M Zdravkova,3,41,38.0,1,22,9,5,6.8,5.56,38.0,53.66,41.0
M du Preez,3,21,30.0,1,8,2,1,3.5,8.57,30.0,38.1,21.0
GR Napier,1,24,27.0,1,9,0,0,4.0,6.75,27.0,37.5,24.0
E Walker,3,48,75.0,1,13,3,1,8.0,9.38,75.0,27.08,48.0
BG McDonald,1,18,28.0,1,2,0,0,3.0,9.33,28.0,11.11,18.0
BJ Bess,1,78,92.0,1,44,4,8,13.0,7.08,92.0,56.41,78.0
R Nil,3,48,60.0,1,11,1,0,8.0,7.5,60.0,22.92,48.0
R Kassim,4,30,25.0,1,15,1,0,5.0,5.0,25.0,50.0,30.0
A Karn,1,24,31.0,1,5,0,0,4.0,7.75,31.0,20.83,24.0
A Konhu,2,36,40.0,1,15,4,1,6.0,6.67,40.0,41.67,36.0
W Matabwa,3,42,58.0,1,15,7,0,7.0,8.29,58.0,35.71,42.0
JW Wilson,2,78,111.0,1,31,0,0,13.0,8.54,111.0,39.74,78.0
Rinitha Rajith,1,12,7.0,1,11,3,0,2.0,3.5,7.0,91.67,12.0
Raihan Hossain,3,48,67.0,1,16,3,2,8.0,8.38,67.0,33.33,48.0
Raqibul Hasan,3,36,15.0,1,22,0,0,6.0,2.5,15.0,61.11,36.0
Rashmeka Badri Narayanan,3,54,53.0,1,27,1,0,9.0,5.89,53.0,50.0,54.0
A Mehmood,4,60,104.0,1,23,1,1,10.0,10.4,104.0,38.33,60.0
V Jayant,4,47,76.0,1,13,2,2,7.8,9.7,76.0,27.66,47.0
Mansi Parmar,2,28,34.0,1,10,5,1,4.7,7.29,34.0,35.71,28.0
Adhitya Shetty,1,60,56.0,1,29,0,0,10.0,5.6,56.0,48.33,60.0
Hasibul Hossain,3,102,121.0,1,62,4,1,17.0,7.12,121.0,60.78,102.0
Hassan Nasir,3,60,52.0,1,31,3,0,10.0,5.2,52.0,51.67,60.0
Jaison Jerome,6,96,177.0,1,27,5,0,16.0,11.06,177.0,28.12,96.0
Jalat Khan,1,18,38.0,1,6,0,0,3.0,12.67,38.0,33.33,18.0
Jamal Stanikzai,2,36,56.0,1,12,2,0,6.0,9.33,56.0,33.33,36.0
C Gwilliam-Lopez,1,18,19.0,1,8,1,0,3.0,6.33,19.0,44.44,18.0
C Kauripeke,1,18,0.0,1,18,0,0,3.0,0.0,0.0,100.0,18.0
M Sheriff,3,42,34.0,1,23,6,1,7.0,4.86,34.0,54.76,42.0
M Shezi,1,36,8.0,1,29,1,0,6.0,1.33,8.0,80.56,36.0
M Shiraz,2,54,48.0,1,34,0,0,9.0,5.33,48.0,62.96,54.0
M Simpson-Parker,1,6,8.0,1,2,2,0,1.0,8.0,8.0,33.33,6.0
M Smith,1,18,29.0,1,7,0,0,3.0,9.67,29.0,38.89,18.0
AEMP Durayalage,1,24,28.0,1,13,7,0,4.0,7.0,28.0,54.17,24.0
Farwa Baber,5,84,79.0,1,43,11,3,14.0,5.64,79.0,51.19,84.0
Fatima Amir,4,42,44.0,1,29,9,1,7.0,6.29,44.0,69.05,42.0
Miriam Ehsun,1,18,23.0,1,9,5,0,3.0,7.67,23.0,50.0,18.0
Mobashar Ashraf,2,24,24.0,1,13,0,0,4.0,6.0,24.0,54.17,24.0
Mohamad Junaid Khushi,1,18,51.0,1,6,2,1,3.0,17.0,51.0,33.33,18.0
BB Seebaran,3,108,130.0,1,41,0,0,18.0,7.22,130.0,37.96,108.0
IL Parks,1,6,8.0,1,6,8,0,1.0,8.0,8.0,100.0,6.0
Sumit Singh,1,12,18.0,1,7,0,0,2.0,9.0,18.0,58.33,12.0
Surya Tamang,2,90,78.0,1,55,3,0,15.0,5.2,78.0,61.11,90.0
Susan George,3,42,43.0,1,18,6,2,7.0,6.14,43.0,42.86,42.0
W Mwayenga,2,72,83.0,1,35,2,0,12.0,6.92,83.0,48.61,72.0
Hazrat Luqman,2,36,60.0,1,14,2,0,6.0,10.0,60.0,38.89,36.0
Hiba Shamshad,4,66,52.0,1,35,2,0,11.0,4.73,52.0,53.03,66.0
M Stoman,1,15,16.0,1,8,2,0,2.5,6.4,16.0,53.33,15.0
M Pushpakumara,2,48,48.0,1,19,1,0,8.0,6.0,48.0,39.58,48.0
M Sefati,2,12,15.0,1,6,3,0,2.0,7.5,15.0,50.0,12.0
Afif Khattak,1,18,23.0,1,9,1,0,3.0,7.67,23.0,50.0,18.0
Robiul Khan,1,18,26.0,1,8,2,0,3.0,8.67,26.0,44.44,18.0
Amaya Rajapaksha,6,66,80.0,1,22,3,6,11.0,7.27,80.0,33.33,66.0
R Bowers-Fleming,1,6,9.0,1,3,2,1,1.0,9.0,9.0,50.0,6.0
R Chopra,1,6,6.0,1,3,0,0,1.0,6.0,6.0,50.0,6.0
Abid Ullah Shah,2,36,74.0,1,11,3,0,6.0,12.33,74.0,30.56,36.0
Abraar Khan,1,12,10.0,1,5,0,0,2.0,5.0,10.0,41.67,12.0
Absar Khan,1,6,8.0,1,1,0,0,1.0,8.0,8.0,16.67,6.0
M Separovic,3,66,134.0,1,23,1,0,11.0,12.18,134.0,34.85,66.0
M Shahrukh Khan,3,18,28.0,1,5,0,0,3.0,9.33,28.0,27.78,18.0
Jatinder Singh,6,61,64.0,1,29,1,0,10.2,6.3,64.0,47.54,61.0
Jaza Mariyam,2,30,29.0,1,18,0,0,5.0,5.8,29.0,60.0,30.0
Jeon Myeong,1,12,18.0,1,5,0,1,2.0,9.0,18.0,41.67,12.0
Jihad Hossain,1,3,10.0,1,1,0,0,0.5,20.0,10.0,33.33,3.0
Jitesh Patel,2,42,59.0,1,15,5,0,7.0,8.43,59.0,35.71,42.0
M Noble,3,54,37.0,1,35,3,0,9.0,4.11,37.0,64.81,54.0
Mohamed Shiyam,3,24,63.0,1,3,2,0,4.0,15.75,63.0,12.5,24.0
Mohammad Amin,2,12,18.0,1,5,0,0,2.0,9.0,18.0,41.67,12.0
S Banamali,5,95,149.0,1,33,5,0,15.8,9.41,149.0,34.74,95.0
S Basharat,2,24,22.0,1,12,3,1,4.0,5.5,22.0,50.0,24.0
S Biko,2,36,33.0,1,14,0,0,6.0,5.5,33.0,38.89,36.0
W Parker,7,108,185.0,1,23,4,0,18.0,10.28,185.0,21.3,108.0
W Viraliliu,5,66,105.0,1,29,4,1,11.0,9.55,105.0,43.94,66.0
WG Bosisto,4,36,44.0,1,11,0,0,6.0,7.33,44.0,30.56,36.0
F Tunnicliffe,1,12,8.0,1,5,0,0,2.0,4.0,8.0,41.67,12.0
F Zirahangaje,2,36,54.0,1,15,5,0,6.0,9.0,54.0,41.67,36.0
C Munoz-Mills,1,6,3.0,1,4,1,0,1.0,3.0,3.0,66.67,6.0
M Mete,1,18,11.0,1,10,2,0,3.0,3.67,11.0,55.56,18.0
M Nanayakkara,1,24,40.0,1,7,2,0,4.0,10.0,40.0,29.17,24.0
Roopa Nagraj,2,30,26.0,1,19,3,0,5.0,5.2,26.0,63.33,30.0
Roshni Sebastian,3,48,48.0,1,19,2,0,8.0,6.0,48.0,39.58,48.0
Syed Amanullah,1,6,9.0,1,4,2,0,1.0,9.0,9.0,66.67,6.0
Mohammad Boota,2,18,23.0,1,8,0,0,3.0,7.67,23.0,44.44,18.0
R Hubbard,3,36,51.0,1,16,6,2,6.0,8.5,51.0,44.44,36.0
B Wani,4,48,63.0,1,22,10,15,8.0,7.88,63.0,45.83,48.0
BA Langston,3,138,57.0,1,104,0,0,23.0,2.48,57.0,75.36,138.0
BA Westdijk,3,138,173.0,1,66,8,0,23.0,7.52,173.0,47.83,138.0
BB McCullum,7,181,101.0,1,119,1,1,30.2,3.35,101.0,65.75,181.0
R Gnanaraj,2,18,31.0,1,7,1,0,3.0,10.33,31.0,38.89,18.0
Syed Jawad Haider,1,18,28.0,1,7,2,0,3.0,9.33,28.0,38.89,18.0
Harprit Singh,2,18,32.0,1,6,1,0,3.0,10.67,32.0,33.33,18.0
Hasan Cakir,1,6,5.0,1,4,1,0,1.0,5.0,5.0,66.67,6.0
S Devasia,1,18,15.0,1,10,1,0,3.0,5.0,15.0,55.56,18.0
S Devata,1,6,9.0,1,3,4,2,1.0,9.0,9.0,50.0,6.0
S Chanderpaul,6,194,126.0,1,118,2,0,32.3,3.9,126.0,60.82,194.0
EGS Kana,1,11,12.0,1,5,0,0,1.8,6.55,12.0,45.45,11.0
WJ Malinda,4,54,66.0,1,25,4,0,9.0,7.33,66.0,46.3,54.0
A Hewage,1,6,0.0,1,6,0,0,1.0,0.0,0.0,100.0,6.0
M Mabvuka,1,12,21.0,1,5,4,1,2.0,10.5,21.0,41.67,12.0
DS Gamage,2,30,35.0,1,17,10,0,5.0,7.0,35.0,56.67,30.0
Guillermo Aburto,2,24,28.0,1,14,3,1,4.0,7.0,28.0,58.33,24.0
AISD Kainoco,2,24,36.0,1,10,5,1,4.0,9.0,36.0,41.67,24.0
DS Vlachopoulou,3,20,9.0,1,17,3,0,3.3,2.7,9.0,85.0,20.0
M Malle,2,24,33.0,1,13,5,0,4.0,8.25,33.0,54.17,24.0
M Mastrangelo,1,24,10.0,1,17,3,0,4.0,2.5,10.0,70.83,24.0
M Matobole,1,12,20.0,1,6,4,1,2.0,10.0,20.0,50.0,12.0
Joseph Angara,1,48,52.0,1,20,1,0,8.0,6.5,52.0,41.67,48.0
D Fisher,2,24,17.0,1,11,1,0,4.0,4.25,17.0,45.83,24.0
D Gamage,2,65,57.0,1,35,4,1,10.8,5.26,57.0,53.85,65.0
R Dianish,2,18,23.0,1,3,0,0,3.0,7.67,23.0,16.67,18.0
A Musaev,4,36,74.0,1,13,5,1,6.0,12.33,74.0,36.11,36.0
Umair Sharif,3,42,68.0,1,19,5,0,7.0,9.71,68.0,45.24,42.0
JH Kiani,1,24,26.0,1,10,2,0,4.0,6.5,26.0,41.67,24.0
Mohammad Zeeshan,4,78,134.0,1,28,4,2,13.0,10.31,134.0,35.9,78.0
B Taylan,4,66,63.0,1,38,8,0,11.0,5.73,63.0,57.58,66.0
B Unenchtseceg,3,56,61.0,1,19,7,2,9.3,6.54,61.0,33.93,56.0
Ugyen Dorji,3,42,56.0,1,19,9,0,7.0,8.0,56.0,45.24,42.0
Umair Safi,2,48,38.0,1,27,4,0,8.0,4.75,38.0,56.25,48.0
Mohammad Yousuf,1,1,0.0,1,1,0,0,0.2,0.0,0.0,100.0,1.0
Ibrahim Rahimi,4,18,40.0,1,8,6,0,3.0,13.33,40.0,44.44,18.0
Ihsanullah Wafa,2,12,16.0,1,4,0,0,2.0,8.0,16.0,33.33,12.0
Abhishek Anand,4,30,13.0,1,19,2,0,5.0,2.6,13.0,63.33,30.0
C Nzabarinda,2,36,58.0,1,14,3,0,6.0,9.67,58.0,38.89,36.0
C Prathyusha,1,54,60.0,1,21,2,0,9.0,6.67,60.0,38.89,54.0
M Gill,2,24,15.0,1,16,4,0,4.0,3.75,15.0,66.67,24.0
A Iopu,3,18,22.0,1,6,2,0,3.0,7.33,22.0,33.33,18.0
A Kanada,2,17,28.0,1,8,4,1,2.8,9.88,28.0,47.06,17.0
A Kanwal,1,12,15.0,1,4,1,1,2.0,7.5,15.0,33.33,12.0
WSLK Narayana,7,81,107.0,1,33,7,0,13.5,7.93,107.0,40.74,81.0
WT Mashinge,2,30,57.0,1,10,5,0,5.0,11.4,57.0,33.33,30.0
Waleed Waqar,2,18,43.0,1,4,2,0,3.0,14.33,43.0,22.22,18.0
Gargi Arya,1,12,11.0,1,6,4,0,2.0,5.5,11.0,50.0,12.0
B Yadav,8,55,89.0,1,21,6,0,9.2,9.71,89.0,38.18,55.0
D Uwizeye,1,12,6.0,1,9,3,0,2.0,3.0,6.0,75.0,12.0
Amir Ali,4,48,56.0,1,19,1,0,8.0,7.0,56.0,39.58,48.0
Amir Hamza,2,12,17.0,1,7,2,0,2.0,8.5,17.0,58.33,12.0
Amir Mangal,1,18,17.0,1,7,0,0,3.0,5.67,17.0,38.89,18.0
AG Prince,5,108,50.0,1,74,2,0,18.0,2.78,50.0,68.52,108.0
Gaba Frank,2,12,22.0,1,3,0,0,2.0,11.0,22.0,25.0,12.0
S Hongsi,2,18,35.0,1,5,2,0,3.0,11.67,35.0,27.78,18.0
M Holmes,3,36,37.0,1,21,5,3,6.0,6.17,37.0,58.33,36.0
D Igihozo,1,24,11.0,1,17,1,0,4.0,2.75,11.0,70.83,24.0
S Houghton,2,23,61.0,1,4,0,1,3.8,15.91,61.0,17.39,23.0
T Bavuma,6,133,83.0,1,87,0,2,22.2,3.74,83.0,65.41,133.0
R Agamiire,2,36,9.0,1,28,0,1,6.0,1.5,9.0,77.78,36.0
R Appidi,1,54,75.0,1,26,3,0,9.0,8.33,75.0,48.15,54.0
U Tuychiev,2,12,25.0,1,5,0,1,2.0,12.5,25.0,41.67,12.0
UKPW Kumaranayaka,3,60,72.0,1,25,2,0,10.0,7.2,72.0,41.67,60.0
Haris Karim,2,24,53.0,1,4,1,0,4.0,13.25,53.0,16.67,24.0
Harmeet Singh (2),1,24,34.0,1,12,1,0,4.0,8.5,34.0,50.0,24.0
Abdul Nasir,2,42,41.0,1,16,0,0,7.0,5.86,41.0,38.1,42.0
Abdul Salman Khan,2,30,37.0,1,13,2,0,5.0,7.4,37.0,43.33,30.0
K Blair,1,60,32.0,1,46,5,0,10.0,3.2,32.0,76.67,60.0
K Boniface,4,44,61.0,1,16,1,0,7.3,8.32,61.0,36.36,44.0
K Campbell,3,36,87.0,1,12,3,0,6.0,14.5,87.0,33.33,36.0
M Chaudhary,2,48,37.0,1,29,3,0,8.0,4.62,37.0,60.42,48.0
M Chereches,2,36,59.0,1,19,7,7,6.0,9.83,59.0,52.78,36.0
M Altankhuyag,1,12,55.0,1,1,4,1,2.0,27.5,55.0,8.33,12.0
Saurabh Kumar,4,42,82.0,1,7,0,0,7.0,11.71,82.0,16.67,42.0
R Avdylaj,5,59,92.0,1,9,1,6,9.8,9.36,92.0,15.25,59.0
QF Djakaridja,6,90,160.0,1,24,10,6,15.0,10.67,160.0,26.67,90.0
Qaiser Ali,2,84,54.0,1,54,5,0,14.0,3.86,54.0,64.29,84.0
JF Smith,2,54,43.0,1,25,1,0,9.0,4.78,43.0,46.3,54.0
Mosharraf Hossain,4,150,123.0,1,74,3,0,25.0,4.92,123.0,49.33,150.0
Amelia Griffiths,4,66,93.0,1,20,17,0,11.0,8.45,93.0,30.3,66.0
S Kakai,1,18,10.0,1,13,1,0,3.0,3.33,10.0,72.22,18.0
M Brasier,2,29,56.0,1,7,6,0,4.8,11.59,56.0,24.14,29.0
S Khatiwada,1,12,1.0,1,11,0,0,2.0,0.5,1.0,91.67,12.0
S Khurana,2,30,28.0,1,17,6,0,5.0,5.6,28.0,56.67,30.0
Danish Jasnaik,4,72,116.0,1,19,0,0,12.0,9.67,116.0,26.39,72.0
Amit Uniyal,2,30,31.0,1,17,1,0,5.0,6.2,31.0,56.67,30.0
B Namuunzul,6,83,144.0,1,28,34,9,13.8,10.41,144.0,33.73,83.0
Fayyaz Ahmed,3,120,98.0,1,62,0,0,20.0,4.9,98.0,51.67,120.0
Fazl-e-Akbar,1,244,162.0,1,176,0,0,40.7,3.98,162.0,72.13,244.0
Tushar Imran,4,150,105.0,1,69,0,0,25.0,4.2,105.0,46.0,150.0
GE Gutierrez Chavez,1,3,1.0,1,2,0,0,0.5,2.0,1.0,66.67,3.0
T Elikana,4,53,73.0,1,19,4,2,8.8,8.26,73.0,35.85,53.0
T Henderson,3,60,71.0,1,27,0,0,10.0,7.1,71.0,45.0,60.0
Muhammad Shahzad,4,21,43.0,1,9,0,0,3.5,12.29,43.0,42.86,21.0
Muhammad Soban,7,132,188.0,1,43,3,0,22.0,8.55,188.0,32.58,132.0
F Sisifo,3,36,54.0,1,15,9,2,6.0,9.0,54.0,41.67,36.0
Wania Malik,2,24,16.0,1,17,4,0,4.0,4.0,16.0,70.83,24.0
D Busingye,1,18,19.0,1,5,2,0,3.0,6.33,19.0,27.78,18.0
D Devnarain,8,114,127.0,1,55,4,3,19.0,6.68,127.0,48.25,114.0
D Dlamini,3,54,73.0,1,19,4,4,9.0,8.11,73.0,35.19,54.0
S Malikzai,1,18,20.0,1,9,0,0,3.0,6.67,20.0,50.0,18.0
S Mandhana,6,51,64.0,1,21,2,0,8.5,7.53,64.0,41.18,51.0
S Kailath,3,60,95.0,1,18,8,4,10.0,9.5,95.0,30.0,60.0
Muhammad Tahir,2,17,21.0,1,7,1,0,2.8,7.41,21.0,41.18,17.0
Mudassir Iqbal,6,72,118.0,1,28,7,1,12.0,9.83,118.0,38.89,72.0
Muhammad Amin,2,30,39.0,1,12,5,0,5.0,7.8,39.0,40.0,30.0
Tenjin Rabgey,3,30,26.0,1,18,3,0,5.0,5.2,26.0,60.0,30.0
Tripti Gore,3,28,62.0,1,9,9,6,4.7,13.29,62.0,32.14,28.0
B Schuster,2,24,27.0,1,11,1,1,4.0,6.75,27.0,45.83,24.0
Muhammad Naeem,1,18,15.0,1,7,1,0,3.0,5.0,15.0,38.89,18.0
Prajna Jagdeesha,3,30,36.0,1,16,6,0,5.0,7.2,36.0,53.33,30.0
D Staddon,2,18,18.0,1,12,4,1,3.0,6.0,18.0,66.67,18.0
D Svilicic,4,66,141.0,1,16,8,0,11.0,12.82,141.0,24.24,66.0
Musheer Khan,1,12,27.0,1,1,0,0,2.0,13.5,27.0,8.33,12.0
Muhammad Zohaib,2,30,18.0,1,19,0,0,5.0,3.6,18.0,63.33,30.0
JD Baker,3,48,68.0,1,19,4,0,8.0,8.5,68.0,39.58,48.0
T Khabo,4,72,112.0,1,40,20,0,12.0,9.33,112.0,55.56,72.0
T Lafai,7,138,161.0,1,68,7,2,23.0,7.0,161.0,49.28,138.0
Lydia Katsimari,2,18,30.0,1,8,8,1,3.0,10.0,30.0,44.44,18.0
Laiba,2,28,31.0,1,13,2,0,4.7,6.64,31.0,46.43,28.0
Laiba Nasrullah,6,102,164.0,1,33,9,2,17.0,9.65,164.0,32.35,102.0
Lemar Momand,6,78,77.0,1,43,6,0,13.0,5.92,77.0,55.13,78.0
Saqib Ali,2,60,57.0,1,22,2,0,10.0,5.7,57.0,36.67,60.0
Saqib Khan,2,30,44.0,1,7,0,1,5.0,8.8,44.0,23.33,30.0
Sara Vivek,9,144,179.0,1,73,39,1,24.0,7.46,179.0,50.69,144.0
Saran Maliwan,1,24,23.0,1,14,0,1,4.0,5.75,23.0,58.33,24.0
S Kucuksucu,3,60,62.0,1,33,15,4,10.0,6.2,62.0,55.0,60.0
D Soraine,2,53,37.0,1,29,2,0,8.8,4.19,37.0,54.72,53.0
PS Roberts,4,54,63.0,1,31,8,0,9.0,7.0,63.0,57.41,54.0
PS Sisodia,4,54,84.0,1,17,2,0,9.0,9.33,84.0,31.48,54.0
PJC Hoffmann,5,192,175.0,1,120,4,0,32.0,5.47,175.0,62.5,192.0
PK Dimitri,2,48,88.0,1,15,5,2,8.0,11.0,88.0,31.25,48.0
LS Mulivai,2,42,34.0,1,28,2,2,7.0,4.86,34.0,66.67,42.0
Y Potgieter,5,90,68.0,1,53,1,2,15.0,4.53,68.0,58.89,90.0
Y Prithvi Raj,2,30,57.0,1,8,3,0,5.0,11.4,57.0,26.67,30.0
LK Sharma,1,18,29.0,1,7,0,0,3.0,9.67,29.0,38.89,18.0
LM Gabriel,7,84,124.0,1,29,13,1,14.0,8.86,124.0,34.52,84.0
K Govind,1,18,25.0,1,3,3,0,3.0,8.33,25.0,16.67,18.0
Wasim Al Balushi,3,36,99.0,1,8,4,0,6.0,16.5,99.0,22.22,36.0
LP van Troost,3,42,81.0,1,15,1,0,7.0,11.57,81.0,35.71,42.0
Hadisullah Tarakhel,3,60,109.0,1,18,3,1,10.0,10.9,109.0,30.0,60.0
DI Allan,5,44,67.0,1,12,1,0,7.3,9.14,67.0,27.27,44.0
PVSN Raju,2,24,53.0,1,4,5,0,4.0,13.25,53.0,16.67,24.0
Mustapha Suwareh,2,18,52.0,1,2,2,2,3.0,17.33,52.0,11.11,18.0
GA Stuurman,2,186,152.0,1,122,3,0,31.0,4.9,152.0,65.59,186.0
T Mayes,3,216,124.0,1,164,1,0,36.0,3.44,124.0,75.93,216.0
S Ogundipe,3,36,25.0,1,17,1,0,6.0,4.17,25.0,47.22,36.0
LI Meriwala,1,18,32.0,1,6,0,1,3.0,10.67,32.0,33.33,18.0
LJ Harper,1,228,83.0,1,188,0,2,38.0,2.18,83.0,82.46,228.0
LOB Cann,2,71,88.0,1,17,8,0,11.8,7.44,88.0,23.94,71.0
S Pakhrin,2,30,10.0,1,22,2,0,5.0,2.0,10.0,73.33,30.0
S Pitabeddara,5,60,83.0,1,19,2,0,10.0,8.3,83.0,31.67,60.0
S Rengarajan,1,18,29.0,1,8,1,0,3.0,9.67,29.0,44.44,18.0
AW Wambua,1,12,11.0,1,10,1,1,2.0,5.5,11.0,83.33,12.0
AZ Shah,2,30,52.0,1,13,1,0,5.0,10.4,52.0,43.33,30.0
LR Gaonkar,2,36,43.0,1,15,0,0,6.0,7.17,43.0,41.67,36.0
G Axtell,2,42,42.0,1,22,2,0,7.0,6.0,42.0,52.38,42.0
G Bloemen,3,66,71.0,1,38,16,1,11.0,6.45,71.0,57.58,66.0
G Essoun,1,24,39.0,1,11,5,1,4.0,9.75,39.0,45.83,24.0
F Choudary,2,18,31.0,1,6,0,0,3.0,10.33,31.0,33.33,18.0
Y Verma,4,96,97.0,1,46,11,0,16.0,6.06,97.0,47.92,96.0
L Ward,1,6,4.0,1,2,0,0,1.0,4.0,4.0,33.33,6.0
LA Carseldine,1,6,6.0,1,4,1,0,1.0,6.0,6.0,66.67,6.0
ASIH Toppin,3,36,77.0,1,7,4,0,6.0,12.83,77.0,19.44,36.0
HR Johnson,2,60,69.0,1,37,1,6,10.0,6.9,69.0,61.67,60.0
S Saeed,3,42,53.0,1,20,0,0,7.0,7.57,53.0,47.62,42.0
S Saenya,1,6,1.0,1,5,0,0,1.0,1.0,1.0,83.33,6.0
H Davids,2,12,13.0,1,5,1,0,2.0,6.5,13.0,41.67,12.0
Sani E Zehra,2,42,68.0,1,6,7,0,7.0,9.71,68.0,14.29,42.0
PL Mommsen,2,48,51.0,1,26,5,0,8.0,6.38,51.0,54.17,48.0
PM Sarvesh Kumar,2,30,42.0,1,11,1,0,5.0,8.4,42.0,36.67,30.0
Amna Khan,3,60,121.0,1,11,10,6,10.0,12.1,121.0,18.33,60.0
E Sagoe,2,24,47.0,1,10,3,0,4.0,11.75,47.0,41.67,24.0
B Maphosa,6,81,115.0,1,37,8,3,13.5,8.52,115.0,45.68,81.0
Mustafa Atmaca,5,79,156.0,1,24,6,0,13.2,11.85,156.0,30.38,79.0
N D'souza,4,42,34.0,1,25,4,0,7.0,4.86,34.0,59.52,42.0
N Knights,1,12,8.0,1,5,1,0,2.0,4.0,8.0,41.67,12.0
JC Cullen,4,36,51.0,1,11,7,1,6.0,8.5,51.0,30.56,36.0
Anoop Orsu,3,30,53.0,1,7,3,1,5.0,10.6,53.0,23.33,30.0
AAM Eliane,3,54,77.0,1,17,9,0,9.0,8.56,77.0,31.48,54.0
T Pullman,1,18,26.0,1,7,3,0,3.0,8.67,26.0,38.89,18.0
B Ercegovcevic,1,6,6.0,1,4,2,2,1.0,6.0,6.0,66.67,6.0
CA Reid,2,78,63.0,1,51,3,0,13.0,4.85,63.0,65.38,78.0
L Vincent,3,24,24.0,1,16,0,0,4.0,6.0,24.0,66.67,24.0
S Stephen,6,108,119.0,1,49,1,0,18.0,6.61,119.0,45.37,108.0
S Sunday,2,18,12.0,1,9,0,0,3.0,4.0,12.0,50.0,18.0
S Tarawally,6,114,118.0,1,56,5,0,19.0,6.21,118.0,49.12,114.0
Emmanuella Nyaaba,1,24,26.0,1,7,4,1,4.0,6.5,26.0,29.17,24.0
Esam Rahman,9,84,125.0,1,33,5,3,14.0,8.93,125.0,39.29,84.0
F Bangur,6,84,106.0,1,33,8,3,14.0,7.57,106.0,39.29,84.0
F Bulpitt,1,18,23.0,1,6,3,2,3.0,7.67,23.0,33.33,18.0
Franz Bur,2,18,25.0,1,4,1,0,3.0,8.33,25.0,22.22,18.0
B Mosoaboli,3,54,55.0,1,27,10,0,9.0,6.11,55.0,50.0,54.0
Ankush Singh,1,12,11.0,1,7,2,1,2.0,5.5,11.0,58.33,12.0
J Broad,6,69,93.0,1,25,4,0,11.5,8.09,93.0,36.23,69.0
AW Mathieson,1,24,40.0,1,6,1,0,4.0,10.0,40.0,25.0,24.0
A Denuwan,3,38,50.0,1,9,2,0,6.3,7.89,50.0,23.68,38.0
L Solomone,1,9,11.0,1,5,0,0,1.5,7.33,11.0,55.56,9.0
LAS Sebastien,9,107,153.0,1,36,7,0,17.8,8.58,153.0,33.64,107.0
LC Romero,1,24,52.0,1,9,2,0,4.0,13.0,52.0,37.5,24.0
LE Milliken,1,48,37.0,1,32,1,0,8.0,4.62,37.0,66.67,48.0
K Mendon,2,36,34.0,1,21,4,0,6.0,5.67,34.0,58.33,36.0
K Nagnama,1,24,47.0,1,5,1,0,4.0,11.75,47.0,20.83,24.0
K Nanno,3,30,30.0,1,13,5,0,5.0,6.0,30.0,43.33,30.0
T Motlhabaphuti,2,18,21.0,1,8,1,1,3.0,7.0,21.0,44.44,18.0
T Mpandakwaya,2,24,35.0,1,10,0,3,4.0,8.75,35.0,41.67,24.0
Irshad Mubbashar,2,12,22.0,1,3,0,0,2.0,11.0,22.0,25.0,12.0
N Vare,2,12,19.0,1,3,0,0,2.0,9.5,19.0,25.0,12.0
TP Sudhindra,3,70,136.0,1,19,3,1,11.7,11.66,136.0,27.14,70.0
A Sathyan,1,12,16.0,1,6,4,0,2.0,8.0,16.0,50.0,12.0
JA Stiglitz,6,116,173.0,1,35,12,5,19.3,8.95,173.0,30.17,116.0
PA Wadenpohl,3,29,58.0,1,7,7,4,4.8,12.0,58.0,24.14,29.0
Dechen Zangmo,1,24,10.0,1,15,0,0,4.0,2.5,10.0,62.5,24.0
K Marasini,3,24,35.0,1,7,1,0,4.0,8.75,35.0,29.17,24.0
CC Blake,3,48,49.0,1,26,3,1,8.0,6.12,49.0,54.17,48.0
CE Taylor,1,102,40.0,1,83,0,0,17.0,2.35,40.0,81.37,102.0
CH Abeyratne,4,60,85.0,1,23,7,0,10.0,8.5,85.0,38.33,60.0
AV Lazarus,8,85,104.0,1,31,3,2,14.2,7.34,104.0,36.47,85.0
JA Miranda,3,42,66.0,1,21,6,1,7.0,9.43,66.0,50.0,42.0
JA Raval,2,84,34.0,1,58,0,0,14.0,2.43,34.0,69.05,84.0
TW Gray,1,12,18.0,1,3,0,0,2.0,9.0,18.0,25.0,12.0
Tabish Khan,1,156,68.0,1,129,0,0,26.0,2.62,68.0,82.69,156.0
Tafseer Ali,3,24,37.0,1,5,0,0,4.0,9.25,37.0,20.83,24.0
B Akhilesh Reddy,4,96,85.0,1,50,1,0,16.0,5.31,85.0,52.08,96.0
N Toleva,10,77,153.0,1,28,27,18,12.8,11.92,153.0,36.36,77.0
Anskumar Ahir,2,34,37.0,1,17,2,1,5.7,6.53,37.0,50.0,34.0
T Sarada,2,38,40.0,1,16,9,2,6.3,6.32,40.0,42.11,38.0
H Elder,2,30,32.0,1,18,5,1,5.0,6.4,32.0,60.0,30.0
E Isaneez,3,56,53.0,1,31,0,2,9.3,5.68,53.0,55.36,56.0
Salman Butt,10,206,196.0,1,105,0,4,34.3,5.71,196.0,50.97,206.0
S Vidyut,1,12,22.0,1,5,1,0,2.0,11.0,22.0,41.67,12.0
S Weerakoon,1,60,49.0,1,19,1,0,10.0,4.9,49.0,31.67,60.0
AS Jaggernauth,1,138,96.0,1,95,0,0,23.0,4.17,96.0,68.84,138.0
Dayal Joy,3,36,63.0,1,13,8,0,6.0,10.5,63.0,36.11,36.0
B George,6,75,129.0,1,23,8,1,12.5,10.32,129.0,30.67,75.0
B Karki,1,24,6.0,1,18,0,0,4.0,1.5,6.0,75.0,24.0
N Magagula,3,36,72.0,1,10,5,10,6.0,12.0,72.0,27.78,36.0
N Nankov,1,12,13.0,1,8,1,0,2.0,6.5,13.0,66.67,12.0
N Naranbaatar,7,102,234.0,1,24,14,9,17.0,13.76,234.0,23.53,102.0
HL Baker,2,78,77.0,1,27,4,0,13.0,5.92,77.0,34.62,78.0
SA Lewis,3,42,58.0,1,21,5,0,7.0,8.29,58.0,50.0,42.0
SA Pradhan,2,36,56.0,1,18,1,0,6.0,9.33,56.0,50.0,36.0
AS Taai,1,24,9.0,1,21,0,0,4.0,2.25,9.0,87.5,24.0
AS Tanke,2,60,58.0,1,34,8,0,10.0,5.8,58.0,56.67,60.0
L Leemhuis,3,36,52.0,1,21,10,0,6.0,8.67,52.0,58.33,36.0
L Maphane,2,7,15.0,1,1,0,1,1.2,12.86,15.0,14.29,7.0
L Enoch,1,6,6.0,1,3,0,0,1.0,6.0,6.0,50.0,6.0
L Gharasim,2,15,18.0,1,7,3,4,2.5,7.2,18.0,46.67,15.0
L Nou,2,42,39.0,1,19,0,0,7.0,5.57,39.0,45.24,42.0
A Djorovic,6,70,149.0,1,18,11,0,11.7,12.77,149.0,25.71,70.0
Yousif Wali,4,60,97.0,1,14,5,0,10.0,9.7,97.0,23.33,60.0
K Nima,1,18,22.0,1,5,0,0,3.0,7.33,22.0,27.78,18.0
HE van der Dussen,1,6,3.0,1,3,0,0,1.0,3.0,3.0,50.0,6.0
PAS McSween,2,24,53.0,1,10,3,2,4.0,13.25,53.0,41.67,24.0
P Raghunath,3,30,28.0,1,19,2,5,5.0,5.6,28.0,63.33,30.0
G Kuthalingham,2,36,33.0,1,17,2,1,6.0,5.5,33.0,47.22,36.0
TO Thilappan,3,54,85.0,1,11,3,0,9.0,9.44,85.0,20.37,54.0
NB Singh,2,24,15.0,1,16,1,0,4.0,3.75,15.0,66.67,24.0
T Shanmugam,3,36,37.0,1,21,2,0,6.0,6.17,37.0,58.33,36.0
T Singye,2,36,65.0,1,16,3,0,6.0,10.83,65.0,44.44,36.0
J Chialoufas,2,24,28.0,1,11,0,0,4.0,7.0,28.0,45.83,24.0
J Chirila,4,84,72.0,1,52,19,0,14.0,5.14,72.0,61.9,84.0
HK Badani,2,63,52.0,1,30,0,0,10.5,4.95,52.0,47.62,63.0
L Holt,3,30,52.0,1,10,0,0,5.0,10.4,52.0,33.33,30.0
L Kooagile,1,12,5.0,1,9,1,0,2.0,2.5,5.0,75.0,12.0
K Suwanchonrathi,1,12,12.0,1,5,2,0,2.0,6.0,12.0,41.67,12.0
Cynthia Konadu,1,24,31.0,1,9,1,0,4.0,7.75,31.0,37.5,24.0
L Bigula,2,36,37.0,1,16,2,2,6.0,6.17,37.0,44.44,36.0
L Botha,1,18,19.0,1,8,0,0,3.0,6.33,19.0,44.44,18.0
HK Kukreja,2,24,51.0,1,3,1,0,4.0,12.75,51.0,12.5,24.0
HK Olonga,2,42,29.0,1,34,1,8,7.0,4.14,29.0,80.95,42.0
J Dickinson,1,24,23.0,1,6,0,0,4.0,5.75,23.0,25.0,24.0
J Edmiston,2,24,38.0,1,12,21,0,4.0,9.5,38.0,50.0,24.0
J Erdenesuvd,8,150,182.0,1,47,10,3,25.0,7.28,182.0,31.33,150.0
AS Broomfield,1,12,8.0,1,5,0,0,2.0,4.0,8.0,41.67,12.0
Yuanyuan Cai,3,36,35.0,1,20,8,0,6.0,5.83,35.0,55.56,36.0
Yukthi Suresh,1,12,15.0,1,4,4,1,2.0,7.5,15.0,33.33,12.0
Z Abbasi,2,24,16.0,1,14,1,0,4.0,4.0,16.0,58.33,24.0
A Cheung,2,42,53.0,1,11,1,0,7.0,7.57,53.0,26.19,42.0
A Chilia,3,60,52.0,1,31,5,0,10.0,5.2,52.0,51.67,60.0
CJ Ana,3,54,62.0,1,36,16,1,9.0,6.89,62.0,66.67,54.0
Saeed Anwar,1,24,15.0,1,13,0,0,4.0,3.75,15.0,54.17,24.0
Saif Badar,1,12,15.0,1,5,1,0,2.0,7.5,15.0,41.67,12.0
T Shabani,4,66,32.0,1,46,3,0,11.0,2.91,32.0,69.7,66.0
G Ingabire,1,12,14.0,1,7,0,0,2.0,7.0,14.0,58.33,12.0
G Johnson,3,48,52.0,1,21,0,0,8.0,6.5,52.0,43.75,48.0
G Kansonkho,3,18,31.0,1,5,0,0,3.0,10.33,31.0,27.78,18.0
Krishna Chandran,6,228,250.0,1,95,2,0,38.0,6.58,250.0,41.67,228.0
Khan Arbaaz,2,18,20.0,1,8,3,1,3.0,6.67,20.0,44.44,18.0
SB Joshi,4,55,82.0,1,18,0,0,9.2,8.95,82.0,32.73,55.0
SB Odedra,1,162,50.0,1,135,0,1,27.0,1.85,50.0,83.33,162.0
AR Patwa,2,12,18.0,1,3,0,0,2.0,9.0,18.0,25.0,12.0
AR Perez Rivero,1,18,20.0,1,7,1,0,3.0,6.67,20.0,38.89,18.0
AR Shetty,2,39,59.0,1,16,12,2,6.5,9.08,59.0,41.03,39.0
P Gopalkrishnan,1,6,5.0,1,4,0,0,1.0,5.0,5.0,66.67,6.0
G Fernando,2,18,33.0,1,6,2,0,3.0,11.0,33.0,33.33,18.0
NJM Salima,2,18,12.0,1,13,2,1,3.0,4.0,12.0,72.22,18.0
Aryaa Kulkarni,2,21,22.0,1,13,4,3,3.5,6.29,22.0,61.9,21.0
P Alako,2,36,31.0,1,20,0,1,6.0,5.17,31.0,55.56,36.0
J Rokoro,4,42,62.0,1,11,11,4,7.0,8.86,62.0,26.19,42.0
JA Freeman,2,24,37.0,1,7,0,0,4.0,9.25,37.0,29.17,24.0
J Thirukkumaran,2,18,13.0,1,11,1,0,3.0,4.33,13.0,61.11,18.0
NH Naureen,1,18,32.0,1,10,0,0,3.0,10.67,32.0,55.56,18.0
J McAllister,1,6,7.0,1,3,2,0,1.0,7.0,7.0,50.0,6.0
J Mubarak,10,90,87.0,1,41,0,0,15.0,5.8,87.0,45.56,90.0
J Neill,3,216,188.0,1,126,6,2,36.0,5.22,188.0,58.33,216.0
NT Paranavitana,6,102,86.0,1,61,0,0,17.0,5.06,86.0,59.8,102.0
NT Pascal,4,156,148.0,1,98,4,11,26.0,5.69,148.0,62.82,156.0
P Chakraborty,1,12,1.0,1,11,0,0,2.0,0.5,1.0,91.67,12.0
E Mulenga,4,42,60.0,1,18,9,1,7.0,8.57,60.0,42.86,42.0
CK Hooper,2,67,88.0,1,34,5,0,11.2,7.88,88.0,50.75,67.0
AK Ahir,1,12,16.0,1,5,3,0,2.0,8.0,16.0,41.67,12.0
E Bourgaize,6,70,113.0,1,30,18,6,11.7,9.69,113.0,42.86,70.0
HA Daluwatta,6,37,70.0,1,15,16,5,6.2,11.35,70.0,40.54,37.0
HC Brook,8,180,127.0,1,122,0,1,30.0,4.23,127.0,67.78,180.0
HC Overdijk,1,12,11.0,1,5,1,0,2.0,5.5,11.0,41.67,12.0
SF Nhavotso,3,32,40.0,1,11,1,0,5.3,7.5,40.0,34.38,32.0
SD Bahadur,8,114,155.0,1,44,8,0,19.0,8.16,155.0,38.6,114.0
SD Outerbridge,1,6,11.0,1,1,0,0,1.0,11.0,11.0,16.67,6.0
AP Richardson,1,18,20.0,1,10,2,0,3.0,6.67,20.0,55.56,18.0
APS Sanchez,1,11,13.0,1,7,3,2,1.8,7.09,13.0,63.64,11.0
AR Beadle,2,48,61.0,1,11,0,0,8.0,7.62,61.0,22.92,48.0
SHA Sheth,1,12,13.0,1,8,0,0,2.0,6.5,13.0,66.67,12.0
Kim Rang,1,24,36.0,1,7,0,1,4.0,9.0,36.0,29.17,24.0
Kiyo Fujikawa,5,72,62.0,1,29,4,2,12.0,5.17,62.0,40.28,72.0
CH Stobo,1,12,13.0,1,5,0,0,2.0,6.5,13.0,41.67,12.0
CH van Koolwijk,2,18,21.0,1,8,3,1,3.0,7.0,21.0,44.44,18.0
D Bhaskara,4,50,70.0,1,20,4,2,8.3,8.4,70.0,40.0,50.0
D Bourne,2,30,32.0,1,16,6,0,5.0,6.4,32.0,53.33,30.0
K Tari,1,18,26.0,1,13,2,4,3.0,8.67,26.0,72.22,18.0
K Tereza,3,60,83.0,1,16,7,4,10.0,8.3,83.0,26.67,60.0
DB Chhetri,1,6,6.0,1,3,2,0,1.0,6.0,6.0,50.0,6.0
DB Ravi Teja,2,18,28.0,1,4,0,0,3.0,9.33,28.0,22.22,18.0
TL Lawford,6,90,141.0,1,26,1,1,15.0,9.4,141.0,28.89,90.0
Naiem Bameri,1,18,14.0,1,11,0,0,3.0,4.67,14.0,61.11,18.0
TJ Friend,4,51,67.0,1,21,5,1,8.5,7.88,67.0,41.18,51.0
TJ Mahe,3,42,76.0,1,16,8,6,7.0,10.86,76.0,38.1,42.0
TJ Ramphoma,1,4,0.0,1,4,0,0,0.7,0.0,0.0,100.0,4.0
Assad Mehmood,2,42,29.0,1,21,1,0,7.0,4.14,29.0,50.0,42.0
Ariful Haque,3,84,41.0,1,60,0,0,14.0,2.93,41.0,71.43,84.0
A van der Merwe,3,126,79.0,1,76,0,0,21.0,3.76,79.0,60.32,126.0
AA Banner,3,42,63.0,1,11,3,0,7.0,9.0,63.0,26.19,42.0
SJ Modani,3,18,8.0,1,11,0,0,3.0,2.67,8.0,61.11,18.0
EMDY Munaweera,6,66,106.0,1,17,6,0,11.0,9.64,106.0,25.76,66.0
EP Thompson,2,42,60.0,1,19,3,0,7.0,8.57,60.0,45.24,42.0
A Curavic,1,6,11.0,1,3,0,0,1.0,11.0,11.0,50.0,6.0
Z Motara,3,42,79.0,1,16,1,0,7.0,11.29,79.0,38.1,42.0
Kashif Bhatti,2,36,60.0,1,14,0,0,6.0,10.0,60.0,38.89,36.0
SJC Keen,2,24,38.0,1,5,0,1,4.0,9.5,38.0,20.83,24.0
SK Shetty,1,6,3.0,1,4,1,0,1.0,3.0,3.0,66.67,6.0
AP O'Connor,1,12,17.0,1,5,1,0,2.0,8.5,17.0,41.67,12.0
J Kann,3,30,76.0,1,6,0,0,5.0,15.2,76.0,20.0,30.0
Nasir Aziz,4,180,168.0,1,86,0,0,30.0,5.6,168.0,47.78,180.0
G Mugwaneza,1,12,17.0,1,7,3,0,2.0,8.5,17.0,58.33,12.0
TA Khetsi,2,24,45.0,1,11,4,0,4.0,11.25,45.0,45.83,24.0
J George,5,84,117.0,1,32,6,2,14.0,8.36,117.0,38.1,84.0
O Peters,5,72,123.0,1,23,2,1,12.0,10.25,123.0,31.94,72.0
SL Gomez,6,66,90.0,1,25,12,1,11.0,8.18,90.0,37.88,66.0
H Sawaneh,3,42,42.0,1,25,2,0,7.0,6.0,42.0,59.52,42.0
Kashif Siddique,1,2,1.0,1,1,0,0,0.3,3.0,1.0,50.0,2.0
Kate Awuah,3,66,88.0,1,28,6,1,11.0,8.0,88.0,42.42,66.0
H Gori,1,12,22.0,1,6,1,0,2.0,11.0,22.0,50.0,12.0
Sabah Nawab,1,24,24.0,1,10,2,0,4.0,6.0,24.0,41.67,24.0
Sabahat Rasheed,2,89,67.0,1,47,2,0,14.8,4.52,67.0,52.81,89.0
SJ Cook,1,186,119.0,1,136,1,0,31.0,3.84,119.0,73.12,186.0
G Ribeiro,3,18,19.0,1,8,1,1,3.0,6.33,19.0,44.44,18.0
TJ Bishop,1,18,25.0,1,7,0,0,3.0,8.33,25.0,38.89,18.0
AN Cook,2,18,7.0,1,14,0,0,3.0,2.33,7.0,77.78,18.0
AN Petersen,7,120,69.0,1,75,3,0,20.0,3.45,69.0,62.5,120.0
H Singh,3,24,44.0,1,5,1,0,4.0,11.0,44.0,20.83,24.0
H Virdee,1,12,26.0,1,4,0,0,2.0,13.0,26.0,33.33,12.0
Dunja Miskovic,3,65,68.0,1,36,18,1,10.8,6.28,68.0,55.38,65.0
E Bakiweyem,1,6,5.0,1,4,1,0,1.0,5.0,5.0,66.67,6.0
E Batkhuyag,2,23,38.0,1,5,2,0,3.8,9.91,38.0,21.74,23.0
SM Dhakal,2,36,43.0,1,14,1,0,6.0,7.17,43.0,38.89,36.0
KA Heffernan,2,36,29.0,1,21,3,0,6.0,4.83,29.0,58.33,36.0
KAC Wong,2,30,56.0,1,8,1,2,5.0,11.2,56.0,26.67,30.0
CV Fernandes Torres,1,12,10.0,1,11,4,1,2.0,5.0,10.0,91.67,12.0
CM Madsen,4,72,137.0,1,23,11,2,12.0,11.42,137.0,31.94,72.0
SKR Mallidi,2,18,34.0,1,8,2,0,3.0,11.33,34.0,44.44,18.0
AA Donald,3,149,133.0,1,91,5,1,24.8,5.36,133.0,61.07,149.0
AA Jhunjhunwala,10,85,129.0,1,28,3,0,14.2,9.11,129.0,32.94,85.0
J Jagroo,4,54,75.0,1,19,2,1,9.0,8.33,75.0,35.19,54.0
Nikhil Deshmukh,2,24,22.0,1,12,5,0,4.0,5.5,22.0,50.0,24.0
Naveed Fakhr,1,24,31.0,1,10,1,0,4.0,7.75,31.0,41.67,24.0
Navid Abdollahpour,1,18,24.0,1,11,2,0,3.0,8.0,24.0,61.11,18.0
Nazakat Ali,2,18,16.0,1,12,1,0,3.0,5.33,16.0,66.67,18.0
O Touray,2,18,46.0,1,3,0,0,3.0,15.33,46.0,16.67,18.0
OJ Hairs,1,12,19.0,1,4,1,0,2.0,9.5,19.0,33.33,12.0
OJ Herrington,2,24,39.0,1,9,4,0,4.0,9.75,39.0,37.5,24.0
O Isesele,4,60,104.0,1,13,2,0,10.0,10.4,104.0,21.67,60.0
SMHH Aung,1,6,17.0,1,1,1,0,1.0,17.0,17.0,16.67,6.0
SMR Ruelas,2,24,22.0,1,15,6,6,4.0,5.5,22.0,62.5,24.0
ZB Ender,2,24,29.0,1,15,14,2,4.0,7.25,29.0,62.5,24.0
ZE Matsinhe,5,72,89.0,1,35,3,0,12.0,7.42,89.0,48.61,72.0
ZK Shem,2,30,61.0,1,7,3,2,5.0,12.2,61.0,23.33,30.0
ZR Jaboneke,3,36,25.0,1,20,2,0,6.0,4.17,25.0,55.56,36.0
Zahid Abbas,2,30,32.0,1,9,0,0,5.0,6.4,32.0,30.0,30.0
Zahid Khan,6,72,98.0,1,32,3,0,12.0,8.17,98.0,44.44,72.0
SSD Arachchige,2,42,28.0,1,18,0,0,7.0,4.0,28.0,42.86,42.0
CR Suryawanshi,1,12,13.0,1,4,1,0,2.0,6.5,13.0,33.33,12.0
CR Swan,1,24,16.0,1,15,0,0,4.0,4.0,16.0,62.5,24.0
CS Terblanche,2,78,35.0,1,60,3,0,13.0,2.69,35.0,76.92,78.0
CP Rizwan,5,58,50.0,1,35,3,0,9.7,5.17,50.0,60.34,58.0
CP Simpson,1,18,25.0,1,7,2,0,3.0,8.33,25.0,38.89,18.0
KMC Bandara,2,66,94.0,1,22,1,0,11.0,8.55,94.0,33.33,66.0
KK Tillett,2,14,50.0,1,3,1,0,2.3,21.43,50.0,21.43,14.0
KL Britt,1,84,40.0,1,62,2,0,14.0,2.86,40.0,73.81,84.0
KL Pulford,1,24,17.0,1,9,0,0,4.0,4.25,17.0,37.5,24.0
KL Rolton,2,120,57.0,1,98,0,0,20.0,2.85,57.0,81.67,120.0
CMG Atkins,3,72,31.0,1,55,0,0,12.0,2.58,31.0,76.39,72.0
DG Brownlie,4,66,52.0,1,35,1,0,11.0,4.73,52.0,53.03,66.0
J Long,1,12,26.0,1,2,1,0,2.0,13.0,26.0,16.67,12.0
TCB Fernando,6,209,173.0,1,126,5,6,34.8,4.97,173.0,60.29,209.0
TF van Woerkom,3,54,85.0,1,13,1,0,9.0,9.44,85.0,24.07,54.0
MR Dorgan,1,6,13.0,1,2,2,0,1.0,13.0,13.0,33.33,6.0
MR Montfort,1,18,25.0,1,8,3,0,3.0,8.33,25.0,44.44,18.0
MO Bacarese,2,48,32.0,1,25,1,0,8.0,4.0,32.0,52.08,48.0
JN du Plooy,2,30,51.0,1,12,1,0,5.0,10.2,51.0,40.0,30.0
D Mogan,3,72,116.0,1,23,1,0,12.0,9.67,116.0,31.94,72.0
Zhao Tianle,2,24,55.0,1,8,1,0,4.0,13.75,55.0,33.33,24.0
Zheng Lili,7,130,99.0,1,74,6,0,21.7,4.57,99.0,56.92,130.0
Zwe Htet Paing,2,12,30.0,1,1,0,0,2.0,15.0,30.0,8.33,12.0
A Alfonso,1,24,15.0,1,16,2,0,4.0,3.75,15.0,66.67,24.0
A Amado,2,12,20.0,1,8,6,0,2.0,10.0,20.0,66.67,12.0
Zara Haider,1,12,15.0,1,6,2,1,2.0,7.5,15.0,50.0,12.0
Zayneb Fazil,5,88,117.0,1,44,18,0,14.7,7.98,117.0,50.0,88.0
Zeeshan Abbas,2,30,45.0,1,5,2,0,5.0,9.0,45.0,16.67,30.0
Zhang Xiangxue,4,48,45.0,1,27,7,0,8.0,5.62,45.0,56.25,48.0
SS Mundhe,1,6,6.0,1,4,1,0,1.0,6.0,6.0,66.67,6.0
SS Sarkar,2,25,34.0,1,4,0,0,4.2,8.16,34.0,16.0,25.0
Zahir Mohammed,1,6,23.0,0,1,1,0,1.0,23.0,23.0,16.67,6.0
A Bushell,1,6,7.0,0,2,0,0,1.0,7.0,7.0,33.33,6.0
KED Carroll,1,6,8.0,0,4,0,0,1.0,8.0,8.0,66.67,6.0
KH Prajapati,3,10,20.0,0,4,0,0,1.7,12.0,20.0,40.0,10.0
A Bidari,1,24,17.0,0,13,2,0,4.0,4.25,17.0,54.17,24.0
Zuber Sunasara,1,2,2.0,0,0,0,0,0.3,6.0,2.0,0.0,2.0
A Aitken,3,42,40.0,0,12,2,0,7.0,5.71,40.0,28.57,42.0
Zulqarnain Haider (2),1,18,7.0,0,13,2,0,3.0,2.33,7.0,72.22,18.0
SS Pawar,1,6,11.0,0,1,0,0,1.0,11.0,11.0,16.67,6.0
SS Upadhyay,1,54,59.0,0,17,0,0,9.0,6.56,59.0,31.48,54.0
AL Kandappah,1,1,4.0,0,0,0,0,0.2,24.0,4.0,0.0,1.0
AL Kerai,1,6,9.0,0,3,0,0,1.0,9.0,9.0,50.0,6.0
AL Kerrison,2,30,39.0,0,12,0,0,5.0,7.8,39.0,40.0,30.0
AL Tiwari,1,12,18.0,0,4,2,1,2.0,9.0,18.0,33.33,12.0
KOA Powell,1,6,0.0,0,6,0,0,1.0,0.0,0.0,100.0,6.0
KO Elliott,1,6,11.0,0,1,0,0,1.0,11.0,11.0,16.67,6.0
KNA Bandara,2,12,10.0,0,6,0,0,2.0,5.0,10.0,50.0,12.0
KN Mirchandani,3,53,56.0,0,20,5,0,8.8,6.34,56.0,37.74,53.0
Zaheer Ibrahim,1,6,3.0,0,3,0,0,1.0,3.0,3.0,50.0,6.0
KB Patil,1,12,9.0,0,7,2,0,2.0,4.5,9.0,58.33,12.0
KA Edwards,1,24,19.0,0,13,1,2,4.0,4.75,19.0,54.17,24.0
Karim Janat,1,6,30.0,0,0,0,0,1.0,30.0,30.0,0.0,6.0
Kamran Khan (2),1,10,42.0,0,0,1,0,1.7,25.2,42.0,0.0,10.0
Kalpesh Ahir,1,3,5.0,0,1,0,0,0.5,10.0,5.0,33.33,3.0
KV Mehta,1,12,13.0,0,5,0,0,2.0,6.5,13.0,41.67,12.0
KU Carty,4,28,30.0,0,12,2,0,4.7,6.43,30.0,42.86,28.0
CM Scott,1,6,5.0,0,3,2,0,1.0,5.0,5.0,50.0,6.0
CJM Sabburg,1,6,5.0,0,1,0,0,1.0,5.0,5.0,16.67,6.0
Kashif Abbas,1,6,12.0,0,1,0,0,1.0,12.0,12.0,16.67,6.0
Karweng NG,3,54,81.0,0,18,0,2,9.0,9.0,81.0,33.33,54.0
AJ Strauss,1,6,3.0,0,4,0,0,1.0,3.0,3.0,66.67,6.0
Saad Nasim,4,48,67.0,0,16,1,0,8.0,8.38,67.0,33.33,48.0
SZ Mulani,2,30,57.0,0,7,3,0,5.0,11.4,57.0,23.33,30.0
H Karunaratne,9,126,143.0,0,46,4,1,21.0,6.81,143.0,36.51,126.0
H Ivanov,1,12,11.0,0,7,1,0,2.0,5.5,11.0,58.33,12.0
H Goto,1,6,11.0,0,2,3,0,1.0,11.0,11.0,33.33,6.0
H Sharma,2,30,57.0,0,4,0,0,5.0,11.4,57.0,13.33,30.0
H Shah,3,60,55.0,0,36,0,0,10.0,5.5,55.0,60.0,60.0
SM Ariyasinghage,1,6,16.0,0,1,1,1,1.0,16.0,16.0,16.67,6.0
SL Clephane,1,12,30.0,0,2,5,0,2.0,15.0,30.0,16.67,12.0
SM Kavanagh,3,66,92.0,0,23,8,0,11.0,8.36,92.0,34.85,66.0
H Sin Yee,1,12,17.0,0,5,5,0,2.0,8.5,17.0,41.67,12.0
H Klaasen,3,36,47.0,0,10,0,0,6.0,7.83,47.0,27.78,36.0
AMN Andersen,1,10,18.0,0,3,4,0,1.7,10.8,18.0,30.0,10.0
AMA Dewar,1,6,11.0,0,1,1,0,1.0,11.0,11.0,16.67,6.0
AM Tribe,5,48,50.0,0,19,1,0,8.0,6.25,50.0,39.58,48.0
HAG Madhushanka,2,18,36.0,0,5,0,0,3.0,12.0,36.0,27.78,18.0
E Chance,5,48,76.0,0,19,4,5,8.0,9.5,76.0,39.58,48.0
Sadaf Shamas,1,6,11.0,0,2,1,0,1.0,11.0,11.0,33.33,6.0
Sachin Ganpat Shinde,2,24,65.0,0,5,2,1,4.0,16.25,65.0,20.83,24.0
Sabreen Zaki,3,30,42.0,0,13,5,0,5.0,8.4,42.0,43.33,30.0
AK Perera,4,42,50.0,0,17,0,0,7.0,7.14,50.0,40.48,42.0
AK Muslar,1,24,36.0,0,7,1,0,4.0,9.0,36.0,29.17,24.0
AR Naidoo,2,18,52.0,0,1,0,0,3.0,17.33,52.0,5.56,18.0
AR Menon,1,6,12.0,0,1,0,0,1.0,12.0,12.0,16.67,6.0
AR Keath,1,6,27.0,0,0,0,0,1.0,27.0,27.0,0.0,6.0
AR Balla,1,6,16.0,0,1,2,0,1.0,16.0,16.0,16.67,6.0
AQM Yako,1,18,10.0,0,10,2,0,3.0,3.33,10.0,55.56,18.0
SK Yadav,1,48,39.0,0,32,0,0,8.0,4.88,39.0,66.67,48.0
SK Sonpethkar,1,24,32.0,0,8,2,3,4.0,8.0,32.0,33.33,24.0
SK Rana,1,6,5.0,0,3,0,1,1.0,5.0,5.0,50.0,6.0
SK Burke,1,24,13.0,0,18,0,1,4.0,3.25,13.0,75.0,24.0
HH Dippenaar,1,12,1.0,0,11,0,0,2.0,0.5,1.0,91.67,12.0
H Doriga,10,66,99.0,0,28,10,0,11.0,9.0,99.0,42.42,66.0
Saira Jabeen,4,25,44.0,0,10,7,0,4.2,10.56,44.0,40.0,25.0
Said Hakim,3,42,58.0,0,17,5,0,7.0,8.29,58.0,40.48,42.0
Saee Parkhi,5,57,72.0,0,25,5,2,9.5,7.58,72.0,43.86,57.0
AS Dean,1,12,14.0,0,6,0,0,2.0,7.0,14.0,50.0,12.0
ARH Patel,1,6,3.0,0,5,1,0,1.0,3.0,3.0,83.33,6.0
SB Pokharkar,2,24,35.0,0,11,0,1,4.0,8.75,35.0,45.83,24.0
SB Keerthana,3,30,43.0,0,7,0,0,5.0,8.6,43.0,23.33,30.0
SF Burger,2,66,67.0,0,26,2,0,11.0,6.09,67.0,39.39,66.0
SDM Herath,1,12,10.0,0,8,4,2,2.0,5.0,10.0,66.67,12.0
SD Heazlett,1,6,15.0,0,1,0,0,1.0,15.0,15.0,16.67,6.0
SD Diwan Ali,1,18,27.0,0,5,6,0,3.0,9.0,27.0,27.78,18.0
SC Kerrigan,1,48,53.0,0,23,0,1,8.0,6.62,53.0,47.92,48.0
SC Cook,1,12,16.0,0,6,0,0,2.0,8.0,16.0,50.0,12.0
HD Rutherford,1,6,2.0,0,4,0,0,1.0,2.0,2.0,66.67,6.0
S Wykes-Templeman,1,5,22.0,0,0,2,11,0.8,26.4,22.0,0.0,5.0
S Weleilakeba,2,18,33.0,0,4,2,0,3.0,11.0,33.0,22.22,18.0
S Wankhade,2,24,51.0,0,9,7,0,4.0,12.75,51.0,37.5,24.0
S Vig,2,24,18.0,0,13,0,0,4.0,4.5,18.0,54.17,24.0
Sajid Safi,1,6,15.0,0,1,0,0,1.0,15.0,15.0,16.67,6.0
Sajid Patel,1,0,1.0,0,0,1,0,0.0,6.0,1.0,0.0,0.0
E Gebhard,2,21,34.0,0,14,11,4,3.5,9.71,34.0,66.67,21.0
E Frosler,1,12,18.0,0,6,0,0,2.0,9.0,18.0,50.0,12.0
HE Whelan,1,42,25.0,0,28,0,0,7.0,3.57,25.0,66.67,42.0
SA Dias,1,4,14.0,0,1,1,2,0.7,21.0,14.0,25.0,4.0
S von Berg,1,174,100.0,0,114,0,0,29.0,3.45,100.0,65.52,174.0
AS Wikman,4,31,47.0,0,12,4,0,5.2,9.1,47.0,38.71,31.0
AS Samra,4,36,68.0,0,8,5,0,6.0,11.33,68.0,22.22,36.0
AS Raut,5,30,44.0,0,7,0,0,5.0,8.8,44.0,23.33,30.0
SA van Breda,2,18,23.0,0,8,0,0,3.0,7.67,23.0,44.44,18.0
HH Gibbs,1,6,4.0,0,5,0,0,1.0,4.0,4.0,83.33,6.0
HM Amla,5,54,37.0,0,32,0,0,9.0,4.11,37.0,59.26,54.0
AW Summers,3,66,93.0,0,19,6,2,11.0,8.45,93.0,28.79,66.0
AUK Pathan,3,39,63.0,0,9,2,0,6.5,9.69,63.0,23.08,39.0
San Nyo Htwe,1,6,5.0,0,5,1,0,1.0,5.0,5.0,83.33,6.0
Samiullah Khan,2,120,115.0,0,61,2,1,20.0,5.75,115.0,50.83,120.0
Sami Faridi,1,36,27.0,0,22,1,0,6.0,4.5,27.0,61.11,36.0
Sameer Minhas,1,6,9.0,0,4,0,1,1.0,9.0,9.0,66.67,6.0
AJ Healy,1,12,12.0,0,6,0,0,2.0,6.0,12.0,50.0,12.0
AJ Blackwell,1,6,1.0,0,6,1,0,1.0,1.0,1.0,100.0,6.0
S Toffoletto,1,1,2.0,0,0,1,0,0.2,12.0,2.0,0.0,1.0
S Tobgay,1,24,50.0,0,6,0,0,4.0,12.5,50.0,25.0,24.0
Deep Harian,1,12,18.0,0,5,1,0,2.0,9.0,18.0,41.67,12.0
HM Watson,1,42,25.0,0,31,1,0,7.0,3.57,25.0,73.81,42.0
HM Omary,1,12,7.0,0,6,0,0,2.0,3.5,7.0,50.0,12.0
AS Nadkarni,1,12,13.0,0,8,3,0,2.0,6.5,13.0,66.67,12.0
AS Kumaran,1,1,6.0,0,0,0,0,0.2,36.0,6.0,0.0,1.0
S Raveendrakumar,1,12,18.0,0,4,1,2,2.0,9.0,18.0,33.33,12.0
S Ramakrishnan,2,24,46.0,0,6,4,0,4.0,11.5,46.0,25.0,24.0
S Pattenden,5,36,57.0,0,13,15,6,6.0,9.5,57.0,36.11,36.0
Sanjana Rao,1,6,6.0,0,3,0,1,1.0,6.0,6.0,50.0,6.0
Sangay Yangzom,3,30,48.0,0,7,2,0,5.0,9.6,48.0,23.33,30.0
H Dassanayake,2,18,17.0,0,13,5,0,3.0,5.67,17.0,72.22,18.0
S Rokuad,1,24,32.0,0,9,1,1,4.0,8.0,32.0,37.5,24.0
HW Rambaldo,2,26,28.0,0,8,0,0,4.3,6.46,28.0,30.77,26.0
HS Bedi,1,12,18.0,0,3,0,0,2.0,9.0,18.0,25.0,12.0
Dilini Ishara,1,6,5.0,0,3,2,0,1.0,5.0,5.0,50.0,6.0
ASCLD Faria,2,24,35.0,0,11,10,1,4.0,8.75,35.0,45.83,24.0
S Singh,1,6,8.0,0,2,0,0,1.0,8.0,8.0,33.33,6.0
S Shermatov,1,6,31.0,0,0,0,0,1.0,31.0,31.0,0.0,6.0
S Sheridan,3,24,33.0,0,12,9,3,4.0,8.25,33.0,50.0,24.0
S Sandeepani,1,6,11.0,0,1,0,0,1.0,11.0,11.0,16.67,6.0
HM Bandara,1,12,11.0,0,7,4,0,2.0,5.5,11.0,58.33,12.0
Saqlain Sajib,1,21,40.0,0,5,1,0,3.5,11.43,40.0,23.81,21.0
Saqib Naveed,3,30,85.0,0,3,7,1,5.0,17.0,85.0,10.0,30.0
Sapan Mehta,1,6,9.0,0,3,0,0,1.0,9.0,9.0,50.0,6.0
Santosh Yadav,1,6,11.0,0,1,0,0,1.0,11.0,11.0,16.67,6.0
Sanjida Islam,1,6,12.0,0,3,1,1,1.0,12.0,12.0,50.0,6.0
S Mongar,1,6,11.0,0,2,2,1,1.0,11.0,11.0,33.33,6.0
S Midhun,1,12,27.0,0,4,1,0,2.0,13.5,27.0,33.33,12.0
S McGiffin,2,12,23.0,0,2,1,0,2.0,11.5,23.0,16.67,12.0
Haliam Kwon,2,30,46.0,0,10,8,2,5.0,9.2,46.0,33.33,30.0
Hailey Wong,1,12,17.0,0,3,0,0,2.0,8.5,17.0,25.0,12.0
Habibul Bashar,2,54,23.0,0,34,0,0,9.0,2.56,23.0,62.96,54.0
Habiba Islam,1,12,20.0,0,3,1,0,2.0,10.0,20.0,25.0,12.0
Aashita Gupta,1,2,3.0,0,1,0,1,0.3,9.0,3.0,50.0,2.0
Aamer Azmat,1,6,3.0,0,4,1,0,1.0,3.0,3.0,66.67,6.0
AWJ Auguste,1,18,12.0,0,10,0,0,3.0,4.0,12.0,55.56,18.0
Dhruv Jurel,1,6,1.0,0,5,0,0,1.0,1.0,1.0,83.33,6.0
S Gulecha,3,48,50.0,0,18,0,0,8.0,6.25,50.0,37.5,48.0
Gabor Torok,1,2,5.0,0,0,0,0,0.3,15.0,5.0,0.0,2.0
AG Baldie,1,36,24.0,0,21,2,0,6.0,4.0,24.0,58.33,36.0
Seemana KC,2,30,38.0,0,9,5,0,5.0,7.6,38.0,30.0,30.0
Sazzad Hosen,1,12,22.0,0,2,0,0,2.0,11.0,22.0,16.67,12.0
Sarkar Ameji,2,36,45.0,0,15,0,0,6.0,7.5,45.0,41.67,36.0
Sarfraz Ahmed,2,16,21.0,0,7,0,0,2.7,7.88,21.0,43.75,16.0
Abdul Rauf,1,18,35.0,0,3,0,1,3.0,11.67,35.0,16.67,18.0
Happy Kumari,1,6,10.0,0,1,2,0,1.0,10.0,10.0,16.67,6.0
Hannan Sarkar,1,3,13.0,0,0,0,0,0.5,26.0,13.0,0.0,3.0
Hamza Khan,2,12,21.0,0,4,0,0,2.0,10.5,21.0,33.33,12.0
S Khatri,2,30,58.0,0,11,8,4,5.0,11.6,58.0,36.67,30.0
S Linden,1,12,23.0,0,4,1,2,2.0,11.5,23.0,33.33,12.0
S Kubheka,5,48,96.0,0,13,9,0,8.0,12.0,96.0,27.08,48.0
S Kruger,1,24,25.0,0,7,0,0,4.0,6.25,25.0,29.17,24.0
S Kollery,1,12,15.0,0,4,0,0,2.0,7.5,15.0,33.33,12.0
S Draunivudi,2,30,52.0,0,11,2,0,5.0,10.4,52.0,36.67,30.0
Hashir Hussain,1,6,10.0,0,0,0,0,1.0,10.0,10.0,0.0,6.0
Haroon Shahid,1,18,31.0,0,6,1,0,3.0,10.33,31.0,33.33,18.0
DS Wesonga,1,12,15.0,0,5,0,0,2.0,7.5,15.0,41.67,12.0
Sefu Athumani,1,1,6.0,0,0,0,0,0.2,36.0,6.0,0.0,1.0
AH Thomson,1,30,47.0,0,8,3,2,5.0,9.4,47.0,26.67,30.0
AGR Loudon,1,36,36.0,0,14,1,0,6.0,6.0,36.0,38.89,36.0
Gulbadin Naib,1,6,12.0,0,1,0,0,1.0,12.0,12.0,16.67,6.0
Ghayour Ahmad,2,24,35.0,0,7,1,0,4.0,8.75,35.0,29.17,24.0
S Galabova,5,36,86.0,0,8,22,10,6.0,14.33,86.0,22.22,36.0
S Franklin,2,24,37.0,0,5,6,1,4.0,9.25,37.0,20.83,24.0
S Foster,5,36,61.0,0,11,0,0,6.0,10.17,61.0,30.56,36.0
S Forbes,2,12,17.0,0,3,0,3,2.0,8.5,17.0,25.0,12.0
Abdul Makda,3,42,58.0,0,18,3,0,7.0,8.29,58.0,42.86,42.0
S Ivetic,2,6,5.0,0,4,2,0,1.0,5.0,5.0,66.67,6.0
S Hunter,3,42,40.0,0,19,0,0,7.0,5.71,40.0,45.24,42.0
ADS Fletcher,6,46,54.0,0,19,1,0,7.7,7.04,54.0,41.3,46.0
ADJ Pitcher,1,37,38.0,0,16,1,0,6.2,6.16,38.0,43.24,37.0
Shahid Arshad,1,6,17.0,0,1,0,0,1.0,17.0,17.0,16.67,6.0
Shaheryar Butt,2,7,18.0,0,2,0,0,1.2,15.43,18.0,28.57,7.0
Ryan Adams,3,36,70.0,0,9,0,0,6.0,11.67,70.0,25.0,36.0
Rumeysa Alp,1,18,30.0,0,7,0,0,3.0,10.0,30.0,38.89,18.0
Roshni Ramesh,1,6,11.0,0,3,4,1,1.0,11.0,11.0,50.0,6.0
S Brunsgaard,2,12,26.0,0,7,6,3,2.0,13.0,26.0,58.33,12.0
S Bevin,1,2,14.0,0,0,2,6,0.3,42.0,14.0,0.0,2.0
DS Smith,3,23,20.0,0,9,1,0,3.8,5.22,20.0,39.13,23.0
S Dadswell,1,6,8.0,0,1,0,0,1.0,8.0,8.0,16.67,6.0
S Clarke,1,6,11.0,0,2,1,0,1.0,11.0,11.0,33.33,6.0
S Chattergoon,1,42,30.0,0,18,0,0,7.0,4.29,30.0,42.86,42.0
S Chandnani,1,6,9.0,0,2,0,0,1.0,9.0,9.0,33.33,6.0
S Elayaperumal,1,6,11.0,0,1,0,0,1.0,11.0,11.0,16.67,6.0
S Dzimau,2,7,11.0,0,3,2,0,1.2,9.43,11.0,42.86,7.0
Rhyda Ofori,1,12,13.0,0,3,0,2,2.0,6.5,13.0,25.0,12.0
Razmal Shigiwal,1,18,19.0,0,7,0,0,3.0,6.33,19.0,38.89,18.0
Shamsur Rahman,2,12,18.0,0,3,0,0,2.0,9.0,18.0,25.0,12.0
Shakerullah Safi,2,18,25.0,0,7,0,0,3.0,8.33,25.0,38.89,18.0
AE Moe,1,6,7.0,0,2,1,0,1.0,7.0,7.0,33.33,6.0
Adnan Syed,2,25,39.0,0,8,3,0,4.2,9.36,39.0,32.0,25.0
Adnan Shnwarei,2,18,23.0,0,8,2,0,3.0,7.67,23.0,44.44,18.0
Adnan Rasool,2,36,67.0,0,13,5,0,6.0,11.17,67.0,36.11,36.0
Adnan Gondal,1,12,5.0,0,8,0,0,2.0,2.5,5.0,66.67,12.0
Riyaz Kajalwala,1,3,14.0,0,0,0,0,0.5,28.0,14.0,0.0,3.0
Rizwan Ahmed,1,24,26.0,0,7,2,0,4.0,6.5,26.0,29.17,24.0
Rizpha Bano,2,12,13.0,0,4,1,0,2.0,6.5,13.0,33.33,12.0
Hor Siv na,4,54,36.0,0,35,7,1,9.0,4.0,36.0,64.81,54.0
Hein Zin Aung,1,6,13.0,0,0,0,0,1.0,13.0,13.0,0.0,6.0
Hawwa Shaaiqa,1,6,15.0,0,3,3,3,1.0,15.0,15.0,50.0,6.0
Hawwa Ifasha,1,6,16.0,0,0,0,2,1.0,16.0,16.0,0.0,6.0
Shathira Jakir,1,18,22.0,0,9,1,0,3.0,7.33,22.0,50.0,18.0
Shan Siddiqui,2,24,31.0,0,9,3,1,4.0,7.75,31.0,37.5,24.0
GS Ballance,2,12,5.0,0,10,0,0,2.0,2.5,5.0,83.33,12.0
GR Russ,2,18,52.0,0,3,1,1,3.0,17.33,52.0,16.67,18.0
GM Strydom,2,30,24.0,0,13,0,0,5.0,4.8,24.0,43.33,30.0
Ravinder Gill,1,12,19.0,0,6,0,0,2.0,9.5,19.0,50.0,12.0
Rashidatu Salia,2,30,44.0,0,10,3,0,5.0,8.8,44.0,33.33,30.0
Rashid Zia,2,59,69.0,0,29,0,0,9.8,7.02,69.0,49.15,59.0
Rashid Khan (2),1,24,19.0,0,14,3,0,4.0,4.75,19.0,58.33,24.0
Rashad Al Balushi,1,2,7.0,0,0,2,0,0.3,21.0,7.0,0.0,2.0
Rameez Shahzad,2,30,33.0,0,13,4,0,5.0,6.6,33.0,43.33,30.0
Ramanjot Singh,2,18,31.0,0,3,0,0,3.0,10.33,31.0,16.67,18.0
Ram Krishan,1,6,16.0,0,1,0,0,1.0,16.0,16.0,16.67,6.0
Rithika Rajith,2,24,27.0,0,12,4,3,4.0,6.75,27.0,50.0,24.0
Rishitha Rajith,1,6,7.0,0,3,3,0,1.0,7.0,7.0,50.0,6.0
Rida Syeda,3,48,120.0,0,7,14,6,8.0,15.0,120.0,14.58,48.0
I Koroma,1,12,11.0,0,3,2,0,2.0,5.5,11.0,25.0,12.0
AC Frame,1,21,26.0,0,11,1,0,3.5,7.43,26.0,52.38,21.0
Shonaya Mehta,2,15,33.0,0,3,1,9,2.5,13.2,33.0,20.0,15.0
Shenjian Zheng,1,6,32.0,0,1,0,1,1.0,32.0,32.0,16.67,6.0
Shehzad Gul,2,42,78.0,0,13,1,2,7.0,11.14,78.0,30.95,42.0
Shawaal Zulfiqar,1,4,5.0,0,2,0,0,0.7,7.5,5.0,50.0,4.0
RW Sims,1,18,18.0,0,8,0,0,3.0,6.0,18.0,44.44,18.0
RV Uthappa,1,2,0.0,0,2,0,0,0.3,0.0,0.0,100.0,2.0
RV Patel,1,18,22.0,0,5,2,0,3.0,7.33,22.0,27.78,18.0
RT Raghavan,1,6,9.0,0,2,2,1,1.0,9.0,9.0,33.33,6.0
RS Morton,3,36,30.0,0,24,2,1,6.0,5.0,30.0,66.67,36.0
Rafaqat Ali,1,6,25.0,0,0,2,1,1.0,25.0,25.0,0.0,6.0
I Kaia,4,40,31.0,0,19,0,0,6.7,4.65,31.0,47.5,40.0
Hung Ying Ho,2,24,12.0,0,18,3,0,4.0,3.0,12.0,75.0,24.0
Raghvi Bist,1,6,11.0,0,1,0,0,1.0,11.0,11.0,16.67,6.0
Ahmed Al Zadjali,1,6,15.0,0,1,0,0,1.0,15.0,15.0,16.67,6.0
I Siriwardanalage,1,6,16.0,0,3,4,5,1.0,16.0,16.0,50.0,6.0
GJ McCarter,2,66,68.0,0,29,0,0,11.0,6.18,68.0,43.94,66.0
Shubman Gill,4,37,34.0,0,19,0,0,6.2,5.51,34.0,51.35,37.0
AD Hales,1,18,2.0,0,16,0,0,3.0,0.67,2.0,88.89,18.0
AD Diwan Ali,2,18,29.0,0,5,6,3,3.0,9.67,29.0,27.78,18.0
Ahmed Raid,1,12,14.0,0,1,0,0,2.0,7.0,14.0,8.33,12.0
I Katzarski,2,12,25.0,0,2,2,0,2.0,12.5,25.0,16.67,12.0
RR Pawson,1,12,32.0,0,1,0,1,2.0,16.0,32.0,8.33,12.0
RR Bose,1,12,24.0,0,5,0,0,2.0,12.0,24.0,41.67,12.0
RR Bhatkal,1,12,35.0,0,0,0,0,2.0,17.5,35.0,0.0,12.0
RR Behera,1,6,5.0,0,1,0,0,1.0,5.0,5.0,16.67,6.0
RR Saun,1,12,17.0,0,2,1,0,2.0,8.5,17.0,16.67,12.0
DP Sibley,1,6,7.0,0,5,0,3,1.0,7.0,7.0,83.33,6.0
I Master,3,30,56.0,0,7,3,0,5.0,11.2,56.0,23.33,30.0
I Maraj,1,27,22.0,0,15,0,0,4.5,4.89,22.0,55.56,27.0
I Malhotra,1,6,23.0,0,0,0,0,1.0,23.0,23.0,0.0,6.0
RJ Alimohamed,1,5,13.0,0,1,1,0,0.8,15.6,13.0,20.0,5.0
RGA Amah,1,12,19.0,0,4,2,0,2.0,9.5,19.0,33.33,12.0
RG Mukasa,2,42,40.0,0,20,0,0,7.0,5.71,40.0,47.62,42.0
Smriti Anand,2,18,21.0,0,7,0,1,3.0,7.0,21.0,38.89,18.0
Skhawat Ali,1,48,68.0,0,11,1,0,8.0,8.5,68.0,22.92,48.0
GL Walker,1,18,47.0,0,6,2,0,3.0,15.67,47.0,33.33,18.0
GL Adams,2,30,29.0,0,12,1,0,5.0,5.8,29.0,40.0,30.0
GK Ghalley,1,6,13.0,0,0,3,0,1.0,13.0,13.0,0.0,6.0
GJ Snyman,1,6,12.0,0,0,0,0,1.0,12.0,12.0,0.0,6.0
DR Flynn,4,30,26.0,0,16,0,0,5.0,5.2,26.0,53.33,30.0
Akbar-ur-Rehman,3,24,29.0,0,9,0,0,4.0,7.25,29.0,37.5,24.0
Akash Waduwalage,1,18,21.0,0,5,2,0,3.0,7.0,21.0,27.78,18.0
Akash Babu,1,6,11.0,0,2,0,0,1.0,11.0,11.0,33.33,6.0
RK Willis,1,12,14.0,0,4,0,0,2.0,7.0,14.0,33.33,12.0
RK Raval,1,6,9.0,0,3,4,0,1.0,9.0,9.0,50.0,6.0
RM D'Souza,1,6,15.0,0,1,2,0,1.0,15.0,15.0,16.67,6.0
RA Shaikh,1,6,11.0,0,1,0,0,1.0,11.0,11.0,16.67,6.0
Alfredo Puentes,1,2,6.0,0,0,0,0,0.3,18.0,6.0,0.0,2.0
Sonal Sengar,2,12,26.0,0,4,10,4,2.0,13.0,26.0,33.33,12.0
Sohail Akhtar,1,1,0.0,0,1,0,0,0.2,0.0,0.0,100.0,1.0
Sohaibullah,1,18,26.0,0,5,1,0,3.0,8.67,26.0,27.78,18.0
Sobu George,1,6,19.0,0,1,0,0,1.0,19.0,19.0,16.67,6.0
Snir Massil,1,1,4.0,0,0,0,0,0.2,24.0,4.0,0.0,1.0
Sneha Shankar,1,4,7.0,0,1,0,0,0.7,10.5,7.0,25.0,4.0
RE Francis,2,30,30.0,0,17,2,0,5.0,6.0,30.0,56.67,30.0
RD Penalba,1,12,11.0,0,4,2,0,2.0,5.5,11.0,33.33,12.0
DM Washington,1,174,93.0,0,124,0,2,29.0,3.21,93.0,71.26,174.0
DM Kavinisseri,1,18,21.0,0,10,5,0,3.0,7.0,21.0,55.56,18.0
I Wijesundera,1,210,127.0,0,151,1,1,35.0,3.63,127.0,71.9,210.0
RJ Quiney,2,150,29.0,0,132,1,0,25.0,1.16,29.0,88.0,150.0
RJ Gibson,1,6,10.0,0,1,0,0,1.0,10.0,10.0,16.67,6.0
RJ Campbell,2,36,40.0,0,15,1,0,6.0,6.67,40.0,41.67,36.0
E Kuyumcu,3,18,36.0,0,7,3,1,3.0,12.0,36.0,38.89,18.0
E Kuchey,5,66,96.0,0,24,1,0,11.0,8.73,96.0,36.36,66.0
GI Maiden,1,12,14.0,0,7,0,0,2.0,7.0,14.0,58.33,12.0
GI Gokoel,3,24,41.0,0,6,1,0,4.0,10.25,41.0,25.0,24.0
Soung Seav,1,4,13.0,0,1,2,3,0.7,19.5,13.0,25.0,4.0
Song Yangyang,2,18,29.0,0,6,2,0,3.0,9.67,29.0,33.33,18.0
RA Clarke,1,6,16.0,0,0,0,0,1.0,16.0,16.0,0.0,6.0
RA Birch,2,108,48.0,0,81,0,0,18.0,2.67,48.0,75.0,108.0
DL Hemp,2,60,73.0,0,26,2,1,10.0,7.3,73.0,43.33,60.0
DL Blake,1,6,7.0,0,2,0,0,1.0,7.0,7.0,33.33,6.0
IH Romaine,5,79,90.0,0,29,0,1,13.2,6.84,90.0,36.71,79.0
RD Cespedes,1,12,24.0,0,1,1,0,2.0,12.0,24.0,8.33,12.0
RAJ Smith,2,41,66.0,0,15,1,0,6.8,9.66,66.0,36.59,41.0
RA Wiggins,1,6,24.0,0,3,2,1,1.0,24.0,24.0,50.0,6.0
RA Tripathi,1,6,12.0,0,0,0,0,1.0,12.0,12.0,0.0,6.0
RA Tappin,1,12,19.0,0,3,4,0,2.0,9.5,19.0,25.0,12.0
IS Mananelage,1,6,8.0,0,1,2,0,1.0,8.0,8.0,16.67,6.0
Sumit Kumar,2,20,38.0,0,4,2,0,3.3,11.4,38.0,20.0,20.0
Sumayya Abdul,4,66,107.0,0,11,6,1,11.0,9.73,107.0,16.67,66.0
AB Sharma,1,1,4.0,0,0,0,0,0.2,24.0,4.0,0.0,1.0
AB Martinez,4,49,58.0,0,33,21,12,8.2,7.1,58.0,67.35,49.0
AB Fudadin,1,30,11.0,0,24,0,0,5.0,2.2,11.0,80.0,30.0
Suheda Hancer,2,24,20.0,0,12,4,0,4.0,5.0,20.0,50.0,24.0
Ali Naqi,3,36,45.0,0,12,4,1,6.0,7.5,45.0,33.33,36.0
Ali Muaaz,1,1,1.0,0,0,0,0,0.2,6.0,1.0,0.0,1.0
R Rohan,1,6,7.0,0,3,1,0,1.0,7.0,7.0,50.0,6.0
R Pathan,1,12,24.0,0,2,0,0,2.0,12.0,24.0,16.67,12.0
R Overman,1,18,15.0,0,8,0,2,3.0,5.0,15.0,44.44,18.0
IGTR Kumara,1,12,13.0,0,5,0,0,2.0,6.5,13.0,41.67,12.0
DP Hernandez,1,6,13.0,0,3,3,4,1.0,13.0,13.0,50.0,6.0
R Sutton,1,6,6.0,0,4,4,0,1.0,6.0,6.0,66.67,6.0
R Sanjay Yadav,1,12,23.0,0,6,2,0,2.0,11.5,23.0,50.0,12.0
R Jones,1,12,19.0,0,6,0,0,2.0,9.5,19.0,50.0,12.0
R Jeyakumar,1,12,12.0,0,7,4,0,2.0,6.0,12.0,58.33,12.0
R Home,1,6,8.0,0,1,1,1,1.0,8.0,8.0,16.67,6.0
R Goyal,1,24,33.0,0,7,0,0,4.0,8.25,33.0,29.17,24.0
R Goodwin,1,12,21.0,0,5,2,0,2.0,10.5,21.0,41.67,12.0
Sweeta Corda,3,24,46.0,0,9,9,2,4.0,11.5,46.0,37.5,24.0
Suryansh Shedge,4,60,119.0,0,13,2,3,10.0,11.9,119.0,21.67,60.0
Sunny Gupta,1,18,47.0,0,0,1,0,3.0,15.67,47.0,0.0,18.0
Sunjidmaa Phillips,2,35,71.0,0,8,7,1,5.8,12.17,71.0,22.86,35.0
Sumon Khan,1,12,20.0,0,3,0,0,2.0,10.0,20.0,25.0,12.0
DM Bravo,1,6,2.0,0,5,0,0,1.0,2.0,2.0,83.33,6.0
R Kanojiya,1,24,31.0,0,6,0,1,4.0,7.75,31.0,25.0,24.0
Amber Kainat,1,12,14.0,0,7,0,0,2.0,7.0,14.0,58.33,12.0
R Olipa,1,6,8.0,0,4,1,0,1.0,8.0,8.0,66.67,6.0
R Mazumder,2,12,20.0,0,3,1,0,2.0,10.0,20.0,25.0,12.0
Ian Roberts,1,12,7.0,0,5,0,0,2.0,3.5,7.0,41.67,12.0
Iftekar Jaman,1,6,15.0,0,1,1,0,1.0,15.0,15.0,16.67,6.0
Idan Varsulkar,1,3,7.0,0,0,0,0,0.5,14.0,7.0,0.0,3.0
R Aggarwal,1,24,33.0,0,6,0,0,4.0,8.25,33.0,25.0,24.0
R Adotei,2,42,61.0,0,20,3,1,7.0,8.71,61.0,47.62,42.0
T Chopel,1,12,29.0,0,4,1,0,2.0,14.5,29.0,33.33,12.0
T Calingin,1,6,15.0,0,2,3,1,1.0,15.0,15.0,33.33,6.0
T Bukenya,1,24,41.0,0,8,2,0,4.0,10.25,41.0,33.33,24.0
Syed Faridoun,1,24,37.0,0,8,1,0,4.0,9.25,37.0,33.33,24.0
Syed Faizan Tahir,1,6,8.0,0,3,0,0,1.0,8.0,8.0,50.0,6.0
R Dhami,1,6,10.0,0,1,1,1,1.0,10.0,10.0,16.67,6.0
R Chanda,3,48,82.0,0,10,6,2,8.0,10.25,82.0,20.83,48.0
R Brar,1,24,45.0,0,5,2,0,4.0,11.25,45.0,20.83,24.0
Aman Hakim Khan,1,6,13.0,0,1,0,0,1.0,13.0,13.0,16.67,6.0
Aman Ali,1,12,22.0,0,4,2,0,2.0,11.0,22.0,33.33,12.0
Amalin Sorfina,8,66,76.0,0,23,4,0,11.0,6.91,76.0,34.85,66.0
R Kaia,2,180,165.0,0,94,0,0,30.0,5.5,165.0,52.22,180.0
Patrick Nou,3,24,24.0,0,12,1,0,4.0,6.0,24.0,50.0,24.0
PY Lavine,2,24,32.0,0,11,0,0,4.0,8.0,32.0,45.83,24.0
T Hewa,2,18,21.0,0,13,7,0,3.0,7.0,21.0,72.22,18.0
T Cross,1,12,9.0,0,5,1,0,2.0,4.5,9.0,41.67,12.0
GH Bodi,1,6,8.0,0,1,0,0,1.0,8.0,8.0,16.67,6.0
GF Cardos,1,6,12.0,0,0,0,0,1.0,12.0,12.0,0.0,6.0
GEF Barnett,1,6,11.0,0,1,1,0,1.0,11.0,11.0,16.67,6.0
DK Jacobs,2,12,35.0,0,0,1,0,2.0,17.5,35.0,0.0,12.0
Purvi Kumari,2,12,27.0,0,3,2,2,2.0,13.5,27.0,25.0,12.0
Praveen Santhanakrishnan,1,6,5.0,0,5,2,1,1.0,5.0,5.0,83.33,6.0
Qi Shuai,1,6,5.0,0,5,0,1,1.0,5.0,5.0,83.33,6.0
Imran Khan (4),1,12,13.0,0,3,1,0,2.0,6.5,13.0,25.0,12.0
Imam-ul-Haq,1,12,9.0,0,5,0,0,2.0,4.5,9.0,41.67,12.0
Imal Zuwak,1,6,5.0,0,4,0,0,1.0,5.0,5.0,66.67,6.0
R Aurora,1,12,8.0,0,5,0,0,2.0,4.0,8.0,41.67,12.0
DJ Terbrugge,1,132,93.0,0,93,0,0,22.0,4.23,93.0,70.45,132.0
Aneeta Santhosh,1,12,15.0,0,3,0,0,2.0,7.5,15.0,25.0,12.0
T Marumani,1,6,8.0,0,3,0,0,1.0,8.0,8.0,50.0,6.0
T Lhaden,3,48,42.0,0,23,3,0,8.0,5.25,42.0,47.92,48.0
T Koloi,3,60,91.0,0,25,14,2,10.0,9.1,91.0,41.67,60.0
T Kazanci,4,44,69.0,0,8,7,1,7.3,9.41,69.0,18.18,44.0
T Katunga,1,6,11.0,0,3,1,0,1.0,11.0,11.0,50.0,6.0
T Kalosin,1,12,16.0,0,2,2,0,2.0,8.0,16.0,16.67,12.0
PWDM Badalge,3,35,47.0,0,12,2,0,5.8,8.06,47.0,34.29,35.0
PV Naringrekar,2,13,16.0,0,5,0,0,2.2,7.38,16.0,38.46,13.0
DJ Harris,4,30,51.0,0,6,0,1,5.0,10.2,51.0,20.0,30.0
DI Dusabemungu,1,6,7.0,0,2,0,0,1.0,7.0,7.0,33.33,6.0
Prasad Anish,4,29,53.0,0,6,2,0,4.8,10.97,53.0,20.69,29.0
Poorvaja Jagdeesha,5,35,59.0,0,11,9,2,5.8,10.11,59.0,31.43,35.0
Pen Samon,1,10,15.0,0,4,1,1,1.7,9.0,15.0,40.0,10.0
Peher Modi,3,42,78.0,0,14,5,6,7.0,11.14,78.0,33.33,42.0
Pech Pisa,2,12,17.0,0,6,3,0,2.0,8.5,17.0,50.0,12.0
T Mufudza,2,102,75.0,0,52,1,0,17.0,4.41,75.0,50.98,102.0
T Mishra,1,6,8.0,0,3,0,0,1.0,8.0,8.0,50.0,6.0
GBK Roland,2,30,78.0,0,5,5,0,5.0,15.6,78.0,16.67,30.0
GA Guy,1,18,20.0,0,11,1,0,3.0,6.67,20.0,61.11,18.0
E Ul Haq,1,1,4.0,0,0,0,0,0.2,24.0,4.0,0.0,1.0
Ammad Uddin,1,6,10.0,0,2,0,0,1.0,10.0,10.0,33.33,6.0
Amma Kashif,3,30,31.0,0,18,7,0,5.0,6.2,31.0,60.0,30.0
PN Khemnar,1,6,7.0,0,4,0,0,1.0,7.0,7.0,66.67,6.0
PN Agarwal,1,6,8.0,0,1,1,0,1.0,8.0,8.0,16.67,6.0
PJK Mooney,2,51,57.0,0,21,0,3,8.5,6.71,57.0,41.18,51.0
PJ te Beest,1,18,23.0,0,5,2,1,3.0,7.67,23.0,27.78,18.0
PJ Stahelin,1,2,3.0,0,1,2,0,0.3,9.0,3.0,50.0,2.0
PJ Malan,1,12,5.0,0,10,0,0,2.0,2.5,5.0,83.33,12.0
Imrul Kayes,4,24,12.0,0,16,0,0,4.0,3.0,12.0,66.67,24.0
PS Masvaure,3,102,80.0,0,61,5,5,17.0,4.71,80.0,59.8,102.0
PR Veer,1,12,25.0,0,5,0,0,2.0,12.5,25.0,41.67,12.0
PG Wintz,2,30,38.0,0,12,1,0,5.0,7.6,38.0,40.0,30.0
PG Raut,1,18,17.0,0,5,0,0,3.0,5.67,17.0,27.78,18.0
T Rajiv,1,6,16.0,0,0,0,0,1.0,16.0,16.0,0.0,6.0
T Piakura,1,3,9.0,0,1,3,0,0.5,18.0,9.0,33.33,3.0
T Parima,2,14,28.0,0,5,2,0,2.3,12.0,28.0,35.71,14.0
AB Barath,1,6,4.0,0,3,0,0,1.0,4.0,4.0,50.0,6.0
AA Moiane,1,6,10.0,0,4,2,0,1.0,10.0,10.0,66.67,6.0
AA Kazi,1,12,21.0,0,2,1,0,2.0,10.5,21.0,16.67,12.0
Ansar Iqbal,2,12,16.0,0,5,1,0,2.0,8.0,16.0,41.67,12.0
Anowarul Islam,2,18,25.0,0,7,3,0,3.0,8.33,25.0,38.89,18.0
Anmoldeep Singh,4,32,66.0,0,8,5,4,5.3,12.38,66.0,25.0,32.0
Israr Khan,2,24,37.0,0,7,1,0,4.0,9.25,37.0,29.17,24.0
Ismail Ali,1,6,9.0,0,2,0,0,1.0,9.0,9.0,33.33,6.0
Ishan Kishan,1,1,4.0,0,0,0,0,0.2,24.0,4.0,0.0,1.0
Isaiah O'Brien,1,6,8.0,0,5,2,0,1.0,8.0,8.0,83.33,6.0
Irfan Sarfraz,2,18,24.0,0,8,0,0,3.0,8.0,24.0,44.44,18.0
T Ulutuna,1,6,6.0,0,3,0,0,1.0,6.0,6.0,50.0,6.0
T Turan,1,5,4.0,0,2,0,0,0.8,4.8,4.0,40.0,5.0
T Taibu,3,48,60.0,0,16,1,0,8.0,7.5,60.0,33.33,48.0
P Prasanth,1,6,18.0,0,3,0,0,1.0,18.0,18.0,50.0,6.0
Arif Nasir Uddin,2,24,41.0,0,8,2,0,4.0,10.25,41.0,33.33,24.0
Areeba Mughal,1,12,9.0,0,6,0,0,2.0,4.5,9.0,50.0,12.0
Apsari Begam,1,6,1.0,0,6,1,0,1.0,1.0,1.0,100.0,6.0
Anwar Hossain Monir,1,90,102.0,0,51,1,1,15.0,6.8,102.0,56.67,90.0
Anu Kadayat,2,12,23.0,0,4,1,0,2.0,11.5,23.0,33.33,12.0
Izhar Hussain,1,13,16.0,0,4,1,0,2.2,7.38,16.0,30.77,13.0
P Silas,2,12,34.0,0,3,0,1,2.0,17.0,34.0,25.0,12.0
P Sapesa,2,30,34.0,0,14,0,0,5.0,6.8,34.0,46.67,30.0
P Ray Barman,1,24,56.0,0,2,0,0,4.0,14.0,56.0,8.33,24.0
J Anderson,2,30,20.0,0,16,0,0,5.0,4.0,20.0,53.33,30.0
DJ Mokoatsela,1,12,23.0,0,4,8,0,2.0,11.5,23.0,33.33,12.0
Ankita Mehta,3,34,63.0,0,5,19,6,5.7,11.12,63.0,14.71,34.0
T Westley,1,24,12.0,0,18,0,0,4.0,3.0,12.0,75.0,24.0
T Webster,1,6,9.0,0,0,0,0,1.0,9.0,9.0,0.0,6.0
T Wang Ling,2,24,39.0,0,8,4,0,4.0,9.75,39.0,33.33,24.0
T Vijay,1,12,29.0,0,2,0,0,2.0,14.5,29.0,16.67,12.0
T Vasistha,2,12,23.0,0,3,0,0,2.0,11.5,23.0,25.0,12.0
G Voll,4,21,30.0,0,8,0,1,3.5,8.57,30.0,38.1,21.0
G Urjindulam,2,12,29.0,0,2,7,2,2.0,14.5,29.0,16.67,12.0
Arshad Khan (2),1,12,24.0,0,5,1,0,2.0,12.0,24.0,41.67,12.0
Arshad Ali,2,96,100.0,0,36,0,0,16.0,6.25,100.0,37.5,96.0
Arsalan Qadir,1,6,12.0,0,1,0,0,1.0,12.0,12.0,16.67,6.0
P Jayeshbhai Patel,3,54,54.0,0,26,3,0,9.0,6.0,54.0,48.15,54.0
P Ghosh,1,6,9.0,0,2,0,0,1.0,9.0,9.0,33.33,6.0
P Fernando,1,6,13.0,0,0,3,0,1.0,13.0,13.0,0.0,6.0
P Desungnoen,2,30,40.0,0,11,1,0,5.0,8.0,40.0,36.67,30.0
P Deol,1,24,31.0,0,8,0,0,4.0,7.75,31.0,33.33,24.0
J Charles,1,5,12.0,0,2,1,1,0.8,14.4,12.0,40.0,5.0
J Essex,2,28,39.0,0,10,1,1,4.7,8.36,39.0,35.71,28.0
Omar Hussain,1,6,11.0,0,3,0,1,1.0,11.0,11.0,50.0,6.0
Oliver Rowe,1,12,7.0,0,8,2,0,2.0,3.5,7.0,66.67,12.0
OS Dlamini,2,24,42.0,0,4,5,2,4.0,10.5,42.0,16.67,24.0
OL Pitcher,1,6,7.0,0,1,0,0,1.0,7.0,7.0,16.67,6.0
OK Mohamed,1,3,6.0,0,1,0,0,0.5,12.0,6.0,33.33,3.0
OJR Groves,2,13,41.0,0,3,5,0,2.2,18.92,41.0,23.08,13.0
TA Willett,1,6,11.0,0,0,0,0,1.0,11.0,11.0,0.0,6.0
TA McGregor,1,72,9.0,0,66,0,0,12.0,0.75,9.0,91.67,72.0
TA Lammonby,1,6,10.0,0,1,0,0,1.0,10.0,10.0,16.67,6.0
TA Blundell,1,18,13.0,0,11,0,0,3.0,4.33,13.0,61.11,18.0
A Wichakam,2,24,14.0,0,17,1,0,4.0,3.5,14.0,70.83,24.0
Osman Khan,1,6,20.0,0,0,0,0,1.0,20.0,20.0,0.0,6.0
Omid Mailk Khel,1,12,11.0,0,6,0,0,2.0,5.5,11.0,50.0,12.0
DD Ebrahim,1,2,5.0,0,0,0,0,0.3,15.0,5.0,0.0,2.0
J Giyanani,2,42,66.0,0,13,3,0,7.0,9.43,66.0,30.95,42.0
TG Gordon,1,3,1.0,0,3,1,0,0.5,2.0,1.0,100.0,3.0
TE Tucker,1,18,20.0,0,8,0,0,3.0,6.67,20.0,44.44,18.0
TC Bastiampillai,1,6,12.0,0,1,0,0,1.0,12.0,12.0,16.67,6.0
TB de Bruyn,4,102,74.0,0,68,0,1,17.0,4.35,74.0,66.67,102.0
TAW Patterson,3,20,49.0,0,5,0,1,3.3,14.7,49.0,25.0,20.0
O Davies,4,25,32.0,0,5,1,0,4.2,7.68,32.0,20.0,25.0
J Hermann,1,3,3.0,0,0,0,0,0.5,6.0,3.0,0.0,3.0
J Grzinic,1,1,4.0,0,0,0,0,0.2,24.0,4.0,0.0,1.0
Ashar Zaidi,2,48,59.0,0,10,0,0,8.0,7.38,59.0,20.83,48.0
Ashar Abbas,1,12,24.0,0,4,2,0,2.0,12.0,24.0,33.33,12.0
O Jones,2,66,56.0,0,33,0,0,11.0,5.09,56.0,50.0,66.0
OJ Peake,1,6,4.0,0,2,0,0,1.0,4.0,4.0,33.33,6.0
OF Rios,1,6,9.0,0,5,3,2,1.0,9.0,9.0,83.33,6.0
Ashmal Hashmi,5,90,152.0,0,30,24,3,15.0,10.13,152.0,33.33,90.0
J Gallimore,1,6,21.0,0,0,0,0,1.0,21.0,21.0,0.0,6.0
J Fraser-McGurk,1,6,10.0,0,1,0,0,1.0,10.0,10.0,16.67,6.0
Athar Mahmood,3,48,49.0,0,20,0,0,8.0,6.12,49.0,41.67,48.0
Aswad Khan,1,6,14.0,0,2,2,0,1.0,14.0,14.0,33.33,6.0
Assad Borham,1,6,12.0,0,0,0,0,1.0,12.0,12.0,0.0,6.0
G Obukor,3,43,28.0,0,28,0,0,7.2,3.91,28.0,65.12,43.0
Asim Ashraf,3,60,115.0,0,22,3,0,10.0,11.5,115.0,36.67,60.0
Asif Khan,1,6,3.0,0,3,0,0,1.0,3.0,3.0,50.0,6.0
Asif Iqbal (1),1,24,32.0,0,9,0,0,4.0,8.0,32.0,37.5,24.0
Ashwani Kumari,1,6,18.0,0,0,1,0,1.0,18.0,18.0,0.0,6.0
Natalie Clarke,7,78,89.0,0,43,21,5,13.0,6.85,89.0,55.13,78.0
Naman Dhir,5,52,76.0,0,11,1,0,8.7,8.77,76.0,21.15,52.0
Navid Balouch,1,12,23.0,0,2,0,0,2.0,11.5,23.0,16.67,12.0
Naveena Shetty,2,12,12.0,0,1,0,0,2.0,6.0,12.0,8.33,12.0
Niaz Ali,2,34,45.0,0,13,0,1,5.7,7.94,45.0,38.24,34.0
J Marples,1,6,14.0,0,1,0,0,1.0,14.0,14.0,16.67,6.0
Nur Izzatul Syafiqa,1,6,11.0,0,0,2,0,1.0,11.0,11.0,0.0,6.0
Noorullah Sidiqi,1,6,20.0,0,1,1,0,1.0,20.0,20.0,16.67,6.0
A Trivedi,1,6,15.0,0,2,0,0,1.0,15.0,15.0,33.33,6.0
A Tagilala,1,18,21.0,0,5,3,0,3.0,7.0,21.0,27.78,18.0
TM Dowlin,1,6,3.0,0,3,0,0,1.0,3.0,3.0,50.0,6.0
J Masquater,2,10,12.0,0,3,0,1,1.7,7.2,12.0,30.0,10.0
NM Cherriath,3,30,42.0,0,4,0,0,5.0,8.4,42.0,13.33,30.0
J Reb,1,12,41.0,0,3,1,1,2.0,20.5,41.0,25.0,12.0
J Post,1,6,12.0,0,0,1,0,1.0,12.0,12.0,0.0,6.0
J Perry,1,12,30.0,0,2,3,0,2.0,15.0,30.0,16.67,12.0
J Ogolla,1,12,10.0,0,7,3,0,2.0,5.0,10.0,58.33,12.0
J Newland,1,12,14.0,0,4,2,0,2.0,7.0,14.0,33.33,12.0
J Merlo,4,30,42.0,0,8,1,0,5.0,8.4,42.0,26.67,30.0
Naila Nazir,1,18,19.0,0,8,3,1,3.0,6.33,19.0,44.44,18.0
Nahida Khan,1,12,12.0,0,2,0,0,2.0,6.0,12.0,16.67,12.0
Nader Zahadiafzal,1,18,15.0,0,9,0,0,3.0,5.0,15.0,50.0,18.0
Nabi Gul,1,5,4.0,0,1,0,0,0.8,4.8,4.0,20.0,5.0
Atharva Taide,1,1,4.0,0,0,0,0,0.2,24.0,4.0,0.0,1.0
NA Buley,1,72,43.0,0,48,0,0,12.0,3.58,43.0,66.67,72.0
TO Carmichael,2,36,43.0,0,9,1,0,6.0,7.17,43.0,25.0,36.0
TN Pathan,1,6,10.0,0,1,0,0,1.0,10.0,10.0,16.67,6.0
G Gambhir,2,18,17.0,0,11,1,1,3.0,5.67,17.0,61.11,18.0
ND McKenzie,3,30,13.0,0,21,1,0,5.0,2.6,13.0,70.0,30.0
B Chipli,1,6,20.0,0,1,0,0,1.0,20.0,20.0,16.67,6.0
JA Foo,1,6,16.0,0,0,0,0,1.0,16.0,16.0,0.0,6.0
J Thinley,2,18,25.0,0,8,0,0,3.0,8.33,25.0,44.44,18.0
J Souckova,1,6,17.0,0,3,8,5,1.0,17.0,17.0,50.0,6.0
J Sonia,1,18,16.0,0,10,2,0,3.0,5.33,16.0,55.56,18.0
J Seymour,3,30,28.0,0,10,0,0,5.0,5.6,28.0,33.33,30.0
Ayesha Hasan,1,12,20.0,0,4,2,3,2.0,10.0,20.0,33.33,12.0
Awais Zia,1,1,4.0,0,0,0,0,0.2,24.0,4.0,0.0,1.0
Auqib Nabi,5,78,149.0,0,26,3,3,13.0,11.46,149.0,33.33,78.0
NK Crafton,1,6,2.0,0,5,1,0,1.0,2.0,2.0,83.33,6.0
NJ Reardon,2,12,29.0,0,2,1,0,2.0,14.5,29.0,16.67,12.0
D Wheatley,1,12,34.0,0,3,3,0,2.0,17.0,34.0,25.0,12.0
A Stoilova,4,37,73.0,0,14,14,5,6.2,11.84,73.0,37.84,37.0
A Sokovagone,2,25,39.0,0,6,0,0,4.2,9.36,39.0,24.0,25.0
A Sharafu,2,13,15.0,0,8,0,0,2.2,6.92,15.0,61.54,13.0
A Shamshudeen,1,18,24.0,0,4,0,0,3.0,8.0,24.0,22.22,18.0
A Sawyer,2,12,22.0,0,2,2,0,2.0,11.0,22.0,16.67,12.0
TP Ura,1,6,12.0,0,1,0,0,1.0,12.0,12.0,16.67,6.0
TP Doropoulos,1,6,12.0,0,1,1,0,1.0,12.0,12.0,16.67,6.0
N Wadhera,2,17,22.0,0,3,0,0,2.8,7.76,22.0,17.65,17.0
N Vichara,1,12,20.0,0,3,3,1,2.0,10.0,20.0,25.0,12.0
N Thailappan,1,18,40.0,0,1,0,0,3.0,13.33,40.0,5.56,18.0
N Smith,2,24,55.0,0,5,4,1,4.0,13.75,55.0,20.83,24.0
J Vijay,1,12,31.0,0,1,2,0,2.0,15.5,31.0,8.33,12.0
Azmat Ali,1,6,9.0,0,3,2,0,1.0,9.0,9.0,50.0,6.0
NAM McLean,1,36,38.0,0,20,1,0,6.0,6.33,38.0,55.56,36.0
NA Janes,1,6,12.0,0,2,0,0,1.0,12.0,12.0,33.33,6.0
N Ifill,3,72,88.0,0,31,5,2,12.0,7.33,88.0,43.06,72.0
N Gumaliyele,2,36,35.0,0,25,11,2,6.0,5.83,35.0,69.44,36.0
N Gnanapragasam,2,24,32.0,0,11,1,0,4.0,8.0,32.0,45.83,24.0
N De Bromhead,3,66,69.0,0,26,11,2,11.0,6.27,69.0,39.39,66.0
N Chaiwai,1,12,5.0,0,7,0,0,2.0,2.5,5.0,58.33,12.0
Tamim Iqbal,7,36,33.0,0,17,2,0,6.0,5.5,33.0,47.22,36.0
Talha Khan,1,1,1.0,0,0,0,0,0.2,6.0,1.0,0.0,1.0
Talha Jubair,2,60,70.0,0,38,11,6,10.0,7.0,70.0,63.33,60.0
Taful Elkhair,4,25,51.0,0,10,12,2,4.2,12.24,51.0,40.0,25.0
TW Samuels,3,30,52.0,0,12,3,0,5.0,10.4,52.0,40.0,30.0
TW Dlamini,1,12,2.0,0,10,0,0,2.0,1.0,2.0,83.33,12.0
B Freeman,1,12,16.0,0,2,1,0,2.0,8.0,16.0,16.67,12.0
N Mugabe,1,12,14.0,0,4,0,0,2.0,7.0,14.0,33.33,12.0
B Kalki Kumar,2,30,40.0,0,13,3,0,5.0,8.0,40.0,43.33,30.0
B Isaac,4,60,90.0,0,21,7,0,10.0,9.0,90.0,35.0,60.0
D la Cock,2,18,20.0,0,6,0,0,3.0,6.67,20.0,33.33,18.0
Murtaza Yamin,1,18,29.0,0,8,0,0,3.0,9.67,29.0,44.44,18.0
D Siva Kumar,1,12,11.0,0,4,0,0,2.0,5.5,11.0,33.33,12.0
Tanzeel Sheikh,2,24,19.0,0,14,4,0,4.0,4.75,19.0,58.33,24.0
Tanbir Hayder,2,60,67.0,0,21,0,0,10.0,6.7,67.0,35.0,60.0
G Chapple,1,24,14.0,0,16,0,0,4.0,3.5,14.0,66.67,24.0
G Bajwa,1,37,35.0,0,18,1,0,6.2,5.68,35.0,48.65,37.0
N Baneti,1,6,8.0,0,3,0,1,1.0,8.0,8.0,50.0,6.0
Mysha Doshi,1,6,13.0,0,1,4,0,1.0,13.0,13.0,16.67,6.0
Mustafa Omer,1,18,28.0,0,10,1,0,3.0,9.33,28.0,55.56,18.0
Mustafa Balkis,3,8,16.0,0,2,1,0,1.3,12.0,16.0,25.0,8.0
B Mngoma,1,18,37.0,0,6,1,0,3.0,12.33,37.0,33.33,18.0
JB Richards,1,4,8.0,0,0,0,0,0.7,12.0,8.0,0.0,4.0
JA Whelan,1,12,7.0,0,10,3,0,2.0,3.5,7.0,83.33,12.0
DA Galia,1,18,8.0,0,17,6,0,3.0,2.67,8.0,94.44,18.0
N Joshi,1,6,4.0,0,4,2,0,1.0,4.0,4.0,66.67,6.0
N Ihmeling,1,12,11.0,0,6,4,0,2.0,5.5,11.0,50.0,12.0
B Sai Sudharsan,1,3,8.0,0,1,1,0,0.5,16.0,8.0,33.33,3.0
Towhid Hridoy,2,3,7.0,0,0,0,0,0.5,14.0,7.0,0.0,3.0
Tian Senqun,1,24,42.0,0,13,2,0,4.0,10.5,42.0,54.17,24.0
Tharika Sewwandi,4,54,45.0,0,38,5,2,9.0,5.0,45.0,70.37,54.0
Thae Thae Po,2,18,20.0,0,10,2,0,3.0,6.67,20.0,55.56,18.0
Tejas Baroka,1,21,33.0,0,6,0,0,3.5,9.43,33.0,28.57,21.0
Taufeeq Umar,1,12,8.0,0,4,0,0,2.0,4.0,8.0,33.33,12.0
JD Campbell,4,73,44.0,0,47,1,0,12.2,3.62,44.0,64.38,73.0
Murat Ipek,1,6,3.0,0,5,1,1,1.0,3.0,3.0,83.33,6.0
Munir Dar,2,108,89.0,0,47,0,0,18.0,4.94,89.0,43.52,108.0
Muktar Ali,1,12,17.0,0,3,0,0,2.0,8.5,17.0,25.0,12.0
Muhammed Manga,1,8,19.0,0,4,2,1,1.3,14.25,19.0,50.0,8.0
Muhammad Zaghlool,1,12,20.0,0,3,0,0,2.0,10.0,20.0,25.0,12.0
Musfirah Nur Ainaa,1,12,17.0,0,7,0,0,2.0,8.5,17.0,58.33,12.0
Musa Shaheen,1,6,10.0,0,1,0,0,1.0,10.0,10.0,16.67,6.0
Musa Ahmed,1,6,5.0,0,1,0,0,1.0,5.0,5.0,16.67,6.0
JG Kaur,1,18,17.0,0,11,3,1,3.0,5.67,17.0,61.11,18.0
JF Jimenez,2,18,26.0,0,14,6,11,3.0,8.67,26.0,77.78,18.0
JF Chester,1,6,18.0,0,2,0,1,1.0,18.0,18.0,33.33,6.0
JF Bangura,1,6,12.0,0,3,0,1,1.0,12.0,12.0,50.0,6.0
U Dorji,1,12,23.0,0,6,4,0,2.0,11.5,23.0,50.0,12.0
Florencia Martinez,3,36,102.0,0,13,1,25,6.0,17.0,102.0,36.11,36.0
Fazle Mahmud,1,18,16.0,0,9,2,0,3.0,5.33,16.0,50.0,18.0
Fayaz Mohammad,1,8,18.0,0,1,1,0,1.3,13.5,18.0,12.5,8.0
B Pierre,6,98,165.0,0,38,39,13,16.3,10.1,165.0,38.78,98.0
B Passoni,1,6,8.0,0,4,1,0,1.0,8.0,8.0,66.67,6.0
Muhammad Akram,3,48,91.0,0,12,2,0,8.0,11.38,91.0,25.0,48.0
Muhammad Afis,1,6,18.0,0,2,0,0,1.0,18.0,18.0,33.33,6.0
Muhammad Younis,1,6,13.0,0,2,1,0,1.0,13.0,13.0,33.33,6.0
Muhammad Saleem,2,18,8.0,0,12,1,0,3.0,2.67,8.0,66.67,18.0
B Sharki,1,6,8.0,0,1,0,0,1.0,8.0,8.0,16.67,6.0
B Shanti,2,12,20.0,0,3,3,0,2.0,10.0,20.0,25.0,12.0
Mohammed Al Balushi,2,12,31.0,0,2,0,0,2.0,15.5,31.0,16.67,12.0
Mohammad Taha,1,24,32.0,0,4,1,0,4.0,8.0,32.0,16.67,24.0
Umair Ali,2,72,75.0,0,35,1,1,12.0,6.25,75.0,48.61,72.0
UT Khawaja,3,18,8.0,0,10,0,0,3.0,2.67,8.0,55.56,18.0
U Thimashini,1,4,7.0,0,0,0,0,0.7,10.5,7.0,0.0,4.0
U Sofi,2,18,43.0,0,2,0,1,3.0,14.33,43.0,11.11,18.0
D Vora,1,12,19.0,0,4,1,0,2.0,9.5,19.0,33.33,12.0
D Triantafillithis,2,8,27.0,0,2,0,0,1.3,20.25,27.0,25.0,8.0
Mokbul Ahammed,2,24,24.0,0,10,0,0,4.0,6.0,24.0,41.67,24.0
Mohit Rathee,1,12,29.0,0,3,0,0,2.0,14.5,29.0,25.0,12.0
B Williams,1,6,13.0,0,2,0,0,1.0,13.0,13.0,33.33,6.0
Mubeen Tariq,1,12,32.0,0,3,2,0,2.0,16.0,32.0,25.0,12.0
Mrittunjoy Chowdhury,2,54,78.0,0,25,3,1,9.0,8.67,78.0,46.3,54.0
Mounica Chowdary,3,36,44.0,0,14,8,1,6.0,7.33,44.0,38.89,36.0
Moshiur Rahman,1,4,14.0,0,0,0,0,0.7,21.0,14.0,0.0,4.0
Monu Kumar,1,12,20.0,0,4,3,1,2.0,10.0,20.0,33.33,12.0
Mohammad Azab,1,12,23.0,0,3,0,2,2.0,11.5,23.0,25.0,12.0
Mohammad Ayaz,1,12,25.0,0,7,1,0,2.0,12.5,25.0,58.33,12.0
D Pearce,1,6,8.0,0,2,2,1,1.0,8.0,8.0,33.33,6.0
JJ Griffin,1,6,13.0,0,2,0,0,1.0,13.0,13.0,33.33,6.0
JJ Esmeijer,3,156,138.0,0,78,2,1,26.0,5.31,138.0,50.0,156.0
Farjana Easmin,1,6,9.0,0,1,0,0,1.0,9.0,9.0,16.67,6.0
Faris Al Balushi,1,6,17.0,0,0,1,0,1.0,17.0,17.0,0.0,6.0
Usman Ali,1,18,36.0,0,4,0,0,3.0,12.0,36.0,22.22,18.0
A Mukund,1,12,14.0,0,7,0,0,2.0,7.0,14.0,58.33,12.0
Mohammad Sharif,2,298,195.0,0,203,3,1,49.7,3.93,195.0,68.12,298.0
Mohammad Mithun,1,12,12.0,0,6,1,0,2.0,6.0,12.0,50.0,12.0
Mohammad Irfan (5),2,32,68.0,0,3,1,0,5.3,12.75,68.0,9.38,32.0
BB Chari,2,18,12.0,0,12,0,0,3.0,4.0,12.0,66.67,18.0
BAA Zammitt,1,5,5.0,0,1,0,1,0.8,6.0,5.0,20.0,5.0
B Vakarewa,1,24,22.0,0,15,3,0,4.0,5.5,22.0,62.5,24.0
B Terbish,2,12,35.0,0,2,1,0,2.0,17.5,35.0,16.67,12.0
V Avdylaj,5,114,148.0,0,45,17,5,19.0,7.79,148.0,39.47,114.0
Utkarsh Srivastava,1,24,17.0,0,12,0,0,4.0,4.25,17.0,50.0,24.0
Usman Rafiq,3,44,71.0,0,11,0,0,7.3,9.68,71.0,25.0,44.0
EA Burns,4,60,55.0,0,32,1,0,10.0,5.5,55.0,53.33,60.0
Fathimath Malha,1,12,26.0,0,2,1,0,2.0,13.0,26.0,16.67,12.0
Fathimath Anaal,1,6,4.0,0,4,1,0,1.0,4.0,4.0,66.67,6.0
Mohamed Arief,2,12,19.0,0,4,0,0,2.0,9.5,19.0,33.33,12.0
Moe Ei Phyu,2,7,24.0,0,1,0,4,1.2,20.57,24.0,14.29,7.0
Misbah-ul-Haq,1,24,30.0,0,7,0,0,4.0,7.5,30.0,29.17,24.0
Mirab Sajjad,1,6,9.0,0,3,2,0,1.0,9.0,9.0,50.0,6.0
Mohammad Ahnaff,1,6,15.0,0,2,0,0,1.0,15.0,15.0,33.33,6.0
Mohamed Roshan,1,16,38.0,0,7,2,0,2.7,14.25,38.0,43.75,16.0
Mohamed Rishwan,1,12,22.0,0,3,2,0,2.0,11.0,22.0,25.0,12.0
Mohamed Miuvaan,2,24,32.0,0,10,1,0,4.0,8.0,32.0,41.67,24.0
BE Johnson,1,12,32.0,0,4,0,0,2.0,16.0,32.0,33.33,12.0
Mohammad Hamza,2,42,79.0,0,14,3,0,7.0,11.29,79.0,33.33,42.0
Marshall Ayub,2,60,53.0,0,26,0,0,10.0,5.3,53.0,43.33,60.0
Marica Taira,1,6,7.0,0,2,2,0,1.0,7.0,7.0,33.33,6.0
Maria Penna,1,12,16.0,0,4,5,1,2.0,8.0,16.0,33.33,12.0
V Kai,3,54,56.0,0,23,4,1,9.0,6.22,56.0,42.59,54.0
V Hettiarachchi,1,6,12.0,0,1,0,0,1.0,12.0,12.0,16.67,6.0
V Hampihallikar,5,54,99.0,0,11,2,0,9.0,11.0,99.0,20.37,54.0
V Frank,3,42,54.0,0,15,1,1,7.0,7.71,54.0,35.71,42.0
Matthew Mount,2,12,17.0,0,7,1,0,2.0,8.5,17.0,58.33,12.0
Masood Jayezeh,1,6,17.0,0,0,0,0,1.0,17.0,17.0,0.0,6.0
Mashael Waqas,1,6,15.0,0,1,0,0,1.0,15.0,15.0,16.67,6.0
JKC Ahir,3,19,34.0,0,2,1,0,3.2,10.74,34.0,10.53,19.0
JK Masara,1,6,5.0,0,1,0,0,1.0,5.0,5.0,16.67,6.0
JJ Wright,2,22,28.0,0,9,1,0,3.7,7.64,28.0,40.91,22.0
BJ Rohrer,1,6,12.0,0,1,1,0,1.0,12.0,12.0,16.67,6.0
BJ Patel,1,18,21.0,0,7,0,0,3.0,7.0,21.0,38.89,18.0
BJ Diamanti,2,24,44.0,0,3,0,0,4.0,11.0,44.0,12.5,24.0
JM Dibble,1,12,21.0,0,5,1,0,2.0,10.5,21.0,41.67,12.0
JL du Plooy,1,6,2.0,0,4,0,0,1.0,2.0,2.0,66.67,6.0
V Poglitsch,1,6,16.0,0,1,3,2,1.0,16.0,16.0,16.67,6.0
V Nikolova,5,58,86.0,0,25,21,9,9.7,8.9,86.0,43.1,58.0
Faizal Salehji,1,12,15.0,0,5,2,0,2.0,7.5,15.0,41.67,12.0
Fahad Tariq,2,18,26.0,0,6,0,0,3.0,8.67,26.0,33.33,18.0
FY Fazal,2,12,20.0,0,1,0,0,2.0,10.0,20.0,8.33,12.0
Mandeep Singh,2,12,26.0,0,1,0,0,2.0,13.0,26.0,8.33,12.0
Manan Ali,4,30,42.0,0,9,1,0,5.0,8.4,42.0,30.0,30.0
Manal Malik,1,6,7.0,0,1,0,0,1.0,7.0,7.0,16.67,6.0
Maira Saleem,1,18,18.0,0,13,5,3,3.0,6.0,18.0,72.22,18.0
Mahmudul Hasan Joy,3,15,19.0,0,9,0,0,2.5,7.6,19.0,60.0,15.0
Mahmud Jasat,1,6,14.0,0,0,2,0,1.0,14.0,14.0,0.0,6.0
Mahmad Data,2,11,21.0,0,2,0,0,1.8,11.45,21.0,18.18,11.0
Martina Quinn,1,6,9.0,0,6,7,2,1.0,9.0,9.0,100.0,6.0
Marsya Qistina Binti,1,6,8.0,0,3,0,1,1.0,8.0,8.0,50.0,6.0
MR Day,1,12,25.0,0,2,2,0,2.0,12.5,25.0,16.67,12.0
VC Ahir,2,36,53.0,0,11,0,0,6.0,8.83,53.0,30.56,36.0
V Tafea,4,42,60.0,0,22,10,1,7.0,8.57,60.0,52.38,42.0
V Romani,1,6,9.0,0,5,1,6,1.0,9.0,9.0,83.33,6.0
V Redkar,1,6,6.0,0,2,0,0,1.0,6.0,6.0,33.33,6.0
MS Wade,4,30,28.0,0,16,1,1,5.0,5.6,28.0,53.33,30.0
MS Sinclair,1,18,1.0,0,17,0,0,3.0,0.33,1.0,94.44,18.0
JM Polarouthu,2,24,46.0,0,5,3,2,4.0,11.5,46.0,20.83,24.0
JM Joao,3,24,41.0,0,8,4,0,4.0,10.25,41.0,33.33,24.0
JM How,2,12,4.0,0,10,0,0,2.0,2.0,4.0,83.33,12.0
MW Archer,1,12,15.0,0,2,0,0,2.0,7.5,15.0,16.67,12.0
MV Fare,1,6,12.0,0,2,5,1,1.0,12.0,12.0,33.33,6.0
MT Herbert,1,18,15.0,0,13,0,0,3.0,5.0,15.0,72.22,18.0
Maaha Naseer,1,18,30.0,0,4,0,0,3.0,10.0,30.0,22.22,18.0
Ma Luz Barcelona,1,6,10.0,0,3,5,0,1.0,10.0,10.0,50.0,6.0
JM Herrick,2,45,60.0,0,22,2,0,7.5,8.0,60.0,48.89,45.0
Babar Hayat,2,12,14.0,0,7,0,0,2.0,7.0,14.0,58.33,12.0
BYA Mendis,1,18,11.0,0,10,3,0,3.0,3.67,11.0,55.56,18.0
A Magdalenic,4,26,82.0,0,3,10,2,4.3,18.92,82.0,11.54,26.0
A Lazic,3,19,45.0,0,1,1,0,3.2,14.21,45.0,5.26,19.0
VM Waqavakatoga,4,44,64.0,0,19,7,0,7.3,8.73,64.0,43.18,44.0
VL Mukesh,4,48,64.0,0,21,0,0,8.0,8.0,64.0,43.75,48.0
VJ Joshitha,3,48,83.0,0,16,5,0,8.0,10.38,83.0,33.33,48.0
MNK Fernando,1,12,22.0,0,1,0,0,2.0,11.0,22.0,8.33,12.0
BP Kruger,1,21,23.0,0,10,0,0,3.5,6.57,23.0,47.62,21.0
BOP Fernando,3,30,35.0,0,7,0,0,5.0,7.0,35.0,23.33,30.0
MP Enright,1,12,18.0,0,4,0,0,2.0,9.0,18.0,33.33,12.0
D Myers,9,99,166.0,0,31,6,0,16.5,10.06,166.0,31.31,99.0
JNK Shannon,1,6,11.0,0,1,0,0,1.0,11.0,11.0,16.67,6.0
JN Snape,1,6,12.0,0,0,0,0,1.0,12.0,12.0,0.0,6.0
MO Kain,2,34,53.0,0,11,0,0,5.7,9.35,53.0,32.35,34.0
MR Meshram,6,120,78.0,0,69,2,0,20.0,3.9,78.0,57.5,120.0
VS Yeligati,2,30,59.0,0,8,2,0,5.0,11.8,59.0,26.67,30.0
VS Padhaal,1,6,12.0,0,1,0,0,1.0,12.0,12.0,16.67,6.0
Bazid Khan,1,12,11.0,0,3,1,0,2.0,5.5,11.0,25.0,12.0
MF Manjate,1,6,11.0,0,3,0,0,1.0,11.0,11.0,50.0,6.0
MF Kendal,1,18,21.0,0,12,3,0,3.0,7.0,21.0,66.67,18.0
D Nikolov,6,52,88.0,0,16,2,0,8.7,10.15,88.0,30.77,52.0
MJ Fourie,2,77,51.0,0,52,4,0,12.8,3.97,51.0,67.53,77.0
Bilal Shah,1,12,18.0,0,2,0,0,2.0,9.0,18.0,16.67,12.0
Bibina Baby,1,18,34.0,0,9,10,1,3.0,11.33,34.0,50.0,18.0
Bhumeshswar Jagroo,2,12,17.0,0,5,0,4,2.0,8.5,17.0,41.67,12.0
JR Lucky,1,1,9.0,0,0,0,1,0.2,54.0,9.0,0.0,1.0
JPR Lamsam,1,12,27.0,0,2,0,0,2.0,13.5,27.0,16.67,12.0
D Padikkal,1,6,5.0,0,4,0,0,1.0,5.0,5.0,66.67,6.0
D Njoroge,4,39,59.0,0,12,3,0,6.5,9.08,59.0,30.77,39.0
Bashir Ahmad,1,12,36.0,0,2,0,0,2.0,18.0,36.0,16.67,12.0
Badal Singh,2,60,70.0,0,29,2,0,10.0,7.0,70.0,48.33,60.0
C De Freitas,2,12,7.0,0,5,0,0,2.0,3.5,7.0,41.67,12.0
C Brits,1,6,5.0,0,5,3,0,1.0,5.0,5.0,83.33,6.0
Vivrant Sharma,2,18,37.0,0,5,2,1,3.0,12.33,37.0,27.78,18.0
Vimal Kumar,2,36,67.0,0,10,0,0,6.0,11.17,67.0,27.78,36.0
FLV Pula,1,6,8.0,0,2,2,0,1.0,8.0,8.0,33.33,6.0
FJ Mpegna,1,12,37.0,0,2,0,1,2.0,18.5,37.0,16.67,12.0
JRD Ngana,1,12,8.0,0,10,3,1,2.0,4.0,8.0,83.33,12.0
Borna Pejic,1,6,13.0,0,2,3,0,1.0,13.0,13.0,33.33,6.0
Boio Ray,2,12,12.0,0,8,0,0,2.0,6.0,12.0,66.67,12.0
MDUS Jayasundera,1,42,45.0,0,15,0,1,7.0,6.43,45.0,35.71,42.0
MDT Kamini,1,30,31.0,0,9,1,0,5.0,6.2,31.0,30.0,30.0
MDJ Walker,1,30,25.0,0,12,0,0,5.0,5.0,25.0,40.0,30.0
ME Sanuth,3,60,61.0,0,34,1,0,10.0,6.1,61.0,56.67,60.0
ME Leoela,1,18,20.0,0,7,0,0,3.0,6.67,20.0,38.89,18.0
C Archibald,2,25,37.0,0,9,1,1,4.2,8.88,37.0,36.0,25.0
C Anayo,1,12,8.0,0,6,1,0,2.0,4.0,8.0,50.0,12.0
Jalaj S Saxena,1,18,27.0,0,5,0,0,3.0,9.0,27.0,27.78,18.0
JWN Moses,2,48,46.0,0,22,1,0,8.0,5.75,46.0,45.83,48.0
W Miyauchi,1,6,3.0,0,3,0,0,1.0,3.0,3.0,50.0,6.0
W Kevin,1,6,9.0,0,1,1,0,1.0,9.0,9.0,16.67,6.0
A Kourkoulou,2,18,34.0,0,3,6,0,3.0,11.33,34.0,16.67,18.0
A Kayuni,1,6,12.0,0,2,6,0,1.0,12.0,12.0,33.33,6.0
M Watson,4,78,91.0,0,36,11,1,13.0,7.0,91.0,46.15,78.0
M Uwase,1,6,11.0,0,1,0,0,1.0,11.0,11.0,16.67,6.0
MA Carberry,1,6,12.0,0,1,0,0,1.0,12.0,12.0,16.67,6.0
MA Butcher,3,108,85.0,0,73,5,0,18.0,4.72,85.0,67.59,108.0
MA Agarwal,1,6,10.0,0,2,0,0,1.0,10.0,10.0,33.33,6.0
JW Wells,2,12,16.0,0,2,0,0,2.0,8.0,16.0,16.67,12.0
JT Manase,2,18,23.0,0,8,1,0,3.0,7.67,23.0,44.44,18.0
D Lakshan,1,12,12.0,0,4,0,0,2.0,6.0,12.0,33.33,12.0
D Khanal,2,18,20.0,0,10,0,0,3.0,6.67,20.0,55.56,18.0
MB Parmar,1,18,33.0,0,4,1,0,3.0,11.0,33.0,22.22,18.0
F Suluoto,1,6,16.0,0,1,0,0,1.0,16.0,16.0,16.67,6.0
WCA Ganegama,2,42,61.0,0,24,2,0,7.0,8.71,61.0,57.14,42.0
W Uisuk,2,24,45.0,0,9,1,0,4.0,11.25,45.0,37.5,24.0
W Sanders,2,12,26.0,0,4,1,0,2.0,13.0,26.0,33.33,12.0
W Perchard,3,36,46.0,0,8,1,0,6.0,7.67,46.0,22.22,36.0
M Ngoche,2,18,21.0,0,7,0,0,3.0,7.0,21.0,38.89,18.0
M Ndhambi,3,30,32.0,0,12,2,1,5.0,6.4,32.0,40.0,30.0
Javed Hina,1,6,5.0,0,3,0,0,1.0,5.0,5.0,50.0,6.0
M Sedgwick,1,6,21.0,0,1,0,0,1.0,21.0,21.0,16.67,6.0
M Saastamoinen,6,72,85.0,0,32,15,2,12.0,7.08,85.0,44.44,72.0
M Polimeri,1,6,8.0,0,0,0,0,1.0,8.0,8.0,0.0,6.0
C Gunasekara,1,6,8.0,0,4,1,0,1.0,8.0,8.0,66.67,6.0
C Ganapathy,1,6,13.0,0,1,0,0,1.0,13.0,13.0,16.67,6.0
M Terblanche,1,12,0.0,0,12,0,0,2.0,0.0,0.0,100.0,12.0
C Isaac,1,24,22.0,0,13,4,0,4.0,5.5,22.0,54.17,24.0
Jamaluddin Ahmed,1,24,28.0,0,15,0,0,4.0,7.0,28.0,62.5,24.0
M Mangru,1,18,8.0,0,10,0,0,3.0,2.67,8.0,55.56,18.0
M Kyriacou,1,15,30.0,0,5,0,0,2.5,12.0,30.0,33.33,15.0
A Hogg,1,12,13.0,0,5,0,0,2.0,6.5,13.0,41.67,12.0
WJR Robertson,1,18,6.0,0,15,0,0,3.0,2.0,6.0,83.33,18.0
EJ Richardson,1,18,15.0,0,12,0,0,3.0,5.0,15.0,66.67,18.0
EF Beard,2,18,19.0,0,7,0,0,3.0,6.33,19.0,38.89,18.0
EE Corder,3,54,66.0,0,17,3,0,9.0,7.33,66.0,31.48,54.0
M Mumford,1,6,11.0,0,6,8,3,1.0,11.0,11.0,100.0,6.0
M Mpongwana,1,18,25.0,0,7,0,1,3.0,8.33,25.0,38.89,18.0
M Montgomery,1,18,21.0,0,4,0,0,3.0,7.0,21.0,22.22,18.0
M Modric,2,20,24.0,0,8,8,0,3.3,7.2,24.0,40.0,20.0
M Modise,2,12,17.0,0,2,3,0,2.0,8.5,17.0,16.67,12.0
M Methtananda,1,12,23.0,0,2,0,0,2.0,11.5,23.0,16.67,12.0
C Namugenyi,4,60,56.0,0,35,5,0,10.0,5.6,56.0,58.33,60.0
C Moyo,3,50,53.0,0,20,2,0,8.3,6.36,53.0,40.0,50.0
C Milner,1,24,40.0,0,8,2,4,4.0,10.0,40.0,33.33,24.0
M Kaitaranta,1,12,10.0,0,9,6,0,2.0,5.0,10.0,75.0,12.0
M Jayphert,2,12,16.0,0,3,1,0,2.0,8.0,16.0,25.0,12.0
M Imimole,4,72,54.0,0,40,6,0,12.0,4.5,54.0,55.56,72.0
WS Jayantha,3,25,27.0,0,8,0,0,4.2,6.48,27.0,32.0,25.0
A Joshi,2,30,64.0,0,7,8,5,5.0,12.8,64.0,23.33,30.0
A Johnson,4,54,50.0,0,25,0,0,9.0,5.56,50.0,46.3,54.0
M Kristensen,2,18,24.0,0,5,0,0,3.0,8.0,24.0,27.78,18.0
D Gaikwad,2,17,51.0,0,3,2,1,2.8,18.0,51.0,17.65,17.0
Josh Brown,1,16,48.0,0,0,1,0,2.7,18.0,48.0,0.0,16.0
John Bartlett,1,6,7.0,0,4,0,0,1.0,7.0,7.0,66.67,6.0
Joanne Hicks,1,20,12.0,0,15,5,0,3.3,3.6,12.0,75.0,20.0
Joanna Child,1,4,11.0,0,2,2,7,0.7,16.5,11.0,50.0,4.0
C Miles,1,12,18.0,0,6,2,1,2.0,9.0,18.0,50.0,12.0
C Kellaway,4,24,36.0,0,4,3,0,4.0,9.0,36.0,16.67,24.0
M Manivannan,1,18,31.0,0,7,1,0,3.0,10.33,31.0,38.89,18.0
M Manhas,3,42,42.0,0,15,0,0,7.0,6.0,42.0,35.71,42.0
D Dhingra,5,54,78.0,0,23,11,0,9.0,8.67,78.0,42.59,54.0
F Irakoze,1,6,9.0,0,2,0,0,1.0,9.0,9.0,33.33,6.0
M Akhigbe,2,24,36.0,0,8,0,0,4.0,9.0,36.0,33.33,24.0
M Ahono,1,6,13.0,0,2,5,0,1.0,13.0,13.0,33.33,6.0
M Clarke,7,60,139.0,0,17,11,1,10.0,13.9,139.0,28.33,60.0
K Goel,6,66,93.0,0,20,1,0,11.0,8.45,93.0,30.3,66.0
M Fumba,1,12,22.0,0,9,2,3,2.0,11.0,22.0,75.0,12.0
Junaid Zia,2,78,81.0,0,46,5,1,13.0,6.23,81.0,58.97,78.0
Jun Hyunwoo,1,24,25.0,0,9,0,0,4.0,6.25,25.0,37.5,24.0
Julie Hayes,1,120,44.0,0,101,0,0,20.0,2.2,44.0,84.17,120.0
D Ganga,1,24,26.0,0,12,0,0,4.0,6.5,26.0,50.0,24.0
M Gherasim,4,26,37.0,0,7,4,2,4.3,8.54,37.0,26.92,26.0
C Piparo,1,6,9.0,0,2,0,1,1.0,9.0,9.0,33.33,6.0
C Olphert,2,30,65.0,0,8,6,1,5.0,13.0,65.0,26.67,30.0
M Kaur,1,12,16.0,0,3,0,0,2.0,8.0,16.0,25.0,12.0
M Kasselman,1,6,11.0,0,1,0,0,1.0,11.0,11.0,16.67,6.0
C Sudarsanan,1,12,25.0,0,4,3,1,2.0,12.5,25.0,33.33,12.0
Wei Haiting,2,12,29.0,0,3,5,1,2.0,14.5,29.0,25.0,12.0
Waseem Tabrez,1,12,25.0,0,4,6,0,2.0,12.5,25.0,33.33,12.0
Waqas Khan,1,6,12.0,0,1,1,0,1.0,12.0,12.0,16.67,6.0
A Gunasekar,2,42,56.0,0,12,5,0,7.0,8.0,56.0,28.57,42.0
A Goodridge,2,23,53.0,0,10,2,0,3.8,13.83,53.0,43.48,23.0
A Gisdaki,1,6,14.0,0,1,0,0,1.0,14.0,14.0,16.67,6.0
A Gianani,1,12,9.0,0,8,5,0,2.0,4.5,9.0,66.67,12.0
Waqar Ul Hassan,1,6,10.0,0,1,0,0,1.0,10.0,10.0,16.67,6.0
K Kadowaki-Fleming,2,12,17.0,0,4,2,0,2.0,8.5,17.0,33.33,12.0
Liton Das,1,12,13.0,0,5,0,0,2.0,6.5,13.0,41.67,12.0
Lily Rani Biswas,2,12,14.0,0,4,1,0,2.0,7.0,14.0,33.33,12.0
Lee Kangmin,2,24,40.0,0,5,1,0,4.0,10.0,40.0,20.83,24.0
Lyu Yihan,1,6,2.0,0,6,1,1,1.0,2.0,2.0,100.0,6.0
Luqman Hussan,4,58,92.0,0,25,4,0,9.7,9.52,92.0,43.1,58.0
D Enkhtsetseg,2,24,35.0,0,8,3,0,4.0,8.75,35.0,33.33,24.0
LM Christensen,1,6,10.0,0,2,2,0,1.0,10.0,10.0,33.33,6.0
LKW Ezechiel,3,54,113.0,0,12,5,1,9.0,12.56,113.0,22.22,54.0
Ebrahim Naseri,1,6,11.0,0,3,0,0,1.0,11.0,11.0,50.0,6.0
Y Sangare,1,4,8.0,0,0,1,0,0.7,12.0,8.0,0.0,4.0
Y Punja,1,36,49.0,0,14,3,0,6.0,8.17,49.0,38.89,36.0
Y Korniienko,1,6,7.0,0,3,1,3,1.0,7.0,7.0,50.0,6.0
Y Konate,2,36,29.0,0,13,1,0,6.0,4.83,29.0,36.11,36.0
Y Gnaneswara Rao,1,6,7.0,0,3,0,0,1.0,7.0,7.0,50.0,6.0
Y Divekar,2,12,31.0,0,2,0,0,2.0,15.5,31.0,16.67,12.0
Xie Wenyan,1,12,2.0,0,10,0,0,2.0,1.0,2.0,83.33,12.0
XM Marshall,2,15,5.0,0,15,1,0,2.5,2.0,5.0,100.0,15.0
XA Crone,3,30,51.0,0,4,0,0,5.0,10.2,51.0,13.33,30.0
Wenjing Yin,1,18,33.0,0,2,1,0,3.0,11.0,33.0,11.11,18.0
LR Johnson,1,24,9.0,0,17,0,0,4.0,2.25,9.0,70.83,24.0
C Umutonni,2,12,11.0,0,5,0,0,2.0,5.5,11.0,41.67,12.0
C Trott,1,24,18.0,0,11,1,0,4.0,4.5,18.0,45.83,24.0
YBK Jaiswal,6,31,44.0,0,10,0,0,5.2,8.52,44.0,32.26,31.0
Y Saranonnakkun,1,18,20.0,0,6,1,0,3.0,6.67,20.0,33.33,18.0
F Chenda,1,6,13.0,0,2,5,0,1.0,13.0,13.0,33.33,6.0
Eva Somsel Yangzom,2,12,20.0,0,3,0,0,2.0,10.0,20.0,25.0,12.0
Emran Shahbakhsh,1,5,14.0,0,1,1,0,0.8,16.8,14.0,20.0,5.0
D Fallins,2,30,44.0,0,8,1,0,5.0,8.8,44.0,26.67,30.0
LJ Hamilton,1,48,67.0,0,25,1,3,8.0,8.38,67.0,52.08,48.0
C Zhuwao,2,19,21.0,0,12,0,0,3.2,6.63,21.0,63.16,19.0
LJ Poulton,2,36,33.0,0,16,1,0,6.0,5.5,33.0,44.44,36.0
K Magram,1,6,12.0,0,0,0,0,1.0,12.0,12.0,0.0,6.0
K Kisova,3,18,36.0,0,4,6,9,3.0,12.0,36.0,22.22,18.0
K Kekez,1,12,29.0,0,2,0,1,2.0,14.5,29.0,16.67,12.0
K Kanwar,2,18,32.0,0,6,3,4,3.0,10.67,32.0,33.33,18.0
C Shivakumar,3,42,72.0,0,13,6,0,7.0,10.29,72.0,30.95,42.0
C Sewsunker,4,78,160.0,0,24,29,1,13.0,12.31,160.0,30.77,78.0
LM Edward,3,24,36.0,0,8,0,0,4.0,9.0,36.0,33.33,24.0
CA Liyanage,1,6,14.0,0,0,0,0,1.0,14.0,14.0,0.0,6.0
L Thobela,1,6,7.0,0,4,3,2,1.0,7.0,7.0,66.67,6.0
L Stanfergin,2,16,15.0,0,7,0,2,2.7,5.62,15.0,43.75,16.0
L Samani,1,6,7.0,0,2,2,0,1.0,7.0,7.0,33.33,6.0
A Daxini,2,9,24.0,0,1,1,1,1.5,16.0,24.0,11.11,9.0
Yadwinder Singh,1,12,2.0,0,10,0,0,2.0,1.0,2.0,83.33,12.0
YT Lewis,1,6,6.0,0,5,5,0,1.0,6.0,6.0,83.33,6.0
YSD Seneveratne,3,18,28.0,0,6,3,1,3.0,9.33,28.0,33.33,18.0
YJC Altamirano,1,6,16.0,0,3,2,0,1.0,16.0,16.0,50.0,6.0
CB Lambert,1,60,66.0,0,27,2,0,10.0,6.6,66.0,45.0,60.0
CAK Walton,1,6,7.0,0,1,1,0,1.0,7.0,7.0,16.67,6.0
K Mtunduwatha,1,6,10.0,0,1,0,0,1.0,10.0,10.0,16.67,6.0
K Moses,1,6,17.0,0,1,0,0,1.0,17.0,17.0,16.67,6.0
K Mishara,3,36,35.0,0,17,0,0,6.0,5.83,35.0,47.22,36.0
LD Chukkapalli-Llinares,2,30,27.0,0,15,1,1,5.0,5.4,27.0,50.0,30.0
LA Dunbar,1,6,7.0,0,3,0,0,1.0,7.0,7.0,50.0,6.0
Yousuf Youhana,1,1,1.0,0,0,0,0,0.2,6.0,1.0,0.0,1.0
Yousuf Ali,1,6,15.0,0,2,0,0,1.0,15.0,15.0,33.33,6.0
Yin Chenhao,1,6,5.0,0,3,2,0,1.0,5.0,5.0,50.0,6.0
Yasser Nazir,1,6,16.0,0,0,1,0,1.0,16.0,16.0,0.0,6.0
Yasmeen Khan,6,78,81.0,0,33,9,0,13.0,6.23,81.0,42.31,78.0
Yasir Hameed,4,78,72.0,0,34,0,1,13.0,5.54,72.0,43.59,78.0
Yasir Ali Chowdhury,1,42,35.0,0,20,0,0,7.0,5.0,35.0,47.62,42.0
A Dineshi,1,6,20.0,0,1,8,1,1.0,20.0,20.0,16.67,6.0
A Dhar,2,18,30.0,0,7,0,0,3.0,10.0,30.0,38.89,18.0
L Rika,1,15,28.0,0,2,3,0,2.5,11.2,28.0,13.33,15.0
L Ntanzi,1,6,10.0,0,3,1,1,1.0,10.0,10.0,50.0,6.0
L Mophakedi,1,18,25.0,0,6,3,2,3.0,8.33,25.0,33.33,18.0
CG Campbell,1,18,42.0,0,8,5,0,3.0,14.0,42.0,44.44,18.0
K Mataora,1,6,14.0,0,1,0,0,1.0,14.0,14.0,16.67,6.0
K Maseko,1,6,19.0,0,0,3,3,1.0,19.0,19.0,0.0,6.0
CA Pujara,2,12,3.0,0,9,0,0,2.0,1.5,3.0,75.0,12.0
Komang Putra,2,12,21.0,0,5,2,0,2.0,10.5,21.0,41.67,12.0
Komalpreet Grewal,1,24,37.0,0,8,2,2,4.0,9.25,37.0,33.33,24.0
CJ Delany,3,30,58.0,0,12,5,0,5.0,11.6,58.0,40.0,30.0
CJ Bruell,2,30,33.0,0,15,10,0,5.0,6.6,33.0,50.0,30.0
CJ Borgas,1,6,20.0,0,1,0,0,1.0,20.0,20.0,16.67,6.0
Ellen Asante,1,12,18.0,0,5,3,0,2.0,9.0,18.0,41.67,12.0
Elizabeth Annor,1,12,27.0,0,2,0,1,2.0,13.5,27.0,16.67,12.0
A Charles,1,6,13.0,0,3,8,2,1.0,13.0,13.0,50.0,6.0
L Berthe,1,6,14.0,0,2,1,1,1.0,14.0,14.0,33.33,6.0
Constanza Vergara,1,6,30.0,0,0,1,5,1.0,30.0,30.0,0.0,6.0
Constanza Oyarce,2,48,151.0,0,4,7,10,8.0,18.88,151.0,8.33,48.0
Christina Baret,2,12,21.0,0,2,4,1,2.0,10.5,21.0,16.67,12.0
L Khotso,2,42,62.0,0,17,11,1,7.0,8.86,62.0,40.48,42.0
L Hornby-Wheeler,2,24,34.0,0,8,3,0,4.0,8.5,34.0,33.33,24.0
K Ramsaran,2,24,44.0,0,8,0,0,4.0,11.0,44.0,33.33,24.0
K Penjor,1,12,19.0,0,6,1,0,2.0,9.5,19.0,50.0,12.0
Karthik Pillai,2,30,48.0,0,6,3,0,5.0,9.6,48.0,20.0,30.0
Karthik Jayaraj,1,18,24.0,0,6,3,0,3.0,8.0,24.0,33.33,18.0
Eashal Ibrahim,2,30,64.0,0,10,8,4,5.0,12.8,64.0,33.33,30.0
ES Grammenou,1,6,11.0,0,1,0,0,1.0,11.0,11.0,16.67,6.0
Emily Sirs,3,24,13.0,0,15,3,0,4.0,3.25,13.0,62.5,24.0
Emilia Toro,1,6,29.0,0,1,0,13,1.0,29.0,29.0,16.67,6.0
KA Anderson,1,1,3.0,0,0,1,0,0.2,18.0,3.0,0.0,1.0
K Xolmuradov,1,12,24.0,0,3,1,0,2.0,12.0,24.0,25.0,12.0
K Upadhyay,3,54,81.0,0,20,2,0,9.0,9.0,81.0,37.04,54.0
K Thomson,1,18,39.0,0,5,2,1,3.0,13.0,39.0,27.78,18.0
K Tesarikova,1,6,19.0,0,0,1,3,1.0,19.0,19.0,0.0,6.0
Komal Zanzad,1,12,22.0,0,3,0,0,2.0,11.0,22.0,25.0,12.0
Kinley Bidha,2,48,46.0,0,20,1,0,8.0,5.75,46.0,41.67,48.0
Kinaanath Ismail,1,24,60.0,0,3,0,1,4.0,15.0,60.0,12.5,24.0
Kyshona A Knight,2,24,32.0,0,6,2,0,4.0,8.0,32.0,25.0,24.0
Krish Bhagat,3,36,63.0,0,15,0,0,6.0,10.5,63.0,41.67,36.0
SPY Baron,1,6,11.0,0,0,4,1,1.0,11.0,11.0,0.0,6.0
Zahidullah Kamal,1,6,11.0,0,2,0,0,1.0,11.0,11.0,33.33,6.0
Zubair Al Balushi,4,60,78.0,0,23,4,0,10.0,7.8,78.0,38.33,60.0
Zou Kui,1,12,37.0,0,2,3,0,2.0,18.5,37.0,16.67,12.0
KK Nair,2,12,11.0,0,4,0,0,2.0,5.5,11.0,33.33,12.0
KK Jennings,4,73,55.0,0,47,0,0,12.2,4.52,55.0,64.38,73.0
KJ Harding,2,66,98.0,0,28,7,2,11.0,8.91,98.0,42.42,66.0
Chamalka Fernando,1,18,37.0,0,1,0,0,3.0,12.33,37.0,5.56,18.0
CNIM Joyce,1,18,31.0,0,5,1,0,3.0,10.33,31.0,27.78,18.0
CM Willoughby,1,120,46.0,0,102,2,0,20.0,2.3,46.0,85.0,120.0
KK Tetik,1,2,5.0,0,0,0,0,0.3,15.0,5.0,0.0,2.0
CP Jack,1,24,21.0,0,10,0,0,4.0,5.25,21.0,41.67,24.0
KC Sangakkara,3,78,45.0,0,45,0,0,13.0,3.46,45.0,57.69,78.0
KS Kasse,1,10,10.0,0,7,1,0,1.7,6.0,10.0,70.0,10.0
KRP Silva,1,12,19.0,0,5,0,0,2.0,9.5,19.0,41.67,12.0
KR Smith,1,6,7.0,0,2,0,0,1.0,7.0,7.0,33.33,6.0
SN Khan,1,2,6.0,0,0,0,0,0.3,18.0,6.0,0.0,2.0
SM Warnapura,1,54,40.0,0,30,0,0,9.0,4.44,40.0,55.56,54.0
SM Solia,1,12,16.0,0,5,0,1,2.0,8.0,16.0,41.67,12.0
E Katchay,1,18,23.0,0,9,0,0,3.0,7.67,23.0,50.0,18.0
E Kahamker,2,24,46.0,0,8,4,0,4.0,11.5,46.0,33.33,24.0
SV Collyer,1,228,23.0,0,212,0,1,38.0,0.61,23.0,92.98,228.0
SV Bahutule,1,18,24.0,0,6,0,1,3.0,8.0,24.0,33.33,18.0
ST de Silva,1,6,10.0,0,2,0,0,1.0,10.0,10.0,33.33,6.0
H Pattenden,4,48,79.0,0,19,4,0,8.0,9.88,79.0,39.58,48.0
H Madavi,3,24,33.0,0,10,1,0,4.0,8.25,33.0,41.67,24.0
H Little,3,37,34.0,0,19,6,0,6.2,5.51,34.0,51.35,37.0
SS Iyer,8,51,50.0,0,27,2,0,8.5,5.88,50.0,52.94,51.0
SRMJJ Arachchilage,3,30,33.0,0,17,4,1,5.0,6.6,33.0,56.67,30.0
AM Oyede,2,30,30.0,0,10,0,0,5.0,6.0,30.0,33.33,30.0
AM McCarthy,4,39,52.0,0,14,2,0,6.5,8.0,52.0,35.9,39.0
AM Kupito,2,12,21.0,0,7,0,2,2.0,10.5,21.0,58.33,12.0
